750
136 164 130 157 131 128 157 136 142 134 135 134 130 127 128 117 155 144 120 118 126 161 119 154 127 126 139 137 118 161 133 152 126 144 152 154 134 151 139 130 152 150 126 141 127 119 147 129 155 117 121 121 145 157 123 160 119 163 159 150 118 120 156 118 142 147 151 150 130 121 144 122 153 115 130 127 126 146 122 154 148 126 157 147 139 164 137 120 124 125 155 116 156 127 156 120 156 143 153 145 140 163 159 121 138 136 145 149 125 133 127 120 153 150 142 143 156 132 149 159 141 163 125 154 122 145 127 138 162 145 148 122 125 160 121 144 120 127 148 157 119 147 131 124 150 134 148 147 125 154 127 135 158 115 140 160 135 134 119 130 152 136 147 115 120 131 143 160 130 115 146 150 141 130 126 125 123 130 153 138 154 143 124 154 136 125 141 138 131 139 158 136 135 159 151 138 139 164 117 158 126 162 156 136 153 119 141 133 124 138 136 136 122 130 142 116 162 142 164 142 118 139 128 148 137 155 155 123 156 150 155 124 145 120 116 160 146 118 130 137 130 152 141 145 126 123 115 132 145 134 159 146 161 117 163 143 116 123 140 139 133 135 123 130 135 164 148 126 115 153 159 124 132 139 157 120 126 139 144 125 132 117 132 153 124 123 144 148 130 134 141 150 157 130 122 119 134 143 141 133 151 120 158 139 149 131 148 149 163 143 152 118 149 118 153 126 140 144 123 162 136 140 128 147 137 151 137 151 135 117 115 155 115 153 141 143 148 154 146 137 160 158 137 128 124 135 135 148 157 118 138 116 146 130 137 147 122 151 121 127 119 164 117 115 136 135 131 118 124 137 162 131 140 115 142 138 150 147 153 120 140 162 144 147 151 130 164 150 138 121 118 160 119 116 142 140 149 120 153 152 137 134 151 116 115 142 159 164 157 128 154 162 147 156 119 129 146 119 119 130 154 123 143 144 133 134 143 116 123 153 124 150 159 153 123 147 117 138 149 118 145 148 131 142 139 120 127 119 136 151 146 117 162 129 150 133 148 118 160 137 127 154 159 141 147 144 158 129 145 157 134 159 126 141 133 115 124 139 128 126 164 134 124 154 154 129 128 154 161 137 142 154 142 119 152 157 133 135 130 149 138 147 163 163 164 145 160 156 152 131 145 161 138 145 161 121 132 134 141 154 148 148 122 161 123 129 132 133 143 116 143 126 162 133 164 141 122 118 123 159 160 142 146 155 115 115 144 126 164 160 153 142 163 122 146 140 162 145 142 155 162 154 130 151 163 147 144 120 128 163 121 117 143 138 159 139 156 122 157 142 146 143 144 158 148 126 149 136 146 158 162 134 140 148 121 158 115 133 157 129 157 152 163 136 131 157 137 164 131 119 126 161 127 162 141 155 136 145 124 126 115 154 145 156 144 146 160 163 136 130 149 162 139 145 139 130 141 155 147 147 141 121 151 116 140 136 115 164 155 130 143 161 137 139 144 133 115 139 130 139 162 137 146 155 160 132 125 124 140 116 157 142 161 124 121 118 126 117 164 145 123 149 163 163 157 150 151 120 159 122 161 136 120 130 157 156 131 136 147 117 122 131 131 158 122 141 139 121 159 147 164 119 150 146 135 116 149 155 127 128 151 116 121 123 131 121 149 137 124 159 116 126 118 157 131 152 121 151 120 125 120 124 159 150 162 129 146 132 131 161
0 0 105 134 106 117 128 0 133 0 102 0 149 0 101 102 103 135 0 133 0 0 122 117 115 0 104 110 121 138 109 120 111 102 130 148 143 128 128 101 132 118 128 0 124 124 0 0 137 115 109 0 134 0 129 126 130 113 107 123 112 0 131 110 0 135 0 108 130 139 109 0 137 135 149 109 114 120 111 110 139 128 121 149 126 108 0 120 0 0 144 121 135 139 102 0 125 106 0 111 142 0 111 104 114 104 102 116 119 0 0 0 136 0 148 146 108 0 111 145 110 0 148 116 139 115 147 130 137 127 141 113 116 0 118 0 113 127 134 0 139 130 0 123 129 119 140 144 108 100 0 118 139 0 105 141 114 146 0 138 148 122 101 0 141 0 107 111 115 111 0 135 127 0 143 0 107 0 102 148 0 0 0 140 0 0 0 127 0 138 0 142 0 142 119 141 143 132 107 0 140 116 115 130 104 122 0 103 136 142 114 0 107 137 100 131 136 0 119 136 0 135 136 126 140 0 129 0 142 145 111 146 140 118 107 0 147 109 121 117 125 126 138 141 129 143 141 0 138 0 128 127 0 122 106 131 132 0 0 126 105 133 115 138 117 117 126 0 122 131 148 120 135 0 0 102 135 0 130 104 120 0 104 122 0 144 113 102 128 0 141 100 123 119 0 139 102 113 146 0 117 0 111 0 0 149 102 0 103 0 135 124 110 116 142 0 118 0 123 0 135 149 127 128 107 137 122 143 147 111 123 0 137 117 138 0 107 110 0 108 113 137 148 139 139 116 101 115 0 135 115 119 128 0 135 125 116 101 106 145 0 142 119 140 0 137 114 128 0 129 123 147 103 148 102 112 137 144 124 0 0 120 136 0 127 124 127 0 145 108 107 142 139 0 144 100 128 138 145 145 144 116 0 0 113 109 0 0 140 124 139 111 140 0 119 116 0 137 134 123 141 149 111 121 102 103 112 107 0 129 0 114 145 0 137 101 146 147 126 114 148 104 104 111 0 0 101 121 141 106 132 0 0 134 127 123 146 0 0 138 113 108 123 145 0 0 104 103 120 0 102 0 107 0 104 124 0 134 107 121 139 109 136 125 132 110 114 0 0 132 106 120 0 0 117 0 120 0 146 0 122 116 147 140 133 104 105 0 144 0 0 0 102 147 111 0 0 124 0 0 130 103 105 142 110 133 107 0 127 138 0 0 114 119 139 109 0 126 122 0 0 103 108 0 112 105 136 137 106 142 138 131 125 141 108 118 133 125 128 0 122 146 0 132 0 104 143 0 112 129 132 128 108 131 0 103 138 119 105 122 0 0 118 124 104 113 115 0 123 119 140 0 0 0 119 135 127 129 108 126 134 112 109 126 126 121 126 0 0 108 0 120 126 126 118 140 121 143 105 0 0 114 109 0 133 0 115 0 0 149 115 105 118 123 0 140 107 130 0 143 0 139 101 104 130 146 124 132 100 0 104 107 115 107 0 0 126 128 141 101 142 109 137 128 0 124 0 125 132 118 143 0 0 0 0 133 118 0 0 144 133 136 0 0 0 103 142 0 143 0 132 110 145 106 116 128 0 121 148 136 130 0 0 0 106 132 0 122 102 119 109 102 113 0 103 132 137 125 137 0 0 0 115 129 133 142 131 0 148 133 105 101 140 0 121 123 108 112 147 136 144 103 129 114 120 141 135 108 114 103
0 0 139 147 141 135 0 102 130 104 0 141 142 104 0 131 127 125 130 108 107 0 105 142 131 0 116 109 145 143 100 0 147 128 123 122 149 109 103 117 100 0 136 118 136 0 135 0 134 107 114 130 143 126 132 132 128 104 112 141 126 125 107 0 123 101 138 0 122 133 120 126 121 130 132 149 133 144 0 0 144 137 130 0 147 134 131 145 111 110 0 122 135 119 0 126 102 111 146 145 0 0 121 140 127 146 102 126 144 102 0 138 0 138 0 0 0 113 126 142 117 0 0 126 125 0 101 0 144 140 0 104 0 139 125 0 124 106 100 115 132 136 118 121 129 120 107 147 110 0 104 143 106 0 112 0 0 135 117 128 148 136 107 0 0 115 0 103 117 103 109 143 117 0 130 130 143 104 0 0 116 145 112 0 123 0 137 144 124 113 116 142 108 147 138 140 108 113 132 147 108 120 100 145 133 119 120 125 119 140 129 143 143 107 129 142 144 131 0 118 0 0 0 102 0 138 0 104 106 139 137 0 140 136 129 0 131 142 0 124 126 116 132 115 119 118 148 145 112 103 114 104 117 147 138 144 0 0 136 132 0 144 145 118 146 101 124 110 124 112 0 109 108 116 137 143 120 143 131 134 0 104 116 134 135 114 0 115 0 0 129 134 104 104 0 110 117 0 0 123 103 118 112 132 115 103 145 0 0 142 124 128 121 105 129 106 115 0 144 147 109 142 149 126 144 111 105 137 130 0 0 141 125 116 116 0 100 139 124 140 121 116 102 125 0 143 134 139 0 119 139 133 121 118 0 0 117 146 0 0 101 149 0 124 140 138 130 121 101 0 0 113 126 0 141 116 0 123 116 0 106 131 126 122 145 124 102 132 149 125 127 121 0 0 141 149 120 134 143 0 118 133 145 119 145 118 101 108 0 0 115 0 138 0 109 0 123 110 132 100 131 146 128 129 137 146 106 0 129 0 0 147 0 0 135 147 0 129 147 143 0 138 103 126 146 139 119 135 122 0 148 0 148 120 104 111 113 0 148 0 146 136 109 101 0 116 135 105 146 105 133 0 128 122 111 133 119 104 0 115 109 104 135 121 134 0 0 0 103 141 130 140 0 0 129 141 127 0 127 141 111 0 0 121 147 0 0 144 130 0 140 122 102 127 122 0 148 143 0 102 117 137 104 141 137 110 111 139 129 123 127 132 121 139 140 0 129 110 145 0 112 120 0 135 130 109 130 125 142 0 111 118 126 0 0 129 0 123 109 132 111 144 103 135 123 148 125 129 131 149 138 0 0 122 0 0 111 132 0 106 108 0 148 108 142 124 107 123 132 0 0 131 125 130 139 0 0 136 102 117 0 0 110 0 136 0 0 123 0 0 145 0 124 107 126 0 100 144 127 108 101 149 0 147 106 100 0 125 109 139 139 124 109 108 126 115 0 0 131 122 116 105 144 128 136 129 126 114 146 111 102 0 104 110 0 130 103 0 145 141 116 122 127 0 137 115 121 124 131 124 143 108 127 0 121 0 146 125 0 115 108 106 142 113 135 0 133 0 131 142 0 138 117 119 123 141 112 137 112 0 118 143 102 139 112 0 101 0 140 0 0 145 0 0 105 139 0 140 112 123 111 0 143 142 0 147 102 105 125 0 122 138 0 147 0 126 133 144 130 147 0 0 127 143 100 0 130 110 109
0 114 0 0 127 142 0 115 0 114 105 125 145 104 133 108 124 0 111 109 129 107 110 107 0 102 124 142 0 0 0 130 137 101 142 139 0 149 137 148 132 139 103 0 118 131 126 0 0 102 113 126 127 144 107 147 104 106 130 0 111 129 0 126 102 117 0 117 130 122 0 0 132 101 141 129 0 144 0 0 128 149 139 115 115 118 137 0 116 146 139 112 121 0 0 116 124 143 0 130 0 101 142 0 103 0 0 0 102 0 0 122 112 148 136 0 122 115 107 103 119 100 0 141 132 135 131 138 0 0 133 121 141 142 109 110 122 142 140 127 104 0 107 0 137 131 119 135 104 0 148 128 133 129 126 112 110 0 147 105 0 134 0 120 120 0 0 0 126 136 109 119 133 134 123 134 114 140 0 131 117 126 100 135 118 118 127 124 122 100 0 0 146 0 109 0 134 107 103 135 100 131 0 135 0 149 134 128 141 141 0 0 132 139 118 107 130 126 0 109 0 119 0 111 102 116 127 105 126 130 147 0 145 136 0 129 0 0 102 138 0 105 109 0 100 108 0 146 101 0 116 131 106 0 100 101 112 110 123 100 140 0 0 145 105 147 123 122 129 104 140 101 138 0 139 114 129 131 0 139 128 144 103 0 115 0 100 101 0 118 144 141 145 103 100 109 138 134 141 136 120 0 120 0 117 104 102 106 129 106 108 0 141 128 105 0 0 135 103 0 0 0 122 0 129 137 0 0 141 113 0 120 116 0 135 0 123 124 0 149 137 124 104 121 137 105 139 0 135 117 119 147 0 137 0 118 0 0 145 146 126 138 144 0 143 0 107 106 0 148 123 0 0 127 0 112 116 0 0 0 116 0 0 106 0 116 144 133 120 101 142 0 119 141 116 127 114 143 138 0 130 146 118 128 144 140 134 147 116 124 106 0 124 0 0 109 0 109 109 140 124 126 123 131 114 0 0 129 138 124 0 0 0 138 0 126 113 139 119 102 0 113 101 144 0 134 101 138 0 142 0 143 134 0 149 147 0 112 149 109 129 125 141 109 0 119 111 100 0 100 100 131 129 130 132 119 105 0 0 133 100 0 148 107 103 0 100 129 120 130 147 107 114 113 0 148 110 107 148 131 139 109 149 111 0 0 0 0 0 0 110 132 134 0 140 139 132 106 124 116 0 130 144 0 107 109 148 147 125 132 0 147 127 147 145 0 104 134 132 127 125 0 107 138 0 112 0 108 102 104 0 127 120 124 0 136 137 0 144 135 0 109 119 125 0 137 143 112 107 0 132 0 101 137 125 149 149 139 0 110 138 0 117 121 137 111 0 114 110 0 123 0 110 119 137 145 117 145 100 111 139 105 0 131 105 140 113 117 0 112 0 139 105 102 132 113 116 107 104 0 139 110 0 0 144 106 0 115 104 139 121 129 138 100 122 120 0 0 122 129 113 123 121 122 139 139 145 0 132 123 123 119 132 134 132 124 145 102 145 148 145 124 111 142 0 134 131 0 134 0 111 130 0 123 106 149 108 0 0 0 113 0 109 137 141 126 127 134 140 137 0 108 0 0 125 0 0 124 0 0 0 0 114 0 0 0 0 141 104 148 108 124 135 145 0 132 0 104 126 0 109 138 147 142 128 108 144 132 107 0 126 145 116 149 109 115 146 132 117 0 119 0 118 120 103 127 145 101
0 0 0 105 127 102 105 133 119 0 147 0 115 109 129 0 132 109 0 148 144 104 113 149 107 0 0 107 0 105 149 126 131 0 100 123 138 0 0 130 105 0 0 0 0 149 119 112 148 0 134 108 148 0 139 0 105 118 132 0 0 108 147 132 148 116 113 121 132 0 146 133 139 141 0 141 0 124 0 120 121 134 135 106 112 125 100 0 0 141 123 0 114 142 0 0 137 137 133 0 119 124 0 133 142 104 124 0 142 0 146 121 0 135 101 101 125 125 113 137 104 125 0 107 113 131 109 134 138 102 142 125 110 141 0 149 135 122 145 139 102 145 147 129 0 105 112 0 148 146 125 135 112 0 107 141 101 139 124 147 135 120 134 133 143 110 120 137 112 0 128 132 146 134 148 0 125 127 128 121 0 118 0 105 113 0 146 113 132 131 131 111 0 139 130 137 119 124 130 123 126 144 141 127 0 122 0 138 108 0 116 0 142 139 0 117 104 101 105 136 120 106 113 136 107 0 142 100 110 0 145 145 110 130 133 128 106 139 100 123 135 101 102 126 109 131 104 132 127 112 128 106 105 124 0 133 100 143 0 110 128 0 147 0 103 0 140 0 0 0 143 136 115 112 117 0 122 146 148 139 136 138 0 117 0 147 116 104 113 115 115 106 102 148 122 101 121 109 0 127 141 146 128 106 0 104 149 140 132 129 128 107 128 0 0 116 115 0 0 0 0 0 113 0 149 103 0 0 137 108 0 0 144 114 0 124 118 102 0 0 122 114 104 107 139 101 135 0 133 100 0 124 102 144 115 110 116 132 115 126 126 117 145 115 149 0 0 0 111 0 122 136 106 145 109 0 101 147 119 0 131 105 148 0 109 134 126 141 126 147 113 101 0 138 119 118 144 0 114 130 138 0 123 146 141 141 109 139 121 0 131 135 0 135 0 0 142 113 0 100 105 103 124 0 0 112 0 138 130 117 101 101 0 122 134 116 128 145 126 120 147 0 123 105 140 141 101 0 142 101 0 107 108 0 0 123 105 0 0 0 107 117 0 147 143 119 134 107 108 120 0 101 120 107 110 119 149 107 122 117 145 125 112 128 123 0 0 107 110 0 100 121 113 0 0 132 134 145 0 108 0 0 140 110 0 125 132 0 0 0 128 0 0 116 148 0 130 0 105 111 101 128 108 0 0 125 100 0 0 107 101 109 108 149 105 102 0 128 148 135 125 110 104 110 0 0 101 139 141 129 142 103 0 122 146 102 130 0 133 100 140 109 0 0 139 0 121 0 147 0 114 148 0 142 147 0 134 128 100 114 124 131 0 111 0 148 148 126 140 141 100 110 144 113 138 117 0 132 139 0 0 146 144 134 111 137 104 138 133 0 140 100 0 110 122 130 104 115 140 101 127 0 143 118 126 0 146 144 137 149 0 0 0 143 122 134 100 0 149 111 111 0 122 101 0 0 0 113 110 111 100 104 113 128 149 128 149 108 0 115 142 123 118 149 0 132 131 0 127 148 0 0 133 118 0 110 0 0 116 121 0 145 148 104 113 0 137 131 138 143 0 121 0 139 109 0 137 0 130 139 115 140 148 133 0 100 143 120 0 140 112 0 0 143 112 0 0 100 142 105 146 0 113 0 0 102 143 140 134 110 138 0 102 132 147 139 0 119 0 0 122 105 141 0 0 133 108
0 120 0 142 126 130 117 115 143 109 0 0 126 113 0 138 142 140 145 114 103 116 121 103 121 147 112 116 140 0 111 143 149 0 0 124 142 0 123 139 138 0 124 147 136 100 0 123 118 0 105 0 126 103 148 128 0 0 121 144 142 125 0 142 116 116 0 102 103 139 0 146 106 110 0 137 109 133 105 124 0 106 109 0 105 0 0 104 0 0 121 147 106 0 0 115 103 133 102 0 135 133 0 0 133 0 0 108 143 136 115 142 139 0 138 110 111 0 131 147 123 111 113 0 107 0 120 121 130 110 112 122 106 106 0 0 146 110 146 112 107 107 136 129 0 147 101 130 125 119 127 136 113 0 110 126 146 0 143 108 108 119 137 112 128 121 122 135 113 123 127 103 109 126 111 0 102 111 0 142 0 0 148 142 136 104 143 144 0 112 103 128 135 140 109 119 142 0 0 0 0 102 109 113 142 115 132 102 0 145 142 130 140 0 143 143 134 116 130 148 106 130 138 120 137 133 148 120 143 131 112 138 102 114 0 149 111 110 0 116 103 140 146 136 112 125 143 0 107 102 137 0 104 117 109 0 106 0 129 128 129 143 147 122 140 122 0 107 0 0 129 0 0 131 0 149 111 103 0 113 0 112 0 135 0 0 146 118 139 0 116 0 139 121 120 0 116 107 137 135 145 147 0 114 143 103 116 121 123 105 148 109 142 143 124 0 120 119 129 0 116 127 132 0 144 146 120 138 114 146 0 149 112 0 107 0 116 0 0 102 106 147 131 116 112 132 143 115 111 106 149 109 0 0 0 133 138 134 113 141 126 123 105 0 144 106 134 102 118 0 137 0 119 0 143 117 104 0 124 112 145 147 110 0 0 133 0 0 0 115 137 110 111 105 0 102 131 135 0 131 0 117 0 117 0 103 137 143 109 123 0 145 0 113 100 133 139 149 108 135 138 131 0 146 148 139 107 0 0 127 127 128 148 132 116 141 130 147 119 100 0 0 146 0 101 114 103 103 101 138 140 142 105 116 120 0 0 0 113 104 137 0 120 122 101 147 113 113 112 0 133 0 141 133 134 125 106 131 0 107 104 131 115 137 146 113 0 0 0 138 126 129 131 138 0 125 130 129 144 0 119 149 121 110 139 146 0 122 106 115 106 149 140 136 144 0 0 0 140 104 0 0 101 135 123 145 125 121 136 120 0 110 0 112 104 116 130 113 124 123 130 0 112 146 109 144 0 101 122 132 100 109 127 0 116 0 136 115 0 145 122 0 115 132 0 0 100 142 135 136 148 0 112 132 105 135 135 0 149 119 101 122 135 126 101 0 117 140 117 146 124 100 0 107 148 0 0 120 0 116 109 148 149 100 138 141 145 0 122 133 0 127 118 106 130 117 0 146 0 109 114 0 135 115 0 101 145 110 0 118 0 144 0 113 0 144 0 117 124 136 118 0 115 103 145 116 148 104 120 145 130 126 140 118 0 141 148 100 122 107 0 118 0 108 115 142 138 101 0 107 131 115 113 131 107 0 119 103 144 132 105 0 0 0 0 131 111 0 128 123 127 123 103 128 0 0 149 0 142 0 112 107 0 146 138 105 125 104 103 0 0 140 130 119 135 136 129 130 0 126 110 107 129 119 145 138 148 143 108 126 148 111 129 136 145 122 137 120 0 104 148 100 129 119 0 106
0 103 0 130 137 0 103 118 0 0 0 0 114 119 0 101 102 132 101 127 148 0 133 102 104 142 105 132 130 0 128 128 0 148 104 0 118 0 0 0 141 132 144 131 120 111 145 149 127 114 101 149 143 118 127 127 146 142 119 119 0 148 121 131 117 113 127 125 127 145 110 117 143 113 132 0 118 144 146 127 115 121 114 104 124 135 103 135 147 116 132 100 145 113 130 144 110 138 115 142 144 143 0 0 142 0 119 0 111 0 103 138 135 116 124 126 130 140 0 118 0 117 0 0 106 109 127 0 145 116 0 130 145 100 139 110 116 114 0 0 116 137 102 0 0 123 124 116 136 144 147 134 139 104 135 130 0 0 131 104 0 146 136 142 110 0 0 0 104 0 109 148 140 100 0 142 120 140 144 149 0 117 0 114 124 100 126 147 137 138 145 133 119 0 140 0 128 119 118 133 118 0 0 109 111 104 0 137 101 121 114 127 118 100 140 0 146 105 127 111 125 109 107 148 0 114 116 0 133 0 119 101 0 144 101 142 101 0 122 141 0 135 106 107 101 0 0 103 109 114 131 0 0 140 0 102 0 135 113 142 124 107 122 105 111 148 111 0 105 143 102 127 0 133 119 145 109 116 0 0 0 0 130 136 0 0 117 116 0 113 100 125 0 121 148 122 0 130 107 120 129 0 119 0 120 125 0 119 143 109 145 149 0 0 149 0 129 0 102 112 106 141 131 126 0 121 118 121 148 107 0 135 109 119 128 0 134 125 106 132 140 110 0 0 0 124 141 113 0 120 149 119 104 141 105 105 0 0 123 0 0 128 100 138 108 117 0 142 115 101 106 144 136 0 121 0 148 116 101 125 132 121 114 0 0 109 129 146 118 132 0 0 129 122 112 0 124 122 138 130 0 134 146 126 149 110 112 0 0 133 122 130 126 132 134 107 143 133 107 137 0 0 113 0 0 143 100 107 0 141 103 140 135 0 145 119 132 141 140 133 0 112 138 0 116 0 0 0 112 0 127 136 132 119 106 103 0 117 118 0 140 132 135 145 139 126 0 114 147 144 0 0 0 128 113 109 117 107 127 0 135 108 121 130 0 130 133 148 0 105 129 128 0 115 117 108 132 102 116 109 130 136 147 129 112 0 115 122 120 133 109 135 148 138 0 112 109 117 124 144 0 112 113 115 116 117 0 0 115 134 108 0 0 0 141 138 139 109 103 0 0 123 0 105 100 0 147 101 0 117 141 115 0 149 106 0 125 125 141 125 111 147 147 107 0 143 0 148 131 108 104 145 104 104 125 113 103 0 0 0 0 103 123 144 100 103 110 0 100 131 118 122 100 135 0 146 106 124 141 126 143 119 0 131 118 0 105 113 103 106 135 115 107 0 0 114 114 111 141 144 140 138 149 110 0 127 108 144 0 0 145 116 0 119 118 125 0 128 0 145 103 0 108 0 131 130 0 117 103 0 145 139 129 109 119 140 0 125 114 145 0 110 130 145 136 0 0 107 146 139 120 139 134 0 138 137 137 113 0 121 136 0 0 121 0 108 0 137 117 134 139 145 122 125 141 135 125 128 100 141 100 0 108 129 0 114 0 130 131 0 138 131 132 117 141 123 0 0 136 0 103 101 114 133 122 127 144 131 0 111 147 109 137 130 104 0 104 0 0 113 115 134 0 130 136
0 100 132 125 101 148 0 116 117 0 0 126 0 106 138 129 138 142 123 136 146 0 125 110 0 115 0 0 109 107 0 140 134 149 135 136 100 108 0 101 0 112 118 105 0 142 116 103 123 107 110 106 0 117 103 100 0 137 120 103 121 122 0 121 125 0 102 0 149 141 0 145 136 100 103 127 144 132 112 141 115 0 132 144 136 116 145 143 0 121 134 0 106 149 146 119 0 132 117 107 0 105 0 0 144 109 119 142 120 0 125 0 132 0 143 117 108 120 0 108 127 133 124 0 141 138 110 0 149 0 121 105 106 105 105 133 129 140 0 0 103 109 0 126 0 0 124 129 149 146 137 0 147 133 106 101 133 113 148 0 129 0 126 0 0 101 106 101 0 116 105 122 143 108 134 146 0 117 120 0 124 0 0 0 0 0 111 0 105 0 120 137 130 143 124 102 129 0 0 115 0 123 146 0 147 102 134 123 119 117 0 0 117 117 112 128 102 0 0 122 0 137 113 0 125 144 133 149 126 0 113 0 0 102 143 132 110 0 0 133 139 131 115 0 120 0 115 114 0 123 0 136 147 144 149 128 127 0 111 142 131 0 113 127 0 0 120 137 122 100 138 135 0 0 0 131 128 125 106 132 115 145 138 145 0 109 119 147 146 106 132 129 115 123 115 124 106 149 129 102 141 113 115 100 140 146 128 0 0 114 125 129 115 0 126 131 138 141 0 0 0 104 120 128 0 137 103 113 0 121 134 0 0 145 106 105 122 0 0 130 0 134 0 111 0 149 149 135 140 107 117 101 0 102 0 139 0 0 136 0 101 118 134 0 131 109 127 133 114 0 110 133 0 126 122 110 100 122 0 134 146 117 139 0 120 132 141 0 148 0 110 103 0 121 136 100 124 128 100 0 115 123 128 0 147 117 148 110 125 124 129 107 117 146 147 107 101 141 115 124 101 118 135 0 102 102 117 0 0 123 134 0 140 141 147 149 121 0 0 0 141 142 116 0 105 0 0 0 118 0 129 127 147 127 118 0 0 108 146 137 137 141 116 103 108 144 105 108 0 0 116 147 141 108 0 0 138 0 0 104 115 101 141 132 137 141 135 125 0 0 0 0 124 0 113 136 140 130 0 137 0 108 137 0 0 135 126 123 133 146 0 104 118 0 0 0 0 0 106 146 130 146 0 147 140 135 141 0 0 105 137 142 121 142 0 112 120 121 0 0 126 123 149 103 105 0 148 104 143 0 147 134 119 0 0 0 0 107 0 143 103 116 0 139 0 0 139 103 117 120 107 106 0 145 0 115 120 129 124 114 135 129 127 116 0 121 137 0 0 138 123 102 140 103 0 130 115 140 129 130 139 132 0 131 105 139 0 0 103 107 116 0 125 109 117 107 101 120 120 142 111 124 124 143 0 112 100 101 0 123 146 133 106 129 132 0 107 0 0 129 144 148 132 0 108 141 146 110 100 115 112 112 0 142 109 126 105 111 127 0 145 0 0 108 144 108 118 0 114 118 147 132 116 107 106 101 109 0 126 0 104 0 133 0 145 139 0 0 102 117 0 146 0 106 127 136 137 135 0 121 146 122 128 104 135 124 127 112 132 0 123 145 100 0 119 119 0 0 0 108 123 108 139 107 106 141 109 136 142 103 0 0 0 101 139 149 119 105 0 0 133 119 0 149
0 106 113 118 143 135 113 0 0 0 137 111 0 148 149 0 0 144 145 125 126 136 138 0 0 0 118 0 138 140 114 133 124 0 146 130 137 101 127 118 0 143 122 0 136 0 120 0 127 110 0 0 0 101 145 125 139 0 0 105 0 135 127 142 0 125 110 140 145 122 109 103 138 109 108 115 118 149 141 0 137 0 0 0 0 115 0 120 101 127 135 129 100 148 147 126 0 0 112 113 110 0 149 120 126 105 0 109 0 147 124 103 146 103 134 109 127 114 145 125 134 106 101 135 133 149 141 0 100 103 101 0 145 137 127 146 114 148 131 102 111 0 136 139 116 0 140 127 107 0 142 118 118 146 100 121 127 0 147 147 108 124 131 131 125 105 138 118 116 112 0 135 0 112 122 134 0 114 125 115 108 140 135 108 109 111 135 107 147 131 0 111 146 109 149 0 109 122 115 106 120 140 122 149 136 0 145 112 125 109 110 146 0 138 109 127 110 0 123 112 108 100 135 0 130 109 0 104 0 0 110 129 103 137 111 0 0 149 0 118 0 130 102 139 0 131 123 126 101 146 111 143 145 104 109 103 0 113 132 148 138 129 112 131 141 0 148 121 130 119 116 0 105 129 127 102 117 112 138 104 137 131 136 112 143 111 102 0 142 0 0 131 127 136 0 129 143 145 122 134 0 123 140 145 133 145 0 0 107 105 0 115 142 100 0 0 110 142 139 116 109 105 0 104 139 0 123 117 123 0 132 107 134 0 149 141 146 131 0 111 0 0 0 113 119 126 134 136 100 116 145 138 112 143 0 119 102 116 123 103 0 106 136 147 129 143 0 149 116 0 132 137 113 0 0 0 115 0 113 144 119 0 0 120 124 129 138 131 142 143 120 127 104 138 125 100 136 0 140 147 0 104 147 144 0 115 110 124 114 131 126 125 126 0 137 0 120 148 0 0 118 146 128 134 141 106 148 113 0 103 110 134 0 0 0 113 0 120 136 111 0 123 0 104 129 113 134 0 0 140 116 139 128 120 0 113 104 132 109 101 141 115 146 110 0 145 102 103 130 139 117 0 118 148 113 0 113 0 108 0 126 142 105 106 110 0 130 124 102 131 140 0 0 145 119 138 0 127 117 128 105 133 119 0 114 142 111 0 140 145 0 0 110 146 144 135 149 145 125 147 123 121 114 0 0 108 103 126 147 114 108 130 135 147 0 0 114 0 145 146 144 0 136 106 0 123 0 139 0 120 0 123 0 0 102 136 123 0 143 140 0 0 130 0 116 121 133 147 107 139 130 134 0 121 119 123 138 120 139 120 0 117 106 0 106 100 0 124 101 149 103 146 100 0 114 133 103 103 138 137 128 140 132 0 0 0 127 111 0 132 124 145 0 0 145 0 148 143 128 127 144 112 0 124 129 0 126 113 0 110 114 0 131 112 130 127 132 128 125 123 121 144 115 143 120 118 141 116 133 0 100 128 117 107 0 0 0 0 120 0 119 142 0 103 110 0 141 110 0 143 123 0 115 0 135 135 0 135 138 0 120 111 103 127 106 0 120 111 0 0 136 141 108 0 116 0 121 0 133 145 149 0 100 114 107 0 0 112 119 0 0 0 127 101 129 0 111 124 112 122 118 138 0 0 0 139 106 105 123 141 0 0 114 117 0 0 148 123 106 133 0 148 0
0 116 0 122 121 145 124 134 143 111 144 117 103 125 144 118 145 0 115 0 145 141 128 103 0 129 0 125 0 116 119 128 131 120 0 115 0 123 111 147 132 107 136 103 141 0 111 131 116 123 127 140 141 102 0 132 0 0 100 107 108 0 0 133 108 0 131 107 100 106 118 119 100 133 0 123 134 144 102 142 144 108 0 102 118 136 116 142 110 139 148 0 134 0 142 111 148 0 103 144 101 122 0 0 115 135 114 146 141 111 144 0 127 136 112 108 101 141 133 109 138 119 123 0 127 0 0 105 0 143 138 102 0 143 126 100 0 0 128 114 147 141 129 138 109 0 0 0 125 126 148 148 104 112 107 125 0 125 105 143 127 112 115 110 105 108 141 127 0 137 149 112 108 145 0 112 117 137 132 0 0 105 133 143 103 0 141 100 149 130 120 0 106 110 148 147 0 110 117 0 133 128 111 111 0 118 141 0 129 144 142 121 116 122 122 118 130 101 115 101 125 136 0 0 135 132 106 108 132 125 117 123 144 127 108 143 134 0 132 101 129 141 132 108 141 0 138 104 119 114 0 0 113 112 130 117 111 103 149 0 120 0 132 145 123 147 123 0 126 129 135 0 106 142 131 101 124 117 109 103 0 143 149 105 140 101 149 0 135 0 135 0 137 108 121 140 149 109 131 127 142 127 126 138 144 112 105 145 141 136 105 0 0 0 136 113 146 125 105 0 109 140 130 128 143 105 114 149 119 103 146 0 105 103 140 104 116 132 0 125 121 121 100 131 0 114 0 0 124 148 131 111 117 118 0 138 147 110 0 0 0 147 139 124 131 100 109 148 111 104 140 0 0 112 139 145 125 141 113 128 110 134 104 0 0 0 0 101 117 0 137 132 139 0 111 137 126 128 113 133 107 145 122 118 144 101 104 101 0 0 0 140 0 0 139 0 0 125 111 110 0 107 119 136 135 0 147 122 130 134 136 0 130 0 0 0 147 101 143 137 0 146 126 0 109 146 0 0 112 0 139 104 116 148 146 106 149 0 0 147 126 117 108 101 0 140 0 106 128 146 132 120 125 110 110 108 131 134 104 0 0 109 146 125 0 146 107 0 132 105 133 139 129 0 113 103 112 143 0 0 107 0 0 116 134 129 102 0 143 149 147 115 139 119 137 100 0 0 145 139 0 103 119 138 117 143 0 124 131 126 0 133 102 126 126 102 104 0 122 131 138 140 125 105 0 102 131 0 0 0 0 0 144 131 142 0 126 0 131 133 0 0 147 100 117 0 0 126 111 0 0 0 0 134 128 116 132 115 121 145 0 121 148 106 0 0 137 148 0 137 106 0 106 124 111 122 134 112 0 0 137 125 140 127 118 0 103 135 144 143 0 0 102 103 147 119 0 0 108 0 125 128 0 135 139 147 133 0 134 139 129 0 112 100 107 0 149 141 135 0 0 108 0 119 116 137 0 107 100 143 0 140 122 129 132 0 0 115 124 0 0 0 138 121 109 138 111 0 112 0 105 140 116 0 132 142 0 0 141 0 116 147 112 0 0 111 125 146 0 112 120 134 132 103 118 148 0 113 122 131 142 125 143 145 141 111 128 100 118 133 112 120 129 0 121 102 0 137 131 103 106 124 0 117 0 134 128 0 127 136 138 0 138 125 0 136 106 0 127 110 0 124
0 0 104 121 0 115 128 0 111 108 105 106 116 123 0 146 134 136 111 140 121 145 131 0 106 117 147 114 143 131 0 112 117 143 146 121 106 144 0 121 0 123 138 106 128 118 136 116 0 120 133 143 110 125 118 120 146 114 0 126 137 149 149 115 119 149 0 138 149 0 0 129 0 128 148 119 120 104 0 117 0 147 123 0 141 117 0 127 107 0 134 0 108 111 146 140 0 0 143 103 115 106 0 0 147 138 148 134 106 111 147 0 138 106 123 102 144 127 139 126 137 108 0 142 140 143 140 136 107 0 127 123 136 147 126 122 142 130 106 0 102 126 0 0 121 140 118 0 126 106 0 0 0 0 114 0 113 130 143 134 134 139 115 101 136 126 0 117 0 105 0 103 0 0 100 0 146 133 115 124 118 0 116 0 114 146 129 115 122 113 124 115 117 110 128 104 147 125 147 0 111 0 0 118 0 0 0 100 0 106 137 143 139 0 0 132 104 124 0 120 148 124 105 113 127 0 122 110 119 119 0 134 0 108 137 144 0 0 144 125 111 145 124 128 115 0 0 116 102 0 119 143 141 0 146 142 111 131 148 118 132 0 142 121 125 0 114 103 128 124 128 148 0 0 138 0 144 0 147 0 109 0 108 0 112 139 0 105 103 104 137 0 0 0 139 129 113 0 142 0 110 0 136 131 138 138 0 141 0 0 122 138 139 141 104 145 0 127 129 109 0 144 100 110 132 136 115 0 146 120 127 105 0 118 142 133 106 115 111 0 132 114 111 149 0 0 128 100 136 123 122 142 110 0 109 111 0 0 119 131 118 124 144 124 142 123 0 106 112 144 128 0 123 0 0 113 0 133 111 131 103 125 0 141 142 122 0 0 0 0 109 120 143 100 0 117 140 128 0 0 134 111 148 119 0 143 102 0 0 144 104 125 117 120 115 109 127 145 108 116 148 140 133 0 100 143 115 101 141 137 0 140 114 141 128 111 144 0 105 103 138 104 0 0 106 141 135 118 131 135 0 133 0 105 0 129 125 0 0 126 122 121 0 0 132 131 110 144 140 123 0 106 122 147 0 125 112 110 0 0 109 130 142 120 101 122 0 140 149 131 119 0 137 110 125 139 148 0 104 140 144 0 129 113 140 114 125 147 0 120 140 140 0 130 137 144 104 0 110 141 0 135 137 0 119 0 105 113 107 122 0 124 0 107 143 136 122 142 0 149 0 103 129 107 133 147 129 0 116 127 133 124 146 0 141 127 141 134 108 110 0 147 117 100 105 0 125 125 0 135 0 117 0 117 116 101 0 125 126 144 149 125 149 0 108 126 121 142 121 118 0 143 117 100 0 122 125 101 134 0 121 119 0 149 103 108 115 120 139 146 0 0 145 0 0 124 137 145 129 110 0 143 115 117 0 0 149 106 143 139 145 128 115 119 108 0 121 118 100 117 122 117 0 129 112 134 0 113 104 123 0 118 104 102 131 0 103 103 122 114 122 135 0 143 0 140 0 0 0 118 142 103 136 146 110 139 127 138 140 0 144 139 111 128 121 127 122 148 135 110 0 0 134 0 102 100 112 112 142 148 124 122 140 141 126 148 143 0 146 145 0 130 147 112 141 132 112 119 144 111 104 128 146 131 0 136 149 147 0 0 136 128 0 0 125 0 117 122 122 0 143
0 104 0 135 101 128 107 113 109 0 141 0 144 149 145 132 0 112 128 137 0 0 110 132 137 106 0 118 132 132 0 148 110 110 132 116 105 148 133 120 0 140 115 141 138 124 0 141 103 129 0 0 0 0 114 148 117 127 115 110 117 143 145 146 126 0 132 100 105 120 139 145 0 121 0 104 106 0 144 110 139 0 108 0 128 117 144 142 126 137 115 130 0 123 129 114 129 121 138 145 137 132 105 133 101 0 130 121 140 0 0 129 115 123 100 105 0 146 104 120 136 0 134 110 119 0 116 129 129 0 107 0 143 127 117 137 0 120 119 0 140 147 122 125 101 136 139 149 144 148 100 0 123 0 129 0 148 0 139 148 136 136 0 0 109 140 0 140 122 115 105 0 136 135 100 112 143 0 107 145 0 140 109 0 139 109 0 0 105 102 104 126 108 102 139 142 0 120 119 131 0 128 126 0 149 0 141 140 0 102 107 141 144 133 0 131 126 100 146 125 129 108 118 0 108 139 123 119 0 139 0 111 104 123 143 131 0 109 126 113 0 107 114 102 148 114 125 113 119 101 149 0 108 122 120 112 0 128 121 141 105 140 105 129 108 134 0 136 120 139 107 127 119 131 104 0 0 110 106 147 101 0 107 139 0 0 112 149 135 139 0 128 0 116 136 118 142 0 0 108 108 101 134 131 146 121 143 105 138 144 119 0 116 148 136 103 107 0 117 0 0 0 109 106 0 118 121 141 147 122 143 110 106 145 108 110 105 0 113 110 113 110 113 0 136 142 123 130 140 0 0 116 132 101 144 112 0 121 132 111 145 104 104 102 122 0 118 146 115 138 102 102 140 103 0 129 0 139 147 0 130 130 115 108 139 0 118 138 0 107 118 147 145 126 134 148 128 134 0 105 113 129 0 0 125 114 113 119 0 105 112 110 0 147 132 122 0 109 0 106 0 0 0 149 101 106 118 134 0 0 121 134 140 0 129 109 119 116 118 144 144 104 123 144 142 100 0 137 142 140 144 141 113 142 149 141 0 0 149 148 139 148 137 143 139 134 127 117 142 114 0 0 113 144 122 102 129 134 108 143 144 0 0 123 147 105 0 0 119 109 0 140 120 131 134 142 147 118 130 135 0 126 0 0 135 135 122 0 123 0 104 108 139 145 104 100 0 103 113 116 148 110 147 121 112 0 0 121 132 141 0 139 106 0 105 110 136 109 102 0 141 132 108 144 131 145 120 126 0 136 103 106 144 0 136 108 138 101 135 101 0 140 141 101 142 136 102 0 0 129 118 146 114 0 149 110 118 115 135 0 140 121 0 0 148 129 116 100 0 118 127 0 134 146 0 0 132 0 0 134 112 101 149 127 125 0 0 134 116 111 0 121 129 0 115 124 0 133 111 147 0 111 104 106 107 124 0 100 101 142 130 137 106 0 144 137 103 0 0 126 118 107 105 116 0 127 121 143 136 118 118 136 140 105 0 108 149 149 120 107 139 147 0 129 121 0 149 110 144 0 148 135 116 0 106 111 146 130 143 124 112 116 111 142 0 142 131 123 0 114 134 133 120 0 142 0 116 0 0 117 0 124 135 115 0 100 143 117 146 144 133 114 146 112 110 148 0 106 146 129 0 125 131 0 137 114 0 115 132 0 108 0 110 116 101 136 111 113 144 104
0 145 142 136 112 141 0 128 149 101 117 0 138 147 147 111 141 0 118 147 145 142 135 148 125 114 0 0 148 123 138 142 132 129 0 129 111 126 0 0 123 113 130 102 134 139 143 103 0 116 138 120 141 102 101 140 107 0 147 115 138 0 0 100 117 112 101 0 0 0 145 133 136 140 0 111 110 130 144 0 109 116 129 149 112 125 132 128 0 141 106 110 122 105 110 116 125 116 133 0 0 129 119 0 114 142 0 142 135 136 0 110 121 126 0 106 115 122 149 135 147 121 0 139 119 100 0 121 0 0 147 0 0 132 0 105 0 114 132 141 0 146 107 0 0 116 130 103 0 0 102 134 0 148 110 110 141 103 132 135 105 0 127 119 107 148 103 107 135 124 140 136 119 132 139 0 0 124 145 0 124 0 127 0 0 0 0 121 0 124 147 102 0 131 126 111 0 148 146 134 110 108 0 0 101 109 130 124 113 114 103 0 147 146 148 0 0 0 105 109 128 109 0 149 0 130 138 128 0 127 0 142 0 101 135 124 0 137 140 0 102 121 144 0 0 134 107 130 101 127 127 118 121 106 104 0 0 146 139 105 0 105 131 0 113 108 0 139 121 139 139 139 129 124 132 101 106 137 102 132 0 0 125 111 140 109 0 112 104 130 125 133 132 0 0 0 129 139 134 0 0 124 108 144 139 137 102 117 125 131 100 109 134 0 107 0 0 0 147 101 115 125 121 116 0 0 114 143 0 115 140 105 0 113 0 118 0 0 113 131 0 115 114 113 147 0 142 0 144 102 111 125 120 0 0 111 101 109 0 0 124 128 0 104 101 115 144 134 0 143 117 115 144 122 105 0 119 139 0 134 131 0 131 143 122 0 110 0 146 133 147 137 109 0 102 115 0 149 114 126 0 0 113 143 125 105 118 134 115 103 0 0 0 106 137 140 148 0 0 139 0 107 130 138 102 122 115 132 109 138 0 141 137 146 0 0 0 108 100 105 111 106 131 105 0 136 130 141 142 145 120 105 149 109 0 0 0 0 107 145 102 133 0 115 107 130 136 0 149 125 112 100 104 126 104 130 141 0 0 137 139 100 139 141 0 113 0 135 0 129 0 124 112 130 129 143 146 126 110 0 0 0 143 103 143 131 0 136 0 0 103 136 0 0 109 125 0 144 0 119 0 116 126 109 0 143 147 132 0 0 121 146 122 124 109 109 124 0 136 119 112 0 111 140 125 0 0 134 125 149 122 0 136 0 119 117 0 0 0 144 148 119 121 120 145 117 0 0 0 131 0 115 130 135 0 0 137 0 137 149 0 111 127 0 129 114 136 124 111 0 0 0 128 0 119 143 104 118 0 122 110 118 148 101 109 0 103 0 129 0 0 125 135 100 130 0 148 144 123 128 143 132 145 0 125 137 0 105 149 0 108 133 0 110 121 112 104 142 134 116 0 100 140 0 101 0 129 0 0 134 107 138 147 108 112 145 107 107 135 116 120 130 128 123 121 116 145 109 111 0 100 0 134 142 0 111 102 137 146 121 0 106 149 110 0 130 107 113 0 0 114 138 148 105 149 121 102 107 136 0 141 122 120 126 113 116 0 142 0 138 0 135 107 116 0 109 0 0 126 132 109 111 105 0 102 0 0 0 141 146 112 0 102 0 137 103 148 0 141
0 108 112 103 115 0 102 114 0 124 146 107 132 142 0 131 0 114 147 0 0 129 100 141 136 130 144 103 120 0 0 0 0 140 0 132 0 0 119 146 0 0 0 103 135 0 119 141 0 0 0 115 0 0 137 131 124 119 124 142 110 121 130 0 146 108 101 149 0 134 149 133 108 123 0 130 141 143 138 129 120 119 134 0 125 148 145 101 0 0 0 107 148 148 141 101 0 108 120 0 128 0 0 112 103 0 109 0 101 113 0 116 103 0 122 147 111 0 126 129 0 116 115 119 108 0 141 147 0 115 104 115 0 120 0 135 115 111 111 148 0 124 0 117 121 149 109 123 0 139 0 0 0 0 0 0 111 143 126 125 130 109 147 121 116 0 116 148 135 0 0 104 127 142 105 102 113 100 130 0 139 132 107 0 0 112 121 108 119 146 110 0 123 122 0 126 104 0 0 102 0 146 104 127 123 0 146 111 116 133 102 145 133 140 0 117 130 139 136 148 120 0 140 122 130 0 146 116 135 110 139 0 0 147 137 0 122 0 142 109 134 117 145 0 120 139 123 141 115 0 115 115 148 125 0 122 0 116 134 0 132 130 142 101 0 145 102 126 0 129 142 133 114 100 130 0 109 147 0 0 102 139 0 143 107 0 138 104 0 0 134 112 144 0 147 130 113 145 0 105 103 110 117 136 0 135 142 137 0 112 109 122 121 109 0 118 136 148 128 118 142 0 126 122 117 142 135 0 139 132 123 120 0 138 102 102 104 110 112 139 123 135 127 133 128 0 148 0 145 113 112 0 147 119 0 140 128 107 0 100 107 0 125 134 110 140 127 114 0 108 145 132 0 0 114 0 141 0 133 147 134 148 141 121 114 134 140 149 123 115 0 104 116 140 136 125 114 142 0 102 0 0 105 135 138 116 127 123 113 0 139 100 0 132 0 148 136 130 103 138 141 142 123 139 0 143 0 149 140 0 0 0 127 145 134 0 145 146 0 145 0 0 112 108 105 0 132 137 135 111 108 0 0 0 0 0 130 0 0 146 132 136 119 117 114 139 0 112 0 112 0 114 149 123 137 143 134 108 0 0 111 104 108 128 130 126 123 137 112 126 119 0 0 102 0 0 109 103 0 0 139 144 116 133 118 110 117 0 146 140 0 135 145 0 101 110 148 0 115 115 128 127 128 110 130 124 110 111 136 137 136 0 103 103 104 117 121 131 110 0 144 106 121 103 149 0 135 147 104 0 137 149 127 0 0 0 141 117 114 0 110 105 149 142 101 132 141 130 108 0 113 125 104 0 0 146 136 117 149 118 119 130 147 0 134 131 102 0 123 148 0 119 113 107 102 130 137 0 147 136 148 139 117 147 0 145 0 141 106 0 0 107 122 147 141 149 135 147 134 118 128 0 0 123 141 103 146 142 0 128 0 127 0 119 135 138 0 130 113 119 144 0 0 101 149 121 144 103 139 0 111 0 0 113 101 144 142 0 138 0 141 136 118 104 100 119 137 0 120 118 100 101 0 0 0 139 106 107 0 129 121 144 129 108 125 126 137 121 0 120 108 135 112 130 0 104 0 127 144 139 143 125 0 145 111 0 116 110 107 110 136 0 0 118 139 0 111 111 137 144 148 0 128 148 122 109 0 122 147 127 139 101 109 117 135 148 100 109
0 120 106 108 134 0 0 104 137 124 144 108 126 0 101 133 134 112 118 118 141 122 132 107 110 148 103 109 132 121 0 121 103 0 120 131 112 0 148 137 138 0 125 105 0 107 122 102 136 143 0 0 132 122 102 136 109 137 147 128 116 112 103 110 0 101 119 111 0 105 130 125 137 119 138 0 107 138 123 105 108 0 146 0 148 0 111 0 110 100 140 112 114 131 118 119 132 142 106 0 149 133 0 105 140 121 144 107 0 149 136 148 122 133 0 118 106 0 142 111 106 119 0 108 140 0 143 0 123 117 118 123 107 106 114 109 143 109 114 118 116 0 143 126 115 0 0 126 0 121 124 136 125 133 0 0 146 118 0 117 115 110 130 141 122 0 0 119 130 115 134 131 102 130 109 147 0 100 146 0 116 0 0 0 123 146 134 114 106 145 101 112 118 106 111 142 125 142 0 141 116 0 115 0 138 114 142 131 143 113 105 137 139 0 0 142 0 138 112 0 148 132 122 0 132 121 102 114 119 149 0 108 129 111 149 107 146 132 0 123 123 0 0 139 0 139 0 147 116 104 113 0 0 128 101 104 122 127 127 115 0 139 139 149 0 105 105 128 0 106 0 127 137 149 105 141 105 0 124 130 109 112 0 110 137 125 0 138 135 112 0 144 141 149 116 138 115 100 142 139 140 0 144 0 0 0 135 120 103 115 110 0 117 0 101 140 0 0 0 144 129 145 101 0 136 138 112 131 111 0 146 147 107 0 0 103 139 122 120 104 132 117 124 115 0 113 129 0 0 0 133 0 0 120 139 0 137 101 137 122 113 110 133 143 102 118 106 143 130 105 119 100 0 133 115 109 0 117 138 108 109 141 0 116 132 0 140 0 123 133 0 0 114 111 101 0 130 116 109 143 141 103 134 0 121 145 0 144 0 131 142 109 146 126 103 129 0 113 115 0 0 111 116 132 125 130 124 0 134 134 145 117 110 125 114 107 0 141 149 0 141 102 146 148 0 113 128 106 144 125 0 135 138 143 0 101 126 130 147 111 0 138 111 138 104 104 119 118 149 115 0 0 106 128 0 130 110 144 118 140 135 117 100 114 0 117 0 100 126 0 0 106 109 147 0 0 130 0 119 144 128 0 149 0 0 149 0 0 126 126 142 124 130 0 133 111 141 0 107 113 0 109 134 107 148 102 0 0 143 108 102 0 0 132 137 0 125 113 112 135 0 119 107 117 142 144 0 0 135 135 112 141 148 135 125 123 136 131 128 102 128 130 0 102 129 0 149 116 112 138 0 114 148 135 135 0 121 147 101 109 0 0 140 106 138 0 148 129 147 124 135 0 0 104 131 108 0 108 133 0 0 122 107 128 147 0 145 134 0 139 120 127 107 117 128 0 0 143 0 115 118 125 141 145 104 117 121 131 126 126 114 137 113 113 118 142 139 0 0 123 0 0 126 120 132 149 130 0 0 131 137 148 123 0 0 123 124 131 115 103 104 114 140 148 145 117 0 135 124 135 127 111 111 124 0 104 120 106 111 122 129 0 125 115 0 0 0 132 0 118 128 113 0 0 148 145 114 0 0 105 138 109 0 144 123 103 0 0 105 149 149 0 140 116 0 142 120 142 0 119 146 122 114 118 145 133 0 145 0 143 118 129 134 130 128 129 0
0 106 101 126 142 0 144 109 115 121 115 108 135 124 148 102 107 146 138 0 117 136 0 0 104 119 103 146 134 104 123 103 113 141 0 0 136 139 106 115 0 137 0 125 149 108 142 0 0 130 116 128 119 105 134 105 132 121 149 139 148 110 129 0 104 142 0 104 121 0 144 133 147 138 0 104 100 107 0 101 128 0 121 130 0 116 123 0 0 132 111 138 118 0 143 119 133 135 0 0 0 128 0 118 138 102 0 115 0 0 100 0 137 124 115 108 136 0 129 0 0 146 113 120 0 102 129 100 0 144 147 112 132 0 0 137 120 108 115 140 101 132 112 134 130 140 138 144 0 0 116 0 124 102 142 0 147 0 133 127 134 0 130 102 110 137 114 124 0 147 0 122 136 0 105 145 130 107 128 144 128 0 118 0 146 145 148 109 105 146 0 0 139 0 111 136 119 138 130 122 101 106 0 120 133 109 132 118 148 107 142 130 135 0 145 131 0 109 106 0 144 123 101 0 144 137 139 139 0 103 118 127 0 100 126 144 118 124 136 134 116 128 0 0 126 108 0 131 100 136 116 106 148 116 105 139 123 0 133 100 143 138 0 0 104 134 127 148 124 141 109 0 143 149 100 0 109 142 128 0 0 0 128 103 0 109 126 147 122 122 0 103 126 106 0 128 0 110 111 105 0 106 124 101 0 145 123 135 137 125 0 0 147 141 131 119 110 133 132 116 144 106 100 127 104 124 149 121 149 0 136 122 135 0 0 0 124 131 104 101 0 105 0 0 106 145 128 136 128 131 125 0 0 0 148 109 115 130 0 102 141 127 131 110 144 122 0 130 103 141 118 0 148 100 146 135 135 103 127 142 0 137 130 117 112 149 135 123 146 0 101 101 120 113 106 0 140 126 0 101 129 0 105 0 101 101 105 130 123 118 105 120 136 116 129 120 131 111 0 144 0 119 114 119 139 149 133 128 0 129 128 110 134 121 142 127 0 0 112 0 0 124 143 0 129 0 108 142 0 102 107 102 122 126 138 100 0 141 0 117 135 0 0 145 124 125 0 0 116 118 0 116 117 110 0 135 0 104 101 137 102 124 128 117 137 148 140 0 139 0 0 121 126 123 142 138 0 102 124 0 137 105 0 0 0 0 126 106 138 0 0 0 149 129 118 112 121 142 148 102 104 0 134 105 141 0 133 125 133 148 106 123 0 141 0 121 0 0 0 148 145 118 133 0 138 149 135 118 122 116 106 110 105 148 143 0 108 108 0 123 142 121 128 100 147 130 0 147 128 0 115 131 118 126 147 107 114 145 142 117 129 148 102 0 131 124 121 127 0 103 106 116 0 131 0 0 126 131 103 124 116 129 112 126 147 148 106 119 0 145 0 105 0 117 0 135 0 0 111 0 135 103 123 142 0 136 139 125 0 141 133 142 149 112 140 104 123 0 0 149 0 112 142 142 0 0 0 138 144 0 133 123 137 101 149 138 117 132 112 146 0 111 111 0 126 147 102 124 103 112 0 117 108 132 0 0 135 0 108 122 0 139 0 0 112 107 123 117 127 0 123 111 108 110 102 139 0 0 104 0 115 133 131 0 139 104 143 101 135 137 106 0 0 0 0 124 0 135 101 140 110 132 133 120 143 143 145 112 105 142 0 143 115 0 0 101
0 132 101 0 101 112 0 0 119 102 138 114 148 108 121 100 118 104 142 124 118 143 102 0 0 110 0 108 117 121 135 136 0 131 131 111 128 0 135 115 133 119 106 126 136 146 0 124 111 0 132 122 119 127 146 100 144 118 145 128 147 135 142 113 102 146 0 0 146 0 0 126 0 146 127 102 0 111 136 137 124 105 107 105 148 0 0 0 149 122 123 114 144 109 104 125 0 123 0 0 111 143 121 120 142 0 130 116 0 0 0 124 0 122 100 128 146 0 0 138 129 104 124 0 126 0 123 149 133 0 113 143 0 128 0 104 116 104 106 133 113 0 126 116 124 128 114 106 142 0 146 134 103 107 126 119 133 129 134 115 0 106 135 0 104 129 0 102 106 107 147 119 122 111 119 139 0 144 0 112 119 142 133 117 128 146 125 147 0 128 100 0 136 119 145 106 127 140 119 117 109 144 0 0 0 128 108 0 0 126 141 102 125 0 123 145 146 127 107 0 118 139 102 107 102 0 114 136 120 132 148 127 0 0 108 119 143 129 104 137 123 127 126 0 138 0 134 141 122 146 121 116 115 146 108 133 136 123 0 108 140 102 142 0 100 124 112 128 145 137 0 145 111 107 132 148 108 104 109 0 0 137 135 114 139 0 119 0 0 129 125 0 142 133 131 119 134 0 111 0 103 120 128 116 140 130 113 136 134 121 100 120 109 132 0 148 121 0 136 149 118 0 125 0 0 103 131 0 110 148 109 124 141 0 119 144 0 147 144 127 110 102 140 0 111 148 121 102 135 128 115 108 0 0 129 109 128 112 0 115 0 105 115 0 106 0 0 142 132 124 118 106 142 134 136 0 137 142 0 129 0 0 145 140 130 119 0 132 145 100 129 117 107 130 134 0 135 0 115 104 114 109 0 118 0 0 0 130 118 105 108 123 126 120 130 109 128 0 146 117 101 133 106 110 0 0 126 125 120 102 105 116 0 135 130 125 115 146 122 122 127 0 132 122 134 116 0 0 147 0 121 102 140 130 123 103 129 103 111 143 148 135 144 0 114 0 126 0 125 125 0 131 149 0 0 143 0 116 149 135 128 145 0 142 0 135 126 0 141 129 0 100 112 107 121 0 128 132 117 114 135 0 100 106 114 0 0 110 104 105 0 126 0 132 137 134 147 121 107 121 138 0 0 149 139 0 145 102 0 126 124 146 108 133 148 0 126 121 123 149 104 132 0 105 107 108 120 111 107 101 112 132 0 122 139 101 137 126 0 111 120 112 0 0 0 138 112 108 0 142 130 138 104 0 129 149 129 128 120 139 115 128 119 126 132 118 0 118 102 115 124 125 0 0 114 110 116 128 135 138 109 143 100 0 101 105 102 120 100 127 117 0 140 136 142 0 0 122 0 145 148 0 128 0 0 0 103 0 104 0 105 148 0 0 0 133 108 129 149 0 146 0 0 103 137 0 121 0 113 117 142 144 135 104 106 0 108 136 114 102 109 0 0 133 134 114 101 148 106 133 0 133 100 111 141 0 103 0 0 121 126 147 0 143 118 141 0 136 128 100 109 103 142 131 130 0 144 146 144 104 149 138 0 137 0 121 131 107 0 127 101 0 100 129 118 0 118 113 108 144 108 0 108 145 0 123 0 0 0 108 0 118 136 147 146
0 104 146 0 102 104 0 112 0 0 120 0 118 0 109 138 102 0 129 0 0 112 0 143 147 118 121 132 0 137 142 0 112 123 131 123 0 120 0 103 101 120 105 115 146 140 146 118 133 144 120 0 130 0 149 149 140 0 0 144 0 116 0 117 116 149 0 118 141 140 140 116 120 104 0 128 143 128 0 0 0 0 0 0 101 100 103 0 125 0 146 0 114 0 123 0 0 144 104 147 120 0 0 103 115 0 123 120 138 0 0 115 119 147 114 146 0 0 140 145 101 133 0 105 107 0 129 0 145 135 142 130 105 120 145 132 113 117 0 125 108 127 113 114 134 104 146 128 129 109 127 0 0 148 129 136 0 123 107 144 117 145 117 0 104 0 123 0 100 134 131 102 144 126 0 119 126 146 144 135 140 116 127 107 0 135 116 115 113 127 135 137 0 113 107 0 0 0 115 108 122 112 0 0 120 129 0 105 116 148 0 0 129 0 122 128 133 133 122 100 122 115 130 147 103 108 147 105 107 128 125 113 129 133 121 134 127 0 100 120 0 142 0 0 118 139 133 107 113 126 0 0 123 105 0 0 0 0 109 0 127 0 100 144 104 126 149 132 148 128 109 128 118 0 103 127 144 0 0 148 0 0 145 0 106 122 145 103 133 141 107 0 108 116 136 126 112 0 125 0 131 0 134 112 0 112 103 145 0 132 0 100 141 0 131 147 132 113 112 137 124 0 126 129 129 101 123 108 138 141 0 134 0 147 148 149 100 0 121 128 120 117 104 143 105 118 0 146 100 101 109 123 0 116 122 109 110 0 105 123 119 0 0 143 101 136 0 133 112 144 0 113 105 140 123 136 0 111 102 0 127 122 0 110 103 143 140 142 145 126 118 106 108 117 123 149 0 149 108 117 0 134 104 112 113 100 124 143 0 113 105 149 137 132 139 104 134 0 119 147 0 135 121 112 0 120 127 120 0 144 113 133 0 148 0 119 125 139 149 0 128 105 0 108 133 117 0 122 112 103 0 107 134 0 145 101 144 118 115 144 125 103 108 148 118 128 112 0 0 116 148 135 131 134 0 142 112 137 0 122 0 111 117 145 132 0 0 0 149 110 131 110 121 103 0 0 0 116 139 0 107 112 121 119 130 101 137 134 0 141 0 120 101 0 120 136 143 143 0 115 110 134 104 0 136 146 0 0 103 111 142 115 125 0 108 129 117 127 0 0 101 133 0 110 0 115 102 0 111 116 109 145 0 132 116 0 0 119 0 0 135 0 132 107 142 111 0 113 0 121 143 0 0 101 0 109 0 0 130 143 0 0 0 143 0 141 123 0 123 107 0 121 0 116 113 124 108 124 115 147 127 134 0 144 101 143 0 0 108 149 0 0 142 123 133 111 123 0 126 0 123 0 101 119 148 0 140 0 146 124 107 0 130 139 129 109 103 115 135 142 122 122 100 127 107 0 0 143 109 137 109 124 130 149 128 0 0 0 109 0 148 116 0 115 101 0 100 130 101 138 148 147 108 129 101 139 0 0 0 0 0 0 128 109 136 108 126 0 136 118 107 131 127 101 115 122 0 127 120 141 143 129 0 105 138 128 145 125 113 141 117 129 104 100 129 114 126 108 0 0 136 147 106 0 0 102 133 0 0 110 109 141 143 103
0 0 110 123 112 0 111 100 128 126 101 0 117 102 125 0 118 116 136 0 105 112 111 128 0 144 137 108 147 0 0 138 135 0 0 104 0 149 139 0 129 0 101 0 139 121 124 146 122 128 101 103 149 0 0 0 109 118 143 134 126 139 147 0 132 136 136 108 128 129 0 124 0 149 112 0 120 0 114 115 0 117 108 107 145 116 0 0 108 110 0 103 131 116 123 127 0 125 0 0 122 0 129 134 131 148 122 125 114 128 137 0 127 120 129 110 107 144 101 138 0 0 117 135 110 141 144 110 0 134 138 144 0 110 148 0 0 110 101 0 133 125 101 134 121 101 102 102 0 143 122 117 135 125 100 130 149 119 132 142 143 133 142 101 100 128 0 102 136 0 106 145 103 100 129 145 148 138 139 0 130 124 114 111 146 0 148 106 145 115 105 113 111 127 119 0 0 116 102 0 121 136 122 123 112 127 139 127 0 138 0 118 134 104 0 126 103 113 120 124 144 0 123 0 115 0 130 123 144 105 122 123 0 110 0 117 0 0 119 119 0 137 145 107 148 131 0 0 101 126 139 107 130 141 140 0 0 111 148 0 130 123 0 149 126 109 113 148 114 0 133 0 0 0 0 124 115 106 0 116 102 127 136 105 0 108 123 0 0 113 0 112 126 0 126 140 0 128 141 117 0 121 142 133 122 0 139 110 129 145 0 106 137 106 118 125 120 103 116 122 137 115 135 119 0 103 103 107 0 109 125 107 109 140 0 0 127 131 139 129 0 130 139 0 110 0 108 126 144 141 145 0 106 104 116 120 0 139 0 100 0 141 146 129 144 126 144 0 141 122 122 0 138 135 110 132 121 135 105 0 0 0 0 0 0 0 117 0 100 106 145 135 117 132 133 139 0 0 138 115 111 104 0 126 0 121 144 117 119 0 112 0 120 136 0 129 0 133 122 149 0 146 119 132 135 104 119 101 105 122 0 147 149 0 146 0 0 108 147 121 118 114 127 133 146 0 0 0 131 126 104 118 0 109 113 117 135 0 112 0 107 146 0 129 129 124 124 133 117 147 140 112 102 0 122 137 0 115 140 135 128 116 0 0 0 103 144 115 125 149 125 0 0 0 113 145 0 138 0 139 138 0 0 0 114 105 117 0 0 128 124 145 105 0 102 117 130 139 142 141 0 145 141 0 140 148 0 125 120 105 108 102 0 0 0 0 108 143 140 0 112 0 136 138 0 0 147 120 0 129 126 133 105 135 146 0 0 0 0 109 114 0 114 0 136 117 131 139 127 119 0 0 118 0 125 122 116 115 0 142 100 0 0 142 0 125 142 109 141 124 0 148 135 130 135 117 103 108 0 103 134 124 115 123 146 144 125 105 132 148 112 122 136 121 149 132 148 109 0 140 137 127 131 100 121 129 140 106 144 112 100 139 0 119 132 139 135 0 122 0 106 111 121 142 146 120 111 0 0 136 0 100 0 0 0 149 123 138 117 146 149 108 143 127 125 139 122 0 0 111 0 0 121 102 0 0 0 131 0 105 0 101 116 0 143 0 137 132 0 0 117 0 109 113 135 149 117 0 141 130 0 120 115 119 133 118 106 122 117 132 0 140 130 134 131 116 137 137 117 0 141 0 0 0 106 107 135 147 117 0 144 101 148
0 0 125 0 108 131 149 0 0 126 114 114 141 0 130 140 108 118 131 0 0 142 0 117 126 107 0 104 139 147 136 0 149 140 105 114 0 118 131 143 115 136 0 146 0 146 146 145 115 105 120 115 0 106 0 129 0 0 131 0 0 121 101 114 0 136 117 0 0 121 100 118 128 108 105 101 0 132 0 112 108 0 125 143 120 0 133 124 102 105 145 111 144 104 124 102 121 137 114 120 0 0 0 0 108 113 0 133 127 149 141 0 136 0 125 101 116 0 123 103 107 138 140 135 0 136 127 145 105 141 129 119 110 104 0 141 132 147 116 130 139 149 0 102 104 106 140 125 125 105 146 138 0 106 0 0 123 104 125 130 0 109 138 133 147 123 147 121 118 131 0 0 113 122 124 102 0 129 114 117 142 102 148 146 111 127 136 0 149 136 123 0 135 120 107 125 0 104 138 134 0 130 144 0 111 117 0 137 0 146 110 143 125 116 0 105 103 147 0 114 0 134 110 138 108 104 0 105 0 0 0 127 129 134 126 124 130 119 132 122 0 108 0 130 106 130 103 107 147 145 0 137 123 130 121 137 118 0 133 0 0 111 149 104 149 110 104 110 106 130 107 145 0 0 123 127 0 135 105 106 148 139 103 132 132 133 116 109 131 148 104 140 108 102 0 112 121 133 109 107 141 108 134 149 0 120 106 129 106 127 110 117 102 139 0 149 138 103 129 120 125 0 141 132 117 137 0 0 108 113 0 113 0 114 140 137 132 142 130 107 0 135 144 0 135 125 111 140 0 129 119 127 0 107 125 131 148 107 148 0 123 132 140 0 143 108 130 0 119 117 119 101 107 110 114 0 0 118 0 143 102 147 116 0 116 103 108 108 128 113 116 128 0 107 146 105 0 0 116 138 112 133 110 0 111 0 131 121 147 107 147 149 118 110 0 149 104 141 123 132 147 131 148 143 0 0 0 133 116 138 128 117 119 103 136 134 109 135 0 0 146 123 0 127 123 121 137 0 104 103 121 117 111 144 0 140 123 136 110 133 130 133 0 0 0 0 118 143 140 0 127 0 131 124 124 132 0 119 0 103 114 106 0 136 120 0 102 0 126 146 141 0 0 127 0 130 105 0 112 118 105 141 141 0 0 148 117 0 117 0 133 118 106 0 0 138 127 141 101 0 132 112 120 144 139 122 127 112 114 0 0 112 0 114 115 103 107 122 128 0 128 0 124 118 109 125 139 108 128 121 130 139 114 144 148 106 117 117 0 141 0 0 145 118 0 145 109 0 144 0 145 102 110 144 144 0 123 0 147 143 136 123 107 0 118 0 107 0 147 0 112 0 149 120 0 134 121 130 107 110 107 110 110 135 0 121 122 105 0 136 128 0 101 117 107 149 145 125 103 148 118 0 123 109 121 142 120 140 136 113 0 121 136 104 111 126 0 129 0 141 147 0 103 0 132 134 0 0 111 138 117 140 149 115 140 0 127 124 0 102 0 0 107 146 0 146 132 0 118 111 106 147 114 123 126 107 114 122 123 121 132 136 109 146 142 105 121 0 115 0 145 101 108 0 140 0 139 130 132 0 0 0 0 111 0 105 149 139 110 109 118 0 109 137 143 121 0 110 103 0 0 101 110 115 130 0 108 117 128 113 102 105
0 124 100 124 136 125 0 118 140 111 148 100 143 0 122 0 134 102 0 115 0 0 133 148 101 126 0 147 116 126 0 0 104 141 0 124 117 127 120 0 148 0 0 104 144 120 119 137 0 101 0 117 107 112 111 119 103 107 131 127 130 0 112 112 124 128 148 141 148 121 123 0 118 136 105 114 0 137 0 106 0 0 0 142 129 134 110 118 0 148 0 126 134 116 0 109 0 0 0 124 0 123 0 0 134 104 127 106 115 0 125 0 0 104 107 120 110 114 107 0 117 107 139 126 128 129 125 118 143 143 0 113 138 142 130 100 0 133 100 142 0 0 0 0 110 0 147 0 110 149 114 0 104 0 149 133 131 0 147 136 142 0 145 131 149 135 142 136 0 0 123 0 0 128 136 102 103 123 129 111 114 137 135 100 116 0 116 110 139 125 122 0 0 105 0 131 131 127 113 0 142 114 145 143 103 0 130 135 134 102 0 101 139 123 0 145 0 116 0 0 0 139 134 112 0 144 119 0 0 103 126 108 107 131 108 125 106 122 106 148 141 143 127 106 0 143 114 133 130 136 102 0 116 148 144 148 112 129 133 148 126 118 111 130 139 0 0 124 105 124 133 0 111 124 133 105 132 136 107 117 0 140 0 0 0 0 146 102 134 128 120 124 111 0 134 119 117 0 101 107 138 132 0 124 0 116 145 0 0 100 143 0 0 107 138 133 114 104 128 0 148 108 0 119 138 113 142 116 113 130 119 0 137 115 134 131 0 0 140 141 106 120 128 0 139 116 138 135 111 120 0 127 133 145 126 145 121 106 122 102 0 109 125 139 130 143 128 0 0 101 110 125 117 142 109 0 0 102 126 138 101 129 0 104 0 103 109 104 135 136 136 149 127 141 122 145 145 110 0 110 0 105 145 106 0 0 137 144 122 0 118 101 119 106 139 149 146 111 139 107 0 117 141 143 132 0 0 0 101 143 107 0 0 106 108 120 0 131 115 115 0 114 129 0 0 107 140 106 117 135 144 0 0 0 106 0 131 141 118 112 0 105 142 0 105 0 118 146 0 109 107 110 112 121 146 132 120 0 142 115 0 120 129 137 130 0 128 104 132 0 130 0 0 149 144 0 130 0 0 134 135 111 0 131 131 115 142 108 104 114 110 135 101 124 149 146 124 0 0 0 113 0 125 111 125 142 131 148 101 135 126 146 108 131 0 119 0 142 115 132 0 102 0 134 140 0 0 143 104 0 148 131 144 0 132 121 143 0 137 0 0 131 137 0 110 128 133 0 112 148 103 121 0 143 108 100 135 0 137 142 139 137 137 146 0 118 114 134 0 136 108 110 138 110 126 126 147 138 135 120 0 115 141 146 0 108 114 135 121 0 104 116 0 119 132 0 142 0 146 133 142 114 119 0 111 0 145 115 135 0 125 134 109 110 0 123 0 0 145 0 129 126 106 0 145 141 136 113 109 119 101 112 123 114 143 0 106 0 125 127 149 124 0 137 0 120 123 140 0 110 121 134 106 129 135 0 106 108 102 0 0 112 111 135 0 103 115 114 110 142 0 127 0 0 129 137 148 128 110 103 139 0 0 107 145 102 103 129 134 0 113 130 130 128 133 120 149 146 138 133 147 0 0 101 131 0 147 134 0 109 107
0 113 111 133 132 118 100 124 100 133 0 0 108 136 109 115 145 126 129 101 125 116 100 115 0 116 105 102 126 142 0 128 0 117 113 139 100 115 112 127 134 145 111 123 106 104 0 0 105 140 121 0 136 119 141 144 111 0 119 148 133 128 113 0 139 0 0 104 0 135 148 104 0 116 0 138 108 114 117 0 106 102 0 130 142 101 106 138 0 111 0 136 148 0 0 139 0 102 118 140 0 0 0 143 140 135 0 0 147 143 136 127 127 114 139 109 143 128 114 131 136 0 118 102 102 106 112 148 139 0 134 144 124 118 0 143 121 109 125 142 113 0 106 102 0 100 137 119 122 103 115 124 117 139 147 0 115 0 0 142 117 0 103 110 125 0 133 120 147 117 133 0 110 104 135 0 114 129 130 0 130 136 149 123 0 149 105 137 0 120 139 119 100 120 124 149 125 0 0 103 119 112 142 123 129 0 0 133 0 113 123 113 131 0 0 112 0 122 134 126 145 0 124 0 121 104 0 0 0 118 0 102 0 115 0 127 108 0 113 0 131 141 111 0 146 112 140 148 108 102 0 144 140 109 122 103 128 0 121 147 109 130 135 126 136 143 0 141 0 121 109 137 134 143 128 0 129 103 127 0 134 113 0 109 0 137 127 0 125 106 125 142 115 148 130 135 132 0 101 0 115 118 111 147 124 108 0 149 117 103 114 113 134 0 0 0 0 140 115 136 0 146 0 0 130 115 147 100 139 140 102 0 104 0 126 0 141 149 108 148 102 0 125 114 138 119 113 125 111 107 110 111 129 130 118 0 101 101 107 143 127 125 141 0 100 118 0 123 129 148 101 121 131 148 119 0 134 135 113 105 105 131 136 149 0 119 0 0 0 128 140 105 106 106 126 127 120 0 0 131 0 121 141 129 0 123 135 105 130 0 137 149 109 0 142 144 133 0 0 136 144 0 0 0 0 142 141 128 105 101 139 102 148 102 140 149 106 146 101 120 122 123 0 0 105 104 105 122 109 0 147 0 119 130 0 105 146 122 0 112 112 148 118 107 134 123 139 0 0 132 117 111 110 106 0 134 0 139 0 106 119 0 146 126 0 108 104 0 111 119 0 0 134 134 122 112 137 145 107 100 126 113 141 0 148 0 129 109 143 146 114 117 138 0 135 147 135 133 0 0 132 124 100 106 121 111 106 123 107 126 119 126 147 0 146 101 103 106 122 0 0 0 130 0 100 138 130 121 147 143 115 133 102 149 0 122 144 105 0 0 0 137 139 122 0 100 126 0 101 0 0 143 139 114 0 124 145 0 116 100 109 133 0 138 0 129 0 103 108 0 141 122 111 130 104 0 148 108 133 101 125 115 102 105 126 0 0 147 0 111 127 144 117 130 132 110 113 148 121 110 0 139 108 135 0 0 123 133 102 104 117 0 111 125 128 139 104 131 132 101 139 102 0 123 0 128 0 114 143 144 133 109 105 142 120 129 142 133 115 123 138 0 131 107 103 122 101 133 132 0 127 117 119 105 122 114 119 148 110 139 137 115 0 104 129 0 137 129 101 117 127 0 111 0 119 125 141 109 0 109 105 0 117 100 0 0 112 121 134 0 119 118 108 140 120 123 149 127 140 121 103 105 0 137 120 108 100 145 136 145
0 141 0 141 0 101 124 126 133 101 145 123 148 0 107 108 122 0 138 147 136 125 119 118 0 0 100 143 0 110 0 126 122 128 134 129 130 0 141 111 127 0 130 130 103 136 0 100 0 105 111 138 0 0 132 116 126 114 124 0 0 101 0 136 130 134 132 0 102 126 0 0 0 148 0 0 100 100 149 142 141 111 102 0 129 130 109 126 118 107 0 0 129 145 136 103 142 0 145 148 124 102 126 129 144 118 130 149 146 0 128 128 0 117 109 117 131 139 118 0 134 102 107 149 128 149 145 0 0 122 117 124 0 100 109 116 123 146 143 106 128 102 132 0 121 0 149 114 141 102 143 117 0 112 0 108 113 120 130 0 130 0 107 109 114 0 108 122 147 0 138 111 0 133 0 123 122 130 140 140 109 127 0 146 100 147 146 139 144 106 0 117 135 130 0 124 0 121 118 134 0 0 110 0 133 106 108 115 0 124 104 130 0 0 114 117 146 146 0 0 111 113 120 146 134 117 116 0 132 133 107 0 147 107 110 0 0 124 149 115 119 111 102 114 145 104 121 0 118 142 124 0 132 0 135 111 137 0 142 131 0 147 0 0 0 100 127 100 140 0 149 107 104 0 108 125 139 100 143 101 142 117 106 0 137 0 130 0 148 137 145 108 0 135 109 125 125 129 115 119 0 132 117 107 135 110 144 119 131 117 111 117 135 0 105 149 121 103 127 143 0 122 131 0 117 143 105 143 137 124 111 129 111 132 111 120 0 126 147 106 0 124 0 136 136 0 0 0 0 125 105 140 0 0 111 105 121 117 0 0 129 124 101 115 107 0 133 0 140 146 146 0 116 117 0 146 128 120 100 0 0 112 100 131 0 0 134 0 111 115 0 105 133 0 112 0 134 111 122 0 0 138 0 124 140 0 0 147 135 111 127 142 126 0 111 111 0 0 0 0 0 128 110 127 0 142 134 139 143 143 123 0 0 124 109 131 108 0 123 143 102 127 129 0 126 0 105 147 0 111 125 131 130 112 127 132 0 0 0 114 119 138 119 132 129 107 148 101 106 0 123 143 114 106 0 0 127 0 128 131 113 0 109 134 134 129 136 147 0 0 101 0 113 0 119 110 125 149 133 137 0 124 119 117 103 123 110 105 0 149 102 112 104 139 130 0 125 126 125 144 133 145 100 141 109 125 126 0 116 140 0 124 0 133 0 0 127 0 0 100 109 0 123 116 0 122 120 0 145 138 110 141 137 101 0 128 0 0 123 0 0 142 0 139 0 120 0 139 0 119 115 0 0 123 0 0 145 129 144 131 118 0 108 146 0 0 144 137 128 0 0 0 149 124 129 113 122 115 145 106 0 140 144 110 0 116 134 132 121 140 100 126 133 137 146 133 104 0 149 121 112 0 130 0 118 0 0 147 147 0 144 125 0 0 130 100 0 116 0 135 104 134 108 130 101 107 0 140 101 138 148 121 147 0 121 112 140 104 0 146 125 126 110 119 146 149 132 118 105 130 131 0 138 143 0 121 129 124 101 102 123 142 127 141 114 0 115 105 141 106 141 131 126 120 0 133 0 0 136 110 0 130 138 118 129 0 131 0 140 116 107 0 116 0 102 139 132 140 0 0 118 129 0 107 121 142 0 112 115
0 108 0 149 126 146 125 141 120 0 0 129 0 0 107 0 113 143 113 130 0 109 123 131 100 137 133 106 110 103 0 148 124 113 0 129 0 101 131 0 136 0 102 125 0 144 0 0 133 0 143 0 0 136 0 122 133 0 111 148 0 126 0 139 127 0 104 0 111 130 138 112 149 0 130 114 128 120 135 0 104 110 146 107 0 0 104 130 129 125 0 122 0 0 0 105 108 136 104 0 118 0 101 148 130 0 128 122 149 149 125 132 128 122 140 103 0 111 0 0 128 0 0 0 131 121 0 102 111 143 0 148 111 144 0 102 106 0 0 124 149 144 147 108 0 118 146 127 100 102 0 102 124 0 126 115 0 119 112 101 128 121 132 123 115 125 123 0 0 139 149 115 143 146 128 102 148 0 140 134 132 0 111 0 112 132 113 101 0 131 107 124 115 144 105 102 107 132 144 139 121 144 121 135 130 118 148 142 109 106 114 0 0 0 112 0 0 144 139 0 0 0 134 113 0 119 140 113 136 122 123 149 143 145 0 113 133 101 137 122 117 114 143 0 0 140 100 140 133 101 121 106 107 120 146 133 126 0 0 0 113 127 120 121 144 145 146 120 113 143 111 121 0 112 118 0 129 134 119 132 148 112 111 126 126 122 149 112 106 0 0 0 0 100 122 140 123 140 0 135 118 128 123 129 134 137 111 0 105 147 112 144 128 132 0 131 112 138 120 0 149 138 0 149 0 0 124 113 135 121 124 0 131 0 130 0 148 113 111 102 101 0 123 142 117 148 103 103 0 145 0 0 108 117 129 0 133 147 129 109 123 108 0 109 112 0 120 0 116 132 106 131 125 0 0 0 137 110 0 0 0 128 128 121 0 0 0 117 0 126 117 138 137 124 141 119 116 102 0 0 132 0 110 136 137 108 131 148 126 123 105 131 104 142 117 0 138 0 131 125 146 118 142 129 0 115 137 143 0 0 0 106 113 134 118 0 137 116 0 0 126 121 132 110 101 100 105 0 111 108 139 0 108 105 0 0 110 131 0 115 0 141 107 0 111 129 0 138 134 120 0 112 127 132 0 0 120 118 137 125 0 112 101 104 130 124 120 126 0 133 116 115 144 112 108 126 132 0 147 0 122 0 102 148 0 145 0 0 100 110 0 110 125 0 0 144 147 120 0 114 148 125 113 0 130 137 127 111 0 108 119 128 149 106 131 143 145 121 111 0 128 112 110 144 122 105 0 122 100 107 0 0 149 0 123 0 127 100 105 0 147 0 0 0 0 102 115 117 0 112 0 148 0 118 149 143 0 142 121 140 101 115 0 118 129 0 112 141 129 101 102 102 103 102 0 0 105 107 117 114 0 147 133 141 0 0 0 139 0 136 137 145 132 0 119 122 0 134 0 0 127 109 109 0 140 114 123 126 103 102 142 0 125 0 141 0 106 109 145 0 115 102 120 141 102 0 137 142 117 116 0 135 132 119 0 0 100 105 137 111 110 0 124 134 105 0 0 0 145 140 116 0 0 104 0 121 120 125 124 143 0 128 117 129 127 104 131 118 0 137 127 110 135 104 111 139 0 136 0 106 131 119 148 141 103 0 113 122 131 0 0 142 0 142 142 121 0 0 130 101 124 0 112 134 134 100 0 147
0 128 120 148 0 132 108 128 102 107 132 138 123 0 114 116 149 148 126 0 112 142 115 101 143 105 101 148 134 102 123 131 122 135 106 125 147 0 145 140 136 121 127 103 130 0 117 124 0 148 133 104 0 124 105 124 117 141 146 118 145 0 148 138 0 0 123 105 0 0 119 0 144 144 140 149 0 140 122 126 100 121 104 126 121 105 120 102 116 131 123 149 126 115 105 122 141 108 146 100 0 132 136 0 115 0 0 141 0 111 147 0 0 125 138 115 127 147 105 128 0 0 149 146 0 0 105 126 0 109 0 111 0 106 110 0 106 114 0 138 101 0 0 101 118 115 146 136 130 108 114 0 145 130 107 0 145 125 131 116 100 138 0 114 0 148 115 0 141 103 133 112 117 0 143 0 0 0 106 101 106 114 123 135 120 0 116 135 0 134 0 132 105 0 101 0 0 0 0 135 116 148 135 141 106 140 147 0 105 120 134 102 108 149 120 0 128 119 119 143 0 111 0 149 144 100 118 145 0 0 0 103 109 0 106 140 133 0 103 0 114 118 0 105 132 0 118 0 0 0 138 145 106 122 132 139 124 0 108 0 104 111 104 129 117 143 135 0 121 0 133 128 143 105 0 0 145 148 141 109 121 136 102 0 108 123 149 0 122 122 0 114 105 115 146 110 0 111 131 141 148 113 123 134 134 109 129 101 0 0 125 119 105 0 121 103 141 143 132 0 138 147 0 123 136 140 119 0 0 117 148 138 0 0 142 0 133 106 0 0 0 0 0 127 125 103 0 0 117 107 0 112 0 145 118 108 0 0 112 0 136 118 0 0 135 103 130 146 103 105 135 0 0 0 0 118 112 126 0 0 148 101 144 111 0 0 102 132 144 114 126 138 124 113 133 102 127 112 115 131 114 0 147 116 108 143 102 127 119 106 0 0 0 112 110 117 118 0 126 102 148 120 0 110 0 115 136 141 0 0 0 135 112 118 143 102 101 147 108 129 111 149 113 117 0 132 130 0 0 106 0 0 121 0 128 137 142 143 139 108 119 132 126 140 121 135 121 137 140 141 124 0 134 134 102 0 105 115 0 106 118 119 0 113 128 118 0 0 138 0 140 114 141 116 124 132 134 136 0 0 119 146 101 123 0 100 116 107 114 112 111 136 113 134 109 146 101 120 129 113 0 131 129 100 112 0 140 118 105 111 131 107 118 0 121 112 0 116 130 135 0 148 138 0 0 110 139 127 129 0 0 115 135 128 145 0 134 137 103 0 140 106 125 107 135 101 131 102 102 0 109 0 146 115 139 137 118 0 0 100 103 114 125 0 127 0 109 126 127 123 103 0 146 0 0 105 107 118 0 123 123 120 0 0 126 118 0 0 0 102 128 0 140 125 141 112 0 123 0 0 130 0 139 108 0 142 0 100 0 138 0 0 0 146 124 139 107 120 104 117 145 135 138 100 136 142 110 132 0 117 112 127 113 0 0 120 129 149 0 130 145 0 109 131 120 131 0 0 104 117 0 144 125 118 119 105 0 132 0 0 0 0 134 144 137 127 112 131 0 149 0 136 0 0 140 137 146 107 149 140 146 119 114 130 126 0 125 118 0 136 111 0 120 0 144 0 100 131 0 0 111 121 0 132 126 107 0
0 148 124 127 114 141 0 119 117 130 139 0 115 124 132 109 113 124 111 111 102 135 0 0 148 0 103 140 0 0 0 103 0 0 144 0 124 137 135 121 139 129 104 132 106 109 143 109 122 142 137 124 0 102 0 112 132 0 104 0 0 0 122 102 119 114 113 0 0 111 132 128 0 0 138 106 0 132 146 141 0 0 143 0 115 142 105 137 118 106 112 108 130 108 130 114 131 140 0 110 147 107 109 0 119 122 104 145 100 0 0 109 0 128 135 123 137 138 0 122 140 114 0 124 145 104 101 0 111 0 122 0 136 145 0 106 134 104 0 0 143 126 113 114 109 106 126 149 0 145 124 142 128 0 128 108 136 100 132 0 0 104 133 128 148 0 135 114 0 105 102 142 0 109 0 110 135 0 132 119 105 0 0 126 146 0 0 0 138 113 118 133 129 102 0 123 135 138 141 138 144 123 113 137 129 0 119 147 0 106 119 129 116 108 127 137 136 0 0 142 149 0 136 138 135 0 146 0 106 120 138 0 0 105 103 147 0 0 137 146 145 120 103 115 0 116 115 121 0 128 141 142 0 103 0 143 0 127 106 106 115 104 0 138 111 117 0 149 100 107 0 146 0 139 137 108 117 106 0 125 116 107 0 0 138 139 128 100 101 118 0 145 132 144 103 103 144 140 116 0 115 112 125 106 117 114 0 113 138 127 0 136 141 139 116 136 133 128 148 131 121 149 118 129 107 103 109 116 133 0 0 146 139 135 135 137 0 0 0 119 136 0 0 142 120 123 114 125 0 125 146 0 0 0 125 0 0 135 148 129 106 105 122 107 123 120 143 0 112 102 104 140 149 113 125 126 0 127 100 0 123 119 129 140 136 109 101 117 113 129 111 119 0 145 125 101 0 125 103 137 148 0 143 137 0 139 0 117 140 119 113 131 114 124 0 109 108 132 130 0 133 0 116 132 129 106 129 135 146 110 0 139 102 115 135 0 108 0 142 103 111 127 0 116 145 0 107 115 142 148 106 115 102 143 109 149 107 103 112 106 119 122 122 100 140 131 122 105 118 0 144 124 109 132 108 0 108 0 0 111 0 118 122 0 122 103 0 144 130 120 133 101 145 119 147 118 141 140 0 0 0 0 109 147 128 100 108 144 0 110 0 145 132 132 113 103 0 0 146 134 136 134 115 123 146 0 112 115 0 128 102 141 121 125 0 143 130 0 131 121 113 0 101 146 0 103 107 122 0 141 101 0 103 144 138 111 139 148 104 0 0 134 120 119 0 0 0 120 135 114 133 125 0 106 0 141 0 126 106 147 128 132 0 131 108 142 0 0 125 105 129 0 142 0 128 108 121 125 0 148 129 119 106 0 0 0 127 123 112 0 131 114 114 140 0 142 108 117 137 126 131 143 128 110 134 144 0 115 0 119 108 130 111 0 106 130 126 132 140 106 131 0 114 0 143 0 104 0 129 129 0 145 129 0 143 146 111 141 120 0 0 0 0 144 143 0 108 136 138 0 0 0 0 144 132 0 134 0 132 106 0 135 0 102 0 107 0 0 0 0 109 101 113 0 115 0 132 146 108 136 110 103 0 143 136 0 126 142 147 102 147 116 119 147 126 124 143 124 138 113 126 121 149 107 115 122
0 146 137 140 133 137 136 140 112 108 147 143 0 0 131 149 108 144 123 149 123 141 101 0 111 113 143 0 0 140 143 101 0 130 0 128 106 107 0 116 145 105 0 0 145 106 102 129 103 109 0 145 119 144 131 113 128 137 133 141 136 145 117 135 143 110 115 0 0 135 148 133 140 0 0 149 114 118 121 144 108 117 106 119 101 146 111 145 113 126 112 0 131 0 131 0 114 0 129 133 132 126 134 112 114 0 0 136 120 142 100 102 103 132 130 114 118 145 102 118 103 147 0 0 111 125 113 115 112 134 146 0 139 146 100 123 139 139 105 0 0 0 142 0 0 120 145 107 124 114 149 122 126 130 102 137 0 0 117 139 0 127 105 103 114 101 144 107 119 131 118 113 0 127 0 149 0 0 107 0 0 108 119 142 0 146 142 109 0 125 149 135 102 126 137 0 144 135 118 135 104 120 123 0 104 145 138 139 145 0 145 131 124 0 148 0 131 113 103 118 0 136 119 142 126 147 111 100 147 112 147 106 115 112 128 143 134 148 0 104 114 131 139 102 119 146 0 143 0 121 106 124 148 131 0 0 120 100 138 117 143 108 115 139 0 141 128 0 105 117 146 0 122 147 108 110 121 128 112 132 111 0 124 148 0 0 129 127 103 0 132 111 144 113 127 0 125 102 115 122 107 101 0 134 139 107 123 118 0 138 114 0 0 0 113 109 112 0 143 114 119 146 108 137 115 0 119 127 0 143 148 100 0 0 0 103 129 145 103 0 144 114 145 100 149 137 108 0 132 144 142 126 102 122 0 0 101 0 118 130 0 145 127 128 130 131 0 109 141 132 0 133 126 0 132 127 0 109 0 127 148 0 110 125 144 121 110 102 115 105 0 129 113 148 0 102 139 122 144 144 148 117 125 133 110 139 130 142 121 136 114 0 116 117 122 112 138 145 122 0 116 0 119 0 0 136 0 100 124 111 132 147 103 101 127 0 0 0 110 0 0 136 0 109 116 123 118 0 110 116 102 104 123 108 123 147 103 123 0 144 129 0 144 0 143 139 102 147 0 125 149 146 104 115 114 0 110 122 124 135 119 116 145 0 138 0 111 104 144 103 105 104 0 112 134 133 133 141 137 121 120 133 102 140 129 129 101 131 0 138 139 113 122 132 0 136 103 0 104 130 0 134 0 0 137 0 145 106 149 102 144 124 129 120 0 118 102 127 0 0 0 109 149 119 124 145 109 128 142 107 103 128 0 139 124 117 0 134 104 110 112 111 0 142 0 108 0 127 142 117 142 0 125 0 101 123 105 129 118 104 132 0 0 115 139 138 140 135 132 125 115 103 121 0 107 106 0 126 108 134 109 105 119 0 104 140 0 109 131 127 144 103 0 100 0 108 0 139 141 0 0 128 0 136 103 119 101 0 0 146 106 0 137 145 0 144 0 0 119 113 138 131 0 126 136 0 106 106 123 140 0 122 0 114 129 100 141 133 135 139 0 140 131 0 0 107 107 122 122 0 111 140 132 114 0 127 148 112 110 143 138 142 140 124 0 133 127 114 0 0 149 109 100 0 147 0 133 102 115 139 100 121 145 141 114 142 0 108 0 0 0 124 118 132 105 122 116 106 109 0 138 148 136 0 0
0 116 118 149 120 136 132 140 103 111 103 0 121 133 141 137 118 102 120 120 111 108 137 126 0 148 145 105 0 124 111 0 137 119 107 0 0 123 105 130 120 135 143 0 102 0 104 117 116 146 111 131 0 0 116 126 130 109 136 132 106 109 146 119 120 114 110 0 135 149 0 103 127 135 0 141 0 105 132 105 0 115 0 107 0 106 138 105 128 135 109 104 116 0 133 128 0 0 147 149 136 118 120 0 0 148 131 0 138 118 0 143 112 120 0 137 149 122 0 147 146 108 0 147 105 0 0 127 124 134 118 140 147 0 132 143 138 0 0 149 104 138 128 130 136 129 117 106 144 115 0 138 0 121 121 132 146 0 116 0 0 123 114 123 136 0 108 134 111 106 0 109 117 0 117 117 149 0 124 119 106 147 133 0 122 0 121 123 146 109 119 0 111 118 140 100 100 0 145 145 0 143 0 0 134 125 149 0 116 134 135 110 0 111 126 128 141 102 121 115 114 144 120 146 111 121 103 130 102 123 0 0 135 0 0 102 143 0 0 120 108 132 109 0 146 0 0 0 0 100 0 0 129 0 120 101 112 128 108 110 141 0 146 115 0 0 143 0 127 0 134 146 0 136 143 117 0 132 115 130 143 102 126 107 145 117 140 116 0 109 134 0 140 0 124 0 115 147 100 0 122 0 0 103 106 0 144 137 100 124 0 102 138 100 0 146 132 102 145 134 145 0 119 120 104 114 0 131 129 102 135 0 0 106 115 141 114 0 101 0 116 0 100 141 0 124 112 121 0 110 112 115 104 0 127 103 133 101 113 126 120 134 0 138 100 130 143 145 0 126 147 0 101 0 116 0 129 135 130 0 142 143 0 106 0 125 115 144 118 105 110 119 114 100 149 103 110 139 132 0 0 0 120 146 114 142 0 140 0 123 143 120 0 103 102 0 129 0 133 115 141 0 147 114 0 145 114 127 0 148 131 113 139 0 118 0 138 0 135 123 125 134 106 134 126 0 140 118 0 118 107 120 108 115 142 0 141 105 0 111 120 109 131 0 137 117 122 143 0 121 105 146 140 101 107 104 101 113 0 103 119 141 107 130 0 149 105 138 0 141 130 131 115 123 135 125 0 0 0 106 141 118 143 107 103 0 148 0 146 103 0 131 138 104 137 125 104 115 105 0 133 112 0 147 119 131 144 130 115 125 0 118 0 116 147 123 0 0 121 0 114 0 116 148 100 121 0 127 146 133 117 100 123 132 102 149 130 120 146 138 0 119 0 140 107 147 117 103 108 0 0 148 124 119 116 103 137 0 0 122 107 116 0 137 135 0 0 138 146 111 0 113 0 114 118 115 121 0 114 108 146 115 118 110 129 130 0 0 131 102 139 143 145 122 131 109 138 117 106 0 137 122 132 0 147 0 115 118 149 0 0 0 108 124 124 0 102 0 141 118 135 139 100 100 111 0 107 143 105 136 120 143 0 131 149 127 148 122 107 116 132 140 135 137 113 135 0 118 121 114 105 0 129 143 100 109 133 115 0 127 131 123 0 136 117 104 131 108 105 104 132 117 0 132 120 0 0 0 0 0 103 148 0 122 101 144 134 0 110 0 116 107 0 139 102 118 149 120 103 118 138 143 138 139
0 149 132 129 0 125 0 0 112 0 130 129 148 143 144 109 114 141 105 111 113 141 133 118 138 0 144 0 144 119 115 142 128 112 0 134 138 122 115 0 136 0 0 101 0 143 103 0 129 132 125 129 119 140 107 116 123 0 0 0 110 127 137 149 145 0 114 129 0 127 122 140 0 108 100 0 0 148 115 132 0 0 0 0 100 0 141 142 132 106 0 117 100 0 140 111 0 0 0 112 140 132 141 138 104 114 0 0 0 136 0 113 116 131 139 117 103 137 119 0 102 127 131 116 124 144 0 134 116 122 0 0 115 137 0 145 135 116 0 0 115 139 134 146 0 0 138 125 143 0 148 125 0 131 0 126 115 114 149 115 0 119 126 130 125 0 132 133 126 141 136 146 141 142 126 148 0 0 0 127 0 146 109 125 103 0 0 147 0 101 100 0 145 137 119 103 127 0 112 146 138 142 106 109 135 141 124 144 104 107 0 147 138 138 115 144 0 108 115 129 119 146 0 0 100 0 141 141 0 0 145 0 145 112 0 135 0 0 141 125 119 101 122 122 0 0 0 138 0 0 133 113 113 0 103 120 102 112 146 139 108 120 136 0 137 0 148 108 138 101 0 0 0 0 148 0 147 104 0 132 134 117 0 103 104 133 103 106 135 132 119 149 130 141 133 140 101 119 0 0 132 143 116 0 147 0 115 115 111 0 146 112 136 0 147 136 124 139 0 115 108 105 117 103 109 0 0 125 130 143 0 147 138 117 0 0 138 126 0 108 0 136 121 115 134 0 134 110 117 105 0 143 120 117 117 107 134 124 105 0 101 123 148 0 100 131 133 137 0 0 122 0 145 117 119 148 0 138 0 143 142 0 0 112 111 119 112 134 125 121 126 149 0 0 141 130 106 112 107 0 0 113 108 119 0 139 112 141 128 0 116 114 108 122 100 117 149 0 103 143 114 128 134 0 0 123 101 136 0 0 129 136 0 101 0 127 133 111 126 0 111 138 0 129 110 118 144 0 129 149 103 0 138 104 114 120 102 0 147 0 106 119 112 0 108 115 147 0 139 148 0 139 130 114 113 148 139 105 149 140 124 111 111 0 143 119 119 124 104 120 112 0 119 118 112 144 149 118 121 120 0 128 0 135 136 126 119 107 112 119 108 0 146 107 0 117 142 0 0 116 122 143 102 0 146 0 109 122 115 105 130 129 0 108 119 125 0 140 116 118 136 144 0 117 118 132 128 115 0 141 0 142 0 126 0 140 110 124 126 102 121 106 127 0 132 106 148 127 103 128 148 101 122 143 120 0 114 0 102 0 0 0 136 134 127 105 0 0 125 117 0 0 133 120 112 128 125 0 114 134 125 106 0 146 126 136 0 0 129 0 0 0 109 112 128 123 113 120 130 0 102 149 105 119 138 115 137 107 0 130 100 135 113 115 109 136 106 149 140 126 126 108 100 0 101 135 138 122 127 129 135 130 0 0 144 0 0 0 0 0 110 121 142 0 0 125 121 123 119 0 0 0 111 139 0 108 143 144 0 125 125 105 100 104 106 0 103 121 0 114 128 119 144 116 136 123 143 135 101 0 0 111 132 104 0 108 0 141 104 0 0 0 137 0 110 137 100 142 137 0 117 120 131
0 0 103 107 116 116 0 0 0 130 140 0 103 114 0 141 146 0 123 146 134 108 111 144 105 108 0 116 137 140 0 102 0 0 0 130 0 143 0 146 121 115 114 0 0 113 0 117 120 145 100 103 121 100 106 0 126 120 122 132 141 0 124 140 131 139 120 108 107 149 0 131 121 0 115 129 113 114 120 131 120 0 111 112 121 125 0 117 144 0 131 134 139 132 125 139 140 0 132 120 117 104 146 143 104 123 133 144 105 135 106 0 0 123 148 0 121 136 0 112 113 101 128 129 144 125 109 113 144 114 122 118 114 110 102 138 134 113 140 144 100 120 0 0 0 0 111 140 0 134 114 121 108 138 140 102 146 134 130 106 140 119 0 137 110 0 118 114 103 146 117 109 112 123 0 0 106 118 117 139 0 116 0 131 134 118 137 136 0 120 105 102 103 0 100 122 0 123 145 106 149 134 100 142 108 0 0 121 0 103 105 105 134 0 105 0 148 0 113 0 0 111 130 125 0 119 143 0 0 127 141 0 102 130 124 0 140 107 120 128 146 0 120 137 120 0 0 112 133 124 103 120 0 133 144 0 120 0 130 0 109 141 0 100 0 121 141 116 113 137 125 130 131 121 0 119 0 119 0 0 0 134 0 0 135 114 149 107 135 146 148 112 110 102 115 0 104 142 0 141 0 0 120 0 0 115 136 122 148 0 144 0 101 111 115 0 122 149 109 111 133 0 113 0 0 0 129 108 123 130 125 133 109 0 111 0 0 140 147 0 101 112 100 0 133 124 0 130 0 143 148 0 0 0 124 100 121 116 110 116 117 140 121 111 0 120 122 124 105 114 0 140 106 0 120 0 126 123 0 127 106 104 138 120 135 131 120 0 126 141 148 141 0 136 130 0 137 0 0 115 110 122 0 120 146 128 123 102 0 0 119 116 114 120 139 0 103 0 129 119 117 147 135 132 113 132 138 104 116 0 0 122 0 0 120 143 0 140 134 101 133 117 0 133 138 112 114 134 122 113 0 103 138 100 148 114 109 129 138 140 139 147 147 148 132 100 100 136 148 105 118 106 141 134 0 115 0 148 134 134 0 146 0 0 129 111 125 145 113 0 100 104 135 123 113 0 135 0 145 106 103 105 137 105 115 114 127 130 127 144 134 143 105 120 107 0 0 124 103 132 116 127 116 127 107 112 110 126 124 0 120 116 128 122 124 135 142 114 0 122 0 124 145 114 129 117 130 121 102 112 142 139 113 149 117 146 101 143 103 127 136 127 120 102 107 0 0 0 134 147 120 139 101 148 120 114 137 0 115 0 0 134 126 124 125 145 141 111 100 101 103 131 0 145 101 117 0 0 118 0 0 124 100 0 149 0 136 125 133 143 0 0 121 0 128 104 118 107 149 0 143 118 0 128 0 135 121 114 114 133 0 143 111 140 104 0 146 127 103 0 149 113 146 126 141 124 0 135 113 132 102 111 0 148 143 144 116 124 102 144 126 108 135 0 0 120 0 105 109 136 127 148 130 147 0 102 0 0 0 141 108 111 123 129 121 141 0 139 0 130 141 132 134 103 109 140 145 0 0 101 114 134 136 117 104 0 114 141 135 0 0 118 123 114 0 123 0 120 115 141 116 123
0 137 116 122 100 132 118 0 139 0 124 124 139 101 141 0 134 144 113 0 0 110 124 119 0 0 0 0 122 0 139 108 0 129 115 126 121 116 124 102 129 0 111 0 100 0 129 135 114 0 0 0 142 120 127 137 0 108 0 108 113 140 107 114 120 147 138 116 147 131 134 115 126 115 148 104 0 138 144 111 0 132 0 136 143 120 141 121 146 0 0 137 104 0 128 0 131 0 0 0 137 0 116 144 0 115 149 0 0 128 113 117 110 133 128 137 140 107 130 140 0 125 141 112 120 125 143 100 126 109 0 138 137 141 0 133 137 134 108 145 117 133 130 0 110 129 120 124 0 138 0 101 131 145 110 114 148 133 0 144 104 125 110 108 128 132 114 109 129 127 128 142 121 124 102 134 140 129 125 143 130 124 0 130 0 0 147 138 0 141 128 0 102 106 124 101 106 0 134 0 0 148 0 118 137 118 130 146 108 0 115 102 142 109 133 0 111 105 114 121 117 128 120 116 123 0 141 129 0 0 0 116 133 0 135 118 119 148 102 0 130 127 0 0 0 100 101 141 119 104 124 0 107 127 112 119 135 122 0 142 112 128 115 143 128 109 136 130 135 147 141 0 141 104 148 105 138 125 143 148 120 139 128 119 117 147 103 112 127 117 149 0 126 124 0 102 0 0 120 124 105 111 0 122 133 101 0 123 149 0 115 141 0 0 111 132 110 145 100 112 0 110 106 103 102 124 148 114 106 110 104 0 119 132 118 117 109 0 134 0 0 0 141 125 116 146 0 0 103 137 138 120 0 0 112 103 0 123 0 127 0 0 141 148 101 119 0 0 106 123 0 110 130 134 139 136 129 121 119 0 128 135 0 105 140 113 141 132 129 123 0 128 115 0 125 102 0 0 113 138 113 103 0 0 149 0 130 106 144 146 0 142 0 127 0 106 110 138 0 0 144 144 110 120 113 0 136 106 109 102 149 132 140 137 127 121 137 105 140 0 140 148 112 121 149 135 136 130 122 112 0 109 115 134 100 0 144 147 132 110 131 120 134 0 119 129 132 0 142 129 0 143 101 0 0 103 126 140 136 125 124 0 117 147 105 130 131 101 0 120 112 0 147 118 0 0 101 0 0 0 137 149 0 0 0 139 131 0 0 128 0 109 0 0 109 132 125 0 0 0 128 135 148 0 113 122 123 104 104 0 123 0 112 100 0 134 111 119 136 104 0 112 0 0 0 113 114 146 0 136 108 133 143 0 133 115 144 116 144 144 0 141 114 145 143 126 103 0 133 0 0 112 146 145 113 132 144 122 102 122 132 143 140 101 122 138 0 107 126 110 140 137 0 108 111 143 131 123 0 137 0 146 127 0 134 0 0 123 149 108 140 103 135 0 136 134 104 101 142 0 0 0 0 129 0 110 134 129 124 117 105 146 112 0 123 134 146 0 127 0 106 105 129 102 0 132 120 0 106 113 0 125 126 138 126 117 0 102 0 0 135 146 139 106 149 124 0 0 109 109 0 135 138 142 0 0 120 130 130 137 118 134 124 142 0 140 141 105 102 130 0 120 0 121 0 106 120 119 148 123 130 138 144 129 0 126 130 143 0 145 123 0 0 103 129 0 136 127 0 131 113
0 0 124 120 123 112 125 110 116 113 0 130 115 0 103 129 0 123 123 146 0 126 100 149 100 149 0 101 134 120 0 0 101 107 139 143 149 108 126 117 102 102 107 0 137 101 0 119 119 110 128 135 144 0 140 121 0 113 129 145 140 0 130 0 119 136 0 138 0 116 135 108 0 143 0 0 121 146 113 0 138 0 0 113 0 114 0 136 112 123 0 136 113 0 123 0 110 125 0 0 139 118 100 124 104 0 125 0 101 113 114 0 110 0 142 0 102 143 108 0 0 128 131 100 0 0 144 0 112 103 100 130 119 127 101 113 0 104 133 0 138 0 113 134 0 126 102 0 115 126 106 0 140 108 148 132 0 125 128 114 109 0 118 0 102 100 117 133 101 133 121 131 102 0 108 0 139 126 102 137 118 106 112 129 145 137 0 109 0 120 148 135 108 0 143 0 134 107 121 0 126 139 0 0 144 0 128 107 129 149 0 113 124 115 133 0 0 120 0 119 103 134 0 119 119 118 102 120 103 133 100 145 0 105 135 132 134 108 122 125 120 0 124 0 148 123 0 138 130 0 0 0 113 0 132 0 110 107 120 0 111 0 124 0 0 111 119 0 144 119 125 0 107 102 126 103 0 0 135 132 0 113 0 130 113 120 117 127 0 118 0 0 121 142 0 123 148 106 126 0 126 136 125 112 139 112 100 132 124 135 121 135 142 123 106 104 140 111 0 135 114 0 111 135 106 125 124 118 109 119 0 142 137 126 110 100 0 113 133 116 126 124 103 138 140 102 110 123 0 0 123 0 120 0 103 140 110 127 120 128 0 0 102 0 114 138 136 117 133 131 120 135 135 121 136 0 118 131 121 148 119 0 0 144 138 131 0 121 0 108 0 133 146 0 100 142 0 144 142 115 108 140 124 105 149 0 0 0 125 117 126 145 145 0 0 125 126 145 108 129 113 145 126 106 0 127 107 104 131 0 112 101 0 101 149 0 126 127 110 137 136 126 129 113 117 0 0 100 115 0 130 144 112 130 104 125 135 117 127 149 0 147 132 0 126 139 0 142 122 132 0 146 0 0 112 128 121 128 138 129 0 121 0 0 145 131 0 135 108 0 117 146 0 0 0 0 118 0 138 118 103 117 114 110 121 102 0 124 112 114 0 142 139 133 128 149 112 130 0 131 115 0 118 107 114 0 108 133 139 141 124 108 0 103 149 120 140 116 103 0 0 114 114 135 0 145 144 0 0 130 120 100 118 120 110 146 149 0 0 138 132 135 145 119 120 0 123 129 143 106 146 120 106 109 102 130 0 0 119 0 0 123 0 141 149 125 0 121 0 110 137 0 0 144 148 124 149 0 0 123 131 145 135 138 104 127 114 0 149 110 103 142 110 124 119 137 110 104 112 102 147 143 119 135 0 109 140 0 0 134 118 117 103 125 115 113 105 0 118 108 140 111 121 101 0 134 0 132 115 119 108 121 135 0 133 142 0 147 128 114 129 0 123 0 107 0 0 104 144 127 134 128 135 109 0 142 137 102 118 0 115 131 137 112 141 0 116 134 115 128 0 140 140 136 142 0 112 121 0 136 0 135 113 0 101 0 103 106 120 131 105 113 128 140 134 129 141 115 0 0
0 110 0 129 126 0 100 137 110 0 0 146 102 124 117 0 0 143 146 139 0 126 136 147 110 105 100 126 134 109 111 115 121 125 111 124 132 131 0 133 133 113 139 146 140 145 0 128 101 139 0 127 103 110 113 115 117 144 135 118 101 138 134 0 101 115 125 0 0 129 0 130 0 129 140 110 0 0 112 132 124 100 118 126 125 104 0 0 119 0 139 117 125 102 147 112 147 127 113 0 0 102 132 0 145 130 140 0 137 119 120 109 0 136 137 114 0 144 0 0 0 143 0 140 104 142 0 0 128 149 108 0 140 0 0 114 0 112 0 112 119 106 116 109 106 0 137 141 0 121 113 131 138 117 145 0 117 123 116 117 116 0 115 0 103 106 113 126 111 114 101 118 141 129 125 103 0 0 0 142 117 125 0 0 0 128 110 0 146 0 116 148 0 129 0 0 115 100 103 123 147 129 144 136 138 139 147 0 142 0 125 146 137 110 142 113 144 140 108 0 0 111 125 125 0 143 134 146 104 119 105 119 0 0 135 0 144 144 0 132 122 116 139 133 119 0 149 130 133 0 115 138 136 137 0 135 120 105 133 112 121 107 123 115 0 135 129 103 0 138 0 128 120 135 102 0 117 0 139 123 129 117 114 132 0 101 0 137 129 103 117 107 144 113 0 149 101 143 139 120 122 148 142 108 108 132 112 113 0 140 135 141 145 0 135 0 144 122 141 108 0 118 0 127 128 125 149 109 102 124 0 109 132 145 0 135 111 0 104 127 137 0 106 0 140 131 137 0 127 0 137 0 148 0 114 0 137 0 103 105 112 0 129 144 0 130 112 145 0 137 128 0 138 104 121 103 147 131 0 103 122 110 0 147 0 0 127 127 146 0 100 129 122 126 106 139 0 140 125 135 0 137 0 121 129 121 109 0 115 0 121 107 133 136 130 147 125 110 109 101 148 118 105 133 103 115 130 104 116 100 100 0 122 135 120 121 146 0 115 103 0 104 124 0 122 106 0 125 118 149 141 128 0 149 119 0 122 103 123 0 111 127 124 123 116 131 101 105 0 0 125 112 0 107 112 0 0 134 130 0 129 135 135 117 135 0 120 126 118 136 140 0 143 140 116 116 0 106 0 148 142 105 114 133 0 0 133 0 100 0 108 133 0 102 101 125 134 105 0 121 124 135 128 118 120 0 100 0 141 103 125 126 108 119 133 0 0 117 137 112 103 103 0 115 0 117 106 142 0 110 123 115 0 142 131 110 146 0 111 115 138 137 141 0 0 0 0 107 145 0 136 130 106 101 139 144 141 0 110 0 104 0 141 126 130 0 0 103 140 123 142 132 0 128 0 0 124 117 105 138 136 0 137 114 119 100 0 121 137 100 138 117 103 0 0 120 138 138 143 118 130 104 0 106 126 101 101 0 0 141 0 129 100 0 0 131 0 105 129 149 119 0 0 100 0 128 122 128 144 147 107 0 138 124 137 0 106 0 127 0 121 128 0 0 149 0 0 0 125 0 0 0 113 129 128 134 117 144 110 123 112 0 116 117 101 0 122 0 109 102 122 0 101 134 132 0 108 0 119 0 114 128 101 129 112 0 135 0 0 136 136 117 127 112 120 147 114 148 132
0 113 136 111 144 104 104 130 0 104 135 105 109 122 0 0 145 0 116 116 132 119 146 112 0 105 113 0 126 102 137 0 134 0 130 137 128 148 135 145 128 0 145 0 0 0 105 0 135 0 0 136 148 0 110 131 0 101 104 0 134 119 120 140 109 0 122 113 0 123 138 120 108 144 125 125 101 0 104 142 0 112 0 100 123 0 0 0 134 0 114 114 122 105 132 104 121 0 134 0 0 148 121 145 147 132 0 126 118 138 100 0 149 126 0 0 0 121 130 133 125 145 101 132 141 0 120 100 104 106 140 147 105 140 115 140 144 101 0 0 140 136 146 106 109 131 108 0 106 0 0 0 123 149 130 135 111 0 0 114 114 109 137 112 128 108 107 0 128 135 0 0 0 109 126 140 0 102 108 0 143 113 139 0 0 100 112 125 129 100 129 133 139 110 128 103 0 133 114 137 116 135 0 122 102 0 139 143 143 136 138 140 100 0 129 123 119 0 0 129 0 0 0 140 131 108 120 113 126 146 108 0 0 0 144 0 127 130 143 121 114 110 129 131 0 126 143 0 125 104 100 109 126 127 143 110 0 103 0 133 143 122 0 113 0 0 142 135 100 146 146 0 0 0 111 110 108 116 0 120 122 123 110 0 0 108 149 0 0 0 118 0 0 124 0 0 125 118 121 118 130 0 0 120 149 125 117 101 113 0 127 117 0 116 129 135 0 104 111 107 104 102 101 0 149 100 137 144 0 133 114 101 104 132 114 0 131 107 139 119 0 114 140 132 0 0 0 144 114 141 135 129 149 0 136 111 129 109 0 0 149 0 0 123 138 117 115 0 108 111 137 137 119 133 140 122 148 0 127 120 0 0 140 119 105 0 101 105 131 134 113 147 102 137 138 0 119 110 0 138 0 0 0 128 129 146 0 0 101 126 128 121 123 105 140 105 146 0 0 143 0 125 0 130 0 0 0 109 122 119 123 0 121 137 135 0 0 126 110 110 132 123 145 111 102 146 134 103 0 141 107 123 113 119 0 129 114 147 126 0 101 124 0 0 119 112 110 106 0 122 127 143 0 0 113 111 0 149 0 141 0 129 127 0 0 112 146 0 124 124 0 0 106 110 0 122 125 0 127 105 0 135 104 101 129 0 140 136 104 144 105 0 0 106 0 120 105 134 114 145 113 149 104 0 140 125 103 124 138 123 128 107 113 110 0 135 139 139 108 117 0 0 108 125 0 114 107 130 0 114 0 142 0 137 100 114 0 124 0 117 149 149 139 147 0 113 102 0 0 119 117 118 122 136 0 120 0 134 114 106 112 148 0 147 125 124 0 103 115 110 0 133 0 101 133 0 137 130 104 107 148 0 116 108 113 109 111 142 144 102 0 0 136 124 148 113 127 123 0 114 143 110 106 144 0 137 142 115 135 104 128 143 0 105 131 0 0 123 141 149 100 133 111 140 140 136 129 111 116 140 117 128 123 124 143 141 0 122 149 132 125 0 0 128 0 0 145 0 0 133 112 103 0 117 0 103 121 120 103 109 124 114 0 124 135 115 101 132 0 126 120 0 0 131 0 140 0 0 144 105 0 119 102 114 147 125 0 139 139 139 137 127 144 0 139 143 127 108
0 111 117 0 108 105 139 126 112 0 114 129 0 129 129 115 0 129 0 108 107 121 111 0 149 115 112 0 0 0 0 139 118 112 112 0 0 148 0 0 120 123 101 146 135 148 146 0 0 144 148 128 116 0 0 107 114 149 138 117 132 147 0 107 107 0 106 145 137 141 134 138 131 125 0 149 100 144 118 0 0 117 123 0 123 144 135 109 119 0 0 0 130 120 118 0 109 142 0 137 109 107 117 119 143 0 127 0 0 112 0 103 126 108 141 105 135 132 0 149 148 0 0 0 115 121 0 118 137 107 121 0 141 117 106 112 144 132 134 147 0 137 0 124 142 0 143 0 128 0 0 0 111 122 100 104 103 112 139 0 0 0 137 0 117 0 143 0 113 129 137 137 135 138 128 100 129 126 134 137 144 103 111 145 0 114 145 0 0 0 108 124 112 137 147 117 136 0 145 0 124 134 125 118 0 127 121 0 105 144 0 146 102 114 127 0 138 133 121 0 116 0 118 133 146 0 0 0 124 125 106 0 112 135 118 140 133 113 135 0 102 118 125 144 136 141 131 132 131 0 108 124 140 107 0 0 103 140 118 106 109 0 0 109 0 111 132 144 100 109 114 128 0 110 142 0 110 0 0 135 100 137 128 113 102 135 128 0 0 121 148 104 0 129 112 124 138 109 113 0 0 0 113 135 123 0 141 138 132 0 135 0 0 104 140 117 133 0 107 106 124 122 105 127 107 0 109 139 0 114 137 0 105 111 147 102 0 121 143 123 0 142 0 0 107 149 0 0 106 104 130 107 0 127 101 114 128 146 0 140 143 145 106 0 0 121 0 0 143 104 145 119 105 146 129 107 126 144 119 145 123 147 117 0 106 124 0 145 113 0 111 130 129 0 0 139 118 0 103 127 0 142 128 0 111 142 139 0 0 0 133 139 0 0 115 0 147 102 114 0 106 143 114 0 105 143 134 115 125 127 128 117 118 136 122 101 127 129 123 0 144 0 125 0 133 125 0 117 124 0 110 133 111 143 142 102 0 113 116 106 116 110 0 135 112 144 136 107 144 0 106 125 0 0 146 0 0 0 113 0 139 0 0 0 0 138 108 149 148 138 106 118 0 144 103 129 135 123 0 118 135 105 129 0 130 134 142 135 0 0 112 116 114 0 143 128 0 115 138 0 108 0 131 113 134 126 103 104 112 129 0 0 105 146 100 0 142 128 114 117 112 119 101 129 115 0 0 115 139 0 107 128 0 118 100 0 123 114 138 144 129 0 104 100 0 146 103 119 104 0 129 100 0 101 144 103 0 126 0 117 147 113 0 123 129 100 124 0 136 0 114 133 112 104 0 129 101 130 142 133 140 0 147 109 112 102 117 116 0 0 117 110 110 146 130 0 0 0 115 105 0 143 0 109 125 131 133 145 0 134 118 123 0 148 144 118 109 149 147 0 0 149 100 115 0 104 102 132 129 0 118 149 0 124 140 0 120 107 141 139 131 137 136 147 0 0 0 122 129 124 118 0 149 147 137 109 126 103 0 111 142 0 127 125 108 138 109 0 0 105 137 100 0 147 138 0 133 100 100 0 101 125 110 0 104 0 0 0 142 114 109 123 0 116 133 129 107
0 141 133 0 0 139 0 103 111 135 0 126 114 145 104 110 122 0 132 107 131 0 145 124 0 0 115 120 0 0 129 136 113 0 132 146 104 0 107 117 0 138 0 107 131 112 120 114 124 113 112 0 0 131 147 111 0 0 147 107 135 0 125 0 0 146 111 142 102 135 129 106 110 140 0 0 146 139 0 0 104 101 134 149 142 0 0 144 0 0 133 109 0 145 0 122 0 145 121 105 100 144 121 109 106 137 0 113 116 147 0 110 134 101 0 109 132 103 145 135 101 115 127 0 0 133 100 108 123 120 100 126 130 117 120 120 129 119 103 0 0 117 123 127 107 0 122 111 0 0 139 111 132 141 0 125 133 139 0 104 106 144 134 132 112 102 116 105 118 123 132 0 0 135 0 0 140 133 103 146 0 141 127 133 107 0 109 121 120 0 0 116 0 0 147 0 123 130 0 148 0 103 107 129 120 107 138 147 0 110 124 148 124 112 0 136 126 0 0 103 115 124 100 100 105 102 142 0 0 130 0 124 0 0 114 146 0 142 109 126 140 132 0 142 130 143 105 136 101 0 146 114 105 132 0 112 135 137 138 0 0 100 104 148 122 135 109 105 0 107 0 110 100 143 145 0 136 148 0 0 132 0 120 102 0 140 122 0 0 140 127 121 110 141 134 110 0 122 0 143 0 0 0 128 139 0 102 0 0 128 131 138 104 129 0 141 113 114 148 0 100 135 146 149 149 144 131 119 117 135 136 0 128 146 0 118 148 105 107 131 128 0 129 120 147 119 0 106 108 148 132 0 148 145 140 128 101 0 0 130 0 123 132 133 121 143 0 137 145 143 100 115 0 145 0 0 130 0 123 139 128 102 111 144 0 0 134 140 135 0 141 0 102 0 126 145 130 0 127 132 0 0 111 0 108 142 127 102 111 0 136 147 123 101 0 118 107 122 121 0 126 0 149 143 144 139 149 109 127 0 124 130 109 112 107 128 0 0 121 101 130 102 0 101 128 127 121 124 127 122 145 103 0 143 120 0 145 148 106 140 0 143 115 110 110 132 118 103 0 0 124 127 122 144 141 0 0 0 107 118 118 108 125 140 0 128 101 105 103 104 114 130 144 106 0 142 143 118 107 146 123 0 144 109 0 125 0 118 104 141 148 115 0 119 122 116 139 122 131 0 141 105 141 110 111 128 135 0 131 114 131 112 120 147 116 0 101 140 0 134 0 129 143 138 0 105 112 118 102 0 139 136 149 111 123 125 0 107 108 147 126 125 0 139 117 0 130 111 134 0 126 136 124 128 145 0 0 0 0 124 122 130 0 0 146 115 130 0 0 113 0 0 134 143 110 0 119 142 112 145 140 134 0 121 119 131 121 120 0 140 0 0 127 112 119 103 0 125 139 0 131 108 115 105 105 113 118 141 144 134 131 127 121 0 0 143 121 0 0 130 117 0 104 101 0 104 138 0 0 146 0 119 110 109 143 139 0 124 108 117 143 0 133 143 116 102 118 141 143 110 122 131 0 124 104 143 0 119 136 104 136 121 100 146 145 145 100 143 102 149 118 123 0 108 0 0 103 147 149 122 101 0 104 0 115 113 145 140 118 119 134 103 130 0 146 140
0 0 103 144 100 0 138 145 137 0 0 0 121 136 143 133 138 129 124 118 118 141 119 113 132 0 138 0 0 133 0 0 127 139 132 135 0 146 119 149 0 125 131 0 111 125 103 0 128 0 104 0 0 0 104 135 146 149 0 117 124 0 0 131 122 141 102 103 142 140 0 138 121 142 111 149 0 113 143 128 148 138 0 139 114 0 106 139 129 134 134 125 129 126 0 120 107 130 128 149 149 149 0 0 113 133 118 120 139 0 115 0 137 104 100 117 0 131 121 103 106 121 112 122 149 120 140 139 110 0 104 0 101 107 131 145 134 104 110 123 106 0 124 0 107 134 143 0 110 122 108 107 132 0 104 121 0 103 126 143 130 113 0 124 0 103 0 119 135 133 143 0 149 136 0 0 0 0 106 129 146 0 0 0 123 0 146 133 119 104 102 0 123 124 133 134 134 100 0 148 111 136 118 108 108 0 100 0 0 0 124 108 132 132 146 0 0 0 136 0 0 115 100 0 147 0 130 108 147 133 102 145 126 103 0 135 147 101 110 136 127 114 137 106 105 148 127 131 145 129 0 104 146 134 127 111 143 141 100 145 139 100 105 108 124 115 111 121 108 125 117 113 145 121 113 117 121 125 107 0 113 0 113 129 0 100 115 124 114 120 134 0 144 0 121 137 131 111 0 112 107 124 141 0 100 117 127 111 122 116 113 147 0 112 0 138 127 100 110 0 0 0 100 0 0 111 121 141 134 100 108 127 137 143 126 0 0 0 0 128 109 144 132 128 0 131 121 100 0 131 112 123 114 105 146 137 130 100 137 118 115 145 147 111 146 122 128 140 123 0 0 127 149 148 140 0 149 0 110 0 144 138 121 112 130 0 0 104 124 110 118 120 122 107 108 133 139 0 140 109 147 0 0 131 119 121 0 127 104 0 106 145 0 148 113 0 0 143 130 149 104 117 0 101 135 0 122 136 148 144 148 129 104 138 0 136 145 0 0 141 143 115 142 139 141 149 131 128 0 0 117 116 106 0 0 124 103 113 137 108 112 104 0 0 130 148 109 138 110 131 0 100 108 142 105 0 132 126 109 144 117 125 0 135 138 144 0 116 113 0 0 123 118 0 123 121 106 144 115 115 123 147 0 121 103 106 116 108 134 0 105 106 131 130 103 122 0 106 0 127 0 0 114 0 0 0 0 0 104 113 135 0 102 0 121 110 125 0 125 110 112 123 135 143 141 102 135 110 146 149 148 0 0 113 0 138 0 117 134 0 108 115 130 128 0 131 114 124 0 146 116 104 123 124 100 141 135 146 133 107 102 105 103 148 0 0 149 0 0 147 123 0 143 125 120 105 110 119 113 110 116 0 125 136 100 101 0 102 0 146 143 127 136 134 102 120 0 0 130 109 118 145 103 116 116 114 104 142 0 0 110 131 148 142 125 0 148 118 133 137 107 103 126 131 0 0 146 115 102 102 0 0 0 100 0 0 136 0 123 115 110 130 112 114 134 111 123 124 0 114 130 130 123 134 131 0 0 146 0 134 119 104 123 141 145 108 112 106 136 132 115 121 144 109 101 0 100 143 107 135 137 105 143 102 122 141 128 135 0 100 139 0 122 134 126
0 0 111 149 0 117 0 134 136 102 128 119 137 124 0 144 134 103 145 0 0 0 115 122 148 0 122 134 138 117 106 142 124 0 0 144 118 100 0 0 115 133 0 0 131 100 143 126 107 120 144 0 0 132 133 0 125 112 0 0 132 120 0 142 137 114 118 135 109 102 137 0 132 0 114 122 147 0 116 105 0 106 0 131 133 141 0 131 105 138 115 0 0 0 130 105 105 126 117 123 126 0 0 134 102 130 0 126 106 0 101 112 118 108 147 0 0 0 116 133 0 123 145 121 120 128 113 0 0 129 121 104 125 105 0 124 143 0 144 0 127 108 145 107 107 0 0 138 132 143 147 125 118 0 145 122 122 112 0 143 117 121 126 149 128 117 0 104 133 137 132 0 140 146 0 0 127 130 103 114 0 146 0 122 147 116 141 123 134 102 144 111 0 0 119 0 144 116 0 124 0 113 0 0 131 143 110 140 0 144 136 130 136 124 116 128 131 132 144 103 105 134 0 131 107 135 122 114 0 140 104 115 118 0 141 145 115 130 0 130 116 140 137 101 0 134 141 107 130 123 141 0 143 145 0 131 115 122 105 122 137 110 149 113 0 109 144 110 0 108 105 0 146 0 111 122 102 113 124 100 112 148 136 135 0 0 103 143 127 125 0 143 102 111 113 116 0 0 0 138 0 143 116 0 130 148 109 116 136 132 0 144 0 130 133 103 110 0 0 0 139 123 0 103 0 0 119 111 130 101 104 0 107 130 126 102 122 113 126 106 111 133 136 0 112 120 141 144 131 128 0 112 118 101 123 141 116 143 122 143 107 0 119 137 123 109 0 125 125 115 144 140 146 119 123 134 148 139 0 145 0 112 115 0 137 128 112 129 110 109 104 133 132 104 148 148 0 120 138 0 129 118 148 0 0 0 0 0 106 130 0 138 118 119 0 134 103 0 135 133 141 139 122 149 0 0 0 112 102 112 140 0 0 139 138 142 118 0 107 114 0 138 136 146 147 0 149 136 111 137 0 141 112 128 0 109 137 122 0 112 110 115 0 125 100 134 0 0 102 120 101 142 138 110 0 134 0 130 144 142 140 115 114 0 0 120 140 132 0 0 138 100 103 0 110 112 131 114 110 0 140 0 110 137 145 0 113 136 108 146 0 148 0 0 103 135 120 145 114 147 106 119 119 0 107 140 143 0 0 136 0 137 119 0 0 0 113 0 144 144 128 143 120 123 133 148 118 112 0 118 0 146 127 135 102 0 108 0 104 0 127 0 0 103 126 100 108 122 0 133 116 0 117 0 140 101 139 0 129 123 130 115 101 110 0 137 117 113 135 105 0 126 140 118 117 0 0 105 104 112 0 120 115 0 127 0 109 143 0 149 149 148 116 138 140 126 144 0 130 131 135 118 134 139 0 101 0 0 0 0 0 113 106 0 0 0 0 119 0 106 122 103 110 105 142 124 0 102 113 145 145 112 146 142 145 0 0 0 0 132 0 0 0 0 124 141 120 120 145 116 0 106 113 109 149 0 136 131 133 106 121 106 105 136 115 104 144 109 0 124 126 0 131 119 130 0 0 0 119 119 0 148 0 117 0 123 124 138 141 130 100 130 135 104
0 113 104 0 139 124 0 117 129 0 128 0 112 149 130 0 0 128 149 111 109 108 0 125 0 104 149 0 102 0 107 101 0 146 119 131 135 110 122 110 0 0 108 104 139 104 113 132 0 149 138 113 126 109 108 114 105 134 0 117 148 100 0 115 136 106 145 0 135 148 149 134 138 133 147 146 0 106 127 104 135 108 136 142 0 103 135 0 131 136 116 116 0 142 137 120 113 119 105 138 119 0 100 123 0 0 107 105 0 114 120 0 123 108 143 0 104 0 129 104 114 0 120 102 147 131 0 124 126 129 111 116 0 141 0 111 0 0 137 136 133 0 121 125 143 143 0 144 115 100 129 0 147 116 142 104 129 128 114 144 0 0 135 101 0 0 148 134 0 109 0 106 130 129 0 108 112 124 136 124 107 127 112 120 108 129 0 107 112 114 119 117 118 117 0 107 0 132 0 0 120 106 133 0 108 127 139 0 135 0 0 0 115 110 0 0 105 148 0 145 115 136 122 115 0 144 0 123 104 106 0 120 126 125 111 0 107 103 146 127 139 121 122 133 130 148 106 103 132 120 114 124 137 132 0 142 123 100 108 127 142 0 105 0 118 139 133 114 100 0 105 118 0 128 129 0 130 114 141 0 140 132 137 112 0 108 143 101 141 148 131 129 136 100 145 131 0 107 113 0 128 0 137 123 108 0 127 0 119 140 127 132 147 109 134 108 125 0 123 0 122 0 117 123 145 106 144 142 0 114 0 146 133 142 123 0 100 143 122 134 116 114 146 0 123 148 112 102 0 129 108 102 103 0 0 0 0 142 144 125 143 114 127 149 0 0 112 146 117 0 0 0 122 131 125 131 0 142 123 122 142 121 0 123 103 0 100 108 114 0 115 131 116 0 134 128 133 0 0 124 0 118 125 110 0 140 102 123 142 0 119 0 0 136 111 0 121 0 104 123 135 110 131 139 121 149 122 106 125 133 145 147 149 142 149 138 0 104 110 118 0 119 0 113 110 133 0 103 119 126 126 0 0 104 107 0 134 100 107 129 139 0 148 0 146 107 148 0 114 103 0 0 0 0 101 128 0 128 135 123 116 118 135 102 101 126 0 0 137 0 126 134 141 143 104 0 0 145 0 0 127 120 0 135 100 119 125 0 0 118 115 131 0 146 104 130 124 147 145 145 120 107 126 123 113 0 112 107 103 0 0 119 129 123 0 124 0 130 124 102 136 104 120 135 117 119 0 123 0 0 115 109 111 0 122 107 146 149 0 0 0 135 0 148 132 113 129 127 140 144 0 133 0 122 140 137 127 138 115 144 0 110 0 106 115 131 136 115 121 144 120 0 104 0 126 117 147 0 149 142 143 105 0 101 145 128 140 113 120 132 129 121 106 128 100 0 120 120 0 134 126 0 116 0 103 0 136 124 130 144 117 137 104 149 142 129 0 0 108 106 105 104 0 0 121 129 113 119 106 108 0 147 143 127 141 144 0 0 119 105 125 101 123 0 102 124 117 125 103 110 0 0 0 106 140 129 0 116 108 119 105 0 148 0 138 138 114 118 149 111 116 143 0 138 111 137 0 126 106 0 132 0 123 138 0 108 106 111 114 111 101 130 0
0 123 133 125 0 121 132 105 0 114 131 140 136 132 105 124 126 115 107 0 139 121 0 0 149 0 141 119 145 105 141 132 145 0 147 0 0 101 147 124 0 111 103 0 0 101 127 120 0 109 146 106 144 0 112 122 139 0 104 143 0 125 0 110 135 100 119 127 0 143 108 0 0 0 0 121 113 141 0 0 139 117 117 147 105 0 143 147 134 0 117 102 125 109 124 149 136 118 114 101 0 126 145 111 120 0 146 0 119 100 0 0 129 0 0 129 125 143 124 108 0 115 0 0 102 138 130 115 112 137 119 114 129 118 140 0 131 0 136 141 110 0 0 116 0 118 100 0 143 0 0 144 107 147 106 121 135 104 109 111 102 125 0 120 0 111 131 144 141 149 131 109 128 112 0 142 112 120 104 131 139 145 120 127 103 104 146 115 143 0 106 0 129 0 0 0 149 125 129 139 112 133 0 112 114 129 121 147 140 145 134 139 138 116 105 106 112 136 120 118 118 100 127 0 144 102 0 142 0 0 128 100 120 109 0 0 0 0 134 0 107 113 116 106 0 119 103 0 0 0 147 107 104 0 0 0 0 0 0 0 0 0 145 133 147 0 147 106 143 0 106 147 112 133 149 113 116 101 126 0 117 119 0 142 110 0 105 126 140 0 140 149 113 116 146 116 0 0 136 146 114 0 138 0 0 106 131 120 132 0 115 0 0 0 136 117 123 122 134 0 118 148 0 103 131 122 139 0 106 0 109 118 109 116 134 0 125 141 118 118 112 0 126 124 103 112 0 121 126 0 123 0 0 0 132 124 117 0 133 118 131 110 126 130 136 118 0 119 139 0 120 145 131 108 138 0 0 140 0 0 108 149 100 143 0 124 0 121 0 146 131 0 149 149 0 101 0 131 126 118 109 120 115 103 129 0 132 0 133 143 0 0 0 125 112 120 114 0 148 117 106 145 143 126 0 0 115 123 129 104 113 134 100 130 112 113 142 0 0 113 120 106 0 132 116 0 144 112 136 139 126 0 111 126 117 128 0 117 129 148 0 141 138 124 0 118 0 0 0 147 121 135 0 118 106 108 149 124 133 0 118 0 0 0 113 134 141 106 112 124 0 107 107 145 107 103 0 0 103 0 113 0 142 113 119 119 0 109 146 139 140 110 122 131 101 145 138 125 0 123 113 103 106 129 107 0 0 0 106 109 0 126 123 0 129 0 135 120 129 149 110 127 143 113 121 113 0 148 130 146 0 135 105 0 0 0 147 0 124 135 101 133 0 139 0 107 117 140 115 135 110 147 0 134 143 145 102 148 113 124 0 0 123 115 103 0 102 119 123 143 131 0 114 0 114 112 139 132 131 143 131 144 117 0 118 133 135 129 119 111 109 135 105 131 0 105 118 140 0 104 140 105 129 0 140 0 103 117 128 0 142 136 139 102 111 128 0 144 0 109 125 126 147 108 142 100 135 105 100 100 112 0 101 117 0 140 115 100 0 106 143 146 0 131 0 102 130 117 0 0 125 134 129 102 118 118 148 0 121 137 139 149 119 115 134 104 119 136 104 107 116 149 112 149 149 0 0 115 132 140 149 123 119 143 142 0 0 146 0 125 126 142
0 131 0 0 109 0 130 143 119 149 0 100 101 148 128 0 146 0 128 128 0 140 105 148 0 148 129 113 129 0 129 134 103 104 135 111 149 0 0 129 131 129 107 109 122 114 125 0 0 125 112 101 104 109 117 133 112 108 0 117 121 148 113 0 121 144 112 144 146 125 126 136 106 0 146 0 142 139 149 109 147 109 110 0 123 100 122 121 120 0 101 110 131 135 148 0 138 112 144 133 148 115 0 111 141 127 0 131 126 0 123 148 101 101 107 111 134 0 119 121 0 0 0 139 133 125 0 0 116 100 0 115 0 102 0 134 101 0 0 0 105 136 126 0 105 145 125 114 103 133 121 137 0 133 149 126 0 111 123 133 104 110 142 0 102 117 121 114 145 114 129 134 116 108 106 140 135 124 0 146 0 128 0 127 0 123 128 0 0 0 130 0 148 117 147 140 0 115 0 110 138 114 131 132 123 0 0 148 119 123 144 0 129 101 137 0 0 144 144 118 142 110 0 0 120 114 112 134 109 112 0 145 105 0 0 136 0 142 112 101 0 133 129 113 135 149 144 105 138 137 0 122 108 115 0 0 0 129 102 0 123 142 112 100 136 0 149 141 116 0 123 148 0 121 117 118 124 0 134 119 105 117 130 109 0 100 125 113 124 0 0 0 135 106 100 0 118 102 0 0 103 137 142 145 0 0 0 100 140 0 0 106 111 116 133 147 148 0 0 138 132 146 131 0 112 146 133 116 0 0 0 137 126 140 119 0 0 0 110 117 136 0 117 105 0 135 107 124 149 122 0 0 101 144 118 132 145 120 109 105 111 142 120 113 0 132 128 0 144 141 119 111 103 107 118 135 108 135 108 149 108 0 143 102 143 125 146 118 107 141 0 0 108 124 149 138 105 118 140 133 113 147 143 144 143 137 111 145 118 149 134 118 0 123 0 128 0 108 0 0 136 0 0 0 140 137 123 0 0 0 109 135 138 129 122 119 101 134 107 0 0 119 122 126 0 124 122 0 0 111 116 121 0 130 138 120 0 0 122 134 134 144 128 0 112 111 0 135 124 107 122 0 120 134 134 0 0 135 120 110 0 122 0 119 141 0 111 0 101 139 118 149 143 135 0 140 101 141 114 147 140 125 0 119 0 112 144 100 139 118 109 0 134 0 139 0 126 127 142 128 0 0 107 145 108 117 139 117 108 128 0 120 103 0 122 123 0 109 0 132 129 119 130 139 138 136 134 125 117 127 129 103 0 115 0 124 121 127 135 143 0 135 131 0 136 0 104 139 123 113 0 146 108 133 104 148 141 131 124 107 131 131 135 135 100 0 130 124 0 100 0 0 116 113 107 131 0 125 138 0 114 145 112 0 116 144 0 0 143 0 0 120 0 108 0 122 115 102 121 115 125 122 106 147 0 121 117 144 121 111 108 0 107 0 131 0 0 130 147 115 100 137 100 116 127 105 0 102 0 0 115 0 120 0 124 0 141 0 118 144 146 0 140 0 110 123 105 0 134 149 121 127 106 110 112 141 146 0 133 0 132 143 149 138 0 141 144 110 149 146 120 148 0 131 148 147 0 100 134 101 132 0 0 125 128 138 125 101 148 0 0
0 117 141 0 138 116 134 0 0 134 110 112 149 117 0 0 0 0 100 143 149 119 139 127 100 149 126 108 107 0 125 146 0 110 131 0 0 127 107 0 115 106 117 105 124 113 104 128 0 133 149 0 128 132 133 105 101 0 116 122 108 107 134 101 145 129 0 0 0 149 108 0 139 116 145 121 129 138 144 138 110 110 0 125 114 0 118 136 137 128 107 0 106 0 108 109 117 110 108 136 0 0 108 109 123 106 101 0 147 120 149 135 140 112 101 146 114 148 107 0 116 0 108 125 128 102 135 0 0 145 129 106 111 0 122 139 0 141 118 103 138 112 147 139 141 0 107 105 147 111 104 0 116 107 0 146 115 0 107 127 0 111 128 0 135 131 0 103 117 116 0 104 118 125 140 0 129 0 0 132 134 130 0 115 0 0 0 0 127 140 141 0 129 110 126 146 133 135 0 0 120 148 148 101 111 133 148 143 147 130 108 0 146 143 146 0 125 134 129 0 105 147 112 0 0 0 146 142 137 0 0 130 0 123 101 0 0 112 138 114 102 120 147 104 123 118 106 0 141 121 0 133 0 140 113 0 109 137 145 0 136 0 149 144 0 117 0 115 110 136 122 143 119 113 121 146 122 112 144 139 142 117 0 130 120 0 142 0 107 0 0 116 131 129 129 148 101 135 138 0 131 132 114 140 139 121 102 122 110 0 0 0 141 149 126 138 120 105 0 0 108 145 0 147 115 118 145 120 0 0 0 103 104 0 122 103 110 115 125 147 123 101 114 127 117 130 140 117 130 109 105 0 110 145 143 0 107 132 112 115 145 102 110 120 141 100 141 130 0 148 106 114 108 0 119 136 121 0 0 0 0 127 123 119 112 122 108 136 110 0 131 114 104 0 129 113 114 106 139 131 119 123 103 129 112 127 110 112 0 102 104 108 114 0 119 143 105 102 130 0 102 0 144 140 113 111 131 146 0 149 0 0 128 0 114 128 148 104 0 0 110 109 0 123 137 117 145 125 0 124 105 102 0 110 148 115 116 113 0 112 147 0 0 0 134 101 142 104 0 131 0 105 130 125 135 129 122 130 115 141 137 0 134 147 116 102 139 118 0 118 122 123 0 0 0 123 119 136 129 132 122 119 122 0 129 146 0 149 123 0 131 138 149 0 124 115 126 143 137 106 132 0 140 101 135 117 112 0 139 117 137 130 117 137 147 0 130 142 106 137 130 125 0 142 0 105 128 141 118 0 123 125 135 107 122 115 0 115 139 120 144 143 139 0 100 149 124 119 128 0 0 0 105 0 125 136 0 114 128 141 0 126 148 116 121 106 110 107 120 0 104 0 0 0 145 0 145 108 129 0 105 132 111 0 0 0 0 130 119 138 145 128 116 133 134 0 144 144 135 118 0 142 0 100 0 109 127 108 138 113 113 139 102 0 141 108 108 141 132 106 120 0 108 113 149 127 121 113 0 116 126 110 139 143 0 106 143 129 117 123 130 108 0 136 129 145 108 139 116 113 128 118 0 127 0 125 122 138 148 116 147 0 135 134 0 0 117 0 0 142 132 129 125 116 118 0 0 0 114 0 0 140 127 0 110 0 108 102 148 149
0 114 138 114 0 0 0 120 0 137 124 0 124 132 0 0 112 110 110 0 0 0 0 0 0 131 144 0 126 0 101 129 139 103 147 125 115 0 107 106 0 147 105 0 135 146 143 130 141 125 125 0 126 147 140 116 111 0 0 120 102 147 0 122 0 114 131 107 128 121 0 0 0 145 148 0 0 0 122 0 126 0 141 133 0 143 140 123 128 126 110 136 142 138 117 140 101 135 103 131 137 101 128 141 0 126 135 118 103 147 127 128 146 109 105 145 109 110 0 107 127 148 0 137 147 0 134 149 0 109 122 121 147 105 113 120 120 0 0 128 0 128 100 130 131 129 102 137 143 0 0 146 140 138 114 0 0 0 124 117 145 108 119 0 113 0 0 0 126 117 145 0 121 0 126 0 123 112 145 139 104 0 0 133 117 120 0 116 104 149 125 0 121 0 0 127 141 142 137 0 140 146 115 127 0 0 0 0 124 138 128 108 125 117 0 111 102 0 136 0 101 0 0 136 0 124 0 0 0 118 126 0 103 128 138 106 0 108 116 110 108 147 132 117 109 0 102 147 0 0 141 122 109 102 0 106 119 139 0 114 135 116 0 140 106 0 117 130 0 111 131 0 149 140 137 101 129 102 128 0 0 0 138 106 100 147 142 146 0 0 0 144 0 149 142 104 134 149 129 129 135 121 0 127 0 0 0 137 121 137 111 108 117 136 126 0 123 145 113 135 108 101 0 0 0 0 118 0 106 112 132 123 0 146 121 139 107 106 139 104 149 134 101 111 147 0 142 0 142 149 104 110 143 121 115 127 106 144 121 0 0 109 100 149 102 127 131 113 127 0 131 0 141 148 103 111 130 131 125 130 137 115 132 117 113 0 0 0 0 141 137 146 0 119 107 126 111 101 100 0 100 114 141 105 141 0 126 134 0 130 106 101 149 125 122 114 0 0 100 120 0 142 143 123 0 0 100 139 107 119 137 0 130 0 149 0 0 141 146 0 0 122 0 106 134 137 0 143 125 0 133 146 131 113 139 147 110 0 106 0 142 107 133 139 135 125 125 138 0 0 135 0 103 111 134 109 135 135 121 102 0 106 108 0 0 132 116 0 0 0 0 132 115 130 136 108 116 0 133 127 149 124 143 111 126 111 0 138 0 133 119 0 138 124 135 146 0 0 122 107 141 141 107 0 113 0 125 117 0 109 0 0 149 108 116 0 124 100 117 129 129 118 106 131 132 117 0 122 106 134 122 0 110 122 129 0 131 148 100 0 0 121 143 100 117 101 143 132 143 107 0 126 133 103 0 102 117 110 123 142 0 104 126 0 0 116 136 0 143 136 144 0 140 144 111 130 0 107 112 133 0 108 104 123 120 103 119 100 0 140 137 115 116 139 102 117 135 115 110 125 0 134 106 126 119 122 120 120 0 114 0 0 134 128 109 140 0 149 109 120 122 125 119 0 0 105 0 141 136 144 100 0 131 0 102 122 108 116 0 0 0 0 117 126 139 147 115 116 0 149 141 126 106 104 120 126 126 0 0 126 0 0 141 105 126 101 0 0 129 0 119 0 139 108 0 106 128 105 0 130 108 0 121 0 109 0 106 0 134
0 102 132 0 112 0 135 137 0 126 140 120 0 128 120 117 105 123 113 118 131 102 103 107 0 0 148 0 116 128 109 124 117 138 149 0 0 103 0 123 148 124 148 121 0 112 0 102 145 145 0 139 120 131 137 148 102 0 103 134 147 111 137 108 0 128 141 139 132 116 110 0 146 125 0 122 107 108 126 133 131 130 0 0 136 134 116 111 139 0 125 100 147 118 133 0 0 133 148 131 119 123 0 117 121 125 109 0 0 102 130 0 145 114 126 131 114 148 138 133 105 117 130 119 142 125 107 137 0 135 124 134 143 0 116 0 136 102 0 0 138 106 0 108 0 128 127 117 0 125 131 0 127 0 113 0 0 136 125 0 0 102 145 117 133 102 0 102 0 119 110 132 0 136 143 115 102 0 106 0 0 121 116 135 109 107 104 126 0 0 128 119 118 142 124 144 0 141 100 128 142 143 134 139 0 144 0 115 131 147 126 0 114 144 133 114 126 0 0 110 0 111 108 110 109 121 125 114 107 131 145 0 101 0 113 128 135 0 0 106 107 115 102 146 0 135 127 106 126 113 109 135 120 106 116 0 107 149 134 118 0 132 0 0 146 107 118 132 123 101 112 133 134 0 129 0 128 100 142 0 0 0 108 0 0 0 143 133 114 101 111 138 0 148 0 0 120 106 110 0 110 119 111 0 135 123 118 149 142 0 101 107 0 0 147 140 138 137 109 134 145 116 129 110 0 115 0 143 0 0 105 148 144 129 127 148 108 0 122 0 126 0 0 125 107 128 147 116 129 0 102 102 127 139 108 110 149 148 0 0 124 125 0 124 126 126 146 125 135 149 125 100 0 139 118 131 100 0 0 113 0 127 125 0 110 0 106 108 147 131 125 146 104 126 0 123 143 0 122 115 0 108 0 134 128 0 127 0 125 145 0 123 0 117 0 110 123 143 124 106 121 147 0 0 128 109 114 0 134 146 110 116 0 117 107 112 107 117 101 123 0 0 129 142 117 121 127 0 119 121 111 0 108 135 0 137 134 0 109 113 129 103 135 0 123 122 118 0 0 104 124 0 122 134 104 0 110 0 136 143 115 101 123 104 133 144 109 139 0 139 0 131 0 102 0 0 125 148 132 136 115 104 149 112 103 127 108 112 137 141 120 107 113 111 118 136 112 0 121 108 147 115 138 0 127 0 105 145 103 134 117 0 148 126 102 133 105 112 0 108 148 129 0 126 132 114 116 119 114 140 123 144 0 113 0 136 111 107 140 0 0 110 0 117 137 144 111 0 0 109 101 134 112 141 100 138 113 111 0 125 144 142 132 139 0 0 146 127 106 142 106 113 134 107 140 146 124 141 126 130 112 0 111 0 0 133 0 0 115 104 113 101 107 138 114 0 109 116 0 124 128 135 0 103 0 0 0 124 104 140 0 0 119 143 0 140 107 113 105 0 0 149 106 138 145 0 118 0 147 148 120 102 110 128 105 0 148 144 0 147 136 140 131 0 133 111 127 139 0 0 146 0 118 110 144 0 145 144 136 130 145 138 124 0 0 118 145 148 116 111 141 123 143 149 100 141 127 0 0 112 0 135 107 143 117 136 111 115
0 140 117 133 124 127 127 144 130 134 120 0 112 130 137 145 130 142 130 122 146 140 117 125 117 0 107 0 147 125 144 120 149 145 101 0 123 113 133 109 0 0 0 102 102 115 125 112 142 124 101 136 125 134 126 0 142 128 101 145 123 0 111 0 0 0 0 140 113 121 0 129 118 112 116 121 0 0 103 119 149 0 147 0 128 0 102 105 109 149 137 129 127 116 0 131 135 117 146 122 124 111 0 123 103 125 114 0 143 137 108 148 146 124 142 0 125 123 144 0 116 112 130 139 0 0 0 135 136 0 0 0 124 139 146 0 149 128 127 123 118 0 132 0 0 0 0 104 139 143 109 0 105 118 138 142 111 142 108 123 138 109 123 104 124 0 0 0 110 0 110 138 107 149 124 0 136 124 0 0 142 148 117 111 134 127 112 141 138 125 0 104 118 139 131 142 103 120 127 119 108 0 141 117 109 0 110 103 135 131 0 114 124 0 135 0 144 117 113 141 138 112 0 130 101 0 0 113 147 125 147 143 114 0 117 133 103 105 127 125 104 123 0 113 0 0 0 0 140 102 126 0 0 108 0 135 128 0 132 0 113 134 0 0 105 132 111 139 131 130 133 0 134 116 119 139 128 0 129 134 0 122 0 112 0 105 112 137 130 0 107 106 120 0 140 132 120 0 145 147 112 119 0 127 147 0 0 120 144 0 103 137 0 120 0 124 107 0 149 121 129 0 140 129 127 142 130 111 104 0 101 0 142 101 113 130 134 142 101 145 135 124 122 124 101 133 121 0 102 149 141 111 115 103 105 111 0 0 0 0 139 138 142 128 145 118 124 0 0 124 0 0 111 0 149 148 110 0 134 0 147 117 104 112 148 134 120 102 0 0 118 0 126 0 0 0 0 136 116 120 0 126 128 142 139 0 120 136 144 149 142 136 139 131 144 142 112 126 138 114 107 126 117 0 113 127 129 0 140 132 0 101 127 138 121 128 132 142 0 0 101 130 0 105 110 0 149 110 0 121 147 132 0 137 120 116 126 102 0 106 126 0 135 100 106 131 116 0 147 116 118 141 113 127 138 148 0 124 114 117 118 130 107 118 0 101 0 100 122 128 121 104 125 134 122 0 0 0 136 0 140 134 127 0 0 0 113 135 100 110 136 0 144 0 134 133 0 100 121 140 123 0 0 102 0 143 0 103 137 132 141 0 0 145 142 116 103 135 0 106 120 0 135 0 102 140 121 0 0 145 142 0 0 0 146 125 0 111 147 126 116 143 144 0 125 0 132 144 0 137 118 132 114 126 126 102 144 117 104 106 116 134 120 110 0 0 102 110 0 124 102 147 129 0 141 135 0 122 0 126 0 145 128 132 108 132 110 140 141 0 113 145 131 0 115 141 134 109 141 127 0 118 104 130 140 0 109 116 0 149 147 112 0 109 0 0 113 0 0 0 118 101 147 125 107 0 112 126 124 0 111 147 0 125 137 138 128 0 0 0 135 128 110 114 105 0 136 0 129 116 0 147 0 0 106 113 122 118 112 100 0 105 128 120 0 110 132 0 133 0 143 147 131 138 0 136 0 0 0 104 138 126 144 128 0 0 0
0 103 144 121 130 0 0 130 111 101 0 104 119 140 0 101 0 138 147 131 0 139 109 125 0 113 102 125 121 105 121 127 107 124 136 138 103 111 113 100 0 117 0 133 141 136 0 143 145 137 0 145 0 107 147 0 148 104 134 0 0 136 123 108 106 141 100 0 108 132 149 132 115 134 101 120 0 0 144 143 130 127 141 147 139 0 133 128 129 139 0 112 135 0 115 149 109 0 143 126 0 0 0 114 147 125 104 0 0 0 137 143 0 149 134 125 129 123 130 108 145 127 119 105 135 0 131 135 100 138 147 133 132 105 0 0 139 123 0 109 133 123 0 100 123 119 116 139 127 143 0 136 0 0 136 109 0 0 0 131 149 142 109 109 0 103 136 135 0 0 0 114 145 133 139 106 140 106 115 138 116 140 0 120 142 128 119 0 0 0 126 112 0 130 101 0 120 127 0 102 115 128 124 146 146 144 137 147 116 137 144 136 103 124 0 102 139 147 145 122 129 141 109 133 141 118 0 128 121 121 100 125 146 142 135 148 102 0 117 122 145 0 132 121 146 124 0 133 103 129 128 0 114 100 129 0 105 117 146 145 0 0 128 104 126 148 0 107 114 121 135 0 132 136 0 111 116 139 112 130 114 109 114 0 111 144 101 0 103 103 117 123 101 148 122 149 110 147 0 122 0 115 134 125 141 133 125 102 116 0 111 0 142 147 0 147 119 0 0 0 111 124 135 0 137 139 0 118 143 149 111 109 0 112 133 111 0 0 107 127 141 133 142 130 106 125 145 122 112 115 115 0 0 128 0 142 0 138 115 0 113 0 0 0 110 104 128 120 0 117 145 120 143 140 0 107 127 0 143 0 103 135 106 123 120 104 133 0 113 116 0 112 131 0 147 145 132 143 0 100 132 126 122 148 104 0 104 145 147 0 127 0 0 124 0 131 146 122 109 109 125 0 105 0 139 118 127 125 0 106 0 0 129 113 101 140 143 120 0 102 0 140 123 129 0 108 143 114 119 108 104 123 110 131 116 110 136 148 0 121 145 0 117 106 146 119 0 0 118 148 121 0 110 131 147 0 125 0 121 106 114 123 144 0 101 121 147 0 129 0 148 119 140 0 123 105 134 141 141 106 143 0 124 111 0 0 145 112 117 0 0 114 142 101 127 0 132 146 136 146 113 144 121 0 131 102 0 0 137 0 106 127 110 0 101 118 133 0 141 114 142 109 148 0 149 131 124 0 116 0 146 138 128 0 111 0 0 125 101 148 104 118 143 131 125 0 133 140 118 130 122 127 0 141 133 133 111 117 0 143 127 119 113 104 139 106 107 130 138 119 112 112 115 121 133 102 122 0 121 0 116 0 121 107 141 127 0 0 133 105 0 0 0 103 116 144 138 112 140 103 149 116 138 104 0 135 124 118 0 0 126 0 140 0 0 107 116 119 144 141 101 148 122 0 101 122 141 0 137 140 0 120 0 142 131 122 100 108 104 125 103 142 128 0 135 122 113 125 140 108 101 131 140 112 123 137 148 147 140 0 145 104 120 0 125 113 0 0 0 135 133 121 144 138 118 101 105 109 131 147 107 144 0 141 111 134
0 137 135 0 103 133 125 0 142 103 146 0 106 125 118 128 108 0 130 106 0 117 104 129 131 0 0 0 0 132 0 141 103 147 0 0 0 109 140 141 0 104 109 103 103 148 127 133 124 0 126 0 0 131 144 149 141 0 108 0 122 143 114 101 113 138 123 109 107 138 139 0 140 0 0 139 145 135 115 108 0 0 147 118 0 0 147 138 120 107 100 0 102 114 105 148 0 0 0 129 103 131 112 118 108 101 0 112 107 116 142 135 128 142 137 105 105 129 148 0 121 120 113 114 104 0 144 135 137 122 0 137 112 0 127 103 120 0 126 0 0 0 0 0 142 108 149 0 105 0 0 136 0 133 0 118 0 0 146 139 118 128 123 0 127 0 116 117 111 0 120 109 133 0 132 131 123 0 117 0 0 126 104 0 123 128 138 113 0 0 141 127 107 0 110 147 114 108 135 113 131 0 109 104 0 123 106 139 123 0 0 146 0 136 132 140 121 134 143 104 115 104 0 138 116 122 133 0 125 118 148 145 145 121 118 126 138 131 135 140 0 109 0 136 109 107 103 125 125 124 129 0 0 148 136 0 129 128 147 122 103 134 0 0 0 141 103 108 107 120 106 132 149 0 0 127 110 0 0 101 136 109 111 118 0 122 0 107 119 131 145 119 107 121 109 134 102 108 126 0 125 117 0 0 0 104 110 112 121 143 0 106 0 134 141 117 102 115 116 132 142 0 125 144 134 0 110 103 120 0 136 135 0 0 0 134 140 0 123 0 102 144 145 0 0 108 129 0 0 117 137 114 116 121 0 127 121 129 144 133 128 111 112 0 115 0 121 149 109 132 131 0 101 116 129 0 105 129 0 146 132 0 107 129 0 127 118 109 144 121 127 128 107 133 0 0 0 132 0 132 0 114 145 117 0 118 129 128 126 105 111 148 139 101 117 103 140 123 109 137 129 132 118 144 101 103 135 104 119 127 0 0 124 123 0 121 0 0 0 0 0 123 107 132 0 120 142 107 110 0 145 145 139 118 131 0 0 144 131 111 100 101 120 128 102 0 0 106 144 110 148 129 101 124 117 140 128 0 0 115 0 120 138 139 109 0 104 128 142 134 0 125 119 149 113 106 0 143 114 121 146 0 123 125 104 0 128 148 105 133 101 140 118 127 148 0 0 117 0 124 102 119 0 104 107 0 108 121 122 121 136 128 117 123 0 134 134 129 137 106 113 0 145 0 0 0 109 103 138 139 147 131 126 130 113 106 138 116 0 104 107 101 118 137 127 102 0 129 0 0 141 149 130 112 0 0 134 105 123 128 0 140 0 107 110 0 0 0 0 139 0 0 122 110 122 0 102 0 128 122 126 125 148 0 107 124 0 145 127 0 102 131 112 112 149 112 0 147 120 111 122 114 140 118 127 127 0 135 119 0 0 118 121 137 139 117 0 0 148 100 101 103 147 104 109 149 0 0 124 142 117 148 126 110 129 131 0 137 0 0 149 0 119 132 116 126 100 0 124 120 0 0 0 117 103 126 0 0 106 117 144 135 105 142 121 131 140 111 141 0 145 124 143 0 123 140 103 103 105 118 146 121 127 0 0
0 122 119 137 0 146 122 149 0 0 105 105 149 129 109 0 114 109 147 131 105 145 118 129 109 120 130 114 117 138 131 133 144 0 116 102 141 0 115 136 0 0 108 0 144 101 109 0 143 116 0 107 146 148 132 117 120 103 0 119 142 138 0 113 140 0 148 111 109 103 142 128 0 117 145 0 117 0 134 0 113 0 119 138 0 113 148 0 137 124 0 137 103 129 137 0 114 118 102 119 122 130 103 137 116 138 135 0 128 144 0 106 114 0 121 116 138 0 0 102 136 0 111 0 141 115 144 0 122 0 128 0 129 0 119 136 119 0 121 104 144 0 144 0 0 143 0 121 0 142 0 0 146 110 137 122 0 116 106 144 111 141 0 117 0 134 130 111 0 112 129 126 123 140 0 142 0 116 105 145 139 0 139 123 144 0 144 113 108 133 106 136 0 0 109 0 0 138 111 122 138 100 0 129 123 144 136 120 123 139 0 0 123 136 148 139 141 125 131 0 125 145 127 110 141 123 138 109 134 0 104 137 112 142 129 130 148 0 0 108 138 142 120 0 0 110 131 114 0 124 139 124 0 146 104 128 101 106 116 148 130 116 141 134 0 149 0 146 103 125 100 117 107 101 0 128 133 112 107 0 126 115 121 113 100 114 130 120 0 149 147 118 124 133 115 0 113 0 0 114 113 117 108 0 100 127 131 149 109 132 0 121 138 122 0 145 0 107 118 0 148 147 119 0 0 125 143 104 146 123 149 135 100 149 141 0 110 130 106 0 124 148 0 0 141 0 140 125 0 135 121 129 0 130 143 121 117 0 111 0 137 146 0 100 136 132 145 140 0 136 113 139 105 0 127 0 0 105 0 0 105 0 121 115 0 100 0 0 127 0 122 106 119 103 120 130 118 130 0 147 107 0 0 121 109 141 0 114 105 0 149 0 140 134 130 108 100 134 0 130 107 0 0 149 0 143 0 143 146 129 103 0 145 103 135 131 0 131 0 134 0 118 140 119 126 107 144 129 147 145 128 125 0 102 0 0 145 0 119 109 106 0 132 148 0 0 114 108 100 119 102 104 148 0 143 147 0 149 145 141 135 131 137 140 115 0 0 0 124 134 0 102 143 108 128 145 0 146 0 0 131 128 129 0 125 148 119 115 125 101 139 139 147 138 133 132 146 133 120 148 127 102 141 116 105 120 0 119 139 0 118 127 112 120 143 0 138 0 134 105 148 116 147 132 136 124 122 0 0 126 144 109 115 0 116 0 114 129 143 0 144 137 126 136 127 138 0 128 111 118 108 122 146 112 139 0 0 107 138 108 144 0 109 0 138 137 101 102 145 0 126 0 101 100 124 147 119 120 146 141 0 0 131 107 137 104 108 102 113 112 0 101 0 124 0 117 127 126 125 106 0 101 121 126 103 0 108 122 126 0 143 0 129 0 131 0 122 0 146 0 116 0 145 136 0 0 129 119 0 0 105 134 109 104 121 116 138 146 130 105 139 138 125 0 136 106 111 0 0 134 111 0 0 117 102 136 124 0 0 145 0 107 0 0 133 0 0 137 128 122 103 129 141 148 132 142 143 129 0 0 127 114 121 114
0 121 110 0 136 101 132 121 117 0 105 123 123 0 106 0 106 139 0 0 117 102 138 144 128 136 140 0 136 0 105 109 124 129 144 103 101 0 113 123 141 0 119 103 0 118 0 139 0 0 136 0 104 0 0 0 109 113 115 116 138 102 0 110 0 148 106 147 145 122 131 115 132 126 143 0 145 0 110 0 134 103 106 132 135 148 112 131 0 110 102 0 0 149 127 111 0 147 115 105 0 121 141 125 0 146 0 138 137 0 149 104 121 114 0 139 110 0 119 131 119 0 0 138 122 119 124 146 116 138 103 109 133 103 142 120 129 0 103 127 118 126 149 110 0 116 134 149 141 0 0 140 146 131 105 0 137 136 116 130 117 116 114 137 0 127 124 106 101 106 0 101 114 117 126 122 113 109 103 107 0 0 0 102 121 119 134 109 111 110 103 149 146 102 118 0 103 124 122 0 0 125 125 0 108 128 0 127 0 114 0 0 102 116 115 138 105 124 136 0 143 0 136 128 135 101 111 106 142 144 0 136 0 117 106 119 0 109 102 102 143 143 0 129 126 114 120 144 143 140 105 147 111 102 113 0 103 113 0 120 141 138 123 119 129 137 0 0 138 133 104 0 132 115 107 145 137 102 125 131 0 120 140 149 117 0 131 131 131 0 0 0 126 145 147 134 148 118 132 122 112 133 0 137 0 0 107 125 114 0 111 106 136 111 124 0 144 0 116 108 0 113 128 144 119 139 148 121 122 107 0 0 143 0 128 143 126 0 0 0 0 132 108 135 0 134 108 126 112 0 0 0 0 130 0 147 0 125 127 148 132 0 134 125 0 0 109 0 104 0 134 140 102 106 107 145 124 102 0 108 116 123 139 129 114 131 0 142 147 132 148 122 129 146 0 147 146 142 115 135 117 0 118 0 110 0 126 122 134 110 0 0 147 112 0 121 126 117 135 145 106 123 0 0 144 0 146 117 0 143 102 126 129 108 0 149 0 0 105 0 0 0 105 147 133 106 134 118 125 115 143 111 114 0 0 121 0 0 104 140 0 109 126 0 111 110 120 0 129 0 0 118 140 0 121 117 0 145 127 104 132 124 123 109 140 101 113 126 0 121 110 0 0 0 119 137 113 113 128 0 108 121 0 108 105 0 129 0 112 0 129 0 120 0 0 106 117 109 147 117 112 0 141 122 146 129 0 0 0 0 112 0 124 0 125 146 111 119 139 141 0 104 126 147 0 144 144 119 132 149 120 146 109 148 135 131 101 120 0 127 100 145 115 148 104 114 133 108 0 114 104 0 127 137 102 103 0 129 122 123 0 0 0 0 117 145 123 121 129 116 0 0 138 139 141 0 147 104 0 117 114 144 106 136 120 0 132 134 127 115 0 130 100 0 0 115 129 109 114 130 118 126 126 124 131 130 132 0 134 146 145 0 0 148 0 102 0 119 140 108 0 142 117 110 105 114 105 136 0 0 0 0 0 135 0 134 104 135 127 100 126 144 147 111 0 118 147 0 121 124 118 125 0 116 0 0 134 114 107 0 0 135 0 0 119 141 118 133 107 0 109 0 0 134 145 101 137 122 109 120 135 129 0
0 129 120 133 100 138 146 0 104 0 0 109 0 0 138 144 131 112 0 127 125 119 0 0 0 102 0 145 108 117 140 0 116 0 108 148 0 106 148 144 134 104 145 0 129 0 0 136 133 124 120 0 128 0 138 124 0 129 0 129 0 0 137 106 128 142 144 121 121 0 0 0 101 134 125 0 144 140 0 0 143 122 142 114 0 106 117 0 0 130 113 145 143 115 0 102 144 122 127 137 115 0 124 0 136 108 103 134 0 111 0 103 147 100 146 109 139 0 115 0 142 0 129 0 138 0 115 121 0 127 132 0 109 142 144 0 113 144 0 131 135 132 113 116 0 135 141 108 102 130 128 128 0 117 0 0 116 112 132 103 149 126 148 0 116 116 124 142 149 118 0 117 139 108 128 116 123 119 143 0 135 131 139 117 0 140 133 136 0 0 128 122 120 113 131 0 141 119 136 136 0 112 0 0 0 126 0 0 111 107 148 110 100 116 149 137 102 105 137 126 136 101 134 0 107 134 140 0 148 100 0 0 148 120 0 123 133 0 113 0 146 0 0 0 139 137 102 112 0 144 0 123 133 101 0 114 132 138 105 111 119 0 0 117 104 0 114 140 137 123 144 137 111 124 112 0 0 123 126 124 102 144 126 104 131 100 123 0 117 127 0 125 105 126 130 0 128 0 0 139 0 118 134 0 109 128 0 0 120 119 143 135 133 122 110 112 149 0 130 0 102 145 128 110 106 0 0 121 127 127 143 108 126 142 101 0 136 104 142 113 130 129 0 105 148 114 0 0 133 101 143 123 102 0 0 133 116 125 105 119 113 137 114 0 142 123 100 0 122 138 0 138 146 112 0 141 128 132 133 0 143 103 144 135 123 115 149 146 0 109 148 141 117 128 0 0 117 149 0 131 148 102 0 112 117 116 116 130 103 133 0 116 0 107 0 0 143 132 116 123 0 139 146 0 0 110 101 107 0 116 126 0 134 116 142 134 148 118 123 0 108 0 129 148 143 104 0 145 113 0 132 101 132 132 0 115 149 130 134 138 110 111 0 0 0 141 0 107 125 116 149 118 136 125 140 125 116 104 0 131 0 0 116 116 145 118 146 127 0 105 127 0 146 112 123 0 133 0 131 118 145 127 134 136 129 0 124 0 142 120 135 123 149 0 112 121 148 0 148 124 0 114 0 128 104 0 0 144 114 141 105 142 120 0 145 0 147 145 147 105 131 147 113 0 134 130 122 0 107 129 145 102 146 145 132 0 102 129 121 141 125 137 108 112 0 145 0 0 140 123 0 130 144 119 149 0 113 0 130 107 147 0 0 0 138 144 0 129 110 116 138 0 0 108 103 131 0 115 116 101 113 0 113 105 0 136 0 0 129 107 0 145 0 0 101 117 108 125 0 139 0 130 0 0 136 0 116 0 148 0 147 110 117 0 0 136 120 110 0 147 109 131 117 140 0 0 131 0 147 131 0 111 122 0 0 132 0 136 109 101 149 0 136 105 142 116 139 0 0 116 133 136 0 102 0 135 115 142 129 140 118 101 120 109 0 133 0 140 121 137 0 0 132 0 137 142 100 113 136 148 119 110
0 102 135 0 0 101 122 130 118 148 0 0 0 108 0 0 104 114 130 0 119 129 107 100 113 0 0 105 119 127 0 144 0 108 137 0 0 0 129 122 122 129 149 106 112 100 110 120 136 146 132 0 123 145 101 115 109 112 133 134 104 130 0 141 105 0 0 101 101 0 144 0 0 135 118 125 137 148 130 121 0 129 122 132 130 148 0 110 113 123 138 139 101 116 0 0 127 108 102 130 0 113 140 114 144 0 107 0 0 132 108 111 0 145 130 132 0 0 102 108 139 0 100 120 106 132 0 0 103 124 129 123 0 139 114 117 0 0 0 131 135 110 109 114 104 123 148 130 0 119 117 0 106 128 0 114 0 142 0 120 148 126 135 126 109 105 118 0 127 0 123 138 0 126 127 0 125 112 0 137 114 136 115 117 0 117 109 141 120 127 0 0 127 0 0 119 102 0 0 0 0 112 135 0 0 145 118 128 136 106 141 141 0 102 134 129 0 118 149 138 138 132 149 115 142 0 0 105 126 112 103 0 106 105 0 100 0 123 0 0 0 144 118 0 146 107 119 127 136 115 111 120 142 132 128 127 107 145 148 141 0 0 144 133 115 135 0 0 104 147 105 101 143 0 0 120 0 112 0 0 124 146 123 133 142 103 115 0 121 121 119 147 0 107 144 0 0 0 0 121 106 127 142 122 0 146 0 133 0 127 132 124 130 146 0 115 145 0 121 0 142 112 122 0 0 133 148 136 117 145 126 129 139 145 0 144 116 0 138 100 100 140 104 0 0 132 0 0 125 136 0 100 0 101 0 112 104 105 142 121 0 0 100 114 101 0 134 124 0 146 135 110 0 0 124 0 132 141 145 0 130 125 0 124 134 139 146 129 109 0 110 142 112 124 125 0 114 112 0 138 115 0 144 0 119 109 0 109 107 113 0 135 130 131 122 100 138 114 108 142 144 141 101 0 0 146 108 101 117 121 0 146 120 105 112 125 146 144 0 104 111 0 106 108 0 105 123 117 140 134 106 0 139 105 112 0 146 125 126 130 145 0 118 146 107 148 147 129 0 103 109 143 100 0 126 0 105 120 147 0 127 149 109 132 131 130 100 129 0 140 101 106 112 128 132 0 115 131 136 135 0 143 145 125 145 110 125 124 122 0 102 0 136 117 115 117 119 138 128 123 123 0 122 108 0 0 111 102 134 122 0 121 142 108 105 129 103 143 128 105 132 131 0 110 112 0 136 0 142 126 135 148 123 0 0 142 129 131 0 108 141 111 118 0 101 115 109 0 130 117 134 142 0 147 103 100 126 130 0 0 131 0 136 0 108 145 0 0 129 138 114 111 100 114 108 0 120 133 130 127 119 133 104 110 0 123 112 126 0 134 109 102 144 132 147 117 0 0 0 144 0 0 102 128 105 143 106 109 120 0 104 139 128 124 0 0 100 118 134 127 148 122 123 142 145 130 147 109 0 114 0 112 0 101 116 0 0 146 0 114 101 149 118 0 105 145 0 0 127 148 147 136 0 141 0 0 135 123 140 0 0 0 135 103 146 118 129 142 117 0 132 101 0 0 149 0 118 116 114 129 0
0 0 100 0 109 105 0 101 107 129 0 0 107 139 106 0 127 123 0 139 140 101 148 119 108 149 112 110 133 130 104 144 119 137 138 120 145 118 125 113 102 111 126 0 109 126 145 0 131 136 0 134 0 129 144 145 109 0 0 108 139 136 117 142 105 121 0 0 146 124 131 139 125 121 138 122 115 136 122 112 124 0 0 141 145 146 120 121 127 105 0 112 116 121 126 125 108 111 135 0 116 117 109 0 112 143 0 102 110 137 126 105 102 0 0 0 139 120 123 148 102 130 117 114 112 0 0 112 143 102 0 102 145 133 0 0 145 113 116 114 105 129 117 0 107 122 107 140 0 0 113 121 130 105 103 147 134 120 129 105 147 141 125 148 131 119 0 0 142 120 147 0 144 112 0 102 0 104 129 0 127 134 0 0 0 120 145 108 0 107 127 0 114 0 122 144 101 123 139 0 141 106 0 148 126 0 134 0 129 102 139 102 129 127 112 126 118 117 137 123 107 0 138 123 147 132 0 0 102 116 130 0 128 127 115 0 137 0 0 0 100 0 101 108 116 0 140 138 113 0 0 123 0 124 135 128 108 135 105 0 106 0 111 146 133 0 107 144 0 132 0 113 0 108 142 0 0 138 147 107 119 104 0 0 101 112 108 116 135 117 125 114 127 118 0 125 140 118 129 130 115 106 137 134 0 118 122 0 118 131 111 113 105 109 145 111 124 147 0 0 0 0 0 126 134 0 0 0 139 127 126 106 0 104 108 0 124 122 0 0 123 116 124 0 104 0 127 0 124 0 0 110 0 129 0 110 103 149 109 0 148 109 111 146 129 0 109 126 127 111 139 119 109 149 106 127 116 0 107 132 0 139 144 149 123 141 0 0 0 133 134 112 123 134 123 133 101 116 124 142 103 119 104 115 0 125 0 141 128 123 109 148 124 0 110 118 0 124 133 0 131 144 124 146 144 135 114 119 0 115 108 129 0 122 124 0 117 0 121 0 0 129 0 148 139 116 118 0 126 108 115 0 108 104 109 120 0 0 0 0 0 0 141 120 120 0 114 131 127 101 117 0 140 0 119 141 131 135 107 100 107 135 115 139 149 0 108 101 133 101 122 144 141 0 122 146 130 113 105 0 118 115 105 113 0 140 102 126 140 125 0 138 133 149 120 117 130 146 0 112 135 123 0 0 116 143 130 149 138 0 129 118 116 0 0 0 119 106 103 140 104 138 139 0 0 0 121 129 137 125 140 129 0 127 0 138 105 0 0 144 122 109 128 121 0 128 0 0 0 119 131 117 0 115 144 112 116 0 120 105 118 139 0 132 102 0 105 141 123 127 120 112 104 138 123 141 129 120 0 128 0 130 100 122 142 147 121 117 100 130 118 114 130 108 114 122 115 0 124 146 0 0 107 108 146 128 0 124 130 123 139 0 104 129 142 0 112 143 132 115 120 140 140 0 107 132 131 115 0 115 0 0 0 104 102 112 0 0 142 131 137 129 137 138 116 136 110 0 108 147 137 104 100 138 107 145 0 116 128 149 119 118 115 0 0 0 121 125 100 111 113 146 119 136 136 128 102 111 0 104
0 110 0 114 0 0 142 0 114 115 0 143 107 0 131 142 0 110 124 141 100 0 149 0 131 0 139 106 107 0 117 0 113 133 108 111 118 0 105 109 136 102 109 120 0 111 116 122 143 127 144 112 105 142 106 120 0 0 115 142 105 147 0 103 0 133 116 134 135 144 107 125 118 0 129 135 112 147 117 139 132 134 103 109 119 126 112 141 145 129 105 102 129 0 138 113 144 0 122 104 116 0 110 132 134 104 129 102 0 128 111 109 105 105 126 0 110 130 103 129 106 103 105 0 102 114 0 139 126 145 0 137 0 103 104 107 125 0 135 140 104 0 114 0 140 134 146 0 0 132 0 125 0 147 0 0 149 112 122 122 133 130 134 148 135 112 0 137 143 101 146 104 108 104 135 109 0 0 111 118 112 0 144 103 145 113 100 139 143 142 131 114 135 116 0 0 0 145 0 100 0 113 129 0 118 124 122 107 103 0 0 143 128 132 0 128 127 131 107 109 121 0 0 106 137 116 148 106 143 106 111 129 0 104 115 125 148 127 102 108 141 0 126 117 115 0 111 132 135 120 118 126 132 139 103 131 112 0 0 0 134 110 103 0 135 141 133 0 0 135 0 132 0 118 118 118 137 0 116 0 0 123 106 149 0 0 148 108 117 137 129 136 144 101 0 105 144 0 123 146 0 112 111 118 0 126 0 148 109 128 0 113 143 125 103 101 101 136 112 112 0 0 109 0 108 141 0 0 134 138 0 0 111 136 0 125 0 118 109 0 0 143 123 114 0 109 109 145 108 0 107 116 140 0 131 111 125 0 139 122 149 121 129 0 142 111 123 0 0 0 103 135 112 142 0 132 0 113 125 125 127 0 118 104 0 141 0 116 0 139 0 119 129 116 100 105 141 133 0 143 102 116 142 149 0 0 0 130 131 148 149 116 0 0 100 130 107 143 148 105 125 101 104 115 118 140 0 130 105 123 134 138 118 100 104 123 0 0 129 109 123 126 127 126 136 100 0 113 0 113 103 147 113 149 0 137 0 0 126 0 107 120 113 0 0 101 0 118 0 125 114 0 107 148 148 123 135 148 0 122 105 145 0 124 0 139 129 0 142 0 106 118 149 113 0 123 144 108 141 141 113 101 120 136 101 146 0 142 133 114 0 113 102 0 111 109 115 146 0 137 126 112 0 105 128 0 0 121 105 118 0 0 111 114 0 107 111 118 0 132 143 0 114 127 123 140 112 145 133 107 113 129 111 146 0 121 110 128 112 112 0 0 122 0 136 141 138 0 125 0 135 139 114 0 130 117 137 112 107 117 138 130 113 136 146 137 129 104 117 105 0 106 109 0 121 0 100 113 125 105 101 133 122 125 0 0 115 118 102 0 127 132 124 142 123 124 138 130 115 124 0 126 0 131 149 126 103 149 124 142 0 102 102 100 0 0 134 124 0 105 0 0 0 0 133 0 139 0 0 119 0 109 142 133 0 122 124 120 122 100 127 112 149 107 137 0 123 103 102 121 107 111 145 0 0 0 127 143 135 130 105 0 145 146 124 132 138 134 100 130 0 138 103 141 143 131 124 0 0
0 0 112 131 124 149 0 135 112 141 0 0 132 145 129 119 129 101 138 130 124 115 110 143 136 104 102 136 117 146 0 148 0 148 134 121 102 130 132 110 0 0 113 106 0 122 112 147 102 119 106 0 0 104 125 117 116 127 121 0 135 129 112 109 135 140 121 127 121 138 109 113 148 115 120 145 0 127 110 149 134 0 122 106 0 0 127 0 0 116 102 129 0 112 107 134 133 132 120 110 0 101 130 132 138 149 142 124 0 0 0 107 148 126 139 126 145 113 103 0 114 124 102 120 142 0 143 0 115 132 101 123 117 118 133 122 133 0 102 124 127 105 102 103 135 108 115 141 105 144 101 0 116 0 102 119 117 110 134 0 108 135 123 149 146 108 127 108 113 130 119 110 148 0 116 126 114 149 118 132 0 0 120 129 0 102 115 0 0 0 126 109 0 119 100 0 0 107 111 111 113 113 114 138 137 125 113 139 122 103 134 130 110 135 128 0 113 145 0 0 148 0 148 135 121 108 143 0 103 130 111 122 0 0 0 119 148 0 0 126 0 140 101 102 103 146 112 145 131 128 135 120 136 101 102 109 0 0 105 119 147 132 149 143 133 109 114 118 136 143 141 130 106 136 102 0 0 115 132 146 118 142 0 149 127 0 0 149 129 123 130 123 114 0 132 116 134 148 110 0 108 0 115 134 121 0 132 121 110 123 0 113 125 0 149 125 119 131 149 122 144 112 113 125 108 128 147 117 146 117 134 149 100 126 145 0 110 102 111 0 144 118 127 121 112 0 113 127 148 0 0 113 109 134 146 111 101 136 137 129 117 114 0 132 107 142 113 0 0 0 108 141 126 115 131 101 122 0 0 146 137 145 0 102 141 133 145 0 118 132 0 144 144 0 110 0 0 0 0 0 142 123 0 149 121 0 102 106 136 139 143 148 121 145 133 0 111 0 140 111 131 142 105 147 148 146 124 118 0 0 119 135 106 134 111 0 123 102 100 149 0 127 0 0 141 100 146 117 0 125 149 139 126 135 128 108 146 106 0 140 107 137 105 148 0 111 141 141 102 0 107 128 0 106 123 130 111 134 141 129 0 112 0 149 133 143 136 0 104 107 103 0 140 104 116 120 142 148 147 114 129 0 102 137 144 129 103 124 138 118 127 140 117 115 0 107 113 134 120 129 0 113 0 127 113 126 129 141 128 147 122 0 141 127 107 113 138 0 0 132 0 0 101 145 111 147 108 113 109 110 0 133 0 0 0 124 0 132 139 145 122 132 108 145 110 114 133 119 107 126 0 126 0 143 120 140 141 108 0 127 149 0 107 125 108 146 111 119 0 0 122 126 100 0 103 144 0 136 135 121 109 139 131 0 132 101 141 110 109 111 0 112 149 107 102 137 129 0 0 126 110 0 112 118 103 0 117 0 132 137 0 136 144 104 104 147 133 143 119 119 126 139 148 0 140 116 144 139 0 140 109 139 103 142 147 130 0 0 110 132 126 117 142 126 102 107 109 138 139 102 0 134 0 0 142 121 0 104 138 127 107 136 139 108 0 108 142 142 128 143 140 0 0 141 114 0 0 130
0 104 119 120 0 126 105 104 104 115 111 108 0 114 115 142 136 138 142 122 109 137 100 0 139 126 108 140 136 143 0 136 148 120 149 115 109 104 123 117 143 144 134 142 0 115 0 113 126 136 0 137 124 121 131 134 140 139 118 100 148 115 109 0 140 136 136 129 137 0 132 125 109 108 121 101 147 102 0 0 0 112 135 125 128 138 131 119 0 111 111 144 102 138 131 0 102 147 131 124 100 118 139 125 101 141 119 106 129 146 0 129 0 102 0 141 0 146 130 144 137 112 0 124 140 127 102 102 127 122 103 0 138 147 0 0 139 120 0 111 0 0 121 107 129 144 0 138 115 0 103 141 107 0 141 0 106 122 131 0 0 142 0 137 132 0 122 118 106 140 114 146 112 122 130 0 107 0 141 110 124 0 0 146 133 130 0 0 0 144 105 107 133 0 137 118 106 123 122 143 0 139 144 119 0 0 102 113 0 145 126 145 135 134 0 106 129 129 0 149 118 0 122 0 116 0 0 144 121 126 119 146 149 145 0 0 100 127 105 0 105 111 120 135 0 145 0 0 111 122 121 139 105 143 135 0 124 0 0 0 118 118 146 127 129 109 142 118 114 129 0 148 113 114 0 116 0 145 123 145 116 103 115 145 0 146 101 127 120 0 143 130 142 138 106 118 106 0 114 0 119 124 128 0 148 125 144 148 0 118 114 137 147 102 121 0 103 0 122 0 136 0 123 132 122 115 148 116 102 134 142 0 134 105 0 106 134 142 125 111 116 107 0 103 103 133 146 144 0 138 104 129 0 0 106 120 131 130 145 131 0 124 134 132 0 148 109 124 0 0 141 0 109 134 137 0 148 0 126 129 142 147 120 107 134 122 114 146 142 103 142 133 115 135 0 145 100 131 0 140 0 147 141 131 109 105 109 0 139 121 131 147 109 101 102 0 106 137 142 143 116 106 0 134 0 0 141 124 127 0 107 138 0 0 111 148 109 134 132 110 125 117 103 120 0 132 104 0 115 115 103 137 140 111 132 100 140 0 111 0 128 109 0 0 124 126 112 137 127 0 125 0 108 109 102 0 101 0 0 144 102 126 0 0 114 120 149 139 0 136 106 141 0 112 0 143 145 132 0 0 140 0 113 0 0 131 122 149 100 113 0 134 135 112 106 0 145 122 0 0 109 0 140 124 0 128 123 119 142 0 114 116 145 130 113 140 0 114 0 108 0 144 140 120 133 106 111 105 131 148 0 0 143 0 101 126 123 0 111 0 109 120 104 142 116 146 117 138 125 140 113 149 0 149 118 107 110 138 100 134 114 140 129 103 114 131 135 110 0 0 0 0 128 100 0 0 124 136 102 108 0 139 121 121 114 0 0 103 148 129 0 116 138 0 140 122 130 117 145 0 111 120 128 104 143 0 0 0 119 0 143 132 0 0 146 148 129 143 113 0 101 0 141 110 146 123 0 0 116 0 123 126 144 147 107 137 107 117 140 145 148 122 105 132 112 132 102 101 139 132 101 136 0 117 0 148 118 126 0 143 0 108 118 146 0 137 133 0 117 0 141 123 148 134 0 105 118
0 141 129 101 120 149 124 130 130 149 120 147 134 128 138 0 112 118 0 101 109 147 0 0 0 126 100 100 133 0 122 111 114 126 137 140 129 108 147 113 0 0 108 140 0 149 0 114 109 110 124 139 0 141 0 148 111 103 146 0 0 122 0 121 103 109 0 123 105 139 139 119 132 115 119 0 116 146 0 0 132 111 128 134 135 107 123 113 0 132 0 0 116 0 0 0 117 149 135 103 114 0 115 124 102 104 117 147 137 116 101 110 120 121 143 143 0 120 141 118 130 143 115 126 138 0 0 0 0 0 134 110 0 116 121 119 109 121 0 130 106 144 142 121 119 0 0 135 107 147 0 146 142 0 117 119 146 118 135 122 127 105 0 142 134 0 134 137 141 103 0 104 134 128 131 0 105 136 116 137 101 0 0 109 112 127 142 0 106 130 0 0 0 111 0 127 142 147 115 108 135 141 0 145 105 134 141 125 0 119 0 140 118 127 130 104 0 130 127 124 126 121 0 135 106 105 141 118 0 137 146 0 108 112 104 116 120 132 0 140 108 124 122 138 142 135 127 129 111 126 142 112 142 0 0 114 124 141 0 131 113 132 134 123 109 115 112 0 121 111 104 104 0 140 0 147 105 122 0 134 0 105 146 135 149 130 0 130 128 116 0 130 0 111 116 120 0 126 142 142 139 0 0 104 128 0 134 147 0 0 0 115 127 149 137 135 0 117 0 143 148 145 125 122 104 139 141 103 101 0 110 145 146 137 0 132 148 0 105 147 146 0 111 122 0 0 0 0 141 142 136 109 137 118 144 100 127 0 131 140 100 113 146 137 137 104 0 113 141 126 116 136 147 138 123 102 141 0 127 0 109 135 146 134 145 123 103 124 144 109 146 129 143 0 136 134 129 120 100 109 103 0 0 131 146 0 124 147 137 0 130 0 149 137 125 0 138 141 103 109 130 117 142 137 111 127 110 126 0 0 127 100 145 109 0 115 142 133 141 112 0 139 0 124 121 0 147 110 102 109 148 126 107 0 119 0 0 109 106 106 0 126 109 114 145 128 113 0 0 112 107 0 108 0 120 119 114 116 147 0 105 125 135 147 138 119 117 0 146 102 108 0 0 128 137 135 0 121 120 128 0 0 118 0 0 130 103 138 111 102 125 109 137 0 0 108 111 134 106 115 0 145 0 0 148 113 0 0 139 134 125 130 117 120 0 105 116 148 106 113 113 112 0 0 128 105 0 129 0 0 136 116 144 0 0 0 129 125 0 121 124 124 136 149 137 0 0 0 135 0 112 130 125 118 149 0 132 134 0 146 0 121 117 109 128 0 110 135 139 0 100 111 148 106 136 122 122 123 0 145 125 114 131 0 0 108 119 113 0 109 110 128 128 129 140 100 149 121 111 137 106 114 113 142 0 0 124 127 136 145 130 132 107 0 138 126 0 114 130 101 145 126 101 119 103 0 0 132 100 134 125 143 0 143 120 144 0 0 0 0 117 102 114 142 0 110 137 0 128 0 120 131 138 147 0 133 0 146 0 143 102 100 100 129 131 121 139 108 100 142 0 0 146 124 108 0
0 136 102 122 121 125 130 0 0 135 107 0 142 135 0 134 0 134 102 0 0 0 141 148 104 108 0 0 135 0 109 0 134 106 0 149 103 144 137 126 109 0 133 125 0 0 123 111 115 106 107 140 126 100 100 116 149 115 0 129 144 137 0 0 146 109 145 0 0 134 123 148 141 121 0 119 124 0 101 100 120 0 137 147 0 134 100 136 104 141 111 143 0 0 127 133 0 149 137 0 138 146 0 0 101 108 136 139 131 0 148 0 126 118 112 107 0 0 140 106 112 149 0 0 0 114 0 0 0 133 0 0 108 0 0 0 140 109 119 140 0 0 146 138 0 0 145 0 107 126 0 147 106 109 0 116 0 148 147 126 136 0 0 0 138 136 143 104 0 138 145 146 120 0 0 111 119 133 0 124 114 105 0 118 120 125 123 100 121 121 0 103 134 140 0 134 149 114 135 140 149 114 145 129 134 103 107 102 115 125 142 110 101 121 146 105 142 0 121 0 118 0 127 112 0 125 132 108 0 0 0 0 100 132 133 140 0 108 115 145 0 0 0 0 114 121 103 114 111 114 109 130 109 127 113 0 106 121 0 148 134 100 0 145 120 110 108 141 133 109 111 0 137 118 139 0 112 132 118 107 0 108 108 127 0 0 146 137 123 0 133 126 142 0 0 121 130 101 105 0 149 122 0 0 0 128 0 0 147 134 146 109 144 0 145 122 121 136 144 0 0 105 117 0 109 123 0 117 139 110 145 111 0 120 0 149 118 122 105 0 143 131 105 101 104 139 132 144 145 0 110 0 0 101 134 120 100 107 0 0 0 125 0 129 130 101 128 0 0 104 112 144 106 128 112 0 133 142 113 0 139 122 148 124 121 0 132 106 106 109 110 107 135 125 0 104 118 113 134 124 142 0 0 133 142 0 137 0 127 103 0 104 131 110 139 110 117 119 132 104 137 113 0 123 107 130 102 135 107 0 128 136 125 124 135 130 144 144 149 135 149 147 100 0 130 119 131 126 142 120 0 133 0 121 115 0 109 137 136 133 109 0 102 115 100 131 108 0 116 109 106 0 136 114 106 126 106 113 100 127 140 147 140 138 132 138 120 118 107 137 0 127 138 139 121 0 135 126 126 132 111 0 113 101 107 148 149 132 112 136 136 0 129 146 135 131 112 145 103 105 107 119 138 124 145 0 114 113 116 126 112 140 114 128 139 142 102 116 111 124 141 130 110 0 138 147 0 0 145 0 134 121 109 127 129 112 141 146 148 111 126 0 0 149 0 147 144 0 100 0 127 119 134 105 127 120 119 142 135 0 116 105 116 0 104 0 103 126 100 145 144 0 109 139 142 0 0 0 118 0 142 127 143 107 0 130 132 102 110 106 115 0 101 0 126 0 143 138 115 136 0 0 105 0 106 134 128 0 0 118 128 126 146 137 109 127 101 0 136 0 135 121 137 0 123 145 0 139 0 0 134 0 114 122 111 0 147 122 112 147 130 122 120 0 100 128 0 127 0 0 120 143 149 147 117 132 0 147 134 0 113 138 107 138 0 111 112 137 0 0 139 146 0 147 127
0 115 0 0 115 0 0 0 140 148 115 143 147 116 123 0 0 147 111 131 0 0 102 0 124 102 129 109 135 115 0 145 116 0 138 126 137 145 129 0 135 134 135 113 139 112 111 110 0 0 108 123 109 101 148 0 134 0 127 146 0 109 0 144 130 119 122 121 146 108 127 117 141 0 120 108 106 0 134 132 126 0 0 103 122 136 108 0 0 118 117 131 127 0 135 143 143 118 107 116 124 0 0 148 133 100 123 131 148 116 108 145 114 110 128 133 143 106 0 105 0 117 102 138 104 0 139 119 139 113 138 135 0 128 106 141 0 143 149 110 0 0 107 127 124 139 0 135 133 138 112 149 0 106 0 114 121 135 140 104 146 123 0 0 116 0 100 0 133 133 0 113 102 106 118 0 114 114 137 141 0 145 115 0 147 103 117 0 100 123 105 135 136 121 0 133 112 124 108 140 0 111 115 137 101 123 119 106 0 149 0 0 107 144 138 113 127 0 101 0 0 0 102 103 0 118 142 141 132 111 0 126 122 147 0 0 0 125 113 146 121 137 0 0 115 0 147 112 105 0 140 0 131 142 101 120 128 0 0 100 121 141 125 118 0 0 108 0 0 136 125 123 147 113 141 106 126 119 112 112 117 146 136 147 125 116 0 115 113 120 0 124 114 109 123 102 0 142 108 0 100 112 0 136 135 105 143 148 101 128 146 140 0 145 0 134 117 142 149 137 106 129 0 0 148 0 0 0 101 104 100 141 101 116 114 0 115 0 0 0 140 101 123 0 0 134 109 143 0 117 124 0 141 126 107 109 107 116 106 105 0 117 146 123 126 149 0 134 0 103 101 148 0 149 131 134 112 134 110 0 143 145 128 144 140 0 0 115 0 116 0 123 133 130 0 137 106 0 145 146 146 0 0 0 0 122 120 0 112 0 129 142 120 109 119 137 129 143 104 113 0 0 104 140 111 139 0 116 137 117 0 136 0 101 115 0 149 110 0 146 120 105 146 122 130 0 110 128 120 105 135 115 0 144 0 0 140 103 149 141 134 127 0 133 0 130 0 130 0 146 132 122 0 106 128 0 109 148 143 125 124 106 102 107 149 108 120 136 136 0 0 149 102 129 138 147 127 0 0 128 102 126 138 103 132 125 134 0 140 106 134 131 105 0 110 146 116 128 0 145 119 101 0 128 0 112 119 0 102 0 108 140 140 0 126 117 109 0 0 132 148 0 148 105 140 130 125 120 131 138 106 115 0 102 111 126 122 0 116 0 148 134 139 104 103 0 127 106 108 103 0 125 0 0 139 116 149 135 0 0 0 0 105 108 0 118 117 135 149 107 105 127 0 144 142 118 143 106 0 105 101 128 107 108 104 0 0 113 114 138 146 102 126 120 0 131 103 0 146 124 117 118 131 116 126 134 105 0 129 131 137 125 148 126 109 138 0 143 117 141 121 101 115 139 123 111 0 129 0 146 107 136 103 131 116 108 0 112 0 113 108 114 103 0 112 131 0 0 0 115 101 130 0 0 0 102 119 109 110 148 129 0 141 125 139 0 102 138 0 149 103 112 0 140
0 119 144 0 120 0 0 0 124 125 116 132 134 140 128 0 0 145 116 0 139 0 139 125 0 133 127 103 113 111 101 125 0 0 143 144 0 106 103 137 143 130 102 117 121 114 132 136 146 0 124 104 140 0 142 113 108 0 147 0 141 113 128 127 0 116 0 100 136 0 122 108 107 140 0 113 139 125 145 136 133 134 0 106 0 117 147 140 143 131 119 114 137 112 111 0 136 0 120 103 0 0 0 0 0 114 0 108 144 109 130 139 120 0 139 122 0 0 139 0 0 114 137 0 0 111 120 136 118 0 0 103 104 109 142 138 0 109 141 107 108 137 148 143 142 110 0 113 120 128 0 149 138 0 0 106 111 128 0 0 143 114 126 134 0 140 146 0 0 113 140 136 148 106 0 121 0 0 110 0 145 108 0 126 0 143 148 105 127 0 148 0 0 106 0 127 115 130 122 136 134 142 0 123 108 107 143 121 116 0 111 103 0 0 105 137 0 0 116 116 110 139 0 0 131 127 129 143 142 125 110 143 107 117 105 0 126 0 129 119 114 0 137 141 0 135 114 129 0 143 119 148 124 0 105 0 136 145 121 142 116 124 147 0 104 125 127 102 143 128 0 105 119 125 130 144 122 134 0 126 128 112 141 106 115 143 132 0 0 147 0 133 145 124 142 149 0 130 119 121 149 134 127 104 136 130 142 0 122 132 126 0 0 139 130 127 109 134 123 140 148 0 139 0 0 0 127 102 132 141 107 0 136 0 0 122 0 127 0 143 135 0 0 0 148 107 126 112 148 0 149 0 104 102 146 102 142 145 117 119 0 0 119 0 100 127 105 147 137 122 118 0 0 120 0 0 0 0 148 146 0 105 114 102 0 132 120 0 148 0 114 125 108 0 0 132 0 130 100 0 0 105 0 107 117 118 126 145 129 126 124 111 119 0 0 148 146 0 0 114 104 118 133 0 120 110 117 140 122 104 109 108 130 122 127 0 0 116 112 146 0 0 149 127 110 0 117 103 0 149 121 128 132 0 0 119 146 142 113 0 104 145 101 108 114 110 128 133 140 101 102 0 107 143 128 129 143 131 0 132 0 0 125 148 0 124 110 0 139 110 144 0 134 148 134 140 141 141 140 128 0 141 0 121 135 135 0 126 129 117 145 0 107 0 100 142 0 0 127 149 141 0 103 0 105 118 129 149 146 0 132 116 138 134 123 111 120 121 116 0 139 0 122 128 148 143 110 0 128 0 128 0 0 0 136 134 147 141 136 0 147 129 0 127 0 115 113 140 142 121 126 106 0 107 105 0 0 0 0 0 0 133 102 0 133 0 139 0 142 0 107 139 0 145 139 101 145 133 102 143 136 114 144 0 106 149 117 111 0 0 143 0 107 0 0 135 107 0 108 114 113 141 104 139 126 103 109 143 106 111 107 0 0 124 129 139 121 107 108 142 0 116 142 0 123 125 129 0 117 144 123 131 146 103 0 117 118 137 109 101 111 130 143 120 133 0 127 149 125 108 0 0 0 107 129 120 139 0 131 134 136 0 0 113 137 112 130 0 118 116 0 144 0
0 125 101 100 0 110 110 0 0 138 102 133 126 121 133 0 101 136 139 100 0 107 0 128 0 116 0 130 0 113 132 107 137 117 124 139 117 126 0 0 120 136 100 139 136 102 105 148 148 102 102 131 145 0 108 146 141 0 101 103 142 125 132 122 0 148 143 106 149 122 108 112 128 0 105 123 0 101 101 148 0 104 112 122 116 109 142 0 114 104 110 0 133 0 122 130 0 134 123 0 114 111 108 0 0 133 0 0 119 137 0 149 101 0 102 118 117 108 146 0 105 134 112 131 0 0 101 0 128 130 114 125 0 109 107 138 141 105 0 142 136 122 121 148 0 101 0 140 104 0 132 110 0 116 134 111 133 149 144 114 124 0 116 122 137 111 108 0 116 131 103 133 104 131 105 147 130 129 105 119 138 117 0 131 117 0 102 144 102 0 122 0 0 108 106 0 146 141 143 148 142 0 118 0 140 0 135 108 0 0 135 138 110 118 0 108 149 102 128 103 125 0 134 116 140 136 137 0 129 143 102 0 133 0 147 0 132 135 140 110 0 112 142 114 104 143 0 129 148 0 140 127 127 148 101 132 135 148 0 131 138 0 105 135 139 0 143 141 131 102 0 118 0 139 104 106 123 115 106 0 0 114 126 113 128 120 102 146 0 103 115 131 138 144 115 0 0 0 112 103 0 101 107 111 135 122 102 0 133 142 0 105 138 139 118 134 149 108 118 121 0 104 108 145 0 124 0 123 131 102 102 139 144 0 142 146 0 101 106 134 0 121 143 136 147 126 141 125 141 108 101 103 104 0 105 149 108 0 138 0 115 0 108 112 146 149 0 132 103 107 125 100 137 142 105 0 129 108 148 0 109 0 144 116 139 109 108 111 0 120 126 112 136 130 132 147 0 0 0 0 100 0 0 120 124 118 132 120 121 122 119 0 0 145 104 119 118 146 0 115 110 116 0 117 0 140 101 123 123 110 105 121 106 134 146 105 100 142 115 115 140 122 0 140 0 115 0 0 125 0 130 0 0 149 129 123 147 129 119 149 0 102 128 118 113 119 107 131 110 116 121 117 136 0 125 133 131 116 108 104 0 132 116 0 0 0 144 124 112 140 135 146 101 113 145 122 127 142 0 140 109 110 114 131 101 141 140 143 116 142 0 0 142 0 0 120 108 0 0 115 145 133 128 0 148 120 122 141 102 138 130 0 128 146 135 111 0 117 103 140 114 114 108 0 105 0 119 144 123 113 0 132 118 147 121 146 109 0 111 0 144 147 0 0 133 113 0 140 107 0 0 126 0 135 103 148 0 0 112 133 103 110 139 113 149 131 116 0 127 0 112 137 117 145 132 136 132 0 108 122 124 102 106 0 144 0 0 131 0 122 127 119 107 126 137 149 0 110 132 147 114 108 140 135 120 138 137 0 131 0 0 0 0 114 121 134 0 137 120 126 0 115 0 148 0 123 105 137 135 109 113 0 144 0 0 0 135 113 136 134 134 140 0 100 0 137 149 139 134 0 110 131 149 115 110 120 107 0 0 0 133 121 111 0 121 145 0 109 0 113 119 137
0 133 133 133 144 115 0 128 135 0 141 100 0 143 0 125 101 141 0 0 138 108 104 0 0 0 144 0 137 143 0 101 119 134 145 128 123 126 118 0 115 146 0 0 103 119 109 146 0 127 139 127 133 0 0 0 103 0 144 0 134 127 0 130 129 0 124 147 108 141 100 104 0 140 0 106 122 0 100 0 149 132 106 137 115 122 113 135 0 107 103 146 121 0 128 139 126 149 126 0 144 149 115 146 143 105 107 0 0 0 124 119 118 110 124 0 114 104 125 115 110 141 0 125 129 134 104 122 128 0 147 0 0 131 121 0 144 0 137 100 0 111 138 103 0 149 109 139 123 0 126 148 109 0 0 136 110 0 126 0 141 0 135 149 0 0 0 148 0 0 103 108 142 0 116 108 102 124 124 0 130 0 112 144 109 108 0 149 113 0 114 120 0 149 104 105 100 127 144 122 147 125 144 145 0 124 123 113 110 107 132 123 130 0 120 0 106 129 0 101 108 0 146 107 114 0 102 100 129 136 128 0 149 0 128 118 149 142 116 0 127 0 119 138 143 109 132 0 0 142 113 109 149 0 129 0 0 129 0 106 135 139 108 100 129 0 125 0 104 149 132 148 0 143 126 107 130 143 148 122 102 104 121 120 120 123 0 127 135 0 0 0 0 0 116 115 140 106 142 147 122 119 147 0 101 0 123 0 136 134 148 100 115 0 138 116 0 132 0 0 134 106 0 108 148 146 0 130 109 124 107 108 0 143 144 111 137 0 140 127 137 139 125 114 119 0 120 0 121 136 140 107 124 0 102 101 0 123 118 126 0 112 107 128 127 0 119 0 109 138 115 139 128 114 119 128 117 122 101 0 133 0 0 102 115 131 112 117 0 0 134 140 100 135 117 149 106 101 121 104 145 147 106 134 139 125 128 144 0 0 139 0 111 117 148 0 129 131 0 133 127 116 101 0 102 110 0 114 106 139 0 126 109 0 117 142 128 102 0 127 129 124 0 120 0 0 139 0 146 125 120 0 0 0 0 113 145 144 0 115 107 0 121 146 132 143 0 118 142 108 144 138 110 123 144 0 117 114 142 0 108 0 103 112 135 116 139 133 113 0 0 0 125 0 121 0 0 0 106 133 102 121 148 141 114 122 135 137 114 0 147 111 114 107 0 126 107 145 118 0 122 126 144 104 145 100 146 118 129 141 135 107 0 140 0 141 116 124 0 102 0 124 109 102 112 0 148 0 109 0 137 130 122 134 146 121 0 0 0 123 0 125 0 0 145 0 118 128 0 117 146 102 0 0 0 0 101 123 105 0 148 122 119 0 0 121 133 103 147 0 105 0 145 104 110 126 131 147 119 147 109 141 127 119 148 131 111 112 149 144 0 107 146 0 103 123 133 103 0 0 0 120 115 0 141 0 136 119 105 140 136 111 123 0 0 0 105 124 115 100 139 0 145 115 132 137 139 113 141 114 119 109 118 125 132 117 135 0 124 127 109 0 0 119 137 127 111 130 0 146 0 0 135 127 129 117 102 106 100 105 0 134 0 129 144 137 0 135 107 149 143
0 120 114 120 102 117 141 0 125 0 0 0 0 108 141 120 0 130 138 106 149 146 127 106 109 138 108 112 126 0 137 122 123 126 138 0 145 136 0 132 0 118 118 108 135 114 148 103 0 120 129 139 128 120 117 0 108 132 0 117 110 124 0 149 133 114 125 0 107 147 132 104 0 0 117 0 104 0 133 140 133 0 136 147 141 124 139 106 141 118 129 0 141 116 144 118 120 125 141 115 108 133 137 145 143 127 112 0 133 0 118 0 121 132 109 0 146 137 147 0 102 0 106 103 0 0 149 0 148 119 123 0 106 119 0 124 149 128 145 145 0 0 113 131 0 0 0 128 120 136 147 0 131 123 142 111 134 114 0 129 0 104 0 138 101 129 0 115 133 123 146 141 117 132 0 0 147 139 102 103 0 105 0 0 138 148 104 125 118 106 101 122 127 124 0 101 134 107 0 114 108 126 123 106 0 0 120 128 149 140 102 133 119 0 0 133 112 116 106 108 133 105 134 135 143 102 146 101 117 0 0 145 0 105 103 114 146 121 0 106 127 131 107 139 126 131 121 116 110 0 104 133 135 121 0 117 140 145 112 123 0 111 100 123 149 120 132 110 119 113 148 101 0 147 134 146 137 125 0 139 104 0 102 109 0 102 100 103 130 134 120 145 123 113 0 121 146 136 108 105 134 100 0 107 131 127 134 102 112 104 0 120 136 0 111 0 123 0 108 128 106 118 146 127 102 113 107 115 136 0 113 129 103 115 100 117 145 0 102 130 147 101 121 134 112 136 0 0 106 138 115 141 147 104 0 133 139 102 123 130 129 140 112 121 115 127 125 0 134 133 144 131 149 0 100 103 131 131 128 120 0 121 116 127 119 115 117 137 112 138 119 132 121 105 100 0 0 117 121 139 0 0 130 121 141 110 117 135 122 146 134 104 103 113 0 0 140 141 125 144 116 142 123 0 128 0 120 115 110 0 0 135 111 0 120 113 0 0 100 106 110 0 131 100 149 134 145 0 121 132 0 142 140 140 145 111 116 140 0 148 0 118 0 111 113 0 137 101 0 116 133 131 102 133 0 0 0 0 147 102 101 0 113 144 120 121 0 138 102 109 108 0 0 0 124 121 119 0 131 147 143 148 0 0 112 132 142 101 0 0 141 137 0 0 0 148 107 125 0 145 123 141 142 0 0 0 101 139 116 133 0 0 116 107 128 102 114 148 108 136 123 0 0 0 146 145 147 131 0 120 135 145 132 114 0 106 109 141 0 139 110 0 0 0 0 0 128 106 131 0 0 0 0 128 0 122 145 110 0 0 125 145 0 145 115 107 133 128 109 0 122 0 0 131 0 120 0 139 126 0 148 128 112 124 103 104 127 145 106 148 122 0 132 110 127 111 139 108 111 109 0 124 115 0 111 102 0 0 131 135 143 0 133 103 100 0 134 149 0 127 116 125 0 100 107 145 135 140 0 108 109 145 118 140 137 143 0 138 106 105 113 132 115 103 133 102 137 0 123 121 0 118 115 131 136 132 116 146 130 101 104 134 105 116 114 0 0 118 0 146
0 134 127 129 137 0 141 111 101 131 142 0 113 140 0 0 100 149 0 147 116 148 0 139 131 123 148 102 137 107 146 106 124 130 108 106 147 103 112 140 127 103 0 129 0 147 132 117 131 139 102 126 134 108 0 107 147 105 126 0 131 0 146 117 133 100 146 112 106 0 130 135 125 114 0 0 110 108 105 144 137 113 125 133 122 147 115 111 145 0 115 0 0 146 0 116 0 0 117 0 117 0 136 130 122 0 114 110 0 0 0 0 145 111 124 129 115 121 148 0 100 124 109 143 128 112 112 111 120 140 108 110 107 0 0 148 139 0 0 120 0 0 113 135 145 110 0 0 148 148 0 147 107 113 113 125 0 122 122 106 109 131 134 133 112 124 142 0 0 140 0 0 111 0 148 137 144 0 123 118 120 144 126 109 126 101 140 148 129 113 107 0 142 119 149 0 108 102 0 119 142 112 119 136 120 136 113 129 129 120 108 0 141 102 120 0 109 141 112 0 0 104 121 129 130 119 148 132 0 121 105 118 124 0 115 136 138 109 116 103 0 0 0 129 131 137 145 0 0 128 121 141 130 102 123 106 119 133 0 147 126 118 148 102 106 107 109 122 0 108 0 148 101 147 120 0 130 135 0 132 112 125 0 117 0 110 100 144 141 128 101 109 125 131 0 0 119 133 0 109 141 118 137 113 138 0 0 117 119 146 0 0 106 125 101 114 130 102 143 146 112 148 103 123 136 146 105 123 119 149 110 0 0 0 121 0 141 128 128 105 117 0 147 128 117 116 115 102 109 142 0 122 126 110 108 116 100 0 0 0 128 0 146 142 0 125 0 0 138 0 0 138 140 136 127 104 0 103 114 143 120 0 122 106 133 100 112 0 123 147 136 125 137 0 0 126 0 127 0 137 118 0 121 0 0 118 140 141 143 127 0 115 132 122 0 142 0 135 134 104 0 124 148 0 112 0 117 131 120 127 135 0 125 137 136 140 105 118 148 0 122 0 125 0 110 135 104 129 0 0 0 132 104 140 146 110 106 0 140 0 0 0 0 122 107 145 138 0 0 139 113 118 109 120 129 0 109 104 0 0 131 0 113 121 143 105 138 126 135 0 115 148 137 116 0 133 148 120 129 141 0 133 112 0 0 131 0 100 133 130 102 0 139 0 120 0 0 107 141 103 108 143 124 0 0 141 0 142 137 120 134 141 116 0 112 118 142 104 0 146 117 0 120 110 129 139 131 127 120 102 132 117 110 103 131 134 146 114 105 146 0 100 101 120 0 108 113 133 118 0 140 128 140 108 109 133 0 137 122 146 144 122 126 139 0 145 0 123 101 0 131 121 129 145 145 102 112 0 122 119 124 110 109 113 114 0 120 140 120 148 0 143 0 0 0 118 128 127 0 148 136 130 119 144 126 119 100 109 134 148 105 122 147 127 141 116 0 109 0 139 0 108 119 102 137 121 120 141 0 113 144 0 123 137 117 116 0 0 0 0 129 103 0 0 123 111 115 132 142 112 132 149 117 103 123 141 0 115 0 110 143 0 110 0 129 0 143 117 147
0 128 102 113 133 120 123 121 0 101 139 116 113 123 0 118 110 104 132 0 108 117 147 0 148 106 146 0 111 0 0 0 138 115 119 119 144 127 140 143 133 137 0 114 0 131 112 139 124 105 130 140 147 141 139 108 0 133 117 119 128 122 0 128 113 130 143 109 0 125 0 0 131 132 0 121 0 141 132 0 137 0 139 0 127 105 129 133 103 147 0 107 101 0 148 118 0 109 134 0 141 122 130 112 112 0 131 141 0 124 109 109 101 119 147 115 137 0 0 110 0 110 120 115 0 128 0 142 141 124 0 114 0 108 133 0 113 140 116 149 0 0 105 0 149 132 110 135 125 0 139 134 111 104 0 0 134 0 108 138 122 131 110 0 126 103 0 121 121 135 141 131 101 129 146 126 132 116 0 0 134 0 148 0 104 126 0 123 132 127 130 132 116 0 100 120 134 138 143 127 0 136 135 103 144 103 147 140 106 143 138 128 108 131 106 147 113 0 0 108 101 136 149 105 130 0 119 0 118 122 141 142 0 0 0 143 141 128 143 0 113 133 0 107 0 0 0 0 0 104 0 114 131 128 149 0 107 0 145 123 0 132 143 132 110 135 0 144 146 118 111 108 138 0 127 0 0 131 0 118 118 107 0 120 148 106 138 104 144 0 104 142 122 114 101 127 113 139 141 0 137 0 0 112 135 120 113 118 121 124 114 130 106 103 100 141 0 118 108 0 145 0 119 0 104 124 0 148 119 134 124 117 0 0 112 106 0 0 144 134 126 119 131 0 128 147 103 147 0 102 135 135 118 130 120 106 0 117 134 145 0 0 112 141 117 104 135 129 109 115 102 130 135 138 137 0 131 0 0 146 0 0 101 137 103 131 108 120 0 0 0 0 104 118 0 0 101 0 0 118 124 113 0 142 117 127 102 142 102 127 134 121 117 123 124 126 149 128 110 105 105 127 117 123 123 117 0 0 0 114 121 124 0 117 123 109 109 137 119 0 0 0 0 136 0 117 140 0 0 140 0 128 117 144 0 100 142 128 136 0 0 139 132 127 128 124 134 112 144 149 0 102 110 0 116 101 0 0 109 140 0 0 147 148 147 141 112 146 143 125 109 129 103 100 103 136 100 0 102 134 125 108 0 104 0 119 126 113 133 0 0 100 111 111 149 0 134 142 101 142 123 124 0 0 122 0 117 0 141 125 0 0 0 146 118 102 140 149 135 0 0 128 0 0 0 118 137 132 149 108 136 115 111 0 0 0 0 124 130 121 0 141 114 138 130 0 135 0 148 132 109 111 131 119 122 101 0 127 109 108 144 136 0 0 124 0 135 144 147 125 0 138 134 146 0 131 107 104 140 149 0 137 136 112 138 141 114 126 124 144 144 146 113 0 0 0 0 0 121 119 141 119 115 117 134 0 137 113 141 0 106 117 114 0 0 146 122 146 141 117 100 130 135 129 122 0 0 0 118 0 0 109 0 101 145 123 127 136 0 109 147 0 105 0 0 100 126 144 0 127 0 0 129 0 145 111 126 135 147 115 118 100 101 101 128 0 0 110
0 0 115 131 138 147 133 106 109 141 0 134 0 0 0 105 126 148 0 0 124 0 117 0 0 119 0 0 0 110 115 115 134 0 117 112 111 126 111 126 0 106 147 129 148 145 139 125 141 106 112 120 144 120 136 111 118 129 122 0 0 0 116 121 0 107 123 145 131 107 0 145 0 126 141 102 122 130 0 102 0 118 100 142 121 114 105 0 136 125 111 142 134 119 127 0 134 109 127 0 130 130 107 0 110 0 141 140 0 0 144 139 0 105 134 114 0 122 111 112 118 115 0 113 126 0 121 144 136 126 106 0 137 137 143 109 0 146 0 126 102 0 109 139 0 0 0 0 122 118 0 134 111 128 126 108 102 110 134 122 147 0 139 138 0 0 131 111 0 117 145 127 123 0 110 124 0 144 0 140 119 138 122 149 137 0 128 141 100 121 110 0 0 125 112 147 103 136 143 105 0 128 134 119 115 145 0 131 100 128 112 144 144 0 147 126 127 142 0 0 122 130 125 123 0 134 114 0 135 0 136 137 123 139 146 0 0 111 0 122 119 0 131 117 143 140 100 100 102 134 145 0 0 0 0 0 139 0 142 142 0 103 0 127 135 129 0 105 0 100 119 120 0 131 0 0 128 128 128 137 103 123 0 140 123 108 0 111 114 0 107 0 0 137 146 0 0 118 109 125 139 146 134 105 0 113 131 0 0 137 104 130 0 138 148 0 112 105 102 101 147 142 145 137 145 0 0 128 141 0 128 144 106 0 102 130 104 121 0 106 143 127 119 0 0 133 115 131 0 125 135 118 148 106 131 0 144 131 137 117 135 145 104 130 139 137 122 136 133 0 148 130 107 0 124 0 110 119 147 103 0 0 0 0 147 100 111 102 112 104 0 115 0 139 0 109 0 105 149 115 140 125 112 108 130 106 110 0 117 121 120 101 105 0 125 0 0 132 0 101 101 142 100 139 138 141 124 126 0 126 110 137 0 141 0 139 0 142 141 111 142 141 129 128 133 119 137 0 114 143 126 145 138 134 118 141 147 148 138 143 142 111 108 143 113 0 122 100 0 106 147 0 130 117 102 138 0 111 120 105 104 105 141 115 120 148 112 148 124 0 0 105 115 109 116 147 0 134 102 0 144 100 136 143 137 0 0 103 146 110 0 142 110 147 120 111 140 0 119 149 105 102 127 128 144 108 116 147 144 112 117 105 0 0 0 123 125 0 125 146 133 0 110 149 116 104 0 144 126 0 138 146 0 102 105 125 0 0 126 123 0 140 123 0 0 145 126 112 115 0 106 138 138 103 115 119 137 103 132 142 115 134 117 0 0 108 127 0 105 120 106 133 0 141 118 125 0 144 107 113 123 128 101 122 0 0 119 120 0 118 122 129 0 100 0 116 124 0 110 137 112 126 0 108 127 0 140 117 129 0 114 145 138 0 143 124 131 110 116 130 103 141 131 135 135 131 0 136 129 0 0 0 138 146 0 127 104 111 123 0 105 117 127 0 104 105 108 0 0 148 104 0 0 116 145 115 135 130 0 146 138 132 127 0 143 127 0
0 104 124 105 104 143 132 115 131 100 0 103 0 149 122 136 123 135 130 138 145 107 146 117 127 0 102 102 107 126 0 0 120 116 132 149 117 137 0 148 111 107 0 114 0 109 143 106 114 109 146 122 136 110 107 121 104 110 149 0 0 106 128 138 138 104 114 142 146 149 0 0 0 116 0 121 0 109 100 143 126 0 106 127 0 0 134 0 0 102 0 0 120 110 113 123 140 0 0 148 0 121 141 119 0 138 132 115 130 109 132 134 119 0 139 112 122 149 103 125 101 133 138 111 106 0 147 125 143 0 144 119 126 113 134 0 145 0 0 139 0 100 105 0 124 144 100 149 111 129 110 0 146 138 137 138 0 112 141 122 118 122 149 0 115 115 0 0 129 113 0 107 110 145 0 105 134 131 125 134 141 120 120 130 139 0 0 0 119 108 125 137 134 0 131 0 121 0 133 116 138 120 140 0 148 102 129 118 0 119 0 144 129 111 106 130 121 144 148 106 105 0 135 0 102 143 121 0 135 139 103 142 123 127 102 0 0 143 133 148 121 0 147 0 123 137 0 135 113 119 115 147 117 139 108 126 0 105 118 121 111 0 0 0 0 139 0 124 112 144 114 108 105 0 101 110 121 121 135 109 114 103 107 0 120 138 112 136 121 119 140 132 135 140 0 140 143 124 146 136 136 105 0 125 0 100 144 114 0 0 112 144 129 148 145 129 120 105 123 100 110 102 0 147 0 143 0 132 0 128 125 0 147 144 132 0 124 0 0 128 102 130 130 102 139 141 0 123 0 142 110 104 113 0 111 100 146 148 126 0 0 133 121 134 127 0 0 0 0 119 138 106 128 148 0 107 114 136 105 0 147 120 0 0 118 141 127 116 131 115 108 128 0 101 145 128 135 123 101 138 0 130 104 147 122 147 143 148 135 146 116 146 102 0 137 116 117 147 105 114 105 127 142 116 102 107 122 0 144 132 119 140 142 101 0 0 0 122 0 137 0 0 125 0 116 104 0 141 0 132 0 0 122 102 109 0 117 0 0 120 100 141 101 136 143 0 0 117 112 0 144 126 134 144 148 124 141 115 0 124 140 100 129 104 117 0 106 126 0 111 148 0 0 109 104 142 0 0 112 121 103 0 125 117 122 123 0 125 0 140 124 0 0 0 0 115 0 134 110 115 142 135 0 141 101 0 146 135 144 148 148 105 103 0 115 113 111 120 136 136 115 105 105 101 148 0 143 0 137 0 0 102 102 101 105 146 0 128 140 0 141 143 145 132 100 110 105 0 138 110 104 0 0 0 114 0 138 147 114 0 0 0 0 0 144 0 143 112 125 127 0 110 117 0 117 123 141 112 109 141 0 102 128 119 135 149 0 106 124 103 112 0 0 107 122 104 107 132 126 0 0 113 100 138 149 112 0 116 123 108 149 0 0 0 0 116 109 128 0 143 131 131 120 117 146 137 134 124 130 112 131 0 146 0 145 0 124 0 0 112 0 106 104 0 101 131 104 132 127 0 140 123 0 112 133 102 0 120 100 128 120 146 0 131 101 0
0 110 129 127 136 148 117 119 124 147 0 0 113 138 147 117 0 141 0 147 0 108 0 0 149 125 130 142 0 141 138 0 130 0 129 0 143 114 113 0 134 106 0 0 104 137 137 140 145 127 114 146 100 143 102 0 118 141 140 0 0 101 0 128 120 0 129 149 136 117 0 0 108 121 121 128 103 148 115 145 113 101 132 140 115 105 139 0 116 0 0 128 110 112 121 148 138 116 0 126 0 0 132 148 123 133 127 133 125 143 112 0 144 133 128 137 123 0 138 0 100 146 114 0 0 0 0 119 143 115 136 0 130 0 0 132 128 106 0 107 132 126 117 0 143 0 102 146 140 0 0 104 122 0 0 0 126 0 103 0 126 113 105 136 116 149 124 133 0 0 141 0 140 104 109 0 121 0 138 107 124 0 0 130 0 123 137 143 0 105 142 111 0 116 111 103 128 125 117 134 0 113 148 0 110 124 105 119 110 102 139 122 135 130 118 148 120 0 140 0 0 126 122 123 129 0 113 0 0 112 115 104 119 108 116 0 0 116 117 0 148 100 102 120 0 140 148 141 140 106 106 0 108 0 114 0 101 146 134 126 135 131 129 107 138 140 112 117 104 123 113 109 110 103 128 126 133 101 125 120 128 0 136 131 115 128 138 111 116 145 108 112 126 0 108 103 114 148 123 123 0 129 0 0 117 0 137 129 136 139 104 146 142 112 0 0 102 126 148 118 123 145 141 0 106 0 148 139 149 0 111 139 146 0 143 0 128 0 133 130 133 128 0 100 131 0 0 0 128 0 107 121 134 149 106 124 143 107 109 106 0 0 116 0 107 131 134 108 129 0 136 0 124 132 0 148 105 127 0 149 130 0 146 104 106 122 143 116 106 0 0 103 142 126 0 139 118 0 0 136 109 130 121 142 0 123 0 0 0 126 104 142 149 141 102 0 110 111 123 0 144 147 0 119 128 120 0 144 124 0 142 123 129 104 130 134 136 112 0 141 149 0 144 114 0 0 145 0 132 139 119 135 114 149 0 134 103 111 0 120 123 106 115 119 147 136 117 109 101 148 145 0 100 138 120 0 0 0 0 0 0 119 101 103 140 146 0 148 132 109 117 135 123 148 0 118 114 120 144 130 0 125 0 134 0 113 140 119 0 130 0 104 137 0 104 103 0 130 126 125 0 145 0 140 0 126 0 134 142 120 100 121 125 112 115 121 121 100 0 103 149 132 0 0 138 133 0 0 140 0 129 120 111 145 142 141 0 138 108 149 132 149 136 131 114 0 0 114 0 135 148 123 126 111 141 149 0 122 126 127 104 121 0 115 125 130 129 106 0 0 0 127 138 149 0 0 143 120 126 0 119 108 148 124 121 133 0 100 125 108 122 148 138 120 134 146 126 146 118 0 147 123 140 126 134 102 0 146 122 118 131 101 139 102 116 101 101 135 0 114 121 139 149 112 103 118 123 102 146 109 0 0 116 0 103 127 137 143 108 124 142 134 100 131 112 142 116 147 148 129 0 113 0 113 139 0 143 0 142 0 0 122 128 132 138
0 110 142 134 0 141 133 144 104 106 0 128 109 109 139 122 134 120 136 113 143 0 120 0 120 0 121 0 103 133 126 113 143 132 122 106 0 101 102 121 142 118 0 119 106 118 142 119 0 144 0 102 113 0 121 104 148 113 148 149 122 146 106 116 139 128 142 0 125 109 128 138 0 138 0 0 105 113 145 139 138 144 0 127 134 113 142 118 116 144 0 119 0 0 138 100 148 106 137 137 0 0 149 132 101 112 106 106 106 0 117 0 0 116 111 116 0 130 0 139 122 0 149 140 0 0 0 113 138 127 119 149 103 148 0 134 143 0 127 107 0 0 105 0 140 106 108 142 110 143 147 115 118 137 132 115 126 114 137 0 145 0 144 143 136 0 0 137 142 145 137 125 101 119 0 112 138 113 120 108 122 109 144 119 0 145 132 137 109 136 134 0 124 123 138 110 0 117 129 136 0 135 142 0 0 0 129 111 0 127 140 106 131 0 103 105 0 119 0 118 0 120 0 141 126 124 137 140 0 141 130 102 0 0 108 0 147 143 147 100 0 0 115 147 101 119 111 0 0 103 129 0 100 111 0 146 142 107 107 119 117 134 149 106 138 111 0 0 146 144 0 120 0 101 123 140 115 106 120 101 135 0 138 109 145 127 0 0 148 121 139 0 111 135 0 136 100 115 143 0 139 116 121 114 137 121 109 129 109 0 148 110 111 128 0 0 106 103 100 133 0 0 0 104 107 0 129 129 138 136 0 124 0 127 0 145 121 0 124 110 149 140 120 0 146 126 141 139 127 106 137 131 100 118 0 0 0 135 145 0 120 137 102 123 134 111 146 134 114 100 106 126 120 0 121 122 137 115 0 136 0 101 144 132 120 139 133 113 0 141 0 140 119 108 114 147 107 148 131 0 146 119 130 0 112 149 0 140 149 0 130 102 0 0 120 0 145 147 136 104 127 139 111 132 0 0 125 0 135 146 144 120 128 135 0 0 0 117 0 138 105 143 133 148 0 117 106 110 114 149 102 147 0 130 104 130 138 149 0 120 139 115 105 118 148 128 110 127 141 118 107 105 149 113 0 129 0 0 133 110 0 113 117 105 144 136 122 127 111 100 110 130 138 100 0 0 147 137 109 0 129 0 141 135 0 119 100 112 0 105 0 140 119 105 120 121 140 108 118 117 0 128 0 138 133 128 139 142 0 149 0 143 145 0 140 138 108 108 106 127 126 106 128 117 104 0 111 137 142 123 0 0 137 0 134 109 105 0 134 136 139 0 109 142 109 0 123 115 128 134 129 135 125 101 105 103 147 111 0 103 0 0 0 114 0 146 0 147 149 120 144 139 136 100 118 106 140 0 105 141 149 128 125 109 0 113 0 144 0 134 126 0 100 130 131 147 136 129 149 0 127 105 149 129 127 137 146 0 102 102 130 131 125 137 105 0 141 105 129 128 0 146 0 143 0 0 146 142 113 119 0 128 143 106 0 110 0 145 0 103 0 148 138 112 0 0 115 112 136 114 103 0 0 105 120 109 122 0 0 125 107 113 103 105
0 101 105 0 146 122 0 133 142 123 100 141 125 0 113 131 0 108 0 123 105 119 137 113 141 120 123 144 0 0 106 0 105 124 0 119 117 109 123 0 130 145 146 109 0 112 0 149 129 126 142 134 0 102 0 119 0 140 0 140 117 0 115 103 147 108 0 0 0 126 116 133 0 0 0 107 103 110 0 127 107 143 108 0 126 148 135 114 124 0 142 102 127 140 0 115 114 114 112 0 134 114 0 0 146 0 101 132 133 118 124 101 107 0 107 114 105 139 107 134 126 123 0 141 125 137 0 143 0 137 108 147 110 112 0 103 124 116 0 118 106 127 0 112 137 147 112 142 0 102 119 124 127 115 133 140 0 137 104 114 105 125 138 117 106 0 136 0 101 121 0 128 139 138 0 147 127 140 103 111 111 113 0 100 114 116 0 111 125 147 120 125 140 0 143 141 112 119 141 110 142 0 131 0 106 114 106 123 132 139 100 136 0 130 0 117 103 145 124 115 100 130 130 127 102 109 0 121 138 115 113 142 135 137 0 0 111 126 111 0 129 0 0 0 115 145 118 113 124 133 117 125 0 126 148 101 116 0 104 130 124 127 101 135 148 114 0 0 0 129 137 117 106 0 129 111 0 0 105 141 149 131 149 100 135 117 138 141 100 128 111 116 0 101 121 147 141 107 0 0 114 139 140 118 123 102 133 111 108 124 116 130 122 109 0 0 135 123 116 144 136 108 143 109 145 0 105 124 121 104 0 103 146 125 126 137 103 119 119 0 140 121 134 128 0 111 0 119 149 146 103 127 137 112 0 145 118 114 145 118 102 0 0 0 139 105 149 103 108 0 0 102 104 0 0 148 0 0 0 146 0 117 141 145 0 0 120 117 139 0 139 0 137 0 127 125 128 149 0 141 114 0 106 0 127 132 122 141 104 149 125 108 103 142 0 0 0 0 101 134 0 137 140 143 0 0 112 128 104 140 135 144 135 115 143 103 128 144 130 115 133 125 109 0 111 139 116 0 129 129 112 0 108 121 0 0 0 0 0 125 102 147 105 0 0 0 0 133 112 111 139 137 0 128 111 143 141 124 144 104 148 0 120 0 142 0 143 0 0 145 132 0 123 0 144 0 141 0 149 101 135 0 132 0 132 109 0 0 0 122 119 100 115 127 106 103 136 108 110 133 0 101 142 136 137 0 0 0 101 116 138 123 102 118 0 0 148 141 0 124 106 125 0 0 119 0 132 0 104 139 0 131 119 138 100 0 143 0 125 104 0 117 114 124 0 130 116 119 0 136 118 113 0 119 111 141 144 0 147 0 139 117 130 141 120 121 132 125 0 110 0 105 107 120 114 0 123 143 101 102 0 106 112 138 113 147 0 130 130 118 0 103 130 148 140 120 0 0 139 144 136 143 146 136 134 148 124 128 0 103 0 128 142 116 106 0 139 146 133 104 0 0 149 108 125 114 149 132 0 124 133 141 0 112 126 135 142 143 140 145 105 104 136 115 136 148 0 126 118 112 114 129 137 131 114 136 110 0 0 140 118 0 133
0 122 111 115 144 0 0 129 0 122 147 122 135 149 125 0 121 117 131 0 100 136 101 138 140 107 149 108 144 110 103 118 0 103 0 108 137 122 0 130 131 129 0 129 122 142 144 100 0 0 140 0 137 0 144 117 119 0 0 101 114 100 110 0 124 119 0 102 104 124 0 108 129 139 109 135 100 120 104 139 122 0 142 0 131 107 0 111 142 0 0 0 117 101 128 103 119 145 127 117 144 127 120 104 119 116 0 143 0 0 116 129 0 122 148 143 0 140 0 144 101 136 131 112 135 131 120 120 108 136 0 0 105 142 107 134 0 114 108 129 0 101 118 126 0 0 116 148 141 0 114 114 105 111 116 115 121 145 140 106 0 120 100 0 103 108 138 0 0 138 148 115 121 143 149 136 0 140 0 149 141 143 136 140 0 128 111 125 126 113 108 140 148 0 102 117 0 103 118 123 0 141 104 106 142 115 126 109 104 145 112 0 106 125 107 0 0 122 0 127 0 113 0 121 0 140 120 139 131 135 129 126 119 0 139 115 136 110 125 115 141 0 143 148 128 123 0 0 0 130 129 114 0 0 100 0 146 136 131 118 109 141 130 144 0 0 134 147 130 119 142 130 112 0 140 113 138 133 141 105 134 119 139 134 0 0 147 111 0 104 0 0 0 100 0 147 111 109 143 131 102 138 124 123 100 142 103 113 110 109 0 121 120 104 132 126 0 0 121 136 0 128 0 103 0 142 124 121 130 0 120 143 0 0 146 144 143 123 125 0 106 145 0 113 135 144 148 141 148 138 0 106 0 114 0 133 131 135 100 147 106 0 126 135 106 0 124 135 145 0 115 141 129 118 142 110 0 116 0 126 0 0 122 123 0 111 107 149 122 129 115 0 127 147 142 104 100 113 138 0 138 110 144 143 145 0 138 121 102 113 147 145 114 121 0 128 148 121 127 113 103 0 117 118 0 0 102 116 128 102 0 138 149 138 147 145 130 128 0 104 112 147 0 133 0 0 149 141 100 106 143 0 118 0 114 143 0 108 0 102 108 111 133 140 136 109 0 122 0 0 138 105 142 118 145 146 0 102 139 0 111 133 141 123 121 0 124 147 0 0 0 148 123 113 0 0 125 110 103 136 118 139 123 128 149 143 122 123 122 141 106 142 115 117 137 148 122 144 127 125 103 141 0 148 144 0 113 137 108 137 123 147 125 138 130 0 136 146 113 104 124 0 118 145 106 140 117 133 132 128 0 126 108 0 132 120 118 138 113 132 102 133 140 0 101 128 124 141 127 0 130 125 146 0 131 127 0 131 102 117 0 107 137 108 104 121 146 128 123 140 105 129 137 0 120 123 114 0 120 126 108 136 110 101 0 143 138 0 103 0 0 139 113 131 137 0 105 136 144 102 110 0 109 111 114 122 139 141 110 130 108 115 128 135 123 118 133 0 0 147 0 113 137 0 111 0 102 113 0 0 0 106 0 104 147 125 135 105 133 125 0 139 112 0 100 135 127 102 148 145 0 146 103 141 118 133 0 121 105 143 0 0
0 133 130 0 125 107 0 144 0 139 124 101 146 129 132 112 101 0 119 110 114 134 0 134 0 106 134 114 143 0 126 122 116 101 111 146 123 112 106 0 105 0 0 0 119 0 122 0 0 0 0 105 103 0 116 111 117 0 101 120 129 124 103 0 0 107 130 102 104 0 0 147 100 0 148 121 135 146 134 149 123 141 100 106 118 110 0 137 126 147 139 107 106 133 118 144 141 0 111 100 119 0 0 106 110 131 125 108 101 101 100 101 113 107 146 106 126 118 149 104 129 147 0 0 134 100 0 131 140 0 0 125 105 123 0 140 126 120 136 101 100 139 0 134 111 0 149 0 105 133 135 0 100 141 132 132 103 105 108 0 0 133 103 0 123 109 122 126 0 102 140 129 116 133 144 0 110 0 101 0 108 0 0 100 116 119 137 0 117 104 140 0 102 125 0 111 129 141 0 0 102 131 0 132 130 126 135 107 149 148 136 141 145 0 135 146 115 110 139 115 126 105 131 121 0 136 105 0 116 0 0 108 109 0 139 0 139 0 0 149 130 0 115 141 115 135 0 134 123 143 111 100 119 0 117 0 132 143 0 148 131 100 129 0 120 116 111 149 126 128 111 0 145 0 102 115 0 127 136 0 0 131 146 134 115 107 0 107 108 142 103 116 0 0 106 121 0 0 101 128 123 0 140 114 141 123 113 0 143 133 143 117 128 0 137 144 126 108 104 104 0 139 0 0 0 130 125 0 118 147 0 0 0 115 0 121 122 113 128 117 130 112 128 111 111 104 0 141 130 146 103 105 140 108 141 136 135 113 0 0 148 146 0 0 0 131 113 113 149 0 126 0 0 149 122 0 116 142 0 143 138 111 137 146 149 124 122 0 127 0 129 0 140 120 137 111 112 134 131 143 132 107 0 0 115 146 147 0 110 142 121 0 112 100 101 104 149 145 135 122 143 109 106 137 101 0 0 126 140 141 129 137 110 149 119 147 135 137 149 149 0 0 133 136 137 100 122 0 124 144 122 0 135 144 0 124 0 127 111 147 118 121 128 131 0 0 107 127 0 137 110 135 132 138 106 111 103 114 111 141 0 126 100 115 128 102 0 0 105 102 133 109 0 131 144 0 128 123 0 148 0 100 145 128 149 0 120 110 110 136 149 132 105 124 135 132 0 145 121 119 108 131 131 125 147 139 135 111 0 145 118 134 103 123 119 120 114 143 126 114 110 103 0 121 135 122 124 140 105 145 117 141 115 134 143 121 137 132 106 0 143 112 145 143 106 135 0 122 0 0 139 135 115 140 0 0 0 0 0 0 0 148 117 114 106 110 0 147 103 108 114 137 147 120 0 136 105 0 114 134 0 126 0 117 148 144 130 105 114 0 114 117 121 135 131 0 0 0 120 100 129 0 0 146 112 0 118 113 108 0 103 102 0 0 136 0 132 108 103 0 115 102 144 142 143 0 116 103 0 0 118 112 116 124 106 0 120 0 130 139 107 0 133 125 113 0 0 145 140 104 129 149 104 0 0 133 148 120 133 102 130
0 137 141 0 0 0 0 121 0 100 0 0 0 109 0 103 107 147 0 103 129 105 108 101 0 0 107 130 136 139 0 131 100 109 142 0 0 138 141 110 119 0 116 102 100 130 143 139 135 127 0 0 125 107 147 118 135 103 122 105 0 143 0 128 135 124 136 130 140 137 114 104 0 137 149 108 105 133 0 108 124 100 112 0 110 141 0 129 108 100 0 0 103 0 0 126 108 0 119 111 0 0 0 0 114 105 103 0 101 124 122 0 104 124 113 0 149 115 0 149 0 122 135 102 117 134 0 0 138 144 0 119 117 144 107 115 101 149 0 128 0 146 136 0 0 0 0 133 0 140 109 148 131 0 0 135 122 0 143 0 108 117 127 131 0 101 149 143 128 139 128 117 128 135 0 0 126 0 0 102 107 115 107 119 125 140 125 109 0 135 104 133 101 147 123 107 132 126 111 135 108 0 124 0 0 0 132 131 128 106 125 126 0 147 106 0 0 143 0 137 107 144 110 129 118 120 102 128 111 122 133 115 121 140 136 105 104 115 104 0 137 130 142 118 130 136 117 133 126 0 108 0 141 0 0 116 133 0 103 111 121 0 0 0 111 0 122 107 0 136 115 0 111 110 102 0 131 0 115 0 147 141 149 112 0 119 132 0 0 131 146 102 147 114 141 0 128 0 144 0 0 0 131 140 129 144 0 0 138 101 124 118 126 149 134 101 145 132 109 137 126 133 140 0 0 134 144 130 103 114 127 0 133 104 134 0 128 120 118 0 100 117 147 135 121 123 132 131 127 0 113 0 136 123 0 123 124 100 128 0 100 143 147 148 149 105 145 0 113 147 116 142 107 106 114 132 123 103 140 0 121 0 137 0 115 118 148 144 0 0 103 130 123 117 149 114 147 107 0 0 124 0 106 114 121 0 128 147 114 115 149 0 0 0 115 125 114 122 0 148 0 149 137 109 0 120 142 0 112 110 0 141 131 0 127 120 120 111 137 120 0 132 136 0 109 119 105 114 137 146 148 0 0 0 141 147 137 143 0 124 0 0 137 143 100 131 138 0 146 102 146 139 137 133 147 0 108 130 125 144 142 126 123 0 113 125 117 0 117 143 0 131 111 110 0 124 117 104 103 119 0 0 137 107 114 139 0 117 135 119 0 139 144 129 111 0 117 143 111 142 140 0 0 0 119 147 0 123 142 120 0 101 104 120 0 126 0 108 139 0 0 0 113 0 132 0 131 101 100 109 120 119 135 110 0 144 131 123 123 134 0 103 120 139 115 112 123 101 0 128 0 117 0 130 101 0 147 0 0 105 144 117 107 0 123 0 132 0 0 139 107 140 0 114 0 0 116 0 137 0 140 101 142 0 104 138 141 116 122 118 107 137 0 121 0 149 0 147 130 0 148 111 122 131 121 123 104 0 104 0 0 0 129 148 137 127 0 119 118 146 131 138 0 101 114 133 0 138 134 132 0 145 0 134 134 137 0 136 112 147 137 115 132 0 139 0 0 139 123 111 129 129 140 0 118 136 104 0 0 0
0 143 0 123 129 130 0 113 0 0 110 130 139 0 143 108 0 136 0 0 114 0 107 116 109 139 123 147 132 144 117 100 136 0 104 147 116 127 0 115 127 149 0 0 0 100 128 0 138 117 119 146 0 0 134 133 0 122 0 0 124 102 135 112 104 123 112 127 128 100 118 128 149 147 0 0 142 100 0 0 135 128 0 0 0 145 125 118 138 112 136 0 112 137 108 141 132 115 139 147 141 0 137 138 139 110 0 0 0 101 122 143 109 103 0 0 145 112 140 141 112 134 0 104 111 134 107 110 115 0 129 103 106 143 0 126 136 148 122 124 121 149 0 107 122 0 105 0 125 133 108 100 0 0 0 105 140 127 0 118 0 116 136 128 130 114 113 0 122 0 101 135 0 121 109 0 120 0 0 102 140 116 0 0 100 132 101 105 147 146 116 0 119 127 122 149 148 103 131 106 112 0 119 114 0 125 0 106 0 142 133 113 121 0 109 138 107 114 122 0 149 138 104 100 0 0 122 130 142 125 133 0 106 141 144 109 0 117 118 123 149 143 127 100 0 124 0 133 134 0 121 109 124 102 118 104 0 0 118 0 108 0 0 0 132 0 126 126 125 124 0 0 131 0 117 0 0 101 143 144 128 111 0 136 129 135 122 115 101 0 146 148 133 103 0 102 127 100 117 133 129 104 113 108 137 0 120 0 0 101 117 108 148 0 0 101 139 122 122 0 136 146 130 114 109 0 0 0 130 133 139 0 143 0 121 100 123 147 126 116 142 0 117 107 0 123 146 115 125 105 142 110 121 107 130 130 0 138 132 141 127 0 118 100 136 147 126 142 122 108 0 136 116 143 102 0 119 100 137 104 113 104 0 143 111 147 0 115 144 100 0 0 137 115 135 112 0 128 0 116 0 119 0 0 0 118 132 0 120 108 120 0 104 127 129 146 139 0 121 102 0 106 107 129 131 140 124 115 0 101 128 133 146 0 144 0 119 114 0 0 0 107 133 111 121 0 125 112 117 0 0 0 0 137 101 137 131 125 144 147 119 0 114 136 0 0 0 114 0 108 121 102 0 108 0 102 0 128 126 115 137 103 0 124 0 108 0 105 106 121 139 0 122 109 145 112 0 128 119 137 0 0 123 142 116 120 0 0 101 0 106 121 111 0 117 145 133 143 140 107 135 141 0 0 132 0 0 123 135 0 131 145 144 0 136 117 131 106 147 143 128 0 132 116 100 0 115 141 131 122 118 135 116 114 0 128 107 137 125 135 135 131 110 0 113 100 118 132 110 0 113 136 149 147 116 0 132 0 111 0 139 116 0 0 0 115 144 0 134 148 104 0 0 112 0 117 0 139 141 0 124 116 132 0 141 0 0 112 119 134 118 100 109 0 135 110 0 0 130 111 112 111 112 140 0 0 0 132 103 108 134 124 0 140 0 135 0 0 125 140 106 143 113 126 114 0 120 0 111 112 0 0 101 121 0 120 147 101 0 146 139 100 135 134 131 0 137 119 0 135 126 0 0 103 133 129 131 0 111
0 148 144 134 0 0 119 121 131 0 0 108 128 0 101 148 130 134 0 121 104 101 148 130 0 137 134 121 0 136 137 125 149 0 127 104 0 0 149 133 0 0 115 110 135 120 135 131 120 135 128 100 0 134 0 0 138 109 0 0 135 143 147 109 118 112 0 126 138 134 139 123 121 115 0 118 103 129 0 115 123 0 141 148 147 100 132 0 116 0 126 145 108 120 134 131 100 136 0 116 135 0 104 108 0 117 121 117 146 148 135 0 0 0 103 0 0 0 106 112 0 144 0 139 131 105 139 147 136 120 137 0 149 0 118 135 0 102 0 100 137 0 138 118 144 145 0 0 148 138 115 0 145 141 130 130 142 127 129 134 103 103 129 121 0 0 138 110 0 116 105 0 0 112 117 109 113 125 117 110 0 134 0 113 141 131 114 104 0 120 146 138 0 139 110 0 128 0 0 116 115 116 106 140 100 118 0 112 0 137 0 116 119 100 132 148 122 125 129 114 0 127 141 112 141 149 122 104 143 103 117 149 0 122 115 139 100 142 146 109 123 0 101 133 140 0 102 131 127 137 102 119 0 127 112 119 103 101 0 123 147 136 149 117 0 0 107 115 132 135 0 133 149 123 115 101 119 109 143 145 106 107 114 0 137 0 144 149 147 148 0 119 110 129 131 113 133 0 124 101 123 0 0 144 145 126 140 146 139 0 138 0 133 0 0 123 111 0 140 100 127 141 126 113 0 122 133 127 145 119 146 119 144 122 148 103 0 114 102 0 122 121 128 149 0 0 109 144 112 112 0 0 116 143 102 139 0 145 119 132 128 0 0 105 117 139 121 0 141 112 148 0 113 114 102 0 132 122 129 149 124 0 149 0 0 131 107 126 124 130 114 115 0 113 117 124 135 111 136 100 143 0 100 137 107 140 130 145 117 130 149 114 0 128 142 112 104 133 125 145 122 119 0 140 148 102 142 110 126 0 0 0 133 147 143 0 0 0 0 121 101 137 125 121 111 146 123 128 128 130 0 0 104 134 140 0 0 0 116 110 117 120 0 133 0 124 138 101 0 136 0 0 122 103 105 112 0 136 0 111 116 106 0 126 0 121 0 148 0 136 100 111 142 105 147 106 0 119 145 0 110 0 118 136 0 148 120 0 115 0 117 114 140 147 142 129 0 126 0 0 108 127 132 110 145 0 132 130 103 112 108 111 135 109 0 128 117 105 0 0 101 108 107 105 145 124 102 144 135 0 102 0 145 104 131 142 129 142 110 147 139 144 117 134 131 113 140 135 0 126 113 147 123 131 139 149 0 132 110 103 131 137 0 140 105 114 126 0 122 147 0 149 0 137 137 110 129 136 0 123 146 133 122 102 0 106 114 107 0 0 129 0 140 0 0 144 0 135 0 117 114 0 112 0 134 0 0 0 115 136 116 142 126 0 117 133 0 102 135 100 122 0 147 129 135 115 112 117 148 130 0 101 0 102 142 0 124 130 0 114 0 141 128 143 0 141 125 111 141 123 117 139 118 127 0 121 118 144
0 109 100 0 146 0 108 105 108 142 134 102 122 0 114 0 0 148 107 0 100 0 106 111 147 118 0 124 143 116 0 117 100 109 148 116 112 147 0 0 0 139 110 126 111 104 0 0 100 100 117 139 142 0 123 143 131 124 131 127 147 147 0 130 145 113 120 123 136 101 108 109 0 0 0 108 119 107 109 0 0 0 105 138 127 103 131 0 130 0 121 114 124 114 0 110 0 147 108 149 0 0 136 0 142 115 112 124 107 119 0 117 0 0 132 143 136 115 0 135 126 137 141 0 102 112 143 143 147 122 124 100 125 113 0 0 101 127 116 0 0 100 0 0 113 0 115 129 127 135 105 149 116 123 0 101 123 107 0 111 108 117 119 0 0 0 0 136 101 0 0 0 103 147 106 139 108 115 107 117 131 127 113 100 120 114 102 131 146 117 110 141 113 133 100 139 126 129 0 110 0 118 111 0 108 140 0 130 0 142 118 118 0 103 125 0 130 114 0 0 137 139 0 127 0 117 108 148 140 143 0 0 130 122 117 139 0 125 0 109 123 109 122 116 134 115 0 101 0 133 117 122 108 0 137 130 128 0 103 110 115 0 131 0 129 104 112 0 0 0 135 108 122 149 128 137 116 120 140 145 145 104 145 0 118 133 147 111 114 108 0 137 0 138 116 117 0 128 134 0 114 106 139 0 102 102 141 0 0 127 0 139 149 139 107 126 108 0 140 139 126 143 134 135 123 109 112 115 125 120 0 0 111 0 132 103 104 136 138 145 0 128 126 144 100 131 130 110 0 0 143 141 121 0 142 136 142 138 109 128 106 143 0 147 148 102 100 134 110 123 131 102 141 0 0 126 140 125 113 0 124 0 142 0 0 133 135 132 144 0 0 101 0 117 138 0 120 109 119 132 0 133 142 0 129 128 145 0 136 140 141 0 131 105 105 129 145 132 115 135 0 122 144 0 142 128 0 0 130 0 103 110 130 111 117 0 147 0 0 0 132 145 138 119 119 135 0 126 116 126 100 144 125 129 136 118 118 108 116 134 0 0 0 141 0 111 0 0 121 142 0 113 146 0 0 134 106 135 144 103 0 128 133 128 103 118 0 129 121 141 132 0 144 118 147 0 103 125 0 0 128 113 100 123 0 0 114 0 0 0 128 126 0 129 140 137 129 136 100 126 0 135 105 145 110 122 114 134 0 116 0 101 0 0 0 116 0 123 122 103 0 137 121 121 127 0 136 0 0 0 0 121 0 149 133 137 102 134 139 0 113 118 132 101 136 112 142 0 117 142 137 147 105 0 140 120 102 110 122 117 143 117 132 108 104 143 113 147 115 0 0 142 103 0 0 136 0 148 0 148 110 147 0 0 109 139 139 142 0 148 0 142 113 117 0 142 104 110 110 147 0 0 140 132 128 0 100 0 138 0 129 0 113 133 0 145 134 0 145 119 146 140 113 0 103 114 106 129 134 0 121 0 131 0 131 105 138 0 123 0 119 0 0 0 104 132 140 145 144 110 111 0 137 131 138 116 124
0 122 101 0 136 126 0 0 131 120 0 123 145 123 0 123 0 133 148 108 0 131 0 118 0 0 144 138 114 0 129 137 139 137 0 117 137 0 123 130 113 0 131 112 0 140 120 125 104 109 145 108 110 144 0 141 142 120 0 134 127 132 117 112 129 133 132 127 141 127 103 109 121 117 0 110 114 0 142 128 0 140 112 112 0 143 0 115 128 0 0 101 0 115 127 0 0 123 130 0 101 0 137 126 0 117 0 102 0 138 0 147 0 0 148 112 123 132 0 123 129 116 120 0 125 146 0 139 0 126 114 122 101 0 0 134 0 132 101 0 0 126 144 0 0 128 147 0 128 107 126 0 122 102 117 113 123 114 0 143 117 118 0 133 114 123 0 0 125 136 140 132 114 145 125 0 147 133 109 112 132 114 114 139 108 109 100 102 128 0 127 102 139 141 100 0 0 0 149 110 0 128 0 149 131 129 102 105 139 132 110 117 114 106 147 0 112 0 130 144 142 149 0 0 0 100 120 0 0 144 132 146 139 102 0 118 131 139 0 0 141 116 121 137 131 107 0 143 0 108 0 119 0 134 113 148 129 131 149 143 132 102 143 148 117 0 0 131 110 0 104 0 0 138 112 121 0 143 106 108 112 124 110 147 106 0 0 107 107 107 145 144 0 0 0 124 133 135 133 114 0 0 117 129 114 145 0 103 144 0 0 131 147 147 109 115 120 141 108 113 137 137 135 130 104 0 109 116 126 0 136 145 130 124 0 102 103 117 0 0 0 106 0 102 0 149 146 101 129 0 129 0 124 125 126 114 141 139 144 143 148 125 0 103 149 104 0 105 0 0 139 138 144 134 136 135 142 122 104 110 115 140 111 144 135 129 129 116 136 0 124 117 0 112 114 137 0 0 115 115 129 134 104 126 136 149 0 110 0 122 112 129 142 125 142 126 0 0 138 105 134 128 147 122 125 129 100 116 133 121 109 149 102 137 126 130 0 0 0 131 105 108 0 132 131 129 147 0 132 113 137 127 113 140 109 103 106 127 132 101 104 137 0 103 0 134 138 139 112 0 121 128 107 0 129 104 0 111 101 144 146 125 117 0 109 102 125 0 143 0 137 0 123 0 133 120 124 0 136 148 0 0 108 147 136 133 109 0 130 122 136 107 106 0 110 121 104 120 106 121 144 124 108 109 112 0 105 116 0 123 115 114 122 134 121 0 112 0 112 138 125 0 0 100 147 133 126 146 128 0 139 146 0 133 117 0 127 124 0 149 0 0 124 125 114 137 140 0 109 108 121 146 146 102 105 107 128 127 143 123 0 0 131 143 114 149 147 101 0 0 124 0 107 0 103 102 131 127 126 103 0 126 124 113 134 0 140 135 0 149 106 128 0 118 141 129 136 0 131 133 113 0 0 0 149 0 0 0 0 122 140 131 124 105 0 126 142 116 111 140 106 0 109 115 126 109 120 131 131 147 0 123 141 105 119 131 109 103 126 0 135 137 134 104 0 119 134 113 148 108 125 0 127 119 143 140
0 139 100 110 114 118 128 0 103 0 0 0 0 120 104 123 102 109 121 108 123 0 114 110 113 122 147 109 0 123 116 136 129 107 122 134 105 123 112 107 130 143 0 141 113 123 111 111 114 0 110 102 126 0 148 124 114 104 112 100 126 142 121 137 110 110 110 106 0 144 0 0 147 0 109 140 0 124 137 106 119 0 0 120 124 136 118 134 146 0 0 102 133 143 0 100 0 148 115 0 115 105 108 0 126 0 0 0 128 131 0 0 148 0 143 101 143 130 134 101 137 118 0 0 113 137 0 0 0 117 0 140 0 134 0 148 143 0 147 101 127 119 124 134 141 108 141 132 134 0 137 135 0 0 0 132 0 109 109 140 115 106 137 125 0 111 126 101 116 144 129 128 126 148 120 133 107 125 0 117 116 131 141 111 0 128 123 0 127 105 101 121 0 0 122 134 148 144 142 140 124 145 121 105 101 0 143 101 131 111 137 102 106 125 138 102 0 0 139 128 0 104 102 104 130 135 123 122 120 145 135 0 138 125 0 0 104 0 142 105 102 146 140 138 105 136 0 0 0 130 131 146 145 0 116 139 132 120 0 148 124 146 131 131 138 0 124 117 144 127 124 147 129 102 118 148 128 0 123 137 0 120 113 147 134 149 146 121 128 107 134 0 136 147 112 0 124 122 112 138 113 0 112 137 148 117 121 119 120 0 140 140 122 129 132 109 141 132 142 126 0 130 149 113 119 0 116 0 0 117 136 119 0 114 139 0 126 144 139 140 0 121 127 0 0 0 0 141 130 119 148 118 129 0 101 103 0 0 127 143 123 138 0 119 120 148 0 106 149 125 0 142 107 102 0 120 125 138 116 128 0 139 113 0 0 116 136 0 129 108 138 149 140 129 0 0 0 0 148 0 133 138 0 117 126 141 133 0 145 101 112 0 133 125 110 137 0 0 117 123 0 122 125 122 0 109 130 106 123 0 0 119 127 142 143 0 0 0 111 0 127 112 129 119 116 103 0 0 142 116 117 124 103 135 147 100 144 147 0 108 117 123 117 148 0 106 136 142 126 124 125 136 125 108 124 112 0 0 138 116 0 144 0 0 0 140 129 0 0 149 121 128 118 122 0 144 114 130 0 141 0 149 120 148 112 0 110 130 110 131 125 0 104 0 141 143 0 125 0 132 0 0 120 119 142 0 143 102 141 104 135 109 102 109 0 0 129 128 0 147 0 144 0 138 141 132 0 102 105 0 106 139 123 125 119 0 112 108 0 0 0 148 144 121 109 121 132 116 0 0 114 128 116 143 143 102 0 112 111 0 120 149 101 135 0 0 149 109 100 115 120 110 101 107 0 145 143 0 115 113 121 0 0 102 118 118 104 0 113 118 147 0 136 149 118 107 0 136 0 147 145 105 0 122 100 133 136 110 124 122 0 124 108 136 0 148 0 0 143 122 106 128 0 120 101 107 100 132 0 103 109 118 103 102 134 127 125 0 140 0 0 121 131 112 144 0 113 131 0 131 0 114 116 102 143
0 133 0 107 0 0 103 131 140 0 142 105 0 106 136 123 0 109 148 133 0 0 100 0 125 137 0 0 118 116 0 116 129 149 118 120 128 146 112 121 136 143 122 0 136 0 140 0 142 148 130 0 118 0 148 145 119 0 124 132 0 0 117 0 128 109 137 113 0 127 122 127 103 135 112 0 118 119 100 0 113 108 0 0 121 127 119 109 144 144 145 127 102 142 126 136 134 127 134 144 0 131 140 129 100 116 111 0 123 140 0 149 140 125 0 0 148 114 145 114 115 115 136 0 0 135 0 130 0 127 135 125 0 134 0 129 104 0 105 134 109 121 100 103 0 0 108 118 124 118 122 125 111 111 121 0 0 140 112 0 140 111 127 146 0 136 0 145 132 0 111 126 140 144 146 109 132 130 0 0 121 130 103 136 122 131 111 128 0 110 146 139 100 135 103 143 103 0 109 104 145 147 111 0 0 123 113 111 130 118 110 112 137 106 148 119 144 0 0 125 138 147 0 109 0 105 0 133 129 0 0 105 148 121 125 148 0 144 107 0 127 143 145 129 126 128 121 133 104 0 0 123 0 0 124 117 0 141 139 117 0 0 118 134 136 131 136 115 139 132 148 124 0 120 116 122 118 0 0 115 128 130 120 121 110 138 116 147 141 110 139 146 145 0 111 106 142 124 143 0 143 126 130 0 143 0 126 120 110 105 104 129 0 0 140 123 144 0 103 126 142 111 124 135 126 137 144 133 0 0 132 125 0 131 124 109 114 0 111 101 140 136 129 0 121 131 0 123 140 117 0 118 114 0 140 116 0 0 0 0 148 107 141 111 111 116 107 0 143 0 0 107 137 102 102 144 108 107 120 113 108 131 134 147 144 120 149 145 0 149 118 0 109 0 140 126 136 144 102 145 136 0 141 126 133 128 137 121 132 0 0 0 142 138 133 109 119 0 143 120 121 0 111 101 145 139 140 120 0 140 149 104 117 100 0 0 117 146 147 122 132 134 109 0 0 142 102 107 110 0 124 125 0 122 0 0 143 145 103 147 112 149 127 102 0 132 147 0 122 0 109 145 104 121 117 119 127 138 125 0 110 116 142 0 114 146 0 109 128 117 125 116 145 133 0 128 0 118 104 140 111 123 117 126 141 107 105 0 0 0 147 132 0 148 124 123 100 0 146 110 0 130 109 125 0 120 112 112 100 0 119 106 115 135 111 114 123 0 134 122 129 131 141 106 0 148 130 0 0 120 119 100 149 124 124 112 139 106 0 136 105 129 107 0 124 104 116 108 134 110 124 131 109 115 135 0 137 0 116 107 123 140 0 125 143 136 107 125 123 0 118 114 148 104 0 101 0 112 0 124 0 0 0 143 126 0 112 0 132 146 111 144 0 0 118 123 0 102 134 106 100 114 0 140 141 109 139 0 0 124 145 125 139 129 123 0 148 106 137 0 144 104 101 0 140 0 121 133 0 144 108 146 0 112 148 0 0 131 113 0 0 104 0 112 0 111 110 113 115 106 106 104 130 143
0 0 111 148 116 149 109 126 132 0 133 0 137 0 0 123 121 118 105 0 147 146 123 120 100 132 0 0 104 138 123 115 130 0 106 125 146 139 108 116 149 112 0 121 114 128 147 149 102 132 126 140 144 114 134 129 109 100 125 0 103 143 146 147 146 107 105 128 0 102 0 145 102 118 0 113 111 0 124 123 138 119 129 0 0 143 0 149 148 117 102 141 0 0 137 133 147 142 113 119 0 114 122 133 144 136 118 128 136 0 144 100 0 132 102 0 149 140 132 116 113 125 129 128 144 0 144 126 0 123 106 0 0 137 127 131 107 122 147 131 0 120 145 107 142 111 141 108 148 135 135 127 117 132 136 108 141 0 120 112 103 122 127 132 113 115 110 0 0 139 135 135 127 149 112 107 105 128 0 0 0 0 126 0 112 0 0 101 143 137 131 100 113 132 124 143 102 0 0 144 142 0 0 114 0 119 111 143 0 119 0 125 0 106 0 0 119 126 0 102 117 0 110 118 117 145 0 134 120 109 149 110 136 122 101 148 101 0 115 130 115 0 126 114 102 106 132 127 125 107 120 0 116 125 108 130 122 0 108 105 120 141 112 0 0 125 126 147 0 118 0 137 108 126 148 147 147 133 125 132 133 120 123 0 149 104 140 116 113 0 115 143 132 0 123 135 118 0 0 111 136 0 0 126 119 136 144 138 134 114 136 0 0 104 0 128 101 112 0 0 135 0 141 0 110 0 129 128 109 134 106 0 117 125 139 101 105 0 143 140 104 103 105 147 0 129 0 112 0 113 0 0 149 120 0 144 0 144 124 139 0 113 103 0 103 126 113 101 147 140 114 131 113 117 0 112 112 123 122 119 0 142 101 147 105 122 0 0 100 142 103 148 125 131 0 100 132 110 103 0 118 0 0 114 144 0 137 123 137 113 0 103 109 130 0 0 142 149 121 112 149 116 137 128 137 118 107 107 137 126 114 118 112 0 108 114 119 128 140 0 126 147 113 0 142 131 114 122 148 116 0 135 149 126 114 146 135 101 123 0 145 101 122 128 141 113 148 117 0 117 103 147 144 0 0 134 124 104 114 106 129 149 112 141 148 134 136 140 128 105 105 146 143 0 137 127 138 0 149 104 130 118 115 125 0 131 128 105 139 134 120 0 122 119 0 129 143 102 131 130 127 112 118 0 0 133 113 125 145 132 0 149 0 145 124 113 120 0 100 131 100 0 146 105 103 0 136 122 108 0 104 0 141 0 120 101 127 126 147 0 118 0 0 147 0 134 0 0 119 139 135 113 0 0 116 0 148 101 111 0 109 122 141 143 102 109 125 146 0 146 0 0 0 106 115 148 114 0 130 0 0 0 0 0 140 136 119 138 0 0 138 138 101 0 136 102 0 127 118 136 0 0 122 127 113 146 110 0 132 139 119 130 120 0 126 114 0 112 126 114 144 136 0 108 117 0 0 141 144 135 118 111 0 0 123 107 148 104 0 0 111 119 0 0 140 140 112 0 126 0 100 108 0
0 107 0 0 118 0 116 144 146 135 109 142 107 116 130 116 147 123 0 0 0 136 129 105 112 104 138 0 114 0 106 0 127 120 0 0 143 0 121 127 149 0 100 0 123 121 149 108 118 106 149 136 119 103 130 114 141 117 0 114 0 114 107 148 116 134 109 0 0 130 131 121 140 131 100 127 0 127 125 130 120 120 108 133 129 145 120 115 111 138 135 122 126 121 104 136 142 0 117 123 0 115 110 0 140 0 106 105 105 103 100 116 141 0 140 0 122 101 143 0 121 141 127 147 112 128 100 106 146 128 133 134 117 125 147 0 117 125 114 0 117 127 119 125 131 147 106 122 108 125 132 123 136 112 0 133 127 118 0 146 133 118 100 130 0 105 120 113 147 132 130 109 114 138 116 148 108 137 0 121 140 106 146 0 116 149 121 125 135 126 149 111 147 138 137 140 147 145 142 0 0 148 136 133 142 103 102 146 136 123 101 142 126 107 0 140 122 0 127 123 131 0 149 101 149 138 0 138 133 130 0 118 0 145 108 114 131 122 146 112 100 133 114 146 0 100 0 138 114 117 139 146 100 100 132 123 113 111 115 118 131 126 147 146 121 137 103 0 108 122 100 0 0 121 129 146 145 114 115 148 119 124 120 140 141 109 144 0 123 0 132 117 142 126 121 141 147 0 143 149 132 0 0 143 0 0 0 134 132 0 145 140 0 122 138 0 141 103 111 0 0 0 134 107 127 142 128 0 129 131 141 125 103 111 128 118 109 140 103 0 108 0 122 105 0 0 121 0 0 0 118 134 147 149 117 0 113 0 147 114 0 137 147 126 137 103 119 123 0 118 139 103 0 0 120 113 104 133 129 105 118 130 140 116 0 0 102 136 110 126 139 0 110 0 0 141 0 143 117 0 115 121 0 0 0 0 119 144 101 0 109 131 141 111 0 113 103 0 104 117 133 112 142 0 149 128 117 109 109 146 0 138 0 0 121 139 106 0 120 101 107 139 113 0 142 103 0 129 141 124 122 142 0 109 117 117 132 137 0 0 100 122 0 101 0 129 0 137 138 145 122 123 142 134 0 0 146 123 0 124 142 100 117 145 0 117 105 0 116 0 129 143 0 0 111 0 0 0 137 0 116 118 108 138 118 117 108 149 107 0 146 0 134 124 0 139 0 117 0 0 129 133 101 123 119 110 102 0 0 135 123 118 127 134 113 143 108 109 0 140 0 106 122 135 124 104 0 143 125 135 137 111 0 117 0 125 144 116 128 123 131 144 111 117 0 147 148 123 0 147 114 0 114 135 140 126 110 125 144 0 129 141 109 0 125 130 0 141 124 149 128 0 0 146 114 143 0 116 0 111 0 118 139 0 147 135 115 133 106 0 105 131 0 142 134 147 140 115 107 113 106 116 117 105 109 132 115 114 102 0 121 116 141 117 148 127 140 104 101 139 106 104 126 124 0 107 110 115 136 117 120 143 120 114 110 132 0 108 114 124 132 118 0 0 116 130 0 0 105 0 138 128
0 149 103 0 0 118 0 0 104 140 144 111 0 141 147 147 148 116 114 0 124 0 105 108 129 111 135 133 132 146 130 124 145 106 135 0 0 139 122 145 0 101 134 102 134 116 0 0 126 132 0 0 0 141 118 0 0 131 0 120 0 114 119 116 0 105 143 127 114 122 138 0 147 0 143 0 125 0 0 139 131 117 129 142 107 135 0 141 101 138 136 0 126 143 0 128 0 128 118 128 147 120 145 113 121 0 117 109 140 125 123 131 101 127 105 143 116 118 111 0 123 113 148 116 105 141 145 0 0 113 0 139 136 107 148 142 0 108 118 147 131 129 113 0 106 105 0 100 0 143 106 103 102 106 148 0 148 137 144 137 119 136 140 0 143 144 102 103 126 102 0 127 108 104 107 0 133 119 101 0 124 0 117 102 113 126 0 101 145 114 121 106 110 127 133 0 0 105 145 0 109 0 131 121 0 120 114 107 143 101 143 104 111 0 146 122 102 122 0 0 125 124 118 0 122 0 146 105 100 115 130 146 0 122 119 0 121 104 140 146 110 119 138 115 143 127 139 142 0 127 0 135 119 0 112 111 0 0 140 140 133 104 131 121 111 0 123 110 105 141 110 104 110 100 101 133 119 107 119 127 127 136 104 145 0 0 0 134 147 144 147 0 142 106 127 118 0 100 104 121 110 0 0 0 134 143 0 0 0 119 110 0 106 102 106 119 118 118 131 0 108 103 0 132 101 101 0 143 112 103 0 133 0 130 0 0 119 118 124 0 0 0 145 149 138 103 0 101 143 146 116 0 118 120 147 0 143 0 117 138 0 116 0 120 116 135 106 115 0 136 142 143 138 143 134 131 113 100 117 121 115 100 107 147 118 0 131 122 112 140 135 100 140 131 128 146 129 0 144 108 122 0 104 143 107 111 122 0 0 142 0 145 116 113 0 125 0 133 147 101 0 114 0 120 102 118 118 127 112 107 0 0 134 141 144 115 100 0 0 147 125 137 119 104 0 128 0 138 116 0 126 139 108 101 115 124 144 128 121 107 0 144 149 134 142 0 139 120 0 0 129 130 121 0 118 102 0 0 0 121 145 134 105 114 141 104 0 112 112 121 124 107 112 101 125 105 137 138 120 148 0 0 121 141 0 101 111 106 140 0 139 103 139 136 101 0 106 108 128 112 119 133 112 109 117 0 0 107 144 0 102 141 136 101 0 104 100 111 124 125 136 110 128 146 0 0 119 0 148 126 0 0 0 0 108 108 0 125 131 142 0 115 114 102 128 0 0 129 0 142 119 0 114 0 110 0 101 132 147 0 104 0 124 123 122 133 0 110 123 116 116 101 0 146 121 101 137 135 109 0 0 104 116 0 0 147 135 145 0 140 100 145 149 143 129 124 0 119 144 125 0 113 0 145 0 109 112 0 105 134 133 0 127 124 101 113 105 0 144 104 108 128 0 0 128 134 0 105 143 143 128 100 102 140 144 123 146 130 0 139 148 139 116 0 136 0 107 124 139 107 133
0 122 148 0 140 0 143 103 0 0 0 144 0 111 0 103 140 0 110 140 0 0 0 0 127 146 103 0 139 0 121 149 138 139 134 128 100 0 130 0 0 119 100 130 148 121 101 0 118 149 119 0 122 146 135 122 123 110 0 0 126 0 0 0 149 100 121 103 128 126 0 115 139 130 127 124 135 0 140 137 101 149 105 139 112 124 136 126 141 147 110 0 0 106 122 129 130 0 122 126 106 107 0 111 144 119 132 0 148 125 148 147 133 132 129 140 123 117 108 129 136 136 0 0 0 0 138 0 104 100 0 126 113 121 104 149 124 133 0 141 0 138 134 142 0 111 146 0 119 118 137 113 123 119 112 0 102 144 0 103 131 122 129 0 149 122 101 128 128 118 0 109 0 144 149 0 0 115 0 128 140 143 141 0 105 0 106 132 0 0 116 147 126 135 114 132 0 106 112 123 128 144 100 142 117 148 147 0 0 147 124 124 0 0 0 0 139 108 138 138 0 103 0 121 0 107 119 128 103 0 107 132 126 121 128 125 120 118 112 137 0 117 147 104 104 111 139 107 0 0 117 0 145 0 144 0 123 111 137 143 131 101 108 0 104 133 0 0 134 127 148 101 0 0 126 129 0 138 146 0 0 101 133 129 137 129 132 138 0 110 143 116 100 0 0 0 0 124 110 107 0 105 0 0 0 103 102 147 0 134 125 118 147 0 147 129 118 110 127 0 121 126 123 118 142 0 103 0 117 146 128 108 120 102 110 142 133 135 119 121 117 129 0 132 102 109 0 137 104 148 0 141 0 127 143 0 104 0 0 143 0 138 101 141 109 109 140 101 149 109 138 139 0 130 136 145 147 0 122 0 117 0 0 134 113 119 121 106 114 122 128 105 149 0 125 135 126 125 0 139 0 134 108 104 0 0 0 140 0 120 0 136 110 126 136 120 112 0 142 148 105 0 146 130 0 131 113 119 131 0 0 127 124 106 112 118 147 107 0 133 126 129 143 124 120 136 0 132 119 146 137 0 119 125 114 104 133 144 111 103 0 149 0 128 148 0 138 143 112 0 130 118 127 0 0 122 147 148 105 117 106 118 108 123 111 0 114 0 141 126 123 0 130 145 110 109 108 126 0 120 100 108 109 103 111 126 140 106 113 142 0 124 119 123 0 111 112 118 0 137 128 125 124 146 0 124 111 122 141 116 134 107 102 108 138 141 108 112 131 134 0 121 132 140 117 105 133 122 102 118 138 138 101 121 138 133 130 130 0 111 108 115 142 139 101 129 116 0 132 0 146 0 0 149 148 134 110 111 0 137 135 0 144 112 122 118 0 113 139 120 0 127 104 122 114 102 112 111 109 148 104 148 138 100 104 0 115 124 142 135 130 106 136 120 129 0 0 114 127 0 136 141 0 148 143 0 0 100 139 132 142 0 130 133 139 0 0 145 135 105 101 0 0 104 110 141 119 138 143 132 139 112 0 124 141 0 140 0 135 147 0 123 0 142 127 100 106 121 115 124
0 147 130 111 140 142 128 0 0 142 0 145 116 101 101 103 0 102 0 146 106 0 148 126 102 126 0 103 0 149 111 131 111 119 142 121 143 0 119 116 118 145 111 119 138 107 0 0 105 130 124 0 102 132 121 134 0 0 144 105 116 142 101 138 110 0 124 149 107 149 115 137 148 147 134 133 104 104 108 139 0 148 103 122 108 109 0 125 0 136 114 104 147 143 121 104 0 115 138 0 146 0 147 148 122 140 118 110 112 133 0 133 115 119 120 111 129 136 139 148 143 116 139 149 0 101 108 0 117 131 146 110 122 149 138 145 139 133 119 104 0 124 107 101 135 144 0 0 138 0 124 148 0 0 0 0 0 122 133 0 125 144 0 119 143 103 108 137 104 110 123 118 142 101 134 0 124 114 108 111 136 114 120 132 111 115 131 139 141 102 124 0 142 137 0 0 130 0 0 0 131 129 124 112 106 117 130 110 109 122 100 107 149 135 112 120 124 0 122 139 121 144 121 145 0 140 113 114 109 141 0 130 108 0 0 129 100 138 131 130 138 0 122 0 0 138 107 0 0 110 125 0 137 118 104 104 0 0 0 128 102 124 0 0 143 149 104 138 114 0 109 130 0 0 132 140 149 135 106 104 121 130 0 104 0 120 0 124 109 115 143 107 111 127 117 103 115 111 115 100 0 124 117 141 0 130 0 116 109 108 121 0 0 125 141 105 0 142 137 0 109 126 0 104 130 143 0 138 101 148 0 138 144 135 125 0 142 127 142 0 123 127 145 107 0 102 123 137 127 124 141 147 140 142 132 106 0 103 101 147 141 0 126 135 0 110 117 126 103 132 124 108 135 0 0 139 146 0 0 124 0 127 133 0 136 0 128 0 123 104 137 0 140 126 120 101 131 0 103 115 127 122 116 0 127 0 0 111 136 147 0 149 113 125 115 117 111 126 114 0 0 103 115 109 133 0 130 132 120 0 127 128 122 109 106 123 127 0 0 120 133 0 146 102 102 0 103 132 137 0 0 123 0 113 110 138 106 0 105 107 144 113 144 104 147 138 130 103 126 105 132 117 140 0 137 145 137 0 121 107 124 119 148 108 0 103 0 147 127 117 0 0 145 135 106 110 132 133 0 101 0 105 128 133 133 129 101 144 0 0 110 109 100 119 114 0 0 0 142 134 0 0 0 0 115 136 0 141 131 128 0 100 0 132 124 0 110 146 106 0 115 128 106 133 103 101 107 0 147 114 112 129 148 103 133 114 115 0 0 0 145 102 133 130 0 108 126 0 110 116 129 131 116 131 126 129 129 103 0 119 111 0 134 131 102 109 136 128 107 0 128 119 141 101 146 129 125 147 103 118 120 0 113 111 130 0 106 109 128 147 108 118 147 111 107 0 113 0 0 101 101 0 142 116 141 149 112 132 129 0 124 148 0 118 130 116 122 143 139 115 138 117 0 117 116 0 133 122 122 0 0 120 0 116 139 146 149 0 100 137 139 104 0 0 112 0 118 125 149
0 117 0 148 127 114 116 105 119 133 109 0 136 105 142 109 110 145 106 130 127 0 133 0 100 0 130 130 115 0 115 0 138 0 108 144 136 127 0 0 137 0 127 103 130 0 135 138 121 144 114 127 131 124 139 147 147 148 121 104 0 0 130 146 110 110 104 0 146 120 131 149 141 141 116 117 146 130 120 0 128 103 109 100 147 104 0 113 0 0 113 149 146 124 0 147 0 146 118 0 0 120 0 124 142 149 105 137 130 0 145 109 0 148 123 108 142 127 0 131 113 127 111 102 127 143 127 129 102 137 0 0 127 0 106 130 112 113 0 132 138 148 0 124 145 145 120 0 0 117 109 116 0 140 106 118 126 126 110 0 0 139 120 0 102 0 132 0 115 141 143 105 112 102 124 0 121 105 113 0 0 0 0 119 102 116 135 149 106 122 139 111 114 132 107 147 126 104 124 139 0 102 140 0 146 124 0 0 0 132 0 135 135 0 0 135 134 120 113 130 146 121 131 114 130 121 0 0 103 102 122 127 138 137 0 0 143 0 0 0 116 101 0 142 105 0 0 115 100 0 144 126 126 146 0 119 124 0 0 131 148 0 0 122 147 0 107 146 100 128 133 125 145 109 0 142 0 143 131 131 135 133 113 0 140 0 106 112 103 136 137 0 138 146 124 104 112 0 0 133 0 0 139 0 106 147 0 0 144 105 129 139 106 114 122 119 129 132 149 108 146 139 149 0 127 114 121 0 103 109 126 103 0 104 106 132 147 120 0 140 0 132 129 133 0 100 0 0 139 0 119 120 0 107 120 121 126 131 148 143 130 131 0 119 109 125 105 117 129 147 136 143 118 144 142 124 101 120 149 103 111 0 148 0 0 133 0 146 117 133 126 109 110 0 0 140 116 0 143 125 0 124 134 140 122 144 108 106 148 113 123 122 111 119 108 0 0 0 0 117 144 127 132 0 0 124 0 145 0 137 147 109 107 107 146 124 145 120 114 101 114 0 144 102 135 126 124 121 116 0 133 0 110 0 0 0 0 0 0 127 111 110 0 126 145 0 0 147 110 102 120 133 119 108 103 144 142 0 0 0 148 114 117 133 146 0 144 128 0 100 135 112 124 0 144 102 145 142 0 108 143 142 146 133 135 0 0 107 140 148 122 0 139 144 137 103 109 112 132 0 120 127 104 136 111 137 121 0 0 0 131 104 137 0 0 124 121 126 142 134 113 114 0 105 135 121 0 0 0 147 118 125 126 0 101 125 146 121 108 115 121 149 0 122 125 119 123 123 0 135 124 126 0 121 128 133 0 117 102 110 143 117 132 138 146 0 0 146 104 101 119 113 0 0 0 0 109 0 139 142 115 0 115 114 0 140 0 125 0 145 120 129 112 137 117 144 147 100 108 103 0 120 116 0 139 108 127 0 117 135 0 128 0 111 115 108 125 107 102 100 108 0 117 148 110 147 111 124 115 100 140 134 129 142 113 145 140 0 108 0 0 0 101 148 144 107 103 140
0 0 145 115 124 143 0 111 130 101 102 119 146 108 148 0 0 130 105 104 101 109 101 0 101 144 107 0 108 0 142 137 145 0 115 0 127 0 127 0 100 0 101 149 0 108 104 120 146 122 109 126 0 141 147 115 132 133 0 130 115 103 148 111 140 111 107 145 146 137 146 109 105 113 120 128 0 105 100 0 104 135 0 132 103 104 148 130 127 112 103 130 0 0 114 0 0 138 132 0 0 0 144 127 0 101 117 0 139 126 120 104 120 123 0 140 117 105 119 108 0 105 113 137 102 112 130 131 138 149 134 0 0 125 140 105 145 0 106 111 0 112 145 135 0 105 130 0 0 103 0 126 109 136 106 117 104 100 145 127 0 128 115 125 102 147 0 0 0 143 0 126 0 0 113 131 100 105 0 0 143 126 0 137 0 0 120 135 105 0 0 144 137 110 102 0 125 130 0 0 123 130 0 148 124 134 145 103 103 113 106 0 0 0 118 0 130 135 134 118 114 128 0 120 0 122 142 113 0 101 117 0 0 113 139 137 141 106 102 119 123 121 128 136 135 101 136 0 0 122 105 104 116 0 137 120 106 107 0 147 133 0 0 124 0 143 0 129 136 149 108 138 117 124 0 123 129 0 0 114 149 115 144 141 135 114 138 0 137 121 117 0 115 142 119 100 101 139 136 131 109 130 143 125 144 0 100 111 114 0 128 110 127 146 111 115 147 139 127 133 140 141 113 101 135 114 0 0 108 0 0 106 144 119 130 113 119 0 134 0 102 119 109 140 111 138 136 0 0 0 133 131 108 132 139 130 0 140 141 114 0 142 111 131 135 134 109 118 135 0 147 132 146 127 147 0 127 130 120 105 121 113 0 0 105 102 144 121 103 103 129 0 0 107 119 141 126 145 0 122 140 121 143 145 131 139 0 123 0 130 0 0 115 143 120 0 127 129 105 134 124 108 144 0 0 119 123 0 110 0 0 0 121 129 134 134 144 104 110 136 0 141 120 121 104 101 102 129 134 134 0 114 130 0 117 120 134 112 110 100 133 101 145 126 0 120 139 106 129 0 100 0 0 149 121 0 115 118 124 102 0 101 118 142 0 0 136 134 124 141 149 138 141 142 100 0 0 0 142 0 103 115 119 0 110 147 130 117 107 123 103 113 140 128 124 136 143 124 104 120 141 118 0 119 104 140 127 141 125 0 113 127 138 129 141 0 148 146 104 126 110 103 0 114 0 119 138 107 113 0 121 134 118 115 131 138 123 108 0 115 109 143 134 140 137 0 132 119 0 110 0 131 112 116 135 122 144 149 0 130 0 136 0 0 136 120 112 0 145 102 0 100 111 104 120 0 109 0 0 138 116 134 147 104 134 0 126 103 125 148 120 112 133 107 126 130 137 140 122 137 109 137 0 0 122 122 108 0 117 101 141 126 145 114 0 147 0 0 0 145 106 138 0 0 0 141 0 128 0 0 137 140 0 105 108 117 105 142 107 103 148 117 127 118 126 0 143
0 123 139 124 138 0 147 109 147 118 138 0 0 104 0 100 0 0 0 115 127 0 129 143 103 127 113 0 120 146 143 105 112 107 139 109 110 100 127 103 108 131 0 0 129 0 148 105 116 0 138 142 148 0 0 106 107 130 0 111 130 115 0 137 125 106 0 0 0 0 0 134 148 0 131 0 122 116 137 109 119 102 0 114 127 116 128 0 136 124 127 0 111 147 119 126 102 124 0 0 0 123 138 131 0 105 0 123 130 0 136 138 115 118 132 113 149 0 101 111 0 135 112 114 126 125 145 0 133 0 119 139 0 102 129 112 129 110 0 0 126 121 119 117 0 136 147 0 123 147 110 138 124 111 118 146 112 0 0 148 143 120 140 0 107 133 146 0 0 0 143 122 108 104 0 0 121 112 0 133 0 130 124 143 106 134 125 113 122 120 139 122 125 125 0 105 128 0 147 101 120 109 140 141 120 137 104 132 140 110 122 141 110 114 127 125 134 129 128 0 0 130 137 101 130 0 121 113 126 127 105 126 0 0 102 123 0 140 121 132 114 108 134 129 107 0 142 122 144 148 140 125 120 142 115 0 126 123 125 131 103 103 123 0 0 138 0 0 136 139 140 0 104 118 126 0 102 140 141 0 134 140 0 106 0 102 0 129 133 140 122 135 0 146 131 106 106 0 145 143 119 145 133 121 145 135 144 119 138 0 129 0 104 0 113 0 119 142 130 115 104 100 145 115 102 117 112 117 0 115 132 0 100 120 0 0 134 118 114 149 0 131 107 143 122 110 0 0 0 123 132 142 128 134 0 134 117 125 0 110 123 140 126 146 114 105 101 105 141 0 117 140 0 0 138 141 106 0 0 0 147 142 144 112 145 0 0 110 106 128 0 116 136 126 136 148 123 0 105 144 127 131 0 122 132 118 0 118 113 0 145 0 108 140 0 102 103 128 118 0 110 103 117 0 136 133 0 108 104 0 0 109 110 116 125 0 135 127 117 103 134 111 122 147 144 109 132 145 138 135 106 139 136 105 147 109 115 142 146 130 115 139 124 119 118 102 0 126 120 116 101 0 120 108 0 127 104 124 137 0 0 109 0 0 104 111 137 128 131 0 0 117 108 131 106 123 0 0 0 144 130 131 147 0 0 0 0 125 144 104 0 0 125 118 0 142 105 0 111 0 0 115 0 138 108 112 101 111 109 148 102 101 116 0 113 0 140 127 103 0 0 141 134 133 0 0 107 120 132 0 0 134 106 0 0 141 144 119 0 100 100 132 131 0 118 136 0 148 140 135 143 126 106 122 0 0 140 116 0 0 101 123 0 113 142 0 0 0 108 122 109 111 144 0 134 146 118 134 113 110 0 0 142 146 0 102 0 145 116 126 0 123 104 121 0 140 0 129 0 121 116 111 0 0 0 145 131 142 144 116 111 111 108 125 104 143 0 105 135 0 0 113 131 114 149 135 104 138 127 118 135 105 0 113 124 115 122 0 149 123 101 0 0 128 0 103
0 129 138 147 0 0 106 101 120 0 0 118 105 131 136 149 0 145 147 0 116 135 130 108 0 134 129 142 105 103 0 0 0 100 107 145 0 130 0 0 0 111 123 0 115 0 101 111 144 103 110 144 127 0 103 109 112 113 0 122 121 0 0 0 110 0 118 105 112 115 126 113 0 141 117 108 141 105 115 112 0 138 104 123 138 0 127 105 133 119 135 0 132 110 124 129 128 144 0 130 0 107 0 140 139 123 121 141 127 128 124 0 115 123 136 137 139 111 126 107 107 123 101 129 0 0 0 103 118 147 137 107 122 121 121 0 0 145 108 0 0 0 135 120 0 121 118 117 101 124 0 0 0 0 0 120 118 114 146 108 134 132 0 135 0 106 141 111 142 108 130 120 107 127 141 102 112 0 121 0 0 0 137 111 0 135 0 109 147 0 106 145 135 139 0 0 145 115 118 104 125 134 146 148 102 133 121 139 134 144 134 110 136 0 0 109 136 115 118 0 0 0 0 108 116 125 149 146 137 102 147 134 119 119 129 0 127 0 127 0 143 105 107 138 113 120 102 119 123 124 129 104 0 106 0 129 146 108 0 0 0 116 0 131 109 143 125 0 109 145 0 0 0 136 122 117 126 126 114 108 0 108 143 121 110 148 141 0 125 100 147 0 136 124 0 117 137 131 114 122 148 124 120 133 0 0 0 111 0 136 0 141 128 0 0 136 131 135 112 116 114 143 121 133 141 123 0 0 146 0 0 109 113 0 108 110 106 145 103 110 108 129 120 144 144 118 125 101 122 122 147 0 138 0 134 0 0 0 125 111 136 0 0 107 143 100 105 123 120 109 130 132 0 141 0 110 115 135 105 120 109 149 0 102 0 119 126 104 114 128 110 110 0 142 134 128 135 144 0 0 0 104 131 143 149 0 118 140 115 146 142 110 107 104 149 0 107 0 123 135 130 0 145 0 124 0 0 112 133 0 110 0 0 134 130 118 113 123 136 136 0 114 134 143 147 130 129 142 101 101 0 123 127 109 137 103 131 120 116 0 123 138 116 131 123 132 104 140 111 127 141 102 0 0 146 133 140 0 113 0 133 143 0 127 144 133 115 149 126 0 146 147 129 0 138 147 116 146 0 113 135 0 125 138 132 141 142 132 138 141 0 111 148 117 0 107 128 107 144 144 113 0 114 125 110 145 128 102 0 128 109 119 124 0 105 0 143 124 111 132 0 101 109 137 142 126 0 106 0 0 103 134 122 0 146 0 137 114 0 139 130 148 0 120 0 106 137 133 112 111 133 111 0 0 0 136 114 100 106 0 117 0 0 133 120 131 100 0 148 137 0 114 129 105 0 0 141 140 122 129 118 0 0 119 0 130 149 0 119 129 105 130 0 111 0 0 0 140 121 142 119 147 109 0 142 135 103 128 116 146 120 108 0 142 0 0 134 104 140 119 0 111 125 107 140 0 118 0 117 131 114 127 135 110 135 116 0 0 0 139 0 107 133 120 107
0 148 126 0 0 115 102 138 122 145 115 127 139 133 0 116 111 134 104 0 0 104 109 138 111 103 107 145 121 102 136 111 0 126 111 0 0 0 120 0 0 0 122 0 114 110 122 105 0 116 137 112 107 125 104 0 100 114 130 109 113 0 132 0 0 144 103 0 145 141 132 0 102 100 135 0 0 131 0 0 113 122 100 103 125 111 125 144 149 145 0 105 140 101 125 0 0 0 111 133 134 148 101 0 0 140 107 0 0 109 133 143 0 140 0 118 0 121 0 0 0 103 102 102 110 126 125 145 0 117 132 0 117 117 100 0 135 128 132 118 107 125 137 128 104 117 100 112 127 113 0 0 137 111 145 0 104 0 125 125 135 147 0 0 113 120 137 134 0 0 148 133 133 128 146 119 110 114 124 125 142 110 0 131 0 0 141 126 112 139 110 112 108 132 144 130 116 0 120 122 114 113 106 116 139 149 0 112 135 102 105 147 147 122 0 137 120 120 141 124 149 0 142 108 103 135 0 141 130 115 148 129 0 131 143 144 149 121 0 124 103 110 106 114 0 127 122 132 120 108 0 0 110 107 140 103 0 146 117 138 0 133 0 114 103 0 108 0 0 0 119 137 112 102 115 0 0 145 123 0 114 120 109 0 110 105 117 129 124 121 135 111 119 124 111 141 141 0 146 132 103 125 0 133 141 130 146 101 139 124 132 0 128 127 0 117 0 125 129 100 143 128 136 0 129 0 0 111 148 115 0 111 117 0 138 126 145 0 132 139 133 132 0 137 127 112 0 0 102 144 131 132 0 118 105 144 101 112 101 148 0 0 131 0 135 0 101 142 141 122 131 0 126 105 144 0 136 0 103 0 128 118 0 144 143 118 132 122 114 0 0 146 0 142 135 102 0 107 131 111 128 143 0 101 125 104 144 119 142 0 107 0 112 139 105 0 112 144 138 138 135 122 102 129 0 0 109 131 124 122 112 140 110 0 134 113 140 0 145 0 140 117 0 141 102 144 142 104 141 144 137 105 0 140 0 117 0 134 142 148 0 139 120 0 121 114 126 115 0 136 115 100 135 131 114 0 111 144 121 128 135 111 0 107 130 0 129 149 121 103 123 133 100 0 127 132 149 141 147 133 123 114 126 124 139 141 145 144 125 109 107 142 122 0 119 0 0 130 127 115 0 0 106 0 0 0 105 103 0 0 135 121 0 110 0 0 139 0 129 0 0 0 142 101 107 124 114 125 102 141 133 0 105 0 101 0 136 0 110 0 123 101 146 0 133 119 119 101 137 143 126 122 0 135 114 121 0 133 145 108 119 103 135 124 140 111 127 129 146 140 0 0 0 125 0 121 145 0 146 0 0 113 0 107 134 135 140 138 124 142 0 109 149 101 121 119 0 0 134 105 120 108 137 141 0 122 138 132 0 113 108 0 118 0 109 0 0 110 115 141 124 126 122 0 109 107 138 122 128 140 0 101 128 108 116 117 125 117 132 111 0 131 128 0
0 147 0 105 119 109 130 0 146 110 0 141 128 144 120 0 0 104 117 0 123 134 102 119 102 102 128 107 0 132 114 121 110 105 103 109 134 141 0 120 125 137 110 0 0 136 145 113 144 106 0 100 130 0 0 129 0 0 101 112 110 0 137 135 142 103 126 100 141 0 133 130 116 101 129 140 0 129 117 103 117 123 0 119 144 135 100 0 106 130 149 109 134 136 141 117 140 0 142 0 0 146 130 113 0 119 0 111 140 141 103 0 144 110 124 121 129 130 120 0 130 126 136 117 0 115 0 106 106 107 100 109 137 0 142 137 0 115 141 144 136 119 0 139 148 136 126 133 138 143 147 108 111 0 121 109 147 128 100 135 0 107 136 110 121 0 127 0 127 108 147 113 121 101 0 130 132 129 130 124 0 101 148 0 126 128 140 105 129 103 138 145 0 103 0 112 128 122 120 0 109 122 101 135 0 117 0 140 128 0 126 148 0 138 119 126 117 148 100 0 145 118 0 108 0 149 144 118 136 0 0 108 0 0 106 137 149 0 145 117 142 134 102 138 0 102 108 0 135 113 135 139 124 129 133 0 136 0 0 145 0 124 114 0 0 100 114 138 116 115 110 131 117 105 116 132 0 0 0 0 132 136 0 123 143 144 105 103 117 130 146 122 138 119 135 0 127 105 0 116 106 0 0 117 136 107 129 102 145 114 105 128 106 138 0 0 148 148 0 109 106 108 111 0 106 141 142 113 0 116 0 109 0 105 109 0 112 105 0 120 116 128 147 112 101 100 147 129 137 114 144 0 147 106 141 104 144 149 130 0 110 115 108 107 107 123 121 0 139 0 0 131 100 111 143 0 140 112 136 0 149 135 112 149 131 141 102 138 144 129 111 110 135 146 0 131 149 0 107 130 0 0 126 118 111 146 0 134 109 135 136 123 0 145 148 133 137 139 137 133 0 143 0 0 134 119 144 140 123 118 140 131 0 105 104 0 129 0 0 112 0 118 143 138 0 147 139 0 0 135 122 133 115 0 138 133 148 113 122 0 144 101 0 139 128 0 108 145 145 103 0 139 118 129 127 0 139 141 139 101 0 0 142 125 127 101 149 105 119 107 112 119 140 147 0 0 133 141 119 0 136 124 140 109 119 0 116 122 107 139 121 111 105 110 0 125 113 125 145 0 111 132 103 145 138 0 0 0 0 137 111 138 141 0 125 122 121 114 141 142 123 111 115 110 121 142 106 115 144 100 0 109 133 121 100 101 0 113 106 133 103 106 148 138 0 0 0 101 134 134 124 113 106 110 0 139 123 0 131 108 0 112 108 0 120 0 148 0 112 103 121 106 130 105 137 129 0 137 102 0 104 110 108 121 102 146 136 0 0 133 137 114 146 0 102 135 0 143 103 103 119 149 0 103 114 148 0 110 104 139 0 108 125 143 117 0 124 146 109 149 104 132 144 146 124 139 0 0 142 0 118 110 102 142 102 108 145 123 134 126 132 0 113
0 132 106 0 131 145 0 103 0 0 129 0 114 110 114 105 128 0 127 119 0 107 102 143 105 0 104 129 108 126 0 128 122 147 114 111 130 116 111 100 134 132 123 142 143 102 0 103 113 121 100 137 130 0 141 145 102 126 132 119 102 143 133 112 121 120 109 133 124 115 133 126 0 130 120 0 0 131 115 142 114 0 0 100 0 108 101 134 133 126 105 0 100 105 0 102 106 112 0 110 139 0 125 140 124 105 104 128 0 107 145 113 124 136 0 133 132 136 114 132 109 139 112 0 141 142 148 102 114 107 120 102 119 0 118 104 0 112 130 147 104 0 120 122 134 132 119 0 145 0 129 0 112 133 112 0 100 0 115 115 0 123 0 117 102 129 112 134 0 134 148 0 110 106 127 0 141 103 127 114 100 0 0 130 135 104 108 129 123 114 0 126 117 132 111 112 124 145 145 107 108 0 124 0 111 0 0 0 128 0 107 129 134 0 135 122 0 102 118 149 102 110 104 134 134 113 136 128 141 104 114 0 118 0 0 0 0 0 0 131 138 109 146 146 126 102 134 111 120 101 126 116 0 144 135 101 109 101 0 0 142 149 0 0 0 119 0 121 138 149 123 0 141 0 130 0 103 107 147 126 108 107 128 143 107 121 134 0 128 148 139 145 118 149 104 0 105 128 109 128 148 110 0 139 106 0 117 138 133 125 105 148 0 0 149 148 117 115 108 0 112 129 105 116 144 0 0 0 111 134 117 123 145 116 101 132 100 0 115 124 0 136 0 141 101 0 149 110 120 137 123 122 148 116 101 139 103 126 116 0 140 130 146 138 137 143 128 146 133 0 0 137 129 117 111 137 0 149 108 139 0 120 132 130 141 146 135 127 141 100 129 141 0 143 141 0 120 126 103 131 113 0 100 114 100 0 0 0 146 126 130 143 113 108 119 137 109 110 133 117 0 0 0 120 102 110 138 142 0 144 133 102 107 125 141 143 141 120 120 127 147 132 131 102 140 136 130 0 0 137 119 128 133 148 125 133 143 113 113 135 143 120 0 103 149 134 0 119 104 0 107 117 115 127 0 131 147 0 107 128 141 119 111 148 143 138 106 118 138 0 0 106 109 0 0 126 121 121 120 130 114 0 0 146 0 0 0 133 119 109 0 132 0 141 143 123 0 107 133 0 0 116 117 100 126 146 0 103 146 143 116 135 100 122 111 0 111 101 129 103 128 120 145 123 0 114 142 0 149 139 135 114 105 125 106 138 0 0 101 0 104 129 117 139 121 119 142 0 101 131 0 136 139 135 135 0 143 149 140 144 144 122 0 131 118 0 117 140 141 128 125 141 106 0 103 137 0 108 0 105 136 147 114 111 143 142 140 0 0 0 127 113 146 126 134 0 128 137 131 116 0 133 103 112 0 126 0 142 102 0 102 147 127 138 110 0 0 126 130 0 113 0 123 149 120 147 102 129 0 0 103 0 100 101 100 106 117 119 126 149 110 133
0 118 126 145 109 0 130 0 0 145 124 149 112 116 0 100 127 0 0 146 117 0 107 0 127 121 111 125 0 121 116 127 135 132 100 123 0 149 0 0 0 134 110 121 140 0 0 133 120 115 105 143 112 114 135 104 108 104 124 124 0 134 136 111 120 126 118 0 0 116 0 102 111 0 0 148 145 121 114 0 0 139 133 122 114 132 0 127 105 0 0 144 112 145 0 0 127 103 128 133 148 111 106 138 133 105 112 139 0 0 142 112 146 105 122 118 0 135 105 100 138 105 0 129 132 131 116 141 134 116 132 0 134 120 129 139 142 114 149 142 148 111 125 104 0 111 106 117 134 120 149 0 0 116 100 104 147 102 0 0 102 0 123 131 115 0 136 119 139 109 0 134 115 0 109 119 0 120 143 140 148 102 0 116 149 139 122 102 112 125 101 105 113 0 121 100 0 141 118 139 107 0 114 139 0 109 129 145 0 109 119 0 0 124 0 138 118 0 106 113 104 107 139 116 0 129 134 125 0 104 107 133 141 124 0 144 133 139 141 131 117 117 100 118 110 149 0 0 128 113 101 149 107 119 0 103 145 140 131 0 129 129 109 125 0 108 0 0 115 114 0 0 100 0 0 101 103 141 113 0 116 0 0 134 148 140 129 103 139 139 131 103 136 142 119 0 0 122 133 129 102 137 0 123 125 144 119 102 118 121 130 140 104 111 120 142 140 148 0 146 101 0 134 112 133 101 100 138 0 0 100 0 123 0 147 105 0 115 126 112 134 114 139 107 104 149 131 142 0 101 101 137 103 0 143 111 0 103 0 139 129 0 136 0 100 149 134 0 104 112 0 129 102 111 114 138 0 0 149 114 140 0 133 144 146 148 0 0 109 106 0 148 130 0 0 132 145 101 129 140 142 0 115 134 125 140 0 110 0 138 130 116 106 105 149 147 137 0 107 0 0 0 0 118 148 135 135 144 147 149 107 147 137 149 115 112 116 0 138 139 0 121 0 135 119 148 0 0 100 132 110 141 123 0 141 126 149 133 118 0 120 0 142 120 100 142 149 146 130 102 133 146 147 112 117 147 138 128 127 0 121 122 138 148 109 139 0 146 105 0 121 128 135 124 115 108 112 134 117 144 135 114 103 146 122 130 106 102 121 104 124 105 103 142 127 117 118 121 0 113 111 103 132 144 127 0 0 0 0 0 110 101 149 0 122 148 145 128 108 135 145 133 112 120 0 0 0 119 130 133 0 104 104 125 146 101 128 139 108 0 0 136 0 144 145 147 113 123 0 0 149 141 139 139 119 142 0 101 141 147 136 142 111 148 122 116 0 0 134 146 142 117 118 139 105 148 131 0 137 0 136 140 130 135 0 136 110 0 125 122 121 119 0 129 118 112 125 117 118 109 130 106 0 0 114 0 127 0 134 110 113 123 0 139 120 0 113 146 0 130 0 105 132 0 126 0 101 114 143 132 0 0 0 0 106 141 147 0 0 127 106
0 0 122 120 120 114 145 131 139 138 146 137 129 144 0 145 102 0 101 144 0 0 0 135 139 118 0 144 136 140 0 131 104 130 120 110 139 122 144 0 148 135 0 102 0 0 105 107 115 103 114 127 128 123 0 116 113 118 133 0 145 124 128 143 147 0 0 126 116 125 134 0 0 146 128 138 0 0 0 0 115 112 0 111 138 137 104 104 119 0 0 0 0 105 0 0 107 107 141 142 123 118 140 0 110 144 144 145 111 120 147 110 115 105 105 119 0 0 149 148 115 124 0 126 117 0 133 128 117 131 0 116 146 120 127 0 124 103 113 0 133 147 0 0 141 123 147 105 110 139 126 147 143 116 116 0 120 145 120 122 137 126 104 114 105 0 100 0 0 0 0 117 147 0 0 148 0 108 0 118 103 138 102 100 149 121 0 130 135 0 141 143 122 0 122 106 132 121 146 119 0 147 136 130 129 124 0 149 101 0 0 102 105 110 110 120 0 109 0 131 0 111 122 127 134 0 121 0 146 149 128 118 0 103 0 130 112 111 134 0 109 133 148 143 112 117 148 146 121 137 0 114 128 144 0 0 104 0 127 104 0 109 113 100 119 138 116 109 125 139 128 0 115 148 108 126 105 132 106 112 108 0 104 119 139 0 117 0 143 0 130 112 0 143 127 119 121 115 148 0 0 110 104 112 126 138 140 0 0 104 0 121 0 120 142 105 108 0 147 142 115 0 128 110 0 0 144 0 0 125 131 119 145 149 0 145 0 134 0 126 114 138 0 133 141 144 103 0 0 123 110 0 145 0 143 104 109 140 106 0 136 108 121 139 122 119 116 119 112 0 103 0 112 149 117 116 117 113 0 108 144 140 139 125 0 0 118 132 125 124 116 139 0 127 0 112 132 0 128 135 146 0 107 107 0 122 106 116 119 115 128 128 148 100 130 124 0 108 0 146 0 101 139 114 140 123 0 119 0 135 119 103 112 127 131 0 0 140 129 110 130 117 141 146 117 131 121 104 102 0 112 122 145 0 138 107 118 125 0 148 148 0 149 0 0 109 116 0 120 134 135 125 0 0 145 0 0 112 119 130 106 124 138 0 0 136 112 138 0 0 111 133 110 116 101 0 0 114 0 114 0 0 0 110 123 132 123 133 129 120 0 128 103 0 0 144 136 149 104 140 0 145 0 142 123 123 0 127 103 0 109 105 145 102 0 133 122 145 138 139 0 118 123 103 106 0 0 121 130 124 0 122 110 102 144 123 144 0 142 144 0 131 125 108 121 0 128 117 134 0 149 0 107 100 145 134 110 144 101 133 118 132 148 128 120 137 0 113 140 128 148 0 0 112 116 117 111 141 0 130 118 126 118 130 122 102 102 128 103 0 140 140 104 115 0 120 132 108 133 135 0 132 129 110 127 130 147 143 103 0 106 102 132 0 121 0 0 113 134 149 102 130 0 135 122 0 116 0 130 126 141 146 117 149 110 126 109 108 126 130
0 124 139 0 0 121 0 141 0 106 111 134 106 0 0 144 139 127 0 106 0 142 124 141 0 110 128 124 0 135 145 109 106 122 117 140 127 146 146 145 108 124 117 142 101 105 122 0 0 100 133 147 104 143 134 103 109 132 141 0 122 133 108 134 121 149 121 137 144 141 132 125 0 131 131 116 113 0 0 102 145 119 131 0 129 103 133 147 143 115 131 115 113 0 0 105 135 123 124 0 102 111 109 113 136 129 111 0 118 107 146 0 130 141 0 0 112 131 121 114 0 0 146 107 104 0 118 146 133 112 109 137 109 105 0 0 107 0 118 0 117 132 130 132 109 144 129 108 147 100 0 137 135 102 104 118 147 135 120 137 119 0 144 139 113 122 116 140 0 0 118 114 132 100 133 130 0 139 136 133 103 120 0 146 132 149 132 105 111 108 142 104 135 112 124 100 141 121 121 0 128 127 104 133 138 139 135 109 124 0 0 137 107 109 140 0 114 0 102 100 111 110 131 129 139 108 106 100 127 124 131 112 123 127 147 0 121 128 126 131 0 110 121 145 111 146 108 102 131 0 127 0 101 131 0 0 118 113 122 0 106 120 126 137 132 0 130 124 125 105 129 123 104 133 121 149 142 142 146 125 0 148 0 118 0 110 0 0 133 0 146 103 121 104 137 137 127 125 0 142 128 109 133 141 137 103 0 100 0 109 144 0 135 118 134 114 123 0 0 109 129 120 0 0 145 146 0 112 126 103 144 107 139 148 103 130 121 0 116 0 107 136 0 108 116 133 0 114 0 104 101 141 107 103 113 0 140 0 0 138 121 0 140 105 145 146 149 118 0 146 0 107 136 119 120 106 149 0 0 143 107 107 114 112 137 0 123 128 0 129 0 121 138 0 109 148 117 140 0 121 126 0 127 105 0 107 147 122 125 143 0 130 139 0 106 137 134 131 124 0 135 0 0 103 0 113 0 132 124 0 127 139 108 103 137 149 117 0 120 111 132 123 0 126 123 116 118 103 145 110 119 129 143 145 0 0 149 149 122 111 115 0 135 0 0 107 126 121 119 106 0 113 110 143 0 149 0 0 143 102 101 109 133 118 105 0 144 121 0 109 107 141 0 0 107 116 100 0 119 131 140 0 0 0 0 120 136 127 121 122 120 108 0 0 103 132 110 120 0 0 0 113 111 145 145 127 132 113 0 0 0 110 0 0 0 0 112 0 113 0 138 122 117 0 0 132 0 100 0 106 134 104 103 142 136 123 101 110 0 123 0 107 0 0 111 0 127 0 142 123 137 149 100 0 123 134 141 124 110 121 111 134 122 146 124 143 0 100 0 118 0 139 105 0 0 128 106 140 101 140 0 117 107 147 102 107 0 138 0 100 121 103 139 133 133 102 0 118 129 148 139 144 0 121 149 103 130 143 145 126 129 0 0 102 0 133 0 0 109 142 0 113 121 0 111 135 148 126 0 133 128 0 110 106 110 136 118 0 0
0 0 125 100 125 114 117 123 138 107 131 0 145 0 119 133 0 147 108 129 147 0 0 117 119 122 0 0 0 133 146 126 131 118 0 111 133 124 113 100 0 145 0 123 118 122 110 0 111 135 0 108 127 114 108 102 120 133 115 141 122 128 0 123 119 100 102 149 0 114 126 126 128 116 116 114 109 148 134 107 114 141 109 131 134 130 134 104 106 123 0 112 144 106 132 100 0 0 109 100 144 0 116 144 137 144 140 138 148 0 143 112 0 0 133 114 121 119 113 110 128 0 139 115 111 120 0 113 148 135 149 0 104 110 135 0 0 0 0 115 138 149 0 124 107 0 130 119 0 107 0 110 139 142 105 127 0 103 100 125 124 118 119 147 111 0 0 107 146 128 135 0 112 0 107 111 0 111 107 133 143 146 0 104 0 102 0 0 0 106 119 104 122 0 148 100 118 138 0 0 143 0 143 127 124 112 136 126 0 0 123 145 0 129 109 124 137 0 140 106 101 137 142 0 0 137 0 111 117 102 132 132 122 111 113 116 120 105 138 106 0 0 147 146 112 136 113 119 127 122 0 0 0 138 108 119 144 101 0 124 141 117 141 119 138 117 117 0 109 0 122 121 104 118 112 130 118 133 122 113 0 135 0 127 136 115 0 103 107 0 0 140 141 115 0 131 0 0 0 129 0 0 144 0 143 103 0 0 114 0 0 147 110 108 0 0 0 136 139 104 0 130 109 134 102 0 115 138 129 113 138 118 116 0 0 104 110 119 0 119 106 0 134 0 138 0 108 121 0 146 149 114 149 128 127 117 149 101 125 133 0 0 130 140 0 143 126 0 125 0 0 105 0 114 133 124 149 140 107 0 124 123 146 128 130 126 128 0 126 0 119 111 108 100 0 142 111 139 132 121 104 125 116 131 140 145 0 127 117 110 107 146 137 0 107 124 0 119 0 0 133 146 0 139 148 142 139 122 107 0 114 115 139 129 0 0 100 0 0 123 129 104 0 121 100 0 114 119 125 134 136 114 102 127 135 101 129 118 0 107 103 112 106 0 135 148 113 123 149 0 118 0 0 117 120 142 0 133 131 126 0 146 105 119 0 0 122 0 0 111 133 129 0 132 114 128 135 121 0 0 127 107 147 111 129 0 144 111 100 104 104 100 125 116 101 139 128 0 0 149 0 0 146 141 107 131 0 135 101 138 127 104 112 122 125 125 126 0 122 103 115 122 127 144 105 128 124 121 0 109 0 130 137 123 0 128 140 133 114 0 148 123 0 138 0 127 137 136 0 110 138 100 133 133 120 123 110 140 102 0 120 0 0 144 132 135 143 134 100 121 133 111 0 107 128 136 108 144 141 107 0 112 108 0 0 121 139 141 0 0 0 133 125 104 147 106 107 0 0 112 138 149 133 106 101 122 114 123 109 0 120 139 100 0 112 115 111 132 0 124 107 111 147 0 101 0 106 106 0 102 144 122 103 137 107 104 0 143
0 149 143 114 129 128 145 130 0 144 100 0 113 0 0 139 104 112 0 144 0 0 139 139 111 119 0 141 129 143 0 119 125 0 123 135 0 130 0 0 116 145 0 119 149 115 130 128 119 122 142 112 0 148 0 127 147 110 126 0 135 129 107 116 0 118 122 110 147 146 119 121 0 115 132 138 0 137 0 0 139 144 123 105 115 102 101 121 137 144 130 130 0 106 144 0 138 0 116 104 0 134 105 129 101 136 130 110 0 0 131 125 0 0 101 109 137 103 124 133 106 0 106 134 0 0 111 112 108 117 0 130 0 111 104 136 106 118 108 134 138 0 114 137 129 111 108 0 0 0 130 123 0 0 110 0 126 145 0 129 107 116 103 135 127 116 126 0 141 133 140 118 0 113 100 121 0 111 133 124 144 0 107 143 130 121 0 142 143 115 0 140 106 140 128 126 116 115 130 120 0 123 0 111 0 118 145 0 103 121 0 0 0 144 0 145 117 132 0 101 115 140 0 124 116 128 106 115 0 110 115 127 0 0 0 143 141 105 0 143 107 138 0 136 0 110 143 114 144 112 134 144 101 114 0 0 132 137 107 0 130 121 143 127 123 109 106 0 107 111 0 120 112 140 105 107 102 107 128 140 138 147 0 118 0 0 0 144 148 119 112 148 0 149 137 142 126 129 0 142 134 0 0 134 129 106 146 105 123 113 145 0 134 148 134 107 129 131 138 115 119 137 144 136 138 148 0 127 142 104 115 147 0 139 125 148 119 142 133 0 115 138 118 101 126 102 0 142 124 110 107 125 135 110 121 135 110 149 126 113 110 0 109 124 106 138 115 0 134 107 0 119 125 137 0 138 0 121 142 134 147 149 111 106 140 138 0 115 124 0 143 136 114 107 101 137 0 108 128 110 122 110 0 132 118 0 141 0 125 117 142 144 136 119 104 128 0 0 149 143 104 140 109 0 0 137 0 0 129 130 105 101 147 0 124 111 113 130 117 102 139 142 116 122 128 104 149 0 0 129 126 0 0 144 103 102 131 140 0 142 141 147 138 143 149 0 107 0 141 100 131 131 0 100 0 102 110 113 0 0 130 148 101 109 109 0 122 147 0 0 0 130 120 144 116 101 114 103 114 105 144 133 0 133 0 136 133 105 101 126 111 105 148 127 132 103 126 105 0 0 113 0 101 0 0 102 136 148 104 104 113 135 110 134 0 122 143 112 128 102 137 113 109 0 131 146 105 103 121 0 143 116 113 115 0 145 0 122 0 122 145 125 100 0 123 123 0 145 129 121 0 108 117 0 136 137 112 136 0 130 111 103 0 137 116 137 134 0 126 100 0 128 110 136 116 132 140 118 0 130 0 0 143 148 139 108 110 113 116 0 124 130 146 0 0 121 0 121 131 146 122 134 0 0 108 0 0 102 105 129 0 112 0 119 104 0 0 0 0 137 123 143 139 108 137 111 112 118 120 102 136 126 0 116 102 0 135
0 0 146 0 113 140 0 0 105 0 0 101 114 137 143 126 118 0 0 105 104 106 134 108 139 106 124 117 124 141 123 0 127 118 0 0 104 117 109 124 0 0 115 117 0 116 135 100 140 124 140 0 139 147 149 134 0 126 0 112 0 143 143 0 114 122 121 136 105 112 0 117 110 0 112 0 0 0 142 115 0 105 0 100 0 141 149 135 0 0 0 0 138 0 134 125 120 108 147 127 115 0 108 117 114 133 110 104 117 101 107 0 0 0 121 116 0 0 0 133 111 107 109 126 0 103 0 0 111 0 103 122 0 124 148 137 119 103 124 140 102 109 109 128 133 107 120 0 116 142 143 133 124 117 113 137 0 105 0 129 136 113 122 0 119 0 105 144 139 0 0 109 141 0 0 147 120 0 147 114 116 132 127 0 109 0 128 146 118 128 109 146 0 139 125 110 101 115 110 127 116 0 111 0 122 0 0 112 0 131 114 141 107 0 114 118 0 0 140 133 0 0 0 123 106 0 134 109 105 128 135 149 0 104 133 126 117 137 0 116 134 137 0 116 110 0 141 149 127 136 106 105 0 122 121 0 106 106 102 0 114 123 100 0 109 125 0 0 0 0 102 115 0 140 0 112 113 102 0 104 0 103 147 0 140 0 0 138 0 105 131 135 117 143 117 0 131 145 0 146 143 114 142 141 128 104 136 107 0 140 122 121 0 148 0 112 140 114 0 112 133 0 135 0 135 0 115 149 0 124 0 142 117 0 136 149 123 112 131 107 134 148 149 108 0 143 0 125 129 0 109 149 103 146 118 0 136 123 108 128 139 126 115 0 140 0 135 140 129 0 130 110 0 0 148 138 143 111 105 122 127 115 0 104 122 123 144 118 126 143 108 112 141 125 133 125 146 0 121 146 144 125 130 0 108 113 135 135 134 115 119 108 108 122 127 144 0 113 129 118 128 117 0 127 0 138 135 125 131 124 0 125 0 138 131 106 118 0 142 112 0 129 104 116 108 109 126 134 110 143 149 110 119 124 108 139 0 123 121 108 104 116 108 111 103 107 112 143 125 0 0 100 117 0 0 110 106 104 101 109 124 0 142 0 122 125 125 0 144 148 0 0 0 0 0 148 113 115 119 143 120 111 116 108 129 123 112 106 109 0 0 132 140 113 135 147 147 0 112 106 134 128 100 0 140 141 119 0 100 134 119 0 138 119 108 110 0 137 0 107 0 132 145 112 139 138 119 0 109 0 128 0 113 0 148 0 0 131 126 149 144 0 145 132 104 0 0 107 108 145 111 146 0 0 128 0 0 138 0 141 0 122 140 0 109 122 124 0 0 112 130 104 115 0 0 145 129 0 0 119 117 123 147 132 131 135 0 140 145 0 108 123 139 0 135 103 147 136 105 0 123 124 119 0 0 105 0 119 129 0 0 103 129 129 145 133 101 117 0 111 102 0 144 127 111 0 130 139 101 123 109 110 109 111 144 119
0 102 136 109 107 108 110 140 148 143 138 122 103 134 100 135 0 136 111 143 0 0 140 128 131 144 104 146 119 0 146 106 0 108 136 0 0 111 145 117 114 0 136 131 108 136 122 114 0 129 119 127 137 114 110 114 145 117 128 109 147 126 110 126 108 0 138 102 107 132 0 0 0 0 125 120 110 117 125 100 105 135 0 144 114 113 0 0 131 100 101 119 140 118 139 0 140 108 128 0 121 112 125 131 116 0 143 0 144 0 113 145 103 104 121 0 132 133 103 128 149 104 128 148 116 143 110 110 0 123 0 0 0 138 101 122 118 130 0 135 116 0 145 118 135 110 104 0 114 127 106 105 120 125 125 109 119 0 109 0 111 0 0 128 119 108 0 133 136 102 142 149 103 110 103 123 146 110 131 147 116 149 120 0 113 105 108 0 136 122 0 138 0 145 111 0 119 0 141 143 112 0 147 0 146 108 0 104 0 143 0 135 121 0 101 115 135 108 0 136 0 133 0 140 0 116 147 120 101 105 104 105 0 120 114 123 106 0 115 140 148 133 108 130 117 105 137 138 134 131 121 144 0 148 124 147 119 114 0 132 0 0 148 144 142 110 135 131 102 113 0 136 0 101 132 149 143 122 144 0 147 134 122 116 0 146 134 0 124 0 112 141 106 0 112 138 113 0 124 121 112 145 120 123 101 139 0 144 136 120 113 0 120 112 144 140 0 0 143 138 101 144 106 121 0 131 110 124 128 145 117 146 0 105 0 0 116 124 0 135 102 102 107 148 149 109 110 144 0 112 0 112 134 121 113 0 0 108 108 136 0 139 0 116 104 0 107 0 0 0 138 0 116 109 143 112 104 110 108 0 0 100 0 133 118 108 104 0 0 0 145 111 134 0 133 146 141 129 130 0 0 101 131 138 0 109 147 0 123 111 138 139 143 139 113 0 136 117 0 0 116 135 110 102 138 132 100 117 114 112 148 110 0 118 117 110 149 101 0 0 109 120 149 127 0 109 123 146 109 140 102 109 102 143 126 134 0 136 104 105 102 0 134 126 115 104 134 144 0 140 106 123 0 109 0 130 141 137 124 116 137 0 106 116 121 149 0 0 0 140 100 124 120 0 135 129 138 124 0 0 107 120 0 137 131 140 0 0 132 135 143 139 123 0 131 120 132 118 133 149 115 100 118 141 132 103 115 121 103 0 131 0 0 124 127 148 135 124 137 120 100 0 108 104 142 103 147 112 121 0 143 132 141 105 110 108 0 101 120 116 0 0 101 131 112 0 100 105 102 145 114 0 140 106 0 138 0 130 120 0 112 146 0 116 0 108 139 0 115 0 122 148 149 0 140 119 0 149 134 144 141 103 144 147 124 140 0 105 104 0 118 0 0 109 0 105 101 101 0 131 103 144 0 121 0 142 117 105 0 0 100 130 105 133 0 102 113 0 130 100 145 110 109 133 118 113 119 0 0 142 136 0 0 149 109
0 118 126 130 136 132 118 113 107 130 101 0 133 0 112 135 0 0 149 0 110 0 122 142 0 114 127 115 125 127 104 120 128 136 137 138 135 129 148 123 128 138 117 0 110 140 141 144 0 0 0 112 101 101 144 0 128 102 131 102 126 0 134 131 124 0 128 129 0 128 127 139 111 0 143 0 143 100 0 129 129 104 0 124 0 0 0 141 0 132 0 148 0 0 135 0 127 101 0 134 100 0 145 129 0 148 106 106 110 102 116 0 140 125 121 0 104 110 139 128 0 116 118 100 142 117 107 125 121 109 127 142 107 144 0 115 145 139 130 0 105 0 142 114 113 138 132 0 135 141 122 0 108 145 100 111 144 135 123 134 136 138 145 105 117 0 108 136 135 145 116 117 134 0 0 136 140 129 0 129 143 0 129 0 119 101 0 135 131 133 0 137 138 140 0 104 142 137 102 106 122 123 128 132 0 111 108 0 135 0 101 0 0 0 119 136 113 0 131 148 0 113 112 145 109 137 131 0 0 140 144 107 133 110 148 112 138 135 128 107 0 0 0 127 130 140 101 110 128 127 110 139 115 113 138 124 128 145 137 0 0 146 0 0 103 148 112 114 105 113 0 100 0 104 144 111 149 125 129 104 0 114 111 146 143 116 143 116 126 148 0 139 0 0 0 146 139 114 149 116 102 148 0 148 142 138 0 148 145 119 145 114 0 0 120 120 0 126 148 100 0 105 0 0 133 108 132 128 108 110 144 148 123 145 0 135 101 111 0 139 113 103 109 144 0 109 145 132 149 121 0 145 121 114 0 0 131 0 114 106 125 112 144 0 115 137 147 135 146 100 142 135 143 123 105 141 140 0 119 0 142 144 149 112 100 0 142 120 130 130 100 0 134 120 137 0 108 141 148 134 130 0 0 0 104 116 101 0 117 0 140 144 120 115 0 112 103 102 0 0 0 106 123 134 148 114 142 138 125 144 0 138 133 134 109 128 0 138 117 0 147 134 135 130 0 125 143 109 137 138 103 138 133 135 131 101 117 0 140 134 146 130 123 0 0 0 130 149 100 110 130 122 114 112 138 0 124 0 113 0 126 145 144 110 132 105 122 139 0 139 103 140 128 114 138 0 139 128 121 141 0 131 109 142 112 0 145 0 117 0 110 0 0 134 122 128 0 133 133 117 143 110 118 0 110 107 0 137 114 131 147 133 106 101 132 140 0 113 110 134 122 147 138 142 0 0 114 126 102 134 117 126 115 130 133 144 0 102 0 100 124 119 0 0 0 137 142 0 126 0 136 148 130 108 100 108 116 100 0 115 144 0 121 110 120 102 132 107 105 133 114 129 148 138 104 144 115 109 0 130 125 130 145 0 122 103 133 101 132 0 118 127 139 142 124 141 121 138 143 146 0 0 103 133 0 118 117 122 148 142 119 0 112 0 136 0 0 0 0 127 0 0 0 134 130 147 109 125 136 0 137 141 122 135
0 0 107 124 0 0 0 0 116 108 136 148 0 110 127 100 103 137 119 120 127 138 142 132 133 142 127 0 110 0 104 102 145 119 117 107 100 109 149 0 120 117 119 0 102 111 146 0 117 0 136 133 131 121 0 0 120 121 0 127 0 133 147 108 105 0 127 123 105 0 112 102 131 0 113 138 130 131 106 135 124 0 103 145 117 117 147 144 0 0 123 117 107 145 123 133 0 142 110 128 115 127 130 0 139 116 117 109 0 120 131 137 141 105 0 126 0 136 137 103 127 124 105 145 130 134 0 124 0 106 0 0 0 125 119 134 147 100 0 0 118 148 0 106 119 130 130 118 0 121 108 0 119 0 111 127 103 126 143 136 123 0 135 108 147 113 101 106 122 0 0 120 148 120 0 102 123 145 0 138 114 115 147 101 111 126 110 141 0 0 126 120 110 0 0 140 148 140 121 144 0 101 0 125 130 149 105 147 0 0 141 0 127 115 139 109 132 146 0 117 124 132 145 143 112 118 119 0 140 127 135 133 107 0 134 125 146 143 0 142 101 130 125 141 100 147 110 104 0 138 0 146 140 146 0 122 0 130 108 140 124 141 111 116 104 0 102 0 126 0 149 125 137 139 130 0 109 107 136 103 125 117 105 148 0 136 133 125 141 103 135 0 136 102 134 148 120 110 139 0 146 110 105 0 130 101 128 137 0 0 0 122 109 147 113 121 116 139 144 129 0 130 143 123 0 112 121 106 138 0 112 0 0 0 133 113 129 100 142 111 102 144 146 102 0 0 129 0 140 129 136 149 134 135 121 0 143 104 139 139 141 0 133 110 0 0 126 107 141 147 146 112 149 0 138 143 120 119 113 140 125 128 138 131 129 0 130 109 149 146 126 0 116 0 149 0 109 0 0 0 0 0 121 128 132 0 129 116 105 0 0 0 149 0 101 148 120 100 123 105 109 117 105 133 0 125 122 145 141 130 0 146 0 109 140 119 0 0 0 121 0 128 127 147 133 0 0 109 144 111 112 0 0 100 129 0 0 147 147 148 119 0 147 105 148 111 121 100 111 119 132 146 137 115 147 135 0 126 132 113 112 123 118 103 100 122 0 101 0 0 127 122 135 0 0 0 147 0 0 0 0 121 123 0 121 112 115 149 0 136 115 111 120 134 0 129 121 120 0 139 113 101 0 0 101 139 0 104 114 114 115 148 140 108 0 120 0 147 0 140 134 140 0 0 102 0 140 0 122 140 0 145 142 110 120 116 114 128 0 108 0 143 0 0 140 0 129 139 146 122 117 115 110 103 101 138 109 0 115 138 109 142 139 110 140 109 148 0 0 140 121 0 121 104 0 0 132 137 149 144 122 126 144 123 146 128 115 101 126 147 103 111 0 0 133 121 148 110 0 140 140 146 147 131 130 107 121 111 0 140 0 0 104 144 149 149 102 130 0 118 111 117 0 106 127 144 142 113 128 136 0 130 0
0 146 0 139 0 124 0 101 138 126 119 105 116 100 100 0 121 0 101 0 141 144 120 0 140 147 116 115 136 116 0 113 0 146 0 100 137 137 137 124 117 121 104 145 114 100 130 118 118 110 134 0 123 0 129 147 100 0 0 148 0 133 0 122 147 130 137 131 100 0 0 148 121 118 130 0 106 0 103 0 126 121 0 135 126 103 127 0 129 132 0 0 134 143 135 142 109 0 0 138 133 0 0 122 149 104 143 108 110 0 0 134 134 144 119 113 0 107 128 0 102 0 110 119 0 144 141 118 125 0 129 133 101 0 110 0 147 121 135 146 114 115 0 0 109 104 134 118 0 137 0 0 0 0 110 113 133 135 127 107 112 114 131 115 131 122 123 0 111 0 146 112 0 0 0 0 112 149 145 107 0 0 0 120 0 108 0 109 0 110 131 110 135 140 141 0 129 109 109 0 123 138 0 138 116 136 124 0 134 126 0 0 136 148 138 131 105 144 109 118 100 114 129 0 106 0 106 137 106 122 0 139 146 119 0 130 100 132 0 136 115 124 117 0 0 0 118 101 144 122 106 140 0 149 125 142 122 106 121 117 125 111 135 140 126 121 137 138 133 0 135 126 0 103 133 112 0 146 114 0 0 0 116 136 138 125 0 107 146 0 111 132 139 0 0 0 116 0 0 104 0 120 105 135 103 116 118 132 120 115 0 103 114 110 107 127 102 0 141 101 129 129 104 0 148 113 130 146 143 140 133 105 107 100 0 116 111 0 109 147 118 101 148 0 149 0 117 0 132 103 102 116 132 117 0 123 0 110 0 128 117 136 136 104 142 140 116 145 122 0 134 102 106 113 0 0 143 105 135 134 125 0 121 0 135 132 145 144 135 114 0 107 0 113 0 118 0 0 119 104 110 101 123 103 114 0 134 110 139 0 103 148 0 0 0 142 132 127 128 101 146 0 148 148 144 100 142 0 146 120 0 127 118 0 0 0 0 0 141 120 102 118 136 149 107 135 0 0 122 129 120 0 0 0 0 140 110 111 121 125 0 147 0 0 120 117 148 129 123 148 0 112 106 0 107 100 111 106 0 145 132 126 0 111 149 108 0 0 145 112 0 0 0 0 117 0 100 137 142 0 121 113 118 117 101 0 134 108 127 116 144 138 112 114 106 126 115 143 0 120 136 142 126 140 105 144 135 105 0 105 100 0 136 143 124 123 0 135 0 148 107 134 113 0 136 0 139 113 143 124 139 101 111 149 123 117 115 0 129 129 136 140 0 116 126 145 124 139 137 0 143 0 0 147 0 103 127 0 149 127 0 110 145 130 125 102 146 131 0 0 136 101 107 123 114 140 0 139 117 148 137 138 138 122 100 135 0 110 101 147 113 0 120 135 140 101 118 124 0 123 118 0 124 116 144 105 138 106 0 137 118 130 106 0 123 109 106 0 114 143 0 0 131 132 123 123 149 140 143 101 134 127
0 147 104 144 140 137 0 135 100 101 118 141 0 139 125 109 0 111 129 0 110 0 121 101 118 115 140 0 127 104 137 0 131 112 0 0 122 145 114 143 105 149 136 106 0 107 131 129 117 141 0 0 135 104 104 147 109 117 133 119 109 145 135 129 126 146 114 109 102 113 112 105 140 122 117 121 0 144 115 129 103 102 0 0 104 103 116 122 120 120 102 124 114 143 133 147 125 0 0 137 119 0 143 114 120 109 124 0 110 123 141 133 123 119 145 139 145 0 0 127 116 140 143 141 0 110 108 121 116 107 121 112 137 132 0 0 111 132 0 112 139 147 134 129 0 0 124 0 148 106 141 0 144 112 143 0 128 142 122 0 111 0 106 108 113 145 0 0 135 124 147 138 139 117 111 144 0 0 135 0 108 113 111 129 109 139 108 0 148 0 127 140 122 104 141 125 0 0 134 125 144 149 0 128 0 123 109 129 0 103 0 0 130 119 102 114 0 149 100 128 149 121 135 0 140 114 0 140 137 133 124 115 138 0 109 114 128 0 134 130 102 122 114 105 0 0 144 129 145 0 132 0 127 0 0 100 129 117 119 0 141 0 104 0 122 128 132 147 0 127 100 0 142 125 143 120 111 121 0 101 0 147 0 115 0 131 0 0 0 0 146 0 125 100 134 142 0 126 113 148 131 141 145 0 136 138 123 139 144 149 133 113 0 128 0 100 115 140 107 136 100 0 0 112 101 100 110 115 110 128 116 0 129 110 135 128 141 113 131 124 141 123 148 142 108 104 0 128 0 110 124 135 115 117 0 140 122 120 125 0 145 113 132 0 130 117 125 0 147 0 136 0 142 117 102 104 131 126 130 119 0 0 125 102 113 132 140 123 103 0 0 118 128 112 142 147 142 101 139 114 104 128 0 116 116 0 104 147 117 126 0 0 103 134 141 141 132 134 0 0 110 122 140 0 116 125 104 141 119 145 0 0 0 129 104 103 0 0 0 138 120 123 118 0 143 120 142 0 0 142 144 108 124 116 145 109 122 139 107 0 102 122 0 147 113 139 126 123 125 0 116 0 119 101 111 143 118 147 106 135 115 115 104 104 119 133 0 101 0 0 0 129 134 136 103 0 131 119 144 149 134 149 102 101 103 129 148 115 145 120 140 101 139 107 103 113 125 100 132 113 122 114 121 0 112 0 130 131 0 138 135 109 148 122 120 135 121 109 125 104 0 139 0 0 101 142 101 0 0 0 0 125 0 111 149 136 0 114 0 126 109 127 130 146 134 122 137 0 142 147 142 127 125 131 0 0 0 142 118 101 138 0 138 107 139 140 114 115 121 0 101 0 106 0 128 131 0 0 114 136 123 143 130 134 133 137 133 0 125 110 135 107 109 147 143 0 0 144 139 0 126 0 134 127 0 122 106 111 146 117 145 113 126 0 141 0 102 0 120 113 0 0 104 121 0 141 0 141 104 0 0
0 149 101 136 118 104 0 0 127 0 123 0 121 121 133 116 142 143 0 0 126 146 0 118 130 107 0 107 144 137 0 123 106 0 134 0 122 0 137 147 104 0 121 0 124 116 114 120 106 134 142 0 118 145 148 0 146 141 149 130 105 129 149 143 100 118 131 106 118 135 135 113 142 116 137 132 120 117 104 140 130 130 128 122 0 122 138 103 145 127 0 121 147 149 130 0 0 121 103 123 109 0 127 102 120 107 124 124 115 101 121 0 100 0 118 0 120 0 101 140 120 0 123 135 141 0 106 101 149 0 0 149 108 106 104 114 130 138 108 147 129 147 127 107 100 0 119 0 0 120 121 0 0 113 114 136 144 0 0 115 113 0 100 107 112 116 112 0 111 149 149 113 147 0 105 145 144 129 136 133 113 113 139 131 123 132 0 146 0 117 146 143 133 0 0 0 0 0 107 118 123 144 107 147 142 0 138 104 120 0 133 0 0 129 114 149 0 101 0 130 122 132 101 107 119 119 0 104 102 0 132 108 0 117 132 138 111 110 145 126 149 101 128 126 0 129 116 138 114 128 135 133 132 134 0 126 127 107 123 119 127 0 140 145 103 0 130 116 0 0 0 128 111 109 0 119 0 117 0 102 0 144 143 122 114 119 121 0 114 111 135 141 107 106 0 126 101 116 114 105 0 127 105 143 137 113 110 0 121 0 110 102 130 136 0 0 0 0 122 112 145 103 0 104 123 128 109 123 144 105 123 122 108 103 0 100 141 139 0 0 142 0 124 148 0 140 128 118 0 0 0 0 106 115 113 0 113 0 114 120 128 102 0 118 0 109 135 0 148 129 124 130 149 119 143 101 137 138 119 124 0 145 0 126 120 0 0 142 135 132 140 0 101 0 104 0 141 137 0 0 0 0 107 119 106 0 147 131 106 107 0 146 0 114 103 113 136 120 124 147 112 104 135 0 136 117 0 102 117 142 149 101 0 135 146 113 131 124 108 0 127 130 108 120 142 139 115 122 0 138 139 129 102 100 0 127 117 0 121 134 122 138 147 139 125 112 0 0 144 0 137 121 108 121 148 133 106 125 0 124 140 0 131 139 143 114 0 0 0 112 0 0 100 135 0 0 0 143 108 109 0 148 0 119 142 135 0 147 0 133 134 135 0 124 144 114 125 101 0 0 0 124 142 120 138 136 0 129 103 0 114 0 137 128 112 128 118 141 145 0 102 120 146 0 123 112 0 147 124 105 149 142 133 135 0 103 123 119 0 124 113 131 109 143 0 123 149 143 136 0 102 134 119 141 106 0 135 0 141 0 0 149 123 107 113 119 136 141 135 144 144 113 130 136 0 139 101 127 132 122 143 134 128 136 0 133 0 0 0 113 104 108 122 103 105 131 0 111 0 0 130 116 115 149 125 127 108 138 143 137 121 114 139 133 123 0 135 128 105 107 118 120 139 0 104 147 0 116 116 0
0 0 142 0 110 105 141 0 109 116 105 0 104 120 121 137 135 134 110 127 0 0 106 0 110 113 106 126 0 126 0 131 125 122 0 108 137 125 103 125 149 147 0 121 0 128 117 115 128 0 0 134 136 104 137 0 130 149 144 132 0 116 105 117 111 147 0 116 143 110 110 138 128 134 122 116 0 0 0 100 147 105 133 136 114 128 114 141 115 134 0 120 105 142 142 0 121 0 144 136 107 127 110 119 144 119 114 0 118 136 149 123 134 124 132 0 0 116 120 143 110 132 133 147 0 112 146 103 0 0 134 0 0 135 0 121 0 109 0 126 132 0 0 133 109 146 0 139 146 117 135 117 132 133 148 0 109 0 107 116 133 130 109 144 103 0 135 101 143 119 100 0 106 140 0 117 0 126 146 112 0 133 141 0 100 105 126 136 0 102 113 110 104 104 114 0 148 103 135 139 0 103 114 105 113 104 132 119 100 127 0 132 127 149 123 140 137 143 125 123 106 126 0 0 148 102 141 139 140 127 0 0 137 0 139 109 135 114 146 119 121 124 131 111 114 103 0 114 0 140 148 122 0 135 108 143 144 0 133 117 109 0 136 101 0 114 107 144 122 0 0 0 130 125 129 126 121 0 100 0 125 100 101 125 0 124 148 104 0 123 0 121 0 126 127 121 110 102 112 110 0 127 143 123 106 129 141 143 0 105 127 133 105 133 0 109 112 139 118 0 0 120 135 103 0 0 0 129 102 128 140 119 0 108 139 110 122 0 121 107 0 120 124 104 0 104 0 132 120 122 145 125 124 101 114 105 146 0 146 0 0 124 0 125 0 0 149 136 108 143 0 0 143 128 134 119 130 106 0 149 126 102 125 0 110 136 140 118 149 136 0 0 130 121 104 102 104 119 103 132 0 0 112 120 127 104 0 0 146 0 133 117 0 0 141 102 148 140 108 141 0 112 116 119 123 106 148 110 108 112 138 0 0 130 136 147 122 0 106 142 127 103 102 119 118 112 0 0 136 147 138 146 118 126 112 113 0 0 120 145 145 138 0 110 133 145 0 136 121 108 127 140 124 131 127 0 123 139 141 0 127 114 115 145 105 135 0 143 0 115 139 146 101 127 146 129 126 135 143 129 143 105 141 137 0 140 104 131 130 108 114 0 0 147 0 0 111 145 116 0 132 104 0 144 0 0 144 113 103 113 135 0 135 121 106 124 147 0 137 103 116 0 123 111 108 0 143 143 0 104 126 135 122 119 104 131 147 115 0 119 115 0 134 130 0 144 128 0 136 0 119 111 0 147 129 103 133 126 0 104 125 111 128 149 149 131 116 149 109 0 103 104 148 118 145 130 104 142 125 0 0 107 127 113 0 100 128 140 115 0 130 135 0 0 126 0 111 0 0 0 140 124 109 0 128 111 0 121 101 137 141 123 120 126 121 137 107 139 145 145 0 110 0 130 118 107 106 149 128
0 113 126 119 0 120 109 124 117 134 0 149 126 102 134 0 102 103 100 120 146 129 0 128 0 100 129 132 0 147 118 0 120 102 148 145 0 101 139 136 0 0 104 125 130 120 104 111 0 124 127 0 111 103 115 0 134 147 148 134 117 110 133 113 112 143 123 133 130 147 106 116 148 104 0 112 144 139 123 114 116 132 146 100 149 0 102 111 146 0 0 120 140 136 113 119 108 109 127 142 133 127 101 118 149 0 102 101 142 116 147 135 134 126 101 127 0 121 126 140 121 0 0 106 133 107 127 135 147 104 0 106 142 0 120 149 118 132 112 121 0 124 0 117 123 128 127 114 121 131 147 125 0 0 103 125 0 144 148 0 138 118 120 118 106 121 145 123 0 0 148 0 0 149 103 120 122 138 119 0 139 0 127 131 113 0 101 147 121 111 0 139 139 111 127 102 104 0 139 133 114 136 116 129 136 116 103 112 145 0 103 148 143 116 145 0 0 0 115 131 0 103 0 0 119 121 104 142 0 0 138 136 142 112 128 119 113 0 0 105 117 137 125 0 140 105 149 113 119 135 0 149 0 121 102 0 118 111 146 132 134 117 140 111 134 140 0 0 0 128 103 144 104 137 143 131 138 147 126 0 139 0 114 125 0 149 108 104 114 148 100 0 100 108 121 0 0 125 0 126 129 0 121 111 0 115 129 0 122 124 131 141 104 113 144 0 0 105 144 125 146 110 108 0 0 106 113 125 110 147 119 130 129 142 0 142 0 131 141 116 0 0 0 115 148 125 137 142 133 148 0 0 138 148 129 140 115 118 138 0 147 123 149 103 149 118 147 145 125 0 137 137 132 0 0 0 0 139 0 134 0 0 0 127 0 106 104 112 139 146 113 126 104 0 149 123 102 137 105 128 130 101 106 130 120 119 103 0 0 127 122 111 134 129 142 122 138 102 0 118 0 118 138 0 148 140 0 100 139 0 0 118 0 0 108 100 0 0 0 0 134 133 0 109 0 118 124 133 0 0 110 149 125 0 135 139 0 130 0 149 142 103 102 109 0 0 123 109 130 141 118 136 149 142 127 116 127 110 145 0 123 143 107 0 0 147 0 135 142 127 109 114 122 133 125 106 145 0 149 109 0 0 112 122 100 107 144 0 138 148 137 102 147 103 137 0 0 103 103 138 115 122 139 114 135 100 121 123 130 0 0 137 134 110 0 102 117 125 130 131 129 146 126 0 0 122 140 122 0 140 147 0 107 141 108 136 118 112 146 126 115 0 0 0 114 101 143 127 131 147 127 140 0 126 146 0 134 132 107 103 124 128 131 149 138 126 140 0 0 110 108 149 123 110 0 106 134 115 114 0 120 113 105 0 133 109 113 139 0 102 120 130 102 116 107 120 115 119 0 111 139 143 112 116 0 102 119 0 100 125 100 136 126 0 132 131 134 0 105 144 125 118 0 101 134 140 116 149
0 110 122 101 129 103 135 125 132 111 130 103 122 0 123 105 142 0 108 142 0 123 115 0 139 131 148 115 105 0 104 130 130 103 113 127 107 107 133 0 103 0 105 110 125 120 148 112 130 119 133 100 121 148 148 127 0 122 111 0 117 127 145 144 0 135 146 142 134 0 107 135 106 119 101 123 116 134 0 0 0 139 127 143 0 141 0 0 102 117 148 109 105 117 0 119 105 0 0 102 0 0 118 0 107 114 123 145 0 134 0 0 105 0 122 113 123 139 143 140 0 108 146 105 147 122 135 101 109 113 111 127 141 129 105 122 129 108 0 128 123 104 112 109 138 111 148 124 120 135 108 0 119 0 118 112 115 135 127 131 147 0 0 0 128 114 0 142 0 0 119 134 148 127 106 129 101 119 0 127 130 120 138 0 110 123 137 0 112 134 145 144 125 101 110 147 0 118 140 121 0 127 115 0 102 141 110 108 0 100 0 111 113 0 142 112 125 0 138 129 138 0 110 0 127 101 102 146 108 136 131 0 137 141 0 123 141 147 148 115 0 0 107 0 141 109 136 0 146 148 107 135 136 0 149 105 123 0 118 102 100 110 113 143 140 0 134 0 0 111 0 146 113 0 147 136 142 132 116 139 0 122 0 128 134 120 0 108 140 0 129 133 0 120 114 117 0 0 0 0 102 0 111 101 0 103 0 0 105 111 0 120 144 0 0 0 0 105 127 0 131 137 0 0 0 118 121 127 129 149 117 146 143 108 126 123 111 103 120 115 106 0 107 119 137 115 147 132 0 0 139 110 0 149 126 132 0 134 131 121 110 128 108 143 135 132 120 124 116 123 142 108 102 109 0 131 141 120 138 0 106 133 134 106 107 0 0 141 101 0 107 110 0 129 104 121 115 0 109 0 0 131 107 116 123 144 115 0 0 0 124 0 0 144 0 144 0 108 129 136 122 143 140 114 107 144 105 103 123 106 0 0 0 119 0 0 142 134 103 138 119 144 0 0 124 130 0 120 139 101 102 111 138 112 127 144 132 0 146 0 0 117 141 126 128 102 137 106 119 110 128 0 136 132 136 147 0 102 141 140 0 0 108 0 117 124 132 143 139 119 102 0 121 112 0 0 110 144 144 116 106 106 0 0 119 0 105 138 0 0 142 0 109 132 144 140 125 100 142 140 105 148 126 116 0 147 112 101 109 0 0 130 100 102 145 137 140 104 124 126 120 120 139 0 107 135 0 101 0 115 113 129 0 148 0 146 133 116 0 0 122 143 139 0 103 113 0 132 145 135 0 0 0 135 128 138 144 0 130 113 146 0 122 124 129 112 139 0 139 105 139 144 120 116 119 117 140 142 118 132 123 0 138 100 0 139 127 106 144 129 0 0 120 0 110 0 0 0 128 140 134 127 137 127 105 118 130 141 129 134 119 149 110 127 117 0 148 0 0 111 136 140 120 104 148 115 110
0 109 0 0 113 112 103 144 146 100 103 123 104 0 120 139 103 0 144 0 118 115 129 144 132 124 100 0 117 131 136 0 126 0 0 123 122 128 0 120 129 0 146 0 100 134 0 121 136 123 110 131 106 0 133 134 0 110 109 111 143 118 117 0 122 100 130 126 0 133 0 125 0 0 148 138 129 104 135 105 0 125 134 121 0 120 0 0 135 0 0 128 133 121 119 131 128 0 101 103 114 116 0 136 106 101 0 137 147 148 0 0 131 101 109 119 107 119 109 144 129 119 144 130 0 102 121 131 130 106 101 0 130 0 101 107 110 114 140 0 0 115 115 120 0 110 133 117 142 0 0 147 107 144 138 134 0 119 140 130 108 136 0 132 135 128 135 132 145 127 119 105 0 112 135 130 100 0 111 100 133 0 100 101 103 105 117 130 129 143 0 115 134 0 147 122 116 120 0 143 127 106 115 135 106 110 0 0 136 0 100 126 0 111 119 148 125 149 0 136 120 140 147 112 116 116 0 147 132 130 106 0 0 102 0 149 139 124 119 0 121 144 102 0 149 0 142 135 149 120 0 130 113 100 0 102 0 0 114 0 0 148 100 138 134 0 104 129 142 120 113 109 0 0 0 106 101 138 0 142 112 130 0 111 127 107 0 139 122 133 137 116 0 136 144 0 104 120 142 106 133 104 100 145 148 108 128 140 137 141 141 144 116 0 137 133 115 139 139 0 102 127 138 101 0 0 149 0 137 0 0 136 123 130 104 138 134 131 104 123 124 134 131 137 0 110 148 141 106 0 115 0 0 107 0 103 133 127 121 123 143 139 0 141 0 0 134 142 107 0 117 127 146 110 135 0 0 107 0 122 137 143 141 112 0 104 137 106 0 103 130 100 103 101 136 102 107 110 0 0 132 0 127 134 118 113 0 144 0 105 104 0 124 103 135 0 139 0 119 0 105 131 133 122 147 119 115 0 0 149 114 110 0 148 114 118 0 111 142 132 129 144 123 131 0 127 135 0 0 117 134 0 142 135 144 126 127 118 128 149 0 140 101 110 0 140 0 0 104 105 120 121 105 100 0 121 118 134 0 134 110 120 134 0 114 135 146 122 0 0 0 0 108 0 119 102 0 133 103 102 112 117 122 108 130 105 116 111 145 127 145 0 121 116 0 0 135 0 142 149 103 140 115 110 0 108 129 101 116 129 0 116 108 0 138 122 0 0 148 133 126 135 0 145 112 141 117 121 141 102 124 139 0 126 0 0 103 0 119 114 0 135 0 129 111 101 0 0 0 102 145 0 104 110 0 113 139 0 111 132 135 115 145 113 139 0 0 0 104 128 130 133 123 0 135 0 132 104 0 110 136 125 111 0 0 108 132 0 110 116 112 0 0 145 114 140 129 0 112 100 0 138 0 109 108 146 128 0 120 105 0 136 131 111 128 0 0 0 148 0 111 0 110 144 132 136
0 0 139 102 121 127 139 106 117 127 0 0 120 0 0 147 108 128 0 109 119 125 118 103 102 148 144 140 0 140 121 138 115 139 130 114 122 117 103 129 139 130 144 146 128 105 106 138 126 0 0 117 0 136 135 135 142 0 125 115 149 136 124 0 126 0 103 142 137 145 123 0 0 0 124 0 146 0 133 119 133 126 132 132 0 107 116 119 0 149 0 123 112 137 130 129 149 0 149 118 141 117 110 122 105 120 113 121 0 111 145 143 116 138 124 0 115 100 140 0 114 118 0 129 144 145 132 112 126 126 0 0 109 0 111 0 0 141 132 121 0 0 136 0 0 116 146 108 136 115 106 107 0 137 0 124 147 132 143 134 102 126 110 113 113 0 121 131 141 127 0 112 112 0 148 146 144 123 120 102 100 141 145 129 0 127 100 0 137 109 108 120 0 0 0 131 105 142 146 127 144 108 115 137 109 119 124 121 0 124 0 138 135 140 136 149 105 146 115 116 102 102 0 148 137 0 117 0 128 0 112 133 116 100 117 129 0 123 132 0 110 144 143 137 105 100 130 103 0 148 102 101 0 120 0 0 114 141 0 0 0 146 101 0 0 106 133 124 110 0 117 120 136 100 149 128 140 107 113 0 0 112 104 114 0 115 114 100 129 0 140 0 106 115 113 0 0 102 0 117 0 132 118 128 147 144 0 149 149 114 113 0 0 107 130 121 0 135 0 102 124 142 112 0 133 112 104 141 142 0 0 0 0 137 146 0 102 129 0 128 143 0 142 116 0 0 149 0 0 144 136 102 110 102 104 141 123 147 139 0 103 118 110 107 0 139 119 139 140 112 144 0 0 138 0 144 144 141 0 106 0 102 0 134 103 117 100 122 115 0 0 106 103 0 114 111 0 101 146 118 132 112 114 125 120 0 135 121 0 0 142 130 109 133 108 0 115 143 105 134 112 148 129 0 125 143 145 0 0 126 140 111 111 129 100 141 0 0 113 110 114 116 113 0 106 141 132 0 104 100 100 144 140 128 117 113 128 103 105 139 101 0 118 109 0 0 106 147 117 0 0 0 130 135 119 113 136 130 140 122 145 132 116 119 102 108 133 146 115 108 0 136 0 149 148 127 146 129 129 108 107 127 0 134 111 0 115 126 114 0 0 0 140 105 119 105 113 112 118 102 149 127 145 0 142 120 136 120 0 120 0 129 147 0 119 112 113 120 145 113 123 0 128 103 147 113 122 144 130 137 140 141 126 112 127 148 0 0 106 111 144 100 0 134 104 102 115 135 101 129 106 0 122 0 132 113 135 127 116 133 0 0 134 133 100 126 149 115 138 149 112 129 110 127 109 149 128 133 138 138 149 145 128 144 147 129 122 122 0 0 0 0 110 138 146 144 139 139 138 0 0 133 121 133 119 112 107 120 0 112 123 0 147 104 124 145 118 139 129 123 132 118 130 129 111
0 131 109 145 0 0 128 0 103 135 125 146 125 102 107 120 101 133 134 0 140 132 0 0 146 0 0 147 0 0 100 125 0 100 128 119 133 143 145 0 120 0 134 0 141 123 0 110 0 118 106 115 104 120 141 135 0 123 137 106 142 127 113 113 0 120 147 139 107 134 122 129 106 110 0 134 147 120 130 128 0 113 149 132 104 110 105 121 131 111 0 130 115 136 0 142 0 112 119 116 102 128 0 108 0 0 136 123 134 149 123 121 0 148 113 128 130 135 133 118 104 112 113 111 135 143 136 104 112 132 102 108 104 129 0 0 120 107 147 120 126 0 118 120 124 0 0 0 0 103 140 120 136 122 113 102 107 128 148 146 0 0 119 127 110 0 107 124 107 143 109 104 132 116 102 0 107 146 117 140 137 0 102 105 113 132 132 0 0 132 144 0 118 133 148 120 104 102 0 0 114 113 109 0 123 126 121 109 0 143 126 113 139 145 122 142 0 101 129 143 108 133 116 114 0 117 111 126 0 0 110 112 122 110 0 125 0 0 148 116 0 141 130 125 0 105 143 144 0 145 127 0 124 0 142 148 121 118 140 122 147 143 146 0 148 0 0 0 100 109 120 0 120 149 110 0 149 138 120 111 149 130 105 124 140 142 0 135 102 148 124 139 0 124 104 128 108 142 106 105 148 0 0 145 135 138 0 120 0 0 131 0 118 145 134 135 145 108 125 124 112 134 145 0 126 126 0 141 104 127 136 0 108 144 128 119 109 0 102 119 136 0 116 136 100 129 109 0 125 0 0 0 0 103 100 134 0 116 135 100 0 121 0 135 115 115 115 111 124 132 102 127 147 0 0 145 108 0 103 0 136 118 136 101 0 109 102 102 107 137 106 0 147 122 0 109 125 121 101 111 102 140 0 101 0 105 122 120 125 131 0 147 0 119 127 133 116 108 119 100 121 109 137 109 143 137 120 149 108 148 144 149 119 130 123 104 0 116 0 130 107 119 143 126 0 0 137 0 117 126 119 127 135 148 120 106 0 120 101 128 140 139 138 146 0 0 0 111 110 104 0 102 0 148 137 120 121 109 118 108 124 119 104 0 0 129 0 0 111 0 0 0 113 131 117 123 0 122 146 0 106 143 127 0 121 134 0 139 108 128 123 102 0 148 118 131 0 138 143 142 0 138 117 119 0 116 0 0 148 102 107 129 136 107 142 119 145 0 0 139 0 136 121 0 101 110 0 0 133 143 141 0 149 138 102 109 0 117 118 142 125 140 0 143 0 117 140 127 112 0 146 133 0 101 0 0 143 0 141 144 117 123 148 149 103 0 119 118 143 138 0 119 136 116 149 116 148 106 104 143 139 100 141 103 0 0 105 145 149 105 124 0 113 122 145 115 145 0 123 106 134 111 0 118 0 141 129 142 0 107 142 138 124 142 105 147 0 0 0 100 148 116 101 121
0 124 113 144 117 102 142 137 127 107 146 0 108 0 135 0 131 148 0 105 113 148 117 105 133 114 127 145 145 0 127 106 0 119 107 0 113 134 148 127 125 118 0 146 137 128 132 113 0 100 134 106 0 134 138 126 127 130 119 144 0 125 135 0 137 129 0 134 108 109 147 132 119 142 102 104 0 116 112 145 148 138 129 104 113 113 119 0 0 120 101 143 117 136 120 105 111 0 104 0 141 134 0 0 144 0 122 108 143 0 102 138 141 0 133 0 118 116 116 0 121 105 0 119 102 0 129 129 0 120 125 0 120 135 0 146 107 116 122 109 129 132 123 139 137 149 141 123 0 125 0 108 0 0 0 103 117 136 100 0 0 0 108 0 130 0 105 140 0 0 102 123 128 0 124 114 0 0 0 133 101 129 100 107 142 129 140 139 106 118 116 101 111 0 106 0 132 111 120 109 129 0 0 103 0 118 132 118 0 121 117 112 0 0 0 117 138 127 143 115 109 0 148 125 127 0 0 0 138 132 107 124 136 108 126 112 128 132 100 0 137 0 0 142 124 0 148 142 141 0 104 140 139 134 109 132 113 0 107 126 0 140 130 106 141 127 138 0 0 124 105 126 125 0 124 125 0 122 143 114 147 124 128 0 106 0 0 132 101 112 123 0 0 147 116 132 111 0 105 148 104 109 0 0 0 144 101 115 136 104 0 108 116 0 143 111 0 137 0 0 130 121 103 0 127 133 114 114 137 0 128 144 125 149 103 125 115 106 112 142 139 147 0 119 141 0 101 103 135 0 142 103 108 0 110 112 0 149 144 0 0 132 120 106 128 126 100 111 145 127 118 134 102 134 141 137 116 139 117 137 0 107 102 101 130 0 0 0 128 101 144 126 0 111 106 121 0 145 127 124 0 143 0 0 104 145 140 0 105 125 122 115 135 102 139 0 119 102 0 127 130 137 0 0 0 0 124 113 0 0 122 146 131 134 148 119 119 124 119 136 108 0 146 140 149 103 125 0 0 124 127 0 143 130 101 146 104 100 139 122 145 133 122 0 0 110 0 136 128 148 141 0 135 138 0 135 136 118 0 0 0 118 141 133 103 0 104 103 103 0 143 149 0 108 135 109 136 111 0 137 0 105 129 0 111 141 137 136 105 134 143 0 0 104 0 143 103 137 134 113 0 114 112 143 0 121 127 118 0 113 121 134 149 118 145 121 103 140 130 0 127 128 149 120 0 146 0 0 0 109 149 0 133 146 127 0 118 119 118 0 105 143 120 147 126 103 106 119 101 0 114 113 112 0 137 0 140 136 0 132 112 135 0 143 138 0 135 114 0 143 144 131 125 145 128 109 0 145 121 109 131 149 136 118 108 108 146 0 125 119 0 124 137 0 105 0 101 144 134 102 0 112 106 113 0 101 123 107 116 140 134 0 132 0 105 122 114 101 0 131 112 146 146
0 112 135 112 117 0 0 117 102 0 133 116 132 148 0 0 0 133 126 0 102 147 133 149 142 103 103 115 133 0 118 0 117 102 0 147 147 108 131 136 123 120 127 0 0 0 0 0 0 137 147 129 0 110 146 123 0 0 124 140 120 108 145 122 147 124 141 139 0 0 141 0 117 146 100 0 0 0 143 119 115 135 137 0 139 125 146 122 100 116 131 142 114 145 119 116 0 136 133 102 116 0 140 114 146 113 132 130 141 100 0 122 142 120 103 114 0 0 0 127 0 0 0 132 125 107 100 0 0 100 141 0 122 0 109 114 0 104 131 0 120 0 0 119 102 129 0 137 0 100 104 101 145 0 142 138 0 111 147 123 125 137 113 132 119 116 144 129 123 0 145 128 138 107 139 106 108 134 0 110 117 112 136 111 143 0 130 0 0 124 135 126 138 0 115 104 0 103 0 122 0 0 123 111 133 145 123 109 133 0 129 0 108 0 107 133 135 140 0 132 103 111 137 0 129 134 102 114 125 124 127 112 130 106 0 118 131 123 135 120 0 101 0 0 115 115 0 108 136 0 148 134 134 107 121 140 121 126 0 103 103 135 148 0 118 114 107 100 106 0 0 114 124 124 136 104 103 129 117 125 132 119 0 114 0 101 132 124 129 118 0 112 100 103 136 108 127 106 144 0 134 149 120 0 0 0 0 120 128 139 127 109 127 107 148 143 142 140 132 120 131 101 120 0 0 113 139 0 144 114 0 102 102 0 107 0 119 125 104 121 112 122 133 137 103 142 107 106 124 148 100 0 133 118 100 0 0 136 115 129 146 137 131 112 0 130 139 143 140 134 126 0 139 149 106 0 105 141 0 112 108 136 106 105 110 0 123 0 0 121 110 149 0 135 140 143 0 140 129 137 132 116 0 0 147 148 133 0 0 108 112 134 0 0 116 108 105 117 0 121 0 122 109 0 105 130 104 141 0 127 133 148 102 103 133 108 115 102 0 107 124 143 121 138 0 145 112 106 145 104 107 0 140 0 108 102 125 128 118 0 115 122 102 121 127 127 104 147 120 140 139 114 0 120 137 0 124 116 109 0 119 0 146 145 149 0 0 143 104 110 0 104 0 127 143 134 130 111 109 0 100 118 123 113 132 136 0 128 0 134 0 140 146 120 112 103 128 104 0 124 133 0 0 143 148 110 118 139 135 136 0 115 0 0 107 104 113 109 102 132 117 0 0 120 130 101 109 0 125 129 145 141 132 118 124 130 117 127 108 137 0 0 126 141 100 126 124 0 143 144 0 107 0 139 111 0 129 106 0 142 125 142 108 0 146 146 116 0 142 137 102 0 113 119 108 113 0 125 0 145 104 107 148 124 110 0 0 0 122 117 0 123 140 138 0 146 0 109 0 132 133 115 119 136 138 0 128 0 112 134 112 137 123 128 108 129 144 0 0 127 104 118
0 0 127 105 130 143 126 139 123 112 106 0 107 102 132 146 114 144 124 129 104 107 103 108 0 117 131 144 134 102 0 121 122 0 131 0 139 0 141 144 148 0 0 113 111 0 0 119 117 103 148 146 147 128 103 137 103 108 137 0 0 0 103 108 147 0 126 108 113 123 0 127 120 116 139 139 0 148 0 139 109 130 0 104 138 134 139 114 138 100 0 117 107 130 111 130 146 109 0 144 114 130 134 107 103 0 134 0 101 0 107 0 119 0 0 0 134 137 0 146 101 144 110 0 122 107 104 0 140 138 112 0 134 0 133 102 112 126 113 0 113 0 112 114 0 109 123 149 133 0 116 139 103 130 110 126 0 133 100 136 100 0 105 112 129 113 122 110 136 146 129 0 108 112 136 133 118 133 100 0 136 114 129 0 146 124 0 108 0 132 103 130 127 129 0 0 147 145 118 0 0 126 124 108 143 113 107 0 130 116 130 117 0 129 129 116 0 0 139 127 109 0 113 0 113 120 111 136 0 106 144 0 0 148 134 121 118 0 113 0 136 115 112 124 137 133 143 120 128 104 103 131 129 105 135 131 112 0 143 0 0 107 117 102 109 107 122 121 115 102 131 0 122 104 125 108 0 126 109 140 0 141 117 119 127 120 0 140 137 0 101 0 118 118 146 101 140 137 108 0 134 0 118 142 140 0 121 131 111 101 0 109 143 120 0 143 127 145 119 0 104 0 127 149 0 133 102 103 127 0 113 0 0 114 0 105 109 149 129 0 105 131 138 146 132 134 118 129 109 138 123 107 142 101 131 0 122 105 135 107 148 0 117 0 118 0 0 115 128 138 134 116 0 0 140 121 107 115 105 130 112 108 0 145 119 123 113 117 0 0 114 133 117 123 125 105 119 115 0 138 148 0 108 0 133 118 0 128 127 111 108 103 0 129 137 0 140 145 142 0 120 115 135 134 132 111 145 143 136 125 114 109 109 128 117 135 118 0 0 143 0 114 116 139 125 119 145 139 144 145 109 108 145 138 138 130 141 0 0 115 146 0 108 145 136 0 128 115 0 0 110 101 122 0 121 0 136 127 128 143 135 0 0 0 146 133 138 134 0 134 103 137 0 107 0 0 0 143 104 116 123 115 120 102 122 110 0 0 141 0 145 102 114 112 0 146 137 106 113 125 107 0 108 108 142 132 124 120 137 133 139 149 113 141 0 129 110 142 142 145 0 129 145 126 117 141 113 106 102 0 148 146 0 113 0 148 0 114 0 120 132 130 0 137 107 112 102 114 0 144 144 115 113 103 127 113 0 111 0 105 125 110 0 114 0 120 122 140 113 139 137 147 120 141 130 101 115 128 149 115 104 111 127 119 0 0 102 0 0 0 109 117 126 0 0 134 0 0 136 148 125 0 0 0 0 0 0 107 112 137 111 136 134 128 145 122 0 110 146 134 137
0 0 136 145 0 120 137 0 149 143 0 141 109 115 0 103 102 0 0 126 147 0 114 0 0 0 112 143 144 139 0 0 0 0 0 129 123 114 128 0 111 118 0 109 103 107 102 147 125 0 113 129 136 137 148 140 124 109 111 0 143 145 148 0 100 105 0 0 0 113 145 104 0 0 140 116 118 124 137 148 108 142 123 123 140 0 141 147 136 138 131 143 0 121 131 0 114 0 137 142 140 149 141 147 113 0 117 147 0 140 143 118 0 0 104 0 0 147 108 105 115 136 123 115 104 127 0 145 0 115 0 122 149 108 141 124 0 0 138 129 145 106 0 101 125 124 140 0 0 110 0 135 122 133 0 145 137 140 115 138 108 103 142 139 116 141 0 125 0 106 149 127 127 122 0 135 0 106 126 113 0 128 0 0 0 100 149 0 123 0 120 108 140 0 112 123 0 148 117 123 140 144 124 0 0 0 115 0 121 140 122 132 137 101 103 133 126 107 147 101 103 144 128 0 0 127 127 143 141 138 0 113 103 100 109 129 0 105 106 111 148 148 0 0 106 133 132 0 139 116 0 139 123 0 139 116 137 116 140 110 140 114 0 113 123 104 101 116 0 140 131 133 133 122 0 0 113 142 0 132 0 0 0 107 0 101 0 141 101 125 0 116 0 0 127 135 0 110 137 135 146 148 132 116 119 142 135 125 116 0 128 131 128 146 120 107 0 130 0 129 0 108 0 130 0 125 117 117 115 105 138 138 0 0 147 0 108 0 133 104 120 147 0 138 101 0 139 125 103 121 0 137 0 144 0 144 0 104 102 147 144 102 137 113 103 124 132 118 0 108 106 112 112 138 110 101 104 0 100 101 0 111 100 134 0 141 113 107 101 108 109 104 100 0 110 0 0 136 0 142 0 112 105 108 137 138 144 101 149 0 0 129 109 0 117 0 147 124 143 123 122 108 135 121 105 0 113 0 120 107 136 136 101 0 100 129 132 141 139 101 0 0 0 116 136 115 135 109 127 126 115 127 129 132 148 149 137 105 135 115 110 136 0 130 118 110 124 0 0 128 141 104 149 136 137 149 112 148 112 144 0 0 128 0 100 117 112 0 114 128 149 139 127 138 147 107 131 104 0 111 138 0 147 0 0 124 121 101 104 143 0 107 149 121 117 146 139 119 135 109 122 0 109 136 105 122 112 143 141 102 0 107 111 106 148 125 140 118 116 109 134 0 115 124 149 120 120 133 122 120 125 124 105 146 0 133 136 101 110 147 111 129 122 133 0 134 140 113 114 132 106 135 145 111 132 141 136 0 0 110 0 143 142 109 0 0 101 0 145 0 108 110 0 130 0 112 0 117 109 135 134 0 120 138 0 0 124 0 146 0 142 0 138 106 128 143 144 100 104 114 106 138 113 148 117 120 130 0 111 0 148 128 0 111 133 149 144 0 142 136
0 122 101 101 129 144 121 148 105 132 0 0 129 109 149 142 145 0 0 0 0 0 104 139 114 0 122 137 104 114 0 144 114 112 138 0 138 0 146 0 114 138 136 130 102 0 101 130 104 126 137 0 140 147 0 117 0 0 138 0 138 133 127 119 136 143 127 143 103 146 143 100 129 0 104 145 117 0 111 123 122 139 123 0 122 112 147 116 127 0 0 121 130 0 103 143 120 133 0 0 130 118 125 125 0 148 117 129 144 0 115 149 0 133 130 106 0 139 128 0 104 106 148 146 0 144 113 0 0 122 102 111 128 107 123 112 136 121 138 0 122 0 137 135 119 125 0 0 122 0 0 0 107 116 117 149 128 128 102 117 111 0 109 136 139 0 0 0 143 137 107 138 129 110 148 141 104 126 129 126 147 0 0 140 114 129 0 106 108 117 147 122 100 0 0 127 0 136 100 147 0 0 100 126 146 147 133 0 0 139 0 138 147 100 0 120 0 128 133 130 113 0 111 0 116 114 0 107 0 121 0 119 119 129 135 115 120 0 145 140 102 112 148 0 130 104 124 0 0 113 146 141 0 115 130 145 103 131 103 113 0 0 148 123 115 145 123 134 139 123 0 123 0 0 131 0 100 132 0 125 0 0 142 134 138 138 138 130 103 101 114 102 0 129 133 0 133 101 149 124 147 101 0 0 125 118 140 0 110 148 119 131 109 0 107 133 132 105 108 145 138 118 146 0 129 139 145 0 126 137 116 122 103 133 127 120 108 104 120 0 108 119 0 118 0 136 136 140 131 134 121 0 122 0 134 117 133 118 141 141 120 119 145 116 126 115 128 126 118 0 125 134 119 124 102 0 127 0 148 128 143 112 124 104 108 0 104 139 138 101 113 0 148 126 134 0 110 141 0 0 121 114 115 148 139 111 142 106 129 105 148 141 142 0 105 107 144 140 133 0 118 136 110 149 145 141 111 0 105 113 124 0 103 127 104 135 106 0 107 136 0 106 135 127 126 141 104 121 0 139 123 116 129 105 0 0 128 149 129 0 0 112 123 106 0 0 106 116 148 135 143 106 125 125 0 0 0 131 0 131 0 142 114 136 0 142 129 146 118 126 147 145 125 109 0 141 101 116 109 114 0 108 136 116 140 122 0 124 0 0 138 131 0 132 137 143 105 0 0 100 0 148 106 141 141 126 132 137 140 110 138 0 140 141 0 131 146 0 0 0 102 107 111 0 134 0 147 0 0 0 0 0 0 123 119 0 106 116 134 126 143 123 113 147 0 138 104 0 125 126 0 0 100 141 101 140 100 0 145 137 147 107 0 131 0 129 100 125 0 0 135 144 0 0 0 143 134 0 0 125 113 0 0 106 141 144 145 103 113 100 110 131 118 133 130 138 0 0 0 0 0 0 135 114 0 0 108 105 129 0 143 105 0 0 109 0 0 144 107
0 147 101 139 112 0 123 131 116 0 118 0 116 147 142 104 110 0 0 122 106 100 144 106 105 109 0 0 123 107 142 0 125 104 101 125 125 136 136 114 0 0 127 0 121 135 110 114 125 134 0 128 0 130 0 122 136 124 109 114 115 0 0 139 148 149 131 119 124 110 115 149 126 139 138 144 117 134 128 105 117 125 128 111 0 0 102 127 122 100 143 102 104 106 122 0 121 0 136 132 0 101 123 147 137 145 133 114 0 110 132 0 125 107 130 112 146 0 148 101 143 104 0 147 125 104 129 105 0 119 142 0 119 0 106 135 149 0 135 142 118 109 138 115 146 140 0 111 145 126 110 147 136 127 149 100 0 116 114 120 0 121 0 146 108 0 107 127 136 145 119 0 143 130 0 147 145 129 106 0 0 126 129 0 148 118 142 135 0 140 101 144 0 140 0 107 149 122 0 143 123 136 0 130 110 0 102 0 133 129 114 133 0 129 105 146 0 0 114 147 0 0 120 119 112 0 0 131 106 100 144 128 0 130 109 0 0 0 124 0 0 0 145 126 135 110 130 142 102 138 0 119 136 130 121 111 138 134 119 0 141 139 0 102 105 0 118 139 109 0 0 135 119 116 142 137 137 0 146 113 124 126 108 121 0 115 139 121 0 140 0 113 101 125 0 119 113 0 108 136 122 140 134 0 139 129 104 105 148 0 147 117 124 143 135 147 133 115 121 116 115 109 114 0 0 118 143 140 145 105 142 105 131 0 144 145 139 0 145 0 145 0 109 0 118 134 118 114 115 142 124 0 120 101 0 118 112 137 142 136 117 100 119 109 0 118 0 101 0 131 139 120 0 0 131 105 0 128 130 123 0 149 106 0 119 117 116 125 142 120 111 129 145 145 103 130 0 105 0 129 101 119 0 103 143 119 115 111 118 111 146 118 104 0 110 117 118 126 0 143 124 0 134 148 125 112 0 122 141 123 129 147 132 135 127 0 136 112 112 137 106 0 0 125 118 146 118 145 131 141 129 142 100 0 116 115 139 147 110 147 149 124 0 144 0 111 102 107 142 133 142 0 128 147 107 114 117 0 0 149 113 107 125 101 104 0 129 111 0 0 138 124 111 105 113 138 107 140 113 128 127 0 128 149 139 137 116 133 0 109 0 142 122 146 114 118 103 107 126 103 106 141 0 146 147 124 148 148 0 149 0 109 0 0 147 102 111 113 132 123 0 0 0 139 105 0 119 0 143 145 112 113 0 117 127 134 116 0 0 145 0 149 138 0 145 115 106 120 100 0 123 102 113 124 0 100 116 112 108 112 0 129 147 101 0 122 134 145 112 108 139 0 138 0 0 0 0 137 0 149 120 0 114 0 130 142 0 128 146 0 0 116 146 143 125 0 110 139 0 101 113 144 106 146 104 136 130 121 122 124 114 127 132 0 142 130 121 112
0 0 114 0 0 108 115 0 102 124 118 140 108 0 115 118 135 138 112 141 148 0 131 121 122 128 116 0 112 0 0 127 123 110 0 0 106 142 107 127 0 105 146 109 110 0 120 112 102 132 120 124 118 116 134 145 143 0 132 0 107 127 0 117 116 148 0 142 141 0 138 135 121 103 0 0 0 0 104 143 115 0 0 0 101 149 119 111 143 105 146 146 119 111 0 148 134 0 0 131 118 130 122 112 124 0 105 123 131 117 108 105 145 128 141 148 0 135 118 0 130 110 103 105 128 106 0 121 123 0 0 135 146 145 0 0 136 0 133 0 0 107 111 127 130 110 118 117 105 138 133 0 122 134 142 111 106 128 144 0 138 138 117 131 0 0 147 132 114 117 104 0 0 139 136 112 149 108 120 0 112 130 104 121 0 108 149 105 128 0 124 110 113 122 121 106 120 129 127 115 139 147 133 0 120 0 102 0 121 103 110 0 144 146 0 0 0 108 119 0 116 115 128 145 149 108 106 103 112 118 130 108 105 108 139 147 143 127 114 119 0 144 0 130 0 110 135 106 137 0 148 128 0 136 111 107 116 144 130 109 103 112 0 123 0 108 134 125 0 116 120 144 0 105 112 126 134 0 115 0 104 136 0 117 127 135 145 147 115 136 136 134 0 0 0 113 132 0 118 145 100 107 135 0 106 145 105 0 138 0 105 101 147 116 109 138 109 0 144 128 114 132 0 0 147 142 130 110 0 144 0 103 134 127 125 140 103 0 123 122 109 100 0 111 107 105 109 100 142 138 140 111 0 132 133 0 111 111 108 137 105 125 148 0 120 148 131 0 142 103 112 128 0 0 139 104 0 133 116 129 139 138 128 114 106 138 130 0 121 0 143 133 113 0 0 0 116 0 120 105 123 133 122 118 108 140 114 101 0 138 0 0 0 0 0 0 134 0 0 114 136 135 0 132 137 102 145 108 121 116 111 113 147 0 114 148 137 148 105 117 127 107 136 104 0 109 106 105 146 117 128 118 0 130 145 0 109 116 0 108 108 141 146 115 123 0 138 128 0 137 101 136 0 123 0 128 133 110 118 0 109 106 122 135 140 101 146 110 145 0 107 130 0 141 0 114 117 148 105 129 0 140 108 0 124 142 117 149 130 103 132 141 0 143 129 0 126 132 139 122 103 0 0 108 139 135 106 139 135 113 103 142 0 0 137 136 121 0 115 111 124 104 0 126 140 105 116 0 147 131 0 102 146 119 111 0 133 112 145 0 147 131 146 120 0 101 122 111 128 148 141 107 136 108 110 100 0 0 114 0 0 122 120 136 100 0 0 131 0 135 122 129 146 147 136 101 0 116 131 126 132 119 0 149 134 108 123 102 143 108 131 0 133 128 103 141 105 140 116 0 0 136 0 126 102 107 133 0 134 0 134 0 124 143 104 0 111
0 100 0 0 129 0 149 146 142 0 0 0 128 132 110 142 0 129 118 101 148 116 108 145 146 149 114 0 0 139 112 0 135 103 100 112 0 111 0 122 103 131 149 141 105 0 138 140 104 0 137 118 108 0 147 109 0 117 0 121 0 148 109 100 0 105 100 0 113 104 148 0 119 0 103 129 141 120 111 0 131 140 0 0 115 138 0 138 108 124 136 111 134 115 138 115 0 130 139 0 0 0 119 140 102 0 146 118 149 106 118 114 116 134 109 0 126 0 132 109 118 119 122 142 116 139 131 118 0 137 146 132 0 103 116 0 127 0 122 0 135 149 0 144 0 111 127 0 110 127 0 0 146 0 0 120 149 145 119 118 0 0 124 142 115 0 131 117 146 136 132 0 0 113 149 115 119 126 116 137 145 0 0 128 0 132 123 0 0 148 0 134 142 0 136 135 141 0 138 134 121 124 112 0 141 110 120 104 0 136 0 145 116 112 0 0 0 110 0 140 120 0 142 116 133 0 110 106 119 100 138 111 130 109 0 109 0 0 0 100 118 0 0 0 0 145 0 0 0 103 0 0 0 108 119 133 141 110 0 126 131 0 101 102 126 144 0 148 130 104 106 129 119 117 116 124 124 0 113 128 0 120 116 126 0 142 114 127 148 143 148 137 146 128 135 127 110 138 0 128 143 132 146 128 143 138 138 125 108 0 109 117 125 113 0 125 146 0 0 0 137 109 129 119 110 108 118 0 105 103 137 0 0 123 103 125 122 124 105 146 105 0 0 122 116 133 116 122 107 113 0 129 116 144 0 0 116 141 143 138 103 135 103 142 0 101 149 126 0 107 0 0 129 0 0 100 111 123 131 100 106 123 0 145 142 121 0 115 143 0 123 115 139 0 142 0 0 100 0 117 147 126 102 0 0 134 0 148 0 122 146 112 121 128 0 109 145 0 137 149 124 113 144 115 124 147 135 104 106 100 0 143 136 116 112 0 134 132 120 110 100 116 122 108 0 0 147 103 0 132 135 139 128 126 0 137 124 0 0 0 104 115 105 141 134 121 102 0 141 0 0 129 0 0 0 112 103 0 105 107 143 118 136 100 119 114 0 125 132 131 136 0 114 0 138 131 143 146 0 146 112 105 149 113 110 123 0 0 140 129 129 116 148 0 139 0 126 0 109 143 132 0 115 109 118 0 108 134 143 140 139 137 120 134 140 0 132 118 145 0 128 0 128 108 113 101 146 0 143 136 131 102 114 0 143 143 128 145 112 0 124 121 101 116 114 139 127 113 0 0 103 127 141 123 0 124 111 110 117 120 126 106 0 0 149 144 140 145 0 125 144 0 116 106 133 108 138 138 132 110 141 141 141 123 102 126 106 139 127 108 137 143 138 0 126 125 110 0 107 109 116 111 109 0 133 135 149 126 104 144 0 126 121 143 122 0
0 149 139 0 0 136 110 0 113 110 0 143 134 149 0 132 0 0 106 141 119 137 128 129 104 126 0 106 132 100 109 109 137 0 130 139 0 0 136 0 132 109 112 135 126 113 0 141 140 112 0 126 140 149 0 0 139 121 121 0 145 0 123 107 147 147 135 0 140 110 109 109 0 0 122 110 138 139 0 130 132 145 0 115 131 124 0 0 124 0 0 0 0 128 125 0 111 0 126 0 106 100 0 0 138 126 113 106 107 124 140 116 108 0 116 108 101 109 0 130 122 137 0 116 136 0 123 101 126 0 101 103 143 129 0 131 139 101 124 107 121 146 0 119 0 129 145 0 0 120 123 105 0 0 119 0 141 140 145 121 0 104 102 0 126 103 0 144 146 122 143 102 0 109 0 0 115 130 0 108 141 148 116 106 0 107 116 132 0 0 149 0 137 0 115 0 106 106 0 128 124 0 0 0 145 104 111 140 0 0 0 114 110 147 123 101 139 129 0 106 0 0 0 0 102 0 0 129 125 115 125 111 123 104 0 129 144 133 141 110 130 141 144 0 108 141 0 130 140 131 113 124 103 116 128 0 119 0 119 147 140 140 0 114 143 145 0 137 128 0 106 133 149 103 116 117 124 100 103 132 130 132 142 0 129 115 0 0 123 114 136 118 132 124 140 124 0 129 0 0 0 0 0 0 119 131 0 146 0 125 116 147 0 0 132 142 0 122 0 117 0 0 127 0 103 147 0 143 130 124 146 137 131 140 132 143 127 142 136 0 129 0 144 0 106 119 0 105 0 132 138 119 134 126 120 118 126 122 115 121 101 113 127 113 0 137 114 108 0 135 108 0 107 0 0 0 111 105 100 0 0 0 124 0 0 0 107 0 104 0 104 104 143 0 103 0 116 0 0 116 140 129 110 113 0 0 146 108 119 105 147 0 116 111 136 125 127 127 132 126 143 149 143 136 102 132 140 143 118 0 146 131 141 137 138 132 123 130 108 109 131 130 133 137 111 138 0 123 103 135 117 125 0 100 0 141 0 0 139 107 117 140 138 127 131 100 146 145 147 107 145 142 117 142 145 116 0 140 125 122 128 102 0 112 121 132 103 0 145 135 137 0 101 133 131 134 133 0 125 0 101 115 0 117 0 118 149 137 115 103 137 140 113 0 0 126 127 115 0 111 126 0 106 0 0 0 113 131 0 137 0 114 133 115 132 110 110 0 139 0 138 140 116 0 139 117 110 110 0 147 125 145 0 119 116 0 120 127 135 0 125 104 0 0 109 121 109 120 114 108 0 102 142 112 0 113 0 100 122 0 146 146 141 125 111 135 104 143 142 110 145 0 144 136 105 134 132 112 0 131 0 145 125 0 0 0 105 0 139 106 0 138 105 137 119 112 0 105 0 147 0 136 120 100 142 143 130 129 0 142 107 115 110 0 105
0 130 141 102 124 103 0 147 146 0 111 120 122 119 0 0 122 100 120 0 131 108 106 123 0 125 100 123 145 107 125 0 112 120 129 117 0 102 105 102 0 133 104 136 116 106 130 106 0 140 111 112 125 112 149 133 118 101 124 0 111 0 102 117 124 0 109 0 128 146 135 0 111 0 140 0 118 136 108 119 123 121 0 141 0 0 0 129 134 134 119 105 128 126 0 117 140 0 136 140 121 118 0 108 112 108 129 130 134 104 0 132 108 120 0 104 123 130 0 138 123 0 139 0 136 140 102 131 108 136 105 0 0 140 109 0 144 103 118 132 124 129 133 102 126 100 100 124 0 123 143 0 146 0 138 122 0 0 119 0 148 119 0 109 146 104 0 101 116 0 142 111 123 120 0 121 144 117 112 123 137 148 136 125 134 144 0 137 101 115 100 149 0 127 0 149 0 0 137 0 0 108 129 117 118 138 133 125 109 118 106 0 0 102 0 147 144 100 119 137 103 0 105 0 119 0 148 0 120 111 0 123 144 149 0 115 136 0 0 135 116 0 0 127 0 119 135 137 138 149 0 121 0 119 129 117 129 125 0 125 0 114 135 148 128 105 103 143 103 132 142 126 130 137 0 111 131 101 127 118 104 106 116 122 145 0 109 147 0 0 103 117 148 144 0 118 101 111 104 122 100 122 114 135 0 0 108 147 131 135 0 0 110 112 100 123 0 144 121 0 125 140 144 0 120 129 0 105 0 103 0 119 137 0 100 143 145 111 0 0 138 112 124 0 123 127 126 0 127 120 101 124 0 113 108 128 141 126 122 109 141 0 141 0 125 100 142 0 134 144 131 118 101 128 125 0 109 104 0 114 0 0 0 149 133 0 0 0 132 0 144 115 0 112 0 0 105 0 143 101 137 149 146 126 0 113 136 123 100 124 0 148 112 140 0 127 0 115 0 109 137 0 102 111 0 149 147 117 119 133 128 104 107 116 0 147 113 132 131 125 146 135 101 0 0 145 0 0 127 0 0 100 122 0 110 102 0 138 0 136 147 145 134 0 113 0 0 0 137 142 0 0 0 108 121 0 138 111 0 0 149 104 106 0 101 116 133 0 132 114 0 111 0 0 118 0 128 0 141 142 125 0 146 0 133 0 104 137 0 142 0 100 0 148 115 138 108 134 140 137 144 112 145 0 116 119 125 0 0 140 131 142 116 141 0 125 116 102 136 147 127 0 114 109 122 101 128 0 123 0 0 117 0 141 125 149 0 108 119 138 102 0 0 0 0 0 110 114 126 110 0 118 122 0 100 118 120 131 141 0 107 0 149 138 0 136 123 120 111 0 124 101 128 142 0 112 119 134 109 0 110 137 108 123 139 0 0 148 130 0 0 103 0 109 0 147 0 0 112 110 127 145 124 106 126 0 112 133 147 148 110 119 120 0
0 135 124 134 0 119 139 143 0 146 145 123 130 0 122 138 121 127 139 0 115 0 143 129 105 123 134 115 107 0 112 0 0 0 0 139 101 145 149 143 130 148 0 141 0 140 122 121 121 120 148 106 104 105 144 110 0 113 117 0 0 114 132 116 129 135 119 127 0 0 0 139 100 125 127 142 140 124 135 141 103 105 135 128 130 0 111 0 115 134 111 126 0 100 148 139 115 120 110 134 142 147 0 130 0 0 116 117 133 125 120 137 0 142 125 121 144 139 103 138 0 148 0 127 132 101 112 103 134 112 0 108 127 140 141 147 142 0 136 113 143 149 118 103 115 120 0 100 0 133 140 125 0 109 118 114 122 112 0 114 0 0 145 107 113 144 132 140 142 111 100 122 0 110 106 118 134 132 0 120 136 140 0 0 111 139 0 137 118 140 0 0 102 0 129 133 0 108 145 121 112 0 0 0 137 102 110 0 136 0 0 143 0 103 137 117 113 144 133 128 0 130 109 114 105 138 131 115 147 0 111 106 129 138 0 101 130 0 0 128 148 115 0 119 106 107 113 139 0 142 103 0 122 124 0 0 101 146 0 130 146 105 103 136 129 113 143 144 108 111 137 119 0 0 0 120 112 141 144 0 124 139 124 119 0 0 121 125 137 0 128 106 133 103 0 0 0 149 145 100 0 146 105 125 105 146 0 0 0 102 108 139 100 0 108 134 0 0 148 117 129 138 0 144 122 0 133 137 0 115 149 114 115 129 141 0 0 127 134 145 141 136 144 124 117 124 116 102 128 117 130 125 0 134 104 110 148 142 125 142 102 141 126 0 108 149 136 119 109 0 126 110 0 139 106 132 0 100 145 119 0 0 115 131 111 133 108 139 132 147 0 131 128 0 111 0 117 104 120 126 123 111 133 0 109 104 143 105 0 127 101 132 146 112 138 135 118 144 0 108 123 133 113 0 0 0 148 110 141 0 0 124 102 0 143 131 119 123 0 132 113 142 125 107 0 0 108 148 127 129 100 0 0 0 145 130 127 0 106 144 134 103 120 0 113 133 116 138 129 107 0 134 121 146 126 109 133 0 143 147 145 108 133 142 124 132 139 0 0 118 0 111 114 0 115 0 0 105 126 110 127 111 0 100 129 0 0 0 120 138 109 142 136 146 149 116 0 143 0 102 100 0 139 0 122 0 0 133 100 0 0 142 125 127 138 113 101 120 101 148 0 103 138 104 137 113 104 133 0 121 138 0 0 0 149 142 130 106 147 101 0 131 135 130 119 135 0 140 101 102 125 149 105 137 0 105 122 106 0 105 136 0 0 135 130 137 113 0 0 117 125 134 107 121 133 0 137 142 105 144 121 137 139 121 112 142 121 111 104 135 135 0 140 112 134 0 149 123 106 148 118 133 131 100 103 101 136 130 141 118 119 112 119
0 128 133 105 100 120 133 106 0 0 136 123 135 145 0 131 129 111 138 148 115 0 107 110 123 0 102 127 115 0 120 0 148 114 109 0 0 149 0 0 123 118 0 0 106 140 117 116 0 124 107 146 0 122 0 115 100 109 0 120 0 139 148 126 103 0 120 0 142 128 105 135 125 0 0 0 0 0 148 0 136 145 123 129 144 110 0 100 117 0 131 145 124 114 100 140 145 144 144 128 126 0 0 134 0 118 123 123 0 0 102 145 147 137 0 122 118 0 0 121 138 0 140 124 136 0 139 129 128 137 0 121 0 0 0 0 111 110 102 130 0 111 0 134 0 106 134 145 115 0 136 137 0 142 107 125 146 100 139 120 100 105 102 108 108 124 110 129 110 141 112 108 122 0 111 136 115 130 111 142 118 147 103 0 107 123 111 138 130 140 133 136 145 140 140 129 0 142 0 149 0 0 123 100 0 121 0 0 107 105 100 114 0 103 102 135 111 128 149 102 128 102 0 0 140 138 123 140 106 137 108 141 0 102 144 114 148 126 0 124 128 130 104 149 105 120 144 131 104 139 126 0 0 122 0 126 138 0 128 130 124 149 129 144 0 125 115 121 104 105 126 149 126 132 104 141 113 117 142 109 131 134 124 116 143 140 144 116 141 143 0 146 0 0 140 104 140 130 117 100 130 102 103 105 0 137 110 147 114 0 141 0 120 0 145 119 132 0 109 112 138 0 127 0 0 135 107 135 145 129 119 124 138 145 0 110 136 139 0 111 138 134 149 109 144 134 0 104 107 110 0 127 126 0 118 138 0 129 126 106 0 114 0 125 129 102 142 119 123 104 117 119 128 132 142 124 115 110 144 110 137 136 0 149 142 0 101 147 146 124 111 128 0 117 144 103 120 145 105 137 136 0 119 0 117 132 0 0 124 101 143 134 136 0 106 0 109 0 106 112 139 0 139 119 104 0 0 130 140 139 111 109 128 0 115 122 143 0 117 134 119 149 101 118 147 110 101 127 133 132 0 0 111 111 116 149 140 149 135 113 116 148 0 120 0 0 143 101 0 126 0 135 112 0 100 148 105 149 0 142 141 0 122 146 0 143 129 112 115 145 0 139 101 115 104 138 146 0 102 141 0 0 144 0 124 0 0 108 118 112 127 127 138 137 135 119 0 132 0 114 124 134 119 108 114 134 0 124 0 137 106 0 0 122 0 101 145 108 114 105 135 0 148 0 111 0 0 132 0 127 104 0 0 0 113 124 124 122 0 0 0 0 142 0 0 148 139 124 0 149 101 130 0 125 133 123 118 149 0 141 129 134 121 143 0 135 148 111 0 144 103 0 0 137 101 105 110 133 0 121 110 147 0 144 100 104 142 105 0 118 0 0 100 103 134 122 148 137 125 110 149 109 135 106 0 0 0 0 130 109 138 0
0 101 143 109 139 144 0 147 124 119 0 0 135 119 136 125 135 120 0 0 138 135 143 134 112 143 0 0 141 134 133 0 0 0 130 100 129 101 0 120 135 118 144 111 103 126 140 140 113 146 114 137 138 0 0 115 145 134 0 0 148 0 113 0 114 106 0 129 142 128 0 123 102 131 130 108 148 103 147 131 0 137 144 100 0 142 115 141 0 132 126 143 125 110 135 125 0 131 146 105 125 0 118 149 113 130 120 114 139 139 130 141 113 108 147 111 143 144 121 123 148 130 140 112 0 145 102 108 139 105 106 126 146 123 131 0 104 128 144 133 102 138 123 145 0 111 123 0 0 136 135 0 135 0 140 122 144 127 133 109 119 131 0 114 0 147 147 139 125 0 134 0 0 148 149 103 129 137 102 0 143 130 0 146 0 0 102 0 0 102 0 0 104 101 126 140 130 129 0 115 148 0 104 113 143 142 0 144 111 117 106 127 0 109 0 135 110 131 0 0 100 0 129 100 138 108 128 108 109 117 0 0 141 120 115 129 116 110 135 0 125 0 140 0 0 120 108 115 136 0 0 112 123 112 0 139 117 0 141 130 123 0 115 0 139 119 118 100 134 124 135 138 0 0 0 113 0 0 128 0 149 145 0 0 146 0 124 104 122 0 143 126 113 133 128 138 122 0 124 0 140 114 0 104 126 0 143 115 149 0 0 141 131 0 100 0 134 141 0 120 103 0 120 101 127 101 118 0 147 140 113 124 146 0 128 115 119 101 0 130 130 0 0 137 108 137 0 105 105 120 124 144 0 127 0 149 0 111 128 120 110 0 0 105 0 0 120 121 0 141 0 0 0 109 116 105 132 127 0 142 115 148 107 111 139 129 0 113 131 131 133 0 143 126 136 0 149 135 0 134 0 130 125 120 101 130 111 125 114 105 142 119 103 117 0 102 111 119 100 0 108 100 0 132 130 147 100 135 114 118 134 0 108 142 139 121 103 0 138 109 134 118 141 0 126 135 119 124 112 0 135 122 141 113 135 136 0 117 149 103 108 145 147 133 132 132 0 0 0 0 138 102 0 103 0 136 133 0 149 120 133 143 0 0 0 102 0 124 0 142 0 130 0 122 113 107 141 103 102 0 141 101 105 132 0 0 0 111 101 106 103 114 0 118 108 124 0 115 0 0 0 143 115 116 132 104 0 130 108 138 130 100 147 103 119 110 108 106 145 129 145 141 114 148 0 113 135 101 141 105 102 116 136 139 0 146 145 0 144 145 118 104 145 0 135 112 0 122 0 123 146 0 136 103 106 119 122 122 116 107 109 131 142 125 109 0 128 129 137 117 131 112 119 133 145 117 0 106 101 0 0 110 124 107 118 113 117 126 143 0 144 125 137 124 120 123 0 122 143 146 148 149 106 100 122 133 128 114 115 148 140
0 109 0 0 135 147 137 0 106 131 0 0 149 125 115 119 119 146 119 132 142 134 130 108 0 0 123 137 0 135 112 141 0 0 0 144 114 142 129 107 134 131 122 104 121 105 101 148 102 125 114 111 107 128 144 101 111 130 135 143 108 143 118 0 135 110 115 135 0 129 101 146 113 140 111 103 0 123 133 112 102 114 140 148 104 137 0 0 131 128 147 126 148 0 137 0 125 103 108 143 0 0 133 108 106 0 101 0 125 0 100 129 120 0 0 114 128 0 145 141 126 0 103 100 136 137 125 101 136 114 134 125 120 125 122 116 0 127 0 138 111 119 104 130 121 0 123 115 0 107 110 115 141 0 144 116 139 101 107 123 103 102 147 119 0 144 111 133 140 126 126 0 103 109 146 122 109 0 0 123 135 0 100 100 138 124 120 0 0 104 0 134 138 0 137 149 118 0 139 0 109 142 0 113 131 108 141 131 0 139 0 105 141 142 118 111 128 122 0 126 132 125 142 133 0 0 142 135 129 105 136 124 128 113 122 106 131 103 133 128 106 141 145 146 0 107 141 133 102 115 124 141 132 0 131 127 0 109 0 0 124 130 105 0 0 112 0 0 0 0 143 142 111 105 138 129 0 117 0 143 0 124 119 122 112 138 0 148 142 126 0 117 141 0 0 146 0 114 110 133 133 117 130 0 136 145 130 0 101 144 0 136 0 100 0 0 137 101 140 102 114 147 118 112 148 122 0 107 147 130 117 135 141 115 0 139 124 110 125 141 107 132 0 138 102 122 108 130 115 0 0 0 137 0 127 134 0 129 0 106 117 113 123 0 135 122 137 147 104 0 136 135 106 0 104 130 148 106 115 0 109 106 109 101 134 0 124 144 0 125 0 112 128 148 0 123 0 107 0 126 104 109 125 116 101 0 134 121 0 109 106 139 103 0 127 141 110 137 123 110 148 105 149 124 124 130 144 103 127 0 114 0 0 127 141 120 125 137 0 147 145 116 120 0 0 0 116 0 0 101 132 112 0 106 107 103 127 142 149 107 108 0 106 108 0 117 103 130 148 108 0 0 0 144 135 119 145 0 113 125 116 108 113 110 132 117 146 0 133 117 139 103 125 118 126 118 143 127 118 0 117 103 110 139 0 103 108 106 120 109 133 105 122 141 113 111 0 140 149 106 119 125 140 142 112 101 113 126 102 137 129 116 0 106 116 0 0 124 0 118 0 104 0 124 135 129 104 144 148 131 0 146 127 110 0 117 143 137 117 119 146 133 0 126 0 122 106 141 145 136 148 126 0 103 133 120 0 133 0 132 147 114 0 0 138 144 131 132 135 0 109 131 129 111 135 135 100 0 102 103 129 137 139 139 132 120 131 121 135 120 110 104 137 113 116 0 149 0 115 141 113 134 115 0 0 141 123 0 0 126
0 127 131 132 0 139 111 146 123 117 128 112 121 111 113 145 140 0 0 0 0 119 138 0 118 0 0 117 125 0 149 0 0 0 110 0 117 0 105 114 128 0 121 0 0 142 147 108 142 0 0 105 133 114 137 124 0 147 123 119 102 110 120 0 146 107 125 142 145 0 100 0 0 131 113 145 132 136 0 0 0 147 0 132 109 139 0 110 113 135 126 0 134 0 101 0 146 124 133 103 0 105 128 132 111 124 131 125 109 0 112 0 116 0 101 119 123 145 0 139 131 0 106 0 0 0 126 102 126 140 100 101 143 139 0 113 118 0 100 133 117 141 0 0 105 121 116 0 145 138 104 0 0 143 0 143 0 137 0 0 0 113 148 115 0 103 0 100 106 0 137 122 138 131 0 135 120 0 127 0 119 146 116 148 0 144 146 102 111 128 123 113 0 132 111 119 0 119 102 126 110 141 148 139 0 116 129 0 127 129 0 104 128 144 117 104 139 133 0 108 0 149 0 0 135 149 120 104 122 0 149 128 0 137 111 0 126 146 109 129 102 0 0 0 131 131 108 149 0 122 127 116 110 118 122 147 0 131 134 108 137 130 141 128 147 111 0 127 136 109 0 0 127 137 0 129 100 0 0 123 109 0 121 104 0 0 138 142 106 120 101 109 118 124 128 121 117 115 138 110 106 145 141 133 109 102 141 106 119 0 0 118 148 0 0 145 146 112 130 143 140 119 121 140 103 108 0 104 0 120 0 113 112 122 125 0 145 128 0 0 149 108 137 127 101 110 100 134 138 141 133 127 140 146 123 132 124 118 143 109 0 108 110 117 112 112 0 0 118 127 0 142 120 130 121 103 101 106 135 147 134 106 139 104 0 0 0 122 123 0 102 0 101 0 140 0 0 136 0 123 138 149 127 107 104 102 142 131 107 117 137 124 108 104 142 0 145 141 130 104 100 101 147 0 0 119 149 136 123 119 132 122 105 140 148 143 125 115 103 105 0 127 0 129 101 122 107 132 147 112 148 130 0 0 0 148 0 127 104 134 125 0 145 112 0 0 126 144 0 114 141 135 102 138 133 132 117 136 123 115 118 0 0 0 122 0 0 0 115 116 111 0 121 100 0 140 0 0 125 102 101 122 0 138 112 0 119 137 108 100 146 118 104 146 142 0 143 113 0 0 136 0 0 0 133 117 134 0 122 0 0 0 145 131 114 106 0 113 141 104 0 0 0 125 108 120 116 140 128 0 121 121 107 0 129 0 119 0 0 144 0 0 144 135 122 145 128 0 140 0 124 116 105 131 102 0 105 124 0 0 0 0 142 0 0 134 143 136 103 0 128 138 109 0 0 119 129 0 0 119 136 103 135 133 125 129 107 119 121 0 145 0 0 0 114 129 139 107 148 146 103 105 0 125 105 0 124 132 147
0 118 120 0 0 148 0 0 137 117 105 109 106 106 148 111 105 149 142 148 101 0 119 127 0 112 0 126 110 131 0 116 135 143 147 145 124 132 0 134 125 0 0 0 0 144 0 0 114 101 0 0 105 0 0 120 147 0 123 113 0 123 0 138 122 123 113 137 0 126 0 0 139 0 0 130 124 123 125 0 117 139 112 0 109 138 111 0 0 111 112 0 108 122 138 0 0 132 149 132 0 0 107 143 102 115 132 0 0 109 0 136 115 110 0 112 105 104 147 128 111 0 136 0 0 126 146 115 120 113 114 0 0 144 144 0 133 116 106 0 139 0 0 107 0 0 0 138 128 147 145 0 108 112 141 117 140 136 130 0 105 122 128 126 126 131 118 103 0 122 0 113 141 144 0 108 132 138 0 140 109 0 0 0 0 132 0 109 144 123 101 0 0 112 126 124 119 0 143 0 127 112 106 0 135 0 119 141 105 132 0 138 142 136 111 0 123 0 104 135 149 102 146 100 146 145 132 0 139 0 0 143 0 0 0 138 123 119 0 116 0 125 135 130 111 121 128 115 119 0 148 109 124 135 131 107 127 0 101 141 107 138 103 118 130 110 106 103 130 127 136 144 106 123 131 107 146 107 103 0 0 128 106 142 106 0 147 132 130 140 146 0 134 137 147 131 149 109 141 107 0 118 124 120 113 111 100 137 101 113 110 0 0 0 0 120 130 0 126 122 107 120 0 147 0 136 142 113 0 100 0 119 143 146 125 0 147 0 120 114 137 0 132 121 0 124 0 0 139 134 117 133 132 0 141 126 0 113 119 144 132 141 0 141 106 145 137 0 139 102 148 110 107 145 129 0 130 119 0 137 128 0 106 122 132 0 0 116 0 101 0 121 127 140 118 127 0 142 139 126 0 100 0 133 108 0 110 114 0 0 0 0 0 0 128 124 0 121 119 103 0 133 148 102 148 0 136 0 0 137 108 124 136 141 109 139 0 0 106 128 118 0 121 105 0 148 0 0 137 109 0 146 131 0 100 145 105 121 124 0 0 118 118 112 137 140 147 103 115 133 126 107 0 124 0 0 0 118 113 127 134 115 0 148 0 106 104 106 125 115 100 0 0 117 119 114 102 114 104 0 110 118 124 128 137 0 101 128 0 131 111 107 131 0 126 122 0 121 113 123 0 111 141 118 104 105 114 0 136 122 0 134 128 134 0 0 130 139 141 0 117 122 128 0 149 136 126 119 134 110 113 0 0 131 136 116 146 125 127 111 106 106 146 143 0 146 124 0 108 101 127 134 119 0 111 106 0 119 120 121 0 137 0 126 0 0 0 140 113 143 108 133 111 139 143 146 123 102 119 133 0 118 111 103 0 139 115 126 128 0 0 142 134 117 137 117 0 106 144 103 0 138 138 127 114 114 0 136
0 112 147 143 105 113 119 144 137 0 125 100 135 0 120 120 0 135 108 0 129 104 138 144 143 132 135 0 0 137 0 108 106 112 121 109 138 107 138 105 135 138 148 0 141 124 122 140 129 114 111 103 0 136 118 115 0 107 123 0 119 141 0 0 135 110 0 120 0 122 128 149 118 0 0 105 147 119 109 0 119 134 124 145 133 0 107 114 134 140 147 0 124 126 139 104 0 0 123 133 0 110 139 107 0 102 124 148 115 141 105 121 107 124 136 0 111 0 0 131 118 102 149 0 128 120 115 112 108 138 113 0 102 0 111 139 138 145 133 0 110 122 120 120 148 0 102 112 132 137 111 127 118 133 111 104 126 141 131 139 104 141 130 127 112 117 129 105 142 137 0 0 0 0 0 140 124 128 110 0 0 0 100 144 0 129 0 120 122 141 144 0 118 135 0 113 134 143 132 128 120 142 110 0 101 0 127 143 105 111 0 0 112 131 0 123 137 105 120 109 121 131 0 125 149 0 116 112 130 0 141 135 144 138 139 0 143 142 0 0 0 138 0 112 0 115 103 106 0 125 117 102 0 134 127 0 104 134 134 107 147 141 125 117 108 109 133 0 134 124 116 125 136 117 134 137 133 123 0 0 124 109 112 111 133 109 110 144 129 130 140 138 114 125 143 112 106 130 125 119 0 114 137 127 117 133 143 0 126 121 139 141 125 101 128 0 116 131 101 123 140 0 103 141 133 149 140 0 141 0 137 144 0 115 0 132 139 137 145 144 128 139 124 0 147 114 131 131 108 132 146 0 148 133 136 0 135 0 120 143 112 140 116 0 117 0 142 132 124 113 125 137 100 103 136 146 114 131 0 0 129 133 136 148 130 0 102 0 132 105 0 0 106 148 133 128 112 104 0 140 142 107 143 0 133 145 124 145 0 0 127 102 0 111 149 139 111 132 113 133 144 137 136 133 115 127 108 0 111 127 127 146 108 121 130 102 0 101 115 119 100 139 114 0 139 115 129 113 107 101 0 112 0 127 0 118 0 129 142 0 142 119 0 0 102 132 130 136 0 117 130 129 141 145 149 113 0 127 102 103 109 109 0 0 101 118 115 0 135 105 0 116 104 100 109 124 121 0 0 140 107 110 140 147 0 107 133 100 131 0 118 0 138 127 142 0 105 0 142 102 142 0 112 100 101 0 144 115 125 0 123 111 137 0 110 105 132 145 130 131 110 107 122 0 0 140 105 111 131 117 107 101 124 0 104 140 0 136 141 0 0 110 124 120 119 116 112 0 0 139 0 0 137 119 117 148 0 108 0 143 107 135 122 115 0 121 149 132 127 134 137 135 100 149 118 121 115 0 106 143 106 100 126 118 0 130 117 122 133 0 108 112 140 111 140 106 0 0 0 101 130 141 114 0 111 126 136
0 112 112 109 0 147 141 141 148 0 0 140 127 0 0 126 146 129 108 0 143 109 134 100 108 120 123 135 119 137 0 0 100 143 100 0 143 114 115 100 138 141 100 0 0 0 130 123 131 105 107 134 0 136 105 149 0 105 109 149 118 137 128 141 123 109 0 116 0 0 138 0 142 124 144 108 0 114 102 120 133 0 113 112 0 102 103 0 149 120 0 0 140 108 149 142 142 129 130 0 130 0 118 0 131 0 116 127 0 0 107 121 110 0 133 0 132 0 126 0 0 110 130 124 130 0 145 142 142 0 106 0 0 125 110 0 107 107 100 0 113 100 136 0 146 0 128 145 0 131 101 145 0 111 114 144 141 128 120 129 143 0 0 105 0 0 0 139 149 102 0 117 105 0 133 126 104 135 114 104 0 123 0 0 0 144 127 0 0 137 0 124 135 133 130 100 104 0 0 0 145 101 104 116 108 136 107 0 0 134 143 135 147 141 144 0 108 0 108 132 104 108 109 117 0 103 0 113 103 127 0 145 143 115 130 147 126 0 0 116 122 0 110 0 0 116 139 125 101 102 143 144 130 109 0 119 137 0 121 106 116 144 115 145 136 141 106 131 140 138 118 131 125 147 130 104 0 126 139 142 0 0 107 108 0 106 118 0 106 0 120 0 0 0 0 129 102 0 148 103 0 118 102 115 122 137 130 143 128 114 136 114 137 145 146 110 138 0 144 143 100 108 105 119 141 146 120 0 102 0 108 105 111 112 106 115 0 0 104 128 109 105 140 0 130 149 125 114 140 110 133 114 102 106 0 105 144 0 129 0 136 136 143 126 131 113 0 0 102 0 111 0 116 108 147 0 110 0 101 135 0 143 142 114 104 119 0 0 149 0 108 145 0 0 111 0 130 117 142 149 102 111 143 0 140 119 125 120 142 112 123 149 137 138 111 0 0 120 117 144 0 129 0 144 138 133 108 143 124 139 119 134 0 110 107 131 122 116 130 0 109 106 117 140 131 135 143 122 142 119 105 130 117 121 115 118 127 145 118 133 107 116 105 134 110 132 107 101 137 101 129 105 120 115 0 143 0 134 126 143 130 145 0 0 147 145 0 104 117 145 0 0 137 107 0 116 145 142 118 131 147 115 125 0 115 130 122 127 0 137 100 108 109 0 121 121 0 129 147 135 104 112 107 138 123 139 110 109 0 149 139 149 141 0 126 117 101 112 0 118 136 144 0 113 127 129 0 114 112 109 110 144 140 0 135 111 146 104 0 130 102 109 119 0 0 0 0 127 0 131 138 143 130 123 139 144 110 148 116 148 105 0 0 105 112 120 116 117 127 142 130 136 0 128 0 139 0 0 0 0 136 110 139 147 131 141 126 125 135 139 0 139 124 100 115 117 127 110 0 127 109 0 134 0 137 0
0 141 139 146 137 128 140 101 144 112 107 131 123 109 105 133 135 145 144 0 0 112 0 0 135 0 146 149 137 101 110 123 123 120 114 107 105 131 119 120 116 0 0 0 0 105 101 0 124 100 0 108 138 121 103 133 137 0 130 0 121 0 116 140 0 138 130 139 119 146 0 0 0 0 116 0 0 0 124 120 130 143 127 136 0 119 113 0 106 102 0 137 126 148 0 129 131 128 139 107 123 135 111 129 113 123 111 106 127 128 122 113 0 102 0 0 116 138 105 139 0 102 0 132 138 103 134 142 106 144 141 0 130 0 145 143 0 108 0 128 117 111 0 145 138 117 136 0 0 113 0 107 108 136 122 144 0 103 126 129 104 0 0 0 148 104 0 0 0 124 115 144 103 131 134 123 148 108 0 136 0 119 109 107 100 0 139 144 100 132 146 127 121 115 102 139 0 0 102 0 109 102 0 0 116 142 111 112 101 131 0 136 127 0 0 132 132 102 119 133 0 0 121 0 131 122 109 0 106 0 126 130 125 0 0 130 103 100 116 120 126 106 0 0 104 144 114 148 103 102 129 0 121 0 0 145 112 119 131 108 131 111 134 143 0 0 0 108 137 131 123 0 0 132 102 136 112 0 126 147 0 100 110 0 0 117 130 138 142 0 119 111 100 0 0 0 133 144 143 0 0 118 126 112 0 126 139 148 130 0 118 128 144 137 0 142 108 136 124 115 142 113 124 0 103 140 120 116 109 136 120 0 111 115 119 133 0 140 132 100 0 108 0 129 0 107 0 104 0 140 0 138 110 0 0 107 101 0 120 0 0 111 120 133 124 102 145 145 0 134 104 121 131 108 131 121 0 0 102 114 130 0 109 142 109 0 110 0 138 133 0 104 118 0 106 131 132 130 143 131 105 118 103 121 104 131 133 0 107 127 100 0 126 133 115 105 0 0 110 0 140 140 105 0 0 0 114 0 0 0 146 116 144 120 112 140 120 0 123 124 131 144 138 116 0 141 127 0 126 0 102 146 122 135 0 132 0 129 123 108 103 0 128 102 145 115 0 129 139 0 147 0 109 123 112 106 0 126 0 109 102 105 145 118 0 115 111 109 0 0 0 0 102 0 123 131 126 123 0 100 129 112 113 110 110 0 123 137 139 135 131 145 103 142 123 121 121 101 145 119 124 146 112 105 0 125 118 125 0 120 110 0 0 111 113 114 123 0 100 110 144 0 108 106 103 144 136 121 0 0 125 134 122 100 108 110 116 121 111 136 120 134 0 0 144 143 0 0 138 144 119 141 0 144 113 146 124 108 142 140 117 100 136 137 113 117 102 148 0 129 105 117 0 108 144 123 144 116 106 100 0 145 119 117 117 117 140 117 104 115 148 142 145 103 0 103 104 0 123 105 107 137 100 115 0
0 125 104 0 140 142 101 115 119 109 143 115 136 129 135 141 112 133 0 108 124 111 0 0 0 148 0 148 116 141 101 143 139 148 102 149 130 127 145 128 113 121 105 104 141 149 130 104 0 127 101 130 102 122 138 128 106 100 145 121 0 106 110 120 0 105 0 0 109 0 110 139 134 0 0 131 0 103 0 126 100 0 148 0 117 143 103 103 110 114 127 144 106 103 133 122 126 104 149 100 116 105 137 125 0 0 131 106 145 112 106 0 145 135 127 143 0 0 107 123 0 107 0 147 0 115 117 108 124 138 108 114 0 109 107 0 136 121 137 105 135 147 132 125 137 121 118 0 143 0 116 0 113 0 0 0 129 0 146 0 143 0 107 104 122 114 111 121 0 126 126 113 144 0 136 104 0 123 122 0 138 104 0 146 0 142 140 0 0 132 130 143 128 116 141 105 140 119 0 0 137 139 115 126 0 120 128 103 0 142 102 111 0 115 115 124 141 143 0 139 117 112 133 0 109 107 126 120 115 0 144 0 124 117 138 0 0 106 115 120 132 134 107 149 139 131 131 144 101 102 131 115 103 109 120 130 0 100 121 0 0 137 0 120 103 128 106 149 104 101 135 124 149 123 119 132 121 112 121 132 142 138 106 131 145 107 148 137 102 113 109 141 144 106 0 0 148 138 136 124 138 140 125 147 130 129 0 110 110 137 135 114 0 136 124 0 119 0 100 116 0 102 0 111 0 0 120 126 0 0 0 116 0 148 144 124 0 143 146 0 130 112 0 111 129 128 130 136 130 117 115 149 101 111 134 115 135 0 143 0 101 142 138 111 0 110 148 0 109 0 0 137 147 104 128 105 144 103 145 0 0 129 141 100 0 112 146 0 108 124 145 0 135 133 100 0 123 100 133 117 121 146 113 100 146 127 105 120 0 0 131 110 0 117 116 138 134 108 116 122 100 121 131 115 108 101 108 123 133 129 135 140 118 142 139 116 0 143 131 129 127 139 104 149 100 103 123 0 0 0 122 124 0 113 136 0 0 0 116 115 0 0 0 124 117 137 101 110 0 126 0 106 135 140 0 110 136 111 144 126 147 119 136 123 0 109 0 120 0 122 147 136 124 0 138 143 137 0 143 104 110 125 0 0 120 0 0 141 139 101 115 149 140 103 112 136 129 126 147 148 106 0 100 130 144 0 144 130 113 142 147 110 0 125 112 117 126 121 0 0 129 0 120 0 134 0 0 133 137 0 103 108 113 0 112 0 139 134 104 0 135 116 108 140 121 0 0 125 129 129 124 0 126 127 131 0 0 124 0 0 0 0 147 138 148 104 0 143 0 127 112 102 104 124 133 122 117 123 124 102 100 119 147 0 112 149 109 115 137 113 124 0 0 135 103 137 108 0 136 142 112 132 104 133
0 0 127 136 0 102 0 142 118 116 110 115 126 119 136 147 142 142 0 124 105 118 0 125 0 101 0 140 127 0 100 132 116 131 0 148 139 0 140 119 135 113 143 105 0 127 147 127 137 103 107 137 0 102 103 115 137 127 144 121 129 0 0 117 104 0 133 126 126 0 149 122 124 107 116 136 112 122 123 132 120 109 0 113 0 0 128 0 113 114 0 118 109 119 132 117 0 133 129 130 105 149 146 125 121 135 116 109 133 106 134 119 0 107 0 140 107 135 0 130 114 0 0 124 0 127 130 0 0 131 0 109 114 113 0 135 132 103 124 104 104 121 104 0 0 129 111 129 115 0 136 100 125 117 141 127 121 122 125 0 122 0 111 0 126 103 101 0 0 100 130 127 141 0 113 0 134 102 130 148 128 0 124 0 148 107 115 0 0 0 111 126 140 119 106 0 134 119 102 138 115 139 109 0 0 146 111 129 108 142 145 138 129 137 106 135 0 0 147 145 126 103 135 123 134 116 0 116 149 112 101 133 143 0 142 112 106 122 0 116 125 125 0 122 121 113 148 144 121 0 121 0 0 115 142 113 129 107 120 105 140 0 135 120 122 133 145 137 144 145 112 103 120 148 0 0 0 0 0 112 128 126 0 142 132 107 140 0 128 141 0 0 119 102 0 0 0 114 128 116 131 141 0 100 131 0 107 123 107 101 129 0 117 0 132 0 138 145 121 137 101 119 0 120 142 102 0 104 118 105 114 147 108 131 147 0 110 104 119 107 127 132 0 110 0 0 0 108 129 0 134 112 147 114 108 116 108 0 116 133 0 129 0 0 102 120 117 130 0 0 0 120 149 141 108 131 118 0 116 0 108 116 145 0 107 113 145 100 143 0 144 143 0 125 132 0 126 128 105 0 119 0 109 0 143 120 0 132 136 116 106 137 0 0 137 0 141 129 125 0 111 106 0 118 121 0 106 117 108 109 118 144 0 129 146 104 125 0 124 113 137 144 141 0 126 101 0 146 119 128 0 0 121 104 0 146 128 137 121 107 0 122 127 135 0 124 123 0 116 0 115 134 147 0 112 134 134 0 131 0 126 110 128 105 117 0 145 134 132 133 0 149 139 138 102 0 119 109 117 114 110 0 118 0 0 106 103 129 0 135 110 0 0 105 0 106 148 111 0 121 127 134 130 105 0 0 103 141 103 0 144 144 0 129 0 115 0 0 124 105 138 116 109 0 147 115 120 147 146 105 126 140 119 139 146 0 148 0 112 0 130 134 109 0 139 146 0 132 0 0 118 130 135 121 102 0 134 125 146 105 0 0 132 0 131 0 106 146 130 0 102 101 109 126 123 0 144 147 107 119 133 109 0 109 109 119 124 0 110 102 0 0 121 0 101 131 132 145 146 140 126 0 0
0 140 110 0 102 106 143 140 144 114 114 121 126 112 0 126 133 148 125 123 131 123 0 115 134 0 129 0 114 103 0 147 121 107 116 104 0 0 124 112 114 146 123 100 149 0 124 129 136 139 0 106 0 0 136 124 120 113 104 0 0 0 147 0 124 131 115 130 121 128 132 121 0 148 0 136 101 141 142 148 143 109 132 138 128 118 129 104 0 125 119 113 132 148 105 0 126 124 114 0 119 104 131 0 0 146 143 123 125 101 113 114 0 115 109 144 136 125 129 135 109 130 104 102 110 132 144 113 132 101 131 118 137 113 126 147 0 0 137 149 104 0 0 122 109 104 107 0 148 0 135 106 134 140 106 115 103 122 0 115 128 111 136 114 123 0 0 145 0 115 109 0 0 129 117 121 0 100 138 115 131 0 106 0 0 134 138 0 101 100 131 131 125 0 0 142 115 131 125 105 0 149 134 114 126 136 101 128 100 148 0 0 106 142 115 100 147 0 103 0 0 140 128 0 143 118 138 0 0 102 112 116 111 0 114 104 102 104 113 121 103 126 147 134 0 139 0 0 149 141 120 111 137 115 103 134 148 120 0 116 125 115 104 144 0 127 126 0 0 134 0 0 0 139 0 107 134 106 144 123 109 124 145 147 0 131 139 116 133 0 146 149 138 130 129 113 0 116 123 106 107 135 117 149 114 0 123 110 124 112 0 120 130 106 0 0 135 123 120 117 130 129 107 118 131 0 127 114 109 119 117 126 111 113 111 0 112 0 120 108 137 114 127 0 138 115 109 115 118 0 144 113 110 111 149 124 143 136 138 114 142 138 116 115 0 122 127 0 124 103 102 108 137 0 131 0 143 147 108 138 108 122 0 113 149 122 0 141 143 124 0 0 129 0 119 126 131 140 118 107 148 0 148 123 0 0 140 112 109 135 0 0 141 122 116 0 104 130 111 0 0 125 143 114 125 129 133 112 134 145 0 126 133 0 145 149 0 141 123 0 141 113 0 138 126 149 128 0 128 148 144 116 131 140 127 122 109 0 0 124 118 139 135 0 127 136 146 139 115 103 138 147 143 149 137 137 146 114 112 127 147 0 0 0 0 134 0 144 144 0 139 141 0 133 146 108 111 0 138 128 0 125 118 122 0 141 134 102 109 128 147 144 128 121 149 146 137 106 0 109 0 113 118 149 110 0 129 0 127 107 107 0 0 125 147 0 107 106 110 0 123 133 101 107 125 132 125 118 116 100 130 0 149 137 135 109 0 0 133 130 0 132 139 0 125 0 107 109 139 0 123 149 0 0 109 138 0 103 132 122 140 128 117 109 111 104 112 128 101 105 102 0 133 0 0 0 109 115 148 0 145 147 122 134 149 0 117 131 138 0 0 104 125 110 106 111 147 0 106 107 106 0
0 124 118 139 0 116 128 0 0 148 128 132 148 107 120 0 0 136 0 105 102 108 113 0 141 0 135 109 136 146 110 103 148 108 125 113 110 117 0 145 149 140 105 0 108 113 138 101 119 109 136 0 0 128 107 136 0 0 134 0 105 0 0 0 106 107 149 130 138 114 104 108 131 105 117 0 0 0 104 0 144 108 103 100 123 113 128 0 0 120 100 0 107 137 0 132 0 141 137 0 0 115 125 0 133 0 118 121 134 114 147 100 115 102 0 127 133 0 115 112 0 149 0 0 110 116 101 130 146 101 144 131 118 107 143 148 130 100 116 0 106 135 144 0 104 148 101 144 108 110 0 0 0 0 143 128 124 131 0 0 0 129 0 130 0 116 127 103 146 0 136 127 136 0 116 120 0 102 141 108 0 137 105 128 130 130 142 100 114 0 130 116 0 125 108 132 127 148 0 120 109 101 0 0 0 103 141 121 128 143 0 125 105 110 147 106 139 105 0 139 149 122 112 147 0 106 100 132 0 133 147 122 113 147 113 115 107 109 104 115 110 101 143 135 136 0 135 0 113 0 106 112 140 132 116 0 149 0 143 0 133 0 148 0 0 115 0 148 135 139 123 103 129 121 0 0 137 0 130 133 124 134 0 115 111 146 115 139 132 121 105 108 124 118 116 141 105 0 0 140 137 0 121 126 110 119 147 143 143 146 109 117 139 124 123 132 0 0 110 132 107 115 0 137 0 118 0 128 0 105 0 145 0 122 108 124 0 0 102 109 0 140 0 140 107 120 131 107 108 0 0 104 147 105 0 142 107 141 106 149 124 137 0 127 128 108 119 145 101 118 0 110 123 139 0 141 0 128 0 128 103 0 0 130 120 123 132 120 148 116 132 136 0 0 105 0 137 149 0 110 0 118 146 146 111 147 0 0 0 0 0 116 132 105 146 140 109 0 101 129 107 112 110 126 115 141 144 105 0 125 122 131 125 108 107 130 0 126 134 113 0 129 120 112 0 113 128 107 137 106 125 101 122 110 120 122 149 122 0 149 106 102 120 105 130 117 139 136 128 116 0 113 126 113 149 110 134 136 0 0 147 0 0 115 104 132 114 128 0 0 0 0 142 117 140 0 126 140 0 140 0 129 0 146 113 0 104 106 109 100 0 136 134 100 107 0 0 0 127 113 0 144 0 103 0 128 148 146 144 0 131 135 131 117 100 125 0 131 140 102 103 138 0 145 0 127 100 135 129 126 0 135 147 135 0 126 138 119 142 114 108 117 132 137 107 108 125 101 118 115 116 0 144 100 105 135 147 116 0 141 130 123 125 137 100 123 114 112 0 124 0 125 142 0 126 102 148 111 123 105 0 107 145 120 132 117 147 121 128 102 132 136 110 0 0 0 104 111 104 114 0
0 101 138 0 124 126 0 0 0 144 104 128 114 146 0 146 0 0 116 141 145 141 123 110 107 103 0 139 130 117 123 0 108 145 0 0 0 0 113 126 102 139 0 130 0 101 0 141 0 0 108 109 0 149 121 144 110 100 107 143 0 0 119 107 115 104 130 0 125 136 135 139 0 0 130 117 107 0 135 133 133 101 0 119 137 105 148 142 107 105 0 132 147 148 0 124 120 0 142 0 111 0 146 117 119 143 146 102 119 0 0 130 132 104 126 0 0 145 0 143 122 135 108 134 104 104 114 103 146 117 133 119 0 135 0 0 121 0 135 0 0 112 114 142 138 102 0 116 0 134 117 125 0 102 111 0 100 110 125 0 0 0 0 0 107 0 0 133 119 0 142 121 0 141 108 109 119 127 115 0 107 144 0 121 0 0 121 148 0 128 109 0 140 0 134 115 127 138 111 0 126 137 130 0 0 121 0 0 108 129 131 136 138 137 0 111 0 0 118 144 0 139 139 114 138 145 143 0 0 118 0 146 118 146 144 0 109 140 0 122 116 103 145 122 137 127 0 139 125 122 111 0 0 0 0 0 130 105 144 116 125 116 147 149 109 0 121 118 137 132 121 0 124 147 118 0 140 143 143 0 113 119 0 143 0 122 100 0 145 136 0 117 0 111 108 149 130 127 109 112 0 0 107 105 105 110 144 126 119 132 137 113 147 113 104 111 135 117 142 0 0 114 0 139 138 107 133 106 109 114 116 108 0 139 0 100 0 111 114 142 146 102 0 0 122 142 116 145 135 115 107 142 100 115 103 0 106 136 0 128 117 112 141 113 103 121 148 0 146 121 101 120 146 0 136 132 109 112 133 0 0 109 118 120 100 0 0 118 125 101 107 101 144 0 124 129 130 135 131 102 134 123 0 120 121 144 140 146 126 114 115 145 119 119 0 145 0 138 138 142 145 0 119 135 118 108 119 0 0 139 135 138 149 0 102 0 107 103 0 144 111 121 137 112 0 0 134 0 104 115 129 148 144 0 146 115 144 115 0 128 126 121 0 0 146 104 127 123 149 0 104 109 132 0 0 110 143 0 102 143 101 111 124 105 148 144 114 144 111 129 0 0 140 137 0 140 122 133 0 0 120 120 108 125 122 145 105 121 142 133 0 138 0 136 0 0 118 102 109 0 116 135 104 132 149 112 142 125 142 121 107 110 128 110 0 0 115 0 122 140 114 0 0 116 0 116 0 0 106 138 107 0 0 130 111 105 118 106 0 140 134 113 0 0 0 0 143 108 0 148 138 100 0 123 0 125 100 120 147 129 145 104 0 0 111 0 135 119 0 142 109 145 0 0 101 123 135 114 145 106 114 131 122 0 129 127 0 128 147 117 110 0 139 116 106 131 128 142 124 131
0 0 117 130 105 140 125 147 122 0 111 129 134 145 146 134 140 132 0 132 129 149 129 131 125 0 0 124 0 135 113 0 147 0 121 140 0 101 135 140 136 0 137 141 0 0 124 0 148 135 128 146 0 0 0 145 100 120 137 108 125 130 141 106 137 144 115 145 0 129 0 143 117 0 0 134 114 113 117 101 128 0 0 117 0 115 149 126 0 131 0 127 112 0 122 0 122 107 139 0 0 113 118 131 124 139 0 134 0 0 146 0 122 130 126 105 139 0 120 135 0 137 101 129 0 0 130 133 109 0 139 0 105 132 131 129 132 102 101 114 0 0 121 0 147 105 120 113 149 147 143 112 107 136 144 124 120 113 139 137 0 139 128 125 105 110 0 115 0 0 124 128 0 114 137 149 118 140 139 137 125 137 0 127 0 147 103 144 118 118 122 134 105 0 128 138 137 140 0 120 0 114 145 0 105 0 0 0 132 114 108 144 116 125 110 0 105 132 137 0 0 117 119 137 125 104 108 128 123 0 0 128 112 101 0 114 0 0 103 141 136 148 143 0 0 116 138 127 101 112 118 0 0 127 0 0 148 0 0 0 118 124 0 122 138 0 125 139 139 108 144 119 117 123 107 144 141 145 0 107 115 112 0 106 145 134 0 128 0 103 134 135 104 102 126 123 106 125 132 0 103 145 115 0 0 127 0 128 130 139 0 101 135 132 0 100 116 135 149 0 133 107 120 145 106 123 115 145 148 103 0 122 108 0 142 136 111 139 126 124 130 115 124 101 135 104 0 111 116 0 123 117 133 139 0 109 138 0 0 101 130 130 0 144 143 0 101 0 135 128 142 116 0 101 0 105 0 109 137 0 0 117 132 104 112 141 0 141 129 0 149 124 101 123 117 142 107 0 0 140 136 0 118 104 120 123 0 136 120 124 0 0 144 133 137 0 103 0 116 102 138 0 132 0 0 118 145 147 125 149 0 0 138 146 124 134 128 112 0 111 129 109 109 143 110 142 148 0 110 103 0 132 143 135 0 114 143 133 145 106 0 0 132 148 103 0 124 127 112 121 140 120 129 129 124 113 136 111 130 131 109 115 0 101 130 141 0 0 105 135 0 136 0 106 138 105 0 0 147 0 148 123 138 113 130 137 109 142 124 149 0 0 129 0 109 106 140 109 124 120 124 0 129 100 130 0 0 134 0 114 110 144 0 113 123 122 121 110 140 122 103 133 125 132 115 129 0 0 134 117 108 148 120 140 100 0 114 0 107 106 142 138 0 140 0 0 0 127 140 103 109 111 107 145 133 0 105 112 107 119 109 131 111 105 140 140 132 0 0 0 101 0 0 117 148 120 134 0 123 130 131 113 0 107 0 137 136 147 104 145 127 121 0 114 138 144 146 127 123
0 137 0 114 0 0 133 0 130 112 144 0 121 131 120 144 100 128 0 0 0 113 148 103 0 0 0 0 116 108 0 143 0 148 129 109 0 115 145 103 115 123 0 0 119 104 103 124 135 125 0 139 130 144 0 0 109 143 142 127 0 137 0 0 149 0 121 145 0 137 0 0 138 124 148 109 116 0 108 135 134 133 111 101 0 107 128 0 141 135 132 0 0 142 116 138 111 139 120 0 0 117 103 0 118 119 138 0 0 0 104 105 0 133 0 113 109 134 113 0 138 119 120 0 103 0 0 103 100 138 109 121 111 0 0 144 146 148 126 146 116 148 121 111 133 138 102 113 104 143 0 118 140 143 0 135 142 0 130 146 0 0 121 131 117 133 110 119 0 117 0 102 124 140 104 115 0 0 137 0 125 114 137 117 113 147 132 0 113 0 102 107 0 147 145 0 123 0 100 0 137 108 0 0 147 104 104 102 131 0 0 143 0 119 122 129 116 104 122 147 143 0 0 0 126 0 129 145 119 114 111 148 109 0 149 130 104 0 0 114 131 124 124 0 0 109 125 143 130 102 103 145 0 129 0 131 122 0 0 136 0 0 129 141 102 122 137 142 0 0 147 104 108 145 132 105 132 107 101 0 0 100 120 123 144 105 0 120 0 120 117 118 0 118 0 107 0 112 0 135 129 100 137 0 125 145 141 109 129 110 134 143 114 148 143 131 137 102 114 126 121 0 140 0 140 101 111 107 124 147 132 0 100 112 100 121 138 123 146 103 123 111 138 0 100 0 0 144 146 0 120 106 0 132 107 121 102 127 106 0 0 132 113 117 129 142 147 0 122 144 0 136 114 0 109 0 0 0 0 144 0 139 136 139 132 131 147 131 0 107 145 134 0 120 124 133 119 103 102 0 133 136 144 117 143 0 109 131 113 131 121 131 101 145 0 0 0 0 105 101 0 131 118 103 145 0 127 0 0 0 138 144 0 109 140 139 0 106 114 144 140 0 131 137 129 0 116 119 112 124 123 102 140 148 121 0 124 119 146 125 0 123 116 135 112 0 133 134 143 101 0 109 127 115 119 118 0 149 100 147 118 135 147 0 102 104 0 125 116 100 0 0 141 138 134 143 0 129 128 113 134 149 100 0 120 117 129 127 125 111 147 144 147 104 138 109 135 127 138 128 124 0 100 118 144 0 123 138 135 103 108 0 132 0 118 132 0 142 108 148 0 141 146 124 0 0 140 127 0 130 120 0 0 109 100 0 108 0 123 112 124 0 0 129 0 0 0 118 147 136 120 113 128 134 0 148 107 110 136 129 122 126 107 133 120 0 0 113 0 0 147 133 115 0 122 0 135 147 0 143 142 125 101 133 116 112 104 0 104 110 146 0 0 148 100 104 124 0
0 0 115 103 109 113 106 142 121 0 110 121 137 109 116 123 123 142 144 103 137 140 0 133 123 146 117 108 117 139 116 103 0 108 0 143 147 100 134 104 107 0 127 0 140 0 125 100 136 114 149 137 129 131 137 142 0 0 0 100 0 124 0 0 142 0 131 117 144 128 108 114 142 147 144 138 132 146 111 113 0 129 0 123 105 135 134 114 142 140 0 139 110 124 145 128 134 130 119 0 122 117 128 132 0 129 0 103 119 0 110 101 117 139 103 0 0 0 137 0 118 115 102 0 141 127 120 101 145 101 148 131 105 133 121 122 133 0 118 114 136 134 115 0 0 0 145 101 112 127 0 0 107 125 0 104 109 146 146 117 139 136 135 113 144 144 145 112 0 130 104 0 100 124 109 122 146 147 0 118 139 0 118 109 103 0 0 132 143 113 0 132 0 107 113 128 134 126 116 0 137 145 101 126 0 109 114 0 132 146 0 105 120 134 0 0 103 131 136 144 106 142 119 103 148 102 0 0 114 138 140 137 116 125 146 137 138 131 141 0 0 130 102 131 105 143 149 0 114 0 107 128 133 133 144 0 121 110 0 104 149 137 0 0 101 147 105 104 0 100 108 134 137 0 142 103 148 0 128 103 140 0 0 124 110 0 0 129 146 114 132 121 107 138 122 113 138 120 0 108 112 121 139 0 0 134 0 0 0 116 142 149 132 148 0 114 0 119 0 110 112 108 139 106 128 110 0 0 0 119 0 105 136 109 0 107 110 139 109 102 0 127 112 142 0 129 124 130 133 132 146 144 118 116 148 0 141 0 129 103 112 130 133 118 0 0 147 129 149 100 128 114 100 104 128 113 118 0 0 125 0 0 121 123 0 135 117 126 139 0 129 113 129 113 131 112 128 119 113 141 0 131 114 125 126 0 129 0 112 112 131 118 131 111 118 105 121 146 144 0 127 104 119 0 105 128 139 118 102 107 115 136 109 125 0 137 145 101 0 131 144 0 140 124 102 0 0 136 111 123 118 136 128 142 0 114 102 122 135 133 142 124 124 105 0 0 0 126 128 141 147 134 114 0 0 111 0 109 0 0 117 136 103 146 0 109 111 0 0 141 123 148 146 127 118 102 143 0 110 118 106 0 118 127 109 122 0 105 147 103 102 143 114 139 0 0 139 110 136 0 103 124 0 127 112 100 117 132 107 134 103 133 115 0 0 0 129 133 140 106 137 113 118 144 139 111 120 110 127 132 147 107 136 107 115 118 146 125 0 123 0 107 103 149 126 0 113 141 114 113 103 138 125 123 0 124 113 0 119 105 118 128 130 133 121 105 102 147 139 0 0 119 109 148 0 147 124 124 131 107 135 103 106 129 101 139 109 128 0 123 141 111 104 0 120 101 119
0 139 146 0 0 104 117 103 144 145 129 119 124 124 149 129 149 117 136 0 0 100 128 0 111 139 145 0 110 147 123 120 131 136 125 0 107 0 129 101 146 0 108 119 116 125 0 103 109 110 0 111 0 118 135 106 137 138 141 0 145 121 142 116 116 145 0 0 136 117 100 140 131 127 119 0 142 117 127 132 135 124 134 0 0 0 107 0 130 125 0 0 115 144 147 0 127 120 138 130 111 147 149 135 120 130 139 122 108 0 105 115 137 124 0 137 0 132 129 133 131 142 116 124 112 108 121 0 106 0 141 0 136 128 0 107 136 0 123 0 0 146 144 128 103 123 142 100 110 0 124 0 129 149 125 142 146 0 0 134 123 139 137 143 100 0 133 137 126 136 117 103 0 126 123 132 0 111 0 0 114 131 122 104 0 0 149 143 116 133 0 109 144 129 0 145 111 109 116 127 121 112 136 137 144 114 0 110 112 0 141 0 132 105 105 140 128 101 143 109 127 0 121 0 124 146 115 0 0 130 137 112 124 146 0 110 144 103 0 118 122 139 123 148 136 117 0 0 0 117 132 137 134 142 0 111 131 114 111 0 106 0 119 145 0 107 147 124 108 115 123 0 0 127 106 120 105 111 145 133 139 113 137 102 108 111 122 119 103 116 121 0 110 126 114 136 126 135 109 139 146 134 111 142 148 0 0 133 0 0 0 0 142 136 105 121 107 128 120 131 121 0 0 125 122 107 0 0 0 107 0 126 112 109 0 134 0 110 0 0 129 121 100 130 134 0 111 109 120 115 137 149 141 100 0 115 137 121 105 0 138 105 143 123 0 120 108 119 0 105 0 140 112 143 133 0 0 114 146 149 143 135 0 141 121 144 0 117 0 145 141 0 0 130 0 124 127 143 0 109 113 149 136 0 102 0 124 131 0 149 137 149 149 110 110 0 0 0 132 137 101 142 136 0 141 119 128 105 111 0 131 0 148 120 123 0 104 124 132 0 147 0 114 132 0 104 126 138 0 129 125 112 144 133 101 0 118 138 0 108 145 127 105 149 0 0 121 0 115 136 109 0 106 0 0 0 0 0 142 104 0 143 123 116 113 0 0 114 119 112 135 105 147 0 144 113 139 123 141 122 109 120 0 117 110 0 0 0 147 141 145 118 115 0 118 108 143 140 120 0 114 0 128 126 0 124 0 142 138 140 125 148 149 106 147 123 122 117 120 141 0 121 103 0 0 0 125 100 132 0 104 0 128 114 112 123 127 0 111 137 118 0 0 113 145 0 116 124 0 100 114 109 0 0 108 106 0 0 109 110 141 146 134 101 121 138 0 112 117 102 115 0 103 135 116 108 116 0 107 130 117 124 0 119 109 0 109 115 117 0 130 135 138 143 148 132
0 0 139 135 0 0 119 121 100 110 128 143 137 0 122 111 148 0 140 143 124 124 0 102 0 132 0 138 105 142 139 104 136 125 0 112 123 0 144 0 134 125 127 136 0 116 119 134 136 127 127 0 0 148 0 123 120 132 0 130 148 114 125 0 119 0 139 103 108 130 0 114 119 137 0 148 149 120 112 135 100 128 100 138 105 0 0 132 108 0 101 143 116 100 122 115 0 105 141 0 103 0 101 0 130 114 102 0 0 143 119 0 126 133 0 126 0 140 107 116 129 144 138 134 0 126 111 102 0 148 137 136 109 103 0 122 0 132 0 113 0 149 146 108 114 149 102 113 103 116 0 112 0 103 138 148 124 138 121 121 0 135 0 115 0 120 143 126 0 108 0 121 0 0 110 136 0 0 135 127 0 0 125 0 105 117 143 131 108 0 124 0 144 148 106 149 107 108 148 118 109 100 140 117 103 148 126 103 125 0 106 148 119 119 149 105 138 125 103 0 145 122 135 148 0 120 147 100 0 111 0 117 123 0 115 111 121 0 138 134 108 107 105 108 116 100 133 0 140 139 128 129 0 0 133 102 122 0 146 0 107 0 0 112 142 138 0 146 110 110 124 146 0 101 126 130 140 147 125 0 137 0 114 149 113 134 106 115 104 128 148 123 145 130 116 140 0 103 129 124 0 131 110 148 108 134 130 125 114 112 0 109 113 147 119 109 0 107 116 148 117 105 103 108 102 0 136 100 105 100 101 119 127 125 115 0 0 105 145 129 132 142 116 146 107 126 141 102 144 120 145 0 132 146 120 122 124 0 126 110 116 144 122 140 105 0 0 0 128 137 136 0 0 123 141 0 0 124 129 0 145 121 0 149 111 138 128 0 0 138 0 146 103 135 0 107 117 143 123 0 104 144 106 148 145 118 141 131 134 121 105 127 108 0 144 103 113 139 147 105 116 103 117 107 120 142 0 0 0 0 136 125 117 117 111 0 0 0 129 106 136 127 0 137 129 146 138 0 133 109 0 135 117 124 0 0 0 0 103 137 130 123 0 104 101 115 0 125 0 128 0 140 113 115 136 117 105 135 133 146 143 103 113 0 0 110 101 126 124 112 140 102 103 114 102 125 0 0 113 147 100 112 140 133 113 111 0 141 113 144 114 0 0 0 0 0 116 109 135 116 0 107 0 146 144 139 130 125 111 130 140 138 111 0 105 0 105 0 138 139 149 101 135 105 0 0 115 126 145 102 0 100 128 103 0 0 129 0 126 121 118 135 138 106 0 110 132 0 129 0 0 140 134 130 100 107 0 0 0 136 124 128 126 139 126 0 0 0 106 0 126 112 144 102 111 110 119 0 0 146 146 147 118 0 0 147 131 123 136 129 134 123 131 0 142
0 125 111 118 140 146 128 104 135 102 139 141 119 104 101 0 0 149 131 0 130 110 109 0 108 130 144 0 0 0 0 108 108 111 126 133 109 112 117 116 136 144 0 122 144 120 126 0 110 126 106 0 143 130 142 0 109 139 118 131 149 123 129 131 123 0 103 103 117 0 0 149 144 131 107 120 118 139 145 101 120 149 128 130 137 111 147 122 132 138 146 117 118 119 0 145 108 149 120 128 0 130 126 0 149 0 112 0 0 134 114 128 0 0 113 146 0 109 124 0 139 146 107 147 136 126 142 0 0 126 135 135 0 0 105 134 134 126 112 113 0 118 138 0 0 144 136 0 0 128 144 0 132 144 145 135 0 108 147 133 0 128 119 0 132 115 146 122 0 135 0 137 144 146 115 0 145 143 107 0 113 0 0 127 125 149 0 0 0 133 110 120 0 143 106 105 149 141 0 116 106 103 108 144 146 0 0 129 109 129 0 148 103 125 142 122 0 128 130 131 0 107 136 119 105 112 0 0 128 0 146 140 112 112 146 100 121 0 129 148 100 0 123 128 0 114 148 0 145 149 0 140 110 0 102 134 0 0 115 109 0 129 103 0 110 0 139 0 142 108 123 121 0 100 143 0 0 0 116 0 103 123 120 119 0 119 119 0 125 115 0 104 118 102 129 109 0 133 100 132 114 143 139 103 145 0 148 112 0 127 111 148 0 107 125 0 0 0 121 124 137 0 101 0 111 127 122 148 130 0 0 140 108 135 0 102 132 146 139 141 149 111 0 110 105 0 103 101 131 109 103 121 133 118 147 113 0 0 146 140 144 141 127 139 110 120 124 137 0 123 136 0 0 144 0 100 111 120 133 114 139 130 109 116 115 149 0 0 103 146 104 101 0 100 135 104 0 142 107 138 0 0 131 102 0 104 134 115 107 142 0 134 133 0 135 113 128 0 125 137 141 123 147 131 109 101 120 128 149 122 108 0 122 0 0 0 0 142 101 105 103 142 128 127 117 0 140 101 100 133 126 119 0 107 115 115 108 122 127 136 134 102 136 104 149 101 0 110 145 120 141 142 116 0 120 0 132 146 0 141 0 136 101 114 136 131 128 147 0 0 108 136 109 0 0 118 132 0 116 141 104 111 0 110 136 105 0 137 142 103 137 0 0 112 0 118 106 129 0 107 101 148 118 0 144 0 133 108 136 145 149 112 116 110 129 0 103 119 107 107 120 0 103 136 0 0 136 104 122 100 111 118 144 106 0 149 126 115 123 0 0 115 134 146 102 0 130 122 0 110 137 141 135 0 103 106 141 103 0 0 147 116 129 140 0 116 119 120 136 138 134 0 107 0 133 132 105 0 119 139 116 0 144 127 137 0 114 119 0 130 107 118 102 0
0 136 0 145 148 144 118 0 145 140 0 137 0 109 132 131 142 0 102 105 108 122 126 137 120 124 0 108 131 149 108 0 119 136 0 141 125 103 0 102 104 0 0 104 109 0 146 104 136 0 0 0 111 148 104 116 0 135 128 111 110 101 0 143 110 127 101 139 0 128 0 133 0 126 118 100 123 132 120 135 104 126 0 149 118 0 107 118 126 137 0 0 127 117 142 137 149 0 0 136 129 104 127 0 122 124 105 111 134 116 0 136 148 149 122 131 149 106 141 145 0 133 126 102 118 116 110 0 0 129 136 116 0 109 106 106 114 0 126 100 140 0 136 148 106 126 142 117 115 120 100 0 129 148 148 110 100 0 135 0 145 0 0 126 143 108 121 0 0 143 120 119 114 119 115 139 125 0 140 0 109 127 109 0 109 127 113 124 141 0 107 103 0 0 145 103 103 108 0 0 0 141 129 109 135 102 102 0 148 137 117 128 117 102 147 116 113 149 132 135 0 102 126 102 106 143 102 128 135 0 114 149 124 109 106 0 0 138 109 0 147 100 138 134 128 110 137 100 0 147 142 0 104 149 139 127 0 148 103 125 133 145 117 104 129 0 0 0 141 0 121 111 129 0 105 149 141 135 107 121 125 115 129 140 0 107 0 110 117 114 0 132 0 149 105 117 0 0 0 0 147 0 104 0 124 102 113 127 146 115 0 104 143 146 104 100 0 136 120 123 109 0 135 127 0 129 122 0 133 129 136 141 119 104 104 124 0 148 0 142 116 0 105 107 132 140 146 108 115 0 110 102 146 0 138 120 119 142 140 144 0 113 101 141 148 118 149 101 139 130 104 115 144 0 135 0 123 129 105 140 0 139 105 0 118 146 120 105 0 0 138 0 0 100 0 121 100 139 0 0 131 0 103 140 103 117 114 112 105 129 148 122 147 109 111 101 146 127 130 132 114 132 114 113 147 0 140 117 0 100 101 129 135 136 0 111 0 0 109 107 0 108 145 0 107 0 106 126 131 142 131 0 131 0 141 149 133 148 135 0 0 114 130 110 140 135 0 132 124 111 117 113 127 134 106 133 130 105 0 136 136 0 122 0 109 144 106 130 118 101 0 131 137 122 0 134 105 0 120 128 140 125 0 0 0 148 0 108 147 137 0 148 133 136 147 118 117 117 0 130 0 109 116 148 103 128 115 136 0 114 134 107 0 112 102 104 0 120 107 112 135 102 120 102 0 128 0 123 113 112 0 0 146 0 107 137 100 122 147 106 114 115 0 107 116 138 104 0 130 105 148 124 140 135 127 0 145 100 122 0 0 118 115 143 0 0 101 0 138 144 0 114 0 122 141 0 107 115 117 122 100 105 118 140 103 106 146 134 135 148 137 103 131
0 141 102 0 0 123 114 121 130 121 125 133 0 119 0 138 103 136 109 0 132 0 137 0 115 0 142 119 102 126 140 139 132 0 113 0 134 110 133 141 113 118 0 113 116 117 0 149 139 143 103 111 101 128 116 0 113 132 119 0 147 135 123 131 147 129 119 149 130 0 113 0 0 119 112 125 144 146 0 149 115 147 109 0 118 101 114 0 136 129 109 140 141 100 106 109 127 107 137 0 119 115 113 143 107 125 147 0 113 134 143 126 100 132 101 116 119 0 117 141 0 0 132 138 0 101 147 0 120 0 125 148 0 128 102 108 105 136 105 0 131 146 116 131 134 0 113 133 0 119 142 141 124 136 147 109 131 137 137 100 125 144 136 111 126 109 0 102 0 0 115 115 104 103 0 0 147 0 0 0 111 127 131 135 133 137 0 136 103 119 112 0 0 138 121 0 102 0 107 144 134 123 118 119 147 100 139 0 101 129 0 0 135 149 115 0 0 0 0 102 144 138 0 136 0 0 145 143 148 149 107 129 115 0 0 105 119 148 107 105 130 128 116 149 0 128 0 140 113 0 130 0 0 130 103 149 149 129 101 0 141 0 118 137 0 136 0 103 115 127 126 130 147 127 0 135 0 0 105 0 0 138 0 131 107 111 0 0 100 132 0 109 111 0 140 148 128 124 148 111 130 132 103 123 0 115 100 116 114 141 0 0 0 141 133 147 0 149 102 113 0 142 106 129 134 103 127 105 131 136 145 0 120 147 0 0 136 130 140 136 0 128 133 0 143 124 107 130 113 0 131 104 121 113 126 117 106 145 149 137 129 126 113 139 134 0 134 144 0 104 124 105 0 140 135 112 120 133 0 0 143 112 147 105 137 129 126 146 133 0 141 135 125 130 116 0 113 105 0 125 128 132 110 122 121 108 137 0 0 104 132 0 119 117 117 124 147 142 0 0 0 133 101 0 119 102 128 113 0 123 0 142 149 118 107 0 0 135 143 142 121 122 105 118 0 109 118 100 121 115 112 104 111 125 112 132 126 140 110 124 144 134 143 133 107 119 108 108 126 117 107 125 115 146 0 0 102 111 0 115 130 131 110 146 113 105 0 0 123 148 0 120 105 100 115 0 127 148 102 100 0 143 135 121 135 104 110 108 144 109 111 0 0 0 145 111 103 0 0 108 136 126 112 0 105 0 137 137 147 130 118 0 122 119 149 144 139 121 0 115 121 0 101 126 129 145 126 111 146 134 148 113 132 111 0 137 0 116 115 0 149 140 103 0 103 137 107 129 115 149 137 119 135 0 149 101 0 131 103 0 146 143 103 137 0 138 0 120 142 119 122 129 100 139 117 146 0 137 0 144 117 111 0 136 129 147 142 104 102 136 109 138
0 108 0 143 121 138 0 135 121 0 141 101 0 144 145 133 0 0 107 111 144 131 0 110 135 116 129 125 129 144 0 142 135 0 0 117 136 0 0 106 0 108 117 134 102 0 0 108 121 133 104 105 101 111 145 123 141 0 130 0 0 149 125 0 120 0 0 120 123 0 133 135 0 138 145 103 146 134 117 146 129 146 134 0 135 0 0 140 108 141 0 115 134 123 111 109 117 123 122 143 135 0 111 103 133 143 100 0 126 128 142 138 123 0 106 147 124 0 0 136 126 146 121 126 139 0 138 139 149 127 128 145 137 134 0 138 122 0 120 144 127 123 145 124 133 107 133 0 120 137 101 135 111 149 137 115 135 121 108 133 145 104 139 0 102 131 0 0 106 0 0 104 141 126 145 128 0 101 0 117 139 103 100 0 100 130 0 0 106 0 0 131 124 116 140 118 114 0 103 0 146 0 114 0 0 142 129 128 109 101 109 119 113 140 133 133 117 103 0 0 116 116 130 110 0 115 130 141 112 122 131 111 0 0 0 125 0 124 124 122 121 103 127 119 0 112 114 118 100 0 0 104 0 148 139 106 0 121 140 147 114 0 108 104 125 145 130 140 123 106 0 131 131 139 126 0 134 106 0 116 134 105 120 111 103 132 138 117 0 142 110 123 134 0 110 131 0 109 0 113 110 149 0 0 0 111 0 133 118 144 148 128 133 145 143 131 125 108 0 144 130 121 0 0 116 122 100 0 0 108 0 123 120 146 140 110 136 126 128 113 0 133 149 102 0 133 0 129 148 116 0 145 117 104 124 132 107 0 106 0 0 143 0 100 0 122 0 0 117 130 115 0 0 0 115 0 0 106 136 143 0 140 134 128 110 0 109 141 110 130 109 112 144 0 102 143 105 125 108 138 0 0 122 123 0 128 142 111 0 0 122 117 127 107 0 0 133 103 130 121 139 0 0 104 134 0 0 122 0 115 123 145 0 103 143 0 0 122 0 110 107 142 144 106 114 100 0 101 133 125 112 0 138 118 142 137 133 141 148 100 113 111 0 104 111 134 0 127 0 145 121 116 117 147 118 0 121 0 135 110 0 0 109 113 142 0 133 118 105 119 0 111 0 120 0 137 148 0 0 118 0 127 0 140 122 113 115 137 110 149 104 107 144 128 138 105 135 103 0 107 122 143 0 148 149 118 116 121 110 121 142 124 111 112 141 131 130 112 102 102 138 113 144 142 100 108 139 142 119 106 107 131 0 137 102 0 0 101 143 149 137 129 110 0 109 0 138 101 119 100 147 0 140 101 0 120 118 0 136 116 0 128 0 0 115 0 106 0 0 131 0 117 0 136 122 119 133 0 131 0 0 145 103 111 0 101 135 136 133 0 149
0 116 121 149 129 0 134 0 127 110 140 120 110 126 138 116 129 100 142 0 116 119 0 115 102 0 0 133 116 148 111 0 0 109 0 113 148 0 102 0 0 109 141 0 147 116 118 0 0 114 138 125 132 0 0 128 112 0 101 112 0 127 100 0 141 133 118 138 108 102 124 0 134 121 118 0 101 147 0 122 100 127 146 115 137 138 131 133 120 122 128 0 147 135 133 130 145 144 107 149 0 0 102 114 0 130 126 0 140 117 112 128 115 110 125 145 113 0 0 0 112 103 0 148 148 0 0 104 121 146 135 0 0 127 133 133 136 0 100 0 117 0 113 103 123 0 117 143 0 133 123 129 0 0 0 149 0 117 0 128 0 0 0 146 0 137 0 0 111 0 143 148 133 128 142 100 106 133 0 0 140 137 103 112 124 101 129 117 132 0 112 106 116 130 0 0 116 145 0 0 0 0 134 148 0 106 141 0 129 148 0 0 132 0 142 0 133 103 0 0 120 145 100 134 0 0 107 107 116 128 135 128 0 117 100 108 116 120 143 136 141 127 107 113 119 0 148 107 0 108 127 114 137 126 127 113 0 143 0 0 107 0 108 115 126 124 119 127 101 122 122 123 0 126 0 115 133 141 0 145 127 119 122 0 100 144 142 104 0 0 143 0 117 105 107 118 107 119 129 0 134 141 136 100 133 142 106 104 106 138 108 127 126 135 119 143 122 0 148 110 124 113 130 0 148 0 130 0 148 113 113 0 0 139 112 132 0 0 0 106 121 113 0 0 137 110 131 0 142 141 100 127 112 119 0 0 0 145 129 104 0 104 142 123 0 106 104 144 110 131 0 139 115 123 109 113 0 111 100 132 132 118 0 0 0 136 0 134 0 120 101 0 126 133 139 104 0 145 0 142 114 148 133 148 117 0 132 138 109 0 119 129 142 139 113 102 126 126 0 0 104 131 0 0 111 110 0 0 0 113 129 111 108 134 115 134 109 115 103 113 0 109 132 0 117 138 146 145 106 113 0 117 129 0 103 0 132 105 0 121 144 130 113 0 144 139 144 125 132 142 122 118 124 0 104 104 136 127 116 131 129 122 128 0 128 0 133 0 0 104 0 0 118 125 107 127 0 126 0 104 130 145 0 0 122 117 117 134 134 142 112 103 0 111 126 129 131 0 113 122 147 0 148 0 105 141 0 0 122 0 134 0 106 0 107 112 146 105 143 0 108 0 0 143 107 149 125 0 0 143 104 131 141 130 139 111 104 148 121 117 110 0 102 145 149 133 102 121 109 100 105 119 147 0 126 130 102 0 106 142 143 121 109 0 120 140 107 148 136 0 128 0 114 129 119 118 127 0 125 0 0 0 130 107 149 0 128 118 108 0
0 110 0 115 0 110 125 0 145 104 143 113 0 140 125 113 0 126 0 101 136 0 134 102 117 0 147 137 102 103 136 149 128 121 148 139 146 119 114 136 0 105 141 0 102 101 0 0 0 133 146 149 119 104 0 110 142 103 131 0 0 145 105 126 138 120 140 0 121 0 129 109 134 113 147 122 146 106 119 119 140 0 148 100 131 130 141 0 0 0 130 146 0 110 133 110 144 101 118 0 120 0 105 0 148 145 108 149 143 118 107 0 0 101 148 126 133 144 0 145 137 122 113 148 0 0 110 141 109 148 0 131 131 0 127 137 116 131 0 120 134 146 0 0 103 0 107 0 121 0 131 0 140 0 105 108 139 103 0 148 0 101 141 143 126 0 132 116 106 114 117 126 117 0 132 141 122 107 115 118 144 0 121 0 116 116 110 146 126 104 0 102 126 134 134 134 0 105 133 149 0 124 108 134 101 134 131 0 143 149 116 131 112 112 122 104 146 127 0 119 105 0 103 0 123 143 117 107 114 0 108 119 108 0 0 108 0 123 139 114 138 134 147 0 110 100 0 0 136 0 121 105 0 108 138 0 142 127 0 102 110 115 128 0 0 127 115 0 118 149 0 126 144 0 123 107 124 107 128 105 129 146 136 119 108 104 143 102 149 129 113 0 0 130 102 125 130 102 126 0 0 120 0 114 108 101 128 117 141 138 134 125 137 110 102 102 0 129 0 138 135 148 105 0 112 131 0 145 128 0 136 148 112 117 125 116 133 144 122 133 0 123 105 0 0 0 0 0 0 140 141 147 0 115 106 139 138 103 132 137 146 130 0 128 129 131 147 0 124 0 0 147 0 0 0 110 137 146 106 134 0 141 143 115 144 0 133 0 139 0 119 0 0 143 129 135 115 117 136 147 103 136 110 110 0 125 119 146 146 111 0 0 146 0 138 0 124 106 110 108 148 123 100 136 121 102 118 0 148 100 0 147 143 100 128 112 106 131 121 101 0 0 104 122 118 133 0 148 0 139 0 149 103 133 118 129 144 103 119 133 116 135 102 0 111 112 109 110 117 0 137 133 133 139 109 129 0 0 0 136 118 135 113 141 109 0 139 106 110 149 0 129 0 0 0 128 0 118 121 131 101 0 138 115 101 110 124 106 0 107 110 0 138 139 103 0 127 137 0 0 141 132 117 129 0 0 0 142 119 121 140 131 112 108 106 0 145 117 144 0 0 109 137 0 0 119 143 119 111 116 117 146 0 146 139 145 132 0 0 103 126 105 130 136 101 110 0 133 134 124 146 125 124 109 138 149 128 147 0 0 111 132 0 0 132 137 136 0 149 111 117 145 107 127 109 102 0 102 0 137 117 0 141 123 105 148 116 121 142
0 0 112 147 111 116 132 125 0 0 122 149 127 148 139 0 128 122 131 127 133 0 0 0 121 104 109 0 114 130 106 103 0 0 127 149 131 127 0 0 117 0 103 136 148 119 137 0 108 138 116 0 134 108 107 136 120 128 0 113 132 145 137 116 103 125 0 0 0 106 119 125 100 147 130 112 130 148 109 146 0 0 130 137 147 122 138 0 136 105 101 125 121 101 148 0 0 113 144 0 119 147 123 134 0 134 137 143 0 102 0 125 136 146 0 144 0 104 0 137 133 0 140 115 131 0 127 125 118 121 0 110 147 141 0 101 122 142 111 138 0 130 143 116 0 0 0 139 139 108 149 120 0 135 108 139 149 112 106 141 123 114 117 129 146 125 142 148 0 137 0 0 133 126 131 137 120 121 126 108 147 102 146 120 115 0 110 145 130 102 128 111 0 101 101 110 109 104 102 109 102 0 0 134 0 113 121 138 100 106 117 135 0 108 104 138 0 133 103 114 0 0 130 137 0 131 100 103 146 0 107 0 147 134 111 0 0 112 104 144 122 146 148 0 140 138 112 137 102 0 141 0 105 109 146 103 117 146 0 134 107 0 106 139 0 0 0 126 0 138 143 112 115 0 140 129 137 0 0 0 132 104 105 0 147 105 105 137 103 123 143 0 123 0 120 0 123 139 0 108 121 147 140 130 134 108 140 127 118 116 133 136 140 103 116 104 121 0 0 0 137 125 0 122 0 124 0 145 139 120 0 118 0 0 141 139 0 127 118 128 132 134 123 0 149 104 0 140 0 141 110 123 144 134 0 123 0 102 0 130 111 117 100 0 135 101 120 119 0 0 0 112 131 149 107 110 127 137 0 141 120 145 112 102 0 148 122 0 0 128 139 110 143 146 109 130 117 117 0 101 110 114 105 104 109 122 0 119 0 144 119 103 113 122 0 147 127 131 118 0 111 149 148 133 115 104 110 131 115 105 115 114 142 116 130 115 139 0 121 0 108 111 114 124 129 107 0 105 105 0 0 102 132 142 0 0 105 105 147 128 139 127 136 134 101 113 136 118 112 0 101 119 145 130 0 142 137 148 142 111 0 127 0 100 107 148 147 122 113 0 105 137 105 0 130 149 134 0 112 142 107 117 123 0 114 141 0 135 0 136 148 124 0 136 0 0 131 110 101 119 114 0 125 113 112 122 0 0 127 0 108 122 109 148 121 109 148 0 127 141 105 133 101 137 103 123 0 131 118 0 137 112 0 104 0 109 115 105 0 130 111 132 132 102 142 125 122 0 138 120 0 139 124 122 144 111 101 101 144 121 133 125 147 0 121 118 140 0 0 146 0 123 119 148 0 137 124 145 0 100 133 143 0 135 0 147 123 108
0 0 0 127 109 0 133 108 131 141 0 133 126 0 128 107 0 0 114 103 142 149 117 117 101 145 0 127 122 138 127 116 0 146 122 144 0 122 0 117 0 144 109 0 147 139 112 0 116 121 128 149 101 0 0 141 123 142 0 130 135 139 119 125 116 0 118 120 124 149 108 116 108 111 135 131 0 0 134 125 0 0 142 132 0 0 130 0 112 133 147 0 146 0 122 131 0 0 104 0 119 0 113 111 106 106 136 0 126 113 136 0 0 102 101 0 126 0 143 0 148 142 123 135 100 110 126 0 134 138 101 133 0 102 121 111 0 103 103 0 123 103 128 117 124 131 0 142 143 104 0 0 108 146 132 139 142 104 134 108 105 149 144 128 143 120 0 136 109 0 139 0 124 108 140 149 122 130 0 0 0 0 129 140 103 0 147 149 0 0 146 110 106 125 0 149 0 136 148 100 141 120 126 148 116 125 0 0 0 122 0 0 0 114 114 115 121 142 127 145 136 137 0 118 0 139 148 120 105 110 124 147 111 149 114 112 125 0 0 144 130 142 148 0 0 123 0 122 122 136 130 138 0 140 128 134 114 0 121 103 127 145 0 106 113 0 0 130 106 110 108 139 125 0 113 127 114 139 111 130 140 100 133 138 130 147 138 139 147 0 105 129 0 109 133 122 130 145 134 0 0 125 130 0 0 132 107 120 100 146 109 126 146 132 142 110 109 0 133 0 126 0 125 134 102 0 119 110 0 144 0 109 134 118 147 0 145 116 117 0 131 135 115 139 108 0 127 0 129 120 129 115 107 106 0 143 0 0 148 145 146 0 120 0 137 104 144 0 122 0 113 118 122 0 143 104 121 147 129 0 139 0 119 135 131 117 104 0 109 112 139 102 0 0 142 141 117 125 116 113 0 0 143 110 126 132 122 129 120 0 113 147 103 144 143 115 118 139 145 134 0 145 146 131 103 148 101 109 106 0 105 117 108 107 102 0 0 100 0 0 144 0 0 136 109 108 122 126 122 123 121 145 148 118 0 133 136 141 141 107 140 141 149 109 139 134 101 0 139 140 0 109 101 122 109 138 110 144 0 100 115 128 110 134 0 141 106 0 120 129 144 105 135 133 0 0 107 139 0 145 123 124 124 123 0 0 100 140 110 100 116 112 100 138 119 123 0 0 0 113 133 139 100 128 126 144 118 0 112 135 146 108 0 148 0 116 110 101 149 116 146 0 108 125 118 148 109 109 142 0 131 110 115 148 0 144 110 0 131 0 139 106 0 0 123 115 105 133 0 0 0 109 0 0 136 117 103 0 146 119 109 107 139 104 138 0 103 140 135 0 0 116 0 119 0 103 0 106 0 118 141 101 121 111 141 136 108
0 0 103 0 134 117 148 144 129 125 116 135 0 125 0 0 0 0 0 143 113 0 0 130 122 105 0 137 143 149 0 0 132 116 104 0 138 148 117 149 129 118 149 103 0 115 121 135 108 148 0 0 143 101 134 107 122 108 0 115 149 0 0 139 0 118 126 127 140 149 142 0 120 100 134 147 114 126 139 141 0 119 103 147 133 0 148 142 118 103 107 104 0 132 127 0 120 134 133 113 127 101 147 107 0 107 0 0 134 119 133 0 0 139 135 0 0 0 0 140 0 119 128 107 123 140 129 139 149 136 125 137 148 140 134 0 118 101 0 125 122 115 126 103 104 124 123 117 146 125 0 130 107 137 119 138 144 0 0 120 139 146 138 145 119 137 0 0 0 106 138 105 0 148 149 138 0 133 116 143 0 0 120 102 0 149 145 0 117 140 0 124 126 123 110 120 143 133 144 0 122 122 0 149 108 130 119 135 136 107 146 110 0 137 141 144 116 122 0 101 105 0 100 0 147 111 145 149 136 101 0 0 125 0 136 110 146 118 125 0 147 0 127 101 124 127 0 126 125 140 110 117 101 113 124 0 0 141 112 0 114 141 128 100 0 0 105 125 114 100 123 0 130 113 114 126 104 100 125 103 148 149 133 138 138 115 148 0 0 0 130 0 112 0 0 127 138 103 127 0 124 101 100 0 0 147 137 110 136 113 101 149 125 132 0 110 106 119 0 0 101 136 124 0 0 141 116 0 100 0 136 131 0 126 0 125 0 0 123 0 0 129 118 140 148 0 0 0 122 146 145 107 111 127 124 100 0 100 0 147 114 134 116 109 133 103 0 0 122 147 105 146 103 103 127 112 124 147 145 115 0 149 0 121 111 0 0 0 0 104 143 142 148 104 133 121 136 100 0 136 129 104 129 109 143 123 117 112 0 127 140 145 110 126 120 121 130 131 0 0 149 121 100 104 0 143 140 142 148 130 149 0 0 116 118 122 133 141 116 119 101 145 0 120 100 127 123 108 114 0 140 144 142 136 105 124 110 141 108 122 112 0 108 132 0 104 107 105 137 137 133 140 142 134 129 121 0 0 103 102 0 128 118 145 134 124 104 0 0 144 121 146 112 103 0 104 0 134 114 144 148 112 111 0 125 144 129 110 0 0 126 126 100 133 100 117 0 0 122 0 130 121 138 120 0 117 134 128 131 139 0 143 100 131 0 122 137 111 142 100 0 0 0 101 0 117 0 124 105 124 114 113 131 102 119 137 0 0 0 131 132 134 139 125 106 119 0 149 0 123 134 107 119 143 0 0 101 142 137 106 105 148 137 0 109 0 0 117 142 104 0 130 129 101 128 107 101 101 144 148 148 0 125 0 112 127
0 142 122 0 142 117 126 0 137 129 113 145 101 120 128 113 0 143 139 142 135 112 0 0 120 133 102 110 130 119 123 144 148 114 138 0 101 0 146 0 132 144 0 142 112 110 135 120 110 0 141 106 0 147 111 122 0 134 112 118 121 0 139 146 133 126 124 0 129 0 124 144 103 104 0 118 118 114 137 148 100 119 135 121 0 0 0 0 0 0 136 0 116 146 113 0 0 128 121 0 145 147 0 105 118 124 136 0 147 143 0 0 146 110 111 148 129 129 143 0 131 125 0 114 100 103 0 148 121 103 108 110 139 128 0 0 133 144 114 0 148 115 105 114 102 109 124 110 0 100 124 115 0 0 105 0 137 139 125 102 146 107 104 134 121 133 126 126 0 128 140 128 113 0 0 0 120 107 0 131 0 106 0 143 106 123 121 111 128 115 137 146 134 0 134 105 138 129 0 103 0 124 0 105 116 140 141 124 112 147 116 121 121 128 0 110 148 108 0 138 128 115 116 146 0 113 122 128 147 0 119 105 104 102 106 139 0 148 0 0 111 134 0 144 100 103 129 131 129 0 0 148 0 149 149 140 122 123 109 128 113 132 135 125 0 0 143 125 138 0 0 106 122 0 143 131 0 0 0 0 125 136 147 0 110 0 127 122 120 107 126 0 0 114 126 102 0 0 0 144 0 141 138 119 0 147 127 141 106 115 100 132 0 141 115 116 147 0 107 111 119 0 141 128 125 138 111 106 137 0 104 122 132 0 114 0 113 0 134 138 0 112 144 0 0 104 0 102 129 108 111 149 139 0 139 134 107 0 112 131 139 0 110 134 140 0 0 0 0 124 134 129 117 103 140 0 145 143 136 116 115 122 117 125 130 133 0 123 140 120 129 131 116 130 106 0 138 130 145 117 133 126 137 145 0 121 0 125 122 149 0 112 147 130 0 149 134 0 103 0 124 107 129 135 114 0 0 0 132 103 143 149 131 130 136 122 132 122 141 102 121 134 139 0 136 120 103 0 0 112 138 104 112 138 0 148 127 102 0 117 106 0 119 107 146 135 134 118 0 0 123 120 0 0 0 0 141 125 134 142 112 106 131 0 129 0 102 127 143 128 0 0 123 0 133 124 133 0 147 124 145 0 137 117 119 134 144 0 112 0 149 138 110 0 0 140 132 0 102 103 137 137 107 0 114 106 113 104 113 130 120 0 145 133 119 133 100 107 125 129 102 122 127 132 0 137 0 0 113 113 0 131 104 0 0 0 135 141 124 100 0 0 0 106 111 0 120 0 135 0 0 0 0 131 114 0 0 113 133 140 146 117 131 102 143 120 128 116 111 130 0 106 0 147 0 111 113 113 134 104 123 0 141 104 100
0 139 109 110 124 136 0 117 140 0 142 143 0 117 137 132 146 0 124 116 140 139 0 0 123 104 0 0 116 100 108 117 147 124 140 0 126 145 140 116 108 0 132 115 107 137 144 117 0 0 129 146 116 0 0 0 129 128 119 0 118 0 0 143 110 0 124 110 138 127 0 111 141 130 108 0 0 137 140 132 108 124 123 145 104 113 109 114 103 0 120 121 109 122 147 120 106 130 147 127 124 142 114 102 0 121 131 105 0 104 0 149 144 106 139 137 117 121 0 138 143 142 143 126 108 117 143 144 111 132 0 140 0 133 101 104 0 0 148 136 147 125 139 114 113 0 0 146 0 101 0 0 126 111 109 137 0 122 0 129 0 106 140 133 144 0 0 137 0 129 115 104 139 128 0 0 143 137 116 148 109 100 139 115 0 139 0 146 0 0 106 0 129 0 143 122 107 109 145 0 110 0 138 107 110 148 102 148 128 0 112 0 147 142 115 122 101 120 101 124 143 101 141 0 105 102 100 136 0 121 112 114 0 101 0 149 125 0 0 117 123 141 143 114 130 123 128 108 114 0 127 108 116 136 121 108 135 126 115 124 148 0 104 0 134 104 132 127 103 135 0 124 133 138 131 108 0 136 0 116 0 0 107 129 140 0 112 138 122 132 129 105 146 0 135 128 137 135 110 135 130 143 145 118 121 143 121 0 149 149 0 108 138 0 142 133 104 125 122 113 0 137 101 0 148 146 0 0 144 0 111 0 131 146 121 114 136 104 0 0 129 118 140 0 0 0 0 139 117 0 114 149 138 133 134 144 0 103 134 127 145 0 135 115 0 148 126 0 125 141 0 0 133 145 100 101 126 127 110 0 131 124 146 115 124 0 140 109 129 113 113 128 101 139 133 118 100 115 124 105 100 0 0 132 128 0 0 109 136 135 137 106 109 133 143 0 143 0 127 126 0 135 145 141 0 0 133 130 124 109 118 0 115 0 107 0 128 107 140 0 0 110 100 128 131 0 0 0 139 117 0 0 146 129 0 107 140 112 147 102 141 0 145 143 131 124 140 123 149 108 147 115 0 147 136 134 0 133 126 101 126 106 149 0 0 104 108 0 0 118 0 113 110 112 0 118 141 110 122 109 138 106 125 0 104 120 111 0 140 105 120 0 138 0 0 111 109 107 122 116 121 100 106 147 121 100 0 108 136 117 131 0 105 145 100 126 0 146 110 0 0 146 103 0 138 135 0 0 105 0 0 125 117 0 137 118 131 138 149 128 109 0 120 126 0 147 101 120 0 120 136 122 131 0 129 100 0 145 124 106 108 0 113 0 0 101 120 147 101 129 0 136 138 143 127 117 101 0 120 148 118 0 106 145
0 126 101 142 127 140 104 133 143 137 0 143 138 107 125 0 0 117 109 139 122 109 0 0 147 135 103 111 0 116 146 110 111 114 107 0 125 149 0 0 120 0 105 113 148 0 125 105 0 0 118 122 0 117 103 140 149 135 0 136 118 0 139 0 128 109 0 105 0 113 101 0 118 117 0 137 145 0 143 0 108 115 122 109 0 0 0 0 114 133 104 0 147 113 130 110 0 127 147 0 147 117 139 0 0 103 115 148 104 100 135 100 145 131 119 110 133 105 108 0 0 144 125 107 109 137 0 0 141 0 101 0 112 146 0 107 0 102 116 129 0 0 149 112 127 107 109 0 0 108 110 116 137 149 130 0 114 0 132 141 118 146 0 106 126 119 107 0 0 111 101 123 137 141 0 111 100 119 137 0 140 0 0 0 0 140 117 103 0 143 127 0 128 0 117 0 140 105 147 117 0 0 114 128 0 113 115 124 0 149 108 120 106 130 0 147 129 129 132 149 105 0 123 144 137 104 109 0 107 131 0 144 113 124 115 116 0 102 0 115 0 0 0 139 0 133 131 114 132 146 0 141 146 110 0 115 130 0 0 144 0 136 106 0 104 130 136 118 116 0 115 0 0 116 0 101 114 0 141 101 119 0 143 0 113 106 0 139 143 0 134 148 121 106 0 0 0 139 141 0 129 128 121 135 113 106 116 0 145 112 127 120 136 0 136 115 0 0 112 107 123 0 114 148 125 0 113 123 0 136 118 100 103 0 0 146 116 111 0 140 146 135 122 148 138 122 135 142 0 0 111 0 0 149 123 101 0 133 0 134 0 115 147 0 0 147 147 0 0 125 0 0 0 113 120 109 0 137 0 106 115 106 105 110 0 104 0 0 111 140 125 121 0 116 121 130 143 145 133 0 120 118 0 120 0 138 148 0 114 145 0 145 122 100 131 0 100 105 149 0 145 110 145 118 148 107 125 130 135 121 0 130 0 113 107 135 143 116 126 0 126 0 111 123 131 0 0 131 133 0 0 0 0 137 0 133 142 141 102 0 0 135 101 134 127 123 0 136 148 116 103 123 107 0 0 109 104 0 100 0 101 136 122 0 136 102 130 119 145 0 126 124 115 128 122 118 111 105 109 0 132 0 147 0 118 104 0 113 121 134 0 105 100 0 115 145 124 139 0 144 0 0 102 139 118 146 121 113 0 120 149 0 0 0 148 136 0 127 147 141 114 107 140 136 121 0 111 0 0 143 0 128 133 0 139 0 0 140 100 119 148 0 0 143 136 134 0 123 0 0 0 126 0 100 117 124 111 0 129 107 138 145 0 129 0 117 0 117 115 149 139 137 131 121 140 0 110 113 146 114 139 0 0
0 147 120 0 115 110 147 0 114 0 131 121 123 127 137 126 117 129 116 104 144 120 102 103 137 148 119 130 101 0 0 147 106 0 108 149 0 140 0 128 135 133 123 104 0 104 137 100 111 0 137 109 126 0 0 139 118 127 112 119 128 140 124 142 105 133 119 143 136 0 0 127 146 134 131 0 0 124 0 126 124 115 122 118 127 0 128 148 122 118 136 113 113 0 0 100 0 124 0 114 0 146 103 146 140 132 124 140 100 146 0 107 125 136 118 128 0 0 0 121 114 149 0 0 117 114 0 127 145 106 0 0 0 128 146 0 0 145 0 111 116 0 0 136 114 141 140 123 0 101 124 100 139 148 143 144 111 148 121 0 133 129 134 0 126 130 124 119 125 105 134 138 114 138 0 128 130 123 136 0 0 100 126 130 104 126 127 146 140 0 0 115 104 142 119 107 108 101 122 0 127 145 0 136 0 103 110 142 125 0 0 0 109 104 0 146 144 126 100 0 0 147 142 0 111 130 137 141 0 148 105 109 136 113 139 140 129 0 0 113 112 149 109 0 138 107 0 102 110 140 0 147 0 143 120 119 149 123 123 110 0 133 121 127 0 0 122 0 126 0 0 120 148 141 146 127 136 145 130 127 114 111 132 0 114 116 123 148 0 126 120 0 0 0 0 138 140 133 113 113 130 115 138 0 121 131 118 0 0 134 0 131 103 128 0 108 145 0 0 0 0 146 125 123 124 135 0 101 143 0 0 147 149 0 149 0 147 132 0 132 0 0 101 141 149 120 134 128 118 0 125 135 0 111 105 138 145 149 129 108 0 139 0 116 101 131 144 0 0 130 126 146 126 128 109 140 100 0 100 0 123 149 116 143 126 136 145 132 126 118 118 129 109 147 136 131 147 147 143 124 106 102 133 135 139 111 135 102 139 142 0 138 122 126 129 101 0 0 106 120 0 0 0 101 0 0 125 128 138 118 105 0 126 108 148 0 112 147 0 0 119 103 0 108 115 103 141 101 116 144 111 134 140 0 101 145 0 0 134 105 127 147 144 149 132 138 149 120 0 122 122 131 111 145 137 101 107 129 100 112 102 0 119 125 117 145 0 109 0 133 0 129 145 123 144 122 0 112 106 104 0 131 140 0 102 130 143 111 102 119 130 0 120 132 117 0 118 149 126 109 122 123 103 136 0 134 109 107 141 0 102 108 109 132 105 125 144 131 121 149 149 133 0 145 138 0 0 109 128 118 108 121 146 137 117 104 119 0 0 130 106 138 125 123 115 0 0 148 0 122 0 119 140 104 123 0 0 145 128 102 130 0 0 138 127 0 0 108 117 101 116 145 113 123 126 145 105 0 145 139 135 127
0 102 0 0 103 129 119 0 118 0 102 0 126 144 0 137 0 105 137 0 137 0 117 121 131 104 102 116 145 137 147 116 0 108 126 0 0 130 0 0 0 0 124 129 115 0 0 0 137 0 123 120 131 102 121 142 126 119 0 105 112 128 135 148 122 137 110 117 108 118 136 138 106 0 107 127 141 141 0 0 116 0 133 133 0 0 124 116 130 137 0 102 148 0 0 116 0 134 124 0 131 0 124 0 139 136 122 144 133 102 128 144 124 122 119 128 104 108 0 125 136 145 101 126 113 132 0 126 113 129 0 121 0 144 0 0 133 0 121 107 0 143 0 112 148 147 108 116 132 115 122 145 100 0 125 110 0 0 0 116 149 144 115 106 135 0 128 0 149 0 114 126 106 102 0 0 0 145 104 0 128 103 0 139 105 102 140 144 140 144 114 107 0 139 147 0 111 143 123 113 145 114 122 147 119 131 108 140 113 0 118 111 110 0 131 128 114 0 131 112 116 123 139 0 134 118 139 118 142 0 111 135 123 142 133 131 104 103 124 0 145 0 118 128 0 0 125 0 123 0 0 0 126 0 115 132 111 118 0 138 117 129 117 135 120 126 126 106 0 126 123 131 0 145 113 112 116 140 0 105 0 107 0 124 109 113 0 0 0 0 0 118 0 117 103 0 126 115 139 148 131 116 132 129 123 115 131 130 0 135 0 110 103 0 126 115 118 102 0 109 119 120 141 105 140 119 0 137 137 139 0 147 147 130 133 0 101 124 144 0 125 142 129 108 0 142 0 142 114 130 106 109 0 102 0 125 124 0 0 139 0 0 108 101 134 0 121 125 0 145 103 141 117 0 0 134 143 0 106 149 143 134 0 146 137 102 0 0 0 129 136 144 0 128 115 131 145 0 102 110 0 146 147 137 0 123 123 0 104 0 129 0 144 101 130 120 116 145 112 0 119 114 112 0 142 103 112 119 149 102 0 114 123 132 110 0 138 115 0 145 134 0 146 0 144 149 107 129 0 119 0 135 137 0 0 121 148 146 140 0 0 138 143 0 131 104 123 128 0 0 139 120 145 106 142 124 114 0 0 135 106 124 0 116 0 127 0 102 122 0 0 0 137 0 0 105 132 146 132 113 126 0 125 129 0 132 0 0 108 142 104 0 0 130 107 132 119 0 113 129 117 126 119 0 139 107 0 0 133 121 116 123 144 106 101 118 0 113 124 125 147 135 114 128 111 138 141 0 100 142 116 106 142 0 131 0 124 142 0 0 148 147 121 136 129 117 0 125 105 115 134 100 119 148 139 142 0 143 107 121 112 112 101 121 116 116 145 103 104 104 127 129 0 142 129 130 147 112 0 133 0
0 116 137 127 126 141 103 138 0 120 126 140 130 105 0 103 0 127 138 101 149 139 147 138 115 0 149 136 148 132 0 132 109 138 0 0 0 134 138 111 142 0 122 104 103 0 0 144 105 148 116 131 134 132 130 142 109 113 145 0 0 121 0 0 142 144 103 143 130 125 120 138 0 0 109 127 115 105 136 0 121 139 0 147 100 112 0 116 145 108 0 0 122 111 0 0 117 144 142 125 104 141 143 107 102 124 147 128 125 0 0 130 118 0 109 139 0 125 0 148 117 115 122 0 100 111 100 107 121 0 117 116 0 0 105 0 124 131 104 0 136 135 132 119 123 103 106 0 109 127 105 125 110 0 137 131 125 131 131 129 0 0 117 0 118 149 136 118 133 137 137 114 136 107 141 105 111 0 113 129 0 144 0 131 141 111 122 0 132 0 132 0 147 122 141 118 129 133 115 0 143 134 0 147 107 108 143 143 0 139 135 101 144 0 141 129 121 0 133 136 105 0 107 136 121 131 133 112 123 122 116 130 117 0 116 130 147 117 100 129 119 0 122 123 125 144 0 0 114 131 133 0 0 119 131 0 0 0 137 104 100 0 0 100 122 0 113 0 106 119 105 108 145 102 115 129 117 111 136 107 124 149 138 132 135 0 128 141 115 113 0 123 121 137 131 144 137 119 134 120 135 0 133 0 126 143 110 134 147 141 106 114 114 139 102 102 146 142 0 111 105 115 142 120 125 127 122 143 105 0 0 130 109 133 144 144 139 103 137 122 134 0 133 0 141 147 130 115 121 0 130 147 134 0 107 105 0 0 112 0 0 116 105 100 118 140 121 130 139 102 0 0 125 124 0 116 0 129 108 120 111 107 121 0 137 0 123 146 135 131 117 117 109 116 121 0 0 129 145 0 145 0 0 145 0 132 137 146 0 0 129 120 148 115 105 0 114 135 121 132 117 0 107 130 149 0 110 134 101 0 123 127 140 0 122 122 0 128 117 145 124 142 0 0 134 124 0 146 0 127 0 133 139 101 121 102 122 136 128 134 124 133 104 109 119 109 144 102 149 0 138 0 106 149 146 0 120 0 103 133 117 0 0 0 0 131 0 128 0 105 108 142 130 0 100 138 0 144 149 115 144 143 133 0 143 123 142 135 120 117 112 122 135 139 129 128 110 102 122 0 111 0 116 124 108 0 145 120 0 109 129 0 117 0 0 127 0 101 107 104 102 115 107 133 0 119 121 134 149 133 132 120 0 119 0 136 0 146 119 145 129 148 130 114 121 0 104 135 134 123 0 145 0 103 0 120 141 130 142 111 127 0 120 113 0 108 136 121 115 112 115 0 120 129 135 118 129 128 115 130
0 100 127 127 123 0 106 104 123 135 0 125 0 118 146 131 139 125 113 0 0 110 0 0 140 0 124 137 0 110 114 134 108 114 111 126 0 112 112 146 0 0 142 0 0 147 0 100 141 118 120 104 0 148 141 143 146 134 143 146 0 129 124 0 119 111 0 136 0 100 125 0 120 138 141 149 0 131 104 0 120 0 103 0 0 0 0 0 112 0 135 109 124 113 124 114 131 147 136 109 0 124 127 128 148 0 117 137 119 113 0 0 114 105 100 139 131 0 122 119 0 102 132 149 141 0 0 105 0 101 106 117 133 132 140 117 0 0 140 120 108 108 116 125 122 123 134 119 128 146 135 116 143 146 139 0 0 132 109 138 0 132 131 133 0 115 136 138 0 0 137 0 146 0 136 0 138 132 0 111 0 0 138 120 145 145 116 0 0 142 0 114 138 111 0 117 144 106 143 136 0 0 112 118 149 139 141 145 0 143 104 139 106 0 138 149 131 141 111 101 131 0 105 107 0 127 140 134 118 148 143 145 100 0 134 148 125 101 118 145 144 123 100 105 131 107 140 140 140 140 101 111 142 0 111 103 116 122 138 116 0 100 139 117 0 142 114 118 0 139 143 0 105 0 0 138 0 0 148 0 116 0 0 136 0 0 103 121 128 116 132 137 112 127 101 0 146 149 111 104 103 135 136 124 138 122 118 0 143 0 0 131 0 122 0 143 142 135 108 102 0 0 130 143 147 108 120 134 0 111 102 149 143 117 0 120 110 106 129 121 142 0 113 112 106 142 147 0 122 120 142 141 144 145 122 140 128 0 0 0 0 102 117 107 148 0 101 130 132 0 0 0 0 134 148 0 0 148 0 110 0 0 103 143 137 120 0 125 145 105 142 122 105 0 119 110 0 123 146 128 140 139 119 109 118 0 113 115 105 131 139 122 108 123 103 113 113 105 133 0 122 137 104 118 124 0 106 0 125 134 146 0 104 0 116 121 0 0 132 104 120 124 135 0 123 144 126 0 110 106 149 0 134 125 141 100 142 0 101 0 140 145 100 101 0 139 116 122 130 135 107 147 120 139 0 0 0 149 0 122 137 108 134 0 141 109 134 0 126 0 0 121 146 145 129 116 104 104 100 122 130 110 0 0 130 104 146 101 146 149 149 0 137 125 111 125 104 116 142 0 0 123 0 108 146 149 127 111 105 0 128 136 116 130 137 129 102 132 137 0 0 119 144 139 114 126 104 0 127 0 0 141 119 146 126 118 138 0 0 0 110 104 0 141 135 117 107 122 135 129 0 112 118 122 0 140 105 129 0 106 121 0 123 117 118 107 101 102 0 129 111 149 136 117 111 105 137 124 134
0 148 136 111 0 0 119 131 145 149 121 108 148 0 139 110 141 0 136 123 144 106 102 119 146 118 101 127 121 145 142 0 120 120 124 117 0 0 115 0 113 145 0 0 0 119 128 141 134 130 126 0 109 147 132 135 108 145 0 144 104 107 0 139 0 135 137 143 131 0 0 138 110 123 0 122 0 0 127 137 0 113 114 108 0 0 143 131 0 129 0 116 135 102 127 0 0 145 101 116 140 118 140 122 0 0 110 114 134 105 117 131 109 102 129 138 117 0 134 140 106 138 0 149 140 129 0 137 141 135 111 104 106 137 124 116 121 139 134 0 122 0 145 103 143 0 0 119 0 0 104 103 0 130 121 0 0 119 0 142 149 111 138 134 122 117 0 111 127 125 0 121 136 126 111 124 133 148 128 130 107 0 113 117 143 0 121 117 0 142 119 149 133 0 0 107 135 122 0 133 0 0 115 130 148 144 109 139 135 142 102 0 123 100 142 0 0 112 0 114 104 146 148 0 148 138 0 109 119 0 110 132 109 117 0 111 128 111 133 136 135 101 125 140 0 142 140 0 136 0 101 114 0 114 134 0 0 117 0 116 115 0 147 119 105 103 100 128 0 110 144 124 126 124 100 118 144 0 0 138 141 0 124 0 115 0 138 0 0 112 0 112 133 124 110 101 121 115 109 139 142 129 138 115 124 127 108 140 112 125 111 144 112 145 124 147 127 136 100 131 144 0 110 140 0 0 138 136 138 138 131 0 128 102 131 0 141 0 134 127 103 131 0 134 0 149 143 135 123 0 103 111 136 125 0 116 0 101 0 105 110 0 0 133 113 0 121 0 149 122 115 140 149 124 0 0 126 106 141 120 108 138 0 124 102 0 0 143 135 104 129 108 118 0 120 140 119 0 148 136 137 113 128 0 131 115 138 149 139 130 105 148 0 103 120 120 131 118 127 140 104 105 104 135 141 108 0 124 115 0 0 149 104 0 140 110 125 111 147 0 137 0 135 149 113 144 119 146 119 0 101 102 0 0 108 0 129 101 149 0 0 131 103 128 139 115 130 120 118 134 143 136 108 145 139 102 137 143 0 138 140 109 110 117 143 106 101 102 100 130 142 105 137 144 117 106 142 147 122 113 113 0 0 0 100 117 113 0 139 129 145 110 115 149 0 101 0 115 121 132 108 0 106 139 0 147 104 113 0 101 134 104 0 109 129 0 135 131 100 142 122 0 149 126 141 0 107 128 0 121 0 0 118 105 0 133 0 0 148 107 104 112 112 131 0 0 118 0 129 0 122 0 138 144 0 0 0 0 111 115 141 148 138 144 139 103 107 121 0 0 146 103 134 138 0 138 0 107
0 118 119 0 0 112 0 104 138 0 120 139 131 107 0 0 0 149 127 136 134 0 130 139 113 116 145 117 0 0 133 131 134 119 116 149 0 142 141 0 104 124 112 122 0 116 0 106 117 127 121 132 116 105 136 107 101 142 107 110 124 124 146 125 102 118 128 131 0 0 111 115 137 0 119 0 0 114 0 136 0 104 125 147 0 0 108 0 0 0 106 119 148 125 123 0 0 0 132 118 137 128 124 129 109 140 0 126 116 127 117 109 0 137 143 0 116 109 133 0 131 118 102 146 145 114 104 136 124 130 0 111 110 145 139 0 143 0 131 138 126 108 0 0 142 0 0 112 114 0 146 119 0 148 126 148 111 142 116 0 123 107 130 0 119 0 125 101 0 110 138 146 132 0 0 117 113 132 0 118 111 114 142 101 0 118 133 129 114 109 116 112 101 0 108 118 107 118 0 0 0 128 0 139 107 133 0 113 103 119 102 0 132 119 0 122 107 102 106 101 115 125 107 0 131 132 0 138 0 112 149 0 140 0 145 112 0 136 0 143 139 101 112 112 134 109 117 117 0 146 127 0 118 130 117 0 0 127 104 145 0 110 124 119 144 110 0 113 0 0 107 101 124 118 123 0 0 122 114 0 101 0 142 0 135 0 113 140 0 0 112 0 125 129 134 120 0 116 0 131 101 111 116 110 142 101 114 145 119 0 112 0 134 102 0 148 106 120 0 110 143 113 135 123 100 145 0 126 148 136 132 0 130 0 126 126 137 105 0 135 0 143 118 104 121 0 122 141 132 0 129 0 105 0 0 124 125 0 114 146 143 0 0 135 131 114 0 124 133 0 0 0 127 137 0 148 136 127 145 124 135 129 134 139 137 0 142 148 143 0 0 121 146 126 124 149 102 139 102 0 108 0 130 115 101 145 132 123 0 100 140 129 149 136 115 129 0 106 0 101 0 148 121 103 115 127 0 144 124 111 0 148 135 132 0 149 116 0 126 0 0 0 114 0 0 148 149 127 119 110 0 0 0 103 0 144 0 107 102 108 0 0 139 0 112 0 0 123 0 117 122 137 135 114 149 101 102 128 127 0 143 126 130 117 124 121 135 140 122 124 127 0 0 115 129 0 0 110 116 139 0 0 0 120 136 0 0 109 0 139 112 0 120 103 121 0 123 103 0 0 134 0 123 133 0 127 144 130 0 110 0 138 118 111 122 0 132 105 142 116 139 117 0 116 116 111 109 101 145 122 149 138 122 0 126 100 134 137 110 142 134 132 107 0 140 0 141 0 0 132 117 115 128 0 146 0 148 104 0 124 138 105 128 111 0 0 0 0 0 0 146 149 0 101 109 0 0
0 123 120 0 106 114 119 107 117 142 119 143 114 0 132 117 113 138 116 120 137 141 146 119 149 143 0 0 111 143 124 118 138 0 141 144 0 136 113 0 110 110 111 0 133 137 133 101 107 0 138 101 145 0 142 0 0 132 0 0 149 111 128 0 104 0 145 123 109 108 126 110 146 120 101 143 112 100 146 105 145 127 0 116 0 101 105 111 0 135 0 101 149 111 0 128 0 142 100 108 118 0 110 140 0 124 146 112 109 137 131 0 109 127 0 110 147 0 137 147 109 114 107 0 109 101 126 141 0 124 116 0 144 112 142 128 0 146 0 109 139 121 142 133 132 138 138 120 126 124 0 141 145 120 115 149 121 120 0 119 146 142 119 0 108 113 118 136 139 136 107 136 0 112 126 140 124 124 136 137 108 0 102 110 147 146 0 136 125 116 0 105 101 134 110 120 145 149 118 0 145 110 126 139 128 133 142 111 118 141 122 124 129 109 0 0 134 0 0 129 123 100 0 147 149 0 111 122 147 0 130 133 0 0 131 141 123 142 0 0 124 100 113 112 140 101 114 136 0 119 135 130 141 0 145 0 0 0 0 133 146 0 109 134 110 144 0 141 101 128 102 108 0 120 128 102 149 0 149 0 0 148 109 126 125 0 0 104 110 146 123 107 124 0 107 135 137 116 124 125 110 146 0 0 136 107 121 107 145 0 0 106 111 0 131 0 137 148 141 114 140 139 149 116 0 0 124 130 111 106 0 0 0 0 0 135 104 0 133 145 143 104 119 147 107 0 123 100 0 117 104 104 0 140 132 133 0 127 0 107 111 0 130 129 0 115 135 0 114 114 0 120 124 123 0 113 144 100 109 0 122 102 124 0 0 0 141 102 121 0 122 0 132 132 121 126 121 0 138 0 0 0 113 111 147 145 101 135 103 134 103 106 120 138 145 0 117 119 0 0 120 136 0 140 134 141 146 0 100 137 130 109 124 135 118 104 141 128 145 147 139 110 133 143 131 105 118 115 103 119 118 0 120 123 0 109 118 0 108 0 111 114 0 118 136 145 112 0 147 124 122 126 102 117 140 125 118 0 125 0 131 143 114 137 0 118 127 139 143 0 112 0 112 139 126 142 127 0 114 130 148 110 0 102 0 0 0 143 118 146 130 146 0 130 0 147 102 117 107 143 129 119 117 0 103 141 148 138 0 0 0 139 112 0 128 136 0 0 138 149 140 103 0 0 140 106 0 122 123 119 136 148 135 140 0 117 132 104 143 142 0 143 112 0 135 121 127 112 148 0 140 139 120 114 0 118 102 115 128 108 119 116 119 129 132 0 0 0 0 0 118 103 0 108 0 136
0 117 0 127 125 106 0 114 0 149 0 0 0 131 120 138 142 110 119 0 100 138 108 139 130 148 128 133 0 101 125 126 143 138 147 102 111 0 113 142 116 130 111 100 0 112 124 0 0 112 118 143 139 137 144 112 148 129 120 126 125 148 105 102 105 0 146 0 113 112 149 135 106 134 103 0 123 149 133 0 135 116 0 0 120 102 143 0 105 0 0 147 0 0 141 126 0 0 0 139 0 104 0 146 145 126 108 136 135 113 133 0 0 119 128 123 118 141 113 114 108 0 132 138 143 118 146 0 0 148 140 0 135 127 146 137 128 111 148 0 0 146 0 114 142 100 129 142 116 0 144 0 120 125 120 111 138 126 101 148 0 139 146 120 149 0 106 101 134 137 125 142 0 112 0 0 141 110 118 110 109 101 105 106 132 126 120 125 148 136 0 139 129 116 108 0 119 0 110 140 142 0 0 0 104 134 118 0 108 100 121 104 115 109 118 104 116 106 0 144 135 134 0 0 0 138 118 0 127 0 134 118 109 104 110 121 143 112 133 0 0 0 147 149 0 118 100 130 0 148 0 108 113 146 138 128 134 0 106 120 131 114 120 106 114 133 145 0 140 149 0 142 124 125 135 134 141 140 0 106 114 114 112 116 112 0 0 114 123 0 101 140 140 113 135 0 145 0 123 144 140 143 0 139 110 141 0 100 0 112 147 0 108 0 137 115 105 149 121 145 0 124 122 133 139 101 124 0 140 109 149 109 0 0 128 145 123 0 106 0 0 143 0 125 148 0 147 0 102 123 139 0 138 128 0 0 123 124 102 140 126 129 111 127 115 101 0 0 139 118 142 140 137 146 0 0 142 146 0 117 111 136 111 142 113 0 133 109 100 128 0 149 132 113 0 121 136 140 146 142 136 0 0 123 103 129 120 0 120 148 127 144 0 139 109 0 110 0 116 131 101 100 137 0 124 141 0 108 0 0 100 0 0 0 129 100 0 0 145 0 0 0 0 103 0 0 112 0 135 132 116 146 110 139 144 119 0 128 129 122 145 139 143 0 127 108 0 0 127 0 113 140 131 144 125 138 116 123 0 0 130 108 132 0 140 140 0 0 0 135 144 132 109 0 0 144 148 132 129 107 114 139 0 140 134 129 146 0 130 112 0 105 119 0 0 117 0 133 0 0 104 147 129 103 0 142 148 123 120 103 148 123 0 0 0 112 0 0 138 0 144 140 0 0 129 0 136 128 137 0 105 0 0 0 105 110 101 0 104 0 126 0 133 105 140 119 139 0 122 101 143 113 0 0 127 136 139 133 146 0 141 111 142 141 134 130 146 125 122 133 105 0 0 110 126
0 148 0 149 135 140 0 110 0 114 112 148 128 135 101 131 121 123 0 0 129 110 100 0 0 147 146 112 119 130 0 142 104 142 140 110 111 132 0 140 0 0 0 0 145 148 100 142 135 0 106 103 104 0 127 0 0 0 123 0 138 114 0 100 142 0 0 140 0 0 0 107 138 147 145 0 109 122 129 135 0 129 104 0 145 135 138 132 0 0 131 0 130 138 122 0 121 119 130 115 109 0 102 125 0 119 125 141 134 112 118 106 106 142 144 139 0 0 139 140 101 114 0 124 131 109 142 137 0 103 0 124 100 0 125 122 142 130 111 0 100 140 148 137 123 121 0 0 0 104 122 0 116 0 133 0 137 101 0 133 0 135 0 0 0 110 107 118 0 141 119 108 145 149 0 139 149 0 0 138 119 0 0 0 0 128 121 0 110 131 135 132 116 105 148 0 121 139 137 0 142 145 114 146 100 119 0 122 147 110 116 105 101 129 0 148 104 0 111 139 138 108 105 146 103 100 132 103 121 133 0 0 118 100 131 0 134 121 136 120 126 119 117 119 0 113 108 0 105 124 136 125 129 142 136 115 0 149 130 148 127 100 133 145 101 0 124 124 116 0 0 0 114 149 142 102 101 111 102 0 0 130 125 125 126 127 117 109 127 130 112 128 145 0 0 110 123 106 147 123 117 111 143 136 102 121 0 0 106 0 0 0 0 110 104 100 142 115 121 110 124 0 120 139 138 145 0 105 111 110 146 115 121 0 136 102 137 114 144 124 128 144 148 142 106 145 139 140 111 107 116 0 114 127 0 116 0 125 138 147 149 0 147 140 113 0 0 116 147 0 107 0 111 142 103 120 0 135 112 0 0 101 119 121 140 144 107 145 0 141 136 138 0 0 132 0 0 0 143 120 113 0 0 132 0 116 100 113 120 103 107 110 127 149 0 123 139 119 146 149 116 145 105 131 101 135 0 138 125 141 146 140 149 0 103 106 105 0 143 0 145 108 141 0 144 139 123 104 0 131 0 0 132 133 0 100 133 105 126 105 143 125 132 128 0 104 139 118 119 0 100 0 0 140 0 105 118 119 145 107 0 143 113 114 104 115 0 0 0 0 148 116 113 113 108 114 110 0 0 120 112 110 114 128 0 0 101 140 104 109 138 0 103 133 129 108 148 110 0 0 100 0 148 109 115 143 106 0 126 120 124 141 103 0 141 0 142 116 128 136 130 137 101 125 100 102 132 131 146 148 0 0 104 0 102 0 136 0 0 0 102 0 118 140 115 0 0 134 0 147 0 142 129 110 109 133 0 147 144 129 0 0 0 120 0 149 120 112 132 126 137 110 123 139
0 137 129 102 109 133 106 119 0 0 113 123 142 116 0 105 113 0 108 108 133 133 107 138 125 119 108 142 132 0 101 104 137 149 102 123 111 0 132 143 143 144 0 101 101 121 0 0 0 117 116 116 0 133 0 126 0 129 0 113 116 126 138 106 130 101 114 140 138 0 107 0 144 102 0 124 0 130 0 109 129 149 114 139 0 0 0 139 141 100 0 111 0 106 110 105 115 119 109 116 120 0 0 137 144 105 125 113 131 130 126 147 0 103 102 111 0 115 0 0 117 0 120 101 0 104 116 109 134 121 124 0 0 111 133 139 105 116 119 129 123 146 119 124 130 110 107 128 143 134 0 135 115 104 113 123 127 138 101 0 116 122 144 123 149 121 140 132 112 109 0 126 137 125 147 101 0 108 140 120 103 135 128 148 140 0 143 113 111 144 114 117 109 120 145 0 101 0 148 136 101 0 143 134 108 109 120 111 123 145 136 147 0 145 128 121 134 146 0 104 109 127 0 106 0 0 0 138 114 121 147 0 142 0 143 149 0 113 127 138 121 110 139 113 136 132 0 119 0 122 127 144 147 0 121 111 0 145 143 130 128 114 113 146 119 0 103 140 130 0 121 0 110 0 0 114 129 0 140 139 0 132 145 139 0 0 111 119 102 0 119 0 149 134 104 105 127 105 0 0 102 124 133 125 0 0 0 122 132 0 139 109 133 110 104 135 139 149 0 148 137 0 146 124 140 113 0 0 131 149 146 0 106 0 137 131 113 141 138 0 102 135 132 115 0 114 144 110 111 127 132 0 101 0 0 133 141 0 100 118 103 133 114 0 0 100 139 144 121 118 123 122 0 119 145 103 137 108 144 0 129 0 137 146 0 146 109 0 0 120 0 0 132 129 103 149 0 135 0 116 0 0 111 105 126 144 0 142 129 127 110 143 0 125 0 142 144 123 0 121 0 108 0 106 127 124 131 105 138 122 0 106 104 0 113 146 122 113 125 0 0 106 143 112 114 0 142 113 128 131 118 0 0 0 0 0 0 130 0 140 134 123 0 141 145 0 118 138 140 147 116 0 0 143 0 0 109 122 140 0 136 108 0 143 136 130 110 114 110 108 130 142 149 124 110 105 0 108 141 0 103 140 0 139 111 142 123 123 0 100 133 103 101 144 136 0 144 142 137 0 118 124 122 135 124 138 125 0 104 126 139 110 128 143 101 141 102 133 106 127 108 0 0 139 0 143 0 131 108 0 147 130 102 0 131 132 107 114 148 0 104 102 133 105 145 141 139 0 0 0 0 0 140 146 0 137 119 104 105 147 149 129 100 118 143 107 128 112 102 113 144 125 102
0 105 149 136 122 134 130 111 149 139 0 138 142 141 0 126 116 101 116 114 101 0 100 0 131 128 119 109 128 132 0 148 0 140 103 0 125 0 135 142 136 149 145 0 103 140 111 131 111 142 0 130 141 118 0 149 0 132 0 142 143 114 101 123 121 0 135 0 104 111 0 116 104 0 130 130 145 142 112 132 106 0 105 138 0 100 148 135 121 0 0 0 144 112 122 126 148 110 143 148 149 118 123 0 120 126 106 147 0 135 0 141 132 118 136 0 102 130 120 142 136 141 112 109 134 112 121 112 103 119 0 116 108 117 148 148 126 144 148 144 125 139 0 113 132 138 133 101 142 105 105 127 121 0 117 0 112 107 101 124 0 111 123 0 131 102 110 0 133 0 147 0 129 111 123 137 137 144 112 141 133 126 125 0 0 139 0 136 143 137 136 104 0 0 110 126 149 0 0 123 148 122 119 0 0 123 128 127 114 0 132 100 100 149 0 133 138 0 135 0 131 0 133 146 146 138 110 121 0 131 138 108 137 0 116 134 0 121 0 131 113 114 0 133 115 104 131 120 0 147 147 128 0 133 0 105 0 130 139 115 107 103 0 137 137 123 148 104 102 0 144 122 136 110 0 147 132 101 135 102 148 138 0 112 144 101 0 0 0 127 0 122 0 0 124 145 101 0 0 120 141 133 108 120 138 0 125 127 127 138 149 138 124 115 129 102 104 126 126 121 128 0 131 0 0 0 121 140 0 134 125 119 107 0 0 104 125 107 140 122 142 115 134 126 103 102 120 149 127 101 100 126 0 0 103 0 142 0 105 101 0 105 111 144 117 137 141 133 120 116 113 0 112 0 140 0 0 131 132 123 0 149 135 136 117 140 0 133 143 123 101 0 141 142 127 127 0 120 121 125 123 149 110 120 130 112 129 140 102 0 0 131 134 0 148 148 145 0 0 123 121 147 119 125 0 0 0 133 107 0 143 117 0 126 147 0 147 143 0 0 0 106 105 0 100 141 132 147 112 100 140 140 0 119 119 121 121 139 108 133 141 143 116 140 0 122 0 126 0 139 0 145 115 112 0 142 119 120 0 0 122 128 148 133 149 147 111 103 149 123 140 0 145 128 122 131 106 0 0 133 131 147 125 118 0 143 0 114 0 0 109 0 113 148 112 0 130 101 131 101 0 140 0 106 109 0 106 121 148 0 128 0 0 129 149 128 110 110 141 148 0 130 149 123 128 120 0 135 109 144 123 0 105 106 115 0 0 146 116 0 119 0 126 148 125 128 117 119 129 144 149 0 0 104 0 0 101 147 120 0 134 0 108 112 118 0 117 109 0 110 140 134
0 132 106 113 111 120 0 0 139 137 0 144 110 107 148 0 136 148 141 147 141 0 116 143 0 149 126 144 101 0 123 0 106 0 145 129 0 131 0 128 0 0 0 144 0 143 102 130 137 107 121 108 149 128 0 102 130 107 0 0 0 0 114 117 0 105 123 0 115 110 147 116 126 100 103 143 0 0 0 138 0 125 101 117 149 140 141 0 102 104 101 0 104 103 138 129 0 107 121 140 109 0 135 125 123 147 102 104 106 132 0 0 127 123 116 117 140 140 106 145 0 0 104 136 0 104 126 0 118 127 125 148 100 120 120 0 0 109 105 147 123 0 0 115 140 0 105 100 142 0 0 0 122 0 148 0 119 120 104 104 0 140 0 0 101 100 142 0 138 146 142 148 137 0 138 136 121 135 119 148 105 111 0 0 140 0 0 0 145 146 102 104 121 110 146 120 112 0 141 110 117 129 148 145 0 118 119 0 137 101 148 148 0 132 107 0 127 127 119 125 102 132 129 141 112 0 0 0 149 115 110 135 118 122 0 0 125 102 135 0 116 140 117 144 140 0 122 102 119 103 0 128 137 101 149 144 137 114 0 142 114 132 142 0 0 109 144 143 147 114 117 0 115 135 126 127 137 146 149 140 143 145 0 108 0 121 0 100 126 147 139 138 0 107 118 118 0 144 120 122 115 112 118 113 0 108 121 0 137 132 116 102 0 137 133 147 128 111 106 132 114 0 0 114 0 148 0 130 129 143 0 0 137 111 145 113 0 0 0 141 0 128 112 100 0 102 143 147 137 109 129 0 102 104 120 122 0 125 0 137 122 119 149 0 114 0 103 147 104 125 142 0 145 146 132 0 126 132 0 126 107 0 118 128 139 149 0 124 137 0 149 0 122 119 122 142 117 139 0 138 101 118 0 0 101 147 0 0 109 138 129 120 131 0 111 0 0 145 107 130 0 143 123 135 112 119 0 115 0 118 0 125 116 140 0 141 127 146 124 103 0 0 134 134 0 134 0 129 110 127 0 134 0 101 140 113 128 126 134 108 0 120 144 119 0 0 0 0 131 120 100 129 111 130 133 106 142 0 117 124 135 129 0 140 104 148 119 149 130 105 115 147 0 0 124 143 104 135 109 0 0 116 112 0 0 105 103 123 138 115 136 0 129 141 117 140 0 0 133 131 0 104 0 109 146 0 0 108 132 119 101 149 138 0 103 140 142 0 100 142 127 114 0 121 101 124 0 122 0 125 145 0 0 107 132 106 0 121 129 140 106 112 0 0 145 107 142 147 128 136 126 132 0 110 131 0 138 121 127 118 124 117 131 115 116 129 147 0 140 100 102
0 149 109 126 134 131 142 104 110 148 132 121 113 128 127 0 101 129 129 147 149 112 115 128 0 123 147 131 117 106 136 147 110 0 140 143 140 114 146 0 0 111 103 127 0 116 111 0 122 137 100 145 129 0 110 130 135 140 0 116 104 0 122 108 103 107 118 106 0 119 105 113 141 124 132 111 0 107 113 0 136 148 142 102 144 0 140 0 118 101 0 104 127 0 106 146 104 128 108 104 143 0 0 148 116 111 0 108 124 101 138 117 122 105 106 101 135 113 112 0 0 0 118 131 130 130 130 149 141 101 135 100 116 106 0 0 107 120 148 116 106 137 117 113 101 0 117 0 121 105 114 0 145 107 100 141 0 0 0 112 106 121 130 132 149 109 0 108 0 128 138 107 134 0 149 129 132 127 131 0 144 0 105 129 147 139 102 147 0 106 0 0 117 108 102 0 0 148 0 114 122 121 148 133 0 0 141 148 0 148 0 114 107 0 148 146 0 110 136 103 122 102 130 108 129 0 121 144 104 0 142 145 100 103 109 0 0 142 140 0 103 135 0 107 140 144 0 145 0 149 125 146 148 0 102 145 120 130 147 132 110 0 0 135 145 113 137 144 144 146 123 141 114 118 110 110 146 0 102 149 106 126 132 136 0 124 129 0 131 113 0 0 110 0 0 133 142 102 0 118 134 0 137 126 104 0 100 143 148 148 141 104 117 0 0 149 121 117 102 0 0 123 139 128 131 0 105 118 0 144 0 142 131 0 139 145 101 0 0 0 113 0 0 125 104 118 138 116 104 130 0 141 0 0 131 0 109 146 109 0 124 100 0 146 0 124 108 123 0 149 140 132 107 134 112 0 119 101 0 107 103 101 109 100 147 144 109 127 0 109 0 0 107 134 140 119 140 134 105 134 118 146 0 126 139 137 144 130 138 100 0 125 127 115 131 133 0 0 128 105 114 140 131 103 0 0 112 122 137 0 115 108 0 115 137 140 137 0 0 149 122 104 148 0 118 149 139 0 116 112 107 104 0 124 106 102 135 147 128 104 127 0 0 0 0 149 144 127 133 129 120 0 142 104 140 0 132 120 0 148 138 126 105 0 140 106 129 125 0 103 129 102 132 105 109 118 136 0 116 0 139 145 144 143 0 107 109 106 122 133 0 141 145 147 130 149 118 113 136 121 111 124 148 115 103 0 0 113 112 0 138 140 0 110 141 0 0 135 132 148 0 0 133 0 105 102 124 103 147 0 0 111 106 106 124 119 103 108 0 116 110 0 127 134 114 131 134 146 0 114 140 107 105 145 120 143 0 123 147 105 143 133 103 109 143 0 110 110 0 0
0 149 0 121 137 0 107 147 133 144 103 134 148 109 102 104 143 0 124 138 127 0 146 134 0 111 132 121 112 120 149 146 114 142 129 0 121 129 105 145 120 0 0 109 0 147 131 136 105 121 145 0 122 120 121 147 112 133 143 113 0 0 0 116 148 101 117 123 142 107 119 107 113 126 124 123 142 144 101 107 111 143 0 125 137 130 114 0 0 101 144 133 126 136 132 135 146 129 116 144 0 112 0 132 0 147 0 0 148 124 130 106 129 101 136 126 135 143 0 136 149 113 0 121 0 114 115 0 0 145 105 116 0 110 121 127 132 0 0 112 145 126 140 114 138 118 144 106 133 0 141 124 136 0 0 142 0 114 141 105 114 147 0 114 0 105 142 0 104 145 129 0 101 149 0 126 135 0 108 126 100 127 100 131 0 130 0 111 101 121 133 144 143 121 140 129 130 134 135 137 120 147 0 135 123 136 0 146 114 110 0 132 0 0 126 108 130 128 0 107 0 125 103 134 141 101 123 100 124 137 112 0 140 0 114 0 131 138 116 146 149 113 121 104 0 107 111 140 131 118 149 0 141 100 0 0 0 136 126 0 104 111 131 124 0 122 126 0 140 0 109 133 149 125 106 109 112 138 100 134 130 0 0 127 145 0 0 114 127 119 0 105 120 105 0 0 0 129 130 117 112 110 0 0 137 149 111 121 114 0 137 103 123 106 149 140 114 102 107 0 146 0 132 107 0 0 135 0 0 136 147 112 124 120 106 141 144 143 113 0 128 110 145 0 128 108 112 0 0 0 138 139 0 0 142 121 119 139 124 114 110 140 0 132 100 134 140 129 140 106 0 127 124 138 0 122 0 142 0 121 0 102 105 124 101 126 0 132 0 148 130 145 146 107 0 129 106 129 131 126 122 0 146 137 118 134 0 0 0 0 126 118 0 101 0 116 103 107 0 116 146 140 128 118 107 115 120 144 0 125 111 136 145 133 135 105 117 143 122 0 122 127 142 148 119 149 120 106 145 129 0 143 107 0 133 140 101 114 0 146 146 0 106 117 137 0 135 0 131 108 0 119 0 103 148 104 112 0 0 113 109 140 0 134 107 0 133 0 0 0 0 141 135 141 118 128 109 123 148 126 113 112 124 141 145 144 108 102 116 0 108 149 123 140 146 100 124 138 148 137 131 114 0 0 115 146 112 120 0 144 119 138 102 0 100 120 104 133 111 104 100 103 111 0 131 100 129 123 0 137 134 103 143 109 136 116 101 131 123 114 135 0 149 139 0 148 115 0 116 144 0 128 147 142 116 0 141 143 137 119 0 132 149 137 136 0 100 126 118
0 108 119 128 104 137 0 0 119 112 133 128 0 147 145 124 120 127 127 109 0 104 135 0 141 0 0 124 112 122 113 111 0 110 0 0 142 140 109 119 148 121 142 134 139 0 143 117 124 113 106 105 146 113 131 136 117 0 0 136 0 127 143 115 112 117 145 137 112 0 132 126 122 135 110 103 145 149 0 101 134 101 132 108 0 134 0 0 147 135 148 146 140 0 130 148 0 0 0 132 133 140 0 139 134 105 108 108 114 121 135 0 115 121 126 126 120 105 127 123 144 104 0 140 0 0 137 109 0 0 100 114 106 122 106 138 0 0 123 0 136 0 112 139 124 135 117 130 0 135 147 122 146 0 123 131 108 0 110 0 142 104 104 134 103 146 101 0 120 0 148 106 0 102 122 0 107 101 121 149 103 130 134 0 0 119 109 0 120 118 0 144 0 108 0 145 119 130 134 134 0 0 0 0 142 0 0 115 146 141 108 149 147 143 116 0 132 125 128 0 112 132 138 133 0 138 128 149 130 118 140 125 0 132 103 110 124 0 105 140 0 145 114 0 115 0 110 101 146 0 0 0 124 0 142 105 124 0 133 113 114 104 118 142 133 133 0 133 0 118 0 120 0 146 134 141 149 141 100 121 142 112 0 115 0 111 141 119 105 0 115 119 0 112 136 102 0 122 132 0 123 142 103 111 117 0 119 0 0 0 103 0 107 136 138 111 117 149 0 133 0 122 136 119 0 141 129 115 130 144 105 103 136 120 0 128 108 0 121 106 114 121 0 0 119 0 125 130 0 0 129 0 0 102 118 135 137 0 108 139 122 142 124 114 0 0 0 0 115 103 0 112 138 122 113 102 0 139 123 0 138 115 141 0 108 101 111 130 140 100 143 0 134 121 100 0 0 0 0 115 122 129 0 119 112 123 131 105 0 127 101 109 117 0 125 0 128 138 148 128 0 0 100 145 122 134 113 0 105 144 129 0 111 119 120 130 122 116 139 144 123 108 106 112 117 129 103 140 121 115 0 100 119 0 131 102 140 135 141 102 118 135 139 102 0 147 108 0 140 117 0 119 102 0 0 129 119 107 126 0 0 0 145 0 112 130 115 115 0 138 149 127 122 0 103 100 118 0 0 124 0 148 124 0 145 104 127 0 128 102 121 0 119 149 125 119 131 143 135 114 149 114 104 141 0 110 107 119 149 0 114 104 115 107 136 116 131 132 108 0 141 136 0 137 129 123 134 123 142 145 0 109 0 125 0 0 0 144 0 124 107 142 133 0 148 0 124 104 144 104 112 119 101 102 0 132 138 107 102 115 105 148 0 0 133 113 111 123
0 111 0 0 0 137 135 108 111 147 135 0 0 0 0 146 109 0 139 101 0 0 120 0 125 107 136 147 117 127 131 105 121 138 103 134 137 147 141 0 108 116 0 0 145 0 132 114 137 0 118 142 0 126 142 0 0 0 108 0 138 0 109 136 0 102 101 0 144 0 0 0 131 0 132 140 147 107 116 111 100 133 0 136 103 115 0 134 126 102 0 0 0 113 0 0 136 123 119 0 121 104 124 124 0 126 148 129 147 123 129 130 136 138 146 0 149 0 131 0 0 128 0 129 121 0 126 0 123 0 115 0 137 103 110 0 119 0 148 128 0 117 109 141 124 117 146 0 100 125 0 114 149 113 102 142 126 120 138 131 146 105 0 127 0 131 130 125 141 149 141 0 127 107 107 137 0 136 123 100 109 111 121 0 114 0 138 144 121 0 126 136 106 135 110 141 104 133 0 122 119 144 0 104 0 113 120 0 116 105 137 100 148 107 113 101 127 110 106 129 118 105 112 106 130 116 129 0 103 107 0 115 107 126 134 0 130 102 0 130 104 0 106 107 110 109 0 149 140 0 118 115 0 129 109 0 0 149 110 142 132 121 140 105 105 0 132 103 147 111 124 126 130 0 0 140 126 140 120 128 123 108 117 101 118 131 0 0 107 100 0 0 121 0 104 113 144 0 129 102 0 141 0 117 103 0 100 143 0 102 0 102 0 121 117 121 135 0 128 108 102 0 114 127 0 131 115 0 0 126 142 142 101 0 129 105 0 143 145 100 126 137 125 146 129 137 133 0 148 0 0 123 115 0 0 117 141 0 130 126 145 135 142 0 135 143 121 0 0 107 130 110 147 0 124 0 123 139 117 146 117 109 122 109 123 149 0 105 128 0 114 138 0 146 117 138 147 115 0 122 134 114 109 145 109 0 137 0 104 103 0 129 0 108 149 119 123 136 0 120 111 122 110 121 0 0 130 0 145 109 135 137 123 103 121 146 144 139 142 145 118 101 139 111 127 131 0 0 121 139 139 114 0 141 135 117 139 133 0 142 128 0 117 126 128 147 119 121 0 123 0 0 108 126 145 115 103 113 114 0 112 147 0 0 141 103 142 102 111 140 112 124 128 0 0 144 0 136 0 130 110 0 126 124 0 133 111 134 101 110 118 0 130 0 0 0 125 0 0 130 0 104 147 111 104 122 109 0 145 140 142 145 104 126 124 0 141 149 120 107 121 0 135 148 113 138 137 140 145 149 141 131 0 142 102 121 0 0 147 107 138 128 133 139 140 131 100 132 130 148 0 149 0 127 120 0 100 106 133 132 139 0 146 140 107 143 104
0 103 0 111 112 0 107 145 0 0 136 0 130 126 105 107 106 121 112 0 121 0 148 0 0 112 111 106 123 0 0 149 145 133 103 132 129 0 0 142 103 104 135 122 105 119 147 105 124 120 136 113 0 0 115 119 135 0 0 108 0 0 0 109 101 0 0 112 130 141 0 137 112 113 0 107 108 147 0 0 121 127 116 144 140 103 129 0 123 131 100 0 149 114 0 116 138 122 0 124 132 126 105 136 121 104 0 107 117 131 0 134 0 143 0 140 113 102 0 147 118 145 0 146 145 109 134 143 134 0 146 128 118 0 139 0 111 107 142 139 123 124 132 104 132 122 0 122 0 113 123 117 105 110 127 137 119 145 134 0 0 114 128 107 109 133 109 124 0 104 0 125 0 104 131 128 0 142 0 0 137 0 147 129 0 118 125 0 102 0 136 110 0 133 142 129 115 137 0 107 117 111 101 120 125 112 0 127 146 140 126 142 117 101 106 0 104 0 0 0 128 0 127 139 128 133 107 138 107 113 0 131 136 133 116 117 129 106 125 114 0 134 110 113 143 119 0 0 120 139 0 129 124 139 147 141 112 123 115 132 132 111 0 140 119 0 117 147 146 0 109 131 139 107 136 111 147 104 139 127 0 0 147 116 120 0 149 103 123 0 123 0 129 121 0 141 128 0 0 0 100 0 137 111 121 100 122 129 105 122 102 126 139 121 117 122 127 0 118 129 118 142 125 119 140 124 0 144 106 112 130 137 0 109 103 118 144 0 146 130 110 119 148 119 136 141 0 137 0 0 0 0 0 104 0 0 117 122 0 120 0 142 0 123 109 112 101 111 119 147 136 130 0 0 138 103 129 115 134 125 114 113 0 122 111 107 103 118 133 141 145 148 146 147 0 145 0 0 116 107 148 138 138 104 0 133 145 104 144 0 0 131 127 127 107 119 110 0 148 102 108 115 142 0 134 0 0 125 130 0 0 107 142 102 103 123 130 0 108 146 137 0 109 132 146 141 144 115 132 135 0 102 109 100 148 123 113 101 142 132 131 136 101 120 116 139 0 100 149 134 0 147 144 139 127 126 0 116 120 0 130 115 114 0 147 108 0 125 107 149 100 111 101 118 148 132 0 134 142 149 106 112 0 106 110 132 131 103 119 138 106 0 102 130 149 0 131 112 141 110 0 117 0 0 122 0 0 0 117 102 109 120 145 119 0 0 120 124 109 147 133 115 131 0 145 118 131 145 120 144 108 0 117 131 102 144 0 0 131 108 144 0 100 113 0 0 107 109 128 137 0 0 113 109 107 141 116 104 128 130 107 115 0 144 0 0
0 133 136 0 107 0 0 105 130 134 140 117 109 0 113 124 126 121 0 0 111 122 148 104 145 0 0 0 132 0 102 0 140 145 108 146 141 147 107 102 148 105 144 103 120 127 126 113 135 116 117 0 119 124 125 0 113 146 0 107 133 102 111 100 0 127 100 114 137 111 111 132 140 149 111 146 125 0 105 134 112 139 0 0 138 142 0 0 114 0 109 0 101 147 108 113 0 0 127 0 0 0 116 140 0 103 136 0 0 140 0 112 118 101 147 131 120 142 109 108 129 109 147 140 140 109 107 119 0 133 0 100 149 124 144 100 130 0 109 0 109 105 117 110 144 123 102 102 0 0 142 142 141 144 102 114 125 129 124 118 130 106 140 0 111 117 110 137 133 134 145 108 135 107 0 149 106 134 114 101 104 0 116 0 0 132 120 100 124 118 118 114 119 114 0 126 112 149 0 110 138 141 119 132 104 121 141 0 101 123 0 132 122 118 118 117 106 128 124 0 138 121 124 114 103 118 123 145 102 0 121 0 0 125 101 0 0 130 0 0 131 0 108 130 101 122 114 0 129 135 124 0 118 0 101 0 0 0 116 0 0 119 119 142 104 0 0 120 106 137 0 0 0 0 108 110 148 0 145 0 0 136 139 103 0 104 0 141 138 120 125 127 0 132 125 0 110 132 130 128 112 143 0 109 110 0 137 0 114 135 124 0 112 139 102 136 110 111 127 112 105 135 117 0 119 138 133 106 145 124 110 124 0 121 122 105 117 146 120 134 117 144 0 0 0 0 110 123 0 122 100 112 0 112 0 132 131 114 0 101 149 113 0 0 0 104 115 0 135 0 120 128 136 138 117 108 146 119 115 0 143 105 123 121 0 134 107 126 128 119 103 0 126 133 116 138 117 108 144 122 100 107 0 144 125 146 107 129 0 135 149 101 0 148 130 124 124 106 0 121 0 106 103 0 125 106 130 120 143 109 109 136 0 119 127 117 117 0 139 139 102 0 112 140 124 104 106 114 0 103 124 0 139 107 101 126 113 129 104 115 142 113 129 117 129 112 112 133 109 123 113 132 139 107 101 143 141 126 108 149 0 105 110 119 133 122 103 102 145 143 0 0 0 126 133 131 0 136 0 130 142 129 116 114 140 144 128 142 114 125 109 0 101 104 105 129 100 141 114 119 101 100 0 141 127 100 135 112 0 129 107 113 109 147 146 144 134 114 0 0 113 0 132 107 118 110 0 0 0 111 134 100 138 116 128 128 0 127 142 112 0 123 0 148 126 106 0 124 144 142 144 0 148 0 101 0 121 131 111 105 125 0 109 104 121
0 0 124 108 123 139 0 0 125 139 140 0 130 0 0 120 0 141 134 144 139 127 123 109 0 0 0 136 107 0 117 142 111 110 0 101 0 139 120 0 106 104 116 146 0 0 0 146 121 146 0 102 120 147 144 116 102 0 137 126 141 105 102 0 141 0 110 139 144 126 0 123 131 0 0 132 106 124 117 112 121 0 0 109 114 147 146 106 119 131 117 0 132 0 125 116 123 135 138 140 0 0 0 110 0 132 141 134 141 118 118 140 137 0 140 0 124 142 142 136 135 0 131 0 149 102 138 123 131 0 141 147 107 121 103 113 112 128 0 0 140 149 126 117 125 0 116 143 149 139 111 137 117 107 107 139 145 128 125 0 110 112 121 149 106 0 105 0 123 149 0 129 113 126 124 136 105 0 132 136 124 123 130 111 138 0 0 139 149 146 122 114 143 0 107 147 0 113 108 0 113 0 113 140 127 140 140 123 103 116 149 115 127 125 140 110 105 142 121 131 145 0 140 0 0 137 0 0 116 144 127 141 122 134 138 0 127 0 106 102 0 114 0 132 142 0 146 145 121 140 146 0 120 0 0 110 0 106 0 136 134 105 0 147 0 112 140 147 0 147 130 0 135 0 119 122 148 0 149 117 130 143 110 134 133 135 142 141 0 113 0 146 0 134 0 117 0 101 143 101 0 126 113 112 130 147 127 106 0 145 118 0 0 113 149 108 121 104 115 112 115 149 145 130 125 127 131 0 0 118 103 0 0 141 114 135 107 114 137 146 122 118 141 137 0 105 0 149 125 129 112 0 0 127 0 118 0 127 0 129 142 116 128 120 0 115 149 126 120 142 134 0 132 131 141 102 137 143 104 149 0 144 0 122 136 114 104 141 106 145 138 140 127 101 121 105 134 101 0 131 129 135 109 138 121 0 147 119 148 137 114 0 102 140 0 113 0 129 108 101 0 101 116 148 117 104 0 139 109 0 105 0 122 129 127 0 116 140 0 111 0 147 126 0 0 0 0 146 0 128 0 142 0 149 115 118 132 148 106 0 0 105 0 136 147 146 0 112 0 136 0 0 134 145 139 112 0 0 105 0 148 101 126 102 0 102 0 149 129 125 0 126 0 144 125 111 109 0 131 140 0 142 116 141 102 130 0 0 134 147 102 0 105 0 145 103 127 149 128 113 106 126 115 0 140 147 115 146 107 118 112 0 107 134 118 129 0 135 127 121 105 0 140 140 123 122 131 120 110 141 116 134 144 119 0 118 148 101 146 122 100 0 114 0 129 118 112 136 0 144 119 138 122 105 141 133 105 108 0 113 134 126 108 133
0 0 0 125 138 0 116 136 140 128 129 0 113 0 123 136 147 140 131 0 109 127 0 115 122 147 115 105 0 126 126 0 108 146 125 101 136 0 143 123 121 100 144 116 146 126 100 112 0 0 125 139 101 138 123 101 0 143 137 148 143 131 118 133 0 0 111 134 136 0 0 145 0 115 121 0 113 100 103 114 131 107 101 0 138 148 143 0 146 0 131 113 148 113 129 0 131 115 0 140 106 148 123 121 0 0 110 0 0 141 103 105 128 117 148 130 101 132 125 116 101 117 124 146 116 126 0 124 115 128 143 138 0 148 105 107 0 137 119 0 112 129 123 122 0 107 0 106 117 0 102 102 132 126 132 138 144 101 128 134 120 134 143 105 118 113 105 124 112 117 122 123 116 0 116 119 126 118 109 145 149 137 141 0 133 0 0 0 0 120 130 111 120 141 126 112 107 100 145 135 0 132 102 0 0 107 101 121 0 100 106 111 114 144 0 0 115 0 0 0 0 0 128 0 117 123 127 141 0 118 136 0 106 132 127 138 101 125 127 120 116 147 122 103 132 0 132 0 0 108 127 124 0 116 115 118 105 103 124 113 0 111 0 0 0 110 126 109 128 137 0 124 107 0 0 102 117 0 130 143 123 113 148 117 130 0 137 120 0 104 0 110 102 117 108 116 0 149 0 123 116 0 0 114 114 0 102 145 102 107 148 0 106 123 101 141 0 115 142 122 115 133 134 147 109 136 139 105 116 0 0 128 0 111 111 137 146 107 127 146 114 0 112 0 0 148 121 0 111 106 105 138 131 0 113 0 120 147 104 139 119 105 101 0 106 119 128 0 126 0 0 139 140 119 131 0 0 141 138 146 132 131 122 145 114 136 0 142 0 110 143 112 129 104 0 129 124 130 0 0 0 103 107 137 0 100 0 0 144 147 132 138 141 109 136 0 142 142 123 0 139 132 0 114 144 104 142 121 142 143 0 116 143 147 0 109 132 0 129 0 0 0 137 145 109 142 138 148 0 101 110 120 136 0 133 0 143 129 0 0 112 120 0 113 105 100 0 146 143 0 120 104 0 126 100 111 128 0 109 0 137 0 147 136 130 125 0 0 137 122 105 143 146 106 138 146 130 149 120 110 128 112 118 105 0 109 126 0 112 147 107 138 106 146 129 122 142 118 105 101 138 122 127 147 110 121 140 100 121 135 0 106 131 140 142 133 0 139 140 0 105 133 0 144 106 0 0 124 0 131 0 138 0 0 136 126 120 113 109 123 109 101 100 136 0 116 0 122 141 137 113 131 126 117 120 114 0 104 123 137 0 140 144
0 0 0 104 0 142 130 133 123 144 117 144 112 0 101 125 146 0 0 121 119 148 107 0 115 139 0 0 126 110 111 115 147 0 126 108 0 143 0 113 129 108 145 126 123 0 135 132 104 136 125 113 127 133 131 121 137 147 127 128 113 146 123 120 0 115 0 0 140 0 112 137 137 0 117 0 125 146 118 111 124 108 111 124 129 103 111 0 130 0 149 0 123 118 149 0 149 105 0 106 141 106 0 146 149 114 0 0 123 101 129 149 111 0 102 140 101 116 0 105 0 140 118 140 0 0 0 101 136 143 129 143 133 148 0 107 133 109 129 117 103 136 126 103 0 101 105 107 112 102 107 139 0 0 0 132 130 148 0 0 109 145 125 0 0 110 115 110 144 0 141 106 129 117 0 0 101 127 117 105 0 147 0 147 143 141 117 125 0 0 124 136 144 100 130 137 0 145 0 0 0 0 148 115 145 110 0 135 0 110 147 120 128 114 104 111 147 131 105 110 136 104 0 145 119 149 0 0 109 131 0 147 132 131 122 126 123 135 128 122 115 0 123 139 120 112 145 100 143 133 117 111 131 123 126 106 0 128 140 133 125 101 111 0 133 139 120 108 0 128 137 131 108 0 104 148 105 114 119 110 147 119 0 0 112 0 136 0 0 136 146 0 102 130 124 144 144 141 139 0 0 147 112 107 142 115 132 130 113 132 126 125 103 123 139 0 107 0 139 136 0 0 0 109 143 144 138 130 0 126 103 147 130 0 124 114 0 0 0 113 112 105 0 103 0 138 114 135 0 122 109 134 140 125 120 0 110 0 101 110 120 137 118 0 0 123 143 128 0 103 124 116 112 134 126 101 103 0 106 116 108 0 126 129 110 113 149 138 106 100 0 0 112 148 106 123 0 102 149 106 100 0 126 0 0 115 139 130 133 122 138 141 131 101 0 112 0 0 115 142 0 138 0 0 101 0 141 149 0 148 120 139 0 106 121 115 148 123 129 123 0 117 142 101 109 125 0 0 142 0 141 0 123 123 134 143 119 0 112 138 113 0 128 104 118 137 0 114 109 144 102 141 128 138 112 105 110 127 131 0 119 145 138 100 147 119 149 149 118 115 0 142 146 0 111 122 0 0 100 113 119 0 114 111 148 0 142 117 136 134 107 0 129 136 137 135 136 131 0 147 106 117 130 132 135 134 105 123 0 120 120 121 0 145 0 129 102 118 138 103 102 0 0 111 0 121 104 106 111 114 127 131 0 127 122 105 0 106 0 147 106 108 126 144 0 112 142 105 121 138 117 117 129 128 0 115 141 111 0 148 101 105
0 125 138 134 147 0 104 112 103 113 102 121 116 143 137 107 103 118 112 121 100 127 102 149 137 0 0 139 136 0 105 0 0 136 113 140 149 0 0 110 131 129 133 0 131 0 0 107 121 117 104 0 149 141 149 137 115 100 110 141 103 0 145 112 0 139 109 111 110 140 145 130 132 0 129 100 127 0 113 0 137 126 0 147 0 0 140 0 104 106 118 0 136 136 103 108 0 124 114 137 139 129 123 100 125 110 103 108 101 103 0 0 0 117 137 143 0 148 111 0 102 102 113 131 120 145 0 0 101 126 139 0 142 128 137 124 146 130 148 141 131 125 0 0 145 111 102 110 120 0 132 139 147 127 0 125 139 0 120 134 117 103 111 0 134 138 111 123 125 0 137 0 115 121 108 0 131 145 121 0 120 135 0 0 136 0 104 149 0 0 122 101 117 126 110 139 122 112 118 149 130 138 140 148 0 124 130 129 0 148 123 127 0 0 149 121 133 135 128 102 119 125 0 131 141 128 140 106 124 128 0 141 109 134 141 108 100 129 0 109 114 0 0 122 119 145 142 103 112 137 142 0 114 0 0 105 120 122 0 0 0 135 0 110 112 145 146 143 130 127 0 103 120 132 109 142 142 109 133 0 104 0 104 0 140 144 129 148 108 123 106 109 128 102 111 108 121 115 140 0 0 130 0 0 104 0 118 0 102 147 0 138 142 0 0 146 0 110 128 0 126 114 119 123 109 115 118 146 0 129 0 109 135 109 114 109 116 105 0 0 0 0 133 105 0 137 105 0 122 0 117 0 0 101 104 113 0 112 145 118 128 120 102 113 110 105 118 0 115 0 0 136 130 147 103 116 113 110 0 122 0 123 122 128 0 116 137 0 149 0 0 112 115 0 124 139 124 0 0 115 128 115 124 101 0 123 109 106 0 128 125 111 0 140 125 0 111 0 0 118 140 112 131 140 126 135 114 105 0 128 136 0 111 117 118 130 0 148 0 130 131 126 0 0 0 148 128 100 123 108 133 0 126 0 108 104 103 0 105 149 108 101 0 145 120 0 124 102 143 145 118 102 141 118 126 105 135 0 141 0 133 0 108 112 132 128 126 100 149 125 137 144 100 0 0 0 0 0 123 131 112 136 137 0 118 0 133 143 132 0 137 147 118 117 0 132 115 140 133 131 104 137 141 116 0 109 118 136 122 114 0 132 0 101 108 118 139 128 0 115 126 0 118 101 135 0 106 0 0 106 0 0 146 132 100 133 118 134 108 134 0 0 107 110 149 103 0 107 135 103 124 130 106 0 0 128 0 118 0 148 126
0 143 101 105 110 124 122 0 0 131 0 0 121 138 146 101 129 0 0 0 101 120 123 0 0 105 0 131 132 123 107 0 102 141 0 123 136 0 0 131 105 121 130 0 119 111 106 0 0 116 136 126 0 104 0 0 139 121 139 131 131 118 126 0 140 143 116 101 0 128 112 0 100 124 133 121 109 103 131 121 131 0 127 135 126 101 0 115 126 0 123 128 115 128 0 0 106 104 141 143 123 0 111 0 0 130 108 144 0 146 142 131 105 117 114 0 119 141 142 132 136 102 115 133 107 0 147 128 0 124 0 113 0 114 0 0 0 0 0 111 127 149 0 135 103 123 0 110 134 0 133 118 0 0 124 0 0 149 121 147 132 0 133 0 127 130 143 118 131 118 133 0 122 0 119 0 0 110 109 127 114 101 134 117 142 149 128 123 103 123 0 101 129 147 0 131 115 119 115 140 0 0 0 0 0 0 103 115 0 149 139 106 0 0 0 101 110 137 0 115 106 125 0 0 104 0 125 0 116 114 127 0 132 109 0 147 106 136 143 116 126 146 122 145 143 0 149 111 139 127 139 0 125 132 103 0 134 128 128 143 0 107 140 0 106 117 115 108 0 127 0 0 107 0 0 122 137 132 109 142 128 0 143 0 131 0 0 121 0 126 136 0 0 113 127 124 117 100 0 111 101 100 127 0 140 143 122 105 127 106 134 109 123 101 0 149 0 130 119 148 0 115 0 0 106 139 133 117 109 129 114 0 0 0 129 0 137 145 140 141 0 0 112 145 139 0 139 0 109 121 117 0 149 105 125 0 124 0 0 112 118 136 125 130 112 134 125 135 131 104 117 0 0 137 0 126 128 118 102 102 0 106 149 124 112 132 0 0 120 103 127 116 0 0 118 141 0 0 102 111 148 0 0 106 110 144 0 114 134 115 0 148 120 100 0 104 141 107 132 102 104 112 0 129 0 0 102 108 123 0 130 115 142 125 136 140 101 0 113 146 141 118 149 114 123 143 0 103 126 0 105 136 0 105 135 101 102 136 111 0 0 118 0 144 0 135 133 148 138 126 107 0 0 0 0 113 129 138 0 148 111 0 124 138 0 101 0 0 137 134 125 134 0 0 0 121 0 100 0 0 113 148 119 0 103 146 138 118 120 119 125 137 129 0 111 129 149 131 0 132 146 0 136 104 121 0 101 131 136 0 108 129 0 126 106 125 143 127 105 131 140 0 138 0 0 0 0 0 0 0 109 0 114 109 147 104 0 0 122 116 0 122 0 117 100 0 134 141 146 124 140 131 125 102 121 141 109 147 115 120
0 116 138 0 149 143 115 143 129 123 138 105 0 0 139 0 112 107 120 0 0 121 0 145 109 0 117 147 0 116 124 105 100 103 111 103 116 0 109 141 0 0 124 109 149 0 102 0 138 131 120 119 101 119 101 105 102 0 112 140 148 0 102 0 107 108 103 0 127 0 111 0 116 103 108 0 0 0 129 145 134 121 138 118 107 0 142 144 0 117 119 105 105 0 119 108 0 129 0 109 0 0 137 0 123 105 118 0 147 0 138 117 0 107 129 105 0 100 141 133 124 137 123 0 112 121 124 122 148 145 129 124 111 109 121 134 102 141 0 141 147 0 138 112 100 144 117 134 0 138 128 118 113 141 0 116 134 134 0 0 145 112 124 147 140 0 104 100 135 116 144 107 115 104 146 0 114 102 140 0 147 144 120 0 105 114 115 110 149 128 114 124 112 125 128 0 110 113 142 118 112 0 0 0 0 110 141 136 116 132 130 106 0 130 133 114 0 102 116 127 100 122 145 137 146 140 111 131 100 124 113 107 0 101 128 102 0 140 0 139 137 140 109 0 141 0 0 0 141 120 123 101 104 109 112 121 0 0 112 147 0 110 140 147 101 126 114 141 134 110 130 0 128 132 113 115 0 0 120 139 113 0 0 0 0 143 107 133 0 111 136 131 126 141 136 109 0 133 129 147 0 102 142 0 105 0 0 147 138 0 0 122 104 0 146 134 123 112 0 102 140 111 0 101 107 123 130 148 123 141 110 147 108 113 0 0 109 112 130 0 125 108 102 134 128 122 122 111 0 0 0 137 0 114 100 111 139 0 0 106 104 116 123 143 0 102 113 149 101 146 144 116 131 133 127 137 149 0 100 132 119 130 114 132 148 0 108 146 134 102 137 0 0 140 103 139 135 147 149 141 148 0 0 110 118 128 118 0 148 126 149 0 100 0 111 117 0 129 0 145 109 124 107 136 134 120 100 0 0 135 112 0 144 108 0 103 0 0 124 130 141 121 136 0 144 0 128 0 119 113 0 110 117 106 118 108 135 130 0 136 110 0 0 120 128 148 139 147 0 135 106 0 141 125 145 127 110 125 0 121 109 0 0 134 107 118 0 0 0 142 137 136 0 106 120 106 103 104 100 124 147 140 129 103 107 111 132 112 0 0 0 125 0 107 117 118 112 0 138 101 129 115 101 0 133 0 0 0 141 138 113 128 105 108 0 145 137 119 115 138 105 128 135 116 137 0 141 0 0 0 0 133 114 0 135 121 147 132 133 105 102 136 118 123 137 112 0 0 135 0 0 124 0 0 105 107 0 139 117
0 120 138 136 138 108 114 106 0 149 125 127 138 110 128 128 0 0 0 142 133 121 147 0 101 119 101 101 131 132 0 102 126 0 0 133 0 117 134 0 149 108 114 115 135 0 0 144 124 112 124 0 0 147 137 148 135 101 139 127 134 0 0 0 0 0 143 115 113 0 125 0 138 143 140 0 0 112 144 117 120 105 0 147 146 104 149 130 0 113 0 0 109 121 135 117 108 0 104 102 141 0 0 0 140 0 0 129 138 103 145 134 123 121 127 102 130 118 0 127 112 0 0 0 126 0 114 0 103 128 139 0 102 135 0 142 0 0 0 125 129 102 118 113 104 0 0 119 125 108 145 0 145 112 112 135 107 119 134 114 130 129 0 0 146 131 147 125 109 135 0 140 0 0 124 133 107 116 126 0 0 105 0 149 135 141 103 122 0 148 0 0 0 116 113 0 0 106 0 0 129 0 143 112 0 127 146 104 126 101 109 0 111 122 106 0 137 0 130 141 0 0 119 149 102 126 132 138 102 0 148 123 0 108 117 105 108 115 126 131 119 123 0 102 0 112 100 132 0 0 141 127 148 102 117 127 139 135 116 100 119 126 144 147 123 135 116 0 109 133 137 0 139 110 119 0 0 0 0 102 115 144 123 135 115 109 0 146 109 114 0 0 139 119 121 130 130 138 0 116 0 147 136 104 148 130 145 120 120 141 0 102 129 101 0 144 0 103 109 127 0 0 149 105 108 123 102 102 124 114 0 125 110 148 136 122 124 120 0 120 111 101 100 127 105 0 148 116 118 144 125 118 130 119 137 133 140 0 0 137 115 0 0 114 120 0 135 121 123 0 0 121 145 144 111 116 120 119 130 126 131 133 0 129 0 0 0 119 140 137 122 0 0 0 0 130 143 100 0 0 145 0 0 109 105 119 0 133 102 137 137 0 122 108 133 104 131 141 113 0 113 143 113 139 111 0 125 116 133 137 125 0 0 128 120 118 132 118 0 0 142 104 120 0 0 119 117 0 133 123 0 127 0 113 141 102 132 119 116 109 102 116 124 134 120 142 0 106 0 0 114 119 0 114 111 113 134 113 0 116 137 0 112 130 136 127 122 131 130 103 123 120 110 138 113 108 100 122 138 127 109 121 114 124 117 121 0 0 106 131 134 102 149 0 149 106 116 0 133 0 149 0 0 137 0 118 135 0 134 131 0 0 0 104 122 0 0 100 130 0 140 132 101 137 131 122 131 142 144 114 115 104 0 0 0 114 0 137 109 0 132 0 0 111 0 108 129 112 112 100 112 129 0 115 105 149 105 0
0 117 0 141 0 119 0 117 143 108 116 101 0 110 130 139 0 113 137 105 0 103 124 111 104 0 140 0 0 0 135 143 101 0 0 0 130 0 103 133 117 122 119 142 100 101 100 139 0 144 149 138 126 0 149 107 140 0 109 106 148 0 149 0 0 0 115 132 126 100 144 0 100 146 137 107 149 118 0 0 0 118 118 0 145 143 149 137 129 142 139 0 0 145 113 148 100 117 127 0 117 123 127 143 140 112 143 149 138 137 0 143 148 0 116 137 137 105 143 0 100 136 147 108 0 0 121 116 103 141 125 118 148 0 0 0 0 125 0 0 144 114 149 107 134 0 123 0 119 0 146 113 101 0 127 0 133 100 0 0 109 0 102 0 113 113 127 129 122 138 141 116 122 125 114 147 0 0 0 0 110 127 105 111 119 0 128 124 127 0 0 108 102 0 104 119 125 144 0 112 110 113 143 0 106 0 114 148 131 115 144 0 0 103 128 104 0 130 0 0 0 132 146 129 109 107 103 117 112 125 0 144 0 0 0 139 134 117 104 127 128 0 117 0 0 0 136 0 146 0 112 115 148 0 118 0 138 124 146 123 0 105 146 0 122 0 130 122 135 143 0 0 0 103 125 142 0 139 0 115 0 0 143 0 133 108 0 114 114 104 0 117 145 0 0 104 137 126 124 123 131 0 0 105 0 115 114 0 113 130 0 137 111 0 141 133 101 100 144 114 106 0 123 116 130 0 112 109 135 0 138 0 0 0 132 141 129 0 0 144 110 0 0 0 144 126 127 121 127 0 111 126 118 100 0 121 146 101 0 0 135 0 147 125 117 147 120 135 147 122 121 147 0 112 122 111 146 0 0 0 115 126 129 121 142 128 139 126 143 106 125 132 0 126 120 144 0 147 122 111 120 106 126 125 125 140 112 0 142 107 105 120 127 100 0 146 136 0 0 114 120 106 115 0 114 100 0 117 121 148 102 0 111 0 107 0 115 101 101 126 143 131 106 119 133 0 0 102 147 129 148 103 129 142 120 130 138 144 112 141 0 107 146 0 148 143 108 139 110 0 141 115 147 0 119 146 108 0 100 103 0 100 143 129 113 129 0 0 0 100 122 121 0 0 125 110 139 120 0 0 130 138 117 146 149 144 135 123 0 144 133 105 105 0 113 146 141 147 124 125 125 100 106 128 136 111 0 121 0 129 0 0 0 131 0 145 132 105 148 0 145 0 0 0 125 111 131 0 0 107 148 149 138 141 125 0 148 107 0 147 149 121 113 135 112 136 144 108 121 124 0 110 0 114 0 112 0
0 111 112 123 126 0 0 121 145 147 141 125 118 126 129 148 0 127 126 148 0 137 0 0 116 116 149 102 0 0 122 0 0 0 136 118 0 111 0 109 0 149 0 125 118 127 139 137 119 130 144 137 0 0 149 128 106 120 0 122 146 0 114 110 142 136 116 140 0 0 148 129 129 104 137 0 149 0 0 138 137 109 131 121 0 0 0 124 0 141 113 124 138 117 114 137 137 133 144 113 0 147 0 126 0 100 110 0 0 0 0 104 102 122 0 121 104 111 135 147 137 0 140 0 146 104 129 104 110 108 105 106 122 120 125 141 117 139 124 0 140 134 0 104 103 103 135 109 109 141 113 111 127 113 0 0 0 138 0 140 0 0 118 143 144 130 111 104 149 145 110 0 0 118 134 111 133 140 124 0 103 124 133 118 0 138 115 145 0 148 127 133 0 143 147 0 111 101 106 108 136 0 139 137 142 0 146 144 136 130 0 137 129 127 119 145 0 119 0 133 0 110 113 136 0 0 141 0 122 101 105 0 0 0 138 124 141 0 137 135 0 123 0 132 149 147 0 146 0 118 128 119 0 141 144 146 115 105 110 106 111 104 105 0 114 109 106 148 139 0 0 149 144 112 0 124 147 117 134 105 140 100 134 145 131 124 127 104 148 139 0 119 108 131 0 139 126 138 106 139 0 101 124 148 123 123 0 0 144 144 139 106 0 108 142 123 0 0 0 0 137 0 0 109 145 0 119 145 124 118 138 116 110 129 148 132 0 0 120 0 138 122 107 138 123 143 103 139 101 133 0 0 145 102 118 130 123 0 144 104 141 0 122 134 122 0 124 134 143 121 121 146 128 120 0 101 100 148 109 107 101 124 133 145 0 0 110 143 141 0 0 138 0 128 138 136 134 109 133 124 123 131 0 0 0 113 105 139 109 123 111 146 0 108 144 137 0 143 133 139 125 131 136 0 104 103 126 123 103 139 106 102 138 0 110 0 113 131 113 111 149 118 0 0 0 149 133 0 143 139 124 103 102 110 139 0 126 116 0 0 0 143 0 0 0 0 0 143 118 145 115 137 0 124 145 0 146 134 0 139 0 115 127 108 130 141 136 102 135 0 145 147 123 0 103 0 139 0 125 105 138 140 141 108 103 147 0 144 127 128 118 114 105 0 0 143 0 0 131 138 134 100 128 147 121 0 129 123 124 123 120 135 0 112 0 110 138 125 116 100 0 115 0 121 0 139 0 111 0 131 148 145 143 0 113 107 142 0 103 0 0 0 0 142 122 103 0 109 120 149 107 0 113 146 102 125
0 100 110 146 118 128 134 141 104 144 0 118 125 0 0 149 0 128 105 123 0 114 0 130 138 143 128 145 112 102 0 0 141 100 103 0 0 0 147 141 144 138 0 115 107 110 117 0 0 138 0 126 0 115 0 107 136 100 0 0 109 124 104 135 116 121 0 133 147 138 0 0 127 149 135 0 111 144 106 149 0 109 0 117 120 0 0 120 116 143 141 0 139 147 122 142 127 146 123 101 0 130 147 0 104 0 101 111 144 100 132 142 0 135 130 106 127 147 113 137 0 0 114 123 110 121 141 0 112 105 0 0 0 145 126 147 0 140 111 118 0 135 108 139 130 108 114 124 0 133 113 140 104 132 104 103 107 119 105 0 0 137 0 114 123 115 121 0 144 114 107 117 141 100 105 146 114 0 0 111 116 0 139 103 104 112 107 104 100 109 0 0 0 0 108 124 115 146 130 108 117 100 142 0 135 122 0 0 132 107 0 146 0 146 0 132 140 120 128 107 123 122 129 143 118 134 147 100 141 148 149 134 125 129 136 146 103 136 103 141 115 115 0 104 148 123 142 109 139 132 147 119 135 139 131 0 105 126 147 0 0 0 137 144 128 0 108 139 137 0 119 136 113 103 148 146 141 147 149 116 139 117 0 116 0 109 108 133 148 122 114 0 143 0 0 101 129 149 148 134 113 132 148 0 136 128 137 110 124 137 0 117 124 114 138 106 0 0 121 124 0 101 137 149 108 127 134 142 112 139 0 113 137 118 138 0 140 125 133 118 123 119 109 114 127 130 102 146 144 110 146 100 108 143 108 138 140 0 0 118 134 0 118 139 0 0 142 139 0 106 126 118 106 129 0 126 0 114 0 102 107 0 0 116 112 105 123 0 143 114 142 141 127 115 137 149 105 124 131 146 136 0 0 146 0 126 142 0 0 0 116 143 117 136 120 102 0 108 114 0 110 148 0 0 111 112 118 0 101 0 0 0 141 0 135 119 135 140 117 126 123 129 102 125 138 0 126 0 112 115 137 148 147 142 147 145 139 0 108 134 0 120 110 140 102 0 131 100 0 120 129 143 105 121 110 0 137 107 0 0 138 112 0 149 111 0 0 111 0 112 0 0 115 120 0 107 141 0 141 139 142 134 0 121 100 0 0 106 137 128 145 112 0 149 119 141 138 0 144 112 0 106 0 131 0 132 129 143 129 0 0 137 142 0 103 139 127 132 125 0 105 0 134 0 144 146 135 0 116 0 0 0 122 146 0 120 128 105 0 121 110 136 130 136 0 106 144 123 0 0 124 101 0 117 106
0 145 133 0 104 139 105 147 0 102 123 135 123 104 122 0 146 0 0 134 113 145 124 127 0 146 0 0 147 131 145 106 145 137 118 116 112 132 133 113 0 119 0 124 0 132 131 0 109 147 128 132 115 133 0 126 0 130 0 124 130 116 111 0 138 129 0 112 110 130 148 149 0 111 128 128 131 0 0 142 135 141 0 0 0 0 108 111 0 0 117 0 117 142 103 134 110 0 116 126 138 128 124 105 132 116 138 116 146 0 144 0 128 139 0 139 136 0 124 148 149 127 113 134 0 100 133 103 119 0 145 129 132 141 139 120 0 0 0 101 0 0 0 141 0 0 108 114 0 124 103 130 0 135 108 141 0 106 100 132 107 126 125 117 146 122 144 146 140 137 0 135 139 0 0 0 139 123 127 118 0 101 124 0 121 129 108 0 147 131 119 0 130 103 141 100 144 0 139 0 0 146 115 135 128 0 112 124 114 0 118 148 115 0 144 149 0 148 121 146 0 0 125 147 0 148 117 104 0 0 138 107 110 115 0 0 112 118 108 144 111 120 127 0 148 135 134 120 122 136 128 0 145 149 101 135 119 0 127 0 125 0 134 102 0 113 0 108 125 133 133 111 113 0 116 134 130 125 126 112 0 104 0 117 0 124 0 108 148 149 102 142 143 118 107 143 132 101 0 111 134 0 113 121 117 0 0 114 125 0 100 0 115 139 115 130 0 0 116 100 133 129 0 100 141 115 0 101 0 0 109 129 0 123 0 118 0 139 118 121 0 0 0 101 149 0 128 0 0 0 129 0 0 0 0 125 0 134 124 113 118 100 127 137 0 0 140 115 124 116 110 137 0 132 138 145 117 0 147 110 108 116 0 108 113 116 122 113 140 116 117 103 116 0 106 110 117 101 118 100 122 0 102 117 109 131 145 112 134 138 145 128 108 135 138 0 0 106 0 110 135 122 125 0 0 0 117 122 127 142 0 129 106 135 109 124 0 125 116 133 103 117 122 111 135 142 149 0 114 149 102 125 0 108 104 0 145 107 119 131 107 0 105 130 145 0 136 111 0 145 149 138 117 125 100 104 136 114 136 137 122 137 106 130 0 104 0 100 105 125 0 144 0 0 132 0 0 106 0 110 127 124 100 134 137 146 0 0 149 100 0 0 128 142 111 142 128 130 132 149 147 0 148 128 115 127 0 0 0 127 145 0 140 0 0 114 0 113 0 139 0 109 144 106 0 143 0 106 122 0 127 133 131 123 134 0 105 128 101 0 106 107 134 0 127 109 143 115 117 147 113 132 0 0
0 0 109 139 106 0 135 130 108 0 135 149 107 0 119 0 0 122 145 104 106 0 0 139 149 0 147 0 120 0 110 123 0 124 126 138 0 132 106 126 126 0 143 139 0 148 112 116 101 0 0 139 144 100 0 0 147 146 112 104 107 122 143 101 105 121 0 138 137 134 0 130 127 134 116 143 0 133 105 0 0 102 131 129 105 102 106 117 129 108 142 0 105 146 0 128 105 128 141 0 123 133 102 117 0 130 0 0 0 0 134 0 0 134 0 125 146 116 135 117 143 0 128 115 140 0 121 106 0 146 137 124 147 108 134 112 0 134 120 100 138 148 0 0 102 126 103 0 136 138 128 101 0 118 130 102 0 0 0 112 0 106 111 0 137 127 128 105 0 137 0 0 113 129 0 113 120 115 0 116 119 0 0 130 142 0 114 107 142 0 140 145 106 105 139 138 114 0 129 0 116 143 116 131 135 0 0 0 113 0 110 135 124 102 0 107 139 133 148 127 141 120 0 137 133 129 101 114 101 120 0 147 136 0 108 143 0 123 118 125 0 131 0 129 114 110 0 0 0 0 136 108 137 119 113 145 110 0 0 129 149 148 105 122 122 136 134 138 115 0 0 144 117 114 109 109 124 137 136 0 0 0 103 0 0 113 113 0 129 121 123 144 126 118 143 122 121 0 138 129 116 136 126 111 138 0 0 138 129 113 0 0 139 104 103 132 132 110 121 115 141 0 148 146 139 0 0 140 110 132 122 108 125 0 105 0 145 0 100 118 125 135 139 103 149 104 102 123 118 0 106 117 101 134 132 105 127 0 119 0 0 123 105 140 129 129 0 141 123 143 114 117 149 107 0 119 143 109 125 0 133 145 140 118 109 145 117 139 126 0 106 133 0 109 132 114 128 120 0 139 0 0 123 119 104 146 0 0 0 100 0 132 135 130 140 0 124 102 117 118 137 141 129 136 0 148 0 0 103 0 107 130 131 114 135 0 145 105 148 0 106 129 122 128 133 127 148 0 124 107 101 147 128 126 138 100 0 135 101 112 128 0 0 0 119 109 0 0 106 112 0 144 129 0 113 103 101 148 131 127 131 146 141 144 149 0 112 139 107 130 134 147 0 102 124 142 106 105 103 0 118 123 0 0 0 133 0 114 0 110 117 0 128 115 142 0 143 138 140 133 106 118 136 135 142 112 149 141 105 143 0 121 130 0 0 149 127 106 141 0 117 129 118 0 130 132 142 104 140 109 134 108 138 141 0 0 144 0 108 0 128 0 119 100 0 135 0 0 106 145 0 132 0
0 0 112 146 101 115 124 116 139 147 109 0 134 0 0 0 145 124 0 0 120 0 0 105 0 120 146 125 0 105 141 133 148 109 110 116 0 114 0 124 101 128 147 0 145 0 0 126 0 0 119 117 147 0 124 101 0 123 102 0 140 129 127 0 135 105 0 111 100 0 0 130 128 102 104 126 0 0 134 129 107 135 124 0 116 113 124 144 0 125 0 138 109 0 145 115 105 0 128 130 129 125 101 147 132 0 0 130 102 120 0 136 0 115 0 146 147 142 0 0 127 136 140 129 132 125 145 102 0 108 106 122 128 0 0 0 113 130 147 132 0 131 102 130 147 106 0 0 124 120 130 137 0 127 132 121 137 103 142 133 147 104 127 0 117 126 0 148 0 147 103 115 101 120 0 120 143 136 142 113 120 101 134 101 100 130 0 141 0 125 115 127 140 117 107 0 0 114 104 135 125 145 101 117 105 0 125 0 0 0 132 0 0 108 129 135 107 0 140 141 118 109 102 133 106 0 146 0 105 0 128 136 0 0 0 113 0 109 133 142 113 128 0 122 0 0 0 0 113 126 133 108 109 0 102 109 142 133 102 0 129 133 0 109 143 118 0 107 146 115 114 0 118 101 144 119 0 147 121 0 123 143 147 0 0 0 128 0 105 120 0 137 132 0 123 131 131 0 131 110 143 142 126 135 140 102 0 0 140 0 145 142 0 133 107 145 122 127 0 118 107 0 105 133 104 0 142 0 106 114 0 112 0 0 113 122 143 145 126 111 102 144 122 115 100 0 0 0 146 122 138 104 0 0 112 142 141 0 120 111 0 136 102 138 111 103 111 133 147 101 128 0 135 0 103 142 100 102 131 0 123 118 116 119 0 145 125 100 0 120 109 108 121 0 105 134 127 0 119 131 123 0 106 144 145 133 124 0 129 0 147 0 109 136 117 108 0 123 105 0 145 142 133 138 140 0 129 110 146 0 144 145 139 144 0 101 0 134 0 109 0 128 136 0 146 110 111 116 0 129 0 0 134 111 139 0 0 102 101 133 124 0 118 0 104 149 128 120 110 102 108 124 0 143 130 130 131 134 137 105 128 145 149 0 125 118 131 102 126 146 0 0 0 148 117 0 0 119 128 148 108 138 134 117 110 0 130 117 107 117 130 136 144 120 124 0 122 106 114 0 0 127 132 139 144 106 134 0 133 129 141 0 124 132 147 132 104 110 130 0 139 125 126 0 139 0 0 115 133 138 139 0 0 125 0 111 143 118 0 115 121 0 0 128 109 111 137 0 143 145 121 102
0 0 140 0 0 144 0 122 135 0 120 0 117 111 132 134 0 144 141 111 117 108 129 137 140 0 102 0 0 0 138 144 146 110 124 147 0 0 109 149 0 130 0 130 118 0 130 145 0 123 144 115 0 124 0 122 107 114 146 104 125 138 115 113 120 0 116 149 100 0 0 119 127 147 0 144 128 134 147 144 137 114 101 111 113 147 112 0 0 107 122 0 124 0 106 123 0 0 124 144 111 0 0 0 128 118 125 0 0 127 115 108 121 0 102 144 118 114 120 0 0 101 0 123 136 135 134 117 0 123 108 126 0 131 141 125 135 147 142 0 123 0 0 0 148 0 139 113 0 108 0 148 148 142 144 0 135 133 0 146 134 105 0 117 142 124 0 0 118 131 0 112 0 0 107 0 0 118 0 148 101 125 140 134 0 127 0 103 0 138 147 0 0 0 137 104 111 0 114 136 122 140 103 145 117 139 129 111 0 146 135 105 0 148 115 0 0 0 133 0 125 0 134 113 0 124 102 0 114 0 137 0 115 142 102 115 142 132 0 0 128 113 142 0 102 0 0 0 123 0 117 102 136 123 121 124 145 0 110 0 115 149 0 135 128 113 0 0 121 105 103 0 0 132 127 148 109 118 142 120 114 124 0 148 126 0 0 136 0 126 143 147 137 124 0 112 112 0 0 0 0 107 130 134 129 110 105 0 110 144 130 145 102 134 0 113 118 0 117 118 139 148 0 129 140 0 144 116 140 111 141 0 0 128 0 100 144 111 112 132 139 111 104 130 0 144 0 141 0 139 147 0 124 118 134 136 0 143 119 145 0 110 135 109 128 104 139 0 132 118 103 146 0 139 145 103 105 103 149 105 0 123 126 139 137 139 110 127 126 142 0 123 0 115 0 120 148 0 111 143 144 118 129 100 107 147 133 124 129 0 126 0 0 104 122 0 111 104 0 130 111 130 0 138 0 142 0 113 127 127 109 105 136 115 109 107 111 138 120 133 0 0 112 118 133 115 105 106 127 107 148 0 0 108 0 0 102 106 0 137 106 145 123 141 125 147 109 123 129 140 141 113 0 129 0 112 0 140 129 0 110 145 103 120 107 146 119 109 112 105 126 0 0 127 105 141 115 133 129 0 107 142 117 0 0 147 0 100 0 134 0 105 120 121 103 0 114 129 122 105 0 0 108 102 0 118 149 144 0 0 106 0 0 147 0 130 0 109 109 134 122 145 136 126 102 119 129 0 107 0 126 0 104 122 104 114 106 0 144 112 101 0 129 0 149 144 0 0 125 117 113
0 123 105 105 113 130 111 104 147 124 0 148 117 110 119 128 0 115 0 119 111 0 0 0 0 146 103 136 0 146 123 0 139 0 138 131 0 145 129 0 0 0 105 115 0 0 0 133 103 147 108 133 115 116 118 116 145 115 116 148 123 147 125 130 102 144 103 105 111 134 135 128 106 115 104 137 110 137 0 0 0 110 106 0 0 0 139 140 145 133 130 106 147 0 0 130 104 145 100 121 105 117 135 128 0 113 128 114 147 0 111 0 108 133 113 119 0 0 131 102 112 101 120 137 121 0 129 148 0 109 143 144 0 118 133 146 146 147 0 0 0 141 110 0 0 139 128 146 126 105 0 0 0 107 0 101 104 115 100 102 101 106 0 132 115 123 126 128 117 0 137 142 126 0 122 130 140 0 132 101 125 141 0 121 0 136 0 0 120 0 147 0 135 110 101 118 102 126 0 148 123 133 115 0 115 0 113 113 124 0 138 131 103 126 126 125 108 109 0 103 114 0 125 0 122 120 118 0 101 125 132 112 0 0 138 136 142 111 0 0 0 114 0 148 0 119 0 0 0 128 113 0 141 125 107 121 0 0 140 104 127 128 149 137 143 0 107 0 146 146 131 0 129 0 147 109 103 0 0 0 0 104 143 126 111 133 128 105 126 125 116 0 103 139 104 0 134 137 138 105 132 0 108 144 141 144 115 100 133 0 122 123 112 117 0 105 136 102 112 129 137 145 0 132 0 102 137 124 105 116 0 0 108 120 125 110 112 0 130 0 122 0 143 126 122 148 113 0 105 143 0 145 131 128 0 119 131 0 138 128 133 119 0 114 116 0 0 0 117 148 140 123 0 127 113 0 116 110 0 148 139 0 108 148 0 112 149 0 101 132 145 103 102 129 127 108 118 0 131 101 118 0 123 127 0 100 127 0 0 137 0 114 132 109 0 133 122 107 0 0 125 106 121 128 0 0 132 112 0 144 142 107 0 0 135 0 142 104 114 125 114 129 133 107 0 106 110 132 147 142 117 119 115 0 131 127 0 0 0 116 123 135 135 0 104 101 129 127 100 0 0 127 132 115 138 133 143 0 0 124 0 117 102 0 103 102 132 141 140 137 118 0 0 120 148 111 0 149 149 102 115 0 114 147 140 0 138 0 146 101 104 0 113 137 100 109 144 131 127 0 131 0 117 125 132 0 133 114 138 121 144 128 117 148 131 112 137 0 144 144 117 133 0 109 101 129 0 0 0 130 110 113 145 0 123 127 0 105 0 0 0 0 129 127 123 124 0 134 0 112
0 101 148 146 129 141 110 133 0 117 116 0 149 116 121 109 121 110 141 149 0 124 134 0 0 141 117 112 0 131 138 0 102 108 0 143 136 146 133 105 126 106 147 0 132 104 138 145 0 103 127 0 109 123 147 0 148 133 0 138 107 0 145 103 138 112 0 132 110 0 138 129 133 128 104 0 135 146 139 105 117 139 0 118 0 120 138 100 106 0 0 145 0 105 130 107 108 148 0 146 136 142 118 137 116 102 0 120 0 142 106 127 113 101 140 105 121 100 116 0 0 107 119 141 143 139 100 0 145 112 136 127 0 148 142 132 133 0 148 0 136 0 128 149 0 109 137 119 139 0 129 110 124 0 121 100 126 130 142 100 130 119 146 102 0 101 118 0 0 127 148 104 0 0 130 129 131 0 139 0 117 104 0 147 101 0 115 132 0 140 117 0 0 118 0 118 129 0 0 114 106 115 0 100 138 0 127 135 131 135 102 148 0 107 142 109 147 0 125 129 118 0 0 115 149 128 131 100 142 103 0 139 0 139 136 142 0 0 0 131 0 0 0 142 0 123 128 0 135 0 103 138 0 117 0 138 135 140 127 117 104 0 146 115 0 0 114 0 137 111 141 110 124 145 149 105 115 0 120 115 103 136 140 119 0 103 112 109 148 132 124 0 114 115 119 0 144 148 0 0 136 0 104 0 146 0 113 142 102 0 133 105 0 140 103 0 121 140 113 0 0 149 112 118 143 137 0 114 140 0 0 121 134 0 108 0 114 117 126 135 106 0 131 147 141 112 138 137 0 113 148 122 110 147 100 101 0 0 100 146 127 0 105 144 115 107 146 0 137 126 132 120 120 107 0 144 124 121 110 113 118 134 0 121 118 131 115 0 128 106 149 0 124 117 115 117 102 148 122 129 122 104 126 144 0 0 130 102 147 111 126 111 0 0 112 138 131 111 114 133 124 0 125 108 114 128 0 145 0 125 0 140 107 128 124 149 0 118 131 0 0 133 0 0 124 133 136 0 116 107 122 118 116 121 110 128 0 125 107 145 148 0 101 127 0 124 117 110 0 122 149 137 115 121 113 126 120 0 125 109 0 145 0 127 0 103 0 105 111 116 138 0 0 113 133 112 102 143 146 115 120 136 0 146 130 144 128 111 103 147 123 0 113 126 143 112 133 0 149 108 0 110 102 147 131 0 0 127 142 117 117 107 147 138 124 147 102 142 0 112 125 108 132 133 0 0 100 138 0 0 136 0 149 117 101 112 129 149 0 104 0 128 135 115 148 135 0 125 0
0 111 107 106 120 138 139 108 127 0 0 112 108 0 0 117 128 104 102 142 147 0 131 123 125 0 102 128 0 111 0 134 106 107 100 0 132 101 112 0 104 137 116 139 0 142 103 134 107 144 105 138 144 113 118 104 117 148 148 115 117 104 143 0 107 110 100 136 111 101 108 120 0 110 103 107 105 132 112 0 0 0 0 113 128 143 0 126 0 122 126 124 118 105 0 105 138 146 104 117 0 119 147 108 101 102 137 102 0 148 0 104 107 0 0 0 114 118 135 0 148 144 0 125 134 104 147 103 0 118 113 136 101 118 112 110 148 148 148 148 100 104 101 136 139 105 143 102 120 0 116 112 130 0 107 132 102 125 126 126 111 119 138 105 104 138 110 0 0 111 132 0 124 144 104 130 119 115 122 119 0 0 136 0 0 142 0 124 122 101 109 124 129 109 133 139 120 137 144 128 135 0 121 108 101 106 0 0 0 117 112 0 126 131 125 0 0 149 106 119 102 112 140 105 106 137 0 125 110 111 142 102 0 141 113 0 104 133 128 103 103 0 129 106 112 146 0 120 105 0 0 105 0 143 140 123 136 0 138 127 142 111 131 119 145 140 0 144 108 0 142 0 106 122 134 121 127 142 115 127 123 124 0 104 124 101 101 131 0 142 120 0 132 144 0 0 130 106 109 141 115 0 0 132 143 0 122 135 129 116 123 148 120 125 121 148 136 134 146 100 146 0 103 144 133 0 120 140 0 122 0 110 114 135 140 137 0 106 118 127 0 134 105 106 147 0 143 133 108 116 0 148 135 0 0 136 149 0 118 120 0 120 0 143 0 135 0 0 0 120 148 144 0 136 110 103 145 120 0 103 147 0 0 125 140 117 107 123 0 149 137 149 101 100 141 140 141 100 0 123 0 0 0 0 100 110 106 120 0 143 118 0 136 0 0 113 111 129 114 132 0 127 114 0 0 145 115 119 125 139 122 142 139 0 108 111 0 0 0 102 119 0 111 110 107 0 130 133 149 137 143 104 103 120 0 115 113 0 0 109 0 126 0 0 137 111 116 112 0 105 0 0 0 103 0 124 127 118 140 109 0 112 149 109 0 139 147 129 112 147 135 132 0 0 145 0 116 0 134 0 104 113 126 125 129 0 122 123 144 108 131 115 0 118 0 120 117 111 0 130 0 126 146 126 114 0 116 105 130 140 142 136 149 0 134 125 116 112 137 0 125 149 148 118 0 122 136 117 100 117 142 0 0 0 125 115 138 137 0 115 140 0 122 149 124 125 115 112
0 135 0 110 0 105 139 102 110 147 0 0 100 131 0 125 0 134 0 106 134 0 0 105 0 132 127 102 117 119 0 121 0 143 139 0 0 100 107 142 141 141 130 121 112 147 119 138 0 124 114 131 0 117 108 105 147 102 105 111 0 110 110 0 119 134 117 140 149 0 149 0 107 128 137 0 0 121 144 118 138 125 131 0 0 148 148 0 144 0 104 138 104 0 111 105 127 125 0 0 124 0 143 116 127 0 113 143 0 139 145 137 141 110 135 0 125 117 137 101 115 141 146 0 112 138 0 103 118 123 107 113 134 0 0 126 135 118 114 129 124 109 120 115 133 0 0 133 141 113 146 129 0 127 148 103 112 124 135 120 108 110 134 132 133 142 0 0 0 118 110 0 146 130 105 132 121 126 0 133 114 132 117 108 102 137 105 116 117 122 145 125 103 131 0 127 0 0 143 121 101 106 102 0 121 0 141 132 149 104 0 0 112 108 108 105 119 122 148 112 138 133 134 141 145 118 0 140 100 0 120 140 0 116 135 100 122 127 109 146 108 148 112 147 149 133 149 126 127 140 127 113 0 0 137 108 0 142 144 0 0 109 144 146 147 107 0 123 0 123 129 0 135 149 130 0 114 121 107 0 133 0 100 0 147 127 102 0 132 130 106 144 136 104 136 134 123 0 132 129 105 0 149 128 107 101 104 125 101 126 0 142 115 144 124 140 125 101 0 111 148 149 138 147 0 141 134 0 144 0 115 146 112 147 122 0 112 0 121 0 112 126 148 124 0 0 0 104 0 112 141 0 100 104 0 120 0 109 133 148 112 126 102 107 0 0 120 102 101 144 135 107 100 147 0 0 147 138 121 130 143 148 0 107 140 0 143 0 124 121 0 0 0 0 143 0 146 139 123 135 0 134 136 125 109 119 100 116 126 112 0 149 134 112 123 105 0 107 125 0 109 105 132 121 145 138 0 107 135 116 104 0 145 133 117 0 109 144 139 0 104 0 0 0 146 126 139 115 142 125 117 130 148 126 104 122 0 105 120 106 0 0 106 109 102 142 105 0 143 110 0 0 101 100 142 0 125 104 119 105 140 0 105 0 129 0 131 114 108 0 147 120 136 116 108 110 123 0 113 126 140 0 104 0 142 129 0 148 0 0 145 118 100 132 133 141 0 119 0 0 124 136 118 119 111 0 113 115 102 126 0 137 132 111 0 133 125 140 122 0 140 149 123 123 0 105 105 138 0 101 129 102 132 148 123 141 117 0 103 0 0 142 101 126 126 146 100
0 106 108 141 136 0 0 102 143 128 145 111 131 112 103 105 129 116 0 107 0 0 113 129 127 116 123 127 125 115 143 147 138 125 120 115 111 115 139 138 105 114 146 127 0 133 131 140 0 106 135 145 146 133 104 112 123 104 127 0 103 137 0 141 123 133 104 0 129 125 117 123 120 0 0 139 126 111 137 0 145 131 136 142 0 103 0 0 134 131 101 0 133 140 136 100 145 132 112 128 149 112 124 113 0 138 0 0 0 141 147 148 137 0 0 116 104 116 118 134 0 139 147 128 140 0 149 138 149 0 0 128 127 114 133 107 131 128 105 136 0 0 107 137 115 110 0 0 113 124 113 144 115 128 139 131 0 130 0 0 0 149 138 131 121 0 141 120 100 116 109 0 126 138 0 125 100 129 109 126 120 110 128 108 113 139 138 0 125 111 114 124 113 111 126 130 125 0 134 145 111 127 127 0 108 0 134 131 0 110 0 113 142 0 106 130 0 145 135 139 148 0 136 142 126 0 119 109 0 138 124 0 0 100 149 125 132 106 0 0 147 135 119 0 0 100 100 0 0 0 139 104 144 140 132 0 104 134 124 112 121 147 108 100 138 119 125 114 0 133 148 0 149 115 0 117 140 115 107 126 0 142 0 0 103 130 144 0 0 0 0 124 0 127 0 106 143 106 141 121 104 114 0 124 0 0 109 110 106 103 111 140 118 0 142 0 136 109 0 126 0 127 0 108 0 102 0 0 0 0 0 129 148 102 110 111 113 0 138 119 142 129 145 0 0 134 115 105 0 121 126 137 116 133 0 0 125 100 125 115 0 143 0 0 105 129 115 108 116 122 137 147 116 125 109 126 103 131 127 112 120 110 127 114 114 132 0 149 110 130 103 0 0 0 105 0 125 113 111 0 144 117 126 0 0 118 123 122 145 114 117 112 100 115 121 101 131 136 124 100 0 133 133 0 0 130 103 127 0 141 145 0 125 0 105 104 119 113 144 0 147 101 142 0 120 114 103 148 123 109 0 0 149 128 122 103 146 118 0 0 120 0 141 111 111 138 112 108 103 104 149 124 115 0 105 147 133 101 116 0 129 0 129 141 0 143 101 143 142 122 105 109 114 136 127 136 0 0 113 136 104 0 127 106 124 116 144 127 119 149 128 101 128 133 104 142 0 128 102 126 109 0 103 0 149 136 114 137 146 128 0 0 139 0 132 108 118 125 111 111 110 0 143 120 146 141 103 111 0 0 104 127 132 0 0 144 102 0 100 118 113 117 0 105 113 136
0 133 143 106 0 0 116 111 119 115 109 0 0 112 102 112 0 114 121 143 134 137 0 0 131 131 0 118 128 140 102 140 116 0 0 108 101 101 135 115 127 146 117 125 144 0 147 126 0 110 142 114 113 143 145 126 140 0 144 138 0 136 128 148 142 126 0 122 126 144 0 106 0 111 130 135 0 116 122 148 127 116 120 0 0 146 122 143 122 100 117 0 142 0 0 105 0 144 143 123 131 141 100 128 0 124 140 112 101 0 143 120 0 0 0 0 118 0 131 127 113 143 103 139 0 0 106 102 130 0 114 123 117 136 100 124 136 138 110 108 147 101 109 149 140 117 143 149 122 0 110 100 106 0 148 120 117 132 138 0 149 0 142 136 141 0 134 117 108 126 135 133 130 126 130 142 119 145 135 0 143 0 110 145 142 0 140 0 0 106 140 124 131 105 107 112 103 110 0 124 120 144 105 144 129 101 119 130 136 105 132 0 0 143 0 131 126 109 118 0 111 132 0 104 117 114 145 117 0 101 0 0 109 142 124 0 0 117 123 0 148 111 137 129 130 115 143 148 138 0 0 105 117 149 0 119 111 101 140 145 141 110 122 104 122 109 101 0 0 0 134 136 142 112 0 0 144 111 0 136 107 101 0 128 135 138 0 106 144 145 120 118 0 0 114 120 122 105 123 0 145 136 146 0 0 0 127 134 0 120 0 128 0 131 120 109 120 140 0 110 102 110 0 100 120 0 0 101 135 110 127 0 146 106 130 104 138 100 0 0 100 130 0 149 142 117 0 119 108 109 138 139 146 121 114 126 0 115 128 110 139 118 101 0 125 129 123 125 132 0 104 0 103 115 134 0 103 0 104 110 134 0 0 0 105 113 131 139 0 149 0 147 103 142 120 149 0 104 0 143 106 107 127 0 139 131 145 149 122 109 0 114 0 140 0 142 123 121 109 142 117 0 135 144 118 0 126 149 113 139 0 0 115 148 127 146 144 144 141 124 103 105 0 0 142 130 144 129 116 124 0 121 102 123 139 0 0 0 0 102 0 139 148 135 132 102 0 116 102 103 116 133 102 119 118 116 141 131 131 138 131 124 0 126 102 100 136 146 0 107 0 0 104 113 0 0 115 0 144 117 0 131 147 0 141 109 0 140 0 101 135 116 124 138 119 146 121 0 0 117 136 109 147 116 148 105 115 116 106 132 0 143 138 0 0 140 149 108 0 133 0 107 127 139 102 130 132 140 138 130 147 124 149 127 123 0 0 130 131 0 146 146 132 0 101
0 127 139 118 117 113 111 109 120 101 103 104 106 129 139 109 109 0 101 101 106 111 0 119 0 120 144 122 0 123 138 122 144 126 0 0 0 109 113 136 127 0 110 0 140 100 118 100 132 108 116 0 141 135 117 0 141 129 0 0 145 130 143 149 0 143 102 121 101 121 107 108 0 145 106 118 0 122 110 130 0 142 111 143 107 110 140 125 0 146 0 142 0 0 103 133 0 114 0 104 107 106 141 125 0 100 0 0 103 134 125 0 127 138 140 121 139 108 0 118 114 0 133 138 144 122 100 130 0 100 116 112 0 113 115 110 0 0 108 0 0 105 138 137 134 0 136 0 120 110 136 142 131 0 132 111 116 143 0 134 0 0 118 127 136 143 100 0 0 134 129 133 0 103 138 143 111 149 149 0 104 130 142 109 0 138 114 101 0 0 107 128 143 140 131 0 130 125 0 108 110 127 121 0 0 138 0 0 0 102 112 137 100 146 0 0 147 131 0 141 135 0 103 0 0 142 105 141 146 115 141 104 113 148 105 0 106 137 108 107 0 133 116 0 0 119 149 108 135 120 0 0 0 118 134 112 143 107 149 105 117 111 110 149 147 147 106 0 147 0 0 0 124 108 0 107 102 0 111 134 117 146 125 0 103 0 0 138 142 140 130 0 112 134 0 120 124 110 112 121 0 133 0 126 0 102 121 103 137 144 129 0 144 0 0 117 144 114 142 132 136 115 144 0 0 126 145 121 103 109 117 0 130 130 0 0 0 105 107 0 121 110 0 143 137 102 136 144 103 144 147 128 0 117 0 133 119 0 0 0 136 130 108 0 0 103 107 111 136 0 136 135 136 129 139 109 0 142 122 126 0 113 112 126 103 102 0 0 115 148 115 128 119 106 147 147 0 137 116 104 134 108 0 115 0 106 0 0 111 106 146 109 0 0 104 142 134 111 104 0 0 123 137 128 0 123 111 0 0 0 124 127 129 132 130 107 108 0 115 120 0 127 109 117 0 0 131 121 111 144 114 124 122 121 0 107 129 126 128 0 135 0 103 122 0 116 120 112 112 0 126 0 123 0 135 0 120 118 124 0 130 0 141 109 107 101 127 0 127 120 0 119 135 144 122 0 0 104 137 111 130 141 140 102 108 107 109 143 134 136 140 138 114 134 129 121 146 143 0 109 137 137 129 146 132 0 0 125 0 102 136 117 143 138 114 0 107 138 114 101 101 0 0 147 0 0 104 101 138 101 0 122 140 101 0 119 137 139 0 0 120 138 133 137
0 104 0 144 0 103 130 0 139 0 131 125 101 130 129 148 102 100 105 115 128 146 0 110 123 122 0 126 101 130 123 137 149 147 132 0 138 110 0 121 106 128 134 132 146 0 132 136 132 106 0 125 106 134 0 125 0 0 0 0 101 139 0 130 0 132 0 0 110 141 149 0 117 100 139 118 0 113 132 139 125 145 136 109 130 145 123 110 135 129 131 0 113 141 0 116 0 111 0 120 0 139 117 123 130 135 0 115 103 103 0 125 146 145 144 0 133 102 115 102 144 136 139 121 0 114 0 116 145 114 0 0 141 120 109 117 0 121 106 123 0 0 145 0 147 128 111 110 100 119 123 0 0 121 123 143 132 125 0 135 149 137 129 0 102 120 0 125 100 0 106 118 146 127 0 144 113 136 110 132 120 145 149 112 135 0 115 134 0 147 136 148 146 106 100 119 137 121 106 0 102 130 0 144 133 115 120 0 0 110 120 0 128 111 112 115 149 107 0 108 104 131 115 143 149 145 0 136 140 134 101 0 131 133 134 116 104 100 109 0 0 108 109 149 0 107 117 0 0 127 125 0 0 110 109 140 107 135 135 120 101 145 136 145 0 125 129 0 0 113 138 122 141 115 0 131 148 0 132 125 148 126 115 100 138 0 120 0 103 110 106 147 136 145 125 0 0 114 127 136 114 128 106 0 0 116 0 0 0 126 102 105 130 127 104 147 109 0 148 114 111 0 129 0 0 0 108 143 115 117 138 118 0 144 125 122 0 126 139 136 145 147 0 123 142 122 127 0 120 115 133 0 148 135 102 146 113 0 136 107 0 131 139 143 115 122 121 111 0 104 145 136 100 108 119 138 0 0 0 115 0 144 107 0 139 124 0 126 149 136 127 109 133 143 0 117 134 0 0 114 149 132 0 0 149 120 0 0 142 0 137 112 116 0 131 136 116 141 133 146 132 0 108 145 0 100 0 0 109 125 144 0 141 108 104 149 110 102 106 108 0 139 129 118 113 125 112 0 138 111 119 123 124 103 103 0 111 0 100 103 106 133 0 136 0 0 112 119 145 134 0 0 0 0 0 130 130 0 106 107 123 0 0 111 109 140 113 100 149 114 0 0 129 113 0 129 0 134 143 149 119 145 130 123 125 113 103 112 106 131 129 0 116 0 0 104 146 140 106 116 125 142 147 116 0 106 129 0 0 147 114 103 132 0 148 100 111 144 109 118 131 0 118 127 134 136 102 131 0 0 139 115 139 129 122 117 0 128 108 143 147 102 110
0 101 0 114 147 101 143 0 136 0 133 107 110 0 0 124 123 136 117 0 0 104 0 112 133 0 147 0 121 115 0 0 112 149 132 146 137 0 130 117 117 114 101 121 127 0 141 147 148 116 102 142 0 130 112 107 0 0 137 0 148 100 139 101 106 101 139 0 148 137 0 0 103 105 148 139 103 0 149 124 100 101 0 137 112 146 147 0 0 142 119 108 101 0 121 0 102 130 143 143 0 108 0 125 0 0 105 114 0 112 112 115 119 148 0 140 108 0 133 105 142 126 147 0 109 101 126 0 129 128 0 106 108 104 125 149 103 133 119 0 103 102 137 0 102 107 126 142 145 0 0 125 125 129 148 144 124 126 109 149 125 0 135 131 120 105 130 112 123 111 123 113 124 0 100 119 112 114 131 103 131 142 106 0 146 138 103 128 0 115 107 0 114 107 132 125 135 0 121 136 102 118 110 0 137 0 0 118 105 121 0 0 0 142 105 132 112 109 147 133 0 148 112 120 130 124 0 114 118 0 118 100 127 136 145 139 132 104 101 0 129 0 131 116 110 111 128 116 0 134 112 145 126 107 106 113 125 139 141 124 147 137 0 0 111 106 137 120 149 0 119 138 0 132 142 109 100 105 0 108 0 135 101 109 112 135 114 0 0 115 136 125 0 141 125 102 140 130 0 0 103 142 139 124 102 0 103 0 0 139 130 108 0 146 0 141 0 0 118 132 131 148 0 104 140 128 115 0 119 107 0 124 113 121 109 0 124 116 113 106 110 112 0 108 127 138 120 119 126 144 125 116 0 105 147 108 104 103 0 126 126 121 129 0 124 140 125 110 132 133 110 113 125 111 116 143 0 139 115 0 100 122 120 0 129 105 147 119 0 139 116 0 0 120 149 0 112 146 139 0 141 123 0 0 123 125 0 101 141 133 127 0 116 101 110 139 139 119 126 106 0 149 0 0 129 0 146 113 0 100 147 120 126 138 134 0 0 137 123 0 124 139 107 134 121 131 136 131 108 111 0 139 146 0 144 0 113 143 111 127 108 0 127 107 125 115 0 135 142 103 101 143 133 119 113 126 118 118 116 103 0 135 0 137 102 101 136 100 103 0 124 0 135 147 111 141 0 101 140 129 148 133 104 0 134 0 0 134 0 136 0 119 133 115 0 137 0 112 115 117 145 122 103 126 142 129 110 0 142 132 121 133 139 108 118 110 0 120 147 0 0 147 133 127 0 117 0 114 104 120 138 124 116 0 134 103 143 100 118 0 119 148
0 104 114 111 131 144 0 111 120 136 131 134 109 129 147 141 140 100 0 100 107 130 113 142 145 124 131 0 116 104 119 105 0 108 127 0 0 117 134 126 119 0 129 106 108 136 101 104 105 125 0 0 133 0 121 147 130 136 109 0 119 129 105 100 121 144 0 135 111 121 145 121 122 146 0 0 143 136 138 126 119 101 112 120 112 149 137 117 0 120 139 0 149 118 0 126 142 111 0 101 0 105 137 118 144 149 123 121 107 0 147 0 105 108 137 132 146 0 0 134 138 124 0 115 139 0 128 0 104 122 122 135 148 124 113 110 120 0 0 136 0 134 103 127 145 118 113 116 0 143 0 133 134 100 0 100 122 101 0 117 103 0 142 106 127 109 0 136 0 105 0 143 134 130 119 102 124 0 0 132 0 101 103 125 139 124 142 138 111 130 118 106 0 103 0 144 147 0 117 0 0 141 0 0 105 147 130 139 121 146 0 0 120 105 145 113 107 0 105 0 106 147 103 0 142 0 103 106 113 129 148 0 138 109 0 131 128 139 0 127 119 124 0 0 146 143 133 110 100 129 112 0 0 101 120 0 134 0 144 137 0 148 110 0 0 105 119 128 135 0 0 118 140 102 125 101 143 123 0 109 0 140 118 107 110 147 142 146 149 101 127 110 109 0 144 119 146 140 104 115 139 139 110 102 103 0 0 0 114 136 123 122 137 0 145 132 137 121 132 108 148 0 135 145 140 0 0 105 118 133 0 125 112 143 114 105 125 109 141 0 127 114 129 117 108 121 102 118 121 140 128 110 0 0 101 124 111 138 107 122 149 140 128 141 110 102 128 137 147 122 105 106 125 104 141 0 108 129 124 105 135 122 134 101 133 118 109 0 0 120 0 0 108 144 0 101 135 0 0 0 0 0 0 112 108 0 125 142 105 100 140 146 0 0 116 0 137 109 114 144 133 0 131 143 146 132 115 128 108 106 144 117 119 0 139 0 0 103 0 130 144 121 125 126 131 142 146 0 114 103 0 143 113 115 105 142 130 0 136 115 113 148 0 147 136 107 0 115 100 125 111 118 103 105 0 103 102 0 117 126 141 144 115 113 107 141 137 0 0 122 125 130 109 127 102 147 107 113 146 0 109 0 0 101 149 113 101 135 144 0 124 146 128 102 131 144 102 0 121 0 113 142 118 104 132 143 141 117 149 0 111 105 0 103 146 120 0 141 128 105 132 129 143 0 0 127 126 134 137 148 108 138 129 149 141 0 0 0 0 119 113
0 108 127 0 138 106 130 101 143 143 121 144 147 0 0 101 144 147 0 127 0 0 146 116 123 125 0 130 137 105 0 143 140 137 103 0 124 105 117 136 123 119 133 134 135 0 116 149 0 112 115 131 114 139 139 117 118 106 130 147 111 0 136 0 111 133 0 108 113 148 104 0 0 125 130 0 123 0 137 140 118 0 107 138 147 118 113 0 141 0 141 0 121 0 148 0 0 146 126 130 132 143 110 0 105 124 117 148 105 137 0 118 141 0 107 131 127 0 148 123 123 104 101 107 117 107 134 0 140 127 0 145 104 0 127 146 149 111 0 137 115 104 137 149 115 109 110 125 147 108 113 137 110 0 135 118 0 114 100 0 117 113 135 138 105 0 148 102 0 132 147 0 131 0 112 0 115 110 137 130 116 130 113 122 134 0 0 0 0 143 119 143 0 109 118 0 104 124 127 0 130 103 129 0 123 100 128 123 108 147 149 0 118 130 122 131 138 104 0 110 113 127 131 107 144 0 0 132 103 114 114 104 101 117 0 134 123 105 127 118 0 140 101 102 115 0 127 106 112 119 0 148 0 134 120 0 141 134 143 106 0 143 0 128 133 0 128 113 124 107 138 129 115 132 0 103 139 106 138 0 0 139 112 145 123 128 0 149 118 110 123 0 130 0 0 103 0 104 149 140 136 103 0 135 148 144 130 0 0 0 100 115 118 104 139 136 127 107 147 100 0 141 115 0 0 103 116 107 0 0 101 120 0 103 125 146 0 112 138 125 131 112 0 141 0 0 0 116 133 0 141 116 104 133 140 113 101 139 116 0 107 0 136 112 143 0 103 149 0 147 138 0 0 0 130 136 117 149 123 145 126 112 122 0 0 126 0 0 100 113 135 115 0 100 118 100 102 149 115 120 133 107 137 127 107 0 131 0 104 134 103 113 135 0 0 113 102 135 0 140 131 0 132 104 103 119 126 146 116 0 146 104 114 100 0 106 132 110 133 0 119 0 127 137 0 124 0 112 146 123 0 125 103 0 129 0 139 127 0 149 104 136 0 134 102 137 113 114 142 133 127 121 103 137 122 128 146 144 104 0 137 128 123 140 149 103 0 108 126 115 131 144 0 0 113 118 134 123 121 117 148 0 126 107 0 139 136 103 149 123 0 134 145 132 0 126 140 117 128 109 104 101 118 136 135 112 106 116 109 134 114 142 0 114 0 139 131 0 147 0 126 139 112 109 0 0 116 0 117 137 0 113 117 125 137 113 100 109 147 0
0 122 139 145 140 137 115 0 138 134 103 0 111 0 129 142 121 148 134 114 119 117 100 106 130 131 101 138 109 113 101 138 103 133 116 110 141 108 133 101 103 0 0 114 130 105 128 149 146 111 0 0 138 102 116 143 143 139 0 0 121 130 133 123 117 123 125 121 148 120 145 147 107 144 0 147 149 103 0 104 121 114 148 125 108 119 132 104 111 144 0 0 126 106 111 140 108 141 132 139 130 133 104 0 116 139 0 130 149 134 106 0 0 0 139 147 0 132 127 132 133 111 0 107 145 105 0 110 127 149 0 0 132 117 106 0 130 0 127 111 125 113 115 0 146 104 120 105 0 147 142 121 139 0 104 147 123 100 112 0 114 123 133 137 142 112 139 0 115 131 120 124 0 107 142 127 113 120 132 133 0 117 0 106 101 106 132 143 118 0 133 118 135 141 119 102 131 119 120 111 129 0 0 0 129 116 137 0 128 0 0 107 145 141 0 0 0 0 136 142 108 136 123 101 0 0 111 127 143 136 145 129 142 113 0 106 0 0 106 131 129 0 107 128 149 140 0 138 127 121 121 132 130 132 101 0 101 0 104 100 104 148 135 145 103 124 142 115 130 0 0 130 140 134 104 0 137 0 0 102 0 139 144 109 131 104 116 107 142 143 125 124 0 121 126 134 0 145 147 0 101 0 129 0 119 0 148 136 144 125 124 125 141 132 120 0 0 111 131 0 149 119 0 0 0 0 132 119 111 0 122 110 141 0 134 0 149 136 100 113 0 136 139 132 0 120 115 131 105 108 126 113 140 126 140 0 114 128 128 134 0 129 125 0 0 110 143 136 121 134 147 0 107 0 100 0 0 122 143 127 102 0 124 0 118 147 0 100 0 118 149 121 127 118 0 124 115 143 123 128 138 0 0 0 137 122 0 0 120 0 135 136 116 115 139 0 135 0 107 135 140 0 0 111 104 0 117 130 104 0 111 123 0 123 0 0 108 120 113 102 101 135 134 0 0 0 117 144 0 134 130 125 112 100 0 144 116 141 129 0 137 114 0 121 116 142 142 0 0 136 133 136 108 129 112 0 135 0 114 106 115 0 135 145 136 0 110 134 123 116 114 138 143 106 137 0 115 106 101 129 143 0 115 109 126 122 147 106 122 116 0 135 0 124 118 138 0 0 0 136 0 0 0 0 147 144 107 0 100 128 0 127 137 127 115 136 0 0 119 127 106 140 142 0 119 109 118 130 112 122 0 0 0 141 135 140 126 117 0
0 0 100 144 0 136 116 108 0 104 124 108 133 112 113 112 136 0 0 133 125 0 142 101 136 0 143 129 106 132 121 132 149 148 0 0 142 125 0 126 0 124 111 149 141 140 144 125 120 122 0 0 117 132 139 0 139 117 114 0 103 112 112 108 142 138 147 125 113 145 104 0 0 109 133 103 0 0 0 123 0 103 128 142 139 109 137 102 127 114 117 107 129 107 113 146 115 116 111 149 0 130 111 0 144 141 106 111 113 121 0 136 147 0 145 0 141 123 135 112 134 0 104 100 146 118 0 0 128 0 110 105 131 0 101 114 132 126 122 142 119 134 0 131 103 0 0 0 0 120 0 142 125 0 0 0 122 126 122 148 126 0 139 143 123 122 112 130 134 0 108 129 105 138 0 0 130 126 116 139 124 148 107 139 124 120 122 0 124 140 0 128 112 140 101 0 0 0 147 102 123 111 129 0 135 0 136 128 104 135 100 143 139 147 148 0 149 148 121 116 146 137 139 105 0 0 138 0 109 0 108 114 146 141 129 110 142 0 109 127 114 139 126 0 110 139 111 147 140 137 148 115 0 105 138 0 131 0 0 134 104 0 142 141 129 124 0 126 148 114 147 0 144 101 103 0 103 141 122 0 108 144 114 110 0 107 0 146 107 0 0 125 143 149 141 144 0 105 0 100 116 101 133 149 0 115 0 103 134 149 120 0 134 117 141 0 111 138 0 118 120 130 0 140 135 134 0 104 0 117 0 121 105 126 102 148 0 136 128 138 0 0 106 148 100 115 131 116 119 130 0 149 101 0 107 128 111 0 0 0 139 0 128 0 122 137 0 135 0 0 128 134 0 122 121 125 120 138 133 0 141 0 148 121 146 0 0 116 0 125 103 145 136 0 138 106 126 0 0 105 148 0 131 0 144 107 149 0 120 127 141 132 107 112 0 0 115 126 145 0 106 126 0 112 0 121 117 125 0 111 106 113 143 0 146 106 123 111 134 145 130 124 145 0 0 129 121 127 100 126 125 135 139 101 114 0 0 0 144 0 109 128 131 144 132 128 0 0 0 112 0 0 120 144 142 129 118 141 0 121 123 100 129 105 131 112 0 0 147 138 115 0 118 101 139 0 125 132 106 0 108 131 116 100 130 0 0 103 138 0 144 108 111 0 0 127 109 105 103 128 0 132 146 125 137 148 0 136 119 131 103 104 148 0 0 0 144 110 119 132 143 126 128 139 115 0 141 103 112 0 136 127 106 0 0 123 0 0
0 107 0 109 0 119 113 0 137 107 144 102 137 137 0 103 135 136 117 136 123 116 124 124 124 122 114 123 116 0 105 130 147 110 123 0 0 141 107 145 116 147 148 0 108 0 108 142 131 0 142 107 120 128 105 107 127 119 127 0 146 131 0 104 113 109 0 0 146 136 102 149 116 0 136 143 105 0 106 133 0 141 122 0 124 135 148 134 121 127 104 0 117 118 118 123 130 146 0 0 118 0 137 122 0 0 148 113 119 0 0 136 139 0 107 0 0 148 140 136 112 0 116 128 112 143 142 145 119 0 102 138 120 0 111 138 145 146 118 101 138 133 127 133 129 0 121 0 145 125 0 0 106 110 105 114 101 0 113 0 127 125 0 0 114 0 0 126 0 129 0 138 144 123 0 103 126 109 100 0 137 137 0 0 0 125 0 117 149 145 0 105 0 145 0 0 131 134 110 138 0 140 136 113 0 101 142 102 106 112 133 0 139 103 105 0 114 140 145 101 0 0 135 130 0 0 143 125 0 119 0 0 109 139 109 121 133 124 148 109 107 0 144 0 143 107 0 116 103 0 137 148 123 137 116 108 117 0 0 130 108 103 0 109 136 115 149 145 117 102 136 119 143 105 110 0 0 124 116 128 0 133 0 139 0 131 0 124 122 144 113 123 0 0 133 126 0 143 0 0 0 111 121 102 137 119 138 143 119 121 0 147 106 117 0 106 0 0 119 112 129 130 105 116 110 105 103 119 118 0 126 0 140 128 149 0 115 109 0 125 0 129 0 0 119 147 146 0 100 107 100 139 0 110 123 137 123 102 0 122 0 146 0 115 103 0 0 129 0 141 140 107 144 115 113 102 139 110 0 115 0 132 107 113 104 136 105 128 140 149 115 148 119 127 144 0 110 122 126 116 0 148 0 135 0 141 119 0 106 131 103 117 108 138 0 114 0 127 131 0 129 103 108 131 125 0 147 116 134 103 122 104 147 0 139 130 135 137 119 133 148 103 131 100 134 134 110 0 133 0 0 145 134 103 0 127 143 122 115 131 131 116 145 120 115 115 141 0 135 0 142 102 112 149 0 0 145 125 145 0 120 117 139 146 113 103 0 107 138 141 0 126 142 0 141 126 127 0 121 123 140 0 108 146 0 118 131 0 0 113 125 106 0 148 149 108 135 144 102 0 0 126 107 127 0 0 142 106 124 123 0 129 122 0 105 103 116 149 131 115 117 122 147 104 134 114 136 114 134 138 121 133 0 111 135 0 0
0 148 127 149 113 104 139 101 107 0 129 145 0 101 108 108 125 108 133 0 133 137 0 0 114 0 139 123 133 0 133 118 0 102 109 105 121 111 115 130 126 112 127 114 140 0 0 102 125 132 108 136 119 149 0 109 138 125 0 145 113 0 0 113 107 145 111 123 0 0 142 109 117 112 108 143 135 105 149 129 112 114 0 147 102 117 0 0 142 0 109 143 118 118 108 105 132 148 118 0 143 133 0 0 106 126 112 104 100 124 129 122 0 101 148 145 134 102 0 104 107 106 0 116 0 121 136 0 118 118 0 134 0 131 0 136 110 144 129 132 133 117 113 116 124 0 0 0 112 117 0 0 144 0 144 140 0 0 119 106 101 135 149 147 101 130 130 116 0 0 118 0 146 0 108 140 137 137 0 103 118 120 0 133 149 128 0 110 0 124 101 122 121 141 0 110 121 0 114 117 111 115 0 0 0 144 144 114 0 123 145 0 122 136 115 0 143 149 110 106 130 114 136 0 0 132 105 116 128 124 132 0 124 125 120 0 134 100 144 129 108 118 104 0 109 122 0 0 119 106 114 131 0 128 0 0 0 135 111 102 144 115 124 109 121 139 0 106 0 143 109 136 128 127 120 0 0 0 110 100 106 119 0 119 111 140 143 102 144 118 122 0 0 119 122 137 134 125 111 0 129 0 0 108 101 0 129 0 126 0 118 118 0 147 125 121 0 111 146 121 101 124 123 0 0 104 112 0 104 121 0 140 115 147 125 111 137 139 0 117 133 114 115 0 100 107 114 0 117 0 147 104 102 116 116 119 103 147 121 148 127 0 107 101 109 132 134 116 142 125 135 128 103 145 0 110 143 111 137 109 117 104 0 0 0 123 0 138 124 124 0 116 118 137 0 149 112 0 101 125 114 140 143 0 105 128 0 138 110 136 119 140 123 115 140 0 136 117 144 114 115 136 138 0 0 0 137 0 122 143 0 105 146 110 144 118 0 105 107 0 108 139 133 132 0 138 120 132 117 119 125 100 138 138 0 121 133 113 125 0 124 136 111 135 0 131 117 103 119 0 129 135 100 129 135 124 132 141 142 125 112 147 103 144 139 0 102 110 0 112 0 0 145 102 133 110 143 135 0 118 128 117 120 130 125 140 149 136 137 0 0 121 131 111 105 147 0 117 0 110 125 121 0 125 126 143 145 0 118 124 106 128 0 122 0 100 129 0 0 135 144 124 0 125 139 102 113 131 132 0 121 146 110 132 0 116
0 0 0 123 126 137 0 140 109 0 0 127 142 0 133 119 143 130 140 110 128 132 144 103 118 142 105 104 0 137 127 106 133 140 128 118 146 0 134 147 127 140 0 122 144 145 110 0 128 0 0 113 115 0 144 115 0 147 0 102 0 119 113 108 102 0 139 113 116 0 141 0 0 144 149 0 112 128 124 137 121 131 117 128 0 142 113 123 148 109 140 139 108 0 149 139 114 139 145 127 112 116 142 140 142 107 0 0 129 103 127 105 130 131 0 107 112 0 148 136 120 0 112 123 115 146 0 105 0 129 149 0 0 109 0 123 0 144 116 110 123 140 127 122 130 123 133 141 145 146 109 111 125 131 116 0 114 138 101 0 124 121 102 0 136 104 0 0 105 148 105 112 103 0 0 116 132 120 0 111 0 113 133 105 135 109 0 130 0 129 103 0 131 0 0 0 0 146 136 135 148 121 112 140 0 0 131 0 130 0 116 113 111 137 120 104 129 101 127 129 0 0 148 0 102 148 147 140 110 0 101 123 114 136 107 117 146 103 134 121 122 124 140 118 146 101 139 120 143 120 148 104 142 133 116 138 106 135 125 115 0 140 0 144 134 116 119 104 0 104 118 145 0 0 139 125 103 107 101 108 128 129 0 100 122 108 108 101 0 101 0 0 116 134 118 134 0 137 131 0 110 0 128 123 122 143 133 0 110 124 100 121 100 116 103 0 104 113 127 0 106 101 111 121 0 0 123 119 110 122 149 146 123 135 128 125 124 101 0 142 124 142 105 103 105 134 134 117 0 132 131 103 142 143 149 145 134 143 0 124 0 105 117 134 135 146 127 0 0 145 0 144 110 0 126 123 101 0 101 108 0 126 0 0 137 138 103 130 125 110 0 146 108 120 140 129 109 0 113 100 141 145 0 102 130 116 113 0 142 107 140 113 102 117 0 0 110 147 106 115 0 116 131 116 0 124 123 0 0 111 147 0 107 143 101 147 109 109 0 110 0 116 109 126 0 115 135 104 0 127 117 101 129 112 137 0 144 0 0 110 134 0 100 125 0 106 0 124 131 0 0 116 122 0 147 139 123 106 136 129 140 130 133 0 0 0 0 103 116 110 142 0 131 130 0 0 140 0 113 137 141 0 132 0 111 149 104 115 0 111 122 0 117 137 118 129 0 130 134 115 0 107 0 107 0 128 0 0 145 103 0 104 105 102 0 0 135 0 0 102 115 0 0 148 149 140 142 129 145 135 117 132 0 0 123
0 117 106 0 124 101 133 130 116 116 131 111 137 126 136 125 0 113 134 144 0 0 103 139 138 126 0 138 146 129 0 142 125 148 136 0 116 0 128 0 149 100 0 125 108 128 144 106 113 135 131 144 132 117 109 114 111 112 122 116 102 142 131 143 128 123 105 0 134 141 0 128 141 117 141 109 143 0 148 145 135 133 110 132 116 118 113 117 100 0 102 115 0 125 113 0 114 103 139 126 104 123 134 144 103 130 128 128 109 146 146 0 113 119 0 0 147 121 147 121 140 147 109 0 108 120 106 104 0 133 130 131 145 0 0 108 124 0 0 119 132 0 0 135 111 0 119 105 112 127 127 108 124 129 123 128 107 110 122 117 121 143 0 129 107 129 0 103 102 0 125 122 0 139 128 143 139 0 100 148 135 124 0 0 133 0 134 141 124 0 108 111 138 108 110 0 144 0 0 106 105 102 120 123 131 135 138 117 138 131 107 132 133 105 122 0 128 101 121 144 113 142 123 110 0 0 135 123 0 107 0 103 113 0 148 147 100 142 110 149 106 110 100 106 122 147 0 113 133 104 0 0 0 103 100 146 0 122 0 107 0 117 122 129 0 113 105 0 139 124 0 149 131 0 118 0 0 122 0 145 101 0 0 100 131 0 147 129 142 0 143 115 126 102 137 0 147 141 134 0 147 145 130 134 0 132 116 0 138 109 137 142 123 102 0 0 130 104 118 124 115 107 0 0 137 105 125 147 0 142 102 103 0 121 144 108 120 114 0 0 147 104 0 110 127 100 0 147 149 141 113 0 108 114 134 0 129 115 138 101 0 121 106 0 122 100 0 0 0 132 0 130 123 123 127 138 113 142 103 141 127 111 0 143 0 0 0 132 127 106 0 105 113 0 102 121 125 0 125 0 113 119 106 0 117 141 0 106 0 146 144 102 0 0 144 140 135 0 146 0 118 0 110 104 133 104 112 130 128 145 123 0 134 0 0 113 137 125 128 135 0 109 111 112 134 115 0 104 142 116 0 120 141 0 149 113 114 0 0 106 128 148 105 134 104 112 113 116 121 0 0 107 123 135 135 109 145 100 0 0 108 131 120 103 117 147 0 116 146 0 138 119 132 104 0 114 106 125 120 113 103 104 0 139 119 135 121 107 131 0 101 138 113 0 124 141 0 137 135 136 105 0 126 127 122 140 129 0 125 101 107 0 0 118 140 103 134 0 140 118 118 142 0 117 103 122 0 119 141 127 132 129 0 0
0 149 128 115 121 100 0 120 148 120 112 0 104 140 0 127 147 107 114 118 0 119 148 0 112 0 111 115 0 103 129 129 114 132 118 117 0 100 0 131 0 112 101 0 0 0 0 0 0 128 115 102 0 127 0 125 0 147 113 139 0 115 138 140 0 0 119 112 134 144 139 0 139 134 124 106 143 115 146 101 0 0 120 103 102 0 141 141 132 135 148 122 106 103 0 101 123 136 0 121 0 103 115 139 134 107 105 100 131 136 0 139 107 0 132 0 102 134 131 0 121 104 142 107 143 145 135 0 137 123 110 0 142 128 133 109 128 0 104 117 141 0 0 103 0 140 133 111 107 102 144 0 126 105 108 147 0 141 112 129 113 102 0 100 138 0 119 108 141 112 107 129 112 0 147 121 0 127 137 102 116 0 102 105 110 0 142 147 108 109 135 143 141 110 135 124 0 145 0 0 130 0 0 102 0 0 147 0 125 120 137 109 104 111 138 149 129 116 118 131 103 132 124 120 114 140 0 148 104 106 0 125 139 143 110 0 138 125 146 141 0 123 145 142 131 100 0 136 141 0 146 0 0 119 145 126 0 110 124 0 103 109 0 0 0 121 133 133 125 138 147 118 117 0 142 0 101 144 0 0 135 0 108 118 121 142 148 141 0 0 117 137 120 0 134 114 0 107 103 0 135 0 0 113 116 0 128 121 116 135 128 0 0 0 146 0 0 0 130 117 0 148 137 131 123 139 110 130 133 144 132 140 0 131 104 132 107 148 0 131 110 0 141 120 127 139 107 103 0 111 146 0 126 114 116 116 119 112 144 147 132 123 135 112 119 0 0 137 0 105 143 133 114 103 0 107 101 139 0 131 0 114 137 0 0 110 129 101 0 140 101 0 124 0 118 0 113 104 118 0 147 132 103 104 144 144 0 111 114 122 110 110 139 138 120 127 135 0 142 104 0 128 132 122 134 0 116 123 147 135 0 105 0 141 103 100 116 112 113 148 129 109 0 117 142 0 114 112 114 110 115 0 0 128 111 137 146 126 0 133 130 125 108 124 114 0 116 122 143 0 115 137 117 0 111 109 120 113 149 101 111 114 104 136 131 129 144 145 140 142 123 136 0 138 0 101 137 0 130 129 108 144 145 0 106 140 108 115 136 123 112 138 135 145 139 100 110 131 135 125 125 133 110 110 147 106 100 146 138 100 132 145 135 0 147 120 123 0 133 0 0 115 104 144 139 115 100 136 120 138 120 133 136
0 0 137 102 0 107 139 133 140 0 118 104 111 116 0 108 126 0 113 0 102 135 148 0 0 0 148 127 0 130 126 100 139 131 103 110 126 0 106 143 135 0 139 115 0 148 120 148 132 113 131 140 110 0 0 117 147 110 106 135 111 119 139 0 0 0 116 109 122 146 144 115 107 106 110 0 100 119 144 109 111 0 0 0 108 126 116 112 0 102 148 119 115 130 148 135 105 0 147 124 103 0 133 121 124 107 115 135 134 0 104 115 108 0 113 116 124 136 143 148 0 126 128 0 111 0 104 0 122 137 144 146 0 145 0 113 101 148 113 107 0 120 0 144 0 142 105 119 0 140 108 118 140 146 128 0 102 118 149 0 131 139 101 0 0 125 108 119 122 113 110 128 106 109 148 123 0 120 113 140 133 0 134 142 149 103 124 140 144 144 117 108 104 105 137 136 0 108 102 0 0 0 0 135 108 147 133 141 109 126 148 108 102 0 147 124 122 148 107 145 106 129 0 102 122 111 0 114 0 130 146 149 122 103 114 109 0 102 116 131 122 140 109 0 135 133 128 0 114 118 106 142 103 123 101 0 133 140 111 149 107 128 0 116 149 0 125 123 111 133 119 104 0 116 0 128 109 101 103 140 111 124 138 123 110 145 120 0 0 132 107 100 0 145 149 129 110 0 106 103 0 142 137 137 127 0 127 113 149 108 118 106 0 148 148 0 142 139 103 111 147 145 0 148 125 102 104 130 0 116 107 146 117 103 124 108 135 0 0 116 101 104 129 132 149 100 0 0 121 100 108 112 112 110 147 105 141 0 115 148 144 0 105 114 106 105 143 110 108 127 0 147 104 0 0 0 115 101 0 0 114 143 0 136 104 106 0 123 107 115 132 135 121 139 123 140 117 122 131 131 126 138 0 126 0 102 142 113 140 0 125 0 127 127 137 0 136 115 142 127 123 100 130 128 131 142 145 0 131 114 144 110 0 106 120 110 121 119 0 0 0 142 138 132 104 102 113 149 132 0 112 109 122 0 0 143 147 105 132 124 116 0 126 0 106 130 0 116 109 142 0 145 108 126 0 0 112 128 117 107 0 130 0 0 148 143 104 100 0 127 0 107 106 142 129 106 146 0 105 111 0 110 120 148 0 147 134 145 0 118 109 105 0 0 116 105 0 117 135 0 102 0 129 104 0 133 120 119 124 135 0 0 0 140 0 0 132 112 128 130 140 119 129 124 113 0 101 138 0 124 0 138
0 147 144 0 143 143 105 142 119 146 146 113 112 0 107 146 0 0 112 0 106 101 0 115 0 149 0 0 0 106 146 0 122 137 0 119 112 0 0 108 0 108 113 134 104 130 131 120 0 0 0 145 105 0 117 121 108 127 121 104 0 0 147 148 117 116 145 139 123 118 104 149 126 108 109 103 132 123 140 110 105 0 122 0 130 123 0 106 121 108 146 114 0 124 0 143 113 128 0 0 115 140 115 144 121 114 0 104 125 103 147 140 148 103 102 104 112 124 121 143 143 140 0 144 121 118 137 132 126 133 0 123 0 135 118 124 131 0 134 143 146 123 139 124 118 115 109 0 129 147 138 144 140 110 0 130 100 140 0 130 0 145 112 0 0 118 129 111 128 119 123 110 132 146 121 140 118 0 0 135 114 111 127 0 113 116 141 109 145 132 0 142 130 117 0 130 126 115 108 134 149 107 128 146 110 148 133 107 126 0 133 127 134 125 0 0 103 0 0 0 123 113 132 120 128 0 131 0 146 109 146 133 130 109 117 101 129 115 107 142 0 0 107 113 129 137 0 0 0 0 0 0 147 0 125 0 0 146 145 148 105 130 128 123 0 147 0 138 134 113 111 0 144 100 108 115 146 0 0 147 116 140 0 136 108 128 143 139 141 102 0 0 0 101 122 126 143 117 0 135 138 0 119 113 140 0 120 125 130 0 0 0 149 138 0 134 0 0 125 123 118 147 137 0 0 137 108 104 115 0 140 101 0 0 147 138 118 103 0 132 0 139 131 128 116 127 134 122 101 119 139 143 134 0 144 107 141 103 124 126 107 130 0 140 116 112 106 104 0 102 137 0 0 0 131 141 0 133 107 146 0 103 132 137 134 102 0 113 0 139 0 121 135 115 133 141 0 112 147 132 110 114 0 0 101 121 132 136 114 107 102 142 123 121 104 0 0 102 0 114 0 126 134 141 122 103 121 0 145 108 115 121 113 0 133 0 0 137 0 122 116 0 107 111 102 129 0 149 144 0 140 118 102 136 115 145 119 108 146 113 0 0 125 103 138 142 120 119 106 0 143 148 130 0 142 115 129 0 119 0 133 132 102 112 0 134 149 138 126 0 109 101 112 113 0 105 0 115 131 104 125 143 109 0 0 148 145 111 0 109 102 147 104 118 0 0 143 0 115 112 0 0 107 147 0 104 0 126 140 128 131 149 0 0 102 0 148 102 134 120 111 100 125 109 0 0 146 146 145 149 101
0 123 114 0 107 126 0 0 124 137 109 139 134 0 116 146 149 0 141 0 0 0 134 104 141 124 0 105 135 110 135 0 0 139 136 109 136 0 111 0 0 133 105 126 134 145 149 115 134 0 0 118 107 131 126 144 145 141 111 0 0 127 138 107 0 138 0 118 127 147 144 111 0 111 123 0 124 0 0 0 0 148 142 132 149 141 0 0 128 110 115 0 0 0 119 0 0 132 133 149 127 0 0 115 125 149 0 104 123 0 121 119 110 0 142 0 120 0 125 0 0 145 111 0 0 112 109 117 0 138 0 103 0 0 113 0 0 106 0 0 0 0 125 133 0 0 114 108 124 128 140 106 128 0 125 0 128 0 145 122 130 140 139 114 149 0 132 102 131 115 107 115 0 112 124 0 120 148 131 126 135 134 110 117 130 107 131 0 114 149 0 123 117 0 133 124 0 116 0 100 147 141 0 124 107 115 132 119 145 106 0 0 120 129 146 0 109 107 0 118 106 120 118 136 117 139 112 0 123 122 114 130 123 142 142 101 111 0 121 0 0 114 0 115 140 120 133 0 101 116 128 129 141 143 103 0 149 117 109 0 122 110 125 0 149 106 147 115 146 0 118 0 132 135 0 116 118 125 145 143 139 134 0 136 112 104 0 0 149 128 140 105 116 116 143 121 101 0 137 123 143 0 0 127 103 107 0 139 109 124 0 104 122 0 109 125 135 0 106 138 121 135 0 128 127 106 149 102 119 123 112 135 0 122 135 142 0 136 0 118 136 109 106 123 123 135 120 126 125 0 0 124 125 121 0 101 146 118 146 0 134 118 110 0 0 0 104 148 0 0 137 102 133 134 103 129 0 117 137 139 0 131 115 0 136 142 111 141 120 100 110 100 139 0 0 112 0 139 139 133 138 128 148 0 103 143 0 136 121 145 118 145 132 112 105 142 145 118 111 148 143 107 0 136 108 0 0 0 0 124 141 0 0 141 149 111 136 133 130 118 115 132 149 0 0 0 0 134 137 0 100 0 0 122 111 147 135 124 123 115 104 108 103 0 0 144 0 104 117 119 107 117 0 0 103 108 124 100 107 103 122 120 0 147 0 133 129 114 101 0 0 0 132 135 115 124 110 137 124 131 139 119 129 128 137 143 125 138 143 127 0 126 139 0 0 144 121 124 143 122 112 131 113 0 122 116 105 117 117 114 0 118 106 112 126 131 0 106 0 147 112 149 103 0 100 116 138 0 0 113
0 117 113 135 123 118 131 145 0 109 0 142 102 115 144 107 110 0 134 113 130 129 108 0 117 128 113 108 0 127 0 147 106 146 112 135 0 111 0 122 0 110 139 0 114 0 140 123 115 147 115 131 0 139 0 0 129 121 126 0 124 0 103 0 101 129 126 121 0 0 144 0 145 102 113 103 140 110 0 114 118 129 110 0 124 129 102 112 0 0 124 133 122 133 133 127 130 148 129 105 105 131 125 106 111 0 0 101 136 0 146 0 0 126 0 113 0 0 0 106 122 105 105 120 149 0 136 115 0 141 106 0 0 102 145 105 116 0 0 0 0 0 134 100 135 143 128 127 119 127 0 0 0 0 0 131 0 140 105 0 116 133 0 142 134 140 0 141 131 132 142 148 121 119 0 137 112 101 122 0 136 138 108 141 143 113 0 100 145 139 0 148 142 139 0 0 0 135 0 0 147 0 110 0 125 106 111 0 138 104 128 106 0 114 121 142 0 108 124 148 133 143 121 132 0 0 0 138 102 0 109 126 147 107 130 141 132 110 117 0 120 0 0 118 143 134 103 148 0 109 145 127 118 112 119 0 132 0 102 0 107 126 100 100 114 115 0 105 137 0 0 118 103 126 140 119 142 0 122 0 104 118 136 130 124 143 107 0 113 0 117 0 149 146 0 136 125 102 144 142 122 124 142 114 115 119 146 126 115 0 102 106 0 0 138 111 125 0 120 108 118 121 0 0 124 103 139 121 105 116 0 102 0 103 134 144 103 0 0 120 141 126 132 116 103 140 108 127 106 119 111 0 123 124 140 122 100 0 0 0 0 118 142 0 108 105 113 138 0 109 115 131 101 140 102 0 127 117 146 124 0 112 108 139 102 114 0 137 130 0 121 100 130 148 103 134 142 0 143 114 0 0 108 0 120 114 127 0 0 124 124 138 133 138 103 117 135 117 0 116 126 126 117 119 123 108 0 116 114 102 102 0 0 0 136 0 142 139 143 149 143 129 109 110 113 132 133 0 0 0 107 108 144 0 0 0 0 122 0 103 128 137 0 0 110 114 136 0 101 0 125 138 134 0 0 137 116 135 118 111 116 120 0 119 102 0 0 0 0 119 126 141 127 133 117 102 134 0 105 135 142 0 131 128 101 147 131 107 108 143 116 100 131 115 122 104 120 0 117 0 0 116 136 0 110 140 135 117 115 125 135 130 117 109 117 116 149 108 104 107 148 0 0 111 0 110 0 0 120
0 0 142 126 0 0 0 137 148 130 125 145 134 122 123 109 117 0 114 120 149 0 120 0 119 0 118 149 112 126 0 0 144 0 116 132 138 148 126 105 138 130 116 112 0 109 119 146 107 101 0 135 147 131 0 146 125 113 130 100 124 110 129 0 0 135 124 118 113 123 135 100 0 137 112 100 108 100 132 140 135 0 139 108 135 0 0 140 129 107 148 129 118 0 0 144 116 0 0 145 147 126 0 129 106 101 0 102 149 106 140 138 103 115 134 0 129 0 137 140 0 143 0 126 141 124 0 0 0 130 120 122 131 109 135 129 0 145 144 103 0 112 102 140 124 146 0 113 141 132 137 140 0 110 148 101 125 111 125 0 104 125 119 0 112 122 125 0 0 0 114 0 120 139 104 0 0 132 0 0 0 145 108 0 119 0 118 100 140 0 119 125 125 139 134 107 121 116 124 115 122 134 0 132 113 0 148 0 141 108 139 109 144 126 0 0 125 109 130 114 138 145 147 115 107 129 0 103 0 0 130 112 0 117 136 106 108 115 120 0 107 0 133 0 146 148 132 105 0 0 111 103 144 0 105 0 0 111 149 100 121 149 103 104 130 128 0 138 127 115 115 144 143 133 143 0 104 108 137 124 129 131 105 136 121 110 112 123 109 101 100 0 0 137 111 132 115 0 0 143 108 134 115 113 0 0 136 131 0 104 112 107 113 146 141 138 123 0 119 140 0 112 107 0 101 0 147 113 102 103 147 144 127 112 130 131 115 101 135 139 124 120 116 128 132 148 120 126 136 107 0 125 121 132 138 103 0 0 132 0 131 143 114 110 103 108 148 131 112 123 122 134 0 128 138 142 0 0 142 101 128 108 0 107 0 0 115 112 0 118 114 0 0 115 134 0 141 122 106 115 145 104 148 109 110 0 0 0 0 135 118 135 0 0 143 0 143 102 0 145 0 128 147 132 0 0 138 107 132 114 111 117 110 109 148 141 122 143 100 128 115 121 118 100 0 102 133 122 143 136 107 107 114 0 122 0 146 127 0 113 111 0 113 140 0 141 108 135 132 134 0 134 106 0 114 101 118 149 116 121 108 101 132 147 149 0 128 113 146 140 140 108 112 137 126 113 119 132 116 131 0 109 112 0 0 143 106 117 133 140 118 109 116 0 140 103 119 142 146 142 134 0 104 101 0 135 122 0 138 102 115 0 0 0 130 0 144 110 0 105 137 144 112 0 0 135 145 128
0 145 108 106 103 132 0 0 127 142 145 0 100 135 123 105 128 0 0 102 139 122 0 0 128 120 108 0 102 126 134 126 118 116 127 0 0 145 148 113 132 138 0 145 130 108 142 0 118 0 115 106 115 107 131 132 0 146 0 133 103 0 0 0 132 127 111 100 125 120 115 149 0 0 122 110 0 0 0 103 0 113 114 140 141 120 133 124 0 0 114 104 122 129 120 122 111 0 139 131 127 0 110 121 126 0 134 108 130 109 0 149 143 118 136 114 0 103 113 137 102 130 127 140 144 0 0 147 0 0 109 112 0 124 143 145 138 0 112 0 0 122 119 110 132 107 107 107 107 0 109 112 0 127 135 130 137 124 126 115 116 115 138 127 123 111 117 128 133 118 116 0 130 118 0 134 124 0 0 131 114 0 121 130 144 125 147 0 0 106 0 0 146 108 142 118 114 115 127 0 102 128 0 136 0 121 0 0 145 131 135 0 120 0 105 139 110 125 135 0 119 136 133 142 0 125 124 100 0 0 145 118 148 130 0 106 111 0 0 103 110 137 114 0 0 0 133 134 119 0 122 102 0 0 106 143 106 118 143 129 132 0 0 0 141 143 125 112 0 122 132 124 102 146 120 113 100 102 120 115 0 118 0 137 108 107 139 0 124 113 125 0 100 146 103 0 0 115 0 144 140 104 126 118 130 125 127 0 102 107 128 133 136 129 130 0 131 0 134 0 103 116 120 126 104 139 128 0 126 0 0 124 121 0 129 0 136 115 105 128 112 106 139 0 0 112 0 142 145 0 106 101 148 125 146 107 0 103 115 0 111 136 111 102 136 115 103 101 117 122 112 148 136 143 0 143 131 147 124 104 120 129 0 0 115 128 143 123 149 132 129 138 112 0 107 141 120 134 127 147 0 113 119 0 125 0 134 100 0 0 146 112 142 107 0 0 0 121 0 0 0 149 144 121 117 124 110 0 0 0 141 109 129 137 105 0 102 103 0 0 0 143 0 101 113 134 0 142 0 0 142 129 124 114 114 126 107 0 117 117 101 115 139 111 141 103 125 0 148 105 123 0 115 124 0 0 140 115 0 129 123 0 149 118 128 0 112 0 0 128 116 101 146 102 116 113 120 144 138 120 135 0 115 145 0 0 0 149 121 113 122 103 146 126 124 140 0 0 146 123 0 138 118 117 124 116 131 0 0 100 101 0 0 0 100 0 0 130 0 0 146 114 134 113 121 0 0
0 0 121 135 141 0 0 0 131 132 0 135 0 0 122 0 142 134 141 138 119 0 136 128 134 133 0 112 131 149 117 149 117 109 100 148 106 119 0 115 128 127 145 148 114 132 139 139 102 109 0 131 131 113 146 133 131 127 0 120 126 103 120 0 122 142 127 120 139 113 135 101 0 149 109 125 122 117 122 0 126 101 118 0 113 0 0 0 108 143 0 129 146 129 131 134 130 147 115 149 114 0 137 0 147 100 0 105 138 0 125 107 0 0 0 127 109 136 0 0 0 145 131 0 0 103 135 0 106 0 0 122 138 149 124 102 135 0 121 114 139 136 106 145 136 0 102 141 122 120 107 123 113 122 137 148 140 132 138 119 0 132 102 0 137 109 132 0 148 129 140 0 115 113 127 116 0 122 148 113 114 108 129 134 116 0 130 102 135 147 100 109 143 138 138 137 137 0 132 115 136 134 0 133 0 126 112 0 122 111 0 128 145 130 147 107 0 106 134 100 139 100 0 117 125 134 140 146 104 141 0 148 0 0 0 138 0 128 107 0 145 119 130 143 111 128 145 125 0 137 113 102 126 0 0 142 129 0 107 120 128 0 147 0 141 133 149 0 0 143 146 100 121 149 0 116 121 129 106 125 109 110 100 119 147 146 122 0 0 115 0 0 137 121 0 138 101 148 125 0 121 127 0 102 0 148 0 0 135 117 0 0 116 118 111 110 117 127 108 130 116 113 0 140 105 147 0 128 134 0 0 126 108 0 0 0 123 107 129 115 0 142 0 133 124 0 148 102 138 128 143 0 123 0 108 0 102 110 125 0 115 0 114 101 118 135 0 109 111 147 138 140 136 0 0 118 0 143 117 136 0 0 124 0 124 121 0 133 147 0 146 0 123 113 141 0 147 139 110 0 101 108 124 122 109 0 131 119 0 132 102 107 127 109 122 135 120 107 129 103 145 113 0 101 121 126 119 124 149 131 0 0 140 131 0 115 112 104 138 104 119 123 0 130 133 123 0 119 101 127 131 146 0 134 110 112 142 116 115 117 103 134 127 116 105 140 116 123 125 101 110 110 138 111 139 104 117 0 108 127 141 0 137 0 144 101 118 0 114 100 0 120 139 0 100 102 113 123 131 105 149 146 0 0 142 0 0 139 135 0 101 0 0 0 126 127 142 137 126 127 0 0 126 141 110 126 0 137 0 136 113 0 141 109 137 127 0 108 129 0 122 137 137 113 0 0
0 141 132 135 0 0 148 105 113 101 111 122 0 0 0 0 107 0 102 129 0 0 0 113 116 147 0 0 134 114 118 114 0 114 0 0 102 115 146 0 130 142 135 104 135 106 123 0 109 120 0 0 0 141 104 106 128 104 124 108 102 108 127 0 0 137 146 114 0 127 135 148 134 0 0 0 123 132 128 110 122 120 0 111 113 107 104 122 119 117 139 142 125 137 0 105 136 100 118 146 144 137 131 135 103 0 146 0 123 127 0 129 138 0 0 100 111 0 113 103 114 144 0 144 0 116 111 143 139 102 127 0 146 108 142 131 0 106 122 139 0 124 0 124 103 0 147 107 0 141 0 136 146 115 0 126 104 119 0 0 133 120 132 133 109 144 114 148 0 106 131 0 106 103 124 0 114 143 114 118 116 0 0 121 145 118 147 0 116 141 0 115 125 110 0 138 0 145 0 108 134 0 127 0 130 141 0 147 130 0 132 129 143 103 105 0 120 107 127 128 128 146 105 110 0 137 103 129 140 124 112 0 0 0 116 115 109 147 121 118 149 104 146 0 136 0 101 146 124 122 113 116 0 0 130 110 120 137 121 100 119 133 142 128 104 128 108 145 0 0 116 137 108 0 0 0 128 116 134 114 0 110 0 116 143 109 0 112 0 143 0 126 145 120 111 120 0 113 118 116 0 114 121 130 146 0 124 119 124 107 0 143 107 118 110 126 140 0 103 131 130 0 129 0 138 114 0 126 147 108 143 149 100 105 0 127 147 149 121 117 0 125 129 135 117 0 108 103 0 112 0 135 131 107 0 136 122 107 116 141 123 121 0 104 147 141 118 131 0 0 0 0 116 130 0 105 121 0 100 126 138 121 0 147 0 0 0 112 106 116 110 143 143 0 123 127 123 143 129 102 145 0 0 105 134 0 127 0 138 117 117 0 137 125 149 148 0 105 121 121 145 0 0 101 102 0 116 0 114 148 104 0 112 111 106 114 115 0 108 0 136 104 121 0 124 123 130 138 144 103 0 102 125 136 119 146 0 146 103 141 0 124 0 0 132 122 141 109 0 110 140 0 148 136 101 145 103 0 0 113 106 0 0 100 147 108 0 0 108 143 143 124 101 129 122 112 148 119 135 124 113 135 114 0 0 0 143 0 116 132 107 0 0 105 133 0 0 0 144 104 0 115 134 133 121 129 0 0 0 105 112 0 102 132 148 107 0 122 118 149 106 0 0 0 0
0 118 101 126 120 0 113 133 132 129 134 108 132 149 147 149 135 117 147 109 114 0 0 119 140 112 109 149 100 100 134 111 0 147 129 143 134 138 0 109 0 139 102 126 122 149 120 131 139 145 109 121 119 0 0 0 0 0 135 123 119 0 120 134 0 145 103 134 101 111 0 0 120 131 0 123 0 118 0 129 0 0 0 109 139 0 0 119 0 0 141 136 110 0 146 102 114 122 141 0 140 123 0 0 0 0 129 132 0 128 124 120 128 101 148 114 122 144 104 105 0 0 144 147 140 138 112 0 136 115 131 129 0 120 137 115 137 0 0 0 0 117 103 0 131 0 115 0 108 0 117 134 0 128 0 136 139 0 119 112 0 107 100 106 143 139 100 138 117 132 100 119 104 144 149 0 0 0 112 0 100 110 132 128 0 143 110 110 122 112 137 107 149 0 117 139 125 117 117 118 106 112 135 130 0 0 102 143 124 140 146 146 0 0 117 101 104 106 0 112 110 0 132 128 146 127 101 0 102 135 0 108 0 132 0 104 132 0 117 105 141 119 0 100 130 106 142 115 0 0 123 0 119 127 0 134 149 138 104 132 105 129 102 0 147 104 103 136 125 0 142 0 136 109 0 0 122 104 125 107 129 0 105 110 137 101 112 0 142 100 144 0 129 142 114 146 144 0 0 149 140 130 129 145 0 126 109 131 139 143 0 120 100 0 118 130 115 0 101 0 118 114 133 112 134 119 100 144 0 124 108 0 0 144 134 126 117 135 106 118 135 140 113 0 0 0 140 102 102 115 0 115 135 115 143 119 126 143 0 104 130 124 118 0 0 133 140 134 116 125 116 121 104 149 122 125 114 141 106 0 104 137 118 0 121 0 103 0 0 104 102 106 111 141 103 131 0 119 139 132 102 0 108 125 113 105 102 104 0 100 137 145 131 0 0 108 0 118 120 0 108 0 127 106 131 100 102 124 0 143 115 0 102 146 132 105 0 0 0 137 133 116 136 122 135 103 125 145 145 134 109 102 0 102 0 149 118 133 119 0 131 149 146 114 131 103 0 146 138 104 115 133 0 0 138 0 138 140 145 145 0 142 0 141 111 103 137 111 0 107 139 0 130 141 127 143 112 148 111 0 136 126 129 129 121 132 0 0 141 119 0 123 142 0 105 0 0 115 130 0 136 0 100 0 119 128 131 0 127 107 140 102 108 109 0 132 127 0 107 143 101 126 114 148
0 126 0 134 124 106 108 135 0 109 123 114 121 0 134 127 0 116 0 0 144 116 144 133 113 0 107 138 0 109 0 130 0 138 133 104 117 0 0 148 124 102 142 119 0 103 0 141 103 131 103 128 148 0 0 144 0 0 118 128 145 0 141 133 144 120 0 116 137 145 127 122 123 0 104 116 138 102 116 140 111 109 105 0 0 126 146 111 0 105 121 143 0 0 113 143 0 104 0 142 124 121 114 137 143 121 0 121 0 0 129 138 124 132 0 128 111 0 143 113 149 144 102 109 126 140 0 0 104 0 100 108 132 0 143 130 106 0 126 118 103 0 120 0 123 134 107 105 114 0 143 144 0 0 0 0 118 136 140 0 0 110 116 0 0 121 140 102 112 116 117 0 101 100 119 100 135 135 133 105 100 105 0 0 0 117 115 118 142 122 109 0 104 120 0 106 104 0 103 143 106 100 107 144 127 113 147 0 116 122 116 0 141 136 0 116 139 0 120 131 0 121 0 106 142 146 133 135 143 0 133 135 0 0 0 113 0 105 0 0 139 127 0 100 123 138 124 0 0 144 100 119 133 130 141 100 0 122 120 136 131 0 137 149 147 126 137 123 0 138 101 127 127 116 0 128 0 126 112 136 110 100 138 120 0 128 117 141 124 0 138 0 122 111 0 100 115 117 132 109 111 133 106 0 0 0 118 131 100 0 0 0 115 141 115 138 0 132 133 128 133 102 111 134 143 114 111 131 113 136 126 116 147 117 123 103 116 115 0 120 0 103 127 147 110 133 109 0 121 111 111 134 142 107 0 127 106 0 0 101 131 104 123 0 126 106 146 131 0 0 131 107 134 124 110 141 108 125 101 144 147 112 147 109 102 114 135 0 111 138 113 135 111 129 143 125 103 0 0 119 124 0 145 0 145 0 109 133 0 0 131 0 116 142 124 143 128 112 0 0 125 0 126 141 136 114 135 0 128 131 118 130 115 107 145 110 148 123 134 139 110 0 108 116 124 117 102 116 107 125 103 107 145 100 0 133 127 122 112 118 125 124 0 144 116 149 0 130 136 117 0 0 117 125 0 121 123 0 125 115 148 127 114 128 116 0 130 0 127 102 108 0 0 113 138 105 149 0 116 128 141 0 145 101 131 108 103 0 104 144 128 0 0 0 101 102 137 0 141 139 147 128 148 120 128 140 112 139 0 0 110 0 0 128 114 0 122 0 121 147 135 141 122
0 0 0 133 113 132 145 104 0 113 133 0 104 117 0 133 143 145 0 144 122 124 107 137 128 105 0 106 132 109 118 0 112 142 100 0 145 129 135 138 110 103 136 111 133 0 136 109 0 110 115 149 140 103 112 108 148 139 0 107 105 0 130 107 143 107 148 123 140 0 143 114 0 129 126 0 149 0 145 142 104 104 0 0 0 149 120 105 103 0 134 147 139 133 113 149 0 0 128 107 147 113 138 0 120 110 105 116 145 110 139 0 0 134 0 0 101 142 133 131 148 101 0 136 0 111 142 139 142 0 102 0 0 131 140 102 126 107 0 148 125 104 113 0 0 124 117 121 140 117 109 114 0 0 0 0 100 148 117 0 0 112 104 145 145 121 0 138 111 113 121 122 117 0 148 140 109 126 144 121 0 0 145 106 109 0 0 127 126 107 0 115 147 121 143 141 148 102 121 137 105 0 134 130 0 124 129 139 127 148 0 102 113 0 0 143 103 123 108 121 139 119 115 0 104 147 122 100 132 101 107 111 128 137 125 138 106 144 0 109 141 0 0 116 0 118 111 146 123 0 145 118 105 136 131 110 134 129 130 129 129 104 0 108 125 119 127 0 0 121 130 123 104 137 129 101 108 145 111 0 134 107 106 0 129 137 148 0 113 103 113 109 131 143 141 146 0 0 123 123 0 105 0 105 0 111 0 105 124 0 0 103 0 122 113 123 104 101 116 112 0 141 0 0 134 112 122 0 112 140 121 124 107 129 100 120 116 116 0 0 141 127 118 119 116 0 137 131 114 124 144 116 149 136 108 119 0 142 113 110 120 110 133 124 117 0 100 0 0 110 115 132 105 0 116 142 0 126 128 128 0 137 121 0 106 131 108 115 120 0 0 136 111 144 118 0 140 134 148 144 145 123 149 143 121 0 0 130 148 0 145 0 0 138 0 144 0 0 126 119 0 104 109 106 108 0 121 107 103 0 125 0 0 105 132 125 0 0 128 0 107 122 0 130 145 121 145 120 118 104 122 131 0 114 0 0 124 133 109 146 133 129 104 112 0 106 108 135 0 122 148 107 129 116 121 149 100 144 128 140 145 0 121 0 0 116 120 119 128 128 139 108 109 0 121 0 144 133 0 107 133 122 104 0 121 109 125 123 120 104 133 106 0 132 103 137 0 0 0 100 126 0 142 108 131 113 110 0 0 142 108 138 105 102 0 0 144 144 110 0 138 0
0 132 123 120 105 129 0 106 103 0 110 0 0 132 148 145 140 129 0 107 0 138 0 0 119 122 122 0 102 127 144 146 122 135 133 125 0 115 0 143 124 104 0 133 146 111 0 137 117 114 0 146 116 129 144 119 111 120 141 133 137 122 113 112 121 120 0 141 111 130 112 114 113 123 103 0 131 107 130 134 107 119 127 0 144 135 149 148 0 0 149 146 121 120 141 0 0 107 121 119 145 148 0 120 126 133 0 118 125 117 116 101 0 145 125 145 128 136 101 127 125 137 125 148 0 144 145 116 0 149 142 0 0 101 143 131 0 143 118 0 0 129 109 149 0 0 113 138 102 0 114 106 100 106 141 141 0 132 146 121 146 114 132 0 0 0 125 0 131 137 102 130 105 112 144 149 126 121 0 0 0 143 127 0 139 105 140 146 0 149 136 112 103 125 140 135 0 126 130 0 0 0 116 131 116 142 139 146 0 141 131 0 136 125 113 101 142 101 112 0 139 115 102 0 104 0 108 0 112 116 121 0 128 123 141 129 113 102 122 113 0 136 109 125 119 125 148 136 128 110 111 0 103 113 131 100 130 119 115 136 119 135 127 107 0 0 127 101 122 136 139 139 110 142 114 149 127 121 137 0 123 127 143 127 127 129 132 105 119 117 134 147 0 112 124 0 0 135 147 0 103 0 148 134 112 127 0 143 109 0 112 0 103 136 135 119 0 144 112 132 141 125 128 116 121 140 0 103 121 101 103 127 149 112 125 137 125 145 0 0 139 135 113 120 107 131 0 0 0 140 100 149 0 130 112 102 106 144 109 105 131 0 118 130 126 0 114 0 125 138 140 133 139 0 117 128 100 129 128 132 0 130 124 133 0 0 111 103 129 102 112 104 123 126 0 141 132 115 0 134 101 139 115 121 145 106 141 111 108 0 125 148 149 141 107 0 113 0 141 140 0 0 143 105 123 136 147 149 0 0 110 104 110 0 0 119 116 0 145 105 126 116 121 0 120 145 0 104 134 111 134 138 0 0 147 136 147 140 0 131 105 145 102 130 144 0 104 124 0 138 132 147 131 126 112 129 129 0 102 134 139 0 127 102 115 0 0 134 0 131 146 103 110 0 141 119 145 129 116 131 0 145 0 131 125 145 129 119 140 140 132 0 125 113 0 130 110 107 0 122 0 0 121 0 136 115 0 103 0 148 138 147 112 137 130 0 102 146 142 126 0
0 136 148 103 105 117 122 109 0 130 125 110 113 144 0 100 112 146 120 0 103 143 135 139 115 134 0 125 133 147 147 113 0 113 141 114 0 130 134 113 123 142 142 141 106 105 117 105 0 144 138 121 0 118 128 128 107 117 107 0 0 105 145 138 0 105 108 106 105 103 116 114 100 142 135 135 103 118 106 112 105 0 149 147 115 146 127 115 100 0 0 100 104 130 147 0 140 141 127 101 0 142 148 108 0 108 0 145 111 111 138 0 138 107 0 142 0 123 125 134 149 0 106 120 112 0 131 109 114 0 118 0 138 141 109 114 0 136 126 0 102 147 105 148 133 139 0 112 116 0 0 120 136 125 149 0 124 140 0 114 136 0 146 147 0 103 126 120 127 134 101 0 0 119 147 116 129 119 0 126 117 0 140 125 113 113 117 128 0 0 0 100 147 137 0 140 120 114 108 141 0 117 116 137 141 143 0 101 107 110 132 149 149 0 105 108 149 102 0 120 120 0 0 0 142 148 100 0 124 107 0 147 140 140 114 122 126 137 145 142 138 146 0 120 131 0 104 117 101 106 117 115 110 145 139 119 149 0 124 0 0 106 110 118 110 133 113 139 109 138 117 105 114 0 0 115 110 0 100 105 0 120 104 107 122 0 132 110 137 0 0 137 0 0 126 119 0 108 121 117 0 107 114 0 0 130 118 144 124 142 0 108 145 0 118 0 0 0 132 114 115 0 140 140 136 0 0 104 0 144 124 105 102 144 118 0 121 127 0 102 141 0 103 121 130 147 108 114 137 108 145 0 135 134 108 127 130 129 143 124 100 0 104 103 110 146 147 138 148 123 148 0 122 134 124 0 123 141 137 128 0 115 0 134 116 128 122 0 133 134 129 133 0 0 0 122 119 0 132 108 103 145 0 126 126 123 0 138 146 113 114 148 137 116 137 102 102 134 107 135 116 111 111 112 0 118 0 0 107 145 0 105 111 117 117 121 108 139 112 0 0 148 127 114 108 132 137 113 101 111 131 129 109 132 135 146 115 127 0 128 101 148 0 0 0 141 143 127 0 114 107 107 112 136 109 0 0 116 0 115 149 139 125 127 0 113 0 0 116 105 117 146 0 125 0 0 100 138 105 149 0 114 140 100 0 126 123 111 0 103 138 133 140 0 103 148 0 139 0 149 143 0 124 114 107 116 101 104 143 137 112 104 117 0 105 0 0 113 147 0
0 0 107 121 115 113 0 101 106 0 113 105 147 0 114 127 0 137 117 107 135 105 109 101 132 119 105 103 0 131 137 104 119 139 0 0 111 125 127 137 129 0 127 114 105 112 124 128 142 0 139 0 122 0 109 0 133 108 0 110 103 111 144 135 117 146 116 112 146 0 124 120 132 147 0 118 112 107 0 144 0 0 104 111 102 144 133 134 111 146 120 115 105 144 129 105 105 100 105 148 139 106 125 0 0 0 144 102 0 0 144 128 132 109 133 0 118 0 138 145 149 0 0 0 103 138 0 0 119 105 138 145 109 102 0 144 143 0 128 131 0 102 0 104 0 105 0 0 142 147 106 0 103 144 106 0 120 0 122 138 131 0 137 105 0 140 148 108 132 118 121 0 132 0 121 0 148 0 0 141 0 104 146 143 110 129 116 121 132 106 0 140 0 115 107 104 112 112 143 129 121 0 144 101 109 129 119 138 124 123 0 134 0 121 130 121 0 0 133 118 0 0 142 0 107 119 132 139 105 143 136 0 107 0 104 105 117 136 111 138 132 149 112 129 136 0 119 141 0 0 0 103 0 0 0 110 133 127 113 147 0 101 113 146 125 120 112 146 0 127 128 101 140 129 118 0 137 104 146 109 0 0 100 0 105 127 0 139 0 114 147 100 108 101 0 0 120 121 132 0 123 117 0 119 0 140 130 113 120 148 118 0 0 137 120 0 0 124 141 108 0 116 102 0 109 107 129 112 102 111 105 131 0 0 0 110 117 147 0 136 149 115 103 112 146 102 108 133 125 0 100 147 149 114 0 147 114 0 0 103 115 100 137 125 139 127 144 0 109 117 109 141 0 111 105 129 145 0 0 148 125 144 106 116 107 119 0 120 0 0 146 0 0 0 123 110 0 141 131 111 0 131 144 146 112 128 122 133 142 0 108 141 0 124 125 0 108 0 114 133 134 100 100 130 142 138 123 119 135 0 140 0 132 142 0 145 125 138 134 0 127 0 0 101 110 113 137 109 103 138 0 120 121 120 139 118 113 0 118 107 124 0 147 132 111 148 0 136 112 139 116 115 108 0 102 101 119 118 0 149 121 146 117 0 137 142 0 0 126 0 114 102 136 114 111 0 122 149 0 142 0 130 100 130 120 0 109 130 149 0 0 118 0 129 114 0 127 130 103 0 0 132 0 118 107 106 136 0 105 141 121 126 0 129 118 0 109 103 107
0 106 119 0 101 0 0 0 131 109 132 135 109 130 116 0 123 121 103 0 103 0 121 122 145 144 0 112 143 0 102 115 115 0 112 111 143 112 128 103 144 121 122 115 121 0 125 146 0 131 125 0 121 128 136 0 0 141 0 131 0 0 144 0 133 0 113 103 0 0 126 113 127 121 126 101 138 147 134 134 117 119 128 0 147 146 112 106 118 0 0 145 140 123 144 123 100 0 131 137 0 137 110 132 135 0 142 109 0 132 0 127 112 123 109 0 119 136 109 126 146 136 119 122 0 111 0 0 0 123 140 143 129 0 147 106 138 120 0 140 120 0 149 117 0 144 149 127 112 137 104 128 0 135 142 0 118 111 126 142 147 123 0 101 113 134 143 0 131 113 104 140 0 110 0 148 126 125 134 140 127 116 147 0 134 139 0 136 136 109 134 0 135 148 111 138 121 126 115 134 119 0 0 0 118 103 110 144 0 143 118 0 139 0 138 138 0 104 0 104 136 123 127 133 147 0 143 118 105 119 148 104 145 108 131 0 149 108 126 109 130 127 121 116 146 117 111 0 132 0 0 0 118 138 133 134 129 0 146 106 114 135 145 141 103 0 106 147 0 0 0 138 110 104 107 109 0 103 134 124 147 125 142 0 0 147 146 104 0 147 142 132 144 0 131 0 114 106 0 0 133 107 138 149 131 0 132 142 101 0 120 138 106 126 133 0 144 123 0 136 0 112 147 110 112 0 100 129 0 133 143 103 149 141 149 123 131 103 101 0 0 113 109 132 121 104 138 107 0 0 125 138 117 127 129 118 137 0 100 127 0 120 142 140 110 0 0 146 135 118 125 109 149 134 104 0 0 0 128 124 103 0 114 111 140 0 140 0 0 119 112 129 127 131 0 114 108 132 122 114 109 0 119 116 136 0 0 117 105 0 136 132 130 134 100 141 111 132 132 127 0 135 131 137 135 0 113 149 110 104 140 110 0 137 108 143 0 139 0 132 147 101 119 119 110 119 146 122 114 114 118 131 134 115 145 101 101 108 0 123 110 0 125 121 0 135 121 123 105 100 102 105 115 134 129 0 136 124 116 143 129 126 0 0 140 140 133 0 0 0 101 102 108 142 143 109 0 117 132 119 148 137 0 125 0 138 0 0 104 0 0 116 127 146 0 135 0 113 102 102 117 0 145 143 101 138 119 0 127 120 132 103 0 123 0 147 124 113
0 0 0 137 0 126 109 143 147 111 0 124 143 0 108 149 0 137 136 0 139 137 0 107 136 149 125 144 112 122 129 0 0 102 127 141 0 0 127 107 0 109 105 141 140 147 101 111 127 106 101 125 122 0 129 117 133 144 104 0 136 102 0 133 0 134 140 126 113 0 113 0 146 137 102 112 135 137 127 130 126 137 110 140 130 0 125 118 137 0 139 0 0 125 108 0 115 107 114 131 0 116 123 0 111 123 106 135 116 129 0 0 120 121 0 143 141 117 0 133 0 110 110 133 132 128 127 128 101 127 135 134 122 149 105 0 137 145 141 120 117 0 114 143 0 139 149 121 0 137 112 120 103 106 134 113 141 140 127 123 127 141 128 100 0 0 136 104 102 125 0 129 101 115 100 115 144 0 139 141 133 0 119 148 0 107 141 108 122 145 111 116 0 0 133 0 117 104 117 105 124 147 0 138 0 106 141 102 138 108 114 113 146 113 117 118 103 115 0 0 129 112 144 0 0 0 0 121 123 102 131 0 137 106 107 0 149 116 141 137 0 127 117 132 133 146 0 115 142 0 143 0 146 119 0 142 149 109 100 109 110 0 131 0 124 0 120 134 113 113 148 145 103 100 0 0 106 114 117 0 148 104 106 112 0 148 108 134 140 144 0 124 100 110 130 122 0 0 0 116 122 147 0 101 121 105 0 113 0 119 142 121 111 0 100 128 100 0 103 0 121 126 0 102 103 108 148 128 0 118 0 0 121 146 120 137 0 147 101 103 0 131 118 114 0 146 145 106 113 0 0 0 123 114 125 111 132 121 125 113 144 0 108 132 148 147 100 146 106 0 126 119 149 123 143 100 131 130 113 145 137 104 0 0 118 148 123 115 0 137 105 0 108 126 123 124 111 113 129 134 120 149 104 130 110 0 124 132 126 118 123 128 106 140 0 144 125 119 121 106 0 136 0 131 149 118 0 103 0 135 0 134 117 133 110 0 107 145 117 140 0 109 146 121 0 125 113 101 135 0 0 146 147 145 120 128 0 117 0 0 0 116 142 115 143 135 123 117 114 139 143 108 0 114 122 0 139 147 122 0 125 126 0 0 110 142 143 113 133 0 120 0 119 0 100 139 135 106 145 123 0 109 105 112 101 142 129 107 144 117 0 0 0 124 0 135 101 124 118 107 0 0 133 111 0 100 125 121 124 103 136 109 132 108 127 0 104
0 108 133 0 109 116 141 125 105 101 123 141 132 0 0 133 0 111 0 114 114 0 0 149 0 119 0 123 142 141 0 100 131 116 102 132 100 141 129 103 128 143 144 141 0 108 105 0 139 131 149 0 146 139 112 116 110 118 105 110 131 115 137 0 130 143 103 148 138 116 137 144 133 0 0 114 124 142 0 117 115 0 107 0 110 145 136 0 113 143 110 135 0 102 112 136 143 111 115 117 0 100 115 113 102 105 0 114 104 0 0 103 0 136 0 141 135 139 148 0 0 128 105 145 134 145 115 116 115 135 0 131 0 0 0 0 125 111 125 110 120 0 106 0 132 122 147 138 111 102 0 141 142 141 0 105 145 136 0 112 145 106 0 120 0 0 0 109 127 0 133 107 0 112 147 136 130 0 140 124 127 0 0 108 117 105 122 108 137 139 0 131 101 107 120 128 0 100 149 146 112 106 139 107 0 147 133 139 107 121 0 119 0 102 0 124 0 147 137 0 121 142 133 140 148 134 112 105 123 131 113 130 0 111 0 0 130 112 0 139 123 132 142 0 111 103 119 143 147 0 140 0 0 104 143 138 0 129 0 141 114 125 104 124 134 114 0 0 125 113 136 0 0 112 119 111 0 0 134 103 0 148 131 102 0 144 115 0 101 0 102 148 131 0 125 132 0 120 113 0 139 108 0 123 0 103 147 142 137 116 147 100 141 101 136 0 0 138 148 113 136 105 100 135 125 146 132 103 133 143 105 143 103 113 0 0 145 130 112 136 123 0 123 130 124 146 104 0 0 110 137 148 140 139 0 144 132 132 0 138 117 0 119 113 135 112 0 101 125 108 142 0 109 105 147 121 128 139 144 145 141 116 135 101 0 0 106 0 146 0 105 122 0 0 125 140 102 0 102 101 100 0 118 0 122 132 142 0 141 107 120 143 112 146 0 146 0 0 0 0 135 0 100 0 132 146 115 147 0 111 124 141 108 147 114 128 113 111 138 101 144 109 115 121 134 0 0 131 0 101 134 105 139 0 0 145 123 132 108 124 102 0 129 109 141 144 0 137 148 110 106 109 127 148 113 109 139 0 146 0 116 142 120 0 145 143 145 113 0 104 114 0 113 132 134 109 136 108 0 0 115 0 140 123 126 0 0 0 104 0 105 109 143 134 142 103 130 100 140 104 111 114 114 132 124 0 149 0 139 149 134 119 113 0 119 114
0 109 116 0 113 117 0 106 0 115 143 144 139 102 0 127 100 135 107 115 110 149 120 124 122 0 128 102 0 130 137 0 136 120 102 120 109 115 0 109 0 135 131 112 141 120 134 111 123 126 113 120 119 128 109 124 104 115 140 149 146 127 0 114 0 112 0 0 0 130 109 127 0 128 137 126 0 121 134 125 115 113 114 102 138 0 137 118 139 0 124 115 0 0 123 103 0 0 110 102 0 139 0 110 0 118 0 121 146 136 0 128 132 122 141 0 142 141 0 0 115 110 149 113 107 136 0 145 124 124 134 147 0 113 130 0 119 119 0 138 114 131 0 147 101 126 122 146 142 0 100 0 121 0 0 143 143 119 138 134 118 126 126 133 104 127 133 0 124 125 106 102 110 130 120 136 0 116 0 149 118 142 105 131 121 101 0 129 107 137 142 105 105 138 0 0 113 105 0 109 142 104 120 144 140 0 0 0 146 138 111 0 101 0 112 111 146 0 126 148 145 0 106 128 112 0 118 105 0 142 0 106 113 138 109 110 0 133 0 119 100 106 141 0 114 147 120 142 122 114 111 136 127 136 108 118 0 136 105 144 135 132 147 135 123 137 0 136 144 125 148 136 0 123 145 102 125 138 0 102 103 115 0 130 0 116 130 111 131 128 0 146 147 0 130 0 0 0 112 100 147 111 109 130 0 106 0 140 133 136 103 104 131 0 142 122 118 0 145 0 0 0 129 112 0 135 139 117 117 128 132 119 100 136 124 0 0 142 0 131 102 145 114 113 138 136 0 0 129 141 136 0 137 117 139 0 124 141 148 143 0 113 0 143 137 125 131 127 123 104 121 0 135 116 108 0 0 149 146 139 147 137 118 138 144 129 109 136 0 132 142 0 0 0 138 123 125 111 114 106 112 110 117 0 0 121 118 0 0 104 0 129 111 110 114 100 136 112 115 125 148 113 115 0 112 133 141 112 114 108 139 0 129 0 110 142 123 119 145 136 128 0 0 102 0 124 100 114 142 138 0 109 111 139 123 104 123 128 122 0 137 128 109 0 119 130 105 0 127 141 0 124 116 0 105 133 120 111 0 103 0 0 101 0 133 101 126 0 119 128 128 106 109 117 117 124 122 139 129 149 0 148 107 122 0 125 0 129 132 0 114 145 0 0 120 0 106 113 126 104 130 127 135 112 0 110 124 0 141 106 108 0 131 129 129
0 114 125 118 130 118 126 118 0 118 0 0 137 0 136 101 115 124 101 111 106 130 116 0 133 107 0 126 120 118 134 123 125 116 101 143 101 102 0 125 141 0 125 0 147 142 132 117 130 143 134 133 0 147 129 102 104 137 104 105 101 129 147 0 141 0 0 103 106 137 113 103 0 142 148 129 117 138 0 113 119 104 107 141 139 140 0 141 118 123 125 122 118 107 116 106 112 136 129 106 0 136 0 129 112 127 0 124 133 0 117 0 120 146 0 115 0 105 129 124 135 138 0 0 107 149 143 0 115 118 124 126 0 142 106 143 111 111 134 122 110 118 127 106 139 145 108 147 111 141 0 104 0 0 105 0 132 0 130 0 126 0 0 0 0 128 117 0 128 0 0 0 130 110 107 149 134 131 120 0 141 102 0 131 109 127 107 135 0 122 136 134 105 0 112 119 103 0 119 148 0 139 120 129 119 106 0 0 0 128 0 106 108 0 0 137 0 0 0 0 129 0 101 103 0 144 105 103 107 135 124 111 103 108 117 107 127 129 111 0 0 102 133 107 136 136 0 0 111 105 107 124 0 106 129 127 144 112 133 101 134 0 130 114 119 140 144 139 0 148 134 117 0 133 0 140 147 135 111 101 114 115 144 100 139 137 0 135 129 124 0 138 141 136 0 123 110 142 0 105 129 0 147 136 101 109 105 0 0 112 0 100 136 102 0 101 129 139 141 118 142 116 0 0 124 126 116 136 129 0 116 104 0 0 139 112 116 0 116 106 0 0 145 112 111 111 108 105 126 147 0 123 0 140 108 0 142 123 121 122 120 104 0 132 0 138 122 0 0 129 0 148 144 0 138 134 100 141 132 141 0 0 109 143 112 123 133 126 124 115 125 119 131 146 0 105 137 149 118 110 0 0 129 108 145 100 148 148 119 148 114 139 0 107 137 141 0 110 136 108 118 0 123 119 125 137 0 0 0 116 0 124 148 0 118 0 119 0 118 120 125 117 119 148 0 0 0 107 136 121 103 124 109 0 127 143 113 102 0 138 112 110 122 149 116 116 147 120 0 102 0 132 142 0 112 0 110 0 114 0 0 0 135 137 134 140 137 0 0 105 125 131 127 144 126 0 148 140 128 146 139 140 106 0 128 110 0 0 127 130 104 146 103 145 110 129 119 101 0 0 142 147 119 0 124 111 106 115 133 111 136 132 106 130
0 102 0 141 147 144 122 100 0 112 110 137 124 141 113 0 0 116 104 112 144 147 118 133 127 123 122 0 116 114 144 134 139 109 0 133 143 0 118 135 126 0 128 0 110 133 122 0 145 141 127 123 0 126 120 103 0 0 0 139 117 0 127 0 134 140 107 129 107 115 120 0 0 110 113 142 125 0 116 147 141 145 102 100 109 125 0 121 120 141 0 135 121 118 140 0 138 0 124 136 132 132 104 112 145 0 122 109 117 104 112 0 0 113 144 110 133 131 118 115 141 132 0 101 103 126 124 119 138 119 0 0 100 140 130 125 140 111 0 107 113 132 0 149 128 0 129 128 142 138 111 0 143 145 0 0 135 124 126 0 138 142 136 0 134 115 137 128 123 0 115 100 123 127 115 0 102 121 0 114 149 122 0 111 0 0 125 103 144 119 135 0 105 115 135 135 127 0 108 137 109 102 134 147 134 116 111 114 145 115 145 0 106 113 126 0 104 0 137 132 0 0 107 117 116 0 0 122 139 120 107 143 126 133 134 111 149 121 110 121 103 0 0 148 147 0 122 0 130 122 139 138 117 143 0 111 139 134 0 0 132 0 137 0 106 133 103 114 115 130 0 139 0 0 103 101 121 130 108 116 141 125 0 0 0 125 117 113 131 116 0 118 122 0 113 103 0 0 105 127 0 0 129 105 100 138 0 110 143 102 144 120 0 0 111 0 0 138 0 136 123 113 114 0 107 140 146 0 124 138 126 0 0 0 144 145 127 115 123 101 0 146 116 136 102 129 129 0 115 143 0 149 109 141 148 116 145 0 148 0 0 104 139 0 0 0 117 0 122 135 0 143 145 113 0 0 135 131 0 0 138 117 140 140 132 0 131 138 123 142 149 138 137 133 0 139 0 0 143 0 114 101 104 131 115 135 0 0 136 141 0 139 125 112 142 133 0 0 0 148 129 0 119 145 140 127 137 119 114 0 0 145 111 123 0 113 118 144 102 112 136 123 0 0 122 0 102 117 116 0 101 115 101 149 137 125 110 141 126 145 0 0 0 144 0 0 126 143 0 118 107 116 0 116 138 147 106 103 145 131 0 131 136 128 144 109 0 128 122 0 102 100 145 109 135 100 0 115 109 130 123 106 121 106 142 139 0 119 103 117 140 0 127 130 143 121 140 118 127 130 0 105 0 138 135 104 113 0 0 130 134 103 103
0 130 113 123 0 136 0 111 136 0 119 124 123 131 0 143 0 104 113 0 133 108 142 138 129 140 113 121 112 117 126 103 0 139 110 101 101 119 143 132 135 0 140 0 0 0 137 102 0 102 105 0 114 133 0 125 130 104 135 133 107 123 123 133 107 0 143 127 137 117 122 134 137 127 111 0 122 139 125 101 0 0 0 148 140 0 119 138 109 103 146 110 123 125 117 137 146 0 122 0 0 117 138 0 130 147 0 0 139 0 0 146 100 135 126 125 113 0 0 116 0 132 115 140 135 113 108 147 114 0 0 143 132 0 0 139 109 143 0 126 146 0 143 0 126 0 144 102 121 113 117 143 0 148 100 133 141 110 103 121 103 111 118 0 132 136 147 148 109 118 109 0 103 0 104 145 109 0 117 138 103 101 114 122 137 0 129 102 129 0 0 148 138 111 119 127 0 137 104 146 0 142 118 116 0 111 101 0 109 0 145 112 128 115 131 0 133 116 0 0 116 140 104 146 134 114 127 109 110 0 140 145 105 106 130 143 110 110 123 105 127 129 138 0 146 0 146 128 148 132 0 147 148 0 113 0 129 100 117 137 116 118 0 141 134 139 128 143 146 129 0 128 0 142 0 0 116 137 0 116 126 0 108 120 116 128 107 117 106 139 135 101 0 0 101 122 111 0 141 148 102 135 128 0 109 0 124 0 0 128 107 136 105 104 134 124 133 0 128 0 134 0 149 130 122 132 141 141 149 110 118 131 131 115 0 115 111 0 0 0 138 117 133 133 127 141 138 118 101 0 138 130 141 0 0 0 130 108 108 0 105 132 133 135 144 140 138 103 118 144 117 0 0 142 107 130 126 0 138 0 144 148 0 124 147 104 115 101 108 123 0 0 0 0 140 0 129 138 124 122 100 130 103 117 0 105 130 134 129 133 142 100 112 127 0 110 125 102 0 0 103 106 130 120 148 101 101 147 117 119 0 131 148 135 132 125 112 0 146 145 103 125 148 108 134 142 135 104 124 127 0 129 0 118 120 108 117 146 124 106 140 108 0 115 129 145 112 0 107 130 112 137 146 114 0 0 149 142 139 0 127 0 129 136 0 0 143 137 107 0 107 131 146 144 131 143 118 144 0 0 104 140 137 102 129 0 143 113 108 148 0 124 139 116 0 125 106 0 108 146 148 0 105 131 111 106 0 145 0 131 130 100
0 148 121 144 0 0 118 113 104 140 100 0 143 0 128 106 0 108 125 0 120 114 114 144 121 0 126 118 113 0 118 106 129 0 0 120 104 148 149 117 135 135 131 0 145 128 125 0 0 0 136 134 0 0 143 114 0 118 101 107 0 0 137 0 128 140 109 138 128 100 149 112 138 148 136 0 0 0 103 124 0 136 127 125 124 143 149 131 110 143 143 130 148 124 0 115 110 133 135 137 118 0 0 137 104 0 149 110 102 112 134 145 0 106 107 102 112 122 113 0 134 0 122 102 116 148 0 0 104 132 0 100 102 0 105 147 143 149 0 139 106 0 0 0 144 145 120 135 144 118 144 145 120 110 117 131 113 0 141 101 0 104 135 127 120 103 106 0 111 109 110 103 0 120 146 121 0 138 112 124 108 109 0 0 113 106 0 106 112 120 120 128 113 109 0 112 117 0 121 0 133 141 140 0 126 118 103 142 127 105 117 136 144 125 126 0 114 101 126 139 0 115 0 143 125 0 135 115 0 145 116 116 107 100 117 101 147 143 123 107 132 111 0 110 141 0 114 113 112 140 113 116 141 149 115 114 108 0 114 0 121 148 0 121 116 137 125 130 132 0 122 148 0 140 105 133 146 113 108 0 0 140 139 122 105 108 148 0 131 149 141 0 111 118 113 0 0 127 140 138 112 0 115 0 110 129 0 132 105 125 113 0 116 115 130 139 131 129 131 111 141 137 120 140 0 0 0 0 115 149 101 0 120 121 124 107 146 0 116 105 102 122 147 0 0 116 107 115 121 108 0 148 0 112 128 116 132 0 113 0 109 0 147 0 125 121 0 147 113 149 130 0 137 110 119 111 109 0 147 0 123 0 141 145 0 101 112 118 132 125 147 142 119 100 0 110 135 133 105 135 108 0 0 0 138 146 117 119 113 132 138 122 0 141 0 109 108 118 0 146 128 116 0 0 108 132 119 128 0 125 115 109 149 134 0 132 139 114 141 0 0 118 0 103 0 0 107 0 0 110 115 109 119 0 113 143 141 115 0 142 125 0 146 102 0 101 147 101 145 0 117 148 128 118 117 0 129 114 136 115 119 128 134 147 144 125 108 0 0 125 127 103 129 145 0 149 0 116 101 149 114 0 147 103 147 0 101 125 110 145 144 115 117 125 133 145 142 147 142 137 0 123 117 144 147 115 0 116 130 0 116
0 123 119 144 137 121 108 121 129 100 135 106 148 144 119 0 135 108 127 0 118 119 148 123 0 128 102 0 126 0 142 146 112 146 119 0 136 116 147 107 102 104 109 117 149 124 129 0 0 108 123 0 130 133 131 147 147 0 124 143 0 127 0 144 108 142 128 0 136 0 114 145 0 117 134 121 140 142 135 117 126 105 145 116 117 109 130 118 137 0 113 144 0 118 112 113 0 134 104 0 137 130 139 149 0 143 115 113 124 127 0 0 112 149 121 132 0 130 136 106 138 142 145 123 111 114 149 126 0 118 0 133 142 109 137 146 116 116 121 142 130 126 128 145 105 127 121 146 0 105 137 130 107 108 147 135 139 131 142 128 136 114 147 112 0 0 0 124 117 120 0 100 133 133 102 114 0 101 124 129 130 131 136 138 0 117 123 0 0 140 115 136 0 119 118 119 107 0 119 116 146 147 110 138 103 140 0 128 0 123 122 111 121 129 143 128 105 134 142 0 125 0 132 0 136 113 124 0 141 114 139 118 102 132 124 0 119 148 114 122 129 121 147 129 114 130 108 103 120 146 100 0 123 121 137 147 139 137 102 130 136 103 0 135 145 106 0 117 126 115 119 116 111 146 115 126 147 134 0 130 101 125 117 139 107 109 0 147 149 101 0 140 149 0 0 118 107 119 146 112 110 0 0 100 125 134 111 0 0 104 0 137 114 0 130 114 119 140 0 114 119 0 0 0 109 111 117 149 107 136 0 0 0 142 126 138 122 149 102 118 117 0 130 107 102 107 106 0 112 105 0 122 135 0 125 149 143 117 0 106 129 147 132 104 123 146 100 120 0 0 111 137 125 144 143 0 0 147 122 103 119 114 148 123 120 125 0 141 106 121 129 101 103 124 0 121 0 0 134 142 132 0 125 119 132 0 0 114 124 0 120 104 0 147 0 107 111 0 149 132 0 121 148 134 103 108 126 100 132 147 119 101 102 0 100 0 139 146 108 128 136 104 0 101 145 126 144 0 103 143 101 111 110 113 100 0 139 0 137 138 143 0 0 122 114 126 110 141 111 103 114 131 127 0 136 118 0 0 122 120 117 0 141 0 127 0 0 113 0 108 0 135 123 131 112 124 129 146 124 119 0 0 118 126 106 108 141 146 111 124 142 118 0 111 0 0 146 141 0 0 141 145 117 147 0 0 0 0 107 136
0 105 139 139 104 130 144 135 145 140 0 0 0 132 134 0 121 127 149 125 116 117 0 112 125 0 134 0 142 134 0 101 115 124 120 117 134 0 144 145 106 0 0 137 147 115 0 112 132 141 0 107 0 135 111 115 133 110 149 124 136 0 123 104 0 116 143 114 118 114 0 0 111 116 126 0 0 128 0 121 105 116 101 0 135 142 122 123 0 0 117 115 112 149 117 119 147 122 106 109 122 145 126 138 0 126 149 113 107 122 0 133 128 133 100 148 101 0 0 115 103 0 128 134 129 0 127 130 141 125 106 148 114 108 0 136 140 145 0 135 131 141 0 114 106 119 0 100 120 130 115 0 133 141 0 0 148 123 126 148 0 129 100 0 0 0 0 118 131 106 131 112 117 130 0 104 0 100 141 0 125 100 0 119 147 131 117 0 141 140 110 0 131 0 0 141 0 121 0 0 148 118 0 138 0 0 139 125 111 134 105 131 0 117 0 143 120 0 108 122 147 0 117 0 100 124 104 124 108 127 137 126 114 109 100 117 124 0 113 109 144 119 0 0 143 0 142 135 137 132 0 0 146 148 122 0 130 0 109 142 109 0 0 139 130 118 136 107 120 0 0 129 0 0 0 139 125 124 0 135 116 138 127 0 117 129 118 125 148 0 127 116 134 126 119 0 100 0 102 137 0 115 113 120 144 107 120 113 140 0 0 0 137 119 119 109 113 125 124 0 0 0 147 105 140 126 129 131 136 107 0 127 111 0 100 133 129 101 0 110 104 103 138 119 0 111 145 0 136 114 131 112 132 110 144 0 0 0 100 143 131 122 120 114 101 126 104 0 0 101 0 138 133 128 115 131 143 132 0 117 134 111 106 105 127 105 135 130 115 102 106 130 0 105 0 127 0 108 0 127 0 127 119 0 101 114 139 114 0 0 137 111 101 118 0 138 106 0 140 0 110 0 0 109 139 0 125 0 136 139 0 124 108 100 114 0 112 0 147 123 149 108 112 121 124 0 0 124 130 121 148 0 120 122 115 103 120 134 109 0 124 136 0 107 117 111 106 127 144 0 105 108 0 0 115 102 147 143 142 130 107 118 117 112 131 0 117 106 0 105 0 0 113 141 101 121 138 0 140 138 144 127 138 109 148 133 107 145 145 0 0 119 0 0 0 142 0 105 0 145 112 0 113 130 147 0 108 104 114
0 100 122 137 111 126 120 117 134 145 0 135 104 0 0 0 116 140 0 121 106 0 143 0 141 110 0 135 143 0 0 118 135 119 0 139 146 146 135 121 146 110 126 110 0 0 145 146 0 0 133 116 108 137 111 114 115 102 133 109 127 110 0 121 132 105 114 146 135 121 101 145 0 0 137 0 142 0 120 0 103 118 146 103 116 138 123 148 139 141 105 126 148 141 0 133 105 138 141 148 104 107 0 122 109 0 134 107 0 126 110 0 134 149 110 134 128 0 0 121 113 122 149 0 105 110 0 0 129 137 124 122 0 0 119 0 135 125 141 137 107 103 100 116 107 0 139 141 121 102 0 125 133 117 108 110 0 0 105 148 0 106 0 137 140 117 108 0 0 132 127 122 130 120 114 140 0 119 110 138 0 113 125 0 125 148 140 147 122 106 0 0 101 106 0 143 108 0 113 109 0 144 133 0 125 109 0 105 136 112 0 117 138 126 122 0 0 115 110 113 0 148 106 135 119 133 0 133 139 138 126 110 132 111 134 0 0 137 146 108 133 127 0 148 103 137 113 134 140 133 0 137 0 0 114 0 112 126 118 148 118 104 102 106 0 137 109 123 0 0 136 146 112 132 0 132 140 130 134 142 138 144 142 0 141 0 112 107 0 134 0 135 0 103 139 149 109 100 120 129 133 122 127 106 114 129 0 113 130 0 0 119 138 0 0 0 101 143 129 136 137 112 109 137 0 111 0 146 105 0 147 140 119 118 148 116 117 114 123 107 0 138 0 140 0 114 105 121 129 137 137 108 140 142 106 115 124 142 133 132 111 0 0 136 125 104 131 145 132 138 147 0 107 128 128 127 130 129 142 101 124 146 105 129 117 0 0 0 132 0 141 143 0 0 0 148 136 138 121 133 120 0 100 108 125 0 114 149 119 0 117 128 117 116 102 131 108 138 127 122 105 0 101 110 108 114 0 0 131 141 121 0 135 135 120 0 141 102 113 0 110 145 141 136 0 131 148 137 129 0 138 121 0 108 0 0 113 0 0 149 140 142 100 0 0 0 109 115 0 133 115 0 113 149 110 116 101 142 0 104 125 108 114 0 0 0 0 0 128 118 124 117 0 105 104 0 142 126 0 131 115 147 137 112 118 102 147 0 0 129 136 125 0 116 148 126 149 115 145 0 114 0 126 0 149 119 106 132
0 0 142 0 136 129 114 133 148 114 0 128 138 117 101 127 112 128 120 0 135 126 133 0 131 109 126 100 0 0 106 110 119 147 0 100 124 116 144 0 126 131 109 105 101 115 136 109 120 135 126 123 0 135 0 102 145 116 128 0 100 146 144 145 0 123 141 0 119 0 116 125 123 0 136 123 0 0 0 111 114 122 140 0 0 118 0 0 137 127 140 118 120 146 116 135 116 107 145 139 141 109 100 106 132 0 137 130 120 0 125 144 0 136 0 126 0 137 144 149 123 125 127 116 132 113 133 122 0 111 0 113 103 117 101 145 131 0 122 100 0 112 138 113 129 113 125 143 130 139 0 0 145 0 111 0 118 129 125 106 112 114 0 0 126 131 130 0 0 135 127 125 0 138 131 131 101 129 0 123 102 134 0 105 139 0 124 114 134 0 107 148 0 120 0 132 100 128 140 120 0 146 0 0 0 0 132 149 105 148 124 106 0 0 118 100 149 113 0 144 0 145 146 105 131 147 122 133 104 117 117 144 112 134 130 144 104 116 0 0 130 134 0 120 136 131 139 0 109 100 122 115 0 0 101 130 131 0 0 115 123 145 135 138 131 141 118 0 111 131 143 113 130 0 121 118 127 128 106 0 129 147 133 122 0 0 0 0 145 0 0 140 130 142 0 0 125 136 129 140 0 140 130 0 0 0 134 136 0 0 114 130 145 0 142 0 139 128 100 101 114 0 114 0 125 0 111 145 143 121 139 144 102 0 112 139 105 136 107 143 0 0 0 127 110 0 136 143 115 112 0 104 121 147 117 137 108 139 122 0 145 0 0 137 0 0 0 132 120 138 128 124 0 131 129 147 0 118 145 0 125 125 144 123 117 0 126 134 0 143 0 109 122 133 105 123 130 147 102 130 122 137 123 121 0 136 0 149 148 129 0 130 0 134 122 119 100 0 134 102 0 122 105 0 146 110 141 133 148 101 135 120 148 0 100 105 127 100 130 144 131 146 109 141 118 0 123 122 0 0 130 119 116 114 0 0 0 107 146 118 133 113 0 146 105 128 0 102 130 111 0 117 0 103 131 135 102 140 0 115 125 124 0 114 139 0 108 147 138 0 102 0 108 0 0 0 106 114 129 130 102 111 142 149 144 0 101 0 144 143 0 138 144 134 0 0 137 148 115 106 117 115 139 0 0 148 109
0 110 0 112 142 0 140 0 121 0 0 119 136 132 100 124 129 115 137 132 146 148 0 109 0 116 141 0 142 117 138 132 136 140 0 0 138 130 102 137 121 106 143 101 0 106 138 131 124 116 0 110 128 0 127 0 123 103 101 127 0 0 0 114 146 128 126 0 116 134 0 0 112 107 129 0 0 109 0 0 112 101 104 125 123 142 146 0 0 118 0 141 113 0 124 129 0 130 0 142 101 130 0 125 108 104 0 120 140 137 0 0 126 118 134 121 125 117 0 115 0 102 0 108 128 0 149 129 112 0 0 101 113 124 111 119 121 144 135 143 0 131 141 140 117 133 117 130 105 109 0 128 0 0 116 137 105 108 148 0 127 121 106 0 0 133 137 149 143 100 114 106 111 111 0 133 137 145 140 142 146 0 142 135 125 0 126 115 110 122 132 144 0 105 0 126 0 0 0 148 118 117 129 113 0 0 131 134 0 0 148 104 0 102 140 118 0 0 138 126 0 143 0 118 139 104 0 104 144 0 146 111 0 0 110 134 132 127 0 0 0 144 0 100 0 0 127 139 110 118 136 104 130 149 105 109 111 104 114 0 105 114 122 132 0 0 104 141 133 126 124 118 0 0 102 121 111 126 148 0 149 0 136 0 109 142 0 131 110 148 120 120 121 125 0 121 122 139 0 103 105 139 146 117 111 113 0 0 139 0 110 117 123 136 0 135 147 0 0 122 0 112 142 109 105 125 117 0 135 126 108 134 142 130 0 104 116 0 0 120 124 116 136 145 122 106 103 117 126 0 109 110 0 148 145 114 143 119 117 133 136 119 108 123 138 147 105 111 120 147 134 0 131 113 120 147 130 102 137 103 148 0 145 113 0 123 116 110 141 127 135 117 122 126 132 122 109 124 116 116 106 103 102 140 124 106 0 127 148 127 123 120 0 0 0 0 104 0 110 102 118 135 105 0 136 105 141 143 138 134 128 0 136 115 121 129 0 0 108 0 129 0 113 130 147 121 120 0 145 136 104 131 133 0 110 130 0 126 147 147 136 139 0 0 100 125 138 104 112 142 126 127 130 105 146 105 132 101 100 149 125 143 0 133 108 145 119 103 110 0 0 103 108 114 146 120 0 139 0 134 141 117 103 105 134 111 108 130 0 0 141 129 136 0 142 146 0 113 138 134 131 107 0 0 142 0
0 117 123 141 142 129 105 118 0 113 107 0 0 115 140 142 112 148 127 127 103 134 0 125 102 0 0 137 146 123 135 121 120 122 104 102 115 100 103 120 112 133 127 135 100 130 127 101 100 110 125 0 145 112 113 124 115 147 129 123 0 111 121 0 149 149 0 109 129 110 113 100 138 122 132 117 139 109 124 137 0 0 142 105 0 0 126 109 116 0 104 127 107 146 129 138 0 113 0 122 126 105 0 127 100 105 137 0 106 103 115 0 114 118 111 128 131 137 133 0 0 149 137 0 115 0 102 0 0 144 133 122 100 133 141 121 0 133 111 101 0 141 139 146 124 102 0 0 0 145 118 132 132 123 134 141 0 0 105 127 107 143 149 142 145 0 101 0 109 114 145 140 0 0 0 127 145 108 110 141 106 142 117 138 0 0 0 146 0 137 147 102 0 101 0 0 136 0 116 108 143 136 112 140 110 115 119 0 145 114 0 147 109 113 148 126 139 113 121 101 110 118 126 110 132 0 113 108 149 133 0 142 0 114 0 117 108 118 132 119 0 128 133 106 0 119 142 102 0 106 105 130 101 0 0 130 123 123 106 138 113 0 137 0 102 147 0 149 121 121 0 0 126 101 143 138 121 128 131 143 122 0 116 136 105 0 0 0 129 137 0 121 123 0 0 0 102 105 129 120 134 131 0 124 103 145 126 0 0 142 119 145 0 0 108 127 128 0 100 139 136 149 0 0 123 0 118 101 118 105 119 134 119 122 116 0 0 0 113 145 108 106 147 111 0 131 0 107 132 115 147 0 120 127 128 0 0 110 0 132 127 0 147 149 131 0 147 131 149 144 113 118 0 0 138 133 102 136 113 0 107 106 0 134 101 101 123 103 114 125 147 126 114 120 129 143 141 120 0 130 117 0 140 144 132 105 114 133 124 135 144 139 0 137 117 0 110 113 104 104 125 149 112 148 111 127 146 144 148 0 0 114 137 0 122 0 0 123 115 0 0 117 126 133 113 146 109 114 0 112 125 114 113 124 140 134 118 145 108 136 140 130 142 112 106 118 148 133 124 127 100 144 136 123 116 0 129 108 135 139 120 102 0 0 123 0 137 0 108 134 128 124 0 0 121 115 104 119 128 127 127 135 124 134 119 104 146 131 147 122 135 124 0 132 0 0 104 136 124 128 0 132 149 137 134
0 133 116 0 0 112 104 0 0 0 102 141 0 125 113 106 122 0 0 127 105 141 120 0 120 0 145 147 100 113 117 100 0 122 0 114 146 127 115 0 0 123 140 124 135 112 0 0 117 133 0 117 135 0 0 141 141 113 123 108 0 132 134 0 125 0 109 142 0 132 128 0 112 0 117 120 103 137 0 0 123 134 114 128 136 135 120 135 114 119 139 144 114 135 109 105 106 104 134 128 126 124 130 0 101 0 0 0 104 144 0 0 0 128 143 0 135 0 140 0 0 126 126 0 109 106 139 0 0 112 123 136 129 118 124 141 107 0 0 124 0 0 141 0 102 145 127 144 126 102 0 144 123 112 135 0 117 149 130 100 147 131 121 126 101 100 135 132 0 114 0 130 141 146 149 128 137 102 148 117 114 111 141 137 0 130 129 0 129 102 102 124 123 110 0 131 123 0 142 144 0 0 101 131 0 126 125 0 144 104 116 117 126 123 0 104 145 125 138 0 129 121 0 111 148 0 0 0 107 0 0 123 0 0 100 107 143 102 0 0 0 128 0 108 113 130 102 113 114 0 115 147 149 121 0 0 140 105 101 144 138 118 145 128 145 126 149 103 149 108 134 136 142 109 112 103 102 117 0 148 114 105 0 0 0 0 145 133 139 135 101 124 136 136 108 135 134 131 115 0 148 138 0 124 106 137 130 124 100 117 141 142 117 141 0 142 0 0 121 0 138 125 113 121 106 124 0 109 144 128 0 148 132 119 106 124 133 102 129 110 125 0 146 128 107 0 121 0 131 135 0 132 131 0 119 115 143 0 0 0 109 0 124 0 117 131 0 148 148 124 0 113 143 148 0 134 141 113 102 0 120 0 147 104 143 0 113 0 149 0 129 130 103 137 144 101 146 0 135 0 124 108 119 128 101 0 119 0 110 101 0 139 123 131 131 0 0 114 0 113 117 137 130 111 100 123 110 121 144 129 145 116 102 128 147 0 0 104 102 111 141 138 122 110 143 0 118 119 109 0 0 115 102 146 118 131 121 132 124 127 0 0 144 127 0 105 143 0 144 103 116 117 114 0 0 0 137 108 146 0 0 111 129 107 101 136 0 0 111 0 149 137 121 115 137 100 145 111 118 0 106 0 112 107 127 116 113 0 0 0 108 125 109 145 106 130 106 131 133 132 118 122 0 0
0 108 110 127 112 116 125 0 0 117 126 114 127 138 137 132 0 138 0 102 106 106 145 143 132 121 0 142 144 139 111 128 128 0 122 0 0 123 0 0 0 148 0 123 135 143 139 0 121 131 134 0 108 133 117 146 127 0 104 134 143 101 0 143 145 114 145 115 146 111 107 132 144 135 143 117 104 136 132 108 110 106 0 115 140 143 113 0 125 108 117 131 0 117 132 0 113 118 139 108 118 139 0 131 107 0 102 101 102 138 104 121 144 0 101 104 149 110 0 137 132 129 0 148 147 101 0 123 118 133 0 149 121 115 136 0 0 135 0 140 119 126 0 148 0 143 110 141 0 101 104 126 135 0 105 0 0 139 136 139 116 0 0 131 102 134 128 148 120 138 0 140 104 138 113 106 144 142 0 121 0 0 138 118 145 116 109 128 0 129 119 107 126 113 0 121 129 143 117 113 0 120 129 134 138 126 134 128 107 133 146 124 146 129 104 127 139 136 120 122 140 109 0 140 123 124 100 130 120 144 112 143 119 117 0 130 103 0 112 143 142 143 135 127 126 0 0 128 127 132 103 122 116 143 128 146 112 128 0 114 145 0 107 145 0 118 137 129 0 138 147 105 104 137 127 114 121 110 0 115 113 137 100 0 124 0 0 146 0 115 0 105 0 0 124 126 0 101 0 101 107 123 144 118 129 0 149 136 106 149 104 129 123 0 119 140 146 138 0 0 117 0 0 0 112 0 140 133 115 0 108 122 0 124 122 139 0 106 107 136 0 131 118 0 128 106 124 0 105 115 117 146 106 109 128 148 101 0 146 146 111 131 136 125 103 103 136 128 137 0 104 110 129 119 147 145 113 145 128 145 129 0 109 105 120 123 133 119 101 120 105 109 0 0 114 113 121 109 107 0 109 0 0 0 137 116 145 131 0 104 147 106 143 121 0 0 112 118 125 112 106 149 107 119 0 0 128 142 0 109 125 0 144 0 140 137 0 0 100 0 101 0 112 113 141 109 0 131 0 109 106 0 123 120 108 149 148 118 125 111 0 0 131 139 116 0 118 131 0 133 137 107 106 102 116 128 117 137 111 0 135 117 106 109 125 112 143 142 0 136 144 135 0 140 108 0 121 0 0 0 0 134 117 0 136 0 139 0 116 124 107 133 143 102 112 121 100 117 0 129 0 112 126
0 131 0 122 139 0 138 0 134 0 139 0 106 118 102 114 0 101 107 0 146 101 0 0 142 0 136 131 149 131 142 143 107 102 0 127 118 124 114 141 105 135 113 117 108 0 116 123 0 117 146 119 0 0 118 138 146 117 145 115 113 107 137 109 0 126 128 0 146 0 130 134 0 133 0 128 130 118 0 0 122 109 119 132 0 118 145 128 0 120 123 124 0 144 133 142 110 131 0 100 145 122 0 132 0 137 148 146 0 109 132 113 135 0 0 108 0 0 108 100 101 0 103 111 0 0 127 0 109 0 103 143 0 132 143 128 104 0 0 126 128 142 0 118 149 127 115 120 118 112 123 117 119 123 126 122 148 0 0 149 0 101 0 120 0 0 137 0 127 144 0 0 0 120 119 125 113 0 117 126 124 125 131 125 113 0 101 123 123 148 0 121 123 104 149 145 119 0 121 130 136 102 123 0 125 134 0 127 139 107 118 128 0 124 144 0 0 128 0 146 126 116 0 135 148 119 114 134 112 127 0 0 119 0 0 109 137 132 128 123 115 107 121 120 0 0 0 142 113 148 0 112 136 0 0 0 0 119 0 130 0 0 0 0 138 131 110 0 115 105 122 110 120 115 0 140 0 0 0 141 0 143 0 112 105 106 110 0 134 0 111 135 115 149 125 144 0 101 120 132 134 113 149 129 144 137 144 145 120 0 0 143 0 112 116 122 140 122 106 113 146 0 122 127 124 144 114 143 123 145 142 119 109 128 121 101 134 142 114 108 128 0 0 102 108 107 148 0 107 0 116 0 133 0 0 145 119 146 117 100 143 110 148 136 106 132 149 136 132 133 133 0 119 0 149 146 0 145 0 0 142 0 115 0 111 134 109 117 126 149 0 118 112 124 139 132 117 148 124 111 138 133 132 141 104 125 135 131 129 144 103 0 131 111 108 117 123 131 129 103 0 149 115 0 118 135 0 114 116 0 0 145 0 118 145 103 149 0 0 148 105 111 123 148 121 132 145 0 141 0 116 117 110 0 120 143 115 0 0 0 120 125 116 119 109 104 0 116 129 146 0 0 0 129 147 115 121 146 122 120 140 147 149 129 112 130 112 119 135 127 103 108 130 105 117 111 0 113 0 129 102 124 105 138 138 118 146 134 107 118 129 148 121 121 138 0 136 103 135 138 0 146
0 101 0 116 144 118 138 141 124 121 113 146 128 115 117 0 0 118 0 0 0 138 148 0 121 127 0 142 124 120 115 122 0 147 142 0 141 143 0 132 121 103 105 141 147 138 115 0 105 119 126 144 147 109 117 131 113 0 0 130 142 106 122 111 144 0 109 145 123 131 0 146 104 125 116 116 0 0 116 128 120 118 128 0 141 118 0 0 109 123 126 0 134 149 131 0 126 110 0 0 0 126 117 0 133 0 111 111 139 104 122 118 129 109 103 0 0 135 139 124 0 142 147 0 105 143 0 109 112 137 101 0 141 116 100 140 116 114 0 146 149 111 115 129 100 108 139 137 103 148 142 120 131 0 137 134 0 117 0 145 0 0 104 129 139 105 0 128 116 116 111 138 144 0 113 147 131 0 121 131 147 146 115 0 130 107 105 139 0 111 142 105 0 0 140 110 0 0 113 105 143 145 115 120 140 0 122 0 139 104 121 0 104 125 126 148 138 147 0 129 0 114 0 0 102 0 138 131 140 126 120 108 121 126 0 108 0 144 130 120 134 0 134 0 116 143 142 0 106 126 124 0 108 145 119 128 138 110 122 109 113 114 107 0 0 129 0 0 0 132 136 111 125 100 104 130 144 102 140 104 138 0 114 0 112 140 0 0 131 124 125 0 0 102 0 108 118 131 143 115 110 0 132 129 0 143 110 140 146 104 102 120 110 0 134 147 112 0 123 0 116 0 0 0 0 110 127 0 0 0 131 118 130 0 141 144 104 128 120 137 145 119 146 112 0 109 0 141 0 148 101 115 110 108 138 143 141 107 125 112 148 119 103 149 0 119 129 109 115 0 105 0 112 124 0 106 139 120 143 136 118 0 140 119 0 109 112 139 147 135 103 141 0 0 135 102 140 107 116 139 144 134 0 129 0 113 0 119 0 0 0 112 121 134 112 0 0 103 0 0 129 101 101 137 109 140 128 144 0 0 0 0 130 145 0 0 133 0 118 134 108 102 112 108 0 141 146 145 110 0 124 111 106 141 133 111 137 0 139 140 0 113 108 136 145 130 136 0 0 101 122 112 112 140 110 119 0 140 0 102 146 145 116 106 121 108 0 109 131 138 0 133 0 0 0 0 138 124 149 0 0 136 0 107 0 149 113 149 108 147 116 143 0 138 149 0 126 144 136 0 112
0 144 0 108 0 111 122 143 133 0 0 140 119 100 118 101 102 104 135 140 0 133 0 119 138 0 0 0 132 0 135 127 140 104 141 144 129 0 134 128 133 124 0 144 147 0 149 127 148 106 138 0 145 107 0 133 149 140 115 139 135 0 135 134 147 134 136 101 141 0 131 138 148 129 145 125 103 0 140 119 101 110 0 102 147 119 141 119 143 142 137 104 100 104 0 144 146 105 138 0 100 111 148 141 102 0 131 137 0 112 101 120 102 108 128 125 142 148 132 130 139 0 126 110 0 124 132 111 116 129 105 0 128 145 116 0 148 147 0 119 133 0 0 122 141 136 142 146 126 101 0 103 0 112 0 116 0 134 123 0 111 121 0 0 132 108 124 108 108 127 103 0 149 134 0 108 0 117 136 105 0 121 0 127 128 119 118 104 131 146 137 0 0 132 0 133 114 148 140 104 136 108 147 0 0 143 0 120 0 111 142 138 105 109 109 145 0 147 117 0 0 129 136 109 136 111 0 137 0 118 0 127 112 124 109 149 0 149 106 107 133 113 0 124 0 142 145 0 123 129 104 0 101 109 130 136 101 113 131 132 137 100 107 114 109 147 112 133 139 0 122 119 100 0 0 133 149 117 0 0 0 125 116 106 142 127 104 115 145 119 136 125 105 104 138 141 129 106 0 123 122 119 146 101 140 113 0 133 116 130 140 138 0 135 121 0 146 113 129 110 129 129 0 112 114 129 141 128 147 134 0 0 123 139 130 110 0 142 105 118 0 0 145 110 0 108 113 0 106 0 110 0 110 105 129 132 131 0 0 0 146 137 121 0 0 0 105 103 126 0 121 144 112 0 0 120 140 128 144 147 145 117 144 128 112 125 100 145 119 0 111 116 139 133 144 0 0 139 0 0 136 0 114 106 126 102 140 120 0 118 0 137 146 0 117 106 134 0 146 126 121 119 0 147 133 138 137 0 140 140 0 0 0 145 0 117 0 116 126 121 128 111 108 105 127 100 0 145 0 132 136 147 145 0 0 120 106 143 109 0 0 116 115 125 108 109 102 134 0 108 136 136 104 124 138 139 0 118 146 114 116 146 122 0 136 124 122 145 141 107 113 0 104 110 0 123 120 129 146 111 133 137 122 0 145 116 115 126 141 100 0 136 118 130 142 100 0 0 111 137
0 136 141 144 0 137 104 140 0 135 125 143 0 100 0 112 149 126 102 102 0 128 117 102 110 126 104 135 141 0 142 0 115 146 114 139 0 119 147 0 135 147 142 123 134 134 145 136 137 0 111 0 125 107 110 0 0 101 132 148 118 117 0 113 124 124 0 0 0 105 0 0 141 120 104 128 113 142 146 137 119 135 145 0 145 0 122 117 104 0 102 102 146 135 131 138 141 134 144 149 0 135 109 103 129 117 100 147 100 0 120 0 119 133 0 146 115 111 124 0 129 0 137 0 135 143 119 126 114 108 103 123 0 112 101 128 112 104 0 136 130 135 144 131 100 108 131 102 111 137 0 100 0 145 124 139 102 149 102 0 134 0 139 120 129 137 109 103 124 119 125 0 136 0 100 117 106 145 0 146 144 121 110 132 0 141 108 142 106 0 144 148 100 0 141 111 0 105 106 129 124 107 0 134 0 124 122 114 142 105 140 126 0 106 109 138 141 0 136 145 132 0 127 135 0 105 110 147 0 134 123 116 0 116 0 142 0 105 144 103 113 0 134 0 147 0 118 113 109 142 0 110 138 105 103 0 131 145 112 118 137 125 0 121 100 0 107 0 112 117 148 0 149 118 133 0 147 0 143 0 117 100 127 0 131 124 116 118 146 141 133 0 108 101 106 138 143 0 100 145 121 123 110 0 0 121 146 0 0 126 106 147 0 0 137 146 111 123 110 143 0 118 119 0 105 113 0 134 109 0 145 119 107 121 120 126 138 143 131 116 0 0 121 145 137 112 133 142 147 148 146 142 107 133 0 0 0 0 143 0 102 0 131 117 0 109 0 0 0 105 118 137 132 146 0 0 0 133 0 139 120 105 133 126 117 135 121 129 143 0 145 132 146 120 129 119 0 103 123 0 0 135 146 117 139 135 112 111 146 104 127 139 128 119 136 106 147 146 149 0 104 122 144 113 140 0 145 129 133 115 136 0 142 124 144 127 119 0 107 146 123 146 0 105 122 114 102 113 122 102 104 141 0 0 105 118 129 0 142 134 111 121 141 117 118 134 102 118 148 106 108 111 140 0 114 130 116 102 100 105 147 0 0 128 102 144 116 132 121 143 109 0 0 132 108 0 118 102 0 100 115 107 140 100 148 0 131 127 106 146 141 122 133 0 0 0 0 127 106
0 113 0 145 109 142 144 0 0 0 144 0 125 0 134 139 0 130 140 101 148 143 145 107 111 123 0 133 0 119 111 118 113 117 144 121 0 138 142 118 113 100 0 116 113 134 100 147 140 0 131 138 123 106 100 144 103 139 0 124 108 142 0 126 0 0 0 105 101 0 0 100 105 136 115 143 147 143 120 0 120 0 0 118 104 136 140 113 143 107 141 131 0 126 0 144 139 120 0 0 116 106 121 0 122 131 145 128 139 134 0 138 105 122 0 121 113 0 149 141 135 120 142 108 136 103 116 109 126 0 105 116 149 0 123 0 148 120 0 127 136 122 104 101 106 113 0 121 144 0 0 131 138 0 113 123 0 112 120 145 102 107 126 148 0 108 133 120 0 139 141 126 137 145 0 139 125 131 102 134 143 138 0 133 0 0 135 0 117 141 144 134 0 116 121 105 0 0 0 136 120 134 131 0 119 140 130 132 0 0 121 136 134 138 0 107 135 125 143 103 143 0 129 125 114 0 0 0 138 138 0 122 112 134 113 141 122 137 110 117 145 127 128 0 0 116 134 0 101 0 0 142 120 145 133 128 121 122 123 0 135 133 0 113 120 0 148 134 0 0 135 141 125 128 136 132 124 145 0 128 0 119 143 143 115 140 141 138 122 107 137 113 147 148 0 123 146 126 114 123 0 110 0 111 109 0 139 143 137 110 104 0 0 112 144 0 0 134 129 135 113 106 111 146 148 127 111 0 0 0 138 147 139 139 123 147 147 119 131 133 112 149 0 0 134 127 100 129 0 123 111 100 131 100 100 107 0 125 107 0 108 116 125 0 129 101 0 128 114 141 107 123 0 0 125 138 147 147 0 123 0 0 103 134 137 120 136 0 131 0 140 0 0 0 0 120 0 0 0 120 131 118 139 147 113 0 138 105 103 142 133 124 0 0 0 120 126 124 112 129 0 0 0 0 137 120 114 126 107 111 120 133 0 144 123 146 113 0 108 106 149 0 125 104 136 145 133 0 0 103 100 108 0 145 0 0 148 134 131 136 0 0 113 111 0 113 124 115 146 136 102 148 0 0 115 0 103 112 139 146 136 101 0 120 102 0 125 0 141 0 146 144 129 143 0 106 115 135 0 0 131 0 107 109 112 100 130 103 134 132 0 126 116 138 114 109 136 120
0 142 125 0 110 145 132 0 108 141 138 144 0 114 137 139 135 114 137 129 131 140 139 145 0 126 148 0 100 111 138 118 0 136 0 146 126 146 0 147 0 131 132 123 108 0 148 118 0 0 0 122 129 116 0 133 141 0 100 138 114 139 111 117 0 0 125 103 115 0 101 119 106 117 0 0 127 135 110 127 120 0 131 118 134 104 0 137 128 107 115 0 141 121 0 0 106 142 101 143 139 130 111 0 121 131 0 0 128 123 138 0 126 113 0 0 112 104 107 141 118 118 0 112 131 145 112 147 102 130 141 137 112 133 120 122 119 106 0 120 121 122 129 142 109 144 107 141 128 0 112 116 135 135 0 128 139 143 100 124 126 105 144 112 126 140 125 0 0 110 113 0 108 127 134 0 133 136 129 149 101 0 0 145 0 114 112 132 139 140 139 133 144 103 101 143 103 128 138 0 0 0 139 140 142 107 0 116 123 139 122 103 109 135 110 132 139 112 104 0 123 106 132 107 128 0 0 116 114 0 135 140 131 137 145 123 120 144 118 100 139 138 0 149 136 121 0 112 135 120 143 144 0 123 110 106 123 0 0 126 0 107 108 0 0 146 0 147 131 112 106 116 132 147 109 0 0 0 142 127 0 0 0 116 0 111 114 0 135 0 124 122 102 125 0 108 100 146 137 0 116 144 114 0 112 116 0 138 136 0 132 109 133 119 137 121 147 107 115 145 112 108 135 142 0 112 132 120 128 0 109 122 0 111 120 149 0 100 127 127 125 106 117 0 130 0 127 144 149 116 0 120 104 0 0 131 121 104 141 0 124 144 129 100 0 124 141 121 137 130 0 108 0 109 128 141 106 0 137 125 0 121 120 0 135 0 111 108 116 146 147 140 144 116 0 107 130 0 149 0 108 133 121 123 0 118 138 104 131 113 0 147 0 148 149 124 100 0 124 108 148 139 145 103 140 100 112 122 0 0 0 0 0 148 135 136 0 138 0 148 140 0 127 0 120 135 109 0 133 129 117 103 142 106 115 0 119 149 0 0 0 126 100 0 130 111 104 102 106 137 139 149 104 0 103 144 126 104 0 101 138 105 139 0 0 0 147 106 143 0 145 121 0 114 106 140 0 142 0 0 141 143 106 142 137 130 128 119 0 137 133 0 106 0 0 141 133
0 103 113 136 0 0 0 0 100 116 0 100 0 112 100 118 134 146 141 0 137 119 134 148 135 134 0 142 105 127 115 102 134 130 106 108 0 139 101 0 122 146 103 0 106 148 112 119 128 134 119 0 148 142 0 117 137 105 142 0 129 113 142 126 0 118 102 127 100 121 121 130 123 115 0 142 144 105 135 0 111 108 138 139 104 0 102 0 144 143 114 119 101 0 135 136 145 102 144 148 109 139 105 0 139 0 0 0 116 101 137 147 116 120 0 109 135 0 0 148 131 127 105 145 0 0 0 119 114 127 0 130 111 0 134 143 123 119 0 0 112 146 130 116 144 109 131 0 121 0 139 146 135 117 147 118 0 132 0 113 146 143 129 138 0 0 0 135 104 104 131 100 0 128 0 141 100 0 103 0 138 138 143 116 149 120 138 132 0 128 132 134 104 124 0 108 113 108 127 0 113 104 0 0 102 119 0 126 110 0 141 104 111 0 107 141 103 104 110 0 142 137 122 0 148 0 133 140 141 0 147 108 149 121 125 148 145 135 101 0 136 108 126 122 135 0 0 0 137 127 103 112 128 138 0 111 115 146 0 144 129 147 0 119 127 0 0 119 127 121 104 106 103 0 147 0 0 108 0 0 107 0 146 133 146 127 145 121 139 127 148 146 143 0 147 0 129 0 0 112 119 0 108 0 111 0 0 128 138 133 134 123 0 134 101 0 0 119 123 0 113 148 0 129 129 132 115 0 0 143 148 0 107 139 113 120 0 101 135 128 141 0 108 131 106 119 114 117 141 111 109 0 145 107 137 147 129 110 115 149 131 118 105 106 143 113 114 114 121 0 109 144 136 141 140 0 132 131 109 117 142 123 139 127 116 149 116 126 146 0 122 133 103 0 118 120 0 122 133 0 142 101 0 142 126 145 0 107 131 144 108 104 141 102 142 0 132 0 106 124 126 135 0 0 0 134 0 114 106 0 122 102 127 128 133 122 119 139 138 0 148 0 0 119 131 139 103 131 106 136 113 111 126 0 109 137 0 102 149 144 123 111 0 107 0 115 102 134 120 136 126 0 142 0 142 100 112 136 0 147 109 148 128 0 123 0 112 0 101 114 111 114 110 116 119 142 136 100 103 0 135 143 0 137 0 0 139 146 140 145 123 132 121 100 102 131
0 0 122 0 0 122 122 117 0 0 142 136 136 109 114 0 0 104 123 131 122 0 130 121 0 128 0 148 103 0 120 0 110 110 141 0 130 129 134 133 148 0 128 137 0 129 119 0 124 0 123 101 144 132 0 0 117 132 115 117 0 0 134 140 0 102 0 0 147 101 136 115 104 131 120 0 115 120 105 149 117 0 107 100 0 110 0 0 111 122 122 0 0 140 142 129 0 131 124 127 143 117 119 148 107 128 0 148 149 146 140 108 125 137 0 0 127 120 133 148 120 0 147 0 0 102 0 120 0 109 108 140 106 137 148 100 113 0 140 147 147 134 0 102 125 0 0 119 137 0 112 107 102 0 0 126 100 127 104 128 0 147 114 114 123 129 101 133 0 118 0 101 130 120 119 144 0 121 132 0 127 0 0 0 116 0 0 121 145 128 107 116 143 123 141 111 101 137 100 124 107 128 125 117 123 136 134 0 0 0 0 131 142 0 140 0 137 127 106 101 126 0 139 0 108 113 125 124 129 112 132 102 101 0 126 146 115 143 0 131 0 108 144 0 118 142 110 105 0 0 0 0 125 136 147 109 0 145 0 116 138 0 109 0 103 141 123 116 139 147 137 104 107 0 107 0 104 140 115 0 0 0 0 114 117 100 141 142 0 101 142 106 143 112 0 100 133 111 131 122 138 0 118 117 0 0 133 126 137 100 123 121 144 123 0 0 105 0 121 143 133 109 108 123 115 128 0 127 134 142 109 0 0 119 0 134 149 100 121 121 0 0 148 148 106 0 119 147 143 134 136 116 111 134 122 134 127 139 122 105 0 0 128 0 131 118 111 0 0 113 136 136 129 106 0 126 142 0 149 131 106 128 149 106 112 110 125 147 132 142 146 0 123 138 123 124 123 0 139 145 0 0 147 107 117 141 128 0 0 104 103 103 133 130 0 121 0 133 113 134 135 110 101 148 130 138 145 144 102 109 106 140 0 0 0 101 115 112 0 146 0 0 132 103 0 149 0 130 100 0 134 144 134 119 143 0 111 149 132 101 102 0 109 104 124 0 128 126 111 138 0 129 139 0 102 116 113 143 121 0 137 0 143 0 135 109 148 149 109 103 106 107 131 139 131 0 0 0 144 139 144 138 141 142 103 0 128 0 124 143 104 122 122 126 144
0 0 0 100 102 146 0 129 134 112 132 0 0 107 0 134 143 144 127 140 137 133 103 126 0 0 0 112 111 138 0 114 132 0 147 120 128 118 111 0 111 121 102 140 0 116 134 122 0 122 0 0 0 139 0 149 117 135 137 113 103 142 120 101 100 118 101 121 127 105 0 108 145 122 133 0 135 123 122 101 0 122 102 116 141 118 101 104 140 125 137 138 137 106 146 132 114 105 127 117 111 137 126 132 130 129 119 103 142 0 0 123 131 0 131 119 0 126 130 0 0 107 139 122 138 110 0 101 111 149 103 0 106 0 146 112 0 130 0 111 106 0 136 147 0 0 130 123 100 0 134 128 105 135 104 0 131 105 116 113 148 119 0 142 132 0 149 104 129 0 125 119 139 0 109 0 0 0 101 125 0 110 104 106 138 125 0 0 134 108 0 135 0 100 0 128 0 119 109 0 114 0 0 113 143 124 135 139 137 146 0 105 0 0 129 0 0 128 0 0 0 0 0 101 103 110 143 0 139 116 135 131 106 109 0 0 0 112 0 115 0 145 142 0 134 0 100 119 0 123 133 0 110 138 135 0 104 106 147 110 107 0 146 146 110 129 149 149 113 103 112 128 146 136 0 125 113 124 140 133 102 131 126 0 140 129 0 117 131 0 0 120 120 128 0 144 0 143 121 132 109 107 0 149 115 121 0 127 130 111 141 120 119 128 128 110 143 0 0 107 0 112 0 102 109 149 126 131 125 0 125 131 130 0 126 132 143 131 107 122 117 148 132 144 0 119 127 0 141 142 117 148 0 0 144 116 0 130 142 124 129 101 111 0 126 124 149 0 124 115 132 113 117 130 0 148 137 145 0 0 135 101 139 124 149 0 123 109 139 0 122 148 108 0 110 123 0 119 109 0 134 0 0 127 132 136 123 143 129 112 108 0 0 123 129 105 0 114 0 104 125 135 105 119 106 149 129 145 121 144 0 104 127 110 137 0 129 123 127 107 133 0 0 114 0 134 129 0 134 114 104 142 127 108 0 114 144 143 109 121 103 133 119 109 142 148 0 117 147 107 113 107 0 142 148 144 106 0 109 138 0 117 0 0 118 127 110 0 148 123 100 103 128 115 129 108 0 0 136 106 0 142 0 105 127 115 117 120 143 0 116 146 122 104
0 130 124 117 103 109 117 106 0 115 146 105 115 0 144 100 0 130 103 129 0 115 139 110 149 122 107 0 135 105 136 130 0 100 108 123 102 135 122 123 116 100 147 0 113 126 0 116 130 145 111 136 119 0 134 145 0 111 111 129 0 144 0 130 127 0 117 124 148 135 117 131 0 124 0 0 103 0 133 0 127 0 118 134 0 149 0 110 0 0 111 148 123 121 0 110 102 0 136 124 108 112 0 146 121 105 100 142 111 119 112 133 0 143 141 146 114 123 114 0 112 0 148 105 0 113 133 114 114 132 112 143 101 104 123 146 116 118 122 104 0 131 139 146 120 144 139 124 134 0 0 127 132 132 113 121 144 116 120 124 123 114 139 142 145 0 135 107 143 129 0 146 101 145 146 149 103 118 144 0 0 112 147 109 103 0 140 0 102 137 137 116 139 131 119 0 102 127 101 124 124 138 118 0 0 118 147 115 133 139 0 137 148 149 148 0 117 134 0 0 113 117 112 0 105 145 119 114 103 143 109 0 0 132 117 112 125 0 113 146 142 116 0 119 136 148 127 107 0 141 0 0 135 112 142 0 123 101 116 0 0 121 110 0 135 124 0 141 102 109 105 0 0 0 0 106 100 0 133 0 116 115 104 127 112 103 0 104 149 0 128 0 115 121 0 0 143 128 106 123 106 0 0 142 111 132 0 0 0 126 106 132 140 112 0 101 110 0 109 127 106 105 0 118 0 125 138 118 132 132 147 120 147 122 137 120 120 139 106 147 0 0 149 128 0 0 135 119 105 0 0 103 127 106 112 109 110 131 149 144 108 122 121 0 144 108 144 129 129 136 119 131 101 120 102 134 110 110 0 126 132 112 130 0 0 128 113 108 0 123 0 147 125 0 117 105 129 127 0 149 103 122 144 143 0 129 115 124 111 114 115 0 120 142 126 142 0 121 123 111 125 0 148 0 0 0 116 129 110 0 112 143 109 144 0 0 117 141 121 0 146 113 138 0 109 141 125 109 121 0 108 136 146 0 141 121 0 147 0 0 0 0 137 147 113 135 143 0 133 143 0 124 137 0 143 148 139 125 114 147 148 141 129 107 119 103 114 133 134 120 0 102 137 131 0 125 0 0 103 100 135 105 0 106 100 147 0 120 138 108 0 0 132
0 140 114 129 127 101 141 0 144 0 133 139 111 0 0 100 116 124 113 140 134 109 135 0 140 137 108 0 130 120 112 140 138 144 103 0 138 118 0 130 112 137 116 103 0 149 112 146 143 0 148 117 117 0 137 102 122 0 128 136 116 122 139 131 103 140 105 106 144 149 146 102 127 132 115 144 118 125 130 114 146 113 107 144 0 0 114 0 100 148 109 131 132 121 118 0 114 0 113 0 124 142 0 144 117 135 118 115 108 148 144 0 127 142 0 109 102 132 129 102 110 112 138 0 0 108 132 131 132 149 0 114 143 0 143 105 143 125 143 137 118 146 0 114 100 0 110 142 103 144 0 0 134 110 146 0 125 146 145 0 146 107 113 0 0 134 0 142 121 0 148 0 108 121 120 0 103 137 110 116 125 109 0 145 110 118 0 102 110 0 0 101 146 126 129 100 134 0 148 124 0 108 121 126 147 129 140 0 134 110 122 0 0 0 0 145 138 134 134 112 130 130 0 123 113 149 0 121 105 100 0 118 119 129 132 137 131 102 143 103 105 0 143 104 134 147 133 111 130 143 134 124 144 124 118 101 102 117 141 107 102 0 110 133 0 124 0 145 128 100 124 138 0 144 106 124 141 126 107 113 110 136 100 122 100 136 109 139 138 146 0 130 115 132 124 135 136 121 0 106 0 0 110 0 138 114 105 115 146 114 128 107 0 100 118 117 118 109 141 148 0 0 0 102 128 135 139 0 0 144 148 0 119 0 118 117 104 146 133 0 115 0 148 141 112 132 139 136 0 105 144 103 111 113 117 135 119 136 123 123 0 0 135 137 115 133 109 112 132 136 104 147 144 0 141 0 121 0 124 0 133 103 105 0 138 146 118 112 0 112 0 142 0 137 131 139 109 144 126 0 0 127 126 117 0 132 126 112 106 147 0 131 0 136 117 101 120 0 129 0 0 134 146 136 113 0 145 103 0 130 0 113 120 133 129 111 106 0 143 0 139 143 101 139 0 124 0 104 0 124 113 108 106 147 138 126 105 106 133 0 141 126 106 131 0 0 142 0 146 0 121 149 140 138 0 108 137 116 0 0 106 122 0 111 0 123 0 0 112 142 104 0 136 0 132 0 141 147 105 122 105 113 131 145 147 119 129 137 102 137 126 126
0 0 137 130 0 110 105 0 126 108 0 124 113 103 146 104 142 148 0 147 132 116 0 0 147 135 135 111 140 134 0 119 138 129 132 139 117 104 0 0 0 110 125 128 0 123 122 0 0 137 125 129 104 0 0 144 0 0 0 117 0 145 144 0 0 0 0 116 0 146 125 0 0 102 135 0 149 0 140 111 116 123 0 0 0 109 148 0 0 128 122 0 125 109 110 122 149 121 132 147 109 0 0 0 109 122 0 107 145 125 106 119 103 100 130 139 109 104 0 0 127 131 0 142 106 124 141 125 0 110 0 123 0 122 100 112 0 0 0 131 0 108 111 129 111 141 117 127 101 0 124 102 127 0 128 0 118 112 112 121 145 107 111 0 137 0 110 126 148 128 101 111 0 118 0 110 126 131 134 117 0 144 0 130 113 149 0 137 143 0 149 119 139 144 105 130 100 141 104 108 146 140 129 139 144 115 0 0 116 139 136 101 110 140 0 0 0 126 113 109 111 111 138 126 102 0 0 0 142 118 135 125 129 115 122 119 146 122 120 136 142 0 0 132 111 108 0 141 125 131 0 122 135 0 115 134 126 0 109 133 100 108 149 134 103 116 100 110 142 104 104 0 0 0 136 103 138 104 113 113 0 119 0 122 145 114 0 0 0 128 106 0 144 0 123 132 105 135 111 127 130 121 0 147 0 0 143 122 118 121 102 107 141 0 129 0 0 135 143 0 132 144 101 113 111 148 119 137 144 0 149 121 122 131 0 124 124 103 0 106 148 0 114 0 108 0 125 133 136 101 130 127 125 109 113 120 101 111 133 0 0 113 145 0 0 102 106 101 0 115 127 0 132 128 0 132 119 130 0 0 149 105 112 0 120 120 131 106 146 121 0 145 0 117 147 102 111 135 100 146 109 131 140 144 142 0 125 108 102 109 142 144 121 0 107 137 126 122 133 145 0 0 0 100 124 125 117 105 111 0 0 127 148 133 130 113 0 102 0 140 0 0 111 136 102 0 120 140 146 139 118 107 144 103 129 104 0 105 109 122 0 134 115 0 112 132 126 146 105 143 139 0 126 148 145 122 122 114 107 117 108 106 0 115 145 119 0 101 124 138 0 134 0 134 105 119 120 101 149 118 140 124 146 0 0 148 0 133 0 114 0
0 0 0 104 0 0 126 145 0 0 117 0 118 117 115 145 124 115 119 118 143 148 146 0 100 127 117 0 129 144 0 141 101 0 124 128 129 134 128 0 112 117 101 123 146 141 131 133 127 116 132 109 126 0 113 103 111 0 121 128 109 101 106 130 0 0 112 143 133 130 0 145 0 128 0 0 138 0 133 117 113 0 145 122 100 124 110 144 111 120 0 135 0 0 0 0 143 0 130 0 130 137 103 102 114 0 142 0 0 130 120 0 106 131 0 120 139 0 127 137 142 112 112 140 0 0 144 142 143 0 0 118 0 110 0 0 0 114 132 121 129 121 0 112 149 107 135 135 124 0 104 123 143 136 102 114 107 115 135 130 101 147 0 148 0 139 138 101 147 0 111 0 107 137 0 135 0 128 108 108 142 129 118 144 0 142 127 147 127 0 100 139 107 114 0 106 0 0 137 103 122 136 137 106 119 117 144 132 107 0 137 131 119 137 147 140 147 111 107 107 142 0 141 0 149 120 124 0 119 107 146 124 145 119 139 0 0 116 143 0 125 105 101 127 124 139 0 116 0 106 0 111 0 128 128 144 112 126 141 0 126 128 117 143 106 132 127 0 116 133 0 127 128 127 100 111 138 131 108 109 143 111 0 117 0 124 133 107 132 0 126 113 127 132 101 123 0 126 144 120 149 103 0 142 108 0 0 0 104 118 117 122 121 134 136 0 131 113 142 0 108 120 115 0 102 0 137 0 0 0 0 147 108 147 109 107 110 135 120 118 113 146 0 114 0 124 148 144 115 0 139 119 118 144 131 0 146 142 110 114 111 145 119 116 113 0 144 131 0 147 115 0 124 144 137 0 136 102 130 116 109 138 0 106 117 128 113 149 0 133 0 0 0 106 134 116 116 133 0 0 144 123 120 141 100 108 147 0 0 141 0 112 138 0 127 118 103 124 122 0 143 0 146 128 0 104 0 120 115 127 101 0 0 0 144 107 0 0 0 0 0 132 128 0 111 132 109 0 105 0 0 147 0 0 116 102 132 120 100 141 0 114 0 0 103 125 100 111 0 140 118 111 0 139 0 0 118 104 0 113 106 111 0 0 122 133 146 103 113 144 130 115 143 106 139 126 123 110 0 110 0 130 135 108 0 0 0 117 118 104
0 145 138 134 0 129 101 112 125 0 106 148 129 141 135 109 123 0 116 0 0 113 112 137 123 0 0 122 0 0 109 116 135 144 139 118 148 139 0 0 138 0 126 147 124 0 110 0 109 0 147 101 127 146 136 124 126 0 149 148 133 109 144 132 125 143 145 134 116 144 110 136 144 0 114 121 100 124 106 0 0 0 101 138 149 126 132 0 0 110 0 109 109 149 129 0 101 120 142 137 107 132 135 116 0 128 0 0 129 106 144 137 133 0 122 120 105 148 0 122 137 0 100 105 125 121 145 118 100 118 149 122 111 0 107 0 105 125 100 144 101 102 127 115 123 0 100 142 0 0 117 0 0 0 125 102 0 147 101 149 0 148 101 109 137 145 101 0 105 115 0 108 143 143 136 130 132 125 100 145 141 146 134 122 0 123 109 137 120 111 116 103 0 137 0 126 140 0 138 100 129 140 114 149 148 148 147 136 148 117 138 0 0 123 122 139 0 136 0 114 0 0 0 107 0 0 0 124 119 0 149 126 132 135 137 0 132 106 0 0 123 103 0 134 140 0 100 113 111 116 148 131 128 0 122 106 127 138 118 116 0 110 101 0 121 105 142 0 0 0 0 149 121 127 110 141 102 141 148 137 0 135 0 141 0 108 110 0 142 108 0 126 0 102 0 102 0 0 122 0 101 136 111 138 0 134 0 129 0 105 141 139 0 0 113 118 117 101 112 114 0 143 0 110 124 0 147 146 0 0 143 145 101 122 103 120 142 0 120 129 110 114 0 131 147 0 102 138 148 104 0 0 0 102 115 0 134 124 121 144 131 145 139 0 127 142 132 100 0 149 116 132 103 0 147 0 114 0 134 136 0 0 105 134 118 123 109 117 0 128 0 116 122 125 0 135 0 0 116 147 109 135 107 139 107 109 104 0 124 0 131 122 121 109 126 126 139 122 139 149 145 109 138 143 0 141 119 138 136 114 129 145 116 123 0 0 100 148 134 106 111 118 130 102 0 116 107 101 100 141 106 134 140 0 131 124 102 129 129 0 0 118 133 135 111 120 137 108 146 121 139 133 119 0 145 0 146 137 0 0 141 117 138 145 118 122 137 0 118 0 147 0 140 111 133 146 100 0 141 139 137 117 0 148 143 125 102 0 111
0 105 114 135 101 140 146 131 0 107 119 148 128 103 145 120 133 136 0 128 100 0 103 133 145 148 0 134 107 141 131 110 112 107 102 114 0 111 119 132 0 105 0 0 105 115 147 110 0 0 132 138 107 127 148 123 141 144 118 105 111 124 137 0 102 0 132 0 132 102 0 127 115 137 103 121 104 102 0 136 140 140 0 112 104 149 125 136 0 146 147 108 0 149 0 145 109 0 0 148 133 104 141 102 123 0 138 136 106 0 144 149 0 0 0 0 104 102 112 107 0 146 117 123 122 143 123 128 110 0 121 124 137 134 121 115 138 107 0 0 0 132 128 101 103 124 119 149 0 113 138 0 0 133 111 124 145 0 146 120 147 130 113 130 149 112 145 142 141 0 135 0 137 121 0 128 0 107 120 0 103 129 0 138 100 0 146 0 124 104 129 105 0 121 143 0 146 113 125 136 139 0 113 110 0 146 136 132 0 136 106 128 101 0 0 148 104 147 134 132 137 147 120 147 118 0 104 137 134 120 148 0 0 147 0 0 145 123 120 139 108 0 140 123 0 100 0 102 135 132 147 130 104 105 149 104 0 116 117 140 133 133 0 0 126 143 141 128 0 0 125 145 120 131 132 138 100 137 102 118 0 113 133 139 0 102 141 0 123 123 143 138 131 0 129 135 142 138 104 117 0 132 113 137 110 0 134 111 107 142 116 117 142 0 0 0 138 0 148 130 114 0 102 126 0 0 0 129 136 146 0 131 112 121 139 137 0 131 0 106 116 0 140 0 101 117 140 118 108 0 0 143 116 139 122 108 135 108 134 117 114 112 149 0 115 125 149 130 131 149 137 113 0 123 120 129 102 137 127 147 142 138 134 138 114 0 142 106 119 120 104 107 126 0 113 115 0 111 110 0 0 105 116 139 108 147 142 120 0 135 0 0 100 116 148 0 114 141 141 104 115 100 0 131 108 129 0 147 0 0 0 107 116 138 144 0 140 124 0 0 121 0 147 142 113 0 126 120 114 0 0 127 134 104 137 131 115 110 103 139 111 105 114 0 0 125 128 147 0 131 114 0 135 147 110 114 111 120 116 0 131 0 136 111 127 132 0 135 112 0 0 0 115 0 0 143 114 139 115 0 146 0 133 144 119 145 116 111
0 142 101 0 100 125 124 125 100 101 147 110 147 0 0 149 0 132 0 0 105 118 127 0 0 148 146 105 116 0 130 111 110 136 106 0 104 0 0 117 128 0 113 0 0 125 0 114 126 140 112 127 143 105 0 104 148 0 126 133 143 141 104 136 126 108 138 126 102 0 122 0 113 119 0 141 133 147 0 104 109 0 0 145 121 135 120 134 144 137 112 0 0 110 0 133 111 139 134 108 142 145 0 142 102 0 147 0 110 100 105 106 137 133 102 105 133 135 0 144 105 118 127 116 0 119 129 109 102 0 144 119 124 115 0 0 131 133 143 141 122 106 0 117 124 128 122 129 101 132 103 132 124 0 147 0 0 107 102 107 128 0 118 126 139 0 126 0 0 125 0 145 108 0 0 120 149 108 116 110 115 129 132 0 102 128 130 141 0 0 126 147 106 101 106 139 130 109 110 0 0 145 142 114 0 139 144 119 112 138 120 141 0 142 101 121 143 0 107 105 142 133 104 118 135 134 113 128 112 105 133 108 0 129 0 148 113 137 129 144 122 0 0 0 126 0 0 146 134 103 123 125 0 137 119 134 119 110 128 123 110 0 135 0 0 147 134 0 0 0 119 130 132 110 144 105 143 147 0 124 146 0 0 124 125 125 116 114 130 113 133 128 107 111 0 0 110 0 141 111 0 132 140 136 124 142 105 0 144 100 131 0 123 149 143 0 104 117 135 132 122 104 0 149 126 0 0 109 106 112 149 108 140 139 130 106 0 102 119 125 109 148 0 139 132 108 125 110 0 0 146 121 0 131 139 146 126 123 0 124 123 141 140 145 101 124 108 138 122 144 113 0 111 147 134 122 104 138 143 0 0 0 0 0 119 0 0 0 110 0 131 106 112 0 0 102 131 115 0 129 113 0 107 118 105 101 124 123 0 108 107 107 121 0 107 101 0 106 142 147 133 0 125 0 106 112 111 116 0 100 0 125 122 118 106 140 145 104 147 102 128 130 0 118 132 135 0 120 135 113 0 104 133 0 117 122 116 0 117 0 116 0 112 0 148 117 109 137 147 148 123 0 125 0 0 0 130 145 124 149 0 109 133 128 112 130 109 111 146 148 124 121 0 0 130 0 0 144 145 135 0 0 148 137 115 111 121
0 129 0 118 123 0 146 0 145 107 144 109 134 125 0 127 106 0 130 0 108 137 0 0 0 147 138 122 126 112 0 138 131 129 0 118 103 128 0 118 0 0 0 105 148 101 115 110 101 109 109 145 105 120 102 0 107 0 134 125 119 120 104 106 0 118 106 133 104 109 105 0 119 147 0 106 120 0 127 115 0 128 138 0 0 109 0 103 0 106 0 0 0 115 101 147 114 139 145 106 112 117 135 148 124 131 106 142 116 117 126 134 145 132 129 0 0 104 0 0 114 149 0 122 115 141 0 143 143 0 136 105 0 126 120 117 109 139 126 137 101 0 0 110 0 0 0 144 146 134 113 146 134 102 128 109 136 136 0 108 136 132 135 0 149 0 130 140 102 138 133 130 138 145 117 0 119 138 118 0 0 0 128 148 100 0 0 133 0 131 108 128 0 110 0 137 0 148 119 128 0 0 118 105 103 116 101 105 133 110 0 114 105 116 137 129 129 115 0 123 132 0 137 107 125 113 0 101 119 118 0 0 143 0 141 132 132 131 125 132 0 141 147 0 140 112 127 105 128 126 104 0 148 144 0 101 0 133 142 112 105 145 109 104 121 100 0 118 147 0 147 131 0 138 103 112 117 144 115 0 0 0 144 128 0 109 102 0 106 0 140 145 128 0 0 127 100 0 115 133 119 0 119 100 137 109 124 125 116 105 134 0 119 0 0 0 105 115 135 125 111 135 113 114 134 139 117 121 0 138 0 128 139 135 104 0 122 0 0 109 133 0 100 142 104 0 149 0 115 0 0 0 149 143 131 0 114 0 0 142 112 100 104 106 144 148 106 0 102 137 114 101 0 138 122 119 128 0 102 148 113 126 112 121 102 127 0 126 0 120 133 134 132 116 148 125 133 140 149 109 0 0 0 146 0 125 0 143 106 143 111 0 131 130 0 138 105 128 0 146 0 144 114 134 128 139 0 139 0 111 135 121 0 136 132 121 0 0 103 141 138 137 106 126 0 141 140 107 145 108 101 0 105 0 111 103 146 0 0 0 115 143 0 128 106 0 146 146 113 0 135 124 125 119 145 118 143 123 145 101 0 105 0 0 101 0 122 119 0 149 0 140 142 0 100 0 108 128 105 0 129 104 0 0 0 126
0 115 107 134 101 128 102 0 147 113 119 126 0 142 139 148 120 100 0 110 101 0 137 0 118 0 0 0 117 130 144 115 104 123 0 0 116 149 135 130 126 104 143 111 135 149 110 123 123 114 0 0 131 114 109 111 139 147 103 119 146 125 142 0 0 126 144 0 115 118 146 128 105 120 103 116 109 139 108 143 106 0 132 112 124 104 127 125 134 117 0 122 110 123 109 115 141 0 115 101 119 0 139 0 0 130 128 140 105 112 137 129 123 112 103 111 103 115 101 147 0 128 102 0 143 146 0 128 0 134 144 0 0 147 144 147 137 0 102 123 0 107 133 131 142 0 116 131 0 111 0 0 132 0 119 117 0 0 134 140 106 0 135 0 122 142 0 126 142 0 119 125 139 125 125 124 136 137 103 140 115 0 0 130 0 132 146 135 121 116 148 111 142 127 0 132 127 132 110 110 142 148 145 116 112 0 143 113 145 0 130 0 113 118 107 0 104 0 119 139 149 140 0 142 0 0 0 0 145 130 121 129 137 137 0 127 120 126 133 136 0 108 112 112 0 149 107 107 0 112 102 130 137 108 137 138 133 0 115 0 127 114 127 100 0 0 104 134 124 141 107 121 105 124 101 0 112 121 0 145 105 0 0 0 116 116 140 102 0 136 122 0 146 141 0 147 121 0 0 141 116 121 109 119 134 117 118 128 117 120 0 112 121 125 120 104 129 122 120 0 142 0 126 114 144 149 146 140 111 118 116 113 139 0 110 109 116 0 130 142 116 144 107 0 128 132 130 0 146 144 126 121 125 116 147 139 134 129 114 124 108 114 130 0 137 0 0 124 140 101 105 126 136 139 103 0 115 113 0 117 0 138 0 106 109 0 145 119 0 127 0 0 102 119 113 142 138 109 139 0 132 0 131 141 132 127 108 0 114 0 149 117 141 137 118 106 134 111 109 0 136 0 138 134 0 120 0 104 146 109 134 138 134 123 130 122 114 132 101 0 111 132 131 0 142 114 136 146 128 112 146 0 133 132 115 132 123 125 146 116 117 0 0 142 109 139 102 120 104 143 149 0 0 104 146 135 145 0 125 0 131 109 0 0 105 0 148 0 130 103 131 145 0 0 148 117 0 103 115 0 146 148 107 112 105
0 120 110 0 110 0 119 0 139 135 0 126 0 139 100 114 132 110 118 140 140 110 141 147 120 0 120 137 0 146 140 138 107 129 0 103 0 123 114 112 136 126 0 106 141 103 118 142 117 108 145 137 142 128 138 119 149 0 105 0 147 144 102 116 0 102 0 148 119 115 106 0 113 138 135 0 111 128 116 0 128 123 111 0 141 0 140 0 148 0 127 101 123 104 146 100 144 0 0 110 148 135 104 102 140 0 136 0 146 105 129 0 0 0 107 105 120 148 136 118 0 136 126 115 0 111 0 133 143 0 0 138 129 100 119 124 0 0 130 120 0 143 115 128 0 123 0 142 107 0 135 118 100 121 0 0 112 142 118 123 108 143 146 128 0 142 120 138 107 102 131 111 106 110 0 108 144 118 107 103 127 132 133 139 138 101 0 126 0 102 136 141 109 139 0 110 100 128 137 0 121 131 125 117 103 120 126 145 106 116 109 142 0 0 105 119 107 135 134 126 140 110 135 0 0 0 126 0 0 101 0 101 140 126 118 0 145 130 0 0 113 110 149 0 142 113 131 141 0 0 115 105 109 149 0 0 137 0 126 0 141 148 148 146 0 143 120 133 124 106 128 127 133 101 0 0 134 130 136 139 146 146 131 131 143 100 135 119 134 114 114 0 101 126 116 134 143 134 147 100 140 0 115 118 129 145 144 113 135 122 113 0 115 128 121 116 0 140 119 103 138 141 113 122 125 134 133 0 100 142 121 109 0 130 107 124 117 128 148 134 0 144 105 119 0 0 0 119 129 132 145 112 142 0 133 134 100 0 121 132 142 144 133 144 0 100 122 103 105 0 123 0 105 131 140 148 101 147 0 0 0 0 145 0 0 100 133 0 136 0 121 0 107 0 138 0 130 133 0 110 129 118 0 0 125 0 110 147 105 118 113 0 0 104 142 121 100 0 104 135 130 0 0 0 141 143 141 0 117 128 130 145 149 149 121 113 143 146 122 100 0 146 119 123 114 136 137 135 0 127 133 139 133 138 148 125 124 0 120 0 146 0 0 121 116 0 116 105 132 110 115 149 117 122 118 0 133 0 120 129 108 106 118 132 0 146 140 0 133 148 127 123 0 137 136 104 0 143 133 0 146 0 102 135
0 0 130 117 126 103 107 138 119 148 140 141 122 122 0 125 117 117 142 0 101 146 123 129 0 0 0 116 112 116 125 140 138 0 108 106 103 143 0 146 103 148 145 130 104 123 0 139 123 0 125 0 0 106 0 115 110 0 122 114 109 0 116 115 102 0 102 131 122 0 122 109 0 112 109 131 108 116 106 116 0 0 125 132 0 127 144 148 147 0 142 131 137 122 0 111 0 0 105 149 146 0 128 106 0 0 0 145 0 0 139 121 122 0 0 102 0 0 130 147 120 125 133 149 123 119 122 115 0 125 100 0 144 0 109 0 129 123 108 107 144 108 127 135 104 0 104 0 132 0 127 105 0 137 0 107 0 107 136 101 145 0 104 146 112 0 140 101 111 140 0 0 0 0 145 147 142 129 135 119 130 0 0 143 0 118 133 104 0 0 131 117 0 114 100 118 107 103 109 135 111 134 0 113 134 111 149 104 142 142 144 124 148 105 107 149 138 142 135 144 118 133 0 111 121 120 0 107 113 0 0 119 0 145 0 0 127 133 122 120 0 0 120 131 114 140 102 114 0 125 149 0 120 134 0 108 0 0 149 107 110 139 0 0 144 127 143 144 146 119 110 102 132 101 147 148 114 108 107 106 142 118 135 118 106 145 114 109 119 145 139 121 149 141 148 121 100 147 116 141 0 130 122 120 0 145 128 149 121 104 0 114 135 124 118 100 142 148 0 0 0 102 130 0 123 108 144 125 130 0 136 148 0 139 0 142 148 131 136 127 133 135 109 109 113 147 147 115 124 115 108 119 0 110 147 0 125 0 119 126 128 123 136 143 118 0 103 118 102 104 108 0 116 0 123 135 122 113 100 0 147 113 122 0 135 0 0 149 133 112 0 0 0 124 127 0 121 129 122 101 146 121 0 126 0 143 121 119 0 135 121 138 135 129 118 134 115 117 123 101 117 104 130 110 0 103 0 0 0 0 146 136 124 115 0 0 109 123 134 141 133 141 102 139 108 139 108 138 102 136 104 124 147 139 123 0 122 113 0 118 110 122 147 140 0 131 135 141 107 134 0 138 112 145 0 145 105 0 0 101 0 131 103 0 118 119 0 129 0 147 0 101 131 114 111 131 148 104 103 143 0 110 110
0 0 110 132 102 0 107 113 141 124 0 138 148 118 121 0 0 0 113 108 136 123 126 122 0 133 136 120 0 138 0 125 104 147 130 142 0 120 0 108 141 138 136 102 128 102 117 0 109 116 0 123 104 0 144 101 122 119 146 0 133 124 0 143 141 0 0 106 114 101 0 131 132 141 139 0 113 112 101 140 114 101 114 129 108 0 0 119 135 120 118 0 133 132 106 107 102 0 0 123 116 131 0 118 121 102 117 135 0 107 129 140 141 0 117 116 0 125 135 0 111 0 139 137 105 0 132 145 134 144 114 0 127 0 126 119 117 137 108 105 0 138 136 145 130 113 0 0 132 140 132 102 114 0 101 102 113 0 111 117 0 110 0 0 0 113 118 137 125 0 117 144 0 125 113 138 100 135 0 0 138 130 112 134 128 124 0 124 111 114 146 120 0 0 114 123 114 0 107 132 121 117 110 0 113 131 0 144 109 130 135 0 118 137 146 112 129 117 0 145 101 108 114 0 112 0 130 143 112 131 111 0 102 109 138 0 0 113 141 128 132 124 141 135 144 140 121 0 148 121 0 103 128 148 147 109 117 103 108 146 115 143 0 139 149 0 126 0 0 116 0 0 132 0 0 127 149 112 0 0 0 115 0 140 115 0 0 0 124 123 100 111 144 141 0 112 109 103 121 136 100 122 133 0 112 128 123 144 127 106 0 110 0 132 142 142 108 142 0 131 0 101 127 114 135 124 146 123 147 0 118 144 117 117 139 0 133 147 140 0 113 118 103 110 0 112 0 0 0 115 0 0 142 137 122 129 111 118 141 135 135 0 0 0 149 111 0 0 125 112 142 146 0 0 0 0 116 0 0 132 112 107 141 0 139 109 144 0 130 138 121 129 111 140 121 0 122 122 137 130 139 129 104 0 118 107 0 137 118 125 145 146 131 127 144 108 131 112 116 130 115 112 146 109 0 114 104 132 109 0 0 133 136 113 103 106 0 127 103 140 0 0 105 0 138 113 0 0 129 0 134 140 145 105 0 0 135 142 101 0 126 118 0 0 110 130 0 121 111 0 111 0 0 0 105 138 0 127 116 138 0 124 146 115 125 125 129 102 121 0 125 139 138 100 105 125 111 129 0 121 114 115
0 0 108 130 0 125 132 131 113 145 120 0 132 133 109 109 146 105 0 139 144 141 138 127 113 0 115 125 0 127 110 0 0 146 106 126 133 119 107 0 111 0 0 130 0 138 0 136 0 0 144 114 142 120 119 104 0 144 126 142 0 123 125 0 123 0 120 138 112 118 0 117 0 133 110 0 143 110 128 0 114 116 0 0 128 145 0 103 107 130 147 130 0 142 0 126 143 101 122 119 149 0 115 0 130 0 0 0 108 112 0 113 0 130 124 116 120 100 112 120 149 143 105 0 146 0 0 133 0 149 135 0 0 0 102 0 143 105 132 0 138 142 122 132 144 0 146 125 106 120 134 104 107 132 113 121 110 0 135 120 127 149 118 118 124 140 108 116 0 105 112 0 126 120 0 129 143 0 108 0 0 0 106 0 0 131 0 141 0 121 0 102 131 130 0 0 0 103 143 0 129 0 142 0 0 130 124 119 100 112 137 103 115 142 0 124 109 0 131 111 108 141 0 0 109 0 135 149 0 121 149 0 0 143 111 147 117 141 0 142 144 145 114 121 0 110 141 110 121 121 112 0 0 142 0 149 129 137 123 149 123 0 104 105 115 127 144 0 0 0 103 136 0 143 0 140 102 113 122 0 0 0 117 0 107 134 106 146 106 0 136 103 0 140 148 0 119 0 126 136 140 137 144 139 0 117 110 0 123 107 149 0 105 103 118 0 0 144 142 126 105 122 0 116 132 103 141 149 0 0 136 104 114 145 0 134 0 109 120 0 146 119 131 0 136 108 145 120 143 145 121 143 0 0 136 125 103 123 106 108 130 0 126 116 113 128 126 0 0 109 115 105 107 117 138 126 146 140 145 0 144 130 148 0 147 142 142 140 124 104 122 147 125 135 0 123 113 146 0 0 148 0 137 120 148 0 130 0 139 133 0 124 145 127 117 0 0 113 109 0 0 137 107 148 0 129 0 0 128 0 133 139 115 136 0 137 148 112 129 107 139 128 135 0 124 119 128 120 0 0 136 119 0 100 149 147 136 0 0 110 145 122 138 116 116 0 0 133 0 102 122 0 116 102 112 0 0 0 141 117 107 127 134 0 140 124 109 101 147 101 0 0 0 149 136 145 149 144 0 120 103
0 0 148 0 101 124 0 141 0 0 138 125 102 143 149 0 112 120 149 142 142 149 0 112 106 121 104 129 100 124 123 110 112 108 118 140 0 104 102 136 144 0 110 117 129 0 0 107 146 0 122 138 0 0 105 117 128 128 0 135 131 112 0 106 101 136 0 0 121 127 120 100 145 116 143 106 0 137 140 0 148 136 0 0 140 141 108 143 119 114 0 138 147 137 0 107 129 129 102 122 141 125 0 116 0 123 106 0 136 145 0 129 129 122 0 106 0 0 144 0 0 0 0 0 0 0 131 0 0 146 122 143 0 111 113 120 145 102 147 119 138 140 143 136 102 138 135 142 105 0 146 148 105 0 105 128 100 0 100 0 131 0 119 129 0 104 116 0 142 145 111 115 0 0 118 121 145 125 148 0 108 142 127 141 0 114 108 143 114 108 132 114 0 119 0 119 145 102 0 129 133 143 135 148 121 0 133 142 105 142 111 148 141 149 120 149 0 115 106 147 110 139 114 112 137 145 120 113 135 136 109 118 101 135 122 103 0 144 0 128 125 117 107 0 106 143 141 0 147 134 0 119 0 100 117 100 0 111 128 129 0 0 140 128 111 0 0 0 117 0 117 111 111 128 0 0 139 0 136 141 105 0 113 105 114 118 145 133 121 105 0 147 118 0 143 132 0 0 104 110 140 0 142 142 139 104 130 117 0 142 143 145 144 108 123 122 0 126 115 141 0 107 136 136 137 142 134 0 0 125 129 133 148 0 0 106 138 118 0 119 109 138 0 0 125 149 129 130 136 0 104 101 133 0 0 122 135 145 134 0 105 0 0 126 137 146 112 120 107 0 107 0 0 103 0 148 106 0 100 0 140 141 148 101 136 137 0 141 134 144 102 0 0 133 0 0 101 133 134 100 101 139 122 0 144 147 113 110 118 137 0 0 0 0 110 147 112 149 136 0 132 144 0 0 116 107 133 144 104 0 137 148 110 0 127 130 128 134 137 137 142 0 122 144 0 0 101 128 0 100 121 102 109 131 130 110 113 142 120 111 0 105 0 117 148 104 141 0 144 132 0 105 0 136 0 146 119 142 149 0 0 0 143 0 145 110 0 115 136 102 149 0 128 135 0 148 112 148 0 0
0 120 146 129 109 0 0 0 0 0 137 0 130 0 123 0 116 149 0 139 118 135 107 0 105 114 0 120 126 133 122 121 143 147 145 124 147 121 111 125 105 133 141 115 0 121 0 136 123 142 0 126 135 116 125 117 124 122 116 0 104 130 109 0 126 129 126 0 109 127 0 118 137 0 139 109 106 112 0 141 131 136 123 0 0 0 132 120 104 134 120 148 119 111 0 123 109 137 146 103 101 112 132 129 0 133 143 0 145 112 0 104 145 121 112 117 131 120 122 0 141 102 147 100 139 112 115 130 108 134 132 139 149 137 121 146 0 149 0 139 0 111 0 140 107 0 106 147 0 0 148 133 132 120 100 124 0 0 120 115 0 123 117 108 0 121 109 135 102 134 0 114 138 0 100 104 112 120 124 100 134 129 0 117 0 128 0 131 105 127 0 0 136 136 123 0 100 0 0 0 142 0 0 121 104 0 141 120 148 104 146 0 0 141 133 149 0 147 144 0 111 115 132 121 111 135 148 119 131 104 143 0 133 121 130 116 113 149 142 121 107 120 109 0 116 131 141 0 120 0 0 135 138 123 127 100 107 0 143 0 113 0 0 146 136 113 116 0 112 120 0 138 116 107 112 0 138 102 139 0 100 118 141 0 0 0 124 130 0 109 134 0 107 102 145 142 0 121 111 111 132 0 113 131 0 0 136 118 114 0 107 149 0 122 135 129 126 128 109 0 116 136 109 138 115 102 125 123 134 0 111 0 109 0 107 128 0 138 0 0 0 111 129 119 138 103 148 129 143 122 108 107 0 0 0 123 101 0 0 149 113 145 130 120 100 104 113 142 0 107 0 133 117 121 101 146 125 104 112 0 145 144 145 147 114 135 0 143 116 137 123 137 0 109 0 107 105 115 143 0 148 119 118 138 0 132 140 144 110 135 132 117 142 0 149 138 0 131 130 0 0 128 140 105 0 101 141 129 140 109 0 149 146 137 133 0 119 116 117 137 0 134 104 100 115 0 115 137 103 144 102 123 132 122 129 145 104 109 145 123 117 0 120 131 100 135 0 121 149 0 127 141 0 101 103 0 109 144 120 105 134 123 136 127 122 103 120 126 0 124 118 144 119 145 107 0 124 127 147
0 0 0 109 144 123 127 0 113 106 0 0 126 115 104 133 119 134 145 0 139 123 0 139 0 101 0 117 142 113 0 126 115 149 117 0 0 0 118 127 0 100 0 0 0 106 145 111 112 149 144 122 0 143 123 140 0 0 0 100 143 131 0 0 0 111 103 109 126 115 147 116 139 0 143 136 0 149 113 109 129 148 0 130 0 109 0 0 0 115 0 147 109 134 118 0 116 141 113 140 148 139 136 0 119 139 117 124 0 148 122 137 102 135 136 144 107 125 105 0 0 0 122 109 119 0 139 126 123 132 130 134 0 0 137 142 139 149 0 0 140 144 0 0 135 0 147 0 0 121 128 141 105 0 136 147 127 142 117 133 115 113 111 109 109 146 135 134 108 141 137 149 115 109 118 111 105 145 137 139 112 114 144 114 143 0 149 128 0 140 103 112 106 113 117 123 0 140 139 101 0 120 139 135 119 143 140 107 103 104 143 114 148 134 146 0 0 135 0 0 106 0 102 109 117 0 100 126 130 106 0 123 0 0 119 121 141 0 143 112 0 104 137 140 112 145 129 133 102 148 0 130 126 100 0 145 0 103 0 126 0 143 145 134 137 103 107 0 100 124 130 135 120 0 108 101 109 111 125 133 142 146 112 130 135 127 108 110 109 136 112 131 134 138 144 146 133 0 109 129 0 130 135 130 128 137 137 131 0 0 0 131 132 145 105 142 129 0 129 119 122 111 113 105 132 129 0 0 116 0 147 103 0 0 0 110 112 140 134 0 0 100 106 124 116 120 102 0 123 113 0 133 109 114 139 121 127 117 146 127 112 120 0 140 142 100 139 117 122 125 128 0 101 146 149 0 131 0 101 101 144 116 113 0 149 111 118 123 131 117 0 123 142 139 120 149 136 142 146 0 123 0 125 115 0 0 106 122 132 0 0 129 0 127 138 0 137 119 0 125 130 136 108 141 112 137 115 114 128 0 0 148 117 0 129 0 107 135 130 130 138 129 122 125 133 127 147 118 0 0 132 145 0 0 0 103 130 148 124 0 0 0 149 115 140 132 0 144 122 112 146 141 103 0 100 119 146 0 122 116 100 147 118 0 0 122 115 140 118 146 116 142 114 0 129 0 106 147
0 123 0 0 119 126 129 0 142 144 100 122 0 147 112 109 0 145 124 0 138 110 131 132 116 0 112 0 0 0 129 0 139 141 0 143 134 116 114 116 134 100 103 139 113 121 118 103 0 120 0 109 0 146 149 124 0 112 0 0 123 110 130 141 100 143 0 101 0 102 108 117 0 108 0 137 0 0 110 108 128 127 107 121 144 111 113 138 100 117 134 147 0 143 0 123 109 102 109 104 137 136 0 117 146 136 110 125 130 120 0 105 0 0 129 117 133 0 112 110 125 129 0 127 0 0 125 0 149 131 129 132 119 109 0 101 101 0 149 0 127 0 113 111 0 117 138 125 140 109 0 0 115 106 144 125 103 143 0 121 126 131 139 135 142 126 137 127 113 0 125 110 101 129 132 140 0 105 101 136 129 138 108 0 0 113 105 141 124 101 0 104 116 0 118 0 0 100 103 143 128 105 149 113 0 0 118 102 124 116 102 120 132 111 0 149 0 111 0 0 132 133 119 115 101 106 149 105 119 141 122 124 141 125 113 0 115 0 145 138 145 0 122 0 106 124 0 0 137 101 0 0 0 0 0 0 105 0 143 141 138 146 0 136 123 142 107 125 111 100 0 109 0 147 136 130 148 105 106 121 114 127 139 109 136 122 114 136 132 130 0 131 0 0 0 129 145 132 0 129 100 116 122 140 0 0 104 127 0 124 119 107 0 145 149 137 0 134 0 147 143 125 0 113 121 101 126 123 135 120 134 144 0 148 108 133 112 109 114 0 0 0 0 117 137 103 102 110 0 0 0 115 119 109 100 113 0 113 127 101 0 108 112 149 100 119 130 0 0 0 140 138 113 121 126 143 0 0 111 0 127 148 131 114 135 119 110 102 0 138 0 108 147 135 130 129 106 134 0 114 110 136 133 0 101 141 106 107 113 107 132 107 139 111 102 104 118 107 134 0 141 128 109 0 112 118 107 0 115 0 106 0 126 125 144 114 114 113 0 0 136 0 147 119 127 114 0 115 124 0 105 112 125 116 0 121 107 0 0 0 125 121 125 121 0 110 0 116 111 127 133 0 0 137 0 108 124 0 114 113 138 132 121 109 0 142 0 131 133 0 111 123 138 0 149 106 129
0 109 144 0 0 128 114 145 131 137 146 116 113 103 149 0 137 142 117 106 0 125 121 145 134 139 114 0 0 101 137 110 139 139 136 123 0 0 101 134 0 110 147 0 108 110 149 101 131 0 114 0 147 137 137 120 0 117 134 129 136 130 108 115 117 115 113 134 0 144 104 146 103 0 121 0 141 133 139 0 147 0 0 0 116 0 120 0 115 109 121 107 124 118 130 0 146 0 122 0 133 138 111 101 112 144 128 113 108 0 140 106 126 116 120 147 120 104 111 106 109 124 117 107 146 134 0 121 135 117 135 129 143 0 142 134 0 119 0 107 145 100 116 143 103 130 147 0 147 0 131 113 0 0 133 0 118 0 142 119 141 141 149 111 115 0 102 0 135 146 0 120 118 118 141 102 111 129 139 124 118 144 145 121 104 121 0 0 119 122 131 0 0 108 0 0 139 133 123 131 110 101 140 107 134 140 0 108 0 0 114 0 141 143 100 104 149 109 138 0 100 108 0 118 142 111 100 106 0 135 0 127 0 0 135 141 133 125 127 129 0 0 109 0 126 146 0 129 149 0 136 0 110 135 147 118 0 0 0 115 0 135 149 110 145 108 0 104 125 0 120 140 106 102 133 101 130 0 123 132 126 116 142 0 132 100 123 104 104 101 106 0 0 119 109 128 114 108 117 122 138 149 145 143 141 0 126 110 115 109 126 0 0 0 141 0 143 147 136 0 140 102 0 109 117 110 0 122 122 129 0 126 0 127 126 140 108 116 113 146 116 135 112 116 0 0 0 0 0 114 0 101 0 0 129 0 0 141 0 0 119 137 0 100 123 112 131 143 136 0 0 148 0 140 143 145 103 0 0 143 123 114 148 0 0 100 0 137 125 0 131 122 146 142 121 107 146 0 113 0 143 0 142 144 0 125 139 121 108 0 131 0 0 144 137 0 140 128 108 120 143 100 118 126 133 117 105 117 145 117 0 0 0 114 130 0 139 148 142 100 0 0 0 104 0 0 121 107 145 125 106 0 130 135 135 140 0 0 126 147 147 0 133 131 143 0 0 132 0 149 136 116 113 102 0 132 142 117 125 139 135 101 0 0 104 113 144 0 120 121 0 145 135 0 107 149
0 0 0 101 119 117 101 138 133 0 0 139 114 119 0 141 115 0 0 113 0 108 0 106 110 127 108 131 0 132 147 100 104 109 112 105 134 0 148 119 129 122 111 110 0 134 119 135 0 120 0 113 128 124 107 139 0 100 0 126 0 115 101 146 134 131 105 110 107 138 0 113 101 111 125 148 0 118 140 140 148 128 107 0 0 119 117 0 116 0 0 107 105 0 0 134 106 119 0 144 111 145 126 0 138 111 147 113 127 0 140 145 132 0 0 0 141 144 135 121 125 0 107 0 0 148 124 111 117 124 110 138 140 0 108 145 141 0 111 114 119 0 121 129 117 127 145 128 101 0 138 0 0 113 0 124 0 113 119 132 0 130 116 128 140 100 142 0 147 0 115 145 114 104 116 137 0 149 101 135 0 0 119 0 147 118 100 114 112 105 0 0 119 114 110 117 111 134 149 114 130 114 0 0 135 111 102 138 0 105 107 146 146 113 124 0 119 119 110 148 0 142 107 112 0 0 121 129 132 142 122 117 137 0 119 0 109 117 0 128 143 140 103 141 138 125 144 140 115 114 145 128 128 133 139 0 108 0 139 108 0 0 0 143 112 148 143 0 103 0 0 124 136 120 112 0 119 133 149 131 105 121 0 0 143 120 131 0 141 148 149 100 0 149 128 0 0 134 136 0 139 126 149 126 144 124 0 122 147 114 136 126 141 116 112 128 0 0 140 127 113 115 0 114 109 103 112 130 130 124 0 107 0 0 102 115 135 0 111 0 0 118 127 0 116 124 110 131 0 126 0 103 108 129 147 104 104 139 130 0 100 129 144 142 129 120 0 104 132 146 122 0 0 0 113 125 147 137 132 140 0 102 0 0 111 112 142 107 135 106 104 125 117 119 128 109 117 149 0 0 114 101 0 123 138 141 106 0 0 0 110 126 126 0 142 127 127 111 137 138 113 131 125 101 0 109 0 112 0 0 106 0 139 112 134 0 0 126 0 148 106 147 145 134 0 136 0 0 137 103 128 135 113 131 134 0 106 105 144 0 140 119 142 124 140 129 115 107 119 146 134 118 108 124 0 113 134 140 107 113 116 0 123 0 129 110 101 132 0 112 117 0 109 0 136
0 0 127 124 0 111 0 104 114 138 0 149 110 148 147 0 0 141 147 0 0 0 141 129 111 129 125 123 0 139 111 117 0 111 141 131 122 149 102 105 121 0 123 136 136 117 145 0 111 122 0 139 116 116 100 0 113 121 130 0 141 141 145 144 147 107 0 0 122 133 0 109 0 0 129 100 101 0 0 114 0 142 100 129 100 0 123 109 139 0 144 104 137 140 135 136 128 104 0 112 103 144 133 107 142 128 112 0 117 107 129 0 120 0 0 115 134 0 102 0 0 140 101 0 121 0 141 128 136 109 102 117 0 146 117 141 140 0 101 0 127 118 0 104 120 0 148 147 149 126 137 0 0 0 136 103 0 146 136 0 148 148 106 112 102 104 138 0 126 102 0 134 139 140 114 100 109 0 0 124 107 121 0 126 0 129 136 100 129 142 114 0 130 0 0 101 127 116 138 114 142 109 0 140 142 147 148 127 126 135 0 109 147 121 108 111 0 121 0 0 148 138 111 103 118 127 0 0 121 129 136 135 109 129 148 0 103 106 0 122 107 0 115 0 128 0 134 110 145 149 0 119 0 132 0 102 106 100 149 130 132 0 112 123 125 115 104 107 139 124 104 124 0 106 117 0 146 109 114 106 135 105 149 0 0 138 114 124 0 145 108 149 120 146 129 147 0 123 125 127 105 106 133 127 0 0 100 142 137 0 104 0 0 0 121 109 149 131 148 0 138 0 0 133 106 0 125 106 0 0 144 0 129 125 131 100 113 0 140 134 117 111 126 0 123 111 110 144 142 0 0 133 0 113 134 0 103 131 146 0 0 123 112 122 149 138 129 0 130 148 102 0 118 105 103 108 102 0 0 115 128 121 139 126 114 124 116 129 0 0 126 124 108 0 0 148 0 134 104 141 0 0 135 130 124 0 0 104 138 0 115 140 114 0 0 101 132 0 120 0 129 119 0 130 0 106 0 105 111 140 141 149 132 136 107 139 109 105 0 132 128 137 115 122 0 142 113 0 0 114 128 102 135 0 104 0 141 117 145 108 0 121 128 145 0 0 0 100 113 0 143 0 104 145 126 110 0 127 0 126 145 142 123 0 0 143 125 0 0 111 139 132 100 0
0 139 100 0 148 0 0 121 0 132 0 133 102 106 0 123 126 140 145 101 140 0 125 0 134 101 134 121 0 130 147 137 0 129 127 0 128 118 129 0 100 0 0 108 117 112 0 102 102 135 119 106 108 103 115 0 122 0 134 0 0 144 0 105 104 136 149 0 102 132 0 125 124 114 118 0 144 107 105 113 0 0 0 115 106 125 128 102 106 0 110 117 0 114 114 147 132 132 139 132 0 100 130 133 122 114 0 137 0 145 105 141 118 107 120 113 105 126 118 106 0 148 116 132 101 135 139 111 130 118 148 132 138 0 123 114 149 135 114 0 100 124 0 0 0 128 101 102 107 108 122 0 0 0 0 101 0 136 135 0 126 120 124 142 144 0 147 0 135 122 117 110 125 0 120 137 0 0 0 140 117 0 0 132 0 134 108 102 142 143 137 0 143 100 131 127 114 0 100 140 134 106 129 125 119 0 133 143 140 139 111 100 0 0 136 113 109 132 100 0 0 0 0 130 127 118 137 147 0 141 147 0 0 122 142 0 131 103 133 123 122 146 0 108 0 123 109 144 142 143 128 0 125 0 117 134 115 109 144 0 115 108 0 133 0 116 126 117 0 0 123 131 142 106 127 141 136 132 113 147 122 102 0 109 125 134 101 0 137 145 0 142 149 0 0 0 100 125 109 125 0 0 0 0 140 148 108 131 0 0 134 140 120 102 125 115 115 122 136 0 0 146 0 0 137 128 107 113 112 138 0 135 139 108 149 147 102 107 138 104 123 133 142 112 142 0 142 148 148 109 0 100 115 106 101 102 0 133 107 127 0 128 0 0 144 142 105 121 130 101 118 133 0 105 145 0 125 108 147 139 138 136 107 116 149 0 0 0 136 0 139 102 110 145 148 108 132 117 133 114 143 0 0 0 125 129 103 137 111 148 123 143 124 144 0 122 127 137 100 124 121 122 0 0 130 123 139 126 137 0 102 0 107 145 0 0 123 134 0 0 0 139 0 134 126 0 101 118 124 0 0 0 109 0 139 139 105 0 0 119 128 0 0 146 127 139 122 0 127 0 104 118 109 0 116 108 140 0 132 137 123 148 102 0 0 111 0 135 139 100 121 143 135
0 136 117 0 149 100 135 136 0 103 147 115 0 128 111 140 123 0 122 135 100 118 100 128 0 112 0 104 109 0 133 141 104 103 102 100 145 122 117 149 102 128 0 109 142 129 110 0 0 118 111 114 133 117 0 110 103 0 0 132 111 116 131 134 0 125 121 125 147 112 119 0 0 116 0 141 142 147 0 144 131 0 137 133 0 0 0 0 118 0 0 148 133 124 105 0 122 123 110 117 107 115 122 130 147 132 0 126 0 108 110 0 116 137 122 101 142 133 109 115 139 105 107 142 138 115 0 124 104 146 0 140 124 141 118 0 146 0 0 100 107 0 104 134 139 119 115 110 131 138 125 0 100 122 122 137 126 101 129 144 141 136 0 0 0 0 107 123 108 102 133 103 0 0 144 108 141 0 126 146 122 135 105 136 116 0 143 132 135 139 0 145 0 123 110 144 119 0 0 0 113 0 0 114 128 0 106 117 108 110 114 0 0 134 122 119 0 0 0 109 118 120 140 117 138 0 0 119 106 0 138 123 0 0 0 117 143 132 106 113 111 0 112 107 123 121 120 125 133 132 0 0 0 0 127 111 0 0 108 104 106 0 130 137 0 0 149 0 0 0 123 116 0 103 134 129 130 111 114 110 136 0 116 116 101 107 129 109 132 0 100 104 120 131 0 125 145 102 111 107 100 148 0 0 0 0 114 108 112 0 149 145 149 128 101 0 0 0 0 119 138 145 0 138 107 105 0 0 119 147 149 135 128 147 108 137 0 127 111 0 101 133 0 0 129 0 147 139 0 138 139 133 0 112 148 141 132 136 0 146 124 0 144 0 0 0 0 108 149 120 144 108 133 0 0 0 105 148 0 0 0 102 140 107 129 0 118 107 0 122 130 112 139 138 133 103 114 120 136 138 108 0 110 0 125 145 131 125 122 0 0 144 104 0 0 121 135 0 0 105 146 124 131 145 113 100 108 103 144 113 0 0 117 130 133 124 128 131 140 118 102 0 128 0 126 116 101 114 134 117 130 122 0 0 100 122 130 128 142 123 136 139 102 115 145 102 104 124 108 0 124 120 147 108 0 141 113 0 138 127 147 131 109 0 122 121 143 111 111 109 113 117
0 117 0 112 0 139 143 113 130 103 139 130 132 108 118 104 117 106 0 120 0 105 141 0 142 146 0 142 127 128 126 0 107 136 136 139 0 0 120 0 123 135 113 135 0 100 138 0 0 0 0 0 113 144 131 0 119 109 111 0 0 148 131 101 135 129 102 130 0 142 128 101 136 141 0 143 137 128 104 130 0 147 138 0 106 125 100 140 0 104 120 139 137 0 112 0 140 0 103 0 133 141 0 143 129 133 119 0 117 146 136 124 115 148 115 115 126 119 121 141 135 142 119 138 109 141 142 127 0 0 0 116 120 125 121 140 108 106 117 0 0 0 138 107 135 143 115 119 145 0 0 0 117 121 109 118 0 138 0 149 0 109 0 0 131 101 121 108 111 143 0 115 112 126 134 115 129 0 110 119 0 103 0 107 141 106 120 115 0 142 143 129 145 104 147 133 130 106 102 0 130 0 118 132 147 144 0 142 102 107 0 138 124 106 111 127 115 106 105 103 114 0 142 115 132 0 0 0 125 109 0 101 138 113 113 138 0 104 117 0 0 132 132 108 117 0 114 0 147 147 111 0 141 106 127 139 0 142 107 111 110 132 120 140 0 139 102 0 0 106 125 112 0 129 111 111 142 149 118 0 138 117 0 0 111 0 143 133 121 137 124 0 134 122 102 0 102 134 124 0 0 0 123 0 140 103 131 0 148 115 122 141 135 0 137 0 121 0 148 107 142 127 131 0 143 0 0 120 0 139 108 143 0 149 122 0 0 128 125 147 0 102 104 142 137 111 109 122 129 115 124 116 149 0 135 0 149 0 124 0 131 0 121 122 144 139 106 0 0 119 139 0 111 102 127 100 149 0 136 0 0 0 114 111 0 0 104 113 143 104 0 0 0 137 115 112 0 109 0 118 0 0 0 106 0 106 144 0 119 0 116 129 105 123 0 119 108 106 108 105 117 0 145 120 0 116 122 0 110 120 0 0 109 123 0 142 149 113 0 105 106 149 103 0 108 113 146 131 123 145 110 0 115 145 110 129 100 142 132 144 143 130 0 110 117 104 109 135 117 106 109 132 126 146 0 112 0 132 135 107 0 134 115 116 118 0 135 0 126 110 133
0 106 0 141 146 0 111 101 0 105 135 0 103 0 118 111 0 138 141 142 126 0 105 116 148 101 0 129 0 148 127 0 147 0 135 114 105 148 116 148 108 111 126 0 114 142 107 122 0 107 104 108 122 105 132 0 0 135 0 103 115 107 149 0 0 140 113 147 115 110 137 0 144 113 131 142 146 0 146 121 0 0 0 0 0 102 114 0 139 131 126 0 147 145 149 106 114 0 144 127 126 116 127 0 114 101 136 114 133 108 105 115 0 0 129 0 131 0 0 111 131 101 102 134 0 110 104 143 136 0 120 138 105 127 0 0 140 128 0 117 110 127 110 103 138 105 148 141 0 104 100 105 100 0 119 106 105 103 109 100 106 103 121 0 144 0 101 0 132 107 102 141 111 0 137 139 0 121 143 106 107 119 142 149 0 107 104 0 120 0 125 0 0 141 0 127 128 126 108 105 135 143 108 136 134 108 147 115 0 112 112 140 0 127 102 0 104 0 0 123 128 117 148 0 135 145 0 0 129 0 0 0 133 0 104 117 148 147 119 0 101 106 120 148 109 0 0 135 105 132 0 141 115 105 124 121 147 143 142 116 141 103 142 138 143 122 106 146 0 111 111 122 121 131 148 134 0 0 128 117 143 106 141 148 149 110 116 0 119 106 129 132 0 126 128 133 134 105 123 101 122 136 0 128 111 0 128 140 124 106 0 0 0 0 120 0 112 131 111 124 132 114 148 112 0 126 0 105 147 127 0 123 126 0 0 104 146 130 0 133 0 111 0 140 0 135 100 129 141 118 122 144 113 0 101 106 118 117 130 115 112 111 123 104 0 147 147 120 0 138 117 114 123 0 123 137 131 107 131 134 130 145 110 138 106 132 108 133 0 109 128 103 104 131 125 130 103 128 0 101 0 0 139 126 0 119 138 104 107 122 108 132 114 102 0 101 110 107 123 0 0 142 0 120 129 102 107 143 118 0 144 0 111 141 136 139 111 127 117 141 129 0 135 124 106 149 146 127 130 148 110 110 141 115 0 107 130 0 0 117 0 0 124 139 0 147 0 118 0 134 118 122 112 107 149 113 108 120 116 131 137 112 141 114 135 117 125 133 133 148
0 118 0 0 123 146 116 140 0 105 148 112 0 143 0 127 108 105 148 132 0 115 110 119 109 141 0 132 137 148 103 0 102 128 0 133 136 137 122 131 0 145 106 128 146 0 0 128 148 146 139 122 0 0 103 140 121 110 130 139 137 136 116 125 117 110 0 115 146 115 126 114 125 122 127 120 141 137 108 0 119 0 113 104 105 105 0 111 0 0 120 109 0 0 109 0 0 0 136 0 0 106 140 102 104 148 120 100 105 112 0 0 0 104 133 131 145 126 146 119 131 121 131 125 109 0 128 141 0 100 119 133 146 132 131 0 0 109 135 105 136 139 117 144 125 0 121 103 0 0 110 117 0 102 128 133 120 130 140 134 116 0 136 0 136 121 134 131 139 0 117 0 105 101 100 138 115 108 127 0 0 132 116 133 125 0 118 100 148 0 130 113 125 146 110 131 138 122 128 114 141 104 128 115 0 140 109 137 127 129 121 123 0 136 0 105 0 0 110 0 103 116 145 131 110 149 129 0 0 118 0 125 102 103 0 139 123 117 111 0 0 0 128 140 122 137 135 110 127 0 104 144 140 140 0 118 104 141 148 138 0 0 115 108 112 133 104 128 0 144 109 115 101 103 133 147 141 144 131 130 109 0 128 143 148 133 122 112 128 121 115 135 0 103 124 0 135 105 122 0 114 120 138 118 112 0 142 135 110 134 126 127 132 107 100 129 104 0 108 126 0 106 131 134 121 100 138 143 104 122 127 103 0 116 103 127 130 144 114 0 147 119 138 0 115 110 100 125 106 137 141 148 123 120 0 103 113 143 141 0 142 0 0 119 108 100 0 149 0 123 0 119 146 110 100 109 0 113 118 123 0 109 0 105 147 143 0 135 128 0 147 118 0 128 0 128 110 0 0 100 0 110 134 149 104 109 149 141 148 144 120 0 108 0 0 148 142 115 0 130 122 0 102 122 102 144 0 146 141 0 118 106 111 100 0 0 114 123 134 119 130 145 111 142 110 123 143 127 0 126 134 119 106 142 101 129 133 124 142 0 127 147 139 103 122 122 132 145 0 146 133 127 129 122 141 0 0 142 105 138 130 115 129 0 136 100 127 0 0
0 147 104 115 117 0 0 140 149 136 145 133 110 106 125 140 0 0 127 138 145 129 126 0 111 112 0 135 135 139 126 110 0 119 132 108 123 106 149 135 111 127 0 0 0 108 126 103 145 0 114 112 123 128 129 114 144 125 140 105 149 137 118 116 115 115 141 119 102 0 109 109 147 148 128 124 130 0 146 0 145 149 133 124 135 108 108 0 0 102 0 146 139 119 111 144 146 114 130 100 118 110 118 131 132 0 101 133 123 110 149 118 0 110 132 0 0 0 148 115 109 0 149 101 0 144 139 120 107 130 0 0 147 133 118 107 122 140 127 0 149 117 0 118 110 135 126 122 126 0 121 0 115 0 122 129 135 0 135 128 105 0 0 0 102 139 127 135 0 0 132 121 0 0 125 0 129 139 101 109 102 0 117 0 120 140 111 140 110 112 100 117 0 134 130 146 104 0 101 0 103 101 146 0 106 111 0 128 133 116 122 122 140 123 101 108 128 137 133 104 141 147 0 140 124 130 0 113 109 123 137 0 125 141 138 0 105 148 140 0 123 0 0 137 121 110 147 129 0 105 100 136 0 103 0 125 118 110 105 120 0 143 140 103 149 131 143 0 149 112 0 111 105 103 0 0 113 127 0 122 121 104 0 129 146 139 127 0 143 112 132 138 0 135 119 0 0 138 0 102 142 131 131 0 0 124 0 0 148 138 0 107 125 135 146 125 148 112 101 127 109 130 134 144 111 0 127 115 132 0 147 0 118 0 0 112 136 134 120 149 0 133 140 105 130 124 103 143 105 132 121 119 0 0 134 145 117 121 0 0 0 0 128 148 126 0 144 146 144 136 124 123 121 0 142 0 0 0 131 111 143 116 117 0 131 128 121 112 102 148 101 0 0 141 136 144 114 144 0 105 120 146 113 108 0 0 103 119 143 145 0 147 137 112 108 136 116 102 121 106 133 111 145 123 0 105 0 118 0 147 0 0 133 148 130 112 0 103 104 125 0 0 0 115 122 139 124 135 127 0 0 148 103 0 118 129 137 143 112 101 148 103 141 101 109 106 128 0 102 0 136 0 134 107 103 105 107 110 118 0 0 139 135 104 138 142 115 0
0 0 0 130 109 117 109 109 100 145 145 124 103 136 134 115 112 141 145 0 146 101 119 125 116 124 138 110 119 147 112 104 101 0 127 138 148 129 142 130 112 144 108 113 133 140 122 107 127 0 135 125 106 143 0 107 114 149 0 0 0 122 0 109 104 104 0 0 102 148 132 120 134 0 0 142 129 0 130 138 121 0 125 122 0 131 0 131 149 129 124 135 0 139 149 148 146 100 105 148 141 133 135 128 149 130 113 0 143 136 118 0 101 0 118 0 133 0 121 144 145 108 118 134 0 111 127 138 101 124 0 110 131 110 105 147 0 113 0 0 144 123 141 108 134 0 0 110 136 0 0 136 145 0 113 120 137 118 132 118 123 0 0 114 123 0 133 141 0 108 0 149 136 0 141 0 148 137 109 142 0 0 126 130 0 136 114 146 117 120 117 0 110 107 146 117 114 105 110 116 126 102 147 140 124 109 103 104 139 121 0 0 130 0 135 125 0 132 104 112 123 111 0 132 119 140 136 0 145 111 107 127 139 118 132 118 130 0 119 128 112 101 118 139 122 120 118 0 0 101 148 0 0 0 114 121 117 0 122 143 0 105 101 119 147 121 112 120 114 0 114 137 135 0 112 144 0 0 125 118 123 144 0 142 105 103 0 143 0 133 103 145 110 115 139 149 0 100 120 0 127 0 0 120 103 0 0 106 111 0 0 102 0 141 103 0 100 100 104 144 109 0 107 131 100 109 135 120 0 133 129 148 134 131 0 127 102 115 0 122 109 0 0 134 0 116 104 121 114 117 121 0 126 0 113 137 0 108 0 110 0 128 132 0 0 140 0 135 133 142 111 144 102 139 0 148 125 138 148 142 109 116 136 110 138 0 103 138 125 149 116 124 0 148 0 0 138 101 148 116 114 133 124 134 0 125 126 0 0 0 137 0 0 0 123 112 117 0 144 141 112 130 109 0 0 112 0 103 0 125 114 108 133 105 0 115 138 110 0 0 0 135 105 102 104 106 104 105 101 138 0 111 108 132 127 102 126 136 0 131 102 107 100 108 0 107 138 126 137 141 114 107 138 146 101 113 134 107 0 128 0 116 143 0 112 129 0
0 131 135 0 123 137 104 140 0 107 107 114 141 132 141 0 119 0 0 0 144 148 0 132 116 143 0 128 111 137 0 119 124 136 0 111 121 143 102 131 0 0 124 106 116 133 114 141 101 0 114 0 107 0 138 0 117 131 141 0 133 136 139 126 134 134 108 133 141 147 109 126 108 102 114 146 0 122 132 125 132 146 114 149 135 113 121 115 142 146 113 103 144 120 107 100 135 109 0 139 149 136 116 0 0 107 122 101 0 123 0 100 148 103 0 130 0 147 141 0 116 0 140 147 0 0 145 0 129 100 129 144 141 103 110 132 123 136 107 138 128 148 118 107 146 104 126 133 140 0 134 114 149 0 114 127 138 0 101 0 134 0 115 139 113 102 112 120 120 144 0 0 0 148 0 142 141 145 109 123 132 0 139 128 128 0 118 143 0 142 0 0 123 127 103 142 101 0 144 141 0 130 0 120 119 146 109 101 121 105 0 111 116 137 110 112 139 0 115 0 148 114 113 124 0 118 0 0 145 109 137 147 144 137 124 148 0 104 103 0 100 134 144 125 115 0 0 144 149 138 0 0 0 0 0 0 144 126 114 0 106 116 143 106 101 0 105 0 146 119 146 0 133 120 149 119 139 113 102 106 103 104 0 0 146 124 0 0 101 138 125 0 100 134 133 0 148 117 127 132 117 124 106 108 0 119 117 104 118 120 0 136 138 134 100 105 143 0 108 109 103 0 101 134 103 0 114 126 133 127 127 133 128 0 147 120 131 109 0 110 0 120 123 116 111 139 126 113 0 120 104 0 0 122 0 139 143 145 0 104 130 123 118 0 0 0 146 134 102 108 0 0 124 0 119 132 0 141 0 145 115 0 0 145 104 135 0 0 0 101 107 105 108 108 0 0 0 144 107 117 129 110 107 0 136 116 0 130 0 124 102 117 147 141 115 108 135 140 101 141 136 0 137 113 102 132 137 0 0 123 144 103 104 0 0 126 0 109 119 0 0 112 115 0 149 131 149 0 136 136 115 130 0 105 121 117 0 109 0 103 146 104 107 106 116 138 0 109 0 141 129 116 107 0 115 112 0 135 105 0 0 0 0 109 0 115
0 120 0 138 108 131 142 104 128 103 125 133 123 123 109 136 141 140 0 136 0 0 110 139 134 118 127 132 0 104 148 100 0 0 149 131 137 146 100 0 137 0 101 138 125 0 0 0 113 102 112 0 124 118 128 134 0 138 145 113 113 124 135 0 134 0 136 131 106 141 107 120 126 137 0 0 124 0 123 101 109 0 0 122 129 146 0 0 131 0 135 118 136 128 118 0 111 113 109 142 137 134 141 0 134 126 117 0 120 0 107 0 135 148 102 148 109 132 0 129 105 135 123 129 0 125 114 123 137 107 102 101 0 126 0 147 139 0 108 143 104 0 119 100 145 0 0 116 0 0 136 113 142 128 123 143 0 126 123 130 100 0 145 108 0 137 116 0 137 108 146 0 0 117 147 146 0 124 144 0 122 112 112 0 0 148 103 111 145 126 129 134 112 140 0 0 117 0 124 139 0 0 113 0 0 103 129 130 0 146 0 147 100 143 127 103 138 0 0 116 124 143 117 0 139 124 121 0 148 141 105 0 0 140 0 0 128 105 122 120 139 119 143 0 0 0 0 0 0 0 0 116 106 124 116 111 0 0 0 123 116 0 108 0 131 129 133 108 114 141 0 128 0 140 110 119 124 0 135 103 121 117 132 120 115 147 114 102 0 115 0 0 107 142 113 117 124 0 132 138 139 0 105 111 131 135 0 137 103 0 125 113 104 120 143 118 118 145 0 0 0 119 0 115 134 117 0 114 100 116 124 0 138 147 122 137 108 0 0 0 110 103 128 114 121 103 129 142 147 128 126 0 0 0 0 0 122 114 143 100 136 140 122 0 106 127 139 142 0 139 120 129 136 113 144 145 0 108 127 0 103 0 0 132 144 0 119 142 0 136 0 0 0 127 120 0 127 139 0 135 0 113 149 145 105 0 146 105 126 148 0 118 0 0 139 119 112 101 128 0 124 105 120 143 120 109 137 101 105 139 0 127 0 129 116 147 148 145 148 131 107 0 108 118 113 0 128 107 109 146 135 103 0 129 100 128 139 130 104 139 108 136 143 140 0 0 0 126 141 136 105 126 139 118 114 0 106 100 0 136 0 0 142 0 116
0 132 111 111 142 111 137 101 123 114 128 127 147 0 0 129 112 132 130 0 148 0 140 116 137 109 118 141 0 129 122 0 110 115 115 146 147 120 0 116 137 123 0 117 126 129 0 147 144 126 141 0 144 101 142 108 148 0 0 0 0 144 133 137 113 0 144 127 127 136 0 140 110 127 106 0 144 126 0 111 0 141 0 139 103 124 129 114 113 116 110 136 119 108 118 0 100 131 114 133 123 129 106 136 126 128 106 125 0 126 0 116 147 146 144 137 145 120 126 0 125 0 110 109 0 138 0 107 102 140 104 0 103 136 109 140 137 0 145 109 149 115 114 148 115 127 0 0 131 126 147 149 0 0 145 143 114 0 120 113 143 104 104 115 107 136 144 105 128 0 121 122 145 0 126 0 0 112 136 100 0 0 134 138 109 145 127 0 138 118 108 143 112 115 106 105 138 0 116 0 141 103 144 103 145 0 131 116 142 128 134 0 100 129 139 0 0 0 141 0 130 135 129 118 113 0 148 105 0 0 0 113 139 148 138 147 120 0 105 136 134 136 101 100 0 148 137 0 126 107 117 142 147 104 130 135 126 0 0 0 132 140 125 0 129 141 0 146 129 143 132 125 119 132 119 0 0 0 105 144 124 142 134 145 148 128 128 131 0 147 130 119 142 146 0 0 146 0 117 149 0 112 0 0 106 121 126 117 131 109 143 147 104 0 112 123 112 107 0 147 0 146 0 141 0 112 129 0 142 144 148 122 107 146 0 0 131 0 0 119 108 118 0 0 0 110 103 100 0 143 0 129 141 0 116 137 104 110 0 0 130 127 102 121 131 126 141 133 110 146 145 0 100 137 110 128 0 125 103 143 102 116 124 133 127 0 122 117 136 141 108 0 132 102 126 128 144 0 113 0 0 0 0 108 126 0 145 110 118 149 149 133 134 104 134 0 0 0 144 0 149 118 144 138 115 113 0 123 144 122 121 106 0 0 0 127 134 0 146 0 0 0 147 115 130 103 0 118 123 0 148 108 129 128 132 141 129 124 0 131 0 107 100 138 136 110 0 101 0 100 0 0 100 147 130 129 132 105 108 101 131 106 103 125
0 102 126 138 131 126 125 100 121 139 114 0 0 141 106 149 0 119 143 147 109 0 145 103 0 102 139 101 102 141 120 107 117 105 110 0 105 122 101 133 130 130 120 0 135 0 106 103 0 124 0 131 112 0 123 102 117 139 148 121 115 144 147 0 0 136 144 144 112 113 145 100 0 106 0 102 113 149 139 101 0 122 149 114 147 0 144 106 0 100 0 101 138 147 0 109 144 121 146 127 111 0 0 136 104 133 0 102 102 131 0 0 129 105 112 142 107 136 0 131 114 141 119 137 101 128 139 117 144 129 132 103 101 129 138 147 121 112 146 131 116 114 0 113 0 114 104 137 116 129 113 131 0 0 141 0 138 0 132 101 119 147 105 0 0 0 147 139 111 128 0 125 0 141 109 118 139 132 137 126 109 109 120 103 138 149 0 124 0 110 145 140 127 145 104 114 129 130 147 118 114 124 113 0 130 117 127 136 149 125 130 113 0 118 100 140 126 104 0 0 112 138 110 128 132 104 107 110 115 102 122 114 121 135 139 128 149 144 140 0 138 143 147 0 133 132 0 135 141 106 131 0 136 0 132 125 114 129 147 129 119 124 137 147 0 114 119 123 0 124 118 0 144 149 117 147 104 108 118 0 138 130 132 146 0 0 117 146 118 114 113 101 117 113 116 131 146 109 147 144 104 142 0 0 121 0 128 0 121 116 134 0 149 115 144 107 144 0 109 0 135 112 0 122 135 133 124 0 135 111 108 0 105 148 0 139 106 0 107 0 146 112 137 144 109 142 130 112 139 0 104 104 103 0 130 0 0 100 131 141 0 145 0 0 104 148 141 122 109 127 0 129 101 0 138 117 0 0 147 100 0 120 0 0 101 104 0 104 105 101 147 0 131 138 0 0 0 131 133 0 101 0 107 0 128 0 143 122 140 0 120 136 103 112 139 144 0 0 0 0 114 117 111 132 133 106 115 0 148 128 140 135 126 0 0 0 148 125 106 102 145 105 138 131 130 146 0 126 106 117 120 111 121 119 145 100 102 104 119 102 125 146 116 110 104 105 127 0 105 103 107 0 0 113 0 0 100 141 133 116 0 138 122
0 100 0 0 0 106 129 128 102 0 141 106 121 0 124 143 133 148 102 149 103 112 130 108 125 145 130 148 122 140 125 128 0 0 109 0 103 0 143 0 127 140 129 0 100 133 147 115 115 0 115 0 128 146 106 113 119 116 0 122 140 0 102 130 0 0 105 142 133 148 139 110 108 0 128 0 148 146 0 101 0 117 112 140 108 134 149 126 112 133 104 135 142 0 140 125 0 122 0 141 144 132 0 122 139 104 103 0 0 0 144 117 103 0 142 130 103 105 107 105 106 121 138 0 138 147 144 0 133 0 138 106 0 0 138 101 130 109 119 114 130 0 129 0 109 0 146 138 129 124 108 120 117 119 0 116 105 132 149 131 0 125 146 147 106 135 108 124 0 0 109 120 146 0 145 0 0 126 113 147 0 131 105 134 0 147 105 118 0 0 116 147 114 124 145 107 0 118 117 136 104 135 131 0 109 0 115 124 107 0 144 100 110 105 0 135 123 105 146 110 120 139 120 0 149 124 144 0 0 149 129 0 100 0 106 149 115 147 0 119 0 141 0 142 147 125 143 110 149 101 145 107 118 109 102 116 0 129 106 128 114 0 0 0 0 0 128 108 126 140 0 0 0 105 121 145 0 0 128 0 119 146 0 0 0 140 0 119 0 116 0 113 135 131 120 104 122 146 0 116 104 133 133 116 103 132 128 113 118 109 140 0 123 102 149 110 0 120 142 0 143 109 0 121 137 110 128 141 0 123 122 138 130 119 0 102 119 112 104 129 109 139 132 0 106 138 141 0 105 101 0 108 126 107 102 107 136 140 148 142 147 114 0 0 0 101 134 120 142 146 140 144 137 120 131 0 140 120 0 132 138 0 110 141 111 0 140 130 139 0 117 119 0 130 0 108 0 135 123 144 136 112 108 140 0 135 0 137 127 149 113 0 114 145 135 128 108 108 0 123 110 131 149 123 143 127 126 118 116 130 126 0 149 123 140 141 129 110 104 120 134 114 122 101 0 146 0 103 120 127 121 142 142 115 148 114 127 0 141 141 128 142 128 127 129 126 129 0 123 0 137 111 120 123 101 142 122 117 148 0 118 123
0 139 0 132 0 122 104 133 0 114 114 0 147 146 149 0 116 134 129 102 116 111 132 106 140 112 0 121 128 122 140 0 135 136 142 147 119 145 121 137 0 0 146 137 136 0 122 127 119 0 0 131 138 0 139 105 0 143 141 0 103 106 0 125 112 101 114 132 118 103 100 117 134 146 128 137 0 0 0 144 0 128 100 0 0 139 126 135 115 0 127 101 0 142 100 0 0 120 123 148 0 0 116 103 110 109 0 109 135 0 121 0 122 117 148 118 113 0 0 124 105 137 0 143 0 148 0 138 132 138 125 102 140 132 122 125 117 132 142 131 0 106 138 101 129 105 0 135 111 103 143 139 146 110 0 119 0 101 107 0 0 0 114 109 139 109 122 100 0 0 138 135 0 133 130 0 123 108 109 0 101 119 113 0 116 100 143 0 0 0 144 146 113 0 100 145 103 0 134 136 0 147 145 135 103 114 100 127 0 0 108 0 126 110 135 145 149 141 137 107 113 102 116 119 133 0 110 104 111 120 121 104 0 143 119 0 129 109 136 0 105 0 138 0 0 107 103 102 0 100 125 136 145 102 109 138 146 139 101 146 114 121 0 147 113 145 101 107 131 148 139 110 135 107 116 110 118 142 129 134 101 0 124 149 138 0 0 114 100 0 116 0 107 141 140 145 107 132 139 144 0 111 119 110 120 135 146 100 136 123 128 108 142 0 124 106 117 132 138 0 119 108 127 0 119 131 123 115 125 148 123 136 143 0 0 108 0 113 106 115 0 121 0 131 119 107 0 130 131 140 117 0 0 131 141 133 146 146 131 120 115 140 0 109 103 0 0 147 111 0 133 107 107 126 0 142 0 104 103 0 148 0 132 0 0 0 0 0 135 125 120 102 136 0 113 123 142 108 102 120 139 116 0 144 146 128 139 0 128 108 116 145 140 120 0 123 0 0 137 0 118 137 0 114 127 117 149 0 144 0 129 144 101 121 138 115 111 126 103 115 0 120 0 0 114 135 0 104 125 136 133 112 105 0 102 105 124 122 0 122 0 0 133 132 144 144 128 129 122 0 0 109 135 0 117 124 134 134 144 147 148
0 149 102 139 129 0 115 131 107 145 0 111 0 117 119 119 111 0 147 126 122 105 123 101 0 0 143 0 0 116 144 108 114 124 138 0 143 0 149 112 142 141 143 0 137 0 148 0 131 106 117 136 132 144 129 142 136 111 127 0 130 149 0 100 114 0 115 130 144 147 139 102 106 0 147 149 115 146 131 104 125 128 147 0 134 111 0 118 138 121 0 106 113 0 135 109 144 0 135 129 127 119 146 140 0 0 109 0 0 126 128 0 145 142 108 105 0 0 121 0 118 147 129 0 149 0 132 129 144 118 137 0 114 125 100 0 140 125 112 0 0 126 140 133 100 132 147 137 142 144 130 138 140 134 0 116 124 120 118 145 0 124 109 101 122 144 107 100 114 126 146 0 138 126 0 134 129 146 145 0 140 111 107 0 0 0 103 0 118 123 140 136 105 105 112 135 0 144 125 0 111 125 0 126 0 0 115 0 140 0 146 115 143 0 116 107 120 132 126 112 125 129 0 0 131 124 148 124 0 144 147 109 119 0 144 0 119 128 133 118 0 0 0 123 113 0 116 147 123 0 122 136 116 0 102 125 142 122 114 106 120 124 126 0 0 116 132 144 148 147 112 136 0 131 127 0 0 126 104 134 0 0 100 124 100 147 0 147 127 143 135 129 125 0 104 144 0 133 136 100 111 124 148 104 115 139 105 0 148 107 126 147 136 119 100 124 128 133 111 104 0 143 114 135 115 104 139 107 0 112 137 0 138 128 103 121 142 0 106 139 126 100 0 0 149 122 0 149 132 142 135 119 121 126 0 118 101 0 122 0 131 0 0 121 0 0 118 0 121 117 121 119 138 109 147 110 136 137 129 0 0 108 143 109 146 136 144 141 104 134 116 106 123 136 0 136 128 137 123 103 142 118 101 108 104 0 0 0 108 0 111 142 138 109 120 143 0 119 138 0 121 122 108 142 139 113 111 114 0 104 123 115 126 142 149 103 0 100 117 0 111 103 136 132 102 143 131 0 149 101 0 110 139 124 114 137 134 0 135 0 104 120 0 0 121 147 123 126 0 118 108 123 0 130 123 133 131 0 0 0
0 131 117 109 0 103 124 0 0 111 132 0 106 127 0 140 125 137 100 128 118 0 141 118 104 137 116 108 125 133 132 116 111 0 0 142 100 136 100 126 111 146 111 0 0 129 135 148 0 116 0 123 124 115 105 137 135 106 140 121 0 140 132 144 129 0 111 0 103 0 147 147 0 0 108 113 0 134 104 0 109 138 115 135 0 108 0 0 104 103 124 143 102 0 134 124 140 105 119 132 115 148 112 134 0 121 140 100 145 142 131 135 146 129 142 0 101 100 146 0 130 0 0 108 139 0 122 125 126 106 110 103 109 0 112 129 127 115 145 112 0 116 143 0 119 121 0 126 112 128 124 133 0 129 148 116 127 118 141 132 0 0 117 127 104 147 118 139 112 0 0 127 143 100 0 121 0 127 0 124 108 116 143 0 133 131 0 107 0 0 123 0 0 115 135 0 138 100 121 102 0 110 138 0 139 106 124 132 100 115 108 144 131 124 144 101 109 136 142 0 115 108 0 0 126 127 126 0 0 107 0 140 139 136 110 148 149 113 116 0 0 109 111 101 127 110 103 113 0 0 147 136 103 0 121 145 0 0 145 112 0 111 102 127 141 124 130 148 121 110 134 0 0 126 111 149 108 103 148 0 145 122 104 0 130 0 0 132 100 129 131 0 141 0 0 121 0 119 107 124 138 0 118 131 103 127 114 126 126 147 101 0 105 142 0 0 0 0 0 0 0 113 127 137 108 115 0 135 120 129 0 106 116 121 100 117 0 140 0 132 103 129 119 0 0 148 145 0 103 0 121 118 0 147 138 127 0 0 111 122 0 105 0 0 102 0 139 0 0 108 135 0 109 115 114 146 139 0 118 139 148 144 107 127 0 0 103 119 144 149 140 128 144 113 100 0 0 106 0 119 0 107 132 124 140 148 134 100 107 121 125 100 121 146 116 103 121 0 0 107 0 129 132 0 119 112 144 148 115 113 136 0 148 143 140 0 106 131 113 134 123 0 131 0 0 121 109 0 131 123 0 118 135 136 144 119 137 109 143 0 113 141 137 147 108 107 132 137 126 125 0 132 147 0 136 144 115 0 122
0 113 111 123 0 120 0 114 0 131 0 129 118 102 0 101 135 133 140 137 109 0 126 0 112 0 123 107 105 0 147 139 0 0 119 143 131 0 0 120 149 128 0 124 104 125 105 131 125 141 112 135 125 146 127 100 0 0 143 132 118 0 120 140 113 148 0 107 0 0 0 101 119 101 126 143 138 114 0 106 122 104 0 111 130 135 139 149 128 122 0 0 116 0 101 138 0 124 140 0 120 149 0 0 118 116 126 0 112 125 146 0 103 138 107 145 144 111 146 147 0 103 129 145 143 100 122 113 105 144 142 0 0 0 103 119 135 0 0 126 0 119 0 0 145 101 118 0 129 135 125 131 149 143 120 111 146 128 0 105 0 117 0 0 112 0 126 120 128 0 106 141 139 114 114 128 139 125 122 117 126 104 0 0 110 117 121 114 129 0 101 127 145 134 113 120 0 132 0 102 125 147 130 0 120 115 0 128 107 138 133 143 118 130 0 0 143 128 136 0 0 125 121 102 114 0 0 142 0 115 122 116 147 114 121 0 132 0 0 110 141 120 0 0 138 0 145 143 0 111 0 0 0 138 138 130 132 0 103 143 111 127 0 104 124 142 138 107 0 0 104 103 143 136 141 124 114 136 0 133 121 134 104 134 110 117 0 110 136 0 102 113 139 122 118 125 133 142 0 131 141 0 0 134 146 127 110 125 127 132 110 122 105 0 142 109 130 135 105 0 0 0 121 120 0 0 142 141 103 0 141 112 132 0 125 0 123 125 100 113 100 101 0 135 117 145 130 114 0 128 0 0 136 115 141 124 0 146 121 0 127 143 108 0 137 130 129 126 0 0 128 0 128 147 131 0 0 108 147 0 0 136 114 140 116 112 141 0 0 103 0 0 114 0 107 132 118 139 0 115 115 110 0 0 102 113 142 149 104 120 129 108 146 0 0 105 0 0 0 145 143 114 135 120 104 0 117 113 118 138 142 104 127 0 124 132 135 0 108 111 119 110 0 100 125 0 124 118 118 105 112 137 0 137 0 142 122 137 113 0 121 101 113 0 120 0 112 147 0 105 148 148 128 108 145 0 132 106
0 0 109 112 119 145 0 132 142 101 128 0 145 144 0 141 102 143 0 106 127 125 123 123 124 144 102 119 0 126 149 0 102 0 137 145 0 140 146 119 143 108 103 140 0 142 114 110 131 122 128 125 110 124 102 110 128 128 0 133 129 0 0 144 0 0 121 146 0 111 0 133 134 109 124 141 135 0 0 136 144 121 120 106 0 0 0 144 118 128 148 137 145 0 140 0 123 129 104 122 149 123 0 0 102 135 114 148 146 134 0 118 107 109 110 128 146 106 104 109 0 143 108 0 125 100 137 149 122 129 130 0 0 147 104 120 113 0 0 113 108 108 0 139 149 0 0 148 103 107 112 140 129 126 128 102 0 0 101 105 0 137 112 101 0 135 0 0 124 0 116 133 125 109 0 121 124 116 149 0 148 117 107 0 148 145 135 111 100 148 111 109 117 103 110 109 127 129 106 123 142 113 0 0 106 103 107 104 112 118 0 127 117 0 107 113 129 119 0 117 119 0 134 149 102 104 122 0 131 118 0 0 103 103 125 133 127 0 103 123 0 0 113 111 128 145 109 0 125 105 0 135 0 116 102 108 138 140 132 131 121 149 106 0 0 136 123 0 118 141 133 143 126 141 119 134 105 0 0 138 131 0 128 146 118 0 144 116 110 132 0 124 0 115 105 0 130 132 0 105 0 0 105 146 146 124 149 124 141 119 0 113 109 136 0 111 138 145 0 100 0 0 133 0 127 145 122 125 138 115 149 113 123 128 133 0 147 122 102 116 116 131 0 102 0 0 107 0 0 141 136 147 118 122 116 0 131 142 110 117 116 149 139 0 122 0 131 145 148 102 106 135 118 129 114 102 0 108 131 101 147 113 148 149 125 125 138 128 138 125 100 138 148 131 139 148 100 0 127 143 144 105 126 120 0 0 132 145 132 127 137 127 103 118 119 135 118 146 115 134 0 134 145 147 0 0 120 102 113 119 148 117 110 126 0 129 146 122 112 120 0 0 100 0 0 0 0 149 137 122 127 115 130 124 137 102 0 140 119 120 115 0 148 109 0 130 116 140 0 125 144 0 125 114 117 114 0
0 149 140 147 139 0 0 119 139 122 135 138 138 0 139 104 129 119 0 126 0 122 102 109 148 120 0 122 118 0 126 115 148 121 114 130 124 0 0 137 126 125 0 148 0 100 118 113 104 128 136 102 131 108 116 140 111 130 115 106 0 142 133 124 0 118 125 113 144 0 122 144 143 141 106 0 149 115 0 111 0 142 100 120 138 101 136 111 0 147 101 0 134 111 145 0 113 136 131 134 109 117 113 0 149 106 145 121 144 0 132 0 118 128 0 134 140 120 120 0 109 124 0 120 0 0 100 115 147 100 0 0 0 128 114 0 149 147 115 118 0 0 109 104 137 133 126 0 125 0 0 140 101 104 120 144 125 135 146 149 105 0 114 0 149 112 0 121 143 117 137 138 148 0 0 105 105 129 117 141 0 144 0 117 120 106 0 0 112 130 139 0 111 100 0 126 110 0 140 0 111 0 123 143 0 103 130 109 132 107 108 0 134 102 129 0 127 127 123 144 133 128 0 146 0 115 0 0 123 148 139 122 0 0 132 138 0 121 136 143 0 100 142 122 131 120 126 0 124 142 136 128 143 113 138 0 120 122 0 112 123 0 0 103 0 149 145 110 125 0 111 134 102 113 127 147 149 119 0 118 0 105 104 117 111 0 137 135 117 107 128 124 141 125 143 144 100 141 125 109 133 140 116 113 137 118 115 0 101 147 123 119 146 145 130 0 107 0 107 110 139 0 139 0 124 137 119 128 117 113 116 114 111 120 132 142 104 0 105 131 0 0 141 136 139 133 0 0 0 144 142 117 0 142 0 134 0 0 148 110 0 0 120 0 118 107 111 0 0 133 103 131 0 100 0 0 133 138 0 141 140 0 114 104 112 126 127 110 0 141 0 113 109 135 118 116 143 147 121 0 108 145 139 134 125 100 128 123 114 143 0 112 108 107 143 0 149 142 144 148 112 0 138 131 100 144 0 116 0 100 0 139 0 144 0 133 149 107 136 101 129 120 0 0 133 0 0 143 123 0 0 139 0 121 109 149 0 108 149 103 0 128 0 0 113 117 113 116 114 140 120 127 129 0 127 141
0 117 137 106 0 128 148 112 0 106 117 106 128 144 130 0 102 144 112 129 142 123 0 0 118 0 104 104 131 102 145 104 116 125 0 140 148 122 121 0 128 124 144 147 142 0 114 103 0 121 0 101 101 149 144 129 0 106 142 102 124 106 100 0 0 135 100 104 0 123 0 0 118 104 142 0 0 135 147 108 111 120 122 104 127 116 0 144 0 137 115 143 0 0 146 137 0 117 0 115 0 0 0 105 0 116 0 0 0 123 123 104 124 105 136 0 0 145 113 109 0 145 132 0 127 128 0 123 148 103 149 146 0 0 108 0 0 122 142 126 109 135 136 0 107 0 103 101 134 119 107 113 113 0 138 106 0 149 0 0 142 0 105 124 111 102 114 116 0 137 142 104 131 0 129 128 143 134 114 103 103 116 110 108 0 143 0 112 126 124 136 116 114 145 130 129 0 0 110 134 129 126 0 147 125 0 146 147 101 115 114 0 129 132 140 124 116 118 113 148 0 135 146 0 0 110 0 121 0 110 0 143 132 0 0 0 105 102 0 125 130 120 121 0 138 142 0 125 0 0 136 116 103 119 144 110 112 0 0 0 147 104 130 120 147 139 0 120 137 100 117 118 138 0 127 115 119 118 114 105 0 130 108 106 124 0 114 106 106 110 147 120 146 121 100 142 137 108 127 0 135 136 120 109 106 0 112 0 128 130 105 109 101 129 0 120 0 0 123 0 127 136 121 109 0 0 134 127 0 117 0 122 103 0 121 140 105 124 133 0 140 142 137 141 141 0 0 138 136 143 0 113 117 144 0 141 139 115 142 144 119 115 0 0 0 112 0 131 146 109 0 111 112 126 106 143 124 103 119 135 144 120 147 113 0 103 0 110 117 138 144 114 109 102 118 128 0 148 115 0 108 125 115 111 121 117 0 0 0 105 133 101 108 131 106 125 139 130 128 148 108 0 117 124 105 117 0 0 103 112 127 111 138 128 118 113 139 0 146 137 133 122 134 141 0 118 0 0 0 0 111 138 111 120 0 0 143 118 138 114 117 140 116 102 107 127 0 0 136 125 112 131 100 112 0
0 0 121 0 137 126 105 0 139 0 0 145 0 138 129 106 106 139 129 116 126 0 126 114 142 0 0 112 102 103 118 115 142 124 0 129 137 0 147 101 137 102 146 105 119 107 102 100 136 122 148 104 144 120 148 0 149 0 124 103 136 105 0 126 103 0 112 125 0 145 0 113 0 149 144 116 110 130 0 142 137 126 147 105 114 127 112 0 139 0 113 0 138 121 0 0 0 139 128 116 117 107 133 126 145 130 107 122 0 109 119 127 146 0 0 143 121 0 0 142 131 132 132 122 109 106 136 138 115 0 111 120 0 144 141 0 0 101 0 137 115 142 142 134 102 146 0 0 0 134 106 133 109 133 101 146 0 106 122 116 134 106 136 0 125 0 0 144 0 0 121 0 127 124 0 0 132 116 0 137 0 0 135 145 0 128 122 0 121 105 0 148 135 121 104 149 131 0 120 134 126 111 139 0 0 117 143 119 101 108 0 0 0 145 132 0 0 102 146 0 0 123 109 145 0 0 132 131 0 101 132 101 118 134 0 0 120 149 119 100 112 0 125 109 104 106 0 0 0 0 0 0 109 140 0 117 142 122 147 105 0 143 117 113 149 100 0 0 0 117 124 127 111 134 119 107 126 114 144 116 0 116 103 114 128 124 144 118 104 144 0 131 0 0 121 122 0 0 148 138 139 133 0 122 134 120 111 0 126 124 138 134 0 128 130 119 130 0 139 103 140 120 0 101 121 142 113 0 102 0 116 129 147 0 138 0 102 137 116 136 131 116 134 120 105 147 123 142 140 143 103 124 123 0 0 128 128 126 143 138 135 141 104 107 123 121 0 128 120 114 142 119 0 0 114 125 116 134 103 118 109 134 0 110 0 126 112 149 148 0 135 136 141 108 0 122 125 118 141 122 123 126 101 117 118 138 126 142 0 137 0 0 139 103 102 110 117 116 112 0 104 0 117 120 0 100 124 0 0 119 104 141 101 109 105 0 124 0 111 121 138 103 130 127 103 0 104 115 145 113 0 0 119 124 148 108 120 121 0 143 124 0 144 127 145 120 117 0 117 141 0 117 0 0
0 131 103 135 0 131 128 130 115 123 125 113 0 147 148 135 130 129 0 134 0 123 111 0 0 134 116 109 108 121 0 136 112 0 0 118 132 132 147 0 104 0 108 105 137 0 0 108 131 125 142 0 0 133 0 101 101 114 107 123 0 109 107 126 0 106 114 135 0 111 130 0 141 0 0 118 0 0 130 136 107 149 131 144 104 0 0 112 0 105 144 120 107 146 0 146 119 134 118 134 0 138 130 112 0 125 129 0 104 0 110 148 128 123 0 144 124 129 0 134 105 123 141 110 104 0 118 137 0 147 122 124 111 0 0 0 117 0 148 0 113 130 121 118 115 124 142 0 117 0 148 130 106 135 104 0 0 105 108 110 122 117 0 129 0 142 111 107 114 132 0 0 108 115 135 142 125 142 110 0 123 0 127 130 108 0 117 140 134 115 0 0 102 0 129 147 0 135 0 145 130 144 0 110 105 125 0 0 116 0 146 113 0 109 106 0 0 0 130 140 111 102 134 125 143 123 123 103 132 138 138 107 115 0 136 112 112 120 142 110 148 126 123 124 135 125 136 143 117 131 130 0 121 104 110 0 0 109 117 145 0 130 137 104 115 113 135 0 129 0 120 116 0 115 133 115 118 143 141 117 101 136 115 133 141 149 0 106 115 118 133 0 114 133 129 112 135 138 147 0 127 109 0 0 0 114 106 116 0 140 0 117 138 123 119 128 117 147 131 119 100 0 107 117 122 102 147 122 101 117 146 125 0 111 114 129 142 0 111 139 0 123 115 108 114 0 129 114 0 129 0 113 130 147 0 131 0 0 0 0 123 103 114 137 122 0 0 103 0 119 119 0 0 138 139 113 101 0 134 0 124 142 120 135 0 145 115 147 0 0 111 0 0 0 111 110 141 109 128 147 135 149 0 115 145 106 119 134 100 131 128 132 119 0 113 119 102 104 121 110 148 0 137 114 141 114 142 120 139 136 0 121 137 0 106 114 0 125 0 125 113 137 0 116 137 128 108 119 106 149 135 106 132 136 113 100 111 114 129 147 0 144 149 128 110 0 129 0 117 101 101 117 111
0 117 0 101 126 143 100 137 114 134 144 103 143 104 109 0 140 0 142 0 128 148 124 115 105 115 144 136 110 136 134 122 0 140 117 101 132 137 133 0 138 137 115 108 127 121 133 105 107 140 109 120 123 0 135 0 113 130 100 101 107 0 0 110 140 108 111 109 138 136 145 123 142 0 0 109 111 0 134 130 0 117 123 140 142 100 109 0 0 121 141 0 122 129 136 136 0 100 142 135 119 140 134 121 142 0 118 0 114 140 103 136 132 0 145 124 144 101 145 0 0 123 128 0 149 0 105 122 120 102 149 128 132 0 0 0 121 126 143 121 121 109 148 0 0 103 140 0 0 146 0 138 114 132 141 106 126 0 0 111 103 117 136 0 0 0 105 136 147 139 114 0 0 113 0 133 128 127 114 113 0 0 0 142 102 118 144 133 101 128 112 0 0 118 115 126 112 125 0 146 130 142 0 124 128 0 137 112 0 145 123 149 102 123 0 128 123 136 148 134 0 128 139 114 139 149 115 114 116 131 149 137 0 135 138 106 133 136 141 0 143 145 136 113 135 112 110 149 0 130 139 0 129 0 0 143 104 111 111 125 118 103 113 128 0 127 139 140 133 113 116 128 146 0 116 139 104 120 138 129 141 107 136 119 0 111 130 119 0 119 140 101 0 0 119 117 118 145 132 147 145 146 102 0 107 148 113 104 138 119 0 136 144 132 113 0 102 123 104 121 115 101 127 126 126 140 123 128 0 105 0 113 121 113 122 132 110 143 114 132 0 105 0 107 116 149 120 134 0 149 140 0 125 148 145 127 145 0 122 0 121 138 110 111 133 119 0 139 141 104 109 132 115 0 113 110 136 0 135 101 101 141 0 110 142 149 135 0 104 127 101 0 127 124 130 141 103 143 0 149 0 122 113 120 136 121 128 118 147 121 131 0 126 139 132 129 108 100 0 135 140 0 124 0 0 0 105 121 136 146 114 138 0 143 142 100 0 120 0 137 109 0 0 0 121 122 0 0 120 0 129 0 147 125 130 104 141 129 133 146 122 102 121 109 112 106 0 104 0 107 131 142
0 149 110 147 138 144 137 135 131 107 140 149 137 143 0 0 109 121 0 124 126 124 104 122 116 0 0 148 0 103 100 147 101 112 119 110 145 0 128 141 0 143 111 129 147 104 0 132 0 0 121 107 0 135 0 103 117 113 0 0 104 121 139 135 0 139 0 143 0 130 0 127 114 147 145 0 133 137 0 105 0 146 110 137 123 0 147 0 0 0 103 112 101 147 148 129 106 132 127 100 0 144 149 0 0 117 100 0 104 146 127 0 131 148 130 102 140 103 117 145 0 110 118 130 132 139 105 0 123 0 110 0 130 124 137 0 118 115 145 145 146 116 116 0 0 116 136 0 0 103 114 108 0 0 105 135 111 0 138 0 117 0 115 110 143 0 126 149 0 114 132 133 0 128 140 109 0 138 106 0 0 0 107 131 0 115 132 0 135 131 103 0 124 0 107 0 107 108 0 137 0 107 100 142 126 136 113 0 149 103 0 115 105 131 141 149 106 0 101 123 0 124 100 107 107 0 0 115 115 124 135 0 116 145 114 0 108 108 101 0 100 121 112 115 104 128 106 124 143 145 131 0 129 0 117 102 0 0 0 0 104 109 132 107 136 129 138 102 127 116 113 132 124 103 111 0 149 144 0 0 0 100 142 123 127 109 0 137 0 0 100 108 128 123 143 0 0 0 126 0 119 0 0 106 0 133 129 100 106 127 114 128 128 125 131 0 0 116 117 130 146 0 133 0 101 121 120 0 126 0 103 135 122 141 119 131 0 117 109 121 140 145 140 136 115 133 107 108 113 118 131 138 129 0 0 121 0 0 101 130 113 0 115 110 105 103 130 147 105 143 129 0 0 142 122 113 0 115 134 111 111 138 0 0 120 133 104 145 102 0 101 133 0 107 122 122 144 0 128 140 144 124 142 135 127 105 124 142 149 0 132 129 132 0 149 0 122 0 110 0 103 0 0 130 114 0 134 144 138 0 143 141 135 121 125 119 149 0 0 0 107 134 116 131 0 116 111 115 0 115 0 126 145 134 0 106 144 0 112 100 107 0 148 128 123 135 101 0 135 131 0
0 126 0 0 103 130 141 0 0 109 144 119 0 0 124 119 122 138 139 142 131 0 114 110 131 104 114 111 0 143 108 145 146 102 117 123 143 0 107 139 125 122 105 124 137 0 105 128 136 113 0 0 0 117 122 106 128 111 142 128 149 107 130 0 108 103 145 146 113 137 125 148 0 0 123 123 120 103 107 106 130 134 129 143 130 0 104 124 113 102 140 0 113 0 0 140 139 137 148 128 113 129 142 132 106 123 0 127 0 100 0 101 104 136 0 147 124 146 115 142 134 123 0 125 115 0 125 0 125 124 134 145 104 133 149 136 134 125 111 138 125 120 145 105 0 130 132 134 136 115 105 140 115 141 146 144 0 0 130 139 135 100 118 106 111 103 106 0 0 0 0 115 0 116 149 0 0 0 101 128 112 136 140 0 148 131 136 0 111 0 0 106 109 108 124 138 102 126 135 119 122 113 125 122 0 148 122 140 0 132 0 148 0 137 125 147 139 122 113 117 133 126 0 145 113 135 145 0 143 113 0 109 118 111 145 134 127 124 126 133 126 102 0 0 114 112 122 121 130 143 0 118 0 0 117 127 112 126 126 0 132 0 146 146 131 101 111 0 112 0 101 116 111 149 144 109 119 117 118 0 108 101 122 0 144 114 0 134 109 0 122 0 101 0 0 0 149 103 129 134 123 0 0 0 126 114 0 145 0 142 137 0 134 104 123 130 0 111 124 129 111 105 121 117 107 0 108 105 113 149 133 120 142 136 138 126 0 139 0 111 147 0 147 0 0 145 136 124 0 118 123 104 117 136 102 0 106 0 120 147 0 109 129 129 107 149 0 108 132 107 111 113 0 122 128 102 0 0 0 0 112 0 138 0 147 112 144 123 108 120 103 142 148 100 0 129 128 0 109 103 0 0 113 142 0 0 119 0 138 0 0 128 123 104 0 103 141 149 0 108 130 121 111 0 125 113 0 147 106 137 0 143 125 123 114 146 143 125 131 118 0 112 118 131 103 0 127 140 0 0 0 140 129 110 107 123 122 104 144 104 136 106 117 109 125 138 0 101 0 113
0 114 107 0 141 134 144 132 113 101 124 105 121 125 119 148 120 112 109 0 109 0 107 0 0 149 121 135 117 0 0 0 0 106 138 136 140 114 115 118 149 142 0 0 120 117 124 106 107 107 123 130 0 0 136 145 145 134 147 112 121 117 0 139 133 0 136 146 149 119 117 139 101 148 0 145 113 0 0 104 109 119 108 139 101 116 142 142 0 116 134 0 103 113 0 114 114 0 104 117 124 0 124 102 0 147 106 0 136 140 112 138 143 137 137 100 123 127 130 0 0 120 118 140 100 119 137 149 0 138 133 141 142 0 138 117 123 104 145 112 118 148 0 0 100 143 104 125 101 112 147 149 0 109 0 149 0 131 142 148 0 145 0 100 140 135 103 0 143 0 126 130 100 0 0 112 0 0 105 0 115 136 0 107 128 112 136 128 142 0 125 134 112 123 0 105 122 0 143 0 146 105 132 120 118 0 135 137 127 134 0 125 118 132 124 141 124 109 134 117 133 0 138 105 112 136 0 130 135 0 139 107 0 0 137 128 132 130 133 142 126 133 117 0 144 0 0 118 142 139 114 110 0 125 110 134 135 132 131 0 122 0 146 106 149 125 133 135 0 0 121 135 119 147 129 0 0 145 0 0 121 126 135 110 141 0 124 0 0 119 0 0 0 0 0 118 0 117 149 118 142 101 100 126 0 141 124 132 125 120 127 0 130 0 0 127 110 145 113 108 105 0 0 102 0 0 137 146 127 145 0 142 114 127 139 133 0 129 111 123 0 110 114 0 124 100 129 109 137 131 119 116 0 0 0 116 0 140 0 115 118 111 140 0 109 123 0 0 134 0 142 126 136 147 133 0 0 101 130 142 123 113 0 0 126 120 0 102 123 127 106 122 129 143 138 143 144 148 0 0 147 0 124 129 139 139 146 139 121 107 142 133 126 140 140 135 130 0 104 102 144 136 123 141 117 113 103 149 144 116 111 111 146 102 112 127 148 0 110 0 114 0 119 102 0 131 112 119 114 132 141 143 131 0 143 144 0 0 124 0 121 0 145 142 124 134 108 149 147
0 106 101 120 0 0 0 107 141 132 0 107 101 114 0 136 0 102 0 109 105 110 122 124 0 0 106 124 0 117 141 0 134 0 109 122 121 104 104 0 133 0 133 141 0 100 105 0 108 0 124 129 129 148 138 121 114 139 129 0 134 125 138 127 110 123 0 132 122 0 0 0 107 0 0 0 132 132 121 0 108 104 0 136 0 124 106 111 124 0 100 103 141 133 112 0 115 118 0 0 138 137 0 102 133 0 136 112 0 0 133 101 109 106 117 139 148 141 0 100 0 148 103 147 102 128 113 107 0 107 0 0 119 125 144 125 146 128 110 136 103 132 101 104 141 142 149 147 120 123 0 0 145 145 0 147 0 144 131 119 142 136 127 147 0 148 105 120 120 147 0 121 134 143 132 0 0 0 0 0 104 149 0 112 122 0 106 0 110 122 102 114 0 137 135 117 100 124 130 0 139 112 117 117 100 138 0 0 126 144 103 0 116 138 121 0 142 113 149 102 129 127 105 0 121 149 115 138 0 0 135 0 133 119 116 103 111 144 137 132 0 131 102 124 146 0 0 139 120 127 137 112 122 143 115 107 0 134 109 116 0 0 130 141 113 113 0 0 120 141 130 100 121 115 0 126 140 114 0 128 0 113 105 113 114 129 149 134 141 131 144 0 108 137 136 125 137 116 149 135 0 110 0 0 106 116 141 0 148 137 107 115 149 0 141 147 129 113 120 129 128 101 114 110 122 144 105 143 103 147 107 108 130 133 130 0 147 117 149 0 0 114 140 100 129 123 147 0 144 101 141 110 0 108 116 0 0 105 125 143 129 118 132 129 0 133 0 0 0 0 133 134 118 142 122 129 114 138 113 127 145 119 127 100 143 0 127 0 0 141 103 0 0 126 103 0 0 128 149 0 0 134 0 148 139 144 126 128 135 113 104 142 0 125 102 0 125 103 144 145 128 127 116 105 120 128 131 139 105 0 144 119 141 0 120 118 143 0 111 126 110 123 0 121 118 116 0 124 132 0 0 122 116 122 123 0 135 119 111 127 145 0 103 146 127 107 112 0
0 113 0 107 117 117 126 127 136 0 0 134 110 123 114 0 104 125 132 120 101 0 128 144 127 131 123 142 142 113 104 144 111 106 0 145 0 135 142 115 110 0 137 114 0 123 149 125 0 0 143 133 137 143 0 133 108 127 135 117 147 136 0 129 145 145 122 140 0 128 0 0 0 102 124 117 0 0 126 104 122 108 0 0 0 145 134 0 117 147 0 103 127 115 0 100 0 119 0 116 0 138 0 149 103 104 142 116 0 117 111 0 141 146 113 122 0 0 103 117 0 145 147 0 117 128 104 146 112 128 0 123 0 0 125 0 0 149 114 0 101 100 0 122 115 141 131 129 0 135 126 0 148 0 101 138 149 126 148 115 111 101 111 144 114 117 106 0 114 112 0 129 112 136 123 0 128 116 114 0 0 146 113 136 0 130 101 0 143 0 111 0 0 120 142 124 139 125 116 117 120 135 0 121 131 0 0 145 0 144 102 107 127 110 142 145 123 108 125 142 126 0 0 0 120 130 117 0 118 0 0 102 149 118 0 137 0 131 109 137 133 107 135 0 149 100 123 0 0 124 123 0 0 137 123 146 115 144 115 136 137 140 107 136 146 129 0 102 128 105 0 100 0 148 0 0 0 126 117 129 134 126 0 137 140 117 124 105 129 0 112 114 119 126 0 100 114 146 0 113 126 129 0 0 116 101 133 118 0 109 0 104 109 132 0 0 0 102 0 0 123 126 0 107 0 101 0 0 0 142 134 143 103 143 143 143 0 131 0 0 138 106 0 100 127 134 111 100 137 0 120 132 128 125 0 111 121 135 146 0 121 111 0 140 113 0 139 142 0 115 111 0 137 129 115 128 0 113 0 100 105 116 109 100 0 104 124 0 0 144 147 124 0 0 0 0 135 113 102 0 123 132 100 101 114 149 0 0 0 116 108 149 120 102 148 113 147 0 148 0 127 124 107 106 147 125 115 0 104 148 108 0 0 125 116 138 132 0 135 132 116 123 0 111 112 0 122 102 120 0 0 145 128 126 0 0 145 121 0 122 134 113 122 118 131 104 137
0 0 147 109 134 102 107 138 118 125 145 0 143 110 112 106 0 125 0 0 102 0 114 113 0 0 134 140 137 130 117 0 110 106 128 145 142 109 116 0 145 0 0 120 105 142 122 130 0 125 147 0 124 121 0 127 149 126 126 101 118 105 131 137 0 103 130 105 128 102 144 134 0 0 103 112 130 105 0 0 124 140 107 145 123 102 0 0 0 115 133 0 143 104 100 146 145 137 0 0 114 130 120 140 148 0 120 0 103 119 131 127 115 141 0 121 0 136 112 142 139 111 135 0 132 144 141 112 117 0 101 104 0 121 0 107 0 104 122 125 0 140 135 0 123 125 137 115 0 126 0 128 104 0 0 107 127 0 0 143 0 0 103 128 130 126 0 112 126 121 120 105 120 0 100 123 0 123 0 142 133 142 127 126 113 0 131 131 0 138 142 128 107 137 143 0 131 125 0 0 0 105 104 133 116 125 115 146 112 141 108 145 114 122 130 112 101 103 107 127 123 127 107 147 131 101 0 116 129 102 116 109 111 0 105 129 0 111 144 135 126 108 137 0 100 115 117 107 114 130 101 149 109 134 138 149 115 100 0 137 0 0 0 149 133 0 0 129 110 121 148 130 139 0 0 112 115 128 0 110 120 141 119 0 125 142 110 0 116 136 133 128 116 148 124 128 120 138 0 139 135 0 147 113 143 131 146 140 0 140 0 126 130 125 147 113 127 135 104 100 145 143 0 131 127 0 121 0 137 133 0 121 123 148 0 108 137 112 107 123 133 119 133 0 133 109 117 142 107 135 0 145 0 0 110 103 100 0 100 0 129 130 129 0 109 137 143 0 148 100 124 128 0 110 124 121 137 117 111 101 136 0 116 0 110 147 143 140 126 149 123 137 0 140 149 134 0 129 0 138 0 137 147 138 119 113 124 0 0 103 115 108 134 124 100 118 117 0 145 116 0 100 117 104 114 116 149 0 121 144 138 111 0 135 144 0 138 120 134 137 145 125 110 0 142 106 125 0 0 125 119 116 142 134 0 0 107 0 126 0 112 146 113 142 122 0
0 0 112 119 131 0 122 106 123 136 149 0 0 116 0 112 146 144 119 127 0 117 112 127 141 0 101 131 0 0 140 0 0 0 123 147 134 103 108 144 140 116 130 138 114 0 107 111 126 0 133 131 145 117 0 112 129 0 123 0 110 123 114 138 131 0 101 112 136 0 148 0 115 133 119 0 102 118 112 112 103 122 0 144 138 0 144 147 126 0 142 0 120 118 124 119 129 0 149 0 132 111 125 0 119 111 122 105 137 0 104 147 0 0 148 105 112 121 108 0 141 101 136 139 119 143 0 146 101 0 0 147 147 135 0 117 103 148 102 140 127 113 134 139 143 149 129 104 116 145 114 125 115 0 142 0 0 0 145 105 144 133 0 102 104 0 143 137 0 129 143 121 0 0 111 0 120 139 106 118 109 141 0 128 133 149 122 148 112 100 138 103 0 105 145 149 146 107 131 0 132 124 132 113 0 141 109 126 146 0 0 109 123 102 125 103 126 127 129 105 147 0 139 0 0 0 0 114 120 0 108 104 115 138 143 142 131 0 0 147 139 131 149 129 0 0 0 147 108 0 115 125 135 133 102 0 0 121 0 136 0 143 0 118 147 0 114 104 146 136 123 119 140 125 0 122 102 109 104 137 141 115 141 145 0 127 135 149 149 142 120 0 144 104 129 0 138 121 125 101 121 134 112 133 146 0 121 0 117 111 136 148 138 0 0 100 146 126 148 114 134 112 125 121 126 102 149 133 0 0 138 130 149 0 0 140 111 107 130 101 118 101 0 142 149 109 137 148 0 116 111 124 133 121 122 123 143 149 115 135 142 126 143 105 141 123 147 141 0 102 122 106 135 141 0 0 130 145 125 131 0 134 119 0 0 116 110 0 108 101 106 139 129 145 136 107 0 100 118 141 0 123 128 0 118 114 108 0 107 118 0 115 0 0 108 0 124 137 128 118 107 139 116 117 124 107 0 0 127 0 137 118 146 147 117 128 108 147 123 106 122 110 108 102 142 149 105 122 121 128 116 116 105 136 126 0 143 126 111 107 0 100 115 0 104
0 0 115 131 120 149 124 0 123 123 0 0 139 0 0 124 120 124 143 120 0 109 0 0 0 138 0 109 0 103 124 119 113 117 122 116 121 133 0 0 111 131 109 100 102 0 112 0 113 134 0 0 115 113 107 147 0 101 0 131 0 125 116 114 122 135 130 130 128 127 113 106 135 138 0 139 107 0 0 120 143 0 103 106 127 133 103 127 126 0 0 0 0 137 102 106 109 0 118 0 148 102 126 0 121 115 147 103 0 104 100 133 104 104 148 102 106 116 106 104 106 0 0 125 125 111 0 0 132 149 127 129 137 103 129 0 143 0 0 132 133 114 106 104 0 103 0 102 0 121 0 144 0 0 107 129 129 117 115 0 109 138 0 0 145 106 139 110 135 102 139 110 139 115 132 0 0 0 124 126 114 106 100 118 0 0 0 134 123 137 0 118 0 132 118 113 0 0 103 143 0 112 0 107 131 147 111 118 126 117 0 0 0 115 100 115 128 0 0 145 107 133 117 134 0 125 105 100 120 138 149 0 0 0 0 146 0 145 118 126 0 141 127 120 108 108 116 0 113 105 104 146 128 144 136 101 0 138 122 111 144 105 128 144 147 0 131 133 146 0 113 118 101 137 143 133 123 142 136 146 130 128 116 117 0 112 112 128 139 144 129 0 123 134 131 124 122 0 136 118 127 0 140 142 142 103 0 132 140 130 0 113 102 113 137 103 137 124 0 0 0 100 132 100 0 129 0 0 139 0 138 0 122 118 0 140 130 101 0 115 129 0 104 0 124 141 121 0 101 125 106 0 113 111 104 143 130 106 137 134 0 0 149 136 109 126 140 0 107 138 148 0 104 101 126 0 0 101 119 108 0 113 0 140 135 0 109 0 0 128 116 120 149 113 146 113 0 125 137 0 141 107 0 115 0 138 0 115 112 100 118 109 115 116 148 0 108 101 0 117 138 0 142 132 127 130 104 143 131 100 137 106 0 114 132 0 0 113 120 115 101 120 135 124 106 106 113 140 0 0 116 137 0 127 103 120 102 115 143 0 123 121 0 134
0 117 136 142 0 135 123 137 149 104 104 149 119 114 0 104 0 118 104 0 131 135 114 146 104 147 141 136 0 129 130 100 0 112 103 132 102 106 112 147 0 100 143 124 119 131 139 140 114 149 104 105 0 143 126 0 127 105 0 0 134 110 104 149 123 133 124 0 137 139 117 0 114 0 0 0 140 133 115 127 109 146 0 102 0 103 105 101 109 148 0 0 0 106 0 111 116 130 111 0 105 129 0 126 135 122 0 137 0 124 100 116 110 101 115 117 142 0 109 0 0 132 123 116 112 116 0 145 134 118 105 0 141 117 0 130 0 106 0 132 104 0 144 107 103 111 143 103 0 0 0 0 116 141 106 100 106 140 0 134 110 105 111 0 124 102 0 109 0 111 136 120 0 137 0 112 122 144 0 134 104 130 0 114 100 101 134 0 113 109 148 138 0 146 106 122 126 103 144 0 0 0 0 110 0 148 128 137 142 125 149 130 147 143 0 142 124 0 125 108 125 0 0 0 0 101 128 0 143 0 139 125 138 110 0 113 0 110 132 100 0 129 120 0 143 148 137 140 147 100 0 143 115 104 126 0 118 136 123 108 120 113 116 0 111 111 0 143 116 148 147 120 121 132 128 120 0 137 109 118 113 139 0 117 0 0 0 119 135 144 126 134 145 146 0 0 126 0 145 136 124 125 0 111 112 110 0 0 122 0 0 110 120 138 128 121 0 106 0 129 114 0 0 0 138 134 0 109 117 127 110 0 128 0 130 128 109 0 128 0 0 101 132 102 0 118 143 0 136 0 121 0 125 0 0 118 132 126 117 0 120 119 115 0 0 129 0 132 0 124 113 110 0 0 0 112 109 138 142 0 125 117 107 119 119 111 0 110 118 114 101 0 102 127 127 137 0 103 128 125 121 0 115 0 138 0 141 102 126 116 0 113 138 124 108 134 133 140 0 103 126 147 115 124 124 108 134 103 0 147 122 110 0 110 119 0 134 139 0 0 106 112 0 127 106 126 106 136 138 0 0 105 141 148 113 120 139 0 142 101 144 111 118
0 142 100 129 149 125 0 143 113 116 142 0 127 115 0 148 145 0 143 124 110 106 127 0 114 136 0 126 146 0 0 129 111 0 0 135 110 147 104 0 0 134 149 132 103 0 122 114 111 114 122 141 107 108 143 118 147 128 113 0 135 148 135 117 0 144 149 111 145 120 0 140 0 108 142 100 113 0 137 144 0 0 143 139 144 121 143 105 0 100 0 101 146 149 104 110 127 131 129 117 141 107 115 139 127 113 127 138 0 101 0 140 125 0 112 100 0 111 147 107 140 139 147 108 114 0 124 101 102 137 123 128 137 104 122 120 148 0 111 0 126 136 135 116 121 120 125 139 0 0 130 0 0 112 142 147 127 122 104 0 138 0 149 147 0 0 119 0 110 131 133 0 119 0 0 141 144 144 0 107 103 132 0 0 117 143 0 125 139 107 118 0 103 113 145 146 113 117 143 145 106 0 110 102 136 126 136 148 105 141 119 101 122 105 0 131 105 145 118 138 135 0 0 111 129 135 131 0 125 0 123 0 138 106 0 0 0 130 148 135 0 0 116 122 136 133 118 102 148 138 145 131 0 149 142 138 115 124 149 135 0 0 144 0 128 101 138 135 140 127 101 129 133 115 111 145 105 0 0 141 106 126 106 100 115 0 124 0 134 0 128 126 144 0 0 0 123 106 131 0 122 130 104 133 147 112 0 113 142 0 0 104 104 0 0 104 0 140 0 110 138 100 143 0 134 101 0 0 106 119 0 113 102 0 141 137 0 103 139 116 145 126 0 135 121 145 141 119 117 0 103 0 0 102 146 148 129 111 103 122 146 0 133 0 0 111 125 145 0 0 117 120 147 0 0 0 0 126 138 102 0 110 0 118 119 0 123 0 121 103 114 0 141 124 142 147 117 125 101 0 103 115 145 119 146 121 0 116 135 120 0 115 107 0 145 145 132 122 131 135 143 103 126 140 118 139 106 127 113 133 106 127 126 0 123 140 144 113 149 0 0 148 0 114 123 120 112 0 138 124 112 122 140 119 110 129 105 137 0 137 0 0
0 121 146 134 106 138 139 115 0 103 100 138 126 109 109 125 0 134 117 0 123 113 0 114 101 0 140 0 0 120 109 118 139 129 0 117 112 134 0 142 130 134 148 0 109 104 147 126 140 144 124 109 0 0 0 119 134 122 124 116 0 120 126 132 143 131 101 121 103 0 133 119 118 146 119 113 0 115 142 111 0 138 0 114 117 0 0 0 129 128 117 100 114 108 0 106 138 123 108 139 100 102 119 139 108 142 144 128 145 142 100 0 131 0 101 0 103 118 115 136 143 0 124 145 0 149 109 104 113 0 0 115 135 138 125 0 0 126 102 112 0 138 0 102 129 0 102 110 105 0 0 121 143 147 0 100 138 136 133 120 149 133 133 0 104 108 0 144 115 135 132 144 149 126 124 130 0 0 0 113 115 123 145 125 133 141 0 0 118 117 125 124 128 114 148 101 117 104 107 124 0 142 0 0 143 143 0 124 0 125 0 104 114 0 0 130 105 0 0 0 103 0 0 114 127 103 0 109 0 0 127 108 0 122 0 125 120 106 135 144 123 121 0 104 139 103 126 121 110 123 117 124 0 140 105 131 129 0 122 0 113 111 101 133 123 104 105 108 124 106 0 105 120 133 124 127 146 0 0 109 104 122 132 143 139 0 0 111 142 0 126 0 112 0 0 120 113 138 123 124 126 117 129 0 0 0 0 0 143 129 106 135 106 0 140 131 137 0 115 0 122 0 0 131 0 147 0 107 131 142 139 139 117 0 112 144 0 113 0 100 112 131 129 126 0 141 109 146 136 128 0 120 0 115 122 114 135 147 101 119 0 104 145 0 147 109 139 137 0 0 142 0 100 118 101 112 136 138 125 0 0 113 134 0 0 137 140 148 130 103 0 122 103 107 148 126 121 0 114 125 105 0 103 0 140 0 141 0 140 146 118 0 140 103 129 148 0 122 0 139 103 106 104 147 0 127 139 0 0 105 106 144 0 122 0 102 148 128 0 121 0 130 140 117 0 137 0 115 0 149 0 129 134 101 142 125 140 126 114 101 129
0 149 0 131 0 134 130 140 127 121 102 0 130 146 106 131 125 127 133 127 107 0 0 125 0 108 111 139 100 0 0 0 129 136 115 145 119 112 0 146 140 132 134 0 109 128 128 118 0 100 107 104 0 115 0 111 124 100 141 122 0 129 138 125 0 0 148 129 144 138 0 0 134 148 101 149 113 141 137 0 0 0 115 101 121 123 0 127 115 0 102 142 0 0 0 140 117 112 111 122 107 132 109 129 142 0 122 115 108 0 0 125 0 140 138 0 122 134 130 146 117 111 130 121 0 135 105 143 140 121 130 108 112 115 114 0 121 130 122 0 139 108 139 104 104 145 136 142 135 0 120 117 123 120 123 134 111 103 0 104 133 103 126 144 113 122 0 107 0 0 146 108 112 125 124 0 141 134 102 123 124 148 105 118 124 0 0 122 120 135 0 112 120 0 103 122 133 134 119 0 0 111 111 122 0 0 0 0 105 148 111 0 133 144 132 126 101 145 130 105 0 0 120 123 136 142 106 0 0 143 136 137 145 104 125 128 0 148 100 102 129 0 140 147 106 128 0 0 120 0 116 100 103 137 0 136 100 137 0 105 105 0 117 0 115 129 125 121 111 138 130 112 136 128 122 0 141 0 128 147 139 100 138 146 112 0 120 122 0 108 0 139 0 142 144 111 103 133 121 137 0 0 148 0 0 140 0 0 114 0 0 138 148 107 106 123 0 131 141 136 145 115 124 133 107 0 128 132 149 101 117 0 148 131 143 110 0 0 110 137 135 137 0 123 103 0 140 112 0 103 141 107 148 132 121 123 124 101 0 123 0 137 102 128 147 104 126 125 109 0 131 112 126 123 107 106 106 139 104 0 0 125 0 114 115 149 111 0 0 114 0 102 0 0 123 112 116 114 0 114 133 115 100 0 102 0 121 102 129 0 0 123 149 0 123 137 134 109 124 102 137 0 127 133 108 0 145 133 0 119 100 121 0 0 100 0 112 119 138 142 133 123 149 125 141 142 0 126 0 139 149 0 129 124 139 123 0 106 0 146
0 107 146 0 138 0 104 143 103 103 0 126 0 0 0 127 122 117 120 128 0 0 100 0 0 141 0 131 136 104 133 141 148 108 148 141 104 101 119 119 139 126 130 0 142 112 144 0 136 0 0 106 132 124 0 116 113 0 140 147 138 112 122 124 131 130 107 107 148 122 111 122 104 116 0 101 116 119 101 128 118 117 149 116 124 0 0 118 108 107 0 0 144 101 117 112 116 145 0 0 147 0 0 104 135 100 0 130 111 126 123 0 123 100 0 144 0 110 124 0 0 139 125 106 131 106 0 134 134 127 122 109 114 108 101 142 131 133 127 0 129 149 126 137 100 147 130 0 0 112 118 104 136 114 146 123 148 0 146 100 118 107 106 128 137 143 0 130 0 0 120 118 101 106 126 0 143 113 132 0 119 106 145 127 0 148 112 125 134 125 138 149 114 146 0 137 103 102 112 128 144 109 0 100 105 135 103 121 104 132 0 145 143 0 0 105 121 148 110 0 0 135 0 136 0 107 0 120 135 142 0 130 100 138 122 131 105 110 128 100 115 149 142 126 0 110 115 0 0 0 108 0 120 101 146 108 130 140 0 119 118 114 147 130 101 0 126 113 134 136 135 131 112 119 103 107 104 143 116 0 121 129 131 136 147 149 114 0 0 140 109 0 0 0 0 149 0 118 0 110 0 0 120 126 0 101 102 144 126 136 133 0 131 118 112 0 110 141 138 128 148 109 0 0 133 113 0 0 123 130 139 110 147 103 130 112 129 112 100 105 0 0 149 100 139 147 0 0 0 149 120 148 0 127 146 110 0 125 124 107 0 128 113 117 144 140 0 144 0 129 0 125 123 105 131 121 0 127 134 104 110 148 107 0 133 149 136 146 124 117 123 136 136 133 103 124 114 125 149 115 136 138 101 135 114 131 125 0 0 0 127 148 0 149 0 125 0 119 134 139 136 0 0 135 0 0 128 119 0 100 149 116 122 138 134 0 108 105 0 119 0 104 121 0 0 137 104 100 146 0 104 128 108 0 111 122 0 106 108
0 0 114 147 135 124 140 114 138 129 134 103 0 130 120 135 102 122 135 132 108 108 0 0 122 106 144 111 103 107 129 142 124 133 120 122 0 0 0 108 103 0 146 100 109 0 134 117 0 149 104 127 143 118 143 115 0 144 105 143 139 0 130 125 122 125 126 133 116 115 0 0 147 0 130 107 0 0 140 114 139 102 117 139 118 148 135 107 103 0 110 118 142 124 139 0 144 0 0 0 138 141 105 0 147 119 106 126 126 100 0 105 104 145 0 146 145 130 146 113 144 139 135 108 142 0 108 112 115 140 142 148 118 101 115 146 0 0 128 116 0 140 140 108 108 111 106 0 0 0 125 118 0 129 108 118 0 104 133 128 115 0 121 138 110 111 0 147 0 137 0 129 125 119 102 107 114 145 107 0 0 149 122 0 118 106 111 110 120 0 127 137 0 100 128 149 106 0 139 102 0 114 0 128 0 112 148 110 123 0 0 139 121 131 125 0 147 131 0 124 0 109 101 0 134 131 109 140 125 105 148 136 142 0 115 138 109 146 100 0 117 108 0 110 0 107 100 0 126 0 110 125 0 148 133 116 129 108 106 131 135 149 149 0 0 102 0 126 0 130 143 140 0 113 149 0 110 106 123 143 109 116 102 100 130 135 138 112 112 114 136 118 118 119 128 128 110 104 134 118 145 101 114 111 139 119 143 113 145 133 110 0 105 149 140 120 105 0 140 124 145 0 144 138 0 146 114 0 107 123 132 133 119 142 0 0 0 120 0 137 131 0 120 0 132 137 103 141 132 0 118 129 116 116 105 0 114 0 104 113 113 107 130 146 108 129 134 113 149 145 128 126 146 137 0 0 0 142 0 0 125 110 129 133 102 102 0 146 0 122 114 0 130 126 108 120 117 0 0 101 132 0 104 113 0 141 0 112 125 137 107 112 0 139 110 104 100 103 129 0 117 124 139 110 138 133 114 119 104 130 120 146 143 106 130 141 121 0 112 134 144 109 100 111 113 110 106 126 0 123 126 132 108 142 122 134 0 106
0 0 0 0 132 111 0 140 132 0 122 114 0 0 139 138 145 104 0 102 129 130 0 134 100 0 131 140 108 122 148 135 0 106 143 126 0 113 124 135 0 117 0 105 137 0 119 120 0 103 103 109 102 114 136 0 101 0 134 105 118 0 0 125 0 128 118 119 0 117 139 118 148 137 108 0 114 0 135 120 0 132 131 128 0 0 0 129 140 106 141 147 114 100 129 100 125 135 138 127 145 133 122 140 146 148 127 0 143 0 130 139 137 118 105 142 0 130 125 144 0 100 148 113 113 0 118 0 107 0 0 124 129 119 104 144 138 114 0 115 0 110 138 113 109 112 143 0 137 113 0 131 144 134 143 139 116 124 0 148 131 0 116 134 109 0 146 0 131 146 0 102 113 128 0 138 0 119 133 117 141 0 125 128 0 101 133 107 120 141 147 113 137 145 131 137 0 125 0 0 0 141 0 117 106 127 132 0 0 145 0 141 127 0 129 0 104 0 117 0 0 125 117 101 149 135 104 135 0 107 147 138 0 142 0 141 123 109 136 0 134 103 0 0 125 0 0 148 149 127 123 0 108 129 145 101 0 0 0 131 104 125 118 141 118 148 0 136 119 117 103 140 114 148 0 115 146 133 0 142 134 0 138 135 0 110 0 0 117 0 107 0 123 110 0 0 121 0 133 104 140 112 149 107 109 108 0 143 0 117 0 143 130 122 106 0 131 112 100 142 139 127 107 116 141 0 131 0 140 0 137 131 133 128 115 0 119 0 116 119 143 123 0 133 113 0 121 0 106 0 139 123 109 142 134 138 135 104 131 129 112 125 114 118 147 0 124 103 144 0 102 115 118 109 104 121 0 102 113 128 104 105 0 108 132 0 115 0 142 128 0 0 127 137 123 148 119 139 135 0 147 117 138 0 148 127 0 120 0 0 111 143 131 130 0 149 114 142 119 0 141 113 146 110 125 0 0 145 125 0 111 143 101 0 133 125 125 0 143 145 0 0 146 109 114 112 0 0 0 143 117 141 135 142 120 116 126
0 0 105 135 0 118 0 102 141 112 0 137 0 123 111 112 0 148 112 118 143 0 0 141 134 128 0 108 130 103 0 145 114 139 119 0 115 104 124 143 110 109 105 133 132 145 142 0 0 0 148 0 114 0 133 148 141 0 120 118 137 130 118 0 143 118 138 143 0 102 0 122 130 149 0 105 117 108 109 108 148 115 0 121 117 101 103 137 113 0 127 0 147 109 123 123 0 114 149 109 0 132 127 118 0 124 128 0 143 122 139 116 142 121 0 112 128 0 0 0 132 138 0 148 118 0 107 142 0 101 0 107 0 139 0 118 132 100 113 0 148 119 122 104 128 128 120 129 100 100 0 119 0 103 142 0 136 0 0 148 131 130 124 144 0 110 132 126 129 139 120 145 113 101 110 121 148 138 124 119 148 107 102 116 122 121 101 116 114 0 136 112 141 148 107 135 105 100 148 100 0 112 100 0 143 0 144 148 131 138 140 112 0 0 125 116 0 135 149 0 149 0 0 0 137 108 108 107 0 0 122 128 100 123 134 120 135 135 118 110 118 0 106 119 0 149 0 101 0 122 123 113 100 0 145 113 119 136 126 108 0 0 0 119 148 114 0 113 128 0 121 0 144 144 100 0 130 113 110 134 120 123 114 120 138 146 0 130 0 143 132 0 112 0 121 0 111 116 120 139 136 119 136 143 142 111 145 126 0 0 139 0 138 119 0 118 116 144 113 140 0 115 0 115 0 139 0 149 144 115 147 108 114 0 100 0 122 132 134 0 120 145 143 143 148 135 119 0 139 122 0 0 111 0 133 145 143 116 0 107 126 105 112 0 0 0 134 105 0 147 130 114 0 109 125 107 119 102 128 124 117 130 104 0 116 146 0 0 106 0 0 0 0 0 0 137 106 120 141 104 139 117 106 145 0 140 109 112 109 0 112 101 146 146 112 131 129 100 110 140 106 0 0 122 135 133 145 122 140 108 0 125 134 103 107 112 0 138 114 118 107 126 133 128 143 0 0 0 136 0 121 0 120 135 144 102
0 118 111 0 108 102 0 126 115 109 130 103 102 0 144 139 146 0 113 0 104 133 109 119 123 127 114 108 111 106 104 127 109 103 0 118 0 124 129 115 136 0 0 0 0 102 130 0 0 131 127 138 100 109 110 146 114 122 118 115 135 123 148 146 149 0 0 0 129 0 0 147 143 0 130 114 148 137 0 102 104 108 131 124 0 101 123 118 130 126 0 135 0 0 0 124 0 0 134 104 0 134 117 147 118 127 0 0 0 102 129 0 122 130 135 136 135 0 133 146 0 0 110 0 132 0 120 139 135 101 106 127 125 129 138 0 0 104 110 0 0 100 128 112 102 135 133 114 136 102 139 0 107 104 115 0 148 0 116 0 124 0 126 140 142 113 122 128 110 0 126 137 131 119 104 142 119 112 137 101 101 127 130 148 115 128 0 136 132 147 107 148 116 132 0 123 131 112 149 147 0 105 0 133 140 118 138 102 144 0 133 106 0 144 148 0 140 134 130 122 111 121 141 124 0 100 0 145 138 110 0 0 0 0 0 114 147 120 0 129 143 135 134 0 120 0 108 147 127 103 144 0 104 0 118 142 100 123 143 102 126 106 139 131 142 131 148 116 116 119 129 105 122 0 139 108 102 129 101 136 135 145 103 134 149 142 100 136 142 0 137 109 127 0 124 112 148 127 142 108 0 107 142 101 0 131 100 148 140 147 101 118 0 136 0 125 146 110 0 144 0 105 106 116 127 131 140 0 135 139 0 144 140 124 139 119 0 118 100 118 0 121 0 114 133 117 103 0 136 0 100 122 139 125 0 101 135 134 113 113 101 141 107 118 0 0 0 135 0 133 112 118 102 109 0 146 137 114 119 0 115 137 108 107 0 120 0 118 0 0 116 134 137 108 132 106 149 148 137 111 101 0 118 132 117 0 107 0 132 131 0 138 138 133 110 0 0 106 108 125 142 100 115 128 124 102 0 0 107 0 101 131 0 0 100 0 115 106 124 135 111 118 0 0 136 0 100 148 0 133 102 112 147 144 110
0 111 103 140 140 126 0 146 107 100 129 116 112 138 122 137 112 112 137 128 127 0 117 118 145 0 118 145 146 138 100 0 142 147 0 122 101 113 130 128 0 119 0 0 119 139 112 130 141 0 139 126 0 122 133 109 141 0 141 0 105 112 119 113 0 128 110 147 0 0 135 144 118 102 0 0 124 0 123 108 121 148 119 0 117 142 137 137 138 139 143 147 137 103 126 141 117 104 0 115 100 107 139 131 120 125 0 112 138 149 0 134 0 125 110 146 0 101 0 124 129 0 0 112 128 125 147 143 125 0 0 0 132 123 109 0 0 132 124 117 140 0 0 0 127 140 113 0 117 128 123 0 0 0 0 118 112 107 137 148 104 135 137 0 126 146 0 137 148 0 105 108 0 122 138 133 0 0 138 125 133 105 136 0 136 139 133 104 0 0 111 114 117 0 132 146 138 0 126 136 112 0 137 105 0 137 142 0 131 0 111 115 0 108 0 113 134 112 119 148 0 130 0 134 126 112 0 0 149 149 111 0 119 0 0 109 0 138 144 117 131 149 137 137 149 123 0 127 137 0 115 135 0 119 126 134 0 140 107 146 128 141 106 108 0 145 131 0 139 138 126 0 0 131 106 142 0 117 125 0 0 145 0 119 123 122 100 0 135 111 107 0 128 139 0 144 143 102 0 0 114 117 0 108 135 127 0 122 0 136 130 0 134 0 149 148 0 0 102 106 120 104 124 0 122 0 128 143 116 0 130 112 0 120 122 0 113 147 101 130 117 114 129 0 126 147 0 0 131 114 128 124 147 143 0 100 0 135 110 116 122 141 100 118 0 117 143 136 133 0 0 0 149 136 124 128 0 0 136 104 144 147 110 127 105 0 0 138 144 0 141 0 0 109 0 0 142 136 132 127 115 147 146 0 140 137 0 105 0 117 0 117 102 105 0 146 101 0 0 115 105 113 147 0 0 124 128 126 0 149 135 145 122 142 112 114 108 129 136 140 120 149 0 120 0 138 135 0 105 107 132 131 146 0
0 107 137 133 137 113 133 131 120 0 105 138 135 0 0 0 115 0 147 130 103 111 123 120 132 0 133 128 137 119 104 0 127 120 0 113 143 0 0 128 114 147 137 104 0 0 0 112 122 112 0 119 107 118 117 111 100 106 110 0 134 113 110 104 103 124 137 0 120 137 141 117 103 0 121 0 135 142 118 135 110 124 101 143 113 108 129 106 111 144 129 106 0 0 0 0 0 133 0 0 120 0 143 117 112 100 115 0 101 117 0 107 147 0 0 107 104 146 135 0 122 121 124 107 107 123 103 112 126 144 145 123 143 0 124 113 146 0 0 132 102 0 133 127 140 142 101 121 127 107 123 130 0 104 116 108 124 102 120 120 134 127 146 0 137 0 0 0 135 0 127 0 146 121 123 0 119 127 134 113 138 126 0 112 111 149 142 145 139 141 0 147 123 121 114 146 127 0 144 0 130 138 0 0 145 0 0 106 110 112 134 0 141 0 0 110 0 0 122 122 0 111 101 0 144 105 120 149 108 110 109 121 0 141 120 0 136 122 129 121 148 111 116 0 0 111 103 104 140 102 139 146 125 138 0 108 132 108 126 136 125 125 0 148 0 0 0 0 148 0 107 106 0 138 0 121 0 0 0 113 0 107 122 114 118 136 147 129 118 102 147 106 148 136 129 101 126 104 0 135 139 131 129 140 100 103 103 102 101 141 145 0 0 0 111 112 0 0 0 0 0 141 0 118 114 126 114 130 149 144 121 102 0 0 0 0 124 146 109 0 106 142 131 117 102 107 148 0 134 104 119 115 0 122 127 128 0 0 0 103 143 125 149 0 0 0 110 129 141 110 146 106 106 0 128 144 117 144 130 0 107 0 102 119 116 121 116 103 121 115 128 126 120 126 135 139 109 0 136 106 149 100 148 136 119 114 111 133 149 127 144 102 0 129 0 126 111 0 0 101 107 136 126 119 102 132 0 0 140 109 0 127 0 136 149 141 0 115 110 129 119 112 127 0 0 148 0 123 105 0 119 130 0
0 116 120 114 117 148 114 133 120 0 0 0 134 103 135 144 110 141 103 148 131 119 144 101 148 135 129 112 123 109 130 101 112 0 149 143 121 0 0 104 133 148 148 0 139 142 134 148 117 123 109 0 138 0 0 118 111 0 101 133 0 0 0 108 114 100 105 0 147 138 107 100 139 101 0 0 0 124 142 0 128 131 0 102 147 0 0 142 103 136 137 114 112 119 0 147 115 149 0 130 101 121 0 143 135 126 0 0 107 147 149 143 145 107 0 0 103 127 123 135 124 104 130 149 119 0 130 107 119 124 0 102 0 0 141 133 142 0 105 143 113 146 141 116 131 145 143 125 114 116 0 109 0 134 138 127 134 131 135 0 105 141 136 110 125 0 0 0 0 123 148 0 147 140 141 145 0 140 137 113 103 143 125 105 135 110 132 104 117 0 102 124 123 130 144 0 124 0 0 122 141 109 0 0 122 136 0 103 103 0 0 101 0 116 115 129 0 148 147 132 0 0 100 134 132 0 136 0 111 120 145 0 133 101 0 142 100 115 134 134 120 0 0 112 0 107 144 122 136 104 127 126 128 0 122 124 105 0 139 145 0 139 0 146 124 0 135 100 113 0 119 126 142 115 147 139 0 148 113 107 118 133 0 130 0 114 116 127 122 140 0 126 148 145 101 104 0 0 124 0 119 133 102 111 100 0 105 113 135 0 107 106 0 0 116 144 125 105 110 131 121 144 138 114 142 114 0 143 121 117 121 125 133 0 124 130 139 142 145 115 104 0 124 107 120 0 0 140 0 0 143 105 119 0 0 0 105 110 113 117 123 147 136 113 115 105 121 0 0 135 145 140 108 123 145 0 0 0 147 112 145 116 124 0 125 111 141 0 116 104 134 138 130 127 144 133 0 134 0 119 148 136 136 103 0 130 141 0 115 123 0 149 0 148 0 0 125 135 108 123 0 124 129 118 128 137 146 115 0 111 0 134 102 110 0 100 124 0 125 120 0 111 0 138 118 117 0 131 115 0 146 111
0 0 121 134 111 100 130 0 0 121 114 124 114 132 132 135 145 149 0 0 137 0 0 108 132 146 118 0 148 113 0 0 103 147 142 138 128 0 116 112 116 134 139 142 123 121 145 109 136 133 146 0 0 0 0 117 126 128 134 126 109 131 135 117 115 133 116 126 143 127 123 135 113 0 0 149 126 0 121 142 136 140 138 0 129 143 145 142 136 113 103 102 111 0 107 116 132 0 0 116 0 0 126 0 131 121 136 0 129 0 141 0 0 0 119 0 123 124 128 0 113 0 0 108 123 112 144 0 132 141 0 115 135 132 0 120 0 116 129 143 110 112 124 144 0 0 128 107 116 124 101 0 115 149 0 106 107 0 140 131 138 120 115 106 0 0 112 149 134 0 0 141 130 0 127 118 103 125 0 107 111 141 147 0 122 138 124 0 144 126 0 0 141 140 125 129 100 141 141 148 103 0 116 0 145 138 117 133 142 0 139 0 118 137 0 132 0 103 146 120 105 123 111 139 116 0 0 127 145 137 0 0 149 105 138 113 128 0 0 131 116 119 136 0 0 135 0 110 144 121 0 110 127 119 0 0 129 0 112 0 138 120 100 119 117 123 145 101 149 147 0 0 149 109 104 107 120 104 118 0 0 145 115 0 127 131 0 0 142 134 110 137 126 141 102 122 0 102 142 0 109 140 113 0 119 111 108 124 129 0 117 121 103 143 102 129 114 0 149 108 0 114 136 146 0 102 137 142 127 136 129 100 132 0 140 136 104 0 116 101 105 0 130 0 0 0 129 141 117 143 128 0 130 112 116 0 105 0 117 123 105 138 134 0 116 105 0 128 118 0 0 148 133 138 0 135 0 0 0 101 0 0 115 0 117 113 0 133 109 115 130 134 105 142 131 140 0 143 138 123 105 137 0 0 0 0 105 103 120 121 110 105 101 0 0 148 0 106 100 125 0 143 0 130 0 149 0 0 145 146 133 0 119 120 143 0 124 0 102 127 109 128 0 0 138 0 124 122 0 135 149
0 114 132 123 140 132 0 0 132 111 102 104 135 0 107 148 140 101 116 101 140 149 108 126 0 146 0 122 141 130 145 127 147 111 134 121 0 133 130 0 0 136 124 0 129 113 0 118 128 0 122 115 110 122 116 0 0 0 137 144 101 131 144 104 141 106 129 135 133 115 109 0 102 110 0 141 0 135 0 0 122 144 125 116 148 120 136 142 104 129 137 113 0 142 141 113 103 149 0 111 121 119 0 113 0 140 107 110 0 0 109 0 0 137 143 138 137 144 103 142 127 119 129 122 0 148 0 121 121 0 128 0 146 106 138 127 118 149 135 142 109 109 138 0 0 101 128 0 117 145 125 102 133 107 135 113 0 140 102 0 141 113 121 105 0 124 102 112 0 133 143 0 131 107 108 100 121 0 143 0 137 122 0 115 118 148 129 101 113 140 0 116 147 134 145 110 111 0 0 0 0 130 128 0 119 138 0 120 130 141 0 131 131 119 140 149 146 148 0 129 144 106 124 113 148 0 122 105 0 127 131 0 104 114 139 141 145 130 0 105 109 124 0 124 0 140 147 125 103 0 139 131 127 133 110 0 116 0 124 0 129 134 122 100 105 140 140 115 121 137 138 104 110 147 0 139 123 0 145 144 134 113 141 107 129 0 140 0 0 118 123 128 134 112 0 137 121 0 105 115 0 111 111 127 121 138 0 137 123 132 0 101 0 138 113 0 0 143 0 123 149 133 0 122 144 100 0 135 0 124 114 145 0 100 100 125 0 0 114 116 114 127 121 109 147 106 0 114 0 122 113 0 110 114 110 144 126 122 0 146 100 117 132 131 126 110 102 108 132 128 118 133 106 107 0 0 0 127 102 123 140 104 109 106 101 0 0 127 103 0 141 0 131 110 0 146 102 145 117 130 130 145 129 104 122 120 0 135 122 0 146 107 0 138 140 0 139 146 128 121 103 128 104 146 123 149 130 145 116 0 102 0 134 121 149 0 0 140 0 0 108 126 122 108 137 0 126 129 138 125
0 122 132 105 131 0 135 0 0 0 130 119 124 126 136 112 142 144 120 120 147 120 0 137 115 127 118 114 135 0 117 130 107 115 0 111 145 139 149 141 0 119 0 102 0 120 101 146 122 110 0 116 0 136 0 0 111 100 125 144 107 0 125 132 0 131 113 0 101 118 0 131 133 129 117 0 143 132 125 102 0 140 108 115 102 0 107 147 142 0 117 0 129 138 0 144 0 0 119 149 129 129 0 133 132 125 141 122 145 0 100 101 143 114 129 139 0 0 135 0 0 0 146 0 133 137 0 127 112 149 140 140 121 0 124 0 0 142 104 104 123 134 117 103 142 135 131 146 106 0 0 135 116 131 111 102 131 132 111 142 135 0 116 0 117 100 108 0 0 119 129 0 118 113 133 102 127 116 118 130 139 130 131 141 121 116 144 102 126 133 0 127 0 117 135 0 146 138 0 129 129 126 148 111 120 130 0 0 124 0 122 0 0 129 129 129 120 148 0 125 105 0 101 0 136 103 121 128 107 114 131 0 146 0 129 124 0 0 142 146 123 0 0 148 125 0 121 0 125 0 106 101 101 131 0 121 140 110 123 144 0 116 0 111 0 0 113 135 101 128 140 119 127 148 112 0 0 131 0 138 100 125 148 103 121 0 102 100 114 0 0 118 138 140 140 117 103 112 0 135 118 113 0 0 0 146 148 102 112 105 101 105 114 149 0 0 0 111 139 0 118 132 141 0 139 138 127 101 141 114 121 103 129 103 124 118 143 121 131 0 110 0 0 0 128 116 147 0 136 0 0 131 140 108 104 145 102 148 104 121 116 117 101 136 132 128 109 0 125 132 112 134 0 117 133 134 127 135 117 144 117 148 105 0 0 0 107 0 0 132 0 145 115 0 113 116 106 100 0 105 104 117 141 148 0 0 134 128 118 138 143 109 132 108 126 108 144 137 130 124 123 0 0 0 0 128 105 0 126 136 0 106 141 0 125 0 0 104 0 143 0 105 146 110 138 107 124 108 133
0 118 102 149 0 139 134 0 149 118 134 143 108 103 0 108 125 140 116 110 131 0 111 100 115 149 112 105 106 141 139 125 103 0 0 116 0 107 117 142 0 110 117 123 124 106 115 0 145 142 122 105 116 0 104 103 141 0 129 128 122 128 138 142 118 142 0 123 112 146 0 137 0 128 131 100 101 149 118 141 140 0 0 111 137 0 0 145 123 0 109 148 0 131 0 114 132 118 0 147 0 0 124 102 0 142 138 0 129 0 140 124 115 0 129 0 108 111 138 140 132 102 127 108 139 147 111 146 0 117 114 133 0 122 0 102 113 0 119 115 126 146 112 138 0 133 106 106 115 120 0 101 100 0 102 0 117 148 114 110 0 122 107 0 144 146 0 0 148 114 122 104 127 148 118 126 144 138 101 127 130 133 136 134 101 0 109 116 117 137 0 149 134 135 120 123 117 144 105 116 114 136 113 110 143 101 122 123 0 101 107 117 147 121 102 105 0 112 118 118 0 0 132 107 115 149 129 118 121 0 143 0 121 0 0 143 106 129 124 0 0 119 125 117 127 0 114 124 108 115 0 137 122 125 0 0 129 0 0 113 0 0 138 119 131 144 129 136 107 134 0 139 125 135 106 149 105 0 147 126 148 121 144 0 123 139 114 0 0 130 114 111 116 102 137 129 113 126 104 108 147 0 121 144 0 123 134 133 106 0 137 135 0 100 138 0 109 126 131 0 101 143 138 109 108 0 102 135 0 122 145 125 139 129 103 122 109 147 0 128 114 126 149 139 139 138 133 0 141 122 0 111 108 136 117 147 0 142 136 114 108 0 110 111 104 0 139 117 118 110 129 0 131 0 144 0 0 112 147 115 144 142 125 103 123 110 122 112 116 130 111 127 141 0 130 115 144 122 142 110 145 136 145 0 129 103 103 114 120 0 144 141 147 0 111 122 0 104 0 0 0 139 113 132 134 0 117 122 137 103 0 0 0 145 135 126 118 143 119 125 135 0 113 142 128 138 103 145
0 117 132 0 0 0 138 130 145 119 120 132 0 0 122 140 140 126 112 0 126 114 117 119 134 130 109 128 120 119 127 141 129 124 110 123 104 0 126 0 119 136 117 109 142 145 118 138 132 0 104 124 123 102 117 142 144 135 136 116 0 115 111 132 0 132 147 132 111 125 0 131 0 113 0 138 123 149 140 121 129 136 141 0 111 100 115 105 142 141 121 0 106 126 0 134 0 105 128 112 104 144 101 102 0 122 128 0 149 135 149 127 143 124 106 146 133 104 122 104 135 126 0 110 142 110 100 124 0 126 118 107 108 0 110 112 118 104 0 126 137 0 122 105 0 131 130 131 114 118 145 0 109 113 102 131 139 138 117 135 133 102 137 0 104 110 101 0 105 132 0 142 148 0 147 112 133 139 101 132 131 105 122 0 104 139 109 0 133 126 115 0 114 0 109 111 147 135 149 139 147 109 106 127 120 0 133 0 140 128 0 105 133 0 120 132 111 136 146 112 133 126 104 0 149 0 0 0 0 111 140 126 140 0 103 133 132 140 107 117 135 140 126 103 138 103 134 129 111 143 144 149 0 121 110 134 132 0 105 122 115 0 0 116 105 122 104 103 113 0 130 126 123 140 113 0 0 107 148 138 108 0 148 110 0 137 0 118 140 0 0 113 115 137 116 128 120 109 103 123 102 135 0 0 0 0 139 115 125 120 0 145 121 124 100 124 118 0 127 113 103 118 0 107 111 107 138 0 110 127 146 0 106 142 118 109 103 135 135 126 121 113 0 115 100 0 127 0 129 0 137 0 0 133 0 135 101 0 101 137 143 144 139 109 138 0 129 137 143 135 147 133 0 129 105 0 0 118 105 149 101 126 105 0 145 123 132 0 118 123 134 110 0 0 108 0 133 0 141 114 148 101 122 110 130 0 0 0 111 0 0 139 112 129 134 0 142 124 0 143 126 113 134 0 120 128 123 113 100 129 101 106 0 103 104 105 106 147 0 132 122 0 0 116 133 109 113
0 0 122 116 143 0 124 128 120 122 145 102 142 125 138 0 120 101 114 116 123 121 120 112 143 109 146 121 133 104 134 0 133 104 115 127 130 0 125 124 0 118 110 107 128 131 0 106 135 147 0 0 138 128 131 104 101 0 102 139 127 0 106 113 149 0 133 122 120 100 0 100 117 0 113 0 136 0 140 0 0 119 101 135 101 0 104 128 0 108 104 128 115 149 100 145 0 110 126 106 111 108 117 125 0 0 107 0 0 0 108 119 0 109 111 0 148 0 0 0 0 101 146 0 126 117 117 0 117 105 127 105 112 148 143 0 0 110 128 105 125 143 0 116 112 111 115 113 122 130 147 0 104 149 0 124 136 0 124 111 103 0 143 127 132 0 140 0 131 0 0 0 0 117 119 144 109 106 147 130 143 0 0 104 141 117 134 141 113 110 135 113 118 111 131 146 0 107 0 109 107 114 115 129 0 0 0 115 129 0 142 139 0 145 0 124 128 0 109 137 109 114 0 0 135 131 110 134 115 0 113 143 123 131 102 144 0 0 112 0 148 144 107 0 129 125 104 103 0 0 108 0 127 148 104 0 0 146 102 105 142 144 0 147 126 127 115 113 114 131 0 0 112 123 112 147 110 115 0 109 140 141 0 149 145 106 0 139 0 104 133 127 0 0 148 107 128 0 0 113 0 0 0 145 107 121 0 131 0 135 131 132 118 0 119 140 123 138 143 0 102 139 129 100 113 107 0 116 145 120 0 0 133 136 0 136 138 134 117 112 107 137 120 117 109 0 138 0 0 138 0 123 104 145 135 110 0 0 146 141 108 107 0 119 115 103 114 116 133 0 121 146 144 132 0 105 0 144 0 137 116 149 120 115 149 117 113 102 145 117 0 0 114 107 141 145 140 0 145 134 0 143 110 104 101 0 131 0 0 128 133 147 104 0 0 139 149 108 142 118 0 121 0 131 130 100 143 0 117 101 131 104 136 149 125 117 139 149 105 0 104 118 116 145 0 0
0 119 109 117 0 100 136 135 143 0 135 128 124 142 106 105 139 0 0 0 118 0 0 113 104 0 0 101 104 105 139 133 137 0 108 102 0 103 120 0 144 137 143 143 133 111 120 101 0 0 117 0 122 148 133 108 102 126 139 112 132 134 144 121 0 110 115 105 0 134 0 0 0 127 105 0 112 107 134 114 102 102 102 132 0 112 139 121 141 145 147 118 0 113 143 126 111 113 113 149 113 139 102 0 116 121 122 141 130 123 111 101 128 113 102 106 130 135 109 131 117 120 100 123 112 136 110 111 136 0 0 134 0 146 145 139 0 112 122 0 115 144 100 127 0 125 107 113 0 104 123 101 0 148 0 144 136 124 125 0 114 120 0 106 107 143 132 132 123 148 124 0 127 118 0 113 108 106 0 0 111 0 0 122 121 121 112 0 108 140 128 106 0 123 128 144 105 141 107 0 111 124 105 144 116 0 106 124 103 142 112 116 143 121 107 0 104 114 0 120 140 115 138 0 123 120 101 149 146 133 105 132 125 145 141 0 0 0 0 0 145 131 104 100 134 149 0 0 147 0 110 0 138 146 128 140 0 123 100 132 103 0 130 111 0 104 0 100 108 126 0 119 148 104 101 100 111 127 0 130 130 0 0 124 0 142 126 149 102 128 0 0 0 122 103 0 132 138 111 143 112 144 0 108 148 0 0 0 116 130 146 124 0 0 140 108 122 130 0 0 141 0 135 0 117 100 103 104 121 107 107 126 138 142 0 133 122 139 108 127 127 133 0 0 0 105 110 142 123 106 0 0 137 135 144 120 145 0 106 129 0 113 148 140 120 0 129 103 108 137 0 113 122 106 149 120 0 124 123 0 0 134 135 0 123 141 106 112 121 105 0 0 0 147 118 119 147 138 100 111 147 101 0 114 131 110 0 0 147 0 135 149 135 136 116 0 116 128 128 0 137 119 114 141 134 128 141 116 112 105 116 139 110 102 137 108 131 0 110 123 110 0 0 0 0
0 102 147 106 103 130 149 125 105 0 138 0 146 140 107 132 0 116 125 0 130 149 143 137 0 0 113 0 0 130 144 123 104 100 107 146 0 140 0 121 116 0 0 117 111 125 112 107 0 102 0 140 132 126 147 111 109 138 142 0 119 149 119 127 0 143 0 111 0 102 130 115 146 0 107 0 126 128 121 126 0 149 135 122 105 111 144 123 124 132 133 0 0 0 121 114 102 106 143 136 141 128 116 117 139 123 0 148 134 0 0 139 104 120 124 124 142 0 0 147 143 0 0 127 105 145 0 0 0 127 128 128 131 138 101 144 109 0 0 0 144 124 125 0 147 115 148 132 141 107 124 116 0 104 111 108 111 0 0 0 135 106 128 0 118 105 120 138 142 135 0 127 102 147 105 0 127 113 127 114 122 0 0 124 0 124 0 130 0 113 108 148 0 0 133 136 139 0 0 107 119 0 124 147 0 148 0 118 133 0 146 112 134 137 0 138 138 0 131 104 128 112 142 0 0 0 144 147 135 0 101 106 148 103 0 119 0 138 135 123 128 102 113 142 138 121 0 106 0 0 100 115 0 149 133 140 129 120 108 117 0 139 118 0 0 137 111 0 121 0 115 130 116 100 0 140 0 122 0 117 110 0 126 122 142 142 124 101 105 124 139 0 138 0 120 0 0 115 140 145 124 0 0 110 138 114 0 143 103 0 124 120 0 126 149 0 100 123 144 100 110 132 147 110 127 0 148 121 0 0 126 139 138 148 0 0 103 134 134 117 145 121 102 119 0 0 127 121 0 110 108 146 141 114 0 130 0 133 101 143 137 0 103 0 0 119 145 104 132 138 125 142 141 123 130 120 101 148 106 103 0 134 129 129 0 110 104 0 103 0 123 108 0 144 135 0 0 128 0 142 104 141 0 134 114 0 0 100 0 147 104 131 139 147 116 104 114 0 112 113 102 141 120 133 134 123 106 0 125 100 0 109 118 117 0 143 0 115 108 149 143 0 0 146
0 0 107 0 0 119 147 127 113 143 144 134 134 102 100 0 134 0 0 139 123 138 114 121 0 0 0 123 149 133 0 0 107 100 136 0 142 0 133 102 147 139 101 129 100 0 104 100 0 130 113 122 0 138 145 114 0 122 112 115 122 126 146 106 125 0 125 143 138 147 109 144 147 141 0 110 0 147 133 0 0 126 0 113 0 0 0 115 112 109 116 101 127 133 119 122 127 144 123 122 0 0 0 111 0 111 130 0 127 115 125 110 143 107 129 116 136 131 146 111 127 122 143 104 127 101 146 116 118 147 140 122 0 149 0 0 129 146 130 116 109 0 148 125 125 146 144 0 113 100 0 0 110 117 145 138 136 0 130 114 0 126 0 135 102 105 133 122 111 138 114 118 128 0 149 119 120 0 135 129 124 145 0 0 131 124 123 0 131 114 140 122 136 0 117 135 134 0 0 120 0 135 106 0 0 0 103 135 114 0 105 145 117 143 141 0 0 130 110 102 0 107 117 142 136 121 135 122 0 113 137 128 0 126 115 140 100 144 103 111 124 120 149 132 146 0 127 145 105 0 130 128 111 137 131 133 146 143 122 110 0 124 117 118 121 103 144 124 132 124 105 0 122 104 129 130 144 117 119 110 0 0 108 125 0 0 0 0 0 138 0 0 142 127 149 145 114 103 126 0 0 0 105 0 120 105 149 0 120 101 0 0 142 131 139 141 138 0 124 110 102 109 108 141 0 106 130 0 0 0 137 127 0 117 140 120 117 0 0 143 129 117 134 0 117 120 111 0 119 114 139 141 127 113 0 110 103 122 0 114 0 129 122 123 104 138 0 132 120 0 0 106 136 125 102 114 103 135 146 111 141 0 142 131 142 131 119 0 102 137 0 123 106 134 138 0 139 112 114 120 130 141 114 140 118 0 144 0 0 119 116 0 106 105 128 117 111 123 114 108 140 0 149 127 0 112 121 0 133 148 111 0 0 106 0 146 0 147 141 0 132 127 123
0 105 0 131 139 130 102 126 105 148 0 120 127 0 110 130 109 0 138 112 122 117 0 134 123 131 126 0 105 114 0 132 105 142 0 137 113 125 125 106 0 0 129 123 0 139 121 118 103 138 0 106 0 121 134 137 101 0 135 127 136 0 0 117 136 147 138 0 117 149 134 117 142 0 0 0 105 128 0 141 0 116 110 0 0 0 130 114 110 118 134 119 125 140 136 103 142 127 125 100 0 128 131 0 121 123 0 104 101 114 0 126 0 103 147 0 102 131 130 109 120 104 149 102 0 123 119 114 0 124 0 145 126 0 147 121 122 135 135 128 131 127 112 0 142 0 115 128 127 101 102 0 0 142 122 134 100 122 115 130 123 122 0 143 128 138 127 130 142 0 0 0 136 141 122 135 129 115 113 134 0 131 0 0 0 118 119 0 142 0 145 122 119 146 0 118 120 134 104 115 125 125 0 122 0 0 111 0 141 134 122 0 108 134 136 120 122 0 0 135 144 101 138 109 105 111 102 116 142 0 0 0 144 122 101 101 109 132 120 104 120 139 0 103 144 0 0 122 128 121 114 147 0 0 0 131 130 125 147 108 138 0 108 122 117 125 0 121 138 136 117 116 130 0 136 0 123 102 132 0 130 106 135 117 0 119 0 122 139 0 119 121 114 126 0 103 136 128 0 0 110 127 125 101 126 105 0 119 115 126 136 140 110 0 0 101 118 139 0 0 0 112 0 120 0 134 110 0 106 0 107 100 108 0 133 0 123 0 0 0 118 106 0 124 138 145 130 105 0 0 0 0 0 115 100 107 117 109 0 148 125 136 142 101 128 126 100 119 138 113 103 128 146 146 131 140 142 0 101 132 0 137 0 0 0 0 111 118 129 149 117 0 100 101 118 126 0 110 120 113 116 147 119 0 112 109 107 123 117 137 0 107 146 0 135 115 120 144 112 110 141 0 124 117 121 129 142 136 147 122 112 131 0 138 135 111 106 148 124 109 0 0
0 108 103 0 129 137 122 111 147 0 101 0 146 146 116 139 141 102 127 128 0 0 0 0 130 0 146 127 103 126 147 143 141 125 121 128 0 141 130 121 124 144 111 144 101 138 0 0 148 104 123 0 119 115 144 101 126 116 115 149 110 115 121 117 114 134 108 130 134 130 119 127 119 149 113 129 0 142 108 120 106 0 135 0 140 101 116 129 128 101 145 0 113 0 130 106 0 144 112 126 146 0 123 114 106 0 149 0 0 0 129 105 0 116 145 107 124 141 0 107 0 118 129 135 0 134 0 0 104 133 131 137 146 137 123 125 0 118 0 124 0 0 0 126 140 126 106 134 119 129 106 114 0 0 101 112 124 118 123 122 0 138 134 136 135 0 136 125 101 111 122 140 114 0 140 124 117 0 0 115 131 0 0 0 0 133 110 0 127 0 128 133 108 147 149 0 102 104 0 135 143 0 0 144 122 110 128 106 0 112 104 0 0 117 126 102 0 140 112 117 0 108 0 0 0 147 142 0 108 118 107 123 116 136 114 148 120 0 0 0 105 149 129 0 0 0 105 149 0 0 0 140 116 138 138 0 114 106 138 131 111 0 123 149 148 119 0 102 0 0 133 116 142 109 142 142 0 0 109 0 112 117 131 124 140 0 123 148 117 100 138 143 0 128 135 104 117 134 0 111 143 101 129 127 0 118 107 127 0 105 132 104 110 101 143 139 141 105 110 0 105 124 0 130 108 103 103 108 0 0 149 127 105 146 118 0 127 106 0 0 107 0 114 128 0 127 133 0 139 0 114 114 124 126 0 108 142 0 0 126 115 106 124 0 143 0 0 116 123 127 142 137 148 137 102 137 109 136 0 0 129 143 103 123 125 133 106 0 146 0 0 0 128 143 121 142 139 0 133 130 0 136 138 139 148 126 148 115 0 140 142 102 0 106 106 126 116 108 134 141 0 126 123 120 149 0 0 129 100 106 0 103 0 143 117 0 106 136 0 0 0
0 139 130 132 110 105 127 138 132 103 0 149 0 0 110 107 105 116 143 107 103 117 0 141 104 0 134 147 115 131 0 132 117 138 148 140 105 125 145 125 0 101 0 114 134 123 130 132 0 104 136 0 0 119 124 0 101 105 0 139 129 135 120 148 113 133 117 141 142 137 0 124 145 109 127 102 0 128 0 139 0 108 126 130 141 0 126 0 136 137 128 0 125 117 105 108 103 127 146 128 132 100 127 105 130 138 137 146 141 114 0 130 132 134 105 0 0 123 125 108 144 131 111 112 133 109 0 0 113 139 131 109 142 130 106 117 112 0 130 138 0 141 0 107 127 104 121 125 127 147 135 0 0 134 120 101 116 0 146 0 137 0 132 137 111 135 124 0 117 112 140 106 114 0 0 0 0 119 0 0 125 129 148 138 102 132 107 0 113 125 102 103 130 125 132 126 111 0 111 130 0 129 100 101 111 149 115 111 143 0 135 136 141 0 137 137 102 119 0 137 0 106 136 112 102 116 129 124 131 143 139 145 0 112 146 127 0 104 131 112 133 0 0 133 143 114 0 148 120 109 140 143 122 134 130 129 148 106 116 131 135 121 0 105 143 113 0 101 0 104 140 144 112 120 141 107 113 127 123 131 134 142 132 111 149 111 147 141 117 148 120 116 136 137 112 141 0 0 0 141 133 0 0 124 0 104 138 117 108 105 117 135 143 128 108 111 109 129 0 142 148 103 132 135 0 0 110 0 148 119 139 141 144 135 120 130 126 0 140 131 129 104 104 117 145 144 0 0 140 123 0 145 0 117 0 115 0 141 143 124 136 146 143 139 143 117 128 0 117 110 103 120 0 0 127 112 101 0 130 121 143 142 129 0 146 0 139 135 136 103 144 130 119 122 145 144 0 0 0 148 145 146 112 102 0 0 107 145 0 139 137 115 107 134 135 105 122 105 144 101 130 0 0 120 149 111 0 142 133 0 140 120 0 130 141 108 148 115 0 135
0 0 108 107 0 134 122 138 138 134 0 102 0 111 106 142 107 137 0 108 107 100 146 119 123 145 125 0 138 126 127 131 128 142 0 107 129 137 0 101 141 109 0 100 141 132 0 146 0 146 114 0 136 0 0 130 144 0 101 0 102 142 110 0 109 0 102 118 142 0 124 131 0 125 104 116 0 124 0 0 121 0 127 0 114 139 146 119 117 0 142 100 149 111 137 0 106 110 148 132 0 122 110 107 0 0 103 0 121 143 109 0 124 0 147 103 125 0 122 0 143 100 0 122 125 0 138 139 121 139 133 133 123 109 124 0 0 0 103 126 106 0 138 147 0 103 125 107 0 104 0 0 101 119 134 123 0 136 127 111 133 100 0 135 0 111 147 145 127 141 107 0 104 109 142 145 0 110 135 0 141 148 126 106 0 125 122 115 0 0 0 127 100 129 149 140 104 136 149 0 110 107 0 149 111 107 137 146 108 128 136 0 126 105 134 0 120 111 122 128 145 107 102 137 139 139 0 112 148 0 107 145 148 0 0 149 111 103 0 129 110 124 102 141 126 137 105 133 144 0 125 112 0 142 140 0 126 134 134 114 0 125 0 132 124 108 112 109 102 109 105 0 127 133 104 121 145 141 109 0 113 144 0 0 100 115 0 116 141 0 143 101 143 133 105 0 112 0 0 116 125 109 119 130 108 124 120 113 149 129 126 0 0 110 111 139 130 101 104 103 147 134 104 138 141 131 100 122 117 148 122 117 127 125 146 0 101 105 109 127 126 0 0 127 111 126 124 133 113 102 0 0 136 143 111 101 0 133 130 117 0 114 137 138 130 100 110 149 0 144 110 136 131 110 0 127 0 110 121 114 125 0 137 109 142 104 115 111 128 0 139 133 109 0 149 116 135 0 106 118 0 103 111 0 0 135 0 113 0 118 104 146 0 104 106 128 0 0 0 149 0 0 137 145 139 108 130 106 0 0 113 128 108 132 0 118 105 103 118
0 139 121 108 148 143 138 0 106 102 143 140 143 133 127 140 115 0 128 102 108 0 129 113 128 132 144 0 116 146 143 0 104 126 0 137 143 112 111 131 138 133 147 0 0 0 144 124 0 143 100 147 121 141 0 0 115 146 134 147 101 0 127 147 133 141 111 0 112 102 131 0 102 136 123 0 140 133 0 107 102 124 0 124 140 0 140 110 130 121 108 0 142 110 133 112 0 0 111 117 0 135 104 0 140 102 102 0 117 129 147 149 0 106 146 0 0 140 135 117 130 0 148 0 0 146 135 115 144 129 113 0 118 125 145 144 115 114 118 111 0 147 148 0 110 118 123 128 131 0 142 107 0 121 140 0 144 136 115 113 100 103 0 0 144 125 0 124 149 131 0 140 115 119 0 101 141 0 124 121 108 0 0 0 140 148 0 131 119 149 112 141 104 122 141 143 126 148 0 113 115 0 0 0 0 130 111 133 0 0 144 118 104 129 0 138 140 0 0 143 122 0 136 124 147 132 124 0 124 127 115 115 0 137 141 149 0 124 105 133 114 0 0 128 104 102 105 130 125 104 108 145 149 112 138 0 141 118 144 0 105 0 143 146 114 133 111 0 144 117 0 141 127 0 149 122 126 0 115 137 121 118 0 145 116 126 102 128 0 121 119 0 121 137 111 126 141 127 105 104 0 136 140 101 0 138 0 0 140 0 0 119 0 0 102 148 0 111 106 109 130 100 126 0 107 106 119 131 0 136 107 130 0 149 0 138 142 0 139 126 137 135 103 118 0 0 145 107 0 129 128 100 144 106 127 0 0 110 119 0 139 102 120 0 104 124 0 0 0 107 0 112 128 0 110 107 119 119 0 0 113 102 0 123 139 108 126 120 141 109 103 117 135 0 127 126 113 145 141 146 110 140 138 118 107 131 142 0 141 130 127 0 136 128 116 114 134 100 148 111 0 105 140 0 148 126 141 133 125 109 0 120 0 145 149 129 149 147
0 108 109 138 140 114 0 131 130 112 136 127 114 111 119 132 0 0 123 0 134 117 0 118 0 125 0 142 114 133 0 101 142 110 112 127 118 101 116 144 132 125 0 0 116 113 125 123 127 139 135 121 131 0 113 124 113 128 0 145 0 0 100 137 102 139 128 141 119 125 128 106 128 137 138 114 147 146 0 126 0 134 109 113 144 118 0 123 118 135 0 146 136 107 121 0 106 110 120 130 111 117 0 125 0 130 115 126 103 126 0 0 111 149 128 0 140 114 148 135 0 111 146 139 145 128 135 133 108 113 0 105 128 109 100 142 136 143 0 139 0 0 120 122 111 103 140 149 0 106 141 114 138 133 125 144 147 104 106 125 108 0 142 0 146 108 113 138 104 107 0 129 137 105 142 116 0 120 105 137 140 148 128 121 106 121 136 141 102 147 103 0 142 139 115 149 0 0 119 0 110 111 0 127 0 123 123 0 108 0 0 102 141 135 117 139 126 126 0 143 146 0 116 122 103 0 0 144 131 0 110 135 129 149 115 0 108 122 0 126 133 0 102 134 140 134 100 116 100 115 139 140 148 121 119 0 0 128 102 0 112 119 147 103 136 0 133 110 116 0 123 148 103 0 129 131 108 139 109 0 0 115 121 0 107 0 101 140 106 0 0 100 0 0 123 141 105 0 0 126 0 120 137 115 105 127 132 111 104 107 0 141 115 109 0 142 0 117 0 0 136 112 134 126 126 143 149 131 114 128 129 142 129 0 123 133 0 134 125 0 132 141 116 118 0 131 130 131 0 104 100 144 0 124 130 108 0 104 123 0 130 0 136 130 0 144 149 0 125 124 111 122 0 143 132 122 128 0 0 138 115 132 0 144 108 137 133 136 130 116 100 119 116 127 113 0 128 0 126 143 100 143 118 104 0 0 142 0 0 0 109 126 0 110 111 0 0 100 100 100 123 128 0 144 100 101 0 146 124 0 0 128 142 113 0 0 146
0 123 106 129 127 112 0 104 102 123 148 149 114 0 0 119 0 107 0 133 139 104 126 114 0 103 114 121 0 148 100 112 127 112 113 0 0 110 0 132 108 0 129 138 124 0 0 0 100 0 135 136 108 145 145 112 0 108 144 135 0 128 141 105 131 136 145 114 108 139 142 126 0 139 129 139 108 0 111 0 0 136 0 145 118 117 0 142 105 0 108 104 128 146 0 0 0 122 0 145 128 112 117 0 149 0 0 0 0 101 0 142 0 110 105 101 102 146 105 120 140 0 118 129 148 110 131 109 134 131 124 105 149 0 125 112 145 148 127 106 136 122 145 141 0 135 142 103 139 146 134 128 109 131 128 114 0 110 117 119 138 100 119 118 125 0 111 0 0 138 112 0 109 138 0 144 0 107 0 144 148 138 114 0 126 136 124 145 125 139 0 0 115 0 102 135 0 101 103 111 133 106 118 128 123 103 110 101 100 126 129 149 0 110 109 0 141 131 0 0 122 121 0 119 127 0 100 140 140 113 0 115 112 133 102 0 128 0 0 119 0 114 128 131 0 0 105 125 131 139 108 0 106 147 0 139 0 0 0 111 101 141 125 100 143 130 0 146 118 130 100 119 119 107 149 119 0 106 125 115 136 141 112 114 148 0 0 147 0 132 110 130 129 125 141 0 119 130 0 144 0 107 0 0 0 120 113 148 125 100 145 0 100 149 0 132 149 146 130 149 146 113 135 0 114 0 115 101 120 0 132 102 149 147 108 0 104 141 103 118 100 0 111 128 133 137 139 0 0 101 126 109 137 0 0 117 0 147 145 117 127 109 104 116 113 120 0 134 0 118 0 123 110 104 148 135 125 148 110 110 145 127 121 112 125 134 115 0 149 139 0 100 0 140 143 128 102 127 0 131 103 100 113 0 109 116 140 0 115 112 110 117 114 111 115 117 142 113 0 0 107 0 133 100 136 104 0 136 114 0 0 127 0 133 0 0
0 142 140 116 143 128 123 142 136 118 0 117 0 103 103 114 107 129 119 0 0 147 0 148 117 0 105 127 0 103 141 125 113 118 104 126 103 0 132 111 149 149 141 106 0 121 128 0 125 0 0 103 114 143 109 149 138 122 132 100 132 139 145 126 120 130 100 115 105 122 143 143 140 145 141 117 116 145 118 113 106 145 0 141 124 135 145 136 103 0 140 135 139 131 0 133 109 0 119 134 142 145 110 127 106 107 120 118 122 0 135 139 111 101 141 0 0 0 0 0 126 132 108 106 124 131 0 100 131 100 0 111 0 136 0 109 135 134 118 134 116 128 119 108 112 104 123 104 145 144 0 101 114 132 115 109 100 148 131 0 112 0 146 128 120 129 133 107 137 0 119 130 115 124 137 0 117 142 148 121 130 0 124 139 0 111 132 109 103 136 121 0 0 149 100 0 0 109 0 0 108 103 106 136 119 116 0 137 135 149 136 102 131 132 101 145 0 143 0 120 111 122 0 124 108 0 0 0 100 142 138 104 101 144 149 113 0 126 143 0 116 0 128 130 106 134 119 125 145 117 108 142 132 137 109 0 0 145 101 144 0 145 0 0 101 140 102 137 0 0 0 125 108 132 100 139 0 134 139 114 141 123 111 120 0 147 125 0 0 112 0 143 0 124 0 124 115 128 123 114 0 125 117 125 0 0 0 0 110 144 116 123 145 102 0 140 136 147 137 140 141 137 0 127 120 0 0 128 136 124 0 131 112 0 147 126 121 108 115 0 122 122 0 138 136 104 101 0 102 130 0 128 106 110 144 123 114 0 125 132 133 103 142 121 115 0 113 122 0 105 114 121 124 0 108 106 0 103 125 0 141 0 104 0 113 112 131 120 100 0 102 114 110 0 105 104 128 0 0 147 144 113 142 137 116 0 118 133 132 119 102 120 0 116 134 117 0 115 0 0 121 129 0 146 102 0 113 118 133 118 112 123 0 107 109
0 107 107 134 124 116 0 145 141 0 133 120 144 110 133 130 142 113 143 0 138 0 113 119 144 141 121 116 103 106 143 134 113 124 0 142 111 0 100 149 0 0 121 0 136 148 101 123 110 130 147 0 143 0 0 132 104 135 117 0 129 118 0 0 113 142 128 117 142 0 144 0 0 112 104 149 128 0 145 144 122 0 133 124 116 123 0 136 0 104 0 118 139 133 140 131 128 104 117 115 106 123 107 113 0 128 100 0 0 143 140 138 105 108 0 144 140 0 132 123 138 0 141 125 0 0 148 0 115 135 128 121 149 0 149 138 0 104 125 122 107 111 140 118 117 0 0 147 103 118 117 0 144 137 102 140 138 0 110 0 112 0 0 0 126 141 141 121 120 111 125 114 0 0 0 0 141 135 0 0 129 0 0 141 125 148 101 0 146 0 125 148 101 0 0 0 0 100 131 115 144 148 138 137 106 0 124 115 0 0 0 124 119 127 111 112 117 135 123 149 137 0 103 0 139 147 147 0 102 119 119 0 0 0 118 132 144 136 0 104 133 107 0 0 142 135 0 114 0 132 118 0 0 109 130 140 124 105 108 149 129 114 137 113 148 114 123 134 0 136 0 0 131 140 101 138 127 0 142 124 114 110 126 113 120 129 117 123 132 146 146 138 127 0 103 147 131 132 120 106 119 100 0 102 123 0 0 120 140 116 110 115 117 125 145 145 144 106 0 102 133 118 111 0 0 0 127 0 147 131 113 113 0 111 111 143 0 114 146 141 117 106 125 0 111 104 110 0 106 109 145 124 133 0 0 137 114 0 144 123 132 146 139 0 130 107 0 117 126 133 120 103 143 113 106 0 0 0 0 147 146 132 132 0 101 108 114 128 100 117 0 109 103 0 114 0 0 0 139 106 126 128 131 0 146 0 129 0 126 120 103 136 120 105 0 106 0 0 139 127 0 104 114 147 136 106 119 110 149 0 0 0 132 126
0 102 144 0 122 137 0 0 144 136 148 115 136 136 132 0 0 0 108 0 145 144 0 114 107 106 0 145 106 130 122 120 120 106 104 0 133 0 112 0 143 0 132 0 142 0 125 125 101 122 105 128 148 124 112 0 130 102 0 104 146 0 108 0 142 0 111 100 118 0 101 109 101 0 0 149 123 0 0 144 0 118 115 115 104 124 112 131 117 128 0 0 0 143 109 143 128 0 0 117 121 121 0 146 0 0 107 0 101 133 115 0 147 105 148 139 134 0 128 115 135 100 111 130 142 120 137 116 145 120 112 0 122 102 0 104 107 118 147 0 0 0 119 116 133 134 143 137 102 146 147 100 148 0 130 140 109 105 105 104 103 101 112 112 108 0 132 122 125 116 123 0 0 141 115 120 0 114 0 122 0 108 141 128 113 113 127 0 135 0 104 101 133 0 0 134 0 119 140 121 0 133 130 146 102 145 108 127 0 139 127 111 0 0 117 105 146 149 120 104 119 148 140 110 109 118 0 122 0 0 0 123 132 136 139 0 123 116 121 0 102 145 114 0 131 117 141 0 0 101 0 101 119 0 106 121 143 148 0 0 0 108 137 0 137 123 121 121 0 149 118 0 127 136 0 135 107 126 149 0 124 110 136 131 0 122 149 0 0 134 116 146 125 126 125 105 0 110 142 107 0 112 0 0 101 0 144 0 118 136 116 101 130 109 0 130 0 0 126 0 132 0 141 133 0 132 121 111 115 125 127 126 0 124 136 0 128 102 125 117 111 113 115 120 100 143 141 147 0 0 0 104 114 146 101 110 131 123 135 0 149 123 113 0 0 123 142 0 142 117 0 141 111 134 111 116 123 119 0 125 0 112 0 149 101 137 145 0 108 123 140 121 119 147 140 109 131 116 146 114 0 0 0 0 146 100 130 105 132 145 0 0 136 0 131 138 122 0 138 102 124 103 146 0 101 113 135 116 0 129 130 129 0
0 143 103 130 109 0 102 141 119 137 140 0 129 110 103 114 143 130 112 0 0 0 0 114 106 125 146 122 124 0 127 129 138 128 0 149 136 131 145 143 109 120 137 134 103 0 130 0 114 129 116 147 117 133 136 105 0 136 106 116 0 121 100 106 119 107 140 0 0 143 104 102 106 0 133 111 0 133 129 147 130 0 148 137 139 113 118 0 0 0 0 0 129 130 127 120 106 112 126 112 111 103 105 0 146 111 146 121 127 120 125 119 0 0 0 0 131 101 113 0 100 0 0 114 135 124 129 135 0 0 131 121 105 137 135 127 112 0 0 131 141 107 129 129 117 0 118 0 119 0 139 136 0 134 0 123 140 107 124 0 103 147 0 135 113 105 115 127 0 0 0 134 135 0 111 0 0 109 115 102 101 115 125 112 0 148 0 103 141 129 124 110 0 144 0 107 102 130 110 147 0 0 134 0 0 0 145 140 112 126 121 0 112 0 146 119 102 135 138 147 0 141 0 0 142 129 0 149 142 124 106 0 138 108 0 117 127 136 139 0 0 116 100 141 108 0 135 0 128 0 113 112 144 118 140 145 0 124 0 134 112 107 134 105 0 138 127 112 0 131 112 114 114 0 112 122 0 0 0 118 125 125 144 115 128 114 107 115 0 129 146 112 131 123 136 0 100 148 107 116 108 143 147 0 108 0 134 117 128 103 0 102 104 147 144 143 116 140 137 0 102 0 116 121 129 105 119 0 142 133 135 126 132 134 0 0 122 0 0 0 131 131 139 102 105 100 140 0 126 133 0 114 108 0 148 124 139 0 137 127 145 139 146 130 139 105 116 110 129 110 0 111 145 131 107 149 122 148 0 135 132 123 0 119 137 106 108 117 147 0 0 0 0 105 0 0 125 134 127 104 139 107 128 0 0 147 101 115 127 119 129 104 140 118 0 102 0 118 140 103 110 141 108 138 103 108 123 119 141 119 142 0
0 0 0 142 107 0 129 137 120 116 135 0 116 115 142 0 0 0 0 143 0 145 131 133 106 123 116 127 147 108 0 149 0 0 0 135 105 0 124 0 122 139 0 0 121 119 111 127 121 0 121 0 0 135 0 128 107 104 112 110 0 134 148 0 0 106 0 120 137 144 147 0 123 148 102 140 0 112 133 132 135 101 103 147 0 103 0 112 101 115 106 121 0 145 102 104 144 138 101 132 131 140 0 133 0 115 111 111 0 142 148 102 0 102 107 149 142 131 132 146 128 145 111 126 114 117 0 106 140 0 106 101 105 0 146 133 0 130 114 0 0 137 106 135 106 0 125 103 127 112 107 134 139 125 134 146 114 142 148 130 145 107 0 115 105 0 127 0 109 110 106 105 102 133 0 0 131 116 112 104 140 110 130 0 112 143 127 0 118 0 0 0 120 110 146 134 0 0 105 133 133 0 133 135 0 111 119 0 0 103 141 104 0 0 123 109 104 0 117 122 139 137 0 141 0 142 137 127 109 0 0 111 106 0 0 111 0 127 0 107 0 0 123 111 119 0 0 0 140 107 135 134 141 0 118 0 132 124 104 149 100 116 132 116 134 104 135 0 145 140 0 114 0 130 0 148 121 123 0 117 105 111 103 139 116 145 107 0 104 119 131 115 103 109 113 101 114 101 100 0 0 0 0 147 110 100 0 140 121 0 130 136 139 130 0 137 119 133 119 0 0 140 0 108 146 130 0 146 149 138 148 0 139 103 0 137 124 137 0 118 146 0 0 0 148 111 140 0 149 139 141 120 112 134 123 106 112 144 121 106 132 114 0 147 116 140 136 0 0 143 0 147 147 120 142 107 126 119 109 0 101 149 0 0 0 148 129 117 103 114 0 124 148 121 109 127 0 106 111 114 136 101 109 105 111 132 146 127 114 133 120 106 124 116 135 0 0 0 108 120 113 0 128 112 138 115 130 104 134 106 104
0 0 116 135 123 122 126 102 115 133 103 0 138 102 0 143 142 0 139 147 104 113 0 0 137 0 124 114 0 0 118 0 142 0 0 109 110 0 143 138 139 103 148 106 0 110 0 0 121 0 129 140 142 0 0 145 149 132 135 142 122 126 111 0 102 0 122 114 0 145 0 106 0 125 118 142 0 133 0 127 0 146 101 0 0 129 139 100 136 0 115 125 114 0 149 139 0 117 133 141 144 118 0 136 124 115 123 127 111 115 0 118 144 111 0 108 0 108 147 100 0 136 146 135 145 0 135 147 137 0 0 127 148 125 135 132 135 0 106 0 0 137 149 126 116 104 127 0 124 126 135 131 103 117 118 115 119 100 110 149 0 120 122 0 131 134 0 145 108 143 149 0 117 117 113 106 143 120 124 108 101 0 122 111 110 128 136 0 103 129 0 136 120 133 137 136 122 126 143 103 125 0 120 113 0 0 120 0 0 0 103 143 0 140 120 112 143 136 141 106 111 146 143 146 139 109 147 101 141 120 140 121 106 128 105 109 110 149 0 145 133 116 0 119 104 136 129 0 121 108 0 116 147 0 147 109 132 109 112 0 0 137 121 137 130 119 105 149 141 107 0 142 0 115 0 128 108 0 118 0 111 0 129 113 123 122 103 112 0 148 0 142 0 126 135 104 132 148 115 102 149 149 0 108 100 0 0 0 115 126 0 113 139 111 0 0 130 114 132 134 137 133 122 120 100 112 137 0 121 104 148 137 117 146 0 103 0 139 135 0 132 102 113 0 138 133 134 145 130 0 144 149 110 117 0 131 128 142 114 120 148 0 0 124 0 119 101 147 149 0 129 114 103 126 114 146 136 145 130 0 0 0 116 105 131 0 124 114 115 101 130 148 102 0 0 144 115 129 0 0 0 128 0 102 139 0 0 113 100 126 132 117 123 141 131 0 137 136 123 0 118 134 112 135 115 130 137 106 111 109
0 0 122 103 126 117 133 0 100 0 142 140 133 145 106 142 124 112 112 115 134 127 114 0 128 0 0 129 137 144 136 106 0 0 0 136 133 0 117 127 0 120 126 102 112 144 107 147 0 131 127 102 118 0 128 0 130 0 0 146 140 0 134 135 145 142 0 140 107 136 111 100 110 115 0 121 0 0 0 117 108 0 0 130 0 136 122 129 132 133 107 149 139 142 0 126 0 112 143 136 142 147 139 141 125 114 127 125 123 138 0 117 126 111 126 0 125 117 142 144 148 123 0 148 136 147 105 142 133 0 126 0 115 102 104 123 117 138 145 0 149 128 0 0 115 105 0 0 109 149 101 0 149 122 140 120 115 108 108 127 119 0 107 148 106 101 0 145 137 123 143 127 116 133 113 145 0 126 121 145 114 145 0 140 142 143 122 118 137 0 108 141 143 135 0 132 126 105 0 128 120 149 140 105 121 104 120 125 127 116 143 0 110 144 125 126 110 126 0 148 141 113 128 0 126 123 111 135 138 139 119 111 119 149 144 122 140 122 108 147 112 117 129 122 0 0 125 120 131 0 145 112 116 100 0 0 110 121 120 134 127 133 149 131 143 147 127 127 147 131 0 100 116 0 134 141 142 104 0 0 118 100 101 129 102 100 114 117 130 0 0 135 117 104 112 138 0 138 117 139 0 105 101 144 0 148 110 118 110 147 0 115 0 139 0 124 119 145 124 142 142 147 106 139 103 118 144 0 127 144 112 129 140 0 146 0 0 130 105 0 132 132 122 136 108 0 124 128 124 128 138 143 137 0 121 121 137 143 111 109 0 142 103 0 100 0 0 120 143 145 0 0 119 133 107 142 141 134 0 143 120 103 137 0 0 124 139 101 127 125 0 108 140 0 107 141 136 142 107 0 136 0 0 133 108 103 111 0 0 129 140 0 131 122 113 149 118 111 129 128 116 110 143 0 0 117 141 113 103
0 135 128 0 0 0 0 142 116 118 145 120 122 0 0 130 139 124 133 0 110 137 0 0 127 102 0 132 105 100 132 106 105 0 102 0 131 0 120 118 148 106 124 131 142 138 0 126 134 0 131 125 111 0 101 127 142 100 129 126 139 149 0 131 0 133 113 126 148 104 140 147 100 0 142 140 101 123 108 103 101 0 135 100 0 0 122 0 110 137 114 118 123 0 104 105 100 138 104 102 115 0 142 120 133 103 141 121 100 128 0 122 0 116 120 111 149 0 103 140 134 0 137 114 0 123 118 134 0 109 116 104 0 0 121 103 135 104 146 0 145 123 128 0 0 0 123 144 101 0 146 128 124 111 126 146 123 117 105 117 0 105 122 111 100 140 0 140 130 0 0 0 133 149 127 111 0 0 111 0 137 117 111 142 110 107 137 108 0 116 0 0 142 0 104 116 147 113 144 144 137 105 122 0 117 112 129 105 134 123 125 0 103 106 0 117 126 126 101 107 108 0 105 127 137 131 106 148 0 149 105 119 118 0 0 149 119 138 126 0 120 147 0 118 103 140 146 139 110 0 101 148 123 123 148 112 106 146 130 116 117 118 143 115 0 102 124 123 0 142 105 127 103 119 119 0 108 105 148 0 121 110 108 109 105 118 0 104 100 111 116 116 104 147 0 149 137 131 111 129 134 133 142 149 139 128 133 105 0 140 138 128 126 121 141 0 142 138 0 0 114 145 0 133 0 146 134 0 0 0 128 137 116 0 100 147 112 129 113 0 108 119 105 147 146 129 125 108 105 112 132 123 139 0 0 0 102 124 116 114 108 102 146 112 117 113 136 127 130 113 140 120 130 148 106 116 108 137 107 141 122 126 139 0 104 127 147 0 107 0 0 119 0 113 134 132 0 0 116 100 104 136 0 0 0 128 139 146 0 120 133 122 126 101 134 132 135 139 142 111 0 0 143 125 137 101 0 0
0 0 100 0 111 0 142 118 0 120 0 0 110 135 130 142 139 0 0 138 0 0 110 107 144 142 103 132 124 0 109 0 128 0 132 0 119 130 140 114 0 129 0 127 127 148 140 131 144 0 105 126 131 138 123 0 0 0 0 139 136 131 131 117 119 0 0 127 0 138 110 0 123 143 100 121 135 147 115 0 134 118 0 0 102 116 0 138 143 0 0 134 110 108 0 114 115 117 149 115 129 104 0 128 107 102 141 124 103 0 0 136 0 117 134 0 0 0 0 130 114 110 107 135 114 145 110 140 102 128 148 129 123 114 102 0 131 145 140 117 0 121 113 118 135 147 123 0 140 146 135 0 0 148 0 118 120 129 103 120 105 103 137 127 140 106 132 0 0 112 127 133 128 125 119 0 0 132 108 145 122 133 110 0 0 108 112 0 149 145 144 136 127 135 0 102 117 143 0 0 111 144 119 120 132 137 106 134 142 0 100 109 107 0 145 103 144 0 127 113 110 0 140 123 0 134 0 126 102 114 120 0 141 0 137 138 132 107 134 0 114 0 121 127 0 106 113 118 116 122 0 0 0 128 0 128 122 149 0 125 139 109 141 0 0 0 146 122 145 0 140 0 0 101 130 0 132 113 100 103 149 103 149 139 147 0 0 129 112 0 118 0 119 131 130 131 0 114 121 133 0 111 129 138 147 0 0 145 0 117 136 115 134 100 119 142 136 148 145 101 139 102 104 0 103 0 124 134 144 144 139 0 0 121 120 105 0 127 117 101 0 139 0 0 145 108 127 143 101 0 130 139 0 0 131 109 146 0 109 148 0 108 111 110 105 0 125 0 0 109 127 148 130 110 0 0 140 108 120 122 143 143 108 131 136 134 115 122 117 0 142 127 0 127 126 0 108 121 144 119 143 110 109 0 135 105 0 110 140 130 149 149 125 110 107 0 100 0 117 122 149 141 146 108 117 0 102
0 118 106 147 108 0 137 104 102 0 0 110 131 129 120 137 0 0 108 101 119 147 123 122 130 133 117 134 126 106 145 0 114 135 135 131 143 0 106 134 0 130 139 118 136 0 121 137 0 0 108 0 0 0 102 141 0 106 133 112 131 140 109 128 118 145 117 120 107 114 126 145 134 138 0 102 137 0 117 0 148 136 112 143 0 130 129 115 114 147 104 0 130 0 146 133 147 0 138 137 0 0 124 117 0 0 0 124 124 128 140 130 117 108 138 0 112 132 115 0 0 118 143 128 141 0 0 119 133 123 115 122 127 0 0 0 0 146 145 133 113 0 137 104 146 136 139 0 118 122 129 146 121 108 105 0 133 128 120 137 103 127 113 0 133 148 100 0 118 148 0 100 125 148 126 101 121 0 107 0 144 113 115 0 120 116 0 138 134 110 120 109 100 109 123 134 129 0 111 128 132 128 141 118 134 135 129 0 0 133 121 0 134 111 0 0 104 0 0 101 125 119 122 112 116 135 0 144 0 102 145 0 115 0 112 147 124 0 0 117 127 148 100 0 120 0 0 101 106 0 147 138 108 119 123 121 0 110 0 122 127 102 0 0 143 127 0 109 100 0 100 106 138 127 121 0 0 105 0 146 144 0 0 120 138 145 125 114 133 143 104 139 105 128 111 141 120 149 145 115 135 0 110 129 107 113 137 147 136 146 0 0 106 128 132 120 123 0 124 103 120 135 107 102 0 125 0 0 136 0 0 114 105 100 125 102 0 0 129 131 142 0 123 110 0 147 117 0 148 0 116 114 0 109 0 126 0 126 130 110 0 134 0 137 0 103 115 145 130 0 0 144 110 100 107 0 117 0 118 0 112 128 0 146 137 117 124 148 0 146 0 149 0 145 134 120 0 106 0 112 0 0 121 0 140 125 109 108 125 122 140 133 132 126 0 0 146 0 149 146 121 0 119 100 101 125
0 135 0 101 146 145 102 0 0 101 0 109 134 0 147 108 115 0 144 112 137 126 0 103 109 107 133 123 108 135 141 107 129 140 100 106 0 113 132 133 110 122 110 112 118 126 137 0 117 0 107 114 0 0 113 149 135 125 148 103 104 106 125 140 129 106 0 149 129 121 0 110 130 136 0 108 0 126 115 0 104 141 137 148 113 0 135 148 141 145 107 0 0 134 125 134 144 145 107 145 115 136 108 129 0 102 0 140 121 0 0 126 0 144 104 138 109 114 0 105 100 0 145 0 0 131 148 147 143 123 0 0 0 115 0 121 114 121 0 142 116 135 0 128 144 136 140 0 0 0 139 133 0 148 149 0 0 0 0 121 0 125 111 103 103 0 138 143 130 130 124 122 113 0 129 0 123 122 0 102 148 102 0 137 109 0 104 0 148 0 143 0 144 106 0 0 133 106 107 0 149 148 0 117 123 128 137 0 0 0 139 0 114 114 149 112 100 104 103 131 130 117 111 132 127 126 120 133 133 146 118 114 0 0 0 148 127 122 137 133 0 0 116 139 135 107 0 125 126 0 127 0 141 0 141 140 114 139 135 101 0 149 0 0 139 0 126 108 114 129 111 126 110 0 0 122 114 139 117 0 100 0 0 117 148 107 108 108 119 0 0 0 116 125 128 144 118 108 0 126 107 108 148 147 147 115 132 123 124 142 117 0 125 0 0 0 0 149 0 107 135 134 0 123 111 142 0 0 129 122 0 0 123 0 143 106 144 148 0 120 139 137 129 0 109 121 130 119 147 108 0 126 119 129 112 123 114 0 119 140 149 126 110 129 0 112 139 107 122 123 132 0 0 108 0 0 127 141 105 103 106 117 143 114 106 120 138 139 104 109 104 123 0 122 136 125 115 143 142 0 142 107 102 102 132 0 126 143 136 132 117 102 136 141 109 100 0 111 112 143 139 134 111 132 147
0 124 0 129 115 112 136 114 102 107 0 0 138 116 109 142 148 117 147 106 106 118 108 111 120 119 130 121 113 0 138 0 146 113 0 146 105 0 120 0 0 106 111 125 145 130 0 144 142 0 101 146 149 113 149 124 122 115 141 0 0 120 126 139 147 0 112 140 0 106 142 101 117 0 119 140 146 0 100 145 114 110 106 137 135 142 0 0 102 140 149 121 131 105 0 138 0 126 118 142 109 0 104 120 0 132 112 140 104 0 0 120 113 106 0 0 0 0 129 115 115 136 110 136 134 111 112 135 116 102 0 0 0 107 0 138 121 134 111 0 0 111 123 146 0 146 101 0 135 149 0 0 0 115 118 135 0 141 113 0 0 0 123 145 0 146 0 133 119 106 119 146 115 103 141 101 108 125 132 111 148 132 120 0 0 0 0 111 0 111 114 111 124 0 129 117 0 114 104 145 0 123 148 148 143 0 0 106 119 0 132 142 0 0 129 0 0 106 114 0 110 0 132 124 129 0 149 0 106 0 111 121 148 133 147 125 117 121 136 0 0 111 131 137 105 100 103 107 129 105 145 134 149 0 0 133 131 111 133 122 144 0 0 115 0 118 103 0 116 131 103 147 0 0 132 101 133 0 0 109 106 104 102 136 129 0 110 108 0 148 107 136 111 0 0 119 0 100 143 103 148 0 0 145 105 129 115 105 107 0 102 126 147 0 0 137 0 115 137 137 111 141 101 116 122 0 0 0 126 141 100 141 0 142 131 141 132 143 142 107 103 140 0 144 139 102 142 109 127 108 110 148 102 0 141 132 149 117 147 135 132 127 0 0 128 0 0 135 114 142 101 0 100 100 135 149 122 147 137 118 136 147 109 134 141 114 118 142 113 0 122 0 108 148 135 143 140 133 119 0 0 140 0 0 131 107 147 141 149 116 148 0 144 119 125 113 0 129 146 102 0 124 113 113
0 113 148 116 0 100 139 0 112 135 111 135 0 0 0 113 101 148 0 112 0 115 108 102 127 145 0 108 102 114 0 149 0 121 122 127 105 123 133 139 120 101 131 137 121 113 0 116 122 104 125 111 0 110 105 0 147 100 100 130 120 141 0 100 147 145 138 101 102 0 105 114 137 100 0 0 118 112 111 122 105 145 0 0 101 125 129 0 114 130 0 0 132 120 111 106 101 141 148 100 106 100 103 141 137 133 109 0 110 124 144 116 144 144 104 0 0 114 145 144 0 146 122 131 134 123 130 130 113 0 130 120 137 117 142 142 115 108 102 134 119 100 101 123 132 149 0 125 106 133 122 139 129 0 0 0 128 109 101 0 101 105 120 128 126 0 0 144 102 0 141 145 0 0 128 114 145 147 133 102 101 147 0 0 131 0 0 116 133 0 138 134 143 127 120 114 0 109 0 100 0 104 106 0 135 0 0 141 106 0 111 125 145 148 149 148 0 0 104 0 113 0 117 124 0 0 129 127 131 126 0 144 129 0 0 0 0 0 0 0 128 137 138 106 0 131 0 0 131 0 0 108 122 141 118 107 146 110 136 117 148 119 143 114 113 0 0 117 0 123 0 133 0 132 126 123 0 0 139 115 120 115 103 100 0 143 0 0 0 0 131 117 123 118 0 124 118 127 120 149 147 117 145 142 121 143 104 110 0 134 132 110 119 0 106 0 116 101 141 117 107 125 123 123 0 127 146 0 107 134 136 0 0 101 141 0 107 135 138 148 0 133 0 146 136 102 124 106 113 115 143 0 102 0 0 145 125 125 140 114 103 0 0 139 101 0 125 103 129 130 122 0 114 0 125 0 133 130 0 0 0 111 109 138 111 0 146 130 141 138 109 138 103 0 114 0 128 146 103 0 0 0 149 146 125 105 143 0 126 0 0 0 148 112 130 129 131 139 120 0 0 0 149
0 139 101 144 110 125 132 116 137 0 122 0 131 111 145 131 115 123 140 0 102 138 103 0 106 105 109 134 131 103 148 0 0 100 0 0 100 0 125 115 138 117 141 0 149 148 0 120 148 147 0 135 102 120 0 131 146 0 140 115 0 124 0 125 0 113 117 113 111 107 0 102 135 144 125 131 145 0 129 132 0 130 126 0 129 133 110 0 104 147 107 0 0 127 142 121 141 0 124 132 131 0 119 0 119 135 147 135 0 131 143 103 0 106 0 118 106 115 0 108 0 100 0 131 139 102 0 111 117 136 143 139 139 121 149 107 144 130 149 123 127 0 110 0 142 141 117 137 143 111 0 130 102 111 103 123 110 104 0 149 0 134 126 0 109 122 143 138 136 139 148 111 123 148 130 137 142 136 103 0 125 0 0 119 129 134 0 143 0 106 115 137 0 110 0 148 0 131 125 132 0 108 113 137 110 135 0 121 135 114 123 0 123 0 138 128 120 0 107 147 0 100 122 116 122 126 132 0 148 123 147 140 112 145 137 132 105 146 129 114 0 144 105 118 145 0 0 0 116 136 138 118 0 138 109 127 123 135 103 0 0 127 108 139 111 0 0 106 141 112 113 142 0 101 112 106 105 0 103 131 144 115 114 128 0 119 0 121 0 142 136 102 148 117 103 134 125 102 149 105 127 113 0 0 113 0 127 0 114 104 128 101 0 115 125 136 101 0 129 139 0 119 132 0 0 125 141 131 149 105 106 124 131 0 0 107 113 126 127 117 0 0 130 134 119 0 0 131 100 143 0 0 126 109 144 114 116 138 107 0 132 102 128 114 142 144 118 0 0 121 110 0 117 123 0 123 123 120 0 140 104 125 0 135 145 142 0 149 0 0 115 123 0 124 0 103 146 0 0 0 120 127 142 128 133 115 142 0 0 100 112 112 141 127 145 0 141 0 147 111 0 122
0 116 120 112 102 104 0 0 0 0 0 140 123 113 118 126 121 0 141 148 125 105 120 142 139 123 0 0 137 0 135 100 126 101 146 0 0 148 100 142 115 0 144 112 138 0 107 146 0 0 106 139 121 121 0 0 134 0 0 111 146 109 118 0 124 141 106 119 125 0 110 0 121 132 123 134 146 130 0 141 0 105 119 103 124 116 133 134 100 113 0 119 148 126 138 139 120 0 135 0 0 118 135 115 0 124 119 101 123 112 0 104 0 148 0 126 0 113 0 119 123 134 143 0 117 0 141 140 149 116 145 115 135 104 149 101 130 145 0 149 148 111 116 103 105 129 123 121 120 114 0 148 131 142 133 0 111 118 0 140 0 0 149 107 127 100 0 0 0 104 113 105 137 111 0 125 140 126 115 0 115 0 115 0 100 140 118 128 0 102 113 146 109 139 107 104 126 148 111 0 123 0 116 0 127 0 130 113 145 128 109 116 112 0 129 117 115 102 124 120 132 125 105 141 107 124 0 0 134 146 131 148 116 131 128 109 123 141 134 105 144 136 112 0 0 0 107 0 122 128 128 119 101 118 0 124 0 114 0 0 0 107 132 121 145 147 132 146 0 0 106 106 128 0 0 141 123 117 100 125 111 0 125 0 147 140 103 106 0 130 0 105 148 0 102 117 137 141 140 139 0 147 127 101 0 111 0 128 101 0 0 0 117 0 103 142 123 0 110 103 116 131 147 0 148 0 0 0 144 122 0 117 148 140 144 146 122 111 103 0 133 125 134 123 100 128 112 0 134 0 115 0 142 0 0 141 140 0 0 134 0 148 117 127 0 0 119 0 126 133 117 125 126 102 126 100 109 115 0 0 122 111 104 0 130 0 121 107 140 0 106 0 135 135 104 146 0 128 0 143 0 135 149 0 124 115 0 112 0 105 145 106 0 145 147 123 0 146 0 108 0
0 128 0 121 124 0 127 147 0 127 140 120 144 127 135 142 143 105 0 146 115 0 133 144 137 0 101 114 105 135 123 0 106 134 123 128 113 120 117 118 126 115 0 0 120 134 0 108 118 129 0 0 146 0 105 118 141 122 107 0 120 142 147 0 145 117 130 148 138 0 0 135 119 0 108 0 112 125 108 116 111 136 137 106 0 0 0 134 149 117 125 0 135 108 132 104 114 0 128 111 0 127 119 0 113 0 149 0 102 111 148 117 129 110 147 146 139 128 0 107 116 111 142 147 139 112 0 120 0 135 128 125 127 136 0 0 104 0 116 111 123 0 134 0 129 126 116 140 125 119 129 126 122 129 107 100 107 148 142 0 146 137 126 143 124 100 127 116 0 144 126 129 115 136 113 130 0 0 144 130 0 0 0 114 117 108 120 136 116 113 0 147 0 148 123 102 121 0 146 127 0 102 140 140 115 146 143 128 0 128 0 0 0 0 110 139 113 0 120 147 147 0 149 115 108 0 0 104 0 115 125 122 101 0 125 0 107 143 138 139 149 110 133 0 149 149 138 121 102 127 130 131 128 149 0 137 138 122 116 103 134 0 0 123 147 145 136 139 130 0 116 140 145 126 0 135 119 107 140 108 127 137 0 147 135 126 0 0 144 127 149 102 107 123 131 107 109 135 126 142 135 0 107 144 104 100 143 104 147 0 122 144 0 148 0 128 142 134 149 128 0 0 0 109 0 130 104 0 129 109 111 136 0 126 0 133 134 128 0 0 137 149 0 138 0 0 117 108 0 128 0 125 117 146 115 0 105 0 0 0 106 0 129 148 118 0 111 143 134 142 109 0 131 142 117 0 0 104 122 134 0 108 144 129 143 148 131 110 143 0 122 0 132 131 104 143 105 123 121 145 118 100 121 126 127 104 127 0 125 132 144 149 120 0 121 144 138 110 108 0
0 127 136 143 136 104 0 116 0 114 126 121 142 135 124 143 147 0 101 125 0 144 130 0 121 144 108 113 123 103 0 0 139 109 115 108 104 130 126 146 0 114 140 0 0 105 0 112 140 115 149 0 0 119 124 120 0 100 0 105 132 149 104 113 0 149 134 140 122 139 122 0 0 144 0 127 111 0 148 129 134 118 0 119 136 117 105 0 145 146 0 110 113 115 135 0 102 125 144 0 105 115 148 135 0 109 111 124 123 0 103 104 130 105 102 0 0 143 121 106 109 123 0 0 102 0 113 146 147 0 0 0 112 144 0 118 149 106 131 140 0 106 0 0 118 120 135 132 0 119 101 0 112 108 117 148 0 104 105 118 0 120 137 104 117 113 135 130 0 135 0 0 0 145 0 0 0 103 144 0 116 133 135 134 104 149 0 126 0 120 0 142 110 100 121 113 120 103 117 106 132 142 0 105 119 132 108 142 105 103 0 0 116 110 117 123 100 100 0 0 0 0 0 122 0 107 0 139 0 0 144 112 125 0 139 126 0 0 147 115 106 137 110 0 100 111 0 144 119 103 0 121 111 105 108 0 147 123 144 128 108 138 132 120 0 139 109 149 120 107 126 0 0 143 142 107 105 120 118 0 126 0 104 0 148 112 116 113 138 126 104 0 142 0 120 137 124 116 0 139 0 0 120 121 102 0 111 0 136 125 140 139 0 108 148 0 132 0 137 113 128 143 118 0 118 107 125 146 0 129 0 0 121 0 128 0 0 138 0 0 105 133 105 124 127 129 0 0 140 0 128 100 141 102 120 103 140 103 116 0 144 0 140 0 0 125 0 0 114 107 103 136 110 0 0 129 139 109 120 110 123 0 0 138 115 138 140 0 140 128 116 0 131 139 104 117 133 142 0 120 112 135 115 135 137 104 0 127 112 0 0 125 143 0 148 0 129 100 0
0 0 120 137 0 134 106 136 118 119 0 104 0 0 0 106 0 106 0 0 105 126 103 139 127 106 110 109 113 107 141 0 148 106 113 127 0 134 120 0 137 119 111 116 107 111 123 115 0 0 137 137 0 112 0 127 123 110 127 0 122 121 118 104 145 112 114 105 118 120 0 0 124 107 110 129 111 0 0 115 147 107 132 123 111 113 102 114 128 0 0 124 139 104 0 120 139 126 122 137 139 129 105 136 118 132 0 0 133 101 109 149 137 0 141 122 0 108 0 0 0 0 0 0 0 127 124 120 142 128 124 148 105 116 119 136 0 118 109 117 0 117 0 116 106 102 106 139 140 120 129 111 0 146 108 0 0 117 0 0 138 101 0 0 144 119 0 0 0 0 120 142 0 128 141 0 126 142 0 132 110 148 137 142 138 117 0 128 134 144 135 100 0 0 0 149 123 136 0 129 132 0 0 117 114 126 140 113 120 140 148 112 0 129 0 114 122 145 138 108 114 144 103 134 0 131 0 145 0 0 145 108 111 0 0 102 133 130 112 135 117 142 0 0 100 141 142 0 140 0 147 0 0 119 139 131 111 131 144 115 0 136 131 141 114 115 0 106 111 135 100 114 108 111 102 0 0 110 127 116 132 0 140 140 137 0 143 127 0 100 107 141 143 0 141 120 110 0 126 116 0 115 0 114 130 0 115 107 119 0 132 141 0 107 100 110 119 0 0 107 123 127 116 137 138 130 0 104 0 0 128 0 0 130 134 0 125 100 0 0 101 0 0 120 123 120 0 102 131 127 109 100 122 145 134 107 102 132 0 0 0 111 113 106 0 0 141 134 0 110 126 107 114 146 108 0 148 115 114 0 129 142 0 131 0 128 0 131 144 100 0 121 122 109 0 148 134 122 146 0 0 117 116 0 0 110 124 145 101 114 111 0 133 114 115 135 121 115
0 139 112 138 124 141 119 0 0 139 124 123 0 126 149 133 145 122 108 0 139 106 144 0 0 0 117 0 127 130 113 122 0 133 109 0 112 115 139 112 134 101 0 129 0 111 0 125 111 133 138 0 147 0 108 113 0 146 127 0 141 145 0 139 111 142 122 0 0 128 0 131 0 144 109 128 0 145 112 0 121 111 100 138 0 0 117 133 0 148 0 130 117 113 138 119 118 0 100 0 0 113 136 134 113 0 106 119 103 0 144 109 116 112 0 0 0 0 141 136 139 0 117 116 112 0 104 0 102 115 122 0 101 118 147 100 114 137 144 101 0 140 0 0 126 120 105 135 108 102 109 0 128 105 124 126 135 111 117 107 140 111 101 136 109 113 117 126 102 129 0 133 145 0 138 107 134 0 149 123 118 0 0 134 131 0 144 0 112 0 0 129 107 106 137 117 140 149 0 0 110 135 117 120 116 108 111 117 127 0 105 114 0 100 134 133 139 0 146 0 107 142 140 127 102 0 102 102 135 0 128 0 113 104 131 0 135 109 106 121 113 136 138 119 135 109 147 0 0 145 115 0 0 128 137 0 136 0 135 145 0 104 0 0 119 0 104 0 145 149 0 115 0 130 125 0 0 0 117 125 0 126 133 105 115 110 0 107 107 133 111 106 118 0 147 121 113 142 145 0 117 108 117 102 139 0 142 136 0 106 0 145 108 133 135 122 0 102 0 126 0 107 0 0 0 135 0 126 0 0 113 102 149 104 138 110 127 104 127 135 131 125 111 124 132 0 0 0 112 113 133 0 105 0 149 0 0 120 104 118 0 117 129 129 0 146 143 110 0 102 106 0 140 0 106 119 125 125 125 105 122 0 138 0 140 122 0 127 105 0 126 0 140 109 106 0 145 107 142 0 116 0 147 132 124 112 136 127 0 0 0 134 144 0 0 126 127
0 146 0 0 145 140 109 0 149 101 125 0 123 138 135 145 121 137 123 119 136 139 124 120 148 115 136 103 134 131 102 121 137 149 112 0 116 119 105 124 113 112 132 104 147 0 134 146 148 120 108 149 116 120 104 132 0 143 114 137 0 126 132 109 112 0 0 107 120 0 0 136 0 0 0 110 137 139 0 140 106 142 101 122 146 0 0 101 136 103 136 102 107 0 107 124 142 0 118 129 141 125 134 118 125 125 117 121 148 101 0 121 102 117 107 0 120 109 112 115 145 139 127 134 149 146 0 127 104 131 146 111 0 0 100 127 145 0 108 102 105 0 110 146 142 128 113 127 121 0 147 0 130 0 101 101 0 140 132 112 122 137 0 141 144 0 129 0 112 0 111 127 131 148 137 118 0 119 131 133 142 136 131 109 129 0 116 0 137 125 128 129 120 129 127 127 136 0 113 134 0 132 148 132 128 129 115 0 142 134 122 0 135 103 119 115 0 137 0 138 0 0 106 138 149 145 0 0 131 141 119 131 0 144 126 140 148 149 117 124 144 0 131 107 113 119 132 0 138 123 113 0 0 143 129 141 139 0 116 125 113 124 119 138 124 0 138 0 147 119 130 0 0 0 108 123 0 121 116 0 141 0 106 129 138 0 146 0 125 0 132 0 144 127 0 105 138 137 145 120 109 112 121 102 0 0 134 107 112 148 139 111 0 133 0 128 0 139 135 107 131 106 110 136 0 136 112 129 105 125 118 118 126 0 129 128 106 0 133 0 128 0 0 109 136 100 143 117 125 108 111 106 0 101 132 0 0 115 147 102 132 109 0 149 138 133 117 107 118 103 112 115 117 0 132 143 144 0 0 0 146 0 122 125 112 111 138 147 106 134 111 139 122 0 120 145 148 120 101 0 125 137 0 131 113 0 133 123 0 0 107 0 0 0 0 124
0 105 106 129 0 124 115 0 124 127 0 143 106 112 0 120 0 125 0 146 123 121 123 128 108 141 114 116 131 113 107 133 143 0 114 114 143 124 111 141 0 124 145 148 0 0 120 134 101 128 110 124 105 122 106 107 117 0 108 117 108 126 0 148 128 118 108 0 103 106 120 0 102 124 101 0 0 130 0 146 0 0 0 0 147 102 103 127 103 0 134 0 117 140 0 0 143 122 106 100 0 121 141 131 121 127 115 133 0 129 0 148 0 100 147 0 129 144 148 109 127 127 0 102 125 0 135 0 142 142 110 149 123 126 144 106 0 132 0 100 147 130 144 110 122 0 100 132 123 101 148 106 0 105 148 120 0 131 146 104 113 105 125 129 137 0 120 0 120 0 111 105 0 117 112 0 145 113 128 0 118 116 101 108 116 135 106 139 146 110 124 113 0 123 147 116 127 0 118 146 133 127 0 0 119 125 138 141 100 140 0 0 104 106 145 144 0 117 139 0 123 0 128 110 0 125 124 103 138 143 108 120 115 0 145 112 119 103 121 125 0 141 126 140 0 0 103 145 0 149 0 106 148 121 139 0 144 116 133 141 144 125 111 0 149 102 0 0 124 145 120 126 127 109 115 0 129 142 144 123 143 138 134 124 119 119 129 117 101 113 147 109 100 109 145 127 0 125 0 0 123 0 134 111 119 117 149 119 0 105 140 116 142 131 101 136 131 106 0 0 112 142 0 0 120 118 146 131 106 146 146 129 108 110 0 0 131 121 124 131 132 134 0 0 141 0 120 131 0 104 107 144 113 132 102 0 141 147 139 145 141 113 102 140 126 0 115 138 0 125 112 106 110 104 134 0 134 117 140 103 144 139 148 107 105 121 119 119 101 121 0 0 101 117 115 103 135 127 110 116 142 146 0 126 109 107 137 104 146 124 0 108 143 143 107
0 0 0 136 125 126 0 118 0 114 135 126 112 0 105 0 131 137 0 108 144 137 0 0 0 126 119 117 0 143 142 111 126 0 122 138 101 0 0 142 118 131 109 132 139 121 0 116 131 145 103 0 0 124 110 112 0 145 0 141 137 0 117 0 138 101 122 117 126 127 122 103 0 101 0 0 129 0 0 114 145 130 116 0 119 0 0 134 134 131 122 118 148 108 105 126 149 145 107 114 118 0 130 132 113 0 149 135 125 140 133 0 140 123 110 149 139 125 122 125 0 133 0 110 149 108 146 0 120 124 131 143 0 119 0 143 125 0 0 121 114 0 104 143 136 114 127 0 130 122 0 144 131 120 0 137 0 113 0 127 143 0 123 107 121 130 120 141 113 108 146 106 125 127 0 124 107 102 149 0 135 101 106 0 0 0 0 132 0 0 109 103 0 120 0 101 117 149 105 100 0 0 0 0 135 119 114 143 146 141 130 107 120 120 117 115 128 0 115 112 100 149 140 125 143 111 108 112 135 145 144 0 147 120 111 132 120 103 113 106 145 100 0 114 0 130 122 101 144 0 0 118 128 0 140 125 0 0 114 0 0 109 100 121 106 121 118 106 116 0 102 111 0 107 0 140 111 0 0 128 140 101 106 110 0 0 0 0 102 110 142 135 128 109 146 125 0 0 117 132 124 0 0 117 100 133 130 111 0 104 118 0 146 146 140 109 0 144 140 105 145 0 146 0 142 149 0 113 145 0 0 0 105 120 0 0 127 108 138 109 107 0 132 103 0 118 139 141 116 103 134 122 0 149 0 116 0 114 105 109 149 138 0 0 121 0 121 138 0 146 0 125 0 129 129 0 141 125 111 0 129 101 117 114 0 131 106 112 104 0 119 109 135 116 126 0 139 138 0 115 100 103 138 0 138 113 141 124 115 111 0 0 116 105
0 100 0 0 121 130 143 0 123 0 108 103 130 0 137 110 136 115 136 0 129 148 146 0 149 112 0 133 0 101 0 113 0 145 122 101 112 0 113 0 146 115 149 131 112 0 0 106 127 101 143 141 104 0 0 138 138 120 143 0 0 103 109 0 107 0 100 0 120 138 102 136 139 136 0 103 137 130 0 0 118 125 107 114 110 121 138 106 104 110 0 100 146 120 103 104 0 108 0 137 139 0 104 122 120 141 0 146 118 107 118 112 0 100 0 102 131 138 137 148 111 107 128 103 0 145 117 0 0 106 146 132 139 134 0 145 130 121 145 139 111 100 113 0 0 114 130 115 130 144 0 127 113 138 118 128 136 123 0 104 0 118 109 133 133 141 137 121 105 128 122 133 0 0 148 124 126 0 0 130 0 128 143 0 143 110 127 0 126 145 140 0 143 0 125 118 0 113 0 111 112 106 0 109 0 0 118 131 130 123 112 122 112 139 110 108 139 0 144 137 107 135 111 124 132 103 141 0 138 137 106 135 0 108 0 147 0 0 147 126 0 123 125 0 132 108 0 138 119 0 0 0 127 135 143 147 145 124 106 0 122 133 0 131 149 0 0 118 0 105 0 131 0 102 130 134 143 124 0 126 104 100 120 117 111 104 121 122 0 130 115 107 124 147 105 140 104 137 0 145 122 138 142 122 0 0 0 116 123 149 118 0 142 0 132 103 0 107 0 143 0 100 134 116 123 122 113 142 137 102 0 115 0 0 123 100 113 0 0 120 0 142 0 113 123 100 149 107 112 105 142 106 126 137 0 106 122 119 101 100 127 142 122 143 0 0 146 111 131 118 126 126 0 133 0 113 0 136 123 144 0 0 0 112 137 101 106 107 145 115 143 135 0 110 101 125 117 123 142 0 0 143 0 0 0 142 131 100 0 141 125 122 135
0 0 106 117 115 149 147 0 106 134 114 0 111 0 138 121 108 132 102 116 144 0 0 0 104 117 117 0 0 107 105 115 0 0 0 105 121 0 115 0 109 0 142 117 0 121 125 128 111 115 142 129 126 0 138 130 129 112 114 0 0 0 122 116 111 131 132 0 0 111 112 0 120 0 109 131 0 0 132 0 0 0 139 100 0 0 107 0 147 101 102 123 0 109 0 101 136 115 117 148 101 103 148 116 146 109 111 148 0 117 118 148 113 106 126 103 113 114 144 132 143 100 109 0 0 136 129 136 134 139 149 120 0 133 0 107 128 125 109 0 0 110 113 102 109 146 138 149 109 125 0 147 0 0 146 131 147 104 132 122 0 134 0 124 144 137 146 147 0 149 145 0 0 106 147 122 0 0 126 146 0 148 0 100 148 128 116 112 142 0 128 108 121 119 140 137 110 126 135 134 102 100 139 146 139 131 143 111 145 0 110 0 108 0 0 110 113 142 101 107 0 0 0 0 0 136 138 130 104 0 133 109 107 127 114 101 139 114 144 140 0 0 105 132 0 124 112 124 128 134 146 116 118 107 113 128 103 0 102 147 125 143 0 100 123 147 0 0 105 105 0 139 113 110 0 119 0 145 0 121 101 118 114 105 0 0 112 0 117 126 0 0 0 0 116 148 0 140 130 149 106 102 118 0 132 138 127 0 143 117 111 118 123 0 125 0 149 108 0 0 132 103 0 147 0 118 0 116 0 101 104 132 143 112 143 116 126 0 104 141 101 139 121 127 0 109 0 0 111 100 0 108 0 144 148 106 110 0 118 134 0 134 131 122 117 144 147 105 116 124 114 133 0 109 149 134 114 130 136 106 118 126 121 127 134 140 119 107 110 113 0 114 116 105 134 0 105 148 143 137 101 146 103 101 144 0 122 0 0 0 0 110
0 0 102 144 113 136 123 134 135 147 129 0 138 0 144 130 0 132 0 104 0 0 116 143 0 0 0 0 0 124 127 119 106 118 115 134 0 124 0 136 123 123 113 138 0 141 143 143 101 115 113 148 133 126 138 141 144 143 127 121 141 131 0 142 132 106 0 129 130 0 115 0 116 130 128 108 0 104 0 123 129 124 130 123 125 0 105 121 0 0 117 136 118 0 0 108 104 117 0 147 121 102 101 130 143 102 108 119 133 126 0 110 139 136 108 110 126 0 0 108 120 0 124 112 106 118 119 104 121 140 113 128 145 120 0 111 0 117 119 124 112 136 114 0 115 149 126 119 107 142 0 0 132 0 140 140 0 0 0 108 146 110 112 147 118 138 124 0 0 147 0 0 129 115 131 123 108 143 0 105 135 0 134 0 106 0 109 0 112 122 0 0 114 134 106 109 0 145 0 0 147 136 133 141 148 115 109 118 124 134 147 126 105 0 0 124 131 124 148 0 119 113 0 136 0 103 147 126 0 0 101 130 126 0 0 0 147 114 0 135 0 143 145 129 102 133 0 140 134 0 107 141 119 100 133 136 104 0 144 120 146 131 106 0 0 101 114 133 123 129 126 125 123 104 0 127 0 0 123 131 118 122 123 108 120 116 128 101 115 134 145 107 0 119 119 119 102 0 107 103 0 0 124 141 109 0 0 121 114 142 111 136 136 122 103 148 139 120 148 104 143 0 128 133 0 121 111 149 0 0 135 0 0 125 141 0 0 0 102 129 0 121 104 139 116 0 145 104 139 0 133 111 115 0 0 0 0 116 0 0 0 148 148 103 119 120 147 132 100 0 140 143 126 112 100 145 139 119 124 147 101 103 0 118 0 100 101 0 105 132 0 142 116 136 136 109 135 145 102 0 147 146 100 113 103 106 112 148 135 0 0
0 0 0 135 101 143 113 123 101 145 140 0 130 109 0 0 112 148 121 100 0 130 149 0 149 120 132 122 0 0 0 116 105 110 132 101 0 115 145 106 114 104 124 0 0 0 112 128 134 101 140 122 135 116 144 109 129 130 136 124 102 119 107 139 141 142 109 121 143 108 147 104 109 114 101 118 139 101 136 107 137 106 137 109 103 0 111 0 118 144 133 122 0 137 0 127 104 101 128 125 131 128 108 144 109 120 135 128 112 115 104 121 131 130 0 145 133 143 139 127 0 117 106 0 127 0 0 0 120 119 0 103 134 114 105 102 130 100 0 105 144 100 143 103 109 0 140 129 139 100 108 0 138 112 143 140 141 104 125 100 0 135 112 109 110 110 129 125 0 130 0 0 137 137 0 109 0 0 136 0 114 128 122 0 0 112 0 101 141 141 131 139 0 144 144 0 118 125 128 126 0 126 118 0 134 0 142 0 115 145 0 107 135 113 0 139 130 0 109 144 0 0 115 100 0 0 116 0 0 109 103 104 114 122 131 136 101 133 142 126 140 0 149 0 120 0 0 148 124 104 142 101 134 145 129 0 141 100 117 130 122 130 0 101 126 125 145 123 127 139 125 104 115 145 149 136 102 120 0 128 142 142 127 0 102 136 132 122 0 145 131 139 109 128 100 147 0 107 0 118 0 0 131 101 137 114 128 0 0 129 106 0 133 101 139 0 125 0 100 140 115 144 112 0 0 0 117 105 148 148 142 141 134 116 141 0 100 0 0 0 117 0 138 0 0 0 0 113 0 139 0 149 0 113 0 116 141 0 143 137 0 122 114 117 146 0 129 0 114 0 0 124 144 103 111 0 144 131 0 143 146 114 119 0 0 0 117 0 146 0 0 104 127 0 113 0 136 119 128 130 0 120 0 125 108 0 143 146 121 120
0 101 0 113 144 129 138 129 107 138 125 137 123 147 117 0 0 118 129 108 112 146 131 109 133 138 0 106 145 0 112 0 128 101 0 132 130 116 134 109 122 127 143 137 131 142 132 0 130 104 140 104 114 148 133 115 127 147 127 123 0 106 0 0 132 0 137 133 0 0 125 146 138 0 0 105 116 0 126 105 148 113 121 112 106 105 101 114 123 128 0 111 127 113 0 136 0 147 130 0 140 139 145 0 0 145 0 0 0 0 129 103 147 114 121 135 147 123 0 143 105 101 111 125 110 137 141 137 0 0 0 126 114 124 114 125 103 0 143 115 124 144 114 128 0 114 113 0 112 140 107 124 0 111 0 141 143 146 108 101 106 143 124 139 142 146 111 104 143 0 147 0 112 146 0 0 147 143 0 145 0 109 0 106 140 116 125 124 142 100 142 108 145 104 0 111 109 139 125 127 0 121 144 139 137 0 0 127 0 102 118 121 128 117 124 0 119 0 0 0 119 110 0 149 144 109 149 134 141 118 0 109 0 0 0 113 100 138 0 124 118 106 0 130 133 0 0 143 147 124 0 110 129 135 147 0 134 111 111 131 106 0 137 123 145 101 118 128 144 0 148 0 0 143 107 0 0 146 129 109 131 120 117 0 103 0 129 123 106 109 116 121 125 148 117 143 124 113 108 146 130 0 113 136 111 107 125 111 147 149 0 142 0 0 105 123 132 128 113 115 120 119 140 0 145 105 0 136 100 104 128 127 110 107 0 0 0 0 0 132 100 112 0 0 132 0 0 135 0 141 103 107 127 139 126 0 132 143 122 0 0 0 0 142 126 140 131 0 109 100 0 0 141 120 148 147 103 0 126 122 127 0 143 0 145 133 123 134 144 117 139 142 136 126 127 127 0 147 134 136 132 116 124 102 102 0 137 102 101
0 146 0 126 119 120 0 138 136 103 0 0 0 146 120 111 0 132 121 0 0 115 123 139 104 104 0 102 121 108 114 145 140 149 0 0 122 142 0 106 123 119 107 108 148 133 114 103 128 149 144 0 123 138 138 139 0 0 0 0 130 128 126 123 116 113 0 135 145 127 103 111 132 146 102 103 0 117 139 144 0 0 149 143 135 124 126 120 135 148 125 113 149 0 0 124 0 0 0 137 133 115 0 139 149 141 103 135 115 106 109 133 149 132 128 0 109 138 135 118 140 107 0 136 141 144 105 107 145 0 116 0 0 0 0 138 110 112 140 128 122 0 0 0 137 119 142 0 129 114 117 132 136 100 138 136 101 105 129 0 0 108 109 0 109 118 128 135 0 0 148 104 120 134 0 144 0 106 0 137 134 108 128 107 135 124 135 100 0 0 125 145 138 0 119 123 101 0 0 116 0 124 109 108 117 145 0 119 111 139 149 0 146 0 139 0 120 137 0 120 131 115 127 107 121 148 117 122 109 124 0 104 133 129 138 0 108 129 118 133 142 130 131 143 136 104 128 0 124 0 136 146 146 148 0 0 0 146 0 109 121 142 103 113 120 0 118 130 0 125 120 0 100 146 0 146 101 123 144 0 128 138 103 134 0 114 0 124 110 142 126 124 0 135 135 147 139 0 123 146 113 0 0 146 140 144 104 102 124 145 125 0 104 113 149 101 114 105 147 130 0 117 116 0 138 109 138 110 147 144 107 119 145 0 115 132 122 114 129 0 127 141 0 131 120 116 143 129 114 120 0 0 141 114 136 107 115 120 0 147 0 117 118 138 0 133 0 135 0 0 126 143 114 135 0 139 0 0 121 141 109 103 134 100 136 123 143 0 110 136 104 111 0 0 0 116 131 140 140 133 147 147 110 0 104 121 0 100
0 0 0 103 135 145 0 126 133 137 0 131 135 0 106 118 0 0 0 119 109 137 144 101 133 133 0 142 103 0 111 0 124 131 0 127 140 144 103 0 107 115 0 120 125 0 0 0 101 101 0 123 0 101 124 131 146 100 126 133 105 129 0 141 123 113 124 0 117 111 0 123 148 136 149 128 0 0 0 141 109 119 0 0 106 0 106 131 117 134 109 127 0 0 0 145 135 124 0 0 126 0 140 100 0 0 0 0 114 128 111 0 115 0 111 106 0 146 132 0 121 147 125 0 127 0 141 128 103 101 148 0 102 132 0 126 0 112 124 126 102 133 132 131 0 146 0 126 108 122 121 0 117 127 0 140 117 114 106 109 141 0 0 104 136 139 113 0 148 121 121 122 105 141 130 111 129 145 0 101 101 0 0 112 148 104 126 0 119 148 134 133 118 119 0 100 0 145 0 124 123 0 126 117 101 118 105 125 142 105 102 0 100 134 0 116 128 127 146 126 130 108 128 106 142 130 118 142 0 134 147 0 147 141 104 0 127 149 109 119 131 111 148 133 101 120 100 0 141 112 141 123 0 118 140 0 145 132 101 125 133 115 0 104 107 111 125 0 136 140 100 110 0 0 120 147 112 117 100 131 134 0 0 100 116 126 129 0 132 0 102 146 103 134 0 133 112 0 135 0 139 134 114 0 120 106 140 114 133 0 148 116 109 129 0 128 111 147 0 100 134 130 0 120 102 0 104 102 122 110 0 131 136 146 114 129 0 0 101 0 117 0 0 145 148 115 140 111 119 100 134 123 127 112 0 103 0 106 128 125 0 114 137 136 101 128 109 137 148 124 103 0 105 128 0 0 135 129 0 117 142 130 119 146 0 0 0 118 106 0 0 148 109 126 149 122 124 110 127 133 140 0 0 0 0 0 112
0 0 145 119 0 130 0 141 101 0 0 140 143 136 116 123 143 115 144 0 134 120 110 133 0 137 130 131 117 145 143 144 0 139 0 120 136 116 0 134 115 133 113 137 0 106 0 147 0 148 136 139 141 141 0 0 109 132 127 102 148 0 136 113 120 115 0 136 143 130 129 114 110 104 121 121 140 136 0 108 134 115 109 114 104 107 0 0 119 127 100 0 114 0 146 121 0 0 0 146 137 115 0 146 144 149 147 140 118 146 106 100 0 115 137 138 124 105 117 136 0 115 110 121 130 0 125 0 0 146 0 117 141 149 145 124 144 0 129 148 117 108 138 106 0 104 0 111 0 112 135 107 139 105 106 115 114 142 108 127 145 0 0 137 140 0 0 121 111 114 116 142 138 135 119 0 118 0 121 141 126 102 148 0 118 0 133 125 119 0 116 135 0 107 146 0 105 0 140 105 104 127 0 116 111 149 0 119 0 135 149 105 140 111 133 129 109 148 0 115 146 0 135 112 111 142 0 110 130 145 143 110 0 107 108 125 118 0 0 106 145 146 0 0 0 0 133 144 135 122 127 102 112 127 104 0 109 120 148 102 105 118 127 136 149 148 133 0 113 133 122 118 144 117 128 136 108 0 130 124 143 0 109 100 106 115 109 141 0 100 137 133 122 142 134 148 0 118 133 125 135 132 138 110 135 0 127 126 107 144 118 0 101 117 0 110 0 111 132 0 101 124 115 125 0 111 104 0 134 0 128 110 106 131 117 0 109 0 144 146 103 104 110 111 0 137 100 107 116 0 120 130 107 101 112 141 114 0 145 0 0 127 146 148 0 109 123 113 111 143 0 118 130 0 145 0 121 147 105 119 103 111 132 101 0 136 120 0 0 141 0 116 0 0 0 135 0 0 149 0 0 134 118 0 103 116
0 140 105 132 113 136 104 0 141 144 129 0 148 122 147 121 0 0 0 145 121 136 149 128 131 145 139 136 124 129 0 112 100 135 133 0 122 137 129 125 105 144 104 108 117 0 131 118 107 145 114 119 132 129 136 122 119 131 0 0 141 0 0 0 0 0 127 122 0 0 136 121 0 0 0 146 133 103 0 0 126 125 108 101 142 119 0 124 121 141 143 0 122 104 142 0 130 111 0 146 0 117 102 101 0 119 141 127 0 149 0 0 112 0 108 112 140 114 0 141 114 118 0 114 146 141 138 0 0 114 145 0 116 132 101 147 123 120 0 130 141 148 106 124 116 144 111 131 128 106 105 0 140 120 102 107 0 102 113 129 101 124 0 147 0 0 145 131 128 0 101 0 136 102 0 108 0 136 137 0 140 100 101 147 0 120 130 0 140 0 135 127 118 104 0 149 0 107 136 131 147 139 127 103 0 140 0 126 146 143 109 0 129 143 136 128 123 0 114 122 140 113 111 132 123 136 0 149 143 113 114 0 135 133 143 130 133 106 104 0 0 129 0 125 110 116 0 0 108 131 110 131 142 114 116 124 0 137 0 148 0 130 0 135 0 129 113 0 128 104 119 140 117 0 106 0 107 148 0 0 139 0 0 139 148 147 104 0 131 142 115 0 141 147 125 111 131 149 111 108 127 148 121 107 127 0 0 116 106 115 131 143 136 141 0 120 0 123 102 133 106 129 112 0 120 143 135 122 0 120 139 141 0 123 0 146 115 0 134 143 101 0 0 134 113 109 133 0 122 139 137 124 102 0 0 106 100 143 140 0 135 138 139 0 129 115 125 0 0 128 0 0 137 141 146 137 125 147 0 128 131 122 147 140 129 113 129 108 0 149 128 0 138 149 140 0 115 115 105 0 102 0 119 0 0
0 0 111 121 137 142 125 131 110 0 0 130 0 107 137 142 0 0 132 132 107 0 109 0 0 120 0 148 134 112 100 0 107 132 113 0 115 102 112 119 0 102 146 102 0 0 120 125 135 135 116 138 124 112 115 107 146 111 0 0 0 139 105 125 149 0 136 112 0 0 105 139 100 136 104 128 113 0 115 0 148 141 125 0 0 141 138 136 116 144 114 118 104 135 149 0 0 141 133 122 126 115 144 0 129 123 145 128 112 126 108 101 134 0 134 134 118 130 127 138 0 0 113 120 134 105 0 145 0 126 129 131 112 135 117 143 113 140 118 0 114 144 0 0 123 131 103 137 120 133 136 139 138 146 0 134 101 104 0 143 100 108 123 126 0 115 104 139 0 146 0 136 128 139 0 145 127 0 105 113 0 100 0 0 130 134 142 120 110 135 135 0 132 0 120 116 119 148 122 148 0 102 100 135 143 108 103 110 141 0 120 106 0 120 143 136 145 128 104 112 147 121 115 100 119 101 117 131 111 0 111 126 111 107 123 131 146 0 115 147 105 105 101 107 0 0 129 130 114 0 124 109 111 114 122 138 0 0 0 114 0 0 126 103 125 113 139 0 126 128 124 102 122 138 129 100 101 0 142 138 132 137 131 140 129 121 144 145 147 125 0 102 115 0 125 119 0 104 113 109 113 0 139 125 129 119 135 100 101 142 0 0 111 0 114 108 120 0 137 144 149 0 0 0 128 138 138 142 108 126 0 101 126 143 116 0 0 110 148 0 119 0 106 138 107 120 113 0 141 0 117 131 0 106 133 102 142 138 129 118 118 0 123 131 106 143 0 133 0 126 0 143 0 138 132 114 139 133 111 0 149 123 100 140 108 0 113 0 109 115 120 135 109 100 0 111 0 140 134 114 128 134 107 113
0 147 0 123 114 0 148 109 120 0 146 121 124 116 0 102 0 141 123 0 120 101 132 138 114 133 107 0 109 0 128 109 126 137 101 0 0 0 117 0 113 102 118 103 0 0 139 0 144 105 125 0 131 0 0 0 145 0 100 109 133 125 110 146 102 137 142 124 107 133 146 140 143 105 118 0 0 109 0 147 116 123 107 0 113 0 134 132 135 136 0 132 0 113 138 145 0 142 134 140 146 0 106 0 136 132 0 100 117 102 105 119 101 111 109 124 123 127 0 0 113 133 135 0 126 122 108 107 121 111 0 119 116 131 0 128 0 130 117 107 115 140 107 143 0 122 124 108 116 112 112 0 126 120 0 0 0 131 136 132 130 136 110 0 131 102 100 110 120 0 142 138 131 149 129 143 101 129 135 133 119 147 147 0 118 0 0 118 125 0 122 112 144 121 109 117 145 0 0 0 108 116 132 114 113 130 112 148 135 104 118 0 0 120 133 109 124 0 0 0 0 131 124 108 124 123 107 146 107 0 130 0 132 0 0 108 133 117 0 114 142 125 117 138 124 148 111 110 119 0 125 146 106 146 133 122 119 0 112 110 0 0 128 122 0 0 110 113 128 145 129 147 144 104 134 114 119 123 130 0 141 128 105 128 120 122 0 134 129 130 139 130 101 136 109 100 124 138 0 120 147 146 100 129 111 119 129 0 101 146 142 126 118 132 110 136 142 110 118 130 148 134 139 132 0 0 130 127 137 123 105 133 118 101 0 0 0 126 143 122 106 148 0 118 112 0 0 114 0 132 139 133 138 106 130 0 103 120 0 140 149 0 102 148 111 105 121 113 0 113 109 138 131 129 146 113 0 133 113 146 139 111 0 0 0 0 100 137 125 0 0 115 137 145 137 0 122 0 0 128 0 119 100
0 0 105 138 137 136 125 0 124 134 117 146 0 106 149 125 119 0 146 143 108 108 0 115 131 131 146 0 0 146 143 148 0 116 0 116 139 0 121 0 121 140 101 133 107 0 113 128 132 118 0 113 148 115 112 141 130 105 136 101 119 0 105 124 0 105 135 139 114 109 106 137 127 136 140 0 0 128 141 0 118 113 127 137 0 109 113 136 0 109 121 123 0 144 130 122 0 147 0 136 0 107 0 0 136 141 114 112 125 133 102 149 0 0 0 148 0 0 125 100 0 0 0 114 119 123 0 114 134 129 121 0 116 113 0 0 133 127 128 0 127 136 132 0 122 127 0 0 0 0 0 141 143 122 0 107 147 135 0 0 0 124 0 147 0 0 115 124 140 149 140 0 117 133 133 137 130 131 140 109 0 140 134 111 120 0 137 130 129 112 147 122 117 138 0 135 0 0 137 0 0 148 138 114 101 142 134 113 149 104 130 0 0 0 0 108 122 128 146 0 0 100 141 0 107 129 100 0 0 109 115 119 112 112 100 125 116 0 111 117 134 137 100 0 146 144 132 140 124 126 119 132 147 114 126 109 141 109 122 126 103 147 0 100 135 146 100 122 0 143 108 145 133 141 143 0 106 114 130 124 0 110 137 141 123 0 128 100 134 103 134 121 134 0 117 0 0 0 112 131 0 0 121 105 108 133 129 105 129 0 120 147 146 147 110 117 0 143 107 0 0 0 0 0 131 146 140 130 128 0 0 0 0 101 135 119 0 119 131 129 140 0 147 125 0 113 0 101 136 0 112 0 125 104 129 121 0 147 106 124 0 0 141 114 0 0 123 129 131 149 112 148 101 0 0 119 104 0 125 0 0 105 148 119 0 105 0 0 0 103 140 117 136 100 119 101 119 104 107 139 136 0
0 136 0 0 101 107 111 134 149 0 145 146 0 106 114 144 111 130 103 0 0 0 125 140 0 126 118 0 142 125 139 143 132 112 140 0 120 145 149 100 110 129 125 103 107 123 146 0 0 0 131 119 139 113 121 101 117 129 100 0 0 125 132 114 122 103 139 0 146 0 102 117 0 110 146 117 101 0 140 104 149 108 128 138 145 106 149 0 112 110 119 0 116 102 128 102 0 141 0 104 125 113 139 129 147 103 132 0 129 120 0 122 0 123 138 0 110 102 101 144 123 144 144 142 136 104 0 101 107 129 115 137 140 0 148 0 0 102 105 149 113 119 133 128 120 135 0 0 0 131 142 118 125 0 0 105 145 101 129 110 112 0 134 0 115 110 148 132 0 125 0 0 119 116 105 0 108 108 115 0 118 0 0 107 131 102 135 0 108 139 126 118 106 140 102 112 0 102 101 0 0 0 149 113 125 135 129 104 0 145 148 129 116 0 121 111 135 125 134 140 132 0 0 100 148 143 0 105 0 0 123 137 103 117 0 142 122 148 0 123 0 0 111 135 147 103 136 105 137 148 0 0 0 134 102 0 101 0 116 115 115 0 0 149 119 0 114 136 0 101 126 109 106 0 128 145 135 116 0 0 133 0 0 0 128 121 146 147 113 0 0 110 114 123 131 0 148 141 133 117 0 107 141 140 128 0 127 107 0 104 123 141 0 144 145 147 131 147 0 0 112 109 123 136 0 0 141 146 146 138 114 100 146 116 0 133 133 125 120 143 104 129 145 0 148 0 110 0 111 110 133 102 113 0 130 125 106 0 141 123 0 107 133 133 129 0 0 141 117 0 126 119 105 131 0 120 119 125 129 0 105 0 148 103 116 114 134 117 133 0 120 101 0 0 112 0 138 102 0 134 0
0 136 124 138 109 103 140 0 138 0 0 100 104 134 0 120 147 139 110 124 0 136 129 0 113 0 101 142 123 0 139 128 129 0 109 115 109 106 0 129 0 0 145 136 148 115 107 111 114 100 108 120 115 0 112 130 131 125 104 135 120 0 125 0 0 120 135 113 105 146 113 121 0 0 0 143 0 0 131 142 115 110 0 0 128 0 142 141 123 122 129 0 112 121 100 133 107 133 110 109 130 122 108 0 0 0 122 113 104 0 148 0 106 114 0 132 0 102 117 100 121 136 129 147 106 116 0 0 132 134 116 124 114 122 0 115 112 146 106 111 148 132 110 112 104 0 0 0 136 0 109 0 135 142 112 148 114 132 142 113 0 104 115 0 145 111 110 0 125 133 117 107 144 104 104 0 132 149 111 0 0 102 0 0 124 112 0 124 0 0 127 142 139 115 136 139 111 147 139 135 126 0 142 118 0 125 103 135 118 107 119 0 135 141 108 113 140 108 102 112 0 107 0 118 112 140 132 139 137 103 122 134 133 0 118 102 127 117 0 117 105 107 137 121 104 119 0 128 0 113 0 118 138 131 0 128 0 0 0 103 0 127 121 112 123 131 0 108 140 131 117 147 136 124 106 124 134 106 103 113 136 115 121 0 0 106 137 127 130 112 114 100 131 128 134 132 104 125 111 0 0 116 116 149 125 0 147 0 0 0 124 123 102 111 108 128 114 0 143 0 114 134 0 103 113 108 0 141 0 130 122 0 110 113 127 128 119 118 105 145 123 135 148 122 132 109 112 136 113 132 134 0 0 0 0 104 0 0 100 0 107 114 108 123 0 0 101 0 0 129 106 128 148 0 133 143 0 121 133 109 0 0 117 106 0 111 121 0 0 105 130 114 131 0 0 131 0 0 145 0
0 134 107 0 134 0 101 130 0 0 114 105 0 0 0 0 125 107 120 141 118 113 130 144 0 0 0 119 140 134 0 145 0 0 0 0 149 119 130 140 110 0 147 127 0 111 0 130 130 123 135 0 0 0 125 126 109 131 0 131 135 127 125 0 111 120 148 112 139 120 112 0 145 0 0 110 145 0 112 109 0 100 120 110 102 143 133 109 109 130 0 148 116 120 0 0 147 130 139 126 106 0 117 102 132 107 0 124 0 140 0 133 120 118 0 114 104 142 0 0 103 122 127 0 100 139 112 149 139 113 143 138 116 0 113 0 147 0 122 148 122 129 0 113 134 122 148 106 0 131 141 111 111 0 133 143 0 0 126 0 143 124 141 131 125 0 117 114 117 129 127 139 0 111 0 140 138 100 102 135 129 138 134 125 149 110 0 0 110 113 143 0 144 136 119 147 146 145 129 0 0 0 134 0 0 131 115 107 125 115 0 104 129 113 0 111 126 121 0 142 111 136 126 123 137 123 130 103 129 144 0 0 136 103 114 0 141 147 102 100 108 147 140 149 108 112 0 109 133 0 115 117 102 147 0 145 124 121 149 141 142 0 106 145 135 130 137 137 103 115 100 118 0 135 0 149 125 0 135 106 0 133 134 126 113 121 0 0 148 0 148 109 129 136 100 114 148 0 123 0 112 106 0 130 140 136 122 114 0 100 0 127 126 137 149 139 0 130 132 107 134 0 125 121 132 0 131 142 141 0 0 112 148 129 0 139 123 0 100 115 137 0 0 124 118 0 126 114 118 146 0 114 103 100 0 116 0 106 126 0 109 115 0 0 103 106 102 0 0 144 139 0 122 0 107 120 107 0 104 102 105 136 101 145 135 122 121 131 112 129 0 147 110 0 148 111 102 104 0
0 121 100 137 144 0 118 0 0 0 110 110 114 141 0 0 0 130 124 0 138 130 148 116 144 0 112 138 121 128 128 0 131 127 113 139 124 147 0 108 108 124 144 0 104 112 0 128 112 111 0 101 130 144 0 109 0 0 0 0 0 0 0 0 130 126 0 0 129 128 108 0 143 0 122 132 120 0 0 118 105 113 124 0 124 142 114 128 0 137 120 132 111 131 132 142 107 141 112 133 0 133 0 0 110 102 140 100 103 140 137 136 103 139 0 148 0 0 120 136 122 103 128 124 101 147 129 104 128 120 126 143 100 118 114 0 148 0 104 134 144 146 130 0 120 0 131 141 119 0 104 124 107 0 124 0 143 116 0 0 128 128 104 0 143 116 100 116 110 135 115 105 0 112 100 103 104 120 103 144 121 120 133 127 129 133 0 108 120 139 105 120 0 149 117 0 120 0 147 108 0 101 0 0 104 128 128 103 134 127 104 112 142 106 112 107 0 101 141 132 113 149 0 148 117 0 103 106 101 0 129 145 107 126 143 132 105 109 132 117 0 111 123 104 131 133 0 141 109 106 111 128 0 131 110 123 132 138 0 0 0 106 139 145 133 110 0 101 130 107 0 0 0 0 133 134 0 109 126 0 119 132 147 0 121 125 113 0 0 110 143 137 0 148 100 0 0 103 135 120 111 146 103 109 0 126 105 103 0 119 0 104 144 124 0 112 0 148 103 106 0 0 115 126 102 137 0 126 108 137 149 125 140 110 116 113 120 135 105 0 104 138 100 122 0 122 125 149 144 126 133 112 0 122 123 147 127 0 0 0 104 130 0 0 136 144 130 0 103 105 113 129 122 109 107 0 103 137 110 0 117 121 147 148 135 135 134 136 118 148 0 122 0 136 0 130 131 0
0 0 115 129 127 0 112 109 0 115 141 128 0 106 116 124 102 115 112 132 130 122 0 138 147 105 127 108 129 105 0 121 145 121 147 136 121 116 116 120 0 118 132 121 120 0 0 143 122 139 135 149 140 117 0 122 0 134 101 147 140 116 0 105 139 125 101 0 0 0 126 145 0 116 136 147 102 0 105 135 0 136 118 104 0 134 119 126 109 113 110 118 114 145 145 115 124 116 137 132 0 0 0 0 0 130 133 101 0 138 119 123 103 147 130 114 0 0 111 101 119 0 108 0 0 148 0 112 129 107 0 102 117 142 111 148 137 129 0 127 0 0 145 0 111 147 102 0 112 106 139 0 146 110 0 135 0 0 0 137 100 113 130 0 116 0 149 139 110 136 108 116 143 148 146 101 113 0 0 130 0 127 0 133 118 149 149 118 0 0 0 0 0 144 103 142 110 0 107 130 0 0 121 0 0 112 108 0 129 135 0 146 124 0 112 142 127 120 138 0 106 102 125 0 121 116 101 144 114 149 113 117 140 140 0 148 139 115 119 0 0 113 108 0 0 114 129 0 132 134 133 115 147 111 127 0 120 100 0 107 0 140 104 0 124 0 129 132 0 136 110 147 109 143 116 0 130 116 129 125 111 146 143 115 101 120 0 118 119 140 118 106 108 0 0 136 148 112 129 121 0 115 0 138 112 116 129 0 100 0 118 134 119 100 0 104 0 148 0 133 109 138 117 121 125 0 140 106 113 115 144 142 148 143 134 144 0 119 111 113 0 133 137 0 141 130 138 0 122 146 0 118 148 0 0 127 138 102 102 111 0 118 0 116 101 113 0 124 127 116 114 138 110 133 102 0 118 102 0 147 131 0 112 0 130 148 118 131 0 140 112 0 0 122 134 124 119
0 123 113 130 109 140 117 116 134 138 128 120 122 133 128 132 141 145 0 121 0 132 113 111 128 111 138 106 121 0 136 102 113 116 141 0 132 125 121 149 0 149 0 0 109 0 126 110 132 0 119 112 130 101 0 144 0 130 120 0 0 0 121 135 118 104 120 127 107 133 0 121 0 0 107 109 126 145 116 148 121 102 113 0 147 107 124 0 121 133 102 110 0 0 107 0 113 107 135 108 0 109 102 149 0 144 0 0 0 106 106 139 0 105 103 105 0 120 120 142 136 148 126 108 0 146 149 131 100 0 143 103 125 0 137 0 119 108 138 100 0 0 0 130 108 0 119 103 102 138 127 115 0 0 0 129 0 117 138 110 0 141 0 0 132 0 148 0 123 0 147 120 108 145 0 132 114 111 0 132 112 0 0 0 111 0 0 125 0 0 124 113 0 108 134 142 112 143 138 149 136 121 102 132 0 0 140 127 132 117 140 130 0 125 135 129 105 0 131 118 0 138 130 0 0 143 132 123 0 127 137 128 127 0 0 117 104 106 119 0 110 0 0 138 124 137 0 0 127 131 109 0 109 118 128 106 0 0 0 123 0 114 130 0 128 113 0 144 0 114 128 139 0 140 0 139 107 146 103 127 0 135 0 0 121 0 131 0 108 0 146 129 148 121 149 136 116 122 122 135 140 121 130 137 118 141 116 117 112 117 129 147 127 103 0 0 104 0 125 0 0 136 106 134 107 139 0 113 135 143 0 138 0 107 0 0 0 131 101 109 129 0 118 100 0 116 134 107 142 112 137 126 145 119 0 0 0 122 112 138 138 0 140 132 149 100 0 111 134 0 138 0 110 0 144 143 138 0 0 0 103 0 131 127 115 0 102 127 112 143 115 104 133 106 103 0
0 110 143 104 105 0 0 134 120 115 146 135 124 122 122 148 0 137 0 0 139 115 141 132 102 0 141 100 104 113 128 112 123 105 102 147 115 143 0 147 148 124 124 148 127 0 0 121 139 142 127 112 120 108 110 0 132 0 140 0 0 112 128 146 135 135 100 140 128 0 104 117 136 146 0 0 142 122 135 111 118 117 0 144 137 131 142 122 126 0 0 106 144 0 0 142 112 120 123 116 140 131 133 117 115 0 0 102 101 115 148 133 0 135 0 143 146 114 0 0 106 148 116 131 128 112 103 119 125 0 0 0 140 103 139 102 106 102 106 108 142 0 0 103 143 106 122 0 133 111 124 145 103 0 0 0 116 0 123 131 135 0 116 0 137 114 134 111 115 145 135 0 124 144 0 0 116 0 0 102 123 104 0 0 117 141 0 144 146 145 0 141 130 143 113 130 133 123 112 148 108 0 102 138 139 0 127 0 137 0 111 0 114 107 144 0 0 105 108 0 101 124 134 111 109 0 141 103 148 102 0 0 0 112 144 0 133 148 146 128 0 143 115 138 0 104 109 131 119 133 104 112 117 119 0 0 126 134 143 131 107 121 0 148 143 134 0 119 0 136 0 147 110 141 0 0 0 140 105 147 148 104 147 127 129 142 0 106 111 109 100 130 106 142 137 139 122 123 0 0 0 100 0 0 102 100 141 121 147 0 141 123 135 124 0 144 143 106 122 126 119 115 108 106 131 107 125 141 127 0 0 101 121 128 0 0 100 145 0 132 116 101 0 117 0 125 105 111 0 130 142 0 127 113 136 141 138 122 136 104 111 0 110 131 0 138 103 0 135 131 0 111 109 112 0 131 140 0 107 109 106 126 0 0 110 119 139 141 120 0 0 136 0 126 109
0 145 0 0 0 135 116 0 135 117 106 0 102 136 145 117 145 133 0 110 107 0 137 120 124 101 140 135 143 148 0 122 149 0 0 112 0 134 0 0 116 0 0 113 0 115 0 121 121 134 140 129 0 118 117 140 0 0 117 127 0 145 117 0 0 0 139 115 0 122 126 142 113 134 108 121 105 109 146 149 0 118 105 119 117 132 0 146 0 126 106 116 0 0 0 119 114 121 132 123 134 126 0 108 110 0 0 0 0 131 143 116 136 110 116 0 110 144 113 135 136 0 115 0 145 131 133 0 123 109 0 139 121 0 145 135 115 0 0 0 141 119 144 102 122 0 0 0 122 143 140 149 138 121 0 146 107 116 108 106 125 134 116 0 0 128 0 122 100 130 109 127 143 0 101 128 107 114 0 116 0 120 108 101 112 138 107 0 130 120 140 138 125 0 0 102 131 125 149 0 109 0 117 0 0 137 119 112 138 137 0 115 124 121 0 147 112 0 135 148 0 139 118 114 115 104 0 139 148 0 143 0 141 102 149 144 0 105 138 110 137 116 103 0 133 111 0 145 104 141 121 0 106 125 115 131 143 139 143 135 116 116 101 122 137 130 127 0 109 117 100 113 119 0 139 105 110 124 0 143 0 145 135 130 0 130 117 0 121 148 141 0 0 104 0 122 109 0 111 126 130 0 0 105 0 130 131 112 105 128 0 139 115 132 110 147 0 114 144 103 0 115 0 108 120 122 113 113 120 144 137 102 135 0 123 121 110 0 118 104 139 0 109 0 148 142 130 148 0 0 136 103 0 116 115 147 0 103 107 103 142 123 142 122 0 112 0 121 109 131 114 0 121 123 130 112 108 0 122 142 0 107 110 0 144 107 124 0 147 146 117 147 134 100
0 128 114 0 0 135 0 128 0 127 121 0 123 138 128 145 0 101 114 140 139 137 108 0 136 0 138 0 0 144 0 124 0 0 112 0 0 0 114 110 0 133 121 117 0 0 135 105 149 106 146 107 130 137 130 140 143 115 119 112 0 111 144 132 143 102 146 137 134 0 0 123 114 0 141 121 119 143 121 0 148 0 114 0 117 144 125 0 0 0 0 107 102 123 0 126 120 0 116 145 0 102 137 131 139 0 138 122 0 115 0 143 114 124 120 0 129 112 111 127 142 0 110 118 116 129 0 0 109 133 116 130 141 0 130 130 104 0 149 0 107 117 114 0 0 0 112 0 103 102 127 113 0 0 0 101 0 125 128 137 109 136 0 100 112 127 149 113 103 0 112 0 0 132 140 133 0 0 0 102 138 0 0 0 143 0 136 0 112 0 105 111 140 131 126 0 109 0 0 114 137 130 116 108 114 143 0 143 0 0 0 104 108 129 100 124 0 100 0 128 127 107 149 0 0 123 113 0 130 130 111 102 107 137 121 122 133 112 125 0 0 105 126 0 138 112 0 101 119 0 142 127 0 117 149 110 143 0 0 142 131 0 143 127 124 104 127 111 111 131 127 103 141 0 0 128 144 0 135 122 0 135 139 102 115 116 114 0 138 104 145 135 108 129 0 0 125 142 122 142 130 100 120 123 0 111 116 105 126 136 0 119 0 116 0 0 101 0 124 0 138 142 0 120 124 108 120 148 141 0 102 149 105 146 123 141 149 0 129 103 0 0 148 128 0 139 121 0 127 0 135 140 141 140 0 147 146 0 136 0 132 121 146 0 0 0 140 108 116 117 109 135 127 146 117 0 0 136 107 136 0 128 111 125 135 145 123 115 100 0 146 119 0
0 0 128 0 133 100 127 128 125 0 101 108 115 131 122 105 130 143 0 110 139 128 0 104 139 108 100 142 106 0 146 109 107 0 112 109 0 0 118 124 120 149 138 127 115 113 0 100 115 118 125 114 123 128 0 0 111 0 144 148 129 112 113 0 127 132 0 141 0 0 141 122 141 141 118 0 147 146 148 0 125 113 114 0 142 106 124 136 0 145 106 140 122 0 0 0 132 0 0 0 0 111 0 129 148 0 131 101 0 107 121 114 0 127 123 0 115 110 109 125 0 0 107 0 142 131 140 104 107 0 135 0 128 0 0 129 0 135 103 106 117 139 117 120 118 113 149 138 143 0 110 108 0 129 109 120 100 128 0 0 126 0 132 0 138 127 0 116 118 101 100 106 145 0 0 126 104 124 149 139 105 130 144 0 0 0 0 0 144 125 0 0 0 148 0 126 118 121 124 0 138 138 0 127 112 143 131 121 140 110 110 110 0 0 0 149 0 115 148 0 122 101 109 103 126 0 127 120 112 149 0 114 141 0 0 0 105 0 118 122 107 143 133 126 146 147 143 119 100 125 142 105 129 135 101 145 128 115 119 108 0 121 130 103 0 119 137 127 108 122 118 100 0 138 148 119 105 106 126 125 0 0 147 118 148 110 127 133 136 132 133 109 113 109 0 138 124 0 125 129 124 115 0 109 0 122 124 137 141 140 107 109 0 105 106 148 120 114 121 135 144 131 118 0 132 108 0 112 144 102 148 100 0 143 0 106 146 0 119 117 0 126 112 113 133 110 100 102 123 109 114 117 112 0 117 113 105 129 141 127 0 113 131 131 0 135 0 0 0 135 0 0 144 0 110 145 137 0 130 0 0 149 122 107 112 122 0 122 114 145 132 100
0 110 136 141 144 0 113 139 135 112 100 134 146 0 128 100 0 0 142 105 108 142 112 105 120 110 116 111 128 136 0 133 148 131 136 108 148 0 146 140 146 107 100 110 130 139 0 0 127 119 143 0 135 120 0 118 109 0 139 118 128 124 121 0 106 100 0 119 149 0 116 129 106 0 121 124 105 104 0 146 104 107 132 144 0 0 129 149 136 112 147 0 139 117 120 0 143 110 105 124 136 125 0 129 118 107 137 107 146 112 0 138 121 114 122 148 115 102 104 135 116 129 127 146 148 144 0 149 126 0 137 137 144 0 0 0 119 118 112 142 149 0 100 116 0 119 0 144 138 0 110 0 127 134 117 126 114 0 0 137 0 118 0 0 110 0 110 148 132 124 111 130 110 140 141 0 0 0 0 124 118 136 122 133 0 0 139 138 0 101 104 117 149 118 139 102 146 102 149 138 0 133 0 130 132 123 132 118 129 100 136 133 0 0 145 123 147 110 111 127 136 145 139 0 119 0 126 136 0 112 147 125 112 102 100 0 135 103 106 0 109 104 101 114 121 0 143 111 0 116 138 0 127 127 137 121 0 144 0 0 0 146 107 101 136 107 116 136 123 100 103 0 116 113 149 122 102 120 107 130 0 131 140 122 0 111 124 0 140 103 0 148 102 0 123 0 107 146 0 0 131 109 135 141 137 113 106 0 103 124 128 114 128 107 117 139 139 123 101 123 121 103 0 122 122 108 112 107 147 118 0 130 117 126 124 0 0 0 139 0 0 0 0 109 125 134 101 0 146 133 119 134 120 0 124 105 107 113 114 119 147 147 109 138 119 127 123 104 112 0 0 136 115 142 115 145 146 111 138 128 109 131 124 120 131 131 100 138 116 0 0
0 107 0 0 132 113 148 134 109 0 136 124 130 110 101 0 135 145 111 0 147 0 111 0 104 108 137 136 0 122 140 135 105 130 128 0 102 145 124 141 105 111 117 117 124 131 0 0 0 108 127 131 102 108 0 121 0 108 0 143 149 125 146 103 132 0 102 0 105 0 146 0 0 122 125 134 139 0 0 120 139 122 112 140 138 126 0 113 137 115 0 0 116 118 0 112 102 116 137 141 0 126 0 100 129 136 138 0 0 136 0 0 113 142 112 110 143 120 0 127 0 132 0 141 146 106 139 115 119 0 146 118 141 106 111 107 123 112 0 130 140 139 113 131 110 107 149 119 136 143 0 131 126 104 149 147 100 113 119 0 123 113 147 138 116 123 0 0 0 121 132 135 0 0 119 101 0 125 0 0 0 0 112 117 113 0 129 0 139 105 110 130 124 112 122 147 0 0 144 107 0 120 114 100 0 126 112 112 0 126 130 104 127 120 117 0 0 0 143 0 144 135 0 140 114 143 118 0 142 103 111 0 122 112 145 0 132 114 133 123 130 113 136 121 118 137 141 140 131 115 125 146 148 139 140 128 108 101 133 123 105 110 108 120 139 127 0 102 104 102 101 0 0 114 149 0 136 118 104 113 120 144 106 140 128 109 141 129 108 128 107 128 132 0 125 116 128 109 0 123 0 0 102 136 146 102 120 145 0 116 133 107 120 115 104 0 138 143 0 108 121 113 149 0 136 116 105 148 144 107 0 120 145 0 143 0 117 115 0 111 139 135 146 142 0 128 122 124 100 125 128 139 122 0 117 118 103 0 116 0 0 142 0 121 139 0 141 129 103 116 101 148 142 124 133 146 106 102 110 135 0 125 109 127 108 0 129 112 147 125
0 0 120 0 115 149 121 0 109 105 129 0 0 0 0 142 125 0 0 0 131 135 147 119 0 126 0 108 145 0 138 113 148 0 0 139 0 132 121 137 138 102 144 108 149 0 103 135 110 112 0 0 119 113 118 139 109 124 116 0 144 108 134 110 128 130 126 140 128 138 0 106 140 0 140 122 110 0 116 118 135 0 148 102 0 143 0 112 133 0 149 0 0 145 0 133 115 102 0 115 0 117 0 134 0 107 121 126 0 148 107 126 106 127 105 145 0 147 105 0 139 142 101 117 126 0 120 115 141 101 125 138 120 127 148 119 0 104 0 124 0 117 119 104 129 143 146 0 124 0 0 0 132 111 134 141 118 142 124 131 137 0 102 0 123 111 119 0 0 116 111 128 0 110 0 126 107 0 144 0 107 136 147 109 135 0 121 0 147 137 129 0 125 140 114 123 105 101 137 109 148 114 136 141 141 142 112 0 146 138 120 127 130 123 109 131 122 101 0 123 0 139 147 137 115 136 108 113 0 113 0 105 103 104 102 0 147 0 0 0 128 129 0 141 0 0 115 147 143 107 0 140 107 132 118 113 128 134 129 145 0 121 134 0 101 141 128 102 122 107 123 0 0 122 0 106 138 138 0 116 123 0 117 108 116 122 0 146 0 105 149 106 0 0 119 143 0 0 0 0 145 148 132 137 0 134 0 125 129 0 130 129 137 100 0 0 148 129 146 137 0 128 134 106 0 0 0 145 0 115 144 0 0 0 104 0 132 103 110 129 133 105 102 110 0 117 0 148 111 134 121 0 111 102 142 105 0 137 149 139 0 125 108 113 121 101 0 149 112 118 117 142 138 0 106 102 103 131 133 109 117 137 111 142 128 114 100 101 0
0 111 123 100 0 147 0 119 116 112 0 0 111 117 0 110 139 0 0 149 123 130 0 135 142 107 121 130 102 102 0 0 0 0 118 0 140 142 0 146 109 122 109 129 131 0 122 136 0 111 113 0 108 149 0 0 101 120 115 149 0 0 0 123 142 139 0 115 0 0 147 149 0 0 0 131 107 104 0 120 138 144 125 131 0 105 0 111 119 0 118 135 148 0 144 127 0 139 121 0 0 0 0 0 132 107 0 125 116 139 0 126 121 114 107 0 123 106 0 145 0 126 0 0 0 127 0 106 126 0 114 137 112 120 128 117 131 140 0 120 138 137 116 104 133 100 136 0 0 0 104 144 108 126 0 146 132 0 123 0 121 118 0 147 101 113 0 130 113 130 134 0 135 146 125 135 0 104 0 0 0 112 118 0 102 148 142 0 125 0 145 0 148 122 145 0 133 126 0 0 0 122 0 142 105 0 147 107 0 130 137 0 0 144 0 0 127 142 149 108 130 137 121 120 0 142 113 124 100 0 0 109 149 0 125 106 114 126 0 109 100 125 129 0 129 127 128 0 125 135 102 0 0 125 137 133 149 147 108 132 0 140 132 105 144 123 130 148 0 120 106 116 137 0 0 106 0 138 118 0 0 121 122 116 123 0 134 114 133 143 134 107 117 101 0 0 121 113 126 118 112 141 107 0 0 127 119 123 115 0 110 131 103 106 147 135 114 113 0 121 110 129 127 132 146 124 113 104 128 148 103 139 107 111 0 0 140 0 113 111 146 149 122 111 109 140 137 145 114 145 136 112 125 144 0 142 0 116 148 140 148 0 146 124 146 118 0 101 101 0 102 131 120 0 132 105 122 100 140 115 135 121 104 0 134 125 126 112
0 105 0 141 113 120 130 135 0 110 133 122 129 0 0 141 147 0 0 111 0 111 110 142 145 107 132 101 102 0 102 0 147 127 148 140 0 0 114 0 0 145 131 145 146 148 116 148 117 140 104 0 122 140 0 149 0 0 138 0 140 140 140 0 143 149 136 140 122 133 122 106 145 117 132 113 105 112 131 141 111 109 124 0 115 0 145 140 0 0 146 126 142 101 134 111 122 0 0 142 146 147 0 126 110 107 103 132 121 119 119 131 135 106 128 0 135 0 142 0 0 110 148 144 133 132 123 101 129 120 149 0 108 115 0 147 145 134 117 0 146 0 141 127 121 108 132 0 121 126 113 135 107 149 133 121 138 105 0 149 0 0 114 144 127 148 110 141 149 128 0 137 105 0 108 0 0 115 107 0 110 0 0 0 115 142 136 136 143 102 148 132 146 119 0 145 137 127 105 104 0 126 126 0 135 0 131 147 109 121 122 126 133 125 129 128 142 112 138 130 107 104 140 118 119 113 0 142 143 142 101 0 128 121 133 136 120 115 0 0 144 124 0 110 134 118 106 145 143 0 0 112 116 126 114 0 114 107 142 0 0 103 118 0 102 148 122 115 119 149 0 0 0 141 109 103 0 144 0 100 141 128 144 0 110 0 124 138 118 0 106 120 108 105 105 143 137 0 0 145 0 143 103 134 103 0 145 131 0 113 136 107 104 120 148 135 117 142 0 137 100 115 136 109 0 109 119 136 122 109 0 105 132 121 0 0 126 127 126 119 124 126 114 104 139 0 123 0 133 0 0 109 110 148 133 130 141 0 147 0 103 113 0 138 114 0 0 125 143 140 134 143 0 119 0 117 116 102 107 143 112 0 116 108 124 103 138
0 144 119 0 0 116 0 131 119 140 0 0 146 139 101 131 132 103 136 109 0 0 0 107 125 104 145 108 143 119 129 0 0 0 0 0 124 0 146 0 133 131 131 119 135 121 0 119 142 124 100 117 127 114 113 0 147 128 0 113 112 108 122 0 134 148 0 100 119 115 102 121 132 0 0 116 110 0 124 115 0 145 101 121 139 0 127 118 0 114 0 122 0 122 123 129 136 134 135 125 0 105 0 149 101 136 109 141 114 144 103 119 108 0 100 0 0 105 121 107 123 130 131 147 122 108 142 101 122 108 141 0 0 107 142 140 0 0 114 110 121 148 133 121 0 122 0 137 144 0 143 0 101 138 0 137 138 120 0 119 120 0 120 0 111 0 142 140 110 146 0 112 103 0 0 118 120 134 103 146 0 126 132 0 100 131 130 0 0 133 101 129 143 148 129 0 106 141 121 143 149 123 131 0 112 119 140 136 0 0 139 148 123 0 147 105 123 148 119 0 142 107 130 0 149 109 142 0 128 112 109 109 123 125 122 113 118 140 106 135 133 127 107 0 132 105 104 117 0 114 127 128 122 149 0 0 143 121 136 0 138 0 0 107 114 0 0 121 0 110 113 0 0 121 109 0 0 0 100 139 103 134 118 0 105 0 120 104 134 141 124 116 100 0 125 121 121 147 109 0 0 131 0 133 0 136 117 132 134 108 120 0 105 103 0 0 0 0 107 123 100 106 114 109 102 101 133 143 128 111 0 0 110 119 0 0 115 128 140 121 148 123 108 129 102 147 143 0 142 0 0 137 134 121 128 113 116 145 0 139 0 105 0 0 0 122 128 118 100 145 116 0 123 149 146 113 118 127 0 0 123 0 144 131 142 127
0 0 136 0 134 105 0 142 100 0 105 128 128 105 136 102 134 0 138 127 104 0 0 128 101 104 0 133 104 144 0 143 147 108 110 148 141 122 0 110 0 0 0 144 0 132 149 115 125 106 120 120 0 112 107 130 138 116 106 121 141 131 143 144 129 110 130 120 101 0 143 147 117 110 128 138 128 143 143 116 109 0 111 0 109 146 0 111 0 116 132 0 145 120 146 0 138 0 149 0 114 0 111 0 0 149 101 128 0 144 113 140 0 138 0 0 0 0 128 138 0 0 137 120 141 104 0 133 147 147 112 107 127 133 102 108 0 116 116 0 126 119 131 124 133 0 0 101 119 0 121 146 0 141 124 128 105 0 131 0 0 0 131 112 117 149 116 108 110 0 113 137 102 128 112 0 114 123 126 114 148 138 118 127 127 117 132 112 113 136 122 0 0 117 0 0 132 100 103 104 100 104 117 0 146 116 142 126 129 123 111 100 143 124 146 0 147 107 101 103 0 0 113 103 124 148 118 117 109 114 0 142 135 126 0 110 130 140 117 100 0 112 0 139 112 121 122 0 132 136 142 123 139 0 0 104 0 0 112 120 147 125 130 141 105 0 135 121 0 141 0 111 124 139 110 100 139 0 148 104 111 148 111 124 119 130 0 143 0 144 123 124 148 121 0 122 133 0 148 128 103 123 0 0 0 102 135 134 145 128 117 110 122 146 118 131 0 142 142 105 141 105 0 125 0 0 111 136 132 0 0 107 115 128 139 122 128 0 146 111 0 0 0 110 135 116 116 0 0 0 107 0 104 119 110 128 0 0 103 133 146 101 104 135 104 135 112 132 107 105 130 0 109 126 0 128 0 0 107 135 122 138 104 131 128
0 110 123 116 129 137 130 149 0 136 144 130 100 110 121 0 149 0 101 100 105 0 104 118 130 122 144 130 135 0 0 107 133 149 119 108 118 141 130 106 126 135 135 100 120 101 129 127 0 0 129 125 139 140 131 0 123 136 134 119 0 130 0 106 137 145 127 102 137 0 132 0 112 116 0 107 126 104 146 141 102 143 0 0 141 111 147 0 118 111 112 120 0 128 102 147 0 146 147 103 140 105 118 148 0 118 107 109 114 105 114 0 113 0 0 0 125 105 138 143 0 103 119 141 0 145 0 127 118 0 108 145 101 145 0 105 117 131 0 125 0 102 127 0 0 148 0 109 140 112 127 130 146 112 126 123 128 106 149 0 135 114 0 112 103 0 118 144 140 144 0 113 141 126 137 125 133 116 135 122 105 0 130 0 102 114 123 115 149 125 0 142 145 106 127 143 0 109 125 113 113 138 111 138 142 122 0 131 130 102 0 149 0 148 140 143 127 126 104 121 0 137 114 0 149 116 115 140 0 0 118 0 113 108 119 0 122 135 142 144 0 120 0 136 141 0 121 108 138 108 111 0 135 126 138 130 103 110 133 0 0 119 148 131 132 136 134 109 128 106 126 147 0 0 139 149 100 0 103 145 0 0 123 130 145 127 145 0 132 107 145 110 123 113 114 143 100 108 124 0 0 117 109 0 130 110 106 0 116 112 119 119 140 129 112 0 117 130 0 100 110 0 113 106 106 115 110 104 110 128 134 115 0 121 0 123 0 118 148 140 107 0 115 138 0 101 100 135 105 106 110 0 115 120 0 146 137 100 0 129 0 101 119 0 135 107 127 139 144 127 106 145 0 0 149 0 125 123 131 138 121 128 127 130
0 120 0 141 115 122 0 0 120 0 0 118 139 126 142 144 109 124 0 0 126 0 131 134 133 104 0 0 129 0 141 120 129 129 107 115 107 137 146 115 149 110 105 0 129 120 114 124 137 130 121 0 115 127 112 105 0 0 124 136 106 0 109 108 143 0 121 110 132 0 0 0 138 113 142 140 125 139 109 116 144 106 111 138 0 0 100 123 148 0 103 108 110 129 103 104 119 142 0 139 0 127 0 137 0 126 118 121 112 112 111 119 122 0 0 138 115 113 131 139 0 130 141 108 105 119 138 139 0 100 113 148 0 127 119 126 0 129 139 0 114 0 0 0 136 130 139 0 110 0 106 126 0 103 109 136 0 112 106 124 106 0 104 0 148 140 129 0 144 118 148 148 134 141 138 128 0 0 134 130 0 115 131 137 143 134 137 113 146 136 142 120 135 0 113 0 0 141 100 143 108 117 124 139 0 0 103 0 127 0 104 147 145 135 115 136 0 0 144 141 141 130 139 131 147 132 119 0 0 131 142 129 147 137 141 0 139 144 125 135 0 142 0 118 104 0 142 0 0 119 106 118 106 0 148 0 0 135 105 0 101 0 102 103 117 0 0 0 124 0 0 148 0 0 119 0 0 131 102 148 100 122 104 132 120 147 118 109 0 0 118 110 143 121 0 110 0 114 120 133 0 0 141 105 130 135 100 110 128 137 132 136 122 100 0 101 111 0 115 0 119 0 133 105 0 133 126 104 121 134 0 144 100 0 131 101 0 146 125 125 133 0 116 100 100 0 113 0 118 147 0 103 118 0 0 0 110 0 0 114 141 105 148 115 144 108 122 118 112 0 135 145 107 109 113 0 115 108 115 122 118 128 109
0 133 106 119 0 145 133 0 0 128 134 129 0 0 0 0 0 132 0 0 127 140 113 146 123 115 0 0 104 108 0 127 0 0 142 135 120 119 147 117 117 0 132 145 135 102 114 133 0 114 125 125 102 140 0 0 132 106 116 145 114 120 119 146 133 130 147 148 0 0 103 0 133 120 138 126 147 0 103 149 126 130 104 122 104 133 135 108 0 0 145 116 143 114 136 109 105 109 129 128 0 106 129 0 124 114 114 130 124 146 130 0 0 0 127 126 123 132 0 110 0 0 129 0 144 147 129 104 134 113 0 0 0 139 132 0 109 142 0 111 0 101 0 131 130 137 112 148 118 0 149 119 141 119 136 0 0 113 117 130 149 114 117 104 146 132 136 0 0 0 120 0 109 114 126 146 141 142 111 106 0 0 0 113 142 125 104 0 122 0 148 148 149 102 117 127 102 115 119 133 141 104 106 103 109 122 141 120 100 109 142 128 139 110 0 114 0 0 136 0 0 0 120 104 0 109 126 143 147 113 114 102 146 0 127 145 0 104 0 0 0 141 0 0 0 0 0 0 0 132 0 142 103 120 144 104 133 119 111 0 142 126 135 112 112 143 115 137 126 147 125 141 121 0 117 120 124 147 107 107 116 0 102 141 0 132 127 0 0 121 0 125 140 117 122 139 0 0 0 0 123 0 104 106 0 121 113 0 0 108 147 133 131 106 0 142 0 116 139 0 134 111 0 108 135 137 134 144 115 101 102 0 0 139 103 142 108 129 129 0 109 129 124 104 121 136 104 112 0 0 103 123 126 123 127 136 149 0 117 134 127 138 137 120 110 0 114 111 0 0 140 129 0 130 144 137 103 129 117 136 145 148
0 115 144 122 131 0 0 138 149 112 148 142 114 123 0 113 113 101 118 128 141 144 136 102 0 0 130 133 142 143 103 113 119 135 112 0 143 126 127 121 124 140 103 0 0 141 105 0 123 119 101 138 0 118 122 0 0 0 131 108 0 0 112 136 132 0 144 118 122 131 138 114 121 134 142 130 0 113 117 121 125 100 135 141 126 100 137 114 139 133 147 143 107 149 134 0 139 139 0 133 111 121 0 117 110 117 0 120 110 103 103 110 143 132 0 100 106 121 129 133 144 107 130 0 147 0 0 123 135 144 0 136 141 124 0 114 120 0 0 130 106 0 130 0 133 132 140 109 100 128 0 124 142 114 143 0 108 0 0 0 0 102 123 0 0 0 116 114 106 136 102 0 106 142 122 0 127 121 146 116 0 123 137 125 124 108 144 0 103 131 116 0 105 130 147 141 111 109 142 139 0 0 106 0 115 110 133 0 128 127 0 136 0 134 142 125 0 0 0 139 111 110 113 135 113 126 115 101 136 133 149 138 111 107 132 149 144 119 131 0 123 142 136 0 102 0 141 0 137 120 0 0 134 119 125 0 0 109 123 144 101 121 0 116 123 109 140 0 0 128 114 120 127 0 143 0 0 103 141 101 0 139 125 110 0 100 138 142 132 149 104 0 137 149 142 106 126 126 131 113 112 130 0 0 113 138 0 100 139 123 0 0 142 0 0 148 0 136 111 124 111 119 103 148 0 128 0 125 131 135 105 0 129 115 112 101 102 0 112 0 137 0 129 111 149 147 126 139 127 117 142 120 117 0 116 0 133 0 120 147 0 126 141 120 106 111 119 139 128 113 0 148 0 104 134 116 129 0 144 123 118
0 0 134 134 0 110 0 101 144 109 130 139 100 116 144 117 128 0 133 135 144 108 104 0 134 0 0 144 115 110 121 105 102 0 142 0 0 128 134 120 102 125 0 117 138 0 101 0 0 0 0 121 141 111 108 0 143 0 0 0 0 133 141 147 108 132 0 149 0 146 123 106 146 0 114 0 136 148 146 110 138 139 0 0 149 145 112 0 0 141 138 0 100 120 116 149 148 129 0 143 103 105 111 122 122 113 130 141 107 119 127 144 108 0 0 103 118 124 116 141 119 131 144 144 148 137 143 114 107 0 0 109 141 100 0 130 116 149 105 0 0 119 142 118 138 104 105 0 143 136 119 145 126 114 129 142 118 136 118 144 0 0 127 148 104 117 102 0 103 118 144 0 146 103 120 145 146 118 141 147 126 102 0 138 0 127 103 104 138 126 101 146 101 101 133 135 114 0 106 127 147 114 127 136 113 141 131 104 148 0 139 126 108 138 148 100 103 0 0 0 0 0 0 101 117 146 0 141 110 129 106 0 141 106 101 142 141 117 0 148 122 0 0 138 102 108 136 106 131 144 0 101 136 0 146 139 147 121 0 109 136 125 130 148 128 0 106 127 111 142 140 119 117 0 105 142 125 102 129 0 147 120 129 123 105 117 123 119 0 122 0 140 127 0 110 136 109 125 125 122 146 0 131 105 139 0 115 0 149 134 111 141 134 0 0 0 0 102 116 124 0 124 131 141 110 0 118 126 0 115 0 145 103 116 136 136 124 0 103 141 0 0 0 144 117 0 105 109 111 106 0 116 0 0 142 132 0 137 143 114 134 145 142 121 137 0 126 143 0 0 142 133 140 124 141 139 148 124 144 102
0 132 126 122 130 111 141 140 0 103 0 0 133 104 146 130 105 110 128 128 125 0 113 0 124 131 146 147 118 101 136 147 117 0 0 0 114 149 126 0 101 0 140 122 113 114 140 118 105 131 137 122 106 120 149 146 146 100 104 0 131 144 144 131 106 121 143 125 0 100 145 101 130 147 128 0 133 111 123 108 0 108 0 136 117 115 102 113 0 112 103 122 0 119 125 140 124 0 139 0 102 128 107 129 136 124 145 0 0 0 0 124 0 102 121 0 149 131 109 142 106 143 111 139 0 0 138 135 109 0 0 108 115 0 128 139 121 0 107 0 101 101 0 111 123 107 149 128 129 0 0 0 144 149 0 103 0 147 139 147 131 116 0 139 118 117 125 145 0 133 125 0 0 108 106 0 148 143 116 0 127 114 131 126 103 147 142 0 0 0 112 100 0 0 148 112 133 146 115 121 121 149 125 0 119 103 123 0 0 0 110 132 0 130 129 142 0 125 117 0 125 126 104 0 143 116 0 142 114 0 0 0 0 117 0 127 124 114 112 122 0 115 104 0 149 121 0 137 107 124 0 121 105 0 126 149 131 114 103 135 100 127 0 147 0 141 113 0 0 148 0 0 125 133 142 0 0 125 0 111 0 0 132 0 118 145 108 148 115 136 106 133 0 124 101 0 0 144 0 128 130 0 0 114 107 142 113 135 102 108 147 140 145 0 118 0 143 0 120 146 105 100 0 0 145 128 100 0 0 102 0 126 145 138 122 148 125 0 0 0 137 138 105 144 120 100 135 119 134 0 129 111 137 133 0 134 138 115 0 112 0 100 116 0 142 137 128 0 125 148 145 115 0 134 126 0 119 123 0
0 0 125 113 122 103 115 141 0 0 0 104 0 118 133 0 123 137 118 0 0 111 143 126 109 0 0 118 0 142 136 0 102 132 0 149 148 148 0 146 132 133 0 122 103 144 142 133 118 144 131 0 102 0 122 0 108 124 0 127 0 0 123 0 127 106 0 136 108 125 0 0 0 106 147 115 108 141 147 126 131 0 0 122 118 103 128 106 127 125 113 0 149 126 138 119 122 128 114 127 128 107 101 131 148 134 120 104 116 113 105 134 148 149 0 136 0 140 127 120 132 112 0 131 0 122 114 111 139 0 108 102 0 149 117 141 0 133 0 0 0 0 107 114 106 0 129 134 134 148 149 135 104 121 0 0 143 0 112 111 136 0 111 130 101 118 104 121 144 145 105 137 122 0 0 102 127 118 122 0 148 0 0 133 124 108 139 125 122 0 103 126 0 120 145 128 135 139 110 0 126 0 0 102 109 116 121 132 143 0 138 0 124 129 122 142 126 132 130 0 0 119 125 0 0 114 138 0 126 146 144 147 128 102 133 0 122 100 0 111 149 127 0 0 0 119 133 132 146 137 102 0 124 121 143 107 127 149 148 103 129 102 118 145 146 122 0 123 143 0 145 119 149 0 119 147 0 0 142 115 112 103 0 0 108 120 0 0 144 138 128 147 0 141 138 0 120 116 145 114 102 137 116 146 108 107 149 115 129 148 103 134 117 0 139 126 113 110 0 102 0 102 0 0 101 0 0 120 118 102 126 103 137 117 122 0 128 115 134 109 140 122 0 113 121 103 0 111 135 119 0 0 140 123 126 0 111 0 137 0 0 0 138 112 104 0 132 141 120 0 117 144 116 111 110 126 126 116
0 0 0 0 110 126 0 128 147 0 101 108 144 116 0 137 131 105 122 100 111 126 141 112 149 0 104 130 129 146 106 0 0 104 108 105 133 110 0 128 146 0 116 131 143 0 113 142 116 145 0 0 123 124 149 133 133 132 118 103 113 139 112 0 109 122 127 138 142 144 100 133 123 100 124 0 106 0 0 0 112 114 112 0 0 129 120 104 100 122 108 104 0 106 134 142 140 126 126 0 103 116 125 104 0 108 109 108 104 147 0 145 100 122 123 131 102 114 132 145 141 0 135 131 0 0 135 0 0 127 111 112 139 143 111 108 0 0 0 113 126 139 141 0 126 143 128 121 105 144 145 112 0 0 126 125 0 0 0 0 0 139 0 145 142 133 100 0 131 135 0 120 105 141 0 115 120 119 0 0 0 139 0 138 109 0 139 148 139 0 117 130 139 115 134 148 142 0 135 117 130 0 117 135 127 149 143 112 122 137 137 127 148 120 106 121 124 118 0 105 144 132 117 0 129 130 146 145 116 0 144 140 0 110 0 140 0 119 142 121 138 124 105 0 112 0 0 142 100 110 108 148 0 128 147 0 141 136 142 139 121 120 111 135 119 104 0 137 0 0 144 0 110 139 0 119 113 129 0 0 144 135 139 136 129 0 118 0 147 0 136 0 100 0 113 149 117 0 120 135 149 147 0 131 126 127 110 0 0 108 105 108 129 111 101 114 0 140 110 103 139 146 121 132 116 0 121 143 140 0 0 0 0 104 101 138 0 0 147 0 0 149 111 133 102 0 138 0 120 148 112 146 149 126 125 117 112 0 134 125 136 135 0 143 113 126 0 124 112 0 139 110 0 138 145 140 145
0 110 142 131 136 103 139 104 118 142 127 127 141 0 0 104 129 0 145 115 108 132 104 125 140 138 0 139 129 145 134 100 144 117 145 101 105 0 138 120 149 112 130 143 0 146 128 111 145 101 129 0 0 116 147 127 122 0 0 102 111 104 105 137 144 143 104 132 108 143 100 0 102 127 128 0 0 0 110 139 129 0 119 106 148 105 135 0 124 144 122 0 0 116 140 149 118 107 0 145 113 147 122 146 109 0 130 119 145 126 132 0 119 133 136 111 146 0 128 134 139 0 129 148 0 106 0 140 122 148 0 143 113 140 146 0 0 108 117 132 120 132 0 113 117 125 130 143 0 123 140 145 138 0 133 0 120 136 125 120 0 0 125 132 119 125 101 141 134 101 0 103 124 148 105 117 108 148 125 0 137 143 112 102 108 116 131 0 110 134 0 0 117 137 134 102 0 118 122 145 136 145 142 148 0 0 125 104 146 0 135 120 113 105 0 119 140 139 0 0 0 108 131 0 149 0 101 127 129 104 146 0 0 110 138 142 120 108 109 0 115 141 0 120 139 125 0 135 121 123 149 113 0 141 101 128 103 0 128 134 135 119 126 147 0 134 131 142 0 0 113 148 124 114 112 0 0 145 132 0 121 0 0 141 134 105 0 133 109 102 102 120 0 102 0 101 136 113 0 110 112 137 0 142 111 108 120 103 137 0 0 110 148 124 101 120 143 118 101 130 114 0 0 124 0 0 0 146 105 125 140 103 118 109 0 0 106 104 133 127 124 114 140 0 109 0 0 119 143 131 115 133 122 116 147 129 106 114 0 139 114 0 147 142 106 135 0 108 119 117 148 145 0 107 142 133
0 0 0 114 0 0 0 0 146 142 137 117 131 100 118 144 139 133 135 136 129 115 102 127 130 115 146 130 135 0 128 115 143 149 147 141 135 106 122 0 124 110 107 0 100 114 100 101 104 142 135 0 0 102 133 0 126 0 116 132 146 147 100 0 138 145 143 142 121 0 120 103 0 138 147 132 0 148 110 103 124 0 0 116 133 110 0 134 108 122 140 112 0 0 0 0 0 100 0 135 0 0 113 137 119 126 111 120 134 118 120 146 0 126 0 0 0 105 119 128 140 103 129 127 119 136 110 0 114 116 104 147 0 138 0 0 135 120 130 146 129 103 0 116 0 116 128 139 0 127 109 107 0 120 117 143 0 112 120 0 123 0 120 0 144 148 116 144 107 0 111 144 119 128 121 138 104 125 144 141 127 131 0 145 126 114 130 0 122 0 126 143 0 147 128 102 0 140 148 0 108 129 130 138 123 116 101 107 141 0 100 125 0 0 103 134 148 128 0 124 124 0 133 117 145 108 118 0 111 134 144 0 106 0 0 123 102 0 113 147 0 146 0 0 119 0 127 137 0 112 0 132 108 135 121 136 109 133 134 122 119 124 103 132 115 0 109 119 147 142 129 0 137 112 102 0 122 102 0 148 0 148 132 0 131 119 101 134 101 125 0 0 106 137 136 107 0 119 0 0 144 142 124 123 117 108 100 130 128 101 140 121 101 134 132 118 129 111 141 132 0 133 111 138 108 125 145 148 121 110 137 123 149 122 0 126 146 115 114 111 0 107 123 130 149 120 0 129 129 0 143 142 125 0 144 110 0 138 108 0 0 119 0 0 137 149 117 138 136 147 104 0 100 130 103
0 144 135 146 132 139 104 130 0 112 129 127 119 114 129 127 0 117 110 118 137 108 114 135 131 0 106 114 0 101 147 0 126 0 0 130 117 140 0 0 142 108 121 109 124 0 113 120 0 112 0 122 102 124 124 119 0 149 0 123 134 124 118 117 0 127 121 148 135 148 142 102 0 142 116 111 122 142 142 107 119 113 140 109 103 142 136 0 136 127 146 136 139 133 149 0 119 0 0 0 145 136 132 148 0 106 123 123 121 144 109 0 0 0 130 117 141 0 0 0 115 0 122 128 140 0 130 0 142 0 0 133 0 0 0 123 104 125 0 112 123 130 107 133 147 149 128 108 0 127 149 117 147 108 138 100 0 131 133 0 0 128 145 136 0 122 115 106 111 147 130 120 117 124 112 102 105 0 136 145 116 108 141 104 115 116 117 137 105 105 136 0 125 0 0 116 0 100 129 148 115 129 131 0 112 102 127 144 124 101 100 0 105 136 0 116 106 100 0 131 0 109 137 129 0 138 140 110 0 0 123 0 134 135 122 121 124 143 102 149 117 145 0 0 132 112 0 104 132 0 114 108 113 115 136 0 127 149 0 117 0 112 0 123 0 104 0 124 0 0 122 100 112 0 117 123 101 120 114 117 112 118 124 131 144 149 126 124 149 0 116 115 130 131 128 126 100 106 131 136 111 105 102 137 0 140 0 109 137 134 125 147 115 119 125 147 122 134 130 140 103 130 0 131 130 0 103 135 0 0 114 0 0 109 119 104 129 106 114 128 115 0 140 137 119 100 106 0 138 0 125 128 103 128 137 127 100 135 131 144 0 125 145 115 149 125 106 138 136 145 107 0 137 140
0 104 132 119 0 147 0 118 144 0 115 122 0 117 116 112 0 0 144 123 128 103 0 106 105 118 138 129 117 138 111 128 101 142 0 0 140 120 125 0 111 0 0 140 108 118 131 148 145 0 101 101 0 134 141 133 0 128 149 138 128 0 145 108 128 114 131 122 124 137 110 121 0 104 148 117 111 0 105 103 129 0 0 108 0 122 0 117 123 100 141 0 0 0 140 138 114 0 111 127 133 114 132 127 143 126 143 119 115 113 122 119 117 0 106 115 149 118 141 130 146 145 140 148 113 0 142 116 0 114 0 100 127 0 119 135 106 124 128 137 139 0 138 134 0 149 131 0 0 149 124 125 143 124 104 138 148 137 132 114 101 0 0 145 148 0 0 104 115 127 141 134 111 125 0 0 101 147 110 144 138 0 140 119 146 0 108 142 138 142 0 129 140 136 113 127 0 0 141 115 136 0 0 120 133 112 135 100 0 121 125 113 106 121 0 114 136 0 129 144 133 141 146 0 0 148 131 0 116 114 0 103 0 0 0 119 101 118 0 138 145 148 125 0 123 130 0 128 0 129 110 142 0 134 128 107 115 103 103 136 138 0 142 141 107 0 131 136 145 0 115 0 113 118 0 133 0 0 140 130 0 121 101 105 103 131 117 110 124 144 101 149 108 107 148 114 142 106 136 113 113 135 0 113 0 0 147 135 125 122 0 147 0 123 0 131 115 101 0 0 129 101 137 0 0 0 0 136 142 128 117 112 0 125 0 0 132 0 123 140 114 121 100 0 107 127 125 113 0 0 129 0 149 111 0 148 0 124 132 116 106 148 140 123 129 132 135 147 101 133 134 131 101
0 0 130 117 118 116 0 139 135 103 131 116 136 106 144 104 133 135 148 143 117 127 0 106 103 113 0 104 127 0 103 122 148 128 0 143 121 129 125 109 0 102 119 131 102 0 148 115 126 112 130 129 124 129 0 105 111 147 125 0 118 129 0 118 0 123 111 141 125 0 133 146 124 111 134 136 135 149 119 119 109 114 149 115 148 0 135 0 121 0 127 123 121 0 0 141 0 147 120 134 0 131 0 131 128 101 131 134 0 114 0 0 143 131 111 113 119 112 0 101 147 142 111 127 140 0 117 135 100 117 134 131 0 0 0 0 126 137 0 107 117 118 0 112 143 118 104 0 117 147 121 112 126 127 112 133 132 0 119 132 123 114 113 0 117 140 0 105 0 0 109 101 126 139 114 0 0 102 108 121 138 0 143 0 0 110 101 117 111 106 0 0 0 149 127 149 139 138 135 145 126 129 131 135 121 106 0 112 126 139 105 0 141 105 128 114 140 129 125 133 128 108 103 124 140 140 148 127 101 129 127 105 141 147 113 149 143 115 113 133 133 147 148 0 139 135 136 113 130 109 139 0 148 138 122 0 110 104 133 115 149 148 149 134 111 137 146 106 114 136 101 148 122 147 135 125 0 118 104 136 126 0 107 109 122 126 127 108 0 102 108 134 144 129 107 0 109 104 0 115 145 107 147 127 0 124 130 106 126 0 117 116 0 101 119 132 0 144 143 104 117 103 0 0 100 135 129 126 135 0 137 140 125 0 137 144 132 0 0 107 119 122 123 0 131 0 136 103 113 120 135 138 136 126 149 124 120 126 136 123 0 114 0 137 149 0 136 0 118 149 0 100
0 0 115 0 114 119 107 138 102 145 0 0 146 109 119 135 128 131 119 0 113 110 141 130 0 118 136 110 0 0 124 140 126 0 135 110 122 146 0 148 109 103 101 119 142 143 104 126 105 0 119 122 142 100 112 110 103 114 100 143 112 129 0 111 116 141 118 144 0 0 111 0 0 108 122 117 120 125 147 0 103 0 131 145 119 135 0 131 100 109 138 132 111 112 131 0 126 112 126 0 141 107 0 128 0 120 0 147 0 132 103 0 147 0 110 130 0 0 118 122 146 129 140 0 0 132 116 100 142 139 0 0 119 142 132 0 136 0 108 133 128 125 0 123 104 121 145 0 137 128 148 103 0 0 101 119 144 101 132 0 118 126 0 146 0 100 117 106 127 0 130 105 116 101 100 123 131 143 117 139 144 138 132 0 117 147 139 132 0 110 125 127 116 103 114 133 142 127 0 0 0 127 0 146 120 0 103 0 135 117 117 102 136 115 117 131 141 126 121 139 140 0 142 130 121 126 116 149 142 136 131 136 0 125 123 130 123 110 0 125 107 132 144 136 106 0 149 0 106 142 113 108 110 105 105 100 149 145 0 0 0 120 116 0 111 0 122 0 132 141 107 147 147 141 116 0 128 120 148 121 0 0 122 135 0 0 106 113 0 132 143 101 121 138 123 139 142 0 101 115 144 0 121 118 110 132 126 129 100 100 135 109 134 108 0 111 132 108 0 128 0 133 144 103 113 125 126 126 133 100 0 120 0 0 0 117 114 0 107 118 118 0 140 111 119 0 111 132 145 110 113 143 0 118 147 124 102 118 134 130 110 107 128 105 135 103 139 0 0 109 0
0 130 119 136 131 134 107 132 112 0 136 0 105 111 146 110 142 113 127 0 105 132 136 146 0 0 110 147 143 132 132 132 130 138 105 135 145 114 128 109 143 129 139 149 0 111 125 138 132 118 129 112 130 134 132 122 144 113 100 135 108 0 136 120 119 0 119 139 138 139 0 0 131 0 123 143 0 112 143 122 142 116 122 138 145 118 107 131 135 0 0 112 109 132 113 132 0 123 143 0 145 0 121 142 110 148 140 110 138 143 127 114 0 107 128 113 131 108 117 126 127 130 130 148 0 149 141 107 137 119 0 0 0 144 134 116 126 146 125 120 0 124 142 145 118 133 144 0 0 127 125 112 141 0 119 130 121 0 0 138 129 110 127 139 0 114 148 143 117 129 118 106 137 131 104 124 0 103 107 0 132 148 0 139 0 124 114 149 128 132 0 0 144 101 145 128 145 0 0 114 122 100 112 104 117 130 145 0 0 144 139 0 138 126 102 147 123 0 121 116 125 0 0 0 124 146 100 123 133 122 130 132 141 139 111 0 107 0 113 0 103 149 134 138 130 0 105 130 0 104 124 0 146 109 145 116 115 0 114 0 103 137 105 0 110 109 0 0 147 0 0 144 115 142 107 148 122 149 0 119 136 111 0 138 0 118 0 0 0 0 0 136 140 115 115 137 142 132 144 0 115 0 123 146 0 104 0 0 114 140 132 147 111 114 108 0 102 110 101 105 104 142 145 145 0 0 124 138 105 0 122 108 0 0 105 0 116 137 104 147 124 129 0 149 130 110 116 141 118 122 116 147 0 135 124 131 146 109 0 128 115 0 122 108 0 104 114 148 119 149
0 0 105 146 0 0 0 0 139 132 0 121 0 126 144 136 147 147 0 0 110 0 127 119 0 134 0 148 0 145 114 101 0 115 105 149 148 0 144 142 119 142 141 139 145 118 136 0 136 113 0 141 118 140 0 111 0 118 140 104 132 149 148 116 0 138 114 127 121 105 112 125 110 141 0 125 0 0 135 141 118 124 0 116 0 127 105 108 148 0 139 0 0 135 112 0 141 0 0 109 115 140 0 100 130 147 148 116 121 0 127 127 120 131 148 116 0 129 140 141 0 141 0 107 0 0 130 0 149 0 133 0 110 137 136 0 0 136 0 102 104 122 113 118 104 141 124 149 139 0 133 0 115 0 148 139 126 127 0 126 0 105 102 107 106 103 145 0 107 127 108 117 134 0 139 140 0 107 0 107 133 0 0 0 129 107 142 100 128 0 138 133 126 0 107 0 120 115 112 0 107 149 105 0 129 0 135 111 141 0 142 104 103 109 110 116 109 0 122 136 144 123 104 102 139 149 121 140 131 139 111 0 108 118 128 120 0 110 129 107 102 125 110 114 0 130 105 144 144 142 136 0 0 146 126 135 138 0 111 108 0 139 0 129 133 136 100 134 135 105 109 115 104 139 106 140 101 0 118 102 0 108 130 0 122 0 0 140 135 123 140 144 131 107 0 115 104 144 0 104 117 128 0 105 134 0 109 131 125 100 128 120 107 0 0 142 107 149 0 109 108 119 134 0 139 106 130 132 112 0 0 101 115 108 100 116 125 129 141 111 0 140 111 102 0 117 139 140 0 128 135 135 0 106 101 119 114 0 0 148 108 0 128 125 143 139 114 135 138
0 140 0 142 113 134 105 112 108 122 147 103 0 124 111 0 119 145 110 104 0 120 115 114 0 119 0 134 116 142 0 132 149 0 105 125 116 129 109 0 136 142 0 109 141 107 136 101 145 133 123 100 130 132 0 0 0 111 0 113 105 117 116 115 142 0 145 139 105 115 0 140 116 133 0 119 147 0 145 105 100 148 101 0 104 121 134 0 104 142 136 141 106 0 122 144 116 123 126 121 114 0 134 0 100 0 118 130 118 116 122 133 141 0 137 147 104 105 100 0 0 133 0 115 0 116 0 144 0 114 123 147 129 120 149 0 139 119 118 0 124 118 122 113 108 123 0 134 103 0 147 0 126 132 0 0 111 0 118 0 0 129 138 118 0 114 141 111 107 131 143 127 116 111 115 0 112 112 0 129 135 145 0 142 0 131 0 146 104 0 116 116 121 0 137 108 149 131 142 120 0 131 100 146 104 145 145 141 0 135 0 127 129 129 105 107 146 142 149 115 113 107 113 112 128 145 120 0 0 133 100 105 0 126 124 118 128 0 131 120 0 0 149 128 108 110 101 107 121 0 104 102 0 149 117 134 141 106 149 115 126 100 104 0 145 121 140 0 0 0 117 0 149 147 137 135 0 130 130 148 0 109 0 123 148 142 129 121 116 128 108 135 133 147 138 0 101 113 126 110 139 0 101 0 123 107 122 132 104 0 104 117 105 146 115 148 124 126 145 0 105 0 142 144 130 0 144 136 143 130 113 0 149 132 140 141 117 133 112 0 104 148 125 134 116 123 129 0 0 0 131 129 130 0 109 126 135 124 0 112 0 142 149 100 113 119 128 131
0 128 149 0 0 120 149 136 0 118 120 0 134 120 137 130 102 147 131 0 119 114 114 100 0 122 136 111 136 114 118 0 143 117 127 136 118 0 139 0 116 0 137 126 116 131 143 130 127 147 132 144 0 0 109 148 147 0 107 0 115 128 0 0 0 133 145 146 105 0 141 124 103 118 101 126 0 149 127 130 110 126 0 139 149 116 128 0 134 0 148 132 111 102 134 123 136 131 139 0 122 0 125 120 0 115 108 108 143 0 139 103 146 0 101 139 122 120 0 115 104 0 137 120 112 102 0 0 0 142 0 0 124 130 0 110 148 141 130 0 107 0 132 0 110 0 0 144 110 115 136 111 100 123 117 124 121 0 145 0 0 125 103 122 100 117 139 0 137 141 126 0 125 124 116 137 123 102 112 114 102 0 133 109 114 107 127 0 131 107 128 148 101 131 124 105 0 0 0 136 144 118 146 114 145 0 121 0 120 143 100 148 147 138 100 149 140 133 0 0 129 115 103 0 102 0 110 136 120 0 127 0 126 100 135 0 0 112 0 127 113 0 114 0 102 124 0 108 128 108 0 128 141 107 120 134 125 0 141 125 119 0 111 133 134 0 124 0 136 130 149 149 131 0 0 0 131 129 149 122 144 114 0 119 100 148 0 142 116 116 126 143 113 112 127 117 0 148 129 104 118 0 0 148 116 148 109 0 107 142 106 108 0 100 125 145 0 102 116 108 127 114 136 100 0 116 0 127 140 134 102 117 107 129 106 144 146 136 149 119 141 109 104 107 135 147 120 123 0 100 0 0 0 0 138 104 0 145 143 0 0 0 111 114 146 131 0
0 116 128 109 0 138 119 119 0 102 0 105 128 0 140 0 129 128 142 147 0 102 114 0 109 137 105 139 0 0 0 132 123 127 0 133 0 113 126 118 108 137 131 124 147 0 109 102 106 116 109 126 109 143 119 144 0 0 141 0 136 116 104 103 107 107 146 117 126 148 105 144 128 105 106 0 117 0 135 144 135 119 0 136 104 102 0 114 0 138 136 117 142 0 142 140 109 105 102 122 114 126 0 112 121 111 108 0 0 113 124 115 121 135 0 140 144 132 127 146 133 146 0 103 125 122 0 0 130 142 127 146 144 124 0 109 110 148 137 0 130 112 128 0 127 0 0 0 126 130 117 0 128 127 117 117 102 100 0 109 144 114 145 147 0 126 126 0 0 126 140 0 149 107 136 102 141 117 148 0 0 102 106 130 0 126 0 0 120 112 135 106 113 102 131 100 119 125 120 138 104 113 128 113 121 0 0 134 0 143 121 120 107 125 119 126 149 116 147 139 0 127 136 0 117 107 142 0 0 101 132 114 0 104 127 145 0 122 145 0 120 133 0 137 100 113 0 120 111 136 104 141 127 0 129 133 104 109 0 0 112 138 132 143 0 121 0 122 143 143 120 123 0 0 0 134 129 127 0 120 0 0 108 0 111 141 145 104 146 149 122 149 132 0 121 137 0 109 105 128 121 116 0 142 126 104 128 109 0 0 125 149 109 144 110 0 116 132 141 105 130 0 0 0 126 132 114 126 132 118 129 127 128 145 112 127 115 133 127 0 0 108 135 137 144 132 113 0 0 148 145 0 134 126 0 140 0 0 144 109 103 145 108 0 149 0
0 107 0 123 135 0 118 114 100 127 148 135 121 119 144 113 128 132 0 114 0 0 127 139 123 143 126 116 143 111 144 146 0 0 129 126 105 143 121 129 121 0 100 148 0 138 141 0 140 0 0 142 0 113 0 113 130 124 103 112 128 0 124 141 108 0 125 0 0 133 125 109 0 0 107 124 135 133 117 143 0 147 0 131 125 0 148 123 131 145 136 103 0 130 142 139 139 105 0 0 130 0 107 0 108 0 129 104 125 139 120 110 0 111 142 135 132 112 0 132 144 0 119 136 103 0 129 126 117 118 125 0 109 122 148 100 131 100 0 122 128 0 0 0 139 131 102 147 133 146 110 104 0 0 114 122 120 142 140 142 0 121 0 125 100 130 105 129 115 116 0 111 118 130 113 135 120 145 134 101 122 142 146 142 0 0 0 132 117 0 0 102 132 138 111 120 0 0 0 116 0 145 0 145 123 0 147 120 122 108 106 0 124 118 124 104 120 139 110 0 140 120 136 120 133 141 111 0 138 0 122 141 110 118 120 100 114 102 107 0 136 134 134 103 105 113 0 121 145 110 107 144 132 128 0 0 144 0 111 0 144 0 0 104 0 140 133 113 135 132 133 128 121 114 112 124 116 128 140 143 109 107 107 100 132 132 103 0 109 0 132 149 139 115 143 103 110 122 122 103 136 130 0 122 128 128 0 142 0 0 137 0 103 102 100 146 117 104 0 145 0 0 125 142 110 130 0 130 149 121 0 101 103 122 0 145 146 145 0 0 0 0 135 107 0 102 0 0 116 139 124 116 0 139 106 135 0 0 132 124 0 0 132 118 143
0 0 114 122 125 141 126 0 119 141 0 0 100 0 100 121 0 107 113 0 124 101 126 136 0 0 0 0 119 125 119 135 106 139 0 0 0 110 0 115 0 126 0 0 0 107 147 145 0 123 149 113 142 116 145 108 136 125 117 133 149 0 111 103 146 143 0 126 127 125 122 135 0 126 134 132 127 126 106 0 103 115 0 131 114 100 0 0 114 111 110 101 102 134 0 118 121 109 0 134 119 119 0 0 0 116 0 147 148 0 127 144 0 0 0 0 129 0 0 113 118 0 101 103 0 0 129 133 114 103 116 113 119 146 125 131 107 128 0 122 120 0 114 116 139 0 0 145 125 0 0 140 0 0 122 0 0 100 0 137 0 0 124 0 131 0 113 108 117 147 149 0 139 0 117 123 137 0 134 0 129 0 101 116 133 126 0 0 133 100 117 138 0 100 103 107 119 110 139 125 121 0 133 128 118 0 142 141 111 105 130 111 144 125 121 0 0 127 0 141 120 142 0 124 0 101 0 139 136 107 110 0 124 127 0 139 133 115 137 133 133 112 0 0 149 103 130 127 142 115 0 108 123 0 146 108 0 113 108 108 127 142 101 0 100 0 0 114 0 125 146 134 127 131 0 114 107 136 113 120 0 109 140 0 137 110 145 0 137 112 110 0 111 120 108 0 120 0 139 143 132 138 0 115 0 138 103 140 104 106 109 125 0 0 0 144 109 119 132 0 130 143 112 108 117 0 0 147 105 116 116 115 111 113 136 104 101 124 110 0 0 104 129 113 130 116 104 114 131 107 144 137 147 113 0 125 104 0 0 149 0 124 113 0
0 121 115 148 130 120 145 0 140 133 0 146 0 144 137 0 115 138 141 0 139 105 146 130 125 128 142 103 0 0 136 146 0 125 118 104 0 0 143 122 135 0 0 121 135 0 145 103 113 143 139 107 132 136 0 133 142 0 127 137 145 118 111 122 128 0 147 140 0 129 148 0 116 110 100 120 114 136 0 102 140 107 0 143 119 137 110 108 0 0 102 0 0 0 139 108 136 135 116 117 127 137 126 0 0 144 109 120 119 132 148 0 144 109 123 108 133 0 0 107 138 118 137 0 0 121 0 0 103 102 130 141 0 0 108 117 101 126 0 0 139 104 145 133 147 128 0 120 130 145 142 130 121 116 104 0 137 119 138 115 131 105 128 144 139 0 0 119 140 140 118 119 0 134 107 146 116 108 139 101 134 127 0 0 119 133 103 102 129 124 0 140 117 125 122 0 139 130 141 143 106 110 132 112 100 0 144 0 106 0 112 101 110 104 136 0 145 146 123 0 124 105 147 0 138 108 0 129 148 114 145 101 0 0 0 100 0 0 109 0 136 0 122 0 0 148 143 114 142 0 112 135 103 0 141 141 124 0 149 104 112 119 140 128 145 0 149 101 0 143 143 132 100 111 144 147 106 107 142 111 149 126 0 138 119 130 100 149 132 0 133 0 144 0 114 0 128 0 107 128 115 139 0 0 121 103 0 112 141 129 141 0 144 105 108 122 105 104 106 0 127 102 102 0 106 113 121 0 130 114 141 127 0 119 0 112 127 133 0 101 141 140 0 103 0 134 0 106 108 123 127 112 146 145 147 107 146 107 148 103 125 130 0
0 147 0 141 104 0 115 0 0 123 140 128 137 134 148 104 127 128 137 142 101 106 127 0 138 113 136 0 0 113 113 129 114 139 0 149 117 127 132 0 144 141 116 113 0 115 0 141 136 147 115 100 102 0 136 106 130 118 100 109 0 148 0 0 146 113 125 0 0 0 129 0 127 0 0 121 124 0 128 143 100 137 100 128 115 113 129 0 131 135 146 0 113 0 101 145 126 105 113 140 124 0 102 0 0 126 102 0 0 106 140 113 102 0 129 0 0 112 145 148 106 0 0 123 137 0 116 134 114 104 121 137 0 0 131 0 130 117 104 147 115 137 129 113 136 124 0 0 133 114 132 122 0 0 0 0 119 0 130 103 0 142 139 0 144 111 129 142 118 102 108 0 101 117 122 140 130 0 149 0 112 0 117 0 121 128 124 139 109 105 0 0 146 132 118 103 0 102 0 136 0 118 143 106 105 0 143 129 0 135 120 101 104 100 102 0 122 140 104 124 108 124 114 107 129 0 130 0 142 118 105 126 143 141 127 110 0 133 114 126 115 108 111 119 111 141 0 0 134 124 0 109 103 137 135 144 149 0 123 0 120 140 0 107 138 105 0 114 104 111 127 113 149 0 106 122 106 138 119 131 109 106 123 0 0 0 104 119 148 122 108 138 0 142 141 0 124 126 133 146 0 139 123 141 126 0 0 142 0 0 128 104 126 0 0 101 118 115 0 123 128 112 145 0 133 116 126 0 118 125 125 137 116 141 109 112 106 135 118 122 112 144 117 0 114 0 109 0 100 127 146 0 135 117 0 0 130 0 0 124 0 0
0 0 133 133 114 0 100 0 0 115 133 122 125 105 0 130 0 149 114 144 107 0 140 133 117 147 103 134 110 137 143 128 0 129 0 0 131 107 137 138 121 0 0 131 0 0 108 0 0 109 0 124 125 112 141 132 141 0 126 114 0 142 148 117 129 130 127 105 132 113 133 120 149 104 0 149 108 109 0 115 114 143 146 0 112 123 135 136 123 0 128 142 125 119 115 128 133 103 112 134 0 131 129 147 119 0 130 0 0 148 138 107 0 0 107 0 132 132 126 125 140 0 127 123 122 145 126 108 0 113 119 125 108 127 104 106 112 137 135 128 120 121 144 113 0 125 0 126 149 0 0 0 0 113 134 101 148 104 135 0 134 133 132 0 126 108 134 0 122 109 110 135 149 131 146 139 112 0 147 133 134 109 0 127 142 140 0 139 103 121 107 140 0 114 0 119 0 0 113 143 115 114 0 135 0 104 122 118 109 103 129 102 110 0 125 105 103 110 141 121 100 116 116 0 140 119 129 105 107 132 105 101 135 0 113 108 0 0 121 140 125 0 124 0 0 127 112 0 0 0 117 140 0 130 117 108 136 131 140 139 136 0 0 0 125 132 0 0 102 114 129 0 0 108 109 0 119 121 136 108 144 147 144 128 119 0 101 140 134 147 0 0 142 125 129 105 113 138 145 126 134 0 114 0 102 123 121 131 142 137 102 104 0 0 139 142 0 139 0 131 135 130 0 134 110 134 113 0 113 147 0 0 117 113 120 0 0 132 102 105 148 139 111 124 129 104 121 0 0 125 121 118 104 142 0 141 121 131 110 0 110
0 120 0 137 0 0 0 103 108 135 123 149 0 104 104 147 149 137 128 148 116 102 100 118 119 115 108 149 118 0 122 110 101 111 108 137 147 0 134 144 109 108 0 128 121 105 0 106 0 121 137 119 139 0 106 0 111 126 0 0 125 0 0 112 121 149 102 106 124 105 143 0 141 109 114 134 112 103 141 144 106 0 148 0 100 102 122 122 136 130 101 113 137 141 119 0 145 109 114 142 102 0 0 0 132 118 122 0 137 139 145 143 105 0 113 145 108 0 106 0 0 133 0 103 100 0 107 107 106 132 134 101 143 0 0 137 124 0 0 142 0 102 129 146 145 116 127 106 139 0 135 123 0 136 129 148 0 122 0 136 128 0 113 105 108 144 0 112 148 139 101 142 0 135 135 143 135 141 114 104 0 0 148 120 104 105 0 0 100 105 131 0 118 118 147 140 0 0 102 0 137 0 107 139 116 0 134 147 120 111 132 111 105 125 130 0 134 115 145 149 0 0 119 138 0 0 117 0 0 0 107 147 134 128 133 138 118 126 124 122 149 100 123 117 0 122 102 142 108 136 0 101 113 108 108 112 119 0 136 118 136 145 0 124 112 0 132 105 132 0 139 137 132 0 141 132 105 121 101 0 123 0 137 122 111 132 108 140 128 0 143 0 127 126 0 139 108 0 135 0 0 101 108 100 145 130 0 135 105 0 147 0 133 127 0 123 121 104 105 123 121 131 100 0 126 119 122 101 145 0 102 0 112 0 110 131 0 116 138 145 0 109 134 0 111 138 134 127 0 121 132 0 132 0 148 0 138 126 121 114
0 100 138 102 0 109 140 126 133 109 132 115 110 0 143 140 138 102 106 146 123 111 129 118 137 114 138 0 122 0 136 135 0 115 120 106 144 115 126 134 101 0 115 121 116 145 114 118 135 137 141 132 112 130 0 144 0 0 101 0 145 0 104 147 102 107 0 134 134 131 116 0 148 140 0 131 115 117 134 110 0 101 104 124 140 100 104 102 0 123 105 144 100 133 104 0 100 137 131 133 127 110 0 147 107 114 0 111 0 108 121 113 0 0 114 122 129 116 115 0 148 0 0 139 0 148 0 121 122 146 110 103 0 0 106 136 103 126 138 134 141 0 108 0 0 130 137 139 0 126 0 143 0 141 120 0 0 139 117 125 149 141 0 0 130 128 117 102 147 138 137 0 123 112 0 0 110 0 0 0 148 121 144 141 0 123 0 113 146 112 139 0 124 104 112 145 0 143 129 129 111 112 0 0 121 0 0 127 117 0 103 102 0 0 125 0 124 133 123 0 0 110 140 0 0 122 0 124 140 140 128 111 134 137 0 106 0 141 142 141 106 148 0 124 0 112 0 103 130 135 120 107 129 0 132 0 110 101 107 124 116 0 138 0 123 109 0 0 117 118 132 0 113 0 111 144 131 144 106 145 134 127 129 101 139 143 0 0 149 107 136 110 144 144 0 114 116 127 112 144 129 112 134 0 106 136 114 140 119 107 110 0 0 124 140 127 0 104 0 131 0 0 144 137 131 108 146 101 103 122 108 137 121 128 144 122 0 0 143 0 142 138 106 131 102 106 134 0 103 111 144 104 131 148 125 115 0 0 124
0 130 0 0 107 0 127 0 109 131 133 0 0 132 100 111 105 136 0 0 127 101 0 126 119 140 145 148 139 146 141 127 136 104 103 0 131 149 102 142 115 118 140 121 127 0 112 133 110 104 135 0 119 134 139 103 118 124 104 0 101 118 132 123 112 0 0 110 122 101 0 0 120 0 148 120 120 115 125 127 145 138 116 149 112 0 118 132 115 127 137 142 146 133 109 116 0 104 109 123 106 123 0 135 138 109 133 136 149 139 140 118 112 142 120 118 0 128 0 142 112 144 102 119 132 104 119 111 130 125 149 0 0 120 144 106 0 0 106 0 0 0 109 127 143 0 109 112 103 103 128 115 130 132 133 110 148 129 125 126 0 0 127 0 116 0 0 141 115 0 0 144 108 146 111 115 112 0 146 129 124 128 149 141 130 109 144 137 120 118 124 115 0 132 108 121 109 102 114 112 0 0 102 114 0 138 148 135 100 146 102 123 130 0 147 136 104 140 115 0 142 137 120 135 141 137 128 109 105 118 107 118 143 143 0 107 143 0 127 113 138 115 0 110 118 0 117 0 107 124 139 130 115 129 114 147 130 0 116 125 131 105 106 0 109 119 0 0 0 121 111 0 129 129 0 123 110 131 0 116 101 0 144 120 122 125 134 0 108 128 140 143 122 127 0 116 125 107 126 103 116 145 0 0 0 0 0 0 115 149 113 136 0 0 0 138 133 148 110 133 0 0 0 145 117 129 103 116 129 0 133 118 107 109 144 133 0 141 138 101 0 133 148 133 146 144 142 125 121 136 144 130 122 137 0 145 114 128
0 142 0 144 149 133 110 0 143 115 119 146 116 0 0 107 129 148 149 104 110 132 142 0 130 111 0 120 100 0 111 127 107 122 104 149 135 117 0 0 114 115 107 129 0 132 0 0 142 138 137 131 143 112 125 105 0 0 0 100 120 141 139 135 109 133 138 0 119 127 0 144 100 149 130 109 123 105 118 101 126 0 110 130 144 0 100 125 112 137 137 147 147 109 133 103 148 106 138 119 0 144 140 114 122 115 127 128 114 124 138 0 105 0 148 104 124 0 138 135 132 0 0 0 0 0 144 113 104 116 125 0 0 111 130 148 135 124 141 105 0 112 149 106 121 0 137 104 136 0 116 131 0 128 0 100 0 0 136 140 119 115 146 0 121 136 128 135 111 109 0 126 125 114 0 137 114 135 123 114 0 119 125 0 0 121 126 0 116 0 0 148 0 117 100 129 104 140 0 0 118 148 120 113 0 136 104 102 132 109 123 112 132 125 0 147 142 0 140 0 0 100 0 0 149 100 111 127 127 116 103 120 0 144 118 135 122 0 0 147 120 115 140 106 102 146 116 132 0 0 106 107 0 117 0 0 127 121 141 0 107 0 0 133 106 100 122 137 114 0 108 104 144 105 0 130 137 117 0 0 112 112 113 0 108 128 124 138 106 129 128 0 126 0 0 0 124 125 103 119 115 0 117 0 0 135 100 0 105 144 111 0 113 111 144 0 106 132 107 128 129 140 104 121 112 0 101 0 144 137 105 139 105 121 135 102 0 102 0 131 116 129 137 123 120 135 111 149 0 0 107 110 107 144 111 107 110
0 118 104 0 120 0 124 0 133 148 114 123 134 133 138 105 146 108 120 125 0 117 0 116 128 142 105 113 109 124 108 111 0 122 140 120 116 129 140 0 138 0 117 0 127 101 0 116 142 0 133 124 136 148 120 122 110 119 126 0 147 145 145 148 115 0 0 117 144 145 113 128 0 0 104 108 0 0 140 118 116 0 121 0 105 0 128 100 138 149 129 132 0 124 0 133 119 101 110 121 133 131 117 108 143 0 142 0 137 147 0 115 133 143 116 107 0 112 149 134 146 141 122 111 0 120 0 106 108 115 0 130 0 126 0 135 0 0 125 0 123 105 105 0 117 148 123 0 128 118 102 125 136 113 135 101 0 119 126 133 123 126 0 144 0 132 146 134 119 139 143 114 110 0 112 140 102 134 140 128 133 125 0 127 119 136 0 120 121 147 0 108 132 122 0 0 0 113 144 126 0 143 0 135 136 114 134 0 0 0 0 119 119 149 122 0 0 124 148 0 100 145 0 127 106 144 135 0 148 116 0 0 124 133 0 129 128 119 0 132 149 121 0 117 118 0 116 136 137 0 106 145 134 0 145 101 0 126 134 129 107 134 0 0 108 114 149 124 128 0 0 103 0 0 118 134 0 117 107 0 104 121 119 108 130 146 120 0 140 120 123 147 0 114 0 139 127 0 139 140 136 0 0 119 105 119 110 141 111 136 103 0 0 140 130 114 0 148 112 0 0 109 141 0 141 138 0 126 125 120 116 124 139 0 106 136 145 0 138 113 0 0 111 140 114 126 139 130 103 105 130 122 148 107 121 0
0 138 112 101 135 0 143 102 101 130 125 106 115 108 139 0 109 123 110 0 120 116 133 120 148 110 139 0 111 0 111 104 136 0 121 0 116 144 128 0 100 128 114 132 130 0 113 122 114 104 0 147 118 136 130 145 104 0 0 140 123 0 149 0 116 0 0 132 0 0 104 142 118 111 0 0 0 0 124 0 125 0 122 0 117 102 0 0 148 130 119 105 100 133 129 145 139 116 107 121 149 0 0 0 149 134 147 142 147 0 147 147 0 0 121 0 137 145 124 123 126 120 128 103 100 109 0 0 147 149 111 140 141 148 112 129 103 142 109 113 127 129 137 124 135 0 140 142 0 133 117 132 138 104 0 0 127 135 103 132 0 130 123 0 115 124 116 0 0 121 112 133 114 114 130 149 0 131 0 125 0 0 0 146 147 106 0 108 131 103 136 110 0 120 127 114 144 127 115 111 134 139 106 120 121 0 149 120 0 0 105 132 0 0 104 133 143 0 146 141 0 100 0 118 115 139 149 122 140 114 126 0 116 144 116 127 100 0 105 118 137 120 107 119 136 101 130 0 0 0 125 0 134 121 133 147 101 127 125 0 126 137 104 110 114 142 0 0 114 0 123 0 146 0 0 137 0 126 122 135 139 0 106 112 142 130 115 146 141 143 0 0 146 0 136 149 0 121 0 0 101 128 106 115 135 119 0 106 141 110 101 111 127 111 0 126 118 0 114 125 0 149 100 107 106 0 145 125 104 110 137 0 0 127 103 140 147 110 125 122 100 0 118 138 100 135 118 123 143 111 112 0 0 0 0
0 142 130 117 0 129 123 102 134 121 0 113 0 101 109 0 100 137 126 110 104 104 0 0 123 117 101 129 120 132 147 144 0 105 0 0 141 0 148 100 131 100 139 129 135 132 109 130 0 119 145 129 104 0 0 104 102 126 118 138 0 121 117 130 118 142 117 141 0 0 106 0 0 140 0 119 0 101 137 0 120 0 145 0 107 0 107 0 111 114 0 106 115 145 103 147 135 0 0 139 121 118 124 122 0 131 0 0 105 128 135 0 128 140 0 108 142 100 101 111 137 127 109 0 120 110 133 131 144 141 125 124 132 0 0 135 121 0 123 0 100 149 0 112 0 105 105 120 114 125 105 130 0 119 121 127 124 130 130 0 0 132 0 137 0 105 130 105 126 106 149 108 131 102 105 131 134 136 126 131 122 0 0 146 127 120 130 140 103 134 105 144 108 0 137 142 128 120 0 124 116 143 132 0 113 101 0 103 117 0 0 0 148 137 149 0 0 0 128 141 135 149 0 114 120 127 0 128 142 103 108 124 0 114 149 122 100 121 0 101 0 116 122 134 100 148 0 130 125 130 142 0 106 134 123 148 0 114 106 0 107 115 133 126 145 122 0 116 119 106 149 149 115 135 121 143 111 109 112 124 0 149 149 112 109 0 0 140 147 0 101 116 121 0 103 0 101 119 123 135 131 124 104 123 0 133 114 0 0 112 135 110 146 0 120 105 130 132 118 136 144 121 137 105 0 137 144 122 0 125 136 0 128 138 0 121 139 108 119 0 126 117 0 0 128 139 134 141 0 138 111 121 144 143
0 111 132 101 101 104 128 115 121 103 116 131 0 115 101 120 0 131 145 0 102 141 105 0 109 127 0 137 126 110 127 113 143 114 129 124 133 0 127 0 116 143 118 149 0 141 0 0 135 0 0 115 0 110 103 108 0 128 147 0 140 139 128 107 105 119 123 117 140 119 0 102 132 139 0 131 108 119 140 0 137 143 144 0 125 128 131 109 0 137 0 140 112 112 106 142 123 106 0 128 0 118 0 100 116 117 103 108 146 115 114 0 130 0 111 130 103 133 0 135 0 113 130 116 0 112 0 0 132 126 104 116 123 120 132 131 130 131 117 140 0 126 136 108 126 109 102 100 106 128 105 0 118 148 103 0 120 135 117 111 111 113 0 144 123 0 114 144 0 139 132 0 0 126 118 146 148 0 124 136 149 122 124 0 100 107 124 128 101 117 111 103 146 129 0 140 127 0 109 136 143 136 137 117 122 0 0 103 146 0 106 109 0 105 0 124 136 149 128 139 149 109 0 119 145 136 101 108 0 149 0 106 123 0 105 113 107 0 132 121 120 106 132 126 0 108 125 117 130 0 0 138 125 0 141 129 147 147 0 122 128 108 145 0 0 114 102 141 0 120 131 132 131 112 0 136 0 120 0 147 117 0 110 133 132 111 129 121 136 0 142 0 100 145 0 0 118 124 114 115 128 0 124 101 129 148 0 102 118 0 136 111 102 137 120 124 0 129 144 141 109 136 0 118 102 111 0 143 0 0 101 141 131 0 0 0 147 107 105 0 110 0 0 102 113 127 133 115 0 127 104 149 128
0 111 110 128 122 0 146 0 0 0 108 117 135 136 133 102 101 145 129 123 114 116 109 113 0 126 119 0 115 123 0 111 146 0 139 0 107 0 113 131 0 132 0 124 0 123 142 118 103 0 0 117 128 140 106 0 0 108 127 118 0 115 0 113 0 118 101 121 141 137 147 0 142 0 0 0 139 131 0 132 112 116 111 0 123 0 109 149 0 146 115 103 112 110 104 140 111 0 119 129 135 127 103 108 0 131 137 133 109 0 121 131 0 119 122 148 116 103 0 146 148 137 145 0 135 0 138 104 142 0 121 135 124 124 0 0 0 148 0 0 0 111 142 0 0 111 0 0 0 0 126 111 123 106 0 105 115 128 141 107 133 118 100 0 108 118 126 143 0 137 0 142 106 113 139 121 146 114 115 124 120 143 145 0 116 133 0 128 105 0 127 146 0 117 143 140 113 0 136 117 129 0 0 0 103 0 145 133 113 138 101 135 137 134 133 106 121 145 149 0 135 116 110 101 112 149 0 0 146 137 142 105 0 0 103 108 145 141 117 109 130 124 145 125 101 112 114 135 0 0 0 146 122 114 137 0 101 146 0 126 0 0 141 119 115 0 122 116 110 119 114 140 125 145 136 0 104 109 149 109 127 124 108 108 141 116 0 0 100 130 135 138 0 143 118 109 101 148 114 0 136 129 114 0 145 143 0 133 103 126 110 123 136 0 146 106 140 133 132 147 118 145 116 136 0 107 0 0 110 113 136 0 0 101 0 117 106 0 108 0 120 129 0 114 123 109 134 131 102 0 0 0
0 0 126 139 0 0 139 149 140 142 123 147 105 101 144 118 145 119 118 138 0 120 105 124 0 113 0 132 111 0 111 126 0 120 114 132 125 133 116 141 144 114 0 125 0 144 149 0 0 122 111 149 120 134 147 128 118 0 138 0 143 0 136 0 141 118 0 110 108 132 109 109 0 142 121 145 114 117 112 142 143 0 147 122 107 137 112 120 102 118 111 120 0 132 119 143 139 129 108 148 119 117 103 131 0 0 106 103 138 146 143 0 101 149 149 0 114 131 147 144 102 134 129 0 0 130 147 118 0 128 105 136 137 0 119 108 0 121 141 128 146 130 0 114 137 0 130 127 0 123 113 104 0 108 147 141 143 144 111 142 141 0 106 103 146 127 102 131 0 106 116 142 121 135 105 0 121 113 106 0 120 113 110 119 0 0 145 128 0 0 149 131 116 145 105 0 111 0 147 129 0 0 0 122 102 103 101 122 108 137 115 0 137 0 0 129 110 0 0 0 118 0 0 0 111 126 105 149 110 0 138 146 106 137 0 136 148 128 0 143 100 146 102 0 0 113 0 141 106 0 148 0 135 120 141 0 149 140 143 0 0 0 134 122 149 0 0 134 105 140 123 119 106 109 140 0 0 138 0 142 0 141 103 141 146 138 142 109 134 0 0 122 100 129 120 0 131 0 102 131 124 103 114 103 0 0 113 0 102 0 120 118 0 0 123 112 115 0 119 115 120 126 134 0 123 141 131 148 105 0 0 120 118 0 122 115 101 0 138 0 103 138 130 107 0 144 0 101 130 133 122
0 139 135 122 114 0 129 141 108 112 140 102 134 130 104 139 114 131 108 133 127 105 0 110 141 135 0 103 0 146 102 0 129 116 109 0 117 124 108 118 120 0 145 114 0 0 143 136 0 148 0 0 132 125 144 129 110 118 136 111 126 149 125 0 122 133 139 138 144 0 130 137 111 115 136 119 124 0 118 145 133 0 114 113 113 0 102 0 0 144 129 142 0 0 107 118 121 111 103 0 108 138 141 102 108 139 106 138 0 0 0 134 127 102 110 110 0 0 0 119 127 134 0 121 132 122 0 138 141 139 0 120 107 0 0 0 136 126 115 143 108 124 145 114 132 140 0 122 136 144 118 0 0 109 101 102 128 138 135 116 142 0 126 0 141 136 116 103 104 102 114 135 110 0 107 101 108 135 111 142 140 117 142 121 109 135 113 0 127 145 104 142 109 141 102 125 132 135 124 0 0 146 145 0 111 103 105 130 138 143 130 144 0 105 0 0 108 146 147 0 108 0 0 0 149 111 0 107 138 0 132 111 137 139 136 0 131 100 0 147 116 137 145 104 0 0 135 0 0 0 126 102 0 119 0 147 0 0 123 103 136 0 127 101 134 111 0 105 116 131 121 116 0 141 118 119 138 111 133 139 0 0 125 144 107 146 120 126 145 134 0 126 121 116 0 122 128 102 137 107 113 0 118 118 145 137 121 129 0 120 124 131 141 135 118 119 106 120 110 129 118 0 107 113 131 125 0 0 130 0 106 0 118 132 0 0 127 102 108 135 111 120 0 0 146 102 122 0 106 120
0 124 123 123 131 115 0 144 147 132 134 135 0 113 111 147 0 0 135 124 146 125 112 102 129 122 125 0 115 106 115 131 0 137 115 130 122 0 135 137 127 100 137 148 0 139 0 146 119 112 110 129 108 111 146 134 120 146 132 133 107 119 103 140 123 144 131 0 0 112 0 142 0 140 135 104 127 0 0 139 120 109 126 142 123 123 126 148 130 143 143 134 116 0 0 122 148 130 131 108 130 137 0 120 103 133 0 148 0 0 109 108 0 108 109 0 119 0 146 0 105 126 114 143 0 125 0 106 107 138 129 0 117 127 106 114 145 137 141 132 138 0 0 0 122 149 128 0 143 141 121 121 108 147 139 127 120 0 127 149 105 116 119 116 131 133 0 0 103 0 0 0 145 144 140 114 146 132 117 0 141 118 120 0 0 105 0 122 0 109 107 131 0 137 0 132 139 115 143 112 145 134 107 0 123 0 0 146 144 140 112 0 0 148 0 141 0 125 145 0 108 125 131 141 123 107 110 143 108 143 145 101 131 125 0 128 108 119 145 102 148 137 144 0 0 141 113 130 0 142 130 132 112 147 0 112 0 100 122 148 118 0 123 124 0 111 142 145 0 0 142 0 126 120 0 0 130 112 0 115 0 0 107 129 0 0 106 0 118 108 0 102 137 0 114 114 138 110 0 134 0 133 110 143 116 118 0 141 130 143 131 127 134 112 115 113 149 117 125 0 137 126 122 149 122 0 0 105 0 117 0 132 0 143 0 134 0 0 111 136 140 114 0 114 0 0 0 0 149
0 0 124 117 0 0 148 115 130 105 132 119 0 135 111 146 105 117 126 117 128 115 0 112 137 113 0 102 115 0 114 104 0 133 0 108 115 141 104 0 116 104 0 135 117 145 119 128 0 0 108 140 137 0 140 0 143 136 137 136 104 132 132 129 0 133 0 0 115 118 116 145 0 114 141 111 100 128 119 112 0 0 110 127 140 144 118 102 121 138 126 106 133 135 119 132 114 0 0 122 0 142 0 140 106 139 124 120 0 0 149 0 0 0 103 105 110 144 143 115 114 147 0 137 113 104 0 0 103 0 0 122 129 0 137 147 125 102 0 121 110 0 0 118 110 140 111 0 106 0 124 146 134 118 0 123 110 127 124 116 128 124 106 125 111 112 0 136 118 142 143 122 143 113 0 139 0 123 0 102 0 0 122 100 112 0 0 0 118 0 0 107 140 127 0 130 135 148 119 137 0 129 147 0 0 146 139 142 114 102 137 134 106 133 118 110 112 0 132 118 109 119 107 115 149 100 0 0 125 114 120 138 135 126 122 148 0 0 108 0 104 136 126 137 123 113 126 112 119 137 0 131 0 0 138 128 0 0 141 106 122 146 101 136 110 141 143 106 105 101 0 102 114 125 107 108 138 0 101 145 124 111 135 119 0 0 110 145 0 120 114 0 149 105 113 0 145 0 126 0 135 135 105 0 124 118 134 104 130 141 138 143 135 139 107 128 0 148 101 145 107 140 122 107 107 0 0 138 122 135 149 0 0 121 0 143 140 0 146 125 132 118 0 110 116 113 101 128
0 0 100 0 114 143 117 135 147 145 149 118 104 121 117 116 141 138 0 119 129 0 133 121 107 144 0 109 114 0 130 118 120 119 129 109 131 102 0 127 0 102 0 0 128 0 146 113 135 0 0 129 117 126 130 114 0 119 112 132 118 110 144 123 0 110 112 0 105 102 103 137 0 116 108 139 0 112 135 113 123 129 0 0 125 0 0 101 149 136 0 132 0 119 120 0 144 135 123 137 0 136 104 127 123 106 109 0 130 134 112 112 112 124 134 108 133 113 125 119 0 126 104 0 133 111 109 108 111 118 116 142 147 147 111 148 148 139 129 0 146 130 111 136 129 128 126 0 113 122 148 101 118 136 108 104 116 111 0 134 115 0 114 0 0 116 137 0 0 104 0 124 119 0 118 0 105 0 107 0 115 143 129 130 0 0 112 147 149 0 112 102 125 131 146 110 126 115 128 135 128 105 120 122 127 0 120 0 120 145 144 120 117 111 127 116 130 110 0 106 0 101 131 110 104 101 0 133 116 121 0 0 0 128 125 135 123 134 144 102 136 106 101 118 129 143 120 0 144 100 132 0 0 146 108 114 124 0 104 145 128 148 0 0 116 127 142 147 0 133 141 133 102 132 140 0 145 0 113 0 120 103 139 142 0 0 115 148 0 108 119 141 133 104 0 0 131 0 129 126 114 135 0 126 132 111 104 0 109 0 0 120 139 0 128 0 140 133 137 0 148 108 129 106 131 146 125 136 107 108 143 123 107 0 128 134 135 0 109 130 0 0 126 128 116 120 102
0 109 0 147 0 124 0 142 0 0 117 114 125 100 139 101 103 0 122 135 103 148 103 108 109 142 141 0 148 116 114 107 131 0 127 112 146 104 0 145 0 145 137 126 131 113 125 109 105 0 0 107 145 0 127 0 102 137 124 129 0 0 115 117 102 145 0 113 0 131 104 0 0 0 0 0 129 0 130 124 115 0 0 0 132 113 135 0 131 0 123 0 103 0 121 0 0 119 114 141 139 0 0 101 0 0 0 119 125 0 0 0 104 104 0 124 112 110 121 111 111 105 122 119 0 110 116 131 111 104 105 103 142 101 122 125 0 108 140 102 129 0 142 0 135 119 108 117 0 128 0 0 123 125 149 148 0 140 127 132 124 129 121 148 0 140 0 139 0 0 110 0 120 104 0 137 147 0 0 145 149 136 115 140 0 137 0 148 0 0 101 0 122 145 0 0 114 119 129 134 119 125 127 0 142 138 115 145 129 124 134 145 132 115 0 142 114 144 0 103 0 0 125 127 0 112 120 123 114 122 129 117 143 0 0 135 128 131 106 114 0 135 135 0 0 145 0 128 121 106 148 0 100 0 139 137 0 124 147 130 0 137 109 125 125 103 129 133 137 144 0 131 118 0 131 102 144 104 130 102 113 0 0 148 128 105 0 113 0 0 123 121 130 101 148 0 147 123 125 0 149 126 124 0 0 0 132 0 109 131 115 136 130 143 143 0 103 121 109 100 130 135 0 131 0 106 0 110 0 0 117 0 108 0 148 137 119 0 137 105 132 0 132 126 101 135
0 102 0 100 131 147 0 138 127 120 138 0 138 126 132 116 149 120 131 136 0 127 135 0 128 141 138 117 110 105 138 121 127 0 121 133 0 129 0 138 0 143 0 105 104 147 0 123 0 0 100 142 145 0 108 116 118 0 137 113 129 134 141 138 124 114 108 138 149 116 131 0 112 127 0 118 147 130 0 0 0 143 144 141 106 140 114 140 137 132 103 0 137 109 146 116 0 122 143 100 131 0 0 129 0 0 106 139 0 129 0 127 126 119 0 116 143 0 0 149 133 0 134 129 0 112 102 0 124 141 107 0 144 0 131 127 134 134 0 0 100 109 0 111 138 126 140 144 121 116 136 133 119 113 139 0 105 0 116 0 130 0 0 0 102 149 0 117 131 125 101 102 120 121 129 119 135 133 107 144 0 0 137 118 122 109 146 101 0 101 134 132 138 120 107 0 0 103 148 129 133 114 140 121 0 105 107 132 0 0 119 139 132 103 130 112 105 0 130 100 0 127 106 0 0 0 107 141 108 126 133 135 124 138 0 148 139 0 126 105 117 134 103 0 105 0 136 133 0 127 113 0 110 0 149 141 0 0 146 130 0 0 144 147 0 105 136 120 0 115 119 114 106 120 142 134 124 139 0 140 148 142 146 133 0 143 105 138 106 144 121 0 137 101 108 127 0 116 145 147 148 0 0 0 116 135 122 120 116 115 0 116 0 131 130 115 132 0 0 106 116 121 0 0 0 0 119 127 101 109 114 105 142 104 140 143 116 117 0 119 112 140 125 147 125
0 118 0 0 114 148 143 116 0 137 132 109 140 135 0 131 132 125 0 124 105 112 109 149 107 126 107 107 124 120 118 121 118 133 143 139 138 142 0 144 0 110 124 134 138 104 0 0 0 105 134 0 0 118 121 0 0 0 105 144 126 0 0 149 126 138 149 115 114 123 120 116 0 108 104 141 133 149 0 130 105 111 122 119 121 0 0 102 112 130 102 116 0 141 0 0 0 115 108 120 0 0 145 0 0 109 0 0 100 113 123 127 113 0 118 122 101 115 0 106 104 107 136 104 110 124 0 0 112 114 146 0 143 128 144 148 107 0 118 148 142 148 130 109 128 112 0 116 146 131 146 0 146 0 134 124 127 145 148 148 141 134 105 143 133 143 0 0 100 0 125 103 0 104 108 129 0 0 115 0 147 102 126 0 0 138 0 127 100 116 0 132 145 141 125 0 110 122 0 127 109 126 129 143 137 104 107 0 147 0 140 144 0 0 0 118 0 0 103 0 119 109 118 148 0 0 0 0 137 0 110 0 123 0 136 144 103 117 0 0 106 106 120 124 115 0 128 118 145 117 0 0 143 116 118 0 144 107 123 0 0 103 0 100 135 104 120 0 0 148 100 149 141 134 136 0 0 0 144 144 0 0 0 149 101 105 120 124 130 129 129 123 113 0 0 114 106 108 140 0 115 119 112 131 100 0 143 140 0 140 118 143 148 108 148 141 116 140 144 105 0 0 125 0 136 0 133 117 106 0 0 100 140 139 111 123 140 134 140 0 125 0 101 116
0 0 146 135 0 0 119 111 141 118 100 105 127 124 0 0 126 144 131 130 109 149 0 132 109 111 0 118 133 126 128 116 139 128 110 127 134 130 0 119 107 0 132 106 111 0 0 104 142 142 0 137 105 0 145 138 122 121 101 123 0 0 0 144 130 0 142 123 126 122 109 149 142 110 132 123 0 140 120 0 136 133 0 140 106 0 0 104 139 113 147 0 0 0 124 137 0 140 0 100 106 109 0 0 0 117 105 126 109 0 137 106 136 0 142 129 0 147 115 138 104 115 131 140 144 0 144 118 117 111 142 106 136 118 123 145 0 108 0 114 116 121 0 127 146 100 135 0 0 0 132 0 0 104 140 0 122 109 105 0 0 142 129 100 112 0 120 111 0 145 0 137 127 137 130 146 132 0 117 108 114 132 109 0 122 103 138 110 148 0 0 131 0 0 143 146 117 143 0 114 0 133 116 0 146 131 114 0 0 107 0 116 118 139 133 0 0 0 0 124 0 0 106 120 0 104 118 0 120 130 136 123 126 127 0 0 109 0 117 120 0 0 0 121 144 141 0 0 141 109 144 134 0 0 139 104 136 0 126 129 141 0 125 142 0 0 0 115 130 126 129 144 128 110 139 108 0 117 0 115 0 142 100 0 109 128 128 126 103 115 0 112 141 105 113 118 144 130 126 0 118 0 121 137 108 101 104 117 0 110 120 113 0 119 139 0 135 0 100 135 144 127 140 0 100 108 123 128 141 109 119 0 120 101 0 0 128 135 122 148 0 122 0
0 139 0 0 131 116 133 0 125 126 0 138 105 111 148 125 134 107 125 133 126 105 0 115 104 109 139 135 0 130 128 0 0 147 134 138 142 117 115 0 0 103 117 145 104 130 146 148 143 105 0 101 138 0 106 106 0 0 122 111 100 104 136 115 0 109 118 135 133 0 138 143 101 114 0 125 133 124 103 111 132 149 116 145 0 108 108 0 134 139 101 0 100 112 101 143 129 126 114 128 132 121 0 114 138 117 120 139 130 146 123 122 138 0 126 116 144 100 134 0 109 0 135 0 132 102 121 0 102 0 135 132 132 0 135 128 142 0 131 0 104 121 147 139 101 110 143 129 133 144 105 119 148 135 0 125 0 113 135 0 105 113 0 137 149 134 0 110 116 0 114 0 130 144 123 138 123 105 0 0 105 100 132 0 122 0 0 108 134 0 0 131 103 0 120 148 121 121 0 0 0 0 108 129 100 102 0 121 130 101 0 114 146 137 101 0 0 146 129 114 121 0 0 0 0 121 106 113 113 129 116 149 0 100 113 126 104 113 130 146 110 139 133 0 0 108 0 138 133 133 121 0 103 0 121 127 134 142 102 122 110 136 119 133 0 0 137 100 134 116 120 103 116 0 126 100 0 137 100 0 100 147 101 0 132 109 149 101 146 145 100 138 0 117 133 114 116 107 0 134 0 0 0 123 0 109 145 116 0 140 0 139 0 145 144 144 110 0 129 0 124 112 132 135 0 0 100 0 130 118 0 0 0 105 135 119 127 131 129 144 103 115
0 0 120 137 129 148 149 0 136 107 107 139 115 0 135 102 101 0 137 0 109 124 140 135 0 116 139 130 146 0 118 123 0 115 116 0 102 115 0 0 0 143 141 129 143 132 0 120 136 139 118 119 117 0 117 132 101 114 130 137 0 108 113 114 128 132 0 0 136 123 127 134 0 137 145 142 119 105 116 0 0 102 129 148 135 118 107 126 110 144 0 133 145 0 149 0 113 144 128 107 139 0 147 119 135 137 0 149 129 124 146 107 141 141 128 106 115 145 0 109 129 139 0 143 127 0 113 0 115 144 108 103 128 115 115 132 0 120 114 115 143 0 127 105 115 126 117 0 149 0 119 144 139 140 147 0 106 129 0 121 148 134 131 101 0 0 108 0 114 0 149 121 132 125 149 0 115 108 128 0 116 142 0 109 0 131 117 0 145 127 0 130 135 143 110 111 138 121 133 127 121 116 119 145 129 0 129 122 0 0 126 120 104 136 123 148 0 0 102 0 0 100 0 0 107 107 0 141 133 126 0 0 112 102 0 0 149 137 0 138 120 112 125 127 134 117 124 106 135 147 0 120 141 0 129 131 0 0 142 136 139 0 139 143 124 109 125 101 0 107 140 105 114 137 118 0 111 141 147 143 0 122 129 131 138 120 0 104 141 104 139 127 121 103 129 103 130 142 107 128 0 146 0 0 115 143 119 149 127 102 110 103 0 138 137 108 121 101 0 0 0 134 125 127 0 104 145 119 146 121 131 0 100 149 121 103 147 112 144 146 120
0 136 113 116 0 139 0 128 0 0 0 139 0 108 107 147 144 146 117 114 111 145 0 104 0 0 0 131 102 114 134 115 124 140 148 126 0 116 144 0 121 109 147 100 0 111 112 0 119 116 140 0 0 121 0 120 140 145 121 0 123 140 116 100 135 0 147 0 113 113 101 148 106 108 126 123 103 0 110 149 142 119 0 128 0 0 122 100 104 114 133 129 0 146 112 111 0 104 133 112 0 104 0 0 145 0 123 129 0 0 0 132 123 0 114 111 107 128 133 104 0 102 109 0 130 147 143 0 0 144 148 0 0 119 116 0 142 125 139 149 141 103 0 130 0 102 137 0 143 0 141 114 109 118 0 103 117 145 141 142 0 112 140 122 0 128 0 145 125 125 121 0 121 108 104 107 134 0 107 148 110 110 131 128 141 127 0 0 141 144 125 116 0 127 108 136 0 117 117 135 118 100 139 114 106 114 125 109 145 144 140 137 102 145 0 108 131 0 0 0 119 0 147 138 115 100 105 0 101 137 0 0 138 149 104 114 0 137 121 136 128 111 106 110 102 122 136 137 0 119 146 136 114 100 108 117 0 117 0 107 112 121 130 123 116 116 133 132 0 0 130 0 135 140 134 105 0 100 110 0 136 135 122 108 130 139 120 105 143 117 107 138 146 0 0 0 122 112 146 122 0 144 0 125 0 111 117 0 115 127 110 112 0 107 131 110 134 100 117 112 149 148 109 135 106 121 103 124 149 0 133 0 112 131 100 108 0 0 112 134
0 0 0 128 113 101 144 0 139 0 133 130 123 134 0 129 0 129 0 131 0 0 129 0 132 141 144 101 100 103 124 107 130 149 0 103 115 0 115 112 109 0 0 101 110 122 126 144 0 121 133 133 0 132 118 0 0 0 123 0 0 108 110 149 106 136 137 144 115 107 0 124 121 0 128 145 116 128 103 127 115 130 138 147 100 130 128 0 132 0 137 129 112 103 0 0 136 115 142 0 139 0 127 0 113 129 142 100 0 100 128 106 0 0 142 0 142 100 105 129 101 121 110 105 101 116 132 142 103 124 138 116 126 100 126 141 116 119 0 138 136 120 0 128 126 0 0 149 120 107 109 147 143 144 124 127 107 109 0 105 112 122 0 110 0 0 128 114 134 102 122 112 122 103 124 0 130 108 147 126 127 134 0 137 0 108 125 102 0 135 0 102 143 145 143 120 140 146 121 129 123 102 135 122 114 138 0 143 108 105 123 137 119 105 0 101 0 0 117 128 123 0 113 131 103 142 0 140 145 134 148 148 0 147 101 145 115 0 119 117 119 120 102 0 0 125 0 0 141 122 116 111 0 0 101 0 0 0 130 125 117 101 130 0 113 100 109 100 104 145 142 0 131 137 126 0 147 107 144 105 0 100 148 0 149 109 107 102 142 145 0 148 125 108 117 126 119 129 124 144 101 0 122 0 130 0 138 0 119 108 0 127 100 131 111 134 121 115 108 131 149 111 140 133 143 0 105 0 0 121 126 113 0 113 113 124 0 143 113
0 131 0 0 147 119 0 110 0 124 143 137 140 138 121 0 139 0 117 0 122 122 0 105 120 100 109 149 133 128 109 0 105 102 148 0 127 136 122 0 117 100 108 129 0 116 0 130 109 106 146 100 0 138 133 113 104 102 110 135 131 127 0 0 133 118 133 139 126 105 0 0 116 0 0 117 114 109 123 131 0 112 137 0 126 0 125 120 148 0 133 0 139 118 143 0 144 148 0 109 0 0 125 0 124 147 0 0 125 123 119 121 117 149 146 132 140 146 118 115 148 117 148 124 104 140 0 139 0 120 102 140 0 109 117 136 111 102 100 114 127 140 134 147 0 0 128 101 107 119 0 0 0 0 123 129 0 0 137 0 133 148 134 129 114 102 110 120 0 0 121 134 144 147 117 110 119 105 125 100 0 117 139 114 147 0 117 0 131 0 147 148 149 131 0 124 0 115 118 124 0 146 134 112 119 0 121 0 111 147 109 120 101 147 130 0 137 0 0 115 112 113 121 100 0 0 0 120 119 109 134 110 0 148 0 104 139 138 0 148 135 108 103 129 138 140 100 145 142 119 138 116 115 0 116 101 0 116 142 107 121 133 0 147 143 148 119 148 116 117 101 0 0 0 143 132 139 131 124 0 119 135 128 0 129 131 0 140 123 140 139 131 0 135 0 0 0 134 0 141 0 128 112 135 135 134 0 134 118 0 0 149 0 149 146 0 0 134 147 119 132 135 0 147 102 0 135 0 0 126 107 0 145 0 0 148 147 137
0 137 148 107 144 145 132 142 0 0 0 102 125 0 131 136 114 123 105 115 131 117 0 110 141 106 0 122 111 106 135 0 141 138 134 134 105 131 0 104 105 0 140 126 117 131 104 105 107 146 100 0 137 127 0 117 101 0 124 0 103 0 133 107 100 108 104 0 124 0 143 134 100 110 124 137 148 113 123 139 128 121 113 147 132 0 149 111 139 0 0 126 110 104 105 121 148 0 140 121 146 135 132 128 0 116 0 141 133 117 128 137 0 0 146 141 107 148 114 146 0 148 140 109 142 144 136 118 119 103 138 111 0 109 135 110 112 102 138 125 112 124 136 107 126 101 125 0 126 122 144 0 104 137 0 100 132 106 102 111 123 0 139 108 120 0 122 0 0 128 123 104 118 126 0 108 116 135 0 135 140 0 113 126 0 132 0 145 140 130 0 0 138 118 0 0 115 0 115 122 0 100 120 0 0 126 136 113 137 138 0 0 138 121 0 0 115 144 119 142 135 103 120 100 109 125 127 136 113 0 134 0 108 124 118 132 113 100 141 148 109 103 100 125 137 0 0 132 126 146 132 144 149 126 123 136 0 140 0 114 141 102 111 0 0 0 0 131 145 143 0 144 133 144 0 0 127 123 112 106 111 0 138 100 136 0 108 148 120 108 0 132 143 109 140 104 108 109 104 129 107 0 0 129 143 105 141 134 128 0 102 125 0 140 110 136 117 139 123 120 132 138 0 120 0 107 109 114 112 112 0 147 0 142 0 102 115
0 130 147 0 108 148 120 119 146 0 0 118 128 134 148 114 143 145 117 135 137 0 108 126 102 143 142 0 116 0 106 101 107 0 148 116 119 0 139 109 0 128 140 100 147 137 0 119 0 147 0 130 143 119 0 121 148 0 122 145 128 122 0 141 0 124 135 141 131 113 123 142 109 113 0 114 143 103 131 102 124 112 130 136 124 144 124 102 117 0 114 143 103 143 104 137 0 0 149 114 103 0 104 136 123 126 0 142 0 126 127 148 0 109 113 136 132 136 124 108 149 142 113 103 136 148 112 149 109 0 124 0 0 0 134 141 0 146 128 123 134 101 133 116 0 0 148 125 106 0 132 116 146 0 135 141 119 103 0 121 123 133 121 100 104 140 107 125 109 0 120 0 137 122 0 137 0 138 114 137 117 134 0 0 107 144 0 0 137 0 115 114 143 0 146 137 127 0 117 128 106 127 145 144 116 0 113 112 0 101 0 141 126 0 113 117 0 0 0 0 141 131 0 100 0 138 106 143 148 101 127 142 100 123 0 101 106 0 103 0 0 134 0 119 138 125 0 115 143 126 0 112 128 118 112 121 129 117 136 0 147 119 112 149 0 0 123 140 0 108 0 130 127 138 107 126 0 144 132 143 0 0 0 0 118 138 0 145 0 0 137 132 125 120 122 133 0 116 148 0 0 125 111 146 111 146 114 133 129 125 131 0 0 132 115 113 118 0 117 0 0 101 141 111 141 149 145 113 135 102 0 129 123 135 144 117
0 129 106 135 148 0 102 130 101 0 104 126 112 0 115 100 120 121 147 0 148 122 128 122 128 138 0 110 0 149 119 137 111 146 0 143 0 143 0 0 138 119 137 0 106 0 0 144 113 122 126 131 127 0 149 102 121 148 129 126 124 117 121 0 0 140 124 122 113 124 0 0 112 0 144 0 0 0 124 0 103 121 116 0 137 143 117 0 117 135 145 109 111 0 119 0 140 135 0 117 108 0 114 125 0 109 135 0 103 123 111 125 100 118 137 136 0 0 110 139 0 141 145 115 148 0 114 117 0 140 101 104 108 129 107 123 101 138 109 124 122 142 109 108 100 125 101 147 127 120 125 144 124 131 0 137 126 111 130 0 148 119 0 0 115 0 109 147 131 123 0 0 0 146 109 107 118 128 132 122 107 143 101 0 130 135 119 114 131 101 0 143 143 0 133 112 125 124 113 0 125 144 125 112 149 142 129 107 138 0 132 131 103 147 146 109 0 112 106 122 106 145 137 149 134 102 100 147 0 138 0 148 112 126 0 0 147 125 0 130 0 139 0 0 131 143 107 116 104 131 148 139 0 111 130 116 104 122 121 145 103 140 112 144 131 145 110 129 0 106 0 0 134 115 143 104 0 137 117 0 129 0 0 0 117 145 130 126 134 132 0 133 0 143 144 0 0 108 123 148 117 0 0 118 147 141 113 117 127 0 118 100 145 117 122 128 141 107 146 0 105 0 107 113 107 145 120 110 0 145 0 113 132 0 132
0 0 125 112 138 107 122 104 149 0 108 149 144 149 105 115 100 0 145 118 0 116 106 115 133 148 0 149 135 139 107 145 0 0 113 145 0 116 116 109 0 145 0 113 132 0 144 131 0 102 133 124 137 149 141 0 116 103 0 146 0 0 101 104 0 106 126 106 118 145 119 133 113 129 115 112 137 100 126 146 115 135 142 0 134 0 115 0 0 129 0 143 140 118 0 130 142 110 122 0 109 120 124 113 140 122 128 105 138 149 112 122 102 134 0 144 0 143 124 135 125 138 0 133 0 0 113 140 101 111 115 137 0 108 0 106 0 107 132 138 0 115 0 114 111 0 126 0 141 134 0 0 137 116 118 0 143 0 144 106 0 0 123 0 0 0 0 134 127 102 0 147 0 123 0 134 127 0 132 101 136 122 126 142 0 108 148 129 133 0 125 148 103 117 148 103 129 132 148 101 127 0 118 104 115 116 125 106 110 107 0 0 110 111 115 105 100 149 108 132 102 115 136 149 0 127 135 137 145 100 114 0 149 0 134 141 0 0 138 0 121 0 116 119 126 105 0 130 119 112 142 138 133 0 122 129 140 110 0 0 127 120 141 123 143 139 126 133 0 140 0 137 130 0 138 0 145 108 102 129 134 0 0 118 138 148 148 132 122 107 0 144 144 115 118 148 107 0 0 0 0 134 122 115 123 0 148 131 111 111 127 0 106 142 135 0 148 0 0 135 115 0 111 108 116 125 139 0 0 115 0 0 113 115
0 108 130 133 106 103 124 0 136 106 141 108 0 0 114 0 130 119 106 134 116 105 125 147 143 0 110 0 0 139 147 108 130 137 0 0 129 124 145 134 123 0 128 145 122 140 130 134 0 114 0 0 123 131 112 131 118 0 0 135 128 140 143 112 112 143 103 125 127 125 118 137 135 146 105 0 133 142 113 129 0 136 115 133 110 0 145 112 116 107 0 0 123 0 128 0 145 111 101 0 121 114 0 139 144 129 0 107 0 116 146 0 124 118 133 0 121 0 127 119 0 134 132 0 134 146 127 0 116 0 0 133 145 110 148 104 0 123 124 138 0 123 103 142 0 126 108 120 124 125 136 128 102 0 107 113 139 111 145 107 0 148 121 0 107 120 137 110 0 111 110 115 132 0 0 144 137 123 140 112 0 129 116 141 112 0 0 146 0 100 113 117 129 0 121 149 0 109 111 133 138 141 111 140 0 102 0 0 127 0 100 129 0 100 148 136 120 100 122 141 134 118 143 0 101 123 0 0 130 130 109 109 0 143 0 0 129 136 147 136 0 139 110 128 0 100 104 131 102 105 149 123 135 128 121 135 0 120 137 0 126 0 146 0 143 0 148 108 0 103 132 112 149 0 128 106 0 123 113 125 111 0 123 105 141 128 0 105 112 112 123 123 123 112 142 112 128 0 113 115 148 140 118 115 112 125 100 136 0 141 121 0 0 121 124 144 110 102 110 0 147 118 147 146 144 126 122 149 0 127 132 122 112
0 100 118 115 136 139 125 109 109 0 114 103 126 101 0 140 0 139 122 148 0 0 143 110 132 139 0 103 103 123 132 145 144 103 115 119 120 133 0 130 0 128 139 147 0 139 128 144 101 0 0 104 0 127 130 120 114 120 0 0 139 0 0 0 0 0 141 0 0 0 106 102 144 132 115 106 0 143 0 108 0 105 124 115 129 121 111 129 113 0 107 104 0 143 0 0 110 0 0 0 123 143 127 127 138 116 115 149 0 0 138 149 130 0 105 0 101 134 143 110 137 105 118 0 116 144 133 143 0 0 131 0 0 106 0 0 123 0 148 139 140 0 0 110 109 107 127 134 108 149 111 0 136 0 103 143 111 134 107 114 104 139 120 105 127 146 139 149 0 111 0 106 0 149 119 107 0 121 110 115 111 112 148 104 113 132 102 113 0 121 114 125 138 0 103 148 0 126 114 136 0 104 113 143 138 119 0 128 115 121 144 102 0 101 0 148 102 110 110 0 102 144 104 0 100 131 111 124 134 141 137 0 119 129 0 103 136 0 148 0 0 105 133 106 0 0 137 100 127 115 113 0 0 0 120 0 143 110 133 103 105 107 118 105 0 104 0 118 0 132 147 100 116 142 114 140 0 134 0 102 0 140 117 144 0 134 137 144 123 136 120 121 0 138 119 125 111 130 116 140 0 0 103 125 136 119 103 132 100 119 113 107 0 110 104 125 139 113 139 0 0 149 109 116 137 0 0 0 105 129 141 114
0 100 111 0 133 134 118 109 128 0 0 146 109 124 112 101 0 106 121 148 139 110 127 148 0 106 143 0 126 136 138 0 0 0 0 109 117 138 0 140 126 120 106 129 0 148 102 0 145 136 138 103 101 130 112 127 113 126 136 148 149 124 0 0 129 0 128 0 136 104 112 129 113 115 129 119 121 109 110 0 102 131 0 133 111 114 0 147 108 0 113 0 125 112 0 128 0 117 0 110 144 137 0 110 141 141 144 117 115 141 121 0 135 114 103 0 115 121 136 146 111 111 125 0 137 138 114 0 123 0 0 0 109 0 0 147 0 0 0 129 0 121 138 143 137 146 103 126 0 0 123 147 114 140 122 132 107 124 0 101 100 0 146 133 114 127 0 0 0 0 124 100 118 0 141 0 124 111 116 0 125 141 143 142 0 117 0 0 145 132 123 139 106 0 143 108 141 109 115 105 137 106 111 119 142 0 145 104 111 0 0 117 112 0 107 106 121 129 124 110 134 103 141 125 104 0 137 129 149 0 0 111 126 143 101 0 125 129 109 130 110 142 0 112 0 0 126 128 120 100 147 109 0 101 117 148 148 148 140 130 0 129 0 0 110 106 125 0 0 0 141 147 125 129 128 0 139 0 130 119 134 111 146 0 104 129 120 115 0 0 132 126 145 104 143 133 139 0 108 125 106 131 147 0 126 128 146 116 134 148 0 124 140 143 103 104 133 149 139 130 110 146 113 117 126 142 0 145 0 114 0
0 103 140 0 0 0 113 145 139 149 113 102 143 0 126 137 0 143 0 113 124 121 105 120 130 116 0 0 129 138 0 141 126 106 144 0 126 101 0 0 141 144 0 0 111 132 0 102 129 135 136 0 0 147 120 145 138 135 147 132 115 140 128 145 130 133 123 129 0 105 143 106 137 134 0 0 131 115 111 143 0 0 108 102 0 131 133 0 0 0 0 119 149 143 124 107 142 0 100 124 107 0 0 0 0 117 106 118 0 131 107 0 0 125 103 113 112 108 0 0 138 0 138 0 121 0 124 134 101 127 108 136 144 127 0 0 129 0 109 113 129 119 146 100 149 0 0 103 0 138 103 0 106 0 101 107 142 108 140 120 124 148 0 108 139 0 0 101 121 0 0 145 101 139 0 0 0 0 114 0 0 0 0 137 147 103 109 0 103 107 106 148 128 0 110 0 105 114 149 0 121 100 104 131 124 148 0 145 102 0 143 0 0 0 146 134 120 141 113 100 106 110 131 140 125 138 147 0 127 127 100 138 0 104 0 0 106 143 148 136 0 0 113 120 113 132 114 111 149 130 112 136 135 123 0 141 119 143 0 119 0 146 0 105 109 123 0 123 136 137 0 132 140 113 146 116 144 0 111 104 0 129 0 0 139 149 133 0 0 115 104 132 120 149 116 137 116 134 0 0 108 112 127 118 0 102 139 120 139 0 0 113 116 0 135 114 147 134 0 0 137 106 111 146 0 105 0 119 147 129
0 125 130 145 0 125 0 0 105 132 121 121 0 133 0 133 110 130 0 138 0 0 0 131 105 137 140 108 100 115 0 0 107 149 146 116 141 0 140 125 0 122 136 120 0 120 144 144 0 109 131 132 137 139 137 136 133 110 114 128 102 0 123 130 110 131 133 128 133 112 141 107 142 0 106 143 116 146 126 0 102 0 140 141 0 149 0 0 121 0 110 111 127 0 131 147 119 0 124 122 0 133 0 109 116 140 0 130 0 0 109 128 124 121 147 107 110 0 142 120 108 0 0 0 120 139 116 109 100 149 118 0 122 0 116 138 146 134 129 127 103 100 122 0 105 124 114 107 0 125 138 146 0 0 102 133 123 123 0 0 107 0 0 119 118 101 130 100 129 0 0 0 124 0 139 0 104 102 136 146 105 0 109 141 109 130 149 109 107 118 112 148 101 0 131 0 0 110 0 0 136 111 134 135 128 145 113 124 141 111 0 148 123 102 0 144 132 146 128 106 0 136 125 123 124 0 0 105 117 133 0 0 147 140 133 135 116 147 107 110 0 148 102 129 0 127 140 0 133 112 120 125 115 0 0 139 102 142 0 107 136 142 123 0 120 126 121 124 0 111 101 132 110 104 100 120 117 118 128 114 0 106 0 0 117 101 143 123 117 135 0 132 116 0 113 145 138 121 140 144 116 123 0 144 109 0 0 132 106 119 0 0 121 100 0 0 114 127 148 142 137 145 128 131 144 107 119 107 129
0 0 139 122 133 126 113 0 120 104 0 129 0 0 140 143 112 119 113 145 128 0 100 138 133 133 0 131 124 120 0 120 110 126 0 0 0 125 0 132 0 0 134 144 111 104 123 129 0 135 137 100 132 138 134 0 107 136 128 142 0 0 120 123 142 145 116 141 116 0 126 0 114 132 149 0 0 105 0 138 0 111 115 148 105 148 0 117 0 146 121 122 108 124 137 0 131 126 0 142 112 148 127 124 0 0 0 0 149 111 147 0 111 0 144 0 144 0 129 129 107 145 133 0 0 130 127 137 137 104 139 102 137 148 0 145 134 149 136 104 117 146 116 148 0 133 132 122 134 145 114 130 0 134 107 0 114 0 130 113 122 0 0 115 129 119 118 102 0 122 115 109 107 0 0 112 0 127 0 146 128 116 0 126 0 139 0 107 109 0 129 145 0 122 127 107 0 0 126 132 126 0 0 117 0 110 106 0 139 106 125 148 119 0 119 117 132 144 137 144 143 107 115 100 145 131 147 147 0 124 130 0 138 133 0 102 102 110 110 134 124 125 0 0 138 101 122 129 119 111 117 146 101 134 0 135 104 120 122 0 114 123 0 109 0 136 135 138 0 112 0 0 102 129 112 130 100 116 0 148 143 0 113 106 145 0 118 0 112 147 133 147 111 110 146 128 134 117 0 117 117 100 0 113 148 105 113 105 141 105 112 0 138 117 132 130 105 110 128 132 0 144 125 103 111 144 128 132
0 0 0 100 112 143 122 104 0 119 142 100 100 140 0 139 147 110 118 0 144 113 121 0 144 0 0 123 102 102 120 140 122 109 149 129 102 0 118 117 0 107 102 134 141 127 142 143 105 136 135 0 0 0 0 138 0 121 136 128 114 116 134 103 138 121 145 115 0 109 0 0 107 0 139 130 113 129 0 116 116 0 116 110 110 147 106 0 0 127 103 105 143 147 144 122 134 117 118 0 106 122 147 121 110 148 142 0 132 141 102 143 112 107 149 117 131 0 134 137 102 146 115 0 123 0 0 122 103 142 0 0 149 145 137 0 126 0 121 0 148 145 145 104 149 104 142 111 0 125 105 0 136 131 0 103 0 0 143 0 135 110 132 0 135 147 108 0 127 149 144 0 123 0 149 115 140 127 0 132 0 101 0 108 0 126 139 111 0 144 124 119 109 0 0 128 123 105 149 124 102 0 110 140 132 128 0 143 112 145 0 135 107 0 144 126 0 146 0 119 0 126 138 115 128 0 0 0 0 144 0 109 117 0 133 145 120 145 138 0 130 111 107 149 101 144 113 114 0 146 0 143 113 144 149 0 129 0 109 138 0 0 106 131 148 0 0 142 102 0 121 114 115 0 143 135 113 128 136 114 104 133 0 115 0 140 0 146 118 0 148 0 0 0 149 115 0 137 128 0 122 132 137 115 130 111 0 107 145 101 0 124 145 103 117 104 123 134 101 142 0 102 111 0 122 125 0
0 110 135 104 140 103 147 143 0 113 147 112 0 109 136 106 137 109 0 144 129 128 135 0 139 0 108 144 105 123 100 144 128 0 126 0 0 0 0 138 0 146 120 149 0 115 127 0 101 131 126 100 0 105 132 0 0 123 124 137 133 127 0 148 146 135 0 109 137 0 143 0 142 122 0 140 142 105 0 108 104 136 145 131 149 0 0 135 125 106 111 147 0 0 111 0 0 126 137 113 0 106 127 124 133 129 0 104 119 139 114 0 139 145 0 0 112 147 102 119 117 114 147 126 139 137 103 111 144 129 0 148 106 0 117 141 117 119 128 142 117 136 0 0 0 0 132 0 111 115 117 115 148 0 110 0 104 112 145 107 114 102 134 109 128 102 103 0 102 0 105 130 144 106 123 108 118 0 141 0 137 135 146 104 0 0 108 0 0 132 0 0 102 104 106 137 0 128 141 146 113 115 142 0 134 120 0 0 136 134 0 112 0 104 143 129 107 0 114 132 148 140 115 101 0 145 126 134 126 128 123 112 100 104 123 0 110 0 112 134 129 129 0 143 102 104 128 135 104 0 126 102 124 111 116 103 0 0 119 124 102 0 138 138 141 0 100 102 0 141 121 0 104 0 107 106 109 102 0 0 119 133 116 133 125 102 132 122 138 141 0 138 0 128 129 118 0 0 0 141 0 0 142 116 120 100 143 0 130 116 118 145 108 0 0 0 149 138 0 142 142 134 0 145 142 0
0 119 113 0 126 148 0 0 119 107 124 129 148 0 0 144 135 125 125 111 117 122 0 116 0 119 139 144 142 0 146 145 0 134 133 132 102 112 104 114 0 0 0 109 129 104 105 144 149 140 134 132 137 0 120 132 0 0 144 0 0 122 0 101 147 117 106 118 132 146 144 125 0 122 120 125 131 122 102 124 0 139 123 126 146 0 138 123 0 125 127 0 111 140 0 132 0 100 118 104 101 115 129 124 115 0 134 0 134 101 0 108 145 107 0 139 118 110 111 107 137 0 133 0 134 102 108 0 120 0 125 131 135 0 121 140 101 119 0 110 133 118 102 131 0 128 101 122 142 120 109 105 0 125 108 0 126 143 113 129 143 132 0 108 127 133 0 109 119 139 0 0 0 131 135 0 0 123 0 108 137 112 132 128 138 127 136 105 103 124 120 0 0 111 107 125 107 144 0 146 0 0 129 143 118 128 105 0 126 110 100 0 125 118 140 130 0 0 115 0 0 129 0 0 0 121 148 146 0 127 128 102 138 0 100 132 128 130 114 0 0 128 0 0 131 0 111 138 121 109 145 0 112 117 129 135 133 126 131 0 112 128 125 149 123 120 144 0 132 104 129 0 0 0 115 0 146 133 0 145 142 110 125 105 135 147 0 132 110 0 140 0 102 123 115 101 129 144 102 0 111 145 0 121 0 0 111 131 149 116 125 134 114 132 100 112 133 125 0 142 105 0 102 138 0
0 111 141 0 119 114 0 120 108 148 0 0 140 101 119 100 112 110 148 0 118 105 0 117 142 107 116 144 145 0 0 147 148 142 133 142 129 105 111 114 132 0 123 121 124 0 137 126 139 128 134 124 104 139 139 105 149 100 117 114 115 119 122 0 0 0 104 121 0 146 0 126 103 110 0 0 122 125 0 101 0 0 115 133 0 144 146 148 140 0 112 145 145 0 141 100 139 112 120 145 0 126 138 0 129 146 132 136 0 143 108 108 139 119 140 0 114 122 138 101 101 0 0 107 0 0 143 110 135 135 115 118 144 124 0 0 0 118 117 137 0 123 103 125 116 114 0 123 0 120 145 103 145 101 108 146 142 0 0 102 127 0 139 0 0 134 0 133 0 105 122 118 130 108 102 105 115 0 131 135 123 108 140 138 141 136 129 0 122 109 103 148 117 120 135 110 110 123 136 132 123 0 129 0 136 148 132 0 127 121 111 106 144 0 118 133 117 136 129 118 104 0 0 108 127 133 143 132 129 125 109 104 0 123 128 110 0 120 126 0 138 137 110 147 0 111 128 145 0 101 121 139 119 134 108 125 113 109 132 131 102 0 134 101 102 134 0 125 0 148 108 0 117 144 0 147 105 117 115 127 115 0 110 0 119 101 136 138 117 104 128 113 0 0 134 0 107 0 146 136 0 0 104 133 148 0 0 0 100 134 125 137 115 112 142 0 0 108 129 0 144 124 113 102
0 148 0 0 137 147 125 118 119 116 148 0 137 129 0 147 105 146 111 0 127 139 116 109 117 142 116 136 0 106 121 0 0 0 109 0 102 0 107 103 119 133 107 0 0 120 0 107 0 129 113 106 148 0 116 137 112 0 0 0 125 121 115 112 110 112 140 101 115 0 116 0 138 118 115 117 146 111 102 0 109 141 0 0 105 127 123 131 118 102 101 125 139 0 128 135 121 0 135 121 108 133 123 0 101 109 102 134 0 120 119 140 0 136 0 0 124 101 136 0 0 114 117 110 100 0 145 102 135 101 132 116 119 145 121 113 127 119 107 107 139 139 121 141 0 125 108 138 0 0 0 133 103 139 131 106 119 0 125 145 101 130 104 128 127 139 111 0 143 137 102 143 115 147 112 0 107 131 0 134 124 134 131 0 0 104 143 112 123 129 104 129 125 115 115 0 127 0 0 121 147 124 109 101 143 134 0 149 118 109 0 149 139 0 0 117 147 105 0 0 137 143 117 101 111 105 0 104 146 0 125 104 106 146 0 107 132 143 113 0 0 109 0 0 148 144 119 109 0 0 0 110 144 114 116 118 128 104 148 148 0 108 0 115 109 129 102 0 134 137 105 107 142 107 117 0 130 135 137 128 146 108 132 131 134 0 118 132 114 0 124 114 103 103 137 141 139 0 133 116 146 139 149 147 140 137 0 0 123 124 142 113 114 117 110 0 120 127 0 149 0 135 131
0 0 125 104 141 0 100 136 128 0 105 133 100 0 107 134 0 147 114 0 132 0 149 0 111 108 121 147 142 120 140 0 0 127 103 108 124 132 131 135 121 107 143 117 144 126 123 112 0 0 0 0 125 105 143 138 0 102 0 106 124 111 119 133 114 133 135 0 0 134 123 0 134 0 139 100 123 131 133 132 137 127 0 132 145 0 111 144 109 0 135 110 138 141 140 115 137 128 138 149 124 104 0 135 130 135 122 134 0 126 0 100 109 104 100 129 0 128 130 132 0 0 100 108 0 135 124 111 121 131 144 142 0 102 130 109 120 0 108 128 128 103 0 116 124 126 110 146 137 138 134 149 116 108 148 141 143 0 100 109 106 135 108 0 142 118 106 0 109 0 140 144 120 108 148 0 0 121 140 141 109 123 128 135 109 148 115 122 142 143 0 0 0 119 123 141 0 106 112 0 133 101 108 141 137 124 142 117 140 143 105 106 108 131 106 126 129 0 125 128 135 111 109 129 125 133 101 128 120 0 127 114 0 0 136 149 122 0 111 0 104 135 128 0 0 143 0 143 115 129 0 122 133 0 0 0 124 138 144 134 108 106 140 122 146 116 143 0 139 118 0 114 140 116 108 124 149 130 0 128 0 119 137 0 120 138 139 138 114 105 144 146 130 149 125 120 132 0 141 0 119 102 141 0 104 107 0 133 100 143 102 115 118 147 125 112 0 142 0 133 119 140
0 117 132 129 0 0 136 141 136 141 111 112 0 0 111 100 0 114 110 106 0 100 143 107 135 120 123 145 125 119 104 0 141 125 126 125 118 131 116 143 108 134 138 119 139 0 141 140 141 117 125 109 108 0 149 141 108 143 112 103 149 0 115 0 122 104 0 0 0 139 132 135 0 145 0 144 133 118 118 129 0 0 118 0 0 147 147 139 100 123 0 148 149 107 108 109 121 119 126 105 136 107 126 112 120 0 104 115 0 109 107 121 102 103 122 0 133 0 142 146 0 0 147 102 144 149 0 112 109 123 138 0 144 108 103 105 133 100 0 118 105 116 136 129 127 101 133 107 124 0 100 130 106 143 144 0 149 132 140 0 106 125 0 135 138 144 123 0 141 109 124 143 126 117 109 0 133 111 138 0 113 130 0 111 105 137 134 106 0 139 113 0 133 0 106 144 0 104 117 133 130 134 0 125 106 121 136 144 118 0 144 107 114 114 0 0 147 143 107 120 142 107 0 142 142 130 143 0 132 109 135 0 0 0 139 108 0 0 146 137 107 0 122 131 111 115 120 112 149 0 0 147 0 144 126 145 123 108 130 0 0 135 0 0 121 125 130 114 138 123 133 134 110 0 118 102 0 0 122 130 139 104 143 141 106 145 122 122 102 131 102 118 0 104 132 131 124 126 122 0 0 110 139 0 125 0 0 118 120 0 0 130 103 138 144 115 117 101 129 121 108
0 134 122 0 0 102 121 0 129 0 0 139 107 147 104 118 0 127 0 103 0 145 135 123 106 144 100 128 111 103 140 127 0 106 0 124 107 110 117 108 100 103 119 0 124 137 0 0 0 129 149 112 142 0 111 100 132 0 116 133 102 102 0 104 0 146 135 128 119 0 120 0 110 105 0 146 120 128 120 110 0 143 136 113 112 112 110 0 100 141 114 149 129 138 0 123 0 129 0 142 101 104 106 122 120 128 107 147 0 112 130 132 0 105 0 106 111 112 102 133 0 142 0 132 116 0 135 0 118 0 0 102 115 116 107 100 0 145 114 107 126 0 126 114 141 121 102 133 132 0 145 118 143 0 104 139 116 134 0 137 0 143 147 114 107 141 149 118 149 0 104 117 110 113 116 124 122 106 130 105 125 143 105 0 0 120 114 112 0 146 116 112 125 118 111 144 104 122 120 120 140 132 116 144 130 132 139 107 139 0 104 144 112 116 113 0 0 0 102 0 104 105 116 125 142 133 144 117 132 110 111 116 120 143 140 121 107 141 143 130 136 0 0 137 122 130 0 138 116 121 125 123 144 128 125 139 112 122 0 147 0 122 110 0 0 132 0 103 0 111 145 119 130 113 110 119 122 144 103 133 104 0 123 113 111 125 106 129 117 106 121 0 136 114 115 118 129 142 109 114 129 146 0 121 107 147 133 0 106 133 101 130 109 0 123 121 127 0 120 130
0 109 133 103 134 121 137 0 147 120 124 119 0 134 0 117 108 106 102 143 106 125 112 0 0 116 100 134 132 0 105 102 138 142 114 127 125 131 0 136 0 123 147 143 133 0 0 114 102 110 100 112 131 0 146 101 100 0 115 114 0 0 112 147 100 122 109 119 136 105 0 0 0 142 104 123 132 110 119 0 148 0 128 120 140 131 135 130 145 106 118 0 0 101 118 0 100 149 140 0 104 104 142 130 141 100 112 117 0 123 0 0 137 139 115 129 145 100 133 109 148 0 0 0 0 0 126 0 126 113 123 145 137 109 141 142 143 0 124 107 132 116 143 101 138 132 140 129 0 139 0 0 126 139 0 114 126 108 0 0 118 113 121 109 128 0 118 0 141 128 148 131 0 122 136 0 0 113 132 116 136 139 103 117 101 111 129 102 117 137 0 140 116 148 132 0 117 118 149 127 109 109 141 0 111 121 115 140 104 107 0 118 109 117 141 100 133 144 0 118 111 101 0 132 131 0 108 111 112 125 135 0 104 0 102 105 124 107 130 0 142 145 105 100 108 0 129 0 127 0 119 119 115 119 123 0 142 107 148 0 132 135 0 0 149 142 140 0 0 105 107 127 0 100 0 0 138 145 140 0 149 0 142 119 148 115 119 0 145 0 122 115 149 136 126 123 134 0 100 146 133 129 141 0 143 135 145 0 137 104 0 0 134 122 122 114 125 121 119
0 103 136 126 114 123 0 0 118 112 108 121 0 119 0 135 0 126 0 141 0 128 0 149 135 106 0 146 101 146 149 126 113 0 129 106 105 136 107 124 148 126 137 105 123 141 147 0 107 131 0 128 0 104 139 0 118 149 138 126 112 144 141 133 130 110 123 144 103 115 119 112 119 0 0 130 121 0 0 0 103 147 121 114 143 112 140 133 135 119 119 0 141 105 141 145 102 119 126 138 102 143 123 138 102 114 0 112 125 148 124 118 0 115 106 131 0 147 0 118 127 141 104 135 0 0 149 105 113 147 106 116 115 138 127 121 0 107 135 118 144 109 147 104 107 121 0 116 0 0 135 129 144 107 127 137 0 126 115 0 148 112 0 122 125 118 101 136 103 116 140 135 0 0 118 0 142 142 124 118 140 0 0 0 111 0 148 0 122 116 111 124 110 124 112 114 137 0 0 133 0 117 108 103 108 142 127 128 109 145 0 138 0 146 104 115 143 117 144 110 104 102 0 134 143 127 138 0 0 142 138 100 100 115 142 120 109 106 116 0 100 106 0 118 148 120 103 149 127 114 106 0 0 136 0 0 121 115 128 101 133 138 112 108 0 0 0 0 0 118 0 126 129 138 122 147 119 0 105 144 144 111 139 134 141 0 117 137 0 0 103 148 137 0 135 127 0 142 139 123 0 141 142 122 138 101 140 119 110 104 117 137 0 130 0 149 118 132
0 148 0 142 134 146 137 123 107 148 0 137 0 133 0 124 147 101 101 127 130 120 138 146 102 141 0 111 140 111 143 0 0 133 134 118 136 0 101 144 0 143 149 0 104 0 108 146 130 139 140 119 0 117 0 142 0 112 107 139 138 0 115 142 120 130 114 133 147 103 0 142 111 110 0 113 108 0 115 0 138 107 136 115 127 0 138 0 137 121 103 106 123 0 135 128 0 107 0 133 0 0 114 106 141 145 101 121 130 107 0 101 0 135 140 105 109 102 0 121 136 120 133 148 140 109 123 0 132 105 0 0 117 0 0 125 137 102 117 149 114 100 139 0 101 137 131 139 0 139 130 100 133 138 0 118 122 0 0 0 107 142 111 128 0 145 0 0 142 128 123 106 129 146 0 0 100 105 0 0 134 110 119 138 140 128 120 132 103 0 119 107 0 103 0 109 137 118 134 139 127 102 125 147 117 147 0 123 0 107 100 114 0 109 142 117 101 0 0 146 128 119 0 123 142 110 102 134 148 120 122 128 112 0 136 0 116 109 124 113 124 147 105 101 100 0 143 118 0 113 0 135 144 102 127 0 122 0 129 105 112 117 103 123 0 129 109 0 139 126 116 139 0 142 114 134 0 142 0 113 0 111 110 122 106 113 139 0 0 108 135 147 134 105 0 145 0 139 104 0 111 149 121 149 0 0 120 149 104 111 145 0 144 136 103 125 116
0 129 0 125 100 112 112 145 113 132 129 142 117 0 135 129 107 0 136 146 144 149 131 149 148 0 0 113 0 0 108 138 0 0 129 124 123 0 0 142 127 111 105 0 0 121 118 149 140 105 135 122 124 101 0 0 0 131 124 115 147 110 105 138 0 105 0 117 107 104 142 148 131 0 0 147 0 138 106 117 0 118 100 107 136 136 104 147 117 103 0 128 149 122 109 123 0 0 116 0 135 122 131 126 0 0 0 0 0 0 119 144 122 0 0 135 132 0 0 129 113 100 100 125 102 119 128 115 0 146 120 0 127 149 0 121 123 145 139 105 130 132 0 119 116 108 118 115 137 0 139 132 144 118 145 116 124 0 142 0 137 129 122 107 0 125 0 132 0 0 117 108 114 129 123 0 103 139 0 102 102 115 109 117 108 135 0 132 0 103 108 149 0 141 113 124 104 0 145 0 121 127 144 135 140 108 118 111 143 110 120 139 148 148 137 101 0 128 116 128 117 124 149 133 129 139 128 0 143 145 135 142 0 121 130 108 112 118 0 114 142 0 104 129 0 131 131 121 116 125 104 102 0 0 0 114 116 0 137 131 0 132 0 0 0 129 107 104 0 113 130 118 128 127 100 108 100 142 130 148 138 0 0 121 128 149 143 100 0 142 136 0 142 120 0 0 0 113 0 111 128 138 114 0 104 0 146 141 121 122 0 114 120 127 0 0
0 144 110 142 120 106 0 127 109 110 0 116 135 141 0 136 137 0 121 117 131 106 118 126 128 132 107 102 112 127 113 0 0 132 143 0 128 134 117 113 144 138 123 0 114 111 111 119 126 132 140 0 143 109 114 141 108 131 103 0 0 125 108 0 0 129 113 111 111 148 145 134 129 149 0 0 101 127 0 112 130 107 127 149 147 138 149 131 0 121 107 128 133 139 0 106 0 140 127 0 0 0 145 134 129 117 119 0 122 119 110 146 123 133 124 0 110 143 119 137 124 0 125 144 112 0 130 104 130 122 148 125 140 137 105 135 0 0 110 126 109 115 122 0 0 123 0 116 0 133 135 136 142 0 0 147 0 114 104 149 0 109 0 140 0 0 125 137 114 148 120 128 0 136 110 103 132 102 123 116 121 125 133 117 105 140 133 101 0 123 143 0 147 127 130 144 0 141 133 0 117 121 103 107 0 0 139 126 126 101 0 129 149 145 103 0 145 108 102 0 141 136 128 111 113 134 147 129 0 108 138 0 118 108 0 112 0 110 0 0 0 119 0 142 120 106 144 104 0 0 121 104 102 107 112 102 116 117 114 108 0 0 0 142 127 149 118 142 114 113 121 0 0 103 129 119 131 146 130 127 122 138 105 122 130 0 0 124 134 142 116 134 0 0 144 0 0 0 113 102 107 0 123 0 108 0 120 137 149 0 106 103 0 103 0
0 109 146 124 122 100 149 0 128 145 109 0 0 119 116 0 130 0 143 114 0 137 109 108 145 141 0 139 120 100 110 0 0 142 120 127 0 0 132 104 110 0 125 142 0 0 113 0 0 134 140 126 148 121 132 102 105 119 106 126 148 124 0 0 147 102 117 136 134 100 138 144 0 0 0 115 101 147 102 109 126 146 143 131 122 125 111 0 121 123 137 0 113 146 145 118 104 149 121 0 0 144 103 0 0 100 117 130 109 131 105 111 120 126 109 135 144 125 146 147 0 0 0 118 122 141 145 128 109 131 0 128 107 112 0 132 132 0 125 0 115 144 118 105 129 0 128 0 144 117 102 115 100 128 111 107 0 129 102 138 124 140 121 145 0 0 0 105 143 108 0 120 105 135 108 0 115 135 131 108 105 118 124 0 0 121 116 0 0 102 135 0 127 0 0 0 145 125 106 144 0 109 148 109 110 143 116 108 109 0 131 0 130 138 102 133 0 0 106 146 136 0 0 0 146 0 106 145 130 140 134 111 137 104 126 124 104 0 117 118 125 143 140 139 127 116 142 110 123 133 140 143 130 122 0 125 114 101 124 134 146 101 116 0 145 138 106 104 133 130 142 106 147 0 145 125 100 0 112 119 0 130 109 140 140 0 145 146 107 0 134 117 132 0 135 114 135 145 0 0 106 127 108 106 128 109 140 118 133 146 0 100 0 135
0 0 103 0 0 0 119 0 104 144 0 148 0 0 108 112 128 103 126 0 137 106 144 105 0 102 121 120 128 143 103 108 0 0 115 133 134 0 109 108 131 119 0 132 133 125 135 126 125 130 105 142 121 129 0 106 108 134 121 0 100 122 127 115 102 126 147 145 130 0 100 149 100 0 139 128 0 118 0 118 0 130 107 0 0 0 110 116 137 0 123 0 120 146 125 118 135 0 0 0 106 135 128 110 0 135 0 132 128 114 149 145 145 121 147 0 130 110 101 121 117 0 112 116 123 119 126 119 144 0 0 0 115 136 129 123 0 0 141 0 130 137 145 0 144 122 134 128 104 128 126 148 0 121 0 114 139 131 132 146 114 138 115 106 126 109 118 107 140 121 0 115 147 124 111 138 0 100 108 109 134 109 129 104 0 149 0 117 102 115 0 133 0 149 142 0 134 115 149 131 139 146 100 130 137 148 0 0 0 0 107 116 105 114 114 112 148 119 122 100 149 127 106 131 108 101 0 117 0 113 113 101 117 109 102 147 133 134 132 101 106 0 144 0 129 103 124 112 0 149 149 0 101 108 0 0 106 143 143 0 134 0 101 108 0 0 0 0 0 114 122 147 121 115 0 122 131 0 110 130 0 140 147 0 131 109 112 145 131 129 0 103 105 132 0 0 118 125 0 148 105 104 119 102 144 108 0 141 149 127 110 114 142
0 118 131 119 129 0 121 100 0 0 108 0 143 146 107 0 0 136 100 107 103 123 0 115 133 149 101 106 145 145 116 0 110 136 123 114 120 126 115 141 110 130 142 111 136 100 118 126 0 148 135 140 110 121 143 0 118 148 104 0 108 149 118 125 0 146 101 133 0 135 103 105 0 136 124 105 109 105 146 136 134 0 103 103 148 0 127 119 126 134 109 149 100 112 113 133 141 117 134 126 124 0 126 116 0 146 0 0 116 105 124 0 126 119 0 115 0 144 111 141 0 123 0 117 0 117 0 126 144 115 102 108 148 119 110 145 112 139 149 117 148 114 105 139 138 123 123 0 102 149 113 115 0 0 145 103 0 0 129 130 125 0 114 104 101 0 127 122 0 102 116 106 117 141 111 127 146 134 0 0 102 0 144 0 105 0 106 116 140 149 127 0 104 112 117 132 121 108 116 146 113 0 111 144 0 117 141 0 104 143 126 128 125 107 131 142 133 0 137 0 126 138 101 119 140 146 125 138 0 124 0 125 0 116 118 117 0 101 0 0 107 146 114 111 100 0 139 0 110 106 106 146 133 139 130 100 129 112 0 105 0 111 0 138 0 132 116 0 101 147 112 116 124 120 0 128 0 134 0 129 0 135 0 101 117 118 104 138 147 133 149 142 127 115 123 128 109 115 0 128 136 146 134 0 105 0 125 113 145 111 112 109
0 127 0 146 0 101 113 113 0 119 145 122 106 145 149 128 104 120 102 0 0 124 136 105 122 113 0 139 0 117 0 0 129 115 112 0 143 145 148 144 0 105 0 119 148 120 118 139 138 0 0 149 128 123 131 0 108 116 125 149 136 139 123 116 106 146 128 141 108 0 127 0 130 125 0 121 129 0 148 132 0 0 115 121 126 133 101 139 130 135 146 135 145 0 110 130 104 0 130 142 0 123 133 141 138 0 124 145 127 101 135 138 147 135 121 126 0 131 128 132 0 111 119 123 149 120 147 0 0 0 124 0 137 144 123 141 148 134 132 127 0 0 0 118 148 108 0 0 103 0 120 0 116 141 112 128 128 127 0 133 110 0 116 0 149 0 146 0 107 118 0 137 105 131 100 132 134 0 106 138 0 119 0 102 105 146 119 129 110 126 111 0 0 107 0 136 0 128 133 115 0 123 128 129 0 140 148 109 136 0 0 105 128 134 100 0 144 139 0 135 0 129 0 142 136 126 124 110 147 0 0 0 121 105 127 127 0 102 0 132 104 116 0 126 100 0 108 111 106 125 117 127 127 136 143 0 0 0 100 110 0 114 115 102 0 129 0 134 0 126 106 146 138 133 146 129 0 104 146 0 125 112 149 147 119 107 138 134 100 140 130 104 137 104 129 126 102 148 143 118 125 0 135 0 142 137 100 0 130 137 103
0 0 109 138 0 128 110 108 137 0 112 115 131 104 128 143 113 147 0 146 105 138 104 0 0 106 148 108 126 143 0 114 114 100 144 110 118 103 113 136 147 0 135 104 113 121 118 104 121 141 110 138 122 148 116 100 106 138 0 133 126 108 120 0 120 109 0 108 117 0 0 110 121 124 125 117 0 139 104 109 136 125 140 131 113 111 0 111 126 130 108 100 118 140 146 122 116 109 0 0 115 126 137 142 146 111 0 0 116 138 102 0 108 0 127 119 137 112 107 122 109 149 147 149 121 0 132 129 147 0 143 123 147 0 0 123 0 0 107 0 114 0 0 147 0 133 101 0 0 124 131 0 124 148 133 103 0 0 0 143 118 107 103 136 110 115 116 0 116 149 133 144 123 128 102 105 133 0 108 123 109 101 0 143 144 0 117 143 126 0 120 0 129 141 128 139 106 122 130 0 142 109 149 102 105 143 113 0 0 0 139 115 0 128 0 143 132 138 106 0 141 135 140 106 104 140 135 0 141 122 122 145 118 124 0 147 141 130 138 124 115 0 0 121 111 145 147 139 138 133 149 121 102 137 0 143 105 143 0 125 117 100 106 116 0 114 0 0 0 142 0 134 122 0 0 114 108 118 0 139 148 148 123 138 120 139 119 104 0 123 0 0 0 120 114 147 102 132 100 0 0 0 146 136 112 132 133 114 113 0
0 139 0 144 112 0 148 111 136 116 110 142 0 131 136 102 120 0 135 0 0 0 109 0 139 110 0 127 147 142 101 117 0 129 105 0 0 0 0 129 0 0 117 143 0 111 116 105 119 114 0 139 0 146 116 146 100 145 112 106 134 141 149 140 0 0 0 147 112 0 121 0 129 0 144 139 147 130 100 100 0 148 0 0 137 122 137 100 110 146 111 130 0 0 121 0 110 145 0 132 0 0 145 110 143 0 125 140 139 0 0 0 124 135 132 132 149 134 127 119 0 125 121 103 104 107 0 142 102 137 125 0 144 144 0 108 112 114 128 137 145 108 0 144 117 140 106 0 0 118 138 124 123 0 0 114 129 100 122 106 134 105 0 0 107 140 105 104 116 115 0 106 135 122 134 120 144 0 115 147 127 113 0 148 144 0 149 147 0 145 131 108 104 0 0 148 106 139 129 138 104 0 114 0 0 0 145 118 127 119 133 110 121 0 145 0 131 132 140 103 148 123 0 129 0 136 133 102 108 141 0 110 140 128 112 115 131 147 108 0 0 100 118 121 106 105 118 122 0 107 100 0 0 131 144 0 139 128 0 133 145 0 135 141 142 102 120 110 104 0 0 146 120 0 148 118 137 101 147 118 136 106 136 100 0 133 128 124 107 141 121 0 0 128 137 112 107 128 136 134 0 123 132 0 102 113 116 112 102
0 131 112 138 0 0 138 133 110 111 0 0 0 129 103 0 141 0 142 148 126 126 144 0 125 0 0 132 113 0 123 107 0 133 116 131 130 117 0 134 126 110 138 143 0 0 124 123 144 120 127 136 0 103 102 149 0 123 112 0 145 0 129 107 134 103 127 0 0 143 0 108 0 118 0 117 110 125 107 149 131 146 119 0 101 117 112 0 136 111 146 117 149 0 100 119 116 0 115 0 0 121 0 116 139 149 133 115 120 132 126 118 0 122 113 116 0 0 0 0 112 108 0 111 145 106 107 0 143 116 125 117 131 134 115 0 109 114 101 101 106 146 118 145 143 138 0 112 0 142 116 0 104 0 137 109 0 0 0 115 0 118 0 128 113 140 0 105 145 104 0 116 149 101 144 0 112 119 133 0 126 149 125 118 120 119 100 132 0 141 0 134 110 134 117 0 0 0 120 0 0 116 0 109 139 128 133 0 0 131 0 148 0 147 106 133 0 100 105 0 140 0 103 108 117 128 148 104 0 101 126 102 146 0 0 134 130 144 133 132 140 130 138 120 143 0 116 113 0 129 127 100 108 149 0 144 118 118 106 108 0 0 121 105 129 139 0 122 136 148 141 130 127 0 136 0 114 0 137 110 134 138 116 107 0 0 0 0 137 0 139 0 0 0 115 141 113 0 122 106 138 0 107 106 128 103 103 116
0 126 0 145 0 139 118 122 0 110 103 100 0 106 111 117 119 0 0 0 140 125 148 149 106 102 112 0 127 104 117 146 129 135 113 125 0 141 0 104 121 128 118 123 127 100 0 0 145 133 123 120 104 131 101 0 0 126 0 118 114 103 113 135 123 0 134 0 112 147 0 102 121 0 148 126 145 108 141 118 104 120 128 0 120 0 123 129 128 0 0 0 102 111 115 0 0 0 110 121 134 103 115 0 106 128 143 122 120 104 0 141 107 134 113 139 133 120 145 0 0 146 129 0 0 104 0 119 0 123 135 108 102 134 132 0 108 0 131 130 100 127 0 130 134 118 117 124 108 0 0 134 139 103 0 0 143 107 0 146 128 112 0 140 107 117 131 130 130 103 119 121 136 0 114 135 147 111 143 103 119 110 0 146 0 125 100 0 102 0 134 114 102 120 108 132 133 114 132 115 111 139 146 127 115 102 0 0 105 111 110 110 127 142 136 145 143 132 0 135 126 103 137 0 133 136 0 129 0 134 145 0 134 110 120 0 139 142 139 138 0 111 144 139 0 103 0 0 141 130 125 106 123 0 144 141 131 131 148 0 0 0 124 0 139 128 142 0 107 124 142 106 134 110 128 118 0 115 0 108 102 0 133 136 104 113 0 109 0 107 123 0 139 144 142 0 142 139 126 0 107 145 0 115 0 124 102
0 137 142 121 0 147 115 0 140 123 134 123 131 122 114 140 140 100 100 102 130 105 104 142 0 118 0 138 0 121 126 118 105 110 0 137 148 106 110 101 132 114 126 0 142 137 117 0 111 106 0 0 0 0 0 107 100 126 133 0 105 0 125 105 146 109 0 0 125 106 140 106 0 123 114 119 115 106 109 0 0 125 130 112 0 118 121 0 137 0 134 148 100 100 140 116 0 107 115 148 134 133 132 0 108 132 0 117 0 134 101 130 144 131 128 135 104 106 0 0 139 116 134 142 0 0 106 111 147 0 112 0 137 128 139 133 149 123 0 0 134 112 0 128 0 129 129 117 118 0 141 121 0 142 0 131 116 135 131 0 0 0 122 127 114 118 147 132 126 0 104 129 148 0 130 0 0 142 103 0 137 120 0 121 117 145 119 0 109 129 133 147 110 0 0 131 146 0 0 0 133 101 114 115 0 109 137 104 116 0 112 110 110 0 0 111 102 108 131 114 0 0 119 131 114 0 122 0 0 116 134 110 128 128 133 0 0 113 132 109 144 104 126 149 131 101 126 0 116 112 112 125 112 137 0 0 115 115 0 0 128 134 115 131 126 108 120 0 0 143 143 105 142 110 147 148 129 138 0 113 135 132 146 133 0 138 0 128 103 0 0 106 144 127 0 137 111 0 120 109 139 115 120 141 0 0
0 125 142 102 0 120 148 0 116 133 133 110 139 140 0 0 0 147 147 103 138 0 102 136 110 0 145 109 124 111 134 121 0 138 136 0 148 0 141 143 0 121 136 140 148 0 108 115 140 140 131 113 126 144 111 123 0 132 112 0 136 103 108 120 0 0 0 100 142 131 145 149 108 0 119 106 102 123 144 144 100 139 110 149 0 0 142 148 141 114 100 146 111 109 0 121 109 102 107 107 0 0 0 148 148 0 130 0 0 115 137 124 0 143 130 114 105 104 147 103 120 110 0 128 137 145 0 0 108 145 116 0 115 130 0 121 118 136 109 145 119 107 0 136 0 124 133 126 137 130 128 0 0 143 0 0 118 0 114 0 147 0 144 147 112 0 115 0 143 116 147 0 0 105 127 148 0 125 0 109 0 0 148 129 119 0 147 0 114 0 0 133 136 131 111 127 146 129 133 142 127 112 138 0 103 109 0 128 116 142 0 136 117 106 145 139 0 0 0 103 101 132 0 0 100 146 106 104 108 115 0 142 143 0 146 113 133 0 103 126 123 141 112 133 0 101 110 0 0 102 131 0 125 106 119 0 127 0 137 124 146 145 134 125 131 147 101 104 113 0 106 128 140 126 107 104 0 118 133 0 102 122 0 113 123 0 0 127 128 105 0 124 0 105 0 0 0 121 111 0 0 0 0 149 126
0 121 104 0 0 135 147 105 145 0 101 0 133 136 128 0 0 114 123 115 126 136 0 148 114 0 107 0 0 122 111 131 126 125 137 132 105 149 102 0 128 0 127 0 125 0 136 107 115 105 131 0 101 115 146 0 0 102 145 114 104 132 103 133 0 149 0 141 100 0 142 107 148 0 107 128 0 141 0 140 0 131 102 121 102 143 139 135 0 112 137 133 0 0 105 132 136 0 146 114 142 106 106 145 107 0 0 124 0 128 131 144 0 100 103 0 128 108 0 107 103 0 0 0 102 0 118 0 113 0 124 131 0 104 136 0 111 0 123 119 104 117 0 116 0 100 134 103 145 0 147 0 104 0 0 107 130 0 128 146 0 114 110 102 0 0 132 101 120 0 139 142 0 103 146 107 0 104 128 141 101 0 131 116 102 146 102 100 0 0 111 136 145 0 129 124 107 103 131 112 127 132 0 117 0 131 116 127 116 0 0 130 149 125 148 120 114 149 136 0 123 0 132 100 0 111 139 138 0 0 0 135 119 123 0 0 100 0 0 113 0 118 103 129 137 145 0 146 120 107 0 114 111 126 0 109 104 142 136 102 103 145 101 132 0 100 0 149 120 132 136 100 100 0 104 140 131 134 133 0 138 138 138 137 113 142 138 127 147 134 0 111 125 0 0 148 101 0 0 126 113 142 147 0
0 140 0 147 136 104 143 0 106 129 148 0 0 0 117 130 140 131 0 0 113 0 132 0 0 101 111 0 131 108 139 112 0 142 0 100 121 0 0 110 0 129 148 106 119 0 116 111 134 0 138 111 119 105 0 136 120 132 0 0 0 105 0 0 0 148 148 139 116 0 0 135 125 0 143 119 143 108 141 126 0 0 132 0 0 115 0 121 0 116 149 137 105 103 131 146 107 0 0 130 122 127 0 112 127 147 116 115 0 0 146 129 107 114 136 0 133 131 114 111 0 140 105 127 125 0 129 116 132 118 144 125 129 0 0 108 103 145 139 136 141 102 107 142 128 0 135 124 0 0 132 127 104 149 109 106 141 107 138 105 114 129 128 0 135 137 0 0 116 140 127 0 139 125 130 0 109 0 0 121 136 100 104 102 133 117 0 140 144 0 0 0 147 0 0 116 0 117 147 129 148 140 0 0 0 103 0 113 0 110 0 103 0 144 0 134 110 143 139 123 103 115 141 123 100 130 131 0 118 132 111 132 105 100 121 0 112 148 107 135 104 130 140 141 129 131 129 113 149 0 146 114 0 113 116 109 128 110 0 129 111 108 122 148 110 111 137 145 141 126 123 143 120 112 131 126 124 131 142 123 121 112 115 139 149 132 113 0 146 108 149 139 0 0 127 130 111 0 0 117 109 0 0
0 104 0 103 135 120 148 135 125 109 0 0 143 115 116 108 130 0 0 125 0 0 142 131 132 101 136 111 0 101 149 102 0 135 135 143 112 125 147 122 149 0 115 132 0 138 113 136 123 143 0 0 112 131 0 0 123 0 139 0 122 138 0 0 104 118 119 129 149 131 105 0 0 127 116 105 104 0 121 142 106 136 0 149 0 137 145 112 127 148 117 122 102 123 128 127 0 112 0 0 145 149 104 126 102 0 131 117 136 0 108 117 0 145 141 0 117 121 127 126 116 119 141 138 133 133 112 149 122 132 133 140 139 0 109 144 132 143 115 120 0 141 111 0 0 105 143 134 138 0 118 145 147 140 0 103 0 116 131 125 131 131 104 110 122 101 116 142 124 0 143 0 103 0 145 0 138 0 105 104 128 149 109 115 116 131 113 0 126 123 126 130 103 0 0 110 105 117 0 126 0 102 109 103 127 107 129 0 145 0 0 101 0 124 0 140 100 134 126 124 125 0 115 123 0 134 0 118 130 147 135 102 125 109 101 149 119 116 103 0 133 135 126 0 141 130 148 0 125 144 110 0 123 104 0 112 113 0 113 0 143 0 148 102 0 0 0 107 100 0 141 148 133 145 143 138 138 0 129 142 107 110 104 144 0 122 106 116 128 0 118 145 115 115 0 129 0 139 117 139 0 0
0 139 125 0 110 140 141 109 0 130 139 125 0 144 141 119 0 127 120 134 0 0 138 0 117 147 0 103 0 0 117 105 101 132 132 120 105 130 149 101 131 142 127 132 0 132 130 109 114 129 135 0 103 146 124 103 147 0 109 0 142 0 130 129 108 119 108 131 111 0 110 141 113 122 0 134 131 142 135 142 113 149 109 126 123 121 147 143 117 111 133 120 132 0 128 134 122 0 149 138 133 147 128 113 0 105 0 136 137 137 127 0 148 103 0 141 0 123 0 0 134 109 113 125 136 147 102 126 0 123 0 115 148 136 0 147 140 120 111 0 109 114 0 0 125 139 144 113 127 137 116 127 136 110 144 129 104 149 0 128 132 129 0 140 148 101 148 148 127 142 123 0 112 117 102 0 0 130 130 108 141 142 115 107 126 149 135 0 136 124 121 0 124 0 125 135 106 141 136 0 117 120 115 121 0 105 138 128 127 123 0 113 112 145 111 118 119 108 144 0 124 116 117 146 115 0 106 125 115 104 137 0 0 107 100 108 149 124 0 128 102 147 113 137 126 110 122 105 131 134 142 106 119 144 130 105 135 114 133 131 129 101 130 107 124 129 130 113 145 133 107 149 146 126 144 0 109 0 149 0 101 132 100 128 0 102 126 109 0 131 103 114 123 102 111 139 139 116 115 133 142
0 0 126 113 0 139 100 0 0 109 0 131 0 149 128 148 111 111 110 126 0 126 143 115 101 134 139 141 0 121 147 0 140 138 145 0 136 0 131 0 113 146 0 149 148 148 111 123 127 127 131 100 0 0 105 140 139 128 0 102 0 106 116 143 107 0 0 111 143 0 0 137 0 124 132 130 126 108 0 109 104 132 0 113 131 130 106 0 112 114 0 110 130 144 0 121 0 0 136 103 105 141 0 100 128 136 135 119 138 0 116 138 118 0 121 120 143 127 111 138 141 141 130 122 0 101 118 117 0 100 0 119 0 0 100 106 100 115 124 134 0 141 119 126 130 128 0 120 0 0 120 116 0 0 0 113 145 0 0 118 0 142 0 144 132 144 101 122 0 133 122 124 0 129 0 0 0 0 117 121 143 0 137 0 128 0 105 0 121 131 145 0 103 143 134 134 109 109 0 146 109 139 110 0 125 0 111 106 0 140 0 148 119 111 109 0 100 127 116 105 141 0 113 148 147 117 104 0 0 103 122 147 0 129 128 113 0 0 144 101 107 135 124 0 149 124 115 115 118 130 0 125 0 130 122 130 0 131 137 0 0 143 0 0 119 123 0 0 118 141 0 120 144 133 135 149 0 104 124 105 101 108 139 0 108 120 129 107 0 126 106 125 107 146 123 131 115 0 131 136
0 141 0 120 144 132 136 0 117 123 0 0 149 126 137 109 0 146 0 0 114 104 102 136 103 123 140 0 143 143 0 147 142 0 134 0 116 134 146 125 110 138 128 137 103 125 127 0 0 136 0 117 115 148 111 0 103 0 144 0 0 114 136 146 145 0 126 0 134 0 138 0 0 142 148 110 134 0 0 120 0 133 129 110 142 127 0 128 130 0 0 140 0 144 105 0 126 120 0 134 132 102 133 147 134 105 105 0 126 102 119 124 0 111 113 128 131 0 132 0 0 120 115 0 121 0 107 108 121 0 0 149 0 113 0 130 101 141 134 0 140 121 137 104 0 117 0 141 138 122 121 121 114 115 131 146 101 120 0 130 0 0 117 107 0 129 107 137 0 133 0 100 113 149 114 102 125 113 129 112 109 0 136 147 117 139 0 0 145 132 138 117 0 100 0 148 119 0 0 107 128 148 136 118 101 133 0 111 117 0 116 146 140 108 107 145 0 105 138 101 115 137 108 103 125 117 105 132 120 142 106 148 100 124 128 138 128 138 0 134 137 132 131 0 123 110 113 113 147 0 0 116 112 131 133 104 102 0 135 123 0 145 0 145 0 0 142 0 106 127 107 124 127 0 128 149 103 107 100 0 120 105 131 137 145 0 126 0 113 0 149 0 149 0 0 107 121 105 130
0 142 134 0 121 127 113 0 113 117 135 0 109 146 145 0 0 102 145 128 121 0 111 140 0 106 0 127 146 111 128 0 134 0 0 104 149 137 0 0 147 0 124 0 129 104 123 119 0 138 0 0 127 0 0 138 129 0 0 0 117 134 106 0 121 130 0 107 0 132 119 116 147 142 0 102 101 136 0 0 0 131 0 138 0 132 134 0 130 0 0 119 137 0 114 123 0 129 131 0 121 144 111 144 119 148 115 145 126 0 142 137 109 141 113 0 144 0 0 0 103 117 146 141 111 0 139 0 0 122 134 129 147 0 101 144 129 123 122 0 118 0 111 100 0 119 125 0 116 106 0 143 132 0 113 132 0 109 119 103 116 146 0 140 103 0 113 133 115 0 141 0 111 106 0 139 112 0 0 0 119 0 0 138 0 135 123 130 106 115 133 131 140 0 120 133 140 112 147 111 125 122 0 118 106 0 119 0 104 113 147 124 107 0 136 146 0 109 144 145 118 119 0 117 125 100 139 119 146 123 128 0 121 0 138 0 0 144 127 122 0 103 0 148 101 105 140 146 122 120 100 0 0 148 124 118 123 0 140 0 129 138 120 125 144 100 139 0 140 100 105 135 142 122 103 123 106 148 141 119 0 121 0 127 0 0 105 135 0 133 144 0 0 133 100 100 148 120
0 134 107 117 0 105 129 107 129 128 106 101 0 103 128 136 0 113 108 146 135 138 133 143 114 131 101 0 133 0 144 141 116 117 0 122 139 147 103 134 102 106 0 105 140 103 126 131 132 133 136 0 107 131 131 140 142 0 100 0 108 127 0 118 138 117 110 105 146 124 123 104 104 129 0 0 132 120 117 136 146 138 111 124 147 0 137 112 104 0 135 138 136 0 130 117 0 133 0 0 0 0 110 142 109 0 141 103 0 122 124 0 0 0 0 0 142 131 0 119 113 143 118 131 103 0 0 0 125 125 0 108 148 134 111 132 0 0 0 149 142 100 145 122 107 0 144 142 102 0 123 0 117 102 0 113 0 119 113 104 148 132 0 0 114 114 116 112 144 0 105 137 102 111 133 110 146 147 149 125 0 125 130 108 149 143 147 112 138 101 125 109 0 116 146 128 0 146 0 103 140 103 108 143 125 133 0 0 0 128 140 103 110 115 129 130 134 140 102 0 131 106 119 0 0 136 148 135 0 0 146 0 117 101 146 135 0 124 0 0 135 114 106 116 116 121 116 136 0 144 0 0 104 134 0 137 134 148 111 131 130 117 107 104 0 103 0 111 0 0 120 0 128 121 107 104 0 144 101 127 129 0 135 118 0 106 0 103 133 0 0 136 114 0 121 145 0
0 108 144 0 147 138 139 0 142 142 0 144 136 137 146 0 0 0 103 0 142 101 101 109 108 142 122 147 145 0 0 0 138 104 132 136 137 144 116 137 102 109 117 133 108 141 111 128 120 105 108 132 0 0 0 118 0 143 0 141 103 146 0 112 101 0 139 141 110 124 124 136 125 122 0 122 116 0 0 101 107 0 120 108 126 131 138 0 131 136 0 131 0 132 116 105 113 119 0 119 130 142 106 135 113 147 148 124 103 106 121 0 0 128 0 0 133 132 0 0 132 146 111 101 118 113 107 116 0 116 116 106 135 0 123 144 102 100 129 0 122 0 0 135 0 121 132 145 148 115 122 0 132 101 111 0 105 114 120 147 142 145 143 109 0 124 128 111 139 0 146 0 120 105 107 119 121 149 138 112 108 100 145 142 104 105 106 114 133 112 129 106 139 114 0 138 121 0 0 145 0 130 111 0 121 0 0 104 131 133 101 105 145 102 131 123 116 132 126 102 102 0 144 0 0 0 112 145 121 110 148 143 146 0 122 126 109 105 109 124 113 102 125 145 0 0 119 145 122 112 0 112 101 136 149 101 0 0 0 0 142 0 111 148 104 148 116 122 142 124 114 126 104 104 0 129 0 0 0 129 116 125 101 123 113 119 107 145 0 0 0 139 0 139 0 0
0 121 136 0 101 130 128 106 107 121 0 0 130 119 109 120 130 115 129 129 107 134 122 142 121 116 0 0 103 117 108 149 143 139 0 0 136 134 0 146 114 135 126 102 142 140 136 129 0 0 126 147 121 106 0 0 143 103 115 149 136 127 132 118 128 124 128 0 107 122 0 149 104 0 0 139 120 125 105 101 112 123 147 101 131 111 118 124 138 137 138 110 100 118 147 140 119 111 140 129 100 131 0 124 132 110 0 141 132 0 0 0 143 127 104 100 114 0 140 112 148 0 129 146 128 0 130 0 149 112 119 117 123 125 120 118 133 136 110 144 0 0 129 115 133 118 109 101 145 103 0 127 107 143 0 149 131 0 0 141 0 0 136 113 129 0 132 143 0 122 0 146 0 132 112 146 129 142 148 141 141 141 0 132 0 0 127 109 111 0 102 114 129 131 108 146 125 0 132 114 129 0 136 113 0 134 102 135 140 0 0 0 118 123 142 110 141 120 103 125 141 0 103 0 103 0 129 0 110 132 103 139 108 117 0 106 118 114 107 127 116 107 134 110 0 0 0 107 110 145 0 141 116 103 132 0 145 0 0 146 142 0 140 0 117 0 105 148 0 123 0 0 131 117 131 0 0 111 0 128 0 0 139 0 0 105 113 127 111 0 0 0 0 105 113
0 125 147 0 106 116 128 0 0 121 102 130 142 105 119 118 125 126 130 123 145 0 102 130 0 143 132 109 118 130 124 0 0 121 141 102 125 126 0 145 131 131 137 136 134 142 131 0 117 124 109 100 138 139 0 142 121 106 107 123 0 135 111 120 0 116 139 135 106 0 114 128 136 120 0 133 0 127 136 130 142 111 131 135 139 109 135 141 141 127 107 0 141 103 0 104 128 135 149 128 0 110 126 146 115 0 128 132 141 116 131 149 104 112 117 123 136 124 111 0 135 0 145 110 106 0 133 116 115 135 101 0 134 0 140 102 121 143 0 132 109 138 146 133 145 0 111 0 149 123 125 105 130 137 107 145 107 0 105 104 115 126 128 131 101 101 137 142 101 108 149 127 140 0 137 146 139 0 139 117 105 0 0 103 116 125 106 125 0 141 117 112 138 135 0 0 137 115 142 109 103 116 104 132 128 137 122 0 106 114 0 0 126 119 145 0 132 115 0 138 0 121 112 0 100 132 0 0 144 120 112 129 138 129 133 0 112 0 0 0 102 149 115 0 114 100 114 145 100 0 145 0 119 149 138 0 106 149 0 117 140 100 103 113 0 136 104 111 0 100 147 115 124 135 146 138 117 106 105 133 130 0 142 107 135 100 0 123 113 110 108 125 124 140
0 103 119 117 134 108 127 0 0 141 129 146 0 147 117 0 110 115 133 148 129 127 0 0 110 143 126 144 0 0 147 121 143 138 102 118 110 0 141 142 0 130 117 0 106 128 110 140 108 139 124 0 138 0 0 122 105 123 0 112 134 112 123 141 107 108 122 0 130 131 136 137 110 136 111 107 141 139 118 109 127 118 119 107 120 133 119 111 149 115 134 101 131 137 0 148 116 0 0 132 0 136 111 0 133 0 143 0 116 120 131 139 114 0 0 124 147 0 122 130 105 109 129 0 140 119 144 110 149 115 0 110 0 0 0 149 145 146 134 146 106 116 0 0 112 122 107 132 112 140 0 116 112 104 0 0 105 0 134 0 128 113 133 129 100 131 143 133 0 122 145 127 130 0 111 114 0 121 125 148 112 141 0 0 140 140 118 134 0 110 127 114 103 0 134 0 112 144 112 147 0 0 116 0 107 0 139 111 0 0 138 121 121 128 122 120 0 147 117 115 101 141 110 140 141 0 105 147 0 111 112 0 0 104 121 143 108 139 105 118 111 148 126 114 116 137 128 142 144 120 118 129 113 141 148 0 0 0 133 143 116 0 0 108 112 0 120 0 101 109 105 105 135 100 120 121 105 107 140 0 0 139 0 106 105 114 0 0 130 113 144 0 128
0 115 117 0 132 0 0 0 0 0 0 140 132 137 129 0 134 0 122 0 104 0 147 118 118 0 128 104 138 0 0 0 133 0 135 112 135 124 114 0 127 0 0 110 100 0 109 111 106 0 0 115 0 112 0 0 0 143 148 0 132 101 103 123 148 0 141 134 0 111 106 149 0 143 108 133 0 108 113 136 122 117 134 145 113 0 122 146 129 0 109 114 137 124 135 0 131 141 114 119 129 0 0 0 0 143 108 104 121 122 127 149 0 0 131 114 0 131 112 0 107 139 104 108 140 0 0 133 120 105 128 104 122 148 123 0 119 113 125 111 116 107 138 106 119 0 133 112 125 0 101 0 130 103 148 0 143 123 133 0 0 141 148 101 139 0 148 117 112 149 144 119 100 109 100 119 119 144 120 0 0 141 143 0 127 148 0 0 148 137 146 0 124 143 0 139 130 148 126 142 0 116 0 101 112 130 138 111 0 0 0 118 0 110 136 142 0 129 103 0 134 120 119 111 136 101 0 125 143 114 100 143 0 144 133 129 135 137 135 139 120 146 0 148 128 0 102 0 115 0 117 128 147 130 110 102 127 101 113 0 140 104 111 0 0 120 0 104 0 126 101 102 121 144 101 0 112 101 100 0 107 139 0 115 128 107 100 142 131 141 0 108
0 0 144 143 147 139 0 0 131 109 124 102 135 122 103 121 115 137 126 115 115 135 0 141 135 100 0 0 0 127 128 0 0 145 126 119 131 145 101 144 123 138 140 115 135 124 138 143 141 132 142 0 137 101 103 105 129 0 133 104 149 103 116 129 125 103 109 0 134 105 138 144 101 117 107 0 114 108 132 129 103 142 138 132 140 0 0 107 106 126 137 101 142 104 118 120 123 117 101 147 0 0 149 101 106 100 149 132 127 101 143 132 120 123 128 112 121 133 113 0 0 116 146 100 145 101 0 119 148 126 103 100 126 145 131 123 0 145 136 138 122 0 103 134 0 125 130 119 134 0 121 115 143 117 101 140 145 0 133 107 0 103 124 118 108 109 108 131 144 139 104 118 120 143 100 139 133 136 113 114 149 125 145 121 128 132 0 101 118 113 103 0 136 138 122 112 127 0 142 130 139 0 0 141 148 111 146 109 0 0 102 133 116 0 141 0 108 138 104 119 101 143 111 0 148 116 0 144 130 0 118 0 148 136 0 143 0 116 119 146 108 119 125 103 137 120 0 134 121 0 128 134 138 142 136 129 102 0 133 145 0 149 115 125 0 142 0 124 124 146 0 0 110 145 105 146 148 135 112 110 120 0 139 102 0 146 149 149 119 118 117
0 112 128 0 132 100 0 117 104 122 0 137 119 100 134 142 102 125 0 122 121 123 106 137 113 147 124 0 0 107 0 103 0 125 111 0 101 148 0 106 106 104 108 144 0 116 118 120 135 125 0 133 0 127 104 113 107 121 125 135 108 111 110 116 130 0 112 0 131 139 103 105 101 124 128 116 108 119 0 127 125 142 0 101 132 124 120 139 133 136 0 0 0 0 107 112 122 114 149 103 0 147 114 110 0 104 136 106 0 0 105 137 119 0 134 125 134 114 140 0 112 0 100 111 0 138 111 147 0 0 140 129 122 101 0 116 121 128 120 147 141 148 0 120 134 125 120 134 146 124 127 0 123 115 102 143 124 140 130 0 0 144 0 0 0 122 115 149 119 0 105 119 145 0 103 134 0 0 133 0 110 103 0 104 130 0 0 0 132 137 148 123 0 107 120 111 140 129 103 0 0 133 141 115 130 128 0 148 110 0 136 112 0 146 145 140 0 0 112 128 128 0 128 123 142 122 133 0 119 126 148 0 136 139 129 127 119 103 143 135 114 0 148 131 143 0 145 100 141 149 0 124 141 119 113 127 0 140 121 108 145 113 111 118 129 0 0 0 0 114 0 124 125 149 0 109 121 100 107 0 127 104 124 121 123 138 118 108 138 107
0 116 0 0 123 113 147 118 125 134 113 124 135 133 107 126 103 148 104 148 135 130 0 0 102 132 111 114 141 130 0 0 124 148 138 0 148 0 147 143 0 0 146 0 111 118 0 0 119 0 0 0 140 0 0 144 138 0 138 116 126 101 140 131 144 0 125 108 121 124 119 0 0 109 130 141 133 137 102 0 106 107 0 136 0 110 146 0 102 106 0 146 129 111 121 121 0 109 141 0 143 104 134 137 125 127 0 106 115 129 128 114 138 117 104 149 100 0 105 139 129 149 129 0 0 134 129 127 120 106 132 148 116 135 0 102 140 129 0 112 0 123 142 110 0 118 0 105 130 144 137 0 120 125 145 117 0 120 122 120 0 107 149 143 137 0 147 125 112 131 139 148 0 138 136 125 105 137 0 104 101 0 106 120 0 0 0 111 0 120 112 127 124 0 0 0 145 131 104 109 127 120 0 139 147 132 134 0 0 132 104 0 119 107 0 101 0 119 128 136 0 147 131 0 137 137 137 143 118 123 134 0 141 111 0 134 135 115 127 100 110 144 130 106 100 135 124 129 134 145 0 140 125 119 0 143 112 118 126 0 136 132 0 0 100 141 128 133 115 0 119 146 149 146 133 122 0 110 122 142 111 117 0 148 135 0 116 115 112
0 122 114 145 126 101 0 110 116 103 0 142 113 0 149 118 116 125 108 129 118 136 0 0 137 100 104 149 100 109 101 147 106 111 0 104 105 0 113 122 114 139 145 149 0 130 0 128 0 0 127 146 142 0 146 0 0 0 109 116 103 144 105 134 117 121 0 0 139 141 116 134 107 112 146 141 128 0 122 108 138 107 103 147 117 146 114 0 121 147 104 119 142 0 104 122 0 131 144 0 139 116 109 106 117 0 108 0 142 0 134 0 0 121 106 102 146 0 143 145 142 101 142 123 101 0 134 127 0 121 140 109 141 0 0 104 125 148 0 145 141 0 138 107 100 117 148 126 126 111 139 112 0 139 142 146 137 106 145 131 118 100 142 113 0 144 143 127 130 0 140 115 109 134 138 142 126 0 0 134 0 141 0 0 125 116 0 107 114 100 130 110 104 147 0 143 141 109 0 109 0 120 146 132 134 105 0 0 121 0 117 116 136 138 0 114 121 149 139 145 0 110 0 0 0 0 122 119 129 108 0 107 140 0 118 129 115 117 146 140 0 109 0 137 131 105 100 0 0 122 130 0 131 126 105 111 0 138 115 0 0 146 0 0 134 0 146 136 119 0 143 125 0 146 0 132 0 104 122 117 147 0 133 110 105 101 0 120
0 120 0 137 123 111 107 143 121 128 0 102 100 145 0 0 119 130 113 146 124 0 147 0 127 116 117 0 115 128 120 0 0 0 0 142 0 122 135 0 0 142 101 100 140 0 137 0 117 132 143 0 118 104 108 129 149 0 0 132 109 128 126 135 0 0 0 0 100 142 0 123 0 110 104 135 0 107 125 0 123 112 0 135 109 148 116 0 117 0 105 0 0 129 139 148 147 146 125 109 0 126 136 112 0 134 112 0 125 139 109 149 128 129 132 0 148 138 120 146 143 103 111 101 0 122 0 0 0 124 110 124 148 125 121 115 0 143 120 134 0 0 137 138 0 108 0 142 125 106 141 0 137 141 129 0 0 124 104 101 135 135 146 106 105 125 140 146 145 132 145 128 116 118 111 101 0 133 121 0 111 106 141 118 0 0 123 118 113 0 0 126 122 0 149 104 114 0 142 134 0 142 140 122 0 120 106 138 0 0 126 108 149 103 122 126 0 117 121 0 120 134 114 147 0 145 106 119 118 0 149 0 0 104 133 114 0 137 0 116 123 0 104 127 0 103 105 113 130 137 118 0 113 0 103 145 0 131 118 141 143 111 0 118 149 102 140 122 149 0 107 0 124 143 104 105 0 115 106 101 0 0 135 109 140 123 110
0 116 108 106 134 140 0 143 0 0 0 128 0 0 0 0 129 140 130 112 144 0 0 117 140 0 102 0 115 126 118 0 135 141 105 119 147 100 118 0 137 0 100 111 105 117 0 117 149 146 146 114 134 145 100 129 100 133 112 132 0 126 115 136 146 0 129 114 106 142 141 129 125 142 0 135 141 0 116 143 127 127 140 139 0 149 134 109 104 108 112 0 102 102 125 149 0 106 119 119 118 146 130 139 0 111 144 114 120 121 113 0 0 0 140 0 130 108 147 108 0 141 138 118 127 0 148 100 146 120 109 145 113 127 0 0 0 138 137 117 0 121 121 128 0 145 0 136 134 105 109 114 143 0 118 0 138 127 141 127 105 133 141 107 108 104 0 143 0 129 129 144 110 0 114 114 0 105 131 144 0 123 123 147 143 135 105 134 120 128 0 117 0 107 119 0 149 124 120 149 115 0 0 0 123 109 120 0 146 129 109 118 0 119 106 0 138 112 0 128 117 149 119 142 0 108 115 112 116 126 101 104 0 132 112 102 120 0 111 107 112 102 146 0 146 108 0 0 132 107 137 130 148 126 104 0 0 104 0 0 118 111 107 111 0 0 0 116 113 0 0 118 133 101 145 144 144 0 125 147 144 145 145 0 136 0
0 128 135 104 145 126 111 0 0 127 140 106 121 0 100 0 117 0 0 131 147 107 123 115 129 110 139 0 130 139 131 124 0 0 0 107 124 0 123 138 121 101 122 0 119 0 138 105 134 0 0 111 136 0 122 117 0 145 142 0 128 112 144 0 0 135 148 148 108 124 105 143 148 0 102 109 136 118 107 115 119 141 138 149 125 107 0 139 0 149 137 0 136 0 126 0 127 0 147 145 137 120 140 123 0 131 116 107 0 0 120 139 132 139 0 121 104 121 0 125 0 145 110 125 107 0 133 122 119 124 103 121 113 0 146 142 143 125 0 109 126 129 132 136 127 0 0 117 0 118 114 144 103 106 147 145 0 118 139 0 103 123 133 128 139 119 146 0 105 147 110 116 128 0 0 106 127 0 100 116 146 149 113 146 106 126 0 129 144 0 120 138 116 0 136 130 120 0 101 126 0 127 140 0 145 106 100 116 127 139 0 0 135 117 119 117 113 113 119 146 142 138 105 112 0 140 108 127 0 103 146 111 0 100 110 133 0 0 138 148 0 144 136 103 124 0 100 142 0 142 146 135 130 105 105 142 146 143 0 102 0 0 114 141 143 0 121 130 0 105 135 112 114 0 0 100 135 119 146 0 148 127 138 106 101
0 139 139 138 107 117 118 0 0 126 0 123 148 108 136 144 0 111 0 134 126 109 0 0 0 102 128 112 144 104 109 129 130 0 102 126 141 145 133 110 140 130 110 0 0 0 128 119 127 144 109 131 149 103 116 143 120 104 144 135 146 146 109 130 147 0 122 106 127 113 119 140 123 105 109 119 127 121 0 105 116 107 0 141 123 118 147 127 111 0 133 130 136 0 143 0 0 142 148 102 120 122 0 114 140 0 0 113 117 121 115 149 0 115 132 122 113 130 135 105 0 130 137 134 0 148 134 146 145 0 107 110 127 138 137 134 127 0 0 0 118 108 119 124 113 134 118 119 100 110 0 0 134 0 0 135 139 119 105 123 140 135 0 126 104 123 128 103 0 146 112 0 100 109 116 132 119 109 0 0 104 0 0 119 101 127 116 133 134 0 108 0 0 149 118 147 0 110 118 0 0 0 149 128 141 133 116 100 126 143 145 144 148 0 0 0 101 113 132 139 0 107 0 111 149 0 131 147 118 0 0 100 0 102 129 0 0 146 108 0 0 0 0 147 0 0 110 113 0 130 0 142 0 142 122 0 141 0 111 0 142 124 110 141 145 123 0 132 0 131 129 142 139 0 0 102 0 107 129 0 102 141 0 121
0 115 124 112 102 124 0 107 123 117 115 100 0 0 0 146 0 0 137 127 101 101 0 112 0 0 0 0 139 108 120 111 120 116 146 112 115 118 0 106 113 135 101 0 149 101 122 115 0 102 129 107 132 130 149 104 101 0 101 0 115 0 101 129 105 0 0 0 0 114 0 0 109 112 119 145 107 131 134 127 102 140 143 0 112 129 0 146 108 0 134 121 0 0 0 110 137 138 106 125 119 139 110 100 138 148 0 131 0 0 107 0 147 123 101 125 146 144 0 0 0 120 111 110 0 121 134 0 144 0 0 120 123 133 105 105 0 0 118 101 0 142 0 0 0 0 130 0 108 0 139 116 140 0 0 116 125 0 0 134 129 145 146 0 144 124 0 106 101 143 0 0 0 137 126 138 0 126 106 104 119 0 126 100 112 108 122 0 0 144 0 121 101 116 106 0 0 121 142 108 0 142 139 122 121 0 123 130 146 107 0 134 101 105 0 0 111 129 102 115 126 112 147 101 146 127 102 130 110 131 145 140 139 146 144 119 0 133 122 120 119 110 0 0 136 145 122 138 120 147 139 100 115 120 0 130 109 0 0 107 110 135 132 116 124 0 140 144 115 128 110 0 124 0 0 116 0 104 123 128 131 131 132
0 0 127 132 110 127 113 101 141 142 102 116 102 119 141 101 118 142 120 147 137 0 0 111 119 0 130 101 139 121 105 114 0 101 129 129 109 0 122 0 127 0 0 121 115 132 0 126 136 120 103 0 118 136 135 0 105 102 147 117 110 137 109 102 0 128 113 127 133 119 116 110 106 132 0 102 121 0 131 103 117 0 102 106 109 110 113 0 113 0 143 140 147 125 0 128 148 132 123 147 105 121 117 131 148 109 140 0 0 117 0 128 137 145 142 147 117 135 122 113 0 145 148 142 127 0 136 122 142 101 0 114 141 103 119 117 0 101 121 0 111 106 100 121 122 145 115 149 101 0 0 123 145 121 143 0 143 122 108 136 137 141 0 0 0 101 105 0 0 110 116 107 139 100 0 0 0 112 0 115 119 122 147 111 0 124 129 109 131 132 130 125 113 114 135 147 138 141 0 0 115 112 0 0 106 146 149 105 108 140 107 0 106 133 119 140 144 145 145 105 149 106 119 118 0 0 148 107 118 136 117 141 125 121 108 0 0 112 0 0 109 101 111 114 108 147 127 0 123 142 0 137 109 130 133 103 137 140 135 0 0 116 114 0 0 112 143 0 110 124 122 101 0 148 105 143 136 0 129 102 132 131
0 149 135 0 119 121 108 110 114 116 0 105 0 139 108 109 106 106 141 0 0 129 136 124 0 105 126 131 0 103 0 0 133 132 115 136 121 146 141 0 102 0 0 106 141 0 137 132 147 122 142 102 126 130 0 104 114 149 128 0 135 133 131 0 0 115 0 0 146 0 0 136 104 146 0 108 119 143 102 119 140 141 102 127 134 0 104 104 0 0 0 122 115 146 109 122 101 0 123 0 102 0 111 0 115 134 130 120 0 103 125 0 112 115 106 101 117 125 127 135 0 128 106 147 124 107 144 141 135 123 102 110 0 135 0 0 0 109 148 116 0 134 0 123 126 0 101 100 113 125 129 147 116 0 139 0 126 0 120 138 124 140 131 0 112 146 0 0 107 121 140 132 134 103 149 134 139 140 102 103 0 0 120 103 129 0 125 0 138 132 0 130 0 113 139 113 123 0 0 130 0 135 127 118 119 119 126 111 100 0 0 129 0 0 0 114 111 103 0 148 0 130 0 0 143 115 0 0 132 106 144 109 136 107 0 129 123 142 128 120 119 131 125 0 144 113 116 100 119 126 0 105 0 103 113 149 134 104 106 0 109 0 0 138 146 0 147 107 109 129 128 145 138 129 0 107 0 0 107 144 0
0 120 120 0 112 130 149 0 135 0 138 141 0 135 0 135 132 133 137 139 133 137 137 133 133 139 120 144 121 141 145 110 107 0 107 106 0 123 0 111 0 101 133 141 0 0 113 107 126 141 137 128 0 100 0 141 125 123 100 103 123 104 121 106 0 114 0 114 0 142 134 137 0 121 127 103 107 127 114 113 143 109 123 122 0 0 141 108 128 0 121 143 0 114 122 119 0 131 133 114 0 130 114 149 140 0 0 111 0 0 0 104 124 0 101 102 118 109 131 116 0 112 131 144 140 129 0 133 117 0 107 132 137 106 143 0 139 139 0 101 111 143 141 128 131 141 122 146 125 147 125 146 136 130 0 111 140 118 0 0 121 105 118 145 146 118 108 100 130 100 148 122 0 131 138 113 128 100 109 0 127 110 0 0 144 116 128 0 122 104 0 131 146 115 123 148 133 146 128 116 140 141 134 116 0 144 0 128 135 143 143 121 0 126 138 0 132 122 106 127 144 100 0 113 0 127 111 110 109 141 0 149 122 141 0 0 148 117 136 117 125 136 120 128 146 148 140 145 123 127 0 101 121 143 0 135 134 103 0 0 0 128 137 0 0 112 0 0 139 0 0 0 104 142 0 149 114 145 136 107
0 0 0 0 125 116 137 110 124 142 0 0 0 149 109 0 0 120 0 119 149 0 147 148 100 110 126 115 0 147 116 144 0 133 123 106 0 114 108 0 0 143 127 128 136 139 136 0 105 120 107 0 140 142 138 0 116 123 126 102 133 148 138 128 135 116 147 110 133 100 114 0 137 0 109 108 101 0 117 115 0 101 139 112 104 0 110 0 122 144 134 134 144 0 0 146 117 0 122 109 117 139 128 132 117 0 149 0 105 145 111 101 136 125 112 119 0 124 148 105 0 144 0 122 107 130 139 112 121 135 108 142 108 0 148 139 120 110 145 0 149 102 0 0 105 130 134 131 141 111 135 123 105 133 0 0 0 116 0 137 115 0 105 140 132 0 134 118 0 0 0 0 136 104 109 131 134 146 116 101 120 0 147 115 149 108 0 129 115 0 111 133 0 0 113 0 104 118 0 124 133 0 100 115 0 141 137 147 0 117 114 126 0 145 0 127 129 118 0 149 134 108 133 126 118 146 107 103 115 128 0 0 0 149 141 117 0 142 140 0 115 127 145 129 107 133 0 132 147 112 133 139 148 0 0 133 136 0 0 129 104 111 125 109 0 0 0 144 149 130 129 125 118 136 101 125 103 0 0
0 105 0 114 145 0 0 141 126 144 0 124 0 0 139 129 130 114 108 100 145 102 118 147 0 122 101 136 0 101 104 135 102 136 0 143 0 0 0 100 143 115 134 0 124 136 146 130 105 145 111 0 0 111 112 0 0 0 0 0 132 113 149 102 110 104 147 0 139 127 113 0 122 113 138 0 122 119 134 122 148 111 135 108 110 0 120 126 103 113 100 121 118 118 0 0 100 143 0 136 121 105 102 142 129 142 102 119 103 148 120 125 0 140 132 0 128 0 132 117 0 104 149 130 123 0 127 0 105 0 122 105 0 0 119 124 121 0 121 116 132 143 125 105 0 135 117 144 118 129 130 143 0 140 134 0 0 127 146 149 106 102 116 0 132 147 0 0 0 149 118 134 148 148 102 0 0 135 132 114 110 145 106 0 0 132 0 128 119 0 144 0 124 106 0 0 145 104 120 0 138 123 143 100 112 105 140 0 131 141 0 0 137 114 116 113 143 104 101 131 110 117 126 146 109 140 115 102 125 0 101 110 124 111 143 0 145 144 149 124 113 104 0 110 0 0 146 0 127 109 124 131 114 0 144 0 0 121 123 106 0 128 138 127 116 0 108 130 0 100 122 134 134 137 128 149 121 0
0 115 149 0 130 148 124 130 147 106 143 149 134 0 0 0 145 111 112 0 123 147 114 0 134 0 0 133 106 148 141 121 101 0 109 109 109 0 0 146 118 124 0 0 137 129 0 117 0 0 0 138 0 107 117 137 100 125 104 113 103 135 129 116 137 120 126 102 110 0 106 115 128 0 146 121 0 0 130 0 0 111 123 139 114 142 136 117 134 0 147 108 0 125 0 149 126 0 123 103 145 106 0 101 112 0 104 103 128 105 130 118 0 110 119 103 133 100 144 149 0 109 119 0 111 0 135 0 0 120 125 0 143 141 0 116 105 122 105 0 106 142 107 124 129 101 0 145 0 117 123 112 112 130 134 120 105 100 126 112 148 101 109 131 120 0 143 126 127 0 100 144 0 135 122 128 0 117 0 0 107 0 117 122 104 105 119 110 143 136 115 140 146 0 131 145 101 0 0 126 138 141 123 0 104 0 108 0 149 120 120 0 129 135 101 142 133 0 142 144 107 113 0 110 101 132 109 117 0 138 0 115 149 147 0 132 112 0 117 119 143 111 130 120 118 126 140 128 103 130 149 135 102 131 118 145 0 0 0 0 138 141 123 0 117 0 106 129 0 122 0 143 0 0 144 0 0
0 121 0 131 139 103 121 0 128 120 0 139 110 116 0 122 114 109 142 100 0 137 104 116 111 142 0 111 133 147 141 121 115 110 129 0 0 122 104 127 110 148 0 148 143 128 102 0 123 143 141 0 139 118 126 149 112 0 124 102 0 143 111 0 119 144 0 106 127 100 122 0 144 128 126 139 0 146 127 0 128 137 134 144 0 104 121 0 119 0 106 0 0 131 0 0 0 0 142 138 0 140 110 0 116 131 115 110 121 113 107 114 140 124 142 124 136 116 124 136 0 144 0 148 0 131 144 109 0 116 147 123 136 0 137 101 135 0 141 137 122 147 103 141 142 100 103 123 124 114 126 132 110 0 121 124 146 101 120 0 103 142 121 108 124 0 0 101 112 126 119 123 0 0 0 0 138 114 0 120 138 149 132 102 147 128 0 134 0 118 0 116 134 0 0 135 140 136 149 112 104 126 104 0 0 145 0 111 0 138 113 138 125 133 0 0 0 136 0 145 0 117 129 122 146 123 115 132 0 132 0 0 111 140 146 132 123 140 0 0 145 101 0 149 143 110 132 0 126 0 147 117 117 104 133 146 136 149 0 130 111 0 145 0 121 114 100 149 131 121 134 0 105 116 102 127
0 100 102 102 121 128 146 107 120 145 0 100 124 116 140 0 104 0 111 109 123 104 0 141 123 127 118 0 130 0 108 118 139 124 129 0 114 140 145 117 139 0 120 123 137 139 102 128 103 140 138 129 0 134 126 147 110 123 118 147 0 130 149 0 105 105 138 118 0 120 102 135 145 0 117 129 0 145 140 0 129 0 111 145 0 105 101 0 116 129 103 0 100 142 145 0 124 143 122 121 140 133 116 142 112 149 0 0 110 120 134 108 144 119 102 139 0 0 106 0 124 121 0 127 140 0 0 0 0 113 109 106 109 118 147 127 125 0 110 105 121 119 0 138 0 110 0 146 0 101 145 0 120 0 147 148 106 149 0 0 119 134 110 0 128 0 113 0 0 146 0 115 116 122 123 144 141 129 144 121 0 146 0 107 144 136 109 108 138 111 129 0 149 115 0 148 145 134 109 0 105 125 131 127 0 0 117 140 143 149 106 141 147 149 128 106 0 130 118 126 0 100 142 115 0 137 134 0 146 123 0 111 128 100 105 123 0 135 113 101 0 110 0 107 147 146 114 112 141 104 134 121 118 0 118 135 100 138 0 0 0 110 124 146 0 115 148 138 144 135 118 0 0 109 118
0 132 0 123 112 125 103 116 112 118 108 112 130 128 115 128 116 0 104 0 137 0 116 125 113 0 108 133 108 0 118 135 117 149 0 0 108 100 102 143 106 111 0 115 108 121 117 0 106 0 118 104 115 149 140 127 124 0 0 144 138 136 124 105 112 146 121 139 0 139 143 122 132 123 126 109 125 0 134 115 129 149 110 114 137 100 125 146 111 133 122 113 114 146 0 0 0 0 144 0 134 123 100 147 0 0 109 112 100 0 138 0 125 136 141 122 119 120 0 145 145 0 105 141 0 100 0 0 136 0 105 125 0 0 117 136 143 0 141 115 119 127 107 0 142 117 130 0 122 118 0 136 103 112 0 108 143 103 122 141 0 0 101 132 133 132 0 0 122 0 141 0 113 143 108 0 110 115 0 0 116 0 0 117 144 107 127 0 0 114 116 128 149 0 102 148 139 0 130 102 101 0 140 144 106 0 143 120 0 103 136 100 125 106 0 116 112 119 0 132 0 112 0 131 0 0 0 0 107 126 0 148 104 0 144 100 129 129 133 0 110 139 138 142 114 132 147 0 117 108 103 0 116 117 123 0 0 128 112 102 106 149 149 0 117 137 137 0 148 128 106 127 0 0
0 118 108 125 103 142 0 137 106 146 112 0 107 101 113 0 0 141 104 149 0 0 104 0 140 126 120 138 115 136 149 119 138 0 135 108 112 145 0 132 0 104 117 110 139 105 149 104 0 0 147 146 0 147 137 128 120 131 118 134 110 112 0 130 110 125 0 117 0 0 0 0 112 125 110 105 142 122 129 0 0 142 107 135 109 0 117 126 108 105 140 0 146 147 126 147 116 122 130 113 0 112 105 125 142 0 134 0 0 137 110 106 144 120 129 119 124 149 128 0 109 123 0 141 106 119 104 0 124 131 100 0 0 136 0 134 0 125 102 105 131 0 131 0 111 145 143 0 113 135 112 105 112 127 113 0 108 111 128 141 131 111 0 139 147 101 0 128 106 141 126 117 134 143 143 130 107 108 147 0 147 0 149 130 0 122 145 106 110 0 103 107 143 119 0 0 143 0 114 102 100 139 108 0 102 121 121 133 0 134 148 106 0 135 0 111 0 115 140 115 146 124 106 139 118 147 117 135 131 128 116 0 0 134 0 131 149 135 143 106 125 145 106 0 0 141 0 109 123 135 0 133 109 0 139 137 143 0 136 0 122 113 144 111 112 140 137 100 125 115 111 0 123
0 0 125 117 0 0 0 136 129 106 121 145 141 122 146 117 0 103 137 109 138 137 109 120 138 125 122 142 104 104 145 124 0 121 147 135 137 113 105 0 104 145 147 140 147 0 128 0 123 110 106 0 121 132 114 0 113 133 134 102 112 108 134 0 109 144 137 136 112 0 134 0 145 132 143 126 134 103 0 140 137 132 0 113 0 0 0 0 123 103 144 141 110 104 123 149 109 140 123 140 0 119 136 0 0 128 147 133 108 127 145 120 101 136 132 134 0 0 123 102 138 143 121 137 119 145 147 126 110 132 0 0 119 113 117 127 0 130 0 105 125 145 103 111 100 120 107 133 0 103 137 109 132 0 139 0 122 0 0 134 132 138 111 110 147 0 103 110 148 102 130 146 0 137 105 135 100 148 148 121 134 0 108 131 105 134 102 102 127 0 115 0 114 149 110 128 136 106 103 105 141 110 107 131 118 122 144 0 117 125 0 141 0 105 0 0 134 114 124 139 0 146 106 112 113 121 0 138 112 0 123 0 0 138 141 105 0 0 0 107 121 114 0 103 147 143 126 132 131 104 144 109 136 0 139 123 0 0 125 121 143 0 140 102 134 130 103 134 0 139 121 137
0 125 119 111 134 125 126 124 124 0 107 141 0 0 126 139 143 141 107 142 0 0 120 117 111 130 140 112 138 128 0 0 139 145 148 122 114 128 0 137 116 140 0 104 124 100 108 0 117 139 119 100 107 142 0 0 111 139 115 146 137 0 113 119 142 143 0 0 0 123 112 0 101 111 0 138 125 133 0 104 0 121 133 0 144 112 109 0 145 145 126 137 0 0 0 138 0 139 147 145 138 112 138 0 134 100 116 106 0 0 133 101 103 108 140 124 125 0 0 125 118 123 117 105 118 122 0 113 146 0 115 112 129 135 141 147 146 119 102 138 108 120 108 130 123 134 109 125 115 115 104 104 107 0 112 115 126 0 113 0 147 132 116 127 116 113 0 105 0 0 141 102 124 0 103 102 104 0 0 110 144 0 0 0 122 142 0 135 102 119 101 0 103 0 120 0 117 0 0 0 0 128 148 0 110 0 102 127 0 133 0 0 141 139 139 0 124 0 131 109 129 0 0 103 135 120 107 119 0 0 0 131 0 0 0 135 0 141 138 133 0 100 147 115 140 0 106 0 0 139 127 137 131 120 122 112 145 105 134 133 0 131 146 128 0 0 146 141 137 103 101
0 139 140 0 125 137 0 135 0 107 122 117 117 123 115 145 113 133 134 140 115 0 133 0 118 0 0 100 122 107 0 109 109 140 0 137 139 142 120 116 107 142 108 148 0 109 146 108 119 140 0 102 133 142 109 137 0 0 0 149 100 142 121 142 144 122 0 144 137 119 113 128 136 145 0 0 109 110 118 0 104 126 0 111 0 132 107 107 146 0 108 124 107 110 127 134 126 132 106 143 100 0 0 120 100 140 0 132 0 128 110 121 0 131 118 148 127 0 0 0 131 0 125 103 114 130 145 100 130 118 0 146 0 134 143 137 0 0 113 100 105 112 118 131 131 140 123 128 0 142 139 117 0 140 103 137 111 131 0 124 0 129 113 122 0 148 112 124 103 116 106 107 137 112 149 136 124 0 120 142 110 106 0 123 119 147 0 129 101 139 123 107 136 0 109 136 148 0 133 105 144 123 119 120 128 138 108 106 133 0 128 143 119 0 0 0 137 139 145 0 112 134 127 0 133 125 143 123 127 137 119 144 147 136 108 146 0 118 0 116 145 115 133 141 0 149 0 136 101 107 137 0 105 144 126 139 134 121 0 128 135 0 0 132 0 0 123 149 0 145
0 130 125 139 132 121 143 116 0 131 140 115 0 147 108 0 122 0 0 118 0 0 132 137 109 0 134 139 138 0 0 130 133 0 117 102 141 124 140 130 0 130 114 116 134 136 125 127 129 123 131 126 113 147 121 110 110 0 0 105 127 0 138 127 0 107 0 113 133 0 112 105 120 0 0 124 127 145 120 149 111 0 140 139 110 146 0 0 111 147 137 0 113 127 107 144 136 128 118 121 119 124 0 134 0 0 0 141 107 0 106 0 0 101 0 134 144 138 0 123 0 129 115 0 141 0 0 0 0 116 105 117 128 125 112 106 139 124 106 0 142 134 134 139 0 111 123 127 144 0 0 0 143 0 100 137 0 102 124 0 131 137 144 132 148 140 0 123 117 0 136 117 120 144 145 109 103 133 0 0 0 146 133 0 125 149 0 114 148 0 126 114 133 148 114 127 129 142 110 109 0 104 0 119 119 126 0 141 0 109 148 129 119 112 122 128 0 126 124 0 136 139 114 131 114 132 138 136 0 102 130 144 127 104 0 119 142 138 149 103 132 118 129 119 149 147 106 0 149 120 0 0 101 0 141 0 0 117 0 0 0 108 0 127 130 123 133 102 0
0 109 146 101 109 141 133 129 138 143 0 136 112 100 146 125 127 0 0 129 140 127 136 113 146 145 102 140 0 105 0 125 117 142 134 0 110 136 0 0 116 114 106 141 111 108 0 141 0 119 111 0 103 118 0 132 117 0 142 143 138 111 105 117 114 0 130 117 133 104 105 115 128 131 0 0 119 126 0 106 129 145 134 132 0 0 130 0 121 0 0 0 124 120 0 122 119 113 133 0 144 146 100 103 122 100 113 102 126 101 104 127 149 145 112 115 105 147 124 118 118 128 0 124 132 105 116 0 111 0 148 148 0 131 0 130 124 131 138 120 144 134 0 144 0 105 0 100 132 147 116 0 112 0 147 0 0 0 118 139 0 146 0 0 136 126 122 142 125 0 0 100 133 140 109 101 0 0 0 143 112 130 118 145 134 104 0 107 0 141 118 0 0 141 104 0 0 121 0 111 137 110 115 113 142 120 121 118 0 0 110 129 137 0 0 105 100 122 103 104 142 144 112 148 109 119 0 104 110 127 134 122 136 145 135 122 134 0 127 0 0 0 114 0 0 132 0 120 107 113 0 120 0 117 0 114 0 0 101 135 130 141 0 117 147 148 122 0
0 0 0 144 138 119 0 121 131 123 142 0 148 108 0 118 113 111 111 0 112 103 135 145 147 113 0 0 112 140 0 114 148 118 126 113 0 0 105 115 107 109 0 0 105 0 136 123 0 105 0 108 141 118 116 129 123 134 136 101 0 124 149 0 142 134 112 128 102 127 140 149 109 123 106 144 122 0 0 114 147 134 104 0 0 117 140 100 122 120 0 133 132 130 109 109 145 147 112 121 149 102 0 121 145 104 113 101 122 112 120 126 100 0 133 136 0 147 138 141 0 139 116 120 144 112 121 136 110 126 112 106 105 0 141 0 0 146 141 0 124 135 141 147 137 0 119 134 149 103 146 107 132 132 137 149 0 128 0 121 141 103 0 138 149 117 117 0 139 0 0 131 0 0 0 132 129 138 0 0 135 136 117 0 122 145 132 0 0 0 113 147 139 103 0 103 127 120 124 133 147 124 109 113 127 108 130 0 124 117 115 124 0 140 0 147 144 103 108 133 0 133 145 119 114 107 121 131 118 134 105 104 0 111 107 119 134 0 129 119 0 104 109 0 104 0 106 102 0 132 123 0 111 100 0 0 110 114 0 103 111 106 0 145 0 134 117
0 104 0 144 126 143 109 0 127 147 122 123 139 129 0 0 146 0 0 109 128 0 0 0 141 119 0 133 129 146 103 132 146 109 131 139 110 127 105 0 0 0 112 0 131 139 147 130 107 125 100 0 129 140 0 131 106 0 145 141 118 0 141 100 0 100 0 0 121 0 142 118 101 124 149 0 0 0 0 0 109 107 0 0 107 102 149 102 114 129 0 120 0 0 100 102 111 134 125 103 0 127 102 110 149 146 102 137 144 145 101 114 110 142 108 116 135 133 146 101 138 0 132 122 0 138 0 0 112 0 112 105 114 126 100 0 0 0 107 0 102 143 0 106 101 0 130 101 120 119 109 0 116 116 103 140 106 133 0 140 0 100 113 137 0 132 108 128 108 142 0 136 0 101 136 120 114 113 139 119 136 104 104 134 127 131 0 0 105 105 104 139 130 0 126 0 123 134 120 106 132 0 145 140 129 127 117 145 0 149 108 125 119 128 121 0 124 0 146 139 125 122 114 0 122 136 108 143 0 0 124 126 126 141 149 131 131 104 120 145 133 102 0 109 127 115 131 119 115 129 122 0 0 105 0 135 136 142 126 140 113 0 143 0 110 145
0 128 123 118 105 102 0 114 103 147 130 122 107 138 0 110 0 144 133 115 101 0 0 0 128 0 138 144 127 112 0 130 0 120 0 125 0 126 142 0 125 0 0 126 134 120 135 0 130 128 113 147 109 109 141 103 135 103 106 147 117 0 0 139 0 100 0 124 146 120 0 148 149 112 122 137 108 117 0 129 140 132 0 118 132 139 0 140 101 117 101 146 142 110 134 0 116 110 0 108 147 133 0 0 145 104 113 0 120 0 0 100 136 0 0 0 114 136 107 121 112 129 145 139 119 110 101 0 141 110 0 136 120 121 126 134 144 124 149 0 133 0 116 123 117 104 141 0 127 0 147 0 140 0 108 110 144 0 113 101 135 104 123 115 111 124 119 0 0 146 0 115 128 147 118 145 118 0 0 108 123 108 0 127 109 0 112 113 0 104 112 0 128 117 0 132 0 114 123 131 112 0 101 102 104 0 136 0 0 0 117 140 117 0 108 117 126 0 128 0 129 108 102 0 142 127 125 121 145 0 0 104 130 136 119 145 130 112 129 122 134 0 125 147 123 129 0 0 104 141 0 138 0 134 138 118 146 121 0 142 0 0 0 0 134
0 0 140 145 135 112 129 148 125 118 100 0 134 134 0 141 0 121 131 0 101 143 100 0 0 112 138 0 107 0 107 132 0 143 0 0 0 107 128 0 135 143 114 124 0 0 101 105 113 143 102 123 116 108 0 141 125 110 0 104 144 104 134 146 139 114 121 0 112 123 0 107 149 146 0 0 131 0 140 133 146 112 146 104 131 132 127 118 121 147 141 113 142 135 0 145 0 144 110 119 0 0 0 147 129 134 144 146 0 123 147 0 109 108 0 114 0 121 119 0 102 131 107 136 0 0 107 147 147 115 127 135 0 123 101 0 110 104 147 141 119 106 115 100 111 0 149 140 120 136 138 132 123 103 0 0 0 135 0 135 136 132 138 122 125 112 148 125 127 126 0 130 147 147 0 0 103 131 0 0 0 114 0 141 0 129 0 0 0 142 129 116 0 0 0 140 134 110 0 139 100 122 0 126 143 127 119 136 135 0 104 0 114 0 0 138 0 125 100 116 0 108 104 115 104 0 0 106 120 120 0 0 103 104 103 126 126 120 123 144 115 115 117 107 145 0 133 132 121 115 138 131 103 115 142 0 137 111 142 106 136 149 0 0
0 128 110 134 134 0 110 119 106 0 106 124 0 0 131 115 0 0 141 0 127 115 0 0 103 0 0 142 112 129 0 126 138 0 105 121 114 139 0 0 119 106 140 112 125 125 0 0 117 101 114 145 126 131 117 120 135 120 106 0 118 147 109 125 129 0 0 103 121 143 142 115 147 0 108 141 101 108 148 0 0 100 114 100 0 129 113 0 149 0 106 100 134 149 149 115 101 139 112 117 0 104 0 123 113 0 0 138 101 132 135 102 115 144 0 0 0 127 0 119 132 0 0 142 0 101 109 121 114 0 0 137 0 0 0 0 145 103 111 130 142 110 105 119 138 136 0 104 114 134 102 119 0 0 0 100 148 132 119 109 112 145 0 111 104 141 148 140 100 143 128 141 126 117 142 0 134 115 145 0 140 118 122 129 147 0 131 0 128 0 134 102 118 106 137 122 0 134 133 122 143 132 0 133 0 140 0 107 0 132 111 107 0 130 121 138 105 112 140 143 102 104 0 100 135 137 149 139 0 0 0 106 104 125 145 143 123 139 0 113 124 0 0 0 118 0 120 138 0 140 100 0 127 108 0 137 126 116 103 147 104 121 103
0 124 109 122 128 124 118 145 0 109 139 100 112 122 101 0 139 125 139 122 0 125 0 136 143 102 106 0 0 0 107 132 126 0 144 108 0 145 133 113 126 120 0 0 110 0 115 141 0 0 0 136 0 116 141 138 111 115 0 126 140 0 113 127 102 0 104 148 113 0 0 111 129 0 130 128 136 131 134 0 132 0 117 101 120 110 0 106 0 129 122 0 121 0 117 0 135 115 0 136 0 111 0 0 145 141 0 0 120 146 121 112 129 0 117 131 142 0 0 140 0 135 107 0 137 0 0 113 143 118 117 0 0 114 139 128 138 103 141 118 122 0 138 132 111 137 135 0 119 0 136 146 103 119 112 0 113 106 106 136 105 0 128 142 104 149 0 139 135 121 105 101 138 0 121 131 117 147 127 122 123 141 128 122 104 131 0 0 144 122 111 131 101 116 0 0 0 147 124 112 0 142 128 111 0 0 0 0 122 148 120 106 138 0 145 0 103 102 104 0 117 101 0 120 0 0 145 118 138 102 114 105 142 101 141 0 137 104 101 105 112 0 0 116 0 134 108 136 126 103 0 0 0 103 0 138 111 0 112 0 0 113
0 111 0 112 112 104 129 123 125 0 144 139 126 120 0 118 125 103 0 122 130 0 148 0 138 148 107 125 0 0 103 0 114 0 118 119 137 138 113 0 0 101 135 0 117 0 134 0 139 126 0 116 0 129 137 0 107 128 131 0 134 132 144 120 0 0 106 0 127 147 118 129 131 149 122 0 131 135 119 121 0 135 134 145 102 133 111 0 0 117 0 113 114 116 137 102 115 129 127 142 0 117 146 132 144 121 133 100 108 143 0 109 0 105 111 0 119 0 0 120 120 122 118 134 0 0 113 141 114 0 133 132 135 132 148 149 136 147 111 114 0 103 116 0 115 137 133 148 0 145 0 0 0 121 0 121 0 117 130 101 107 0 102 139 119 123 109 0 0 136 0 116 142 0 107 144 143 114 0 123 0 109 0 138 142 148 107 0 0 0 122 121 0 134 140 122 0 107 0 131 136 139 0 0 0 132 116 119 0 120 124 135 135 139 144 0 0 0 140 0 123 0 110 129 112 140 0 123 114 135 0 147 141 113 0 125 135 102 135 128 112 0 147 107 0 146 126 129 0 130 104 0 122 141 119 116 122 0 140 136 141
0 125 0 138 145 0 121 120 0 115 129 133 0 142 116 0 0 0 149 117 0 122 0 147 0 100 133 138 114 129 0 113 116 0 0 0 107 0 124 132 136 0 0 0 108 107 133 149 114 124 106 149 114 0 117 120 122 128 140 101 105 124 0 123 149 140 139 145 0 0 0 142 0 0 127 131 130 131 143 116 105 145 115 101 119 130 134 0 147 128 119 144 121 139 0 130 129 138 133 138 109 102 135 0 117 120 0 128 141 110 108 115 139 121 0 140 120 138 0 0 107 0 0 123 0 135 148 102 112 136 0 139 0 104 0 139 118 0 0 116 143 140 0 133 114 116 0 117 137 144 106 0 141 121 0 131 0 147 0 110 145 105 111 140 114 0 107 108 138 128 134 124 139 133 117 0 123 125 139 127 135 107 140 115 114 120 137 0 135 0 133 0 103 116 0 0 104 141 104 126 136 0 140 124 102 131 124 108 107 0 0 111 0 108 118 0 0 0 141 148 0 114 121 132 0 100 147 110 109 141 105 126 0 102 0 0 103 109 110 0 102 0 104 108 114 110 128 0 129 0 126 0 125 140 116 100 0 138 117 0
0 108 137 0 102 138 137 0 105 115 0 0 0 143 137 126 112 144 119 0 123 108 109 0 105 0 0 106 143 115 0 120 115 125 0 0 136 126 107 0 0 0 127 122 127 135 144 0 0 123 143 0 0 0 126 125 134 121 128 129 0 148 100 0 104 101 106 0 0 0 108 0 119 122 117 117 100 134 0 132 117 121 128 0 148 113 0 111 112 0 128 0 135 128 0 0 121 108 136 112 147 126 0 147 105 132 128 136 147 107 128 105 0 124 104 0 109 131 122 141 111 110 122 111 105 0 110 141 128 0 130 128 0 0 103 132 129 0 118 115 110 0 113 101 108 0 124 0 0 123 120 138 147 131 0 125 147 118 146 134 0 123 113 149 110 113 106 102 144 118 121 110 107 101 114 108 0 144 104 119 142 124 110 0 140 147 139 0 0 117 110 136 142 105 130 145 120 104 104 122 134 127 121 0 0 134 137 133 141 0 112 112 135 110 0 131 0 0 149 0 130 146 126 120 149 133 114 144 145 146 122 146 102 0 116 144 137 113 144 140 144 136 0 0 130 0 138 103 0 0 111 103 114 134 138 141 112 108 146
0 0 137 122 0 134 113 117 108 132 110 143 149 138 121 0 100 0 0 126 138 110 145 109 0 124 123 0 110 146 0 144 108 142 0 113 122 119 132 118 114 109 117 135 105 117 0 137 0 106 0 120 123 139 101 0 120 128 134 0 0 129 0 111 103 0 114 135 0 131 138 105 0 122 0 106 107 0 115 142 103 125 142 0 124 123 129 100 0 0 106 0 0 0 0 0 143 0 140 0 131 132 0 0 0 112 134 130 102 127 149 0 108 131 0 0 0 136 127 106 141 132 143 140 117 123 0 117 106 107 0 133 111 0 103 0 137 0 0 148 0 0 122 136 0 131 142 0 149 0 100 141 109 133 107 0 133 117 143 117 101 0 102 126 132 0 121 138 0 101 132 105 0 106 0 140 129 136 145 143 111 0 123 143 100 125 0 140 112 146 109 0 114 103 117 0 147 0 0 113 113 126 0 0 121 137 117 115 109 143 117 0 135 0 0 116 130 124 137 119 144 0 141 136 141 145 0 109 109 144 138 114 136 111 135 119 0 100 139 124 0 132 121 132 0 0 100 133 0 114 109 134 0 0 143 110 124 0
0 125 116 140 141 143 124 118 0 138 144 136 0 100 111 121 104 0 139 0 120 0 106 145 143 103 119 126 103 137 149 102 0 0 135 137 125 132 149 0 100 125 102 0 142 103 137 0 111 136 0 133 101 0 0 144 128 113 0 144 0 113 114 0 138 143 118 107 135 0 108 129 149 0 106 0 0 122 148 104 0 104 134 112 130 125 0 132 0 0 0 125 120 121 101 0 103 133 0 128 127 146 0 143 124 0 126 0 100 124 118 131 115 124 0 0 133 118 139 149 144 104 117 137 146 132 128 0 0 140 0 100 131 130 126 133 146 145 116 149 147 0 112 117 125 143 109 137 134 0 114 147 0 116 149 146 0 105 116 0 140 0 103 129 101 108 0 141 0 107 106 0 144 117 104 115 148 0 141 124 0 116 0 142 0 148 135 119 131 135 0 137 125 138 130 140 108 141 149 145 128 137 134 137 127 101 113 0 139 0 107 103 0 105 0 131 0 112 0 105 146 140 129 0 140 129 144 111 100 0 121 0 131 147 126 123 126 0 143 118 0 0 114 0 112 105 145 112 137 0 123 120 129 135 101 147 101
0 146 121 124 0 147 0 138 117 114 137 0 0 137 113 104 0 118 128 120 127 120 0 126 144 144 113 0 0 143 130 0 125 120 134 121 120 100 148 110 0 0 112 0 115 111 133 0 0 135 140 110 127 128 108 104 130 137 0 0 0 0 142 138 100 149 138 105 110 123 108 120 102 128 129 125 139 130 116 140 118 109 0 142 140 0 113 112 146 138 115 104 0 119 101 0 117 0 0 131 123 0 116 0 122 121 104 0 0 142 0 136 114 0 0 101 119 147 105 131 134 0 114 0 103 102 0 147 130 146 143 141 142 102 139 106 146 117 148 117 0 108 100 139 142 131 125 109 0 107 124 112 125 116 149 0 113 125 108 0 144 0 142 104 0 119 0 147 110 0 133 109 136 129 107 0 142 0 127 148 0 145 125 118 0 0 0 0 0 110 125 118 101 130 119 0 141 108 142 109 142 119 124 145 136 109 105 126 103 0 124 144 106 131 106 113 101 107 107 0 113 105 135 132 100 0 121 102 144 146 132 124 114 139 130 109 133 121 148 0 0 136 134 113 116 126 102 106 127 127 100 108 132 101 144 0
0 101 110 0 0 127 137 143 0 116 106 132 0 148 140 0 145 148 107 135 124 120 145 0 0 133 117 102 116 127 121 141 148 122 134 0 103 0 103 132 140 130 143 0 137 133 130 147 148 113 114 109 123 128 0 131 0 117 0 129 143 137 101 143 0 0 0 114 119 133 129 123 107 118 147 117 102 0 148 129 112 103 118 127 130 0 147 0 111 121 135 109 120 0 0 105 0 146 135 119 126 105 0 131 145 0 139 123 123 149 134 119 102 108 138 131 115 110 110 112 128 104 135 0 126 107 110 146 0 142 0 128 137 107 132 108 0 0 126 143 0 116 0 109 129 0 118 0 120 0 115 125 0 0 115 121 145 127 0 133 130 100 122 111 131 0 112 149 135 125 0 114 134 0 112 116 140 0 116 106 118 0 136 118 0 134 127 0 108 142 147 111 119 145 105 122 0 133 119 126 0 148 141 0 142 132 0 0 135 0 0 147 135 141 115 122 0 144 148 133 142 0 0 0 0 117 100 114 137 145 0 127 120 142 106 109 145 0 0 146 134 113 146 0 141 0 108 141 0 0 129 148 0 136 143
0 0 142 110 101 103 0 0 119 137 140 133 115 128 0 0 132 0 138 144 132 102 117 135 124 123 0 114 0 0 111 0 123 0 0 131 137 127 104 0 121 0 113 116 0 112 120 113 0 105 0 101 107 147 0 142 101 0 141 0 110 136 121 100 0 137 127 111 0 0 0 114 100 133 109 135 101 130 128 145 124 122 132 102 0 0 108 0 143 132 111 143 147 0 131 141 125 147 104 125 110 137 0 0 102 136 123 145 135 100 129 101 0 113 120 111 0 132 0 0 0 0 137 0 0 146 148 139 121 138 109 116 0 125 137 126 115 103 122 0 0 0 0 132 124 120 133 144 0 145 0 131 103 0 104 107 134 0 123 0 131 137 145 106 108 0 146 119 0 132 134 0 125 113 0 129 137 116 148 126 0 124 0 136 147 131 132 137 145 121 125 141 110 148 149 117 102 0 133 126 101 140 111 0 121 134 0 128 112 0 0 0 0 130 134 0 0 0 126 127 132 0 131 0 124 131 0 117 117 102 105 144 102 123 134 148 114 109 100 138 0 135 146 0 102 148 133 0 117 135 0 117 141 0
0 113 114 103 147 114 139 0 113 130 121 130 112 0 144 0 146 112 118 130 105 0 119 117 104 109 126 143 138 0 134 107 136 100 120 135 121 129 0 0 107 116 129 142 0 127 140 102 118 148 130 138 123 115 102 106 145 139 144 0 0 100 0 0 140 142 135 128 121 116 142 115 143 146 149 122 106 116 118 121 138 102 0 147 129 101 135 144 143 101 145 0 0 105 131 136 126 135 0 127 0 0 114 0 0 149 117 145 136 132 102 0 138 0 0 147 149 106 118 123 120 0 123 0 129 125 0 126 0 121 120 105 117 116 134 0 0 0 0 102 127 108 107 125 0 0 0 127 105 100 127 144 123 0 149 0 127 132 115 102 129 0 131 0 108 118 147 0 0 124 107 138 140 125 0 0 142 112 0 140 0 126 145 136 107 111 128 126 148 132 0 148 147 131 103 111 132 128 0 135 117 108 148 137 101 0 122 0 0 115 125 149 110 110 109 138 121 130 125 112 120 120 0 134 134 133 139 133 0 107 0 121 0 0 0 100 102 0 114 128 130 0 0 125 0 0 0 148 0 142 0 107 0
0 118 127 130 128 148 0 0 0 141 147 111 0 112 148 120 108 126 147 119 138 144 144 143 103 127 0 106 103 0 123 0 141 126 139 0 124 103 0 139 0 148 0 124 124 0 132 136 130 132 132 141 125 107 117 137 0 108 107 144 130 108 131 133 149 0 109 105 0 0 101 105 108 0 102 0 0 137 130 138 137 149 103 122 119 124 147 136 136 126 0 117 142 0 0 145 122 102 117 113 135 128 107 0 133 107 103 139 103 110 100 0 118 148 142 0 106 132 134 124 124 112 114 132 107 0 133 128 149 0 146 140 138 0 103 124 0 108 130 131 0 0 117 106 132 143 0 109 0 125 127 0 100 124 146 136 127 135 102 110 118 118 123 0 124 120 134 136 125 110 117 0 133 0 107 142 0 115 146 106 0 139 0 0 143 103 111 0 149 129 146 111 0 0 0 135 117 121 0 0 103 100 147 0 0 112 108 147 115 0 124 0 127 103 119 0 114 113 111 0 135 101 147 0 102 131 126 0 0 0 136 126 128 0 122 140 0 109 134 109 139 0 0 144 145 129 103 121 0 106 106 0
0 0 107 131 105 0 110 127 142 115 0 0 0 103 112 0 0 122 133 101 127 138 123 101 110 102 145 0 144 101 0 129 0 116 0 0 138 135 111 0 136 149 137 146 122 0 131 0 101 0 127 0 110 117 132 0 131 115 117 135 0 108 120 147 0 128 121 111 109 120 102 111 107 101 0 0 107 0 120 123 118 105 0 110 0 147 108 129 105 136 139 114 0 104 147 143 145 0 113 0 107 110 0 0 137 133 0 118 0 0 100 133 110 0 127 100 132 126 0 0 127 0 115 118 0 121 132 135 118 148 145 128 125 0 136 134 136 148 0 140 113 136 115 137 136 144 134 133 127 148 137 132 143 148 142 125 0 142 0 126 111 139 116 135 104 107 100 117 109 110 130 134 101 127 117 0 116 136 120 0 122 136 127 149 144 117 0 102 0 136 0 138 0 0 116 139 124 134 0 143 119 106 0 0 125 133 111 149 0 135 140 115 132 0 104 0 133 141 139 146 0 144 117 140 110 130 121 0 0 0 145 0 0 0 0 133 100 109 141 146 0 140 113 133 130 0 0 115 147 0 106
0 139 129 140 134 0 141 137 0 148 0 120 139 0 106 0 145 109 138 138 120 0 0 110 0 133 111 0 144 109 135 128 129 108 131 133 137 0 115 113 0 128 0 115 0 148 111 113 122 133 145 122 131 0 112 0 0 148 115 143 113 125 142 0 127 141 0 140 137 142 101 100 121 121 0 140 0 0 120 142 0 104 126 0 146 0 0 101 124 136 132 0 110 0 144 0 134 131 0 128 124 112 125 137 0 0 131 104 121 135 125 126 0 103 116 0 108 143 146 132 0 121 0 122 146 124 103 104 0 0 0 0 102 0 145 0 113 0 116 131 116 140 149 100 0 0 103 0 107 110 127 124 126 0 137 103 121 124 0 127 0 131 102 0 106 121 121 149 0 146 134 110 107 107 140 0 102 147 132 145 108 0 119 137 149 105 130 0 148 110 136 116 107 116 138 104 0 108 108 144 131 114 0 143 139 140 0 0 0 107 101 109 124 140 121 0 0 107 0 124 109 0 127 0 139 0 0 0 128 0 140 107 0 0 102 133 0 104 147 138 0 119 102 118 0 123 0 111 136 108
0 0 0 0 0 134 112 0 0 0 103 140 137 139 104 136 139 0 0 136 114 106 110 125 120 136 0 138 0 116 0 109 0 113 126 107 130 0 120 138 113 0 118 104 135 0 0 0 147 126 0 115 0 117 0 0 0 138 103 103 139 116 0 0 134 137 125 0 0 109 127 117 144 121 0 133 0 0 0 115 106 133 115 107 147 103 0 0 126 0 103 0 0 109 0 102 130 142 0 102 0 131 121 134 0 0 0 146 0 104 135 0 103 133 0 101 114 137 135 117 0 111 138 100 0 136 148 0 138 112 0 0 133 143 0 101 140 107 0 104 111 123 118 114 116 130 0 142 0 131 0 114 142 0 119 101 135 101 143 148 127 120 0 144 135 133 142 131 124 127 105 124 149 0 0 124 146 110 134 114 126 105 104 0 0 111 123 132 121 124 119 118 0 102 0 0 145 137 117 131 0 129 0 0 0 104 146 0 0 106 102 0 0 102 122 117 0 131 134 131 0 110 0 0 141 141 109 122 0 131 117 141 130 134 111 0 125 0 109 116 143 131 133 134 114 137 138 137 103
0 0 139 132 100 110 128 0 0 0 118 121 146 100 145 117 123 111 145 116 114 0 131 104 0 137 118 127 128 113 0 116 0 0 120 147 130 124 120 0 135 126 122 0 100 141 0 134 137 0 110 117 128 124 0 106 111 101 147 129 148 114 146 149 0 0 136 148 0 0 0 127 112 131 148 141 141 116 137 112 122 0 121 0 122 139 0 0 0 108 0 0 116 0 0 106 114 108 140 0 0 100 128 0 0 119 124 131 122 133 0 0 136 123 107 122 129 113 145 0 125 0 0 0 0 143 126 135 136 113 0 0 121 116 144 134 122 115 107 105 137 102 102 149 100 0 122 123 127 142 126 128 0 148 139 124 0 116 0 109 130 110 0 0 133 114 0 144 0 134 123 138 0 143 114 104 127 137 101 136 0 133 0 120 116 148 109 0 116 125 126 112 0 128 149 133 138 123 0 130 102 101 132 126 0 117 135 115 0 104 138 107 141 101 136 126 110 0 0 0 0 141 0 139 136 136 141 108 135 124 137 0 123 142 115 0 0 112 110 101 149 0 120 129 0 101 113 141
0 116 114 121 0 0 124 0 0 0 140 0 141 106 143 145 143 133 0 129 0 126 142 114 101 107 0 136 100 123 108 123 126 0 0 0 0 134 110 135 0 139 140 0 119 104 111 105 0 110 112 148 147 109 121 101 122 124 136 0 147 0 127 0 125 101 108 106 116 119 110 148 113 125 105 0 0 113 104 140 0 117 133 119 107 100 0 116 0 123 0 109 0 142 126 0 107 141 0 0 102 126 107 103 143 0 118 0 120 113 0 136 117 133 141 0 107 0 127 108 0 143 0 122 130 0 132 125 141 0 104 100 101 123 136 108 130 103 110 137 103 0 136 113 122 124 0 106 134 0 141 122 103 0 118 132 115 139 138 0 122 100 0 128 0 0 121 129 121 103 124 110 102 140 132 114 128 109 0 103 113 0 137 111 0 132 133 123 125 0 146 0 144 106 130 110 125 108 0 103 122 0 133 115 147 143 0 0 132 140 0 139 0 0 124 108 115 121 106 114 103 132 107 140 130 0 146 116 0 136 147 126 146 103 0 137 126 116 141 139 110 146 0 0 111 109 134
0 146 0 114 145 0 0 0 0 143 110 115 134 133 124 129 0 107 0 0 123 137 124 0 144 148 0 108 134 122 121 0 0 147 124 0 149 147 130 108 137 129 113 145 124 133 106 132 139 108 0 0 0 105 142 124 104 142 142 0 149 148 0 100 133 137 110 107 0 0 0 137 0 0 117 143 125 107 0 113 130 0 110 135 126 0 125 116 110 100 103 0 101 127 134 104 136 0 140 111 138 0 104 0 133 0 113 132 115 122 127 0 147 101 0 110 135 132 0 128 131 0 126 0 0 135 0 149 135 0 134 109 114 0 114 120 100 147 135 110 133 0 110 143 110 0 145 137 0 149 149 122 131 0 139 141 141 101 0 137 117 134 0 132 125 120 126 118 118 116 100 121 143 124 102 129 110 124 142 141 113 0 120 126 0 144 118 147 116 0 114 0 119 138 115 0 0 118 0 101 133 100 112 145 0 108 109 0 0 133 0 130 144 127 0 137 101 104 100 115 100 130 142 147 129 115 146 106 142 144 100 107 0 0 117 126 115 125 133 106 147 140 144 121 125 135
0 149 0 112 0 0 0 102 119 139 106 146 113 128 117 101 136 105 133 110 101 130 0 103 109 0 101 129 144 100 135 133 101 136 142 110 112 101 143 116 119 148 0 0 131 144 134 104 124 140 0 128 103 0 142 118 132 112 101 129 113 132 0 0 125 116 120 113 131 119 144 120 102 117 136 140 121 124 103 103 0 0 101 147 101 110 136 143 148 147 0 126 115 0 138 103 136 126 0 0 117 112 105 127 0 103 124 111 113 0 139 121 140 0 117 148 125 122 0 0 144 132 0 143 112 102 120 118 135 104 141 136 132 0 0 105 130 0 101 142 101 147 108 138 113 123 118 104 146 125 100 104 123 104 0 134 0 125 0 0 108 0 104 136 109 130 143 117 106 114 0 149 0 0 123 133 125 130 0 116 140 0 146 101 145 100 136 0 0 126 127 126 141 113 145 108 104 136 146 0 127 0 118 124 133 145 130 101 101 112 129 103 112 132 0 143 147 119 115 119 128 116 0 129 138 124 125 138 107 143 111 108 124 0 144 0 0 117 0 105 123 148 133 123 0
0 115 102 0 0 148 121 137 0 126 0 147 0 119 0 143 127 149 133 133 145 0 134 114 148 0 107 0 113 119 104 139 145 109 117 123 140 136 100 131 121 0 144 100 127 128 0 140 114 0 132 142 0 131 133 132 0 0 0 114 117 123 107 144 0 0 114 141 109 111 124 121 0 0 127 146 119 107 124 143 122 145 108 136 123 103 142 114 128 133 108 138 144 107 0 113 130 102 0 104 0 149 128 114 149 105 0 0 120 142 130 137 140 118 0 129 114 119 0 124 100 128 123 0 0 0 0 120 119 115 112 104 117 0 127 119 126 142 126 133 105 115 118 127 0 133 130 0 108 0 0 121 116 0 140 105 145 125 106 106 129 122 149 0 0 106 0 0 130 0 106 119 118 0 119 127 132 133 148 109 0 146 0 0 146 129 105 106 0 111 136 0 112 0 124 142 0 117 0 129 102 0 122 143 122 109 119 130 122 126 140 134 144 0 121 114 133 105 142 130 0 148 0 104 144 0 149 132 111 146 106 103 110 136 110 123 0 0 140 128 134 115 0 105
0 149 124 0 109 0 0 132 0 139 138 112 102 120 115 149 0 108 147 133 126 117 128 145 0 148 129 103 0 101 0 102 137 133 132 0 129 128 0 120 114 0 0 136 123 148 109 115 133 133 120 136 129 138 0 139 0 116 121 110 145 0 136 0 106 112 0 0 114 0 102 0 0 0 131 126 146 0 108 131 116 0 120 104 142 115 0 117 111 124 110 0 107 100 141 0 138 148 118 102 0 0 138 127 146 109 130 140 123 0 0 122 102 126 101 133 146 0 0 126 110 140 141 113 149 126 0 0 0 102 105 123 121 116 128 0 129 118 130 0 119 102 0 0 0 109 101 0 132 114 138 122 147 0 135 116 107 142 126 129 123 123 139 0 146 105 131 122 130 104 0 108 114 127 135 101 141 123 116 0 0 113 102 129 125 111 0 113 122 117 0 0 106 124 0 0 133 130 103 144 126 128 108 122 116 110 0 145 149 0 125 139 0 144 0 112 115 0 107 133 147 133 116 0 135 106 102 106 140 133 105 142 0 128 138 101 114 0 130 0 121 145 131
0 115 0 104 0 112 121 105 106 134 106 0 141 136 115 0 138 102 132 0 121 102 103 134 134 0 0 149 0 118 144 109 126 135 141 132 111 107 0 101 110 146 103 103 0 103 148 136 109 108 138 111 142 108 100 117 0 0 0 148 0 138 136 127 100 125 109 112 105 142 0 121 102 121 136 0 147 121 142 127 110 115 0 137 0 111 136 0 129 114 0 142 101 104 0 119 120 143 103 109 120 119 122 132 0 139 140 121 103 0 103 129 138 137 0 139 117 0 131 109 0 122 118 111 116 110 141 146 118 125 103 108 145 104 121 0 116 0 139 0 147 125 137 137 142 132 0 0 142 134 142 133 145 100 112 132 145 110 0 140 133 116 141 0 0 100 130 0 113 0 136 0 114 111 139 102 132 127 118 147 118 124 103 138 0 144 0 129 101 104 0 0 0 0 118 133 0 146 120 146 148 137 0 0 106 140 127 112 0 113 101 110 0 136 114 0 109 134 117 136 118 120 110 100 0 113 0 130 0 133 116 0 143 144 136 131 122 0 0 0 119 120
0 0 109 0 0 0 107 0 130 134 124 131 101 123 100 131 141 122 0 144 137 109 138 102 0 125 137 119 0 142 0 0 123 125 145 120 103 135 132 138 124 0 133 111 105 127 114 120 129 102 120 124 132 117 124 127 121 111 0 106 0 101 0 0 146 134 136 122 126 106 0 0 0 113 0 110 102 138 117 101 142 116 0 122 137 141 115 149 117 0 141 132 125 0 100 130 121 100 139 0 122 122 0 138 136 0 116 113 115 102 139 144 118 0 122 144 109 0 0 140 0 133 0 100 0 128 0 136 122 0 0 147 123 134 0 0 113 128 0 104 122 0 146 144 113 118 130 146 101 0 101 0 142 112 129 131 140 136 101 134 134 0 0 0 102 123 0 0 128 130 0 0 118 149 149 133 0 108 144 119 122 102 117 104 109 108 129 137 133 0 101 135 101 0 143 0 130 127 147 147 144 112 141 125 0 0 0 108 116 0 119 131 0 0 129 138 138 107 0 0 128 141 143 114 132 115 111 0 119 133 101 107 141 0 0 121 132 134 113 123 127
0 0 0 0 0 0 0 0 0 0 0 0 0 0 0 0 0 0 0 0 0 0 0 0 0 0 0 0 0 0 0 0 0 0 0 0 0 0 0 0 0 0 0 0 0 0 0 0 0 0 0 0 0 0 0 0 0 0 0 0 0 0 0 0 0 0 0 0 0 0 0 0 0 0 0 0 0 0 0 0 0 0 0 0 0 0 0 0 0 0 0 0 0 0 0 0 0 0 0 0 0 0 0 0 0 0 0 0 0 0 0 0 0 0 0 0 0 0 0 0 0 0 0 0 0 0 0 0 0 0 0 0 0 0 0 0 0 0 0 0 0 0 0 0 0 0 0 0 0 0 0 0 0 0 0 0 0 0 0 0 0 0 0 0 0 0 0 0 0 0 0 0 0 0 0 0 0 0 0 0 0 0 0 0 0 0 0 0 0 0 0 0 0 0 0 0 0 0 0 0 0 0 0 0 0 0 0 0 0 0 0 0 0 0 0 0 0 0 0 0 0 0 0 0 0 0 0 0 0 0 0 0 0 0 0 0 0 0 0 0
0 118 128 122 138 0 0 138 106 142 133 135 0 0 0 0 127 0 136 126 134 142 108 0 131 0 122 137 108 0 129 139 142 0 109 0 134 0 130 132 0 144 126 0 0 108 105 109 0 111 114 0 138 142 130 109 0 145 0 138 103 126 0 137 0 107 124 143 103 0 130 0 106 102 0 101 138 0 104 142 117 116 107 103 136 118 114 0 0 108 116 145 115 134 0 145 134 116 0 130 116 143 0 111 112 0 120 114 0 101 123 133 0 135 124 113 0 136 117 0 120 115 103 0 0 0 0 136 134 110 113 127 138 0 0 0 0 101 101 145 100 113 0 0 126 0 137 115 138 101 0 126 101 125 136 146 144 105 0 129 118 117 114 0 110 145 131 0 132 106 127 109 122 0 100 122 102 144 0 138 132 110 127 100 115 112 131 0 101 118 140 0 102 135 136 105 137 114 0 137 139 124 120 138 107 145 146 114 115 103 109 110 108 0 141 0 0 0 147 103 137 137 0 147 0 0 144 138 145 100 147 0 133 119 139 127 124 149 147
0 136 105 121 136 0 128 132 147 100 129 0 117 149 110 126 0 115 0 149 140 135 0 0 123 120 102 140 113 0 111 100 120 0 130 0 141 117 136 141 0 0 0 0 0 146 0 109 115 126 0 121 0 122 141 101 128 115 0 131 133 145 0 102 144 127 119 110 107 116 0 117 0 0 127 0 133 125 131 0 115 0 0 0 131 147 142 125 139 106 112 130 144 0 128 103 0 0 133 0 131 144 0 149 139 125 103 124 0 103 0 106 0 0 0 0 139 115 101 147 119 0 138 126 113 124 138 111 145 114 0 124 102 0 0 0 142 106 119 0 124 141 0 120 0 0 130 0 119 0 112 131 113 0 123 104 100 140 117 102 118 110 133 107 131 145 0 124 0 120 134 107 122 0 134 145 124 107 114 133 115 137 133 0 133 149 140 0 120 0 0 145 0 0 124 0 0 108 114 138 142 115 0 130 0 131 0 106 140 106 0 145 135 132 144 0 145 131 0 128 0 149 133 0 0 144 141 128 113 0 137 123 110 0 0 115 117 0
0 110 101 113 103 137 148 102 0 146 103 0 104 121 122 115 142 109 120 0 109 136 100 145 0 104 0 103 105 0 105 0 117 145 136 130 120 113 0 148 121 0 112 107 0 143 0 0 141 0 104 112 131 0 124 0 0 115 0 134 116 125 136 102 0 133 0 131 126 140 128 116 111 0 137 146 101 148 128 145 0 126 109 141 102 101 115 102 138 140 112 114 147 148 122 104 123 0 109 121 107 133 0 0 0 0 109 105 114 119 112 121 137 139 131 0 0 102 111 127 126 101 130 0 113 102 109 0 118 105 141 141 125 108 0 113 130 0 104 132 109 147 106 0 0 149 0 0 127 0 0 142 0 118 140 0 0 122 0 100 123 132 0 124 0 117 0 0 0 126 146 0 0 122 147 138 104 140 125 113 122 108 0 103 140 117 146 0 149 149 129 146 107 133 137 120 0 143 0 131 100 112 116 149 143 144 0 111 0 0 104 121 124 113 106 140 142 136 102 148 0 100 145 0 134 104 0 100 123 127 121 0 135 135 0 107 106
0 0 146 108 139 119 105 122 0 123 0 120 0 0 147 0 0 139 126 0 143 136 0 106 0 118 0 134 133 120 141 136 105 118 0 129 0 0 133 117 0 102 108 121 146 0 145 149 0 124 100 123 144 0 110 137 121 104 129 132 117 148 0 0 143 133 0 137 0 0 117 115 137 148 141 126 129 146 142 145 0 121 124 0 119 143 110 133 127 121 145 107 135 146 143 133 0 132 114 124 110 147 110 102 125 138 0 149 142 0 0 0 137 115 119 110 138 131 123 0 147 147 0 145 103 149 0 129 111 130 0 0 0 0 119 117 145 139 144 115 106 119 131 0 134 0 109 0 126 122 110 140 106 0 117 124 106 119 132 114 144 105 123 128 120 0 0 0 128 0 109 0 0 140 100 110 133 140 122 115 106 128 105 108 109 125 0 0 132 119 146 0 139 0 130 0 118 133 142 109 124 0 0 102 130 129 102 120 142 139 124 143 130 0 0 102 109 129 127 123 0 131 0 116 101 100 141 123 124 131 105 0 109 0 0 106
0 136 108 100 140 0 127 0 148 124 121 120 126 0 0 0 136 135 144 111 145 123 123 137 106 141 100 104 125 105 115 136 110 126 0 0 141 147 149 131 102 115 118 100 0 0 145 0 104 122 114 121 102 135 109 120 0 134 0 114 131 148 0 104 101 0 0 130 141 0 0 147 0 139 0 101 130 0 121 135 100 132 134 146 109 115 121 0 132 119 136 114 128 109 0 139 140 107 103 136 127 121 0 135 143 119 128 137 105 142 116 108 0 103 0 133 145 101 123 0 146 119 147 124 137 113 131 147 0 0 112 110 103 140 0 117 146 0 133 125 123 143 149 117 0 141 0 110 0 115 112 114 118 0 104 121 140 134 132 123 149 101 117 117 0 107 138 139 143 122 114 145 129 143 0 101 102 0 0 109 0 0 0 126 0 102 140 139 0 102 139 0 129 111 120 109 111 131 126 149 119 103 0 103 135 122 143 144 0 130 111 104 148 104 119 112 112 147 131 0 148 121 104 126 103 142 0 136 101 0 140 145 107 116 116
0 139 108 0 119 122 126 117 0 0 112 110 103 131 0 129 106 128 112 0 138 104 0 135 0 115 130 0 132 111 103 131 0 0 114 123 123 107 104 101 106 128 127 143 112 124 108 138 113 103 0 138 0 127 0 142 0 0 106 0 139 136 147 130 103 0 0 0 140 134 0 146 111 104 117 0 144 102 100 111 0 120 132 0 119 145 129 132 109 141 0 119 114 143 135 127 0 106 0 0 116 114 0 0 0 143 145 118 125 0 0 0 112 127 103 128 120 125 139 114 128 105 0 109 133 0 122 110 0 117 145 0 101 0 127 147 118 136 111 137 123 0 0 111 103 125 139 0 0 0 113 134 0 142 149 141 116 0 144 107 143 0 132 120 113 0 131 107 146 102 148 108 128 106 114 127 104 133 131 114 119 114 105 0 135 0 122 0 141 0 135 102 125 114 144 0 0 144 129 0 120 0 0 134 127 122 0 0 143 105 0 127 108 107 105 130 123 0 123 108 101 0 0 148 109 0 0 0 126 0 0 0 122 142
0 112 115 0 0 147 108 123 106 0 135 132 0 125 145 116 129 101 148 109 0 0 140 0 128 0 132 138 148 107 115 128 127 121 0 132 106 149 137 115 127 114 104 0 0 120 134 0 123 0 136 0 137 0 0 0 134 116 132 105 0 131 146 134 119 118 125 125 106 100 0 134 105 110 132 136 116 129 0 108 129 115 0 0 0 0 135 127 148 0 0 0 136 105 129 0 136 129 124 143 133 0 144 121 0 0 120 135 123 130 139 117 145 139 118 0 101 111 143 109 128 110 0 105 107 102 106 117 130 116 138 124 138 0 100 0 0 0 144 139 113 132 131 135 135 126 0 0 130 125 0 136 122 106 117 0 108 111 0 0 115 107 131 0 112 142 0 125 102 138 0 112 115 0 102 0 109 0 137 108 118 122 149 0 108 0 141 118 133 147 125 115 0 128 124 139 107 112 113 133 110 110 142 100 0 106 103 0 125 135 131 109 0 138 121 129 129 100 127 134 0 106 133 115 112 144 110 0 144 125 0 101 139
0 116 0 132 118 147 136 136 106 0 101 0 132 119 0 135 109 131 119 0 146 119 0 128 128 0 106 0 0 0 129 0 140 0 143 122 102 100 127 134 143 145 110 113 125 143 117 116 136 101 115 104 148 116 0 118 101 131 132 115 116 125 0 108 0 118 112 128 106 138 106 135 0 136 129 130 124 130 0 0 115 114 128 0 113 145 122 102 135 137 114 109 131 138 138 115 130 116 0 131 121 104 143 106 139 0 129 144 108 141 131 0 0 0 124 143 145 142 137 133 105 110 0 130 108 113 146 120 121 0 146 106 146 118 147 116 139 100 124 127 125 129 129 149 135 123 0 118 120 100 124 119 0 135 0 111 121 0 0 0 110 137 122 109 0 0 0 141 111 0 140 114 119 142 0 119 0 135 115 0 102 149 112 130 116 134 146 0 112 127 144 108 131 112 143 138 119 130 0 141 144 0 142 108 122 0 138 0 0 123 105 132 139 136 127 100 109 111 103 120 136 123 0 114 109 126 135 128 110 103 128 102
0 123 141 111 122 139 105 107 149 138 139 109 148 134 122 146 138 0 100 129 0 104 129 108 0 110 134 126 121 0 106 121 148 0 142 117 124 120 104 139 147 0 0 109 110 0 130 0 125 120 120 111 0 144 133 124 109 132 120 0 0 105 134 0 108 119 120 113 117 130 0 103 103 141 132 0 145 137 102 128 112 111 135 139 122 112 101 106 109 116 131 105 0 149 148 106 0 110 0 0 105 112 117 0 149 105 0 121 106 135 0 120 117 132 140 147 118 0 109 109 113 147 0 0 104 108 128 145 0 0 0 118 115 0 133 0 103 148 122 118 102 136 100 116 118 111 141 142 147 140 124 119 139 103 145 140 128 101 100 115 112 133 144 129 115 0 148 115 143 138 127 120 105 0 131 107 147 110 117 0 142 0 121 134 135 116 0 116 101 138 107 0 116 139 106 0 101 0 145 121 114 139 109 104 112 110 138 128 0 0 107 137 0 119 0 0 142 132 0 132 105 0 0 0 140 140 137 149 0 104 0
0 113 130 129 120 126 142 0 145 125 114 0 139 112 0 129 124 0 112 0 108 111 132 138 146 118 140 144 116 0 0 138 0 138 136 107 100 0 145 111 0 147 129 106 102 103 116 104 0 0 136 0 149 109 129 0 116 136 0 138 112 131 119 0 140 121 126 0 0 110 0 114 143 128 126 138 133 137 117 106 0 139 0 0 0 117 128 0 142 142 107 145 115 139 130 121 0 147 140 104 127 0 0 114 131 116 0 0 128 120 101 120 0 118 0 131 0 115 0 109 139 112 149 130 102 126 141 127 132 103 149 113 119 136 136 118 116 105 139 133 102 130 118 0 146 111 132 122 134 114 146 132 107 0 0 123 135 140 138 0 148 0 101 101 100 0 0 105 124 143 0 143 117 0 0 111 108 119 144 110 0 108 130 0 138 110 140 133 133 128 0 127 134 128 103 127 0 101 148 0 126 0 115 145 142 134 0 103 108 137 143 129 100 146 140 0 130 0 111 136 0 0 133 0 123 127 141 141 139 0
0 123 0 132 134 138 137 128 108 0 0 115 0 0 127 142 120 107 0 0 0 121 0 116 147 135 145 118 141 118 131 100 105 103 102 0 145 115 117 139 116 119 149 125 147 0 122 107 141 118 147 102 113 0 114 122 0 103 104 0 0 0 133 136 115 143 127 100 120 147 0 139 113 0 0 0 126 110 129 129 135 101 103 119 121 141 0 104 143 0 111 103 140 139 149 124 0 127 0 0 139 0 129 103 129 131 104 114 0 111 0 0 0 144 108 0 105 139 146 112 132 139 129 147 115 0 107 104 0 121 0 108 143 0 120 106 132 117 133 0 115 147 101 0 0 136 135 118 107 0 129 132 128 124 129 103 130 137 0 0 149 133 128 117 0 0 108 136 110 0 119 138 100 139 112 106 0 135 105 0 142 0 144 117 133 140 113 126 122 140 117 115 116 132 0 0 104 141 0 114 128 0 120 147 104 100 126 0 0 131 116 128 104 119 108 108 146 102 118 102 128 0 141 149 129 0 147 0 130
0 0 146 0 125 100 0 140 107 143 127 134 135 110 110 149 106 0 135 115 124 0 105 0 102 124 0 110 123 113 138 0 138 132 108 120 132 134 124 119 133 116 145 0 0 123 146 0 0 0 123 143 130 130 104 116 0 141 117 143 127 112 0 100 109 0 128 0 0 0 139 124 0 123 0 124 126 111 101 148 144 131 0 119 0 128 144 118 111 0 123 130 100 126 148 0 0 0 141 0 137 0 107 0 131 147 110 111 0 0 142 134 136 0 148 0 114 0 145 0 138 0 146 131 120 129 0 0 139 142 0 120 146 119 127 129 129 0 105 0 0 114 0 121 119 112 126 148 122 112 140 0 125 111 130 144 113 0 108 131 121 0 122 0 0 131 0 128 113 142 0 122 144 128 127 130 0 102 0 103 119 126 144 105 101 100 0 120 129 0 143 131 119 130 111 0 110 144 143 124 110 106 147 134 0 0 126 143 0 134 0 0 120 0 0 107 113 0 128 105 0 132 113 0 0 149 0 0
0 0 118 0 121 144 131 119 141 145 0 0 149 0 125 126 105 103 149 0 114 119 0 116 120 118 126 121 124 0 116 0 145 0 126 124 111 124 0 132 149 149 116 0 131 144 0 145 135 122 101 117 105 0 119 123 130 143 0 102 115 141 0 125 144 142 137 145 0 131 116 119 0 114 0 132 108 106 0 0 137 122 108 141 136 125 122 114 130 134 109 0 149 0 114 103 111 128 140 131 116 121 124 107 137 0 0 129 104 121 0 119 0 147 123 117 128 109 0 135 104 0 0 0 107 105 136 109 134 129 124 127 122 116 142 101 131 140 0 132 126 121 127 148 123 140 130 130 146 141 125 142 120 0 109 0 106 101 144 130 0 110 106 104 0 0 127 0 0 0 113 0 101 0 108 0 0 108 104 142 0 116 102 109 131 128 140 130 112 142 102 111 137 115 146 118 105 101 0 116 0 124 110 138 106 128 120 132 130 119 124 110 149 134 125 0 109 130 138 143 0 0 116 149 137 0 0
0 138 109 0 119 110 141 149 108 0 134 134 126 113 120 108 0 0 146 122 0 102 108 0 0 0 116 139 103 0 120 144 112 107 0 128 140 0 124 0 118 149 0 147 0 103 116 148 146 122 0 0 132 114 131 0 148 109 140 128 125 108 102 117 130 121 129 131 111 144 148 0 0 100 105 142 133 111 105 141 0 0 114 0 106 0 132 119 0 122 135 0 111 137 0 141 108 0 138 101 135 0 115 117 0 137 104 147 0 112 137 138 112 119 127 111 0 0 0 0 0 149 0 108 0 149 0 126 0 146 138 139 0 102 104 105 0 109 127 0 139 0 0 140 113 103 0 0 0 115 128 0 109 0 141 119 110 141 0 130 137 137 132 141 114 134 126 101 134 145 0 142 122 114 134 111 126 104 131 0 108 144 139 0 133 112 139 111 141 131 0 113 101 111 111 0 126 0 136 106 0 0 102 106 0 0 110 141 0 108 0 109 148 114 117 0 146 104 132 142 0 133 0 121 0 111
0 114 138 100 131 142 0 133 111 140 0 133 0 127 126 139 0 0 148 144 126 113 100 113 117 146 0 142 134 0 0 146 0 0 136 0 121 0 0 115 101 144 113 106 124 113 120 0 135 118 114 119 114 116 109 0 0 126 106 123 126 0 0 109 146 136 117 120 115 129 133 128 147 110 103 0 130 131 0 0 110 104 0 148 0 120 113 108 0 113 127 128 144 130 105 119 0 128 130 109 0 136 0 104 109 122 0 0 0 135 0 0 107 119 132 142 0 102 102 148 134 133 112 108 111 137 115 100 127 121 101 141 107 135 0 143 145 142 110 120 108 0 0 0 146 139 140 112 139 111 121 143 122 130 143 0 0 0 125 109 108 129 101 111 0 109 0 117 134 0 149 0 0 112 108 0 137 106 145 148 111 105 106 142 142 0 0 125 0 0 119 121 146 0 147 118 0 0 0 133 136 135 110 104 107 101 117 144 107 0 116 0 128 107 118 131 0 136 140 146 125 144 112 128 120
0 119 133 0 110 0 128 126 126 0 140 0 146 119 112 147 0 118 136 102 136 105 108 136 107 127 113 119 131 138 0 132 113 103 132 111 113 106 145 0 122 142 138 139 141 112 127 136 132 104 101 148 140 0 130 148 141 119 116 107 0 0 126 0 0 0 0 137 131 147 144 116 134 134 132 0 0 0 0 144 129 128 146 143 126 0 119 146 0 107 100 111 119 0 0 110 121 0 0 149 0 128 141 102 136 0 0 0 149 137 100 126 112 102 117 119 0 125 141 0 145 112 111 0 0 0 148 118 0 117 0 133 0 140 132 105 0 143 120 128 140 0 0 145 106 131 108 141 129 144 0 114 145 131 122 125 0 126 131 116 146 140 125 121 0 113 129 123 116 130 115 105 142 0 112 147 122 0 0 0 0 117 0 105 135 120 0 123 0 137 101 112 0 137 114 0 113 0 130 123 131 113 104 0 109 0 106 109 145 115 145 0 112 0 0 108 103 0 111 121 0 0 130 0
0 129 149 122 0 106 143 108 142 144 0 127 113 0 140 110 137 128 125 118 0 0 118 0 127 117 0 0 122 141 0 0 142 0 115 141 121 141 135 0 0 0 0 104 134 129 0 145 0 0 109 0 113 0 102 121 0 125 0 135 108 132 140 0 104 118 124 119 127 112 0 130 124 133 121 130 119 109 141 146 0 120 115 0 106 117 128 122 112 0 109 104 139 0 117 130 143 129 136 112 131 133 113 0 101 117 125 0 0 100 126 147 0 124 102 120 116 147 119 113 117 133 0 0 124 126 103 139 137 120 138 129 0 0 0 0 131 142 0 120 127 127 0 0 120 129 123 115 0 0 136 116 124 0 0 107 119 0 101 118 0 0 137 0 121 141 122 132 0 122 129 113 122 148 107 136 126 145 129 133 102 105 147 105 0 0 146 0 0 0 108 0 105 111 0 134 0 149 0 0 133 0 135 0 0 101 0 146 144 140 102 140 122 0 114 108 102 137 0 146 0 114 0
0 106 0 135 138 121 129 139 140 127 108 0 119 145 147 0 0 0 141 130 107 139 0 131 104 116 0 0 0 123 112 135 117 148 146 126 103 135 124 127 114 114 139 129 124 0 149 148 108 105 142 103 146 121 149 0 136 0 121 144 108 136 130 146 0 108 0 137 0 114 129 0 0 134 132 0 128 125 122 145 120 145 146 133 0 136 0 132 0 108 114 131 111 112 110 147 127 149 111 114 106 147 100 146 0 110 139 0 148 133 0 112 0 129 101 140 143 0 142 119 145 0 119 149 132 129 0 137 122 102 0 147 131 111 115 110 145 101 130 115 141 133 0 105 112 128 113 139 0 0 140 128 140 116 117 122 0 115 0 0 0 112 0 119 119 117 140 100 125 118 100 0 0 0 148 110 0 110 113 139 129 0 129 134 0 119 106 102 102 124 0 0 118 0 106 0 100 127 120 113 147 0 0 130 149 129 139 137 134 122 108 0 116 116 0 0 0 139 136 0 0 103
0 132 136 106 0 0 0 0 115 103 148 112 105 120 106 143 134 108 0 126 127 143 107 136 0 106 0 105 148 0 125 129 121 127 143 0 122 108 119 0 135 0 139 137 134 112 132 125 0 115 147 103 137 129 132 127 130 139 105 110 0 107 139 103 141 0 139 0 133 103 0 0 110 134 0 130 114 133 103 106 127 0 0 0 101 111 0 0 106 119 115 125 109 0 111 111 103 144 147 101 133 102 103 100 141 106 102 139 125 106 148 148 0 126 125 0 127 101 120 131 142 102 120 115 116 0 133 0 0 105 143 130 125 0 134 0 127 140 132 148 0 118 142 148 143 147 0 0 149 0 100 137 0 0 0 145 110 144 120 118 0 102 106 0 140 134 0 111 124 0 0 0 119 148 0 0 148 135 0 0 139 110 111 137 101 144 120 0 136 147 126 135 0 145 100 102 0 0 145 123 125 122 142 120 100 0 114 145 112 123 143 0 104 102 125 128 111 128 102 0 0
0 124 113 0 0 103 114 137 106 0 111 137 104 0 124 144 115 0 128 107 132 0 109 103 0 111 119 129 125 130 136 122 0 104 0 149 130 107 123 112 119 0 144 0 106 0 115 114 0 0 137 0 100 0 0 0 0 138 0 112 123 145 0 138 106 115 0 138 140 143 0 112 0 123 113 115 0 136 131 130 111 101 126 102 138 0 120 0 144 0 146 0 114 116 0 113 114 101 0 108 0 116 102 120 118 121 0 0 0 0 111 0 132 0 109 143 0 127 131 115 122 104 117 0 128 107 118 139 125 113 131 0 109 129 135 125 103 106 128 135 121 137 138 105 0 136 0 127 120 129 0 135 107 109 127 116 114 147 0 128 133 104 130 129 130 0 120 137 122 102 122 0 0 140 113 118 121 118 142 128 145 129 0 142 121 107 108 112 101 109 118 141 0 117 0 0 147 119 115 117 0 137 123 0 0 129 102 0 114 0 141 135 143 0 135 115 149 147 104 149
0 105 0 101 0 139 137 117 0 126 118 105 0 146 126 148 145 125 0 138 0 136 136 0 123 104 148 130 0 0 103 103 126 0 0 106 0 103 136 101 118 119 0 104 127 108 0 119 0 145 133 0 133 0 112 121 121 142 105 133 128 107 103 0 0 109 133 0 138 132 149 137 101 119 103 130 0 106 100 119 100 131 147 129 132 143 140 0 126 123 0 0 0 137 136 122 101 129 0 120 135 146 121 0 130 128 0 113 136 0 125 0 131 0 106 105 0 0 106 118 127 149 117 0 0 0 106 145 141 108 103 105 114 120 149 0 127 0 127 123 141 142 107 146 119 126 111 121 124 0 147 0 112 0 119 147 0 0 135 110 120 143 113 125 0 116 100 132 146 106 123 102 0 148 110 123 115 120 108 147 136 102 143 108 102 109 0 101 127 106 130 0 118 138 132 146 132 119 124 111 128 114 101 124 140 145 135 114 0 0 127 146 146 124 140 116 125 129 132
0 143 126 0 106 117 135 116 139 108 137 120 147 129 103 0 133 0 0 123 110 0 102 134 109 138 129 142 123 0 113 117 113 146 111 121 133 100 133 0 125 144 0 0 0 0 113 105 140 145 142 104 0 129 0 0 0 102 125 147 143 144 115 136 122 123 143 0 0 122 0 103 121 0 131 117 122 147 126 134 106 127 102 110 0 141 0 141 114 0 120 133 0 128 110 132 125 132 115 145 104 0 114 147 136 140 101 126 149 133 124 148 121 101 111 122 0 123 114 130 130 141 106 132 146 142 146 0 149 114 114 0 104 105 129 132 143 108 110 0 105 0 128 0 105 140 120 110 109 100 140 0 140 0 108 0 113 108 132 109 136 126 0 148 106 132 0 114 0 0 130 0 0 136 117 110 0 0 0 0 0 0 0 130 141 126 142 118 118 121 118 0 107 107 141 0 139 0 135 0 133 0 0 115 130 143 106 135 0 0 131 113 136 102 130 0 116 0
0 0 0 0 135 143 105 145 146 116 122 148 0 131 103 119 129 121 132 143 100 131 126 0 141 139 0 105 0 143 137 142 0 108 136 0 0 148 129 119 108 107 0 124 0 0 139 117 0 106 0 138 140 147 0 0 0 141 125 0 147 119 142 134 109 110 136 0 0 123 0 134 113 0 0 108 133 100 140 0 146 124 120 0 127 137 133 103 112 136 110 0 118 143 148 144 109 107 147 107 101 132 0 122 144 103 111 147 0 127 108 112 100 0 112 0 0 128 140 120 125 0 106 137 0 0 0 0 144 122 107 123 133 133 149 0 0 113 122 142 127 145 137 142 108 112 0 129 0 118 0 143 0 0 115 0 106 142 144 0 0 148 0 129 0 113 102 100 0 106 144 0 131 135 0 127 122 133 0 116 123 131 128 0 146 147 117 111 0 121 0 139 100 125 0 114 115 0 133 136 109 124 124 0 140 124 103 0 123 110 132 146 103 135 112 0 106
0 0 119 115 126 124 100 133 116 0 100 136 0 134 121 0 119 0 101 106 116 118 129 116 127 135 145 0 143 111 0 100 103 110 0 144 0 134 0 0 0 146 121 102 0 109 127 137 146 144 117 113 127 148 137 135 0 100 136 115 121 126 134 132 122 116 125 104 0 141 113 105 140 126 134 140 0 0 0 145 136 0 123 115 112 146 116 137 141 137 0 116 0 137 145 137 133 0 148 0 118 126 102 111 147 117 0 126 0 135 128 135 148 117 115 139 114 134 108 0 0 120 124 0 121 143 0 113 101 102 132 0 144 140 107 107 0 103 141 0 118 147 121 138 0 142 110 104 0 146 124 129 133 0 120 0 145 123 144 0 113 137 0 123 0 129 135 110 0 145 116 0 135 0 137 147 108 128 109 110 147 147 135 123 100 130 129 0 119 0 138 149 123 132 127 131 108 0 131 112 0 113 136 107 0 124 108 147 112 0 0 144 110 128 118 107
0 0 145 0 128 133 0 123 115 120 133 136 135 106 107 142 114 107 0 108 0 124 0 142 118 130 0 132 108 144 114 129 114 146 110 114 112 135 130 0 132 104 142 0 106 0 123 126 113 108 143 125 0 113 117 140 147 0 137 141 0 123 109 122 0 116 116 118 0 108 132 135 106 116 134 120 131 112 0 132 0 100 0 111 0 0 142 133 116 125 118 117 106 0 141 114 0 105 115 0 108 126 0 117 149 0 128 124 0 105 145 0 108 107 134 108 102 108 149 110 102 131 143 113 133 0 124 141 123 112 136 109 144 0 0 149 116 109 118 130 144 133 148 124 125 0 0 132 0 107 0 0 0 0 144 123 101 130 0 132 110 105 127 113 111 114 141 0 125 130 122 121 0 0 138 128 143 110 138 122 0 140 135 116 147 117 107 0 101 121 114 146 0 0 141 126 133 141 136 118 0 134 115 140 139 136 134 0 136 109 138 124 143 106 133
0 0 118 140 146 105 132 117 0 111 0 148 143 118 145 123 145 116 127 147 101 0 127 100 112 0 109 124 116 146 0 131 102 140 128 141 118 104 129 138 128 139 101 126 136 135 0 108 110 0 114 0 0 127 143 109 0 146 102 102 0 126 0 0 122 0 0 108 109 103 123 125 117 124 139 139 107 0 108 127 110 0 140 106 106 116 0 124 142 130 128 105 146 101 124 103 118 107 0 137 136 0 142 122 144 133 111 107 0 142 126 103 112 103 136 0 127 102 140 0 113 102 106 137 0 125 135 111 120 0 128 127 136 137 0 128 121 0 137 122 145 0 123 0 0 0 147 0 101 114 107 121 104 136 124 0 101 143 143 134 134 108 129 122 101 142 131 148 146 145 0 137 102 100 137 100 102 112 149 0 147 142 134 106 125 124 123 0 118 147 103 0 0 130 134 140 125 104 139 102 113 136 120 0 147 140 0 109 128 126 0 128 0 0
0 0 0 127 149 143 142 0 103 0 116 116 123 121 0 115 0 146 0 0 112 107 0 123 132 107 0 113 0 0 114 0 125 142 110 0 104 0 117 138 133 104 0 146 116 145 148 121 121 107 123 136 0 105 148 105 111 143 0 129 105 0 0 104 0 108 136 134 0 0 132 0 148 125 114 123 118 148 0 148 0 101 120 129 114 128 141 115 124 117 110 142 0 100 119 118 0 133 118 0 141 137 131 0 140 0 132 137 101 127 134 142 125 139 100 100 115 129 108 119 147 115 105 125 103 114 123 122 110 0 117 121 148 119 0 124 145 104 142 133 0 0 149 118 141 130 123 0 134 133 117 0 101 0 0 126 0 123 149 113 129 121 142 142 0 146 0 109 128 101 0 126 111 129 0 0 145 0 103 104 0 133 123 130 0 146 137 137 130 123 103 103 120 128 0 0 109 138 0 147 146 129 137 140 128 0 137 120 140 114 0 143 0
0 106 134 0 141 119 0 116 124 0 0 113 148 0 138 148 148 0 103 143 0 119 142 136 144 0 0 149 141 127 123 138 147 117 113 0 0 0 149 115 128 101 118 0 134 112 141 141 147 147 114 143 111 126 142 124 148 0 133 124 110 105 113 0 146 137 111 127 126 0 114 105 114 104 143 0 133 101 114 0 130 115 126 123 127 117 142 104 129 112 142 139 125 115 0 0 108 127 0 122 103 0 136 0 135 148 108 132 133 142 113 138 102 135 124 112 129 0 103 135 0 122 0 115 136 123 123 133 104 100 0 0 0 139 0 124 0 0 137 134 127 0 125 139 0 142 118 117 131 118 143 145 142 0 104 0 109 120 136 140 134 135 104 102 114 128 140 109 147 132 124 102 141 136 0 113 136 0 106 104 106 100 124 0 113 118 106 124 116 119 108 0 112 0 108 120 135 121 119 148 101 133 121 103 117 0 108 127 116 0 143 136
0 120 127 103 146 0 134 116 0 124 0 137 123 103 148 128 104 143 125 139 125 118 0 106 134 105 0 129 127 0 117 0 121 126 0 121 132 0 134 0 0 116 0 136 130 100 101 110 146 137 0 106 149 121 140 128 0 110 136 0 0 139 135 0 113 0 116 0 100 0 111 124 142 149 110 100 111 118 126 129 147 129 138 123 126 121 131 0 118 0 135 0 0 116 0 0 117 107 0 107 137 116 105 130 125 0 148 137 149 126 116 121 144 104 110 119 145 0 123 105 147 101 115 0 126 105 116 109 136 140 130 133 110 120 103 0 117 130 0 146 120 102 132 149 133 0 102 106 140 100 132 111 137 103 118 107 0 0 0 147 109 142 0 126 0 0 0 114 129 144 0 131 0 0 0 128 146 0 135 104 0 142 106 0 0 134 108 124 103 143 122 103 110 0 139 105 130 0 114 142 0 129 109 124 120 132 108 0 0 147 118
0 139 0 106 103 0 0 0 119 117 123 146 0 0 123 112 0 107 0 112 0 0 121 0 146 0 101 0 0 123 133 100 110 112 0 0 104 138 0 125 0 131 131 138 145 110 114 0 0 106 116 113 103 148 130 0 115 113 131 145 137 108 129 136 113 110 0 128 129 0 101 129 0 0 0 127 103 113 125 111 137 0 0 133 110 112 0 149 111 0 132 116 145 0 136 131 0 123 114 0 0 129 0 109 118 112 132 0 0 130 146 104 146 141 143 125 146 111 144 0 0 0 140 148 0 122 131 122 112 0 114 0 139 144 142 135 133 134 0 124 135 148 144 133 0 117 134 0 145 100 145 0 129 0 109 108 0 126 127 143 101 135 0 127 121 113 143 134 131 0 115 110 127 134 134 100 138 139 0 132 129 121 142 140 0 114 0 0 121 135 141 146 114 108 148 135 148 134 136 110 131 145 112 141 141 110 146 149 0 112
0 114 127 137 129 0 0 123 0 136 138 0 134 131 0 115 0 147 134 147 120 104 0 0 145 0 0 126 127 126 101 143 120 140 109 0 112 0 117 0 135 126 139 138 139 111 0 117 135 104 143 109 100 0 108 0 130 0 0 126 144 0 0 117 119 0 0 143 102 0 0 0 0 142 110 0 140 0 0 100 0 100 0 0 128 143 0 112 138 0 123 0 0 0 135 118 122 147 116 139 140 0 132 0 101 130 145 121 124 111 112 113 0 106 133 128 115 147 129 0 140 117 109 111 146 131 142 0 114 133 141 0 0 100 113 123 120 137 0 0 136 100 137 0 142 130 120 125 133 129 113 110 105 128 140 124 101 121 124 109 145 128 0 0 120 112 103 105 116 147 100 124 106 125 133 147 101 129 0 103 144 122 116 143 137 149 110 123 124 0 0 129 121 123 0 144 125 143 0 108 139 104 0 130 118 129 0 126 114
0 0 117 128 108 110 135 112 124 0 0 0 109 100 0 104 124 110 0 0 105 100 129 0 119 0 0 100 100 103 142 137 101 104 103 101 125 0 127 135 135 102 111 145 113 126 106 101 130 138 0 0 0 135 133 143 121 128 146 145 103 117 0 0 103 0 0 133 121 148 145 113 0 0 130 110 100 0 146 120 142 106 132 144 126 118 142 139 109 0 102 121 103 113 0 132 132 148 121 121 0 127 113 143 149 136 0 132 123 131 119 129 138 135 124 0 145 117 0 136 0 123 0 141 134 101 0 114 120 113 120 128 123 100 139 126 0 114 105 0 148 116 0 137 147 115 137 127 103 117 117 107 134 131 133 123 143 0 143 0 0 105 118 126 0 107 126 147 0 116 143 135 119 0 121 103 0 0 126 126 124 106 0 141 137 109 137 114 106 134 106 141 0 0 0 120 113 0 130 0 0 141 107 115 0 126 0 100
0 0 112 143 124 132 146 106 0 123 0 122 131 119 132 0 0 126 127 140 118 135 148 126 114 131 132 107 122 106 136 144 141 101 139 0 109 0 0 107 0 146 142 134 136 124 145 141 148 0 0 102 0 131 0 118 137 121 102 0 0 0 0 125 0 147 122 147 140 0 124 126 105 137 114 114 124 0 134 101 100 143 0 0 118 107 129 0 126 110 0 0 0 131 141 139 135 118 146 118 140 142 146 111 132 139 0 109 0 0 146 121 124 118 116 0 135 0 0 149 0 131 126 133 132 113 102 100 114 122 0 0 138 147 0 136 0 0 0 140 112 117 102 114 139 138 129 0 0 142 133 0 129 142 0 107 124 134 118 144 142 0 0 144 149 115 101 130 144 104 105 0 128 0 0 104 116 102 0 141 134 121 0 0 113 103 0 123 103 132 127 102 131 115 117 149 108 142 149 0 141 0 0 125 137 105 147
0 117 147 0 0 115 145 103 127 0 0 0 144 117 116 0 0 125 104 149 101 127 100 143 114 102 132 126 0 149 148 115 0 119 0 0 0 104 0 126 131 113 109 139 145 0 112 110 0 0 110 115 126 113 145 127 121 0 107 144 132 0 137 131 146 148 123 101 119 110 0 106 0 138 146 0 105 110 134 0 123 129 108 139 0 121 114 134 117 117 130 127 119 0 101 117 0 136 121 0 140 130 100 131 138 116 0 145 103 128 132 103 125 121 133 115 0 100 0 127 139 0 131 126 0 0 0 104 0 118 120 129 0 149 118 126 145 113 100 133 100 0 125 135 142 137 103 146 140 112 139 117 0 0 118 0 147 0 129 0 114 134 0 127 133 0 0 115 120 0 142 139 145 100 142 120 0 0 123 111 102 117 140 0 139 0 0 0 137 133 134 102 142 123 105 131 122 144 137 108 134 103 144 0 0 0
0 110 148 141 102 140 0 137 133 0 0 109 107 0 0 0 131 144 108 0 0 111 0 143 104 0 111 125 0 0 120 145 137 104 125 138 141 145 0 121 115 123 123 0 118 110 132 107 132 0 141 140 0 132 145 146 148 145 0 125 128 136 107 140 114 139 146 129 142 131 0 0 149 127 146 146 134 127 0 130 0 109 125 139 121 119 0 0 124 139 126 105 106 133 121 148 104 0 142 123 135 139 0 119 120 122 0 0 139 130 104 100 112 107 0 148 143 114 135 0 104 137 0 0 116 146 112 117 0 0 113 138 129 145 104 0 136 131 0 110 0 133 0 124 104 136 102 127 115 127 134 105 133 0 105 136 145 0 0 105 122 131 106 105 0 134 109 149 132 143 120 0 0 0 0 0 0 103 0 124 136 0 130 125 114 0 114 144 126 141 0 0 0 128 148 102 0 0 133 0 112 0 107 0 111
0 120 0 148 104 112 107 111 124 0 119 0 107 143 126 134 0 111 127 101 134 141 0 121 107 143 114 147 0 0 108 146 105 126 0 133 118 0 139 130 148 132 146 0 122 0 109 136 143 129 137 149 0 127 0 115 137 110 107 128 0 134 118 144 109 149 103 144 112 129 129 108 149 116 125 0 0 149 0 138 142 137 103 135 0 115 0 0 120 137 110 132 107 103 140 144 119 0 119 109 121 122 145 116 131 136 119 0 137 0 123 128 140 103 130 112 136 142 104 122 127 136 104 145 0 115 133 0 135 142 126 0 144 0 126 0 134 124 108 124 143 0 133 102 0 142 124 0 144 104 123 126 111 125 112 128 0 146 146 0 147 140 0 131 0 144 103 128 123 114 105 137 133 123 0 135 137 147 100 124 109 0 135 128 0 0 114 118 133 143 145 0 121 106 107 102 132 140 130 0 0 115 144 114
0 0 132 128 114 0 114 139 144 112 123 122 0 142 102 143 0 105 0 123 142 108 119 113 148 120 130 0 108 136 0 108 136 0 141 148 0 128 149 0 148 119 122 124 136 139 149 129 134 132 140 141 0 0 127 127 0 0 137 132 103 129 115 101 123 0 119 137 127 101 104 130 109 115 127 105 0 134 143 126 0 103 0 0 116 0 108 144 125 111 120 0 110 121 131 106 101 109 124 141 130 124 119 139 137 136 105 145 0 146 114 123 121 0 115 0 140 0 122 105 134 0 148 148 107 112 135 0 109 106 0 133 0 0 147 114 0 133 0 132 125 100 143 146 123 139 113 125 124 113 0 149 143 139 125 119 149 0 108 146 0 104 136 118 0 120 135 140 101 149 101 0 0 124 144 136 0 114 121 120 0 118 143 133 126 138 0 124 0 146 0 111 0 109 136 140 142 116 144 120 146 119 147
0 142 142 0 130 125 130 118 0 123 103 146 0 126 124 119 127 113 112 111 114 116 138 0 136 128 137 127 143 0 117 0 0 0 124 137 115 0 0 102 100 127 0 125 131 100 106 0 137 108 147 119 123 115 139 128 139 146 115 120 0 122 0 0 144 111 148 149 145 0 149 132 138 104 147 116 104 109 132 139 0 126 117 103 144 125 141 149 0 146 0 147 0 100 101 110 103 0 143 137 138 0 107 0 0 124 103 110 123 0 112 0 103 136 107 119 0 145 104 118 121 149 114 0 127 0 0 142 140 0 133 0 141 0 115 144 0 115 105 134 0 0 111 135 106 138 103 0 107 0 0 0 0 106 111 139 123 126 0 131 0 0 113 0 138 118 148 141 115 0 0 139 130 103 0 107 0 0 0 115 0 119 115 0 136 0 0 102 113 149 124 129 0 106 140 119 0 0 0 100 109 0
0 108 134 119 123 0 140 0 118 0 131 0 100 139 104 118 102 134 147 137 118 125 137 108 101 138 110 112 115 141 130 132 0 140 109 0 107 101 143 106 143 131 145 100 147 0 108 147 134 140 142 135 119 0 0 111 125 0 0 0 132 110 114 125 134 0 0 106 117 124 101 0 124 149 141 125 0 110 145 140 142 103 135 0 0 135 0 137 128 0 131 0 123 0 149 108 0 111 147 139 111 135 0 0 104 100 0 110 0 131 0 148 100 133 140 141 135 138 144 147 0 137 114 111 138 133 149 103 118 143 0 144 0 0 117 119 131 109 102 142 129 101 112 0 107 102 126 0 111 0 140 136 115 0 105 140 145 0 141 113 0 134 110 112 0 118 120 0 0 113 0 126 132 0 126 131 148 0 135 135 120 100 0 130 0 0 0 131 138 125 0 0 0 116 149 0 131 143 147 101 0
0 0 117 126 113 101 123 142 107 121 120 0 135 123 122 131 144 102 101 143 116 110 124 109 133 0 116 115 113 113 0 0 122 104 118 139 0 138 120 115 129 105 117 0 121 111 114 138 100 132 123 0 101 0 0 121 0 116 109 132 118 139 0 0 121 124 124 129 124 113 0 0 101 0 133 103 0 121 128 110 0 126 109 142 136 107 126 147 148 117 148 118 0 127 118 126 125 146 111 114 136 147 0 0 100 0 0 113 132 103 148 100 110 0 100 140 0 0 104 118 0 113 0 107 138 0 0 104 115 0 134 102 149 0 133 0 104 122 146 117 114 129 144 111 117 126 0 118 0 0 131 0 108 142 113 126 0 118 103 135 103 115 101 139 0 138 0 142 0 109 110 112 134 118 107 120 113 118 0 0 148 144 0 141 122 0 0 0 122 0 124 131 134 122 119 126 143 114 149 128
0 0 139 0 0 120 118 133 111 0 0 136 128 138 110 101 0 133 121 112 0 0 0 124 0 132 110 0 130 147 114 112 114 137 114 113 127 139 118 133 0 117 102 141 0 0 145 0 123 0 103 122 131 115 120 135 139 108 138 129 116 142 120 0 131 110 133 130 104 112 138 140 0 118 123 0 121 0 103 0 108 0 139 0 133 0 148 0 0 137 133 131 149 123 109 123 145 140 0 143 0 127 0 0 112 107 0 0 103 113 0 129 0 123 111 124 129 143 145 125 0 0 137 123 125 0 130 123 108 119 134 124 121 0 0 142 123 0 123 101 143 114 0 138 125 123 115 145 0 137 100 0 115 134 109 149 146 115 0 0 117 0 102 140 123 138 144 119 117 140 0 0 0 113 108 117 142 134 138 126 128 130 0 105 143 0 0 104 120 109 115 101 135 105 128 102 136 0 134
0 130 110 129 134 0 110 122 0 0 147 115 110 133 130 126 0 0 0 0 119 132 140 129 105 138 136 148 134 102 127 112 0 108 134 100 145 149 148 0 144 130 126 0 0 138 105 117 0 104 137 115 131 138 132 136 0 100 140 119 0 0 116 102 119 0 0 0 141 138 130 121 0 118 136 147 115 126 0 147 138 119 139 145 104 117 140 138 0 0 144 0 0 131 0 127 140 116 126 106 116 146 137 116 115 113 115 128 0 114 111 133 0 104 139 0 103 138 148 143 130 126 143 134 144 145 114 136 117 138 124 102 111 126 124 134 126 130 118 114 138 108 116 118 0 122 112 144 0 134 135 108 0 136 119 100 0 114 125 111 0 138 126 139 0 123 128 132 118 109 139 136 146 121 116 0 0 124 116 142 0 104 0 108 141 0 124 0 0 101 141 118 104 147 124 131 112 0
0 128 0 128 0 0 0 122 0 120 100 105 104 122 121 147 148 124 134 110 146 0 112 109 0 128 0 0 0 102 142 119 0 127 126 130 0 126 120 0 145 149 0 0 0 146 109 146 146 112 139 111 0 133 117 0 147 120 124 113 126 137 109 0 100 103 135 143 116 117 135 147 101 113 0 120 127 0 0 109 128 108 0 0 138 144 144 0 111 0 0 132 149 128 0 142 126 131 111 124 0 108 146 118 130 137 102 106 128 100 123 149 128 101 126 130 0 121 118 146 137 104 0 106 108 146 125 0 116 0 0 105 130 0 118 109 131 0 114 0 148 121 121 113 0 0 140 0 147 114 116 108 100 123 129 124 136 134 149 123 112 115 107 0 0 135 0 129 0 131 134 136 148 129 0 148 139 108 136 126 0 134 0 0 143 133 111 117 101 132 0 111 135 119 0 123 136
0 0 111 144 118 143 141 108 128 0 101 141 113 107 135 138 109 0 140 145 113 129 0 121 0 0 121 130 131 138 126 107 147 123 117 147 123 0 113 0 131 146 124 0 109 137 139 119 0 107 137 114 149 120 100 0 114 107 0 146 125 112 101 112 107 0 136 137 0 143 131 140 149 104 123 146 0 0 137 0 102 108 0 125 0 110 0 0 135 129 0 131 118 110 101 104 114 111 0 0 107 0 0 125 143 108 0 107 106 123 0 112 100 128 116 104 119 111 141 114 0 115 103 121 119 112 0 0 0 114 116 124 102 133 105 123 111 0 117 148 124 111 127 107 113 0 138 113 124 0 118 111 117 115 108 123 0 111 133 117 141 144 0 135 0 115 110 128 119 102 105 118 147 0 118 133 131 120 146 0 130 0 138 141 117 0 132 114 0 135 115 132 107 0 111 142
0 0 134 116 149 0 136 115 128 120 106 118 136 114 135 147 135 148 124 108 107 117 110 134 101 0 113 129 146 0 120 148 132 132 0 131 116 127 133 0 113 147 101 105 106 0 0 119 125 106 134 100 143 111 145 109 130 141 0 142 0 102 110 120 136 102 0 102 111 0 0 0 149 113 110 141 149 0 139 0 148 0 127 137 0 102 111 136 104 115 137 146 137 129 100 127 129 0 145 105 114 137 148 143 109 0 145 120 138 106 129 108 112 109 0 136 0 0 0 142 140 0 140 135 147 123 135 149 0 120 133 0 146 0 125 119 104 138 0 106 0 137 109 0 129 142 108 0 138 128 144 100 123 136 106 119 128 143 0 0 0 125 0 0 139 124 123 107 117 0 134 129 102 134 112 117 112 145 128 0 125 0 0 111 137 103 145 0 0 0 140 112 0 111 0
0 0 0 0 137 147 118 0 113 147 0 138 0 0 145 0 137 0 0 0 143 113 0 0 134 0 123 104 105 100 105 0 122 110 120 132 148 136 115 106 118 137 141 114 136 109 0 103 130 103 114 118 111 0 134 0 123 0 135 135 0 146 109 130 115 134 123 109 130 115 0 125 0 0 0 0 134 138 112 146 0 134 0 0 0 115 139 109 0 0 142 139 115 110 0 122 136 0 109 105 132 0 0 149 146 0 115 126 124 0 105 136 131 112 0 103 118 135 124 0 117 141 0 110 114 129 146 101 0 104 0 0 129 0 136 116 127 142 0 115 0 0 100 101 123 0 105 129 134 0 129 139 136 0 130 130 112 125 105 108 117 101 148 138 116 0 108 101 120 143 0 120 116 135 0 122 0 121 140 130 106 139 0 0 112 116 107 141 110 0 122 105 108 115
0 148 128 149 0 123 109 117 128 0 100 0 140 0 0 122 107 130 0 123 137 0 0 0 0 127 118 0 0 113 0 139 123 113 123 105 112 0 105 0 0 111 111 0 124 141 147 0 141 110 112 137 0 0 114 103 114 0 127 0 142 145 0 0 122 0 112 133 132 105 0 111 102 142 138 107 127 107 131 135 136 109 0 133 0 101 113 125 107 0 147 0 105 0 133 0 0 110 0 137 109 122 100 137 102 110 135 102 122 142 122 107 109 131 132 139 137 0 109 144 103 140 105 136 0 141 122 143 0 0 0 145 138 149 109 109 101 106 119 108 0 108 134 111 126 137 108 104 112 130 0 121 0 115 134 131 145 129 131 0 144 101 111 102 137 0 145 131 114 140 120 132 149 123 121 149 0 101 0 146 123 106 109 0 0 103 125 140 0 0 113 0 0
0 0 0 0 124 142 141 0 131 101 120 145 0 136 123 111 0 102 138 127 134 0 0 111 138 122 0 120 101 0 124 0 139 0 111 120 149 0 130 129 117 121 103 125 101 139 142 138 135 112 0 0 107 102 144 149 0 101 0 139 137 149 121 0 128 120 148 0 147 103 0 102 110 0 103 102 132 143 141 132 0 106 0 139 0 138 142 0 143 138 0 0 0 0 123 100 122 0 118 118 137 119 102 101 123 0 146 105 0 120 146 0 136 142 0 134 116 109 140 0 100 107 0 110 140 0 146 105 140 0 109 124 112 106 149 117 126 0 0 117 113 0 114 125 0 0 148 103 107 105 147 0 146 0 143 0 146 111 0 119 116 120 138 100 0 114 0 109 143 129 141 106 129 120 103 0 0 131 132 143 122 113 147 112 129 126 131 108 100 129 104 0
0 100 132 143 0 136 141 107 0 0 0 140 127 134 115 121 120 115 148 121 106 104 0 0 133 111 112 113 111 114 126 148 124 106 0 137 0 0 0 108 0 0 104 121 149 116 131 123 140 134 0 136 143 109 0 147 101 147 143 122 0 115 134 111 0 137 100 134 120 0 107 0 103 0 0 123 0 0 102 130 146 148 115 142 0 0 102 108 0 0 0 0 131 142 121 106 121 0 0 128 105 108 124 133 0 0 141 143 0 0 135 139 125 104 0 129 122 130 124 120 125 132 0 138 129 131 107 123 129 141 129 0 121 129 120 125 112 107 145 0 126 108 132 112 136 109 0 143 0 136 0 101 0 105 134 128 147 125 136 134 112 0 0 118 146 148 0 0 119 129 0 135 112 0 0 145 145 111 140 106 102 108 133 133 110 0 0 111 142 136 135
0 108 0 0 140 145 112 0 121 112 0 0 0 0 115 143 140 117 110 0 112 0 112 147 146 147 0 111 142 139 148 100 149 146 121 138 119 141 117 118 126 103 146 136 144 123 124 147 100 133 133 107 112 139 136 126 139 115 108 111 0 142 115 130 129 121 115 102 0 147 136 114 130 122 131 0 0 123 116 0 0 140 111 104 144 0 134 113 117 118 128 128 147 111 143 0 139 0 118 145 132 106 0 139 141 147 0 0 132 132 143 121 149 149 133 0 125 0 0 0 145 100 104 111 116 145 0 109 108 102 107 0 0 127 129 139 0 111 109 142 143 0 0 109 110 103 140 145 128 140 125 113 0 133 117 0 149 130 119 139 0 0 117 0 0 112 108 0 115 105 143 0 0 125 138 122 110 131 107 147 101 111 108 147 0 135 105 101 0 146
0 131 149 130 0 122 0 126 119 106 0 131 141 117 123 0 120 126 119 100 106 141 141 135 112 104 0 116 102 0 105 115 122 109 111 121 105 0 122 146 137 113 112 119 141 147 108 109 114 146 0 0 0 111 130 113 126 148 149 125 147 110 0 106 128 115 101 129 110 135 137 145 136 129 0 101 0 0 0 131 109 148 0 138 0 0 112 123 134 127 134 114 130 103 135 129 105 0 147 144 114 134 137 103 126 110 142 0 112 124 0 108 120 141 0 102 139 120 0 0 112 125 0 117 100 0 149 107 0 139 0 124 123 139 116 101 0 131 0 0 145 124 141 137 0 144 116 0 144 0 0 111 0 0 0 0 106 0 0 136 0 124 0 0 100 149 119 149 125 110 145 112 119 105 0 103 130 100 103 128 0 145 121 123 125 104 129 0 138
0 118 0 0 0 139 0 0 0 122 100 133 139 0 139 147 112 113 137 134 146 0 0 132 107 144 0 119 135 135 134 0 108 100 0 105 0 123 111 120 114 102 0 0 113 102 136 116 103 142 127 140 0 146 123 0 0 113 141 136 148 0 145 0 118 0 107 112 0 131 104 121 129 108 0 107 120 0 0 102 146 0 0 132 118 136 136 109 138 0 103 0 142 142 121 148 138 0 118 124 0 138 108 136 0 108 111 114 131 0 0 121 100 123 138 112 142 0 127 102 101 103 145 141 0 136 126 116 110 137 0 0 0 146 123 144 0 130 131 0 0 105 131 120 115 0 106 0 140 124 121 149 117 129 0 107 107 118 146 119 141 108 149 134 0 124 0 106 0 140 0 141 0 100 127 119 117 119 128 108 149 127 108 119 132 0 112 106
0 102 124 0 144 127 0 0 0 123 130 137 0 139 148 123 132 107 148 145 0 115 137 0 113 144 0 100 114 0 0 123 125 100 0 0 0 132 135 124 125 115 137 0 0 135 148 126 0 125 145 101 107 115 131 0 0 140 0 113 140 119 123 123 100 0 128 144 138 119 147 126 0 140 131 120 136 129 0 117 0 133 119 118 0 0 126 111 0 0 115 125 116 119 0 107 137 0 139 0 103 146 107 100 143 0 0 104 117 126 112 129 0 105 0 118 129 0 130 0 0 0 112 0 0 133 0 136 110 120 0 110 102 136 143 116 120 111 108 123 105 133 0 101 135 0 0 0 118 134 130 0 103 116 148 146 113 104 0 129 139 144 0 0 0 0 0 124 0 105 110 115 0 101 0 0 0 134 120 0 0 141 147 118 0 102 0
0 140 0 148 0 101 135 120 141 145 109 100 0 101 132 119 114 145 136 0 147 122 110 0 0 122 0 0 114 111 125 135 0 0 107 130 110 147 0 101 131 123 0 103 0 148 102 133 131 0 140 112 111 0 137 0 0 112 109 123 0 116 126 0 121 0 0 113 0 102 0 102 126 138 137 106 0 134 121 0 118 126 0 139 0 112 108 138 112 0 0 108 0 135 140 0 113 119 119 142 139 139 126 147 140 149 117 126 138 124 0 103 123 144 131 0 0 114 117 0 132 145 108 0 145 0 0 101 113 103 113 115 144 121 139 138 117 112 107 133 110 144 135 0 0 118 129 109 143 138 113 102 0 143 114 117 126 0 0 0 137 0 147 131 123 142 100 0 149 125 0 0 146 103 137 0 118 0 109 149 108 138 115 116 104 147
0 148 117 130 134 0 120 140 149 110 104 136 131 0 0 0 112 0 117 140 124 119 100 140 110 0 103 0 104 124 116 0 0 109 117 107 122 137 110 123 105 130 124 0 0 0 0 0 103 0 120 135 143 130 107 140 133 146 121 129 108 109 0 128 120 133 106 136 144 108 125 116 131 113 0 145 0 139 147 139 144 121 0 119 134 122 120 0 0 139 138 143 138 0 115 133 0 137 133 137 149 0 104 133 104 134 138 0 0 119 115 121 0 142 126 106 0 143 113 0 118 118 110 149 111 131 127 0 116 112 120 109 105 104 115 106 143 0 129 141 0 0 133 112 110 0 0 111 140 111 0 143 116 114 0 100 144 109 120 0 0 118 144 0 0 142 106 0 0 108 143 106 127 129 122 107 120 0 113 138 126 145 140 108 135
0 144 137 102 101 0 126 141 0 0 134 149 135 0 127 116 0 146 147 0 107 140 104 124 0 0 126 0 111 0 149 122 135 115 120 136 106 0 0 109 107 0 0 0 132 127 147 135 112 0 125 145 0 130 142 101 111 0 100 131 117 143 130 0 0 0 130 114 118 135 121 124 148 112 131 148 0 106 127 116 0 116 109 143 117 135 138 0 115 0 107 137 101 139 124 101 144 116 125 0 113 106 0 131 114 125 110 0 119 122 127 114 143 145 0 106 114 140 142 146 139 131 0 127 132 140 147 140 131 131 110 0 127 147 0 147 0 0 131 134 130 0 0 0 0 146 0 139 148 0 136 123 117 132 125 0 0 136 103 138 0 147 0 0 127 144 134 134 0 146 125 120 149 115 0 0 132 113 125 124 148 102 113 0
0 141 111 119 127 0 0 0 146 105 120 113 135 125 131 117 117 105 138 119 0 149 130 126 122 137 0 119 131 140 149 103 148 145 143 138 0 131 108 128 103 117 116 133 133 0 0 0 145 0 143 120 105 0 117 147 0 110 102 108 0 108 0 100 0 129 140 113 136 0 134 128 115 110 112 0 124 0 114 107 141 112 136 149 128 0 126 144 126 127 0 117 126 0 102 127 109 117 113 145 0 105 107 130 0 0 133 132 0 142 109 0 108 0 0 118 0 110 127 146 142 100 142 0 129 0 135 140 111 100 0 104 105 131 111 109 108 111 117 102 0 107 125 127 147 131 149 139 143 143 105 0 105 128 143 0 0 120 149 0 148 147 117 124 119 0 0 102 129 118 137 145 132 111 145 0 109 147 140 0 116 0 114
0 0 145 148 127 0 114 0 115 103 138 126 117 110 0 0 122 137 0 131 120 0 115 0 0 137 128 116 131 124 116 0 142 137 112 129 140 132 0 136 117 138 0 128 137 135 149 134 0 148 139 104 0 135 131 125 118 128 144 133 120 128 129 140 106 149 146 109 146 125 0 116 136 126 130 106 0 125 149 115 137 106 126 144 142 0 143 0 101 145 129 141 104 0 135 0 148 100 100 0 123 144 140 135 134 131 113 147 110 133 103 138 0 103 0 113 117 127 0 0 107 143 0 118 114 108 141 117 147 0 0 0 118 105 118 0 119 121 104 149 105 122 137 105 0 127 111 148 0 133 140 128 123 0 100 130 146 135 116 0 0 0 135 0 106 136 102 0 0 113 112 125 105 125 0 0 0 110 132 149 104 138
0 0 107 0 141 109 0 0 0 147 146 0 0 0 0 0 0 141 117 121 0 131 0 125 146 102 0 0 0 0 128 128 104 139 124 118 0 126 102 0 0 108 148 131 124 120 119 105 0 0 126 112 149 127 0 132 0 105 0 118 102 0 127 143 103 100 0 113 120 139 121 127 136 110 146 117 100 142 0 112 136 0 147 122 0 109 0 0 133 0 130 146 114 111 143 138 123 107 106 139 0 142 0 0 121 0 105 103 132 0 0 0 111 0 121 131 134 130 137 123 102 149 137 123 134 117 127 139 137 134 0 132 129 0 148 116 0 130 143 0 137 100 114 120 126 0 0 0 135 137 106 128 100 141 0 131 121 128 131 118 0 125 121 129 0 0 137 116 0 118 0 144 0 0 130 141 114 137 111 106 112
0 137 146 0 108 113 103 148 125 0 140 0 119 106 0 131 135 125 148 104 109 128 0 106 0 148 124 103 116 137 0 0 140 114 120 142 127 148 122 140 129 129 0 134 140 126 0 121 0 128 133 118 105 147 103 105 0 133 143 117 0 111 118 0 146 146 115 117 102 145 100 148 0 0 102 0 134 116 123 144 136 108 0 117 105 142 100 114 134 149 0 128 134 139 112 105 0 127 0 132 122 138 138 0 110 0 142 0 120 137 136 114 0 122 131 102 0 124 103 135 126 0 0 148 138 119 0 138 126 149 136 0 132 116 0 0 132 0 116 0 109 130 146 0 0 0 140 117 130 0 138 112 142 130 131 0 0 141 141 144 0 144 0 0 145 112 101 130 137 126 106 144 123 0 117 102 141 122 106 101
0 120 0 110 0 115 125 100 100 100 0 0 0 0 117 0 131 123 0 0 141 128 115 0 148 108 0 0 132 133 107 114 0 139 149 144 0 134 112 107 0 130 139 0 104 135 137 148 0 129 123 144 103 108 146 0 120 147 140 129 146 123 110 0 118 133 111 121 139 101 0 0 125 0 111 125 0 109 134 122 138 104 0 149 109 120 0 129 147 135 139 107 0 125 143 142 133 123 0 127 119 120 123 106 143 105 127 119 0 100 120 115 115 0 146 115 145 0 117 100 115 132 111 149 134 122 108 149 0 133 105 0 0 133 104 115 149 137 141 146 146 134 0 129 0 131 140 101 116 0 102 116 143 140 104 128 139 107 0 121 0 0 109 143 116 100 126 0 111 104 121 0 142 100 101 104 122 144 101
0 0 0 124 104 115 0 103 108 127 115 149 122 114 0 144 100 132 141 133 124 110 104 134 101 102 133 147 146 0 139 136 0 144 127 140 113 126 131 115 122 128 0 120 138 0 116 117 128 0 126 147 125 147 143 0 0 143 125 0 0 115 100 0 104 111 128 136 132 140 109 139 0 132 109 141 138 126 146 136 0 118 135 100 107 133 121 134 132 111 0 148 109 125 147 117 0 113 133 131 0 126 137 128 0 140 122 0 0 148 124 138 0 127 131 0 110 122 130 107 106 115 111 123 105 145 115 108 126 0 0 132 0 0 118 0 125 0 0 144 131 126 0 0 114 143 133 116 105 135 147 0 148 134 125 105 0 0 114 0 135 126 127 133 0 134 0 0 101 124 119 122 134 0 123 135 114 129
0 115 127 149 143 134 139 145 100 131 0 126 102 0 140 0 143 126 132 142 0 129 143 143 132 0 0 138 0 123 122 106 138 0 137 105 105 114 0 0 133 128 0 133 0 140 133 123 125 120 148 132 112 0 124 0 108 115 0 125 120 147 119 126 116 101 0 124 0 147 0 137 114 0 0 131 148 138 132 140 119 139 117 147 0 122 108 138 132 118 106 107 118 147 116 122 137 0 104 0 114 0 0 139 109 0 111 113 142 141 141 0 0 112 120 120 130 111 126 107 0 127 0 136 0 116 127 104 129 131 127 111 0 101 115 149 0 0 117 118 107 121 131 0 0 131 143 123 0 140 142 139 125 0 0 125 0 111 113 0 0 103 0 113 111 0 145 128 106 144 0 0 123 134 131 125 100
0 0 133 110 131 0 107 119 112 111 0 112 136 112 145 139 0 123 112 128 0 101 118 146 139 135 132 0 126 127 127 137 136 130 131 144 123 103 128 132 141 0 137 0 144 133 0 145 112 122 122 0 135 133 135 0 131 115 144 149 112 129 0 0 0 0 140 0 147 0 101 118 144 0 120 130 146 120 0 0 137 0 113 0 127 0 0 126 113 138 115 0 0 102 146 124 0 0 125 124 0 0 111 101 0 0 104 101 106 0 107 120 117 132 0 109 0 146 113 122 115 0 104 111 126 0 129 0 0 120 0 142 0 133 116 0 106 114 133 104 149 100 125 106 0 129 139 0 0 111 0 132 124 132 125 112 116 103 117 136 111 0 126 0 0 122 111 135 100 125 128 146 0 118 0 109
0 0 136 102 116 0 0 134 132 0 140 101 123 116 126 0 140 0 123 149 131 149 116 105 101 142 141 130 108 112 140 135 107 143 129 0 139 134 117 137 102 0 148 140 102 139 110 110 0 144 104 0 145 0 115 0 123 110 0 0 137 0 126 113 102 119 141 0 0 139 100 0 0 146 105 113 142 128 119 125 127 125 115 0 0 0 0 0 116 104 0 106 0 103 146 143 0 137 132 0 140 0 0 124 103 114 147 100 141 137 134 0 125 0 0 112 130 0 101 130 144 0 0 117 142 101 144 149 133 122 0 117 123 113 108 105 142 117 147 107 0 140 108 121 122 0 127 106 0 128 116 139 129 103 102 145 119 0 118 0 109 132 119 120 134 0 0 147 121 139 0 103 119 123 109
0 0 135 143 103 106 140 0 105 0 0 102 0 105 0 103 142 147 136 104 0 142 127 130 145 0 117 147 133 109 111 134 0 120 123 105 117 0 106 110 0 114 0 130 127 142 126 0 122 122 105 107 0 137 138 149 0 0 0 0 134 127 143 142 120 0 101 105 0 112 102 118 0 101 108 134 136 104 0 0 112 105 148 111 121 116 0 113 0 136 139 143 129 0 0 104 103 106 0 121 0 119 139 108 137 0 130 129 127 142 140 0 0 0 0 127 0 140 111 141 106 118 118 0 136 112 137 141 121 123 0 0 116 0 119 0 110 0 146 119 125 123 111 115 0 146 104 140 144 110 120 0 143 0 139 146 106 0 111 119 118 126 143 117 143 142 0 0 126 142 131 143 104 117
0 141 101 108 101 104 0 102 131 0 147 138 108 102 0 140 0 113 114 0 104 138 101 104 103 102 116 138 0 122 131 148 148 106 147 101 105 125 119 148 110 117 149 136 0 109 0 124 108 0 0 0 122 135 103 0 114 119 106 136 119 106 100 141 118 107 0 122 138 0 123 0 149 121 132 102 104 0 120 104 0 108 112 149 140 138 142 141 0 0 101 0 0 102 118 115 124 149 103 0 138 147 0 128 118 113 0 140 135 134 142 105 130 0 129 125 108 129 127 0 120 144 131 0 147 125 138 129 121 140 116 0 119 119 132 0 147 0 0 0 145 127 131 123 132 0 121 0 124 125 105 114 120 143 129 120 111 126 117 105 149 116 0 135 137 129 0 0 120 0 134 104 108
0 0 101 106 109 113 121 120 112 0 0 0 145 133 144 121 0 119 134 0 106 0 0 137 0 105 105 0 130 107 128 120 126 120 107 146 107 106 111 137 109 107 129 115 0 0 0 146 0 126 109 0 127 103 144 101 0 104 145 137 127 131 106 105 114 0 110 125 124 114 0 137 137 0 139 0 137 147 102 143 0 0 117 140 106 134 112 0 107 137 105 116 144 0 141 0 117 127 125 148 0 120 0 114 144 135 133 123 110 147 116 146 116 121 0 141 142 143 0 119 129 116 147 0 0 114 146 123 118 133 146 125 0 125 148 131 0 113 125 0 131 148 104 139 111 139 110 121 146 107 0 0 137 127 118 128 140 106 141 145 148 0 112 101 0 129 0 132 137 0 0 0
0 128 137 116 122 149 103 112 0 149 144 0 103 131 136 135 0 141 100 149 114 149 0 130 103 0 124 102 0 101 0 116 0 121 128 147 109 138 141 134 128 105 120 122 116 118 123 143 0 116 141 129 110 145 111 133 140 136 117 117 114 0 144 132 0 0 143 148 141 136 116 125 130 133 119 146 115 110 122 0 147 0 125 109 0 0 143 113 113 0 144 123 145 116 0 122 132 0 140 121 122 112 114 100 124 120 0 133 0 0 0 122 128 128 103 100 124 0 0 0 130 109 109 0 0 0 130 103 126 133 103 146 144 137 101 0 121 144 127 102 0 116 132 147 105 125 127 116 138 124 137 142 108 0 121 141 125 104 0 117 0 131 121 142 137 148 119 124 0 106 106
0 146 110 114 112 0 110 0 0 0 0 116 132 133 112 117 115 0 127 146 0 134 0 100 0 148 0 112 0 126 114 100 100 0 149 142 128 142 118 113 116 133 0 101 136 127 0 132 128 0 111 141 100 0 0 124 0 144 0 130 131 105 138 114 124 131 104 0 133 114 116 130 135 144 0 104 124 130 104 111 0 103 125 0 143 101 110 105 103 0 0 120 106 0 0 0 117 110 115 119 137 142 126 135 106 136 136 0 127 135 0 104 131 0 112 121 136 124 129 133 126 119 101 0 0 119 129 0 110 0 0 104 128 106 142 110 135 0 131 138 139 133 105 130 0 136 109 104 0 0 146 144 0 149 122 105 0 132 134 138 101 108 109 147 0 100 128 144 0 108
0 104 0 134 0 100 119 112 119 126 115 108 144 122 0 0 103 117 114 126 0 124 138 127 0 113 0 104 100 114 0 0 121 0 139 140 136 132 120 146 128 128 131 113 0 116 113 127 0 128 0 144 0 124 139 132 133 0 0 106 120 137 0 0 143 120 131 115 111 0 110 129 128 103 104 115 119 110 0 0 0 108 104 0 0 0 127 115 0 139 132 133 130 0 148 119 141 147 0 114 126 0 103 140 0 138 0 139 0 107 116 101 113 116 116 135 144 125 138 133 108 0 100 148 143 0 0 146 0 103 0 0 0 128 127 128 0 106 100 0 100 109 110 120 115 0 0 135 131 141 0 117 134 0 120 0 129 148 127 123 130 118 113 136 111 117 142 143 122
0 147 113 0 103 131 145 105 146 0 110 0 107 0 142 117 140 0 116 116 147 130 128 0 101 115 128 140 100 124 142 145 0 0 110 106 146 103 122 0 138 0 127 143 123 115 0 141 118 107 123 133 120 104 0 144 103 0 120 105 129 0 118 0 0 0 105 130 0 135 119 0 112 123 148 0 140 117 102 120 0 117 112 0 127 0 0 147 112 145 124 100 101 0 0 138 104 146 147 0 0 123 140 0 146 142 106 0 137 0 104 132 118 127 140 113 137 135 123 0 119 102 126 114 110 114 127 0 0 114 103 0 148 113 101 147 148 132 0 113 104 124 0 111 0 0 138 113 0 0 142 144 0 138 0 0 105 0 102 110 108 118 136 137 124 0 104 0
0 133 142 133 0 145 143 116 135 0 118 0 118 120 0 142 145 121 132 125 0 128 118 143 148 108 104 121 124 0 0 148 0 137 122 148 103 117 147 105 0 101 103 117 101 113 131 110 140 140 0 148 0 140 122 127 110 135 101 115 143 128 142 0 0 131 116 134 0 0 0 104 115 110 133 114 132 0 129 0 120 116 0 146 0 134 105 0 102 0 129 101 125 129 0 109 0 103 105 134 149 146 126 132 131 102 117 0 0 101 124 0 0 105 146 106 136 0 122 105 0 147 144 109 111 125 131 108 135 131 113 105 103 0 115 0 105 145 0 137 0 0 139 123 104 122 113 129 135 0 107 145 119 0 117 114 108 0 149 0 105 132 122 114 0 0 0
0 119 106 110 130 136 105 127 122 105 113 132 124 149 120 101 117 147 101 119 0 116 126 0 149 0 116 136 115 0 135 144 110 143 114 133 0 0 103 0 0 141 0 133 140 127 114 0 0 0 105 100 0 112 0 140 133 123 131 108 125 0 0 137 0 148 133 146 102 0 105 130 0 124 145 141 0 104 0 106 112 119 128 140 0 0 143 132 124 145 123 0 105 148 124 105 0 0 104 0 142 121 127 128 134 113 0 122 144 126 116 136 119 146 0 118 130 109 0 109 131 0 103 139 140 116 122 149 108 145 145 109 132 109 142 0 125 129 109 128 138 104 101 0 131 0 119 137 123 0 0 0 0 119 0 108 0 114 146 127 116 133 100 148 140 127
0 149 107 119 122 0 142 0 127 141 114 141 135 0 0 138 133 0 138 144 104 106 124 0 140 117 134 100 0 149 127 0 147 138 101 0 144 134 106 0 112 123 146 148 119 142 101 135 126 0 104 0 0 0 138 0 126 110 145 0 100 100 109 144 106 133 129 119 127 132 144 107 115 142 143 135 127 139 142 129 0 100 120 135 0 130 102 133 0 130 145 115 105 120 106 117 0 138 127 108 0 138 149 0 130 0 119 138 111 120 147 126 0 0 117 108 109 0 135 145 0 0 0 122 109 111 141 106 0 148 107 140 125 101 117 0 0 0 0 0 111 0 102 125 0 0 121 0 147 100 106 126 122 119 138 0 0 108 139 0 0 130 0 130 0
0 115 112 137 106 0 0 0 0 139 0 108 144 0 139 134 0 148 100 125 143 112 110 124 107 0 0 146 142 115 0 0 105 112 0 113 0 144 142 117 131 0 147 0 149 149 141 143 149 0 0 139 117 139 110 123 130 104 135 105 133 0 101 0 126 118 135 0 102 0 121 141 124 140 137 0 100 108 139 0 111 138 0 124 113 119 100 125 134 132 133 138 112 135 101 0 124 117 133 141 123 0 0 112 140 107 106 116 144 107 106 0 134 123 0 105 0 0 117 131 0 107 113 126 147 105 0 120 0 0 0 135 145 119 148 149 0 133 135 0 0 0 0 0 124 0 115 122 119 107 110 137 0 114 125 129 119 0 134 117 105 141 114 144
0 114 138 141 134 116 110 104 0 147 109 0 0 0 109 119 140 111 130 148 141 122 138 128 134 118 138 111 120 131 117 0 0 0 141 105 148 112 133 138 0 110 131 135 138 123 122 103 122 131 132 138 111 110 112 135 0 136 118 136 0 102 132 125 0 0 107 144 122 0 125 107 129 117 109 127 104 117 123 120 104 141 137 103 139 0 0 137 104 116 0 117 133 112 0 0 0 102 132 117 134 0 119 0 0 0 102 111 105 0 133 0 127 0 144 145 149 111 140 130 138 141 138 144 139 115 108 149 108 126 130 126 122 108 118 0 149 119 0 137 144 149 122 105 107 0 0 137 144 0 0 109 104 0 148 0 140 134 148 0 0 101 0
0 107 104 106 119 145 133 147 135 129 116 0 0 124 104 130 0 0 130 117 139 0 107 145 0 142 0 0 135 0 105 0 134 0 0 122 127 149 143 141 115 144 123 148 117 111 138 125 0 0 148 137 0 127 0 114 131 0 144 132 146 149 0 0 0 105 139 131 101 0 0 0 106 106 0 0 145 115 118 0 0 0 0 0 0 0 126 130 149 0 101 111 140 113 125 0 117 0 102 137 0 0 147 135 0 126 133 0 0 103 133 121 112 106 102 118 126 142 0 0 0 0 0 140 116 0 0 106 123 104 107 123 0 0 0 143 116 0 103 0 106 102 131 103 126 100 136 102 107 120 0 117 118 0 0 116 112 106 146 100 101 0
0 0 119 114 127 124 0 0 0 103 101 141 132 121 0 0 132 0 0 0 130 116 122 149 0 0 147 100 0 101 0 133 123 121 0 149 107 112 0 0 145 0 134 109 109 0 139 0 123 127 104 148 0 137 118 107 117 148 147 101 146 148 0 129 0 145 136 0 142 101 0 129 127 137 130 0 143 0 147 112 148 135 142 133 149 111 0 149 100 149 142 142 127 0 118 118 141 140 110 129 127 148 143 148 146 106 140 141 116 120 101 127 137 0 141 110 117 136 144 100 143 141 117 146 118 107 124 123 124 116 102 148 111 126 115 132 0 147 117 146 146 117 0 149 107 118 117 138 0 0 146 0 141 105 130 112 106 104 0 141 104
0 0 131 0 130 140 0 129 130 0 113 102 127 103 0 135 121 141 0 0 106 0 115 0 138 109 127 0 0 111 148 112 134 0 148 104 138 129 0 0 124 125 119 129 0 130 102 0 0 121 107 149 144 124 0 106 105 127 111 118 121 0 139 127 113 0 0 0 125 0 0 117 139 130 104 119 108 141 139 0 107 106 120 124 110 0 142 135 149 148 113 142 0 123 148 136 0 119 122 131 138 111 115 103 117 142 101 100 111 116 130 108 0 147 146 0 141 115 118 0 0 109 140 122 128 126 126 0 112 0 127 0 0 101 0 138 130 109 114 0 112 139 113 128 127 128 120 141 140 114 140 119 0 140 121 116 140 126 128 107
0 102 146 112 149 0 0 102 111 128 104 143 141 0 0 0 0 137 134 117 0 148 138 148 100 140 124 124 148 129 111 0 125 0 112 111 0 0 103 112 127 134 132 125 135 0 143 0 123 143 121 126 0 122 107 108 104 136 120 147 145 146 0 0 0 131 0 104 0 116 116 140 115 138 134 117 127 102 145 119 0 115 0 144 0 129 148 130 101 134 0 114 109 0 0 149 110 119 149 0 145 131 106 111 144 0 0 0 145 139 107 138 0 116 0 0 0 0 141 113 122 101 141 126 142 137 0 149 109 0 145 116 110 0 0 112 145 0 144 0 107 143 122 111 100 131 0 0 142 149 0 141 140 145 140 110 0 111 144
0 120 119 147 100 129 0 127 109 0 129 0 116 0 0 144 110 145 0 0 119 149 101 116 0 112 0 112 145 0 127 147 0 142 134 111 149 141 0 108 0 148 107 120 0 123 0 101 123 136 0 0 104 100 113 145 101 109 139 0 0 139 138 106 123 0 0 104 0 0 122 133 118 101 135 127 110 144 138 129 113 125 111 0 125 137 115 108 0 112 108 101 111 121 142 133 117 116 0 116 0 127 0 129 135 125 142 119 0 143 122 102 101 111 131 142 142 134 134 0 144 123 0 121 125 136 136 104 142 120 123 0 0 104 0 142 0 136 138 134 0 0 122 140 101 0 120 119 129 0 119 136 104 0 140 107 0 133
0 139 146 133 112 144 110 134 0 126 106 102 129 0 143 135 0 117 0 0 0 146 139 148 130 132 132 0 145 106 131 0 138 103 0 134 104 106 110 126 143 123 113 0 0 131 0 0 0 112 134 119 0 137 117 149 148 148 129 129 127 121 128 131 101 140 125 0 131 144 0 119 141 0 136 123 103 0 141 132 0 143 0 101 118 149 148 140 122 0 118 148 126 128 121 137 0 121 139 139 131 0 104 0 101 142 0 0 109 0 100 118 144 143 0 106 0 129 0 0 129 0 0 143 103 125 146 0 0 137 142 0 133 0 123 139 101 144 115 140 0 114 124 0 108 141 0 0 111 0 119 124 0 145 0 0 149
0 131 116 106 0 143 0 108 138 121 104 0 137 147 0 116 119 117 147 0 121 130 0 101 106 114 119 0 148 126 143 0 101 100 0 112 104 0 120 135 109 106 120 137 100 101 131 146 148 0 0 102 123 145 0 127 102 112 0 0 126 0 142 0 115 110 0 0 128 0 136 105 129 105 0 139 0 137 0 119 147 137 106 144 143 108 137 110 0 100 140 111 127 111 119 131 130 0 111 135 0 0 108 0 0 0 114 139 110 141 146 0 0 112 137 135 131 117 127 132 141 129 114 142 106 110 113 113 114 133 116 130 115 103 0 102 147 107 0 136 0 120 0 131 0 0 130 0 133 141 143 128 112 105 142 0
0 131 125 126 0 0 0 0 105 0 107 0 0 119 117 109 140 109 0 141 109 112 146 0 149 102 133 0 106 106 109 141 121 121 132 0 120 101 144 100 107 126 142 0 145 0 109 0 129 135 0 133 0 142 107 0 0 105 142 0 105 134 0 142 109 130 0 125 0 131 130 119 149 131 146 128 145 122 0 116 103 146 138 0 0 117 123 0 142 0 118 102 0 127 121 118 120 149 111 0 0 111 124 149 119 149 131 145 122 132 0 104 147 129 119 136 135 122 149 0 121 111 110 0 143 119 142 0 123 132 141 107 130 117 132 104 136 106 149 109 101 0 138 123 138 120 129 0 112 122 138 0 138 112 139
0 144 135 132 139 122 145 0 108 111 121 105 0 135 139 0 0 120 126 115 116 117 0 110 0 0 0 100 141 120 111 115 0 124 0 129 102 0 116 147 141 133 108 0 110 142 110 127 149 146 121 115 127 134 142 141 0 131 0 0 139 129 110 0 141 141 0 122 114 0 120 113 0 139 109 120 104 131 110 149 0 132 0 128 145 126 130 0 0 141 126 145 0 128 0 124 147 128 118 144 106 132 129 0 0 0 0 0 121 121 0 0 0 0 0 108 110 110 145 140 100 103 146 113 0 103 0 141 113 105 125 140 0 126 129 109 0 117 148 121 129 121 0 134 120 119 133 106 133 118 0 115 135 103
0 130 105 139 0 129 128 123 0 133 0 107 116 118 0 136 103 138 0 0 120 130 0 129 101 131 0 148 135 143 117 0 0 100 126 129 120 139 118 0 136 123 100 116 139 102 130 121 0 0 0 0 130 113 118 115 124 141 132 0 135 108 140 119 0 136 122 118 0 0 128 104 115 122 128 120 124 135 116 0 0 0 122 0 110 118 0 118 130 0 124 0 148 135 117 0 0 129 115 133 0 116 0 148 145 120 117 147 113 138 0 148 106 131 120 0 0 101 135 0 119 100 136 129 140 106 0 0 0 140 0 0 0 146 102 122 101 0 113 0 0 144 115 106 0 133 104 104 0 122 123 108 105
0 146 140 101 145 129 102 0 114 107 116 0 102 133 108 134 125 146 113 0 0 115 0 0 101 108 112 0 101 128 135 110 128 142 149 101 117 141 111 0 110 0 142 146 0 113 145 0 129 0 0 0 139 123 130 118 104 0 136 0 100 148 131 141 145 127 0 0 112 139 147 145 146 125 0 117 107 100 108 140 117 0 121 0 146 119 122 140 129 104 127 121 125 106 0 149 0 123 142 123 0 137 104 129 117 111 129 131 112 0 139 0 117 110 137 101 105 123 104 145 132 143 114 131 105 122 103 0 0 122 0 144 130 140 105 130 124 0 116 0 136 127 113 143 105 111 149 138 115 104 142 118
0 114 120 108 143 112 0 0 0 128 0 119 141 139 0 121 0 120 111 117 119 134 140 103 147 126 136 111 135 127 113 0 0 138 102 0 103 118 100 140 128 0 143 102 106 101 140 0 0 106 100 106 0 126 0 149 104 144 136 123 0 109 124 0 140 0 0 146 102 104 139 130 0 149 121 124 143 135 120 0 111 106 107 146 145 137 144 144 0 0 0 115 124 139 115 140 127 133 0 108 132 113 149 115 107 121 0 122 0 143 0 135 144 120 124 0 121 127 0 0 140 132 142 102 115 0 128 0 146 138 0 111 103 140 106 122 146 0 113 115 0 112 129 102 129 135 121 144 141 140 149
0 121 135 118 121 110 115 0 139 131 0 141 114 0 116 117 136 137 147 144 0 117 145 0 147 0 0 0 143 125 0 110 135 112 100 101 145 120 0 0 0 114 108 114 110 130 125 137 0 105 0 124 132 105 102 131 0 114 115 0 140 129 118 0 0 145 124 104 138 146 109 141 132 143 124 127 113 137 118 149 0 149 146 107 0 0 110 115 134 143 0 141 137 105 130 125 0 109 125 0 146 0 114 110 0 102 0 115 137 118 100 0 149 0 134 0 112 102 140 138 0 117 122 143 134 0 103 104 113 113 110 117 134 0 0 116 101 129 123 0 147 137 146 122 130 0 112 141 0 129
0 116 144 0 111 113 134 116 117 108 144 116 143 133 110 136 110 124 141 108 0 138 119 140 0 129 115 124 143 0 102 0 145 141 140 127 0 143 103 148 105 130 139 113 102 0 109 0 107 130 0 0 118 149 126 143 139 109 0 132 136 0 127 139 0 149 0 114 145 119 0 0 0 100 120 108 132 106 132 0 131 132 135 0 0 132 102 0 0 120 119 113 141 100 0 109 115 114 0 146 0 125 134 108 145 0 116 119 105 105 0 122 0 118 110 109 0 115 143 106 0 133 141 113 142 122 139 144 107 110 134 129 143 148 104 0 0 143 0 0 135 0 0 130 100 129 132 138 141
0 0 120 141 137 104 0 0 149 117 0 110 0 103 144 133 111 0 0 0 143 105 143 100 121 0 115 0 139 100 112 141 133 125 0 109 0 0 136 122 143 130 0 0 134 147 0 133 116 126 101 0 121 139 144 139 0 0 0 0 105 0 105 113 106 107 135 108 120 120 0 0 132 134 103 134 102 123 135 100 0 0 122 0 148 114 149 126 109 142 0 0 0 120 0 108 143 129 149 139 119 144 111 0 0 0 119 120 142 142 106 117 0 0 0 105 118 0 0 109 146 0 101 101 102 129 125 0 119 116 0 126 0 0 107 145 132 0 134 107 145 133 134 0 0 0 131 127
0 133 0 135 0 116 0 0 133 106 108 0 0 0 101 148 117 147 106 145 106 117 0 104 139 116 0 149 126 106 0 0 139 0 135 145 0 116 119 0 0 135 0 119 140 0 135 0 101 109 127 110 113 104 138 135 140 0 126 143 0 130 0 107 135 121 144 108 104 110 0 132 104 101 118 0 127 110 103 120 146 133 131 134 135 140 114 101 0 133 110 108 0 0 108 0 0 126 114 0 107 0 117 103 107 143 101 101 101 133 145 124 127 0 139 0 112 110 124 0 0 109 0 0 113 123 108 124 0 108 0 116 122 138 140 110 0 0 137 149 0 142 142 105 0 112 0
0 126 109 110 0 106 137 112 144 135 142 0 147 0 134 145 119 146 138 0 142 104 144 136 144 0 126 0 110 131 109 104 118 0 122 136 116 122 143 142 138 149 117 112 0 110 103 0 102 114 147 139 105 116 144 108 125 135 103 108 0 0 112 113 121 106 0 139 102 131 148 116 119 103 102 126 138 106 136 0 125 123 0 0 146 128 0 123 0 108 108 118 109 103 0 0 128 125 120 116 118 112 131 119 0 145 123 113 0 145 142 128 102 0 141 147 113 111 122 136 104 0 130 116 105 145 145 130 102 131 106 110 0 139 138 131 111 119 102 127 0 0 0 101 135 0
0 101 0 0 130 126 126 124 108 100 0 141 132 127 111 0 0 138 109 0 103 116 123 126 0 0 0 115 142 149 112 136 102 138 131 142 149 104 117 0 141 0 110 146 135 104 102 107 104 137 117 0 148 110 0 136 109 149 0 119 107 0 142 126 146 0 103 132 101 132 143 127 141 141 113 128 0 127 101 129 105 142 110 0 117 117 135 125 0 103 138 143 141 134 148 142 0 105 106 0 118 0 133 143 145 119 113 120 119 106 121 130 125 101 147 106 139 0 0 0 0 0 120 108 126 0 121 109 0 0 124 132 114 117 107 110 115 120 104 0 121 101 133 137 109
0 146 134 0 132 106 136 122 0 0 146 100 149 134 125 0 137 122 0 143 0 0 0 0 0 116 134 142 116 107 115 0 0 135 117 133 126 0 0 0 131 0 125 0 0 129 134 147 137 0 147 116 0 137 104 125 114 0 114 119 115 0 140 129 0 119 0 106 127 129 0 113 112 0 122 107 149 103 124 147 0 0 105 0 109 123 139 0 118 116 0 138 119 0 140 149 0 0 0 111 102 0 105 0 100 0 0 0 109 133 113 0 100 134 117 109 0 0 0 121 116 104 134 112 0 0 0 114 0 135 113 104 106 126 0 0 149 110 142 117 0 149 116 143
0 0 0 0 144 140 140 137 136 104 129 0 0 130 117 0 0 134 134 0 0 128 0 134 101 108 0 126 134 113 123 147 0 147 149 0 127 104 110 103 116 125 126 134 0 142 131 0 126 0 113 0 0 114 113 114 116 123 112 145 133 118 130 118 111 147 117 0 135 0 136 0 0 126 108 107 124 115 121 0 136 148 125 136 133 0 118 100 125 148 141 124 143 0 139 106 139 126 129 119 146 115 125 117 141 108 139 118 145 113 131 115 131 114 132 139 141 120 139 124 133 0 130 106 148 100 0 112 0 112 0 149 111 102 120 0 0 135 125 106 127 114 141
0 0 148 133 122 132 0 123 101 126 0 0 0 132 119 141 0 0 118 0 116 0 130 115 147 130 104 138 0 129 123 133 0 0 128 145 141 0 100 105 0 110 114 140 128 125 123 146 133 137 0 115 0 114 0 136 142 115 113 102 0 117 123 105 126 135 0 0 111 0 0 0 127 0 134 147 126 143 130 0 102 105 132 109 105 143 117 109 140 123 0 0 142 105 121 126 121 0 102 0 0 116 107 133 128 124 0 105 123 128 133 149 108 145 117 0 0 137 146 116 141 128 0 122 136 131 118 0 121 108 135 113 113 139 115 138 117 0 101 139 0 134
0 108 110 120 107 0 0 102 148 0 145 141 132 0 117 109 0 101 115 138 118 0 0 0 0 108 149 121 0 137 134 0 118 0 115 135 0 104 128 119 0 0 120 133 0 145 140 106 0 138 0 121 109 144 106 142 120 114 118 141 146 0 148 130 0 145 0 113 126 122 116 0 0 124 104 145 136 0 0 137 116 0 0 0 101 108 109 0 0 139 0 147 0 148 126 129 0 0 0 101 138 113 129 122 108 138 146 0 0 0 118 143 131 103 135 132 0 143 146 0 0 120 143 0 104 0 123 0 141 0 105 110 0 149 0 0 114 0 136 143 0
0 134 124 119 136 0 142 105 124 106 0 0 126 100 146 111 0 102 104 135 0 101 0 104 132 0 125 100 0 147 146 145 0 135 100 0 132 143 0 145 144 136 0 0 134 101 119 117 136 120 111 111 115 128 137 115 0 0 138 134 0 101 102 132 139 101 0 117 126 102 140 120 114 139 0 0 111 0 147 105 0 130 121 109 0 131 104 0 0 143 144 147 0 141 123 0 0 0 137 143 103 135 145 0 144 115 105 113 122 133 120 0 120 102 103 0 136 117 104 117 0 130 149 144 135 0 0 0 113 0 116 139 0 133 0 113 124 137 108 111
0 141 134 111 132 111 107 0 104 119 0 0 133 0 106 103 105 0 0 128 103 119 100 149 106 130 120 133 106 144 136 122 0 138 138 149 0 140 124 135 149 104 135 109 134 147 101 133 114 137 141 0 106 142 0 130 0 0 121 0 121 0 113 143 122 110 133 141 0 128 0 120 0 0 0 109 109 124 135 143 138 126 0 123 0 0 132 0 0 126 0 120 0 0 0 140 119 0 114 0 135 111 107 0 140 126 120 108 0 111 117 143 106 109 111 0 100 121 115 0 120 142 131 117 105 0 0 117 130 104 120 128 148 0 108 0 0 107 0
0 117 143 106 0 132 119 0 141 120 134 143 139 113 126 122 107 0 0 106 115 104 146 149 123 127 122 143 123 100 0 121 0 124 100 108 110 126 118 124 149 145 137 0 149 0 127 114 0 137 138 130 143 0 119 102 148 113 119 102 129 113 135 0 107 135 0 138 0 0 0 144 0 138 0 119 135 0 100 112 103 125 0 129 0 138 119 145 0 0 116 120 149 107 0 137 0 132 115 129 127 121 0 125 114 140 0 0 147 127 119 105 126 143 120 132 101 117 133 133 112 128 129 110 134 103 103 114 0 0 117 100 142 0 120 139 115 0
0 129 117 102 136 0 127 0 117 107 116 105 109 124 135 144 140 135 113 0 0 128 113 132 135 101 117 137 100 133 130 0 120 124 102 139 0 0 118 0 108 127 141 102 135 130 127 125 100 121 117 0 111 117 106 135 112 109 0 0 106 136 111 148 108 124 134 144 128 107 0 121 111 106 0 0 149 0 0 108 104 0 110 100 104 111 0 0 145 0 106 106 100 107 111 112 107 118 147 135 148 148 110 113 146 117 141 134 0 121 0 122 144 0 111 111 101 129 114 0 108 109 0 0 0 135 142 109 0 0 148 0 0 137 0 0 106
0 144 0 133 148 126 139 111 148 0 112 144 123 129 115 144 0 118 0 117 131 0 0 113 113 116 123 145 0 136 117 119 140 123 112 0 0 117 104 128 0 140 140 104 136 149 104 114 116 108 137 132 134 0 0 0 144 116 139 139 131 0 133 105 114 128 122 101 0 0 119 123 104 127 0 107 0 148 128 101 105 142 106 102 112 0 124 0 128 0 128 128 0 119 134 0 110 0 124 133 127 146 0 0 0 132 109 0 108 134 116 0 118 0 143 0 121 136 0 123 103 0 111 131 0 148 119 0 147 123 0 134 138 113 139 137
0 147 134 0 113 102 137 134 0 0 111 149 132 0 145 129 0 137 122 146 0 110 149 133 0 0 133 0 122 0 0 111 0 0 106 117 141 101 129 143 0 114 145 108 115 136 120 129 0 0 140 0 123 139 111 100 106 135 121 0 0 106 147 111 131 114 0 0 0 0 0 138 0 0 105 128 109 135 113 147 117 146 146 132 115 104 140 107 118 0 0 106 0 138 114 101 121 106 0 137 0 114 134 142 140 103 148 127 106 140 107 0 139 143 141 128 118 0 0 127 103 0 0 122 0 0 100 0 112 149 148 148 0 112 133
0 132 0 141 102 108 135 123 114 0 139 104 113 145 128 131 0 133 145 124 113 144 103 0 0 0 0 132 126 107 142 137 123 0 117 0 120 148 0 130 0 115 149 0 138 125 118 113 0 135 108 126 0 100 139 128 120 137 109 149 123 115 101 145 121 136 142 121 147 146 0 110 123 0 104 0 0 102 103 119 127 110 144 134 133 122 0 117 136 103 105 0 141 122 147 131 104 0 144 0 130 145 130 142 0 142 0 138 117 145 0 121 124 139 138 118 0 107 133 0 107 105 104 143 145 116 125 118 100 136 0 135 0 0
0 0 144 110 121 142 139 0 149 0 129 106 119 109 126 141 122 100 0 106 113 101 0 0 106 130 149 102 110 135 0 114 122 106 133 110 111 123 127 136 119 138 104 116 102 146 113 120 125 134 0 131 139 149 105 133 142 103 138 147 110 101 118 127 108 146 145 0 145 0 140 120 141 139 115 107 101 0 0 133 121 106 106 116 106 0 125 114 115 128 125 111 104 116 120 137 104 108 103 145 148 0 0 139 100 102 0 0 139 127 100 113 0 147 122 127 115 139 118 126 138 115 117 114 124 117 0 0 103 125 126 143 104
0 0 117 125 0 102 0 115 134 120 0 0 122 0 131 137 120 110 145 114 119 106 133 105 0 112 113 0 142 0 112 131 0 146 121 131 138 122 137 117 0 112 127 102 133 134 0 124 141 130 143 135 144 119 104 0 121 0 111 0 0 117 128 0 102 113 118 104 137 147 108 0 114 112 148 0 126 117 110 117 131 129 101 138 129 131 119 129 102 0 133 0 137 147 0 134 0 129 142 142 121 122 103 142 103 136 123 101 135 122 104 0 114 102 123 0 0 101 135 121 130 102 137 109 147 117 125 0 106 0 103 130
0 138 138 0 146 107 145 147 101 124 143 141 110 147 0 120 119 0 139 132 0 135 124 0 143 0 119 109 0 132 0 119 0 109 146 126 0 103 0 124 140 0 116 103 0 0 128 129 112 100 113 140 142 104 100 130 143 114 148 100 123 0 135 0 121 124 126 147 133 0 133 141 0 145 100 109 144 123 135 130 0 0 144 121 149 139 118 0 118 0 0 0 145 144 0 110 0 136 0 109 0 126 130 126 139 0 125 102 149 145 142 122 130 112 125 101 0 130 138 0 0 0 100 114 114 116 0 118 0 139 149
0 144 123 117 129 0 118 101 121 112 141 104 124 110 111 100 148 141 111 106 0 109 108 133 144 128 126 120 133 141 144 149 145 135 110 118 0 139 149 117 138 0 126 140 120 135 110 124 0 100 100 124 122 126 125 121 126 112 122 143 113 101 132 0 0 114 118 140 120 0 0 0 144 110 131 0 119 138 128 146 109 121 0 0 138 0 122 0 0 123 0 133 0 120 148 126 108 137 128 141 100 132 113 103 128 0 133 120 103 133 130 146 132 144 132 0 121 148 0 111 0 112 149 0 147 135 112 111 116 115
0 0 0 0 126 124 100 0 0 111 101 114 119 100 0 124 0 125 0 133 127 0 148 0 147 0 0 135 129 117 118 0 149 0 109 119 140 115 140 142 108 117 139 0 0 102 104 145 126 119 114 126 104 108 0 0 0 0 130 0 130 0 124 116 148 114 112 0 129 143 132 0 115 123 130 136 0 109 116 104 141 0 0 103 131 113 0 122 125 0 0 0 111 126 102 137 143 140 107 0 115 137 0 0 103 112 108 109 145 139 122 0 0 121 101 130 0 127 113 118 111 115 0 106 0 0 149 0 115
0 0 0 138 109 145 120 132 0 126 109 108 137 137 117 141 114 0 107 115 130 119 125 123 0 132 143 148 0 0 136 0 120 0 142 0 131 134 124 132 105 0 101 0 104 130 0 0 0 138 100 142 136 106 125 109 0 124 112 104 128 0 0 140 142 126 129 105 115 103 141 0 0 120 148 137 103 105 0 114 120 131 130 133 0 104 0 128 130 141 0 117 117 143 107 105 0 100 135 118 104 125 0 110 0 114 143 0 108 0 142 0 121 0 111 149 117 101 0 143 131 0 119 0 105 0 105 129
0 0 0 0 145 119 110 143 115 0 124 120 117 0 125 0 146 117 0 138 122 139 0 0 0 149 143 103 147 0 129 0 123 140 132 108 115 112 122 112 0 0 148 141 147 135 0 126 117 0 0 0 143 147 141 141 102 147 123 118 131 0 112 101 0 123 131 144 102 0 105 147 144 112 140 147 121 121 0 121 0 111 104 120 0 135 115 142 0 0 114 130 123 120 129 133 117 135 0 0 0 119 106 0 0 0 0 106 113 105 137 0 143 143 122 142 147 149 131 112 112 124 148 106 143 0 117
0 124 0 141 131 113 131 107 130 134 107 127 123 0 114 122 119 130 104 116 135 0 136 118 0 148 105 148 0 109 111 115 115 113 137 124 121 143 0 140 113 121 101 0 107 106 130 130 104 104 103 133 128 0 103 101 129 0 100 0 0 122 124 103 106 140 103 133 127 0 132 0 0 132 139 140 103 128 145 0 0 142 128 115 138 119 134 142 0 0 115 121 148 0 126 145 0 0 0 0 0 131 107 124 133 0 149 0 102 145 0 101 131 149 0 125 117 116 105 124 107 123 149 0 0 0
0 149 0 0 0 0 0 0 0 145 147 129 122 0 0 124 146 0 124 130 112 109 139 0 137 110 130 126 144 109 135 134 0 110 137 118 0 0 142 0 112 130 134 138 0 142 100 133 131 107 121 106 0 0 0 0 136 101 144 139 100 0 121 125 110 110 103 123 126 142 122 123 135 121 0 105 0 110 101 127 146 100 101 135 0 120 128 128 140 140 116 0 127 104 0 126 0 107 145 0 0 123 122 124 134 142 0 125 143 140 132 0 0 108 123 108 0 0 142 130 105 0 0 127 119
0 126 107 115 113 0 120 139 100 116 0 106 111 0 124 0 111 0 143 0 123 0 100 115 107 128 132 106 0 113 116 0 0 108 0 122 135 137 0 123 124 128 131 136 0 0 0 0 0 119 0 134 0 107 0 133 148 118 0 0 109 128 125 103 118 115 0 147 122 119 140 0 134 141 120 0 112 138 110 140 139 147 104 138 131 121 0 101 134 114 139 132 106 0 139 0 149 123 124 139 102 139 100 0 131 111 0 111 0 0 140 118 148 0 120 148 115 149 134 147 120 0 130 100
0 109 0 136 119 0 114 133 107 0 122 0 143 125 0 145 0 129 114 107 100 117 148 124 131 115 117 114 113 105 103 120 118 119 146 0 0 0 118 135 140 0 135 136 0 109 0 0 117 0 126 146 117 144 124 106 0 123 0 130 115 0 147 0 113 0 144 142 0 128 0 107 136 115 147 147 0 109 144 119 147 113 0 136 129 137 144 104 0 106 124 134 129 0 0 142 113 123 138 0 145 135 117 141 138 0 112 116 106 114 141 146 127 138 123 122 114 132 127 144 125 132 148
0 148 146 143 119 140 132 143 0 120 108 111 0 110 0 147 149 143 119 135 148 100 0 144 110 0 0 146 142 0 116 117 147 129 105 106 101 145 106 0 0 107 134 0 124 138 0 133 131 130 102 114 145 110 0 144 118 0 142 0 141 113 130 140 114 149 117 140 122 120 107 0 0 149 0 127 140 133 0 0 141 100 107 138 100 132 0 110 110 110 111 144 0 137 0 105 127 0 107 0 142 117 142 146 106 112 132 128 0 144 0 129 0 102 103 113 0 115 134 109 111 139
0 112 122 0 118 0 114 111 143 148 117 125 147 115 109 130 108 101 0 0 107 0 109 140 122 119 132 108 106 119 0 0 131 128 0 136 119 131 148 117 118 137 129 113 149 103 128 129 109 114 135 101 0 139 127 0 131 0 0 101 106 113 122 0 0 102 0 142 138 0 111 111 145 131 0 0 112 0 0 106 113 118 143 0 0 0 125 101 145 111 117 0 128 0 121 0 136 0 144 109 117 132 0 0 110 131 100 117 0 135 126 146 146 0 123 120 0 139 122 0 147
0 101 102 136 109 126 112 100 119 113 130 134 0 148 0 130 123 117 0 147 124 139 0 101 136 0 134 102 116 103 138 113 0 120 0 143 147 123 119 102 140 0 147 114 0 131 110 139 113 0 104 104 147 129 100 143 0 105 129 139 0 127 0 136 136 0 0 135 125 0 140 105 139 135 0 0 133 126 0 0 140 104 115 123 141 141 0 102 0 125 111 133 142 136 0 101 142 135 109 115 0 0 0 105 0 132 0 0 129 121 0 129 0 124 0 0 121 146 112 134
0 100 141 0 112 104 0 110 113 128 128 0 121 138 115 115 107 0 128 0 137 101 119 133 133 142 100 140 149 129 142 0 0 130 0 119 124 131 0 141 143 122 119 145 112 0 116 101 130 135 0 132 114 117 0 0 0 104 143 147 125 0 121 0 142 115 124 128 132 0 0 105 128 132 140 0 118 108 124 0 122 0 123 110 117 140 100 116 138 148 111 128 0 120 0 0 0 105 129 137 100 108 135 128 145 111 139 149 149 144 130 0 118 0 0 132 144 105 145
0 0 0 144 104 142 102 129 138 0 114 143 0 124 129 120 110 136 127 0 0 124 139 0 119 106 113 121 112 143 102 0 0 145 102 114 0 109 133 121 142 0 0 135 132 147 134 123 0 0 137 0 0 119 111 127 113 114 0 105 103 122 113 0 136 135 118 0 118 123 148 0 102 142 110 0 143 0 142 130 0 0 0 137 114 142 117 127 0 101 106 0 116 0 123 138 110 111 0 128 139 128 0 103 0 0 136 107 109 109 114 0 122 131 138 109 125 135
0 115 101 104 118 143 140 140 103 107 120 129 105 149 125 108 123 147 0 142 115 117 145 0 103 149 0 0 0 104 133 114 104 111 100 102 125 100 119 127 0 122 0 134 123 132 0 124 0 145 105 0 127 106 149 124 100 132 126 0 137 135 133 100 131 125 0 0 126 107 0 130 0 130 142 0 100 141 0 125 114 131 116 0 102 109 138 119 100 147 140 143 130 138 100 112 124 136 146 134 148 148 130 115 143 107 100 118 0 0 129 114 134 0 131 138 125
0 105 0 0 111 0 113 103 140 0 120 100 136 117 122 120 0 137 100 139 128 0 111 123 116 134 0 0 0 137 0 114 137 0 122 111 0 0 146 137 107 148 0 142 120 127 148 136 122 115 0 0 105 0 119 108 125 125 0 132 0 115 122 102 124 134 125 109 0 0 108 0 0 121 103 0 0 133 0 0 149 146 107 143 133 0 120 120 0 110 0 0 127 0 0 126 113 124 105 134 122 135 0 124 0 108 111 126 148 0 120 110 148 0 122 149
0 0 136 100 146 146 140 0 131 122 0 145 106 119 121 128 137 139 127 131 0 117 135 143 109 146 107 100 149 117 140 0 0 140 116 138 124 0 0 137 0 120 139 124 0 101 149 120 0 118 111 0 0 111 108 119 111 112 0 125 131 145 115 0 133 0 125 0 108 118 112 108 109 121 122 120 135 129 113 108 104 129 0 130 113 0 142 110 0 128 108 101 127 132 0 0 136 0 0 143 110 0 0 112 146 132 144 0 128 115 132 109 0 111 134
0 0 148 0 141 125 103 144 0 108 144 129 111 126 114 122 147 123 146 103 115 0 136 125 120 144 147 105 0 114 102 119 123 113 143 107 103 117 116 131 147 133 0 0 0 0 103 0 141 0 103 100 101 120 121 0 149 0 110 137 123 148 134 120 129 0 136 129 0 127 121 140 0 133 0 115 117 122 123 148 139 110 147 120 122 122 107 120 105 0 111 110 124 109 141 128 127 111 0 136 112 0 0 108 0 101 119 127 0 145 0 119 0 141
0 128 0 145 127 114 142 0 0 145 117 127 0 140 126 111 127 117 120 0 114 133 139 134 0 128 134 121 0 102 102 128 0 110 141 118 111 0 112 0 122 107 102 124 148 0 124 125 147 136 122 141 0 140 0 0 111 0 129 0 119 110 0 0 100 103 104 123 0 130 117 0 132 117 140 121 132 140 126 131 116 145 133 0 137 131 128 140 116 104 120 111 136 112 147 128 121 141 0 142 137 105 107 137 0 0 117 0 131 123 105 119 129
0 0 122 131 112 106 140 120 0 113 101 107 110 0 114 138 107 123 105 0 120 146 114 0 0 106 149 0 0 134 0 149 116 146 139 122 118 137 138 107 104 102 136 0 149 129 113 115 142 0 0 130 108 130 135 0 0 0 0 116 114 0 103 0 118 0 0 129 129 106 111 115 114 116 136 108 101 144 0 142 117 121 0 117 116 0 141 117 0 117 138 100 137 148 106 0 131 0 136 146 145 0 114 109 116 132 141 113 147 129 135 101
0 108 144 123 107 108 0 0 0 101 146 127 117 0 140 131 0 139 104 0 147 107 0 137 109 0 0 118 142 137 102 134 145 133 101 139 130 129 0 102 0 0 134 108 0 0 148 140 130 113 149 115 0 111 110 138 0 144 117 149 138 104 0 104 112 130 0 0 102 0 114 112 124 0 142 126 0 101 102 138 145 149 144 0 0 0 0 0 133 120 0 0 109 117 128 106 105 109 0 0 117 119 137 122 126 125 0 148 140 134 121
0 116 0 101 122 115 137 134 133 129 105 0 112 109 132 116 128 138 129 109 0 0 144 0 104 149 134 137 0 0 144 112 136 128 107 120 0 129 0 0 147 147 0 147 135 115 0 137 129 0 118 145 0 146 0 102 118 128 137 148 111 126 114 105 133 0 118 125 148 0 138 126 144 119 133 0 110 0 142 133 138 103 127 129 140 0 113 0 119 114 147 146 131 139 139 0 101 148 0 0 141 102 143 147 145 143 126 127 0 108
0 147 122 137 0 129 129 104 127 0 0 0 0 0 149 141 119 114 103 132 120 0 122 142 113 149 102 139 130 133 132 132 138 129 109 143 124 129 132 138 109 0 141 138 0 0 136 116 129 125 132 141 111 134 0 121 143 148 138 122 0 134 125 135 131 148 121 0 0 0 144 141 144 0 113 130 149 127 139 105 112 0 0 0 146 131 104 142 111 121 117 143 104 119 0 140 139 104 120 118 111 108 139 0 120 122 140 0 106
0 0 0 143 129 144 148 144 116 118 138 122 0 131 145 129 0 0 109 136 0 109 112 0 142 144 112 115 105 0 127 123 120 146 122 140 104 143 106 0 102 103 0 144 0 114 131 0 134 122 104 102 130 117 108 145 107 120 0 0 0 0 126 127 139 113 137 0 103 0 0 113 104 115 0 107 0 144 120 102 122 111 113 145 0 131 0 105 115 117 124 121 104 147 108 119 111 0 0 110 142 101 0 122 104 113 114 104
0 140 128 117 112 118 0 0 0 104 110 0 143 0 0 139 132 129 127 0 0 145 136 102 0 109 134 110 122 108 107 130 139 126 145 0 140 0 123 130 134 103 119 0 0 104 127 0 110 129 142 0 121 120 122 120 110 122 108 149 102 127 122 0 145 138 0 104 132 125 137 0 131 112 139 110 140 145 143 112 146 111 131 106 111 104 127 115 106 115 114 123 120 0 134 120 0 147 105 102 121 102 0 148 101 121 113
0 100 0 108 0 0 0 137 0 118 102 143 136 138 0 140 132 0 100 0 136 119 0 141 134 140 0 102 105 134 116 100 135 105 0 0 127 126 134 132 115 133 0 137 146 135 122 117 139 142 140 105 111 131 122 0 0 105 125 139 127 125 145 110 143 116 0 0 102 115 145 147 0 105 115 109 123 139 129 122 125 123 104 142 141 130 123 135 117 100 0 0 0 139 147 142 0 108 109 130 119 101 144 110 108 125
0 120 0 117 0 121 114 110 100 137 0 125 111 141 140 121 148 137 105 142 116 125 104 118 128 103 142 116 0 134 146 126 113 110 130 137 112 148 134 144 115 0 135 137 126 138 124 105 134 127 143 0 0 139 111 125 0 101 0 0 0 111 132 133 125 100 118 108 135 117 132 123 144 0 115 109 0 118 113 0 121 125 141 116 101 105 145 0 111 109 119 104 104 147 103 104 107 141 112 113 126 138 143 146 114
0 146 149 0 131 0 0 107 0 0 119 106 106 0 0 0 0 0 135 101 0 137 101 0 0 102 103 125 137 135 118 112 113 130 132 111 0 118 0 0 140 0 111 116 0 113 123 0 108 144 140 101 129 148 133 0 130 137 111 122 119 133 125 0 142 129 148 114 138 121 128 0 115 117 100 120 122 148 0 106 0 148 132 145 126 130 0 0 129 127 121 134 146 114 100 115 116 129 104 0 100 0 116 0
0 111 112 105 0 119 0 101 116 142 0 109 121 0 126 120 140 104 149 0 0 0 0 143 146 143 118 133 120 119 146 0 0 111 140 130 116 125 0 141 0 0 130 126 139 145 138 132 129 0 0 0 135 146 0 143 130 112 140 122 116 0 133 123 131 0 0 128 132 0 116 0 103 0 107 0 118 140 108 122 129 116 140 110 108 0 143 146 116 124 143 117 115 118 138 110 131 143 127 143 147 115 108
0 106 0 141 137 0 145 131 0 136 120 127 0 0 133 113 102 115 104 0 129 147 0 112 0 120 139 115 132 112 135 0 116 0 0 145 0 119 0 109 134 132 103 125 101 125 125 0 0 121 104 125 113 100 108 108 0 106 122 0 108 127 0 0 131 138 0 127 122 0 143 0 117 111 136 144 0 102 123 0 100 127 100 0 0 107 102 0 149 140 144 134 129 122 0 134 146 148 136 143 133 0
0 0 0 0 135 117 0 0 103 127 111 131 0 136 101 123 119 116 0 0 146 111 105 119 125 0 0 119 110 0 135 125 112 106 0 129 149 122 114 123 145 0 137 0 121 112 142 133 137 0 0 0 139 114 0 117 128 133 0 129 123 145 121 0 149 107 140 115 0 102 0 118 0 114 115 112 0 0 0 147 127 144 132 145 0 113 0 119 0 136 139 127 121 105 131 100 102 138 0 123 121
0 136 122 131 0 0 105 0 115 103 120 135 0 149 0 117 139 144 102 148 107 138 116 103 141 132 0 138 105 113 149 129 117 109 134 0 0 100 132 0 108 123 130 0 123 0 0 102 146 105 0 0 0 0 0 127 137 106 121 107 118 112 147 109 135 114 126 0 118 134 120 144 117 132 143 146 0 0 101 0 136 148 125 0 111 136 0 0 116 129 0 0 0 111 125 113 0 102 126 0
0 146 139 146 136 0 146 116 0 111 141 116 111 130 110 131 149 0 149 138 135 0 110 0 115 107 122 139 0 146 138 138 125 0 131 103 120 148 0 123 135 0 0 0 0 116 0 0 117 0 143 102 117 146 100 132 138 119 0 142 104 111 146 137 123 134 145 104 114 149 118 115 113 149 132 123 126 0 112 0 0 0 100 0 104 109 0 0 128 115 0 132 107 146 0 126 109 147 129
0 119 133 146 122 0 0 145 133 147 128 135 108 109 135 119 0 145 127 0 122 115 124 146 0 118 129 115 119 149 0 120 143 124 0 114 118 129 116 0 111 147 147 141 144 132 119 121 0 135 122 114 149 0 109 137 145 100 111 0 142 105 104 111 109 147 0 129 105 123 137 140 122 123 115 109 0 134 0 149 0 0 0 118 0 0 126 122 137 0 0 106 138 144 144 0 0 112
0 0 0 136 131 136 0 134 111 101 145 132 119 127 133 111 112 101 0 141 148 0 147 143 0 145 0 101 138 106 143 0 142 146 137 0 136 0 121 0 0 132 0 119 149 141 102 0 142 0 0 131 116 0 112 136 106 145 140 139 144 104 0 146 145 120 0 141 0 100 0 133 122 144 0 138 0 127 0 138 139 135 0 106 134 110 113 129 0 132 104 105 117 143 0 0 115
0 125 109 112 131 135 123 0 0 0 127 110 107 109 109 110 126 128 110 112 112 138 147 121 135 112 120 118 108 0 0 104 137 128 119 134 144 102 121 0 117 0 0 126 107 129 117 146 0 139 139 110 120 0 124 126 121 101 111 0 130 138 124 123 108 118 0 0 0 0 106 125 122 140 110 124 107 111 133 140 0 125 126 0 111 128 108 116 110 0 0 149 131 148 130 127
0 117 138 140 130 133 126 0 120 109 0 115 126 0 0 0 137 0 120 116 107 134 101 123 147 104 111 121 0 130 116 146 118 0 119 130 142 105 122 143 124 120 121 117 101 143 123 106 102 0 107 131 0 110 122 139 131 148 119 138 0 118 146 0 138 149 144 113 146 103 0 0 131 146 133 101 132 0 118 126 139 139 117 115 0 111 0 124 0 124 126 117 139 110 120
0 134 146 107 140 100 110 131 133 122 0 119 0 140 0 118 131 147 121 145 0 0 147 134 122 103 138 140 129 0 0 110 130 0 100 0 0 0 131 135 143 131 0 113 105 105 134 105 106 140 130 132 116 146 142 103 0 138 102 118 0 0 121 0 0 0 102 144 100 130 142 106 124 0 149 110 0 147 100 107 0 132 118 128 103 112 104 107 104 113 142 126 113 132
0 129 136 110 135 116 129 121 146 119 103 106 0 100 110 104 110 127 0 107 129 124 115 0 0 124 146 0 134 113 0 114 131 128 149 111 109 127 143 112 109 145 122 138 112 116 132 125 117 101 0 0 124 110 106 0 105 116 0 106 100 127 138 124 106 100 0 125 128 117 138 148 139 122 129 0 146 137 122 104 113 113 140 146 114 102 0 0 107 146 143 100 127
0 0 0 132 123 129 102 118 128 112 0 103 130 128 101 140 115 108 128 109 0 0 108 0 0 0 0 126 143 127 125 134 0 102 139 103 0 116 119 101 127 123 0 141 0 0 143 0 0 0 144 0 138 0 0 143 127 108 137 145 0 0 104 103 0 0 123 132 119 0 126 148 120 115 0 110 128 104 0 0 0 121 138 136 0 119 102 0 102 142 147 134
0 116 147 106 106 0 137 0 131 146 0 0 114 113 123 123 137 135 0 104 106 129 0 145 0 0 130 0 106 0 123 102 142 0 0 0 0 101 121 132 116 130 132 120 116 0 0 103 0 121 121 104 0 0 143 0 108 132 105 127 146 136 145 0 149 0 119 131 104 115 138 0 0 139 0 101 0 144 147 0 148 130 148 0 0 120 100 108 130 138 107
0 0 146 109 142 146 114 114 146 112 114 0 149 139 0 0 0 108 127 110 104 110 117 141 135 118 132 125 135 126 125 110 111 105 148 116 115 118 0 112 124 106 109 116 121 0 101 101 133 142 123 108 0 123 104 0 126 131 0 148 147 102 120 125 0 125 104 102 110 136 123 133 115 135 130 140 110 108 112 0 131 108 149 126 136 128 128 116 0 125
0 142 114 0 107 109 111 128 0 0 119 129 138 0 121 102 110 105 131 132 105 118 0 146 118 103 140 141 101 114 143 0 128 128 119 130 109 105 105 0 0 121 0 0 134 107 132 0 109 102 138 133 138 0 137 0 147 145 129 111 137 148 139 0 106 0 0 0 122 127 105 0 135 0 137 134 100 130 140 137 125 144 136 147 143 0 120 112 111
0 130 128 109 0 130 0 138 0 139 105 138 112 104 0 105 143 0 145 127 130 114 115 0 124 130 113 140 148 148 0 0 145 0 148 145 102 143 101 0 129 0 134 101 0 135 0 0 131 0 126 0 0 146 119 0 113 141 130 114 145 139 138 132 0 0 0 118 125 107 129 0 136 149 108 121 0 147 105 105 132 135 108 128 0 147 134 0
0 141 124 0 121 104 108 148 117 0 127 130 130 129 136 0 0 142 135 123 112 0 103 0 122 137 132 127 123 138 0 0 0 123 117 118 139 113 116 0 140 0 138 107 0 109 0 107 104 120 121 140 118 101 114 102 134 126 127 114 147 0 140 125 143 119 139 141 143 123 130 122 116 0 0 110 133 129 0 104 0 128 142 109 102 134 140
0 132 107 101 109 123 114 144 0 122 0 0 121 0 121 0 119 0 0 100 119 103 142 116 0 118 105 119 0 100 0 138 110 134 123 0 0 107 0 137 0 110 0 132 0 108 134 125 105 0 104 142 143 102 108 104 0 142 134 0 127 132 118 134 140 116 132 149 118 141 0 0 0 114 125 0 0 0 142 105 104 0 138 101 0 0
0 131 132 103 0 122 0 139 102 140 107 137 123 106 117 136 145 0 0 118 137 117 115 118 147 115 148 107 136 0 138 137 0 118 0 108 0 0 146 133 117 120 101 145 142 127 119 109 101 132 111 103 123 120 139 135 118 124 143 112 140 122 0 111 0 127 119 0 148 104 122 0 0 109 105 0 115 148 0 145 148 109 0 0 104
0 112 116 145 145 124 103 140 0 132 139 104 100 145 102 134 124 111 116 0 139 128 130 128 0 124 133 147 121 107 148 146 109 144 0 144 0 0 100 105 0 132 119 110 103 146 130 103 0 148 0 131 101 145 123 124 0 122 114 0 105 104 100 102 136 124 134 110 133 103 124 121 100 107 100 146 125 142 147 129 134 136 0 146
0 112 109 146 115 123 0 102 114 101 126 100 138 122 114 136 123 119 113 115 110 114 0 137 126 146 132 127 0 108 112 135 145 0 115 103 103 119 109 109 0 0 0 112 116 105 0 134 126 0 0 125 0 113 0 112 137 136 107 0 102 0 0 108 0 0 0 0 0 0 102 0 149 143 137 0 0 110 105 115 136 0 149
0 107 135 0 140 105 115 0 113 0 120 110 135 0 137 133 129 107 0 145 125 105 0 0 125 146 0 109 103 0 0 140 148 0 136 0 124 0 143 121 125 123 103 0 0 149 110 119 132 114 0 129 128 109 141 0 104 0 134 140 0 149 146 106 0 144 132 0 130 113 147 148 0 127 111 143 0 147 122 124 115 116
0 102 137 127 125 134 125 112 0 100 122 131 106 111 120 0 149 0 0 104 0 117 120 110 125 0 121 139 117 0 108 0 142 133 100 0 119 106 102 0 121 114 133 137 138 0 144 149 114 137 0 0 0 125 119 149 143 103 114 145 132 100 126 127 130 121 143 104 0 135 149 139 144 123 116 0 123 0 124 112 114
0 149 120 114 107 149 148 117 147 131 124 114 0 0 145 0 120 108 138 148 143 0 0 0 117 108 108 110 141 130 124 139 145 107 135 0 149 137 139 0 140 141 146 0 0 137 142 134 0 108 126 107 107 0 122 0 113 112 0 106 0 0 137 123 124 141 0 130 102 102 138 0 121 128 0 125 0 0 107 0
0 131 107 130 140 143 141 0 111 142 130 0 105 102 143 0 0 108 114 123 149 121 132 117 0 133 100 129 138 0 120 139 146 100 143 104 148 0 136 139 133 0 127 111 0 105 145 109 145 116 0 113 140 112 112 149 123 132 111 121 0 118 142 0 0 100 129 114 126 143 145 119 107 139 126 0 136 0 144
0 138 103 0 108 136 114 0 0 144 126 107 0 133 0 0 122 122 0 141 130 110 117 128 117 120 112 133 124 144 0 133 0 133 129 0 106 132 131 117 0 143 125 116 147 138 0 123 101 119 0 118 131 0 103 148 131 116 114 139 0 0 145 146 0 134 0 138 140 126 126 142 142 0 136 139 134 131
0 123 136 0 131 143 114 0 130 0 0 127 0 129 122 107 135 111 146 0 0 119 129 0 103 124 124 110 104 109 0 131 0 117 0 135 139 115 103 127 137 0 134 123 131 115 0 0 131 110 0 128 138 129 123 125 103 0 125 147 124 108 0 138 116 141 134 121 138 111 127 0 128 121 143 146 142
0 139 104 134 107 0 127 0 122 140 135 118 128 129 0 0 104 106 136 0 101 100 130 136 137 111 146 114 128 111 0 125 0 103 0 129 134 131 124 0 137 144 136 111 139 113 139 0 143 104 106 118 142 114 0 104 0 0 100 147 127 0 139 122 0 114 0 103 0 120 108 144 143 0 128 0
0 131 141 0 108 112 0 134 101 0 123 107 121 133 100 122 137 110 149 113 145 113 100 128 0 122 143 107 0 107 124 134 0 149 124 143 140 146 0 120 126 0 122 123 0 121 105 111 138 0 106 143 132 0 0 117 146 149 140 114 0 113 144 145 105 105 108 144 139 130 0 0 127 0 0
0 136 0 102 107 0 133 125 141 130 123 0 111 0 121 140 110 0 146 0 0 140 139 105 116 100 119 130 109 128 122 0 137 0 0 120 144 119 108 130 0 108 0 0 130 0 140 108 109 0 140 0 138 111 114 107 104 149 0 123 0 124 148 134 110 121 109 111 146 138 112 138 0 138
0 124 101 101 0 132 108 111 130 118 135 122 0 0 140 135 0 121 123 131 145 0 144 102 127 145 131 0 121 145 129 139 0 123 131 122 147 0 0 136 109 107 148 120 124 116 103 0 138 0 119 118 100 117 0 0 0 118 129 0 103 100 133 114 110 109 108 0 0 121 140 139 132
0 0 0 104 0 0 149 127 119 139 105 111 0 0 102 0 0 102 135 103 114 0 0 0 131 0 107 0 104 120 147 0 0 108 124 115 135 107 134 118 104 108 110 0 0 131 0 100 149 127 110 131 0 147 108 0 130 137 105 116 136 141 143 123 0 140 145 100 0 0 0 102
0 0 136 106 0 140 116 0 0 0 0 149 0 115 0 123 0 0 0 110 130 103 139 108 0 110 0 0 147 136 124 130 109 0 107 148 121 0 139 102 124 113 120 138 118 118 145 118 119 149 0 131 102 144 124 0 103 102 115 117 110 128 138 132 142 112 121 0 128 0 134
0 139 129 0 0 0 105 0 130 0 145 136 0 109 115 149 134 143 0 0 0 102 124 106 110 0 0 0 142 110 105 0 0 149 118 104 132 118 105 131 105 120 103 129 112 138 120 119 132 0 0 0 122 120 143 116 126 143 129 116 115 0 107 119 101 115 114 0 126 0
0 0 109 112 146 0 0 101 118 0 127 131 114 101 0 149 0 126 132 118 141 0 0 144 125 116 144 0 113 143 138 0 0 137 116 134 0 108 0 142 127 108 139 0 0 0 102 118 0 119 0 147 0 133 136 111 108 109 135 149 127 129 125 137 121 135 126 0 0
0 132 0 0 0 130 103 135 121 140 0 101 123 0 127 124 0 122 114 102 133 109 111 0 126 146 149 129 133 101 0 129 148 149 121 128 101 0 105 140 121 0 0 0 0 0 0 0 0 142 0 139 124 137 107 0 120 123 101 110 141 106 112 134 131 112 107 0
0 109 0 0 131 101 132 108 124 111 147 115 145 0 132 0 121 111 114 0 116 0 118 106 0 148 0 146 140 122 0 103 0 123 127 0 123 149 0 118 135 135 143 138 125 0 136 122 135 130 132 129 105 0 0 104 0 111 0 128 142 126 142 120 0 125 141
0 136 108 0 112 109 0 0 0 0 101 0 149 0 144 127 108 115 106 134 134 149 123 138 136 144 0 146 142 120 142 149 119 139 0 140 119 105 129 125 0 129 130 132 139 0 126 0 114 0 146 144 102 0 0 111 0 143 0 116 141 148 113 109 105 139
0 124 142 0 0 123 0 0 110 101 129 116 136 134 102 109 113 119 145 0 133 111 141 0 143 108 120 0 100 0 0 131 145 0 0 114 141 0 0 142 122 132 0 107 0 126 121 134 113 128 0 0 112 106 123 118 144 134 145 0 146 131 0 106 135
0 119 133 130 130 141 108 145 0 0 148 121 135 0 0 131 138 113 136 110 102 125 105 144 111 132 132 148 0 126 120 136 0 142 103 128 146 104 114 0 135 113 131 136 141 0 113 0 148 134 0 146 0 131 124 103 144 118 126 148 115 0 113 108
0 114 149 141 105 149 0 135 124 130 0 125 117 111 109 143 104 140 0 146 0 129 141 113 0 121 0 0 145 0 136 128 100 146 0 0 0 120 0 0 121 0 119 136 142 117 0 137 129 115 107 108 114 144 130 134 103 146 0 101 133 0 0
0 142 148 143 115 131 118 108 0 121 131 0 0 118 139 126 125 0 118 116 0 0 115 136 147 0 0 127 102 0 105 101 138 120 0 122 132 137 0 0 141 0 112 100 139 100 0 0 128 133 106 0 145 114 135 108 0 112 0 144 131 141
0 0 0 105 133 118 0 106 131 0 0 104 100 138 0 141 108 0 146 131 0 131 109 112 139 128 0 117 131 126 139 0 109 137 124 136 144 111 0 147 113 121 146 147 100 0 102 144 110 139 109 135 0 0 111 121 100 0 115 117 117
0 149 131 119 143 122 100 130 144 133 0 141 130 0 115 147 146 0 120 146 148 0 0 137 110 111 131 110 132 131 113 113 0 137 147 125 0 140 0 0 109 137 106 122 133 108 146 105 118 110 104 0 139 100 100 104 137 0 108 102
0 0 106 0 118 119 121 121 131 116 0 0 106 135 122 141 0 142 102 0 142 112 107 132 137 0 148 139 132 114 132 127 101 123 118 137 147 141 106 140 0 127 148 113 127 0 114 138 112 143 137 113 0 132 134 0 113 108 0
0 0 0 137 0 103 143 0 116 0 145 147 107 0 0 0 100 0 0 117 123 107 0 146 110 103 123 102 109 116 133 0 140 104 149 100 111 122 112 116 120 142 103 139 0 139 125 117 134 143 0 135 101 134 124 128 0 102
0 126 124 140 106 113 108 117 0 143 114 104 132 139 123 149 105 0 108 106 119 107 130 146 133 111 121 140 121 137 141 124 129 141 0 0 114 148 145 0 102 110 0 0 131 144 0 0 143 133 123 123 147 119 105 149 106
0 119 118 104 0 130 139 101 133 127 116 111 117 0 112 101 107 128 125 108 0 132 123 0 129 122 145 141 134 129 0 112 148 102 122 0 147 0 0 111 0 0 0 100 0 146 126 120 124 0 127 124 0 103 119 0
0 129 120 129 103 0 147 111 110 110 0 0 0 117 110 132 121 133 147 0 104 108 0 144 144 142 110 101 128 137 143 145 139 142 124 109 0 0 0 0 115 106 146 133 141 113 0 148 149 126 127 0 124 134 104
0 148 138 0 109 0 127 0 136 137 103 126 131 0 119 0 148 131 104 112 0 138 122 141 140 127 114 144 106 124 136 135 123 120 139 0 123 132 0 146 119 122 106 0 142 108 149 122 122 139 137 0 140 108
0 137 115 134 0 0 0 132 113 119 0 121 0 0 134 0 110 143 115 0 139 0 122 110 103 138 148 117 0 139 120 130 123 139 143 135 116 100 148 122 131 138 112 105 146 128 137 130 105 137 133 100 121
0 0 109 110 129 147 0 0 132 118 112 107 134 0 132 0 0 0 126 144 0 135 115 120 125 145 115 134 0 115 105 135 148 124 0 0 0 0 115 119 0 115 121 0 0 0 111 102 116 0 105 101
0 114 111 113 0 0 132 0 116 139 137 0 144 108 0 0 146 127 143 106 148 0 119 0 108 114 120 0 111 140 117 133 114 0 0 145 134 144 0 0 0 122 0 116 106 125 149 136 115 110 110
0 0 122 126 104 121 124 0 141 128 0 103 0 119 0 0 0 123 121 140 111 105 104 124 104 0 101 144 121 136 139 0 140 122 145 0 139 132 0 128 104 104 132 125 0 147 128 122 134 115
0 133 0 126 123 110 0 129 142 140 101 138 115 0 104 0 143 146 116 0 138 0 149 103 110 101 126 144 100 0 147 0 0 132 108 0 0 103 138 115 0 102 139 147 130 110 105 113 0
0 144 125 148 116 114 0 113 126 105 136 115 0 118 119 109 121 114 0 0 0 149 0 111 101 123 0 125 136 127 0 140 0 146 147 142 125 0 0 118 135 0 104 120 140 122 0 135
0 148 112 105 0 102 0 0 148 0 136 103 122 0 121 142 119 0 133 0 123 137 116 134 132 124 115 128 148 0 0 142 103 140 136 0 129 142 0 0 0 132 0 109 141 122 121
0 138 0 141 109 146 137 108 110 0 0 0 121 105 142 0 0 141 0 0 127 147 131 115 122 110 142 0 0 113 131 128 0 138 130 0 102 0 134 118 0 0 132 116 142 0
0 125 111 119 140 142 130 120 137 103 147 111 146 139 111 138 0 127 0 0 0 117 113 126 118 123 0 135 0 102 121 144 100 115 0 124 148 0 118 0 148 0 108 143 104
0 0 0 139 122 0 107 138 129 132 0 121 115 113 129 109 0 129 120 126 0 133 129 121 103 137 124 130 139 111 119 133 136 0 0 0 105 0 123 129 101 143 0 141
0 116 133 0 147 145 111 149 0 100 0 0 101 0 146 0 140 0 143 132 0 144 100 125 0 148 113 125 108 140 118 141 145 105 109 0 0 131 118 106 0 0 126
0 140 116 142 116 0 144 0 111 129 134 0 111 0 124 116 112 130 117 132 100 125 128 130 122 129 0 110 114 144 0 127 0 0 125 148 146 103 148 103 138 117
0 110 122 105 110 103 120 136 105 0 113 146 0 118 112 132 127 130 112 144 0 111 147 129 120 116 141 130 0 0 146 104 104 0 140 132 117 129 114 130 0
0 123 128 119 132 109 0 121 100 101 142 130 142 118 127 131 104 146 132 137 122 0 119 0 122 149 146 148 0 126 0 138 0 0 128 119 111 102 122 0
0 126 124 129 129 148 149 0 136 130 133 111 0 109 124 105 104 139 112 0 0 144 0 127 108 147 148 110 111 0 0 108 137 134 126 119 0 0 0
0 0 100 138 122 0 101 134 122 0 128 116 116 115 118 0 124 130 101 0 125 0 104 0 0 106 0 0 113 0 142 112 124 117 124 123 131 141
0 0 0 113 0 109 135 121 146 117 0 140 148 124 115 109 0 0 0 111 113 138 138 123 137 118 0 130 107 114 0 128 143 110 0 132 0
0 0 102 0 0 109 130 135 0 0 0 122 147 119 135 108 0 0 134 0 103 130 149 145 0 139 117 114 122 104 101 113 0 104 144 102
0 0 148 144 140 143 124 132 129 144 145 126 109 119 0 111 0 0 104 113 146 131 117 119 114 122 125 0 149 141 0 124 116 125 0
0 106 129 0 108 0 110 117 0 105 0 146 143 0 112 149 142 0 0 113 134 123 130 117 138 140 120 138 134 140 138 114 0 115
0 124 123 134 148 122 0 124 0 135 136 103 136 0 133 149 140 116 0 0 0 143 103 111 0 111 118 138 0 122 0 132 127
0 115 0 145 103 133 101 131 141 110 116 105 0 100 116 110 133 125 105 129 142 107 143 119 0 127 0 142 130 0 0 127
0 131 148 131 128 142 120 0 0 112 149 0 0 100 125 139 114 0 142 0 140 106 0 101 103 106 101 122 0 114 115
0 120 132 114 113 114 126 135 121 0 117 144 0 0 121 0 121 112 121 0 0 147 112 0 133 101 110 106 0 106
0 0 139 0 115 0 0 100 0 104 0 107 143 0 0 118 124 0 113 0 147 0 111 0 0 0 149 103 133
0 134 109 0 129 140 0 0 110 102 111 130 136 116 0 137 111 126 139 131 121 120 105 123 0 0 129 134
0 147 101 149 141 142 143 131 130 0 0 126 101 149 125 135 115 0 140 0 112 146 0 102 119 112 115
0 0 0 126 146 0 137 144 132 127 134 136 0 137 135 118 136 146 142 0 118 0 0 135 124 126
0 102 124 109 139 126 130 0 127 122 0 116 149 121 125 103 0 130 102 113 111 0 133 101 114
0 128 131 138 0 117 104 0 0 138 129 119 135 115 120 0 138 102 124 121 105 110 148 139
0 125 148 0 0 115 0 118 105 135 117 0 108 117 135 130 126 0 108 146 0 141 0
0 113 117 132 0 143 0 144 118 0 101 113 103 138 109 115 145 0 141 0 128 125
0 126 123 104 108 111 0 104 102 0 119 121 0 103 0 102 114 0 0 105 0
0 134 124 141 129 110 135 0 0 135 131 146 102 0 0 100 122 127 0 120
0 0 0 120 124 0 129 138 134 123 0 0 142 145 131 0 0 123 109
0 130 143 103 100 128 0 0 147 115 121 123 137 149 148 119 0 142
0 138 122 130 129 101 0 110 144 117 102 0 118 102 138 0 132
0 105 148 119 146 114 121 149 139 143 130 102 108 0 141 123
0 106 119 105 0 144 123 144 0 111 131 116 105 126 149
0 127 149 126 106 115 0 124 136 101 145 106 100 112
0 136 132 148 119 110 136 137 125 117 115 146 140
0 145 0 119 112 0 146 123 144 101 0 126
0 119 128 107 0 109 149 0 138 124 109
0 110 0 139 101 0 109 131 106 120
0 0 123 0 0 0 121 119 146
0 139 122 104 147 0 140 131
0 0 128 101 0 109 117
0 0 0 0 110 137
0 136 0 114 113
0 146 118 121
0 0 142
0 144
0
0
25734
121 149 115 142 116 113 142 121 127 119 120 119 115 112 113 102 140 129 105 103 111 146 104 139 112 111 124 122 103 146 118 137 111 129 137 139 119 136 124 115 137 135 111 126 112 104 132 114 140 102 106 106 130 142 108 145 104 148 144 135 103 105 141 103 127 132 136 135 115 106 129 107 138 100 115 112 111 131 107 139 133 111 142 132 124 149 122 105 109 110 140 101 141 112 141 105 141 128 138 130 125 148 144 106 123 121 130 134 110 118 112 105 138 135 127 128 141 117 134 144 126 148 110 139 107 130 112 123 147 130 133 107 110 145 106 129 105 112 133 142 104 132 116 109 135 119 133 132 110 139 112 120 143 100 125 145 120 119 104 115 137 121 132 100 105 116 128 145 115 100 131 135 126 115 111 110 108 115 138 123 139 128 109 139 121 110 126 123 116 124 143 121 120 144 136 123 124 149 102 143 111 147 141 121 138 104 126 118 109 123 121 121 107 115 127 101 147 127 149 127 103 124 113 133 122 140 140 108 141 135 140 109 130 105 101 145 131 103 115 122 115 137 126 130 111 108 100 117 130 119 144 131 146 102 148 128 101 108 125 124 118 120 108 115 120 149 133 111 100 138 144 109 117 124 142 105 111 124 129 110 117 102 117 138 109 108 129 133 115 119 126 135 142 115 107 104 119 128 126 118 136 105 143 124 134 116 133 134 148 128 137 103 134 103 138 111 125 129 108 147 121 125 113 132 122 136 122 136 120 102 100 140 100 138 126 128 133 139 131 122 145 143 122 113 109 120 120 133 142 103 123 101 131 115 122 132 107 136 106 112 104 149 102 100 121 120 116 103 109 122 147 116 125 100 127 123 135 132 138 105 125 147 129 132 136 115 149 135 123 106 103 145 104 101 127 125 134 105 138 137 122 119 136 101 100 127 144 149 142 113 139 147 132 141 104 114 131 104 104 115 139 108 128 129 118 119 128 101 108 138 109 135 144 138 108 132 102 123 134 103 130 133 116 127 124 105 112 104 121 136 131 102 147 114 135 118 133 103 145 122 112 139 144 126 132 129 143 114 130 142 119 144 111 126 118 100 109 124 113 111 149 119 109 139 139 114 113 139 146 122 127 139 127 104 137 142 118 120 115 134 123 132 148 148 149 130 145 141 137 116 130 146 123 130 146 106 117 119 126 139 133 133 107 146 108 114 117 118 128 101 128 111 147 118 149 126 107 103 108 144 145 127 131 140 100 100 129 111 149 145 138 127 148 107 131 125 147 130 127 140 147 139 115 136 148 132 129 105 113 148 106 102 128 123 144 124 141 107 142 127 131 128 129 143 133 111 134 121 131 143 147 119 125 133 106 143 100 118 142 114 142 137 148 121 116 142 122 149 116 104 111 146 112 147 126 140 121 130 109 111 100 139 130 141 129 131 145 148 121 115 134 147 124 130 124 115 126 140 132 132 126 106 136 101 125 121 100 149 140 115 128 146 122 124 129 118 100 124 115 124 147 122 131 140 145 117 110 109 125 101 142 127 146 109 106 103 111 102 149 130 108 134 148 148 142 135 136 105 144 107 146 121 105 115 142 141 116 121 132 102 107 116 116 143 107 126 124 106 144 132 149 104 135 131 120 101 134 140 112 113 136 101 106 108 116 106 134 122 109 144 101 111 103 142 116 137 106 136 105 110 105 109 144 135 147 114 131 117 116 146
