750
296 306 215 284 142 167 163 106 202 248 193 235 288 146 216 213 161 153 161 138 215 292 260 158 125 221 180 256 150 214 290 164 121 118 304 106 185 215 143 231 172 150 281 124 111 244 286 211 210 263 144 146 283 125 105 113 164 203 284 244 278 241 259 305 240 137 254 295 206 266 132 306 117 220 91 175 167 252 173 153 116 284 130 198 178 229 241 123 177 120 244 125 288 227 299 236 154 120 179 102 201 275 196 306 204 252 156 159 174 282 263 239 125 258 233 98 202 250 275 144 252 204 272 170 311 157 117 191 306 222 117 178 221 224 105 154 248 220 117 274 201 179 122 213 182 222 286 170 135 274 158 274 198 144 176 242 178 100 323 225 226 255 189 213 267 201 94 273 259 168 220 119 193 270 239 199 256 199 131 228 169 282 224 132 240 134 145 181 99 149 125 228 202 196 163 224 258 182 211 123 180 142 289 250 141 126 154 212 211 117 140 120 105 204 221 270 220 134 170 250 206 211 284 217 212 95 232 201 208 165 218 194 272 128 143 293 154 220 142 162 126 197 123 141 149 122 258 144 94 231 136 227 291 277 288 289 213 103 226 184 233 109 161 192 267 238 169 105 206 260 260 119 156 112 296 127 228 267 206 166 145 249 171 127 140 259 187 280 198 147 239 167 189 264 299 276 136 281 206 199 320 274 250 230 262 170 254 115 139 265 183 281 229 108 127 103 260 136 222 104 147 266 183 152 78 217 239 214 135 114 295 273 187 201 227 211 107 91 203 256 160 242 302 263 112 93 294 171 234 110 182 174 181 148 162 191 211 264 270 171 223 91 298 114 102 198 163 146 219 312 336 267 293 242 83 211 261 251 140 256 276 171 125 194 287 226 264 121 105 196 269 188 164 107 196 172 279 260 300 267 251 196 304 325 113 223 197 273 175 220 204 250 242 303 195 161 108 200 170 217 302 131 166 101 116 232 217 295 223 298 193 166 307 245 133 174 214 137 176 136 212 298 229 194 125 121 273 217 264 130 194 237 184 206 112 224 167 309 283 181 119 195 195 252 185 148 331 161 121 143 293 288 176 147 149 120 217 141 107 289 280 149 156 286 252 114 279 216 233 162 149 240 185 251 161 279 266 163 173 266 139 273 251 191 128 192 152 161 160 320 155 125 120 109 221 99 123 294 150 143 221 173 234 216 105 169 259 226 139 166 165 162 149 148 220 126 255 104 229 163 269 259 178 271 128 159 269 156 146 143 297 104 175 99 192 314 199 166 216 265 289 274 124 275 224 135 104 270 265 241 176 182 165 278 164 273 132 225 221 272 217 245 193 107 208 233 114 154 309 283 254 260 187 258 268 147 232 215 175 108 167 280 197 204 222 298 246 181 220 235 245 268 211 219 137 113 214 142 170 180 121 95 138 268 121 272 307 277 190 156 189 269 233 243 253 120 140 284 147 113 256 247 201 154 167 140 336 285 198 209 262 199 169 150 294 167 266 278 233 285 283 135 135 219 254 91 163 143 117 153 134 207 292 183 196 195 189 93 206 292 155 279 174 247 175 264 196 195 249 199 145 164 178 191 158 244 260 124 255 209 299 89 100 108 250 147 322 321 283 258 109 95 182 219 261 171 235 182 146 117 181 236 183 192 182 267 136 169 173 251 274 241 170 147 161 136 315 204 176 103 110 250 246 306 222 186 302 97 287 97
0 135 0 0 0 0 250 111 142 0 0 131 0 0 0 254 0 158 208 176 0 0 0 0 0 0 0 0 0 291 0 0 240 178 224 0 0 0 150 231 0 0 0 0 0 0 0 0 183 105 0 231 0 0 0 0 269 153 0 0 268 0 234 162 0 163 234 0 296 0 120 254 135 302 0 202 221 111 193 217 0 0 0 229 0 0 0 171 0 213 245 0 0 0 265 0 0 226 198 0 153 145 144 0 267 0 184 0 168 0 228 314 0 253 0 260 100 298 0 114 0 0 0 210 0 259 151 222 156 187 0 0 203 95 0 254 0 0 0 0 282 0 0 0 117 0 244 113 100 0 0 0 0 0 165 288 0 213 140 0 205 256 285 0 306 0 0 155 0 262 238 249 146 0 0 0 0 206 190 0 111 145 0 101 154 0 0 0 0 0 0 0 0 0 0 0 0 185 219 222 203 182 234 0 0 222 0 0 0 0 233 225 0 259 0 0 0 0 0 0 248 0 233 128 291 0 241 0 0 0 0 164 0 0 111 0 0 198 188 0 251 0 0 0 135 0 208 238 143 0 0 246 199 0 120 174 97 0 0 214 0 130 0 236 0 202 189 0 274 0 265 0 212 147 167 133 0 0 111 270 230 0 0 184 224 111 0 196 281 0 260 0 286 109 190 213 0 0 119 273 290 152 275 237 178 0 199 0 0 0 157 0 234 0 288 0 176 237 0 212 232 141 213 0 0 230 135 0 0 258 0 0 123 0 107 222 216 165 166 0 283 0 255 0 245 106 232 170 0 193 0 303 227 0 129 260 231 0 258 0 0 264 186 0 0 225 0 180 0 137 0 170 0 162 0 155 0 0 224 0 0 289 0 253 0 0 109 0 0 0 151 117 0 0 0 0 177 235 263 0 0 0 208 0 0 108 174 201 0 0 0 142 0 0 211 176 0 0 221 0 0 0 277 260 128 289 0 0 0 0 138 0 224 0 285 0 0 0 115 259 199 242 109 0 263 105 110 0 172 0 0 0 0 0 188 0 0 0 0 296 0 0 0 0 282 196 0 0 282 246 0 0 0 104 155 0 141 142 285 0 0 110 282 210 0 260 268 0 0 261 0 107 132 0 0 285 150 307 0 0 185 0 0 221 239 0 0 186 0 0 0 221 221 225 116 0 247 0 150 141 250 178 137 109 176 277 261 0 0 179 162 0 166 234 0 0 111 132 264 0 210 0 247 159 0 0 0 187 157 261 0 0 217 279 0 152 187 0 154 0 228 206 96 0 0 222 0 0 0 208 0 248 0 0 222 0 0 0 200 0 0 177 264 271 0 0 125 229 253 98 0 0 303 112 144 0 220 0 0 199 246 174 132 236 203 0 258 0 0 0 0 203 286 0 0 0 0 175 175 0 0 0 0 0 0 0 273 0 0 0 251 0 100 290 250 167 0 181 228 269 0 0 152 0 244 0 0 151 0 226 227 190 291 156 110 0 0 0 0 0 0 0 224 93 0 0 227 107 0 202 178 0 108 198 0 0 193 141 111 237 0 287 220 119 0 183 0 251 118 216 122 0 310 225 0 0 231 202 0 0 0 0 163 199 0 158 235 215 0 215 0 0 221 0 0 0 306 252 0 0 0 0 123 167 187 0 0 191 0 143 0 299 0 118 0 0 269 126 232 0 0 0 0 0 266 167 207 0 0 0
0 195 142 237 194 0 0 0 0 171 0 249 153 0 287 222 0 284 213 159 103 160 252 0 122 109 0 0 216 236 0 0 200 0 0 235 0 0 0 0 0 182 0 0 0 165 257 0 0 281 238 244 143 106 0 0 0 0 0 222 157 99 236 0 0 227 123 0 0 144 0 107 106 115 126 0 187 0 0 261 143 0 0 256 0 239 0 249 0 213 0 0 0 0 226 178 111 262 0 114 192 0 0 0 128 254 0 136 272 101 0 0 0 0 222 159 0 271 106 272 251 0 0 0 0 275 165 0 173 0 0 238 0 0 0 0 120 0 214 0 270 237 0 0 210 0 107 271 293 0 0 127 242 0 153 270 151 111 0 237 0 148 276 0 214 177 200 0 0 148 147 143 0 0 264 0 0 241 229 0 0 0 272 118 185 214 0 0 0 287 0 0 0 0 103 308 0 136 275 155 259 223 206 0 166 213 266 172 0 0 167 0 181 223 256 0 179 273 247 102 226 0 300 0 108 139 162 0 0 129 205 0 0 0 0 162 0 0 265 110 245 0 120 204 0 0 242 145 176 298 218 180 250 263 284 273 0 312 269 135 147 269 0 225 0 0 0 118 139 246 0 270 0 293 232 218 110 228 0 232 0 0 270 0 250 175 119 0 0 0 232 0 0 261 262 106 0 263 243 0 227 246 0 0 290 0 200 287 209 0 118 149 258 0 0 180 0 0 280 0 0 0 198 237 165 0 0 0 0 0 0 0 282 0 110 280 0 187 299 0 277 177 206 0 215 0 217 0 157 0 138 0 0 117 302 0 0 235 0 0 0 0 283 266 102 109 143 190 0 243 176 0 101 0 256 0 263 108 0 293 0 0 113 0 0 0 239 118 0 0 271 0 247 125 0 0 0 0 243 268 169 180 249 0 0 0 0 280 147 177 0 181 0 215 0 0 198 156 0 169 0 179 267 0 0 0 110 0 0 0 131 119 0 257 0 0 0 255 147 161 128 243 0 170 0 0 0 130 275 169 0 241 0 0 200 280 231 150 0 0 0 269 258 124 202 0 100 0 111 0 185 243 105 0 0 264 237 0 0 0 0 277 0 117 125 0 0 0 194 0 108 152 197 0 108 0 137 0 0 222 0 191 131 0 0 269 0 218 0 223 189 0 139 231 0 217 0 221 0 0 239 0 0 174 0 184 193 0 138 0 225 284 249 0 155 206 268 0 146 219 0 132 228 294 0 0 0 254 277 0 263 289 0 0 0 0 109 0 122 0 0 170 189 204 0 268 0 239 237 271 0 0 176 0 291 208 0 0 0 0 233 300 0 301 0 302 139 0 0 254 177 0 174 0 0 256 0 157 0 0 0 166 123 0 0 198 0 0 0 245 0 0 276 0 172 0 0 0 0 180 0 261 0 293 186 0 0 250 0 0 243 0 276 0 142 0 261 0 189 0 0 0 239 280 0 288 0 198 0 279 112 0 0 0 268 132 0 182 272 265 0 110 219 0 144 0 203 224 0 0 260 0 0 0 0 283 174 207 199 185 271 0 0 259 226 0 238 195 194 95 0 0 0 221 0 0 201 252 286 208 190 224 0 206 0 0 139 0 0 140 0 0 0 0 297 240 0 288 227 0 0 0 0 0 0 0 210 242 0 0 213 226 0 0 142 0 161 119 239 0 0 295 116 0 304 225 247 0 0
0 0 278 259 143 0 197 0 200 0 189 0 168 217 167 0 0 249 171 146 0 231 224 284 0 252 0 0 0 0 110 191 0 0 0 0 252 101 0 204 237 261 99 0 0 0 0 0 0 144 0 206 0 0 0 0 132 153 259 0 220 0 0 283 0 0 211 0 267 220 215 262 0 0 287 213 234 0 0 191 0 0 284 131 0 238 0 175 237 235 0 0 0 143 0 243 0 172 188 0 0 158 273 0 265 136 0 224 232 0 234 198 106 0 146 0 146 178 0 270 123 159 0 0 0 0 0 186 0 0 0 0 0 0 162 127 278 275 203 0 0 0 0 0 130 0 0 142 279 269 0 169 0 0 255 122 278 238 257 102 224 163 0 0 0 185 0 0 103 0 0 180 270 278 183 148 0 0 0 116 165 0 0 0 228 278 110 0 286 174 187 0 162 0 0 0 0 172 224 0 299 0 186 0 0 0 0 312 0 187 0 0 188 219 232 0 255 0 0 0 194 0 232 0 0 0 152 160 0 136 114 0 111 0 0 169 119 289 0 179 0 151 288 192 0 309 281 264 0 171 254 147 0 0 197 298 0 0 0 0 204 170 0 135 224 0 0 0 155 202 0 0 206 0 0 0 0 127 277 138 0 203 0 137 183 0 0 0 0 0 0 0 0 0 126 0 0 255 0 156 0 169 0 209 140 0 0 0 179 0 0 0 98 265 117 109 0 262 248 113 0 182 239 128 266 247 0 0 232 0 0 0 156 254 0 0 273 130 0 0 138 0 0 108 0 0 252 0 233 125 136 0 0 151 275 190 0 259 233 0 126 252 133 289 0 194 0 165 0 258 0 102 0 0 273 0 225 0 196 242 137 210 0 0 198 0 226 108 0 171 0 168 234 206 277 178 232 126 0 0 119 196 165 279 112 0 0 0 197 286 253 298 0 149 0 225 172 0 197 0 0 0 0 0 0 130 203 192 0 0 167 0 0 0 0 0 135 116 235 157 0 244 282 125 0 0 106 223 0 0 0 146 260 230 169 0 170 169 0 0 113 0 0 0 286 0 213 0 0 0 0 0 109 128 268 0 0 0 242 0 0 0 155 155 0 0 214 291 117 0 0 0 171 0 0 0 0 0 205 0 0 0 0 192 261 0 188 221 0 280 0 102 0 0 0 109 113 246 127 205 315 0 259 166 0 0 0 133 297 0 222 0 0 250 0 0 106 253 0 0 0 0 287 127 0 0 147 108 0 191 0 163 0 0 0 0 214 0 220 202 205 134 0 174 0 155 0 147 110 162 110 179 155 113 0 120 308 269 286 0 0 170 194 203 0 0 246 0 198 218 0 133 172 275 246 281 0 0 252 215 0 119 0 301 0 0 119 172 0 190 0 0 0 112 154 0 0 0 0 0 0 247 0 0 0 136 134 196 0 0 0 166 0 0 158 0 0 190 0 174 138 0 134 147 274 233 122 0 0 178 0 255 218 241 263 0 165 189 160 0 0 0 0 0 176 207 294 0 106 171 0 0 176 0 0 163 0 249 249 0 0 0 0 109 0 0 0 0 0 0 0 0 164 0 212 228 199 160 0 207 0 0 209 205 234 0 204 253 0 0 284 214 289 160 229 126 151 129 0 0 0 214 108 0 0 0 0 204 0 255 0 142 133 178 0 210 0 0 154 150 0 0 0 158 0 0 191 0
0 0 208 0 0 0 0 216 0 0 0 207 293 151 0 0 0 0 0 223 0 0 0 0 165 0 167 0 0 166 0 0 0 213 0 0 109 212 223 0 185 288 0 299 0 0 205 0 107 294 173 282 0 0 0 191 0 0 160 0 215 195 0 132 0 0 0 174 0 0 0 0 0 205 159 265 0 0 0 226 0 0 0 287 144 287 184 284 0 0 0 221 0 255 0 0 0 0 0 0 0 0 0 0 0 256 270 206 291 103 235 256 0 0 0 0 0 0 121 219 0 289 0 0 0 0 174 180 277 0 275 0 0 110 267 0 0 0 194 196 135 0 0 128 0 238 0 261 0 152 0 0 0 169 206 0 104 174 0 295 0 198 0 252 0 261 176 272 282 0 228 0 0 223 208 0 0 205 259 267 0 0 0 227 200 276 263 208 0 0 0 104 0 249 0 248 0 0 0 0 0 172 0 0 283 260 272 221 297 216 0 0 217 219 0 0 0 204 192 224 121 251 0 0 163 0 286 0 0 268 0 0 203 0 0 262 0 0 0 250 261 0 0 130 272 0 0 0 0 0 0 0 0 0 248 262 132 126 257 116 0 301 113 0 0 187 0 215 0 0 143 111 0 0 230 0 0 0 0 0 173 246 105 0 157 218 281 0 0 0 283 229 261 0 283 149 191 180 294 183 0 0 110 109 0 0 148 0 107 0 0 289 0 0 281 172 270 0 0 282 0 175 168 216 0 228 127 0 259 238 0 116 162 0 286 237 248 0 300 0 162 0 100 0 0 0 0 222 121 279 149 133 0 143 0 199 216 0 250 179 200 0 0 224 0 183 239 288 0 0 0 273 242 170 0 0 0 0 115 0 242 0 286 0 180 162 264 163 197 210 0 0 0 0 166 0 0 0 127 161 0 143 0 102 0 0 226 116 287 131 104 0 0 200 243 0 248 204 0 0 242 229 0 133 0 0 0 163 0 0 0 0 0 0 0 235 0 120 162 145 0 237 0 0 0 262 0 0 0 0 141 0 208 0 0 106 0 0 279 211 286 0 0 110 152 106 0 0 196 148 175 0 203 131 229 0 103 153 234 157 0 0 207 0 200 0 239 0 125 150 0 220 126 0 0 0 0 0 0 0 188 132 241 243 0 206 0 0 0 0 0 0 0 221 0 0 0 0 0 217 0 131 149 0 201 106 103 0 0 0 197 246 0 0 0 198 152 0 0 0 0 147 148 0 189 182 0 201 0 108 130 0 0 244 0 155 0 190 0 0 242 0 0 284 0 225 0 0 0 0 159 220 0 219 144 151 0 0 0 0 0 0 131 0 0 0 274 0 0 0 207 114 0 0 0 235 206 196 214 129 0 110 238 97 0 0 99 0 260 0 175 222 0 0 254 0 230 261 0 286 246 129 0 0 192 0 159 306 98 244 0 0 0 141 130 111 278 187 0 193 0 181 281 0 0 0 246 283 0 210 108 233 0 0 194 0 169 209 0 190 264 0 230 152 0 0 96 0 0 0 173 0 0 128 0 0 204 0 283 0 0 0 0 0 0 126 0 177 239 167 235 0 0 0 291 137 289 255 0 278 0 0 217 221 0 0 0 247 0 143 0 0 0 0 208 0 166 137 0 0 291 239 0 168 196 0 290 278 0 0 217 233 0 145 246 272 108 0 111 206 0 158 0 261 0 0 0
0 149 0 212 0 258 0 0 0 0 0 0 0 0 0 0 220 157 0 288 270 204 113 0 218 279 172 106 0 238 126 277 0 0 103 0 0 0 230 0 0 105 0 180 0 216 0 226 0 276 276 190 304 0 0 0 0 232 0 0 218 0 0 0 0 279 271 116 0 102 0 0 296 183 244 0 207 0 296 0 250 0 188 0 0 0 118 0 113 212 224 0 0 0 0 277 0 0 107 148 293 138 0 273 0 167 0 252 0 241 145 0 0 114 276 0 0 0 0 287 273 0 113 0 219 0 0 0 0 278 278 0 0 0 175 215 0 0 0 0 189 0 162 213 166 139 0 0 0 145 266 0 0 188 183 0 0 303 0 288 0 105 216 245 246 272 0 154 0 154 0 295 238 304 205 0 168 242 103 0 166 0 0 0 148 0 160 0 135 0 0 0 0 299 123 208 131 232 0 0 178 0 148 0 278 0 252 0 0 0 114 226 0 0 0 0 0 193 0 0 0 240 0 279 0 0 224 314 136 0 224 0 0 0 152 158 291 143 0 0 111 0 0 0 125 0 99 181 124 0 111 0 0 233 204 0 0 0 0 0 0 0 165 0 0 189 0 308 0 255 127 204 0 164 186 0 97 109 0 0 222 0 0 0 114 299 0 188 107 222 0 0 301 0 112 128 0 0 185 250 303 111 228 203 166 201 0 0 146 0 250 0 201 101 0 0 171 0 280 107 0 0 0 0 0 178 0 0 160 220 0 221 218 0 0 269 253 0 0 0 98 286 174 0 263 0 0 308 188 151 110 0 228 243 123 0 0 0 115 0 223 125 233 0 0 0 268 0 0 147 152 302 0 155 95 0 0 285 230 0 161 268 222 0 202 0 0 270 182 118 277 217 182 225 196 281 0 270 272 180 180 0 233 0 0 0 96 0 250 0 0 0 108 0 0 0 0 205 125 285 193 265 148 0 219 0 202 270 0 0 0 0 101 0 198 210 0 0 121 187 188 0 0 186 0 0 0 0 0 0 177 256 0 141 0 0 0 0 232 0 0 0 265 0 0 108 0 120 0 0 214 110 0 249 194 290 0 0 0 269 162 0 109 0 0 124 0 0 277 107 226 0 130 0 100 161 271 294 0 0 230 0 164 0 131 0 0 0 0 162 0 0 254 235 0 0 146 0 236 159 0 0 159 107 275 228 289 0 111 0 0 0 274 0 182 116 128 0 0 281 242 112 0 0 192 167 229 0 273 208 107 0 0 0 0 0 0 0 102 209 180 0 159 247 0 276 210 0 202 174 187 272 0 112 0 0 0 273 227 0 142 0 151 208 116 0 108 282 0 143 0 287 253 107 208 122 0 0 250 257 0 246 147 0 0 0 189 0 203 266 220 223 281 0 0 0 252 0 238 0 110 0 149 211 176 0 0 0 198 0 0 221 132 0 0 0 214 0 130 288 179 222 188 0 0 0 162 157 170 261 0 0 282 0 0 169 0 0 297 128 0 154 0 271 206 0 0 264 0 132 0 306 276 280 130 155 168 0 271 0 142 0 0 305 173 186 0 265 152 209 146 0 0 0 103 0 0 0 164 227 0 189 0 211 0 0 0 147 109 0 0 0 118 0 296 0 242 0 0 179 208 0 0 186 0 0 173 281 106 162 218 0 163 0 0 0 243 0 0 0 126 241 0 0 247 0
0 0 305 174 316 0 247 185 0 0 166 0 0 0 0 0 0 158 105 157 0 251 0 0 0 0 0 212 0 164 0 0 167 250 0 195 186 0 110 261 251 176 0 310 179 159 0 128 180 236 0 175 0 0 136 0 263 210 0 193 0 0 0 0 250 0 0 0 0 148 0 132 194 133 0 0 199 286 205 259 0 0 0 0 0 0 0 0 0 0 0 0 147 0 197 0 256 163 187 273 300 0 154 111 202 200 0 159 131 252 150 286 151 235 107 170 0 0 244 0 276 228 295 267 0 200 0 0 226 116 0 204 0 207 272 220 0 0 0 109 0 255 0 0 0 0 0 0 0 0 0 182 0 0 0 158 0 216 153 0 0 0 217 0 130 0 218 0 246 0 0 145 0 0 154 0 0 0 0 0 219 179 0 202 102 0 0 265 196 274 0 197 0 0 0 0 130 108 0 0 94 128 118 160 259 0 0 115 0 166 0 0 176 0 0 189 0 180 0 0 159 0 191 151 0 171 154 0 0 156 134 0 243 196 255 0 0 260 303 249 275 0 235 178 0 152 124 128 269 0 253 0 96 0 237 166 0 0 0 0 133 0 123 0 130 114 108 119 192 0 0 305 247 245 0 0 0 151 154 95 0 180 0 0 0 0 0 146 0 0 0 304 0 191 0 0 0 0 0 0 197 0 261 269 210 101 0 0 0 0 0 208 271 0 0 262 0 0 276 284 0 107 0 0 297 131 149 183 0 215 0 0 101 0 0 0 0 237 0 253 0 186 162 0 210 237 0 0 0 0 0 0 273 0 0 0 0 301 0 226 296 301 243 161 0 0 0 0 246 236 130 201 0 0 0 132 238 171 0 0 0 0 147 122 0 285 0 174 0 0 133 269 0 0 120 221 281 104 0 0 0 249 290 217 0 133 0 0 126 270 142 182 0 0 0 0 0 202 0 0 235 0 151 0 273 0 0 0 0 0 173 0 0 0 0 192 0 246 197 151 0 240 211 252 0 236 0 0 0 268 266 0 0 242 272 0 177 197 102 211 168 0 197 0 0 0 219 225 0 175 0 163 0 176 0 148 0 253 163 0 252 0 0 212 174 0 0 161 114 217 0 183 283 269 280 0 155 207 100 205 165 0 236 133 0 217 0 0 0 0 169 265 0 303 0 216 0 152 271 287 0 214 0 0 0 0 0 0 0 0 148 0 0 249 303 301 0 0 0 307 0 156 260 0 200 0 0 145 0 0 0 0 0 0 0 0 0 0 0 0 0 0 0 0 0 250 0 0 0 0 0 304 0 0 200 252 228 0 275 0 0 238 0 0 218 147 254 211 0 117 0 287 138 0 0 187 140 0 0 254 131 0 0 0 0 160 214 291 0 164 225 145 239 223 0 0 0 0 104 0 170 0 0 124 218 232 0 0 0 97 0 167 0 177 183 284 189 120 135 0 283 240 0 0 203 0 147 0 172 0 0 143 0 101 198 0 0 0 0 182 159 146 0 0 255 0 0 170 0 0 0 161 265 0 253 235 0 0 231 0 187 192 153 0 294 0 0 0 0 0 0 0 0 0 0 0 291 258 150 0 0 117 172 0 0 137 152 0 129 124 0 242 224 209 161 109 0 0 0 0 144 193 187 178 147 0 301 141 139 136 0 240 0 118 271 219 0 211 0 267 0 0 271 109 0
0 0 114 0 0 0 297 0 197 112 0 0 207 158 0 0 0 180 0 0 0 191 108 0 288 279 0 177 0 180 0 253 230 0 0 0 0 113 234 0 0 0 0 0 264 249 0 122 285 224 0 0 0 261 0 279 259 270 135 0 213 263 261 100 250 295 257 136 107 0 0 231 0 112 273 0 136 195 0 0 279 254 242 145 0 128 129 0 0 0 0 274 125 210 0 232 236 0 0 134 0 270 0 195 246 297 0 261 112 0 0 0 123 309 0 0 109 221 0 0 0 0 187 270 0 151 0 191 250 0 0 272 178 267 0 104 239 0 0 0 0 0 94 0 214 0 0 134 173 262 0 167 200 183 182 0 0 213 0 185 0 0 138 312 202 0 130 0 231 0 0 268 112 0 0 0 132 167 0 203 0 0 0 0 179 0 0 270 224 129 0 0 0 148 0 0 118 113 0 0 166 0 242 131 0 108 147 255 276 283 0 0 0 183 258 0 0 144 209 184 270 146 0 256 105 0 0 0 0 311 0 132 0 0 0 0 121 0 0 226 0 115 0 244 0 0 126 0 0 0 240 125 0 0 235 129 0 289 123 0 0 0 0 0 189 0 0 155 165 0 0 0 279 0 173 0 0 0 150 0 244 285 179 280 0 222 0 0 164 103 134 118 104 252 0 0 0 208 0 0 159 117 159 0 0 0 202 0 0 0 0 0 0 0 0 0 168 307 208 0 206 117 286 0 234 0 149 298 0 0 0 283 271 207 0 0 0 229 298 0 0 0 209 0 0 169 0 281 284 0 0 0 296 0 0 188 0 104 0 160 0 0 231 147 202 0 0 0 0 0 0 0 0 208 0 190 224 195 158 0 97 0 0 0 0 0 0 273 218 142 99 292 0 0 245 278 0 198 0 116 0 220 0 0 232 0 140 0 0 229 111 245 0 0 146 132 0 136 149 139 0 0 103 260 155 148 234 204 122 0 262 151 164 135 162 0 0 221 120 194 0 217 0 270 170 157 0 0 247 0 239 0 0 125 0 280 267 0 178 0 0 0 223 0 117 0 0 114 218 211 274 0 173 111 0 121 0 159 199 0 0 0 270 0 198 0 0 188 218 0 0 152 0 188 211 171 157 0 0 221 304 107 0 161 0 119 227 202 105 278 0 0 249 203 0 276 0 264 0 0 0 0 215 0 0 224 0 309 0 284 0 146 197 129 0 0 166 0 277 228 111 0 201 0 218 155 0 0 0 223 163 0 0 0 0 0 239 268 202 0 0 216 0 165 98 0 0 227 181 0 279 0 131 0 0 133 278 284 0 244 0 0 0 0 0 220 0 166 254 180 277 0 214 184 0 178 0 0 293 140 0 0 208 283 108 0 200 165 0 190 0 264 0 232 238 278 287 0 0 180 0 0 140 162 0 0 160 256 250 293 0 0 0 288 261 0 0 0 128 0 0 0 156 0 0 0 237 237 263 0 0 0 0 183 269 0 275 189 0 108 233 0 204 197 0 0 108 0 105 0 201 0 234 0 117 132 272 0 0 0 0 221 106 225 0 0 143 193 0 277 192 133 0 156 197 0 255 0 0 172 143 247 251 0 0 246 241 0 0 268 150 0 0 294 243 0 0 0 173 220 301 199 0 0 119 0 0 0 129 211 0 291 0 0 0 282 0 238 286 232 0 0 141 0
0 0 0 0 0 196 0 275 0 0 0 215 0 238 0 219 0 0 180 110 123 0 0 133 143 0 292 123 0 125 235 200 0 0 0 0 220 0 235 160 0 0 0 0 0 119 209 0 0 0 0 0 309 0 0 0 0 260 0 0 0 218 0 0 147 140 0 0 224 275 0 0 0 0 214 0 245 0 0 0 0 0 0 0 0 272 263 0 158 0 124 115 126 202 0 141 0 116 111 234 0 0 275 263 153 0 297 239 249 241 229 0 156 0 0 0 0 211 0 0 0 0 0 276 0 118 0 218 0 226 270 0 0 0 107 194 210 242 121 0 0 0 0 264 219 217 0 140 265 168 0 197 0 301 0 158 168 0 0 0 0 0 137 0 0 289 169 124 174 0 0 222 0 0 184 196 180 298 190 0 0 0 0 0 0 0 135 183 291 253 158 0 0 0 131 194 0 283 308 216 0 0 98 0 0 0 0 158 0 0 158 0 0 0 0 185 292 0 212 243 314 135 181 0 0 0 252 195 195 0 206 188 0 101 0 0 114 0 0 138 0 0 0 162 0 0 0 0 0 117 0 198 194 151 0 192 0 190 0 0 104 258 291 0 155 0 174 115 0 0 0 190 0 0 0 155 0 0 0 0 0 0 190 185 196 0 0 141 0 0 117 265 200 117 150 0 145 213 277 0 208 227 0 0 99 174 0 0 201 216 193 0 0 251 0 0 0 218 0 183 258 0 243 0 237 207 0 228 0 0 0 0 135 131 107 0 0 0 221 121 0 0 0 113 238 258 196 0 161 250 176 219 0 0 0 171 142 301 0 202 193 0 294 0 0 0 190 176 0 0 274 0 131 0 0 130 238 0 147 118 163 123 205 0 282 191 0 0 0 289 0 112 0 129 218 0 99 143 245 0 0 116 0 267 273 100 0 142 230 0 265 215 278 0 143 0 274 0 0 119 0 114 205 117 137 119 205 0 256 0 0 241 0 0 0 0 252 292 0 136 0 165 132 0 120 141 0 0 0 0 192 201 0 226 0 198 0 0 0 0 257 0 214 0 0 175 0 0 193 114 0 272 0 0 0 120 120 0 290 0 261 0 168 0 298 271 0 0 255 190 0 0 151 134 0 231 0 243 0 0 255 106 0 0 0 0 101 144 0 237 0 0 0 0 0 115 0 0 0 218 198 283 0 0 0 0 268 0 0 0 190 0 241 0 181 101 0 0 0 211 108 0 0 155 130 0 0 0 0 223 153 0 0 0 0 104 142 0 223 299 0 145 0 0 0 158 198 212 0 114 0 158 306 0 0 0 211 0 113 0 0 0 0 223 247 207 0 232 249 0 108 296 128 190 294 266 231 0 0 0 254 114 257 121 0 146 282 119 0 0 196 0 0 0 108 273 252 279 273 269 0 0 243 0 145 103 0 251 211 150 0 0 249 150 0 0 204 220 0 0 245 0 216 0 0 155 0 0 185 101 109 0 107 167 0 110 0 0 114 112 134 181 223 141 0 0 140 0 153 285 158 171 106 155 0 0 185 0 205 0 0 0 0 0 129 282 236 171 204 0 240 0 242 0 0 0 0 218 0 180 0 119 0 245 0 0 102 0 0 253 0 0 234 0 202 0 260 158 0 177 0 0 131 0 183 0 0 0 0 187 243 298 195 157 0 241 166 109 248 215 0 296 0
0 270 0 0 0 223 240 0 0 0 0 0 175 235 0 267 0 0 0 0 165 0 166 295 0 0 146 276 0 108 221 0 239 173 0 0 0 0 0 102 164 263 260 0 220 210 0 159 285 0 0 278 176 0 0 0 0 141 205 216 183 117 0 0 0 0 0 0 256 0 221 0 175 183 0 0 0 0 0 0 0 0 124 187 0 0 0 0 258 0 0 148 281 0 0 199 0 0 122 0 0 125 0 0 0 264 0 0 114 136 126 205 0 211 122 0 0 281 174 0 0 0 0 155 0 0 151 0 0 0 0 0 104 181 0 0 195 0 192 110 0 0 280 215 0 0 261 0 162 130 0 115 261 288 296 0 273 0 0 302 197 0 201 0 0 251 284 177 0 199 0 199 0 214 300 216 289 0 0 0 221 0 164 253 0 0 0 0 0 0 0 156 198 0 0 0 0 0 0 0 250 208 136 264 0 0 0 131 273 0 210 143 0 0 161 0 0 0 145 112 0 201 300 235 256 0 0 0 127 283 0 181 0 295 212 0 255 0 0 0 157 0 231 166 0 0 218 0 0 0 140 111 174 0 106 127 0 244 0 174 0 0 0 306 0 0 170 0 144 157 0 0 0 119 0 215 114 268 0 99 0 292 169 0 104 0 0 0 278 0 0 0 0 184 147 0 253 229 0 273 220 0 131 0 0 173 0 0 218 240 0 0 0 113 121 189 119 0 0 193 0 267 0 276 117 239 193 0 295 242 103 234 227 0 0 0 121 166 0 0 250 235 177 174 0 0 0 228 203 0 0 0 0 0 0 109 0 159 133 0 0 296 258 0 222 0 0 189 0 0 0 101 0 0 0 236 0 0 0 312 0 0 0 0 267 0 0 0 0 266 162 0 0 258 231 0 282 217 0 202 201 159 0 0 0 0 240 0 0 0 206 266 235 171 0 0 159 214 154 107 248 0 0 248 0 0 0 0 130 0 281 0 161 143 0 127 0 0 141 230 186 178 295 206 203 216 0 0 0 0 0 0 0 0 117 162 0 172 163 217 208 214 298 160 167 225 0 198 0 107 0 0 0 264 276 0 0 207 0 0 0 0 133 0 0 0 0 0 180 0 0 273 142 0 123 285 0 0 0 105 289 257 167 0 0 0 0 225 0 215 0 0 240 0 0 0 172 0 262 274 271 0 166 184 0 217 0 173 266 0 0 0 0 266 213 259 240 139 199 0 0 0 0 258 0 118 0 209 0 210 0 0 100 130 136 260 203 274 281 0 0 0 107 106 240 171 243 0 178 235 109 161 0 151 117 264 311 236 113 179 0 0 0 193 247 242 110 167 215 0 0 0 0 235 0 203 120 0 0 141 0 0 0 0 0 0 0 287 163 149 121 108 276 201 0 117 222 259 0 0 211 150 211 0 191 156 97 146 122 0 0 0 228 0 107 192 219 0 145 199 0 117 0 0 290 0 0 0 0 120 122 0 0 169 0 135 202 250 0 0 0 0 276 230 0 312 245 0 0 0 0 0 265 121 106 215 0 147 212 215 0 0 130 0 222 0 138 0 0 0 0 107 131 0 0 0 190 0 130 0 0 0 0 144 0 0 0 155 0 0 107 0 181 124 170 0 0 267 121 141 0 0 0 0 128 210 194 0 0 0 0 273 168 196 251 0 0 301 0 289 243 0
0 162 228 0 284 0 0 0 123 0 273 0 278 0 171 0 0 0 0 0 130 0 272 0 203 0 0 0 0 0 0 96 204 0 0 192 223 0 142 0 182 142 0 201 0 191 0 248 209 0 0 286 255 0 0 133 0 0 0 0 0 232 0 0 247 266 121 0 0 157 0 0 125 0 222 127 163 171 0 161 197 0 0 0 157 0 0 166 136 239 0 0 0 130 0 0 297 163 0 258 153 0 294 0 303 0 0 118 0 0 272 162 0 0 0 0 0 184 0 124 213 0 0 166 144 0 0 147 183 287 185 108 162 187 144 147 0 170 121 0 0 0 211 254 0 0 303 204 208 233 266 0 199 145 145 196 0 0 171 113 160 0 0 0 162 292 0 242 135 238 0 0 149 166 0 0 236 208 181 0 165 292 260 0 174 275 0 0 0 0 0 0 0 165 215 0 0 221 0 152 0 0 0 0 0 0 161 0 113 0 126 252 0 0 285 0 156 110 289 0 146 108 0 0 257 175 0 132 0 121 0 0 193 170 0 114 249 0 0 127 0 0 151 204 110 168 0 0 235 0 138 0 269 0 0 0 240 280 0 0 259 183 0 149 0 0 217 0 0 0 260 146 165 254 144 0 0 0 0 171 0 0 252 275 117 188 0 199 0 150 0 0 258 0 0 173 0 0 193 0 110 270 265 254 234 294 213 178 0 0 125 239 0 119 145 0 219 274 135 265 0 0 0 268 0 0 242 0 172 0 287 0 277 0 0 0 209 0 124 0 116 115 0 0 179 290 0 257 0 0 0 193 0 247 146 296 128 0 184 0 176 193 112 0 271 148 0 0 0 208 0 0 295 109 0 285 0 142 189 0 151 272 121 190 175 0 0 0 254 216 309 0 0 157 306 256 115 0 154 0 0 111 156 0 0 274 247 0 272 0 264 285 0 0 0 206 201 0 0 0 147 212 298 0 204 289 0 0 121 0 281 0 0 116 0 168 288 198 0 0 0 0 224 196 258 0 0 235 0 0 0 0 145 0 176 169 0 0 121 0 229 0 0 0 235 156 0 238 0 0 228 0 182 137 0 129 0 248 0 264 138 0 0 0 167 0 0 0 281 0 0 0 166 198 0 0 0 125 0 203 263 99 252 0 108 119 0 145 0 146 0 0 0 0 0 92 157 0 0 146 0 0 0 0 0 104 0 267 0 176 137 171 245 157 0 0 114 0 0 0 0 168 288 0 0 0 192 0 0 0 0 0 226 281 0 207 163 155 161 0 183 0 0 0 0 0 0 0 239 0 304 0 164 155 271 234 239 0 0 0 236 0 194 0 254 0 254 0 211 191 0 237 0 0 108 125 0 160 0 222 122 0 152 223 190 122 161 242 0 269 0 157 291 270 244 170 138 0 0 194 0 0 315 0 0 120 0 131 0 0 0 170 0 111 178 279 0 0 218 228 213 155 0 0 220 0 0 0 223 212 278 236 169 241 133 0 113 0 0 161 0 0 133 176 0 291 141 129 241 107 0 220 236 238 0 0 0 0 0 0 0 119 200 0 0 0 0 203 0 0 283 276 0 139 0 163 178 211 196 297 246 0 302 276 0 222 268 224 0 102 178 0 132 243 0 266 0 0 0 236 0 0 146 0 0 0 0 0 266 253 0 0 0 143 228 220 0 0 0 199 0
0 233 101 0 0 0 242 0 0 0 0 135 0 235 0 302 265 0 283 0 130 0 243 0 106 142 0 0 0 0 0 163 310 142 259 0 106 0 123 0 0 143 174 282 0 114 187 177 139 276 105 160 125 243 0 0 100 0 125 237 273 0 193 265 257 0 136 113 0 130 0 186 0 270 146 0 0 0 115 0 243 101 300 0 0 0 189 0 266 0 0 165 172 0 0 0 0 0 146 278 0 218 237 108 0 276 0 176 242 243 212 279 0 121 144 115 0 0 179 125 0 285 158 0 101 0 105 218 0 180 0 245 0 0 0 134 173 292 0 0 0 0 260 178 0 217 0 0 211 0 93 0 160 121 308 0 0 293 0 113 107 236 0 0 268 236 0 289 0 0 0 0 0 0 246 160 0 0 0 0 190 198 151 0 0 0 0 0 0 107 284 0 0 0 136 133 0 184 0 125 205 201 0 0 237 0 0 0 0 0 0 270 264 251 212 0 191 160 0 271 0 0 256 0 177 167 230 0 0 262 173 0 0 0 0 0 133 0 208 214 245 103 0 0 0 139 0 0 0 0 0 278 0 0 125 0 298 0 0 0 0 295 194 204 212 0 216 0 0 0 0 0 259 0 0 133 0 0 0 140 0 0 227 0 0 244 0 187 0 294 284 0 0 128 0 0 256 173 169 160 221 0 249 246 0 0 0 0 273 0 0 128 233 175 293 137 0 0 0 0 272 195 0 235 0 0 131 261 195 178 175 0 0 0 294 262 282 0 115 124 268 0 0 124 234 116 183 0 178 148 0 0 0 0 223 0 0 0 0 0 0 0 0 0 0 0 0 0 208 104 132 161 0 217 150 201 0 270 143 0 211 0 171 144 261 0 0 0 121 237 231 0 0 239 99 234 244 0 0 156 0 211 104 170 111 178 202 0 0 0 156 151 117 105 118 0 104 220 0 0 163 141 0 109 0 0 308 300 0 261 92 0 0 281 0 317 0 0 0 241 164 0 0 314 185 0 0 0 0 0 210 169 0 154 0 276 298 0 0 258 183 221 0 0 0 164 0 0 281 135 206 0 0 0 128 0 0 285 268 0 246 293 0 0 156 305 116 0 0 0 0 111 0 0 127 269 0 0 225 126 0 0 207 0 0 0 274 283 129 250 0 134 186 0 114 0 0 267 0 278 0 276 0 213 0 0 248 246 179 0 0 174 209 231 0 0 0 0 0 0 0 187 218 175 0 127 227 263 269 180 0 181 167 0 0 0 0 0 256 0 130 171 205 0 176 166 300 0 277 139 243 251 0 144 110 284 0 274 0 0 113 0 273 149 109 0 125 0 266 226 185 0 275 0 212 0 0 266 0 276 145 0 124 0 248 229 143 114 113 129 298 278 213 0 0 0 0 200 0 0 148 0 124 189 102 0 119 211 293 191 0 0 0 257 0 0 296 143 0 174 133 115 0 0 233 242 0 172 0 0 0 0 0 0 0 138 0 0 267 0 270 0 159 0 0 0 0 0 126 141 140 201 299 0 172 150 283 0 0 0 0 0 0 224 0 0 126 0 290 0 93 163 0 0 0 191 242 0 235 0 0 197 176 229 0 0 229 103 0 215 157 0 0 0 0 118 0 0 118 0 171 207 0 0 183 0 0 236 187 281 0 261 115 267 0 267 180 0 0 0
0 0 160 111 188 0 0 0 0 0 0 292 289 0 0 0 125 0 0 0 155 227 0 0 298 111 231 238 0 272 190 232 152 0 132 265 154 239 0 0 0 0 0 0 288 157 242 236 287 0 0 181 128 181 134 0 285 265 113 0 303 269 0 150 0 294 0 0 151 155 235 229 0 280 0 0 132 272 0 0 0 152 262 297 0 0 0 0 283 160 273 227 0 161 0 177 0 0 231 121 95 0 237 271 145 165 0 0 0 230 0 0 0 187 0 301 297 0 149 264 172 0 0 314 199 105 0 0 132 0 0 0 0 0 255 0 0 135 218 251 126 129 258 186 0 0 0 0 173 0 0 0 0 0 0 172 227 223 170 0 0 273 243 0 166 0 0 146 0 0 0 0 0 198 0 162 0 0 0 0 172 286 0 273 0 0 283 0 0 233 0 132 0 231 193 169 0 294 0 263 0 0 0 0 0 0 0 274 0 0 200 0 0 0 291 0 0 0 207 108 124 295 98 163 202 120 288 0 163 236 0 0 99 199 238 231 217 0 280 258 265 120 0 272 198 244 219 211 304 0 295 0 0 162 103 216 284 181 0 114 0 0 238 0 0 0 0 147 296 0 118 0 0 0 0 272 113 0 126 230 248 213 107 182 236 235 0 0 0 147 273 189 177 117 276 0 0 0 0 108 0 187 226 0 307 0 162 0 0 158 0 255 144 230 221 201 124 176 184 170 0 0 0 270 197 229 179 0 118 257 174 268 0 0 0 174 0 0 0 247 0 236 0 184 0 0 0 261 200 169 0 180 122 0 221 145 235 93 203 0 266 166 0 122 0 0 199 169 130 0 178 0 306 0 0 0 264 230 0 121 0 0 194 267 288 126 0 306 0 0 0 0 259 181 251 0 0 158 0 0 257 0 270 0 0 0 0 183 299 274 0 101 0 166 0 0 0 0 132 111 267 252 279 0 0 0 0 258 123 265 0 203 0 0 124 0 0 0 0 278 257 255 0 0 131 283 0 190 0 0 179 0 183 0 0 185 0 0 0 241 187 254 0 184 180 0 263 0 201 158 0 0 241 0 218 0 0 0 178 0 0 0 0 150 0 259 0 0 0 309 171 0 0 146 0 103 0 0 166 0 0 0 144 182 0 217 124 118 117 126 282 0 109 103 0 232 0 0 307 0 226 0 176 0 0 0 0 218 228 0 100 294 299 0 168 0 0 99 0 255 0 0 286 283 0 178 235 108 0 107 0 0 0 0 0 0 134 0 0 0 0 212 0 0 0 0 0 0 261 110 157 0 145 0 0 157 0 238 221 261 0 0 146 216 0 254 0 279 278 109 240 0 0 0 0 149 0 0 220 0 285 296 0 0 277 0 147 229 152 230 292 246 168 299 278 0 0 0 266 0 0 205 0 0 177 0 156 218 116 232 163 0 0 0 250 268 0 0 261 185 0 0 0 180 0 132 229 0 0 0 279 0 180 0 0 231 275 250 181 242 0 0 228 0 218 0 275 223 126 0 0 115 158 0 0 279 0 0 0 0 0 207 0 147 0 0 0 0 116 0 0 0 162 0 262 284 301 159 283 209 0 159 251 0 239 0 0 142 0 0 230 0 300 135 103 0 0 220 0 214 0 295 264 0 0 0 0 0 282 0 118 0 114 181 0 266 0 268 0
0 0 0 101 262 0 0 166 211 0 0 196 226 0 0 0 286 0 192 144 0 0 0 0 172 173 100 114 250 0 318 132 0 264 0 227 261 289 186 240 0 0 0 0 288 160 262 0 0 256 0 0 0 269 0 164 175 0 0 0 140 260 259 0 171 210 0 0 170 0 98 0 173 266 0 148 0 0 163 140 0 152 0 0 96 0 0 271 0 285 185 0 132 0 0 185 153 0 150 233 0 296 218 228 0 0 0 0 248 0 309 0 0 286 0 0 179 0 295 0 213 0 0 220 218 200 111 224 0 0 0 0 184 0 0 0 253 0 0 202 109 185 0 150 0 0 0 154 0 0 0 0 0 0 0 180 302 123 109 255 0 0 0 97 230 0 0 0 111 165 0 178 216 0 139 0 0 0 237 134 0 0 0 290 0 0 132 136 0 0 127 264 0 239 0 316 0 183 238 213 161 212 0 0 145 133 0 0 149 0 187 111 0 130 141 0 0 0 0 286 230 180 255 273 177 0 0 0 0 203 191 0 190 129 259 0 0 0 289 0 0 177 0 291 108 108 158 147 176 268 0 0 0 233 0 133 293 0 0 117 0 0 249 0 214 96 201 170 211 125 0 0 101 256 0 153 0 0 256 154 266 142 0 0 140 0 288 0 318 235 0 278 0 0 0 272 207 198 0 0 216 284 237 0 132 255 211 157 0 0 149 0 0 0 0 293 0 0 0 190 183 0 247 0 272 0 124 0 0 253 227 0 0 264 102 279 197 0 223 0 0 0 0 0 0 0 108 0 144 0 197 153 281 0 273 0 0 0 0 259 0 0 0 293 185 0 0 0 0 0 0 289 0 203 0 247 0 0 114 0 223 239 0 264 0 0 236 0 0 0 0 0 0 103 199 0 0 265 267 161 233 0 155 280 240 0 0 206 271 0 255 0 0 0 131 149 176 239 0 293 0 121 161 195 141 0 0 157 285 0 0 0 302 231 0 0 0 0 162 226 0 0 0 111 0 0 0 0 0 173 118 0 164 0 0 0 230 0 287 202 106 0 0 159 202 0 170 229 201 176 0 160 190 126 242 269 0 0 0 0 0 0 0 0 0 0 147 0 0 0 0 0 0 0 261 0 216 0 0 122 0 0 0 0 196 0 172 134 0 275 254 173 0 0 0 0 0 289 258 202 156 217 215 0 0 143 0 257 0 222 141 0 116 0 0 0 0 0 196 0 0 0 0 251 0 0 106 145 293 244 141 0 165 0 0 163 0 0 0 0 140 248 260 253 0 0 225 106 0 0 220 171 234 170 193 0 100 281 187 203 0 0 262 0 0 211 0 0 142 299 0 157 201 142 240 0 0 0 0 0 200 101 0 279 0 118 0 151 294 0 0 166 156 0 295 226 289 0 0 120 0 281 0 257 132 228 0 194 226 0 0 0 0 264 151 195 182 0 0 0 146 196 273 0 276 105 0 0 0 169 0 0 230 144 193 228 153 257 0 0 0 0 233 114 0 0 253 242 0 200 138 205 0 270 0 0 0 0 0 0 228 0 0 0 0 0 225 221 0 0 0 263 0 211 0 190 293 0 225 215 188 210 195 0 0 0 282 0 156 225 0 286 221 0 0 132 0 182 0 197 242 143 191 0 146 0 0 0 0 0 0 148 114 265 280 122 108 0
0 149 156 0 0 186 251 0 193 139 0 136 0 124 233 0 123 0 0 0 280 263 284 288 0 138 0 0 0 130 0 0 212 0 137 123 0 253 263 245 249 0 233 161 259 0 215 273 0 0 282 0 0 314 0 241 0 157 0 270 252 137 0 0 0 261 281 0 0 0 0 0 0 0 283 200 157 0 0 0 249 0 0 0 0 136 189 0 140 0 248 0 0 0 153 0 204 162 305 139 0 148 257 263 0 263 0 0 0 268 218 285 134 0 115 0 246 0 0 0 220 0 0 187 109 293 0 0 205 160 166 0 0 187 275 0 180 251 123 0 0 151 230 232 125 0 0 0 0 0 0 0 266 249 225 152 0 0 252 0 0 0 0 109 247 0 0 0 242 0 0 0 247 0 198 172 254 0 175 0 0 130 210 0 0 190 0 0 0 0 141 0 0 0 0 0 138 0 0 0 0 222 0 187 0 252 0 293 167 0 229 0 155 208 251 167 137 0 0 180 0 263 138 146 0 212 150 151 261 0 0 108 164 0 151 140 152 0 239 0 0 0 0 0 113 0 0 251 105 106 127 145 0 0 142 0 0 0 124 289 0 130 160 140 127 262 0 0 0 263 0 307 263 0 307 139 242 305 0 151 108 0 0 0 0 0 0 195 274 104 0 195 0 247 0 203 165 139 0 0 274 0 0 0 101 165 0 0 110 0 0 0 0 249 0 0 0 183 288 0 0 0 0 0 152 0 172 0 146 0 121 247 245 254 208 0 0 165 295 0 0 0 192 129 0 107 0 0 0 0 0 269 0 160 190 235 0 106 0 0 0 241 0 0 0 0 125 271 0 274 149 231 239 108 182 0 0 0 0 0 0 0 0 0 0 172 220 228 0 0 240 151 0 200 130 170 183 118 0 0 128 0 0 129 0 141 159 135 0 179 0 0 296 0 0 0 0 0 271 281 0 208 0 0 199 275 0 156 122 183 0 310 203 0 0 0 0 100 105 0 135 0 0 0 0 0 0 291 276 259 0 0 0 0 0 0 274 103 265 0 0 0 0 183 244 110 197 0 289 295 144 285 0 0 0 122 231 143 0 0 250 0 208 0 0 0 0 0 293 0 154 170 0 0 274 0 0 0 233 207 119 135 150 0 208 260 191 238 0 0 150 256 244 0 0 247 96 0 0 0 167 167 189 0 0 0 267 124 163 120 221 0 198 102 98 0 195 0 0 139 166 143 279 278 162 0 0 222 0 0 0 0 0 0 0 287 0 0 178 0 0 163 216 208 223 169 142 291 0 126 0 0 288 0 0 0 241 0 0 0 176 163 0 0 0 289 112 0 269 0 262 225 0 223 0 149 0 148 0 160 0 0 0 0 233 0 0 234 178 123 142 0 0 112 0 0 0 159 0 0 0 0 0 0 0 0 196 157 161 198 214 192 198 0 0 0 0 0 0 209 0 0 0 0 0 248 186 0 0 187 135 229 260 0 137 0 142 315 207 0 162 291 0 0 0 0 275 0 130 285 136 0 227 0 302 227 286 168 0 0 0 183 270 130 0 99 236 273 231 0 0 0 0 143 0 144 198 285 160 152 0 157 0 0 0 0 0 217 280 0 0 124 151 0 144 0 0 0 0 96 162 165 0 157 0 0 0 0 0 300 0 0 156 0 0 202 0
0 123 0 0 0 130 168 0 0 187 205 0 102 202 117 0 150 201 278 0 0 0 0 0 0 195 0 0 227 132 0 226 138 297 289 294 274 139 0 0 150 0 257 110 269 0 234 0 276 0 101 0 0 160 263 0 317 0 120 229 212 192 244 0 0 290 0 177 193 0 224 117 221 0 155 0 191 216 167 120 272 0 292 299 0 120 285 0 0 0 134 163 0 0 0 0 0 118 0 274 0 221 152 246 0 127 0 109 297 111 0 237 153 150 297 226 202 263 236 0 168 0 0 0 0 0 0 128 171 250 278 0 123 225 0 166 283 0 0 157 0 0 293 153 0 0 0 141 242 0 141 0 226 271 263 145 0 221 0 0 0 0 224 0 155 226 200 258 0 0 278 151 172 0 0 162 0 145 284 206 0 99 238 208 230 166 259 186 0 281 130 177 0 226 132 0 0 268 148 215 0 0 0 0 190 0 0 161 0 0 208 0 294 162 118 0 0 178 0 293 0 0 0 0 0 0 221 0 174 204 0 0 0 0 0 267 107 0 0 0 0 216 223 0 0 0 0 0 0 0 0 108 288 0 0 177 0 249 0 126 0 0 0 0 222 161 123 259 0 136 159 275 197 0 216 192 240 243 110 182 0 0 0 0 0 127 180 299 0 173 0 229 173 127 143 0 0 138 0 188 138 0 0 195 254 143 236 222 0 0 0 294 0 173 164 183 250 163 0 208 0 136 183 0 0 273 252 0 148 0 0 246 264 0 0 136 0 326 0 0 0 0 136 0 0 0 0 0 0 307 185 0 166 0 0 0 202 0 119 0 0 179 249 104 266 0 159 304 143 0 0 109 204 201 0 147 290 0 0 290 0 0 212 189 0 205 0 172 0 0 0 0 288 182 194 147 144 0 0 191 218 0 0 288 265 0 0 0 265 0 0 0 0 0 0 104 271 191 0 0 0 0 212 0 0 279 115 106 137 0 0 0 0 286 0 143 257 0 246 0 171 0 0 170 0 234 226 0 236 0 0 0 226 173 0 0 0 0 0 0 0 121 0 0 0 187 0 125 316 0 141 154 0 0 0 171 0 199 0 128 0 190 0 250 182 0 0 0 110 277 0 0 178 282 289 208 213 227 0 231 0 204 266 0 0 0 114 156 0 0 106 176 0 216 0 0 233 0 261 276 0 0 113 125 0 230 0 118 0 0 265 0 0 0 0 0 219 0 0 0 224 146 0 264 273 0 0 0 0 221 101 0 0 0 0 0 193 323 282 266 136 145 244 0 312 152 0 0 0 187 0 104 148 210 136 149 238 0 205 253 308 0 191 139 109 257 139 210 0 0 290 0 0 225 110 191 0 0 105 0 0 249 0 0 281 108 272 0 215 142 0 130 202 0 267 271 278 0 0 0 0 289 278 116 258 167 0 0 206 308 0 0 0 0 207 128 155 0 0 0 121 0 0 139 159 238 0 252 0 0 0 124 109 0 191 0 273 187 287 274 0 0 0 292 216 270 182 294 251 0 0 0 0 286 177 304 104 0 0 0 284 182 0 0 0 242 0 115 163 277 0 123 158 104 0 0 195 0 260 0 0 179 285 142 105 279 157 126 0 0 240 0 0 289 0 202 0 0 200 287 0 174 232 0 209 0 196 0 0 210 0 228 0 232 208 0
0 201 0 195 0 247 133 211 0 201 0 185 232 0 234 198 199 0 123 224 130 0 136 0 0 200 0 0 140 157 115 283 0 0 0 108 215 0 116 0 132 292 128 217 135 0 0 258 203 0 133 253 0 0 240 0 0 124 0 0 0 0 213 0 0 0 0 210 0 0 0 0 248 285 182 155 0 269 0 0 216 0 0 136 0 0 207 227 282 164 0 0 266 132 0 0 166 0 0 223 217 224 0 0 126 235 118 203 0 187 127 0 129 0 283 203 0 210 194 157 127 0 0 0 0 0 0 0 0 164 296 0 0 212 222 287 268 92 0 0 165 0 0 192 0 159 267 215 0 194 0 103 0 137 0 205 0 0 148 261 195 0 185 0 188 295 100 0 0 117 0 150 190 107 127 0 184 207 0 257 0 271 280 283 0 128 0 0 0 136 0 0 278 184 127 0 0 0 282 192 149 0 0 0 0 165 0 0 156 0 0 0 114 0 0 0 265 241 212 215 129 189 0 221 119 0 0 0 0 0 198 0 265 0 250 0 0 204 0 280 262 176 231 0 162 0 0 209 0 198 0 153 0 236 0 0 0 0 0 0 0 0 0 121 0 0 295 0 281 0 273 0 211 239 311 254 268 167 189 0 0 110 259 0 0 189 243 0 188 0 0 0 0 163 151 0 0 225 211 0 262 0 210 0 255 0 0 272 0 202 155 117 0 295 117 0 238 0 0 295 0 294 160 132 224 0 126 0 0 0 0 128 125 0 226 230 199 227 219 0 0 122 0 101 0 0 118 208 0 162 0 243 216 0 0 131 138 0 107 0 0 0 181 0 230 0 0 310 146 248 0 283 0 0 197 0 0 172 0 278 119 202 0 0 183 233 0 0 185 261 0 111 282 252 266 145 0 297 0 0 255 177 0 264 278 0 298 297 0 277 0 0 109 0 0 260 230 130 127 0 193 209 181 245 209 216 0 266 0 0 185 0 238 0 0 0 0 0 0 195 0 126 167 0 0 0 0 0 106 0 0 199 0 0 0 0 291 0 199 202 0 0 0 170 0 0 180 247 155 168 0 198 0 0 0 222 198 0 0 0 225 0 0 272 252 273 131 0 189 0 298 0 0 313 237 0 0 0 0 210 317 200 185 0 264 174 0 100 242 235 0 0 152 0 0 151 102 108 0 229 244 195 0 187 230 0 191 269 0 186 0 0 0 0 158 0 141 0 197 173 121 0 0 298 271 0 0 0 170 0 117 168 235 0 251 0 0 0 235 0 270 153 288 0 0 297 0 0 114 231 0 0 244 195 254 232 0 208 0 281 241 211 249 0 214 118 0 0 0 104 0 0 0 221 0 263 0 172 0 0 271 0 0 0 160 0 0 176 0 0 0 0 236 0 174 0 0 261 287 0 0 0 242 160 0 127 0 152 0 281 149 0 0 0 0 204 257 134 0 0 0 0 287 226 148 254 232 103 0 124 153 101 0 0 114 0 229 0 175 128 0 198 231 0 132 0 0 298 292 0 0 0 254 0 0 275 0 0 0 290 0 181 0 270 0 0 0 0 292 109 0 140 109 0 0 111 0 99 0 188 144 242 179 0 229 0 197 0 275 0 289 198 284 182 0 218 0 271 187 264 0 0 0 250 0 0 245 280 0 203 106 205 126 216 0
0 275 0 245 0 157 111 192 0 226 182 224 144 0 143 193 0 184 0 221 101 0 0 190 0 123 112 229 0 181 0 0 203 0 0 0 144 116 0 182 115 141 0 0 0 0 196 0 0 177 0 0 270 215 261 0 172 0 230 162 144 0 0 110 148 103 162 131 273 0 154 0 0 0 0 278 0 0 0 0 254 0 245 271 0 0 258 263 226 265 0 195 0 139 0 239 0 108 0 193 0 0 179 241 175 218 0 0 108 160 137 208 101 152 237 0 290 0 0 221 0 181 0 181 218 0 145 0 0 256 0 0 0 217 125 0 0 0 200 0 0 0 0 219 0 0 0 195 233 0 0 0 0 151 121 173 266 0 173 0 0 0 155 0 186 0 0 227 122 173 258 252 125 192 211 160 211 0 258 221 0 257 0 0 0 170 0 187 195 265 262 294 0 0 118 0 142 263 139 0 0 277 0 245 0 115 0 0 0 264 0 217 0 254 0 0 180 0 164 149 107 147 0 224 0 0 0 0 0 232 164 295 0 99 0 0 185 0 0 0 0 129 0 281 311 109 220 0 308 197 0 191 0 0 0 0 0 105 0 226 324 250 204 0 219 0 217 0 134 0 0 0 0 130 165 279 0 202 255 0 197 0 0 0 125 136 175 0 0 280 214 0 259 0 126 0 284 277 0 213 0 0 0 0 224 179 270 0 249 120 173 198 0 231 110 132 299 0 137 180 148 0 222 197 123 235 0 298 0 285 0 99 0 137 280 0 0 168 0 271 180 237 0 0 0 114 0 189 285 142 253 155 223 135 0 0 197 0 224 0 245 0 0 266 133 0 0 0 217 0 135 210 0 0 0 0 0 0 0 134 0 0 0 0 0 285 0 151 193 0 158 0 287 0 200 0 0 0 282 310 245 0 259 0 157 125 0 0 121 0 160 0 0 205 0 129 132 215 263 203 187 0 289 145 0 239 0 0 0 247 0 296 117 165 0 0 0 227 0 144 0 0 0 0 196 231 304 191 0 0 0 0 0 240 0 180 185 218 143 0 0 0 244 237 0 0 259 0 160 0 151 257 260 216 0 220 0 0 0 270 264 236 170 180 155 0 254 0 225 94 101 171 0 184 298 0 0 226 192 108 0 0 185 260 169 0 275 0 211 0 0 0 281 0 0 0 0 0 210 0 283 0 116 0 234 0 0 209 0 236 0 272 151 293 285 0 0 217 109 220 278 0 154 184 107 165 249 149 0 0 265 0 149 186 0 290 182 0 0 0 0 177 194 255 0 218 0 123 176 0 0 0 0 0 194 0 112 0 0 0 0 0 0 0 115 254 0 0 191 0 0 0 193 190 0 0 0 0 250 187 0 0 109 0 0 208 220 148 119 161 0 0 0 0 0 0 158 0 0 0 284 307 0 165 0 0 261 0 135 280 245 286 140 0 0 0 120 254 0 213 185 0 0 0 0 0 243 208 147 195 0 210 0 257 237 205 131 0 291 0 297 217 0 135 249 126 263 281 0 0 0 0 230 0 244 225 113 179 0 0 0 0 281 277 0 0 0 0 0 0 230 0 0 0 257 242 202 280 0 0 0 275 183 206 106 249 0 0 0 165 226 303 277 0 0 197 0 0 0 0 287 0 188 0 193 0 0 0 0 0 113 121 259 0
0 93 233 171 157 130 0 0 193 144 156 267 0 104 223 141 0 0 148 0 119 254 0 0 0 171 0 0 0 0 173 157 0 190 112 0 0 127 0 176 0 0 239 0 0 0 257 168 0 266 0 0 0 214 268 0 0 165 287 137 154 0 220 0 0 0 0 188 305 0 200 190 241 252 0 233 140 0 158 223 0 0 0 153 0 0 197 116 197 0 0 268 183 166 126 148 0 0 134 0 242 195 180 186 0 0 166 114 0 198 0 151 300 0 227 0 257 176 0 174 0 182 0 161 0 0 112 0 0 0 0 0 164 131 0 160 0 0 249 0 0 0 234 0 274 114 0 267 241 175 0 0 0 102 231 164 0 163 0 0 166 310 174 0 127 252 284 0 0 0 0 150 241 0 149 176 0 274 0 0 300 0 0 220 0 0 0 216 0 0 0 157 0 110 0 224 151 165 129 0 133 155 149 0 0 218 154 0 0 206 196 317 0 0 297 271 174 0 185 0 0 213 164 0 140 0 96 237 240 0 0 0 0 298 160 224 156 265 0 0 0 0 0 0 147 0 205 151 0 0 161 0 0 0 150 221 269 119 129 158 285 225 273 0 0 204 0 0 0 184 235 0 0 100 249 200 104 0 0 0 0 247 247 279 193 0 285 281 282 311 241 0 0 0 297 138 232 0 0 281 143 231 0 271 174 197 0 0 145 265 242 273 0 0 116 142 120 0 0 0 0 0 171 131 0 0 0 157 0 0 0 0 0 0 223 229 173 0 199 293 210 248 0 129 151 305 0 210 0 0 110 233 0 140 0 0 0 243 0 282 0 148 0 0 245 203 0 0 0 0 0 213 0 109 0 137 0 140 0 251 168 0 0 0 0 0 0 0 131 0 0 273 0 0 208 205 0 130 236 0 256 114 220 246 0 253 108 283 320 0 152 0 255 265 0 0 0 0 262 161 244 255 0 224 183 208 0 0 176 246 0 142 0 293 0 154 143 0 106 0 0 0 243 100 110 268 126 0 159 0 243 274 206 146 0 136 152 102 0 0 101 0 0 179 226 103 251 256 0 151 0 0 287 269 111 112 0 108 249 0 0 0 235 225 142 0 0 255 0 0 147 0 0 236 148 0 173 0 235 148 0 163 157 311 0 0 0 0 151 223 0 157 183 0 293 252 0 0 187 0 133 118 0 259 154 307 175 189 220 257 245 0 214 0 0 164 139 0 167 0 0 186 254 0 0 293 256 0 0 0 0 0 129 266 171 155 0 208 283 194 0 0 0 0 101 0 265 0 161 0 0 250 0 0 138 0 0 185 0 0 157 173 242 0 0 268 109 109 197 0 201 220 0 0 0 0 0 157 148 104 162 213 243 159 136 144 0 120 234 0 0 0 0 232 0 150 141 0 163 138 0 118 0 162 194 0 0 290 153 0 0 0 188 0 0 218 215 175 300 0 248 0 180 130 0 0 108 0 0 0 0 0 93 0 0 0 0 255 0 299 0 159 113 245 0 0 135 300 173 0 0 0 172 167 0 0 0 0 0 0 0 0 0 202 0 168 0 194 172 0 288 134 254 144 0 250 130 234 291 237 271 0 117 201 0 181 0 0 0 201 237 0 0 0 0 0 129 0 0 0 0 0 0 0 0 0 171 0 211 0 0 0 0
0 0 0 119 0 235 115 0 0 0 126 0 217 209 0 0 169 115 0 256 101 0 0 0 191 0 238 0 0 157 0 254 0 0 0 0 221 292 267 0 0 0 0 0 119 0 0 0 0 148 147 233 0 224 0 0 118 0 0 0 0 0 274 0 231 0 0 255 0 0 0 222 141 114 139 0 0 247 291 188 0 146 0 0 0 219 0 0 259 285 241 0 0 156 0 0 0 190 252 0 224 0 0 0 0 270 209 0 235 168 0 234 0 0 292 0 0 312 0 0 212 261 101 119 0 276 0 129 0 272 0 0 0 0 0 0 0 293 219 0 115 205 150 234 0 0 283 0 0 0 227 0 241 0 183 121 223 0 262 275 200 0 176 274 244 194 0 223 0 161 0 116 0 169 0 300 260 195 121 202 143 0 222 0 0 201 0 159 153 131 0 0 0 99 0 243 153 165 294 201 0 202 0 0 0 248 0 0 0 0 0 0 0 0 227 159 287 178 282 186 205 0 0 214 0 0 306 0 0 0 245 173 210 0 162 218 247 224 0 0 0 260 0 0 0 108 0 136 0 270 227 0 0 0 0 0 134 0 0 0 296 0 103 0 245 154 263 0 138 0 222 0 0 0 286 285 229 0 0 0 137 0 260 0 0 0 0 0 250 0 247 0 207 0 277 0 0 141 0 0 148 193 151 165 0 0 286 208 0 0 0 213 211 231 246 121 0 205 0 140 0 0 194 125 192 0 105 121 0 0 0 0 233 0 0 0 252 165 247 102 302 248 0 170 230 192 0 0 0 237 0 207 194 160 0 191 0 130 278 0 207 0 0 0 0 0 264 0 158 106 0 131 101 0 204 0 268 112 193 0 122 0 238 0 0 265 0 229 268 0 247 0 241 0 188 152 0 0 147 248 0 0 255 245 155 0 248 181 106 0 0 0 0 0 112 0 165 106 0 216 250 194 187 179 0 121 241 153 222 153 0 140 257 278 165 0 0 279 230 0 0 0 0 148 172 265 273 203 0 134 258 276 233 287 116 181 0 176 0 0 155 0 0 0 263 0 0 96 0 0 171 222 170 0 183 0 0 0 0 0 0 121 200 0 183 0 0 0 0 141 252 0 183 0 243 0 120 118 213 262 0 285 0 168 0 0 0 0 271 0 0 0 162 110 196 133 271 264 167 0 170 172 170 0 0 0 195 173 123 0 280 0 0 0 132 160 169 187 224 282 0 0 188 0 200 229 0 165 0 0 0 0 0 0 233 0 258 0 0 0 0 201 192 0 0 0 246 256 0 0 0 0 0 0 0 0 0 0 0 0 171 0 225 0 0 0 247 0 0 256 234 271 0 259 0 151 246 107 174 156 256 189 148 204 0 223 0 0 291 0 143 297 0 0 210 0 0 102 133 290 202 0 0 205 242 161 217 0 212 0 211 0 0 306 0 140 0 116 120 284 0 183 0 238 0 0 225 0 153 0 0 301 138 0 313 118 290 310 253 0 0 0 118 0 98 121 168 199 0 244 155 0 269 0 0 147 106 0 220 0 290 0 200 278 267 257 137 0 0 263 0 0 215 266 239 0 0 166 0 0 209 0 0 0 284 179 111 0 96 303 0 271 0 0 203 0 0 0 119 0 141 0 0 0 0 130 0 124 0 0 0 0
0 0 0 0 117 0 299 0 0 300 174 156 202 262 0 284 276 190 0 0 172 146 0 0 202 0 0 0 0 0 270 0 118 0 215 299 0 175 0 257 0 148 236 151 114 0 0 0 124 0 0 0 270 241 181 0 154 0 112 0 0 0 0 0 0 0 129 0 135 0 198 206 129 0 0 0 0 222 256 0 0 0 0 235 111 167 0 202 245 0 0 0 173 155 166 182 246 0 137 146 0 0 0 209 230 249 0 0 0 0 0 239 224 0 0 0 128 287 0 0 0 226 0 0 0 0 137 272 0 176 239 0 239 240 139 0 0 169 140 0 0 0 0 0 226 0 0 0 127 186 161 120 214 0 0 236 270 116 0 0 190 0 0 0 244 170 142 116 0 274 292 257 0 0 170 250 141 0 0 0 0 233 0 0 131 0 0 154 258 0 0 254 0 0 148 113 272 0 0 0 0 0 0 0 230 220 205 0 180 0 252 0 277 0 0 259 263 0 105 0 137 0 0 179 287 126 0 229 0 0 0 0 0 0 0 0 0 0 108 0 0 260 0 191 97 109 0 0 0 199 0 202 244 142 156 150 200 215 196 0 245 306 228 122 0 115 0 0 243 0 0 0 222 180 0 158 0 107 179 126 0 242 0 219 107 0 0 0 263 0 0 155 131 0 255 0 124 0 0 142 142 229 0 208 0 281 259 214 256 0 128 251 0 0 0 0 288 0 165 203 0 0 264 0 0 270 0 129 0 130 0 113 0 151 0 216 0 212 0 0 0 221 154 0 263 0 0 0 0 278 239 129 0 0 0 144 273 0 102 244 193 288 0 0 0 163 0 0 250 0 0 0 0 0 249 242 287 0 0 216 0 0 151 0 0 0 0 188 175 0 251 278 0 201 0 296 0 297 0 178 146 252 0 104 202 0 0 0 0 207 0 285 0 0 0 213 290 196 0 108 187 255 0 0 0 229 266 254 193 0 0 0 107 0 0 0 102 0 0 141 270 183 0 263 0 0 0 220 199 0 0 0 307 182 0 0 0 126 214 130 261 0 0 253 145 0 110 0 141 0 0 0 0 0 131 0 0 150 220 235 197 205 0 100 0 285 0 279 277 0 103 122 225 0 218 139 260 0 0 118 120 0 157 171 126 0 0 131 0 0 0 0 255 0 293 178 223 0 177 0 0 181 218 171 181 223 0 157 0 0 178 125 0 204 236 177 129 140 138 0 240 0 0 206 0 195 167 236 182 156 0 0 297 0 0 0 280 0 0 185 174 125 249 0 0 223 156 0 188 0 193 0 0 0 105 102 0 109 0 139 143 261 0 122 168 0 193 0 0 108 247 188 0 243 0 194 0 0 253 252 0 145 165 307 108 121 250 0 0 0 0 277 0 144 149 0 0 0 172 239 0 281 283 0 0 0 236 0 0 182 193 225 0 0 0 0 0 0 0 160 292 207 0 147 263 0 207 0 0 174 0 0 102 125 0 0 0 0 136 0 178 259 107 0 99 0 243 217 0 0 0 0 0 150 0 244 271 222 276 116 259 0 215 0 185 0 0 0 296 225 0 0 276 134 0 140 233 141 0 187 0 124 303 175 115 0 0 0 0 133 231 274 106 172 152 0 163 0 204 183 127 172 261 0 239 0 223 226 177 117 0
0 0 0 231 0 240 123 0 229 0 216 256 109 239 0 124 0 0 131 0 271 208 0 0 172 0 0 143 304 234 0 282 0 0 188 0 0 0 261 0 105 152 258 0 242 0 0 159 301 0 0 113 0 0 128 174 143 140 0 192 0 0 205 147 109 0 0 227 0 138 0 237 0 194 0 0 0 105 218 0 277 0 0 0 118 0 0 215 170 0 285 201 0 0 0 0 0 186 0 305 0 0 121 0 163 182 0 0 116 0 198 127 0 130 260 209 0 0 188 0 243 0 145 170 152 0 131 230 0 0 297 0 0 233 0 280 132 163 168 0 183 0 201 268 0 104 254 172 0 0 0 0 0 0 0 262 232 256 277 194 0 188 0 0 282 0 0 173 0 0 0 202 0 232 0 0 163 222 0 0 110 274 0 0 269 150 160 0 0 0 0 251 0 0 0 0 174 190 0 0 169 0 125 0 0 0 276 263 111 0 237 161 143 233 182 0 0 0 0 0 202 285 0 157 0 281 0 129 0 104 0 0 176 0 134 0 0 126 302 239 184 0 108 0 225 118 0 141 219 154 0 289 0 248 0 176 108 0 0 255 0 245 125 154 0 0 0 0 0 134 251 0 0 0 0 0 0 279 236 0 226 0 0 0 0 0 0 224 324 0 206 0 0 130 144 218 0 240 0 0 0 0 0 0 0 194 106 0 152 294 165 186 0 0 0 248 176 152 116 190 0 0 222 0 0 0 270 0 269 0 0 0 0 248 207 201 0 113 0 271 0 0 0 99 0 158 197 244 0 229 0 0 283 0 0 0 218 236 0 269 287 0 0 0 0 0 203 0 247 173 172 0 0 0 0 0 273 0 0 0 233 0 0 0 0 0 0 0 0 0 0 270 134 0 0 226 290 0 195 0 238 234 0 211 228 216 0 0 0 0 0 267 0 280 147 197 153 259 165 258 0 0 304 0 184 0 0 305 0 0 137 0 166 0 256 145 0 0 269 0 269 0 0 0 265 150 0 178 171 278 218 0 180 0 0 160 277 0 170 173 0 195 285 278 120 213 0 0 141 0 154 0 272 0 314 177 161 0 130 0 0 0 0 172 274 0 128 237 0 0 209 0 254 0 0 0 184 176 121 0 0 123 134 99 254 139 179 0 284 0 0 123 275 134 0 261 0 0 135 0 223 0 0 290 0 0 313 0 0 227 0 134 275 278 286 0 0 294 237 246 0 0 0 0 204 183 255 197 0 0 252 298 187 175 274 0 0 0 0 128 0 0 118 157 133 118 0 117 156 0 97 125 285 202 0 0 221 0 200 0 116 182 0 290 305 115 254 0 113 208 0 206 231 0 193 102 217 202 0 163 173 0 192 0 243 0 292 305 93 269 99 230 0 324 110 110 159 187 179 170 0 0 0 242 0 0 0 165 0 0 0 115 0 185 0 187 0 0 0 154 0 0 0 0 0 0 0 277 251 0 0 0 121 293 0 255 0 0 257 156 0 0 296 0 140 0 0 0 0 244 269 273 0 167 0 212 0 115 144 0 0 0 0 231 0 228 0 0 0 0 0 0 0 105 132 169 0 0 0 113 0 313 151 147 281 269 104 0 257 0 0 0 0 115 109 0 0 209 0 0 0 0 164 0 0 0 0 149 0 0
0 203 0 119 181 0 192 208 189 0 150 256 0 0 130 0 258 0 252 0 155 0 202 0 278 0 292 247 168 247 0 0 0 0 0 0 0 198 203 239 0 0 259 126 223 110 0 235 124 0 134 0 281 0 0 282 141 0 149 140 169 236 196 289 147 0 0 195 0 161 0 0 106 280 248 0 181 0 200 267 0 209 266 143 0 231 0 274 0 282 116 0 0 0 174 0 0 0 298 238 0 198 0 0 170 112 201 283 0 129 220 0 0 190 0 0 0 139 0 0 0 106 0 0 0 0 0 0 213 252 264 0 95 275 0 0 261 0 121 0 0 272 222 0 0 224 0 276 211 0 257 0 0 0 285 0 258 118 0 0 139 257 0 264 168 0 240 241 0 0 0 0 0 289 0 131 0 144 0 285 0 0 200 0 106 271 261 0 316 164 0 0 155 292 237 226 190 0 184 0 122 154 0 244 0 196 0 0 283 0 0 265 0 0 190 120 208 214 0 235 154 0 243 0 0 239 137 0 0 103 0 101 257 0 0 0 168 0 0 0 0 119 0 0 0 178 273 183 197 257 159 0 0 0 205 0 214 0 294 0 157 0 278 143 110 131 0 152 0 0 99 0 0 0 269 167 0 0 201 0 263 298 117 0 287 237 155 119 216 0 216 286 0 0 213 0 190 0 0 0 165 0 0 0 257 259 0 237 0 124 188 298 113 0 126 215 272 151 159 0 300 0 277 163 0 98 0 0 288 262 0 123 193 0 139 0 201 317 271 173 192 0 0 258 0 0 0 294 137 264 210 0 0 114 214 0 156 160 122 286 129 257 272 0 0 210 0 0 0 121 151 278 0 131 0 0 0 0 227 0 129 240 235 147 134 0 249 0 197 121 287 135 0 126 0 276 0 0 0 0 312 0 233 115 0 0 0 187 0 0 105 0 0 0 0 236 0 0 0 281 0 0 0 169 0 0 284 0 0 0 300 103 0 0 0 0 156 225 0 202 0 0 0 162 0 0 0 162 0 0 117 0 116 0 0 0 0 0 134 241 255 0 123 204 166 0 290 159 135 0 0 0 0 0 227 0 0 244 0 222 230 279 271 244 0 99 111 0 0 124 228 0 236 292 107 239 214 279 0 166 270 0 129 162 177 275 0 103 272 0 135 167 0 257 128 0 0 191 212 0 0 306 320 0 0 0 0 0 0 297 113 287 0 115 235 0 265 253 0 0 0 114 184 179 0 181 106 0 273 0 0 0 0 0 0 274 0 261 186 0 0 0 313 0 132 0 242 0 0 100 184 151 118 0 0 258 256 273 0 0 230 0 0 157 0 0 221 0 0 0 0 296 0 211 0 174 170 0 138 264 0 295 0 259 197 207 0 147 0 231 0 113 0 275 0 192 0 244 228 173 0 264 0 147 200 267 129 0 116 282 0 0 200 0 0 226 0 260 0 0 0 200 131 116 242 307 184 0 133 249 0 0 136 272 0 0 253 0 216 96 182 0 0 155 131 0 0 224 268 0 0 280 0 277 263 180 0 168 253 244 0 254 249 0 116 0 281 0 142 0 0 264 0 0 223 176 0 126 132 0 0 0 0 138 0 0 247 0 0 217 0 160 200 105 222 0 301 0 0 301 235 264 174 176 0 0 0 97 0
0 198 0 314 0 213 0 216 166 0 271 0 0 0 0 0 180 0 0 0 206 289 239 137 0 0 0 0 0 0 0 165 0 241 269 100 292 182 118 129 0 0 230 0 122 0 199 111 219 255 160 289 0 158 0 0 262 251 107 0 283 0 0 131 0 222 0 0 0 239 0 0 0 0 260 192 0 0 163 0 288 0 173 0 0 217 102 247 160 116 0 0 0 111 150 0 0 247 0 206 0 193 0 0 0 0 0 194 0 184 221 211 212 0 0 0 198 0 0 101 224 128 0 110 188 289 0 0 168 0 0 257 0 274 246 192 0 188 0 0 0 0 129 131 0 0 0 0 302 0 272 134 234 0 0 174 0 0 0 276 286 0 171 0 0 0 298 256 0 286 0 104 262 228 0 278 0 0 193 0 143 215 200 0 244 0 120 0 265 216 0 0 0 0 0 0 268 0 0 122 135 153 190 0 0 0 0 0 242 0 0 112 296 146 284 198 0 121 172 234 293 141 123 287 140 201 149 149 184 261 183 0 221 207 211 143 0 200 0 0 0 0 122 247 129 0 0 304 294 115 169 0 0 0 0 140 165 186 96 217 270 0 99 108 111 0 0 159 264 0 0 0 269 0 0 0 123 178 0 0 150 0 0 175 0 283 0 0 188 206 129 133 0 121 186 0 165 150 293 0 245 270 183 153 147 0 0 0 246 0 110 0 185 0 234 173 0 0 194 160 293 0 117 135 0 0 119 257 138 0 225 121 0 143 284 0 116 194 179 0 0 173 0 260 190 140 274 0 225 0 257 0 262 261 154 230 0 149 0 143 104 140 139 0 275 0 213 0 163 176 194 249 204 0 135 207 202 0 242 0 139 0 171 189 291 0 0 244 263 174 0 120 283 115 228 0 151 214 0 210 0 241 0 176 249 105 150 290 217 245 0 267 243 274 152 0 251 119 189 260 0 255 0 304 144 0 0 224 170 0 0 302 0 0 133 215 0 110 0 0 106 223 135 190 0 0 194 131 0 0 161 0 0 177 0 0 0 271 0 174 169 0 0 180 0 0 0 0 220 0 273 0 188 0 111 0 0 0 0 220 0 285 100 177 119 0 244 0 0 0 161 131 280 0 0 126 0 0 0 0 0 0 198 117 0 0 0 0 0 130 148 127 286 100 0 0 0 136 222 0 283 0 0 0 0 99 0 0 135 291 0 286 132 131 163 103 186 0 225 202 149 0 0 0 0 141 0 277 0 117 167 0 0 0 0 0 273 0 218 149 226 0 253 214 95 0 142 0 0 164 0 0 222 113 164 262 162 213 0 0 0 0 157 119 223 0 0 0 152 157 165 0 149 191 288 148 0 0 0 255 0 305 0 0 282 183 0 0 179 0 170 157 251 166 256 237 295 0 0 0 0 0 231 0 0 0 0 0 0 0 0 132 203 0 0 0 0 0 200 165 0 199 188 314 295 0 245 277 0 186 160 252 0 0 151 257 208 254 211 0 157 236 0 0 0 123 237 0 0 194 311 216 196 0 0 151 143 262 0 0 0 0 0 0 0 0 103 0 216 0 0 0 134 275 0 0 0 157 0 108 210 0 248 0 238 0 230 270 159 0 227 299 193 0 0 166 293 147 0 150 164 188 0 0 0 131 220 0
0 246 0 279 302 279 283 0 0 207 163 210 0 0 199 0 261 0 151 248 0 0 0 160 0 170 264 0 118 0 291 0 0 0 134 113 127 0 256 0 222 244 319 0 0 0 0 0 104 0 302 112 144 0 299 0 307 115 0 0 97 132 0 0 0 0 158 0 0 0 110 0 139 0 165 142 0 0 0 0 289 111 279 224 0 0 0 0 222 0 166 0 0 0 0 0 0 0 0 0 236 0 255 0 233 187 279 154 158 0 0 0 0 237 113 0 205 0 254 0 168 0 0 0 137 0 113 0 0 0 212 0 223 276 0 202 194 175 0 200 0 279 254 0 243 251 0 0 0 155 252 161 0 134 0 178 0 0 0 0 223 0 231 191 132 256 0 102 0 0 0 0 0 0 0 0 0 113 185 225 0 0 0 0 0 0 0 0 0 300 111 282 241 139 0 257 124 0 279 290 0 279 129 0 0 200 276 159 0 227 0 0 0 142 0 105 0 99 0 297 0 0 0 224 207 103 0 208 0 277 237 0 0 193 0 173 0 142 312 258 0 0 294 246 0 0 0 0 0 156 284 0 214 0 0 267 0 0 186 129 0 0 158 0 0 288 0 128 0 0 0 0 116 0 168 0 295 277 204 0 198 0 0 158 0 213 254 0 108 0 0 125 274 0 179 178 0 238 0 0 211 0 0 0 0 123 0 159 272 107 271 222 209 204 0 0 187 148 137 278 140 0 119 251 302 140 297 151 119 127 240 0 127 133 251 0 0 0 110 0 152 0 0 0 262 186 277 190 240 0 100 103 0 108 0 0 212 233 0 106 124 0 0 240 0 0 207 0 0 0 0 296 0 0 0 0 255 109 0 0 0 242 245 0 0 0 0 0 157 0 0 0 272 0 0 284 0 203 223 0 284 227 0 0 0 168 0 165 0 212 127 0 0 114 0 0 0 0 0 151 0 183 0 193 0 297 142 133 206 0 217 0 0 257 298 0 237 0 225 118 0 194 0 239 117 294 0 0 0 0 217 0 0 0 0 237 165 183 174 217 0 279 0 0 140 310 199 271 0 0 289 138 0 228 0 0 0 0 0 197 258 168 261 226 0 0 167 0 209 0 253 205 0 307 0 0 0 149 228 181 213 220 234 0 149 0 295 0 0 0 0 241 0 0 0 0 162 0 0 231 219 207 0 108 111 0 286 177 255 246 0 182 0 0 295 0 275 294 171 159 210 101 0 183 0 0 195 0 104 0 201 0 115 287 0 297 140 226 102 284 0 272 128 190 0 0 267 0 0 241 0 0 144 0 0 267 0 0 0 174 108 0 0 0 0 181 0 144 0 150 0 122 0 218 0 0 0 289 99 150 0 287 0 0 0 0 0 0 113 103 211 104 298 296 271 265 0 0 161 0 236 268 129 109 0 271 244 284 124 165 291 0 172 0 105 0 143 108 279 0 108 171 189 0 0 0 184 161 0 0 0 166 218 0 273 230 0 161 0 257 194 228 285 0 0 0 0 0 0 253 272 181 120 241 202 0 0 201 0 0 186 174 0 115 242 0 193 0 0 0 182 0 175 0 108 0 249 217 0 0 0 128 0 0 0 137 199 0 161 0 0 258 136 197 0 126 0 243 112 233 0 158 0 152 0 0 0
0 105 0 195 0 0 0 124 297 0 215 112 231 0 0 209 206 0 0 0 0 0 0 0 0 305 199 124 0 192 0 0 0 0 127 0 0 0 230 184 103 0 231 115 192 248 163 199 0 0 303 271 0 252 0 139 135 0 262 0 204 0 202 248 0 0 172 137 0 0 199 0 123 0 269 0 0 277 217 0 0 0 0 0 205 153 315 0 0 150 0 198 0 290 143 138 0 0 0 145 246 114 139 0 0 156 0 0 288 296 276 201 0 232 0 192 0 0 139 0 199 156 0 217 0 120 0 155 180 0 192 0 0 0 220 262 112 166 280 0 166 157 173 0 175 0 0 0 0 247 144 0 0 0 107 0 0 0 142 166 0 225 0 0 0 201 0 0 118 0 0 0 126 305 0 141 260 169 0 0 292 0 0 242 0 149 0 175 0 126 232 0 0 216 129 249 116 149 0 0 265 164 0 115 0 157 157 291 220 0 243 0 0 0 187 134 0 0 0 0 238 261 210 133 0 181 0 195 0 0 0 287 303 0 285 216 155 299 174 222 0 249 275 0 0 271 0 0 132 102 0 143 303 274 0 144 0 130 108 0 194 0 0 0 0 294 293 0 0 0 0 0 284 113 0 0 0 303 0 0 0 186 196 0 0 0 109 0 245 277 0 167 0 137 0 168 0 0 112 0 0 0 280 178 116 0 0 0 0 0 143 0 234 0 168 0 213 108 0 0 295 0 0 0 0 0 187 236 0 151 0 0 298 0 0 0 189 125 0 0 0 0 0 104 0 0 0 267 285 100 119 289 257 220 0 0 0 0 0 0 221 246 0 0 248 0 130 0 0 0 236 0 0 135 0 245 0 186 194 191 100 197 0 279 176 166 0 0 0 0 286 0 104 191 249 211 143 0 0 0 0 0 136 237 170 302 116 207 174 0 0 155 0 0 0 0 0 171 0 0 203 0 150 0 228 0 0 229 232 0 194 110 161 0 221 0 240 0 211 180 0 0 0 192 0 212 0 112 297 0 0 0 118 0 237 112 0 0 148 0 176 197 0 206 0 0 155 0 0 261 235 0 281 0 193 192 113 310 0 0 0 260 289 0 162 234 0 203 0 0 0 126 199 0 0 0 0 0 235 0 0 183 203 138 147 0 0 0 207 165 112 253 207 161 0 268 0 102 142 150 0 0 0 295 0 0 298 0 201 0 165 209 0 0 0 221 0 242 0 0 219 0 0 287 256 0 209 187 260 233 199 117 253 0 236 287 0 258 111 247 0 266 0 138 0 273 0 275 0 151 0 110 140 164 247 159 245 210 0 179 0 0 112 0 272 0 234 0 133 228 0 0 223 0 0 0 0 269 96 299 0 0 0 184 0 245 0 0 0 0 162 306 0 308 0 0 239 0 213 0 115 181 0 132 0 0 194 0 172 281 159 0 0 0 0 219 0 295 0 0 0 0 0 244 0 198 125 0 0 274 0 0 0 111 112 162 271 220 181 132 153 0 0 0 0 234 0 0 154 0 191 0 195 125 0 302 0 0 0 0 101 0 0 0 200 0 188 252 202 0 109 222 249 108 137 0 0 0 0 0 0 294 0 0 220 0 0 214 123 0 160 0 131 217 129 0 268 224 0 129 0 282 299 277 130 0
0 0 221 148 164 0 0 250 0 217 170 0 0 0 123 0 0 0 0 0 215 0 120 119 0 0 265 0 185 0 169 107 162 0 254 153 0 173 0 0 0 0 179 0 248 0 0 224 0 265 0 0 274 0 0 0 0 213 0 161 0 0 0 257 0 204 0 286 0 106 0 264 236 309 195 264 142 306 0 0 0 0 245 0 0 169 0 0 0 150 0 276 0 258 0 0 204 224 0 165 217 125 0 0 188 0 0 0 128 0 197 0 176 286 0 259 0 282 292 0 152 0 197 211 182 260 168 104 0 190 0 0 108 0 0 0 119 111 0 0 0 252 0 264 0 156 0 0 204 217 230 0 241 314 147 0 0 0 0 0 0 0 151 0 243 0 243 202 146 132 106 0 0 273 246 223 203 232 0 0 230 201 255 0 0 234 258 111 261 0 0 0 202 306 290 281 235 267 0 208 0 0 0 161 0 0 0 0 0 285 0 137 326 237 130 121 143 0 123 0 0 0 0 0 0 0 148 0 281 260 0 0 208 222 0 0 295 0 215 241 0 234 0 0 0 0 276 0 0 265 0 178 278 0 0 208 0 0 0 136 0 0 140 0 110 241 0 0 191 298 197 110 0 0 218 257 286 190 0 0 0 0 265 114 125 239 301 0 197 280 316 171 0 183 0 0 0 0 0 0 153 0 0 0 216 0 0 0 0 0 213 143 261 0 212 0 152 127 224 0 103 272 0 0 0 122 0 215 0 0 0 0 142 0 238 0 94 270 222 174 261 0 144 0 208 0 197 0 0 309 0 0 0 285 105 201 0 115 116 0 274 147 150 0 0 0 158 147 0 0 0 191 0 181 271 181 0 258 0 206 231 244 0 119 207 117 0 0 0 0 0 0 98 135 215 241 0 0 0 0 182 197 0 171 181 0 291 191 103 0 294 278 0 0 0 144 0 185 0 0 0 0 176 122 235 0 0 256 262 0 167 208 0 228 0 0 160 0 0 0 0 269 193 181 0 203 157 0 107 156 0 138 0 248 165 0 0 0 0 0 0 0 0 265 218 0 0 0 257 114 115 152 194 160 265 0 0 284 0 0 0 0 256 0 0 123 0 201 159 259 289 0 225 106 0 128 132 0 0 114 0 114 245 0 0 0 0 0 118 0 0 219 0 0 0 0 217 0 150 0 253 0 0 142 167 147 0 0 0 0 0 133 0 0 0 0 0 0 154 0 0 0 224 260 299 0 314 0 0 178 0 0 228 239 0 167 0 201 0 204 0 135 0 179 0 116 0 0 0 165 0 127 152 252 148 238 274 0 0 0 0 0 0 192 172 286 0 180 0 0 0 199 0 111 227 0 118 0 0 126 266 283 0 129 223 0 0 0 163 270 168 127 0 137 0 0 139 257 284 115 150 0 231 0 242 0 0 0 136 0 0 0 0 0 0 198 230 0 0 0 167 242 136 111 0 0 0 283 0 0 0 0 157 125 0 0 150 0 243 0 0 202 0 118 303 0 0 0 100 0 0 0 0 0 0 0 0 0 104 0 140 229 0 218 210 260 213 0 288 123 157 0 0 0 280 0 0 0 0 206 271 0 278 111 0 282 157 0 162 0 0 0 0 0 0 257 0 206 0 0 119 144 0 137 0
0 0 0 0 0 285 0 0 0 191 135 0 302 0 289 230 211 0 246 0 0 0 171 185 128 148 190 244 206 0 200 0 0 267 174 311 0 0 319 224 234 0 175 258 120 0 0 270 214 0 305 0 0 0 131 136 0 199 237 145 0 0 297 217 158 211 249 136 255 151 0 0 223 186 0 187 0 197 225 0 0 0 0 0 137 238 0 223 251 155 0 0 127 0 102 0 105 0 244 0 160 0 0 0 287 0 185 110 249 0 0 0 106 215 268 132 278 0 222 0 0 115 0 0 0 0 103 0 231 0 189 252 0 0 0 230 0 241 0 0 0 154 0 265 217 0 0 196 147 272 0 0 0 185 0 174 166 0 0 181 0 112 229 0 0 0 0 0 204 134 284 137 0 237 0 0 0 0 0 123 234 205 0 0 177 0 166 241 174 265 227 0 154 0 0 222 282 184 154 208 0 0 276 0 131 283 0 310 0 208 188 210 293 0 104 0 222 0 195 271 0 0 0 0 255 202 0 0 158 274 0 0 205 0 0 212 0 0 261 0 0 171 164 0 234 0 0 0 0 0 104 172 0 0 0 0 317 0 0 0 0 152 286 235 0 207 99 210 0 194 0 0 270 0 0 246 0 0 0 103 0 0 181 0 0 144 298 0 162 185 0 180 0 209 188 289 0 0 237 169 0 170 144 276 268 0 0 0 0 0 258 0 121 222 203 0 0 275 99 0 208 143 0 0 0 156 222 170 263 0 265 159 98 0 143 122 140 0 102 160 117 189 0 0 0 0 210 210 137 286 159 0 0 0 0 115 0 0 0 0 0 284 118 293 0 236 255 0 230 0 0 0 0 298 174 0 0 112 293 272 255 104 206 0 0 144 193 0 0 126 171 249 210 0 0 126 157 181 0 0 203 0 127 0 174 265 287 0 0 240 0 0 0 0 119 0 250 0 121 0 180 0 0 0 0 308 267 0 0 0 0 219 0 259 0 0 120 0 0 125 0 210 209 0 151 0 131 0 0 265 228 0 0 209 101 163 0 286 0 0 0 0 0 100 0 0 0 0 120 0 202 0 110 0 0 301 135 0 194 150 245 0 220 179 261 219 160 146 288 0 0 0 286 248 0 169 0 178 299 169 0 0 0 235 204 0 0 193 0 0 0 0 0 0 247 0 259 0 0 0 241 141 116 283 0 0 0 208 128 0 218 0 149 114 0 194 0 104 0 0 291 0 0 277 151 0 0 211 272 0 218 256 0 206 0 0 0 0 0 168 0 93 157 185 274 220 0 0 125 170 237 224 0 264 0 0 0 181 243 0 188 0 0 183 0 129 0 243 0 0 137 182 260 217 245 0 248 0 181 0 0 158 210 0 158 122 0 194 0 0 103 0 112 185 115 0 0 295 0 0 282 161 0 0 183 0 99 244 0 0 0 253 0 114 0 0 288 124 169 0 0 236 0 0 0 0 0 0 0 262 278 147 287 0 0 0 108 0 0 0 112 0 0 177 136 152 131 0 0 258 0 206 0 146 128 0 183 0 250 204 0 0 310 0 116 113 0 0 123 211 196 155 236 203 169 0 0 262 0 116 0 204 0 0 292 0 224 320 211 0 0 248 102 116 0 210 153 0 0 0 190 0 108 0
0 235 233 103 0 274 256 95 0 189 237 208 260 0 0 248 0 0 0 0 182 254 254 0 223 0 110 207 0 222 0 0 0 209 115 0 0 0 167 0 265 295 0 0 213 0 135 0 0 150 0 233 241 185 0 137 105 182 0 264 0 191 0 141 0 129 134 180 0 260 0 0 0 0 213 0 181 192 312 0 208 0 149 206 0 0 114 0 241 0 0 264 282 0 113 220 0 0 121 0 0 0 120 0 265 148 0 0 280 179 0 0 0 0 0 209 0 111 0 0 144 0 0 0 0 283 245 110 0 0 0 168 0 0 211 0 263 141 0 284 0 200 225 182 0 0 0 258 0 0 213 201 275 222 0 0 114 0 0 0 0 142 0 0 0 174 167 0 251 204 0 306 149 0 0 235 0 0 262 210 0 123 0 0 0 136 0 106 260 130 207 240 0 276 121 262 256 275 0 0 292 107 0 0 106 0 156 0 0 0 0 0 182 182 0 304 0 221 143 0 276 0 0 0 300 167 258 234 246 172 0 0 305 0 278 204 316 257 212 0 124 0 0 167 0 0 197 317 0 0 0 0 0 0 0 211 0 0 0 0 256 0 264 155 237 0 139 270 203 0 277 0 0 0 0 196 286 0 0 146 0 106 0 196 150 0 286 0 140 217 207 260 266 0 203 0 0 0 0 0 0 0 200 129 0 0 0 275 0 133 0 159 223 0 0 108 195 204 0 0 0 139 0 0 0 163 0 0 283 0 270 182 0 236 253 125 0 0 0 0 183 0 180 153 280 0 0 129 0 0 121 0 0 118 204 271 104 214 0 0 0 0 274 0 196 178 0 306 0 0 236 0 198 243 216 0 0 0 181 192 113 156 234 200 244 0 137 141 0 107 0 291 281 286 161 229 0 129 279 186 207 0 0 0 95 0 0 0 250 290 0 183 0 136 203 0 0 0 285 0 0 149 278 134 0 0 213 207 0 0 0 290 118 0 0 0 158 217 0 0 0 0 182 175 0 0 0 256 186 0 0 0 0 312 198 151 239 0 0 142 0 249 0 291 259 0 202 196 152 0 0 0 107 0 0 116 0 214 0 234 288 0 0 0 0 186 0 128 0 0 117 237 0 0 190 0 0 204 0 0 166 0 279 304 249 0 132 234 143 0 0 160 280 271 0 0 219 139 157 0 283 186 278 0 252 0 0 215 0 114 210 0 0 111 0 199 0 0 0 133 196 117 0 179 237 0 110 0 166 283 156 0 137 143 0 0 0 0 144 0 112 212 146 123 0 134 165 263 207 111 0 143 0 0 150 0 137 191 240 0 0 110 0 277 262 286 0 310 0 0 230 175 0 276 0 277 0 0 202 0 0 124 0 163 273 0 0 112 93 0 0 0 247 0 170 280 145 0 172 0 0 0 257 115 0 233 0 0 0 0 0 133 0 0 154 0 298 0 288 0 0 0 0 0 0 0 225 0 242 0 0 0 0 0 251 167 0 0 304 0 0 0 297 259 0 303 0 0 127 226 103 296 231 226 0 221 207 266 169 209 140 247 289 0 207 0 0 238 269 0 0 307 227 0 143 114 0 188 198 0 0 168 0 0 0 0 261 225 0 131 251 0 270 0 166 0 267 297 0 308 0 0 0
0 144 120 0 0 0 0 247 0 151 147 171 0 0 0 0 237 0 0 0 265 227 185 0 165 0 0 195 0 0 168 0 0 211 209 128 0 0 202 232 268 222 102 249 0 196 302 0 135 0 168 0 0 0 199 131 0 244 0 256 252 0 197 0 140 204 0 0 230 282 232 176 0 237 0 141 0 0 249 123 0 293 197 0 0 161 0 0 138 0 0 234 275 0 0 270 0 0 250 161 0 201 0 166 0 146 152 141 0 165 210 128 265 0 0 114 0 0 223 268 0 0 181 204 0 0 245 266 279 139 177 214 0 245 0 274 0 0 244 185 166 0 0 127 0 0 284 240 0 0 0 0 288 0 258 226 0 0 0 0 0 0 0 0 151 0 0 0 0 272 278 267 0 0 262 0 150 150 0 170 0 100 0 291 0 0 0 162 141 306 0 0 0 120 126 0 244 210 0 264 0 0 0 121 169 0 0 262 0 130 228 122 0 219 0 187 0 238 135 247 0 0 126 0 168 201 0 0 169 286 128 0 215 251 0 0 0 0 260 197 0 113 0 0 0 0 0 0 0 244 263 280 201 174 204 0 200 0 0 0 262 0 202 160 272 283 246 0 0 260 0 0 0 0 122 249 0 143 0 0 153 0 0 230 113 0 187 135 0 0 290 120 0 0 211 0 0 106 0 153 278 254 0 270 109 170 0 204 192 266 220 216 0 140 0 0 283 118 135 0 240 0 0 283 117 0 168 112 0 169 140 0 0 0 117 228 145 0 0 294 0 298 295 0 0 0 211 193 217 198 274 232 271 0 245 181 250 0 0 0 0 0 0 125 292 0 0 0 170 0 0 210 0 216 0 0 224 0 0 179 128 0 196 135 0 0 189 0 0 0 0 170 0 0 143 169 0 0 288 309 266 0 153 0 0 0 0 0 0 155 241 126 0 187 168 126 208 0 180 168 0 114 0 231 0 110 113 0 0 223 0 0 110 246 0 286 0 135 131 162 198 0 132 222 0 0 300 136 127 112 241 127 0 209 212 125 237 0 0 0 218 101 283 0 170 0 126 0 298 164 172 0 108 181 298 0 136 0 249 0 0 0 128 190 259 0 153 0 0 0 0 0 0 0 0 0 0 234 0 0 281 140 0 0 0 0 120 0 281 0 0 0 129 141 0 211 0 243 0 201 0 0 233 0 0 0 107 149 212 0 0 176 0 0 0 127 0 0 0 0 289 0 274 197 240 154 168 0 301 187 0 0 0 0 106 169 0 276 0 269 0 0 0 218 0 0 0 0 251 0 218 235 130 145 215 158 0 0 0 110 0 0 0 182 0 0 224 0 280 0 203 0 0 0 134 0 0 0 0 102 210 0 0 0 0 0 0 229 0 245 157 251 137 0 0 174 0 0 0 230 0 0 202 226 0 0 119 141 162 168 0 0 174 290 191 0 0 187 0 0 0 320 0 150 287 263 150 0 265 0 0 0 194 168 142 0 0 271 158 199 160 0 0 0 0 0 0 0 185 0 196 150 0 0 157 0 277 181 239 0 180 138 0 0 276 168 220 141 0 0 196 190 0 0 254 99 0 284 0 242 259 0 0 0 207 240 0 195 0 0 0 108 149 0 0 0 306 0 136 214 95 0
0 230 0 118 0 0 0 196 150 0 0 118 0 0 241 0 0 0 176 229 156 134 113 283 199 144 144 296 275 108 0 0 0 293 231 205 229 227 0 252 287 0 0 0 0 0 171 266 241 0 0 0 0 0 0 286 235 0 0 111 266 156 0 0 136 185 166 153 0 127 140 240 164 266 300 0 242 0 0 0 269 0 0 0 0 280 0 0 308 244 0 198 255 0 157 264 277 0 0 0 286 104 262 204 0 0 0 0 0 299 202 299 0 0 193 150 110 171 137 162 0 159 198 186 191 0 278 0 226 0 123 0 0 151 0 273 0 289 282 0 234 126 269 0 137 0 0 256 100 111 124 0 225 0 308 0 0 0 0 265 195 0 0 0 119 237 0 246 0 207 0 125 224 0 0 165 209 0 0 210 0 177 0 0 0 0 0 120 0 0 0 0 0 102 0 99 0 0 140 188 0 0 0 260 238 301 0 211 97 0 0 191 0 0 242 151 0 0 148 175 0 0 174 0 0 102 260 224 279 120 0 131 0 0 243 0 0 0 0 0 251 297 112 219 282 0 213 0 0 0 258 0 0 0 0 0 0 163 0 0 0 0 270 0 0 0 0 0 188 0 244 291 0 251 0 0 161 0 115 232 0 141 165 0 183 168 0 181 0 0 209 0 199 130 0 119 0 282 273 259 230 267 0 238 286 0 0 0 0 0 0 0 0 291 0 129 0 0 284 0 0 0 106 0 0 166 0 271 0 0 0 190 0 185 0 0 0 0 178 271 164 0 0 253 232 252 0 0 0 0 0 259 0 112 0 201 0 0 228 0 0 105 0 280 0 0 0 299 0 0 183 283 196 121 0 0 0 0 0 222 179 311 0 0 138 0 0 189 0 206 104 300 132 0 187 211 0 216 196 207 0 192 0 193 237 281 0 0 198 0 257 0 0 0 191 253 178 0 0 207 113 0 0 157 0 0 0 0 271 162 0 0 0 0 133 296 0 0 0 0 0 111 108 235 0 0 190 148 0 0 126 0 275 146 246 0 188 287 176 0 138 0 200 0 0 0 227 0 0 225 266 0 254 0 139 0 126 0 0 218 164 0 168 0 129 0 0 277 245 121 205 0 0 219 120 0 200 268 240 110 0 0 130 0 0 0 182 158 305 0 0 0 224 0 0 0 0 199 141 0 0 229 0 0 114 0 0 0 227 153 0 197 281 192 158 300 270 215 258 0 0 237 112 0 0 0 0 0 286 249 184 0 0 139 245 276 0 209 0 222 180 164 284 0 0 0 191 0 270 296 0 133 0 0 0 256 231 0 0 266 0 260 0 251 0 226 0 0 295 0 0 0 0 0 106 144 297 0 0 131 0 166 233 0 0 0 0 0 0 0 135 278 0 184 0 261 108 0 0 282 0 261 0 0 170 132 157 0 158 0 299 0 175 128 0 307 0 0 0 259 170 0 141 0 254 0 0 0 306 192 178 259 0 151 97 0 0 0 204 146 141 0 235 246 156 312 0 0 0 0 0 195 0 155 243 0 0 0 204 246 107 0 0 0 117 128 0 142 0 125 164 0 324 0 209 0 159 0 0 260 0 0 259 0 277 281 139 0 0 191 112 0 0 0 0 219 216 0 278 0 0
0 0 0 222 0 127 0 214 290 0 197 0 111 0 170 140 305 0 0 0 269 309 237 279 101 0 214 0 0 0 212 157 0 0 0 0 0 155 0 0 0 267 0 276 0 0 182 0 0 0 0 0 107 234 144 0 0 0 0 0 0 0 0 250 210 159 0 197 0 147 260 0 257 0 0 0 0 0 0 0 0 0 0 0 0 0 160 189 0 254 161 0 232 0 0 0 151 125 202 0 267 0 0 241 0 0 0 0 243 0 205 0 230 0 252 218 0 0 0 0 119 0 160 0 0 0 123 155 0 176 170 0 199 0 177 312 0 188 0 231 244 0 0 0 128 0 216 0 124 236 282 235 0 0 0 0 0 185 224 0 239 0 0 0 256 227 0 184 0 293 0 168 282 215 185 0 176 248 176 0 0 182 125 0 154 263 0 0 0 0 0 0 290 0 115 231 0 175 275 195 188 150 0 158 265 0 0 150 116 148 0 181 0 0 228 202 0 238 0 295 0 114 270 153 266 215 0 108 0 0 184 143 0 281 298 0 0 0 204 240 119 0 286 201 183 273 0 210 0 0 224 0 0 0 0 221 186 0 0 0 0 269 0 200 254 270 0 0 231 0 0 0 0 228 0 0 0 0 251 140 142 0 0 0 0 270 140 0 112 220 279 0 0 0 187 0 0 241 0 0 0 188 0 0 0 0 0 0 0 0 197 108 293 208 0 0 0 0 139 128 271 0 0 131 287 0 0 103 140 0 0 251 0 139 0 0 144 0 0 0 154 0 259 0 164 264 0 0 173 147 0 0 0 273 0 246 136 284 115 0 0 265 163 233 0 0 145 0 222 0 0 0 147 176 0 157 303 0 135 132 0 136 0 150 0 0 193 0 128 191 0 0 220 0 252 208 0 106 150 172 0 275 185 257 299 199 0 136 0 0 257 283 0 136 222 0 0 0 0 128 0 292 237 0 239 0 234 0 0 0 237 127 146 0 0 220 254 99 0 139 149 208 217 178 0 113 0 0 0 0 215 0 255 0 0 134 0 0 0 0 0 0 0 0 153 0 258 106 287 0 210 0 119 169 0 179 174 210 246 0 190 150 0 174 135 0 0 0 137 191 223 0 0 0 223 160 0 208 113 312 0 310 0 0 0 0 0 0 0 0 253 0 0 129 224 253 221 138 0 0 0 209 263 0 212 0 267 0 103 0 0 109 0 113 0 238 0 0 121 0 0 272 279 258 0 222 0 218 121 256 0 0 0 141 167 0 0 0 277 185 0 267 273 230 175 0 0 0 134 270 0 153 102 174 0 293 233 0 227 287 0 181 204 0 191 166 205 182 214 0 0 159 0 0 131 163 136 179 0 269 0 272 190 177 0 0 112 0 157 249 186 161 240 129 0 0 0 0 198 115 177 0 0 0 130 136 0 0 0 262 0 195 223 102 230 288 286 0 258 117 209 200 156 0 0 0 215 213 0 0 0 249 106 233 223 293 0 129 0 0 230 109 99 0 120 272 0 0 197 124 0 0 0 215 276 0 138 0 0 235 228 179 0 0 243 0 222 0 212 0 0 0 119 0 228 0 228 272 0 264 0 260 0 0 157 0 229 0 0 202 0 0 174 0 0 0 0 185 0 0
0 0 250 253 0 0 0 165 0 112 152 0 0 0 128 0 116 183 0 0 116 0 0 0 306 0 220 0 214 0 0 281 0 0 176 181 125 172 0 0 0 0 0 247 207 0 0 262 180 198 0 0 294 106 251 227 0 199 313 0 0 140 255 210 229 0 168 0 0 0 0 112 125 0 153 0 0 0 0 0 0 0 0 121 170 236 0 0 0 272 0 268 0 0 0 181 272 0 0 286 309 0 0 203 196 189 300 315 276 0 193 0 256 0 0 147 0 0 0 153 105 261 102 0 219 216 0 0 0 0 0 298 0 125 0 0 128 113 0 0 288 311 245 0 0 0 159 202 0 0 0 0 0 0 0 173 0 114 267 0 0 194 0 146 141 192 152 235 211 203 0 281 0 0 0 0 128 158 0 153 0 212 0 0 126 201 0 234 0 249 0 123 181 0 221 233 126 0 252 142 0 0 139 213 0 0 268 118 252 0 0 133 0 0 0 0 245 0 113 0 0 0 183 246 0 0 200 0 0 281 0 225 0 0 0 279 0 178 171 157 0 242 0 0 0 0 0 277 0 145 291 160 221 162 172 204 212 174 0 308 226 0 137 0 0 0 0 0 219 193 0 212 266 111 299 176 144 126 149 97 289 292 202 135 118 264 0 183 0 0 0 0 114 0 0 0 244 109 152 0 0 151 168 182 135 0 0 0 0 292 219 0 0 0 101 0 225 0 115 183 0 203 0 119 0 0 223 206 0 0 283 163 0 101 191 0 278 165 0 0 187 169 121 0 143 143 289 307 208 0 192 0 0 117 0 0 0 134 169 297 0 121 0 195 0 211 124 0 267 106 0 0 134 191 142 0 0 155 0 0 210 0 283 0 0 185 163 175 175 173 0 0 308 128 0 155 0 238 0 0 173 0 0 246 0 0 224 0 0 219 270 275 0 0 0 194 0 104 288 257 0 100 0 0 127 150 171 0 0 0 0 289 175 0 234 0 0 180 150 228 258 0 0 0 234 198 0 0 226 0 0 0 109 0 258 0 189 0 0 0 0 235 0 137 96 296 202 130 124 0 0 125 286 0 263 210 227 0 0 0 256 146 0 0 0 0 122 139 0 0 0 136 230 106 0 0 288 0 286 0 285 194 0 275 261 119 259 243 0 0 293 271 0 115 0 232 0 287 155 0 276 244 216 258 254 249 188 0 209 202 0 0 222 0 105 204 0 252 0 114 144 0 0 234 0 0 0 270 214 0 0 0 182 309 0 0 0 0 0 137 222 0 138 101 0 219 0 233 108 0 0 0 179 0 0 0 0 0 0 0 0 271 0 0 0 0 102 265 114 201 237 0 255 0 0 0 173 0 0 164 0 0 0 203 155 162 0 182 0 0 250 129 0 214 281 253 0 0 124 259 0 177 265 231 242 0 0 298 233 0 145 127 0 301 219 0 0 0 0 0 0 270 0 185 113 211 257 169 192 0 259 221 0 242 235 0 146 178 0 0 0 0 0 0 0 0 0 263 0 0 0 178 199 308 0 290 0 0 216 129 262 0 0 247 247 0 175 166 0 0 200 105 0 239 0 0 138 119 296 195 0 0 0 0 0 0 0 109 280 117 168 0 0 248 0 118 206 0 0
0 0 199 175 185 172 288 103 0 0 220 113 259 0 0 0 105 0 150 207 199 174 0 162 0 216 222 0 173 285 0 0 0 0 124 0 99 0 294 115 0 179 0 200 212 0 141 0 239 216 0 0 124 158 0 247 0 0 105 108 231 0 0 0 0 141 0 0 260 0 181 129 0 162 162 0 250 116 0 254 0 193 0 0 0 0 0 0 118 0 0 0 120 134 195 0 0 0 0 0 158 215 246 164 122 0 313 277 0 0 0 285 237 163 0 0 123 0 276 0 0 203 0 0 143 206 0 0 279 0 0 118 205 0 0 0 231 108 0 219 0 0 185 191 177 213 0 122 168 0 0 0 114 0 0 261 0 0 107 248 107 193 0 0 250 183 165 0 130 0 236 0 0 0 0 0 0 0 155 298 0 0 197 0 239 248 297 147 0 226 309 179 0 121 0 282 264 0 0 164 0 0 318 0 225 286 203 269 277 0 263 0 0 0 189 137 146 230 193 0 234 0 0 0 0 214 0 155 0 0 278 0 0 0 235 128 0 0 0 116 0 116 0 0 132 0 135 0 0 0 289 0 0 0 291 133 116 194 0 0 228 196 0 169 286 0 0 0 225 210 0 226 149 0 0 188 0 216 217 182 0 127 0 146 109 0 0 269 0 0 105 282 206 160 0 0 0 0 0 0 0 282 186 155 247 215 161 269 0 186 0 0 111 0 0 241 0 0 155 207 0 293 0 154 0 0 107 127 0 153 222 262 267 0 0 206 241 199 0 225 0 0 0 0 146 193 0 0 0 299 190 0 0 201 155 0 284 0 0 0 0 0 0 117 0 0 0 0 0 0 0 0 304 0 158 154 205 159 0 0 0 0 0 194 0 0 275 0 161 249 268 247 0 106 136 183 163 206 0 0 0 177 216 167 305 127 0 0 203 0 0 220 0 191 138 0 187 152 0 0 304 0 0 152 0 0 153 274 233 0 110 0 0 308 277 118 0 225 237 0 0 171 304 0 0 0 0 0 246 0 277 0 0 0 212 113 0 239 215 0 0 144 122 193 0 120 0 155 0 0 215 0 253 0 0 295 0 0 232 174 205 0 178 217 160 95 231 193 165 0 0 0 142 0 172 259 201 183 0 0 0 234 0 0 221 0 0 274 216 280 0 195 0 0 132 0 255 0 0 0 256 214 101 245 0 0 303 282 0 290 0 0 154 100 260 0 0 0 139 0 0 238 0 214 0 0 196 280 239 104 153 165 292 0 124 0 0 221 256 193 108 200 0 305 0 200 192 0 0 0 0 0 138 0 186 0 271 187 0 0 289 165 140 0 0 0 0 0 122 309 223 299 142 290 201 173 186 112 154 0 0 0 154 0 254 0 107 0 0 105 0 175 247 111 0 0 172 229 285 199 0 0 128 282 288 0 0 217 216 117 0 232 0 184 0 0 0 292 0 109 0 0 0 0 0 0 131 170 171 263 0 0 159 0 0 0 193 0 232 0 0 0 0 0 0 281 0 0 242 131 0 225 0 0 154 123 133 0 0 264 0 122 0 254 155 0 229 0 250 0 197 238 157 247 0 0 139 0 0 219 0 255 0 0 0 162 0 178 0 239 260 183 111 279 0 0 0 0
0 104 104 157 0 292 0 290 160 225 0 0 108 136 252 185 0 227 0 180 124 275 141 236 0 0 0 0 0 236 0 0 145 0 0 0 0 0 0 0 0 147 309 278 206 0 210 214 0 0 0 0 0 0 202 0 0 0 105 0 282 126 0 274 123 0 226 93 0 111 206 0 238 289 238 0 0 160 131 235 0 184 263 0 0 0 172 220 0 228 0 0 0 150 0 251 0 0 0 0 0 0 212 176 0 0 0 262 0 0 264 0 129 212 0 0 159 0 0 0 0 0 0 0 119 274 0 0 268 0 0 0 0 0 0 109 0 0 0 0 0 0 0 131 122 197 0 269 119 0 242 200 129 284 0 150 0 0 0 0 134 184 0 0 287 111 163 0 293 185 0 264 0 139 0 0 0 169 0 278 160 0 0 0 190 207 0 0 171 0 0 0 0 178 303 0 270 0 148 0 125 0 114 281 0 0 0 0 0 204 0 108 171 248 110 140 126 282 274 0 0 0 248 204 226 0 175 0 0 240 129 0 0 0 250 0 184 232 268 0 249 0 167 257 244 0 126 0 0 0 306 0 0 0 0 226 180 211 0 136 275 177 0 254 0 0 0 260 293 278 115 0 0 222 0 106 187 115 303 0 137 0 0 0 249 0 306 176 0 0 0 0 0 0 226 0 212 223 228 0 0 0 162 218 123 0 0 240 282 0 0 0 265 178 0 241 0 0 0 0 288 255 290 257 278 0 125 0 0 0 179 0 206 0 0 279 0 0 0 157 0 128 0 0 0 0 0 0 0 323 0 0 0 205 151 106 239 0 273 145 0 0 274 0 238 211 123 290 0 182 0 0 207 117 0 0 134 114 270 0 257 0 287 204 0 0 0 0 248 0 187 0 200 183 216 0 224 233 180 0 0 0 140 0 0 0 205 0 0 0 0 225 0 0 163 0 213 0 0 203 161 0 186 0 283 208 242 173 241 0 0 0 292 207 0 209 0 179 115 284 104 297 131 0 211 0 231 310 0 0 104 168 164 0 0 0 176 218 289 0 0 0 131 97 273 0 246 0 110 291 0 121 184 171 250 0 0 111 154 288 120 0 155 0 206 194 225 124 196 196 151 0 269 0 248 233 275 177 250 195 0 224 0 123 0 282 0 0 217 228 0 0 206 277 0 239 0 176 212 217 227 292 208 192 0 168 0 200 256 109 277 0 0 271 0 0 250 0 0 207 0 248 256 298 267 0 0 290 0 0 195 243 0 0 253 192 106 0 166 0 0 172 0 197 0 180 282 0 163 0 0 291 274 136 248 132 161 0 0 0 0 202 176 174 242 0 235 0 0 0 0 180 0 0 283 0 0 150 132 238 0 0 288 0 237 260 0 0 217 284 183 0 247 0 0 0 0 123 0 267 254 0 235 0 201 0 0 0 156 0 206 277 0 201 0 0 248 0 273 0 258 0 198 0 0 245 0 206 166 0 231 0 222 217 293 0 0 0 0 0 0 266 262 193 0 0 0 0 0 229 0 304 0 0 158 295 0 0 0 0 244 195 103 0 0 0 171 0 0 0 306 0 252 225 0 0 125 148 302 255 0 0 243 230 0 278 0 241 149 299 276 157 0 0 0 0 0
0 0 239 0 152 131 305 237 0 0 0 0 248 196 0 213 0 155 0 0 245 167 0 0 299 0 159 259 0 0 111 230 288 269 0 229 228 248 0 0 244 143 0 142 242 261 153 0 127 0 240 276 0 274 0 0 0 219 199 238 136 125 117 0 0 0 106 0 0 185 0 295 0 0 0 216 0 280 216 0 210 137 272 153 176 0 0 296 144 0 145 162 0 0 141 251 159 207 0 0 0 195 277 244 0 0 0 137 0 169 0 249 113 0 0 275 0 0 245 0 246 0 276 0 150 0 229 0 0 293 192 278 201 0 0 0 163 131 213 210 114 0 0 121 0 182 0 167 0 144 173 0 249 144 133 0 232 0 205 103 176 0 0 0 289 0 153 0 202 0 0 187 0 185 0 252 245 272 206 100 0 0 0 0 225 0 0 209 0 0 236 0 0 228 0 183 291 0 0 283 0 167 264 150 205 0 131 0 0 173 294 303 187 232 232 269 0 0 0 118 223 0 213 0 0 162 0 0 0 162 0 113 250 0 253 0 264 184 0 0 128 124 0 177 0 244 132 0 0 241 289 119 0 0 0 163 0 204 0 210 0 0 0 221 0 0 0 121 113 170 0 0 191 239 0 255 152 0 284 0 124 305 113 0 179 314 0 0 176 192 298 149 242 0 0 135 0 0 288 233 0 170 272 111 0 256 269 0 183 223 0 217 315 0 173 0 0 111 187 0 297 0 223 255 0 277 222 0 148 0 0 0 177 180 0 101 174 0 99 253 113 183 0 246 0 158 199 161 0 0 0 255 122 0 303 249 0 168 223 216 0 0 0 172 0 145 0 202 0 0 0 0 113 215 0 0 0 0 0 155 0 0 0 269 0 0 0 121 239 0 171 0 0 0 170 0 0 0 0 0 264 0 119 0 0 0 0 0 247 192 190 0 298 176 146 139 112 0 183 0 187 223 286 0 0 0 134 237 0 0 113 0 0 0 210 0 133 0 179 102 242 193 159 122 0 190 0 0 183 143 213 0 262 0 224 177 162 0 0 0 0 0 0 0 240 0 311 193 0 99 288 146 152 0 132 282 161 0 275 263 274 96 210 148 114 0 0 124 0 161 0 0 147 0 189 0 205 259 211 0 250 0 166 0 0 0 134 0 0 0 0 0 0 165 259 223 0 93 276 0 158 0 249 242 0 0 0 196 0 0 242 0 0 159 0 138 0 148 103 233 214 0 0 152 116 0 178 0 146 106 164 218 108 0 202 283 165 0 0 0 172 0 0 303 169 0 0 0 157 237 217 260 297 164 0 0 229 246 259 152 0 158 192 120 0 0 244 0 0 181 265 0 214 0 176 0 0 0 288 250 0 0 0 0 223 194 0 0 0 164 0 271 112 208 0 307 0 233 0 0 99 228 198 106 111 0 0 0 0 123 0 130 0 134 307 0 0 0 0 178 0 0 0 0 146 139 236 192 0 193 188 121 0 0 241 0 101 0 201 142 173 0 0 103 269 0 113 259 202 0 0 146 0 294 249 137 0 108 0 279 262 92 0 207 0 0 0 141 186 160 127 0 243 177 0 0 271 0 0 0 131 0 0 180 199 193 264 189 143 265 213 0 151 242 237 0
0 177 0 190 0 0 0 0 0 262 167 210 0 0 166 0 198 0 265 0 0 289 251 147 0 130 0 0 267 238 315 0 0 249 0 0 169 263 0 122 169 0 0 251 0 142 0 0 0 0 154 0 242 0 0 0 0 0 0 150 229 0 316 0 0 0 0 0 0 0 0 239 0 227 274 0 212 279 0 130 0 116 0 280 235 166 193 131 0 0 0 283 0 204 0 295 232 0 0 289 0 220 277 105 291 0 0 0 0 145 125 318 152 0 0 0 0 0 0 0 0 221 187 0 287 0 139 0 0 292 124 0 144 254 186 0 189 124 117 110 0 243 227 0 183 159 0 0 226 0 217 249 282 164 255 0 193 125 0 0 235 199 292 251 159 0 0 249 0 106 119 0 0 192 0 227 0 149 227 0 221 126 109 0 0 0 0 282 285 184 0 0 164 0 176 0 0 126 112 0 0 0 181 275 0 0 273 0 0 192 0 153 248 184 0 269 219 0 205 0 297 0 0 246 0 0 173 0 108 153 291 103 0 0 147 0 0 158 304 314 0 0 0 0 0 277 0 0 175 0 0 138 213 167 219 171 0 220 0 236 0 0 0 114 254 161 0 0 0 0 267 0 106 197 105 246 0 0 0 0 257 0 0 145 109 241 229 158 0 119 304 160 0 151 0 0 0 258 107 105 0 171 0 112 146 277 133 130 0 284 0 0 153 148 0 241 191 223 153 121 0 0 148 166 0 195 158 0 239 0 146 0 0 0 100 172 0 129 144 125 0 187 286 0 175 186 152 0 0 0 0 135 0 157 107 0 133 211 220 0 0 0 222 0 0 210 150 200 147 287 127 0 0 0 213 0 0 0 0 170 198 253 281 191 293 0 0 0 266 0 0 0 0 248 0 192 245 276 0 137 0 109 0 172 170 167 241 144 0 203 0 219 221 0 129 0 251 0 0 286 0 282 242 0 236 233 245 263 0 179 278 0 139 0 0 254 250 0 125 261 174 281 0 206 121 0 137 0 245 157 254 0 0 278 0 0 188 0 223 282 252 0 144 0 199 0 249 0 0 234 0 0 138 218 190 0 130 0 0 0 0 156 173 107 235 211 0 166 168 250 0 0 124 201 0 258 252 0 0 0 147 193 197 96 0 251 196 0 0 0 168 150 239 0 0 0 218 0 137 0 0 0 0 180 172 281 134 0 0 0 125 0 0 142 298 0 0 195 0 266 0 238 0 0 0 148 158 225 0 0 142 0 0 0 0 0 142 0 205 0 0 240 153 261 236 0 0 0 0 0 233 0 263 155 0 0 0 0 0 0 0 0 200 124 236 0 180 255 252 297 0 136 106 250 0 0 233 144 108 212 166 251 225 0 136 0 136 0 272 0 0 0 0 0 0 160 0 179 117 177 0 0 245 267 0 0 0 130 0 0 0 0 295 0 117 0 0 165 263 250 0 221 0 130 253 0 280 223 237 155 146 213 0 0 286 0 109 262 0 186 241 105 305 0 0 101 0 0 171 0 0 0 197 0 104 209 0 263 0 271 0 0 0 266 0 0 161 0 0 204 0 179 296 0 0 0 0 0 0 0 0 0 0 200 296 126 181 0 0 153 105 0 0 0 0
0 0 0 121 275 0 0 0 0 0 0 104 0 0 147 188 300 0 0 0 176 212 102 157 251 0 180 139 0 257 232 0 253 173 0 0 170 194 0 0 103 0 0 0 208 0 0 0 180 0 0 188 0 0 170 0 107 0 187 0 246 292 251 0 232 0 224 152 170 250 124 259 220 0 265 109 0 0 275 287 116 0 109 0 202 0 235 255 109 0 0 168 0 0 284 103 0 210 0 0 201 0 173 254 0 0 0 234 174 0 0 145 0 0 125 120 0 285 260 0 0 276 141 0 128 260 0 0 0 0 0 239 155 105 0 244 0 0 192 225 0 0 208 0 0 0 113 0 146 116 0 127 0 0 120 0 176 0 0 0 0 236 0 265 0 0 132 0 296 0 0 245 237 101 0 281 214 251 248 0 0 0 132 0 249 0 0 257 279 262 0 0 0 0 0 0 215 0 0 0 0 0 282 0 0 164 0 237 297 0 0 284 0 0 0 0 0 0 0 0 253 0 0 0 173 244 207 0 0 223 183 245 150 0 214 218 270 166 0 238 0 0 128 0 192 0 143 213 0 0 269 284 273 162 112 0 0 264 0 123 283 0 122 0 0 262 294 0 240 246 0 120 0 225 244 0 192 0 281 297 0 0 142 0 0 239 0 0 276 0 0 142 265 190 249 189 293 244 0 243 294 196 0 0 0 0 252 210 265 113 0 0 282 105 0 117 197 0 237 0 0 0 140 137 245 0 202 0 0 0 0 269 0 0 0 161 0 200 0 0 165 0 0 282 178 0 152 113 102 268 0 0 158 198 0 0 0 257 306 0 0 0 0 210 254 0 0 0 293 158 105 0 0 0 0 208 274 198 286 177 236 0 0 115 0 0 249 157 166 0 0 0 234 0 272 237 251 0 136 0 264 183 0 307 109 219 97 0 0 167 142 0 0 209 296 119 214 253 0 287 104 240 232 0 174 225 139 0 291 0 105 122 168 0 0 139 0 0 154 232 102 110 270 154 0 129 0 131 105 251 0 0 132 0 0 136 294 0 220 182 0 0 260 150 0 120 0 0 111 250 158 194 0 297 0 0 0 201 0 0 160 0 0 0 0 0 156 0 143 0 148 171 196 0 0 109 124 0 289 0 122 0 0 168 0 0 227 0 180 0 175 0 180 189 0 0 0 232 278 0 0 116 105 223 208 280 0 0 254 132 280 0 232 169 0 163 124 0 256 0 169 265 0 159 0 0 295 0 0 165 0 0 0 227 0 0 182 0 0 0 146 0 0 142 131 0 117 0 131 295 0 0 0 0 0 0 158 0 233 250 114 264 116 0 0 0 132 179 0 0 295 195 121 0 199 143 0 0 149 244 0 0 0 0 0 0 0 238 0 177 0 0 132 0 0 180 159 165 0 0 0 0 0 126 277 0 0 285 0 116 272 0 0 0 288 0 0 0 227 0 242 0 137 0 297 0 0 263 0 0 299 0 259 0 181 195 0 113 277 0 110 0 0 0 0 0 111 173 0 222 279 144 0 0 175 107 0 297 185 215 0 199 249 131 0 0 133 228 229 0 112 236 187 0 196 0 0 0 0 237 0 0 151 0 0 248 0 285 103 0 0 0 284 0
0 197 0 0 185 120 0 0 0 249 125 0 168 97 0 0 216 0 181 0 264 0 0 203 286 0 0 0 0 252 0 0 0 312 308 0 0 0 296 0 0 128 164 207 176 281 0 0 0 0 192 281 258 0 142 206 262 107 195 0 0 305 0 0 0 0 200 0 0 118 205 0 0 187 0 0 0 0 0 111 0 265 0 0 152 0 290 0 0 0 0 0 126 0 239 179 0 0 0 0 0 118 0 114 0 193 0 236 0 184 278 0 0 185 263 278 123 0 268 151 272 0 0 0 0 198 0 195 0 225 0 0 0 0 0 260 0 0 243 273 226 194 180 0 122 0 137 308 300 0 199 0 276 117 128 170 191 246 210 232 0 258 222 0 178 0 0 246 0 134 0 100 126 298 0 182 164 186 162 278 207 0 0 0 182 0 0 140 143 0 205 163 250 0 0 261 0 137 0 0 132 0 281 226 196 193 280 0 180 0 154 0 167 0 0 141 182 183 126 301 0 247 245 0 0 0 212 140 195 115 0 0 132 251 305 168 0 302 0 0 239 253 270 0 0 0 0 0 0 210 0 0 0 0 0 0 233 0 127 0 0 0 286 203 0 0 0 0 0 115 0 181 0 0 0 122 270 190 256 198 121 0 135 0 182 162 154 0 0 230 0 0 0 207 153 0 0 226 0 151 0 0 0 287 0 0 249 293 164 150 0 200 0 0 188 199 271 0 0 0 0 194 207 0 0 0 0 0 0 176 0 176 138 0 0 0 246 158 0 0 196 0 0 170 0 165 255 0 0 240 0 154 0 0 0 0 0 201 208 0 244 0 273 272 307 0 177 0 0 0 315 0 181 0 0 198 0 0 0 230 235 285 0 187 0 150 0 0 200 0 259 154 101 0 0 0 0 0 158 252 0 0 130 0 0 281 0 0 0 112 136 118 305 131 266 0 254 238 236 0 0 0 112 290 0 0 0 202 217 0 0 144 261 118 245 205 0 304 0 190 0 251 265 202 103 0 197 0 190 259 0 110 150 0 200 256 0 0 120 0 0 219 106 0 0 0 162 273 0 0 0 272 0 155 220 0 0 201 131 242 0 0 0 293 0 0 288 168 282 131 0 251 0 197 0 111 0 269 0 103 0 224 233 0 258 0 0 128 133 0 0 280 0 158 0 0 191 0 104 171 0 137 0 0 0 183 0 0 143 229 132 255 166 0 0 0 0 0 115 0 0 106 0 0 226 161 0 0 0 0 0 0 0 0 102 174 220 0 231 0 171 0 285 226 177 255 0 156 272 0 0 0 114 0 0 0 0 0 0 148 0 0 267 0 140 265 286 0 173 0 157 0 0 287 283 0 165 0 0 0 236 206 0 112 0 0 194 0 300 255 0 0 0 0 0 287 217 0 195 253 0 222 269 0 0 0 279 0 133 236 0 0 308 135 0 195 0 0 300 268 164 0 0 238 0 227 179 0 0 0 0 0 0 0 0 0 256 170 0 0 222 0 0 192 0 112 283 0 0 0 216 301 128 0 184 120 149 177 119 0 292 0 110 183 0 285 149 0 173 0 286 0 0 129 0 155 208 0 0 0 297 151 243 170 0 0 0 0 0 128 0 0 0
0 0 111 267 158 205 288 287 109 0 0 0 212 153 200 0 0 175 0 223 202 0 0 0 0 276 265 188 0 195 0 0 274 190 0 143 0 0 0 289 293 0 0 0 0 0 117 0 0 0 0 284 0 178 145 0 156 144 245 0 267 0 193 250 262 285 0 0 0 0 293 0 198 260 237 0 0 0 242 0 0 0 190 0 302 0 273 226 188 195 135 0 0 271 131 0 0 0 242 0 287 0 123 163 223 286 0 249 228 0 213 220 235 280 0 0 207 0 0 101 118 0 219 273 113 297 0 0 0 0 0 0 138 199 0 267 0 0 0 110 0 0 291 0 135 0 232 0 159 0 119 0 0 0 0 0 216 0 0 290 0 0 115 177 206 0 0 0 267 0 0 0 199 0 227 0 143 0 0 197 0 250 202 0 208 0 0 143 0 0 0 131 0 0 0 198 0 0 0 0 0 0 0 0 0 0 0 158 0 0 0 222 274 274 166 0 230 0 117 0 127 191 0 0 183 0 161 296 0 167 0 214 229 0 163 135 219 0 0 0 0 0 128 260 108 252 200 132 0 194 117 224 0 197 0 0 163 163 196 0 0 0 0 0 113 0 0 119 0 139 0 256 0 0 0 0 210 0 153 232 0 123 0 290 0 143 0 0 251 0 116 0 214 182 145 0 0 0 257 0 268 0 0 149 229 156 252 182 136 270 0 283 0 0 0 0 177 0 0 0 234 0 0 0 0 0 139 207 128 0 0 0 0 232 0 0 260 258 0 143 0 216 0 0 171 134 164 0 304 0 210 202 0 0 261 124 165 0 273 266 157 0 0 188 0 0 0 213 0 234 0 0 0 0 0 0 249 0 0 138 202 0 261 0 0 0 264 247 105 0 0 222 0 0 0 0 0 0 215 0 0 314 214 201 132 254 0 0 241 0 0 0 138 0 206 0 0 0 131 0 295 0 0 0 259 183 0 0 0 0 0 0 0 0 0 256 271 0 0 0 216 120 182 0 0 0 192 173 117 0 0 0 117 0 285 0 0 253 0 0 0 0 0 0 0 0 226 210 0 108 0 0 0 179 177 0 133 0 0 0 0 230 0 0 104 0 0 185 0 0 0 123 0 0 0 0 117 166 123 0 0 0 0 0 264 0 0 257 0 0 197 137 224 0 102 0 290 0 0 0 282 175 246 184 241 115 278 298 235 0 276 115 126 173 180 0 0 0 0 305 155 168 0 0 114 0 190 210 0 171 0 161 159 0 107 0 0 144 215 0 0 101 0 0 0 0 136 0 116 0 0 0 260 0 197 217 111 0 0 0 220 0 274 228 0 293 265 240 0 0 0 0 157 167 0 0 0 268 266 0 0 0 0 0 248 126 0 257 133 171 265 0 0 281 0 167 0 221 136 0 283 0 0 0 0 0 0 232 0 0 224 0 0 0 316 219 212 0 0 0 169 0 209 0 0 0 125 214 0 0 0 294 0 0 260 0 0 0 0 126 111 0 149 0 106 211 0 157 0 0 284 0 0 0 0 0 0 0 0 185 290 244 223 244 211 0 139 0 0 212 137 0 114 0 0 139 274 267 0 201 0 0 235 268 233 0 0 251 0 0 0 0
0 0 200 203 0 222 223 0 179 0 121 0 0 106 0 0 0 0 124 279 212 140 251 0 0 0 247 154 286 259 0 0 206 0 143 0 0 0 0 256 0 0 275 122 205 142 99 108 0 176 147 210 140 144 0 168 0 0 0 0 0 194 0 236 0 0 0 163 0 0 295 0 0 0 0 0 156 269 0 299 161 0 0 240 0 0 111 0 0 0 178 199 0 0 105 0 190 0 270 0 199 0 0 0 185 206 0 0 0 0 0 164 0 267 0 114 0 281 150 0 0 0 0 0 0 271 302 113 250 0 217 158 288 197 0 264 0 121 0 0 147 179 210 0 0 0 0 0 0 282 0 226 0 0 198 285 265 152 147 288 254 0 0 0 0 0 196 201 0 214 0 0 0 0 0 282 130 0 0 0 0 304 0 236 0 154 285 117 108 241 0 281 127 224 0 173 165 140 0 164 0 257 251 0 0 0 0 0 0 235 107 251 219 256 256 261 221 255 265 284 0 154 189 0 0 0 196 0 0 107 204 0 0 184 255 242 147 202 0 0 0 109 0 0 0 0 173 0 0 0 0 0 0 0 233 283 173 0 0 0 0 119 0 0 0 0 148 0 0 186 0 154 0 216 241 143 0 119 154 167 154 117 131 275 0 278 0 0 0 137 0 181 0 0 166 157 112 247 0 0 0 175 178 0 313 233 0 139 136 0 0 0 0 0 220 0 110 0 170 0 229 0 0 147 0 0 0 119 157 0 0 129 0 0 0 106 0 0 0 0 0 206 112 205 0 121 218 0 0 0 140 127 0 126 190 116 124 170 258 180 0 0 0 0 0 289 0 0 0 194 0 213 0 0 0 99 173 237 0 0 0 235 0 0 0 0 251 0 282 271 136 230 264 0 0 0 0 221 158 0 0 135 273 0 0 0 255 169 0 257 266 211 0 274 213 291 200 0 125 0 0 224 0 264 229 237 226 269 236 141 0 0 196 0 157 291 284 214 175 267 190 0 0 0 187 0 164 0 113 0 0 0 248 102 0 0 0 131 0 0 0 121 262 0 163 0 137 0 217 0 0 0 0 0 0 296 0 0 0 0 0 240 0 219 0 0 182 192 111 171 177 235 280 260 263 175 0 0 158 0 0 182 254 209 101 0 249 162 0 0 261 0 223 210 0 205 160 0 165 0 231 0 131 0 176 0 210 0 256 0 0 258 116 183 256 0 0 0 0 0 222 126 0 0 265 0 101 160 204 168 0 0 0 109 0 243 177 169 180 261 0 303 264 102 0 288 0 188 115 0 193 103 266 275 248 204 0 272 258 161 177 0 0 175 0 218 168 0 0 0 258 257 95 0 0 247 0 0 178 0 198 0 0 300 0 195 193 0 0 0 0 0 285 0 192 147 0 0 0 0 0 0 0 113 0 270 156 0 212 120 0 179 0 0 105 0 0 0 230 202 0 196 0 109 137 107 0 287 0 0 165 144 169 0 0 0 0 227 105 149 0 0 203 223 0 0 214 144 0 220 131 269 286 126 217 0 0 0 251 123 0 229 0 163 260 267 0 0 113 0 230 0 230 217 0 0 0 168 0 0 0 97 0 170 0 174 0 191 0 237 0
0 0 0 0 165 263 123 146 0 0 0 125 176 0 273 0 202 190 0 278 176 238 264 0 0 123 146 119 0 0 0 275 136 0 0 0 0 204 0 235 255 0 0 0 107 202 0 0 219 230 122 182 212 244 201 251 222 199 249 0 230 0 290 0 0 0 0 100 124 245 263 0 0 0 0 165 130 0 214 0 154 162 255 274 0 208 163 264 265 0 0 194 101 0 128 291 162 0 175 274 0 0 105 133 0 127 0 154 0 175 215 104 142 0 146 149 204 0 0 0 0 0 0 0 0 0 0 127 0 0 0 109 185 229 303 0 0 0 0 0 156 95 0 0 229 0 0 220 0 0 159 132 208 0 0 181 226 0 188 237 0 135 0 149 181 213 270 208 0 268 290 264 207 0 223 0 0 246 0 0 0 188 168 0 153 137 230 294 0 0 0 227 0 0 192 0 104 191 156 307 0 286 0 0 138 192 217 0 106 137 0 0 0 287 0 0 119 0 275 0 115 263 0 140 129 0 0 0 179 210 0 217 0 257 0 0 232 0 201 0 221 0 126 198 0 98 0 0 225 252 135 0 219 129 114 183 0 0 157 285 289 0 0 215 174 0 0 0 0 0 0 266 167 179 0 0 0 224 98 0 0 0 256 0 189 278 0 0 0 0 140 0 0 0 0 0 0 242 0 188 0 266 182 111 0 0 99 0 0 241 0 196 257 130 0 0 0 0 149 0 259 110 258 0 201 0 320 0 0 254 103 205 0 224 0 205 261 0 153 131 0 0 192 0 0 275 0 0 0 0 0 220 0 0 238 165 296 193 273 192 0 226 98 246 0 0 190 0 0 154 125 0 237 148 232 120 211 231 182 253 0 0 196 0 0 215 0 0 133 0 208 211 190 257 227 0 294 109 237 259 208 0 279 0 182 275 0 182 0 238 0 174 0 293 215 204 0 275 260 119 185 128 0 223 263 271 263 0 211 171 190 0 0 295 0 159 0 0 0 0 0 209 0 231 0 0 0 206 0 150 0 0 198 0 178 229 0 168 181 0 0 0 0 0 206 0 173 209 200 148 163 285 282 212 0 0 113 300 0 196 0 0 0 203 185 152 0 253 0 0 233 151 301 0 0 172 0 0 0 0 122 250 0 0 0 0 0 124 0 0 0 0 255 121 131 0 163 154 242 145 0 0 173 0 0 172 99 197 151 0 0 0 267 253 180 283 210 166 244 146 0 226 171 234 187 0 192 0 0 242 124 0 212 128 163 193 0 0 0 0 0 113 0 215 98 261 0 0 250 0 168 291 260 246 0 179 0 0 0 166 268 0 122 0 282 220 232 0 250 0 0 0 0 281 103 0 0 0 0 264 0 280 0 0 0 129 0 0 119 101 0 0 0 174 129 137 0 117 0 207 0 0 163 256 0 132 0 271 223 0 280 191 126 231 0 0 0 0 235 0 259 0 210 0 138 213 127 0 0 100 202 0 199 183 282 242 0 0 131 146 0 0 157 0 0 239 295 0 0 0 0 0 215 241 0 0 0 211 0 0 0 0 0 0 214 0 0 0 0 0 0 0 103 203 293 263 0 0 0 0 271 240 0 265 0 0 131 246 0 0
0 177 166 154 0 148 0 0 225 282 0 220 0 140 104 0 205 0 0 0 0 0 0 265 0 0 0 0 209 161 0 138 212 130 0 154 135 143 0 0 0 141 144 0 0 0 273 253 159 0 142 0 0 288 0 168 0 227 0 0 0 0 0 203 0 103 154 0 145 0 135 203 226 138 0 109 0 0 0 183 137 0 209 0 163 123 214 210 153 230 0 183 167 0 0 0 0 251 275 0 285 258 0 188 0 0 0 0 0 0 0 142 186 273 0 286 224 221 0 241 0 0 102 250 261 243 0 95 0 0 183 309 0 247 0 170 0 0 0 0 0 274 0 0 271 292 0 0 124 0 176 199 0 0 0 0 101 131 0 0 243 304 282 0 0 113 141 0 205 223 212 0 143 0 0 0 0 229 0 106 0 0 277 155 0 0 0 263 304 0 224 275 166 0 0 0 117 232 0 102 0 0 135 0 0 0 0 96 0 0 275 0 205 275 115 266 0 244 0 230 0 0 0 167 290 252 172 0 276 0 155 280 0 0 151 0 0 158 100 0 113 0 239 0 0 148 201 0 0 178 107 193 169 166 0 175 0 0 0 206 274 132 124 0 294 0 0 0 221 0 0 261 0 0 0 0 271 267 279 219 190 0 321 240 158 0 211 0 195 0 0 143 185 201 142 0 0 0 0 232 272 254 292 0 184 0 255 256 0 230 202 0 124 186 0 102 141 0 108 0 0 113 0 257 0 0 0 201 273 0 207 284 231 195 0 0 124 286 156 153 173 0 0 269 222 181 0 141 182 143 0 167 0 169 0 262 0 174 214 0 0 159 0 0 139 284 0 262 0 0 0 0 0 92 272 0 0 220 0 0 0 0 0 234 0 133 0 0 192 148 208 242 0 210 0 119 265 140 294 282 0 182 0 311 117 214 126 210 201 206 0 0 113 136 0 131 0 200 0 0 0 245 195 0 0 0 0 295 246 0 0 105 0 0 137 229 184 0 0 0 151 0 0 0 0 253 0 0 242 183 118 147 115 0 166 0 104 0 0 0 297 188 269 0 133 238 144 0 108 0 283 112 0 0 0 273 303 0 214 0 0 205 0 196 0 130 0 153 0 181 293 226 130 286 247 271 0 0 103 105 0 212 221 181 0 164 0 0 278 0 295 253 176 0 0 0 0 0 268 141 249 139 0 272 0 0 0 139 181 0 0 0 171 209 0 0 297 0 0 288 277 0 144 136 249 0 0 0 258 0 0 0 0 99 0 0 0 117 0 0 199 146 0 0 0 196 0 264 0 153 251 0 0 140 181 222 0 0 0 176 0 323 0 0 0 0 128 227 161 111 226 0 0 0 0 0 198 0 204 0 0 0 0 0 0 0 0 182 222 0 283 256 0 0 178 0 0 190 129 217 165 313 223 0 230 290 97 190 265 0 0 202 0 0 200 0 0 284 0 0 0 0 0 190 0 0 0 0 211 0 260 0 199 0 0 0 0 244 265 0 0 126 256 0 0 0 131 0 142 0 168 125 0 145 238 212 280 0 0 247 156 238 0 136 0 173 0 211 247 202 0 241 105 0 0 0 141 137 109 290 0 228 178 246 235 0 240 0 0
0 240 0 0 144 183 212 208 0 0 0 214 0 223 262 0 0 0 0 179 155 0 0 128 0 0 0 266 0 191 217 121 0 0 171 294 180 244 0 283 0 171 123 0 153 0 145 0 0 217 0 143 0 153 0 0 194 153 276 185 264 235 0 245 130 112 0 0 201 269 207 0 0 0 217 296 0 294 0 0 0 137 172 265 0 177 156 0 0 281 247 142 116 184 312 160 107 0 233 198 256 0 0 0 124 0 0 0 295 260 0 277 0 0 245 290 207 242 305 232 257 0 0 225 165 172 0 264 0 0 0 262 126 211 109 0 0 0 233 246 0 251 238 0 281 0 0 0 0 0 0 228 216 0 0 0 0 0 227 116 0 225 141 203 0 119 0 0 123 0 195 289 0 0 0 0 0 0 275 175 0 151 0 224 176 142 0 0 122 285 0 0 106 0 0 294 0 209 0 271 200 228 0 278 0 0 0 174 229 0 0 126 0 148 0 140 249 213 126 0 277 0 138 204 0 173 0 0 244 262 0 0 0 127 139 311 150 0 0 0 198 0 242 0 0 236 0 262 208 0 150 0 0 0 134 122 261 230 0 0 151 212 267 0 216 197 0 116 0 172 0 0 0 0 176 112 0 0 191 242 0 0 258 0 0 0 141 0 297 0 190 222 273 0 143 137 148 0 0 267 0 0 210 169 0 211 151 0 180 0 147 155 180 249 199 0 0 0 157 264 140 223 0 0 136 185 0 0 0 190 0 256 230 222 0 0 284 0 264 114 0 0 234 284 297 0 185 158 0 178 0 215 242 0 257 0 0 0 0 158 277 241 274 133 0 0 256 0 287 137 176 245 125 0 0 0 145 161 205 241 117 0 0 0 176 0 117 0 0 147 0 0 176 241 0 137 0 247 0 164 215 0 183 266 0 0 180 0 0 0 262 282 0 0 140 193 307 0 254 116 0 222 123 0 144 264 0 0 143 0 0 195 0 159 131 0 0 134 173 298 0 0 286 223 0 0 248 279 0 278 0 199 272 198 300 0 261 0 275 0 159 0 0 205 0 0 129 216 199 0 156 0 0 101 0 274 261 198 0 274 182 220 0 167 244 0 244 222 0 119 234 271 238 0 270 234 225 217 0 0 0 129 0 264 0 184 123 301 0 125 0 167 0 0 115 221 0 0 0 0 219 226 0 186 0 247 0 0 0 0 0 0 0 0 0 195 0 254 293 0 117 0 139 189 258 0 0 191 0 147 137 0 0 0 0 306 270 149 137 0 285 0 0 131 300 0 248 0 278 0 0 0 170 181 0 0 244 0 0 148 113 119 222 0 0 0 253 97 122 222 0 0 220 276 0 202 137 0 248 168 0 0 286 0 0 168 0 0 0 201 0 112 232 134 0 0 0 0 256 318 256 278 0 0 0 193 178 0 0 147 0 0 167 211 0 0 0 180 0 181 0 0 189 0 162 252 239 218 0 175 0 0 193 0 229 99 243 0 125 197 0 131 105 0 276 272 0 0 0 0 212 131 241 0 165 0 0 171 144 276 122 272 252 186 0 0 139 0 102 310 0 215 0 0 0 0 158 0 0 185 0 266 142 298 0 0 0 0
0 294 0 171 204 0 0 0 0 225 264 157 272 0 0 0 0 0 270 0 131 0 251 181 212 188 0 0 0 0 0 207 0 239 0 205 0 210 147 0 0 0 141 0 196 0 0 284 227 0 269 258 0 0 250 162 0 264 128 133 0 133 0 0 282 0 0 165 238 0 211 0 118 0 226 250 264 266 301 0 173 114 245 0 0 0 0 0 0 283 0 158 234 154 0 150 145 255 201 0 268 105 115 0 127 0 264 0 0 0 0 0 268 0 116 127 0 193 0 0 0 0 0 0 0 0 196 0 0 176 0 157 0 106 0 165 0 179 301 117 150 203 0 277 205 107 198 159 0 0 272 0 278 276 0 282 216 0 0 278 190 0 101 187 0 0 0 0 252 300 278 163 0 267 170 216 0 0 258 166 104 0 266 0 0 167 204 0 257 0 0 174 0 0 0 196 214 128 0 0 310 204 255 184 0 289 0 0 0 0 0 0 0 113 124 0 0 258 111 174 280 0 189 271 153 0 0 0 160 133 0 281 0 252 0 203 0 0 175 0 0 195 0 144 242 105 135 0 0 0 0 231 0 0 0 126 0 267 0 194 293 0 275 0 0 213 177 0 203 0 201 0 224 0 171 225 0 154 0 0 251 0 0 243 0 0 0 0 0 223 177 0 0 112 310 0 0 0 0 183 277 187 0 281 0 148 150 0 298 0 0 157 267 0 0 0 288 173 200 175 256 0 0 117 0 0 93 0 221 246 0 119 197 0 211 0 221 120 0 273 0 133 0 235 135 165 0 128 0 175 0 180 0 0 269 0 0 0 0 0 0 296 0 219 142 0 0 272 0 189 166 123 311 231 0 294 194 124 267 156 181 272 0 137 0 0 235 0 0 0 193 225 0 129 0 118 208 0 179 0 0 0 0 139 0 134 0 308 301 267 0 0 173 220 183 238 0 227 0 0 298 0 241 0 302 0 210 122 189 284 185 0 255 102 0 131 254 0 0 257 0 0 0 209 0 0 0 157 268 0 213 110 0 118 125 0 0 0 220 220 0 193 0 158 0 0 0 213 0 179 137 277 0 0 164 125 137 0 0 134 280 0 0 0 0 168 0 250 265 244 0 0 0 0 0 274 174 0 154 286 135 0 0 225 0 216 0 0 0 0 137 0 200 168 0 121 142 0 0 0 0 0 225 0 0 291 198 0 0 0 105 189 0 121 0 0 137 225 0 309 0 0 126 0 263 0 0 0 208 0 0 138 0 114 317 0 0 278 0 0 0 288 176 0 145 0 0 0 185 128 0 0 238 146 289 230 254 0 0 150 0 323 0 0 159 263 0 141 0 223 258 0 202 0 215 223 305 131 224 0 112 228 0 0 118 0 257 112 114 0 263 261 0 197 0 185 0 0 134 244 0 148 144 0 0 0 156 0 236 228 0 271 126 0 129 163 0 117 120 0 143 0 0 0 0 170 252 133 0 139 0 0 145 0 128 0 0 174 0 0 0 271 0 0 260 278 0 299 180 142 207 0 181 107 0 113 0 0 128 124 149 191 238 251 254 267 274 294 273 162 0 239 300 300 202 0 129 205 0 0 246 282 108 0 243 171 0
0 0 102 112 0 182 0 0 0 0 0 0 105 0 0 0 121 116 204 0 0 244 0 111 0 0 290 0 201 0 0 198 115 166 214 233 116 0 215 177 206 0 272 107 0 161 217 246 276 145 0 0 276 289 207 286 0 0 0 0 0 137 307 0 0 0 0 0 0 199 0 141 0 149 0 0 124 0 0 277 121 193 201 0 0 0 271 0 0 0 0 0 104 158 0 0 258 0 0 0 262 0 0 150 0 275 0 243 0 0 118 0 202 0 0 0 277 0 0 0 120 0 150 257 230 0 0 0 182 163 0 0 0 145 0 0 0 0 100 277 0 196 236 217 213 0 0 0 129 0 159 158 0 0 0 108 287 233 258 0 250 147 148 0 267 119 0 191 126 0 151 0 249 242 197 0 143 0 184 264 0 0 153 0 118 167 208 0 238 0 259 0 0 185 0 145 135 197 262 244 233 0 0 197 223 0 0 173 225 261 0 118 0 0 0 0 0 0 0 0 0 259 0 263 122 0 206 0 0 201 0 286 109 0 0 0 0 120 0 0 210 185 0 289 202 230 0 167 0 0 0 0 0 153 185 136 0 0 0 271 143 0 149 179 142 0 167 0 126 204 0 0 149 0 0 146 247 128 168 227 0 0 203 281 0 118 277 103 152 151 0 0 0 230 0 0 0 250 249 0 179 0 184 0 215 244 212 0 120 0 232 200 0 0 0 0 271 0 0 0 0 0 0 121 266 0 0 0 119 0 103 281 179 109 0 173 0 0 0 266 210 320 0 0 0 186 0 128 180 0 206 272 0 229 0 128 249 0 113 109 0 0 111 0 159 245 0 0 0 146 126 0 0 0 240 226 224 114 145 215 226 168 182 0 0 122 0 0 120 0 222 277 0 191 200 0 263 0 0 0 153 0 216 128 146 204 0 170 0 206 207 294 0 190 179 0 120 0 229 0 225 189 187 187 0 0 265 193 0 0 265 0 198 0 0 112 0 147 215 301 0 0 0 0 0 270 224 0 0 0 0 0 194 0 0 274 0 0 0 309 283 246 180 0 0 0 230 171 0 0 232 0 0 240 0 231 227 261 0 97 283 0 0 0 0 0 199 263 0 253 0 0 243 298 146 244 0 0 293 138 177 0 251 0 225 256 0 251 157 0 0 245 224 0 117 294 163 0 0 194 0 0 0 0 137 119 189 153 0 275 0 0 0 184 0 0 175 216 0 156 250 235 0 231 0 0 273 143 262 0 0 206 135 212 256 0 0 0 292 261 0 0 174 0 279 236 233 0 0 209 224 0 108 302 275 0 275 0 147 0 138 200 187 169 0 0 249 0 224 0 256 172 288 129 0 120 0 0 280 0 145 239 0 0 0 244 225 0 0 109 0 120 0 204 215 0 189 0 0 0 0 0 263 271 99 0 150 0 0 300 0 0 185 0 0 255 0 0 191 229 0 241 0 261 0 97 175 0 0 0 0 180 0 0 235 112 0 234 0 277 0 0 0 0 0 0 0 237 200 0 0 161 275 0 0 214 0 0 0 158 111 281 214 108 176 199 0 224 0 0 0 0 0 0 0 0 0 164 0 0 0 0 269 251 147 0
0 204 160 115 131 261 0 0 0 256 0 0 148 0 0 118 0 260 0 0 0 0 0 237 134 0 0 0 0 0 0 0 253 0 0 288 289 222 0 0 192 104 140 114 0 208 0 0 0 260 113 0 199 0 266 175 225 0 119 0 215 0 246 109 204 249 236 0 0 0 131 278 120 106 108 215 0 0 190 221 0 126 251 0 0 187 282 0 147 166 0 221 0 217 0 0 0 125 0 224 105 263 153 0 0 178 0 245 281 177 0 0 0 0 0 0 0 0 0 180 134 230 0 0 109 0 0 197 0 186 0 0 0 298 0 0 269 191 254 293 190 0 0 0 0 0 184 0 0 0 0 0 0 0 251 0 212 0 218 0 0 252 136 206 303 134 0 181 234 248 0 0 0 145 138 0 136 258 0 104 0 0 0 132 0 0 0 0 0 188 195 189 123 0 144 0 0 107 130 149 291 0 0 0 104 121 0 0 0 0 0 0 0 218 0 225 0 312 243 180 0 110 144 225 0 0 0 260 0 0 0 0 0 0 0 0 0 0 0 268 0 262 0 0 272 0 0 0 257 0 119 161 145 241 0 124 113 0 151 222 0 111 0 0 260 0 157 217 0 240 0 258 0 135 134 0 0 239 0 0 0 259 0 213 0 281 0 143 211 0 0 0 0 102 0 0 285 122 259 232 182 236 0 0 134 0 0 306 0 187 135 0 193 0 0 0 0 0 203 161 0 130 0 172 0 197 0 110 188 108 194 0 0 122 0 127 0 108 239 117 131 142 262 169 132 136 0 0 0 179 190 215 0 0 0 187 241 0 0 0 0 209 263 255 282 184 0 0 0 118 191 137 227 192 142 146 0 0 0 183 0 0 128 293 0 273 164 0 0 161 0 0 163 0 0 262 0 0 0 0 206 0 0 122 0 194 0 0 254 149 0 0 308 0 0 0 244 118 133 286 0 200 0 0 0 159 268 247 0 0 0 0 0 241 0 0 0 0 0 154 137 282 219 268 188 292 164 0 189 147 0 193 0 0 0 125 0 0 283 281 238 0 0 143 109 0 171 218 235 0 0 206 286 121 0 0 0 0 0 0 0 0 0 0 203 0 216 0 0 0 0 0 0 0 274 0 0 197 0 0 230 0 209 0 0 259 0 0 0 0 117 0 0 0 0 229 0 0 0 0 133 0 0 0 140 0 0 0 148 0 0 0 0 272 241 103 241 0 106 271 0 0 0 0 0 124 0 227 0 128 104 171 0 0 211 0 0 266 0 0 197 0 0 0 0 183 161 0 285 116 120 163 0 154 0 102 142 0 273 106 146 0 282 177 178 0 0 189 171 0 116 0 287 0 258 128 222 0 231 263 120 0 0 0 0 0 168 0 224 238 0 309 132 0 206 0 0 0 0 277 0 0 0 146 0 157 207 250 263 0 182 0 260 0 0 265 0 123 164 231 0 131 0 292 0 115 274 0 147 0 242 283 119 0 0 140 0 276 0 302 0 0 0 0 197 271 187 109 0 304 0 0 234 217 0 0 0 0 165 142 0 140 0 279 0 0 0 0 193 0 0 0 0 0 142 0 0 189 189 0 0 0 0 0 0
0 0 182 0 0 0 0 0 0 0 208 0 145 109 0 0 0 248 255 0 0 239 0 0 0 140 177 229 0 184 0 0 0 201 191 0 238 0 0 0 0 0 0 0 0 0 0 0 0 0 0 148 202 0 117 0 0 133 153 146 144 0 0 188 212 0 0 0 213 133 154 0 0 0 0 0 0 162 0 0 0 236 253 0 0 162 0 0 195 0 0 199 0 0 0 0 0 0 177 0 0 0 116 0 0 0 0 113 0 104 0 189 124 256 191 0 108 0 0 219 0 0 0 261 0 0 0 0 162 0 180 104 0 0 246 0 0 0 0 196 0 0 159 253 0 228 0 0 0 266 0 138 221 0 101 0 211 165 241 0 0 0 263 0 209 0 208 149 0 0 0 209 0 188 175 0 0 0 156 126 213 209 0 0 238 0 179 97 121 180 0 192 130 0 0 0 0 251 0 138 0 222 154 0 0 299 0 141 275 295 282 295 0 219 0 0 0 0 0 0 105 0 129 303 261 0 181 0 0 254 0 276 286 155 108 281 0 107 0 248 0 139 0 0 0 0 0 214 235 117 104 0 0 243 0 251 0 0 0 0 0 171 275 136 0 144 0 147 0 0 253 0 0 0 0 266 0 0 254 238 0 0 144 0 0 199 0 0 0 153 0 0 0 288 213 135 237 125 0 0 0 0 0 174 0 108 168 0 277 165 0 148 0 0 0 0 132 0 0 0 157 125 125 202 0 0 180 0 122 0 189 0 0 0 303 0 198 110 0 128 0 198 128 0 138 0 218 0 0 288 134 0 0 276 187 0 158 0 196 257 0 150 0 0 0 0 179 0 0 211 0 0 0 194 0 0 0 198 221 0 0 0 228 0 286 110 0 156 0 0 299 218 0 262 221 0 0 0 0 0 0 270 193 0 0 125 0 0 189 229 0 0 235 0 0 0 272 0 0 0 0 160 0 252 0 252 0 143 0 0 112 120 0 315 0 0 106 258 121 0 0 0 281 0 0 0 283 0 194 0 201 124 0 0 280 157 0 0 234 0 210 167 140 126 0 0 0 233 0 0 0 0 0 255 216 0 173 0 201 226 0 134 100 0 0 0 0 176 0 106 256 173 194 229 175 239 246 0 205 0 0 0 0 203 285 211 0 0 0 0 116 156 0 117 0 201 0 167 298 0 284 101 0 0 143 0 0 0 0 0 0 229 0 0 269 0 277 0 0 0 290 0 121 231 136 0 0 0 284 153 164 219 111 0 261 96 109 98 0 200 271 270 162 207 204 0 306 198 143 0 0 0 0 0 251 0 0 0 211 251 184 0 238 151 0 0 215 0 0 0 0 0 0 251 297 0 0 0 149 0 0 0 0 0 0 228 0 0 0 251 0 110 0 241 121 216 0 166 105 195 0 0 167 0 194 0 223 242 0 223 183 129 226 0 254 0 0 0 194 0 0 216 98 209 0 0 0 0 0 0 106 254 101 111 220 0 0 286 98 253 0 253 242 0 0 154 220 295 154 119 0 0 277 0 0 245 203 0 0 0 272 0 151 0 0 314 0 226 0 148 0 182 179 0 0 138 129 0 133 190 176 307 204 0
0 0 0 308 189 0 0 132 0 0 0 255 295 248 0 220 0 0 0 147 317 95 0 0 154 242 183 0 0 0 202 216 148 0 280 264 0 157 128 0 257 157 0 0 138 0 193 240 0 233 0 0 176 214 240 0 283 139 0 271 104 0 0 116 203 200 0 0 300 295 149 0 0 236 262 275 258 297 251 300 0 280 145 0 246 140 189 246 143 184 127 128 0 185 189 239 255 182 0 258 0 0 0 0 203 135 0 0 0 252 99 167 0 0 0 0 116 235 0 210 0 228 0 267 282 0 115 254 202 0 147 225 0 120 117 99 307 0 0 204 0 0 296 0 0 0 0 188 105 0 222 0 241 253 198 173 0 0 0 0 0 0 214 244 256 217 0 235 0 0 0 199 0 156 0 0 0 163 195 104 215 258 301 0 238 144 281 288 0 235 150 211 108 170 192 0 158 0 259 238 0 153 0 0 210 159 149 241 0 0 0 290 257 0 150 220 0 120 0 227 0 0 115 218 0 292 0 240 246 0 234 257 242 257 0 170 176 0 129 0 133 0 0 0 154 142 292 156 161 0 262 202 135 120 99 219 126 0 0 0 245 207 0 221 165 0 0 116 114 250 0 257 0 188 203 0 0 150 176 176 153 0 151 0 0 198 0 0 103 0 134 0 152 0 269 260 197 0 209 0 106 278 0 266 0 155 157 233 255 0 0 132 0 0 237 0 153 274 0 0 0 0 178 286 0 0 241 289 0 293 0 0 239 135 0 202 124 0 174 288 132 169 260 256 165 0 0 136 250 0 220 199 250 222 211 0 209 0 171 0 242 0 266 132 0 106 0 226 0 160 251 252 233 0 0 0 158 0 220 0 0 0 0 0 176 0 264 178 229 0 0 217 214 0 0 251 201 280 0 0 150 196 232 246 0 0 276 272 0 205 0 0 278 132 0 0 0 186 276 271 0 0 309 221 150 107 0 0 0 0 0 176 0 0 152 218 110 275 107 0 0 105 284 167 0 142 0 0 0 0 0 131 0 0 0 152 0 0 0 227 291 0 0 0 0 273 0 217 118 216 0 289 217 204 0 0 140 267 156 107 147 0 0 0 114 167 99 0 0 99 0 154 0 173 196 221 0 227 115 244 0 0 0 0 0 237 0 0 273 218 287 276 0 0 0 0 0 182 0 0 234 0 280 0 0 166 222 129 152 0 197 0 244 248 0 0 0 0 0 228 0 0 259 177 148 0 0 0 0 145 0 0 0 0 0 198 218 0 278 0 159 0 0 0 122 0 147 0 0 0 0 186 166 0 0 0 0 184 110 200 0 120 144 0 0 114 149 0 236 210 0 131 202 0 157 111 0 0 200 256 0 113 256 0 0 298 189 304 0 0 0 170 0 0 135 0 0 0 0 121 172 0 0 195 0 0 285 0 0 178 0 0 294 0 0 0 0 233 210 0 0 0 0 139 155 0 252 0 301 0 176 0 150 0 0 195 190 0 0 0 0 174 0 0 214 229 0 168 0 169 0 101 0 272 148 0 183 0 0 0 122 132 191 0 0 176 0 182 222 0 0 0 0 0 148 248 0 0 230 0 114 0 0
0 0 146 0 0 0 186 249 0 110 0 0 291 130 137 0 0 0 233 115 0 0 0 0 217 130 0 265 162 0 109 209 160 0 0 262 0 262 133 0 101 0 0 205 0 158 0 136 250 0 186 195 141 0 0 0 265 245 0 0 113 267 0 210 0 99 0 151 0 177 0 278 152 228 0 0 0 0 0 224 0 0 181 0 161 200 192 0 102 0 0 0 0 0 0 188 0 171 160 207 158 0 0 0 0 0 0 0 0 0 155 130 263 204 0 0 0 0 0 0 220 0 0 0 0 101 0 136 189 247 0 0 0 0 0 254 0 0 142 0 0 261 0 0 0 0 0 0 0 0 261 135 0 279 0 200 205 0 103 0 0 0 194 131 0 230 113 0 278 0 0 228 0 0 0 0 147 145 0 214 0 263 164 257 133 114 0 0 280 153 0 177 132 0 0 113 0 0 168 129 152 0 0 0 106 0 0 0 177 123 0 156 209 181 249 195 104 282 0 133 269 0 0 0 0 293 200 0 0 0 0 280 0 298 0 0 302 0 0 0 0 0 0 305 0 0 245 315 0 0 111 225 209 124 199 252 117 129 0 0 0 0 117 231 0 0 174 303 0 0 0 0 0 125 196 0 109 0 293 289 128 0 304 0 0 0 161 0 216 251 286 0 0 252 0 164 0 0 0 265 127 117 0 0 143 0 218 0 0 271 0 227 152 184 131 133 227 0 126 0 0 184 0 167 0 0 203 0 130 0 0 195 0 169 0 0 0 131 0 277 0 0 0 249 0 0 0 0 245 0 262 0 244 287 0 0 251 239 0 135 0 0 0 194 256 199 0 130 205 288 0 253 0 207 0 250 0 285 166 129 247 0 292 135 0 0 293 0 0 0 240 165 0 96 185 0 201 0 0 0 0 218 100 262 0 0 140 142 0 287 0 0 0 293 0 0 183 178 280 0 217 199 0 0 0 149 0 0 179 0 0 0 287 193 0 211 169 0 0 0 115 255 0 125 176 0 97 0 230 284 0 116 117 0 195 0 0 256 0 180 281 274 0 0 0 267 151 114 0 0 161 0 0 243 0 0 145 171 0 0 0 0 0 0 177 0 189 144 0 225 150 0 0 153 0 127 0 0 164 293 216 0 0 0 0 0 194 188 248 0 200 117 0 131 132 0 0 0 0 242 0 113 268 0 287 0 0 0 159 243 140 204 104 144 0 0 0 223 0 0 258 0 0 0 0 179 126 181 171 225 0 292 193 0 0 199 0 228 299 143 110 0 136 0 167 0 155 257 0 215 290 0 0 118 117 0 0 109 123 234 193 261 151 285 200 0 172 0 0 0 0 260 217 0 0 0 0 248 0 0 0 220 177 0 226 0 0 0 296 220 0 150 0 164 288 0 0 208 0 0 276 0 0 224 112 0 273 0 0 0 0 121 0 0 0 134 238 0 0 0 0 240 178 282 220 208 180 0 0 0 0 224 104 0 111 142 0 255 0 0 0 152 153 219 0 0 283 148 108 105 0 225 0 155 260 0 0 176 0 208 0 222 114 0 235 246 107 259 0 165 301 0 0 0 0 0 238 0 0 250 256 0
0 215 269 0 178 224 0 0 0 0 0 0 0 0 267 0 0 141 0 0 120 0 319 116 294 0 0 271 0 253 268 222 0 0 132 0 145 169 0 0 0 0 300 0 111 140 142 0 189 280 0 266 180 239 0 0 290 100 241 294 284 0 210 192 0 0 0 241 209 0 156 98 0 165 243 0 0 182 0 0 197 0 0 290 0 101 0 0 0 0 179 201 0 0 0 0 229 217 0 278 0 0 0 310 0 162 135 129 0 213 126 188 305 0 248 0 212 0 148 169 0 225 165 0 172 277 180 170 252 223 249 0 138 165 127 0 0 0 164 140 265 163 0 0 0 159 238 0 0 0 0 0 221 127 279 0 142 226 205 0 0 0 0 0 269 279 0 214 0 0 0 0 0 0 211 254 0 0 0 0 0 229 169 0 0 231 278 150 222 0 292 306 0 206 0 0 311 0 118 0 0 0 0 164 229 298 269 244 252 0 0 0 259 0 226 0 0 191 111 186 157 182 0 243 0 0 248 0 0 0 0 0 266 248 182 154 0 0 231 0 258 190 0 212 189 221 162 154 0 0 245 0 0 284 0 0 152 204 0 0 196 0 0 0 217 283 0 0 0 235 227 191 306 190 0 0 230 197 0 0 0 0 105 113 0 0 242 0 122 0 0 206 275 0 0 0 259 0 145 0 254 0 0 0 183 0 240 0 170 242 0 99 0 0 133 125 145 0 0 186 192 0 0 108 267 154 209 186 0 0 0 0 142 217 0 274 0 299 308 0 0 0 0 225 267 0 0 0 177 0 0 0 0 0 164 99 167 221 0 0 0 187 255 0 209 0 243 105 117 166 108 0 132 283 125 0 0 0 150 281 168 0 143 112 0 158 0 0 148 0 0 0 143 277 283 0 0 0 117 0 0 121 0 0 0 144 113 178 0 284 290 0 0 0 278 0 189 0 203 199 236 154 261 254 274 208 0 143 0 0 0 138 238 174 242 148 0 139 105 155 196 266 202 212 0 0 0 0 0 187 234 0 0 264 0 150 0 193 194 0 0 0 0 0 0 265 272 0 180 0 170 184 0 187 313 280 307 0 209 0 0 0 189 251 0 0 0 293 252 0 296 0 236 275 178 221 0 234 0 230 0 167 0 231 167 0 0 0 274 0 0 0 124 0 0 161 237 0 188 284 224 103 0 281 258 151 267 146 0 0 216 0 285 0 257 0 228 232 232 205 0 0 0 0 187 0 0 0 127 164 0 0 141 0 0 169 0 198 0 0 163 201 0 0 0 299 0 0 0 253 0 308 0 135 0 240 280 206 0 122 0 95 0 135 229 0 155 0 0 0 201 0 99 0 129 0 0 115 0 215 184 97 0 198 0 0 0 0 276 0 0 164 106 0 0 0 0 208 0 214 0 0 0 0 205 175 0 225 0 0 0 0 222 0 242 209 183 276 232 0 0 0 224 274 0 137 0 0 0 0 0 0 0 0 284 0 130 0 134 135 0 0 0 0 162 0 286 280 172 0 137 240 273 0 203 0 299 0 0 0 149 138 0 207 128 0 243 177 0 0 0 0 270 191 275 156 0 0 193 249 0
0 255 0 0 0 233 178 160 298 180 0 0 160 269 140 294 158 0 177 0 117 252 168 0 178 0 0 198 0 151 202 0 300 0 0 0 183 0 0 212 0 0 184 169 180 232 0 131 199 276 269 250 277 0 0 102 0 172 179 111 194 266 109 310 129 246 0 0 0 0 0 119 241 301 232 223 0 157 0 0 182 0 0 0 0 250 0 264 0 105 150 0 97 111 154 0 0 0 0 105 243 234 156 228 0 0 0 262 0 0 0 106 0 246 310 0 0 244 235 0 0 159 0 109 0 0 0 0 285 294 0 0 125 215 0 231 0 252 0 256 0 0 106 223 0 189 287 159 0 0 0 301 0 0 209 176 211 0 0 281 0 259 0 0 0 0 0 276 0 0 180 286 229 297 0 0 0 297 0 0 0 0 0 0 208 0 0 0 0 103 0 304 0 181 146 116 0 136 0 207 214 184 293 0 170 180 0 0 0 0 0 219 200 149 194 0 165 257 260 0 0 281 264 0 0 191 0 0 239 0 0 162 201 0 0 230 0 0 272 145 0 0 128 0 0 272 0 197 0 0 296 277 0 145 178 230 0 164 0 294 101 139 234 0 0 284 112 0 0 261 0 0 265 0 263 0 270 0 274 0 290 0 159 0 114 214 272 0 0 0 0 161 118 154 189 0 276 230 0 112 280 107 121 0 0 224 140 0 184 0 117 144 183 245 136 0 0 254 0 0 126 0 0 148 241 163 189 286 0 0 284 0 0 124 238 0 106 306 0 228 186 263 0 230 0 129 0 205 0 213 266 192 301 0 0 0 0 122 232 114 180 186 267 0 0 0 232 206 113 0 0 126 0 0 267 165 0 0 0 258 0 126 273 271 134 0 0 231 0 0 0 121 0 0 203 0 0 226 0 0 0 0 181 0 260 0 218 277 212 233 238 0 107 0 299 0 0 122 0 0 189 131 0 0 0 237 0 137 0 0 0 107 256 0 0 284 224 124 100 191 0 0 158 200 0 189 163 125 0 149 257 162 0 236 0 0 0 0 0 0 280 0 0 298 0 233 120 233 130 107 289 0 0 0 0 0 125 280 0 0 240 0 0 288 0 0 149 0 0 225 205 131 0 302 0 0 0 0 0 0 0 0 0 124 0 179 144 214 0 0 0 0 0 0 245 0 0 0 120 224 0 109 0 187 244 243 0 126 0 0 0 0 0 0 286 0 0 155 213 319 249 0 0 106 0 119 302 0 0 203 116 0 172 0 104 174 0 0 189 249 181 160 162 0 220 273 0 0 275 0 0 215 0 0 0 0 251 191 0 0 298 0 0 234 208 220 0 0 238 0 0 0 273 0 0 0 0 254 240 216 185 222 195 128 0 0 0 0 229 0 257 0 249 0 0 154 236 193 201 0 147 0 102 0 292 195 266 171 0 188 0 0 0 0 165 0 0 0 245 237 284 0 137 180 136 0 0 0 0 217 138 0 0 0 183 171 0 0 0 283 158 224 0 138 214 0 0 124 252 0 0 0 266 0 279 0 0 0 117 175 0 116 176 0 0 0 297 155 0 295 0 151 0 0 0 165 0 0 121 0
0 118 0 0 187 0 106 206 0 253 0 0 174 0 0 0 173 180 0 239 286 114 191 0 100 0 218 291 0 0 0 0 109 225 280 0 0 277 278 214 0 175 215 200 0 219 244 239 0 285 193 0 142 0 185 0 298 252 121 227 167 172 0 110 0 0 232 308 0 294 0 206 182 0 150 201 201 265 0 252 183 0 261 143 0 0 129 0 0 0 0 0 108 216 155 154 279 261 0 152 0 0 0 231 284 0 0 208 160 126 262 115 216 0 166 195 0 168 0 187 196 147 257 0 0 277 222 0 0 289 201 0 0 0 286 182 123 130 0 146 116 259 0 0 215 0 0 0 0 0 259 0 0 277 0 299 0 239 0 155 170 0 117 165 240 147 164 169 215 0 177 236 107 0 0 275 279 0 264 0 291 143 0 0 190 0 139 290 216 153 169 197 263 169 277 168 0 294 0 213 0 121 168 203 0 0 0 123 180 280 0 248 128 0 179 179 144 0 127 0 172 0 0 162 0 275 0 318 0 0 102 283 175 130 0 0 0 146 0 0 291 0 0 277 0 0 0 0 294 233 117 0 118 0 200 111 0 135 114 0 0 0 0 152 0 0 0 296 0 216 283 0 0 0 130 0 150 0 0 0 162 0 118 194 0 0 0 0 295 129 0 279 0 300 0 0 241 169 290 193 209 0 0 195 255 139 184 0 0 180 0 0 0 0 171 178 132 104 0 271 0 238 0 265 270 274 0 277 225 177 0 118 116 220 0 0 0 0 0 97 0 0 197 0 0 120 0 0 213 100 257 0 145 147 221 0 245 0 220 0 179 200 277 0 0 255 186 232 161 281 0 0 183 170 283 0 0 0 188 276 269 151 0 282 0 133 102 0 0 154 0 121 0 0 256 252 304 174 0 0 227 0 0 280 292 188 197 132 167 0 160 0 0 0 176 173 0 116 244 0 0 0 203 0 248 0 0 0 0 0 0 248 275 0 0 223 0 0 0 0 0 288 258 261 308 0 188 220 136 226 215 262 0 0 97 144 97 0 140 265 0 0 235 0 149 209 0 0 195 103 287 211 0 0 0 0 0 0 155 0 0 308 0 0 249 186 165 237 277 0 219 0 223 155 158 0 156 0 204 0 204 0 165 0 248 0 302 285 0 0 224 98 0 248 164 165 284 0 0 0 183 0 247 148 0 0 0 0 0 148 101 128 0 238 0 220 239 213 183 0 234 192 117 266 278 0 182 0 0 0 170 0 0 268 196 0 0 0 293 225 0 274 204 0 135 187 276 109 0 296 235 0 0 201 0 0 216 0 166 0 0 0 0 0 284 176 0 0 198 227 263 0 229 0 148 126 0 0 274 191 0 0 0 0 0 277 174 158 0 0 0 159 107 0 286 238 221 0 237 0 0 0 0 0 0 0 256 261 0 0 0 0 271 114 112 0 285 143 0 0 136 196 0 0 221 251 0 0 270 0 217 284 157 0 0 0 0 247 0 235 0 0 110 0 210 175 190 0 108 160 0 224 205 221 0 0 0 263 0 0 256 153 0 289 246 161 0 225 0 0 0 164 277 0 266 0 242 197 0
0 0 0 0 0 233 240 287 234 0 223 0 0 0 182 247 245 0 0 179 0 188 290 260 0 0 0 248 291 0 270 0 0 0 164 0 160 0 0 0 0 226 197 254 0 133 183 0 154 0 276 0 133 203 0 0 0 0 0 168 0 277 156 0 171 229 142 153 0 132 247 225 120 192 0 223 302 0 255 0 0 190 0 0 0 323 0 0 200 0 0 0 179 142 186 0 179 0 170 0 293 168 0 0 0 156 0 0 181 0 0 0 265 219 0 245 0 0 208 222 0 257 0 0 191 272 0 120 310 0 145 123 0 0 0 178 0 246 148 0 104 228 173 223 0 0 175 0 130 0 158 0 0 254 0 0 0 0 294 0 0 0 0 0 0 214 0 0 308 235 210 0 0 0 270 286 185 0 0 255 200 0 287 147 232 0 0 0 262 0 0 0 0 144 195 0 284 265 0 179 0 0 262 184 229 210 0 0 0 231 0 176 301 0 0 0 0 0 139 0 0 0 0 275 138 0 263 0 286 131 0 0 0 221 0 140 296 205 290 160 0 0 181 0 128 215 0 274 315 213 0 131 209 119 188 0 152 0 0 0 273 0 0 0 0 216 0 0 0 209 0 116 106 143 256 254 230 187 0 0 0 0 0 203 0 0 114 251 0 170 289 284 0 0 0 0 0 0 231 262 237 0 0 0 0 189 123 229 155 304 270 115 210 123 0 0 204 132 171 0 208 0 0 133 0 0 0 291 0 292 283 127 264 0 0 260 249 150 0 0 132 230 173 0 0 0 182 114 0 0 0 112 184 0 0 200 199 0 0 113 0 0 295 0 139 245 0 0 104 0 102 160 104 0 134 0 124 290 0 203 139 157 173 234 140 121 0 0 0 257 0 187 0 0 0 0 0 0 120 286 0 0 113 282 131 0 99 0 0 0 186 0 213 210 0 0 0 0 0 0 0 291 0 189 0 0 0 0 0 0 0 0 0 293 0 218 0 188 246 0 0 0 189 0 0 287 264 287 172 0 0 212 191 0 147 0 0 246 275 262 0 0 283 0 0 0 235 294 106 210 0 0 0 0 0 0 0 0 0 0 0 0 0 0 130 0 260 106 0 0 0 0 0 0 0 215 194 0 0 96 0 0 0 262 0 317 269 246 268 0 0 0 210 320 0 186 124 0 0 169 0 244 0 267 0 112 0 0 0 250 212 0 0 0 107 0 0 0 0 0 0 0 0 177 0 0 172 0 142 0 216 116 0 0 258 229 120 279 168 190 257 0 148 0 0 273 123 0 303 0 0 272 137 0 135 153 0 271 181 262 0 0 98 0 155 200 202 0 0 191 259 237 0 0 209 0 139 173 211 269 257 0 286 0 219 0 0 98 242 0 0 0 234 0 243 0 0 0 245 0 0 190 259 0 0 0 205 0 135 0 0 127 0 0 0 113 156 0 0 164 239 253 115 0 119 0 0 0 238 0 0 0 0 0 242 0 138 0 136 227 234 294 0 0 0 0 0 140 219 0 189 0 0 247 270 0 220 276 264 0 117 0 0 149 161 151 201 0 102 0 0 0 0 210 0 309 221 0
0 233 246 0 295 226 0 0 241 0 119 0 0 0 0 244 0 0 172 157 0 279 0 151 0 197 257 0 180 268 0 0 136 0 191 162 0 222 0 0 283 192 246 0 165 0 137 0 0 194 0 0 0 0 115 0 0 241 0 203 252 140 0 286 0 0 0 0 277 208 268 241 0 0 0 164 191 0 295 0 0 0 259 141 291 0 0 0 143 0 286 0 0 0 0 241 140 0 0 157 156 0 132 120 248 227 0 242 0 249 0 0 0 0 212 293 0 176 134 0 0 0 229 0 206 0 0 0 179 0 0 215 0 0 111 0 131 228 181 0 244 0 0 250 181 174 231 0 0 0 0 0 99 0 0 190 0 200 0 0 264 0 0 163 0 198 0 0 193 289 0 177 0 232 0 0 0 133 159 0 284 0 242 280 0 203 254 0 133 243 265 0 0 0 270 142 292 0 143 0 0 0 0 252 0 0 114 187 0 270 278 110 146 224 256 214 97 177 0 0 0 205 0 248 0 0 166 276 0 0 110 208 136 172 0 197 161 144 275 140 0 163 272 0 0 282 0 153 0 182 133 189 129 0 146 121 0 195 0 163 237 198 199 140 268 0 0 0 0 193 0 0 0 172 0 0 0 0 0 0 0 167 153 261 0 221 194 149 170 293 0 266 243 0 0 127 0 251 0 224 0 216 172 167 0 177 0 250 0 212 0 191 0 179 243 0 139 0 261 0 140 0 249 0 0 187 208 0 0 231 285 0 0 147 221 0 0 134 0 0 0 254 306 0 186 0 0 154 0 172 0 0 279 0 0 0 0 129 136 231 115 0 0 253 0 0 119 0 0 247 0 0 284 200 0 0 0 0 108 183 197 0 114 197 0 0 0 0 248 0 102 0 123 113 196 168 217 0 0 156 0 0 191 0 248 161 237 165 173 148 252 151 166 0 0 0 271 0 140 0 285 155 125 130 0 261 138 0 184 123 118 0 284 0 190 0 0 264 0 0 0 175 237 214 0 0 263 159 127 0 233 0 0 288 219 0 0 0 0 134 120 0 0 0 0 0 224 267 219 0 0 0 294 0 215 251 0 0 0 0 0 0 0 198 279 190 0 0 0 0 103 0 0 108 0 0 0 196 133 211 188 0 282 0 162 220 0 0 223 282 0 205 0 0 265 0 0 0 0 0 0 236 197 244 0 148 99 0 209 160 201 0 236 227 291 0 0 0 181 140 166 0 189 0 144 0 205 0 142 0 234 0 0 139 260 243 237 0 0 0 0 0 0 0 175 0 0 231 227 0 0 233 0 0 252 0 0 0 185 0 0 0 0 175 0 285 0 255 0 192 286 0 244 224 233 188 0 139 0 259 0 0 0 0 0 0 0 0 0 227 0 216 267 214 0 0 262 264 271 183 107 181 0 0 251 0 310 0 0 160 0 145 113 0 245 0 0 0 170 0 0 165 164 0 0 203 0 164 0 0 269 0 168 253 257 136 132 0 0 101 0 0 132 176 158 159 0 0 0 205 0 233 179 165 251 0 172 0 143 189 0 0 110 0 265 0 250 183 140 0 304 0 0 0 0 0 0
0 285 0 0 292 0 0 199 0 0 0 170 103 0 0 0 0 248 126 138 222 0 0 0 183 117 0 0 248 0 0 173 0 0 194 202 125 0 182 269 0 0 248 237 0 0 239 0 315 0 0 0 0 236 218 0 0 0 0 0 211 119 0 115 124 212 0 0 0 0 0 131 137 159 0 173 157 0 232 0 236 0 0 288 198 171 141 0 0 0 118 0 0 0 0 261 0 244 247 101 278 185 205 205 137 140 132 124 0 0 0 172 292 293 0 110 234 0 0 274 0 0 0 228 0 177 0 259 0 117 0 0 172 0 0 0 156 125 308 175 0 0 0 304 0 0 0 0 132 202 168 248 142 269 0 0 0 0 0 236 0 0 120 314 0 242 282 0 277 0 0 200 0 0 0 0 202 182 0 0 0 173 224 259 261 120 0 0 164 131 0 160 251 143 0 294 151 0 0 209 99 245 294 283 0 253 188 227 142 146 290 0 0 0 324 159 0 0 208 275 101 0 280 0 0 0 114 125 0 102 173 162 142 147 257 0 172 0 157 0 0 0 0 167 0 0 0 278 0 238 0 0 0 0 205 0 0 0 302 289 0 0 0 130 0 0 0 170 0 248 0 164 0 0 0 159 0 213 216 111 0 139 0 0 167 206 0 0 0 0 0 165 293 208 146 171 289 199 219 0 0 0 274 0 0 0 0 0 0 220 0 0 267 282 163 0 105 0 106 0 0 0 0 130 136 104 0 0 219 134 0 228 0 285 106 102 0 0 0 0 153 253 136 0 175 0 202 0 0 187 194 223 0 151 181 160 0 0 0 289 138 224 0 272 0 0 141 279 117 152 0 0 0 0 0 0 0 182 0 128 207 230 252 200 0 270 143 0 224 268 260 262 0 0 227 0 0 0 138 0 0 0 128 0 279 0 0 0 0 223 230 149 253 0 211 0 0 0 0 227 136 176 0 0 0 230 213 262 0 0 0 225 0 282 111 0 187 266 0 0 0 0 114 135 0 0 0 105 0 0 0 0 0 0 295 276 133 111 176 144 0 0 137 141 238 113 0 0 0 0 169 158 0 240 0 0 196 0 0 0 216 198 103 0 0 99 0 187 111 0 0 191 190 216 122 0 0 284 0 156 259 0 121 0 0 204 128 0 0 0 0 0 0 0 230 0 0 0 107 234 0 0 0 0 117 0 0 237 195 0 285 0 0 0 151 0 0 0 205 0 0 243 0 135 215 156 229 110 138 0 157 217 0 250 0 0 0 0 180 254 227 0 0 0 0 186 201 125 0 0 262 0 0 0 0 156 0 0 0 251 0 115 252 0 0 0 0 179 0 0 0 0 209 213 0 0 0 0 0 121 101 0 0 280 187 158 114 0 0 0 0 0 0 274 0 0 266 296 136 309 102 0 292 254 229 149 0 286 143 229 296 167 236 0 0 0 0 0 196 0 207 258 209 0 140 288 0 0 115 231 0 0 163 172 0 0 318 0 136 0 247 0 281 202 260 0 0 278 117 159 130 289 0 0 0 0 243 269 264 236 0 0 112 273 0 202 0 169 0 0 250 0 262 0 0 0
0 0 0 0 0 0 230 0 0 0 0 125 146 0 0 162 0 0 233 114 239 0 0 0 130 205 0 0 0 0 0 149 149 0 0 150 238 0 0 178 215 0 0 0 0 236 276 169 0 281 179 144 0 0 114 0 117 206 0 124 0 163 0 0 0 277 255 0 275 113 284 0 0 0 0 0 0 0 0 0 0 0 112 0 128 0 271 0 224 124 0 0 0 131 164 0 0 103 144 0 0 127 212 0 0 207 272 128 0 0 0 0 0 0 175 136 0 117 160 268 292 0 0 294 277 240 0 178 122 216 216 189 114 240 0 0 0 0 0 285 0 226 172 200 183 0 0 0 117 0 0 170 0 0 0 0 269 255 102 0 0 249 0 0 299 206 123 0 0 0 0 0 0 0 216 198 228 275 0 226 232 197 171 286 0 132 281 230 107 282 0 160 0 0 122 0 0 0 0 282 0 231 252 272 126 0 0 0 117 232 227 0 144 204 139 0 217 159 239 0 0 247 246 0 0 163 271 297 252 0 251 217 0 285 198 277 0 0 0 0 118 210 231 0 143 0 0 129 0 206 182 182 0 260 0 264 0 0 0 102 0 0 238 153 0 172 198 0 117 152 100 266 199 0 108 0 116 0 145 0 153 0 249 0 0 0 290 249 0 0 275 162 0 106 0 215 111 211 0 0 106 0 0 144 0 200 0 0 0 0 275 0 189 0 105 0 0 206 0 195 0 280 0 164 173 0 95 0 180 192 0 0 274 159 0 136 152 238 309 0 0 286 127 0 143 122 280 0 152 0 241 0 0 108 0 0 0 0 0 0 0 0 250 186 182 0 159 0 245 0 0 0 0 141 0 222 262 0 0 216 0 0 0 0 0 124 0 0 0 0 285 0 109 137 163 0 154 259 234 0 258 217 282 234 177 154 0 215 0 108 0 280 290 0 262 171 0 113 0 0 0 204 0 252 0 146 0 0 0 0 0 127 124 0 0 212 0 0 0 0 198 0 297 284 0 115 0 0 0 283 215 167 128 173 0 145 0 0 0 0 296 0 0 246 224 194 0 0 0 0 0 254 0 0 128 0 0 0 182 0 0 0 0 0 275 0 0 0 252 262 0 0 0 0 250 0 246 156 0 127 0 0 0 0 0 0 0 153 179 105 0 172 0 292 194 118 0 108 115 0 0 142 0 255 218 0 0 0 162 0 0 0 251 0 264 0 225 107 270 287 179 0 225 262 153 238 0 155 167 282 116 302 200 0 0 115 0 0 290 0 191 0 0 107 110 144 0 263 136 217 239 0 145 0 0 0 0 193 0 97 199 0 0 217 0 0 167 0 0 0 163 99 0 216 205 0 0 263 0 161 106 110 0 252 159 0 238 175 0 0 137 252 0 273 0 0 0 0 149 236 122 0 0 160 0 285 226 235 0 289 306 167 0 0 137 0 159 0 163 0 236 0 0 119 0 0 272 0 0 208 254 0 0 120 119 165 106 0 0 0 121 301 0 210 0 133 0 0 269 0 272 228 0 0 0 0 0 141 0 0 148 0 0 0 0 155 0 284 0 0 195 160 210 108 0
0 264 180 121 151 0 0 121 0 151 0 0 0 169 0 0 0 0 0 0 0 0 0 187 0 0 117 0 0 123 123 236 169 192 274 0 141 163 0 0 251 125 0 0 0 0 257 0 150 0 0 0 107 246 0 0 273 0 0 195 260 154 0 0 0 0 134 0 0 0 0 0 208 211 0 0 0 240 310 0 0 0 0 0 141 0 0 0 0 0 0 0 267 307 0 0 0 251 0 0 260 215 102 301 0 0 0 0 0 0 0 0 0 0 254 226 221 241 0 0 220 221 229 0 0 240 147 0 0 0 0 144 0 173 207 252 0 0 236 0 0 0 187 0 0 139 0 0 0 0 0 113 0 0 128 0 0 0 0 0 105 190 154 287 101 0 0 276 115 97 137 0 0 0 0 236 129 179 0 0 0 0 198 0 222 275 206 0 195 0 0 0 0 256 0 281 294 0 0 0 147 0 0 0 203 272 153 158 0 0 136 0 143 203 0 166 128 180 164 130 106 254 209 253 148 0 0 0 279 0 114 249 135 148 0 0 197 142 230 0 244 0 0 0 177 0 0 0 181 0 0 0 162 0 203 246 0 312 151 178 0 0 227 118 0 0 217 0 0 220 252 0 0 182 181 116 0 0 235 124 0 157 0 287 120 162 187 0 0 0 0 260 0 131 0 0 0 0 275 0 0 249 0 0 142 106 101 0 0 0 0 100 167 183 0 0 119 256 0 0 0 184 240 0 125 0 127 0 0 233 0 170 0 292 0 0 250 0 0 0 0 222 0 0 294 0 0 218 136 0 123 264 0 0 256 147 0 0 235 104 141 0 0 215 0 0 0 234 0 0 192 261 119 291 295 0 0 0 0 217 0 204 0 139 0 270 0 209 175 0 0 0 265 267 0 178 0 0 0 0 0 117 0 0 0 176 301 0 242 283 110 256 0 0 0 0 197 151 118 134 120 253 133 278 196 180 282 0 0 0 196 0 170 0 306 247 0 270 253 171 279 203 112 0 0 159 0 0 0 0 0 166 0 0 139 286 0 268 275 0 231 100 0 270 178 0 0 165 0 0 0 238 0 277 218 234 0 232 291 0 0 0 0 0 0 178 253 163 147 151 115 0 151 0 0 0 296 135 206 267 246 214 187 285 0 0 0 176 229 211 0 0 0 191 200 160 237 150 140 144 0 160 116 0 97 257 0 123 0 216 0 0 165 142 0 0 132 227 262 0 239 0 222 270 153 0 155 258 0 0 0 0 160 159 0 0 225 293 0 100 250 0 0 176 0 141 140 292 288 179 121 0 0 0 0 205 299 0 0 202 240 0 160 244 168 121 0 307 192 177 0 0 0 0 0 158 0 0 274 0 214 0 0 311 0 183 160 0 116 0 202 183 0 0 0 0 171 0 150 276 0 0 246 0 288 264 0 0 188 0 310 0 0 131 246 180 142 0 0 0 96 173 137 266 270 161 237 234 0 160 0 286 148 145 0 0 0 0 103 265 254 226 0 0 240 0 0 292 130 140 297 99 0 0 290 143 151 259 135 0 207 0 0 0 169 0 195 0 0 0 0 106 215 0
0 0 0 0 0 0 256 220 238 214 192 218 132 194 0 170 103 188 173 0 0 0 218 0 0 182 0 0 0 311 0 0 298 0 0 0 0 160 0 0 155 127 0 0 0 119 207 126 223 138 140 0 0 0 0 0 0 274 0 288 0 0 282 299 274 0 0 234 0 108 0 0 179 278 0 0 142 282 130 127 144 0 285 0 0 0 292 0 202 146 205 0 130 130 222 0 0 0 118 125 228 103 0 0 0 0 0 180 222 0 0 0 254 298 0 0 264 201 140 0 275 199 118 268 0 0 0 0 0 182 151 129 108 0 0 186 190 120 0 238 306 0 233 0 171 204 0 136 158 105 135 292 0 0 158 154 291 0 0 0 221 0 121 202 184 300 141 0 212 0 128 0 167 0 0 229 0 147 212 146 285 257 0 0 167 0 0 0 300 0 0 0 277 295 0 0 0 170 0 0 218 0 0 287 0 0 250 0 0 273 249 289 0 0 0 0 190 218 0 0 131 178 123 165 0 115 0 0 254 303 0 217 0 123 0 0 0 153 250 0 0 0 0 288 286 0 152 279 188 0 155 0 0 273 201 0 0 198 116 0 0 204 119 0 0 0 0 0 185 283 0 127 0 0 0 233 143 0 228 0 0 124 279 0 240 259 0 0 279 206 180 203 0 0 0 0 175 0 125 130 0 160 167 0 0 140 0 0 0 0 98 0 129 0 244 0 0 0 153 0 195 267 0 282 0 0 277 303 0 110 0 0 0 0 176 0 110 0 178 0 192 0 109 0 0 0 0 287 170 144 0 0 117 0 233 200 0 177 0 0 0 0 245 251 0 131 266 0 188 0 0 173 0 0 0 109 0 150 159 0 192 0 224 296 138 241 0 0 292 296 140 229 187 0 0 240 0 0 0 252 213 227 259 0 0 217 183 190 0 266 0 0 0 261 174 0 184 0 261 0 325 165 305 240 0 0 0 0 187 0 0 222 0 0 0 250 0 299 284 198 0 297 0 0 163 213 176 0 204 0 186 191 0 106 0 190 286 0 0 229 237 235 123 121 0 162 166 0 189 235 0 0 0 0 207 0 106 0 225 0 155 199 0 267 0 0 225 0 277 0 117 0 0 161 0 248 0 191 182 0 0 269 210 298 0 112 0 203 0 0 193 0 237 197 0 0 212 0 0 146 229 223 0 0 225 0 138 262 0 100 173 0 227 0 224 0 98 0 0 100 0 195 0 136 0 148 0 126 0 182 125 0 0 0 206 190 0 0 0 159 0 0 277 0 211 0 181 0 117 294 230 153 260 0 0 169 249 0 0 226 0 156 0 161 0 0 0 0 141 0 200 0 162 226 0 132 195 188 271 159 0 273 0 0 108 136 0 0 0 117 0 207 0 246 0 0 150 0 114 257 178 121 0 140 188 176 0 138 217 270 132 0 125 0 0 232 0 128 0 0 284 118 160 135 140 0 0 263 281 214 0 266 177 123 0 0 126 0 216 221 0 269 0 205 0 167 246 179 267 0 0 0 0 0 288 0 105 0 0 160 0 134 230 0 0 201 149 0 0 170 0 0 0
0 288 189 0 290 0 135 0 0 0 0 0 0 0 209 146 125 267 0 163 0 191 0 163 142 194 247 0 129 209 0 251 0 145 0 0 0 0 270 166 0 0 242 125 150 277 300 275 0 142 0 0 228 0 0 0 0 0 121 192 131 207 278 136 293 0 0 0 165 168 128 0 149 0 0 156 233 293 0 0 0 0 294 0 0 184 153 0 0 252 0 0 0 175 157 147 156 0 0 120 0 0 0 0 0 0 269 0 0 132 0 181 0 0 0 0 0 288 0 0 169 0 273 248 0 0 0 0 0 228 99 0 302 115 210 165 0 155 298 142 224 148 0 180 0 0 0 0 128 0 218 0 0 0 292 275 0 0 0 283 166 0 284 219 139 0 226 151 0 295 131 233 105 201 173 0 237 0 0 0 0 0 0 0 0 222 0 0 174 246 0 0 0 0 110 0 0 0 185 245 157 258 0 180 113 0 0 228 178 0 0 176 0 0 304 273 0 0 216 0 0 164 0 0 145 152 0 0 0 0 0 0 151 287 0 176 0 0 0 0 181 0 131 212 0 0 177 0 0 0 266 0 0 0 0 0 0 172 136 0 0 0 101 0 175 0 0 119 0 0 0 192 282 0 0 0 126 0 142 225 271 292 212 0 0 142 0 196 113 0 0 0 0 0 0 265 0 187 0 168 218 0 0 265 283 172 226 319 0 161 0 0 184 0 0 0 0 235 156 150 0 0 0 0 212 0 97 0 0 179 131 0 104 269 0 0 0 0 282 0 0 0 279 0 117 0 301 0 0 231 261 132 0 150 0 0 189 0 211 232 168 0 198 0 188 200 266 0 0 202 169 211 111 0 0 0 130 113 196 262 206 264 127 0 0 266 0 0 144 0 0 0 205 133 200 0 0 250 0 0 106 225 289 0 0 0 0 0 267 0 0 0 0 0 0 192 0 0 188 205 313 0 0 0 146 121 144 0 0 0 309 0 193 0 111 116 125 202 179 196 0 234 134 0 105 128 0 0 0 0 303 0 0 156 285 293 148 0 0 263 167 231 0 0 112 0 0 154 310 206 0 164 0 126 0 232 124 0 115 110 0 0 113 158 229 120 0 0 276 105 280 275 245 0 180 0 257 0 0 216 0 150 0 192 156 225 0 0 149 196 0 158 118 288 262 279 0 0 186 135 0 139 174 0 243 0 199 0 0 0 0 238 275 201 0 0 0 0 301 278 239 285 0 220 0 259 261 158 265 0 0 0 0 0 202 268 0 0 295 0 184 0 0 99 271 0 214 227 0 0 169 0 0 258 0 0 175 101 223 0 267 186 272 0 131 0 0 204 134 0 0 0 262 0 0 247 0 278 0 0 0 180 0 189 136 0 0 219 102 267 257 0 0 188 0 0 172 0 0 243 293 0 186 0 276 0 226 0 0 282 0 178 149 253 229 0 0 0 0 281 0 0 0 0 0 0 0 0 0 0 0 0 0 153 0 0 104 188 0 0 280 0 211 0 0 204 0 0 0 167 0 96 0 0 0 287 250 0 0 230 290 142 161 0 213 0 0 135 0 138 0 0
0 0 0 0 0 243 0 0 0 0 0 233 0 258 0 0 0 188 0 290 98 0 0 268 0 0 0 246 0 0 117 238 307 213 0 0 228 0 230 187 0 240 249 0 248 225 259 283 316 0 0 0 0 200 106 0 145 0 0 108 230 0 0 0 272 187 281 0 213 110 109 0 0 179 0 0 0 0 107 0 275 141 301 214 0 0 97 240 0 164 264 0 0 0 251 263 0 196 0 0 297 221 0 0 260 0 0 0 138 290 0 265 172 0 0 0 0 283 226 276 0 201 0 0 206 0 0 185 0 250 108 0 0 0 0 131 0 97 0 0 0 0 0 232 0 0 0 158 177 0 0 0 122 166 0 0 116 0 0 0 297 268 0 0 0 0 0 0 307 162 219 117 0 0 0 133 296 133 143 189 209 172 0 0 101 0 287 0 0 139 0 0 169 0 0 247 0 158 0 0 248 276 211 167 0 265 0 209 310 244 253 0 276 0 0 276 0 0 0 182 0 0 0 229 0 0 286 0 0 0 201 0 163 259 226 294 0 287 0 0 290 0 214 238 235 0 0 0 0 197 0 181 264 232 0 284 161 0 127 0 130 233 123 0 0 0 268 164 257 0 0 119 0 160 258 266 236 117 105 0 286 266 0 0 0 142 101 285 0 274 211 256 264 137 0 0 0 227 197 0 207 0 215 0 233 0 0 271 0 0 0 214 0 0 133 155 175 0 0 0 0 303 0 0 0 98 159 0 0 0 0 106 0 217 0 0 0 0 0 0 0 0 107 223 0 0 0 276 0 0 101 0 0 0 224 0 0 0 0 272 219 0 270 200 106 0 275 0 0 0 0 0 0 220 0 0 0 0 135 155 0 0 175 0 0 195 195 0 0 288 151 0 152 0 0 249 0 201 258 0 184 246 134 0 165 253 146 0 0 0 0 208 0 279 0 101 0 141 285 0 0 266 179 256 0 0 148 202 186 0 0 0 0 0 255 0 241 0 232 274 0 152 193 184 0 279 0 0 0 0 204 215 219 0 211 257 0 191 173 0 276 0 94 303 216 0 157 0 171 252 236 304 256 0 0 122 231 0 0 285 170 0 0 0 0 0 158 150 180 136 233 132 213 235 176 0 0 173 115 265 230 0 0 0 235 0 0 0 0 0 187 155 0 0 0 129 0 0 151 0 202 301 254 144 185 0 0 0 0 0 0 0 125 203 0 0 0 0 222 179 153 301 231 292 0 213 0 280 0 126 0 230 180 0 0 221 135 0 135 0 118 0 242 0 0 0 0 0 0 147 0 0 142 126 0 228 0 0 207 268 223 0 205 0 0 0 264 224 103 240 199 0 300 0 0 0 0 0 0 0 202 125 175 0 136 197 158 0 0 277 0 169 0 179 276 0 0 103 0 0 0 0 0 246 275 107 147 125 125 218 0 0 278 107 0 0 0 267 263 0 115 0 0 0 0 0 182 211 0 0 0 0 225 0 0 0 118 249 0 176 154 0 175 0 0 0 0 0 0 188 118 207 200 0 0 105 171 0 0 0 0 267 0 132 0 0 319 0 106 0 0
0 0 0 0 0 256 0 0 0 0 0 0 0 162 0 0 271 191 182 140 0 0 0 156 0 0 0 0 0 0 0 0 271 128 113 177 0 0 282 0 0 0 0 0 126 142 112 195 188 0 0 254 290 265 0 0 160 0 237 276 0 160 0 108 225 181 263 0 0 191 274 0 205 0 0 168 133 0 0 0 0 247 0 0 0 190 261 167 0 248 0 207 0 136 0 216 0 0 129 0 0 0 147 135 0 224 199 0 145 131 175 0 294 119 171 0 0 115 242 206 0 0 0 0 188 138 0 171 0 101 210 237 262 0 0 0 259 0 155 0 285 252 0 0 197 206 287 184 0 184 0 0 0 224 0 0 115 0 238 114 175 0 306 135 212 0 0 0 0 236 284 0 231 0 0 257 180 218 143 306 199 0 0 304 0 0 241 136 188 0 0 0 0 0 177 0 107 115 149 0 257 0 183 0 0 286 0 0 109 0 261 201 166 0 0 0 0 0 0 0 127 251 0 163 0 0 0 207 0 0 294 201 0 237 203 0 97 0 0 113 151 264 0 230 0 0 0 0 0 177 0 0 238 0 277 0 196 0 127 0 203 0 0 123 0 0 0 255 180 248 297 202 0 0 0 141 0 0 134 0 274 125 150 0 262 0 0 196 0 254 0 117 0 0 0 0 0 153 142 259 308 155 114 207 191 0 0 151 0 0 0 0 122 0 280 236 0 192 161 0 0 0 0 0 0 0 203 0 0 0 107 193 101 160 0 314 0 106 241 0 0 0 209 0 0 212 307 0 0 138 176 0 113 0 179 0 0 127 201 0 0 108 0 0 0 0 180 0 166 137 237 115 116 140 0 286 248 0 293 0 0 0 205 110 0 0 211 108 120 0 0 0 0 0 0 254 0 0 0 0 0 0 0 141 0 0 106 123 197 0 0 225 0 0 0 0 198 236 0 299 244 0 0 189 0 287 205 0 0 130 0 281 0 0 242 0 0 0 227 0 0 0 0 0 202 137 0 0 0 0 146 259 240 259 236 279 155 0 0 242 0 156 0 225 0 0 0 267 0 0 0 141 0 0 284 143 281 230 0 0 0 0 0 191 289 259 194 0 0 0 0 0 0 0 0 320 235 0 181 241 0 0 129 107 0 109 269 0 125 0 110 216 0 0 0 247 0 0 247 190 239 164 0 0 0 210 0 0 0 0 0 0 170 0 0 267 0 0 0 0 0 0 226 0 305 0 0 243 0 0 0 0 171 0 153 0 212 0 0 117 224 208 0 130 102 155 0 0 248 0 201 0 222 0 0 154 291 0 156 196 291 0 222 0 215 199 223 238 0 134 159 164 296 0 0 0 0 177 243 281 189 0 295 0 240 148 0 173 193 282 0 0 0 276 126 266 140 300 0 0 0 222 0 259 0 134 0 222 0 263 285 0 161 0 0 113 0 178 0 182 0 0 0 0 167 191 236 281 121 0 243 0 0 141 0 0 291 142 305 0 0 149 0 250 116 244 0 0 0 156 0 236 222 0 0 0 0 276 201 275 0 289 0 0 186 210 0 128 0 0
0 0 0 0 0 118 0 109 223 214 0 0 180 106 260 287 150 315 0 185 0 157 144 224 0 0 216 0 136 200 272 294 0 0 0 169 0 0 306 163 0 0 0 0 0 137 0 134 146 0 178 210 0 232 285 259 0 0 0 0 280 0 135 0 281 282 0 184 293 0 209 0 0 0 158 263 0 0 0 0 270 212 0 0 0 0 0 275 0 0 0 116 0 0 235 0 0 0 258 0 273 0 197 0 0 183 0 0 240 0 0 204 0 0 122 143 133 0 0 0 0 247 129 0 0 217 275 154 229 105 262 0 131 278 0 0 121 0 0 119 0 0 0 188 264 110 0 0 106 0 166 0 0 0 232 183 0 293 0 0 225 119 125 0 0 0 165 0 0 0 0 0 0 113 0 0 168 282 261 170 0 0 0 129 244 157 0 101 151 0 0 0 0 122 207 285 150 0 0 0 230 0 0 0 181 0 0 186 204 0 0 0 149 199 187 149 0 152 130 0 188 0 261 226 0 0 0 0 258 280 197 230 101 138 0 231 0 0 0 0 117 244 243 0 200 221 148 0 0 0 132 150 260 184 166 160 0 0 0 0 0 183 0 210 0 0 181 158 0 109 129 246 0 237 0 303 0 233 0 256 259 166 200 0 277 183 252 0 0 206 0 0 0 0 242 219 0 0 0 282 0 144 0 0 0 0 0 131 317 0 209 0 282 268 0 220 0 238 277 217 135 265 187 163 0 256 269 127 106 0 0 289 0 153 208 0 95 0 0 219 227 0 0 0 0 0 0 0 0 0 0 188 200 152 222 0 0 197 0 0 256 0 0 140 253 0 181 0 0 0 0 161 143 0 0 0 127 159 163 0 126 192 234 0 160 218 0 0 0 106 0 214 284 0 0 0 201 213 217 266 0 0 0 217 223 245 0 168 160 152 222 192 129 0 0 0 0 177 147 0 158 305 120 0 288 0 238 0 0 111 117 240 280 0 0 0 223 0 167 208 0 0 0 269 229 268 219 160 164 0 262 149 0 184 0 0 127 0 0 0 154 261 260 198 0 0 272 233 211 202 0 0 133 0 271 0 0 205 0 147 275 173 0 0 0 120 193 0 143 216 307 0 0 0 0 0 0 0 0 271 169 0 0 0 0 0 0 264 0 0 0 0 0 220 0 0 225 106 142 0 0 157 243 0 267 123 261 0 224 0 0 0 245 0 0 0 0 201 0 0 0 0 255 0 243 0 265 260 178 242 127 237 0 310 0 316 144 294 0 0 0 145 189 0 0 262 127 125 225 318 0 0 0 280 0 0 0 145 224 240 145 140 274 264 0 0 0 0 0 139 272 280 0 136 0 265 0 0 0 279 92 247 0 237 0 264 0 0 0 306 142 0 0 0 0 0 209 227 208 133 0 0 0 0 108 0 296 252 186 203 0 264 234 0 240 0 120 0 229 190 0 198 0 269 98 0 245 0 191 159 0 127 233 0 231 0 0 0 223 311 284 0 306 204 0 0 0 235 0 0 200 0 112 121 0 0 0 115 181 137 112 183 228 133 0 0 128 152 0
0 119 0 0 277 250 0 133 211 314 0 0 0 0 0 0 0 0 112 212 242 0 217 0 0 186 0 223 0 234 0 309 0 202 163 0 0 140 184 0 0 0 202 163 177 0 0 117 218 212 0 0 0 0 219 264 197 171 212 188 0 127 169 0 237 0 0 160 0 0 0 272 138 0 0 256 121 0 0 283 0 100 121 169 0 0 0 142 0 0 269 0 253 294 133 215 245 0 267 187 0 0 0 121 0 0 0 125 214 0 0 135 219 272 0 136 94 114 192 0 0 126 180 0 0 0 0 151 0 215 111 170 265 193 135 125 222 135 0 0 112 0 241 261 105 222 0 0 139 129 245 0 218 0 0 294 0 150 142 215 0 0 0 286 0 0 0 114 0 0 224 0 233 0 162 152 240 234 0 143 0 156 118 257 126 0 272 0 0 0 231 150 280 139 0 210 0 0 288 0 0 0 157 0 210 0 0 127 0 188 145 109 0 0 216 0 0 221 292 254 267 150 142 0 0 0 119 0 0 108 243 307 279 240 276 198 137 0 185 195 0 234 0 0 188 268 128 112 222 0 0 0 263 125 0 145 240 292 0 141 248 168 181 209 0 0 0 252 0 0 164 97 173 224 0 124 0 0 143 294 171 160 0 193 0 238 0 0 0 304 0 153 241 0 0 155 0 0 0 132 236 230 306 216 173 0 258 162 289 253 189 0 0 0 0 0 0 100 215 165 0 0 0 0 0 113 0 0 0 162 0 0 180 0 0 248 0 120 149 0 0 112 0 0 0 256 0 201 0 181 124 174 238 240 178 0 0 274 117 159 116 134 0 213 117 176 245 0 153 152 0 0 100 0 0 134 166 242 270 262 98 278 177 0 147 192 0 0 299 0 0 0 0 0 139 271 0 0 145 0 0 0 0 205 134 0 239 0 0 153 189 163 280 140 217 142 0 215 0 0 0 100 213 180 0 0 0 0 0 0 114 0 201 254 120 0 177 0 148 209 258 253 0 245 0 108 101 296 0 0 0 0 0 213 203 306 255 0 194 0 272 0 0 210 0 294 250 112 120 285 124 254 169 136 124 178 0 284 0 195 0 178 0 0 0 0 0 0 0 0 0 199 284 292 0 0 149 0 206 283 159 103 0 0 0 0 191 0 0 184 189 0 110 272 225 0 0 109 113 117 0 223 0 0 261 224 0 0 218 237 0 0 0 171 127 0 207 265 0 148 284 140 213 0 300 228 171 105 236 0 170 0 0 0 0 0 0 110 0 215 232 291 0 108 166 250 211 0 250 196 146 0 154 0 0 0 178 149 133 209 0 108 0 0 207 0 209 0 109 0 218 187 152 0 219 284 187 251 148 135 102 0 139 0 0 269 152 209 272 115 0 165 113 0 0 0 139 0 0 239 162 100 287 150 0 0 213 107 147 0 0 235 0 0 0 222 0 0 204 0 259 0 304 145 165 152 230 257 0 0 0 118 0 0 0 305 0 0 0 176 170 0 148 277 0 255 161 0 0 286 0 156 104 0 282 170 112 0 0 0 148 254 108 0 146 0 0 0
0 0 207 265 0 284 122 0 0 284 0 0 0 137 0 0 151 157 0 104 168 0 256 0 0 0 243 127 236 0 0 244 0 148 282 125 0 0 110 0 0 147 192 180 307 185 0 0 282 268 244 0 200 190 0 0 0 0 0 258 0 0 0 0 274 0 0 192 0 221 0 156 186 161 0 0 0 0 176 130 265 0 186 0 208 0 117 0 121 0 250 261 0 0 0 119 0 0 0 160 0 0 0 0 0 193 0 191 0 0 138 131 162 0 134 0 275 164 0 0 0 211 0 186 107 0 0 176 0 278 164 128 150 186 0 0 185 0 0 131 249 293 0 0 0 196 258 0 165 0 0 134 304 234 196 173 0 243 0 0 0 189 0 252 104 121 0 142 0 0 0 253 192 0 170 263 0 0 180 0 0 0 0 132 0 178 178 0 0 130 0 266 0 0 0 0 180 142 0 104 0 0 132 311 0 0 231 0 0 272 0 132 170 176 0 0 0 222 0 264 0 210 0 0 0 0 0 307 156 115 233 180 240 0 252 223 167 148 131 0 234 102 0 115 155 159 223 0 0 317 0 253 0 136 191 146 198 0 0 106 0 290 0 153 0 0 221 0 263 267 0 0 238 289 0 119 0 197 163 123 0 229 0 165 0 0 0 0 152 0 162 225 0 122 0 0 0 0 263 0 0 220 146 248 259 0 155 0 0 167 123 0 0 119 0 0 0 144 0 0 129 298 0 0 0 0 115 218 0 0 0 288 271 0 201 102 201 0 251 143 244 206 0 0 0 95 293 0 0 284 0 0 107 0 228 0 0 0 0 0 0 0 0 203 0 137 241 119 235 0 166 0 252 0 120 220 177 0 197 234 278 106 0 247 281 0 139 254 0 250 192 164 282 0 0 0 0 158 0 226 209 293 0 172 0 139 0 0 143 123 227 0 272 0 207 122 100 0 0 0 151 0 0 0 0 0 0 128 282 0 270 0 168 0 0 108 0 0 187 0 0 0 202 281 0 284 215 178 157 189 137 0 0 140 234 0 284 0 147 0 0 114 0 121 0 0 176 122 0 203 271 158 291 0 0 107 223 0 0 0 0 0 0 240 128 144 201 0 0 0 128 212 0 0 156 171 169 252 0 206 0 0 291 99 210 0 0 0 0 0 0 0 0 0 0 0 0 0 0 0 164 0 226 0 175 0 0 0 0 257 254 0 0 0 0 0 0 167 0 190 162 0 0 0 0 0 0 0 172 156 0 162 0 0 146 134 284 0 234 0 203 168 0 266 0 0 0 0 125 0 0 0 0 0 0 124 0 286 215 253 219 0 0 0 230 191 191 231 0 105 0 0 0 191 143 0 278 269 0 222 248 238 242 191 249 140 186 0 139 176 193 140 207 111 256 241 0 0 202 0 0 194 0 0 0 0 0 235 0 0 0 122 225 146 0 0 0 142 0 165 0 151 0 166 0 226 0 278 0 234 0 156 0 285 0 0 221 191 198 0 0 0 227 123 0 225 0 0 0 268 0 0 0 128 0 0 0 318 0 0 0 0 279 0 0 0 0
0 276 0 264 0 0 0 0 0 0 0 0 0 143 308 202 305 0 193 0 0 0 112 0 193 292 237 0 0 125 263 0 0 187 140 0 258 126 0 0 254 246 232 187 0 0 0 0 0 0 287 129 278 144 0 291 245 0 144 0 0 239 172 194 219 0 0 302 143 0 104 0 189 0 118 132 101 0 132 0 178 165 215 164 196 0 0 0 288 140 204 112 262 0 167 0 229 142 276 289 256 0 214 204 255 258 294 119 0 0 304 295 251 0 0 152 0 0 0 289 211 216 162 109 255 270 142 119 234 0 0 247 0 0 0 225 239 156 0 234 285 0 0 0 0 202 0 0 126 166 0 194 168 0 213 0 231 0 0 112 0 0 214 0 214 0 0 0 0 228 0 120 215 0 132 0 0 157 0 0 223 234 135 0 0 0 0 118 238 232 164 0 0 274 130 0 0 186 0 0 243 0 210 221 0 0 295 0 0 0 0 0 124 0 0 0 0 0 0 203 0 290 0 269 212 0 0 290 207 238 219 0 263 203 244 0 113 0 193 0 0 0 156 94 255 0 284 0 174 306 0 152 263 115 0 0 0 257 164 0 0 0 192 0 0 276 206 0 0 0 0 0 274 125 222 272 263 157 161 238 168 134 0 276 0 182 191 265 281 112 0 154 184 0 0 95 267 0 0 148 0 0 202 0 0 206 0 0 204 0 0 0 0 0 0 0 0 0 174 279 159 0 0 0 272 0 115 0 0 0 120 105 216 154 0 154 0 0 127 0 126 0 0 277 0 0 199 240 224 0 0 0 0 112 265 118 222 129 0 0 0 204 254 217 115 0 185 0 238 0 161 0 190 190 0 0 0 118 0 0 273 229 209 0 191 0 0 0 161 0 0 254 258 278 228 256 0 0 0 282 150 0 308 0 167 0 280 174 0 0 145 264 256 0 289 0 267 168 124 183 282 249 0 289 255 217 299 0 0 134 131 0 0 246 0 0 0 129 0 272 159 106 202 0 264 104 305 179 282 258 132 292 0 0 0 0 220 164 0 224 0 0 0 117 0 0 273 0 213 0 199 0 0 142 123 0 157 0 0 122 253 0 0 0 0 0 0 214 0 0 0 188 170 253 170 165 0 0 274 0 133 280 254 0 0 165 113 0 249 120 0 235 190 271 0 101 0 179 0 263 0 0 0 279 225 155 0 0 117 102 0 0 114 266 0 0 296 0 304 0 0 0 0 287 0 0 109 199 272 163 0 0 216 160 197 0 189 141 0 173 277 233 117 263 247 0 0 0 139 135 0 124 191 188 0 0 0 0 0 257 130 0 277 0 0 281 0 111 0 112 0 105 236 204 287 0 0 146 0 0 0 167 0 232 152 121 159 0 0 212 218 306 148 0 193 0 276 207 0 303 0 0 0 0 0 0 0 0 0 0 146 165 239 0 190 0 0 175 257 0 265 185 0 0 191 269 0 262 0 176 254 0 0 0 247 0 252 0 282 307 0 130 255 178 0 151 0 0 0 173 0 0 244 0 110 295 132 107 279 278 0 0 107 206 0 0
0 0 0 140 224 0 0 0 95 0 0 0 0 0 157 0 210 173 0 185 138 0 299 167 107 286 286 0 168 198 0 0 208 262 244 0 0 228 100 183 0 0 101 0 169 146 0 0 0 0 0 188 0 121 237 0 132 133 0 0 233 0 107 0 283 0 0 0 0 243 0 144 250 213 0 227 0 0 277 248 0 0 0 0 177 180 301 210 0 119 222 293 0 152 280 0 0 201 163 0 148 0 282 0 226 0 101 0 188 147 117 0 0 0 207 0 0 142 0 251 297 0 0 0 0 0 111 0 0 0 132 196 201 0 0 222 196 0 0 211 0 0 193 0 148 135 0 0 283 0 123 0 0 0 113 0 125 0 0 0 0 0 0 0 107 207 140 165 0 0 230 253 0 0 0 0 174 251 0 0 187 0 233 0 107 126 0 0 173 0 243 192 0 0 220 0 0 123 0 0 147 160 0 113 140 217 0 263 0 189 210 0 0 0 0 0 103 0 199 127 0 197 304 142 129 184 103 234 0 163 265 0 0 290 0 0 0 264 0 0 0 217 122 125 0 0 0 0 315 170 131 252 223 0 0 232 174 0 284 0 205 0 0 184 267 163 0 159 0 162 232 167 0 173 183 0 215 0 0 0 124 0 256 0 131 97 0 0 155 0 0 244 299 0 0 186 215 0 209 0 0 199 0 0 0 261 189 222 150 295 0 196 0 0 293 194 290 105 0 104 213 0 0 136 0 129 0 203 0 100 0 127 0 252 0 0 109 0 0 217 0 0 0 224 210 234 0 198 0 267 210 0 149 222 245 0 188 0 0 0 0 0 0 0 0 0 0 145 211 161 232 0 244 96 184 110 196 230 0 0 0 199 0 216 0 270 0 138 0 0 182 0 0 0 0 0 0 0 120 0 0 128 297 269 0 0 0 0 0 0 0 0 298 0 0 292 195 269 236 0 201 273 0 164 114 140 0 264 211 0 229 0 0 132 158 0 205 0 0 313 0 0 0 131 0 0 259 266 116 0 0 0 231 0 0 143 0 285 118 0 0 227 245 160 0 0 0 256 0 288 0 120 0 304 0 267 0 164 0 0 182 153 0 124 131 222 222 0 152 173 278 226 265 0 0 0 98 249 96 243 113 306 290 117 0 0 0 265 250 0 203 0 0 0 122 0 0 253 176 0 197 261 0 0 0 0 0 0 117 224 107 295 0 155 0 0 0 253 323 120 128 0 0 282 0 111 0 0 148 0 138 148 0 157 0 180 0 0 0 0 0 0 0 163 198 0 202 0 207 0 170 0 233 0 0 0 310 280 102 154 0 0 0 256 0 0 0 0 0 0 172 163 0 213 201 0 114 271 0 134 261 202 0 282 0 0 194 0 241 262 0 0 0 0 0 103 0 0 0 240 209 178 191 116 0 297 0 0 0 0 0 174 0 244 0 0 210 168 278 0 0 0 0 0 0 268 144 0 0 0 0 264 0 291 299 225 165 165 0 0 186 0 221 238 0 121 0 0 0 149 221 248 216 0 0 221 0 161 258 0 289 202 213 238 0
0 149 150 0 111 0 266 150 261 0 0 255 0 0 0 0 0 235 0 247 0 0 147 136 0 216 0 0 260 143 149 129 0 102 0 105 258 252 0 0 216 0 306 0 0 0 171 125 0 156 275 0 197 0 278 140 102 0 164 251 194 0 0 260 206 0 263 207 229 0 0 132 0 0 156 225 0 142 254 231 150 0 134 0 194 0 0 152 175 153 101 230 0 0 125 285 279 168 0 0 111 119 255 295 262 0 0 260 213 217 256 104 0 0 0 0 210 126 0 0 145 253 119 0 122 0 0 127 0 211 0 101 201 145 231 163 292 179 290 0 0 289 229 0 0 0 188 0 0 190 0 0 136 138 0 191 295 0 289 0 165 200 0 158 303 0 0 163 0 0 295 179 180 262 109 0 152 169 129 135 270 0 0 166 114 234 122 202 196 180 0 237 0 0 0 195 293 176 0 244 0 0 115 182 219 0 271 162 197 230 140 0 172 312 0 0 266 134 182 0 0 146 278 258 145 151 117 0 0 0 194 295 0 197 225 218 0 183 238 0 0 99 0 0 184 0 224 0 158 0 0 279 126 0 98 207 0 0 148 0 0 0 0 0 151 0 0 0 0 179 0 0 204 0 128 0 0 117 199 231 235 0 257 227 0 0 0 127 182 126 0 0 139 150 0 183 0 188 0 0 281 189 196 133 0 0 189 0 298 129 0 242 0 265 280 0 109 229 0 219 0 0 0 0 0 0 0 0 0 0 100 0 160 191 0 144 0 277 206 0 0 0 0 203 268 0 0 209 206 0 0 190 277 0 0 157 0 192 154 128 151 127 271 148 0 237 177 0 0 231 0 126 0 0 177 0 236 0 207 0 0 0 0 0 0 0 0 175 237 0 0 0 286 218 0 0 0 280 0 0 0 264 0 274 183 0 247 236 281 275 0 128 272 0 115 110 0 0 0 0 0 0 0 0 0 0 0 0 105 0 211 0 0 0 0 183 0 0 0 302 112 0 0 0 101 168 0 0 244 166 0 0 0 138 0 0 141 276 198 0 0 0 0 299 0 0 0 248 185 0 141 0 0 0 205 219 0 120 222 0 0 0 0 230 0 274 156 202 0 0 0 261 0 0 258 195 0 0 205 196 0 0 0 0 153 296 0 260 0 175 0 0 0 0 270 0 0 124 263 0 214 0 141 0 0 0 236 0 202 0 275 150 209 0 0 0 122 169 0 0 292 0 0 227 0 0 217 0 181 0 239 0 0 0 0 259 140 0 0 0 0 0 0 196 0 0 0 187 0 153 275 0 222 0 0 121 141 0 0 216 0 254 222 172 244 123 0 213 148 191 0 285 0 228 113 286 137 223 125 0 116 124 251 0 0 0 0 0 255 107 258 212 0 0 177 287 0 0 0 0 0 0 202 134 0 0 254 135 250 256 0 247 0 0 233 0 0 203 118 0 145 122 0 132 262 0 171 264 165 167 178 0 232 209 209 0 0 0 302 0 0 294 229 287 126 131 0 213 245 220 0 141 0 0 0 230 234 157 0 184 290 0 0 0
0 0 240 117 146 254 0 0 196 0 215 0 0 193 0 174 0 128 0 169 0 0 154 178 230 0 117 139 292 184 0 251 0 0 0 0 202 0 0 0 0 0 0 272 229 297 0 0 202 287 0 156 0 0 0 119 0 243 182 0 249 249 302 115 0 284 132 0 181 0 0 0 0 0 0 185 0 0 0 258 0 108 274 103 0 221 255 0 0 0 0 0 281 233 0 0 226 0 290 0 0 0 0 0 115 175 0 0 0 0 106 277 0 0 0 0 0 150 0 0 0 0 205 146 0 157 239 0 0 272 0 0 289 0 0 0 286 228 0 246 279 253 0 0 0 0 0 0 222 183 173 231 0 190 0 188 156 274 0 101 0 158 127 0 0 194 246 123 291 0 288 0 0 288 264 238 162 0 0 208 0 238 0 0 0 0 0 0 0 166 0 0 310 0 152 199 0 131 293 0 0 0 177 0 186 144 0 0 0 0 0 0 0 111 0 260 0 0 0 162 0 213 198 0 276 0 0 125 0 172 0 0 118 146 0 0 0 0 0 0 188 0 283 232 134 142 0 134 227 0 0 0 117 0 108 0 0 0 229 0 315 267 125 193 0 0 0 102 126 118 201 122 0 242 257 0 230 108 0 0 273 0 198 0 0 0 0 0 0 275 0 0 0 0 253 0 159 185 0 116 223 0 0 0 0 204 193 168 0 159 0 0 0 0 0 0 167 0 239 160 261 154 0 160 268 237 254 128 0 0 0 200 0 0 0 266 0 220 0 201 0 135 0 0 187 0 234 0 0 0 202 0 218 253 0 0 166 0 0 197 0 226 0 269 275 198 0 264 106 0 137 0 158 202 274 0 233 197 131 0 142 0 246 285 0 0 254 222 0 270 240 0 0 0 272 124 0 296 0 0 270 0 236 0 106 0 144 0 281 233 0 0 0 189 217 128 272 231 144 0 218 0 154 0 0 0 147 0 0 225 0 247 0 175 140 0 159 129 0 112 138 233 268 0 174 252 178 0 0 0 0 0 0 170 0 0 237 0 0 0 220 0 239 0 291 0 220 0 218 0 0 282 0 0 268 0 0 0 255 112 0 0 0 0 0 0 139 0 108 0 0 234 0 0 0 0 0 196 0 219 0 0 0 273 222 185 0 0 0 158 114 149 273 99 0 0 0 219 103 0 0 160 0 0 244 0 0 101 0 122 156 268 0 189 0 0 255 210 227 0 0 0 0 0 129 0 0 0 297 109 236 0 0 0 0 129 0 0 0 173 0 164 306 0 0 0 0 0 190 0 126 288 0 0 263 219 234 0 0 138 185 0 155 127 0 0 182 257 0 0 0 0 202 0 0 0 0 0 0 298 0 211 0 205 0 0 0 196 0 0 0 0 138 123 0 213 0 0 0 219 0 0 111 0 0 269 203 0 0 274 133 0 0 203 0 134 0 290 0 0 0 0 0 212 0 281 124 0 161 0 147 221 0 168 0 0 0 279 0 179 162 193 0 306 110 0 0 0 163 303 0 0 0 202 0 0 0 0 154 259 0 0 0
0 0 0 251 0 0 0 0 243 0 255 111 0 271 310 221 0 0 0 188 0 0 0 283 250 198 0 284 144 0 259 0 257 0 255 154 173 200 168 134 150 0 0 0 0 0 98 0 183 157 159 0 0 0 0 0 148 273 0 0 280 130 0 265 0 0 204 160 0 229 131 0 201 133 0 0 0 236 178 0 0 0 164 278 188 0 0 0 0 0 0 0 0 295 0 162 215 220 199 0 0 236 0 261 0 191 0 210 175 0 0 0 261 0 128 187 0 207 234 0 241 0 288 180 0 269 0 0 0 0 0 219 189 0 0 101 0 220 0 172 149 240 0 148 178 0 220 0 0 0 191 0 144 0 269 215 100 153 185 201 235 0 0 194 178 168 187 0 127 176 0 0 0 0 0 0 197 300 0 0 163 152 0 0 0 158 0 0 0 0 100 0 194 0 0 283 0 288 277 162 0 112 207 0 0 0 0 0 234 0 0 0 0 136 0 189 0 0 232 0 95 209 149 0 0 0 145 152 254 158 0 275 101 219 126 187 0 147 0 186 0 234 214 0 0 0 248 0 217 137 115 0 0 248 0 259 263 242 0 283 178 178 0 191 174 198 149 299 0 0 268 0 0 0 239 172 278 0 141 193 217 0 232 0 132 264 284 172 0 0 271 0 0 0 0 239 0 165 293 196 255 107 0 269 0 0 0 0 0 0 0 162 0 137 0 0 267 233 164 0 0 289 0 276 115 224 0 134 134 0 248 291 0 245 0 263 0 0 0 0 0 125 0 0 223 0 216 215 0 111 0 131 0 131 220 0 221 0 0 0 159 131 0 182 177 0 0 0 0 0 99 0 215 0 261 298 260 164 157 247 104 233 286 130 168 0 0 0 171 252 127 0 0 144 0 264 0 264 0 177 0 264 162 0 0 260 271 0 194 262 0 156 165 170 122 0 0 279 138 0 240 0 267 308 0 239 0 163 0 159 266 120 164 288 0 0 0 0 126 205 99 0 200 196 247 0 0 287 0 0 0 0 0 0 252 309 134 0 0 209 0 193 0 155 0 0 121 0 217 99 0 264 0 234 289 0 0 0 184 0 244 0 0 0 0 145 0 304 126 0 0 165 0 0 297 0 206 150 213 192 0 0 162 206 0 0 264 0 0 0 192 0 120 180 261 0 180 0 286 0 0 0 213 244 0 183 0 143 116 0 256 0 0 0 0 0 0 296 0 0 0 131 0 0 0 163 0 0 0 251 0 0 0 218 0 0 107 268 213 0 0 0 0 0 0 0 0 0 0 228 0 223 120 159 218 0 0 118 132 219 0 267 0 0 0 181 0 0 0 295 174 0 161 278 0 0 289 0 161 0 218 185 0 243 235 0 212 159 0 183 192 293 227 0 0 0 256 0 0 0 250 243 0 0 136 0 228 207 242 159 134 208 110 154 0 110 0 0 249 0 126 110 190 191 188 184 132 108 0 0 250 0 0 183 0 276 0 0 226 125 169 0 0 0 0 0 119 216 161 0 153 0 155 0 107 254 0 0 0 0 216 0
0 297 0 210 0 99 0 302 0 0 0 0 296 187 0 240 0 0 178 200 220 0 186 236 0 0 0 0 0 218 284 109 272 198 280 177 0 191 129 150 145 258 0 184 207 151 0 104 96 0 230 155 288 0 0 0 199 158 129 0 0 166 132 263 181 0 190 187 0 0 289 204 105 0 0 259 133 0 186 0 179 178 264 0 141 218 119 229 212 107 97 0 171 0 198 126 0 164 0 210 0 130 0 160 0 0 181 270 0 188 0 0 296 0 0 237 246 0 280 0 0 0 119 0 0 0 0 0 0 194 0 282 164 114 0 151 0 208 0 293 173 147 0 163 127 0 278 209 0 247 176 0 0 0 0 222 158 0 162 291 127 285 0 277 0 120 205 0 128 0 0 157 0 271 194 0 0 267 0 0 255 0 0 0 0 0 239 102 0 131 146 0 169 233 128 185 145 0 260 0 140 0 0 0 0 0 0 0 106 0 133 0 0 0 171 0 0 0 0 0 215 190 0 0 117 0 125 205 101 0 287 0 131 0 205 0 0 0 121 138 0 123 0 201 0 263 166 0 143 0 0 226 116 128 0 256 191 0 0 249 142 167 0 0 0 0 221 133 0 0 0 252 275 247 299 257 252 0 225 0 208 168 0 0 0 156 0 0 0 0 224 0 282 167 125 0 222 156 268 210 0 122 0 0 99 0 0 179 135 0 0 231 187 0 143 0 0 0 0 0 0 0 0 0 0 228 0 238 0 178 0 190 177 0 0 164 0 0 0 258 249 105 0 0 256 0 0 267 0 0 0 145 143 199 244 131 0 152 156 0 0 0 231 244 0 0 0 0 197 268 287 284 0 283 0 0 136 154 279 0 0 160 216 242 246 131 162 276 220 286 0 0 0 0 0 0 0 0 0 0 278 0 0 0 0 296 139 0 266 0 159 117 0 218 0 298 0 0 150 119 0 294 0 201 0 164 0 166 0 142 0 190 0 265 0 196 0 189 0 0 137 276 110 221 0 193 188 0 0 0 270 0 221 0 0 139 156 120 0 151 0 0 158 0 253 0 0 0 256 290 159 244 126 0 0 289 251 0 272 149 245 276 0 253 255 135 0 0 0 0 0 0 232 0 0 163 0 0 104 0 224 95 216 157 0 0 160 0 161 203 0 124 0 258 0 0 241 0 132 0 231 157 142 0 0 207 178 107 240 0 0 216 161 114 0 101 139 0 0 0 114 0 0 0 181 0 291 0 218 0 0 121 0 202 0 0 0 214 0 0 291 0 0 204 207 0 0 178 274 245 0 255 228 0 252 220 0 0 297 0 0 0 190 148 0 161 167 121 217 0 179 276 0 125 279 0 276 0 0 242 163 208 0 0 0 245 248 0 274 0 0 173 0 0 198 202 268 0 0 145 225 285 0 0 162 239 0 0 275 0 0 247 257 0 0 175 0 0 0 0 271 241 0 0 0 0 0 0 0 162 0 262 0 0 170 0 0 247 254 0 240 0 0 262 0 101 0 0 251 0 170 208 162 207 0 112 0 233 187 0 0
0 280 136 0 214 98 0 245 112 283 0 267 250 0 101 286 0 226 296 0 203 0 0 0 147 176 0 0 281 0 0 0 184 0 0 0 0 0 0 239 146 113 223 113 147 0 0 283 201 0 102 144 0 201 0 0 0 0 151 0 0 0 0 0 128 148 0 0 0 123 287 224 178 146 291 193 256 291 0 240 0 0 0 0 202 0 252 286 240 122 0 319 234 153 250 0 203 251 316 141 0 0 0 173 0 190 116 247 0 0 190 0 0 270 233 0 127 220 0 187 0 221 0 0 0 136 0 0 0 142 0 0 153 143 229 0 0 294 0 122 0 108 230 136 0 0 0 114 280 0 120 0 288 0 198 0 170 0 0 0 262 0 0 191 260 170 0 172 155 103 256 212 0 0 291 198 129 195 0 277 0 273 214 0 122 167 210 299 238 0 259 175 0 169 0 253 0 182 0 0 0 0 0 0 0 0 214 0 199 0 0 261 0 0 0 262 264 214 0 0 0 0 0 0 0 154 0 0 0 122 246 313 113 190 179 136 157 254 160 210 272 162 0 293 0 290 0 195 0 238 151 0 0 0 0 0 283 0 0 0 0 0 0 247 0 139 0 0 230 191 0 105 147 120 208 0 0 120 0 213 255 270 0 0 0 144 0 0 0 234 0 278 188 155 101 0 289 0 0 0 140 159 0 254 272 0 0 274 230 194 0 0 0 274 207 273 0 193 0 152 0 0 110 0 108 128 279 131 176 0 0 0 0 0 0 192 257 0 0 0 0 110 227 0 0 0 0 193 0 134 254 0 159 0 132 129 0 134 0 0 0 170 261 0 252 267 0 259 0 0 174 232 286 0 0 0 0 0 228 176 0 164 181 0 155 160 0 177 172 193 145 250 0 0 289 210 143 308 0 0 0 148 147 0 0 184 0 0 0 0 0 97 0 0 236 0 124 261 225 209 241 0 190 0 112 0 0 0 166 0 0 0 0 154 127 0 0 0 0 0 0 148 0 186 266 0 0 0 0 234 0 0 0 250 150 0 264 0 117 0 0 0 133 0 141 0 284 191 0 169 0 0 0 236 243 209 152 0 130 225 116 0 0 257 118 0 240 197 100 186 0 102 0 0 281 140 0 163 0 126 0 203 0 299 133 0 215 264 165 0 206 228 0 203 0 0 0 0 0 275 154 189 0 0 0 0 0 164 0 0 229 0 0 0 122 0 235 0 0 0 297 0 0 187 0 0 0 0 0 138 0 0 274 0 271 168 108 237 0 0 0 0 162 212 0 0 0 0 216 0 0 0 0 233 0 0 0 122 0 248 0 0 0 219 0 239 0 0 0 268 0 140 172 126 0 221 0 279 178 0 0 235 130 0 302 0 123 0 0 185 0 0 0 238 126 203 180 260 0 0 0 115 273 0 194 0 313 253 206 214 0 199 290 132 0 165 246 0 0 0 0 146 0 116 0 263 116 237 0 133 0 0 0 0 157 0 0 0 0 0 0 208 0 236 0 0 0 0 0 119 243 130 187 293 300 122 0 122 0 0
0 0 0 257 0 0 0 202 0 262 142 0 196 155 0 116 167 223 283 223 287 160 278 0 130 206 161 0 0 0 143 0 103 0 207 0 283 0 0 0 251 182 154 186 143 222 185 0 165 294 254 0 0 238 153 206 244 236 243 105 0 146 207 0 0 194 236 0 257 0 0 241 0 0 304 206 156 0 237 0 176 0 255 0 123 0 0 0 0 140 190 0 135 228 306 185 258 0 0 301 0 119 0 140 0 183 211 256 244 0 0 0 108 0 0 0 0 0 150 0 191 103 0 0 278 0 209 0 0 0 0 172 103 0 247 0 124 0 270 0 203 200 291 0 0 169 176 0 138 204 0 230 0 296 0 0 0 107 0 0 0 0 0 0 0 0 0 176 0 0 182 283 252 197 266 0 0 116 0 217 137 0 273 167 232 0 0 0 0 0 0 0 185 0 125 0 199 0 148 236 121 0 219 188 0 291 0 0 211 0 287 0 149 0 0 212 0 0 0 0 0 0 102 0 156 0 249 0 183 305 0 244 120 163 0 142 0 0 0 299 0 0 0 0 0 201 0 0 116 0 212 218 147 0 274 276 0 188 0 0 0 204 0 0 153 205 0 0 270 0 0 292 0 0 134 0 296 172 0 105 145 205 210 0 243 0 230 0 0 252 0 187 147 0 0 178 150 214 236 184 233 0 0 292 285 272 0 158 187 188 0 0 281 174 0 0 108 176 0 0 0 187 187 114 0 0 232 160 0 0 185 161 265 0 153 0 272 236 119 0 0 0 0 163 292 0 274 289 0 277 178 271 0 0 176 209 163 249 0 0 0 0 132 0 0 254 122 150 136 146 0 223 0 0 0 196 0 0 184 224 261 276 194 202 242 199 295 0 142 111 193 0 0 266 239 0 0 0 135 122 219 210 103 0 0 0 0 228 0 252 229 175 0 0 232 0 214 227 0 206 116 224 151 167 0 132 0 0 0 0 206 0 0 202 0 0 307 0 0 0 0 164 0 173 0 129 0 113 131 0 176 0 140 0 0 0 208 0 128 0 269 137 125 148 214 250 175 0 250 0 0 0 0 0 0 0 0 0 309 0 0 118 205 0 0 265 283 0 0 289 0 0 0 0 0 280 181 249 253 0 0 0 207 282 97 0 0 0 0 234 190 0 274 0 0 0 0 0 261 301 0 104 0 263 0 0 0 0 287 306 157 168 121 133 278 0 251 0 180 0 243 273 0 0 0 0 237 184 0 233 0 0 294 0 0 274 0 0 180 296 136 245 147 0 249 164 190 257 193 0 0 0 201 102 0 138 0 0 123 0 0 308 249 0 174 249 0 0 0 111 141 0 0 0 272 144 0 149 0 234 155 0 0 0 244 0 0 125 0 244 139 163 0 0 0 192 151 0 0 282 0 0 204 0 320 0 0 0 128 155 0 0 223 0 0 0 0 104 265 247 185 204 0 266 0 290 189 0 161 0 298 0 197 124 0 274 212 0 294 222 200 182 98 0 0 296 291 0 257 0 0 0 0 148 0 211 0 0 0
0 0 285 0 0 0 0 292 0 202 320 120 194 247 119 0 0 139 0 107 254 0 0 0 201 0 141 0 0 0 192 0 205 0 0 0 0 190 0 230 0 204 0 221 0 292 127 0 0 0 0 0 0 0 0 0 121 229 0 109 189 0 250 97 0 0 0 101 0 147 0 0 0 274 0 0 0 205 0 0 268 223 220 0 274 0 170 220 180 110 0 100 0 285 185 0 241 234 0 0 146 177 271 0 0 269 0 158 0 153 0 214 0 0 139 0 0 0 132 103 158 0 0 0 0 113 143 0 210 253 195 0 0 0 0 256 225 0 0 0 134 0 193 139 245 0 0 0 248 275 226 0 0 292 0 297 213 273 103 251 246 155 0 0 235 0 263 0 209 220 0 115 0 304 0 176 0 0 223 247 111 257 0 299 0 0 0 149 0 0 0 0 162 0 0 0 156 0 190 0 0 0 141 0 191 0 156 0 302 0 0 270 0 199 0 128 162 120 0 0 119 0 0 276 165 0 252 0 0 0 0 0 133 180 265 241 0 131 0 255 200 122 190 0 229 0 266 111 0 210 0 128 0 166 225 0 103 0 0 0 0 0 181 236 189 160 0 122 0 0 0 0 0 0 0 0 142 187 140 110 0 0 0 249 240 136 161 0 269 116 216 191 183 0 0 293 256 0 0 209 232 288 0 123 150 0 0 0 0 0 0 0 0 227 195 0 0 206 118 148 318 0 0 0 0 0 0 0 0 0 205 0 0 0 0 0 226 252 0 0 0 120 0 221 225 282 0 240 106 0 0 0 0 0 209 230 0 241 200 136 0 0 0 0 285 0 129 0 0 243 279 143 252 0 286 123 0 0 0 299 206 273 0 304 279 145 137 122 0 0 0 117 225 0 120 0 0 0 227 0 0 184 225 207 0 108 0 189 302 252 115 264 0 260 0 128 226 0 143 0 102 301 274 0 0 0 280 112 0 0 274 0 127 219 0 0 181 292 0 284 0 0 180 293 114 0 232 117 0 0 0 203 192 0 0 0 246 0 162 164 0 211 0 0 0 0 105 0 281 0 291 273 146 227 0 0 0 0 0 135 0 0 0 0 0 0 0 0 250 0 0 0 0 204 0 122 229 0 129 247 0 0 0 0 158 241 0 299 0 0 0 236 318 0 108 221 0 289 0 239 0 218 164 0 111 0 0 239 0 134 268 125 0 322 228 0 280 163 0 120 0 195 286 138 0 133 0 258 0 133 0 0 136 180 0 313 0 107 110 219 0 0 318 229 145 294 267 0 239 0 0 0 0 0 227 147 0 166 0 0 0 223 294 116 212 0 298 0 0 240 0 0 205 290 0 189 0 0 0 0 0 122 131 0 178 0 0 267 287 0 131 145 213 128 0 0 278 0 0 0 0 282 0 134 0 0 155 0 154 173 276 0 0 0 210 0 0 0 229 0 0 0 0 0 0 0 0 213 284 152 207 258 0 273 131 0 247 0 153 275 117 0 0 259 229 0 108 0 219 0 0 0 147 282 0 0 100 0
0 0 169 0 0 112 125 0 287 0 228 0 0 296 0 0 105 230 208 0 235 0 0 0 189 0 185 212 0 208 0 0 153 277 150 294 0 0 182 207 0 0 0 0 189 255 0 0 241 107 0 0 305 0 0 0 0 184 283 277 0 270 0 203 239 125 135 189 231 0 0 211 153 0 0 274 0 208 260 0 201 205 289 178 157 0 0 124 0 0 109 183 0 0 0 292 0 0 0 160 227 0 0 106 0 0 110 225 116 0 0 0 265 0 238 166 281 0 172 0 161 0 0 0 279 163 0 0 0 0 223 0 121 0 0 0 204 295 127 0 0 170 150 260 233 195 0 0 292 226 98 0 286 153 0 0 0 0 165 114 0 0 0 0 0 214 0 0 109 208 0 136 167 169 0 133 110 0 180 172 0 138 103 310 0 260 0 106 188 252 0 0 0 0 286 0 0 264 203 0 267 165 296 221 0 243 0 0 0 0 0 0 112 293 148 181 0 0 0 0 0 0 0 0 0 0 0 0 182 0 0 0 143 0 240 226 0 215 169 0 284 0 0 0 130 163 208 220 147 0 114 0 0 0 0 0 0 0 0 142 0 258 150 292 0 0 288 0 0 232 0 247 0 0 0 0 0 0 0 0 123 0 307 276 148 249 264 0 0 0 216 0 196 130 281 154 0 0 214 237 0 0 0 0 0 176 0 177 0 163 205 202 183 0 0 0 283 0 0 0 0 253 0 152 155 0 0 0 220 229 0 264 0 214 143 168 0 0 104 0 177 171 130 0 148 103 218 285 111 0 0 300 157 171 0 0 175 143 0 272 135 150 0 248 0 223 201 0 217 295 113 0 0 160 122 128 202 216 0 141 243 0 190 267 0 0 273 137 211 230 0 294 0 0 0 0 0 225 0 274 0 290 172 116 0 98 197 0 0 0 176 264 0 187 0 0 272 0 0 0 0 201 0 0 259 0 182 206 0 306 260 0 0 0 0 0 139 0 288 0 114 0 287 0 192 182 0 249 143 0 0 0 150 0 126 177 0 0 0 0 265 294 0 167 172 0 0 162 106 0 241 0 0 182 0 279 0 298 0 211 0 0 0 0 197 220 0 0 143 134 0 0 0 190 244 121 192 234 151 180 116 185 285 0 0 0 0 253 0 145 0 273 0 0 254 139 192 108 109 0 0 0 0 0 159 252 0 0 107 0 0 0 0 0 0 0 0 120 301 0 0 199 190 143 0 222 110 124 271 0 0 0 0 203 123 275 0 0 0 0 0 0 0 0 209 0 0 0 223 0 0 0 0 267 0 274 0 120 238 0 0 208 0 0 0 211 213 230 0 221 0 227 228 117 0 0 198 0 236 166 0 274 215 0 0 0 145 146 155 0 126 157 220 0 179 182 0 0 0 124 0 174 114 139 165 0 295 156 128 0 247 0 208 159 0 257 288 0 0 243 166 203 191 0 0 0 155 264 0 0 254 0 0 0 0 188 0 0 0 198 155 0 0 0 0 284 0 184 150 204 222 0 198 0 0 0 0
0 0 236 169 0 176 198 0 0 0 163 0 232 183 129 195 0 138 191 122 0 130 183 260 0 279 0 0 0 188 0 0 0 191 0 259 148 133 245 0 0 152 0 0 0 0 0 0 0 0 0 0 97 0 0 106 250 0 186 0 279 176 0 0 0 0 120 0 0 156 0 170 213 172 0 170 91 0 0 0 0 0 0 239 0 0 0 0 0 0 0 0 0 250 0 201 107 169 0 0 0 241 223 0 106 0 0 0 165 286 148 144 0 0 0 0 213 0 285 169 0 0 293 0 122 0 238 276 138 0 149 0 116 0 0 196 158 198 253 172 0 138 112 249 169 125 0 141 0 0 299 0 252 209 310 0 0 0 181 0 0 305 237 175 226 273 170 0 0 209 209 0 0 0 0 172 0 175 0 0 0 0 0 0 159 0 284 239 0 0 0 0 179 184 104 236 0 0 0 0 0 0 0 192 0 265 138 0 0 226 0 0 0 0 171 0 265 183 127 215 281 269 0 0 0 0 144 0 299 0 254 191 0 0 208 0 118 309 183 237 119 0 0 0 0 0 153 0 165 0 0 208 235 215 241 112 0 163 241 0 227 0 0 257 0 0 203 0 99 0 102 0 148 0 205 298 0 184 0 291 110 0 245 113 156 0 0 0 0 200 142 0 0 0 0 238 0 170 0 228 193 0 102 281 0 0 166 0 157 0 162 262 216 0 217 228 0 0 0 0 0 138 0 241 173 0 168 0 283 109 109 240 0 127 221 268 126 0 291 244 141 294 220 253 0 215 144 300 258 0 271 237 0 0 245 210 0 0 264 103 192 157 141 149 294 228 189 0 130 0 211 172 209 117 0 0 0 278 0 0 0 175 0 0 149 0 107 0 0 0 227 287 124 0 194 0 298 173 0 0 0 0 258 118 141 238 102 233 0 0 299 0 201 0 0 0 0 260 0 159 0 264 0 0 154 0 203 276 0 139 0 142 0 0 0 133 0 224 0 220 0 0 0 209 0 0 184 0 298 0 196 143 182 108 0 0 0 0 0 0 168 0 102 0 260 0 108 283 0 259 219 0 0 0 213 0 272 0 0 0 204 0 108 163 270 210 250 117 235 168 0 250 0 0 0 0 174 210 258 217 0 0 112 0 155 0 267 0 237 236 107 0 0 191 0 127 0 0 250 199 0 133 158 0 239 0 125 186 157 0 0 0 0 0 256 244 237 240 148 0 240 0 238 163 153 0 196 205 117 196 0 205 0 185 288 282 199 104 233 0 169 182 273 0 0 0 0 201 0 0 240 0 232 0 235 0 0 142 0 174 0 268 171 0 0 253 164 162 0 119 0 211 0 260 0 0 0 0 0 0 153 0 100 0 0 246 138 296 0 287 180 0 0 0 0 0 0 255 313 242 0 0 0 0 0 0 0 0 286 0 0 0 167 190 118 275 0 0 0 0 0 0 238 0 252 143 187 133 136 0 144 0 0 0 244 177 0 0 0 281 151 136 0 183 0 0 139 276 0 0 0 229 0 0 0 0
0 0 261 0 108 233 200 0 0 200 0 0 0 292 0 260 0 292 231 307 0 0 0 0 0 155 0 0 211 185 0 0 0 0 0 0 214 0 0 0 0 0 115 0 246 0 0 0 184 116 0 257 151 0 0 100 124 163 300 107 145 0 175 0 0 217 188 0 264 113 195 201 171 0 0 119 205 249 113 105 0 217 0 0 152 122 0 190 174 188 0 0 159 0 143 110 0 0 0 103 0 129 202 0 0 0 0 231 0 0 241 243 0 0 0 277 214 280 0 0 123 286 104 146 0 127 119 177 0 122 0 0 0 161 0 0 0 131 265 0 198 115 219 0 0 0 0 0 113 232 0 0 307 195 0 0 0 219 168 240 0 0 169 0 0 0 0 0 0 144 0 224 0 0 0 0 0 286 0 236 0 0 160 0 0 221 160 0 0 308 123 0 263 137 0 0 0 225 0 197 0 0 0 146 0 0 253 255 128 172 265 0 153 243 0 0 150 179 0 121 0 0 0 0 150 161 235 0 0 0 171 0 159 0 218 0 289 0 0 0 109 244 0 0 199 0 198 135 182 135 0 0 0 228 181 273 0 0 121 281 0 287 179 258 0 255 0 0 159 181 0 272 162 0 158 0 170 161 0 200 285 246 191 0 0 291 0 207 0 213 161 282 0 0 169 0 0 0 0 299 294 116 124 0 158 155 0 222 226 235 0 183 0 210 0 147 0 0 222 164 0 0 253 0 171 154 0 0 0 0 0 256 0 121 228 288 0 0 153 122 243 137 287 0 0 0 242 0 204 168 0 169 136 241 147 199 163 226 0 103 259 206 0 0 187 172 118 164 278 0 0 0 0 210 0 236 0 0 254 0 236 0 204 0 0 316 278 129 121 0 212 180 0 138 0 0 239 0 0 251 0 0 0 190 253 185 0 0 274 222 0 0 249 200 0 126 130 0 224 0 0 129 177 0 263 137 222 288 266 0 279 195 0 165 156 146 0 0 162 0 254 317 161 229 0 0 0 264 0 0 168 0 0 145 0 0 178 0 0 0 267 0 275 181 0 0 0 190 0 175 215 0 216 185 273 0 0 0 0 0 204 0 0 0 0 0 0 0 0 0 292 128 0 0 0 0 154 298 0 168 260 189 0 198 0 150 0 177 166 0 0 188 0 0 198 236 0 187 0 0 102 0 191 174 204 177 0 253 133 0 194 290 0 0 273 135 0 0 203 106 254 146 102 181 111 233 230 0 0 103 0 255 0 0 201 291 283 0 0 0 0 155 217 0 168 227 0 0 165 162 270 193 0 0 0 0 0 166 0 118 0 0 230 170 0 0 0 0 200 0 201 0 164 0 0 0 0 0 0 0 158 0 158 0 173 0 120 0 245 247 0 0 262 0 0 176 0 153 153 0 203 0 237 125 272 0 123 0 269 265 0 149 0 109 114 176 0 206 141 279 0 206 0 255 265 262 167 190 129 0 0 0 284 0 147 0 287 0 190 171 0 294 255 0 225 0 211 0 306 0 165 0 162 0 0
0 0 109 105 161 0 0 0 0 282 275 252 0 0 276 0 177 278 130 0 0 0 0 0 0 0 217 0 0 0 0 0 0 0 0 205 0 276 109 0 0 0 0 141 223 277 0 251 134 0 0 183 0 258 292 0 0 290 0 0 0 158 170 267 0 0 0 129 185 0 0 0 0 0 117 0 133 120 0 0 0 310 0 265 0 0 269 275 189 224 214 0 0 128 129 0 118 116 155 252 0 115 0 233 166 0 272 0 238 181 0 0 0 0 0 0 0 191 0 195 126 0 286 0 0 257 0 0 239 256 290 0 244 199 156 226 0 0 251 182 0 0 161 153 0 235 272 0 220 0 0 0 0 124 208 186 129 0 284 0 0 0 276 281 0 0 0 307 0 163 171 0 0 213 157 208 0 275 0 188 0 245 179 0 294 164 266 265 282 0 0 206 160 197 0 141 234 0 266 0 162 0 295 153 195 0 275 290 256 0 296 144 0 0 0 264 200 0 106 185 0 0 0 151 0 0 0 0 0 175 250 137 173 0 0 0 102 0 0 116 0 280 154 0 134 0 0 0 0 0 244 0 0 217 100 272 0 0 227 0 0 0 163 185 185 0 108 0 187 0 108 179 141 138 241 0 240 0 113 253 0 0 0 226 264 0 0 114 292 220 292 159 0 125 237 159 203 0 0 0 234 0 0 104 141 0 0 0 262 0 0 0 0 0 0 0 0 0 254 133 0 0 0 101 0 303 0 0 203 0 133 0 271 0 0 0 209 268 231 207 200 135 197 221 0 0 0 0 182 0 0 231 0 226 0 0 0 0 122 195 258 0 143 123 0 204 124 0 280 0 281 133 0 0 254 143 250 158 214 0 152 0 0 0 0 201 105 0 0 0 192 120 231 168 0 0 0 166 186 0 200 247 272 0 183 230 0 0 0 207 122 156 0 189 0 0 0 0 0 0 0 233 0 190 0 0 208 0 230 111 0 0 262 0 0 210 0 246 0 206 119 0 0 0 291 115 276 144 0 137 216 149 0 0 0 0 0 252 0 205 0 0 159 0 0 323 201 239 0 280 100 293 0 0 0 144 271 282 264 0 144 0 133 243 0 297 266 136 0 0 152 0 0 0 166 0 200 0 0 0 0 0 140 222 0 275 0 296 0 190 0 188 98 277 0 0 0 240 0 0 0 0 232 194 0 0 0 272 197 0 0 287 213 0 131 0 0 266 165 0 248 136 0 0 226 110 0 0 280 0 0 266 0 101 0 0 0 293 0 290 0 215 189 0 233 0 287 175 0 0 0 219 180 281 0 0 127 296 0 193 116 270 0 232 142 0 139 262 112 0 0 0 0 212 292 0 0 194 190 0 130 187 145 180 103 0 210 0 305 314 0 147 0 199 255 0 0 125 285 0 0 0 0 0 250 288 224 267 132 0 228 288 227 0 0 0 0 0 216 308 231 0 271 0 219 0 0 158 105 296 223 0 205 300 0 103 110 139 0 117 0 0 0 144 0 205 0 124 182 141 0 170 191 0
0 269 277 264 102 223 0 0 0 0 136 201 247 170 231 0 0 0 237 0 0 181 255 0 265 281 0 212 0 0 287 249 152 0 0 130 0 158 155 193 0 0 201 113 0 262 0 0 110 0 0 0 242 0 0 283 161 0 268 0 0 0 0 184 0 0 0 228 249 213 0 163 0 0 0 295 120 0 0 0 0 0 0 191 0 0 161 214 213 99 0 177 204 282 0 0 257 122 112 0 193 0 0 231 0 0 255 178 213 125 273 180 117 282 186 0 173 222 0 260 185 0 0 294 191 151 291 0 0 0 0 153 256 278 263 285 180 111 261 252 285 0 161 0 0 288 0 265 0 141 141 0 240 0 300 0 120 129 0 211 0 0 230 0 0 0 0 0 0 0 252 230 0 201 310 209 217 0 0 0 0 147 0 202 0 126 0 0 0 0 0 182 0 212 0 108 166 0 162 0 0 0 204 0 234 269 0 0 0 0 0 114 145 197 0 0 209 0 0 0 0 161 0 0 0 0 0 241 0 293 190 129 0 191 0 169 250 139 0 0 0 0 0 221 200 133 150 0 0 227 269 123 203 0 291 0 191 108 102 186 172 0 0 0 0 0 201 0 324 0 286 164 0 0 0 0 256 0 190 0 150 322 305 0 0 0 0 0 282 0 0 238 135 223 0 300 0 0 282 292 0 215 0 0 252 0 238 209 227 174 166 258 0 0 137 219 264 209 302 0 275 154 0 137 0 0 0 0 0 0 0 269 0 0 0 0 127 128 143 284 0 0 0 0 229 0 293 196 0 166 0 0 119 191 144 174 0 277 182 191 0 0 145 149 190 245 0 0 163 203 0 0 0 0 0 0 0 0 271 178 204 0 202 0 0 0 0 301 177 0 193 206 0 239 0 0 171 0 156 140 0 234 177 0 134 175 99 150 0 281 263 0 167 0 0 145 151 165 0 129 276 0 0 288 0 270 0 0 196 111 0 0 0 214 0 0 0 219 302 100 0 0 152 251 255 0 0 0 0 286 150 0 158 176 150 203 214 192 0 0 0 98 0 0 0 0 0 0 0 161 0 292 170 210 225 131 224 234 166 205 0 287 261 258 126 200 0 194 158 0 205 198 184 0 0 231 0 208 158 0 0 276 0 126 165 158 281 0 287 0 0 0 0 290 254 0 0 0 261 305 0 148 0 107 0 140 215 0 222 281 142 0 0 291 0 282 209 0 0 0 273 222 205 134 158 232 119 278 107 133 134 0 0 189 157 138 246 213 163 179 264 169 0 0 129 274 0 0 239 0 0 0 0 111 184 0 255 147 0 0 0 0 0 244 0 207 0 305 285 0 0 0 170 308 0 0 0 258 0 0 149 0 0 117 0 164 107 230 165 0 0 193 228 0 0 126 284 0 0 0 188 0 0 244 278 179 298 98 114 277 0 0 0 223 126 0 238 0 159 295 227 136 0 0 246 307 0 144 0 104 0 228 272 0 0 260 255 0 0 0 162 0 0 228 247 0 0 299 139 113 0 158 0
0 0 0 0 0 177 0 148 264 0 0 161 105 0 190 184 215 231 276 0 224 131 0 258 0 170 286 183 0 0 0 204 215 0 0 0 247 0 290 250 112 127 229 0 223 205 240 274 0 279 0 289 177 0 276 223 244 193 0 0 0 0 202 301 104 0 104 0 0 0 262 0 294 137 280 216 261 169 0 165 0 145 142 0 0 0 0 239 0 0 128 0 200 143 150 181 0 293 0 0 0 0 0 237 0 180 283 0 0 195 112 0 0 0 110 0 231 0 0 247 0 150 0 147 0 266 102 0 140 0 0 0 0 0 0 0 0 0 0 146 0 124 271 198 108 231 0 151 190 248 257 0 167 106 0 188 178 269 0 0 0 0 161 0 0 0 107 0 227 0 0 147 0 187 208 251 237 0 0 0 0 262 0 0 0 117 0 274 0 0 0 0 272 205 0 259 119 186 0 257 281 0 275 0 0 0 0 269 0 0 257 0 196 296 182 292 180 274 0 0 0 149 294 149 245 265 194 269 0 260 0 0 184 232 197 0 0 0 270 198 0 107 0 0 112 223 0 0 0 123 191 154 119 0 0 233 182 0 272 103 158 300 0 304 280 0 0 0 0 0 0 0 0 0 140 0 0 0 176 127 221 225 274 0 0 0 0 0 168 115 0 0 178 0 0 0 291 0 100 205 0 169 246 253 204 0 201 151 0 145 247 128 0 0 174 0 110 225 232 0 190 0 219 223 0 208 0 148 0 0 214 170 0 267 0 167 284 0 180 176 0 112 0 121 180 290 0 0 0 213 0 230 0 271 159 143 279 178 0 0 0 186 0 0 242 0 0 0 0 0 0 0 0 167 0 181 105 223 0 104 183 221 221 0 288 141 0 230 0 147 252 260 212 164 0 287 0 279 0 0 0 134 186 204 253 0 0 0 231 0 179 142 146 0 220 0 0 0 0 226 0 0 0 0 0 0 138 0 214 188 0 125 151 187 0 160 179 0 0 0 112 0 0 262 265 240 269 0 233 0 0 228 221 0 0 136 109 0 0 242 0 149 191 0 0 213 301 0 100 168 129 284 0 260 0 233 0 218 0 132 0 240 180 110 158 0 0 159 0 109 183 206 140 144 128 0 110 256 0 0 0 0 238 237 244 128 163 259 223 0 0 201 129 0 0 175 128 241 125 0 0 0 139 0 0 0 0 214 257 277 266 230 0 205 194 267 0 0 0 0 0 0 0 0 117 282 0 0 0 0 0 231 0 0 210 0 309 0 0 127 185 319 0 278 0 191 203 0 0 211 165 189 181 104 0 0 0 0 121 0 193 0 0 0 135 166 167 269 0 0 278 0 0 145 0 163 249 0 0 257 237 197 0 254 0 221 138 211 0 0 105 0 0 184 233 185 223 0 271 132 0 0 219 237 241 296 0 0 0 0 0 0 0 216 0 100 264 0 0 245 113 0 217 275 0 213 0 158 217 265 0 263 106 0 250 0 107 274 152 246 0 112 0 0 0 0 211 118 280 0 212 0
0 184 0 180 214 0 0 0 154 0 284 259 0 0 0 0 0 263 244 0 318 0 0 0 101 233 176 295 0 0 127 217 0 0 284 213 276 0 0 276 114 0 104 279 0 0 135 0 0 0 0 216 0 0 0 178 168 164 165 127 271 164 0 125 0 0 300 0 220 154 0 0 0 0 0 0 0 0 165 275 252 0 0 307 206 0 183 199 208 242 133 240 108 214 0 98 280 0 0 0 0 235 286 0 230 0 0 0 0 0 266 131 284 217 0 304 0 173 0 203 0 238 0 0 167 103 318 0 120 0 182 0 0 0 201 115 205 195 0 0 0 180 299 0 109 157 290 0 0 0 204 277 0 230 0 0 292 103 280 0 0 222 138 174 189 306 236 0 137 0 188 186 105 0 161 239 0 0 110 0 146 0 252 128 106 212 0 268 174 0 0 199 0 226 0 0 180 0 0 111 217 0 191 183 242 0 0 0 0 0 290 275 140 280 0 0 0 0 0 289 178 0 266 0 0 0 313 0 0 0 162 211 214 0 0 0 0 0 172 293 0 0 0 0 122 0 204 0 0 0 255 0 109 0 243 0 128 0 0 0 0 0 137 0 0 185 0 0 0 154 277 210 0 306 106 148 212 199 0 0 0 0 147 233 262 133 0 273 0 256 215 101 0 291 216 220 0 184 256 0 115 224 199 113 0 0 218 0 285 225 0 269 118 0 0 133 0 0 142 0 252 228 0 0 0 282 100 150 0 0 188 126 0 198 183 0 0 0 0 199 264 244 278 141 171 246 0 170 289 0 0 0 0 171 121 193 0 258 0 0 244 0 0 212 0 213 139 253 0 0 0 147 251 0 109 0 294 0 0 0 106 228 159 0 171 215 309 0 186 273 225 169 0 0 0 138 221 0 0 99 0 0 0 0 0 0 0 0 170 278 269 0 0 0 0 102 0 0 176 274 206 280 0 0 179 136 195 0 161 248 0 0 0 0 190 198 0 0 0 150 186 0 0 258 0 0 0 158 0 102 136 0 0 108 0 281 133 0 120 273 276 0 0 0 113 0 0 118 149 258 152 151 0 0 191 117 245 0 0 0 0 0 277 0 264 240 0 0 122 266 0 0 134 0 0 0 218 0 310 0 0 110 0 204 0 141 299 0 215 0 0 0 244 174 204 0 118 138 0 0 0 0 287 188 194 0 104 0 0 109 0 0 0 108 0 0 110 192 236 0 0 0 194 248 234 138 0 269 0 0 222 228 0 187 0 128 0 270 164 0 0 182 212 252 266 163 0 0 0 119 274 280 187 162 0 0 116 151 115 181 0 131 0 150 0 161 163 209 255 162 0 141 0 0 197 191 0 0 110 0 189 178 0 159 0 0 0 218 286 0 0 265 106 270 0 0 0 0 0 208 302 0 270 0 0 0 0 136 0 0 265 0 165 0 307 0 154 170 174 119 0 290 0 143 139 248 184 0 0 158 0 226 0 187 222 0 206 146 0 0 0 156 0 211 112 0 0 0 281 239 0
0 0 0 0 0 0 188 0 241 0 189 0 0 219 0 133 188 0 289 237 102 271 0 0 0 111 0 231 116 104 0 0 0 219 0 153 260 277 0 197 0 0 230 190 0 139 0 0 0 134 0 264 0 189 0 0 282 0 0 0 128 139 261 0 188 0 0 258 0 0 204 0 142 0 0 150 0 0 179 237 303 0 279 131 0 108 0 170 208 165 205 276 239 0 0 0 133 288 107 136 0 0 0 0 268 0 0 154 222 0 259 252 0 234 0 0 192 225 0 0 0 198 0 185 0 237 187 0 134 109 0 0 141 140 0 223 0 251 198 0 172 0 225 0 181 0 137 105 216 260 0 0 0 0 0 230 189 0 108 132 237 103 166 0 204 179 216 210 0 0 180 249 0 0 0 279 259 273 269 0 226 0 211 0 200 0 0 238 0 0 175 121 0 174 0 0 0 313 270 183 169 262 0 204 219 100 240 0 0 0 260 204 264 0 251 0 242 0 171 0 0 0 0 0 111 153 290 0 267 0 0 0 162 241 0 0 0 0 0 0 0 0 0 0 0 265 0 186 271 275 285 0 0 151 202 233 0 204 0 0 0 224 107 282 176 122 141 0 157 98 0 0 0 0 0 124 112 0 0 140 0 258 0 0 102 258 0 0 0 231 283 256 0 0 0 0 308 155 262 0 0 168 118 256 199 161 0 279 247 181 248 169 0 0 187 191 192 0 128 0 0 0 132 0 0 0 124 0 0 0 0 0 0 0 0 0 0 0 0 0 156 129 0 248 0 230 0 184 162 0 180 129 0 0 0 0 195 181 0 0 0 0 0 0 172 0 169 0 116 0 101 241 0 0 0 291 192 173 0 232 207 0 0 246 254 0 0 0 0 118 0 222 0 0 0 0 0 112 241 166 0 0 0 188 166 0 259 0 234 0 0 128 228 0 0 141 190 0 141 0 295 0 271 0 225 233 148 103 0 0 95 238 0 0 0 0 0 237 219 308 212 0 193 291 0 0 0 267 138 240 0 117 0 217 223 113 183 149 0 230 212 0 194 0 104 187 224 0 0 0 0 244 201 0 0 126 0 139 0 231 224 229 0 102 184 0 239 0 0 175 0 189 0 277 229 238 0 0 277 0 0 0 166 0 101 146 282 112 0 0 0 141 149 188 0 252 0 242 224 0 258 0 0 157 0 141 0 0 228 0 0 0 210 287 248 115 221 0 0 207 168 0 0 0 190 268 0 245 0 240 226 0 165 268 290 288 0 0 109 95 170 177 170 255 0 0 283 208 226 124 204 218 228 0 98 138 0 195 0 0 0 0 280 274 259 0 0 0 0 306 308 0 0 0 0 136 0 0 0 0 122 0 0 124 209 0 169 0 274 258 299 135 204 0 93 0 232 269 0 253 0 139 230 0 0 0 280 0 0 0 270 191 190 280 0 0 0 117 0 259 0 156 136 191 156 245 114 0 148 272 0 274 241 0 0 0 199 0 297 0 206 0 0 137 141 242 246 231 151 0
0 0 0 119 0 0 173 303 150 0 230 166 0 202 209 0 0 0 0 192 0 0 0 0 214 0 169 0 146 186 0 160 166 0 0 0 142 301 136 222 0 160 205 103 181 0 0 0 0 0 0 111 0 191 0 0 189 0 277 0 0 0 287 0 156 0 0 0 145 205 100 123 252 0 208 0 181 288 0 0 117 259 0 0 0 247 98 126 147 0 204 237 0 0 0 137 0 0 270 0 0 0 0 147 127 0 218 0 0 240 180 228 262 0 0 0 0 269 309 271 0 0 0 0 112 200 0 194 0 0 0 0 0 255 0 200 0 289 0 0 0 262 0 231 246 128 0 256 139 223 0 262 227 0 0 0 0 0 0 235 154 0 0 0 268 232 206 140 0 0 0 0 224 0 233 276 0 0 0 130 244 184 194 290 275 0 163 0 110 192 0 184 121 244 121 0 0 187 249 0 0 237 0 203 154 0 0 120 215 112 305 0 0 128 128 240 0 214 179 0 0 0 0 122 162 0 231 265 276 285 204 210 0 102 0 0 147 138 275 250 0 0 0 0 195 0 170 278 0 165 0 0 0 299 228 0 0 0 138 194 244 0 0 278 283 203 0 0 0 138 259 305 0 231 154 0 282 0 0 0 0 0 0 289 252 166 203 0 168 0 0 0 0 178 132 0 144 275 165 168 0 0 0 0 252 0 0 222 321 0 0 0 0 101 0 101 246 0 0 0 147 0 0 0 0 274 271 0 0 0 148 143 0 0 0 0 0 189 178 0 0 0 0 285 0 0 0 0 0 0 0 0 0 0 117 123 0 0 165 277 210 0 0 299 0 0 0 153 0 237 0 171 116 0 0 158 0 0 0 0 0 131 113 288 261 0 266 133 237 96 0 275 0 257 0 194 0 120 0 0 207 161 0 110 0 0 0 0 0 268 0 286 198 108 165 213 0 136 0 129 0 0 0 213 0 0 162 0 0 302 123 214 249 0 314 157 0 0 287 0 0 0 0 272 151 265 233 0 196 0 239 142 120 251 0 230 0 213 107 156 250 200 0 0 243 0 0 0 0 116 191 239 132 149 0 212 249 221 146 0 0 0 161 0 138 0 0 0 0 0 213 0 194 270 0 0 102 187 200 0 239 155 109 188 0 152 0 0 0 0 0 0 218 0 0 0 0 124 0 258 229 0 0 0 235 248 205 0 0 252 229 227 189 0 0 286 0 292 226 0 104 0 0 181 236 0 185 301 276 175 0 275 216 219 289 0 124 136 0 0 0 0 217 0 179 0 0 0 295 0 267 190 0 250 0 0 140 157 171 0 158 274 0 0 0 0 0 0 0 0 0 0 0 156 0 0 0 222 275 159 0 0 302 200 220 228 0 251 0 0 0 0 120 243 0 118 0 0 111 262 196 0 0 0 0 0 0 197 0 141 195 219 234 0 0 0 0 0 174 146 221 201 0 0 0 189 138 0 123 0 0 0 0 167 270 101 294 150 0 0 0 314 0 102 0 149 146 269 0
0 0 0 183 0 0 0 0 185 177 0 158 0 118 0 292 0 214 0 0 0 258 0 0 0 0 0 0 132 298 154 232 0 186 140 0 0 0 0 246 136 273 243 212 289 0 168 0 0 0 172 0 0 0 220 270 0 0 0 0 0 0 110 0 0 0 305 225 0 130 203 0 99 221 156 231 0 0 270 271 179 0 0 205 211 251 246 154 0 0 0 293 0 0 0 0 0 0 0 0 273 0 203 212 113 120 210 0 299 277 251 0 0 0 0 0 0 0 160 0 150 0 257 0 0 0 132 0 149 148 266 0 0 0 0 0 0 279 213 172 0 0 156 133 0 0 0 172 0 0 137 234 0 237 279 0 126 113 0 0 294 0 197 292 174 0 125 180 141 241 183 0 0 274 0 0 213 0 233 0 292 0 0 147 120 0 0 201 0 0 0 0 0 195 180 246 0 170 106 0 0 0 0 294 0 0 235 200 0 263 0 243 222 0 206 164 0 155 0 0 0 0 312 123 0 0 0 215 0 0 230 0 0 278 123 217 0 256 0 108 234 0 0 296 0 142 0 0 274 0 0 230 0 0 0 230 0 0 109 0 239 0 0 0 167 204 0 249 162 0 285 205 250 105 245 0 292 0 0 0 240 0 258 0 243 115 107 274 151 245 0 113 107 154 226 219 203 0 0 0 0 0 257 140 155 172 108 0 176 0 0 268 0 0 0 127 0 239 198 224 236 0 0 0 127 0 254 0 211 0 255 172 0 0 0 0 259 0 0 211 295 0 244 0 0 179 0 127 223 0 120 248 209 0 250 161 0 0 0 172 215 224 0 0 117 0 0 0 0 164 221 0 268 0 0 0 0 0 216 0 0 0 158 0 275 0 0 161 203 0 0 190 198 0 287 154 188 0 0 266 155 0 0 0 134 0 0 0 179 0 0 0 0 224 0 0 247 0 0 125 220 121 0 0 0 114 190 134 114 0 0 147 129 0 250 120 188 284 143 205 173 0 120 149 0 205 0 287 156 126 0 0 0 267 200 180 97 0 0 0 0 276 222 0 0 109 266 0 0 0 0 0 309 175 0 0 144 291 0 234 0 0 0 112 0 0 0 0 0 0 153 189 221 177 216 0 221 0 0 0 266 247 166 257 218 0 0 0 0 94 172 0 244 0 0 0 0 0 229 0 0 0 0 0 162 0 0 207 272 0 267 0 0 0 134 243 175 0 0 0 0 285 261 0 0 181 0 243 0 0 188 0 0 0 154 0 240 280 0 0 0 0 0 202 0 127 210 243 0 152 0 0 0 264 0 258 0 0 117 116 222 0 138 266 170 0 0 0 239 307 0 236 0 211 124 0 0 209 188 0 302 0 116 0 300 255 0 275 0 0 225 107 0 212 266 132 0 167 0 172 144 0 117 0 101 0 0 205 0 264 272 195 0 188 141 150 0 0 114 0 0 100 175 0 170 0 0 0 0 0 0 305 0 119 162 179 0 0 0 0 103 220 0 0 0 112 232 0
0 171 0 231 130 0 0 276 0 120 117 287 283 0 202 277 116 246 0 0 0 0 120 0 267 200 0 0 0 0 229 0 0 0 184 0 147 0 119 0 0 136 0 0 171 0 0 0 0 0 0 0 0 103 120 0 0 256 0 0 248 0 289 163 0 136 0 145 0 119 0 0 0 131 0 0 0 0 288 208 0 0 0 0 0 210 286 0 251 141 0 0 0 0 0 266 0 0 266 0 0 0 0 0 0 184 0 165 0 0 150 256 0 0 0 0 301 253 0 164 140 0 173 183 129 215 110 155 0 0 110 0 309 249 0 0 0 0 123 0 258 0 0 0 125 203 213 0 0 0 128 0 0 0 0 0 0 0 0 281 0 0 194 0 0 0 268 0 0 0 116 0 0 171 197 0 0 161 164 238 310 253 0 244 0 117 222 195 234 0 100 0 146 197 0 166 169 0 166 178 0 188 286 201 223 0 0 233 0 208 0 0 0 119 0 0 0 105 101 121 0 222 0 184 108 183 0 0 0 0 233 0 135 0 316 262 288 0 0 0 0 0 204 0 198 0 262 0 0 234 208 0 127 197 152 168 261 0 0 126 0 189 112 245 0 188 119 0 190 193 151 0 226 106 225 213 113 0 273 0 258 0 257 0 0 0 232 252 273 233 0 136 285 0 0 0 0 0 0 0 98 0 0 0 217 0 287 0 112 0 214 0 0 237 166 0 0 0 0 0 257 177 0 0 0 0 0 0 268 174 0 158 0 193 129 0 207 267 267 0 203 0 0 290 158 0 156 0 136 280 240 0 0 0 221 217 206 152 0 222 103 0 217 232 0 0 0 222 0 228 0 0 139 0 0 211 176 0 233 0 0 151 0 0 0 262 0 0 288 218 245 196 0 139 0 97 0 0 0 126 0 0 0 233 0 248 0 221 0 0 0 120 265 0 0 0 0 0 0 0 0 273 240 0 0 0 0 289 119 0 0 0 0 210 0 0 0 0 0 167 0 0 216 0 0 202 0 0 0 104 278 228 0 0 209 187 277 0 0 0 267 0 0 0 243 137 287 0 0 0 0 0 293 0 0 266 0 0 257 171 220 250 232 138 0 0 171 0 295 0 0 0 185 147 234 0 0 280 0 0 0 166 283 95 108 0 251 0 117 293 0 0 0 172 0 0 192 190 155 0 286 153 0 129 0 0 153 0 296 288 0 0 290 0 0 149 0 214 175 0 0 0 0 155 196 218 0 0 103 0 0 218 222 0 0 0 0 282 290 0 221 266 0 177 247 239 0 208 0 0 0 0 179 227 167 0 240 0 247 0 0 120 0 255 0 279 118 0 151 286 177 0 0 0 0 306 0 172 0 0 181 197 193 153 0 253 131 0 244 0 124 254 148 0 0 180 0 0 256 0 239 0 177 0 215 0 114 0 106 206 118 163 113 272 0 138 0 0 0 0 249 0 257 0 0 0 0 183 104 0 264 0 0 202 205 0 0 0 0 250 0 201 0 0 0 0 0
0 0 0 210 181 188 130 121 233 270 0 272 0 0 0 0 0 265 0 0 0 0 210 293 113 207 102 0 0 136 259 215 270 271 0 0 0 240 127 235 104 0 286 223 233 0 0 128 169 235 271 0 258 0 176 132 120 0 0 0 0 0 0 0 183 0 294 0 207 0 134 0 0 135 0 140 0 297 179 0 0 114 135 0 217 0 283 181 0 192 217 0 221 0 0 0 0 179 160 266 193 153 281 0 0 256 0 259 0 171 186 127 0 213 0 0 0 0 0 200 0 227 274 0 200 0 226 233 298 0 99 207 254 0 236 0 145 0 119 109 0 174 0 0 279 0 211 108 205 117 0 141 0 97 190 300 222 243 151 209 0 0 272 155 0 296 192 238 0 281 176 199 0 113 0 285 285 176 0 0 121 247 0 290 214 0 0 0 186 295 0 241 0 0 128 210 208 0 116 0 107 289 0 221 0 0 0 0 0 261 0 135 0 0 0 222 187 0 294 166 0 244 0 0 0 0 136 0 141 0 0 0 0 0 0 131 0 107 144 0 0 251 146 0 0 0 204 0 156 0 164 0 0 0 179 0 209 250 143 144 0 0 0 0 0 93 0 118 178 0 244 181 125 0 0 0 0 102 0 0 184 0 0 227 238 0 182 0 0 0 0 0 111 298 0 0 232 0 161 266 211 0 0 233 108 0 0 113 185 0 0 250 0 0 123 0 233 0 0 211 0 208 166 102 107 0 226 0 0 178 227 188 0 0 248 153 268 0 0 214 0 151 0 0 102 106 0 0 131 0 0 236 280 0 0 148 112 108 0 0 225 196 208 0 273 0 0 178 0 265 0 0 171 108 181 227 174 221 144 107 0 0 0 187 0 0 225 120 292 244 0 244 0 225 129 258 274 0 106 0 158 214 203 0 0 0 236 0 0 0 0 242 0 0 0 282 0 0 237 277 254 0 0 128 264 198 0 106 260 0 264 137 0 229 252 0 0 0 146 0 0 0 255 187 276 204 289 0 127 197 0 286 189 0 0 169 156 182 200 245 160 0 186 0 294 250 0 0 0 98 0 0 117 194 0 167 0 0 0 166 0 267 0 227 135 285 0 0 0 201 181 132 0 0 166 123 164 300 0 163 183 203 119 0 133 168 254 148 152 221 176 0 193 0 0 216 0 251 0 0 104 154 0 227 269 0 0 284 0 0 136 149 230 0 132 0 0 0 0 0 0 270 0 0 168 156 0 192 0 0 0 0 0 239 0 0 271 0 241 272 0 119 107 135 203 112 188 0 184 0 0 0 232 137 0 147 0 0 0 237 0 0 171 0 131 0 179 0 0 0 0 141 102 0 153 0 0 0 0 0 0 242 163 244 0 0 0 0 296 0 0 0 0 0 0 191 0 259 0 129 250 0 180 258 184 236 223 0 0 196 187 0 196 0 231 0 0 267 189 0 0 191 206 0 0 264 285 0 0 105 280 156 133 296 249 256 0 289 211 217 196 0 0 185 0 0
0 0 188 0 160 171 108 0 248 208 197 0 0 285 0 306 296 222 0 0 123 209 0 149 0 271 0 0 0 0 0 0 0 0 0 0 198 0 180 270 247 0 234 177 0 112 187 295 0 0 204 244 277 242 0 205 0 214 0 200 0 251 262 0 123 0 0 0 0 0 0 0 0 199 0 0 120 0 0 0 0 264 192 144 193 0 230 184 260 304 176 0 0 143 0 0 324 0 0 0 0 277 0 276 0 280 0 0 0 214 183 0 0 0 105 0 0 0 0 0 0 0 274 155 303 166 193 0 242 140 0 129 222 123 141 0 263 209 0 252 213 0 320 0 0 140 0 257 0 147 0 0 0 192 0 203 171 0 130 152 196 0 100 0 262 0 0 292 0 199 131 0 287 0 0 123 0 0 256 268 0 0 0 167 256 0 169 0 0 261 171 0 0 0 0 0 0 0 0 0 263 208 0 0 0 255 216 214 0 0 0 240 0 0 0 0 0 0 0 0 0 0 110 0 126 0 0 163 0 197 282 0 0 0 304 0 0 0 214 0 0 286 0 0 0 106 268 0 319 244 126 276 128 0 145 226 236 141 267 289 0 202 0 0 211 0 176 0 0 0 285 296 0 258 0 165 0 181 148 113 247 0 172 170 181 0 0 174 0 159 119 0 243 0 287 185 0 0 159 0 0 0 187 239 0 0 0 175 198 0 0 0 133 246 125 0 0 0 259 0 175 0 206 181 0 0 171 0 112 0 0 214 118 0 185 241 178 0 0 0 246 226 0 213 0 245 284 293 281 0 168 0 148 104 0 0 0 0 0 0 117 103 0 0 163 0 217 271 205 223 0 0 0 0 0 0 0 313 229 0 0 0 0 0 0 152 173 163 238 209 133 181 202 0 0 0 0 0 155 0 176 146 198 170 131 273 109 272 0 183 0 0 209 108 0 202 0 0 167 145 253 0 0 0 224 0 150 0 0 0 219 0 0 199 166 141 0 245 0 0 150 235 0 177 308 154 0 234 134 121 0 0 274 0 0 130 0 0 254 0 236 0 264 0 0 0 138 175 262 0 0 0 0 0 0 162 0 123 0 192 140 210 182 181 0 0 0 227 152 0 191 294 143 0 0 0 135 0 0 174 0 0 272 0 260 0 255 246 113 170 0 306 161 172 0 0 0 241 0 0 0 0 111 0 0 0 286 221 169 235 181 298 190 0 176 251 280 0 0 217 209 159 0 119 236 211 212 0 163 0 0 248 0 0 280 262 0 187 229 0 0 0 200 211 0 0 0 173 0 181 207 168 111 0 0 0 101 149 0 0 137 280 0 145 0 0 289 244 0 221 0 202 0 226 0 0 0 141 133 225 0 0 0 287 0 160 0 153 0 178 0 185 141 155 312 147 0 0 0 0 190 0 0 264 0 0 241 193 0 0 244 267 0 236 0 0 210 202 0 145 0 0 124 0 0 283 194 234 0 173 154 0 0 258 0 0 0 287 254 0 0 0 0 182 0
0 0 182 272 202 0 0 213 0 0 184 243 0 134 124 198 0 125 221 167 103 0 286 0 0 231 0 275 116 194 0 0 0 293 0 0 0 264 0 122 284 245 254 265 0 0 180 109 0 139 149 199 120 0 186 231 0 0 0 0 107 118 185 301 0 0 0 164 297 178 0 0 0 0 0 0 0 180 0 204 214 0 268 0 0 0 0 165 0 0 268 267 170 188 0 101 0 0 113 0 262 157 0 0 0 125 189 236 0 0 0 0 0 112 214 0 143 0 277 0 0 138 0 0 204 102 0 0 217 0 0 0 0 133 303 0 261 0 276 0 229 158 285 153 266 0 0 199 0 115 259 101 0 0 188 0 132 0 0 0 0 239 0 257 273 227 190 275 154 107 0 0 269 257 0 0 230 0 157 212 0 228 162 208 0 186 0 185 0 0 167 0 118 0 263 111 0 310 172 167 0 0 0 0 0 0 141 0 113 229 0 203 114 276 0 137 236 0 0 0 0 0 96 277 0 281 0 0 272 189 0 0 206 0 0 222 114 139 0 0 0 0 225 170 188 0 238 0 0 0 0 252 0 254 189 0 198 269 188 138 292 311 257 217 0 226 0 121 0 116 0 0 129 0 206 112 0 262 0 0 141 0 0 172 279 0 235 108 250 0 0 186 105 0 261 0 203 0 0 282 0 223 162 112 241 163 233 0 0 216 0 0 138 0 0 127 0 0 96 236 131 0 205 207 291 0 0 0 0 0 270 255 0 256 262 220 0 248 0 0 0 253 240 125 0 187 0 0 0 213 0 0 0 169 0 0 143 251 0 0 293 0 122 0 107 0 0 0 131 204 0 0 0 0 237 0 214 191 0 243 181 0 170 0 0 111 256 0 0 0 224 0 200 0 0 122 0 0 164 0 0 0 0 0 0 0 281 0 0 0 262 242 242 0 202 0 0 229 0 0 0 149 245 0 124 276 0 181 220 244 0 0 0 0 103 302 164 167 0 0 0 131 112 259 120 273 181 123 116 191 131 125 216 0 296 0 0 0 0 115 115 263 0 285 0 0 0 207 0 0 0 112 106 0 0 139 0 126 0 175 0 192 147 0 0 0 205 0 180 215 293 0 140 0 0 220 0 0 297 0 0 0 180 220 0 175 0 139 0 285 0 147 123 0 0 208 180 220 0 0 172 166 152 0 0 0 279 0 276 0 226 105 0 194 133 116 0 0 0 0 212 0 0 190 149 0 206 0 155 132 0 138 0 254 0 0 251 0 201 0 0 236 0 0 212 193 0 0 0 0 239 0 0 227 263 0 0 0 0 0 218 262 173 0 0 187 0 219 0 254 0 0 0 155 217 0 161 0 0 298 0 95 0 0 240 212 292 0 0 0 129 0 0 270 191 216 187 234 0 0 0 209 136 0 127 222 0 127 0 0 0 145 257 214 0 0 253 0 301 164 0 0 242 282 280 230 0 235 0 0 0 0 271 0 159 121 265 0 0 0 0 0 167 0
0 0 0 157 284 0 240 0 0 108 251 243 171 264 153 0 0 237 295 0 155 0 0 226 304 167 108 132 247 115 215 0 227 0 267 221 310 0 0 0 174 137 263 233 0 170 109 0 237 225 153 205 131 0 0 0 161 225 0 0 0 267 0 110 0 0 0 0 155 0 234 142 0 0 0 125 100 0 0 0 0 0 0 165 263 0 0 276 117 0 0 223 140 0 286 261 121 264 227 0 0 288 131 295 0 0 0 0 0 109 0 0 0 0 0 119 137 104 149 0 0 0 200 278 209 135 145 0 260 149 154 135 113 0 124 199 0 252 0 0 0 184 0 0 295 241 180 121 137 286 0 164 0 240 0 149 0 116 237 126 164 205 210 0 103 0 0 0 0 127 269 240 0 291 0 267 0 194 0 0 0 0 176 0 236 287 0 228 0 0 0 130 0 155 186 128 146 0 291 186 311 0 195 139 121 110 196 0 132 123 275 0 239 0 135 0 0 0 0 117 107 0 0 0 0 257 197 236 218 226 0 0 0 0 0 232 0 119 233 0 220 271 184 212 152 288 204 201 130 0 0 174 0 119 0 271 301 0 133 212 233 267 0 276 0 251 0 238 0 254 0 208 135 154 242 177 299 161 237 0 189 103 0 0 112 0 0 0 0 145 302 0 310 164 0 0 169 0 179 0 167 264 0 0 174 0 151 272 0 160 0 0 0 0 106 217 199 0 269 0 167 0 0 112 0 0 0 0 0 0 294 0 0 136 235 240 0 144 123 0 0 0 0 0 0 0 0 0 0 270 0 0 0 189 0 0 0 162 227 298 0 0 0 0 189 239 0 0 218 180 0 0 0 0 0 294 151 293 0 0 0 0 0 0 0 0 204 0 264 0 158 0 0 0 150 0 0 0 124 273 0 0 0 0 122 239 0 0 293 0 0 0 209 244 270 294 277 312 260 260 0 170 0 0 0 252 175 0 132 270 0 157 0 118 205 0 244 0 304 221 0 0 266 158 209 0 273 0 0 0 0 0 190 0 279 150 0 0 280 209 0 188 0 0 184 0 0 210 0 0 155 0 146 159 0 220 0 135 0 282 0 0 0 0 269 0 0 207 0 212 304 246 275 234 0 111 0 203 0 0 198 193 167 0 0 276 249 0 267 138 0 236 0 0 225 233 183 110 197 109 0 210 0 264 0 0 277 199 166 203 0 163 153 0 0 198 257 217 0 0 0 0 0 0 0 0 0 0 100 0 0 311 0 124 235 134 176 0 0 169 0 151 0 193 222 211 232 168 262 0 0 0 129 206 299 0 0 278 0 251 184 163 0 298 284 274 154 0 243 179 0 116 0 0 152 0 131 0 285 0 0 0 0 0 211 0 0 248 119 199 189 250 293 134 142 277 253 0 0 0 0 200 0 0 0 0 153 192 0 0 138 178 0 0 0 0 0 260 0 274 0 0 167 0 161 264 173 0 274 178 171 158 0 206 0 0 226 0 121 214 0 286 0
0 308 160 0 95 0 121 272 0 0 0 0 305 0 150 180 180 0 0 0 259 292 0 123 0 0 245 271 0 0 0 106 0 0 0 0 0 149 113 125 230 0 281 0 228 104 203 127 163 0 152 210 0 156 151 0 0 177 0 155 236 233 0 0 0 0 294 281 0 299 199 0 213 0 0 280 170 0 191 0 0 217 0 0 286 177 0 102 98 99 0 0 0 257 234 0 180 126 153 123 138 0 0 217 0 0 143 99 211 0 155 0 0 0 170 0 0 0 121 0 0 124 257 0 194 257 0 269 158 294 0 191 0 0 0 0 100 134 230 0 0 0 0 0 0 288 0 0 179 255 0 0 106 286 220 0 277 0 173 306 0 0 289 203 255 116 240 196 293 0 145 0 221 0 153 175 225 0 105 269 155 0 255 0 215 207 0 0 113 0 207 158 0 241 0 0 0 0 303 0 0 0 178 0 0 226 0 100 0 182 0 263 94 254 0 0 0 138 0 240 222 0 270 0 0 0 0 164 171 0 271 240 0 0 188 0 0 161 0 0 0 0 221 0 199 119 147 173 276 179 135 209 163 200 0 268 249 148 137 0 0 0 0 267 0 271 0 143 182 277 165 0 0 279 316 0 0 285 0 0 258 205 0 150 0 0 222 0 0 0 235 0 177 264 190 0 115 0 158 0 249 0 0 132 158 168 215 0 211 0 136 258 199 217 0 0 159 0 0 131 202 169 0 268 162 0 0 151 0 259 179 121 222 0 131 190 0 0 0 254 108 0 0 0 232 0 293 0 0 0 0 0 214 0 0 212 260 0 277 0 0 160 0 0 0 0 0 0 0 0 0 0 0 107 0 0 0 0 130 234 0 291 0 136 278 0 205 206 0 241 0 270 0 0 129 285 168 102 0 0 0 268 172 0 158 0 0 240 0 241 0 0 0 0 0 107 130 305 0 0 253 210 264 0 267 156 117 285 0 177 162 0 126 0 271 0 186 261 102 0 254 0 166 130 0 0 0 0 219 0 110 0 0 264 0 0 0 230 296 0 183 0 275 121 0 218 0 0 0 0 0 0 139 0 0 228 0 271 0 0 0 205 209 114 177 290 174 207 121 249 280 0 284 249 0 0 0 183 269 124 0 267 143 148 230 256 0 0 118 111 0 0 0 0 146 297 296 261 0 0 131 161 0 0 164 228 160 181 0 121 197 0 0 0 0 0 144 0 199 211 0 0 0 105 0 0 0 0 0 0 0 287 0 186 288 0 290 174 0 120 245 156 0 292 0 293 227 216 0 0 236 237 152 123 0 0 0 0 0 0 207 271 0 217 196 0 0 249 271 0 218 0 172 237 148 0 258 216 0 277 121 225 0 0 0 135 231 0 0 168 250 0 0 139 0 259 195 218 183 0 211 97 0 142 209 276 0 287 0 250 105 157 222 205 0 320 0 0 258 0 125 0 159 210 182 166 267 130 105 0 0 155 0 0 176 0 0 270 0 121 0 0
0 257 111 0 181 0 0 210 255 133 0 109 0 0 0 268 178 259 0 0 0 251 230 0 0 0 0 131 108 0 280 0 242 122 0 0 0 0 147 246 261 0 144 166 0 0 152 141 0 144 0 132 0 96 0 130 0 0 152 0 211 0 0 182 160 192 232 0 288 254 213 0 0 0 0 257 0 185 0 285 0 127 228 0 316 0 0 242 284 0 105 145 149 0 0 0 153 116 0 245 255 203 209 288 0 0 230 186 0 0 208 0 0 216 0 0 0 0 0 0 160 0 167 228 263 158 0 276 0 0 204 239 0 0 0 0 0 242 0 0 141 262 0 192 0 0 254 0 0 0 261 218 172 244 0 195 0 0 0 0 190 0 266 0 137 0 0 0 131 0 264 0 0 124 222 197 0 0 212 0 0 171 0 0 184 0 200 128 130 0 0 0 0 0 180 0 0 128 163 0 251 284 251 0 0 169 279 188 108 0 0 0 245 261 0 168 231 236 198 179 0 219 0 149 0 0 239 245 95 139 181 0 239 0 103 0 0 140 114 185 0 120 0 145 273 0 127 231 0 0 0 245 223 0 0 180 305 0 125 142 0 142 224 120 0 0 234 168 0 216 0 200 243 167 0 0 222 281 253 0 117 0 235 285 0 233 0 255 0 278 281 109 0 112 250 179 0 0 247 129 0 106 120 0 213 0 164 0 0 250 265 151 0 0 137 0 203 303 135 155 111 156 281 169 0 0 232 0 228 284 0 0 172 0 0 154 0 0 0 0 0 0 284 106 162 295 106 266 300 279 0 0 0 196 0 0 0 241 126 0 133 233 0 0 0 0 0 0 213 129 300 214 0 0 0 108 0 272 162 0 119 0 241 0 0 0 154 280 0 0 0 0 164 0 194 0 0 244 0 0 0 144 205 0 0 0 0 0 103 145 0 0 237 186 0 191 113 130 137 0 263 128 157 0 0 0 0 0 168 272 201 0 182 298 259 0 0 265 166 197 276 0 126 201 214 325 309 0 148 154 301 169 219 168 0 0 0 0 0 152 0 0 266 150 0 180 122 207 222 278 150 0 0 0 230 258 0 0 297 0 283 147 154 176 119 0 0 128 0 0 0 0 0 0 102 102 182 303 105 135 251 157 206 0 0 0 0 0 284 0 266 0 223 245 182 0 272 259 0 0 158 141 0 0 199 0 0 0 285 0 0 175 285 0 0 260 0 0 189 0 0 0 0 0 0 0 202 0 289 0 0 0 0 0 0 0 0 214 0 0 0 202 0 155 0 0 297 0 167 0 294 0 193 187 219 304 0 289 100 0 0 191 0 0 211 0 0 103 0 259 0 0 144 0 244 0 148 131 0 0 197 0 0 135 114 204 156 0 0 0 126 193 0 0 0 0 194 0 242 306 296 0 0 0 178 0 105 256 0 122 0 254 98 220 245 0 0 0 0 0 246 104 0 0 215 284 0 0 218 0 156 0 0 148 0 272 156 0 266 0 0
0 236 0 223 0 0 237 154 0 251 0 163 0 0 178 0 0 240 154 233 228 236 138 114 258 128 188 0 280 0 0 125 196 247 274 0 184 0 207 112 0 267 0 0 214 0 137 0 0 0 0 215 137 0 0 0 196 0 248 0 187 267 189 193 224 204 0 0 207 0 231 95 0 142 0 0 233 183 267 0 124 120 300 110 0 282 98 0 265 129 287 194 246 145 0 0 189 0 214 0 0 0 250 286 0 0 0 0 0 0 0 186 140 0 0 163 287 172 0 273 220 0 0 241 188 145 0 160 205 0 242 0 0 0 0 0 207 0 0 0 237 167 0 283 0 0 0 111 263 0 123 116 318 0 209 0 132 0 252 128 0 132 223 0 0 0 0 0 198 116 0 267 179 181 0 211 267 278 282 252 0 0 0 162 0 234 0 0 0 0 179 0 204 0 153 0 248 0 0 0 192 117 0 241 0 0 0 247 0 0 0 0 238 116 135 0 239 0 230 0 0 282 0 0 296 184 0 0 186 291 0 247 194 0 194 0 111 0 201 194 0 0 187 0 0 185 115 0 127 113 0 0 0 279 278 0 296 140 0 0 0 192 181 0 0 0 0 0 224 127 0 0 0 0 0 0 0 0 275 0 181 284 191 159 264 228 129 253 229 132 102 0 99 143 0 241 94 139 0 175 230 271 104 0 136 209 0 173 0 176 126 0 160 221 0 0 0 0 0 0 0 301 264 0 0 138 111 0 235 134 259 0 224 0 0 263 116 0 185 169 0 0 0 172 0 236 245 190 158 232 272 99 213 0 0 0 0 0 0 309 233 229 267 281 0 0 102 0 113 168 112 0 0 0 273 202 0 0 243 242 213 0 0 0 0 280 115 172 0 287 0 249 0 0 0 266 0 0 0 0 0 0 0 99 282 108 129 216 0 0 0 0 279 125 168 100 0 138 0 270 227 0 225 127 0 217 123 0 0 0 0 0 268 0 123 0 0 0 163 0 0 267 139 0 0 138 0 233 182 281 0 131 0 108 0 0 162 0 203 192 129 0 0 0 0 0 0 0 112 0 0 274 284 106 0 102 238 0 149 254 0 0 290 222 109 0 145 0 203 0 0 0 262 278 176 201 286 290 0 0 107 0 229 282 0 0 0 251 0 0 246 142 157 236 115 240 0 198 0 127 109 163 187 0 0 285 292 0 218 0 0 0 0 0 280 187 0 146 0 0 0 238 0 0 0 0 0 137 239 276 162 240 211 0 104 0 104 205 0 167 265 136 116 0 0 0 0 0 0 247 242 190 268 0 287 225 0 111 234 170 0 238 0 0 0 275 0 203 272 264 164 0 0 191 0 0 206 0 0 0 0 0 0 0 170 282 0 287 249 232 144 141 293 0 0 0 206 161 0 0 313 113 0 0 0 0 132 0 0 252 104 165 146 0 0 0 0 0 0 272 0 196 267 199 261 183 0 234 127 0 0 0 252 317 0 214 191 175 0 0
0 103 211 271 106 215 0 0 133 251 0 0 0 0 0 279 225 0 257 179 272 0 227 0 0 0 0 0 0 0 0 154 0 236 281 119 0 0 0 0 0 0 270 0 186 187 0 0 166 303 0 0 0 289 0 261 0 0 194 0 262 195 0 0 0 0 0 0 254 0 0 280 0 0 0 0 0 0 0 125 180 0 0 265 0 147 234 0 245 117 238 0 146 252 286 219 206 298 239 282 232 149 198 275 0 239 123 223 155 0 160 184 194 0 0 185 0 0 0 0 158 177 0 243 0 0 0 231 176 0 291 109 213 0 174 0 0 243 149 117 176 0 0 103 102 0 0 0 116 0 0 285 200 0 246 0 0 272 150 0 133 0 196 139 297 185 108 115 0 215 103 0 0 0 96 157 178 129 247 0 166 0 0 0 95 0 0 156 0 0 165 0 237 308 0 288 0 0 154 0 0 0 292 198 295 255 0 0 186 0 0 116 0 246 130 168 265 270 0 0 292 241 0 153 0 187 0 228 211 142 0 212 135 0 107 0 0 0 0 0 0 221 0 0 241 203 0 273 0 0 0 0 0 0 119 300 281 0 0 210 0 123 0 209 272 281 292 132 297 0 0 0 140 0 121 175 144 0 0 105 0 0 267 253 102 0 0 251 112 0 0 0 128 0 162 0 131 162 230 300 0 159 270 160 0 0 204 270 0 0 297 0 0 0 189 0 0 0 0 0 184 128 160 0 0 0 183 246 0 127 0 293 0 270 182 240 253 219 0 0 217 117 147 164 173 243 225 124 0 296 0 152 272 0 0 236 0 101 258 0 214 0 0 219 225 0 290 139 0 265 0 268 300 0 0 166 0 0 243 245 0 0 0 153 0 0 0 0 172 261 252 0 0 211 0 250 142 0 0 0 0 167 121 0 143 0 180 127 0 0 208 195 0 129 0 139 0 275 0 190 0 188 0 0 0 136 0 0 0 201 164 284 119 183 0 0 203 0 0 183 250 147 283 109 0 0 252 264 116 179 0 211 117 175 237 0 197 0 0 0 116 0 0 139 0 0 163 107 156 172 305 0 0 114 265 0 193 164 0 134 182 0 0 278 0 104 248 0 244 194 258 242 0 138 0 0 0 309 244 252 158 287 202 300 0 161 229 142 270 0 0 0 0 0 268 265 0 0 0 0 0 203 181 0 233 0 280 0 0 115 231 0 206 0 0 0 0 0 0 250 0 247 138 218 0 199 276 256 150 248 0 295 244 256 0 0 0 0 156 186 183 112 0 250 240 208 0 234 0 184 110 0 273 212 142 164 228 0 99 0 206 203 234 321 254 266 0 0 0 0 123 0 232 0 0 196 168 188 135 307 224 0 189 130 0 173 0 116 0 266 170 0 0 114 0 284 0 0 0 0 0 170 146 0 162 163 263 0 134 238 0 0 0 0 274 175 0 0 156 223 288 161 173 0 166 191 0 0 155 239 124 242 0 0 229 194 0 251 0
0 0 232 138 277 0 0 181 129 175 0 0 130 116 0 0 124 0 0 0 0 0 135 139 0 0 0 0 260 227 0 0 198 154 241 0 103 256 0 0 239 291 0 0 0 0 210 143 149 124 0 200 0 276 0 0 0 239 0 195 0 141 0 0 0 301 0 0 0 154 206 233 140 290 237 0 224 166 0 161 127 0 0 269 0 196 168 0 0 232 262 202 119 262 295 182 0 107 0 0 0 0 0 0 202 283 0 211 0 144 216 173 236 0 151 150 0 120 137 0 0 0 200 108 178 311 0 165 96 144 0 0 169 235 0 195 0 0 0 0 0 0 0 0 127 240 0 258 256 0 0 175 0 217 263 132 0 0 0 0 0 0 217 184 235 0 0 0 221 0 234 0 0 0 0 0 156 145 295 232 133 112 210 181 0 0 300 101 0 0 102 0 204 0 0 248 204 0 230 0 0 0 0 0 170 0 0 0 280 0 129 0 0 194 220 135 0 0 229 0 0 0 0 0 160 0 0 150 0 121 244 0 289 0 0 292 285 102 114 257 299 0 0 155 120 0 0 0 0 0 0 136 166 149 119 192 175 260 0 173 0 0 0 104 156 228 0 211 177 0 159 122 0 98 229 283 0 0 0 0 0 0 0 205 145 0 0 224 0 0 274 165 0 0 0 0 282 0 288 0 105 120 119 207 137 0 256 0 0 0 0 0 120 281 0 0 0 0 116 214 215 140 243 0 98 0 0 227 111 154 0 0 0 156 0 133 0 251 0 0 0 259 0 0 169 0 0 0 0 0 0 235 0 0 0 0 0 0 0 0 0 157 0 0 0 101 0 0 308 174 110 256 286 0 0 108 136 0 249 247 0 0 289 118 252 0 0 223 0 0 264 0 326 0 240 105 141 294 0 218 238 240 185 0 0 0 276 0 245 0 0 184 283 107 288 154 0 250 251 0 0 164 0 288 253 165 0 0 188 0 259 0 0 159 0 0 115 230 0 117 240 0 0 0 0 214 0 128 0 0 0 0 0 223 223 223 0 0 118 271 152 310 0 123 0 0 0 202 0 289 199 0 0 212 0 147 197 0 135 0 155 198 0 106 0 108 0 0 296 0 150 0 234 0 266 258 0 282 109 0 256 221 0 204 142 254 0 0 112 0 0 0 0 0 218 247 0 0 0 149 0 0 259 158 0 132 0 0 0 0 215 178 0 0 0 0 0 193 0 251 0 0 166 0 0 151 284 290 249 133 0 0 189 104 139 0 0 94 112 150 0 0 97 0 110 302 0 0 200 0 0 0 203 0 0 266 0 179 270 209 150 248 0 274 0 258 148 0 244 0 0 0 0 248 234 0 275 0 0 254 0 217 0 0 0 0 0 0 0 0 236 0 174 0 0 0 0 168 0 0 0 255 0 0 159 120 146 262 196 0 143 0 251 0 0 0 165 110 0 0 0 243 0 0 264 140 0 0 271 282 162 196 144 232 0 265 243 0
0 265 293 0 237 0 0 236 126 0 180 0 105 0 0 153 0 129 0 0 214 173 120 276 0 150 0 233 0 231 135 0 201 203 0 150 164 0 205 250 246 0 315 0 0 249 289 221 124 0 0 175 157 0 0 0 0 137 234 253 0 0 287 0 293 0 154 0 0 179 0 0 0 191 0 0 239 0 278 0 217 148 0 185 0 310 295 0 236 259 168 137 259 0 0 0 293 0 0 269 0 0 98 246 177 154 0 272 0 173 0 0 131 0 0 0 294 0 0 0 0 165 97 0 105 294 0 237 169 0 0 0 200 128 128 0 192 0 137 179 0 175 0 0 119 0 300 0 0 0 232 163 0 0 0 0 179 103 254 0 0 0 0 199 0 0 0 157 98 178 110 0 0 274 124 119 170 0 265 0 127 278 142 0 319 0 0 0 252 0 0 184 0 0 180 0 0 0 0 0 0 272 0 0 0 0 0 0 167 0 0 225 0 249 184 166 175 304 237 0 142 209 0 0 204 232 214 0 240 0 150 0 0 151 0 145 178 199 0 138 0 180 0 182 0 0 0 253 207 0 0 119 0 152 0 290 239 0 0 187 203 0 0 303 0 126 296 0 131 186 0 258 0 0 0 295 194 0 216 178 148 0 217 193 0 157 0 0 208 280 0 299 0 0 100 238 264 158 127 248 0 0 0 170 0 292 220 0 206 0 0 208 0 294 0 0 0 0 171 0 0 0 0 0 268 0 152 160 0 180 0 203 140 0 287 0 256 202 114 287 0 0 183 277 200 0 0 0 128 0 0 0 274 0 0 172 207 150 0 199 247 0 290 157 0 0 147 0 0 0 237 0 0 0 157 181 0 0 262 0 0 0 132 110 228 287 0 0 121 210 0 222 0 234 133 0 275 0 0 254 173 119 190 0 0 275 169 140 121 0 189 0 0 0 259 0 221 257 258 0 0 0 190 244 0 127 276 0 254 0 0 123 254 0 157 0 239 207 110 0 194 0 0 0 162 0 0 0 290 175 0 0 214 119 0 0 0 221 0 0 134 0 184 0 116 217 146 0 157 0 182 0 0 109 239 260 0 268 230 147 274 182 0 232 116 216 0 297 0 0 183 147 248 0 0 280 174 293 245 0 157 126 0 0 136 179 0 211 0 0 183 0 96 285 201 0 114 105 139 241 112 219 0 278 182 0 149 0 149 253 201 213 0 0 120 299 0 192 0 0 0 0 171 160 143 198 0 0 202 0 109 0 0 0 278 0 260 201 273 104 0 142 215 0 0 268 0 0 0 237 253 221 161 206 247 133 0 137 302 0 0 108 226 0 250 0 0 221 269 149 125 268 0 301 0 0 0 193 105 0 292 283 0 0 137 181 0 166 167 0 246 0 241 100 0 114 0 212 0 0 118 113 207 243 211 154 0 223 285 228 0 305 168 284 0 0 283 129 0 0 0 265 169 0 0 0 0 0 0 0 0 158 273 0 149 0 0
0 0 177 0 0 224 0 250 0 258 219 277 0 269 184 209 199 0 257 137 110 0 152 165 0 0 0 174 0 219 107 239 0 188 0 0 305 124 0 0 184 0 0 294 0 173 0 189 213 146 274 0 0 116 0 0 219 0 0 161 121 184 251 117 238 0 0 0 0 0 274 0 0 210 0 197 0 165 172 0 0 197 286 0 0 162 115 199 200 0 0 0 121 0 171 166 314 0 0 215 0 0 0 177 158 0 282 184 170 0 232 0 0 0 0 0 0 213 222 217 272 130 126 265 0 0 0 0 180 253 0 0 244 289 0 0 0 0 0 0 220 0 134 0 0 0 130 166 195 241 0 0 129 119 0 0 0 0 257 0 139 0 99 0 0 0 242 0 0 114 267 0 0 0 0 0 140 0 152 222 296 192 173 233 109 126 280 292 0 293 274 145 0 0 0 221 0 0 0 273 211 157 0 230 0 0 0 0 279 118 0 236 285 127 0 0 113 219 243 274 147 265 0 98 134 231 114 162 120 0 0 228 141 172 0 253 241 219 0 145 186 0 0 111 152 0 145 0 126 0 0 0 0 114 291 235 0 0 188 0 0 248 301 0 98 154 209 230 0 288 139 0 167 0 240 135 303 0 262 150 0 0 181 0 0 0 215 0 0 263 0 0 123 0 0 100 0 294 98 147 0 0 0 138 0 0 191 0 208 275 0 0 112 0 0 306 154 0 0 0 228 171 0 157 0 303 156 184 217 0 0 125 0 0 255 0 0 0 177 289 0 0 237 0 0 0 173 282 224 188 243 0 0 0 0 150 196 0 0 0 137 0 0 0 0 274 0 158 0 0 245 0 252 186 0 0 229 0 0 0 0 175 0 0 0 280 173 0 208 188 156 0 0 121 246 0 297 0 273 0 215 100 0 103 259 0 173 197 0 0 236 0 185 229 0 0 0 164 0 188 0 0 111 0 201 0 177 0 0 190 0 106 249 0 314 0 195 275 169 223 194 279 0 273 0 125 0 163 0 138 224 278 0 0 183 0 0 0 0 0 150 212 111 0 289 281 224 0 263 273 222 0 0 0 284 0 165 183 0 0 153 0 0 253 114 121 120 166 169 0 0 0 155 110 168 110 0 146 0 0 0 247 215 0 223 0 126 181 0 214 0 0 134 127 161 0 0 0 210 0 260 0 170 198 285 0 186 276 165 0 115 0 261 295 0 251 256 136 145 286 300 282 159 108 237 0 0 0 0 0 155 225 213 253 120 210 0 112 0 179 0 0 132 0 239 237 113 0 168 0 236 0 0 0 180 150 285 0 0 0 0 181 0 176 278 257 251 294 0 190 0 234 0 275 184 0 0 198 0 120 198 193 224 138 0 129 221 0 0 120 217 285 0 0 0 214 202 0 204 147 130 0 166 132 0 108 243 191 0 228 158 246 144 289 192 0 0 291 0 255 0 293 0 0 264 268 198 0 0 258 200 126 170 207 0 0
0 168 0 124 227 225 116 0 133 0 0 278 201 283 134 0 0 149 246 0 0 0 0 160 264 0 0 0 248 149 191 220 259 263 0 278 0 0 166 190 142 254 0 137 0 111 0 0 285 0 93 242 250 227 0 108 0 0 0 0 0 215 0 0 0 270 0 284 213 140 225 0 0 0 0 0 113 222 215 104 238 0 274 0 0 278 238 0 0 168 0 282 103 0 0 256 0 148 0 152 106 182 136 241 0 0 0 223 233 0 139 0 291 0 0 166 0 0 0 0 0 269 0 128 153 0 219 0 0 170 0 289 301 0 155 0 0 124 0 0 160 0 255 0 185 132 265 0 260 0 0 233 0 147 121 0 0 110 233 0 0 0 258 0 0 0 148 232 212 0 201 257 275 99 0 0 157 0 0 119 0 0 0 0 203 0 172 293 0 111 107 245 0 190 0 0 0 187 234 0 280 191 134 0 0 0 0 266 246 0 135 0 155 214 194 0 284 189 163 0 140 0 0 186 0 0 179 0 0 138 216 0 0 280 0 0 0 181 266 0 0 0 199 0 123 0 246 0 0 304 0 0 0 268 127 0 173 230 209 0 0 122 218 176 0 0 0 180 0 0 262 0 194 132 181 0 101 161 239 250 0 146 247 0 227 0 0 224 0 0 151 0 0 0 165 0 293 0 167 0 0 0 0 0 174 0 126 129 244 0 0 111 0 0 104 0 0 210 252 277 0 0 220 0 125 0 282 0 118 278 0 0 0 254 162 0 0 296 0 0 197 0 295 0 155 181 0 295 134 0 0 228 163 0 0 0 0 0 318 0 0 221 158 281 300 0 271 0 259 0 0 0 177 0 250 0 0 0 141 278 133 0 0 223 0 171 266 280 0 0 260 273 0 0 0 0 0 0 230 281 206 121 125 0 0 261 145 110 0 0 0 0 171 155 157 200 0 0 0 0 243 0 0 156 248 0 266 203 135 265 0 125 0 0 235 102 0 0 132 0 0 0 0 0 139 308 201 0 286 111 266 0 292 0 0 183 254 128 151 288 0 0 0 0 0 0 147 111 0 156 0 134 0 97 0 0 0 0 100 0 0 117 0 124 0 0 0 0 0 0 194 121 102 0 187 0 0 0 120 255 280 0 131 0 209 300 217 0 119 145 0 0 0 176 170 0 204 289 0 0 121 0 0 231 103 171 127 194 0 266 121 196 104 180 0 0 0 260 0 0 121 240 0 126 0 0 133 0 126 173 258 0 0 0 247 284 238 208 132 133 0 0 151 142 0 254 131 289 220 0 0 118 165 108 181 188 129 0 0 0 0 229 0 0 161 0 263 180 0 155 242 0 222 0 256 0 0 0 0 165 243 0 152 204 153 0 267 273 188 0 0 0 118 0 306 177 122 0 0 0 147 0 0 227 0 291 206 284 0 215 278 0 0 162 248 129 0 0 0 234 213 0 126 0 150 299 0 257 289 219 116 295 0 0 0
0 0 171 0 0 0 0 146 0 113 193 0 129 0 0 0 0 0 0 0 0 209 265 0 188 166 212 246 0 0 0 128 0 134 0 252 0 110 260 0 0 0 198 116 0 229 0 249 255 0 0 290 0 194 0 0 159 256 0 323 270 0 0 0 175 0 0 0 0 180 0 0 251 0 158 159 156 249 248 0 245 281 143 0 200 0 0 0 0 221 230 0 0 0 0 0 0 291 272 220 0 232 294 0 188 267 0 181 0 0 210 211 0 0 0 142 0 297 0 217 0 0 0 0 0 265 198 268 139 191 121 0 0 117 200 174 155 273 114 219 0 0 274 0 101 178 259 285 293 0 232 249 263 145 252 228 203 0 216 0 0 228 142 294 116 159 168 0 186 0 145 249 273 0 0 274 0 180 0 0 287 0 0 119 0 0 0 132 0 0 265 249 207 171 0 0 128 286 0 300 273 249 0 100 0 130 282 0 296 295 0 99 317 0 0 0 0 166 115 239 0 180 0 269 164 204 192 240 164 0 0 211 219 287 0 0 220 0 0 286 0 0 148 268 0 116 0 245 0 0 0 114 0 187 196 0 133 219 0 294 0 120 0 0 0 288 0 0 0 0 0 0 168 133 0 274 128 0 0 193 303 0 0 0 0 128 178 172 0 128 0 114 0 0 0 292 259 286 0 288 0 249 198 194 300 0 219 141 0 0 0 0 0 187 0 0 0 230 0 0 0 0 255 0 0 0 0 241 0 162 174 0 130 0 0 0 0 0 271 0 0 0 140 155 138 0 271 0 303 141 164 0 0 110 189 0 137 0 0 0 0 309 149 0 178 218 163 243 252 0 225 202 124 0 0 228 160 202 0 0 0 172 0 104 0 145 0 0 186 0 177 0 0 252 0 0 129 0 0 0 281 132 195 0 0 0 0 295 253 119 0 250 0 0 0 201 158 0 116 135 0 300 158 285 0 0 0 0 0 0 0 0 199 250 159 154 0 0 201 192 0 0 0 225 0 222 132 0 150 101 0 0 0 285 277 0 0 244 116 219 0 0 196 0 0 311 181 0 252 0 0 182 302 223 145 182 0 0 0 0 0 0 151 270 194 0 127 222 0 0 224 0 306 0 0 0 184 0 0 0 0 0 0 265 181 119 296 228 0 0 105 0 0 204 0 215 0 0 0 0 0 0 0 0 108 217 193 257 304 0 0 0 239 0 0 137 129 178 0 175 0 224 285 241 147 171 218 232 172 0 0 0 0 0 264 0 0 0 110 244 0 0 0 0 206 0 204 169 0 197 190 250 133 0 0 177 0 242 198 208 0 114 0 0 144 167 0 200 0 197 281 0 0 0 0 269 146 0 185 195 128 189 231 125 0 0 282 203 0 0 178 297 161 0 256 284 0 0 174 123 155 139 0 294 263 0 0 0 0 0 0 0 0 145 0 0 232 210 0 0 0 0 0 0 0 120 0 124 154 0 0 144 152 0
0 170 145 0 301 0 129 0 300 0 0 0 0 195 175 285 132 198 0 0 287 0 115 268 167 0 0 0 157 270 0 122 187 207 0 265 236 269 0 0 235 153 0 214 0 148 218 0 260 165 0 0 140 299 181 209 189 154 0 0 0 134 0 0 0 0 272 185 0 0 0 223 0 0 266 0 0 241 0 0 0 0 0 288 0 0 127 0 111 259 0 0 299 0 290 0 0 0 149 0 0 0 190 141 0 237 293 0 0 0 0 0 249 265 133 0 282 198 217 0 98 176 211 0 115 131 0 149 0 137 0 202 190 262 273 0 122 150 118 0 0 0 232 0 0 0 0 122 0 241 0 244 108 0 0 0 0 0 152 284 113 0 0 0 0 0 200 283 121 122 0 0 0 199 189 0 242 174 214 138 188 0 236 0 143 0 188 136 0 255 0 0 145 118 0 263 114 220 0 0 0 0 152 0 0 0 144 262 99 293 162 261 0 126 197 271 150 158 0 280 0 154 169 149 0 0 181 0 0 276 156 0 116 0 0 0 0 112 180 283 0 94 0 0 186 249 181 0 233 221 251 251 0 0 240 176 0 108 0 260 0 225 0 0 241 135 0 0 216 0 0 0 0 0 0 144 170 0 123 280 251 0 301 104 0 0 201 100 0 0 105 0 0 0 0 221 288 0 0 0 0 127 253 0 138 217 0 230 222 232 0 0 0 150 0 264 99 151 0 0 249 0 0 0 0 150 0 0 0 0 0 164 0 207 0 192 0 153 0 0 284 269 0 240 133 0 184 303 277 0 0 273 0 140 260 270 111 0 229 290 157 250 0 0 239 0 249 0 0 279 0 0 0 245 159 0 241 192 0 243 0 258 0 210 277 0 258 0 263 126 0 0 236 126 0 0 0 0 0 198 0 0 0 0 0 261 0 110 274 132 133 294 185 294 0 0 124 235 0 0 0 0 0 283 170 0 0 115 0 116 149 272 0 101 0 0 0 0 130 138 0 0 271 282 0 0 235 241 0 0 176 0 150 158 186 0 106 134 0 0 204 249 223 126 0 0 254 0 0 106 110 0 245 0 0 131 0 0 0 0 0 247 157 207 250 137 0 0 215 0 195 215 135 220 297 160 207 0 0 0 108 305 0 137 119 116 189 0 281 137 0 297 127 0 115 0 0 0 0 254 117 0 0 0 222 194 166 0 0 170 250 204 123 286 0 0 0 0 189 0 0 162 0 236 237 258 231 0 247 0 0 146 198 200 195 169 305 0 0 0 0 0 0 281 0 184 114 0 0 0 162 0 0 248 300 0 298 221 0 99 0 0 0 141 258 0 127 276 199 0 246 0 0 230 0 0 0 0 173 0 315 179 0 0 0 0 175 305 229 285 183 0 263 0 0 0 225 260 142 0 199 0 293 221 223 0 0 0 219 0 128 0 0 0 0 232 0 0 171 245 0 143 0 256 0 0 0 115 265 231 215 0 0
0 215 108 260 0 0 109 0 0 264 0 224 248 0 109 0 0 0 0 162 182 193 141 151 149 0 168 113 0 160 0 154 0 0 0 0 196 0 0 0 0 0 0 0 0 288 0 0 244 195 187 219 129 0 0 251 0 268 237 202 194 0 0 242 152 0 0 255 0 0 103 0 160 0 0 275 264 255 169 165 0 263 0 0 0 0 0 193 182 0 0 0 104 0 195 154 0 166 264 96 0 0 0 187 192 178 0 203 0 0 0 280 0 187 116 223 0 284 219 259 176 0 149 295 263 0 0 219 177 0 0 0 0 0 221 136 114 0 183 231 0 0 100 0 0 0 165 272 0 122 0 0 240 0 242 155 0 0 292 0 0 0 170 0 0 269 280 0 0 117 0 206 218 0 0 0 292 270 0 130 139 0 0 0 141 0 0 115 0 203 0 102 0 0 222 208 0 0 0 130 303 131 0 101 0 161 173 253 209 291 0 183 0 0 129 0 155 0 0 270 0 0 173 0 0 115 120 0 220 0 0 250 0 0 0 121 0 302 0 255 0 0 237 0 142 0 0 271 129 275 194 207 0 0 0 0 0 218 0 0 179 108 160 172 0 0 0 200 242 152 168 212 0 0 0 130 188 0 0 0 0 0 0 291 0 0 0 215 0 0 162 0 236 0 0 96 0 0 257 0 193 282 125 141 0 0 0 228 0 0 269 261 0 0 257 121 225 0 185 199 0 0 281 208 0 0 0 188 251 117 0 0 228 231 0 0 0 0 0 166 0 229 143 222 243 0 245 0 268 0 214 215 129 211 0 0 0 285 140 146 158 0 0 0 0 0 0 103 0 237 248 128 0 164 98 164 0 202 0 209 0 0 0 165 260 0 0 0 280 139 173 0 0 0 0 0 0 102 102 0 196 268 0 0 0 0 0 113 208 206 0 0 0 256 268 128 0 246 101 0 178 303 131 0 0 0 0 0 149 203 297 104 248 164 150 0 0 0 0 0 0 0 261 184 205 0 0 279 0 139 0 0 0 0 188 0 301 0 0 247 245 129 242 151 0 0 0 0 0 118 300 0 0 0 255 0 0 252 0 214 0 318 124 174 0 292 0 254 0 0 0 0 0 285 0 0 146 264 257 232 0 0 0 0 0 219 0 0 167 0 181 0 0 171 178 103 0 223 0 0 0 0 0 112 0 203 258 0 185 247 0 0 0 0 182 180 0 190 128 190 117 280 0 0 0 119 236 0 0 0 103 0 166 286 297 291 219 0 0 259 0 245 109 273 0 230 0 225 0 0 201 112 0 0 258 103 281 0 0 290 0 0 243 231 0 108 201 142 175 0 0 0 0 0 236 0 0 0 0 0 0 0 196 304 0 0 107 0 131 0 0 133 0 0 0 0 0 166 0 0 179 124 0 210 190 0 0 238 198 189 0 155 119 0 284 124 171 255 0 0 0 0 0 0 0 220 0 0 0 187 173 0
0 241 104 0 136 0 262 183 0 265 223 128 282 0 0 127 112 139 118 0 0 158 0 259 0 0 0 133 277 148 0 182 0 0 0 248 0 0 108 159 245 0 148 0 223 0 190 133 215 0 0 0 0 214 0 237 135 123 0 0 0 279 0 0 294 0 119 0 263 184 0 0 190 103 0 104 109 232 0 0 266 0 237 180 117 243 0 0 157 0 241 0 0 119 168 0 0 173 0 205 0 0 0 0 304 0 0 191 0 0 0 233 0 270 153 0 0 0 118 0 102 205 213 0 0 265 115 215 291 0 136 0 0 106 130 199 212 0 227 0 0 0 175 214 0 129 160 0 239 0 265 0 181 0 0 0 113 0 0 0 234 214 236 271 263 151 0 155 258 262 296 0 0 0 0 0 131 0 0 119 245 177 0 0 0 180 0 291 199 216 0 0 281 181 0 120 0 0 0 0 0 0 189 0 193 272 0 258 0 0 222 96 151 0 282 197 282 0 128 0 263 0 0 0 217 0 124 165 262 114 223 0 0 0 0 0 0 0 216 122 0 0 0 0 0 0 304 0 0 225 146 214 270 0 145 0 226 0 263 0 273 0 119 123 262 149 0 124 0 185 0 141 219 143 0 134 125 253 0 288 286 0 0 184 0 145 257 0 0 301 0 0 154 0 131 175 300 0 152 0 0 115 245 0 0 0 143 292 301 154 0 0 284 0 0 0 154 214 0 0 0 179 146 110 190 0 0 0 0 0 0 0 221 236 0 0 0 138 0 136 0 118 0 100 0 0 144 0 0 0 0 0 0 0 222 115 0 102 0 100 294 222 259 250 100 136 182 0 0 130 0 0 150 160 261 217 264 134 188 0 166 0 0 221 0 139 0 140 0 0 150 145 121 205 206 168 0 262 0 0 0 230 117 0 0 0 116 263 0 273 0 0 0 265 0 0 152 0 0 263 0 177 0 228 0 0 199 279 0 193 150 101 143 199 0 0 114 176 201 169 127 246 233 0 0 221 0 144 140 202 177 167 0 0 0 0 173 183 0 245 209 167 0 0 265 0 0 0 0 0 141 0 283 166 290 0 228 0 147 0 135 0 0 214 170 147 0 296 180 151 166 0 0 119 0 0 280 0 0 151 0 214 0 0 194 223 177 0 0 142 284 0 0 0 225 120 216 256 0 0 0 113 277 100 0 0 125 107 0 116 165 176 0 306 0 264 0 260 302 280 0 243 0 0 231 153 0 0 189 0 168 0 0 0 215 118 227 0 0 305 252 200 0 0 0 206 231 201 0 113 270 277 247 158 0 155 227 234 0 0 140 0 268 0 0 110 108 0 239 250 126 0 0 0 0 0 116 0 182 133 226 0 0 0 0 187 250 151 254 0 0 0 257 134 295 0 261 156 308 0 0 0 0 0 0 129 254 0 0 232 0 0 151 199 0 0 0 191 118 0 0 273 0 0 179 0 243 0 154 280 0
0 116 112 0 216 125 142 289 209 0 0 0 0 0 209 0 0 170 184 229 170 0 0 0 203 0 0 0 0 186 221 0 0 0 0 0 0 236 0 101 150 0 127 0 265 250 179 206 274 136 0 233 0 0 265 0 0 0 176 237 0 191 235 126 288 117 0 0 0 151 0 193 0 181 251 246 157 0 230 109 225 0 0 0 243 287 0 276 222 0 163 224 196 0 0 247 0 0 0 0 0 0 163 0 119 0 187 0 0 0 0 0 0 0 0 0 175 0 0 0 0 0 258 0 148 257 142 0 0 137 0 0 0 256 0 235 113 267 151 191 234 200 128 244 155 0 0 184 0 0 199 0 0 172 269 183 180 0 0 166 148 247 0 0 221 0 158 0 0 0 0 0 0 0 0 205 0 183 0 0 0 99 112 161 236 0 297 176 131 0 0 218 168 125 0 0 0 138 0 154 0 125 0 211 106 97 0 0 0 0 0 0 0 0 0 0 244 0 0 104 162 0 0 224 118 0 203 109 0 250 0 252 146 258 0 189 0 235 202 0 122 0 204 263 113 144 166 138 0 121 191 0 274 0 0 257 297 200 240 305 0 253 0 203 0 195 155 294 264 0 0 0 0 267 273 267 0 251 0 284 296 0 268 143 113 0 0 0 0 0 0 0 0 0 183 210 188 0 0 0 123 163 0 271 0 0 0 0 0 146 147 0 253 243 313 0 0 167 0 133 0 0 152 253 0 0 0 228 0 0 0 172 0 0 117 270 144 0 0 0 0 0 0 0 0 242 0 0 211 195 236 0 0 0 0 0 0 0 0 0 0 219 236 0 0 248 0 0 0 0 149 0 233 175 226 0 0 0 0 0 0 0 0 0 0 238 218 0 226 119 203 0 0 268 278 0 0 268 147 0 0 0 239 148 0 247 0 0 133 0 0 253 227 0 0 231 281 208 115 145 0 0 0 0 0 0 0 0 0 227 0 0 0 145 299 272 0 239 122 0 288 273 142 0 0 292 226 270 0 0 0 95 0 159 304 197 0 0 171 153 0 0 108 0 264 0 156 168 0 173 0 129 0 189 149 0 0 0 0 293 197 0 105 234 149 0 0 206 0 0 0 0 0 0 0 0 0 249 0 285 0 0 0 0 280 183 213 0 110 0 261 183 0 0 0 0 150 0 0 162 134 249 0 114 0 169 0 0 286 114 115 143 225 0 0 127 0 0 107 0 278 168 0 201 294 232 251 0 104 298 0 0 132 310 282 0 0 0 183 0 0 0 0 0 0 0 0 137 0 0 151 0 223 275 239 252 0 0 0 0 0 0 265 0 135 0 115 0 0 276 0 0 248 0 180 287 0 0 0 0 286 218 0 0 258 114 171 188 201 0 0 196 118 0 0 293 0 261 0 236 0 112 0 0 152 225 179 110 0 245 0 228 257 150 187 166 0 290 0 0 0 260 230 0 257 166 0 171 229 0
0 0 189 0 0 0 0 181 0 114 169 257 160 279 278 0 0 0 294 186 277 0 0 0 111 191 316 224 194 0 0 273 0 183 162 0 227 115 0 0 222 117 162 0 150 173 0 276 255 0 0 0 0 0 0 0 0 171 238 175 235 0 0 0 147 188 0 0 0 0 0 265 0 170 274 0 106 268 254 281 0 0 272 256 0 0 276 151 0 171 244 182 0 0 122 188 103 183 0 0 0 0 0 120 114 0 0 280 162 168 0 0 245 120 186 249 235 204 0 0 220 232 0 187 0 0 250 0 0 0 0 0 160 0 0 140 287 0 0 0 0 0 0 0 0 0 0 0 219 0 259 237 297 284 162 157 181 0 0 268 0 0 0 0 0 0 189 225 0 0 268 0 269 185 125 230 266 0 181 154 0 208 0 0 284 0 0 220 0 0 0 136 173 0 208 0 187 161 252 245 320 196 0 159 253 0 0 256 0 0 0 0 259 0 150 0 0 0 0 150 304 0 98 0 0 0 190 110 274 231 0 200 0 0 165 0 157 0 118 262 0 140 107 166 0 133 0 0 111 150 136 0 190 0 0 0 0 311 0 120 0 0 0 139 181 138 191 127 193 280 164 0 284 145 258 287 0 0 0 185 0 0 101 0 0 311 145 303 0 0 269 199 0 0 165 0 0 0 299 0 0 0 0 135 0 182 0 0 0 0 0 105 0 201 217 275 112 0 0 0 0 0 160 143 283 252 135 256 104 157 294 161 0 0 0 0 203 0 282 153 0 0 297 0 155 0 0 0 0 202 223 121 0 0 128 0 140 163 0 0 0 114 0 0 0 0 0 232 0 0 0 141 0 0 179 111 0 0 137 0 250 0 114 187 220 251 0 245 0 155 306 176 0 0 283 0 214 158 285 192 314 0 0 0 288 242 113 0 0 112 272 134 126 194 222 0 0 107 0 248 111 0 181 253 248 0 165 269 272 115 0 0 232 0 104 0 176 0 0 106 243 0 225 0 0 267 0 0 0 0 0 252 0 140 176 219 163 273 179 0 187 0 0 0 217 178 0 0 0 230 265 141 253 0 138 307 128 0 289 107 0 0 258 299 0 0 0 0 272 206 0 192 0 234 0 215 0 134 0 237 0 0 179 262 0 170 109 197 142 197 0 105 131 249 0 244 211 203 281 0 250 0 210 269 193 220 247 127 105 0 150 143 255 222 0 284 0 0 244 0 0 0 214 171 152 182 203 0 285 142 284 187 0 0 259 0 287 207 210 0 252 0 0 212 0 187 0 0 92 117 306 0 281 227 299 0 0 0 0 0 0 274 131 0 251 0 254 0 0 223 0 0 0 105 0 0 237 0 149 276 171 106 0 0 0 178 209 119 142 0 214 0 253 0 0 135 0 261 274 169 0 0 0 246 0 272 0 0 121 0 0 260 0 0 278 139 0 210 0 234 211 0 0 0 102 0 0 0 0
0 0 147 0 0 284 0 0 173 0 288 0 199 224 0 179 101 265 0 0 0 265 191 0 176 197 104 129 0 120 274 0 0 219 135 163 263 140 0 142 289 248 130 0 0 114 163 0 0 288 276 136 0 281 131 0 232 229 0 291 0 159 138 149 268 0 0 0 0 269 0 0 0 257 0 0 263 0 278 156 151 148 0 0 183 0 0 183 252 293 302 139 226 0 149 0 199 269 0 0 245 0 200 147 160 130 305 0 268 0 0 0 248 0 0 0 291 267 121 0 0 134 159 0 280 0 175 0 263 0 283 0 0 265 0 0 233 0 0 0 102 188 0 0 199 172 187 0 94 0 295 230 0 0 0 0 199 154 174 234 0 0 179 0 0 223 0 0 159 123 0 271 0 282 0 0 247 208 0 0 0 166 222 0 230 0 0 142 0 299 0 0 0 271 182 0 152 129 0 111 0 146 0 129 200 0 0 312 0 0 118 0 0 0 251 0 0 0 312 185 0 227 0 223 0 239 114 0 195 226 284 214 0 0 0 0 0 0 0 192 0 163 190 107 0 195 233 0 0 0 0 97 129 0 100 104 0 0 0 0 127 135 0 210 243 0 116 0 174 264 148 309 0 0 0 102 0 121 0 0 0 0 96 0 0 261 0 141 0 0 193 156 215 0 0 109 0 0 0 0 0 0 0 166 240 115 0 0 265 283 0 193 0 249 0 0 0 288 0 0 0 122 0 0 187 0 210 0 149 205 0 170 252 0 0 276 172 249 120 214 0 0 0 0 0 0 206 280 236 0 236 283 145 0 0 200 124 256 0 280 229 0 246 162 106 0 0 239 0 267 246 0 119 247 0 264 247 266 248 199 0 0 194 251 278 0 166 186 0 0 0 0 0 0 0 0 0 0 280 233 0 0 146 249 134 0 299 0 297 0 0 218 0 217 0 0 201 291 0 0 164 0 0 130 136 0 285 0 241 0 212 0 0 0 0 0 240 255 220 0 161 0 235 182 0 210 165 0 158 154 257 0 0 130 0 233 0 0 0 123 0 209 0 0 279 163 0 159 167 0 0 0 230 212 0 253 0 0 161 213 94 176 0 257 274 201 0 291 0 0 0 261 136 0 217 0 104 0 208 0 0 0 0 0 0 0 281 147 109 0 0 290 265 153 0 120 0 0 0 236 211 0 178 0 112 196 0 0 0 222 236 0 264 0 208 0 177 0 0 276 199 0 0 0 206 242 0 275 165 0 0 106 0 301 0 0 269 0 215 0 150 294 125 0 0 0 186 0 0 267 0 168 176 123 118 241 98 203 133 0 0 0 0 0 279 274 0 289 0 162 259 271 0 0 268 0 0 0 134 159 0 145 0 246 0 221 0 257 127 0 200 0 218 0 183 118 230 0 0 143 236 241 0 263 109 117 0 166 203 0 148 204 0 0 101 167 159 0 183 0 218 143 0 179 0 180 207 0
0 105 0 0 0 292 0 0 257 237 195 0 159 0 0 164 0 172 0 0 188 231 294 112 248 178 230 241 248 272 106 0 255 226 0 149 0 174 135 0 0 163 130 0 0 136 0 214 0 300 0 93 0 242 100 0 0 0 0 242 133 0 141 0 0 0 172 220 252 156 267 205 133 0 196 0 207 160 0 226 0 0 0 0 0 105 224 0 0 0 296 0 217 255 0 0 170 0 0 0 112 253 0 274 170 0 112 0 0 262 127 0 280 0 191 114 0 0 127 261 0 143 0 0 196 0 0 0 0 126 102 0 0 0 274 0 0 248 0 158 151 167 0 244 149 280 125 0 0 0 217 257 112 0 0 0 0 244 0 0 0 223 267 111 288 0 0 0 253 133 0 149 275 0 253 0 0 0 163 0 0 0 141 0 247 0 0 0 0 0 0 0 125 153 224 0 208 0 0 0 0 197 112 0 141 0 140 137 0 0 131 196 160 181 276 0 170 0 0 258 0 273 214 112 0 116 118 233 0 0 109 0 170 0 192 0 204 121 0 146 0 157 0 195 0 0 0 115 0 0 0 250 221 171 0 0 133 109 217 0 0 0 234 246 100 126 0 212 258 0 146 0 148 169 259 172 237 0 0 0 225 0 142 0 264 0 0 0 111 0 0 0 0 0 0 0 0 0 0 237 0 106 0 0 0 0 232 186 0 268 230 174 240 0 204 0 217 117 0 0 0 272 272 300 209 267 0 0 204 0 252 0 0 0 165 0 160 0 0 0 0 150 263 139 0 119 282 0 0 112 274 231 279 135 101 0 159 0 0 169 0 0 117 0 0 0 96 0 289 275 0 0 211 0 0 0 111 271 0 0 275 0 0 0 177 140 159 0 0 141 0 105 0 0 105 0 0 0 133 0 0 0 206 224 145 0 179 244 0 0 172 0 0 0 215 243 0 235 133 0 214 219 119 259 161 120 0 0 188 222 216 0 279 241 0 0 159 0 0 0 0 0 197 0 0 0 0 240 0 0 0 235 160 0 0 0 0 0 243 0 0 0 177 250 269 0 97 0 305 205 0 0 124 152 0 0 176 195 0 181 169 132 0 114 0 266 183 0 0 228 0 0 272 225 0 0 200 224 0 274 118 0 315 247 292 185 0 173 0 0 0 276 157 189 0 0 199 0 0 141 0 0 198 155 234 0 183 0 0 0 173 247 0 283 168 269 171 0 150 118 0 0 233 0 0 178 0 0 257 228 0 0 0 274 241 145 129 274 0 0 0 143 144 202 0 0 0 0 112 126 208 159 172 227 298 0 190 0 100 202 0 0 0 0 0 197 227 236 191 131 0 0 220 204 173 173 172 0 316 0 288 0 0 0 164 116 0 289 277 0 278 143 0 0 0 0 0 225 0 0 0 273 289 276 187 0 281 116 0 250 0 0 0 0 0 160 228 0 0 142 214 0 236 0 0 247 0
0 113 268 166 107 251 0 265 0 0 135 0 268 0 179 0 231 0 216 0 157 264 0 0 235 197 107 256 295 230 175 107 0 0 0 0 191 0 0 0 0 0 0 268 161 293 0 167 267 0 131 168 171 248 193 0 0 0 0 0 0 111 0 212 0 124 104 0 117 207 0 0 242 0 117 0 0 0 0 0 172 0 296 0 0 0 0 0 188 0 296 268 291 0 0 282 0 0 0 0 277 0 141 0 179 105 273 132 0 251 0 0 0 222 0 276 175 0 0 0 0 144 286 248 0 305 0 181 0 0 203 0 0 0 0 130 0 0 260 0 185 246 154 248 0 0 0 147 293 263 0 211 0 252 211 286 0 0 153 0 179 0 154 0 137 0 0 137 0 0 0 102 147 208 0 0 293 0 0 206 0 223 0 145 0 275 0 0 0 0 0 198 0 178 212 145 0 0 0 0 0 230 254 243 237 0 230 159 136 235 289 0 0 253 0 0 0 160 168 229 157 178 251 0 197 0 291 111 313 0 0 0 296 0 0 256 0 135 0 0 0 284 0 0 194 262 0 0 0 222 196 0 201 0 0 0 0 0 0 104 266 207 156 0 0 224 185 0 172 0 126 0 220 141 111 0 132 0 0 225 0 0 0 176 0 0 166 229 222 0 0 266 0 0 143 0 0 236 102 0 250 167 0 177 239 233 0 0 0 112 273 128 0 240 216 176 0 127 272 0 0 271 0 176 292 0 0 287 0 0 0 0 315 175 137 201 0 251 260 229 0 165 263 226 182 276 214 130 161 114 0 215 0 192 0 248 0 167 0 0 226 276 144 249 137 0 173 117 279 162 309 167 0 0 0 163 0 129 105 0 158 0 249 0 178 0 244 0 268 0 280 129 0 95 285 310 103 310 242 0 0 249 203 105 110 0 0 188 264 0 0 219 145 182 0 245 0 147 243 227 0 115 146 0 0 261 284 0 236 133 189 172 229 0 229 0 0 247 0 0 191 0 0 0 0 221 124 0 0 0 252 107 161 0 0 291 0 0 235 0 0 0 0 0 0 194 0 0 108 217 99 0 140 185 143 0 0 0 291 0 295 146 0 0 168 0 114 207 0 269 0 251 0 265 0 0 227 0 194 0 240 0 0 0 0 214 0 114 0 131 0 207 144 0 0 298 178 275 0 0 182 0 0 0 139 0 0 157 0 260 313 0 0 221 0 0 0 280 0 100 219 152 0 261 0 294 0 0 0 0 0 0 0 0 296 189 129 257 206 0 0 0 286 0 148 217 0 0 0 0 260 244 0 0 0 0 267 0 0 212 0 163 114 273 0 0 226 273 0 0 0 226 172 212 280 0 0 0 0 0 285 253 0 171 237 0 0 140 229 0 0 0 205 158 191 0 250 139 0 0 146 152 0 0 115 0 178 0 0 175 279 0 0 0 0 290 0 313 0 137 146 0 156 0 174 0
0 0 0 0 0 163 0 0 0 188 286 0 155 0 133 0 0 0 0 0 226 217 0 235 0 0 108 248 0 140 0 0 243 188 229 187 0 0 259 0 190 224 0 0 293 209 155 0 211 0 293 162 0 0 125 0 0 217 0 255 0 0 117 172 0 0 165 135 0 0 107 0 244 0 0 0 117 131 0 132 0 222 188 0 0 210 0 0 161 0 119 271 0 163 0 0 218 114 281 150 0 0 0 0 0 0 0 240 147 296 113 229 0 0 172 299 192 307 0 163 0 165 281 0 0 0 0 161 0 0 200 161 0 218 0 0 0 0 0 116 242 0 233 211 0 190 0 206 0 0 0 0 301 0 0 127 216 0 0 0 0 211 0 178 229 105 0 125 222 0 0 272 0 0 260 0 0 0 281 165 0 212 185 0 209 295 0 0 0 0 216 0 261 0 0 186 224 0 0 241 0 167 122 98 0 235 130 299 301 0 197 173 0 226 269 0 0 0 0 0 0 0 283 215 220 97 0 114 175 162 301 227 0 132 0 0 0 0 236 0 239 0 155 279 254 0 0 114 0 0 188 137 185 161 0 151 0 194 0 158 0 162 207 219 231 0 254 0 0 226 0 0 0 0 190 0 167 0 0 0 227 0 176 182 0 112 133 0 115 165 129 133 169 0 213 206 0 0 149 0 0 160 228 217 216 255 115 204 259 152 0 183 199 171 244 187 126 113 0 269 0 155 0 208 198 0 192 0 262 0 284 289 109 110 0 0 0 130 0 161 292 260 0 107 0 0 235 0 222 114 0 171 0 0 156 0 170 118 0 145 0 0 262 0 0 0 0 192 0 246 258 0 153 0 0 0 204 0 0 245 283 0 129 246 251 0 112 187 105 0 0 275 122 0 0 224 141 0 0 206 0 0 0 130 206 217 0 215 255 0 233 119 0 0 0 0 0 0 0 0 128 0 0 0 220 97 151 189 250 0 122 0 268 0 0 246 208 312 212 0 114 0 0 0 0 314 129 0 0 121 0 106 117 256 173 0 244 0 0 190 177 0 0 210 0 149 0 0 0 0 0 185 269 0 104 196 255 0 0 0 0 229 117 0 200 0 211 123 265 0 93 0 227 0 0 0 282 170 231 0 241 116 0 0 0 0 0 0 239 0 123 118 192 0 199 0 0 0 0 0 270 199 174 0 0 0 0 0 129 0 258 0 0 134 190 271 212 225 170 246 0 251 0 0 105 142 0 238 0 0 124 0 150 0 111 154 0 209 0 0 0 0 0 0 158 224 248 162 0 261 0 0 0 0 0 0 108 0 108 260 146 0 244 119 0 298 0 0 129 141 131 134 0 0 264 144 0 253 0 0 0 295 146 0 0 0 0 0 0 0 137 0 0 128 0 0 0 126 0 210 0 0 182 213 0 169 0 187 0 257 154 204 244 0 0 0 164 0 0 0 0 248 0 0 0
0 0 0 192 164 166 94 0 0 0 0 0 248 0 105 254 190 0 0 0 256 304 0 0 0 0 198 0 0 180 0 268 160 163 0 0 220 0 193 182 0 0 0 0 177 260 231 235 288 200 149 213 215 134 0 0 257 246 0 269 128 246 0 189 0 0 0 0 0 0 0 237 182 0 242 0 171 175 260 0 0 262 203 0 0 0 122 0 0 216 201 0 0 221 217 164 240 0 0 0 193 0 0 0 0 233 0 0 0 0 276 0 0 258 0 155 156 159 105 0 0 169 0 215 0 249 235 281 0 156 0 0 257 143 200 239 0 0 278 0 104 317 107 274 0 0 0 0 0 188 170 224 171 0 0 176 228 149 0 0 0 196 0 126 0 0 286 101 196 0 0 0 242 0 0 309 160 0 0 0 0 0 0 316 132 159 0 263 155 0 0 141 216 195 0 0 141 0 206 125 194 236 0 0 0 158 0 128 0 144 152 236 183 0 214 258 0 0 259 0 0 123 0 186 0 138 259 0 0 172 259 0 0 0 144 201 0 0 0 298 0 0 0 168 117 266 236 107 125 0 0 109 101 0 0 0 0 0 151 200 0 0 0 0 162 0 112 0 206 0 0 190 253 137 170 0 0 0 0 0 0 0 0 171 0 283 0 0 0 0 245 0 0 0 0 142 0 199 0 0 243 0 0 0 168 264 183 110 250 0 0 0 193 235 0 189 261 200 0 238 0 144 0 0 205 219 255 0 144 168 266 0 0 134 106 203 0 151 0 0 176 0 0 196 0 0 0 176 0 282 224 0 164 218 276 0 123 258 0 288 147 144 0 191 0 0 0 209 0 0 0 184 119 234 162 0 132 261 0 0 125 0 0 180 0 0 285 0 0 140 157 0 0 0 0 0 0 0 119 143 217 146 0 230 252 141 293 0 0 0 0 151 0 0 275 0 0 259 255 0 134 260 0 237 0 279 311 0 177 127 265 166 0 239 210 120 127 223 270 0 147 0 0 0 0 0 214 110 297 0 0 300 101 0 0 0 0 288 154 284 0 168 191 171 0 0 0 146 0 0 0 251 129 124 0 0 149 0 0 192 0 0 316 270 153 263 0 0 0 0 287 137 175 0 0 0 120 246 163 0 254 0 280 159 0 0 0 0 0 246 228 160 305 258 218 176 172 215 117 166 0 161 261 0 270 194 208 0 0 0 290 0 255 0 0 0 154 0 270 0 273 173 0 141 0 251 210 217 0 211 0 0 0 0 0 271 182 0 0 217 0 0 0 242 238 0 197 0 0 196 0 0 0 0 0 265 242 259 0 160 0 305 137 180 0 0 0 114 231 155 273 0 0 0 0 108 309 300 196 106 156 122 234 102 0 128 0 0 0 0 107 0 0 0 164 0 270 172 0 0 0 0 290 0 218 0 0 0 135 0 0 311 202 0 0 0 206 0 0 0 276 278 200 0
0 0 161 183 0 0 0 0 0 0 0 214 217 0 0 220 135 0 0 137 0 237 0 0 0 216 145 0 0 0 235 0 0 0 0 249 0 0 0 225 277 0 0 260 0 254 0 0 264 0 114 255 0 0 0 0 0 0 160 0 116 267 178 206 0 283 0 196 0 136 173 171 208 98 213 0 0 214 0 0 102 190 293 0 187 142 0 174 149 0 0 0 0 258 254 0 214 115 0 0 0 0 0 0 0 0 0 190 0 266 98 247 0 0 0 236 245 114 320 177 0 161 0 0 229 0 237 0 0 216 0 0 0 0 0 0 294 218 269 282 142 0 166 0 223 0 221 253 194 100 0 256 0 0 0 0 0 0 0 280 155 205 0 0 203 0 172 160 202 0 0 205 129 169 184 0 0 236 271 0 0 0 225 203 0 135 0 0 0 199 0 0 0 131 205 227 0 0 134 0 222 0 206 228 110 0 0 223 0 296 102 0 263 0 0 196 0 0 148 0 195 0 205 0 166 223 0 143 0 0 210 0 265 177 173 0 0 294 0 243 253 199 0 157 0 0 0 152 0 0 0 0 0 0 281 196 0 143 0 237 0 226 224 247 223 232 0 0 297 262 136 0 0 227 0 0 0 0 0 115 195 0 0 153 0 0 0 0 0 0 0 0 0 0 161 0 0 0 298 271 226 320 0 107 0 217 0 0 0 0 128 247 209 203 172 0 147 0 192 0 218 0 212 122 0 0 190 166 176 0 0 199 253 0 0 261 259 242 0 0 240 145 0 0 272 0 0 0 299 225 0 0 0 303 0 0 181 0 0 0 119 98 268 190 145 0 0 0 303 233 136 200 0 0 0 0 139 0 138 0 236 0 0 110 0 168 0 254 0 284 0 0 0 285 98 301 0 233 119 0 151 0 236 150 0 0 0 0 224 0 0 303 204 0 272 0 0 242 273 0 0 197 0 299 0 0 0 221 0 269 130 0 0 133 0 0 0 134 0 0 0 0 160 0 0 228 0 0 142 291 0 0 0 0 0 111 0 219 0 0 0 0 0 0 273 0 0 169 199 0 245 185 0 285 0 0 106 0 0 0 0 306 250 283 0 0 259 0 0 210 0 0 0 0 143 109 0 196 204 109 127 243 283 0 0 0 273 0 0 134 0 0 0 0 236 100 0 0 177 234 260 0 0 283 265 0 188 182 274 0 124 220 202 121 0 0 0 0 256 0 0 248 0 197 0 234 0 274 192 0 0 119 110 0 0 0 195 286 237 0 196 0 0 293 0 193 0 152 244 151 0 0 100 275 168 122 0 0 230 171 0 0 286 232 173 121 197 228 0 0 0 179 270 0 0 133 0 0 190 108 0 305 0 138 0 0 113 186 0 184 0 198 0 218 0 237 0 0 209 294 135 0 0 0 0 273 0 0 278 119 278 214 228 242 107 158 278 275 215 195 0 0 0
0 0 0 0 116 0 208 0 215 0 0 0 0 126 0 162 0 0 0 247 226 0 0 0 0 0 0 112 296 256 0 0 297 0 0 0 270 0 262 0 0 0 211 127 272 120 0 134 274 247 233 0 0 0 314 0 208 0 253 177 241 0 0 0 226 0 0 0 0 174 207 0 0 0 0 201 0 0 0 0 0 0 170 205 0 0 272 0 0 236 302 147 0 170 0 211 0 285 0 0 0 0 255 221 129 0 0 0 282 263 271 98 137 289 0 139 173 0 214 228 0 183 205 0 212 0 157 260 0 0 248 191 159 263 0 0 0 0 160 220 104 148 0 172 94 0 0 0 0 0 178 180 0 0 249 0 178 0 0 131 0 258 199 285 0 0 0 0 0 159 0 0 135 162 0 0 0 0 250 236 138 0 272 192 285 0 159 151 0 292 168 230 211 184 0 0 236 246 209 0 0 0 258 0 0 207 146 0 0 0 0 170 295 248 0 195 292 149 146 0 141 0 0 0 0 237 0 279 0 0 0 195 0 143 0 158 259 0 187 216 0 144 0 181 0 130 0 100 0 0 0 0 257 0 0 243 0 149 257 0 0 212 0 256 228 257 0 266 135 0 0 0 0 0 0 138 254 0 0 0 0 208 0 0 205 112 0 105 251 0 0 0 202 111 144 0 184 126 106 125 0 0 0 274 106 0 241 277 0 199 135 0 140 316 0 0 0 282 159 261 296 0 136 0 182 0 219 0 232 259 249 218 0 139 0 224 279 0 127 170 185 152 0 0 247 0 0 210 232 0 231 0 125 146 0 0 0 180 205 112 0 264 0 0 270 228 97 137 275 276 0 236 0 0 0 0 0 107 273 259 0 185 0 293 0 144 269 273 0 0 190 218 0 128 0 0 0 0 205 0 253 250 289 0 285 0 0 0 0 0 181 0 252 0 321 243 0 209 0 0 122 129 121 0 189 255 0 0 232 0 0 0 0 200 143 0 0 265 170 103 0 266 278 257 0 0 0 0 0 0 150 208 0 273 0 0 0 0 0 0 0 182 208 0 182 0 0 189 0 202 174 0 0 0 0 0 0 0 305 0 0 0 212 0 267 0 0 0 126 0 0 261 205 164 182 0 0 244 0 109 0 0 213 131 0 196 0 234 162 152 236 259 128 295 101 221 0 0 0 0 0 140 173 211 0 0 174 0 262 197 248 225 0 273 130 0 0 191 0 0 279 291 0 0 284 0 256 256 220 301 140 0 0 119 119 153 0 0 247 139 0 198 0 0 0 0 0 0 0 115 0 0 0 0 308 142 216 0 0 234 0 248 0 131 213 233 174 230 0 129 249 275 0 127 0 0 0 105 155 251 154 210 238 185 130 229 223 0 0 275 0 120 0 142 187 0 280 267 0 113 252 0 120 0 218 145 232 251 0 218 137 0 0 0 0 0 0 117 0 0 0 0
0 205 0 0 279 0 0 249 118 0 0 232 0 0 237 0 0 123 0 0 266 106 0 258 0 101 238 267 281 192 235 0 201 286 0 0 0 0 0 0 0 0 159 0 0 140 281 0 107 0 174 164 115 109 215 240 0 244 0 112 0 0 117 0 0 217 0 0 0 197 239 200 168 148 0 280 271 0 265 0 127 254 0 0 0 247 166 183 0 227 0 200 0 266 0 244 145 0 134 224 0 162 0 196 0 0 0 0 0 0 0 0 254 0 291 0 228 120 0 0 0 287 0 178 226 0 0 0 0 0 0 0 230 0 0 123 0 214 0 170 0 194 217 274 0 0 0 259 0 0 0 0 0 227 193 133 274 260 127 0 175 259 0 191 314 222 0 176 0 0 0 0 0 0 0 109 156 0 266 0 0 0 194 128 232 0 117 0 145 0 0 136 177 0 125 0 0 0 258 170 194 0 0 0 0 0 0 314 115 0 129 168 311 0 0 165 169 0 0 145 247 240 141 0 124 160 0 0 281 266 0 303 258 185 177 0 0 0 0 270 0 110 0 270 0 256 0 116 0 235 262 0 0 0 0 0 194 99 0 0 114 235 157 0 198 0 0 250 0 0 115 297 248 0 106 0 241 0 111 0 0 0 171 0 273 0 0 0 0 0 0 265 0 0 0 226 0 120 162 0 213 230 310 180 285 147 0 319 0 0 0 107 284 108 0 155 0 274 163 250 155 0 0 0 0 204 0 0 154 210 297 268 0 0 252 0 0 133 236 0 0 172 0 247 0 0 0 140 0 0 0 0 0 0 181 177 195 0 0 0 251 235 0 0 0 0 0 0 153 0 152 0 0 0 0 113 0 270 0 0 259 0 0 256 0 281 120 0 0 210 0 191 229 0 0 194 234 0 0 127 0 161 0 118 181 0 303 119 0 0 259 0 248 0 0 0 258 121 0 0 0 0 0 0 0 98 116 155 0 0 181 0 206 0 265 216 228 0 0 0 132 154 95 0 119 194 0 179 261 139 266 197 199 283 0 140 0 0 0 0 104 295 0 186 0 210 165 244 0 134 0 287 241 0 212 0 175 0 113 202 0 0 197 0 295 273 0 0 182 0 249 0 0 0 251 185 223 0 206 0 114 0 277 0 0 0 0 0 158 152 284 165 0 131 0 0 200 0 0 0 0 0 130 264 223 188 0 0 125 0 0 0 206 208 180 0 289 0 0 0 0 190 0 152 114 0 0 0 0 192 305 166 267 0 295 0 0 0 125 0 99 0 0 270 0 121 0 262 0 0 0 241 0 0 0 157 0 0 101 0 0 225 226 0 0 0 137 0 211 0 0 0 248 0 105 195 0 0 247 109 0 0 262 0 0 191 265 0 0 244 270 299 0 168 280 0 0 123 0 119 0 0 0 114 0 215 117 148 0 0 240 112 172 107 200 204 0 0 259 0 0
0 0 135 0 162 145 0 0 0 302 176 0 0 249 122 0 0 0 0 238 0 0 0 0 0 251 0 151 0 0 0 0 0 186 0 123 205 0 101 110 0 0 0 147 0 172 191 0 131 0 258 0 108 0 0 0 116 133 261 196 0 244 236 200 0 108 114 0 204 105 0 124 258 273 105 280 128 286 0 312 0 0 0 0 277 0 0 247 183 0 98 161 313 256 223 116 286 0 0 0 189 159 0 0 232 232 180 0 299 0 0 170 0 123 0 304 0 0 247 0 0 198 271 0 141 0 0 0 0 298 136 140 132 0 0 0 192 0 127 0 0 262 0 0 0 288 222 0 0 297 235 236 226 288 0 134 0 282 0 0 197 118 261 0 125 0 133 0 0 280 0 0 0 213 0 216 0 0 0 145 0 0 288 229 0 0 0 161 162 212 0 246 0 274 266 0 286 234 209 152 260 255 0 0 0 143 0 123 302 0 0 0 0 0 0 0 0 191 0 272 229 0 0 0 276 0 220 236 0 0 0 0 139 160 0 222 0 0 0 0 174 0 217 262 0 115 0 0 0 256 238 251 0 299 214 126 112 0 194 0 247 0 0 249 0 0 128 0 177 230 0 0 155 188 0 0 159 0 0 0 0 0 285 187 198 0 0 173 0 0 259 0 194 0 217 178 227 116 143 0 0 0 287 0 0 306 189 246 0 233 256 125 194 0 0 0 93 275 0 0 151 275 274 305 117 0 204 208 93 0 192 0 0 279 265 0 142 260 201 0 120 210 137 0 118 0 0 0 0 0 236 0 251 125 119 164 149 155 142 0 200 0 311 101 0 163 196 0 0 0 169 0 220 0 214 0 0 0 266 0 0 290 277 99 0 240 304 0 239 0 0 145 228 0 114 0 0 188 0 276 0 0 154 277 0 147 0 0 223 0 220 101 174 185 262 0 0 299 210 0 153 0 124 132 179 202 250 264 0 158 180 0 0 159 0 279 259 0 0 0 145 140 146 236 145 0 0 188 188 205 0 0 0 207 191 278 112 0 0 0 0 0 0 215 0 0 0 0 132 0 0 104 0 0 248 0 161 257 271 234 255 195 0 149 0 261 238 0 0 266 0 189 251 146 0 0 147 0 279 127 201 0 165 0 228 0 210 111 0 225 215 0 0 0 0 150 0 299 0 0 0 287 230 231 169 0 193 0 0 0 0 253 0 0 0 152 0 0 281 0 175 0 0 0 0 0 0 286 275 0 180 196 204 0 183 199 0 285 0 0 0 172 0 102 0 121 264 0 264 0 307 146 112 0 0 0 103 135 0 122 0 202 221 183 109 209 139 138 0 0 182 0 0 0 184 0 0 0 0 187 234 216 0 0 260 0 175 0 281 0 258 0 241 0 0 166 0 243 0 117 275 0 118 0 0 187 301 0 118 0 144 317 198 132 198 0 183 0 215 0
0 143 0 0 0 122 0 120 0 0 0 0 180 0 261 236 98 180 175 145 0 0 170 292 101 0 0 200 231 205 0 279 251 113 0 130 238 0 116 126 0 208 276 294 99 0 0 267 0 245 0 0 165 0 149 0 0 196 142 284 0 0 0 0 244 189 0 200 0 287 285 187 190 147 131 0 219 169 287 151 210 132 256 0 103 272 212 0 0 235 98 220 168 0 105 161 0 0 141 262 0 193 0 0 256 160 169 150 102 138 150 308 204 269 232 146 0 0 267 0 257 0 235 208 301 0 0 161 197 0 0 0 0 178 280 0 151 108 0 292 209 213 0 0 0 158 0 170 0 0 145 0 148 0 147 108 0 218 123 0 0 163 253 0 114 214 108 187 0 160 0 165 0 0 202 0 197 0 143 0 161 276 0 0 122 0 251 248 0 131 0 267 283 133 296 217 0 190 0 0 0 0 0 0 0 255 179 149 149 132 208 0 0 0 0 165 0 170 0 192 0 0 0 0 0 149 0 125 212 299 0 0 0 131 0 0 0 165 0 0 193 0 222 0 0 0 0 0 0 0 146 0 256 179 113 160 0 0 269 0 0 162 0 0 293 199 203 0 201 0 267 143 0 266 148 0 0 0 223 108 0 155 0 0 0 118 211 0 0 0 0 0 0 0 249 113 107 196 166 175 149 0 0 218 209 104 115 119 0 0 0 0 0 0 0 165 199 280 0 283 0 201 0 163 184 284 0 0 0 138 220 0 146 0 298 0 192 0 208 0 0 244 0 0 246 150 164 0 0 0 0 124 137 212 0 0 214 0 193 285 223 0 0 194 173 0 0 239 136 0 279 0 171 0 261 185 283 131 0 125 226 0 0 203 0 0 159 0 0 0 0 0 0 0 212 278 0 0 0 0 0 269 0 264 0 0 263 0 0 0 129 0 0 0 170 0 0 236 117 0 0 203 258 130 0 161 0 0 166 274 249 0 129 0 157 0 0 126 0 0 259 0 0 253 122 0 241 0 0 302 0 0 227 171 0 0 122 268 0 0 247 148 186 0 219 265 0 137 0 0 178 0 273 0 0 0 0 0 0 0 0 0 144 177 203 247 0 259 0 0 115 0 262 226 202 245 209 140 0 0 0 244 0 117 264 0 0 203 0 0 0 103 95 215 286 0 110 0 0 0 249 247 0 0 0 98 272 188 264 179 245 159 288 0 103 0 0 140 0 0 0 0 0 217 257 116 0 139 0 101 0 0 236 191 0 187 0 168 236 252 182 286 0 109 0 107 0 0 0 0 134 0 199 0 0 0 0 175 0 0 0 0 0 109 244 0 0 0 0 275 230 204 0 127 0 204 0 246 158 231 0 0 0 0 267 153 186 181 113 0 144 150 0 0 156 0 175 0 217 0 0 0 0 160 204 243 181 187 116 0 0 235 0 0 242 121 0 157 0
0 242 285 171 240 0 216 0 0 0 257 266 0 0 149 118 149 0 154 190 0 207 285 0 0 0 113 0 143 0 0 0 172 129 282 108 234 185 196 256 0 266 0 0 210 0 0 236 188 303 115 0 0 0 117 308 0 119 0 0 0 122 0 0 112 0 213 0 107 0 226 0 0 0 0 162 231 138 219 143 0 0 175 148 0 0 159 0 138 140 0 247 288 103 161 222 0 218 240 296 0 207 220 0 214 203 0 295 204 246 163 218 0 0 0 0 0 0 0 0 171 0 0 0 0 0 121 0 187 0 272 137 0 0 0 163 0 0 234 0 209 223 0 180 271 0 0 0 282 132 139 130 307 236 0 259 146 0 0 228 225 197 0 180 0 165 0 114 0 0 0 0 283 233 195 0 0 0 141 283 265 302 0 190 148 0 0 309 0 0 0 151 0 108 0 0 0 0 0 239 0 0 0 0 0 0 0 202 136 268 0 168 281 286 0 0 0 0 0 0 0 0 0 212 104 147 178 0 257 184 0 154 225 0 0 217 116 172 0 191 0 234 0 145 0 295 238 0 0 143 285 263 170 0 0 0 195 0 0 224 215 0 227 306 0 0 275 137 0 239 0 0 236 0 111 0 0 113 258 0 0 0 0 0 236 134 0 0 162 0 0 310 168 137 0 212 0 0 188 0 142 0 0 0 0 109 0 0 0 0 261 0 257 106 114 149 177 0 157 265 0 220 0 0 0 0 250 0 0 184 0 0 218 0 0 146 0 0 0 225 0 0 138 0 104 107 187 190 166 0 184 195 229 0 226 0 0 220 276 0 190 281 0 0 228 0 0 132 281 0 150 255 231 270 300 145 175 237 0 0 218 213 159 140 148 0 138 100 144 236 273 0 0 0 166 0 0 0 0 0 97 171 263 0 277 219 106 0 272 0 212 0 0 0 134 0 243 224 290 201 0 147 288 0 0 0 226 221 265 0 101 174 236 102 270 0 96 227 0 0 172 0 135 0 0 118 113 0 259 182 0 279 0 0 99 98 223 0 0 174 129 191 145 0 0 170 0 220 291 136 115 0 130 132 173 293 0 0 0 0 0 0 0 167 153 0 99 168 153 255 0 248 268 0 243 0 0 116 0 103 0 248 0 0 0 0 242 0 184 0 135 200 137 210 0 136 171 117 121 0 176 146 197 0 154 0 192 313 0 0 241 0 186 176 0 111 0 180 0 295 271 0 277 124 0 0 0 205 225 0 188 174 167 272 0 0 145 0 0 0 0 0 213 0 0 279 0 287 145 259 173 148 0 117 210 0 204 0 0 132 0 0 215 111 130 169 0 0 308 113 0 116 267 0 265 0 0 0 0 266 0 302 0 0 0 149 220 127 0 174 199 0 171 0 0 146 0 262 0 0 304 0 141 0 0 0 0 0 0 244 159 0 0 0 0 0 129 0
0 285 288 308 0 200 226 221 102 0 174 207 236 0 237 195 300 299 112 254 257 0 132 0 0 292 269 0 120 304 238 282 0 0 211 0 0 0 0 0 226 0 0 212 158 238 274 0 0 0 192 0 0 0 0 313 251 0 0 109 0 271 0 0 201 238 0 0 162 0 0 134 296 0 0 270 262 0 0 296 0 0 172 0 0 299 0 98 290 0 187 0 0 137 136 106 213 258 149 227 263 174 251 0 217 0 0 0 0 0 128 120 228 0 248 0 230 0 0 0 287 104 0 0 219 0 223 0 0 0 0 0 205 0 171 0 0 157 217 0 288 0 0 198 250 0 134 0 0 200 182 0 266 0 0 258 0 0 251 0 267 0 0 170 0 116 0 0 142 0 169 0 0 0 0 239 0 147 0 173 261 204 147 264 0 0 175 271 189 223 163 158 224 303 0 0 268 0 177 0 197 285 135 0 0 126 0 0 0 191 0 0 0 162 0 0 0 0 0 0 250 272 162 0 0 0 0 0 208 186 295 272 0 143 131 125 0 0 0 0 0 0 0 313 0 203 129 171 129 0 158 279 262 242 136 0 215 241 0 184 167 229 238 0 0 187 0 153 0 0 0 267 231 0 0 164 131 170 0 0 0 217 0 0 167 0 119 0 296 0 191 0 0 0 0 0 0 0 0 0 0 118 0 0 0 198 0 211 0 122 0 0 0 0 0 0 208 155 0 0 0 0 162 109 0 0 0 0 295 0 0 113 298 0 0 288 0 270 241 0 281 268 199 114 0 148 0 0 237 0 0 0 289 137 274 318 0 0 100 0 0 255 0 230 0 200 0 173 124 0 143 228 0 252 249 258 209 0 0 0 0 132 174 301 0 0 0 263 187 0 0 0 0 0 105 189 0 0 0 235 188 0 0 0 264 0 107 0 233 0 209 0 111 253 0 0 184 0 139 0 224 0 0 0 179 0 0 178 246 164 187 245 204 236 119 0 0 181 161 169 0 0 183 0 219 0 0 168 190 108 119 0 0 230 172 230 0 164 220 185 0 0 0 0 298 0 0 0 0 111 0 0 0 275 112 0 0 0 257 0 244 158 0 0 0 0 307 276 188 0 0 0 108 0 188 0 0 100 0 210 218 0 0 0 247 174 0 132 276 0 0 116 0 0 260 193 0 0 0 128 168 244 166 0 0 0 117 0 0 0 238 208 238 147 185 130 280 0 0 0 0 242 0 116 0 0 0 111 0 0 0 0 0 0 193 0 173 0 0 294 155 0 100 0 0 232 0 0 0 0 0 0 174 197 0 0 0 157 0 219 0 153 233 0 199 108 286 205 0 219 0 0 0 148 0 0 0 0 118 139 132 0 196 0 0 0 215 0 0 129 238 125 0 220 0 0 154 212 0 295 0 0 0 0 239 152 128 0 0 105 259 121 0 297 0 226 0
0 161 0 219 0 0 0 0 0 0 0 150 254 301 245 169 267 144 0 0 0 197 247 156 0 198 0 0 181 0 267 240 0 294 0 135 217 111 218 246 0 0 191 305 0 116 179 0 0 183 199 0 185 0 0 0 0 0 133 0 115 110 0 0 125 240 0 115 215 204 280 0 267 97 0 0 273 261 190 0 0 239 0 0 0 103 202 114 313 0 0 0 0 0 274 113 0 227 250 131 127 0 104 114 0 241 0 0 290 126 197 299 0 197 0 0 182 162 0 0 180 0 137 0 0 0 292 0 0 151 197 0 113 0 250 0 224 258 0 257 0 0 157 120 0 0 203 0 0 183 288 0 267 0 0 0 199 207 294 194 0 0 0 210 0 0 279 0 0 272 236 265 267 114 271 0 265 171 0 204 234 143 180 0 0 0 233 0 215 0 179 160 294 0 269 0 0 249 0 0 300 0 0 0 290 106 0 289 262 232 155 133 0 0 110 0 224 164 0 270 0 154 0 148 0 250 0 230 145 0 0 171 134 219 237 0 175 270 0 221 195 106 0 0 201 172 0 0 143 0 228 0 199 0 0 226 234 214 159 189 0 0 0 0 156 111 0 0 123 0 0 0 0 0 252 231 221 0 103 0 147 0 0 0 213 0 0 0 0 0 272 285 0 0 0 0 158 127 303 195 0 297 170 229 210 0 0 111 0 0 0 253 231 0 0 254 0 0 221 127 171 157 160 0 0 259 0 0 138 218 230 256 121 0 0 141 0 0 0 109 0 0 0 0 0 0 0 153 206 0 137 0 0 281 0 0 0 226 0 0 171 0 262 194 0 0 272 125 0 103 0 145 0 0 169 0 0 219 256 110 206 0 0 0 0 0 149 157 153 0 0 292 0 108 231 180 160 290 278 292 0 187 108 0 244 0 264 113 0 0 274 209 118 256 199 0 158 0 117 311 181 0 0 201 0 191 151 113 111 0 0 0 261 304 0 122 136 0 208 228 0 128 258 127 144 0 0 221 0 217 165 0 0 0 223 228 203 0 274 0 258 289 0 210 0 131 0 184 233 0 0 196 0 184 0 0 0 292 0 0 282 0 187 0 0 0 286 0 0 0 0 0 150 156 306 261 131 212 267 0 162 0 0 0 0 287 258 221 140 165 0 0 139 121 0 100 188 0 0 0 0 113 106 223 239 0 148 0 237 0 0 198 114 181 255 0 0 0 124 0 199 168 242 0 0 124 205 177 0 285 204 225 0 286 265 153 233 144 194 185 0 0 137 0 167 0 0 0 0 201 127 0 0 254 218 144 221 102 134 296 0 131 122 237 214 0 0 121 279 0 231 0 121 270 0 200 0 175 116 294 177 256 0 170 0 191 0 195 0 238 0 235 0 0 210 0 0 0 0 0 0 234 0 236 0 178 314 0 0 140 0 153 0 0 0 0
0 0 102 287 0 288 173 0 143 309 124 0 265 183 229 0 110 0 194 260 270 0 0 0 0 265 0 183 158 0 234 0 0 0 0 255 146 0 206 229 282 246 127 256 282 0 164 256 0 0 279 0 235 219 0 212 0 0 270 0 144 105 258 0 0 231 0 0 247 0 0 0 0 0 126 149 239 0 236 0 185 0 0 218 275 150 0 0 131 0 225 0 0 275 225 0 275 220 0 207 237 0 100 187 176 271 208 0 0 235 0 0 162 217 162 128 0 176 0 0 0 264 0 0 0 0 0 0 194 0 163 0 0 0 280 250 0 0 167 0 97 167 0 0 283 0 173 156 279 0 0 0 0 0 116 0 0 103 0 149 0 0 211 225 0 0 0 0 0 0 117 271 148 260 0 222 0 0 157 208 312 132 0 112 0 0 116 0 120 246 272 0 0 0 232 0 249 0 0 0 0 292 194 0 160 131 255 0 0 0 0 132 296 202 201 184 205 233 179 293 125 0 0 136 305 97 0 0 114 264 0 274 0 0 131 148 281 210 0 0 0 264 0 0 289 0 146 0 289 0 0 190 0 0 0 292 218 163 229 0 123 244 0 296 0 0 0 0 172 192 0 0 0 260 0 0 235 276 203 132 242 0 146 0 0 238 0 120 0 0 0 275 0 0 194 171 201 173 0 0 301 216 205 227 126 254 0 174 179 254 0 0 0 0 0 99 0 0 230 215 0 149 0 0 0 261 0 0 0 247 288 152 191 274 0 0 263 292 0 258 112 195 313 246 106 0 283 0 239 227 267 0 0 0 104 238 0 0 0 0 254 249 134 212 0 0 0 122 168 0 127 0 0 0 0 160 0 0 279 0 0 146 0 114 135 179 0 227 0 0 0 0 0 187 0 0 0 237 0 0 0 0 0 0 0 152 277 0 183 0 227 0 250 0 224 251 0 0 0 202 0 131 0 0 102 249 0 219 0 0 256 292 0 0 262 95 0 0 233 274 209 146 0 0 0 0 266 213 136 0 222 176 0 0 0 0 111 134 0 0 291 178 0 120 0 0 0 256 288 225 0 0 0 0 149 268 109 0 0 261 119 273 213 181 103 172 0 0 131 0 0 222 0 280 160 0 211 0 118 275 0 0 290 0 0 0 249 224 0 0 238 0 0 0 269 276 263 225 146 113 0 165 247 242 216 0 0 0 0 279 202 112 0 279 114 261 0 276 241 0 0 0 0 260 117 0 253 174 0 171 0 120 0 0 286 0 266 190 186 0 253 272 0 0 0 225 112 0 217 0 0 0 0 296 0 188 0 260 0 0 246 268 261 0 198 190 160 205 0 250 0 0 237 0 0 0 0 0 119 179 230 106 0 0 0 197 0 153 264 0 0 0 0 0 0 271 98 0 147 0 0 0 124 112 0 0 201 0 143 293 276 0 0 199 0
0 94 158 0 307 95 200 168 105 234 0 0 175 180 136 289 0 148 210 0 0 197 0 286 0 282 103 0 0 133 209 0 153 0 160 217 0 0 267 200 167 151 0 238 0 0 0 0 113 0 0 0 0 226 0 0 134 0 0 0 315 0 192 0 107 133 166 110 180 256 150 265 0 145 0 0 0 174 136 291 153 100 0 265 168 0 201 220 0 0 233 215 0 0 0 130 0 0 267 310 140 282 0 0 130 0 0 195 195 113 0 0 179 0 0 0 0 204 277 124 252 0 250 0 126 0 129 284 0 0 0 0 212 198 0 230 0 164 0 0 0 299 0 0 0 281 0 0 0 163 0 171 0 257 0 0 0 0 225 0 102 206 0 189 255 0 0 130 249 228 118 0 0 264 205 251 240 0 0 0 0 0 131 0 0 0 0 0 0 0 260 165 0 252 0 153 198 276 0 0 178 0 0 0 0 0 285 0 199 0 152 208 0 130 200 166 0 0 0 0 223 0 0 0 119 293 190 264 0 0 176 0 0 0 0 269 0 0 181 0 0 0 176 265 0 133 121 0 135 0 0 192 0 165 155 231 0 0 212 221 152 98 153 0 0 0 253 263 0 290 0 0 270 0 0 136 0 0 0 253 264 283 0 0 0 0 0 193 0 229 0 119 0 271 0 223 0 0 265 292 232 0 236 0 0 0 0 96 0 109 0 286 0 0 0 0 0 133 247 0 0 169 0 248 211 110 205 109 125 0 145 146 0 258 198 0 0 253 195 226 132 0 0 0 135 0 210 260 0 240 0 0 0 196 168 0 0 323 290 245 306 307 0 0 112 190 172 0 0 264 131 196 0 0 0 202 158 0 0 0 258 224 0 0 133 0 211 0 263 147 182 0 0 234 0 0 0 0 249 292 0 0 147 185 0 113 161 0 132 0 0 0 184 0 164 0 282 176 270 0 0 0 160 0 175 0 273 145 0 125 0 271 0 260 174 0 0 0 0 118 0 0 144 0 0 0 0 0 0 0 187 117 123 284 0 0 155 277 0 0 0 120 101 0 227 0 0 207 309 158 0 0 0 0 0 0 0 163 138 167 0 146 277 146 243 0 0 0 116 133 0 254 0 0 237 0 0 272 207 0 0 305 0 0 290 0 0 160 0 0 191 93 0 237 294 0 0 103 278 218 0 144 176 288 0 0 0 0 0 0 0 176 0 151 0 0 214 0 204 0 0 211 0 158 259 0 0 0 0 227 243 149 140 126 0 0 0 0 0 0 110 0 137 267 106 162 312 0 255 292 0 0 202 221 160 0 164 142 0 0 0 102 141 251 222 0 0 134 0 0 224 0 181 0 0 248 0 0 200 0 0 0 222 308 289 0 0 216 125 267 136 0 265 269 117 0 0 193 174 0 177 0 190 0 0 148 0 209 0 229 181 304 245 0
0 164 238 230 197 0 0 107 0 0 0 169 0 234 274 107 187 0 0 0 0 0 0 0 203 199 296 0 0 0 203 0 190 0 0 0 233 0 206 0 224 0 0 0 0 0 238 0 0 0 269 241 150 0 0 104 0 0 0 0 132 188 267 288 236 170 0 115 120 0 0 0 215 215 257 0 224 0 133 202 0 0 0 0 0 0 0 0 0 135 232 223 0 183 311 0 0 0 0 177 0 0 239 0 0 266 145 0 0 94 177 214 0 263 0 0 233 240 0 0 0 242 0 273 0 102 0 0 261 0 0 0 0 103 0 236 0 312 164 0 226 252 0 0 0 0 267 248 170 163 0 0 277 107 190 0 152 0 0 120 0 0 160 0 0 0 134 0 295 0 259 0 0 0 205 0 144 272 150 225 0 0 0 196 0 184 0 0 0 0 0 187 245 207 0 239 0 0 0 253 131 266 270 0 0 303 197 112 225 0 0 177 230 0 228 0 217 262 141 0 127 236 0 0 145 0 0 174 0 0 143 0 100 188 0 0 108 133 0 99 303 0 107 128 0 143 0 243 0 0 116 280 190 133 269 188 154 165 196 201 0 0 295 241 0 0 0 144 194 232 0 0 181 0 0 0 0 215 0 0 0 0 207 324 0 0 178 0 0 145 0 0 0 146 203 0 151 0 169 0 270 275 168 0 0 231 0 143 0 302 0 247 273 207 0 0 285 0 0 196 0 254 0 157 0 0 0 0 278 121 0 0 200 149 225 273 210 156 130 215 0 0 215 117 270 0 0 168 183 252 140 188 0 0 0 0 0 0 0 0 107 0 0 0 0 141 186 254 288 0 203 285 231 167 0 228 152 224 223 244 0 0 252 0 290 185 0 239 201 0 0 195 289 122 262 0 0 143 102 0 0 0 202 95 0 214 0 0 181 115 0 147 222 283 0 0 0 0 233 244 0 251 0 213 147 0 0 0 200 160 0 0 0 0 232 220 154 103 0 0 0 0 0 234 0 172 0 132 257 0 257 272 0 221 0 0 166 0 292 215 219 0 0 170 0 261 0 239 0 115 0 288 0 130 140 0 250 0 0 295 0 116 0 0 282 275 0 0 145 0 192 0 0 212 0 0 115 0 156 140 248 144 269 0 0 0 0 200 0 0 253 0 209 0 0 0 0 104 250 0 285 244 0 113 262 0 274 161 0 0 0 0 202 241 195 157 130 0 250 0 238 201 0 242 243 0 109 0 0 0 276 0 0 0 214 0 0 0 0 104 0 201 0 0 0 190 0 0 0 0 203 132 0 233 111 0 0 272 0 288 0 107 263 0 225 0 137 232 0 177 0 204 115 0 0 114 0 0 150 0 271 188 213 0 137 104 0 274 0 181 0 253 207 298 0 0 0 250 237 125 165 0 250 216 289 287 0 295 211 151 268 213 0
0 187 0 0 184 273 259 224 0 0 0 0 0 236 0 0 0 0 171 118 107 120 117 0 0 161 177 0 297 0 228 248 231 291 135 144 0 267 0 287 122 153 0 173 293 0 169 144 300 272 224 162 290 279 196 264 178 0 101 171 189 230 0 0 0 0 0 170 242 124 250 0 241 0 127 297 0 261 232 122 290 0 158 0 239 0 287 0 0 0 266 247 0 0 231 0 185 147 252 289 183 156 242 0 159 280 0 0 0 0 274 0 0 0 215 155 0 0 0 0 0 0 0 175 212 271 0 0 0 0 196 0 105 0 0 0 273 201 0 125 0 226 105 285 212 134 191 291 280 0 149 0 253 196 0 225 172 168 0 167 268 252 200 181 0 97 0 0 156 264 208 100 230 0 96 0 0 301 110 159 0 320 0 253 0 0 162 0 200 192 0 231 99 238 0 285 0 206 0 239 228 0 285 0 119 0 244 0 0 0 252 0 0 178 131 0 163 245 134 0 0 161 171 112 0 0 100 258 182 0 208 181 181 0 264 194 0 188 0 121 0 0 111 0 232 0 0 219 265 0 267 234 226 0 0 0 212 0 113 141 0 0 0 282 201 164 153 0 0 246 264 0 106 168 186 0 161 307 0 0 0 0 114 165 0 0 104 208 205 182 144 0 190 266 225 0 0 0 109 0 158 221 139 189 0 0 231 205 236 184 165 0 0 0 0 108 0 236 0 236 175 0 220 0 0 215 0 0 0 0 0 174 0 99 0 0 203 285 0 131 0 239 268 0 0 162 0 137 0 219 241 218 135 0 140 0 121 0 252 0 225 0 0 148 0 0 291 141 0 0 0 0 0 103 0 264 107 217 150 0 0 191 263 0 0 0 0 217 0 107 0 0 194 253 0 0 0 235 0 0 0 0 231 135 121 156 0 203 184 167 0 254 0 0 292 158 263 0 197 104 134 178 0 283 286 0 132 0 182 0 0 161 142 0 0 270 121 204 0 0 226 0 0 225 142 219 0 120 291 0 0 0 0 0 0 0 152 0 0 116 179 120 157 211 204 241 188 0 0 106 0 0 0 0 151 0 0 292 268 0 300 165 206 0 0 287 130 0 0 185 0 0 0 0 0 0 0 207 0 0 141 0 196 0 194 181 234 232 163 0 0 207 0 132 0 115 264 0 0 277 0 212 185 197 0 0 0 0 0 244 0 302 279 0 117 0 0 237 233 305 149 0 0 0 0 0 230 0 161 172 112 0 185 0 137 0 211 101 0 0 0 0 0 224 0 216 237 0 118 0 0 0 0 195 228 156 0 0 0 120 198 0 163 148 0 233 248 0 0 213 273 0 0 0 0 295 0 0 0 0 0 0 138 0 0 0 274 0 0 250 237 0 224 263 0 237 142 124 252 239 130 147 254 258 148 145 0 0 0 0 0 0
0 0 291 0 234 259 0 0 0 251 0 249 0 97 0 0 206 0 288 0 163 0 0 262 0 121 0 183 0 132 0 256 139 224 0 0 0 0 238 0 211 278 254 132 154 0 0 243 197 0 0 0 0 0 117 0 0 0 0 0 180 0 0 297 0 0 0 0 0 0 0 302 153 0 0 167 233 0 251 109 253 125 137 0 0 0 0 0 227 174 0 302 211 124 216 0 255 0 0 0 315 0 0 292 240 310 0 0 0 0 0 0 225 265 106 0 0 270 0 222 198 0 154 130 0 152 0 0 189 0 256 246 0 0 0 0 224 0 0 249 0 0 0 0 206 0 0 0 0 168 0 0 0 240 119 0 239 201 0 0 197 0 116 214 209 148 0 0 0 141 276 272 244 0 0 194 219 0 0 0 0 0 306 0 0 0 0 0 0 205 0 0 255 231 0 148 0 146 216 0 164 180 0 0 0 229 0 0 0 231 0 138 0 0 271 0 128 0 121 0 0 217 293 0 0 0 0 124 242 150 0 262 152 174 184 188 272 0 251 117 0 0 256 0 181 148 119 159 0 237 117 0 125 238 0 206 0 0 209 265 220 0 0 0 0 0 129 311 0 0 119 149 0 0 243 151 0 0 0 0 238 110 0 0 181 189 0 210 0 248 0 187 223 150 208 0 0 0 122 281 141 180 107 172 237 272 271 0 143 0 118 216 200 304 96 262 120 0 157 0 0 0 0 0 256 0 0 0 0 278 0 110 0 0 213 0 295 0 295 0 213 250 0 0 249 0 0 255 198 276 0 0 0 0 0 225 0 0 259 0 0 160 201 0 0 0 228 182 179 232 262 0 142 268 309 204 176 155 140 0 152 0 0 262 100 203 0 179 0 136 0 0 0 0 154 199 0 163 0 0 271 0 0 0 0 256 0 283 0 211 219 195 179 0 0 0 0 228 204 0 196 0 140 177 0 146 0 0 242 178 159 156 152 0 0 0 0 0 285 189 0 0 200 0 0 107 237 189 215 0 0 0 121 126 0 0 202 0 0 124 168 101 194 0 0 0 116 0 266 0 119 0 274 311 226 0 246 0 254 0 278 0 192 233 0 294 0 134 113 109 166 101 0 279 0 213 193 0 204 0 304 190 281 0 103 0 212 0 0 249 0 121 267 159 0 103 265 272 251 0 164 0 111 0 0 0 0 0 0 0 200 228 165 0 240 152 0 0 249 0 0 158 0 209 286 0 0 0 221 0 0 0 0 274 203 0 182 0 0 299 0 210 163 0 0 198 99 0 222 0 0 0 0 0 177 0 220 0 295 245 0 0 0 228 0 0 0 0 0 251 0 0 0 0 253 0 0 290 0 0 0 226 0 0 0 104 189 237 0 187 225 0 0 147 0 0 120 0 236 152 249 0 116 0 0 0 111 188 0 232 0
0 0 0 161 0 167 0 105 0 0 0 0 0 180 165 0 190 0 0 183 267 182 207 139 0 0 0 0 0 0 104 0 148 0 0 0 190 287 0 0 0 0 148 0 0 0 0 0 279 0 0 141 173 0 130 315 0 236 0 0 294 210 283 0 212 0 190 0 0 0 0 206 176 0 262 0 134 157 189 278 241 263 256 0 0 283 0 0 0 234 0 109 0 169 226 0 0 264 0 276 0 0 107 0 216 189 0 278 232 0 250 116 0 0 0 121 0 204 0 0 172 0 234 0 0 0 0 101 0 144 138 0 0 0 0 0 0 0 283 139 272 262 196 206 0 0 262 293 0 233 259 0 0 176 192 183 0 252 198 0 224 160 0 0 155 184 250 200 0 114 164 0 276 269 0 212 149 0 236 138 153 0 0 212 220 0 0 0 0 249 209 172 0 0 269 0 0 98 0 0 0 231 167 267 199 0 0 271 0 137 0 0 0 0 0 0 0 0 0 186 283 0 0 0 193 0 0 188 0 193 232 150 106 123 0 210 0 257 138 138 231 300 114 0 0 0 0 0 0 0 0 246 121 0 0 286 0 0 0 281 167 0 262 289 181 0 252 126 170 272 164 0 185 314 294 258 0 0 0 186 0 0 0 163 255 300 0 0 0 208 0 223 0 231 106 0 139 161 0 0 261 0 226 0 0 205 0 0 125 0 179 0 196 0 0 120 286 0 0 0 117 258 0 0 0 0 0 111 0 0 245 0 0 256 0 178 0 306 0 0 0 291 0 213 0 0 0 0 190 128 190 232 0 135 0 163 0 265 0 0 232 248 179 0 0 0 0 0 228 0 0 0 0 272 103 0 0 0 0 0 0 0 203 108 117 297 0 286 264 0 0 0 0 0 280 0 216 0 130 0 263 238 0 278 0 0 291 0 187 0 0 0 0 261 0 0 171 0 0 184 267 0 0 123 288 0 172 106 175 279 0 0 151 106 0 178 0 214 140 288 0 143 0 110 159 255 0 191 277 0 283 0 0 0 0 0 252 0 146 0 126 273 0 192 128 0 0 267 202 0 185 0 0 0 184 248 0 135 128 0 264 0 0 0 0 0 120 0 0 0 289 292 0 168 241 0 212 0 267 203 270 0 130 0 134 0 109 249 229 266 0 0 0 0 0 0 261 114 199 251 0 252 171 279 305 232 0 125 149 0 179 0 187 0 0 110 292 181 0 237 0 0 0 0 0 199 0 270 141 178 219 199 0 184 0 0 0 155 143 0 0 273 0 230 0 128 148 0 0 141 0 0 0 0 0 185 264 0 213 0 280 218 0 262 249 257 0 0 0 179 245 0 0 176 0 144 121 0 0 0 0 206 0 0 0 137 173 126 0 261 0 0 290 0 117 256 277 0 258 259 184 0 138 0 0 0 0 0 239 0
0 0 175 160 0 0 0 212 133 276 0 0 0 0 292 0 201 0 0 218 221 0 143 0 0 0 110 217 292 133 0 120 235 0 114 241 180 254 114 0 0 186 0 110 185 0 0 282 0 174 0 121 218 165 109 244 0 0 109 0 0 0 0 0 0 204 0 0 186 204 233 0 0 0 0 186 0 0 202 0 0 180 142 0 0 227 0 188 0 195 193 0 278 143 0 128 0 0 0 96 0 0 190 125 0 207 0 0 0 0 145 114 151 168 0 0 231 143 0 129 0 0 288 118 122 103 154 273 0 261 229 0 236 0 123 131 260 0 0 0 168 0 266 269 156 230 0 213 0 236 187 0 0 256 0 0 226 0 0 0 0 195 0 0 162 0 156 0 203 216 197 0 0 0 0 0 283 0 111 0 0 259 161 210 0 120 0 0 244 241 279 0 0 164 0 0 180 285 0 0 0 0 0 0 195 0 0 0 135 275 0 185 216 267 0 103 144 0 164 0 0 0 122 253 0 104 0 267 0 0 113 123 218 0 143 180 180 178 0 0 0 175 0 311 286 0 282 173 118 153 100 121 0 0 0 0 0 206 0 176 190 279 0 163 105 273 0 192 236 0 236 254 130 0 0 0 230 0 0 212 0 279 105 260 116 299 218 290 129 148 0 286 146 107 0 288 211 0 0 164 0 212 98 0 237 141 0 159 0 0 0 0 225 297 0 244 268 0 0 120 0 0 170 233 125 252 0 0 187 246 0 291 116 248 0 264 131 0 0 0 138 185 0 170 277 0 137 0 101 243 0 233 190 146 299 189 0 224 0 110 0 128 0 0 133 0 118 276 101 0 0 0 0 0 0 129 0 0 0 0 0 268 0 223 0 173 263 102 0 247 0 253 218 171 0 99 218 0 0 224 0 141 0 0 0 0 0 0 142 0 117 179 0 271 205 0 268 207 0 256 302 0 138 217 118 0 131 0 252 135 0 0 227 0 0 0 0 234 0 197 0 0 0 134 264 186 111 225 257 0 0 150 204 265 277 302 133 0 247 0 165 0 180 0 152 0 0 0 0 146 125 170 0 0 0 0 0 161 286 299 101 201 0 0 0 0 0 0 0 282 0 141 152 252 0 0 0 0 295 0 0 151 0 0 0 111 135 287 0 261 0 0 0 0 298 0 0 0 169 0 0 228 171 199 128 280 0 212 197 259 250 107 0 0 0 257 110 115 0 266 211 0 0 0 0 177 192 142 0 0 261 0 0 141 288 0 118 0 0 202 0 0 0 0 114 258 99 0 0 0 0 244 0 240 0 115 173 194 160 0 0 0 0 0 0 274 0 137 0 123 0 0 178 0 0 130 114 254 0 232 0 0 171 0 271 129 0 278 100 130 283 229 119 0 124 117 0 213 0 190 147 277 178 138 0 275 223 235 0
0 142 140 279 0 0 172 0 0 238 0 177 183 0 143 0 0 0 0 0 114 110 0 0 0 239 238 254 0 171 120 0 0 270 0 310 0 116 0 0 257 218 0 0 110 179 0 158 289 220 0 0 296 0 0 242 222 0 101 0 279 250 185 0 0 203 272 191 0 187 0 0 206 0 0 0 0 242 0 0 0 237 0 248 183 243 155 0 161 201 181 203 114 0 141 0 184 0 168 0 0 220 0 228 251 262 0 0 0 187 260 124 133 207 0 0 256 0 162 164 0 0 157 194 110 0 145 211 0 0 0 0 156 115 0 0 178 216 0 0 0 107 223 117 283 196 218 257 0 0 0 230 0 0 205 0 0 0 0 0 0 233 309 0 179 155 268 160 0 0 0 233 0 271 245 0 116 179 262 0 0 231 295 0 208 228 190 0 0 211 0 0 132 0 269 282 118 200 288 217 0 0 242 0 0 0 243 222 0 145 0 147 131 0 115 0 0 0 110 255 0 0 0 0 214 0 0 0 0 131 206 0 0 178 105 0 0 119 0 286 0 0 257 167 0 251 193 172 0 235 0 203 0 0 273 222 0 195 211 169 183 277 0 0 283 239 262 286 0 0 213 0 0 123 0 0 0 0 0 109 0 0 0 0 0 289 145 215 259 0 129 241 0 0 194 145 166 0 0 178 144 0 0 230 179 159 0 0 0 223 224 0 0 269 0 130 275 0 226 0 203 211 0 0 220 247 223 209 228 0 237 0 0 0 273 149 116 0 0 239 0 0 0 145 100 296 244 0 255 199 0 0 281 0 270 0 218 0 114 198 0 0 266 0 270 0 0 105 0 186 0 170 0 283 0 0 0 0 258 285 160 0 0 0 216 0 287 0 0 130 254 0 251 0 0 0 126 107 166 264 233 309 0 182 150 0 0 0 292 0 0 0 0 172 161 252 297 225 0 151 0 184 0 0 0 117 0 145 0 271 253 0 280 131 0 0 202 252 184 0 0 136 0 0 226 126 0 184 0 139 0 0 112 112 219 188 147 0 0 0 0 0 0 118 0 187 298 102 147 280 0 164 143 0 276 0 0 294 199 0 0 0 189 289 0 120 0 275 214 263 222 223 0 0 0 0 0 0 0 0 0 0 0 307 105 263 0 99 0 0 180 162 0 0 183 0 0 122 0 0 0 115 252 184 0 268 141 0 148 0 273 0 125 161 188 232 211 0 290 0 0 0 0 0 198 122 102 197 0 0 0 0 0 212 106 0 279 0 273 129 0 0 0 0 0 223 0 0 269 252 0 0 0 130 263 0 0 225 142 0 0 0 145 264 0 199 290 273 0 0 105 268 103 0 202 148 0 176 0 0 267 0 0 0 0 107 170 0 0 0 253 0 220 179 157 105 0 0 0 159 287 233 0 0 0 0 172 0
0 0 250 0 245 277 0 224 185 161 0 0 0 0 0 0 110 0 0 0 271 285 0 251 0 0 0 152 145 205 295 0 0 0 0 197 0 119 143 0 0 266 129 101 279 0 0 253 167 0 0 262 127 0 0 236 0 166 0 0 0 132 219 0 0 161 279 246 0 158 264 138 0 156 0 148 281 253 0 0 179 0 121 94 170 0 0 0 164 203 0 0 108 253 0 245 137 154 240 203 249 0 0 106 0 0 268 129 0 0 252 0 139 271 0 0 0 287 0 0 285 0 0 0 278 149 0 0 134 160 104 0 172 232 195 0 242 163 168 0 218 0 192 0 0 0 0 0 0 246 0 215 0 213 273 219 272 0 144 245 0 0 0 0 0 0 152 0 0 170 136 292 0 143 238 0 272 0 0 0 220 140 0 0 0 240 109 0 0 0 193 112 133 0 179 0 236 0 0 287 124 0 0 171 247 261 0 193 111 0 226 0 243 232 0 270 0 237 0 131 0 237 267 232 0 0 0 156 262 279 271 184 268 0 0 253 208 0 264 122 291 240 235 217 240 222 0 0 0 0 181 0 0 0 0 0 137 158 0 0 0 255 0 0 0 163 0 170 317 0 0 0 149 196 158 207 288 0 274 166 246 0 111 163 0 261 0 0 0 0 0 150 121 108 0 0 0 0 0 0 205 104 260 264 0 0 0 128 116 0 0 0 0 187 134 236 251 224 0 0 0 0 136 0 299 0 188 0 164 0 237 246 116 0 0 0 0 0 0 205 0 157 259 0 179 0 284 242 0 254 0 235 0 0 195 116 117 295 0 280 241 118 114 136 0 128 0 0 0 0 142 0 155 0 164 0 256 0 0 169 0 0 0 206 139 0 143 0 0 0 0 0 0 186 268 0 183 279 118 0 0 0 0 0 0 224 0 98 0 0 140 293 192 0 0 0 121 199 279 0 116 0 202 180 0 213 263 0 0 0 210 140 0 193 197 310 0 0 100 0 0 207 217 150 0 0 0 0 266 293 0 281 0 184 0 0 0 0 176 0 261 0 0 287 0 151 0 93 0 0 0 0 0 0 263 230 0 0 176 230 169 0 151 0 0 0 317 0 0 270 193 194 247 0 128 0 0 272 0 0 0 229 113 0 181 0 201 0 0 0 0 0 0 281 0 0 0 255 0 0 152 275 108 206 167 148 221 0 134 0 148 116 248 158 161 307 147 0 0 0 0 0 250 0 0 0 238 288 0 178 0 0 153 136 96 243 291 0 0 0 0 142 275 173 0 0 0 0 0 108 271 169 243 133 0 0 0 204 278 0 201 0 0 0 177 0 0 211 192 0 0 0 304 130 0 0 175 169 0 112 133 0 172 0 210 290 200 0 0 271 164 161 279 0 0 0 0 0 271 0 0 0 0 0 285 0 0
0 264 163 0 0 0 264 248 235 0 0 0 250 253 123 0 179 261 0 305 304 160 0 0 0 0 226 203 95 111 0 119 0 0 0 0 120 0 130 0 263 132 0 0 281 0 181 0 168 183 0 0 294 0 188 0 0 0 0 229 0 0 100 0 111 0 243 0 0 0 263 101 0 268 147 253 0 108 163 196 0 0 137 264 130 0 0 163 0 0 166 0 0 251 0 0 175 0 211 182 156 131 233 100 229 0 219 0 146 257 0 0 0 0 0 104 0 0 0 132 148 0 185 225 0 120 134 0 0 0 213 0 193 0 0 153 282 162 146 104 201 142 155 220 136 0 0 170 0 180 242 141 0 0 0 0 235 0 0 0 307 262 0 234 0 124 0 152 0 178 133 267 0 250 0 0 160 0 197 0 0 0 0 184 0 0 0 186 242 0 205 0 270 273 160 289 0 0 0 142 0 0 102 135 139 0 0 245 179 157 0 310 115 204 156 129 234 142 216 284 0 0 0 0 0 242 0 210 0 0 286 0 0 0 181 262 0 123 0 0 172 0 0 0 248 0 218 0 0 0 148 0 0 0 200 0 0 132 147 240 0 266 110 0 0 0 0 242 105 0 0 265 0 0 0 0 0 0 159 0 148 0 0 0 143 206 138 246 0 0 0 0 252 237 0 198 0 247 160 275 0 0 222 190 222 0 216 139 0 0 197 130 257 0 229 218 0 0 167 0 278 0 268 0 0 0 0 175 0 133 109 150 111 232 0 0 121 213 0 273 278 0 0 0 242 240 0 137 150 242 0 0 256 118 285 203 0 250 223 146 0 0 0 0 0 218 118 0 204 167 189 201 178 229 0 0 0 0 0 0 213 0 0 0 0 217 242 0 0 258 0 0 0 130 0 0 0 0 0 177 0 103 0 135 185 194 174 0 270 119 198 0 157 220 0 176 200 265 98 195 0 0 159 293 0 287 0 155 0 198 254 0 0 0 166 218 199 94 0 0 0 241 166 114 0 270 0 0 0 188 0 204 234 0 0 235 271 0 0 0 0 125 174 194 152 0 0 141 142 0 139 0 0 239 173 0 0 0 204 0 225 233 112 254 170 196 174 245 296 0 225 0 0 192 149 103 159 0 0 246 0 0 0 270 204 115 0 114 209 0 246 0 232 0 0 0 168 278 136 0 211 174 141 213 0 0 0 0 0 0 0 125 0 286 229 0 0 0 185 202 0 158 0 0 0 122 288 0 0 0 285 210 0 136 0 243 101 0 122 110 250 0 302 0 257 291 0 253 112 0 0 0 0 294 135 0 121 169 193 0 0 0 0 213 0 0 0 171 0 0 0 133 0 0 248 0 0 0 0 160 261 0 0 124 0 0 0 0 164 144 0 245 258 0 0 0 0 0 0 291 198 148 172 0 276 0
0 0 186 0 0 0 137 129 0 126 0 0 0 158 249 278 0 129 0 0 120 0 0 0 0 104 141 219 0 0 0 0 277 206 0 115 218 271 236 139 167 0 203 0 267 0 0 0 112 0 106 112 242 0 0 0 0 0 0 253 0 0 232 0 0 0 0 0 152 0 0 0 0 176 193 161 0 0 0 268 203 152 0 187 108 243 196 219 254 169 0 198 232 121 0 257 167 0 0 187 206 0 139 0 0 0 0 0 286 0 0 0 0 0 168 0 0 178 164 0 124 0 0 0 0 0 0 0 0 0 0 146 0 0 0 166 0 0 253 266 145 0 245 169 205 244 0 185 248 140 229 144 122 139 0 155 167 0 0 0 0 0 0 172 220 0 0 0 146 124 0 0 224 0 281 118 249 247 256 0 264 253 0 258 136 0 0 0 145 138 132 112 0 0 0 138 293 232 0 288 0 0 0 0 0 198 0 225 172 189 214 0 0 228 0 0 120 256 134 0 0 0 266 182 0 0 0 225 128 0 0 178 0 270 280 278 0 0 0 226 0 0 0 0 0 0 0 238 174 260 147 0 0 186 0 0 0 0 289 126 0 0 0 0 0 211 0 0 0 0 180 0 178 0 0 268 106 118 0 259 0 0 187 0 248 0 138 0 0 0 0 0 0 165 0 0 0 121 249 0 104 246 317 108 0 181 105 318 197 102 278 212 0 0 139 0 251 0 0 202 0 111 228 0 239 159 153 0 240 230 0 0 161 0 265 165 0 222 0 0 293 0 0 177 0 0 94 182 188 0 266 302 0 0 0 141 0 0 0 0 0 292 0 0 202 0 144 0 0 264 0 164 0 249 0 177 0 145 0 216 0 0 0 0 261 221 295 0 315 0 144 0 162 0 0 137 276 203 0 0 193 138 0 203 125 241 155 196 252 210 0 116 213 123 295 0 170 0 0 311 0 0 268 0 254 120 170 0 0 191 0 119 0 125 191 0 137 0 132 0 0 0 0 232 0 0 266 0 217 163 292 0 151 176 194 0 0 0 0 0 177 0 0 219 0 185 0 234 0 290 0 143 203 0 0 259 229 127 0 0 207 276 215 0 213 167 115 0 0 131 104 0 198 122 0 0 224 0 0 270 0 129 0 275 0 282 137 108 0 204 0 0 297 192 261 211 0 269 0 243 246 0 292 0 113 166 0 187 0 192 187 0 0 269 139 166 183 100 0 243 0 0 0 165 222 0 0 108 156 203 209 302 0 0 0 0 0 295 0 287 140 0 0 0 0 266 0 144 0 231 0 301 204 152 0 297 0 0 117 201 0 304 172 107 133 190 241 0 231 147 0 0 0 0 0 0 0 139 132 0 0 125 205 0 176 274 0 314 0 0 223 0 246 251 0 205 0 103 193 282 0 240 204 202 0
0 271 265 0 0 128 0 0 178 238 130 0 0 0 253 160 111 0 216 209 0 0 274 0 0 134 289 0 311 207 215 130 204 0 117 0 0 225 0 177 0 0 0 197 282 159 0 299 183 0 276 0 134 0 0 219 0 0 0 0 126 0 0 0 160 0 259 0 0 0 0 0 0 125 148 254 0 0 97 0 0 0 136 0 0 0 0 250 0 201 300 0 220 0 183 0 0 0 185 251 259 168 0 170 0 0 0 103 102 0 99 200 0 233 187 117 0 0 154 0 0 147 0 185 0 0 109 184 0 0 0 182 0 182 275 118 0 278 170 0 134 0 262 0 249 168 0 130 125 0 176 162 170 176 228 224 0 115 0 0 0 0 0 205 264 268 0 0 0 227 0 0 158 207 139 161 189 278 0 0 0 0 0 0 0 298 0 0 0 0 0 132 287 0 0 217 283 0 0 0 154 0 229 0 196 0 0 0 132 0 0 0 190 172 0 0 135 0 149 271 0 212 0 139 0 0 292 0 132 215 188 0 200 202 253 0 192 261 182 0 0 0 115 225 134 0 245 211 0 0 0 0 0 0 0 110 0 197 0 0 207 217 284 0 0 218 0 0 245 147 0 171 135 0 295 104 0 0 0 184 187 0 0 0 133 0 300 262 205 103 131 0 203 172 0 207 118 0 268 226 180 0 0 0 243 151 196 96 303 0 236 253 0 0 0 152 0 0 239 292 260 0 242 0 124 0 0 0 0 0 0 118 283 0 0 282 223 191 0 0 249 0 0 0 170 0 0 179 228 0 198 0 130 0 0 248 117 0 119 284 0 0 0 263 0 0 297 234 120 0 0 0 0 271 0 0 0 233 241 266 248 0 0 0 276 127 0 0 107 0 0 296 0 0 207 0 144 199 240 96 249 0 160 0 0 0 132 176 0 165 0 183 174 178 142 0 151 191 0 182 0 0 0 292 0 284 227 0 193 0 0 230 0 0 139 0 0 0 0 0 161 0 0 0 0 235 0 0 126 0 0 262 0 199 221 132 0 228 0 0 188 0 131 235 0 182 190 239 182 0 0 119 273 115 171 191 153 107 161 246 0 241 0 242 0 0 0 0 0 0 0 105 0 0 0 0 0 144 216 0 0 258 0 206 0 117 135 257 181 138 0 200 223 0 0 0 247 186 0 0 157 0 0 170 0 160 149 0 0 0 0 0 240 267 0 0 271 191 0 181 104 234 0 127 0 0 0 0 233 263 0 0 0 0 129 0 0 0 0 0 0 281 209 121 0 269 294 242 176 0 0 0 196 130 247 224 230 215 0 0 270 0 0 0 0 0 0 0 0 107 0 190 0 0 0 122 0 162 0 209 0 110 0 0 273 0 162 234 159 0 0 246 0 240 0 236 225 263 0 225 172 0 266 0
0 99 0 130 216 256 237 231 169 131 256 0 0 0 120 0 210 0 107 0 186 0 0 193 0 202 0 0 203 187 117 0 288 140 0 0 0 0 242 0 0 107 0 275 0 177 257 0 0 320 202 0 0 0 0 0 0 0 175 0 0 102 122 0 0 249 218 277 133 0 0 0 0 139 0 189 0 100 136 0 242 162 162 251 0 266 184 211 233 270 212 0 193 0 0 0 124 0 0 258 280 133 0 0 103 0 139 130 235 161 149 219 0 0 0 206 253 0 117 169 231 106 131 199 0 0 0 297 0 135 208 296 122 0 219 248 227 134 0 0 228 134 111 0 187 0 138 0 0 113 0 0 159 0 148 133 168 181 0 161 221 0 206 0 0 0 225 0 262 248 0 0 0 236 272 221 143 0 0 0 0 122 170 273 0 0 0 0 0 0 0 149 289 0 0 0 217 187 0 0 191 0 0 234 158 0 0 263 0 259 123 0 203 158 281 0 158 0 209 289 0 0 171 212 0 257 0 0 0 0 0 0 0 0 0 262 211 0 0 0 118 133 0 179 195 0 0 0 290 184 0 133 277 126 0 0 254 0 151 217 114 132 0 264 0 173 0 0 244 103 0 0 0 0 0 0 230 0 0 0 114 139 179 111 149 0 0 252 0 228 169 0 215 183 0 133 245 0 151 0 316 0 138 133 0 248 148 208 211 239 0 264 175 272 190 278 310 0 284 163 0 181 164 106 301 282 0 258 0 0 111 211 297 268 217 299 0 0 0 0 248 0 0 0 0 194 0 282 97 0 0 136 185 0 241 290 0 0 0 221 105 0 257 271 270 0 135 203 0 195 97 0 292 0 244 164 0 0 131 0 0 0 0 0 0 0 0 300 177 284 0 0 143 0 0 0 0 241 167 0 227 0 226 209 0 272 140 133 187 0 0 0 140 115 0 0 0 249 0 0 0 137 0 0 0 0 0 295 0 0 220 0 155 0 0 307 0 0 0 260 0 190 0 242 235 0 311 115 0 205 0 301 189 0 0 0 0 192 116 114 167 0 0 0 111 308 196 0 293 200 303 0 281 0 167 0 0 0 116 145 165 0 0 0 221 281 0 277 113 0 0 0 0 0 269 186 0 0 271 247 269 196 126 178 0 195 0 0 0 0 0 186 0 105 0 0 142 0 0 0 193 280 0 0 196 184 196 213 0 266 0 160 0 0 165 0 198 0 0 0 0 260 0 157 0 0 0 161 0 0 0 0 0 229 150 111 0 0 303 0 0 0 0 254 0 0 175 0 0 0 162 185 271 0 214 0 213 0 0 0 263 133 0 121 225 0 0 0 123 0 0 0 122 0 0 142 280 254 295 267 231 0 0 0 0 309 0 0 124 0 0 212 262 144 0 113 234 0 0 0 105 304 0
0 240 277 0 0 204 227 0 0 278 241 0 149 200 269 217 166 244 0 205 0 203 0 246 0 0 0 0 270 121 239 113 0 0 156 268 262 0 213 0 0 233 0 283 0 182 283 0 199 0 0 0 170 239 176 0 149 0 120 0 0 223 253 0 177 0 0 0 0 0 0 0 156 0 0 289 301 0 205 244 293 162 0 120 164 0 0 0 0 213 224 169 104 271 0 160 141 0 0 226 243 179 196 211 271 0 0 153 271 200 0 0 0 0 0 232 279 0 0 0 120 0 156 0 218 287 232 229 0 196 0 167 158 134 124 202 0 156 149 0 0 0 236 102 226 0 160 226 246 0 0 219 0 185 0 0 0 0 137 0 291 230 0 0 0 283 192 0 216 0 0 0 222 0 0 0 0 185 162 0 0 155 269 0 0 200 184 275 279 0 0 156 151 181 171 172 0 0 0 233 247 196 131 0 0 0 0 147 112 119 0 0 0 0 242 0 0 0 207 0 250 291 147 269 0 241 189 0 0 132 109 261 0 0 0 152 0 260 0 101 0 187 0 255 161 0 0 301 0 0 225 0 224 237 0 260 156 0 0 159 0 0 208 266 0 101 237 284 0 175 0 0 227 274 0 0 0 0 209 100 299 242 0 0 0 0 0 0 284 209 288 270 101 306 0 0 294 0 286 206 0 280 232 213 293 0 244 285 0 209 273 280 0 106 205 200 180 0 164 149 0 0 176 301 225 0 0 292 210 105 281 179 0 170 0 147 106 165 174 158 0 146 197 0 0 112 0 273 0 111 0 0 273 0 0 294 220 0 0 287 222 0 236 234 306 238 149 0 120 167 0 0 0 308 0 0 260 176 0 0 273 0 0 220 252 0 0 151 0 0 224 126 205 174 275 234 0 241 0 170 291 199 125 140 218 160 0 117 0 0 0 0 0 195 109 0 0 0 118 0 0 0 126 271 0 0 0 273 0 191 282 150 165 117 0 0 0 175 105 0 169 0 182 0 164 0 0 104 170 193 0 291 0 257 132 240 180 144 0 142 250 176 0 0 0 144 110 212 277 232 185 0 296 0 162 240 301 275 264 186 273 0 0 118 0 0 0 228 123 122 140 132 120 128 0 155 0 0 141 171 0 0 0 262 0 248 299 195 224 211 292 249 233 0 0 260 246 262 0 188 303 211 240 0 236 0 180 0 252 121 0 0 0 184 0 288 255 0 0 0 0 281 134 0 0 0 0 244 0 180 0 0 0 104 187 0 228 153 190 298 221 0 0 201 0 279 0 163 0 217 98 0 103 145 113 169 0 125 0 0 244 285 196 199 0 224 0 143 0 236 219 223 255 167 0 143 0 0 245 200 302 0 0 0 0 0 197 101 0 159 251 187 260 0 143 314 0 0 0 223 0 0
0 0 0 121 0 0 0 0 301 161 0 168 0 167 0 0 0 115 0 0 0 0 135 0 163 0 229 160 197 0 176 0 0 0 0 0 198 0 0 0 0 0 281 0 123 0 0 0 0 182 171 213 0 191 0 197 110 116 241 0 166 215 238 0 301 271 0 216 0 0 0 0 272 0 190 147 220 0 110 0 0 0 166 0 180 0 298 0 215 257 209 0 0 294 226 133 0 190 0 165 308 150 0 125 0 0 278 0 290 0 141 0 149 176 124 135 136 0 0 122 135 116 150 0 0 0 0 0 0 168 0 0 0 256 222 137 0 0 0 0 0 240 166 239 220 294 153 0 0 0 0 111 0 297 0 283 151 273 225 0 0 0 154 208 235 0 182 0 0 131 120 269 0 0 293 0 0 0 308 251 0 0 0 0 227 284 0 193 0 0 124 0 268 0 156 215 0 256 288 159 205 0 100 0 0 160 193 291 0 141 0 0 0 140 292 146 270 0 0 0 264 0 192 0 159 104 0 0 0 0 0 0 0 0 129 0 0 0 154 0 0 273 0 0 0 0 126 0 0 0 0 0 0 118 240 192 184 0 268 205 0 111 0 0 0 0 0 0 135 0 0 0 0 105 212 0 0 0 0 265 282 0 273 0 267 0 0 0 293 270 230 0 257 0 0 0 258 194 242 225 0 227 0 0 0 0 0 0 251 253 258 136 0 104 303 120 0 0 164 107 293 0 0 0 219 124 0 0 0 153 0 230 219 0 193 182 0 148 0 0 0 0 296 0 0 0 0 0 272 164 124 0 113 0 0 139 0 254 153 0 0 0 103 0 0 0 0 175 208 0 189 189 0 0 227 0 165 0 0 0 218 0 0 259 0 304 252 283 0 213 191 0 0 0 0 0 133 202 242 165 120 160 139 163 104 0 0 0 212 101 0 197 0 188 0 0 245 0 0 0 217 0 0 0 156 0 0 184 0 0 0 0 0 0 285 199 0 205 0 218 0 156 0 293 235 290 210 258 131 0 0 0 123 137 237 199 301 0 95 223 136 206 0 254 0 242 0 0 0 272 0 0 0 102 0 171 0 225 0 232 0 153 0 148 0 150 0 0 198 0 0 0 0 0 0 288 96 0 0 155 0 294 0 0 192 206 0 0 256 0 163 0 0 0 259 0 0 157 301 129 0 103 181 0 0 0 0 197 167 0 0 0 277 174 0 0 188 255 0 290 280 0 0 110 0 0 138 0 0 239 0 274 0 0 0 0 0 256 183 0 0 0 270 121 109 0 0 0 0 234 0 240 0 0 189 232 277 0 136 0 0 205 0 0 0 0 0 183 296 186 169 224 0 220 114 148 0 0 147 292 315 227 0 131 165 0 0 0 0 284 0 0 0 0 249 263 185 169 0 0 0
0 0 0 280 0 107 0 0 0 137 0 239 0 0 0 135 0 0 192 218 0 117 0 146 278 151 0 270 305 0 0 161 0 0 0 248 130 0 0 223 0 143 0 173 238 0 146 191 0 285 278 0 0 0 182 0 0 209 0 0 262 219 258 308 0 0 208 220 0 0 0 0 111 0 0 0 185 0 276 0 0 0 0 119 0 0 0 126 162 0 177 0 102 201 0 0 185 0 112 147 0 215 195 0 0 0 0 0 228 0 0 0 287 0 0 259 254 0 174 0 0 0 0 134 0 0 125 213 0 0 0 160 0 266 101 0 243 283 160 122 278 0 0 283 296 192 0 196 150 0 201 0 111 116 0 300 105 162 0 246 0 0 0 277 0 0 215 183 269 257 167 268 241 0 230 0 0 0 0 0 240 275 211 286 0 194 186 226 0 103 234 0 0 259 188 0 0 260 212 123 141 0 0 205 234 247 103 113 0 126 0 0 271 284 0 273 262 0 244 142 0 0 0 274 0 0 0 259 0 298 297 187 0 205 0 315 194 0 0 0 236 0 121 0 0 139 0 202 0 232 0 112 0 0 185 0 0 307 0 118 259 0 108 258 132 0 132 213 168 127 0 306 278 0 256 0 123 0 231 0 0 0 0 0 0 0 0 149 0 0 0 200 0 159 135 213 0 175 198 0 117 0 124 311 109 281 206 179 264 186 0 0 0 0 109 166 142 0 0 0 119 0 0 0 157 124 0 0 108 0 0 247 234 245 174 290 0 0 0 220 211 143 241 0 288 241 136 110 0 264 177 219 278 0 0 0 278 260 0 0 271 162 222 0 267 234 0 0 0 0 190 136 0 281 314 0 0 250 150 0 291 0 107 139 122 144 0 240 0 174 127 99 0 0 0 0 0 175 126 215 319 222 0 157 0 176 0 314 155 117 232 0 257 116 0 231 140 0 0 219 290 0 0 240 0 234 0 0 125 0 0 187 0 289 0 0 173 251 0 104 147 102 0 108 263 285 193 228 143 207 185 204 0 218 283 0 280 217 0 0 214 231 277 262 0 0 205 0 0 273 0 0 0 0 0 288 138 285 120 190 136 151 192 243 0 217 0 129 0 169 263 0 0 227 0 0 0 0 157 182 0 219 175 0 0 142 267 0 139 0 198 0 0 277 137 0 129 0 0 182 0 189 283 126 157 236 252 0 0 0 0 0 276 0 134 198 0 126 0 149 108 285 146 163 0 0 0 265 190 0 229 0 126 0 0 116 302 199 144 265 188 0 239 170 0 117 0 113 105 0 193 167 0 178 221 184 0 0 154 236 173 0 108 298 0 291 206 136 0 102 0 0 263 0 0 240 0 249 0 0 0 0 0 261 0 0 186 102 181 0 0 168 142 273 173 0 0 285 148 0
0 0 0 0 102 148 105 0 0 179 0 179 0 0 0 0 0 0 147 298 234 217 0 0 0 0 175 186 125 257 199 169 153 0 0 0 195 278 0 0 138 0 0 0 0 276 0 0 0 224 0 0 0 0 269 0 112 0 180 0 260 0 0 122 0 103 0 0 122 0 255 185 287 214 0 0 134 130 249 0 195 263 217 185 0 246 164 0 239 0 0 0 0 0 116 234 0 0 0 0 0 0 290 114 0 169 279 212 295 0 259 0 274 0 0 0 269 163 0 163 0 265 0 0 0 0 0 0 0 0 124 201 177 0 0 207 300 0 0 104 0 0 0 182 0 201 0 0 299 280 0 0 0 195 263 140 0 117 0 168 195 161 285 0 0 176 0 234 137 0 0 0 0 0 0 132 192 183 0 145 0 139 130 97 211 212 0 0 161 0 0 0 0 0 0 0 254 288 0 0 0 257 0 283 244 267 205 227 171 0 219 0 184 0 105 205 0 0 112 283 0 252 165 229 0 0 0 0 0 209 158 265 161 269 160 258 0 153 0 0 166 0 278 0 0 0 0 0 0 0 259 0 0 0 0 169 196 130 153 224 0 109 0 284 262 130 248 0 0 194 0 113 300 152 251 188 135 0 0 291 0 0 0 0 0 0 116 0 146 136 146 203 0 0 0 133 138 0 109 0 0 0 0 229 207 0 0 244 0 189 0 248 298 0 0 0 0 101 0 165 176 0 0 167 0 173 193 0 0 0 0 0 0 184 122 0 174 0 257 150 0 0 227 93 292 193 254 0 0 183 0 145 0 0 281 192 0 238 0 182 0 154 0 153 0 0 223 0 211 0 0 193 0 0 253 0 0 113 0 0 0 0 0 0 250 133 0 201 247 0 0 0 0 0 0 0 190 0 248 254 0 183 158 0 0 308 0 181 0 0 0 0 0 190 0 286 196 0 202 0 219 125 0 104 0 260 0 0 0 246 177 0 0 117 129 0 0 114 0 283 0 0 244 254 0 0 0 0 105 0 104 0 107 0 0 0 0 132 146 0 0 0 146 209 0 180 186 162 0 239 0 0 0 0 110 0 233 0 213 0 288 0 0 0 221 293 142 248 0 186 217 0 256 0 213 0 0 0 0 156 230 0 162 172 0 235 145 140 0 0 0 239 230 0 235 0 0 182 0 0 0 248 0 111 181 263 0 114 0 214 0 0 0 213 0 205 0 0 148 145 321 114 0 243 145 0 0 0 280 0 0 172 0 0 0 0 0 199 0 0 236 0 291 0 0 241 0 0 102 0 0 148 120 0 247 155 270 127 0 158 249 0 0 0 215 147 210 0 0 208 163 242 0 0 0 0 178 0 284 195 231 0 211 248 127 299 0 0 0 0 0 0 0 259 226 205 0 285 0
0 228 0 151 138 228 109 272 0 0 179 286 0 0 0 225 0 0 0 250 114 0 268 0 0 0 184 192 0 0 0 165 101 0 212 0 225 0 281 281 0 0 144 0 0 181 156 0 254 0 0 0 0 205 0 292 0 307 163 0 182 0 0 253 136 104 308 0 0 124 174 209 0 147 0 120 0 0 135 0 0 0 238 0 282 291 122 0 0 250 0 0 165 129 271 0 205 0 143 0 192 234 125 283 0 0 97 0 172 239 0 0 117 143 201 189 126 155 0 0 0 198 298 0 0 0 202 0 0 137 275 144 255 0 0 231 0 264 0 0 154 290 171 0 0 0 0 0 0 200 0 0 0 152 216 0 103 0 0 137 0 240 297 0 137 0 291 0 224 0 171 165 252 133 0 0 0 0 216 202 0 177 0 136 174 0 121 0 0 229 278 273 0 0 0 0 313 0 272 0 0 139 0 0 182 0 221 140 0 0 167 0 252 130 0 0 210 0 0 269 0 170 0 0 0 0 0 133 199 228 0 259 0 0 188 0 287 269 0 0 141 265 0 132 0 0 0 0 287 0 294 0 0 0 179 98 145 0 297 0 179 0 0 243 0 231 0 0 0 0 0 275 0 0 0 148 0 0 108 0 131 0 198 235 0 0 221 0 292 0 138 0 130 129 235 0 117 0 0 239 105 0 201 0 0 0 0 264 228 140 0 0 209 275 0 245 138 0 0 269 0 105 216 0 246 0 101 0 0 184 0 0 124 0 0 0 257 193 140 0 0 113 0 0 285 0 0 168 167 169 172 0 164 188 242 0 224 275 167 0 197 0 0 130 0 227 0 0 0 0 278 0 0 301 0 153 173 0 265 258 0 230 282 0 0 0 0 277 213 214 273 0 0 273 0 192 262 258 0 0 176 211 0 236 206 0 0 0 0 0 258 109 0 0 0 273 151 151 0 0 256 143 0 0 0 138 230 0 116 151 262 0 263 206 173 264 0 121 0 0 0 0 0 0 288 0 0 236 231 164 201 0 0 211 0 0 251 290 278 0 162 0 0 236 0 0 197 94 0 249 0 141 195 0 227 104 0 285 166 0 217 0 0 239 0 97 204 139 257 0 0 0 0 176 166 221 0 0 0 0 0 0 145 135 176 0 0 0 0 0 200 238 221 125 0 171 0 108 0 135 0 159 0 0 179 0 0 0 0 152 0 0 124 240 0 157 0 272 218 0 0 0 0 254 0 260 257 158 228 149 0 0 110 133 0 0 0 0 257 173 197 0 157 0 0 0 0 114 0 0 0 0 0 132 180 0 0 244 0 281 0 221 0 173 0 280 208 0 0 0 0 111 0 0 0 221 0 0 0 298 98 0 266 132 0 213 296 0 0 0 182 223 212 116 192 133 285 0
0 208 168 244 254 0 0 0 0 250 0 0 0 235 275 0 0 0 0 132 0 0 103 0 224 143 234 105 0 0 0 282 136 270 0 186 0 0 0 0 120 194 196 119 0 285 143 116 0 239 100 126 0 0 0 0 202 139 0 194 0 267 0 139 0 193 0 0 168 239 142 0 283 254 0 0 0 143 0 0 0 278 0 0 187 157 0 0 0 0 277 253 0 0 153 0 0 187 197 156 0 158 0 0 0 0 0 205 0 187 0 167 0 0 177 133 0 0 0 151 0 0 0 0 262 0 0 0 0 249 0 238 0 0 0 0 113 256 0 0 0 201 0 159 0 257 133 160 0 150 274 133 0 0 0 172 0 140 166 151 0 205 0 0 167 0 245 0 0 0 0 0 0 0 273 198 144 190 285 0 0 0 0 176 272 0 268 190 0 193 211 0 0 170 0 0 185 208 122 0 0 0 0 0 0 175 170 0 0 0 0 0 0 0 0 0 0 272 0 158 0 0 0 0 298 192 161 268 0 215 0 228 166 130 0 237 0 0 176 209 241 132 0 0 0 159 206 0 217 0 0 0 0 0 119 0 230 120 0 264 122 262 109 182 120 199 0 191 307 0 126 0 0 0 244 0 198 0 216 0 292 0 219 0 190 0 0 257 0 0 95 163 0 0 224 0 138 226 123 118 0 109 213 144 0 0 182 246 0 284 0 0 0 139 0 128 0 0 294 280 292 0 0 0 0 0 233 105 0 251 0 0 109 277 201 0 167 158 241 161 135 0 207 176 286 166 259 198 237 187 0 222 0 0 140 0 275 0 0 0 287 167 0 0 0 240 0 0 0 165 0 197 0 0 0 290 0 299 120 0 0 0 0 0 113 0 203 0 290 0 130 0 0 170 184 103 0 0 0 0 267 0 0 213 0 190 265 0 278 161 271 101 292 0 166 253 0 227 266 0 184 277 0 115 177 0 258 213 178 0 106 129 0 265 220 0 0 106 294 0 292 0 145 0 0 0 267 274 0 279 150 193 0 166 0 256 259 258 0 208 0 0 0 0 188 0 0 154 0 282 170 0 0 0 216 0 0 287 0 149 220 0 167 248 217 0 243 0 130 0 0 220 250 184 111 0 0 108 0 0 275 255 187 0 0 162 0 173 0 317 264 0 0 0 0 207 0 0 210 0 0 201 0 0 188 0 122 225 0 184 106 0 229 143 0 264 98 0 0 0 186 173 158 171 0 289 0 0 0 0 161 169 0 0 130 0 253 0 105 268 0 0 181 252 135 269 0 0 0 197 0 102 110 125 0 268 194 0 274 193 0 183 132 244 121 0 192 0 159 0 0 219 163 0 0 204 0 237 0 0 259 169 138 171 0 0 0 267 0 167 0 0 0 0 226 140 0
0 283 252 193 0 0 0 0 154 143 0 258 0 0 283 288 0 0 282 0 0 0 236 0 234 0 236 0 273 187 0 261 281 138 220 183 0 139 268 0 107 0 135 108 0 202 0 281 0 112 0 302 275 277 111 0 155 316 0 0 0 231 0 286 139 117 0 0 153 0 0 283 0 0 96 136 0 294 0 0 274 258 0 252 0 0 305 0 174 0 134 163 0 152 236 192 219 0 0 0 246 0 0 149 117 202 134 0 0 276 187 216 196 251 137 130 157 268 0 164 0 0 0 248 199 0 0 0 264 0 282 0 98 0 0 242 0 0 0 279 0 0 0 0 0 0 308 205 175 0 0 236 286 0 179 215 0 136 0 0 273 0 116 0 0 244 271 0 0 0 307 124 0 272 0 0 300 0 0 273 148 0 228 0 166 0 0 0 0 122 0 0 0 268 0 0 180 111 0 270 0 247 169 0 0 201 184 0 0 111 278 183 172 264 0 245 0 0 128 288 155 0 0 154 205 0 222 0 113 277 149 0 271 0 123 220 97 0 248 126 96 298 106 0 0 0 282 0 269 148 0 230 0 251 0 226 144 114 213 0 276 0 141 0 0 280 253 269 0 206 0 154 0 0 0 0 0 0 0 292 0 281 0 259 220 0 0 0 0 0 193 0 0 145 143 115 262 0 0 0 0 0 0 0 0 182 0 138 223 0 0 258 140 266 220 137 150 0 130 0 0 0 0 0 0 0 154 0 0 0 0 257 261 151 0 117 158 205 176 0 0 0 0 207 135 0 296 247 0 150 282 207 222 0 0 250 302 0 0 272 0 0 191 212 0 0 319 125 137 0 271 217 175 0 0 0 0 0 0 246 0 202 0 0 0 182 0 185 190 173 0 0 0 181 301 0 0 0 260 190 260 107 0 0 0 152 136 0 0 0 0 174 0 230 258 0 225 0 268 0 191 268 249 0 228 0 128 0 103 0 211 0 0 0 258 0 112 139 0 185 0 212 0 225 148 0 222 0 223 135 291 0 0 0 140 126 143 0 217 187 0 0 246 0 0 0 156 262 124 0 0 0 228 268 198 0 202 162 264 0 105 176 216 121 165 238 0 290 0 0 133 149 286 0 0 0 128 231 138 217 238 0 0 0 175 0 0 0 0 167 278 295 0 0 191 146 0 281 0 287 0 160 0 0 265 263 0 236 256 0 109 0 172 221 157 162 0 217 248 0 0 0 0 163 0 0 0 0 0 125 0 152 0 218 160 188 0 0 0 263 290 239 0 0 0 0 250 0 217 179 0 0 118 0 0 0 0 159 189 0 0 289 0 238 189 0 0 0 203 265 144 282 179 295 125 0 0 0 0 0 205 225 0 0 0 230 0 291 214 252 0 0 149 0 204 0
0 247 237 151 0 282 0 208 253 182 0 155 159 309 0 286 0 151 246 151 0 200 121 192 250 265 0 204 236 282 159 208 0 253 113 0 301 0 276 103 211 170 281 0 0 235 104 0 0 0 0 0 0 0 203 0 0 0 269 0 0 243 95 117 0 116 177 0 262 283 0 0 0 235 0 0 0 0 0 119 273 0 194 234 144 0 262 0 133 0 0 0 271 0 0 105 0 0 107 0 193 0 0 0 111 0 168 0 0 0 207 275 0 295 270 0 0 148 288 0 157 0 0 219 0 0 264 0 0 0 165 188 305 178 0 197 103 304 0 116 151 164 248 180 0 158 0 298 202 0 229 0 117 0 117 198 0 0 0 0 256 118 0 133 216 0 256 0 0 169 278 221 226 0 202 0 210 154 248 245 0 274 232 0 172 161 0 0 177 165 0 223 0 142 184 0 0 0 126 0 243 239 268 164 123 0 251 0 109 277 299 280 0 0 0 0 0 0 0 143 0 128 0 293 106 170 0 0 227 0 139 0 0 0 123 0 0 0 248 0 228 0 240 251 0 0 210 205 303 0 291 0 253 0 0 232 0 0 211 0 281 177 0 0 0 310 0 177 304 0 0 0 0 0 0 0 0 149 263 0 274 0 0 295 0 0 0 0 0 0 0 0 0 132 266 158 243 0 282 261 290 0 225 0 0 151 0 121 0 208 0 112 155 146 282 0 269 103 191 0 176 114 0 194 164 0 219 0 0 250 0 0 166 0 167 0 0 0 0 0 246 0 0 0 266 250 118 130 0 0 237 0 0 101 0 0 183 0 276 0 0 102 124 254 0 196 270 0 0 204 271 161 123 0 0 239 0 0 0 254 239 179 0 160 0 0 0 0 203 261 0 274 0 0 0 271 273 0 0 171 0 280 141 0 167 0 231 220 250 123 0 0 0 106 100 208 0 0 199 155 0 0 284 187 147 270 0 0 0 218 0 0 115 205 107 261 144 241 0 281 241 120 0 240 0 0 180 131 0 0 284 0 172 0 0 0 275 0 0 0 216 153 0 150 123 0 140 171 0 149 0 187 266 224 0 123 0 201 0 275 207 0 263 0 0 0 240 278 123 0 0 166 161 0 190 257 0 0 265 263 0 112 281 258 0 0 113 0 0 189 263 0 176 192 263 147 239 0 227 229 233 0 189 0 0 272 0 275 0 296 169 0 0 0 304 224 0 95 0 114 0 147 111 0 0 164 146 104 164 0 0 123 0 143 0 0 0 0 186 152 202 0 0 109 153 0 118 250 243 0 138 0 242 261 0 0 226 0 0 0 0 0 0 183 281 0 262 230 0 165 119 242 216 0 203 222 0 173 184 0 0 196 0 274 0 0 0 0 0 0 0 294 0 0 0
0 0 159 0 128 0 0 0 188 0 190 184 0 0 0 196 0 0 196 149 0 214 125 0 0 0 0 0 269 0 0 0 280 184 0 145 198 0 0 0 0 149 163 0 0 0 0 0 133 0 0 155 223 234 267 0 0 155 251 258 291 0 212 0 153 0 188 268 111 0 0 191 123 0 172 0 215 0 232 0 276 247 196 0 0 0 202 134 0 112 277 152 0 0 0 0 232 230 0 0 141 274 0 170 213 0 144 174 0 0 0 0 272 153 0 147 200 0 244 0 0 0 129 0 123 295 0 197 0 0 0 0 0 168 220 0 237 117 0 0 252 174 275 258 218 245 230 0 0 194 117 144 303 0 172 0 0 155 134 267 130 229 0 0 0 162 166 201 235 0 0 162 0 0 193 0 0 173 0 231 201 286 0 236 299 300 140 0 146 226 128 187 128 264 0 0 259 228 292 0 224 0 263 0 233 0 196 0 180 102 0 233 0 188 0 210 0 120 0 0 170 0 197 155 106 0 0 0 0 170 0 130 0 167 0 0 107 277 287 147 0 191 238 136 170 232 271 0 0 283 193 0 97 254 0 0 0 0 0 124 257 125 238 0 0 178 0 239 0 0 0 0 0 0 0 284 295 0 290 0 267 202 307 0 142 114 0 99 0 0 216 196 187 0 199 0 279 0 0 300 246 0 0 0 218 185 0 242 0 192 0 0 252 0 199 143 177 165 0 176 140 145 0 0 107 0 261 0 0 286 0 0 0 0 0 0 123 140 147 258 197 0 217 0 0 138 297 197 0 0 187 228 0 273 239 0 0 228 0 0 0 210 0 0 0 283 111 0 174 0 179 140 0 111 0 240 0 209 0 264 0 216 285 272 0 183 194 247 196 176 0 0 165 229 0 266 114 0 255 0 164 167 0 244 104 162 0 116 277 0 107 167 295 0 0 0 0 310 0 0 246 181 0 0 0 298 127 0 252 0 0 201 0 149 0 268 0 154 113 0 0 0 0 195 162 0 269 284 0 141 155 0 0 284 173 295 0 251 257 128 0 0 173 0 207 198 193 229 227 0 0 260 0 0 0 140 169 295 128 267 126 139 0 270 0 112 157 158 0 0 302 251 0 299 156 229 0 0 0 271 0 0 0 0 0 0 0 0 119 0 0 197 0 0 142 153 0 0 247 196 182 183 0 0 0 120 162 0 0 0 130 107 0 0 254 112 276 223 0 179 113 252 0 0 0 199 0 0 0 0 147 230 0 256 0 0 194 268 0 204 227 0 171 319 0 196 0 257 159 139 0 0 0 0 0 234 150 262 175 0 0 167 250 215 125 203 0 286 0 0 0 259 113 240 296 265 0 0 0 276 239 0 0 0 0 0 0 133 0 0 263 293 0 0
0 0 0 232 0 272 231 132 0 146 153 199 0 0 112 274 0 177 108 197 196 246 164 235 119 248 273 0 0 0 101 0 94 0 0 0 0 124 0 210 0 0 0 316 0 0 0 0 0 0 0 0 215 0 0 0 0 229 223 151 0 0 288 164 137 0 0 175 0 246 0 292 279 0 0 238 0 217 180 257 199 0 0 113 114 0 290 0 147 154 0 0 191 221 206 255 103 0 0 209 268 153 201 276 107 0 253 125 266 0 0 209 226 0 245 261 261 0 0 0 176 0 0 293 0 0 0 156 143 162 259 0 0 0 138 187 287 230 0 0 101 0 295 173 179 104 151 0 278 0 0 0 0 217 0 237 0 248 235 0 0 254 134 246 126 282 0 96 298 0 0 135 0 139 231 269 0 111 0 0 191 0 0 245 163 0 241 0 0 0 0 192 135 226 169 0 275 149 0 205 0 0 264 200 0 280 0 177 144 204 126 122 0 0 123 0 0 230 0 181 0 0 163 0 118 0 0 0 105 0 0 174 0 197 0 311 131 0 0 177 195 0 272 191 0 181 226 0 204 107 0 150 0 301 0 102 187 0 200 246 0 116 179 95 192 109 0 217 221 0 146 209 0 107 0 0 0 130 151 272 192 0 315 0 189 0 0 118 0 0 277 243 0 0 0 0 300 106 0 0 0 159 115 0 0 0 0 290 0 0 0 0 170 248 155 255 133 0 263 0 0 0 171 0 0 0 0 0 143 224 0 0 0 0 288 0 138 0 130 302 158 203 0 0 108 172 213 0 0 125 0 214 192 111 0 232 142 0 0 222 0 100 237 0 0 0 168 268 141 132 292 0 0 0 128 0 0 0 208 0 112 0 0 184 0 211 0 0 256 148 136 173 274 250 0 0 126 0 0 257 146 0 0 0 0 0 0 280 280 292 146 286 190 0 212 268 0 175 298 0 0 0 159 135 137 0 289 229 122 0 0 0 0 212 0 164 0 0 0 0 0 0 0 119 0 0 125 0 169 0 129 0 0 0 0 116 259 288 0 306 140 259 260 154 219 0 104 269 0 168 168 250 0 175 292 0 0 184 0 0 175 167 201 161 249 277 170 208 0 0 273 126 273 0 0 0 288 0 0 0 0 209 219 114 236 245 0 284 245 217 0 0 251 204 215 267 0 0 254 304 222 197 107 0 0 203 0 152 270 0 0 269 0 0 117 0 0 224 0 120 200 0 114 220 0 0 178 0 255 269 205 210 294 0 0 0 206 0 225 0 0 155 173 0 0 0 0 236 204 243 0 250 229 0 183 0 0 232 0 141 124 226 0 148 119 0 117 166 0 248 251 151 149 197 0 197 0 257 0 145 133 264 0 0 0 0 120 159 179 198 278 113 0
0 212 146 212 0 0 158 0 172 0 0 0 0 0 0 0 209 127 0 0 248 0 0 0 0 0 213 0 0 0 152 146 110 227 261 254 0 250 295 291 0 0 0 0 0 140 0 254 0 292 247 189 214 189 170 0 248 239 295 0 118 146 0 280 0 163 300 174 166 104 0 128 0 209 0 0 0 130 142 0 0 300 0 266 173 116 219 225 0 0 0 110 280 0 0 215 0 131 0 202 189 0 205 0 0 263 161 103 0 237 0 239 252 0 0 0 167 302 0 0 239 0 119 0 0 0 0 0 0 248 0 214 0 225 157 0 0 240 276 0 260 210 0 281 0 248 0 217 0 0 188 121 208 0 254 113 0 0 0 127 223 0 0 0 126 0 0 0 167 0 113 210 137 0 215 0 0 124 0 0 237 0 166 256 150 235 0 123 127 0 236 132 0 261 122 0 290 0 0 239 137 210 155 0 112 0 0 261 0 0 0 257 183 190 0 0 0 125 103 200 0 211 0 118 281 0 0 0 0 229 146 224 175 178 153 131 0 160 286 194 225 0 246 0 262 263 241 117 120 0 0 0 0 191 0 0 0 0 0 0 194 218 270 104 0 0 0 0 149 0 0 242 0 206 0 263 122 0 180 143 158 223 0 201 166 0 179 0 269 0 247 0 182 0 149 111 195 223 262 0 173 0 0 0 0 262 0 276 220 302 233 128 106 0 135 0 0 0 265 188 108 266 222 0 0 0 0 0 0 0 172 0 291 0 0 0 255 270 114 265 183 0 0 0 190 0 0 141 0 0 0 176 0 0 253 206 0 254 168 0 202 0 209 250 0 0 0 0 174 0 229 0 182 0 0 268 224 241 0 0 219 158 0 192 0 153 177 0 0 202 0 0 0 0 0 0 134 0 0 0 0 0 270 0 0 202 131 266 163 143 133 222 263 160 258 0 117 0 0 0 262 0 103 0 0 0 113 209 107 0 0 0 159 0 215 245 218 0 0 269 174 231 165 0 209 0 0 194 114 0 0 0 0 0 184 0 0 306 270 0 0 0 0 0 0 0 0 0 0 106 0 0 152 137 126 170 239 0 0 0 184 258 0 0 0 0 178 0 198 0 0 273 0 0 222 258 0 0 0 0 0 234 202 161 156 205 0 0 127 0 201 0 160 201 0 0 108 0 0 0 0 254 0 191 291 122 107 0 0 0 0 249 0 0 101 223 154 184 242 0 0 0 0 0 0 155 188 226 0 302 0 155 0 284 294 296 0 0 206 191 211 0 176 0 182 250 213 117 203 0 210 0 0 287 0 0 235 0 165 0 211 204 290 267 275 213 105 239 0 0 0 0 131 0 135 189 144 173 115 0 254 0 0 0 0 0 208 243 0 259 168 0
0 97 0 285 146 0 0 0 0 261 115 0 230 0 161 0 196 296 0 153 0 0 105 0 115 0 171 0 241 0 197 150 253 245 0 0 0 0 0 135 0 0 190 0 271 223 184 198 0 211 0 0 0 226 123 0 0 0 270 188 0 0 170 246 185 126 144 0 255 130 0 0 255 112 230 0 0 0 0 214 0 127 175 150 0 198 0 153 214 0 198 135 109 260 252 0 170 0 150 259 0 116 266 0 0 0 143 278 165 183 197 0 121 186 125 142 0 0 0 0 0 0 247 138 0 0 177 0 0 0 212 0 198 0 317 0 0 205 0 0 0 222 263 146 0 0 0 226 277 0 285 180 0 0 0 179 180 0 0 275 0 0 265 0 111 0 168 253 202 213 283 0 303 185 0 154 174 0 298 282 0 278 161 0 134 181 0 184 0 219 127 266 0 0 243 0 0 226 0 276 0 192 0 0 0 209 0 303 276 100 149 0 0 215 0 137 136 0 0 233 277 0 0 133 0 0 166 0 258 181 206 0 154 145 0 247 228 147 0 272 276 302 212 200 0 0 258 0 127 232 107 218 247 120 0 0 166 0 216 184 203 0 0 0 246 0 269 249 186 299 0 263 205 0 0 0 0 0 219 0 0 154 0 169 222 274 120 0 169 0 0 203 243 246 181 260 274 0 0 0 232 0 253 143 110 126 0 181 163 0 241 159 0 168 245 211 0 282 0 262 269 158 0 0 253 0 0 108 166 0 168 110 131 0 250 272 241 0 183 0 262 0 169 0 205 128 0 184 145 0 268 0 161 0 156 0 0 220 0 128 233 166 0 0 0 0 168 0 199 290 277 0 0 201 297 273 0 0 0 228 144 101 0 0 240 179 0 108 0 206 0 311 271 185 130 265 153 0 301 0 0 194 0 0 0 279 233 263 184 198 0 0 145 157 0 0 156 0 249 0 314 0 258 0 278 268 133 0 179 172 285 171 0 0 224 283 110 0 0 0 0 0 0 0 200 0 0 0 216 185 0 245 239 143 0 0 0 0 0 0 0 170 222 120 0 280 188 0 251 0 0 0 0 265 0 244 0 143 201 162 0 0 0 0 285 0 0 150 259 0 321 270 177 0 0 205 0 240 99 0 207 0 0 122 0 0 160 267 205 0 0 239 0 0 0 0 202 0 0 196 216 142 257 246 199 159 132 0 300 0 0 0 190 0 0 0 0 255 250 0 106 242 220 0 209 0 0 110 0 220 0 214 144 0 129 163 0 185 0 220 0 0 0 0 0 0 0 306 219 0 0 236 307 181 0 284 0 0 173 0 134 0 0 0 0 0 143 248 131 242 224 144 125 142 118 0 264 0 118 163 276 168 0 0 0 0 0 116 0 0 0
0 0 0 0 185 0 0 266 0 0 0 0 265 297 270 256 0 0 201 147 0 0 0 154 0 0 0 197 0 244 0 0 172 0 0 0 0 0 0 169 275 0 0 0 0 0 0 0 175 0 0 132 0 165 124 0 0 131 0 0 169 114 123 291 0 135 212 0 0 255 0 0 288 124 0 111 0 183 158 0 0 0 0 0 0 119 216 0 113 0 213 0 0 0 0 114 125 165 0 0 0 284 281 253 252 239 0 0 0 158 156 0 275 136 0 189 130 289 0 156 0 185 112 157 139 0 0 0 169 0 299 0 209 172 0 0 172 0 104 0 0 122 215 243 0 0 205 0 232 0 0 210 0 0 0 212 0 241 0 121 0 0 0 208 208 0 0 202 0 0 118 0 111 0 0 0 278 0 0 241 145 0 96 0 0 0 0 209 0 145 0 0 174 266 240 0 0 0 0 219 109 0 236 0 0 0 232 0 213 244 0 227 260 0 119 0 150 0 0 119 0 0 163 187 144 0 0 0 0 253 295 283 0 0 0 285 193 236 110 0 0 221 128 0 210 0 0 202 0 0 0 112 204 0 0 301 113 152 0 181 0 194 153 270 0 0 0 0 0 0 155 0 290 216 0 205 0 259 0 276 0 122 210 0 183 0 225 0 221 0 0 0 0 285 151 0 216 0 249 243 0 0 0 0 269 158 0 275 0 0 0 193 198 0 288 157 135 171 0 121 0 0 122 0 192 0 311 164 177 276 0 310 0 159 98 319 0 111 0 0 0 0 138 139 199 0 0 0 280 0 0 0 99 275 0 175 0 0 0 0 174 302 0 0 0 270 160 157 0 0 0 0 0 0 0 0 169 0 252 276 0 0 0 0 198 0 137 171 0 0 0 254 0 136 287 0 0 0 239 314 0 240 250 133 109 0 237 0 230 0 153 0 0 216 101 228 0 170 0 198 229 97 0 0 175 0 230 220 248 0 0 279 197 0 168 198 113 204 0 0 224 248 277 0 213 125 0 135 0 0 198 119 184 0 169 0 0 233 0 0 294 0 112 225 192 177 139 223 0 243 0 0 99 145 0 270 164 159 256 0 0 0 0 157 0 0 201 0 0 261 241 0 290 0 174 190 0 157 0 0 0 240 0 251 283 178 0 124 0 193 183 0 0 0 0 0 119 0 0 0 126 0 112 0 0 115 0 264 114 0 114 0 252 0 206 0 0 0 0 202 127 154 0 0 0 121 0 0 0 0 164 145 174 105 0 126 0 163 257 0 0 0 0 0 0 0 0 0 0 106 0 177 142 0 0 275 172 121 0 267 0 242 167 0 207 270 282 283 0 0 149 0 0 0 0 0 0 199 0 0 184 0 0 0 0 0 0 0 175 0
0 293 0 204 276 217 0 138 274 0 270 174 297 0 201 108 225 182 228 142 138 222 266 0 0 0 0 141 266 220 0 283 0 238 288 0 0 0 106 0 200 247 0 205 0 0 209 0 208 256 206 0 252 305 132 132 0 194 104 0 0 0 239 210 0 148 170 174 166 208 298 0 180 0 0 0 0 0 143 0 0 0 0 0 134 290 116 161 220 125 0 136 130 244 309 0 149 0 258 183 0 0 0 0 0 0 151 162 0 0 109 0 0 0 0 0 0 192 187 262 0 0 297 213 253 268 188 0 240 278 197 0 0 0 0 135 265 287 0 0 0 0 145 0 117 139 0 111 264 0 0 303 249 0 147 200 0 162 140 0 263 295 227 0 173 0 0 0 0 107 0 0 0 215 142 184 263 302 198 0 159 0 0 0 283 0 174 261 0 0 105 199 0 112 0 120 0 115 0 0 0 0 182 258 0 167 235 0 119 123 0 169 273 0 0 188 0 230 190 0 212 0 183 189 0 0 105 138 0 171 270 0 0 156 274 165 0 0 242 286 163 0 241 177 247 0 0 0 310 0 0 0 220 0 0 245 218 309 0 0 207 186 168 0 0 237 127 0 0 117 0 139 94 0 0 0 276 0 0 240 164 183 191 174 0 104 0 0 174 142 0 203 0 240 0 0 0 0 133 0 0 168 0 112 0 182 129 282 0 209 0 0 0 103 103 120 124 0 0 183 95 0 173 205 156 0 0 0 0 0 0 135 161 202 0 0 259 189 0 274 0 313 154 0 0 0 128 0 0 0 0 0 0 0 221 0 104 0 234 0 0 253 0 0 0 0 173 116 110 0 0 230 245 0 150 97 125 0 0 0 228 0 99 0 120 169 0 0 0 0 0 0 220 0 0 221 229 128 0 285 0 0 215 0 0 103 0 0 258 221 0 186 148 0 0 209 0 166 150 0 276 266 0 0 0 0 152 274 0 309 0 107 0 0 99 0 192 0 290 0 149 178 0 223 121 319 0 274 0 0 0 0 0 0 0 0 189 0 0 0 0 0 131 0 0 0 185 0 0 182 0 0 172 0 0 201 0 212 201 0 0 0 152 227 0 0 282 0 117 0 126 0 0 179 0 0 0 0 219 0 224 194 289 187 0 0 188 0 0 0 177 308 0 119 204 0 0 207 277 207 0 0 0 0 159 0 186 0 243 184 118 154 112 0 220 0 0 0 0 0 212 0 0 149 0 0 239 0 0 177 0 0 0 170 0 222 0 224 0 0 0 0 0 233 0 0 118 228 242 0 193 0 0 295 0 0 0 158 138 135 0 152 142 0 267 0 295 97 0 137 123 108 104 0 0 0 0 0 0 130 149 149 0 0 145 175 0 213 0
0 252 293 0 0 303 0 0 189 150 124 102 241 0 205 0 244 224 241 0 233 0 180 0 271 0 0 0 230 0 0 0 223 172 256 234 153 0 0 0 0 0 0 140 295 208 261 288 257 0 0 204 0 156 278 146 0 0 143 0 0 120 124 0 0 231 0 0 219 0 215 0 0 179 129 128 245 180 280 0 0 140 0 0 183 0 0 0 0 0 158 0 0 127 209 228 0 0 145 215 0 190 0 275 241 106 226 0 183 0 183 149 0 0 0 278 229 275 187 0 222 0 121 101 0 209 0 143 108 208 0 0 112 225 163 0 274 0 0 0 181 271 173 0 0 0 268 201 0 253 290 0 260 181 95 182 215 0 129 124 0 237 186 252 153 282 127 240 0 268 113 121 0 288 250 291 268 246 0 111 0 0 157 171 0 0 150 0 0 120 0 0 295 279 0 0 0 0 179 211 0 0 0 0 0 102 0 0 0 162 0 282 288 100 0 129 169 0 128 0 268 0 0 233 165 0 0 0 300 0 153 156 183 0 0 0 198 0 215 269 164 0 0 0 0 0 243 0 0 0 279 0 216 0 283 0 0 0 305 0 0 0 0 0 0 0 191 0 202 262 0 0 0 0 0 0 0 0 197 224 0 0 280 0 0 257 0 0 228 0 198 286 212 0 0 0 0 0 203 239 181 0 0 0 0 130 100 241 200 258 0 243 123 0 0 0 137 0 0 0 0 0 109 0 0 262 174 170 0 0 202 0 0 0 138 120 0 0 297 0 259 285 0 111 0 0 0 155 0 259 0 135 233 0 198 0 199 0 143 197 306 217 200 250 0 260 0 0 0 128 183 0 0 140 258 152 133 288 263 0 289 152 0 0 0 222 298 0 0 155 0 0 145 160 0 0 193 148 0 282 228 0 0 0 0 247 0 0 0 0 153 207 0 285 252 0 226 0 0 270 276 195 159 155 0 181 0 124 0 0 267 307 0 106 280 0 100 282 0 0 0 0 205 0 0 0 0 0 0 0 0 0 0 252 0 0 0 128 0 0 295 109 246 0 0 171 122 0 140 0 0 123 237 0 0 242 0 121 169 0 0 243 237 0 0 0 0 240 0 247 234 123 139 0 239 0 0 0 261 256 0 0 0 0 242 218 0 132 206 0 143 0 101 0 0 150 0 167 308 0 113 259 158 198 0 0 0 129 0 289 0 269 249 272 0 117 0 230 151 0 0 177 162 246 291 191 157 155 276 0 140 0 213 0 98 198 0 0 0 281 268 235 0 249 0 0 107 0 0 0 204 283 150 0 0 219 210 0 0 220 234 209 0 0 252 0 160 0 0 0 242 245 0 0 134 237 0 226 173 0 223 118 269 283 0 0 0 0
0 176 0 0 261 0 0 129 0 0 0 267 0 112 0 0 166 0 0 235 0 0 305 0 0 232 0 162 0 0 235 0 223 116 115 0 0 0 0 0 0 0 0 244 0 233 0 241 179 0 254 230 0 0 0 0 0 0 0 0 0 178 0 173 236 176 0 279 0 219 291 0 180 0 0 0 0 150 0 0 0 0 0 0 153 0 112 241 0 128 0 0 107 0 234 0 0 0 145 189 117 211 0 0 226 0 138 0 0 140 0 170 0 0 0 170 219 0 168 0 0 0 0 108 0 274 149 0 0 0 0 0 0 0 138 0 132 0 0 0 0 0 0 0 223 0 0 0 0 230 266 0 0 209 0 152 0 191 0 284 199 0 281 0 0 290 0 216 0 0 142 0 193 0 0 0 147 0 0 0 0 176 0 111 0 0 0 236 0 118 251 0 0 0 146 0 0 189 0 0 0 0 0 0 182 0 0 265 0 138 0 125 0 134 0 0 110 0 0 0 206 0 201 112 170 245 0 230 0 0 128 0 219 0 0 259 169 257 271 207 123 266 104 0 115 284 104 218 0 0 0 0 228 267 0 228 0 0 0 0 177 0 0 152 133 163 0 294 201 159 0 0 0 195 289 0 232 214 0 185 0 0 203 0 0 0 0 0 117 0 279 113 229 158 194 309 0 0 0 106 0 109 171 119 0 0 0 198 264 0 0 197 144 0 0 276 220 204 223 0 267 0 0 0 187 0 0 0 168 0 0 0 0 128 110 272 186 0 0 214 238 163 0 0 0 228 126 284 124 220 231 0 0 132 0 0 137 129 220 287 185 0 0 282 0 157 273 0 0 0 226 0 0 0 0 0 0 0 151 0 0 0 0 233 231 188 0 209 260 0 228 0 0 0 209 0 0 0 266 254 0 100 0 281 144 241 0 0 254 209 281 250 270 301 0 0 105 0 151 0 246 0 0 0 0 0 0 233 0 264 0 0 271 230 145 0 0 134 197 124 136 0 242 147 192 0 244 168 0 0 117 0 0 0 187 229 259 208 0 0 232 0 219 0 247 166 0 0 0 134 275 267 0 0 0 138 197 143 0 0 0 0 234 0 0 207 203 229 153 0 172 179 104 230 228 0 0 0 211 107 0 0 169 0 0 155 141 0 254 188 172 0 218 0 0 224 206 260 0 203 133 138 117 204 260 0 0 270 224 0 0 116 242 123 185 0 252 0 0 0 167 0 0 0 0 0 0 0 155 0 281 199 124 136 0 122 0 0 0 104 187 252 192 200 223 209 0 0 227 167 0 0 168 0 0 216 0 0 116 215 191 265 188 0 235 223 0 182 273 181 0 0 0 252 0 0 169 0 0 135 110 201 240 0 167 0 0
0 0 0 0 0 0 0 128 219 0 195 298 0 138 0 136 0 140 167 0 0 0 0 217 0 0 0 120 0 141 120 0 0 0 140 0 0 100 0 0 293 107 159 0 0 0 0 184 0 119 298 257 0 126 184 0 192 279 285 171 268 0 261 0 0 138 0 0 282 0 0 0 0 243 0 233 0 0 0 0 113 0 0 227 146 209 189 200 0 0 0 243 153 171 143 134 177 225 0 138 301 256 249 0 176 0 134 0 0 0 0 182 281 204 163 208 0 177 0 161 104 0 247 0 0 141 194 211 202 0 179 0 182 295 276 215 0 0 0 0 0 0 0 0 0 212 0 104 157 279 105 111 147 0 0 0 0 105 0 0 284 274 0 0 243 290 0 0 0 302 0 104 130 271 106 0 295 301 0 130 190 245 151 0 180 176 230 282 232 0 224 0 174 156 0 231 0 0 0 166 190 0 187 176 0 145 126 235 228 141 0 161 0 0 0 0 218 202 196 177 0 174 0 231 164 0 219 259 0 159 245 0 270 0 0 222 161 128 252 173 141 98 0 200 0 0 254 202 0 0 179 0 252 269 0 106 203 0 118 135 0 155 141 172 204 179 159 231 168 141 138 235 106 0 0 0 121 0 0 265 0 0 0 0 124 0 117 0 300 294 0 223 97 270 0 0 0 0 169 0 0 0 0 183 231 0 166 0 0 0 286 0 157 0 0 0 106 0 194 294 0 215 289 248 155 0 236 0 0 174 189 136 0 0 0 222 146 119 0 0 0 0 0 0 150 191 183 240 0 178 0 0 0 185 0 0 0 264 101 0 0 0 0 169 192 238 284 0 252 0 0 0 280 163 0 216 0 267 0 283 189 313 146 0 0 246 199 0 0 0 0 229 0 128 126 215 110 0 119 0 0 0 0 0 0 0 0 0 0 0 108 202 0 174 263 0 0 212 144 286 194 0 0 266 291 258 0 265 0 137 0 0 286 146 0 269 0 178 182 103 0 0 107 143 0 0 208 0 0 288 245 0 0 186 0 0 144 0 0 173 0 196 248 216 230 192 0 121 0 152 0 0 0 0 114 0 0 0 123 0 0 115 0 161 0 0 270 264 178 188 0 240 155 274 0 0 137 0 0 0 124 183 253 177 0 0 0 243 0 0 255 0 171 0 0 0 104 165 0 0 0 144 0 0 0 0 219 0 142 0 0 0 0 205 159 123 150 127 0 124 0 122 0 0 235 285 176 196 123 0 0 116 134 0 0 275 0 0 243 235 179 0 262 218 0 175 255 0 0 0 202 139 0 0 0 242 0 129 0 0 263 0 0 0 202 208 166 139 290 0 0 0 218 0 0 0 0 137 104 0 0 0 236 168 140 0
0 252 209 0 0 164 257 0 0 0 152 217 0 158 0 114 191 151 190 0 0 0 0 0 0 0 214 172 0 0 181 261 0 0 0 0 114 0 0 0 0 0 276 0 202 0 0 129 162 218 0 174 0 107 0 258 0 173 150 120 262 0 0 161 234 202 221 201 128 0 0 0 223 179 0 116 263 0 272 0 0 0 0 0 0 119 0 102 0 0 0 0 0 0 202 0 161 216 102 310 176 0 102 0 0 230 243 0 206 0 0 123 0 0 0 0 245 172 0 260 0 275 0 296 194 0 154 0 0 0 263 202 0 109 251 0 226 208 141 165 0 0 0 161 0 0 0 152 117 195 281 0 0 203 0 250 0 186 132 0 234 0 176 0 238 253 225 0 203 285 223 0 121 0 0 117 0 127 200 0 0 148 151 0 245 209 119 0 137 0 0 207 216 0 0 110 0 0 315 0 257 188 258 0 0 220 171 0 0 0 199 0 0 0 0 178 193 0 0 122 278 0 0 0 0 0 288 0 138 0 0 287 183 0 0 153 193 0 164 0 0 256 0 0 0 0 250 218 267 0 262 145 0 0 0 244 120 0 182 0 0 0 154 0 0 280 0 105 0 165 138 169 221 269 287 0 190 0 0 0 0 0 0 0 264 0 152 0 273 0 134 259 254 0 0 147 257 165 289 141 231 261 0 240 214 211 0 105 0 95 0 162 0 0 205 253 0 0 177 0 259 109 117 0 135 187 199 0 0 0 189 0 105 190 0 137 0 0 0 0 206 163 183 130 275 0 203 208 249 0 0 0 102 0 0 286 262 240 218 119 104 0 0 0 0 116 144 0 0 0 0 204 146 0 0 0 0 127 0 162 0 0 279 138 0 111 166 0 125 204 0 211 0 0 192 0 0 0 183 264 0 163 0 237 147 0 150 298 194 0 280 246 0 165 0 120 0 0 0 0 102 0 0 0 0 279 277 299 273 301 0 272 0 129 236 136 126 0 289 0 109 0 183 284 219 271 0 0 223 166 0 0 0 249 109 150 0 125 115 0 0 214 0 200 0 148 148 0 267 304 0 142 0 0 283 0 195 0 0 0 0 0 205 0 0 124 105 143 0 0 0 0 0 272 99 247 234 136 0 209 279 155 233 236 0 276 136 0 0 232 0 297 269 0 0 0 103 0 0 234 0 106 0 206 0 95 251 0 274 0 0 152 0 95 0 155 246 97 141 0 0 0 171 0 0 144 0 0 124 280 0 0 0 0 0 288 0 175 237 0 0 191 0 0 0 255 0 111 247 253 238 143 0 114 0 210 0 0 119 100 290 0 257 0 0 259 0 177 0 168 222 186 0 218 144 0 209 0 0 273 143 0 103 0 0
0 0 290 289 148 312 98 146 0 0 0 0 0 152 181 285 168 202 229 172 0 0 270 0 0 0 0 229 190 0 292 292 0 0 0 0 102 241 177 0 0 219 151 0 270 155 269 225 0 198 0 315 232 0 139 0 101 0 115 124 308 220 0 0 0 103 277 0 216 201 0 0 0 0 298 255 128 121 172 0 177 228 0 156 263 0 0 229 118 0 123 142 266 201 244 101 266 0 0 0 0 0 130 257 0 145 0 0 298 251 274 0 0 0 247 218 138 0 0 0 0 167 256 0 0 284 140 283 0 299 0 117 0 0 301 0 197 0 303 241 158 126 259 192 0 0 228 110 0 0 287 215 0 144 226 190 236 253 227 208 107 118 211 109 120 0 0 216 0 0 0 0 0 0 259 0 207 0 0 281 0 124 133 0 121 154 0 120 281 245 215 308 0 187 0 0 214 0 0 140 293 125 196 105 215 229 0 270 192 0 0 222 0 0 174 128 138 0 300 114 0 267 257 99 195 0 0 171 183 245 0 0 104 206 140 216 0 134 238 0 0 252 244 0 0 0 0 0 161 265 157 0 0 0 268 151 159 191 246 0 0 0 220 0 0 151 228 251 0 0 191 116 0 167 236 0 135 0 131 154 0 0 0 0 171 0 0 0 0 125 0 0 0 167 0 282 0 0 0 0 0 148 0 207 238 0 0 249 266 123 120 223 208 260 0 0 0 160 0 101 0 122 0 0 294 0 0 273 113 0 253 0 307 220 248 0 0 0 117 146 0 0 0 241 0 0 0 0 0 169 0 324 0 149 208 0 0 231 236 187 285 0 0 121 193 0 263 0 116 104 0 0 0 203 142 0 0 213 0 220 145 0 0 284 0 320 0 282 94 0 0 241 178 0 166 263 0 291 144 208 0 110 0 0 0 0 243 0 109 0 210 0 103 0 0 0 307 0 0 0 0 122 0 239 0 0 0 0 168 0 0 0 0 0 0 0 304 0 0 0 215 0 292 247 0 298 0 191 221 0 0 285 286 300 0 0 117 0 0 0 117 0 282 0 0 111 264 245 187 107 0 0 214 277 0 0 0 0 0 0 180 0 145 0 0 132 277 224 200 145 168 0 0 0 108 0 234 147 122 0 186 0 0 229 114 0 0 116 247 294 0 0 118 0 0 218 122 0 104 0 0 0 148 134 0 240 108 139 237 0 0 152 0 0 0 151 0 0 134 0 0 0 281 0 0 172 249 0 0 219 0 260 173 225 207 141 126 0 0 164 0 0 0 140 165 224 228 0 0 283 0 0 285 145 0 262 210 245 190 235 104 0 0 166 0 0 259 286 0 0 0 0 0 265 243 0 0 210 0 0 0 112 0 0
0 252 0 288 0 179 0 0 189 216 132 0 0 0 0 144 214 277 0 223 298 0 0 210 184 0 0 0 310 0 142 0 0 137 190 236 281 0 207 236 0 0 295 123 105 0 146 0 151 0 0 0 146 236 244 0 186 105 0 103 192 0 278 107 0 0 233 0 0 0 0 0 147 129 100 265 0 0 189 144 200 201 0 0 277 0 0 188 0 209 0 0 244 264 0 196 0 141 0 130 0 0 0 275 0 199 254 0 239 102 0 130 0 0 187 0 108 0 138 0 143 191 104 0 210 0 0 179 0 0 239 273 232 0 221 0 131 253 132 202 0 173 263 0 0 0 0 0 166 159 0 0 294 132 284 0 260 0 214 236 0 172 0 122 0 0 0 0 0 0 0 0 0 272 0 0 224 132 269 0 242 0 0 0 117 148 120 0 0 0 135 0 0 0 296 0 0 0 0 0 0 223 220 0 0 180 0 110 139 0 0 277 115 0 0 137 190 0 0 0 0 0 125 0 266 295 0 121 0 193 0 262 212 0 115 0 0 0 198 0 0 282 212 0 122 165 0 182 194 0 153 0 106 0 0 219 273 0 0 0 0 0 136 242 0 173 177 0 0 105 0 279 273 0 0 0 0 138 0 0 182 285 214 0 0 0 293 112 0 280 212 0 278 0 222 265 0 124 0 0 0 290 0 246 0 0 0 0 142 0 0 0 0 0 0 0 0 0 214 0 201 187 0 0 0 228 0 0 0 233 136 0 0 163 276 189 0 120 112 0 0 150 0 0 253 0 0 300 182 251 0 0 282 0 183 230 0 0 152 0 0 130 136 174 0 0 0 0 0 130 154 210 241 0 223 145 0 216 299 183 0 0 274 138 0 237 109 0 0 159 101 0 0 134 204 207 175 247 281 211 114 0 0 215 252 213 103 144 0 188 155 105 102 283 157 161 204 0 0 0 209 0 277 146 0 0 0 239 0 0 0 0 108 182 223 195 0 0 217 117 0 0 180 0 0 99 110 121 313 192 147 0 254 200 96 133 0 220 134 0 0 168 0 0 0 162 0 253 0 252 0 278 237 99 255 0 259 0 142 166 0 0 263 0 121 0 157 288 0 200 0 169 0 0 155 0 0 0 183 312 0 204 260 135 211 0 109 0 220 0 0 210 0 103 269 170 203 232 0 0 0 0 0 0 0 206 227 125 0 0 0 221 160 0 0 0 0 0 162 0 0 181 0 0 111 201 0 226 0 266 0 0 131 198 124 187 131 0 0 0 245 278 0 0 104 0 0 173 191 251 0 0 0 147 0 0 0 0 0 213 201 0 0 0 0 191 0 0 133 138 0 218 228 139 136 104 166 133 0 0 163 282 0
0 200 227 126 0 0 158 241 154 274 196 0 0 0 208 192 0 203 0 238 137 201 0 0 0 189 0 0 224 137 0 172 0 0 155 138 201 0 0 0 0 0 128 0 178 105 235 227 0 0 205 259 0 260 0 0 0 0 248 0 121 0 0 123 275 0 0 273 0 0 266 178 0 0 297 191 187 297 207 200 0 0 284 177 264 0 0 0 0 222 160 268 260 213 0 0 176 0 222 209 0 275 0 0 0 0 131 173 0 0 179 0 188 188 258 173 0 0 0 0 0 241 200 0 114 0 252 199 0 0 0 144 213 142 120 0 247 249 107 0 193 0 276 112 153 159 217 0 261 0 0 235 0 0 0 296 0 0 0 0 0 0 0 271 157 0 262 0 0 0 231 0 113 304 190 0 0 252 181 0 0 0 262 227 167 236 158 0 0 0 102 0 0 0 122 219 188 111 0 114 0 176 0 184 232 0 195 0 0 291 0 286 0 0 126 153 152 268 238 0 0 0 161 177 0 227 110 0 0 261 0 138 0 0 181 0 169 199 0 0 187 160 0 0 163 0 0 0 0 287 0 252 203 171 270 141 0 275 0 101 0 0 181 0 233 0 279 181 102 110 0 0 273 0 202 261 0 278 161 0 168 264 174 135 196 0 270 216 0 172 143 247 0 192 192 192 0 0 254 0 206 125 0 178 306 0 0 0 0 176 0 0 0 195 224 308 216 0 260 159 0 0 0 258 0 144 115 233 0 0 268 118 0 285 302 155 217 273 137 0 302 101 0 121 0 0 0 199 0 0 298 266 254 249 0 297 135 0 0 291 228 0 0 275 246 104 109 0 186 0 0 0 0 115 0 133 0 111 215 98 0 274 0 0 165 0 0 239 209 319 0 0 151 176 0 210 231 0 219 0 277 0 104 176 156 0 270 229 189 0 117 123 0 0 259 108 0 253 0 267 0 0 239 195 0 0 224 0 111 0 0 164 0 0 107 152 0 0 0 0 0 287 0 153 121 149 0 168 0 0 0 129 0 255 0 0 238 0 0 0 0 118 198 0 0 0 257 0 275 193 0 0 124 0 280 0 0 175 0 0 283 135 140 112 188 222 194 0 250 219 237 189 0 0 0 132 194 0 210 127 198 0 228 0 152 256 97 148 0 273 204 0 0 0 0 0 128 238 0 122 0 0 184 0 0 238 0 293 244 0 248 0 0 0 251 129 0 269 0 0 0 0 0 281 0 197 0 0 0 210 0 0 0 266 205 243 0 0 0 0 141 0 0 0 126 0 219 199 0 225 0 0 0 0 203 0 0 0 135 205 136 227 149 136 215 129 0 171 0 0 0 171 187 0 204 0 0 0 0 205 131 0
0 110 162 218 118 257 265 0 0 152 0 151 0 267 209 0 0 0 142 0 163 0 0 0 0 254 279 120 0 0 209 277 245 0 104 224 290 260 0 0 0 287 144 0 0 170 229 230 0 0 263 221 222 201 260 0 0 222 0 0 230 0 119 0 252 0 198 0 282 0 0 0 105 282 202 221 0 0 0 0 190 0 191 193 0 0 160 206 0 119 183 225 111 0 246 0 127 0 182 0 0 155 0 0 0 0 250 307 0 0 0 0 0 183 108 159 0 0 0 234 128 147 0 0 0 257 0 299 0 0 226 0 0 207 0 170 0 161 225 0 200 0 0 0 149 167 300 283 147 263 182 0 233 0 203 0 104 0 0 0 0 101 257 200 255 0 108 113 256 281 161 0 0 0 201 275 222 254 0 175 0 270 239 0 129 124 0 217 0 0 0 143 0 159 142 0 242 0 146 0 0 131 165 0 0 139 0 0 0 293 0 0 140 0 0 0 213 0 0 222 118 170 0 278 234 176 0 0 116 0 0 217 200 274 256 270 0 131 0 126 262 212 142 157 0 166 135 177 0 197 0 0 0 246 112 187 111 0 121 111 0 276 246 0 0 0 238 0 211 0 146 0 0 0 306 0 150 0 162 0 179 0 0 0 226 219 0 0 0 207 260 152 0 0 106 0 142 0 0 0 219 270 122 0 152 123 112 198 276 173 140 0 169 0 0 276 0 0 141 0 0 299 137 0 196 0 0 0 0 245 259 264 164 0 0 0 194 0 209 0 200 232 0 292 186 207 0 203 253 172 0 0 201 0 0 0 286 0 175 175 0 296 0 147 0 193 0 0 297 222 0 180 0 217 0 0 0 0 0 0 0 312 250 0 165 204 0 249 251 0 225 260 0 144 0 0 227 144 0 152 0 193 208 128 266 0 281 0 0 234 0 179 0 235 0 310 0 100 258 213 161 238 122 0 0 265 0 169 0 153 275 226 205 0 0 241 0 0 0 129 202 154 263 0 0 0 208 0 0 170 207 0 0 0 307 106 0 247 140 0 114 265 201 0 265 0 308 246 309 225 209 307 0 0 0 0 0 0 313 0 129 260 189 187 302 0 0 133 262 0 174 0 193 142 108 272 275 0 217 0 0 271 239 0 118 0 0 296 0 130 157 255 0 240 0 174 0 0 0 247 213 112 135 0 0 239 0 184 221 153 0 0 0 212 138 212 157 275 237 0 0 0 0 273 0 270 131 0 145 231 0 0 146 0 156 0 286 0 159 184 140 150 0 0 270 292 217 124 0 0 0 236 254 0 0 289 179 0 153 229 206 0 0 0 234 225 0 185 0 247 275 190 0 154 154 226 0 0 0 106 0
0 0 0 238 0 0 105 0 0 0 204 158 188 273 297 249 0 155 0 0 0 130 224 0 315 0 0 226 265 170 0 0 0 156 158 0 158 0 204 289 0 147 173 206 0 0 157 153 218 189 219 0 0 215 225 0 216 257 233 0 0 0 179 234 286 156 0 184 194 0 0 277 0 278 238 0 271 178 228 0 276 278 141 194 0 0 178 135 0 111 0 247 0 0 191 157 0 0 194 0 256 0 239 0 147 291 0 0 0 148 0 0 0 0 0 249 0 155 287 102 0 0 0 0 0 0 271 177 234 0 0 0 286 173 260 318 0 167 0 142 255 0 108 242 141 262 267 0 0 0 0 224 298 0 0 104 173 104 0 0 126 0 201 250 221 103 257 253 182 0 240 183 271 0 212 165 0 103 0 0 113 125 0 311 0 174 129 0 98 0 210 160 0 0 139 176 0 0 0 195 110 0 0 0 0 0 0 195 0 0 162 228 206 0 0 0 0 243 0 0 0 208 0 0 0 0 0 159 279 204 0 0 0 161 133 155 181 0 0 0 0 0 0 207 207 0 0 119 205 319 201 0 0 128 0 246 0 182 0 0 189 244 227 0 0 268 238 185 0 0 257 0 128 261 0 134 183 206 0 106 0 0 0 268 107 179 146 289 0 0 0 120 0 0 308 159 178 147 121 298 0 235 155 0 0 101 0 218 244 216 182 0 188 243 301 205 0 0 113 190 0 0 0 0 0 283 0 220 114 0 0 0 0 119 279 0 0 0 0 108 0 271 0 0 157 250 0 256 0 0 174 156 0 0 0 0 0 270 0 257 0 280 0 191 219 181 128 167 0 0 0 135 177 110 0 0 0 247 213 231 0 0 159 220 144 0 0 0 114 0 0 0 0 0 215 0 309 129 254 0 232 0 0 0 0 0 0 167 0 0 292 0 0 194 0 236 283 193 151 238 163 209 213 209 133 0 192 0 0 265 114 0 286 230 134 0 162 0 0 112 275 110 0 0 198 221 0 0 201 0 308 245 293 111 117 0 0 0 0 0 139 0 283 0 175 130 0 304 199 0 0 0 0 0 115 0 0 252 0 0 223 0 0 178 275 233 108 120 257 0 0 0 243 0 0 219 170 0 0 0 137 0 0 190 0 0 0 203 131 0 224 163 0 102 110 0 0 0 0 0 0 0 165 0 188 0 289 0 0 199 284 0 142 295 0 164 0 0 209 0 245 0 0 303 184 188 0 251 0 216 173 0 214 102 151 160 0 239 117 0 0 0 306 250 128 0 177 271 205 0 220 0 0 0 131 236 283 0 0 0 0 0 108 146 0 0 168 0 0 0 201 0 0 0 114 283 0 0 282 0
0 0 279 0 0 0 0 0 0 0 227 0 0 0 127 236 185 178 221 0 0 0 0 0 152 0 199 0 181 0 0 243 264 0 291 0 122 0 0 107 0 179 0 208 0 0 275 0 108 0 265 0 157 0 264 142 0 0 0 0 243 0 0 0 228 0 0 135 206 143 258 222 0 0 0 258 0 223 153 151 0 191 280 189 0 0 207 158 0 226 284 125 0 166 210 0 156 268 0 276 190 305 213 240 250 0 0 237 0 297 0 251 0 141 0 143 224 0 0 123 255 0 137 0 0 0 0 0 182 290 0 0 0 217 0 222 137 117 251 0 0 109 230 110 105 152 0 0 185 0 0 139 279 0 150 0 267 0 194 143 0 170 0 0 0 0 0 156 206 184 0 211 0 251 0 109 0 0 0 163 116 0 151 0 164 251 0 285 155 136 267 217 0 0 109 220 0 274 0 129 0 0 0 0 146 186 229 174 292 203 0 260 0 173 0 125 174 0 0 0 0 0 109 0 224 0 0 0 222 0 187 0 209 0 0 243 0 0 0 270 135 112 0 105 126 0 0 0 259 0 195 0 169 319 167 200 0 0 266 0 0 0 0 0 161 291 0 183 0 160 179 0 194 0 0 0 116 144 172 202 170 229 0 294 0 262 0 0 285 191 195 130 0 0 244 0 0 243 0 131 0 0 0 201 0 0 0 245 0 0 240 157 0 0 0 268 0 0 0 0 142 266 0 208 0 149 262 0 0 0 0 200 0 200 0 163 147 0 0 0 0 0 0 0 117 153 198 0 0 128 0 293 208 0 130 0 0 207 0 0 0 276 0 0 146 0 301 189 273 0 0 0 233 304 224 0 0 287 222 247 257 254 258 0 0 0 141 112 0 0 265 0 0 0 0 108 121 212 0 99 0 148 0 245 0 300 0 219 0 0 0 0 0 302 119 0 0 158 147 0 126 130 189 271 219 0 288 146 161 244 0 119 212 0 0 242 0 162 0 108 138 0 284 0 200 198 0 0 223 137 153 262 198 0 135 0 260 0 145 191 101 152 0 0 269 0 0 0 0 0 157 266 0 170 0 0 144 0 191 152 133 0 255 164 207 117 267 0 0 0 300 0 0 204 103 0 0 0 0 282 285 226 0 0 133 0 239 0 146 185 0 205 130 139 209 198 197 0 0 0 120 0 252 164 161 0 0 122 0 0 227 0 231 207 180 188 133 193 0 0 0 255 0 0 0 0 0 177 0 290 239 249 301 0 0 245 0 0 152 0 255 0 287 0 244 0 0 238 267 0 201 151 0 0 0 0 185 171 0 0 248 0 0 251 263 301 0 0 0 0 0 237 142 0 0 0 0 0 0
0 234 0 258 246 303 206 246 0 168 0 0 219 0 0 216 0 0 238 0 0 0 0 0 0 118 241 102 107 0 0 0 221 0 0 240 0 291 120 114 157 169 0 203 264 0 0 119 177 0 217 0 172 0 122 0 257 0 0 226 0 254 0 0 169 0 295 0 0 296 263 0 0 0 0 0 0 0 162 0 0 0 230 209 0 0 119 0 0 289 256 0 200 245 0 251 250 129 0 246 0 0 0 0 139 0 0 0 243 115 0 226 279 267 229 0 0 0 0 0 0 148 0 117 134 260 204 0 0 174 0 212 144 0 0 0 0 279 0 0 0 0 175 0 0 179 127 0 0 259 0 187 0 227 237 0 267 0 250 212 0 222 0 0 251 130 0 0 0 0 133 163 111 255 204 114 0 118 0 0 214 0 0 147 294 0 0 274 263 228 103 0 0 122 0 108 199 0 254 160 98 240 0 152 241 191 167 0 0 232 206 0 0 0 0 140 0 0 197 0 0 0 279 272 0 182 147 0 0 236 0 0 176 0 0 0 103 0 245 246 255 0 259 176 0 0 231 223 145 0 0 294 0 110 181 0 255 0 206 0 0 0 106 231 285 0 0 298 312 277 0 237 112 0 0 0 0 271 0 243 274 250 136 207 0 0 205 0 284 232 0 193 0 156 0 0 238 148 0 101 262 315 202 0 0 225 263 0 152 0 0 0 0 246 0 255 195 253 122 102 0 133 0 0 0 289 180 0 0 219 0 0 0 0 288 110 132 0 0 0 0 0 154 118 298 0 0 0 0 222 0 0 0 0 137 290 0 0 248 0 0 108 0 0 0 299 248 144 0 219 222 281 0 0 0 267 0 0 0 238 0 282 0 0 0 280 226 112 236 163 105 0 0 234 268 0 0 0 197 0 0 0 289 0 0 208 172 132 0 202 0 0 234 0 114 0 116 220 195 238 227 0 0 0 0 259 104 0 182 236 245 215 0 0 0 0 0 0 0 0 227 193 0 168 241 255 0 0 0 185 0 0 0 0 0 0 0 237 188 0 0 0 316 0 264 197 0 187 255 0 272 0 126 144 0 117 203 0 0 116 0 133 0 0 0 267 138 0 0 126 230 164 238 190 221 268 0 0 0 210 175 0 0 269 0 0 0 160 0 273 0 0 0 0 0 218 161 261 0 0 0 0 277 265 0 208 0 309 0 138 0 182 0 247 0 0 0 0 0 0 161 0 260 0 0 0 0 192 227 131 272 0 129 0 0 158 0 175 270 126 130 282 211 0 0 0 293 0 189 0 245 0 142 242 0 132 0 125 0 263 0 0 201 215 191 239 0 0 0 0 0 0 122 0 0 0 244 0
0 215 0 0 0 0 0 215 187 0 0 0 163 129 153 0 192 0 309 209 0 186 0 0 0 137 0 136 0 0 0 0 0 227 0 0 0 0 0 0 0 0 137 0 279 162 0 0 155 295 306 171 0 0 0 0 0 0 278 0 0 121 224 170 235 0 0 0 137 0 200 168 138 0 104 134 193 258 212 258 0 167 297 0 185 0 0 236 0 191 277 151 115 0 215 241 0 0 0 0 0 257 0 0 0 0 0 0 135 0 0 0 0 172 265 0 0 0 0 270 287 0 189 0 131 217 208 180 0 0 208 0 0 0 259 0 0 0 281 0 239 0 0 0 0 0 190 0 0 0 0 0 0 0 0 0 0 144 0 138 0 0 0 222 103 0 0 0 196 201 0 0 167 147 126 236 300 0 193 193 0 0 0 0 0 142 0 0 0 156 0 200 0 100 0 241 0 0 240 0 0 160 0 0 0 275 115 106 161 227 0 0 0 156 291 197 126 205 0 0 216 272 274 0 0 304 237 0 141 180 0 294 0 0 290 119 206 0 0 0 0 0 0 130 160 278 296 271 113 0 0 0 172 257 0 0 180 0 140 279 194 289 255 0 0 152 153 104 0 108 281 245 0 0 0 0 0 282 0 288 153 0 0 0 281 0 206 241 254 183 0 0 209 0 0 0 0 0 0 0 0 0 0 102 0 0 234 107 118 0 0 0 0 208 271 271 210 137 0 283 288 0 184 122 0 163 0 0 228 0 215 279 185 259 0 0 284 185 0 246 0 202 214 182 0 113 205 152 0 0 0 0 0 249 0 0 0 0 0 0 114 0 171 0 0 0 197 191 0 0 0 161 0 0 276 0 0 0 0 251 0 277 0 227 0 0 219 0 0 204 271 178 0 0 235 291 0 0 212 0 212 146 191 0 0 0 0 0 111 161 0 274 0 116 111 137 112 0 112 107 135 126 138 210 221 0 0 0 0 122 0 220 0 0 152 0 263 0 0 0 0 234 0 0 271 0 0 286 0 259 119 0 0 0 0 0 0 0 0 0 0 0 120 306 0 0 149 0 261 0 0 120 280 0 128 0 140 0 0 0 135 260 159 0 0 0 249 0 0 0 269 0 205 226 283 194 252 130 149 0 170 0 0 163 0 0 0 229 0 0 227 0 0 211 245 235 0 296 249 0 0 142 289 131 267 0 270 171 220 230 0 0 126 0 156 0 0 137 178 189 181 149 228 275 0 0 158 0 286 0 202 0 0 0 163 0 0 131 0 191 0 150 185 0 0 0 0 211 0 0 0 121 0 197 0 169 199 0 0 0 190 0 0 123 183 0 249 169 0 125 176 213 257 0 0 171 0
0 0 117 276 273 240 0 0 0 0 216 160 0 0 273 275 135 178 0 0 251 0 0 292 0 0 262 193 0 263 0 0 136 255 0 0 0 171 0 120 0 246 276 273 0 0 186 0 141 0 0 203 0 242 0 0 280 142 0 290 111 167 0 246 168 0 117 0 0 0 100 310 0 0 268 164 0 120 217 0 223 0 0 163 0 274 276 0 150 0 118 0 0 191 145 0 0 0 0 209 0 0 244 0 250 170 215 241 0 0 0 0 296 132 0 213 0 188 0 181 121 0 213 174 167 0 0 0 123 135 102 0 187 155 0 0 0 150 201 138 200 0 228 216 0 0 0 122 119 0 0 0 0 166 0 0 0 0 145 0 211 108 0 0 0 0 196 251 238 0 0 129 274 116 137 0 0 0 0 0 139 133 243 193 0 0 173 166 0 303 0 0 0 304 0 238 245 271 0 237 0 0 208 0 0 180 118 261 0 221 0 0 0 278 0 0 173 0 179 180 0 185 284 272 269 303 190 137 0 0 0 185 0 0 275 0 188 204 166 0 0 232 0 0 301 0 239 0 199 108 182 0 0 0 252 0 252 0 242 155 0 305 0 0 166 230 255 138 0 247 166 0 0 0 115 183 0 0 311 171 188 0 0 0 141 0 0 0 0 0 0 0 298 0 131 237 0 0 148 181 109 0 289 303 279 189 141 0 0 0 277 155 286 0 0 121 0 0 244 0 0 133 106 310 193 0 0 106 0 0 0 191 0 204 186 0 0 0 0 0 272 251 0 0 0 0 0 0 0 0 0 268 207 269 107 253 205 0 202 187 0 0 185 0 143 0 152 0 107 126 238 0 101 0 247 297 204 142 197 206 0 0 283 0 0 0 263 200 0 0 0 0 0 155 0 0 0 0 0 103 128 184 0 0 222 0 268 246 0 0 176 0 239 0 111 293 0 165 237 263 257 254 0 0 0 154 130 236 210 142 225 0 183 198 201 193 0 0 0 280 0 0 0 0 0 0 143 231 0 237 159 0 165 136 0 0 138 256 0 233 0 122 170 170 187 0 157 151 248 0 0 0 269 261 0 242 0 0 250 158 102 0 183 0 0 245 0 133 166 112 0 139 252 0 0 255 0 107 202 0 253 301 134 0 201 262 174 228 0 250 290 267 0 147 0 121 0 0 193 271 137 116 305 250 199 0 0 0 193 182 205 225 0 125 204 151 268 0 205 166 0 121 0 253 0 0 0 0 0 0 185 0 260 203 0 219 0 196 217 0 288 0 139 130 0 211 223 125 294 0 160 0 0 119 296 0 0 137 229 0 141 228 0 0 140 0 103 265 0 284 103 0 0 137 0 0
0 302 136 205 0 149 192 270 183 168 140 0 0 0 0 249 0 103 0 161 142 248 0 125 218 278 273 0 0 227 121 0 110 0 155 118 0 0 0 0 0 107 295 0 0 122 0 0 99 188 133 195 0 118 0 0 202 0 270 0 0 0 0 0 0 282 126 152 232 141 222 0 0 0 0 0 0 0 0 0 0 0 0 294 0 0 0 0 108 0 0 0 267 282 0 0 0 0 0 157 147 110 0 252 230 0 123 0 203 227 164 258 0 0 262 289 153 0 241 0 0 0 0 189 298 0 215 0 0 294 269 0 0 0 0 0 176 0 0 235 263 0 188 0 105 0 0 244 108 0 219 213 0 0 300 106 261 0 0 0 154 0 219 0 238 0 0 172 228 0 0 0 0 103 228 0 253 282 176 185 215 0 0 209 223 149 0 0 0 267 0 0 0 0 169 143 125 0 0 235 296 300 122 114 199 0 120 205 0 0 176 138 238 0 245 0 113 0 0 256 155 0 0 257 0 175 0 272 0 179 275 0 0 0 239 0 141 260 143 242 0 105 187 0 0 0 277 164 0 0 0 297 0 0 205 146 248 147 0 0 295 148 0 168 164 213 0 275 0 112 0 206 136 0 0 149 0 0 247 0 250 0 229 253 175 0 0 0 0 0 0 281 153 119 104 0 159 118 0 0 237 0 170 158 0 282 113 0 139 0 0 223 0 0 0 267 207 140 0 247 173 279 0 200 131 0 139 0 316 0 137 175 0 0 192 269 231 231 244 255 0 0 229 0 0 201 0 263 0 118 260 0 179 0 220 0 186 0 0 0 0 143 224 0 0 170 0 0 0 276 0 0 236 190 0 161 209 0 0 0 111 223 256 0 0 169 147 171 0 0 224 0 169 0 125 0 0 187 0 223 0 167 178 224 0 0 0 0 167 177 202 214 104 0 297 165 0 241 0 0 0 144 0 0 212 0 274 0 0 0 0 0 245 0 221 253 0 136 0 0 0 0 293 0 140 106 124 0 137 0 134 0 110 113 0 289 0 281 110 224 0 177 210 0 196 0 295 0 0 0 167 0 206 281 130 324 187 266 0 210 0 140 111 0 0 239 280 0 0 243 174 0 107 309 0 260 0 0 276 0 0 198 0 105 242 0 0 0 0 249 0 0 139 0 0 106 0 96 176 0 0 102 0 204 108 246 195 0 103 164 132 0 140 0 0 0 0 0 99 0 0 0 116 188 0 202 166 205 199 141 0 95 0 0 312 0 174 224 0 0 189 230 144 0 0 282 0 168 0 0 272 0 144 263 201 0 287 0 191 215 231 142 0 108 0 0 187 0 139 263 213 248 0 0 0
0 0 258 0 0 143 0 102 0 0 171 163 248 0 175 189 0 0 115 254 0 166 208 0 281 169 246 0 168 106 0 0 0 0 264 140 292 198 128 0 313 0 0 105 228 0 234 237 143 0 293 105 0 192 0 0 237 0 0 211 253 223 239 0 0 0 261 277 246 131 191 165 0 0 127 0 0 0 228 0 300 291 0 214 0 0 189 137 226 0 238 156 0 274 0 0 0 239 145 0 0 0 0 0 0 0 0 105 216 179 0 0 0 214 218 110 155 0 0 119 0 281 0 248 0 0 181 0 175 254 0 0 0 177 0 127 0 0 156 168 0 0 0 0 208 0 0 229 0 0 0 0 250 0 175 0 271 0 152 188 0 241 238 0 276 0 260 0 260 0 165 258 0 0 201 246 0 287 0 168 0 0 0 220 0 178 261 215 0 0 194 228 144 280 0 0 0 0 229 159 211 0 133 202 277 0 0 0 0 284 0 264 116 254 0 0 0 0 0 0 239 0 0 131 0 0 0 202 0 106 102 0 0 0 0 0 0 0 0 100 132 211 0 164 196 0 196 168 0 169 0 0 180 0 0 149 220 303 0 130 115 274 288 0 0 116 215 0 118 130 213 100 242 0 0 116 0 258 276 266 0 155 186 0 0 0 110 255 0 0 0 155 0 0 0 184 298 106 206 0 161 212 156 0 0 265 0 266 187 111 0 265 161 239 268 0 218 0 0 0 166 115 275 137 0 0 0 0 0 0 0 282 0 225 0 111 0 174 0 0 178 162 0 186 0 195 315 195 155 132 0 0 0 0 0 146 0 163 167 0 242 0 0 163 217 0 0 0 0 275 311 0 246 136 0 0 0 161 232 0 283 283 0 104 109 247 186 0 238 0 154 313 150 173 0 258 222 289 0 0 188 146 221 0 0 0 0 0 193 0 0 0 221 0 261 263 308 108 0 126 160 235 140 213 0 0 175 173 0 311 0 0 0 215 163 0 0 200 0 0 0 0 0 0 165 105 0 0 0 0 260 257 239 0 104 0 0 0 0 0 248 0 0 0 228 0 301 147 214 139 0 0 0 165 0 0 165 0 191 0 202 0 219 217 137 284 293 0 237 188 0 0 272 215 0 0 190 280 109 0 121 174 119 231 0 171 0 0 255 0 249 0 286 117 0 0 138 0 0 0 258 0 0 0 226 138 279 266 196 0 0 189 0 0 262 0 0 280 0 0 0 206 123 125 258 178 221 0 255 98 296 232 142 0 165 112 130 0 0 0 193 108 0 0 0 142 0 0 0 250 269 0 0 249 0 0 0 219 0 0 0 0 113 0 144 210 190 0 0 304 0 111 108 0
0 244 165 0 0 178 0 276 119 225 0 111 256 0 267 0 0 0 233 0 234 253 0 0 0 0 0 304 101 216 0 0 112 0 116 0 0 0 0 135 0 0 0 0 0 245 255 0 0 146 0 0 0 199 0 271 203 172 248 0 0 0 105 0 128 312 0 0 130 0 0 292 135 0 0 0 0 245 0 0 286 0 208 241 0 0 0 285 215 177 0 111 307 0 0 109 299 129 266 0 0 240 0 276 144 0 0 0 203 0 232 0 164 0 0 0 211 0 286 266 141 167 0 0 0 0 0 0 0 0 129 0 102 140 101 204 116 279 0 263 142 0 182 165 0 246 0 307 227 0 257 0 138 0 0 248 145 202 180 0 0 0 0 0 0 200 109 138 202 0 0 280 290 118 0 0 313 211 0 0 0 169 0 296 202 227 126 0 0 162 209 0 0 232 272 234 158 0 162 0 249 264 198 276 0 0 0 0 201 212 0 0 0 269 0 266 148 0 0 0 0 0 0 0 230 0 186 161 153 178 175 112 0 236 0 260 0 115 0 164 258 0 0 198 262 223 0 214 0 143 0 0 0 254 0 0 200 190 0 0 226 0 131 0 0 0 230 246 0 114 0 137 291 261 0 261 0 0 0 0 0 0 216 156 99 235 0 0 300 218 0 232 200 194 0 0 0 223 0 288 0 299 112 0 183 0 0 282 0 156 142 0 0 181 0 0 0 116 185 0 0 0 234 148 0 190 223 0 0 283 0 0 134 267 0 108 315 237 130 0 0 218 225 0 0 0 272 172 0 0 112 0 165 0 0 123 160 0 0 0 0 0 0 0 0 126 232 0 210 0 0 247 292 0 0 175 0 0 0 122 233 0 0 147 275 0 267 258 278 0 0 0 252 147 102 0 0 0 211 0 0 0 0 0 0 0 0 193 0 0 0 0 123 124 0 0 148 0 190 0 193 0 0 0 0 0 103 279 272 0 179 157 227 239 290 109 0 0 0 0 0 0 0 120 200 0 156 220 0 0 0 0 130 180 112 0 236 0 0 126 0 176 0 183 0 0 232 194 195 0 0 160 0 0 257 0 0 0 149 0 0 0 272 294 145 171 179 0 277 0 171 0 0 293 142 0 0 258 0 149 275 286 174 218 182 110 221 0 207 166 171 212 158 0 134 275 0 0 0 0 116 0 0 203 0 182 236 265 276 294 0 0 0 0 263 0 0 217 260 180 232 124 266 0 0 110 147 0 258 167 272 0 223 0 0 172 158 0 212 109 0 0 179 290 0 0 0 214 165 0 208 137 0 274 245 107 298 0 0 0 0 0 108 255 0 180 128 0 263 204 0 231 0
0 0 0 111 0 0 0 177 235 0 0 299 0 231 109 285 0 134 226 128 0 0 0 0 282 0 0 0 0 217 0 238 0 0 165 0 0 0 0 121 235 147 0 177 192 0 232 0 0 0 0 0 138 254 141 290 0 221 189 0 0 0 0 106 0 0 0 0 0 0 0 0 122 192 0 0 0 265 0 205 0 179 197 0 270 0 277 0 281 0 0 0 0 0 107 272 172 0 0 190 110 0 0 115 0 170 265 243 191 0 0 107 0 0 126 0 0 0 0 0 0 0 0 134 115 0 0 270 0 273 0 0 243 0 254 184 0 225 0 0 180 125 0 0 0 0 0 0 181 0 159 0 0 0 215 246 0 0 275 249 0 281 220 253 292 0 193 213 196 247 146 126 0 0 121 0 0 0 0 175 0 0 249 152 259 0 159 0 0 297 100 0 0 166 0 207 263 0 0 174 0 232 0 235 0 132 226 293 105 232 250 149 0 0 0 0 0 149 0 0 286 216 124 0 303 0 254 0 266 219 0 0 154 0 0 0 257 103 109 238 0 245 260 151 182 267 259 0 0 275 133 0 192 291 222 117 0 174 279 127 0 0 0 255 145 99 0 109 0 292 0 188 0 284 0 0 268 0 0 0 222 0 0 280 190 0 209 0 0 114 0 227 0 287 0 179 206 0 106 0 294 0 179 247 0 0 132 265 109 0 0 0 0 0 208 0 0 0 183 0 243 0 107 268 210 128 0 0 0 0 0 263 0 0 152 215 203 284 230 0 0 296 0 232 0 132 180 195 0 269 245 128 271 0 292 232 0 0 175 161 0 282 258 169 179 0 0 241 260 147 0 0 108 0 0 0 0 0 291 0 0 0 0 182 159 314 126 0 0 252 0 163 0 170 125 0 0 196 192 0 0 0 0 0 0 0 0 0 120 0 0 230 0 0 0 232 267 236 115 206 0 279 208 144 199 179 0 0 255 0 0 0 158 222 0 0 0 256 284 0 0 0 233 0 0 168 0 0 0 202 0 231 184 0 0 240 0 0 128 0 0 0 131 144 0 112 0 134 0 170 0 110 285 208 0 0 201 0 0 0 203 0 0 218 205 109 177 0 287 0 252 0 288 0 0 0 311 175 0 197 120 0 257 0 0 218 289 277 0 0 0 249 0 0 242 0 238 266 291 185 226 0 0 297 267 0 125 130 0 0 281 0 0 203 192 0 229 151 0 0 148 0 0 0 109 143 0 102 0 156 234 0 0 0 315 0 214 245 0 0 0 0 0 0 230 0 0 135 0 0 0 211 0 287 135 158 288 243 293 215 0 0 0 301 246 249 244 305 0 0 0 0
0 202 150 0 189 282 0 0 0 273 308 0 0 0 163 0 0 156 297 185 0 0 208 215 132 283 0 0 291 0 0 226 0 0 139 159 0 0 270 0 0 211 114 0 0 272 253 0 0 0 0 0 0 127 0 264 0 287 206 235 246 0 191 0 0 178 0 0 153 0 269 0 235 209 0 182 0 272 214 208 132 160 0 0 0 0 226 140 0 206 0 0 0 0 0 0 0 185 0 263 0 0 210 0 98 250 0 0 0 173 0 103 0 151 0 0 240 0 130 181 106 0 0 270 270 191 0 0 0 0 0 263 0 0 130 0 0 0 0 246 0 0 0 249 267 0 0 267 251 0 184 0 0 0 0 231 222 282 279 265 0 0 0 161 0 0 268 0 0 0 0 110 0 174 227 288 226 0 0 151 167 128 0 0 139 0 0 146 0 196 132 0 115 0 259 0 166 0 0 0 112 0 188 0 291 0 0 166 0 166 102 0 0 0 191 137 0 0 121 0 0 184 174 0 0 0 140 0 248 0 208 134 0 227 175 0 0 290 0 0 0 112 247 201 231 156 0 0 0 217 0 103 233 205 155 218 122 258 110 0 0 0 258 0 0 0 266 0 0 0 228 0 0 0 0 0 242 102 0 271 0 228 206 153 0 0 0 265 0 0 134 0 0 0 277 109 0 0 230 0 231 0 239 0 311 300 0 220 0 0 257 0 196 202 0 245 266 201 0 163 291 105 281 0 129 0 286 159 176 246 266 297 169 125 0 0 140 0 0 0 199 280 0 0 0 115 0 236 102 114 0 0 0 203 244 244 117 0 260 0 134 300 147 0 0 100 0 185 0 265 0 161 0 0 0 100 108 236 0 0 0 130 143 0 0 0 0 0 0 242 265 0 0 272 103 244 279 0 0 161 0 0 205 206 0 138 200 0 206 0 302 192 0 278 211 277 286 246 0 0 0 0 0 0 0 145 185 0 0 177 112 0 231 0 261 0 276 105 199 177 0 0 0 261 0 0 0 0 208 0 303 0 0 0 0 184 0 288 138 0 0 263 195 0 264 254 0 0 0 0 176 295 0 174 159 167 0 165 136 0 274 166 0 207 0 0 0 230 0 208 0 294 0 166 219 0 259 187 0 141 0 257 114 244 280 102 266 0 0 266 0 204 302 211 172 0 0 279 0 0 229 0 0 0 0 186 0 0 231 0 0 120 0 142 205 176 203 0 0 237 0 0 0 0 194 200 144 213 285 0 230 268 133 0 0 154 168 128 101 192 126 163 139 0 103 0 0 0 96 113 0 0 0 288 0 188 194 0 186 0 0 230 0 0 235 277 0 0 0 0 0
0 183 0 215 0 0 133 210 0 186 0 0 0 0 97 256 0 153 0 174 232 0 286 202 154 257 0 195 0 0 129 0 173 0 0 0 0 0 177 143 0 0 0 104 171 0 0 0 0 120 199 276 255 195 112 0 0 0 159 0 217 273 0 200 0 203 0 118 0 0 238 270 137 107 0 203 285 274 179 0 304 164 230 104 273 0 0 114 250 0 0 0 232 176 289 0 0 183 0 284 0 101 0 140 189 220 283 234 0 0 0 0 0 0 0 147 0 0 0 0 266 171 177 0 243 0 0 272 174 0 113 0 184 0 0 0 157 0 210 193 0 0 188 0 0 0 0 0 0 216 201 265 0 224 0 244 281 291 183 0 0 0 0 0 0 193 0 0 189 224 290 255 0 183 0 0 262 282 234 221 297 176 0 265 260 209 0 269 241 300 149 0 160 258 102 0 0 0 117 141 242 195 0 258 274 291 0 0 133 0 0 282 0 0 0 0 190 273 102 0 0 103 299 205 149 229 0 313 0 304 106 127 0 0 113 197 0 0 0 111 203 0 266 143 99 0 178 0 0 0 0 0 285 171 0 0 0 166 0 0 118 224 0 197 244 113 0 292 0 247 0 193 300 0 0 0 0 290 0 271 150 197 131 0 0 0 184 243 105 146 0 246 177 0 0 316 0 193 0 107 196 238 0 0 218 113 189 217 0 0 184 247 286 0 144 0 0 250 104 0 261 190 0 290 0 0 132 120 0 218 0 104 0 0 205 0 0 0 0 0 0 0 119 267 115 0 0 0 0 128 0 95 222 253 138 0 0 229 219 249 0 0 120 0 205 0 180 186 212 0 0 0 189 218 0 0 196 0 123 0 146 0 217 0 121 0 0 304 206 0 0 0 0 245 0 240 0 270 198 0 0 0 156 114 0 136 0 116 168 0 0 195 229 0 224 0 224 0 0 164 0 0 0 0 0 193 138 0 98 297 196 254 0 255 0 0 0 0 0 0 0 205 205 170 0 0 140 110 132 157 100 0 0 132 0 0 126 122 175 0 0 218 110 0 308 0 199 0 192 0 0 0 0 0 232 0 98 0 240 182 166 175 0 0 259 202 117 307 0 0 109 241 165 299 265 0 194 0 214 0 124 0 200 257 0 123 192 0 0 0 0 142 185 158 0 265 112 162 0 0 0 269 0 182 214 197 254 266 223 0 0 0 0 160 195 109 109 0 0 244 123 259 143 186 0 0 152 144 0 152 0 0 285 140 197 155 0 120 227 120 0 229 158 0 241 0 274 158 124 0 0 0 133 0 0 243 223 0 0 0 192 0 117 0 108 152 0 0 0 0
0 245 295 0 0 175 0 0 275 244 0 149 296 0 0 0 0 0 224 287 102 0 150 0 0 219 0 224 0 173 232 0 227 173 0 0 0 236 0 0 104 272 0 0 236 0 251 0 0 0 267 0 281 0 0 0 0 100 210 0 268 0 0 0 156 145 267 205 150 176 0 103 0 0 0 119 0 0 0 0 0 185 0 158 257 257 0 316 205 274 166 144 132 132 0 289 0 0 210 0 0 115 186 0 0 0 189 129 0 148 0 266 0 265 229 0 281 244 0 0 0 249 0 0 146 152 296 0 0 133 0 97 174 0 0 0 93 0 0 293 0 218 0 0 286 200 189 0 0 0 0 250 193 0 0 0 255 136 162 0 120 0 0 205 197 0 0 0 0 0 212 295 0 0 0 276 227 0 227 238 115 0 0 0 0 0 196 173 227 108 0 278 128 0 272 0 0 0 0 252 113 0 0 0 0 0 0 0 0 0 0 267 236 0 235 0 0 103 0 138 0 0 0 0 265 231 229 270 184 137 173 210 0 256 0 0 127 287 0 118 234 160 0 0 210 0 131 206 0 0 0 272 0 258 113 241 212 244 223 162 0 0 100 0 0 0 195 300 273 266 0 146 0 142 0 230 0 0 0 0 226 0 0 0 0 252 255 227 296 0 139 180 0 164 245 99 156 0 0 0 198 0 246 0 179 177 283 288 0 224 103 0 167 0 0 0 0 0 122 0 161 115 170 102 0 0 293 211 225 0 0 0 0 0 218 189 0 134 161 0 279 105 250 169 0 0 0 0 263 0 0 0 0 292 0 217 0 0 185 0 230 0 186 168 0 154 277 0 0 0 269 0 231 212 0 193 0 289 0 241 175 0 0 154 0 0 0 218 0 0 0 272 287 138 0 229 243 0 0 0 220 255 0 143 0 216 0 183 182 0 211 0 258 0 246 215 198 152 0 241 0 137 184 0 0 124 98 0 0 0 0 247 110 0 127 0 0 293 252 169 282 193 147 215 197 195 0 116 0 0 0 0 0 261 206 0 227 0 160 202 241 273 0 0 185 0 0 0 0 126 132 0 0 0 242 0 297 251 112 0 116 114 0 0 0 0 0 0 105 0 143 177 209 218 279 0 254 262 0 259 0 0 158 0 183 0 0 0 0 0 0 243 164 219 0 0 151 0 0 156 0 0 196 0 0 0 116 307 276 0 0 170 0 0 0 180 0 168 0 113 113 229 197 264 0 264 112 0 0 182 300 0 0 130 0 0 0 0 233 0 0 0 0 0 0 0 0 0 158 160 0 268 288 121 130 0 0 286 172 160 289 0 108 0 151 173 210 262 0
0 0 0 133 225 179 177 114 0 216 0 273 238 277 0 264 0 0 0 294 0 185 0 234 259 234 228 0 0 0 105 0 0 0 0 116 0 0 152 0 258 177 261 0 0 186 0 159 199 0 246 0 135 0 0 0 124 0 0 161 0 0 283 255 0 0 0 194 0 259 223 246 117 0 142 266 249 0 191 230 267 235 142 0 0 274 307 264 0 176 139 0 0 279 0 0 0 0 125 0 0 0 0 0 278 0 0 0 0 0 0 115 119 0 200 133 272 216 0 109 0 245 128 0 0 0 307 0 0 147 170 267 0 0 0 0 293 162 0 260 0 186 0 0 0 179 143 105 210 276 132 114 0 126 0 0 133 268 165 0 0 0 0 204 225 141 281 0 191 0 170 0 171 214 214 0 204 244 215 0 135 0 227 116 159 0 0 150 310 0 209 0 0 0 0 0 0 210 0 248 219 0 229 0 218 0 252 198 0 0 0 218 0 227 0 211 0 183 175 0 0 220 202 144 186 0 0 0 157 0 0 296 268 135 0 0 184 297 0 307 245 286 0 0 180 0 0 203 137 0 125 0 167 273 205 0 0 237 137 225 118 225 118 167 0 113 0 105 0 278 198 159 0 0 212 203 0 239 247 194 144 0 0 181 0 0 269 270 290 0 242 0 0 174 0 0 258 237 123 227 127 134 116 0 269 0 0 0 0 167 0 112 293 0 0 129 181 0 0 248 0 125 191 180 211 0 214 250 264 140 273 0 271 0 0 0 0 0 249 0 0 0 0 0 0 0 138 0 0 271 297 287 0 0 0 0 242 246 233 212 0 0 149 0 0 0 0 0 219 196 0 0 165 0 153 0 0 268 0 250 191 263 0 287 0 154 277 0 0 159 0 0 208 0 0 0 318 0 151 232 218 235 207 279 256 0 222 188 229 0 0 109 193 0 0 220 0 0 0 189 280 141 0 0 0 284 0 0 204 0 0 153 271 0 0 293 205 0 0 212 220 238 0 0 133 0 0 202 185 243 237 291 0 0 245 0 109 204 0 131 162 0 130 0 0 125 134 254 138 181 0 200 0 0 104 199 205 299 178 0 0 0 262 0 0 254 125 0 0 0 0 0 185 0 158 116 200 0 118 0 0 186 163 128 0 0 0 105 0 151 0 114 0 231 0 159 279 0 169 161 0 0 0 289 0 0 0 129 0 269 305 0 0 0 0 252 0 253 0 283 134 0 0 122 170 117 164 0 126 143 173 155 0 0 0 143 282 212 315 0 0 0 0 180 164 188 0 248 0 0 0 0 0 200 139 123 0 0 0 145 0 183 106 0 0 301 239 0
0 0 263 107 201 0 298 0 0 0 0 270 0 0 221 114 234 125 118 129 0 0 0 194 139 285 239 0 148 0 206 0 229 0 273 124 152 246 262 141 133 0 0 0 178 121 0 0 238 158 202 0 0 257 0 191 0 172 277 193 201 197 189 0 164 116 0 166 0 0 119 99 213 0 0 109 0 0 175 170 189 231 0 0 0 177 287 0 0 0 309 269 291 154 0 0 0 0 0 0 305 0 0 150 0 0 0 266 111 0 0 0 0 196 171 0 0 0 167 0 0 193 0 0 247 156 116 0 145 137 157 216 136 0 0 0 0 250 0 119 261 153 0 187 0 102 108 0 0 0 0 195 171 0 97 0 200 252 0 132 0 254 0 281 0 0 103 0 128 220 0 0 110 0 0 0 0 0 0 0 193 220 0 289 306 0 205 0 0 0 248 0 0 181 232 160 0 0 222 277 0 0 217 0 0 0 236 0 0 0 0 155 0 282 0 260 0 248 132 0 268 210 0 114 0 0 276 224 223 157 0 259 205 234 0 162 0 0 265 256 202 0 0 0 0 0 0 0 237 294 0 105 113 0 117 0 246 199 267 0 0 0 201 186 202 0 114 0 0 0 0 0 166 0 0 192 0 159 0 0 0 0 265 225 220 0 0 0 255 186 0 0 295 211 205 184 0 0 0 0 0 279 0 167 0 271 246 271 163 0 174 252 0 0 0 0 156 104 0 111 272 0 0 0 132 0 0 239 0 0 198 0 0 134 0 119 105 237 0 260 281 256 173 0 0 0 190 106 178 0 0 0 176 0 0 268 0 254 180 0 0 149 0 0 138 0 0 236 260 179 0 247 0 0 0 0 173 223 0 0 0 127 0 271 132 188 122 0 292 257 252 0 0 157 0 0 241 0 267 114 104 287 0 0 255 0 0 150 0 0 201 0 281 207 252 282 0 197 142 229 120 0 0 0 217 287 232 0 124 0 201 118 233 266 0 0 283 0 0 0 162 271 0 242 170 156 0 103 265 0 0 0 0 179 141 158 141 199 194 0 130 0 0 0 265 176 295 0 180 139 0 0 0 265 0 152 0 112 0 0 0 0 0 0 140 137 0 0 258 107 0 182 111 237 194 270 0 0 0 0 0 0 215 238 0 259 0 0 261 0 168 135 275 114 125 216 0 213 275 0 227 0 223 0 0 0 211 254 0 0 230 0 0 0 0 258 0 242 0 0 164 0 300 0 294 0 0 137 270 308 180 124 0 0 0 0 150 0 0 131 155 165 212 0 0 0 138 155 265 0 0 0 159 0 0 204 236 273 0 223 0 0 0 0 0 0 0
0 0 0 0 0 0 0 212 0 0 301 0 0 133 214 267 177 291 0 277 279 0 0 144 0 0 0 181 167 0 0 150 285 298 0 111 0 121 0 185 285 0 144 295 209 0 230 0 0 135 0 134 247 261 0 158 215 185 0 184 0 0 0 0 0 0 106 213 122 0 145 0 136 0 0 0 0 0 274 114 247 143 0 0 254 0 0 0 0 105 0 221 230 165 134 144 256 0 236 0 134 0 231 0 0 247 0 0 0 0 257 0 0 225 0 180 0 0 257 277 0 249 0 0 0 270 262 276 168 263 0 0 172 0 133 242 249 0 135 0 202 139 190 158 0 287 0 117 219 266 0 0 274 0 136 172 261 192 133 0 0 193 0 143 0 0 0 207 0 173 237 235 0 0 227 236 206 0 0 116 121 272 195 0 0 0 126 245 126 275 102 181 0 0 0 0 0 190 0 136 0 152 0 0 0 289 0 119 0 218 0 0 209 176 184 152 0 170 0 235 117 262 0 0 185 172 0 0 0 212 0 0 0 0 269 0 0 0 230 207 189 102 190 209 237 176 127 299 0 124 93 0 97 166 127 270 0 236 141 291 163 0 0 296 135 146 0 0 261 263 0 165 0 0 0 119 181 0 0 123 198 0 0 0 0 281 156 161 0 132 296 0 0 272 0 203 0 243 0 0 158 0 0 0 191 0 0 246 0 0 0 125 191 0 204 192 0 102 0 204 0 0 0 278 0 0 182 0 107 0 0 223 0 257 267 0 281 0 0 0 0 181 0 294 0 0 266 0 0 134 175 0 0 0 0 173 0 246 0 0 207 272 94 0 0 227 246 243 0 0 0 300 0 203 0 184 233 0 292 0 0 193 0 0 0 121 170 0 134 211 0 0 170 104 165 193 0 0 0 122 184 0 264 106 205 0 0 153 269 154 309 145 242 0 0 162 0 130 0 215 219 104 0 0 0 0 0 0 131 122 112 152 175 123 238 0 250 134 169 0 0 192 0 283 237 0 258 0 239 0 0 261 0 0 224 0 0 0 171 162 307 162 112 247 193 291 265 0 0 116 197 267 250 293 0 166 305 261 170 291 290 165 162 0 0 0 0 215 0 148 291 0 0 0 264 118 162 0 234 105 155 0 138 255 291 0 302 241 262 0 0 221 0 241 0 214 0 107 212 0 171 205 203 123 140 206 0 250 0 0 109 0 0 0 296 0 183 198 188 171 0 124 0 0 258 152 231 179 283 127 0 205 316 247 276 249 0 129 213 0 0 0 245 188 177 104 0 126 319 175 179 272 0 0 252 154 270 172 0 0 0 0 287 108 257 0
0 0 0 0 129 255 0 107 0 0 0 0 0 0 0 164 246 224 235 284 134 277 268 286 0 0 115 0 233 258 274 0 0 0 279 0 0 0 262 293 0 118 0 170 185 281 192 205 200 115 152 0 178 0 0 273 167 0 118 0 228 251 0 0 170 0 0 0 0 0 127 128 116 251 124 164 0 256 257 253 293 247 0 0 205 0 0 162 0 315 241 199 204 0 136 178 0 278 281 310 0 280 0 199 131 0 0 250 0 211 124 0 182 199 0 0 146 0 287 203 0 0 189 0 0 224 253 141 246 247 0 186 0 0 298 282 0 136 0 155 112 0 0 0 114 0 0 147 0 0 0 0 0 0 225 0 233 300 0 210 0 0 0 254 0 256 0 0 0 232 98 170 0 204 0 0 0 0 0 257 259 260 0 0 0 226 0 0 0 0 178 194 167 209 0 315 124 220 153 0 307 0 0 0 0 300 105 185 118 0 0 222 0 162 0 0 0 0 177 134 188 0 0 0 0 214 110 0 296 0 207 0 130 0 0 0 138 121 235 245 0 0 189 233 111 107 114 0 0 166 0 0 0 0 0 313 0 0 237 0 0 0 247 0 198 0 178 196 182 203 238 0 202 0 222 160 0 0 0 187 244 0 145 220 0 247 0 165 194 274 0 0 0 0 265 176 208 0 116 170 0 202 283 171 0 109 0 287 211 0 183 0 103 195 143 0 0 139 256 0 155 0 0 0 238 0 221 0 116 0 0 263 266 253 0 0 193 295 0 0 146 132 116 0 243 0 0 167 0 239 0 0 0 0 0 0 223 0 199 0 175 0 0 175 0 0 179 154 0 0 219 237 189 134 263 0 0 0 0 283 207 193 316 0 0 185 0 0 0 0 235 0 152 0 187 0 168 250 0 0 264 233 171 285 119 205 0 0 0 135 0 136 0 0 0 142 0 0 0 0 216 0 230 0 187 219 171 112 107 0 0 0 0 0 0 134 0 93 126 115 200 0 0 231 0 0 0 0 173 184 251 237 0 275 0 129 0 0 196 257 0 0 189 0 129 199 122 0 0 0 0 0 0 288 0 0 149 134 137 111 288 0 0 280 245 0 0 189 0 156 0 227 256 231 0 0 0 0 0 213 0 0 0 212 153 0 177 0 198 113 263 102 0 260 268 160 226 235 0 212 0 0 0 216 0 0 0 0 0 0 0 0 251 0 211 266 221 163 0 95 186 246 280 0 181 124 0 0 0 0 0 0 0 0 0 237 190 0 0 244 0 171 0 147 190 140 193 273 0 0 242 0 0 234 158 202 0 150 0 0 135 187 0 220 0
0 274 236 184 130 137 0 0 250 276 194 139 295 243 0 193 0 0 0 105 131 127 0 0 299 143 0 168 226 206 267 0 154 0 207 0 179 107 229 0 222 258 0 270 0 0 264 0 240 0 0 204 239 0 0 0 0 169 0 114 253 0 234 0 0 171 120 0 0 0 0 0 152 114 0 197 0 128 194 0 226 287 0 255 154 158 0 125 0 0 0 0 181 241 138 156 106 0 0 0 0 211 180 0 100 0 205 221 102 125 0 111 108 117 263 131 276 116 0 140 243 142 237 0 0 141 188 0 0 0 0 111 0 214 264 165 201 100 110 0 0 152 0 0 240 212 160 218 0 0 0 134 0 217 0 110 301 112 118 0 0 0 0 0 226 121 176 0 181 0 268 261 156 204 0 0 0 285 0 0 120 126 206 0 211 210 0 174 158 285 183 0 139 0 230 105 0 178 159 224 0 0 147 283 0 0 107 103 0 253 0 0 297 261 275 164 0 252 0 0 0 112 0 0 172 137 0 102 153 171 300 241 217 0 0 148 133 0 240 0 0 0 0 261 0 123 244 237 0 0 220 0 129 141 0 123 0 255 0 0 209 102 108 149 0 190 302 213 240 225 0 0 147 299 0 281 120 0 229 182 186 140 255 0 246 264 0 161 187 0 0 169 0 181 110 0 278 130 0 201 0 0 303 0 123 0 0 0 0 250 0 0 119 0 102 211 0 0 209 134 119 207 0 231 0 0 216 118 0 0 265 0 220 179 140 154 165 0 250 0 0 0 237 0 0 0 0 0 0 0 0 0 217 0 0 0 0 0 279 0 213 0 144 0 254 0 0 250 0 244 0 0 0 0 121 0 264 0 239 230 258 167 198 183 0 0 225 0 0 0 0 0 165 0 0 277 192 147 147 128 269 267 0 272 249 0 183 0 0 0 117 236 0 143 0 198 0 115 154 192 0 100 111 0 0 128 180 0 226 0 0 260 0 281 0 110 173 241 295 272 0 276 0 104 0 291 0 133 0 121 0 0 0 0 0 277 244 215 0 218 214 0 165 213 296 162 0 143 0 0 0 157 0 195 0 222 0 139 170 197 114 206 97 269 0 130 0 300 0 128 172 291 0 0 153 115 0 0 158 0 0 0 0 0 287 0 0 0 0 153 261 0 0 194 0 155 152 261 178 0 254 198 0 200 0 200 147 0 0 0 0 106 140 156 0 299 0 0 264 0 105 0 190 113 141 287 237 251 0 301 0 0 0 0 230 0 290 139 276 0 0 144 0 0 0 0 265 299 0 264 276 239 100 110 0 172 0 0 0 0 285 272 0 0
0 225 0 99 234 253 0 0 266 244 0 0 101 246 132 0 0 104 0 0 0 0 0 0 129 170 0 283 0 0 136 201 0 270 0 0 280 0 0 180 185 234 0 0 231 154 171 0 262 0 293 0 0 0 0 0 0 210 276 0 185 0 0 123 0 127 242 129 0 209 0 206 0 0 212 0 0 0 0 115 0 254 117 0 0 0 144 165 0 120 0 0 0 310 155 176 0 131 166 0 236 131 309 0 0 194 0 165 227 234 279 0 119 110 0 0 0 0 120 149 0 245 204 0 168 293 216 152 141 139 0 0 0 279 0 0 300 259 0 0 0 126 0 0 180 0 175 178 0 0 0 109 0 123 0 147 0 192 139 242 0 107 111 0 0 222 0 0 262 0 0 224 0 0 109 299 0 189 0 0 0 0 0 288 0 120 0 0 0 141 0 0 0 0 227 186 163 191 0 0 0 0 250 294 239 0 0 0 0 285 196 135 289 150 0 278 0 0 0 242 212 179 0 0 0 0 126 0 288 0 0 209 0 0 0 250 107 254 182 284 275 0 0 210 244 0 243 213 223 273 266 117 238 264 141 0 279 134 233 0 0 0 0 207 0 131 137 0 0 0 109 0 114 139 244 284 258 0 254 0 0 250 0 0 0 0 141 0 229 179 249 282 150 160 105 238 0 0 203 0 146 0 0 128 121 113 156 234 104 0 133 0 0 0 0 145 0 0 0 0 302 308 0 0 0 161 0 246 142 0 0 0 213 0 267 0 244 0 139 0 223 206 193 192 146 221 212 227 0 0 0 0 128 0 278 206 0 0 127 0 173 0 242 280 0 286 0 0 0 0 0 262 241 0 117 0 0 121 0 229 0 158 118 0 0 131 0 0 275 0 166 211 0 188 270 0 114 0 206 0 217 0 0 261 0 0 0 209 297 0 104 163 0 0 0 0 273 186 113 283 253 0 0 0 119 0 195 0 262 145 202 273 0 0 0 0 162 152 266 0 0 106 203 160 199 96 0 119 0 0 179 0 250 214 264 0 274 155 0 0 0 150 102 0 0 0 255 0 0 139 0 0 241 0 165 251 120 234 200 0 181 165 114 158 0 275 155 134 107 132 0 94 0 213 0 0 0 0 0 119 198 0 0 0 235 288 129 0 183 0 0 0 0 0 0 241 180 0 263 162 152 267 0 213 302 0 164 0 117 0 0 0 0 0 230 190 258 0 0 0 269 0 0 258 0 118 275 176 0 233 166 133 267 0 0 0 256 202 0 0 277 296 0 0 154 258 262 289 198 241 0 288 208 0 236 216 0 0 204 0 153 0 0
0 0 261 260 231 0 0 250 274 0 146 0 0 0 0 0 230 0 148 148 0 0 0 0 0 136 0 0 0 183 278 282 0 295 0 0 137 244 183 146 0 111 267 244 219 0 0 0 234 285 0 147 227 114 0 127 0 0 102 206 237 279 0 167 203 221 168 0 0 122 160 134 117 159 0 115 0 0 109 0 307 269 128 145 234 273 0 0 251 0 0 102 0 0 0 0 109 225 0 161 0 0 145 212 267 0 138 222 234 296 0 0 160 0 265 270 0 272 241 0 0 247 127 264 234 209 0 0 0 0 116 0 0 254 271 0 227 0 0 0 0 0 0 260 221 0 0 0 0 106 166 167 298 0 173 0 0 0 116 198 0 242 0 0 0 235 0 0 133 0 177 128 202 279 0 166 0 150 0 262 0 291 234 284 0 279 280 162 204 187 301 0 249 0 0 0 141 144 302 139 0 0 273 0 245 187 0 134 0 0 276 207 169 147 0 0 145 130 0 123 249 0 111 0 264 0 170 0 99 0 0 0 150 133 0 174 117 141 187 120 0 254 0 0 208 228 0 257 132 0 0 161 229 297 0 0 217 0 0 0 166 0 129 277 0 0 164 0 0 207 0 160 0 0 188 114 0 203 190 0 0 281 0 0 129 0 104 0 0 116 118 299 0 103 108 0 243 252 199 103 0 189 234 0 0 277 0 288 0 215 0 293 0 0 0 213 312 0 0 0 0 235 225 115 0 307 0 0 0 0 219 0 172 186 0 0 148 0 0 155 0 171 0 180 0 190 153 0 0 0 253 158 0 0 0 0 0 273 0 249 151 0 0 0 303 197 265 201 0 0 0 0 116 243 113 164 281 178 264 0 0 219 0 0 0 0 238 116 272 245 226 0 284 267 160 0 177 0 193 101 235 0 147 273 0 230 0 170 183 0 290 225 0 124 0 233 156 185 112 0 222 258 261 0 0 0 0 0 223 0 286 0 281 264 268 0 233 0 0 0 274 0 0 220 238 282 0 0 0 0 209 0 0 268 224 0 0 201 0 178 135 198 242 0 0 0 0 0 166 264 157 0 99 0 0 293 179 0 171 196 159 0 0 282 0 115 0 0 0 266 0 0 0 0 178 236 94 0 163 0 124 271 0 0 0 0 0 0 0 209 0 161 0 0 0 0 0 242 207 0 219 0 0 0 0 125 0 0 0 0 0 0 135 0 220 0 126 0 206 282 0 289 0 285 0 0 0 0 0 0 120 148 123 0 0 166 131 0 0 0 0 232 187 205 216 0 0 150 0 236 0 0 0 0 0 0 0 0 0 139 193 0
0 218 203 0 0 0 0 253 0 209 149 0 148 248 187 224 251 195 0 0 239 0 236 163 168 0 0 286 267 0 0 154 183 110 0 0 0 160 0 0 0 182 108 0 174 0 134 0 227 153 0 0 224 201 0 0 0 0 141 0 0 0 123 171 0 99 0 148 287 165 245 242 0 189 0 0 176 209 0 0 0 0 0 0 0 263 0 0 0 284 226 0 0 0 178 0 155 104 109 174 205 133 0 0 0 0 0 129 0 0 0 171 0 196 0 0 103 0 108 0 170 155 290 116 0 263 225 187 157 0 0 191 0 0 205 0 132 129 0 0 113 0 0 0 0 152 177 0 0 270 188 241 139 153 145 0 175 159 258 258 293 0 0 176 0 0 247 134 0 218 201 288 0 0 0 0 0 0 160 0 244 249 131 0 138 0 125 227 0 176 0 252 217 0 155 0 0 0 296 0 246 140 281 265 0 203 134 204 162 273 0 245 0 163 0 0 0 257 170 281 200 145 0 243 0 275 214 0 0 0 299 137 98 0 273 216 285 0 110 221 229 267 0 242 0 288 0 0 0 0 282 121 287 151 0 276 0 143 0 0 159 0 0 276 0 0 241 0 0 234 194 174 0 235 0 0 0 202 182 0 170 0 176 0 0 0 210 294 291 187 0 0 0 210 0 0 0 262 241 0 136 0 0 0 0 0 0 132 280 236 108 113 0 0 0 0 0 118 120 0 0 0 291 136 193 286 0 0 0 213 0 136 276 279 0 143 0 303 113 0 0 217 119 0 0 182 256 105 147 190 0 0 0 232 175 151 191 0 111 0 0 128 263 172 0 0 0 108 0 188 0 215 144 247 284 259 0 217 283 0 146 226 0 0 0 139 188 0 0 0 0 98 0 164 0 0 111 304 154 210 169 0 0 111 181 0 0 0 260 0 221 286 0 0 0 191 0 0 196 0 0 0 0 121 186 149 212 124 146 144 0 130 210 0 140 0 0 0 265 0 0 139 0 0 0 0 257 0 0 151 130 0 217 136 263 144 0 203 274 0 0 148 109 280 257 0 0 126 0 0 155 165 271 157 0 0 220 197 0 139 206 0 241 148 0 229 0 0 0 274 0 0 247 214 172 246 0 283 0 221 0 0 0 0 0 262 215 151 0 169 0 275 169 0 289 149 215 266 220 198 0 0 0 0 136 254 198 193 127 195 202 0 0 108 207 0 0 230 216 0 100 0 227 0 160 215 236 0 109 134 0 0 160 140 0 0 222 0 0 0 0 184 0 229 120 0 266 0 0 0 182 0 209 169 192 0 0 0 0 0 0
0 0 170 308 179 0 227 0 0 232 157 0 0 0 0 0 0 0 0 0 0 156 0 0 299 121 0 117 0 183 0 121 0 213 0 0 157 196 182 0 150 0 275 102 285 250 0 0 0 253 0 0 0 213 0 272 0 0 160 0 111 0 0 0 106 195 0 0 0 257 226 182 0 0 179 237 0 176 132 139 153 131 256 154 165 211 292 0 172 0 115 0 192 0 163 245 0 0 140 235 211 0 0 0 131 289 0 137 0 0 0 121 0 0 0 286 281 170 0 177 0 293 0 281 296 267 0 105 0 229 0 0 185 0 0 0 0 219 293 0 97 276 0 0 120 0 0 173 274 173 0 240 0 256 144 0 117 0 251 0 0 0 0 227 192 0 0 261 0 0 256 0 173 0 188 0 279 0 0 105 0 0 0 0 239 0 0 0 199 128 242 0 0 227 272 0 0 224 0 225 133 132 119 0 214 0 0 0 0 0 0 0 176 291 212 119 0 176 148 0 266 0 0 0 0 0 260 283 164 262 0 155 285 234 258 113 253 270 0 0 137 0 195 108 167 109 236 0 0 270 0 179 0 191 0 0 0 0 162 0 123 0 236 0 0 269 283 103 114 185 154 130 0 0 243 0 124 0 148 162 119 279 283 213 144 269 264 0 0 0 141 0 210 0 0 0 267 114 241 231 162 0 107 0 0 276 0 166 212 0 279 267 262 0 0 0 0 111 154 0 0 194 0 0 0 0 0 0 169 0 169 98 268 0 297 0 99 168 0 0 203 250 0 0 0 237 0 158 0 267 280 0 276 0 262 0 125 0 171 178 0 0 115 230 0 293 0 0 145 251 207 231 0 0 180 212 231 283 0 0 0 0 0 0 0 0 0 286 0 0 146 102 107 229 0 244 0 174 0 213 0 0 152 0 200 181 0 0 186 198 182 143 0 261 0 121 0 238 0 0 267 161 161 167 0 0 224 0 0 267 275 196 0 190 101 220 206 0 147 287 0 203 228 242 99 0 0 0 144 0 0 0 251 266 0 250 0 0 0 297 0 0 0 221 214 109 308 290 0 134 253 0 0 217 137 154 0 225 0 0 286 0 239 0 156 0 245 254 0 227 191 0 0 156 0 121 212 0 113 0 163 0 0 152 0 144 208 0 0 0 112 228 0 0 154 0 209 0 0 0 0 0 0 0 232 185 0 207 190 0 226 0 0 0 143 0 0 216 0 162 211 0 0 306 243 0 0 201 281 282 206 0 239 0 211 0 0 0 215 0 0 155 0 0 301 186 130 179 185 0 0 0 0 136 0 172 0 247 251 0
0 0 269 216 0 241 300 0 0 110 0 186 0 129 0 0 204 0 223 106 0 0 0 0 207 307 0 144 201 0 170 115 145 298 237 0 0 283 263 269 146 153 0 0 121 0 0 109 305 153 244 0 0 0 184 0 0 0 0 243 212 257 0 0 280 143 206 0 187 254 0 262 0 272 266 146 128 115 123 190 0 0 0 135 0 113 194 0 0 312 0 0 0 0 241 0 187 0 108 131 281 0 0 0 0 137 0 0 291 0 135 0 0 265 244 305 208 217 0 263 243 0 211 0 265 225 0 185 141 0 0 0 0 291 197 0 131 0 222 243 96 211 197 279 269 242 202 178 0 0 184 0 141 0 0 132 106 0 0 0 158 237 0 305 0 0 177 0 0 0 274 181 0 0 0 0 255 112 0 139 0 219 118 0 124 166 253 0 0 0 0 0 225 0 236 184 0 0 263 0 0 257 150 138 0 98 0 289 0 0 224 0 287 0 156 0 0 201 119 271 91 0 129 0 119 179 0 248 117 0 210 127 137 225 120 122 248 0 0 0 207 267 0 182 100 0 237 0 137 114 286 193 192 0 0 111 278 0 181 112 265 158 0 304 0 187 112 184 206 0 176 0 174 0 182 0 0 0 95 274 255 119 0 131 250 0 0 0 124 0 195 134 255 174 175 0 298 307 187 0 0 0 263 0 0 0 153 0 270 0 199 0 0 191 0 0 244 0 0 121 0 271 0 172 0 132 210 292 258 313 144 0 221 204 0 245 0 0 184 293 250 0 266 157 0 164 0 142 129 0 104 116 0 204 227 0 263 0 0 0 0 0 0 282 218 0 224 183 0 0 0 163 0 206 0 0 128 146 274 0 0 171 0 213 300 191 147 0 0 0 126 184 0 238 208 191 216 128 272 108 279 0 0 0 0 0 120 0 136 0 174 0 232 0 0 122 0 211 0 0 251 0 0 191 0 172 107 154 0 0 209 0 0 281 235 0 0 0 0 0 0 0 133 164 144 232 0 0 237 0 240 290 117 240 173 236 0 0 151 248 0 0 113 105 0 0 0 0 177 209 0 227 126 262 278 186 147 202 0 124 232 0 0 259 224 0 0 0 0 0 0 0 151 0 0 0 144 0 279 126 0 0 0 190 0 151 118 0 0 0 186 189 0 120 151 110 0 0 0 258 116 180 0 194 252 0 0 0 234 219 144 126 227 185 0 0 0 214 0 165 267 159 103 0 0 0 0 130 271 0 0 274 246 0 0 0 103 0 237 0 256 252 0 0 289 0 276 117 192 0 0 239 0 137 0 0 0 269 0
0 111 125 0 187 0 156 206 0 188 0 244 255 0 301 0 271 97 250 215 0 0 0 267 0 0 0 223 0 200 0 0 254 0 161 0 300 169 0 149 180 189 261 0 264 283 293 155 0 0 0 182 152 0 0 0 165 156 292 0 189 0 0 179 0 110 103 244 0 159 137 222 0 0 0 0 251 159 0 245 0 0 243 0 112 0 0 225 0 169 0 0 216 0 0 201 0 0 0 0 0 125 0 0 0 287 278 253 0 152 0 0 147 0 225 0 132 0 212 0 0 216 105 0 0 199 183 200 241 317 0 0 0 0 244 212 136 248 152 119 0 0 0 254 136 247 0 0 0 210 189 103 0 304 0 229 0 180 156 0 0 0 0 124 0 99 123 113 0 0 146 0 279 184 174 103 0 0 257 111 133 0 224 0 251 212 0 0 109 0 134 294 0 187 0 0 0 0 0 123 262 0 281 0 227 235 0 262 204 0 262 0 0 202 266 0 0 0 0 176 283 302 159 137 254 197 142 0 197 0 0 112 0 0 0 267 126 0 246 297 0 0 219 238 226 122 181 0 258 0 280 118 0 0 0 268 153 0 111 136 255 0 178 288 0 0 0 0 158 0 0 0 0 213 104 0 0 0 0 0 0 114 0 0 99 183 246 0 0 214 0 0 110 260 150 283 0 0 0 0 0 0 139 0 152 98 107 154 284 0 0 0 179 0 0 0 0 0 0 305 150 234 129 225 202 0 110 251 164 0 203 0 0 222 0 168 0 137 0 0 0 229 315 163 0 118 145 303 0 0 149 296 0 306 139 0 255 208 0 172 138 228 291 0 144 197 0 264 191 0 0 278 147 131 220 211 235 110 0 236 101 110 137 105 107 0 229 132 0 208 257 267 270 286 245 290 0 0 0 301 149 196 243 269 0 0 322 208 147 234 0 0 151 0 0 163 177 0 231 0 0 275 0 293 0 158 0 230 171 0 0 129 249 207 0 233 0 0 0 0 0 0 117 143 188 0 0 270 148 239 245 0 0 0 0 222 147 0 0 0 185 0 0 0 266 300 0 0 0 148 0 120 188 131 0 0 0 0 264 0 0 0 0 0 0 246 220 227 0 101 173 206 261 0 212 0 0 201 178 0 0 0 189 0 0 243 0 0 138 129 223 166 0 0 258 103 191 191 0 0 0 0 0 196 274 0 189 0 0 175 0 0 272 114 275 0 0 0 0 204 0 0 239 0 0 142 209 0 177 0 278 223 256 146 0 0 259 260 149 163 201 0 0 117 158 0 182 0 207 0 0 154 0 0 0 0 132 0
0 122 287 157 258 0 243 179 0 271 0 0 247 0 166 270 277 145 0 128 0 0 186 0 115 0 0 261 233 131 250 115 0 137 0 0 220 126 0 183 175 0 242 0 223 256 249 0 0 0 0 0 208 0 0 0 0 110 150 151 0 0 0 207 119 0 266 252 190 0 0 0 0 255 287 124 262 276 203 0 265 222 169 0 241 243 182 0 0 243 0 0 0 229 0 200 0 126 0 247 260 0 0 0 120 272 224 0 0 215 0 0 0 312 0 0 0 206 116 0 0 179 181 284 103 303 0 131 121 199 0 0 0 0 0 0 0 176 0 0 0 0 111 102 216 0 102 187 154 0 0 0 0 0 106 219 228 238 291 116 0 248 136 0 157 0 0 0 0 187 120 167 130 0 150 176 199 183 171 159 0 0 282 273 221 118 199 0 0 158 0 0 0 198 236 0 194 0 0 0 156 114 0 113 163 234 0 0 114 205 139 153 0 0 125 0 281 139 0 187 0 0 0 163 260 0 0 0 228 0 0 231 0 0 112 179 0 118 226 0 0 0 0 0 0 0 172 246 223 164 105 175 118 184 0 100 276 104 0 304 0 253 164 0 218 246 201 271 114 0 0 0 0 0 248 0 251 269 136 0 137 0 110 157 0 251 273 200 169 0 210 268 280 0 0 261 183 296 260 0 0 268 0 108 231 0 231 0 243 0 160 286 0 0 0 242 0 111 188 284 262 0 183 0 162 0 143 136 248 126 0 104 0 0 149 0 0 150 0 0 176 0 279 126 286 256 94 212 246 237 0 235 259 0 262 0 229 279 228 0 0 229 0 0 0 0 0 168 295 0 127 235 178 145 0 190 199 0 112 268 0 275 0 0 0 113 217 202 138 150 238 0 0 0 190 0 0 0 128 181 0 277 219 238 206 182 168 206 0 169 255 162 0 294 251 195 109 0 274 0 0 227 0 255 0 234 138 0 0 0 0 189 0 0 124 171 150 101 0 231 0 0 161 283 0 0 251 111 0 141 0 0 202 138 0 0 0 0 187 0 186 0 244 160 237 0 0 0 0 0 0 0 111 189 145 144 204 136 145 0 0 123 0 285 0 0 0 0 188 0 212 175 218 248 141 0 0 288 183 186 0 0 154 172 234 0 0 0 134 182 0 203 0 0 284 0 288 0 132 121 0 230 304 132 246 159 230 209 0 0 104 211 299 0 261 0 0 0 116 255 142 0 0 114 284 177 0 161 230 0 0 0 106 176 0 0 216 0 223 0 0 0 0 152 0 0 275 0 241 229 224 0 0 185 0 0 0
0 0 0 0 250 212 255 187 168 0 223 0 172 0 0 251 161 241 282 0 153 148 251 0 0 0 278 0 0 226 0 0 0 0 0 0 0 0 0 255 154 274 156 0 0 189 0 210 212 0 221 0 241 264 226 0 0 0 176 109 0 191 126 250 255 0 0 0 231 234 172 0 268 306 103 235 0 204 196 0 0 236 276 0 0 0 112 292 248 0 0 0 0 108 0 0 298 0 234 0 0 0 283 0 0 0 0 251 241 151 213 0 171 0 0 0 253 0 253 129 0 212 0 0 241 284 0 0 0 0 0 232 251 171 121 0 249 284 213 217 0 151 109 260 0 273 222 282 178 0 0 0 0 0 150 0 0 0 240 134 214 276 94 249 0 259 222 302 217 126 258 0 125 0 0 283 0 0 179 0 0 238 0 266 0 207 103 195 0 0 240 216 171 224 0 0 0 186 0 105 0 211 227 0 0 234 163 0 0 0 153 230 0 115 282 124 0 114 0 0 268 0 211 162 240 137 257 245 140 0 228 176 0 170 0 0 0 0 220 0 0 265 134 0 126 0 0 0 0 0 0 181 0 131 0 0 268 168 239 0 0 0 146 178 250 0 0 0 0 109 0 0 0 291 0 0 144 226 0 211 231 191 254 149 166 194 0 0 164 0 0 0 276 194 169 227 210 0 205 0 0 290 302 0 0 0 0 0 0 273 211 0 121 122 279 0 125 0 116 0 137 184 0 233 0 0 0 0 240 169 0 0 0 215 188 236 0 104 117 0 265 0 0 183 236 0 289 0 192 241 0 200 0 0 126 0 205 0 0 308 236 228 264 116 154 0 0 235 231 0 128 109 151 0 0 0 0 0 0 205 226 168 0 285 228 210 0 190 220 0 175 174 137 0 108 0 0 0 0 216 0 0 0 0 235 0 206 133 201 0 163 186 182 172 174 0 302 0 170 0 176 0 0 149 0 104 0 112 0 0 0 0 134 0 0 0 130 186 0 157 157 0 282 219 0 161 285 264 0 272 0 0 162 0 136 0 0 0 255 0 274 218 169 0 272 0 0 269 0 145 0 211 246 151 226 244 0 241 0 0 0 0 0 0 155 0 0 303 0 293 0 121 289 0 239 293 244 105 0 0 121 0 176 256 0 286 289 140 0 262 0 0 196 276 251 213 217 0 111 174 179 0 0 245 157 161 0 167 228 280 119 0 260 109 295 0 277 200 196 0 0 154 0 260 0 199 0 100 0 114 0 0 0 216 195 254 0 0 239 227 116 231 264 0 226 0 0 212 0 0 0 0 233 0 0 0
0 184 0 138 0 0 275 179 271 0 0 0 152 0 136 246 0 280 0 195 150 0 0 122 184 0 0 0 219 103 0 0 243 145 0 0 0 0 0 288 0 195 288 0 0 241 291 0 289 248 142 174 254 155 166 283 0 289 264 0 224 239 0 267 186 0 0 0 0 0 0 0 161 128 170 114 0 184 166 0 187 196 175 0 293 301 145 231 112 113 291 210 0 162 212 192 227 171 237 0 211 0 0 0 162 0 0 223 306 193 0 0 0 188 135 0 183 267 0 202 252 0 284 281 255 116 0 108 273 0 0 0 255 115 0 223 166 180 285 143 0 0 266 0 0 260 281 247 0 189 0 0 247 0 151 127 0 0 172 0 194 0 0 0 0 0 247 228 191 0 123 146 108 0 235 0 0 137 131 0 0 0 122 181 0 193 0 236 105 0 0 0 0 0 236 232 0 249 224 0 0 147 209 0 0 0 0 0 0 0 146 0 0 0 0 273 150 0 235 0 134 114 0 0 0 0 0 0 0 0 256 0 239 174 0 0 206 0 0 0 178 162 147 0 0 0 224 308 0 0 0 109 111 0 0 207 0 162 243 119 149 0 235 259 176 276 217 0 165 179 188 0 0 0 0 113 0 0 153 0 250 0 0 160 0 0 169 244 0 224 0 0 0 0 234 118 0 0 0 142 0 0 0 152 180 0 0 0 0 99 211 188 0 187 210 112 104 179 109 228 0 0 0 0 0 214 0 253 186 0 224 0 209 0 231 0 214 0 0 272 256 166 170 312 0 0 0 0 231 0 0 171 229 0 300 0 230 151 0 0 0 256 101 0 0 147 129 0 250 244 211 0 0 135 0 169 244 0 241 0 234 0 132 0 0 0 116 220 155 0 0 0 259 102 0 0 0 0 186 174 183 267 0 0 0 0 282 199 131 268 0 0 227 150 0 0 0 169 0 213 0 0 0 249 0 0 0 0 194 129 259 0 0 196 0 107 151 0 0 238 167 192 250 253 113 174 247 247 0 0 0 142 92 0 127 275 254 176 0 125 0 206 151 100 0 141 143 0 0 229 119 252 0 283 150 277 120 243 261 0 257 0 0 141 106 0 150 0 0 198 0 0 184 203 145 0 215 0 0 277 136 180 247 98 186 224 0 0 0 0 0 0 219 0 0 208 0 0 142 197 0 146 0 0 230 164 172 0 280 0 0 0 100 141 130 185 0 112 268 191 166 127 0 186 0 0 232 236 138 0 0 209 254 0 0 0 180 144 214 176 201 141 0 0 0 0 0 206 0 144 0 0 0 0 0
0 0 137 261 0 0 279 0 173 136 273 116 287 224 0 0 147 227 0 240 0 0 0 247 228 137 283 0 0 153 0 122 166 273 149 167 229 245 115 289 241 233 254 0 283 0 0 0 217 224 0 148 108 107 0 121 0 216 0 124 0 272 151 0 0 0 0 0 221 0 233 0 203 0 0 241 220 0 268 0 0 138 0 195 101 270 151 157 0 0 101 0 150 0 0 0 0 0 0 157 190 0 0 229 0 286 228 146 137 0 0 262 0 0 0 123 119 242 0 175 0 0 265 122 0 0 150 215 276 0 0 278 0 0 0 106 0 104 0 158 136 102 128 0 101 0 296 182 233 0 287 0 167 0 0 0 103 0 0 0 225 0 0 165 0 0 246 115 265 0 140 111 174 0 184 0 197 278 0 0 0 0 0 0 0 0 269 0 146 0 148 235 0 268 236 104 0 0 101 200 0 250 0 160 280 114 0 0 191 250 199 137 0 0 0 251 197 203 0 0 0 118 0 0 209 0 256 0 0 0 0 216 270 275 136 267 0 264 140 160 0 0 131 245 185 0 0 0 172 137 204 0 256 0 0 0 0 186 259 176 0 0 0 116 0 0 0 198 273 272 0 0 0 140 0 0 0 162 107 0 0 0 0 0 0 140 295 251 225 203 0 151 0 0 106 244 129 169 143 234 179 0 0 206 279 0 96 216 244 136 302 98 0 0 152 0 0 0 0 217 151 0 122 0 168 0 135 0 129 189 181 266 0 0 0 0 0 0 262 284 125 0 156 245 0 247 0 0 0 0 0 295 0 231 240 265 0 238 204 0 0 0 186 183 0 0 0 286 105 0 150 159 0 192 202 0 280 238 268 275 0 145 307 291 284 0 0 191 0 0 100 0 0 180 0 313 264 246 0 246 0 116 0 241 172 0 0 0 0 0 114 0 122 276 0 0 190 238 0 135 0 0 0 215 148 0 0 0 119 218 0 0 245 0 0 0 0 164 257 0 155 280 175 157 0 185 205 301 185 133 202 181 187 250 178 142 0 295 0 150 0 0 0 248 142 121 0 0 0 224 163 116 128 0 109 0 0 0 0 257 0 0 235 286 0 269 0 103 0 111 0 176 284 0 113 279 0 0 0 0 0 170 233 244 0 197 0 0 0 238 270 0 0 0 236 0 0 0 0 194 226 0 0 0 239 152 0 0 0 0 153 297 233 0 238 187 0 0 161 271 0 0 0 0 0 0 113 0 273 179 269 213 0 309 0 128 266 112 0 218 0 317 0 0 237 0 0 195 0 156 0 0 124 0
0 164 180 0 0 107 140 145 0 0 0 165 0 118 247 0 252 0 0 0 233 182 0 139 0 0 0 0 0 115 268 0 140 0 285 0 107 0 0 106 0 195 0 0 0 164 0 0 190 268 0 0 0 170 0 245 0 144 0 119 219 0 0 0 0 125 0 147 149 161 274 0 0 0 257 0 188 157 0 0 244 0 135 0 0 0 175 282 0 193 253 0 0 213 0 231 104 281 133 198 133 251 0 166 136 0 0 293 0 0 0 267 158 150 174 0 0 199 277 128 245 0 144 0 0 0 161 270 0 0 0 0 0 228 190 118 0 0 0 0 0 0 0 0 178 0 0 221 0 258 0 246 0 115 230 239 273 0 264 188 0 0 123 0 0 195 0 0 100 221 0 268 209 0 0 0 109 100 0 0 0 0 203 0 181 240 239 0 0 215 0 228 0 0 0 175 221 132 159 283 234 106 0 126 0 150 152 0 0 221 233 109 157 188 0 0 0 274 159 0 114 0 99 0 0 177 0 108 114 191 251 0 253 0 0 0 0 0 0 0 231 0 119 171 0 0 0 0 165 160 135 298 107 0 0 234 0 0 277 0 0 201 0 0 122 267 176 134 228 113 0 232 204 0 261 195 0 0 0 0 0 172 261 251 0 266 135 0 0 0 0 263 296 0 0 0 195 0 0 0 0 0 0 198 0 221 0 114 219 0 0 0 0 0 0 127 0 200 102 148 229 287 281 0 236 209 210 0 105 186 301 251 104 0 0 0 0 181 0 113 222 154 0 232 169 0 258 0 146 298 240 0 275 0 243 122 0 0 258 0 0 160 111 0 252 0 280 263 0 0 184 0 111 0 0 0 0 0 267 0 0 0 107 162 0 101 0 202 0 0 0 0 0 0 113 178 0 102 268 0 0 119 0 0 215 0 0 220 0 179 0 0 0 246 0 304 153 115 0 0 0 0 0 121 237 0 0 256 0 0 0 0 0 315 136 109 289 170 255 0 125 194 244 0 0 266 0 0 176 184 0 0 228 0 148 0 268 194 138 0 141 147 243 274 102 0 0 281 0 102 288 0 0 0 0 0 0 314 172 283 0 229 242 0 0 0 172 0 295 0 135 0 158 114 148 0 245 293 0 119 165 152 221 0 0 184 114 170 207 0 155 0 0 184 257 188 0 300 0 0 0 143 167 0 275 0 212 185 0 0 228 0 0 195 229 0 0 0 0 0 0 103 0 0 0 0 0 135 167 0 188 250 175 0 0 0 0 238 195 274 0 0 0 191 180 182 0 235 226 0 0 232 0
0 119 0 261 138 0 0 228 298 0 148 199 264 0 0 125 121 242 0 209 270 191 130 0 0 241 210 106 0 109 0 0 0 232 124 140 0 240 172 248 0 244 134 0 203 0 0 0 0 161 0 0 0 175 253 183 0 265 0 0 0 291 315 0 147 0 145 129 246 0 0 200 0 0 0 0 0 116 0 0 274 0 180 216 0 143 0 121 290 292 197 0 0 287 232 0 96 103 119 262 146 242 266 152 140 0 111 203 0 283 0 280 0 0 0 0 277 154 0 0 0 126 146 96 0 0 0 198 109 230 115 0 0 285 254 137 0 0 0 0 197 0 203 149 0 0 0 0 0 147 0 0 125 111 256 0 0 0 132 0 0 206 0 125 252 124 0 238 129 0 144 279 256 0 271 0 0 143 232 0 0 288 0 0 227 176 0 0 192 0 214 167 0 0 0 0 0 0 233 146 296 0 0 293 156 231 0 114 0 0 0 213 0 0 217 0 126 216 251 196 231 147 188 0 121 146 302 0 0 0 256 128 0 0 107 183 0 185 257 0 0 0 0 214 270 0 0 269 237 0 0 228 121 140 0 234 141 0 0 119 271 249 181 0 0 0 106 0 0 0 0 314 287 0 0 256 0 259 0 110 218 0 146 0 275 0 0 221 0 211 184 0 0 241 146 249 0 304 0 0 0 269 243 0 318 139 0 154 0 315 248 158 0 0 245 0 233 0 225 0 248 185 170 0 0 124 0 143 249 207 0 155 0 0 260 237 0 0 212 301 207 0 0 244 0 177 0 0 129 0 151 0 0 0 0 0 197 313 175 0 236 0 221 254 216 0 272 0 0 118 0 276 0 264 0 261 281 252 0 0 262 110 0 0 175 154 303 165 0 0 176 0 0 0 141 103 178 0 0 0 224 0 126 0 0 0 260 0 273 305 0 276 0 0 221 0 167 113 178 159 0 218 0 0 288 239 0 0 0 0 0 271 0 301 143 286 123 0 0 107 0 196 222 0 244 212 301 0 190 199 0 0 264 0 0 0 0 0 0 0 267 270 286 283 0 0 207 132 217 235 264 163 0 176 104 198 0 264 0 182 0 249 0 0 0 189 140 0 0 0 0 0 136 0 126 237 0 270 0 0 280 0 208 292 0 0 284 207 178 130 0 153 179 313 168 169 0 245 195 0 0 0 249 242 226 0 0 100 145 190 0 177 145 111 0 0 0 144 233 280 208 291 0 193 232 287 231 0 193 108 255 120 0 0 268 161 0 273 0 292 0 0 146 311 0 0 0 0 0 190 0 0
0 0 0 0 0 0 147 0 265 194 0 0 0 286 0 0 0 0 0 0 285 0 244 238 225 0 125 0 199 0 157 232 0 152 221 0 222 0 0 0 0 0 249 0 110 0 0 164 127 0 172 141 0 0 124 189 0 0 182 0 267 0 0 0 0 287 168 0 159 0 226 0 0 0 0 158 288 127 0 133 151 0 0 0 0 0 200 0 155 138 213 211 0 0 0 0 130 0 0 0 0 0 108 0 0 276 0 0 187 0 206 176 168 0 288 0 0 0 0 113 156 301 0 0 264 298 178 125 198 0 133 0 0 0 108 0 0 0 0 0 207 191 0 152 0 0 0 293 194 209 256 0 247 0 149 0 0 0 184 0 0 0 0 170 292 0 295 0 191 219 215 0 0 0 0 117 0 0 0 249 0 0 263 0 0 0 0 0 0 115 0 249 0 0 0 0 164 0 170 134 0 144 252 0 0 0 0 168 0 178 217 211 202 0 224 190 0 0 0 0 161 0 0 0 0 248 0 0 0 184 0 122 272 214 0 0 0 301 105 275 0 0 208 0 210 0 230 277 167 106 0 0 0 0 117 0 0 0 0 0 303 0 0 214 0 255 289 0 0 119 0 165 0 197 200 0 0 149 309 0 0 124 0 0 248 0 134 173 229 0 182 231 0 0 103 0 0 0 212 0 0 244 0 182 0 0 0 233 179 0 110 115 193 254 150 265 0 184 0 0 201 278 0 0 292 0 119 0 0 125 238 278 238 0 190 284 0 255 220 0 0 0 0 103 0 0 134 0 0 156 200 0 226 0 231 0 169 0 0 0 144 0 145 0 144 0 0 254 0 190 106 0 0 0 0 155 0 225 115 231 157 208 0 0 241 0 183 0 0 161 0 235 0 178 0 0 162 297 101 141 0 173 0 0 196 0 0 0 245 0 197 0 0 0 0 255 0 123 236 0 0 255 0 0 0 0 0 0 208 118 146 0 0 263 0 261 190 183 307 0 0 249 0 111 108 0 203 208 123 0 99 0 0 0 153 211 0 119 0 0 103 220 0 240 181 0 0 235 197 0 208 0 0 0 127 159 0 0 203 277 0 273 244 0 0 298 0 0 262 178 283 178 127 294 0 0 194 214 241 0 0 118 0 0 0 0 0 177 0 132 0 206 0 0 0 0 314 0 0 0 175 0 127 0 0 184 114 191 174 260 0 0 0 152 273 133 0 0 0 197 0 147 141 0 212 196 233 252 241 221 234 186 177 143 0 0 0 162 0 215 0 0 159 0 153 0 269 0 0 174 0
0 0 199 139 194 125 0 0 270 181 0 223 0 0 0 0 0 235 0 0 0 214 0 0 0 0 0 0 202 0 296 267 0 0 0 278 0 132 269 0 107 0 0 0 248 0 140 183 0 264 276 0 0 114 0 179 0 0 0 111 0 0 0 0 202 166 233 106 117 0 218 0 106 0 0 161 124 0 245 303 0 0 230 97 0 117 294 0 139 0 198 0 0 251 0 278 0 0 0 249 0 0 168 170 0 0 304 0 110 179 169 280 208 101 290 0 0 0 0 225 184 258 261 224 253 0 110 0 0 0 107 0 176 155 0 141 238 0 210 0 0 0 112 0 133 240 0 164 126 141 0 0 0 126 0 208 165 236 0 0 107 254 166 245 0 254 0 0 163 279 0 0 197 208 199 0 234 0 0 140 265 107 0 266 173 132 0 0 0 0 125 285 0 234 0 0 0 0 263 0 0 0 280 208 0 0 0 0 242 0 0 0 0 260 173 157 241 274 172 0 264 0 159 300 0 0 0 0 0 288 126 0 0 107 0 159 118 0 0 0 0 155 237 216 0 238 244 281 170 123 0 0 0 0 275 0 208 150 297 249 236 0 0 0 0 237 168 0 0 0 144 249 264 0 0 0 275 258 117 0 155 129 222 199 0 0 299 298 0 177 0 0 161 251 0 254 0 303 279 185 0 0 0 199 296 0 172 253 0 202 0 315 178 0 0 237 169 131 247 0 0 230 0 0 218 0 263 0 228 209 228 277 299 222 258 0 0 191 208 167 0 0 0 129 0 0 227 219 208 0 227 0 0 0 244 110 251 0 0 0 0 175 0 0 249 0 121 279 299 0 0 0 209 242 103 229 0 130 0 0 243 149 0 0 0 252 0 0 277 241 0 0 0 108 249 115 0 156 0 0 0 112 280 268 118 0 0 289 0 131 0 0 178 0 0 0 0 183 0 0 0 0 284 0 258 109 211 218 0 157 262 118 0 0 0 278 0 0 0 0 170 219 242 0 0 165 157 0 126 0 0 0 0 0 211 134 190 163 0 0 0 125 0 227 156 258 98 0 127 0 0 287 163 189 0 111 173 0 186 246 0 165 0 158 280 190 255 0 0 185 193 159 122 133 0 148 0 0 232 150 164 308 0 280 0 0 0 0 174 0 122 157 0 190 0 0 234 276 110 122 128 228 101 272 0 0 0 127 0 277 240 0 190 0 200 116 198 255 221 0 0 0 156 0 172 0 177 0 0 0 212 0 0 0 152 307 0 0 299 0 283 177 281 239 0 0 0 260 117 0
0 233 297 0 0 124 136 0 293 208 0 0 139 0 223 173 0 307 289 186 231 0 0 265 0 166 0 0 0 0 0 0 281 0 0 130 256 0 214 247 121 0 149 0 0 0 0 186 0 0 109 0 0 179 0 0 265 179 104 189 0 0 0 0 0 174 0 0 269 188 0 0 0 205 0 290 119 0 229 0 264 0 281 0 0 183 0 202 0 0 0 190 0 0 0 177 0 0 0 263 204 195 225 129 120 114 271 0 121 0 309 0 0 0 0 0 0 0 302 109 0 0 0 0 0 0 161 201 0 0 218 0 0 0 0 0 263 111 0 157 0 238 0 0 218 0 0 0 0 0 183 0 0 131 0 0 0 0 308 92 269 144 0 113 0 0 248 302 0 200 0 150 0 0 135 139 0 271 132 257 0 100 0 108 0 0 0 0 252 257 0 0 149 0 211 0 209 213 181 256 0 289 261 298 0 205 161 0 100 282 108 0 0 145 222 121 0 0 200 0 0 258 0 143 0 0 283 0 158 191 0 143 191 0 0 0 0 194 130 208 0 305 149 0 301 279 109 173 0 185 0 120 0 149 0 109 0 263 0 0 202 130 0 0 122 0 174 168 0 137 259 0 0 283 0 0 0 0 189 0 254 0 0 0 225 247 0 115 0 0 0 0 281 0 138 0 265 0 146 0 188 235 107 214 253 0 0 175 119 236 0 0 173 0 0 0 215 0 240 213 0 160 268 0 0 207 0 217 289 242 0 0 149 0 0 154 0 0 0 0 280 0 141 299 226 232 0 0 118 185 0 122 0 245 126 152 0 106 0 198 0 212 0 0 0 0 0 0 0 238 0 192 167 254 0 0 162 123 217 0 168 0 0 0 185 252 0 226 188 0 175 294 247 112 0 0 0 261 0 0 183 0 166 225 221 132 102 0 0 220 129 0 192 106 0 304 0 0 0 0 0 287 0 0 229 136 0 0 0 221 223 189 271 0 227 121 269 116 272 0 0 197 0 273 252 183 0 268 0 0 0 0 0 0 0 200 0 270 123 0 0 0 0 0 0 0 0 232 0 159 155 0 0 135 127 0 218 0 0 0 206 111 206 111 0 252 245 273 0 0 245 109 0 0 270 157 0 300 0 108 142 144 199 249 188 0 0 248 0 242 283 265 0 0 0 0 0 0 0 212 0 0 292 205 286 174 0 140 0 276 137 0 158 287 0 0 0 0 260 261 0 295 0 155 0 0 0 170 0 203 0 116 281 0 0 267 159 0 0 304 0 250 234 176 0 0 0 153 0
0 0 0 206 212 180 134 223 0 0 0 262 191 134 0 0 0 0 0 0 0 0 190 0 96 0 0 247 185 0 116 0 236 118 0 0 0 0 256 0 157 178 119 0 138 0 0 226 116 276 191 0 0 0 0 219 0 144 0 287 167 243 0 0 254 204 0 173 180 147 158 146 0 0 0 0 160 0 0 283 0 0 0 0 147 222 221 273 0 0 156 222 117 266 141 0 209 109 146 241 102 159 0 286 0 130 247 0 161 175 0 0 249 0 264 248 285 226 97 135 0 233 0 0 0 0 139 0 0 0 243 0 0 280 273 0 0 146 139 131 291 167 221 0 216 0 109 0 169 210 126 266 108 101 0 197 0 215 288 256 136 0 0 0 0 237 0 0 0 215 186 0 0 0 0 266 128 199 0 235 287 0 0 0 0 269 0 290 0 203 0 117 0 0 0 138 230 0 210 252 0 0 103 234 0 212 172 141 257 110 179 0 302 0 0 126 212 0 0 103 0 275 0 289 0 0 0 0 0 158 138 0 144 0 282 0 306 0 117 0 213 192 111 154 133 266 0 0 207 0 284 0 0 192 0 0 167 161 154 286 0 151 204 234 280 0 157 260 147 0 0 0 287 0 195 231 0 238 0 0 0 303 253 0 0 140 195 109 246 254 234 0 0 110 145 215 0 241 0 312 0 0 0 0 127 0 199 160 157 301 0 249 191 155 235 190 0 286 288 0 0 0 209 241 241 199 281 0 266 0 193 184 186 106 0 110 267 133 0 217 101 177 268 228 151 0 0 207 0 0 0 197 0 230 186 132 146 258 0 235 0 213 0 0 0 0 0 254 0 235 230 167 0 0 0 187 265 0 0 253 0 0 143 0 0 151 289 0 290 0 0 0 0 292 110 193 119 0 0 321 0 252 0 278 0 0 0 0 212 0 0 208 0 215 219 0 219 0 226 193 0 219 0 0 0 0 0 0 260 0 0 139 262 256 212 208 0 167 262 0 0 0 185 285 255 157 0 0 0 0 122 170 0 250 0 265 308 194 0 108 108 206 0 279 174 0 254 208 0 0 0 142 0 117 0 0 0 0 263 0 0 210 145 139 0 0 182 139 176 0 0 0 226 0 0 0 0 0 0 0 0 0 0 277 284 272 0 0 179 254 244 116 0 0 213 196 0 137 299 0 0 245 0 199 118 0 260 171 0 267 0 187 171 210 104 0 0 155 0 129 0 169 0 0 0 98 238 0 0 0 116 0 113 0 177 102 0 0 0 254 158 0 113 249 301 135 0 0
0 0 0 242 0 0 0 174 0 0 0 0 154 0 0 289 0 259 140 0 275 196 0 0 0 256 279 119 286 168 0 0 0 145 212 281 270 250 297 185 0 189 0 0 104 0 0 0 222 0 0 0 317 0 133 272 0 0 125 0 0 282 243 0 0 295 253 0 0 111 0 139 0 0 0 177 0 0 0 143 151 214 0 0 0 212 0 0 0 102 0 274 0 0 0 0 0 228 278 0 0 194 274 0 134 0 164 176 141 0 218 0 0 290 0 199 0 146 0 0 270 200 140 274 0 189 0 0 0 0 210 0 0 136 0 249 0 201 201 0 0 253 0 200 0 173 152 0 237 0 192 202 256 0 223 272 0 326 264 0 0 0 0 0 206 0 144 203 302 292 0 139 0 135 157 126 0 0 159 132 0 0 123 0 117 0 168 0 250 0 181 0 0 269 282 0 0 234 0 154 128 242 100 0 220 0 0 0 231 0 268 275 0 225 0 277 254 176 0 143 219 189 0 0 271 151 140 0 0 185 204 0 240 0 0 0 161 171 0 258 0 229 0 0 259 221 272 0 232 0 155 163 169 0 0 0 0 0 0 168 219 232 0 115 0 0 175 256 264 242 254 169 0 0 0 0 0 0 140 0 233 0 288 238 0 130 0 274 0 167 0 107 137 0 200 0 0 225 128 0 0 176 251 132 181 266 0 225 131 0 0 236 182 279 103 0 302 0 0 121 0 0 168 253 0 0 0 0 221 0 300 0 308 252 0 0 0 0 0 270 0 0 276 270 177 251 269 189 171 227 0 0 0 0 173 292 133 0 281 222 0 0 0 0 0 0 0 0 105 0 0 146 134 261 0 247 0 0 0 260 0 307 257 282 0 0 159 139 0 161 160 0 173 0 142 0 244 0 0 0 111 0 186 0 147 0 239 0 256 0 0 232 0 0 223 0 276 0 0 0 0 252 171 0 183 0 0 0 0 0 0 227 0 0 0 156 209 149 0 184 213 283 164 212 0 229 0 160 0 229 209 0 0 0 0 167 0 244 0 144 0 238 0 287 280 228 140 0 0 0 156 0 286 0 229 0 0 0 0 0 0 246 0 154 0 0 0 296 278 217 0 0 274 0 191 267 0 198 0 209 0 0 137 214 156 124 0 0 0 163 268 0 0 210 0 213 230 0 0 164 242 0 0 246 120 0 0 0 103 244 0 117 0 182 0 0 262 0 130 247 168 238 152 254 0 180 0 212 107 0 0 0 0 0 283 0 235 0 200 0 0 200 0 0 0 0 0
0 194 0 110 233 298 258 0 147 152 153 268 0 292 0 173 146 106 0 193 128 0 255 0 120 0 0 165 0 0 0 0 0 0 304 0 235 131 0 0 0 115 227 0 114 118 205 277 176 290 190 0 271 0 270 0 0 0 0 172 0 0 0 241 0 0 109 256 295 0 0 0 262 0 281 0 0 0 0 103 0 266 141 247 170 0 0 0 226 241 257 0 285 116 147 0 0 161 220 132 119 102 265 166 0 131 154 0 131 0 218 132 0 0 205 0 0 0 179 99 138 0 171 179 154 0 0 0 223 0 0 258 181 0 293 0 107 0 196 0 128 0 180 285 137 257 176 115 261 215 249 214 0 0 0 0 0 0 153 0 118 0 232 169 0 0 0 189 143 0 260 0 0 141 0 0 0 242 162 184 0 0 0 0 0 0 0 0 167 0 242 224 0 179 152 250 215 0 117 180 174 0 283 222 0 204 0 0 239 290 0 149 0 267 153 226 0 212 171 0 135 0 117 0 0 130 197 205 268 0 103 0 0 0 0 112 265 248 165 0 265 0 139 0 191 219 0 0 158 0 0 269 260 0 0 0 132 0 0 0 0 175 0 206 0 0 0 0 204 0 282 242 0 0 0 147 0 0 175 153 0 217 177 0 97 121 0 0 290 132 281 0 0 0 110 0 0 0 112 0 132 112 298 243 293 0 0 0 183 101 0 0 187 228 153 0 297 0 241 0 287 303 272 0 0 0 0 0 0 205 151 0 197 0 107 276 223 0 0 102 0 166 138 0 0 119 143 0 163 213 234 199 113 0 0 0 183 195 157 0 197 232 151 0 294 98 265 0 0 0 0 0 0 0 168 219 111 0 0 0 0 0 283 215 0 0 174 0 0 0 0 0 0 0 260 0 154 192 0 281 202 0 0 0 0 134 174 210 162 0 201 127 253 0 229 0 267 242 140 0 0 0 169 0 277 0 103 0 0 185 211 0 130 231 0 0 0 290 298 0 191 247 0 0 180 0 0 157 0 0 0 0 0 111 0 264 219 0 284 191 0 286 267 0 0 285 0 176 0 0 97 0 104 275 0 0 0 0 0 0 0 301 0 206 171 0 209 0 173 0 0 0 0 174 180 216 127 123 291 214 0 0 173 0 273 123 249 0 242 0 0 116 234 0 0 0 0 199 0 0 0 0 0 0 0 0 0 259 0 276 105 0 0 125 192 0 0 125 228 0 169 135 191 0 0 0 306 273 0 293 110 271 0 274 0 0 207 0 155 0 169 0 137 0 0 0
0 0 235 0 210 138 0 281 0 0 0 0 141 0 283 263 174 0 220 132 0 166 250 281 123 261 0 278 0 0 151 156 0 240 181 0 0 234 161 298 0 0 126 234 0 208 0 199 0 0 134 0 269 294 178 165 249 0 130 0 200 106 126 0 0 120 177 0 166 0 0 269 0 229 0 0 0 125 292 282 258 0 156 0 0 166 225 266 159 0 0 0 206 0 244 0 114 0 0 129 0 0 0 0 109 0 123 139 0 202 0 0 0 199 100 0 261 126 270 0 240 0 0 0 0 128 0 0 0 137 0 0 160 277 0 106 95 0 0 0 184 252 236 0 0 129 0 99 0 147 0 309 117 182 193 0 0 0 0 0 104 267 283 0 180 0 0 0 0 109 0 0 0 146 0 0 147 256 0 0 0 0 0 134 181 170 209 0 0 0 0 0 0 0 229 184 259 0 0 0 277 0 0 277 0 149 101 0 0 0 207 0 0 0 209 0 0 0 0 148 264 0 116 0 149 0 0 0 272 0 0 0 0 271 0 236 231 0 197 130 157 0 0 0 214 0 176 153 0 0 0 315 250 0 164 0 0 0 257 122 0 292 0 0 0 296 0 248 228 0 0 232 258 249 0 0 0 0 227 255 0 101 224 294 0 0 0 270 0 248 220 260 0 179 0 234 238 194 199 0 0 291 248 233 0 0 0 105 0 144 222 0 0 159 242 0 0 194 297 298 0 0 149 158 203 136 230 176 103 143 242 293 0 110 191 236 0 269 0 179 167 0 0 247 0 0 0 284 288 181 120 0 201 252 234 0 0 176 0 0 168 112 0 0 205 274 305 242 265 0 141 231 0 254 217 0 0 267 0 245 261 0 0 197 192 206 190 157 236 0 0 0 307 0 0 0 0 0 134 0 143 136 0 239 145 239 0 291 0 0 0 0 181 260 0 270 211 0 0 141 195 0 0 203 0 172 304 0 0 0 0 155 253 0 208 0 0 153 156 0 0 186 110 284 0 0 0 144 159 0 179 0 145 0 0 197 0 246 163 126 0 0 0 0 172 0 0 0 132 0 189 190 0 245 0 0 221 159 0 0 202 0 0 168 0 0 0 0 260 146 106 272 0 0 155 0 0 0 0 184 0 163 0 0 102 268 263 0 0 266 0 0 261 0 0 0 105 0 128 0 120 0 242 141 0 227 0 150 232 0 0 0 216 0 243 0 0 0 0 0 212 0 0 0 186 0 0 239 0 272 0 142 142 0 0 0 241 0 225 0 0 232 125 222 0
0 205 205 242 244 194 219 258 0 0 200 0 188 0 0 179 202 0 0 239 148 138 0 0 232 205 0 209 125 0 0 306 0 249 0 110 0 0 0 155 209 232 0 0 0 0 0 0 177 0 116 0 0 0 0 0 278 257 154 137 265 0 0 0 0 0 98 222 0 0 0 308 243 203 181 254 0 0 154 0 0 244 176 0 276 270 124 0 186 0 171 194 162 154 0 0 0 308 0 0 0 173 189 0 113 0 0 0 0 0 0 154 226 238 199 131 0 115 0 207 0 0 175 0 258 136 300 220 120 169 303 291 295 166 210 0 211 198 0 109 0 0 179 0 146 124 0 266 0 0 209 274 0 0 209 213 0 0 0 0 0 0 287 0 0 166 0 0 116 132 236 198 153 121 218 157 0 243 120 0 0 0 0 0 0 151 0 277 0 172 0 0 196 0 0 0 0 0 256 0 243 0 264 227 0 104 0 0 256 0 118 266 0 0 216 142 0 0 116 283 0 0 248 0 0 144 96 0 0 161 260 140 145 0 0 161 281 0 0 265 0 258 0 266 0 0 0 0 0 0 0 0 0 253 0 174 0 0 220 263 114 0 239 0 224 0 0 100 188 148 0 309 244 179 0 0 0 0 214 278 241 0 188 0 0 0 0 173 0 0 0 258 0 171 294 277 0 0 0 0 0 0 232 0 0 0 202 122 0 0 0 0 0 255 0 133 0 222 0 228 154 167 0 247 279 0 172 0 0 0 0 0 214 0 310 163 0 259 181 130 0 0 0 236 0 217 212 103 189 0 228 0 244 0 154 0 233 0 0 138 0 137 204 222 0 0 184 0 105 0 259 243 178 276 0 180 141 227 102 146 182 231 0 264 174 0 135 0 0 0 255 245 0 145 0 0 0 229 0 238 128 0 155 0 168 0 0 0 260 122 0 0 0 274 291 228 110 0 149 0 0 220 0 258 0 0 0 0 0 0 165 0 254 0 103 151 0 269 242 0 133 0 151 0 241 253 221 0 200 0 193 0 181 95 182 206 194 184 149 0 0 0 126 0 0 0 0 0 0 0 0 140 182 124 0 126 0 0 0 237 216 259 0 0 0 0 0 0 0 0 299 149 203 186 119 113 0 217 287 269 0 258 0 0 199 204 130 0 0 160 146 0 98 236 0 244 0 0 0 0 251 234 0 0 0 119 0 101 118 192 0 145 175 0 161 0 191 0 117 151 0 0 0 101 0 0 0 0 0 159 187 168 0 113 0 0 0 0 234 185 215 122 183 0
0 162 142 0 189 231 119 0 172 0 148 133 273 265 0 112 0 280 0 163 259 102 0 182 0 0 237 214 290 0 0 0 0 0 230 0 0 218 0 0 0 181 0 168 254 123 0 0 0 0 0 199 0 0 0 248 0 0 112 215 0 209 0 207 0 229 0 171 168 238 0 293 300 252 0 0 0 289 221 0 284 160 0 0 0 0 153 166 0 0 0 0 0 229 0 0 0 0 0 196 0 0 175 278 0 227 0 102 142 0 0 0 0 291 0 145 0 0 0 0 156 294 233 0 0 178 209 150 0 0 293 287 0 0 0 122 149 132 0 0 0 204 162 0 0 0 133 0 290 185 0 0 0 160 0 128 111 0 0 0 120 0 175 266 208 160 281 168 258 0 140 0 293 0 138 0 274 166 287 180 0 292 182 0 0 0 161 0 0 152 146 0 0 0 295 195 148 0 0 0 276 262 0 0 0 198 245 240 177 207 204 107 0 234 245 183 130 0 0 0 0 0 0 216 0 270 196 254 0 294 244 0 0 216 257 0 289 122 0 128 0 263 183 288 303 139 182 192 190 0 160 0 0 0 219 237 214 217 238 220 130 101 207 0 270 0 292 0 95 0 0 144 150 0 308 156 266 200 221 226 0 118 0 0 283 0 299 0 0 0 99 0 184 0 284 0 0 160 0 0 0 0 239 0 0 0 0 0 172 193 0 169 0 166 134 0 217 0 0 156 176 110 0 254 171 140 109 0 0 0 145 0 0 0 122 0 214 0 0 0 0 0 261 0 223 0 250 0 212 0 0 0 218 0 224 0 276 0 0 0 0 0 160 0 0 0 0 0 0 0 273 174 0 0 284 260 179 170 179 254 0 0 0 209 157 0 181 178 189 0 0 242 202 0 0 118 0 179 130 0 270 0 0 0 0 0 0 223 0 122 0 0 0 173 0 205 214 239 160 0 264 0 116 228 0 163 109 312 0 0 120 121 0 0 0 134 286 0 0 0 0 117 0 169 0 267 0 153 137 0 0 0 139 0 0 164 0 185 148 218 0 251 0 0 0 0 0 197 0 0 221 195 288 0 0 285 120 262 134 0 0 0 254 0 0 131 146 254 139 309 0 265 0 0 200 0 157 177 0 209 0 296 0 0 218 118 0 0 229 159 154 115 0 0 263 0 0 0 220 266 0 0 191 135 0 0 207 257 265 0 0 0 0 0 222 105 259 155 101 0 0 214 137 134 0 241 0 0 207 0 0 300 270 0 0 0 0 0 0 248 267 0 0
0 0 0 0 0 264 0 115 0 0 0 0 0 227 0 180 192 105 224 219 194 0 268 284 0 0 0 192 0 198 0 0 292 0 241 169 0 0 274 0 0 230 0 0 0 265 0 232 102 0 283 0 0 0 157 166 0 0 0 151 198 130 0 0 268 128 0 0 0 0 0 280 131 0 264 0 0 0 0 0 141 0 0 283 205 100 0 0 142 246 118 294 0 0 171 0 100 0 211 0 0 0 0 0 276 0 0 0 0 201 0 0 241 128 0 106 0 0 146 0 126 259 250 0 0 0 0 0 0 0 0 196 0 0 0 147 0 263 139 238 0 0 134 0 153 204 160 0 0 0 276 111 0 247 193 0 0 0 243 0 0 0 315 210 0 0 181 0 0 0 0 143 0 0 0 0 0 0 240 110 0 0 0 0 0 0 0 284 0 282 0 0 0 0 124 153 0 0 116 0 183 172 0 261 0 298 0 0 0 0 0 0 279 224 0 154 275 121 187 0 306 0 0 0 158 203 287 147 0 0 278 0 0 0 276 0 203 153 238 193 194 190 115 137 0 0 108 0 0 0 0 0 0 163 164 0 256 0 0 0 151 182 0 0 0 146 179 212 115 192 288 0 0 0 201 0 0 0 0 271 0 0 0 291 0 0 0 141 163 147 0 209 247 0 0 0 0 101 0 155 0 0 270 170 0 120 164 159 0 221 0 146 0 0 0 112 231 0 0 188 0 185 143 0 245 0 0 0 262 0 207 0 262 163 233 237 175 234 0 201 262 0 0 0 0 0 192 225 0 172 294 0 0 0 0 0 0 0 0 226 0 287 0 0 0 0 0 276 226 0 0 0 248 200 227 0 135 223 0 120 109 0 163 188 176 271 241 198 0 0 0 0 0 0 225 0 174 0 0 0 144 0 167 0 0 0 0 0 0 261 0 0 0 0 0 0 294 0 186 191 0 0 269 0 186 0 151 132 0 0 145 163 266 0 260 186 134 195 278 230 0 245 0 0 230 123 0 0 0 0 104 0 159 0 0 0 286 185 199 0 0 0 152 0 0 241 0 0 0 183 207 0 212 0 285 259 0 219 0 0 146 267 182 0 0 0 162 0 231 260 198 0 0 0 284 163 0 287 0 102 102 231 239 0 0 0 251 141 261 0 270 220 141 0 0 0 111 0 0 0 237 109 0 128 138 0 260 0 181 0 137 218 247 0 0 0 153 235 127 0 201 104 252 268 0 0 0 0 0 99 195 0 0 0 0 0 268 213 254 0 265 0
0 116 0 0 0 0 0 0 0 280 168 0 0 0 0 216 0 0 136 130 0 0 0 177 0 0 0 0 248 290 253 0 144 0 141 0 185 0 240 112 0 116 253 183 115 269 242 176 124 0 205 0 227 0 0 0 230 113 108 0 0 195 0 0 117 0 188 259 0 230 0 0 0 173 220 0 155 0 0 0 0 0 297 0 0 0 0 152 158 0 212 184 0 0 168 0 0 0 0 0 147 0 243 0 0 0 121 0 157 0 222 0 0 234 204 129 0 114 257 273 229 0 217 0 0 282 286 239 128 200 0 0 0 0 174 182 183 0 0 143 209 231 142 0 0 259 259 0 225 201 115 266 0 0 204 0 0 0 203 0 0 0 176 116 0 162 165 0 153 0 0 119 0 0 212 197 164 0 108 232 0 197 304 0 0 0 0 0 141 0 278 0 180 249 238 0 0 0 0 0 242 0 0 0 0 0 0 0 178 0 0 150 208 0 0 0 242 249 203 0 184 0 0 0 0 262 0 0 0 0 146 300 0 0 287 0 125 165 0 0 119 0 0 0 191 0 0 0 0 221 159 221 96 174 0 0 0 168 140 132 191 0 279 0 0 0 0 0 130 0 167 178 204 0 0 179 0 0 245 0 108 0 0 237 0 0 130 0 0 0 0 0 162 107 193 0 0 0 0 0 115 0 0 0 0 276 0 122 183 232 0 0 264 0 175 142 136 169 0 183 267 0 161 246 238 0 164 214 0 0 0 0 0 0 288 207 294 211 152 274 0 0 0 118 256 162 125 0 249 152 188 295 0 224 279 209 151 257 0 244 0 253 0 0 0 0 0 0 0 0 147 0 129 0 0 235 0 0 301 208 240 0 0 0 0 0 0 311 199 220 0 0 243 218 0 299 112 0 227 260 284 175 187 291 265 0 249 106 264 0 0 0 121 129 151 0 0 0 268 0 127 228 221 0 0 199 138 0 0 314 294 0 0 139 0 237 104 0 0 0 201 105 159 179 288 0 291 0 0 0 0 0 191 0 0 190 251 220 0 0 201 0 0 0 0 0 188 0 0 284 227 0 0 0 116 169 170 0 0 0 206 0 0 113 0 278 0 0 0 0 271 0 0 0 107 171 0 0 0 286 112 310 0 252 0 0 107 125 171 209 0 201 0 146 146 127 0 0 0 207 118 101 238 0 0 0 142 135 0 281 247 0 196 198 157 0 0 0 0 157 149 145 0 163 0 0 110 0 106 285 220 280 0 0 0 162 0 166 0 0 0
0 0 269 229 244 204 156 166 132 0 115 121 0 0 0 0 267 160 0 256 0 241 136 203 0 272 215 0 0 108 0 0 0 0 0 170 170 0 256 118 167 280 0 0 0 0 100 236 155 165 0 214 0 0 0 0 0 0 166 315 130 0 108 126 0 262 0 180 0 146 0 0 276 105 192 0 0 0 198 288 125 266 213 273 206 0 277 0 0 117 0 0 0 262 122 0 0 0 277 191 167 0 0 110 0 0 0 221 0 230 0 111 170 162 0 0 0 0 0 0 121 143 0 163 0 0 0 0 116 0 207 298 0 134 0 238 177 227 0 0 123 0 0 171 168 242 0 0 0 252 0 0 309 111 0 0 146 186 183 98 139 277 229 0 130 101 0 0 266 225 0 230 118 0 0 0 202 151 137 138 0 0 0 0 0 0 0 254 0 0 0 167 0 142 139 147 0 128 0 222 0 146 222 182 296 171 0 0 175 0 130 98 0 0 0 0 0 0 194 0 248 0 0 208 138 0 0 0 0 0 97 0 0 228 0 0 0 146 0 0 0 0 227 0 179 0 0 125 98 0 111 0 0 153 0 143 165 151 0 0 0 269 171 253 0 247 0 264 0 0 0 179 0 0 121 0 265 0 128 271 0 0 107 0 265 0 296 105 114 0 0 0 0 0 300 0 219 259 230 282 0 173 240 268 237 218 163 151 0 241 0 0 0 0 0 0 259 0 152 0 0 174 0 111 139 154 0 99 249 0 0 138 95 0 0 290 278 136 170 0 161 243 0 0 180 0 253 161 0 0 237 192 245 118 265 165 229 219 0 213 0 202 0 174 123 0 155 97 209 219 147 231 0 0 200 163 192 194 0 128 0 187 0 270 142 180 236 278 248 0 0 163 0 270 176 254 0 0 0 154 0 0 0 0 148 0 194 0 0 229 0 169 259 0 0 223 236 295 162 0 0 0 152 195 0 269 0 159 267 252 0 129 0 213 186 0 0 0 0 162 140 0 202 0 255 0 220 288 0 241 142 0 184 0 216 0 0 0 110 194 0 127 104 285 0 277 0 166 178 0 289 0 192 0 270 0 139 0 305 238 161 179 0 152 260 0 245 0 0 0 198 0 0 0 232 117 295 0 264 0 0 184 0 0 0 0 160 222 247 0 0 0 0 0 153 0 241 108 159 0 139 258 0 208 233 0 187 0 0 0 0 0 192 113 150 261 0 127 218 176 0 0 248 143 0 276 213 113 0 132 200 0 0 0 262 148 0 142 256 0
0 123 104 113 144 0 0 0 0 151 0 237 290 245 282 107 0 290 0 0 0 134 0 0 0 212 167 0 265 0 161 240 0 0 172 0 160 165 0 0 0 229 218 0 212 0 213 0 181 258 217 149 134 0 108 291 0 0 0 0 227 0 0 306 0 0 0 0 0 0 0 0 0 0 211 173 284 133 0 140 0 0 0 0 232 0 238 144 0 205 132 0 0 0 127 0 0 0 0 246 0 0 128 101 112 190 120 0 0 287 153 0 0 211 0 0 225 193 0 0 0 0 124 123 0 0 0 0 0 0 287 109 0 0 195 246 299 0 0 0 0 0 0 0 143 0 261 0 161 165 141 0 202 184 263 119 117 0 0 0 126 0 258 183 290 0 0 296 0 128 0 0 98 200 143 0 246 0 290 295 0 0 0 236 226 300 205 0 198 0 0 0 250 0 290 169 0 0 0 305 169 0 150 140 0 289 152 162 0 126 230 0 0 0 0 0 278 183 0 98 296 173 0 0 0 0 0 0 192 0 302 0 0 0 219 143 133 0 0 0 0 0 0 182 0 170 0 0 233 0 261 208 154 258 0 271 0 0 253 0 145 0 285 271 134 261 0 156 145 0 0 0 0 287 0 0 0 0 0 0 0 270 0 0 0 0 0 146 109 272 259 160 174 252 0 152 237 172 0 156 173 0 282 0 0 0 0 229 0 299 193 0 148 250 0 0 0 0 250 0 222 0 158 0 0 238 257 207 117 0 0 0 159 0 0 0 0 0 0 0 0 0 234 114 183 0 0 212 0 224 238 147 213 0 0 228 176 231 0 0 222 0 0 0 0 177 0 284 0 0 221 178 0 122 213 0 0 0 179 219 0 0 198 0 207 230 0 272 271 220 0 211 0 154 192 0 0 252 99 114 170 0 0 0 0 0 0 0 0 197 0 147 187 290 188 174 0 0 191 281 0 0 0 216 300 145 274 190 0 0 0 0 0 0 151 139 185 107 191 0 0 0 213 183 170 0 122 0 0 133 173 0 0 0 0 137 0 236 102 165 217 174 0 0 0 315 114 145 231 187 0 0 209 0 0 183 0 0 150 0 0 185 192 174 0 0 0 0 0 0 0 0 0 0 0 0 0 0 0 0 287 285 0 249 295 104 164 0 129 0 0 177 0 276 0 156 266 265 0 151 288 0 0 0 143 0 0 0 214 0 0 194 0 0 0 148 140 109 176 0 0 231 0 238 0 265 191 0 0 0 0 0 263 141 0 0 237 0 0
0 0 0 0 112 264 275 209 0 237 221 0 0 0 210 0 112 0 0 268 242 213 0 0 0 0 0 107 0 0 157 0 256 0 0 295 136 288 0 0 0 0 142 0 289 0 232 0 0 248 0 170 153 0 205 0 191 0 162 0 0 123 0 0 0 174 229 0 199 207 299 0 291 192 300 0 170 0 164 0 0 0 0 100 282 285 0 0 0 224 0 302 205 260 0 0 0 249 245 0 0 0 0 0 297 280 257 250 0 132 0 0 0 0 0 0 159 0 0 177 0 0 184 0 281 0 0 0 0 295 0 0 269 0 0 133 234 0 128 0 204 235 0 0 0 0 280 117 0 275 149 137 0 190 0 157 182 129 104 301 111 0 0 0 236 323 0 0 223 220 198 0 0 0 0 214 191 218 0 0 229 0 0 165 260 224 159 180 0 130 0 0 184 0 0 0 250 180 169 258 0 0 0 0 0 184 0 0 0 0 251 286 262 222 214 170 0 221 165 0 0 133 0 232 0 110 0 0 225 186 0 106 0 228 0 134 188 232 0 230 119 0 144 0 163 0 275 0 104 106 193 0 0 0 300 140 0 0 130 0 232 152 167 0 0 0 0 177 0 0 0 0 0 0 0 0 130 253 0 123 131 247 0 220 0 0 296 0 245 175 0 0 217 0 0 0 0 0 0 0 0 254 0 157 0 0 194 245 0 0 113 138 126 162 0 0 270 0 0 303 0 0 252 0 0 224 0 140 0 188 0 0 224 0 259 0 279 195 0 0 0 194 0 163 217 147 246 0 128 128 0 113 0 174 0 0 113 123 117 257 0 0 0 0 268 0 220 229 206 0 160 239 0 0 0 0 0 0 0 199 0 0 292 0 192 258 232 139 0 112 0 285 219 211 0 0 286 222 0 226 0 136 117 0 0 0 224 144 0 0 0 0 270 264 0 0 0 275 0 0 210 172 307 0 0 0 155 131 169 132 227 0 0 131 0 0 247 0 113 226 0 0 0 166 0 0 0 0 0 164 121 0 119 198 0 162 207 0 225 0 250 259 0 149 0 0 199 0 121 129 0 0 0 0 0 0 171 0 119 0 152 0 190 140 106 267 268 0 0 221 258 0 0 252 123 234 0 0 200 0 0 0 285 0 122 0 115 0 0 202 0 245 0 0 0 0 0 0 145 172 0 247 98 196 182 131 138 187 241 244 304 0 0 0 150 0 0 0 0 152 255 231 232 238 237 123 209 0 217 280 178 0 152 0 0 0 0 0
0 213 139 254 0 0 299 247 0 232 170 258 0 268 236 0 119 236 213 0 220 0 205 0 0 0 118 158 241 0 282 0 0 225 161 163 118 210 0 0 275 0 205 198 0 168 139 187 230 0 138 250 0 280 145 222 0 168 0 0 233 235 0 154 0 0 0 257 221 236 252 214 0 192 236 0 231 114 0 159 252 0 203 120 0 0 0 0 0 0 0 285 0 0 181 0 152 153 0 0 110 207 239 0 0 249 268 0 162 0 258 0 0 106 216 98 121 0 240 206 0 0 179 0 226 107 0 179 163 0 0 0 173 0 0 0 128 190 0 111 0 211 236 0 0 116 150 187 178 233 124 0 294 189 0 0 139 164 291 0 0 0 0 260 0 0 260 0 0 0 127 297 146 222 0 283 0 201 216 0 113 163 0 221 0 198 0 124 296 123 170 0 0 113 232 282 105 241 0 280 159 0 240 111 0 204 0 232 263 0 0 263 0 0 0 230 0 274 0 0 0 0 0 212 0 164 127 0 119 0 0 237 225 0 0 122 0 0 122 123 0 134 185 299 0 0 0 0 296 0 0 0 119 149 290 199 0 0 0 0 216 244 0 0 175 235 0 280 0 148 287 0 0 0 0 257 0 257 0 276 0 112 0 112 273 242 0 0 0 103 190 0 0 0 197 306 207 212 0 0 136 0 0 232 0 180 0 170 0 0 0 0 240 142 0 188 0 0 111 257 0 252 266 0 113 211 256 139 131 0 0 0 130 0 0 0 282 277 0 0 0 0 247 140 200 0 139 185 152 175 0 0 205 118 0 225 260 120 0 248 232 0 0 254 0 0 142 0 0 0 0 217 257 216 233 0 0 0 231 0 0 0 0 113 0 134 0 0 0 0 96 263 149 205 0 0 304 140 0 117 0 116 115 0 232 0 0 137 186 0 0 140 0 126 149 116 162 170 0 0 260 0 106 0 0 96 0 0 0 0 0 0 0 0 166 0 0 137 0 111 0 237 0 171 235 283 0 183 0 132 290 267 0 0 200 235 114 0 127 208 276 157 279 263 283 0 242 0 105 245 0 116 0 0 0 0 114 282 289 0 0 149 136 0 134 0 0 0 172 0 0 169 0 120 0 227 0 0 196 98 174 286 0 0 0 0 137 267 135 0 235 166 246 0 143 0 115 239 0 225 0 167 237 0 167 0 107 255 181 0 195 112 199 0 0 0 0 0 111 161 0 0 0 0 0 223 230 242 271 0 203 0 0 113 108 160 0
0 181 175 0 0 247 0 146 155 0 0 0 0 252 0 0 0 225 0 167 111 0 297 0 0 0 282 0 186 0 0 0 0 0 0 0 223 240 213 0 214 161 213 217 245 301 0 157 299 173 240 296 0 240 0 0 0 0 0 232 248 0 0 136 122 189 0 0 241 212 0 0 105 0 246 0 206 162 0 110 0 243 275 140 0 264 0 0 0 208 0 0 166 0 0 282 148 187 235 0 188 0 0 164 0 207 0 0 0 253 149 129 288 0 196 0 0 0 0 153 0 0 0 127 250 0 122 285 0 106 248 141 0 0 0 0 0 236 0 0 0 0 0 0 0 105 226 259 228 125 139 180 237 193 0 183 159 0 0 0 0 176 153 132 0 157 216 134 286 0 177 170 139 242 0 143 0 0 271 210 266 157 158 199 109 185 194 188 117 0 280 0 292 0 0 0 205 0 0 148 242 220 0 152 0 0 0 97 308 0 214 0 0 144 0 225 117 240 175 0 0 0 0 0 240 0 0 0 0 98 0 174 131 210 0 0 0 0 0 141 135 244 225 0 116 103 221 253 0 170 0 0 0 0 0 0 0 0 0 255 195 0 0 0 0 0 0 0 205 0 106 0 0 189 224 0 261 0 0 254 0 288 263 152 0 202 146 155 0 0 275 0 0 0 231 298 262 238 257 0 107 0 0 105 141 0 198 0 0 189 147 189 179 0 137 293 0 0 0 153 0 0 0 0 188 157 0 148 0 0 190 113 0 267 278 0 186 0 0 187 300 0 299 236 0 156 0 263 242 275 163 0 112 269 0 157 0 0 0 0 215 134 147 0 158 130 146 0 0 269 0 0 0 168 149 102 0 303 0 145 233 231 190 297 211 172 166 301 0 0 0 165 233 96 119 106 141 200 0 0 0 111 250 0 0 290 200 244 209 0 0 0 0 0 0 298 0 0 173 0 0 0 0 0 103 0 0 308 0 0 116 189 0 149 124 0 110 0 229 263 0 0 0 0 0 251 0 0 205 126 171 0 155 0 190 150 197 198 0 110 226 229 190 0 106 130 0 0 0 113 0 189 268 0 0 0 0 0 143 197 228 136 238 165 134 129 165 0 0 123 144 291 0 272 146 0 0 160 278 0 0 0 253 204 0 119 146 276 264 0 151 0 0 284 0 266 127 104 132 0 255 0 189 0 271 0 142 101 172 0 281 0 202 121 0 223 0 141 188 0 132 240 140 0 277 0 0 174 0 246 0 224 175 0 223 0
0 231 0 237 0 256 0 0 0 0 0 0 0 0 0 175 146 273 0 0 0 0 288 264 0 0 0 277 0 177 209 0 261 0 170 154 132 213 154 213 0 160 0 171 168 0 0 0 158 0 204 0 0 0 0 0 109 269 305 181 0 0 0 110 156 0 0 160 0 104 0 0 249 137 122 169 0 194 204 223 0 115 270 163 0 254 232 200 0 0 130 176 0 0 287 0 0 0 0 0 0 0 283 0 136 0 108 282 0 0 260 215 149 178 0 0 206 0 157 180 0 0 239 0 0 0 156 0 161 165 117 0 183 248 0 0 0 0 173 0 0 298 0 0 134 270 162 0 0 0 147 249 256 0 0 247 253 0 0 0 0 0 218 0 0 0 0 0 0 169 0 261 169 163 250 0 0 103 169 0 301 250 0 0 0 0 151 242 211 108 265 139 0 172 235 239 182 0 109 0 0 0 224 289 251 0 0 0 0 140 103 0 306 0 158 0 224 230 287 0 243 289 129 0 259 230 229 261 0 138 0 229 0 0 248 0 0 0 222 0 114 266 0 251 0 0 0 0 133 266 137 111 140 0 262 0 264 0 104 0 309 0 0 294 208 194 248 271 225 0 0 231 0 0 0 128 143 190 0 121 0 179 291 274 0 270 0 0 0 0 0 0 118 162 0 146 215 233 0 0 130 0 269 97 0 0 0 184 0 248 287 0 0 0 0 270 0 169 275 273 0 300 0 253 0 0 0 290 272 245 0 232 202 180 0 165 229 140 177 211 112 0 0 0 0 0 0 0 189 0 223 0 234 0 0 138 277 145 108 0 106 126 189 160 0 0 0 157 96 263 0 0 111 233 0 0 0 224 226 0 0 210 233 0 143 0 297 0 0 0 0 0 0 0 0 0 0 113 258 140 0 108 0 0 189 247 0 151 0 0 0 0 259 121 192 250 178 0 102 275 0 109 272 155 184 288 0 202 0 118 0 0 260 189 0 212 0 319 0 210 121 288 227 0 0 154 0 0 160 0 244 256 113 257 0 301 0 160 0 217 0 298 186 205 132 0 201 223 0 0 0 0 0 0 0 228 225 152 247 174 159 233 0 0 0 0 289 0 152 255 126 0 178 0 253 0 0 0 0 0 254 0 273 0 0 313 0 0 277 0 156 156 0 185 155 0 0 154 0 0 0 0 176 141 0 0 193 0 0 251 115 0 0 269 0 167 0 190 0 0 0 0 0 0 0 0 164 0 0 188 303 0 142 0 0
0 0 295 238 144 197 0 298 0 190 0 0 250 278 242 0 0 0 0 0 275 254 192 274 0 0 0 205 0 0 267 0 170 220 0 182 187 167 0 0 141 127 0 0 250 180 0 0 0 159 0 247 276 235 154 0 0 113 139 251 102 151 0 0 249 130 301 159 0 0 227 189 0 163 0 267 0 261 116 0 0 179 286 208 0 0 0 278 0 0 255 185 123 188 0 0 105 239 97 248 251 225 121 0 247 178 0 251 0 194 127 0 136 288 0 0 191 115 0 0 0 0 304 0 0 0 191 253 0 275 106 0 268 159 266 235 0 292 0 163 207 223 0 128 157 0 189 193 0 0 0 0 0 222 0 263 288 0 0 267 0 0 0 0 189 149 0 279 117 0 164 220 175 237 170 0 146 308 0 201 0 280 0 255 0 116 0 158 0 111 0 216 227 0 0 189 0 275 0 0 116 250 0 121 249 0 270 164 0 242 240 100 0 0 0 111 0 0 0 212 125 171 0 97 128 0 0 159 149 0 0 0 142 0 0 130 0 0 0 165 160 0 0 0 0 291 170 0 0 213 0 0 0 0 0 278 0 241 0 131 144 260 0 0 0 121 103 208 263 0 0 125 287 308 0 0 0 0 261 148 0 208 159 0 186 257 125 241 0 0 281 252 0 132 151 265 0 0 0 0 0 0 0 0 0 0 280 0 0 0 290 0 0 0 243 0 181 0 139 0 156 224 0 0 0 0 0 0 0 0 0 0 0 0 176 218 228 111 203 0 0 0 0 171 103 0 201 204 177 0 0 114 0 186 189 0 0 296 147 201 238 0 157 0 141 0 143 0 222 0 0 217 0 196 0 123 277 0 155 179 251 210 174 0 0 149 262 199 0 0 0 225 110 0 168 274 0 0 0 178 289 226 0 189 0 116 0 0 0 192 101 0 0 278 0 154 261 0 0 143 118 0 167 0 246 0 262 0 0 238 121 275 177 0 0 137 281 126 0 0 0 0 0 217 286 169 308 136 0 0 96 0 0 0 0 0 0 0 0 0 0 0 0 0 0 174 309 0 0 0 193 0 199 131 0 216 0 276 123 0 0 222 0 201 240 0 0 217 152 183 0 118 221 0 0 185 264 277 0 280 0 229 0 0 261 0 207 265 276 0 0 225 297 121 165 0 106 211 0 127 196 225 0 0 231 212 0 241 160 132 0 221 0 198 222 106 0 0 293 187 257 0 0 297 0 0 0 234 236 121 0 0 158 0
0 0 0 222 229 115 146 0 133 0 0 0 0 288 164 0 0 0 125 218 204 0 154 0 141 0 139 208 0 128 170 0 0 0 253 120 317 0 0 0 0 0 236 0 0 180 0 123 289 120 0 108 0 0 0 257 0 0 0 107 115 273 231 0 168 0 0 0 0 0 0 0 307 0 109 0 0 0 219 296 219 0 0 221 117 0 0 136 0 0 249 226 0 188 0 0 241 262 0 0 261 0 295 0 237 201 0 223 0 0 0 0 145 0 238 0 0 165 159 107 150 237 292 192 0 0 0 0 281 147 269 310 116 0 0 272 187 0 0 0 0 270 0 0 235 0 0 0 0 187 193 233 216 236 0 151 0 204 274 0 0 261 0 0 116 0 0 119 0 123 0 0 0 273 0 236 0 298 0 285 197 159 273 205 253 175 0 225 0 116 0 129 155 0 263 0 298 0 116 197 0 198 109 0 0 171 0 256 0 0 0 0 186 0 0 203 0 0 0 0 0 0 0 0 267 201 177 0 0 0 264 270 0 244 0 0 0 288 185 0 0 0 284 0 0 0 0 0 163 0 205 199 0 175 0 0 0 0 0 0 0 0 0 152 121 0 226 103 0 0 152 0 0 0 0 0 0 0 296 269 0 0 0 0 0 200 122 319 108 0 0 0 0 229 219 239 0 0 0 151 0 0 217 0 0 139 0 0 0 0 0 0 0 0 311 0 216 99 0 260 0 263 108 0 134 160 254 0 0 0 0 0 297 285 0 147 0 0 228 0 0 136 0 149 253 301 0 0 288 0 0 0 0 237 186 264 0 0 161 109 181 244 284 191 0 224 216 0 137 0 179 163 205 126 0 309 213 259 0 0 291 286 296 275 0 0 155 142 0 118 0 211 0 0 277 227 145 168 0 163 0 0 0 0 0 0 296 0 0 0 148 0 237 119 0 243 0 174 174 0 0 0 0 155 0 242 130 0 146 0 0 0 0 232 320 198 275 0 114 115 0 251 148 289 276 0 133 0 0 176 0 284 0 0 248 131 112 98 0 299 0 0 0 292 0 114 247 0 121 0 101 174 158 0 0 271 0 292 221 266 219 264 195 109 0 114 200 146 0 0 202 0 200 185 146 0 240 153 0 241 0 125 194 250 0 0 0 236 239 107 132 192 0 0 217 196 263 146 155 0 0 189 149 0 0 0 0 0 150 0 187 95 271 289 115 193 0 0 0 0 175 0 244 0 0 0 0 286 0 0 127 0 0
0 0 0 0 143 115 0 190 183 0 0 206 276 0 228 258 256 0 252 0 220 300 0 126 286 0 0 230 0 135 0 214 0 0 156 93 109 195 0 0 0 169 134 246 0 0 0 0 215 0 177 0 125 141 0 140 151 134 0 0 0 0 0 204 200 0 142 0 254 0 0 0 222 0 231 0 0 0 280 254 138 156 0 0 0 0 0 125 175 158 111 0 0 242 228 0 0 308 199 133 169 269 0 0 0 0 0 215 193 192 133 105 167 127 0 0 311 0 237 115 256 160 0 0 0 297 196 262 0 190 252 158 0 238 232 169 131 0 98 0 120 107 0 0 131 107 0 271 293 0 190 98 0 174 0 0 0 244 149 266 0 196 271 131 0 0 154 0 260 221 0 0 0 105 149 0 223 269 265 272 0 307 0 0 116 0 0 219 165 216 167 0 137 140 148 216 185 238 128 113 282 114 0 150 153 267 0 0 178 306 226 0 111 223 0 0 138 0 123 163 103 284 228 0 223 0 239 0 101 214 182 0 0 254 0 0 0 155 103 189 0 112 170 0 268 320 0 262 0 0 0 0 222 240 0 127 226 280 220 105 128 0 0 0 0 248 0 160 239 117 0 130 241 0 179 137 0 0 220 0 0 112 0 233 0 231 217 0 0 117 150 0 0 149 203 0 0 207 248 152 134 0 0 0 200 209 160 0 248 249 0 0 200 112 169 109 0 0 0 0 153 239 0 0 125 0 222 0 0 0 0 143 0 169 231 0 0 0 0 194 230 0 221 291 0 306 0 0 0 193 0 0 181 0 167 0 116 224 0 114 0 272 200 0 0 0 234 154 0 0 117 126 0 0 197 0 138 202 0 0 0 0 250 125 186 0 0 288 137 0 0 250 178 0 194 0 0 0 265 0 205 168 0 0 226 147 0 251 0 243 0 0 189 115 142 0 106 0 193 210 251 111 0 0 0 206 0 0 175 196 187 300 0 155 0 0 267 119 245 0 0 0 0 0 0 240 0 162 0 0 0 106 149 0 235 271 0 114 288 0 0 0 257 128 0 261 0 0 0 198 189 127 0 138 0 247 0 184 0 0 0 0 0 284 0 0 304 0 0 0 235 106 0 240 119 136 195 152 210 0 105 0 0 279 0 297 195 295 0 137 129 265 0 0 0 102 0 112 238 110 0 0 0 0 282 0 0 0 187 132 207 0 124 113 202 0 0 0 0 253 0 314 114 230 0 309 147 0 248 0 0 0
0 0 0 0 181 0 0 158 0 265 0 275 0 226 0 238 0 0 151 146 218 115 0 117 119 0 138 183 278 0 208 180 0 244 124 171 0 205 0 0 0 0 0 0 0 167 110 0 276 0 0 207 0 141 0 0 220 0 0 0 233 284 0 0 0 0 266 0 267 134 0 0 109 0 0 264 232 140 0 0 0 135 250 0 0 136 99 0 202 0 0 0 260 159 0 258 0 0 252 0 0 0 208 241 97 0 269 0 223 0 0 186 0 0 0 190 0 0 176 0 182 0 0 315 138 186 0 245 0 0 152 196 158 130 119 149 284 278 0 200 0 0 0 121 127 0 139 0 0 0 228 268 0 0 188 0 0 195 240 267 0 0 0 137 180 190 0 116 107 0 268 0 0 0 133 281 0 0 124 0 198 0 120 257 158 0 232 102 321 289 135 192 193 114 175 193 0 0 0 0 251 0 147 260 0 0 249 0 224 265 0 147 0 0 0 0 140 0 296 303 287 0 105 0 0 0 105 111 278 218 241 0 224 201 0 0 0 0 0 0 289 0 162 196 0 304 271 0 223 0 221 0 0 0 0 242 0 128 0 0 167 232 0 104 0 0 0 0 136 166 225 0 0 106 142 190 0 0 187 0 0 295 0 0 153 0 0 275 185 0 128 179 0 0 0 176 110 0 0 230 141 0 169 164 312 0 198 223 0 203 0 217 281 0 274 243 0 0 0 302 192 133 275 0 0 0 170 135 0 0 0 0 168 0 0 144 0 0 219 0 0 0 179 145 240 0 173 224 0 0 130 0 0 0 0 164 0 0 315 183 105 0 140 231 0 0 138 155 280 0 116 0 223 0 0 278 0 280 0 103 0 256 0 0 0 174 0 0 0 0 0 0 0 0 158 0 0 0 269 170 0 0 230 195 136 172 210 290 0 188 207 0 243 0 154 0 0 0 0 0 255 0 0 0 173 0 234 0 0 0 0 0 0 281 0 0 107 0 221 264 309 0 0 178 0 0 0 0 0 306 251 0 0 0 0 0 242 0 0 136 0 0 0 138 107 200 262 107 191 0 0 0 0 125 101 0 0 0 213 295 0 0 0 0 0 226 0 166 140 0 214 0 161 207 128 0 293 129 0 121 0 247 141 305 257 227 0 282 99 0 181 197 0 170 251 0 0 0 261 240 0 245 277 105 0 175 100 256 291 130 112 322 301 180 162 151 0 0 157 283 253 201 0 0 0 0 219 0 107 0 0
0 0 187 258 123 123 277 165 121 0 254 159 148 0 150 211 0 0 0 227 0 271 164 260 298 270 225 0 281 0 0 253 257 0 0 211 0 0 0 0 161 0 0 0 0 231 0 180 0 295 253 0 129 217 0 218 0 274 103 131 181 240 0 0 0 0 194 0 0 246 114 179 0 288 185 219 0 241 0 177 0 211 0 166 119 124 0 0 256 131 222 289 166 0 0 262 0 171 149 163 0 244 256 282 272 170 155 189 138 0 0 202 310 0 0 0 0 227 226 246 197 0 0 0 121 0 147 117 156 286 0 0 0 189 0 0 248 156 186 242 121 173 0 0 104 188 300 0 0 0 0 273 0 0 0 0 0 0 0 252 0 155 187 0 0 155 302 254 195 113 0 0 0 0 283 105 0 0 0 279 183 0 0 211 0 0 166 0 220 120 248 150 195 309 0 264 0 268 168 0 0 0 0 230 0 0 310 288 0 0 134 0 121 0 0 0 0 0 207 136 277 212 145 190 0 225 0 0 0 0 0 0 0 260 182 0 193 0 0 316 259 255 0 0 0 269 132 169 0 169 137 184 0 147 129 143 129 300 0 265 143 0 140 214 101 223 0 221 0 211 238 0 215 230 0 141 0 215 190 258 195 0 0 0 292 234 182 0 0 0 116 0 240 236 0 153 260 209 0 250 0 263 0 134 254 0 0 0 228 299 258 0 177 0 178 0 245 223 233 169 151 236 274 0 244 0 0 117 0 194 222 0 268 247 268 0 113 242 302 0 0 230 0 0 0 142 174 0 146 190 239 146 0 0 218 0 269 0 249 0 163 104 0 167 0 284 291 270 0 0 234 124 0 134 209 0 144 100 0 183 0 0 0 182 271 205 146 0 181 136 0 217 0 0 0 0 254 221 209 0 0 236 0 0 300 0 0 0 132 106 264 0 108 212 0 289 0 0 0 162 281 0 0 110 267 123 0 223 236 0 0 0 225 173 142 172 0 160 0 0 272 187 167 0 248 0 197 252 204 258 0 0 0 0 234 283 0 206 133 275 0 0 0 0 129 0 189 263 0 0 101 0 0 0 193 0 139 0 0 0 0 0 119 137 0 252 0 0 300 0 103 0 0 0 238 0 0 284 187 0 246 0 0 292 0 226 289 146 155 134 233 0 122 225 159 231 110 0 185 164 0 110 0 0 0 0 0 211 0 189 0 210 302 133 0 0 255 0 0 0 296 176 177 0 280 0 0 0 211 0
0 0 266 0 125 100 0 0 0 0 0 127 0 0 0 152 0 0 148 0 144 263 246 227 0 210 0 0 0 134 132 0 184 0 117 0 0 305 238 0 0 0 0 173 0 254 0 178 0 270 238 133 265 206 156 233 0 191 0 258 0 107 249 0 105 115 0 0 0 180 130 0 98 0 209 142 163 191 0 123 0 0 219 0 0 157 132 137 0 190 0 265 0 0 186 0 207 0 243 123 113 213 178 0 0 188 158 226 0 163 173 0 103 98 273 298 0 148 0 283 0 0 0 0 210 0 187 0 278 144 0 0 113 0 162 0 0 0 0 0 128 171 148 0 0 136 0 0 135 222 0 0 154 244 0 158 0 0 247 226 0 0 0 0 196 0 0 150 0 205 143 123 191 0 0 0 0 269 0 232 0 0 130 0 0 185 107 189 0 281 0 0 0 191 183 0 0 0 176 0 117 265 146 0 0 273 0 0 282 0 0 0 0 0 0 219 112 266 291 0 150 0 301 140 133 250 181 291 0 0 0 227 0 225 0 0 0 0 225 0 0 0 204 298 0 0 0 0 0 115 0 294 0 0 124 0 0 0 0 0 206 112 263 257 0 128 0 0 0 155 0 272 131 208 228 295 0 301 0 250 174 0 0 179 137 179 204 0 0 0 192 0 0 0 99 0 0 0 209 0 284 0 0 0 0 156 92 0 0 0 104 0 0 147 206 0 101 0 0 192 0 170 259 153 97 112 282 134 0 0 0 0 179 0 0 187 159 0 0 0 238 231 277 0 0 0 0 0 0 232 0 0 164 183 0 251 0 0 274 0 180 265 152 0 179 0 275 0 0 117 0 0 108 0 0 0 0 227 272 131 95 125 0 124 236 215 137 0 179 97 0 173 179 0 0 0 189 0 0 124 127 263 0 0 266 0 208 0 236 0 0 260 154 0 115 159 103 0 0 0 0 292 104 0 0 0 0 0 129 274 297 228 202 0 0 164 0 0 191 318 0 0 0 0 0 98 0 213 0 0 0 0 118 163 0 0 129 275 263 158 143 0 278 0 0 0 0 158 122 0 0 0 0 161 0 0 235 198 300 0 210 0 285 0 117 0 0 0 0 0 0 0 0 181 251 242 231 0 218 0 223 0 223 257 0 0 145 101 173 236 255 0 0 99 224 0 210 0 0 0 0 0 0 156 0 252 270 285 0 228 169 265 299 0 161 0 0 0 298 170 0 219 119 0 0 0 0 299 0
0 0 0 0 281 192 173 255 267 0 155 0 278 216 0 234 0 271 0 0 241 0 106 136 147 257 200 0 122 0 137 0 0 0 0 0 145 0 140 214 299 0 0 131 114 0 0 210 0 182 297 241 0 212 196 0 205 0 195 169 0 0 240 0 185 0 200 0 198 159 218 118 0 0 0 0 105 126 0 235 0 253 0 295 237 0 0 185 241 0 0 0 199 273 0 0 0 0 0 251 0 0 111 138 272 115 0 0 143 180 137 199 0 270 141 180 201 291 207 265 0 0 193 170 233 0 0 105 120 0 0 0 227 209 0 278 263 97 0 283 0 125 209 191 141 220 0 243 216 0 0 0 188 0 168 0 0 272 215 0 0 237 0 0 0 123 0 0 191 0 221 252 0 0 0 0 248 0 0 124 0 121 0 0 145 0 0 115 0 0 0 126 202 249 0 163 122 188 0 0 0 93 0 0 0 0 251 266 210 215 0 0 0 163 206 0 160 0 0 153 0 0 115 217 202 0 0 0 0 155 234 0 0 249 247 176 115 114 196 0 283 0 0 250 175 0 0 0 144 0 268 0 221 0 139 227 258 230 0 157 0 0 0 206 134 211 0 0 0 183 0 193 0 0 0 0 259 0 199 280 0 0 125 277 178 0 303 0 211 0 189 192 0 148 0 0 0 0 0 257 318 125 191 0 119 0 153 118 161 0 0 232 0 0 0 0 0 0 145 254 0 233 0 281 0 0 0 256 0 0 0 0 0 283 137 250 297 156 113 0 0 0 130 167 225 107 0 0 0 0 0 0 294 163 307 0 255 0 127 155 0 0 261 161 0 290 0 0 189 101 0 0 111 175 0 0 199 0 0 0 108 223 170 224 129 256 181 0 0 266 107 0 145 116 0 0 0 0 0 252 278 264 236 249 187 0 0 0 0 0 0 0 0 0 0 0 261 0 161 0 239 257 205 0 0 0 0 0 221 0 0 209 0 0 0 158 282 0 166 0 0 0 181 0 0 160 294 0 0 0 169 170 261 0 0 116 159 0 217 103 155 221 0 0 269 258 0 158 0 131 143 0 107 146 0 0 0 220 0 127 0 0 0 224 0 143 254 0 0 0 0 0 0 0 0 0 0 199 174 126 0 291 0 0 0 156 216 284 309 0 0 99 0 225 0 193 301 186 182 218 0 0 0 277 0 0 103 0 0 0 154 123 0 110 0 0 0 137 283 258 277 104 119 0 0 0 233 0
0 0 191 109 216 0 0 0 0 283 193 157 0 0 281 0 0 0 0 237 0 158 0 268 0 193 262 0 130 0 0 166 0 0 219 0 107 285 289 142 231 254 0 0 138 284 267 163 94 0 289 0 139 0 0 0 0 244 0 0 0 0 0 189 127 0 102 0 283 0 0 195 0 0 0 0 149 174 0 177 207 276 281 258 183 0 0 274 0 0 188 211 0 251 0 0 0 239 0 0 122 0 181 131 0 176 0 252 172 0 0 131 115 0 226 0 123 160 120 296 201 0 0 0 0 126 0 219 0 212 0 192 136 280 179 279 0 106 261 0 0 177 249 0 127 190 0 0 182 232 247 0 213 179 0 0 276 266 269 0 0 112 0 250 0 0 128 145 212 0 0 0 0 131 209 109 204 149 247 131 277 126 198 0 115 0 109 111 0 0 0 246 0 245 149 202 150 0 0 136 0 183 0 0 204 0 266 0 0 0 0 261 124 293 0 0 0 211 290 0 116 139 0 135 0 214 0 0 127 278 98 192 0 0 292 225 278 138 0 185 0 0 132 285 0 195 258 218 0 168 0 271 122 191 130 215 195 148 212 0 202 0 222 152 270 0 136 0 291 254 280 0 291 0 0 225 118 160 0 228 0 238 0 261 258 147 0 0 261 208 0 0 245 269 109 172 0 0 182 143 0 0 0 112 0 0 0 0 173 0 0 185 0 270 283 272 0 311 186 0 0 100 0 216 211 151 129 167 0 0 201 133 0 0 226 261 124 207 172 215 184 128 116 164 0 0 192 269 269 0 300 127 256 0 0 0 0 0 0 175 181 0 0 0 115 144 208 189 182 0 286 266 269 0 0 158 125 0 0 210 0 164 0 0 161 0 0 135 0 0 0 106 107 286 0 0 0 0 153 113 0 104 228 0 216 0 0 0 0 0 0 120 251 133 243 0 174 0 168 243 247 211 0 0 277 269 0 291 268 0 0 0 209 0 0 0 0 0 206 0 143 0 206 0 115 0 0 113 0 127 0 0 0 0 195 129 0 166 0 229 0 0 115 187 0 0 0 0 120 219 0 192 0 0 175 267 103 161 158 0 0 0 220 0 0 0 300 255 135 0 0 0 0 271 0 0 0 0 263 133 0 272 0 0 0 0 140 175 0 0 175 0 0 198 147 0 173 118 0 114 0 159 216 0 0 107 243 0 0 266 280 0 215 127 141 0 0 218 0 275 0 220 126 205 272 0 0
0 258 244 156 0 0 113 0 140 219 172 0 271 0 245 0 236 0 0 0 279 0 133 185 98 240 230 0 101 220 0 160 0 0 0 0 0 0 0 296 0 280 121 0 233 197 236 218 192 0 0 0 263 163 184 220 240 189 0 263 0 0 282 0 238 146 0 0 0 0 181 262 257 102 0 0 149 0 243 0 0 161 0 0 0 246 0 171 0 0 203 246 0 0 243 0 296 0 317 0 0 0 0 271 0 0 0 238 0 195 199 136 0 266 255 0 117 0 180 0 269 0 0 0 118 270 0 170 0 0 138 98 0 0 137 228 149 0 0 143 0 0 298 193 0 0 0 0 296 0 231 0 122 102 286 167 0 0 254 0 276 189 164 273 0 0 0 0 293 185 125 0 0 0 275 0 205 0 309 0 0 0 0 115 0 149 111 272 0 286 146 252 0 0 206 105 250 177 0 156 0 271 0 0 195 160 0 281 0 125 281 0 250 153 276 0 298 162 0 0 214 0 257 0 0 0 223 221 278 0 125 189 0 288 217 0 150 292 0 0 0 119 260 0 106 97 0 259 159 0 107 233 0 176 0 0 0 0 264 126 0 0 0 118 98 0 0 0 0 240 0 0 0 0 213 229 177 140 151 125 209 259 158 159 138 0 0 269 0 141 142 0 195 283 0 0 98 266 226 225 223 0 0 237 119 0 136 219 0 285 152 123 0 208 225 0 0 0 0 0 0 0 233 0 0 0 213 0 161 129 268 212 0 276 213 0 302 270 201 139 0 217 0 155 0 118 148 104 211 0 0 0 0 0 0 99 246 0 166 0 214 200 0 0 0 0 0 282 0 159 0 210 0 0 0 0 0 0 0 213 104 0 214 177 241 131 272 183 130 238 0 0 207 206 262 136 0 0 161 180 0 0 0 0 217 123 166 0 0 0 310 222 0 0 0 0 263 240 0 0 0 227 0 0 253 0 113 0 0 0 274 295 122 109 152 173 0 0 124 0 97 0 0 0 0 128 164 239 165 110 211 277 0 0 0 281 294 0 187 182 0 278 0 188 0 161 242 116 228 0 0 183 0 280 0 0 170 204 241 287 108 0 118 0 225 0 153 0 0 0 0 0 0 227 0 108 0 296 0 0 236 0 0 178 117 0 0 0 281 132 0 0 278 251 0 0 115 0 278 0 293 284 229 242 0 0 197 0 238 0 267 0 0 117 211 0 265 0 0 0 0 164 0 268 230 0
0 256 0 0 283 0 0 0 284 0 102 276 0 289 0 0 0 213 0 178 151 0 284 0 0 96 0 0 153 0 275 0 284 0 0 254 0 0 0 0 0 0 0 160 0 0 202 0 0 132 0 0 0 193 168 0 0 248 0 269 0 0 113 222 0 195 0 142 140 0 118 190 0 278 0 0 0 0 0 0 257 0 114 133 0 0 0 238 0 0 0 0 0 111 296 0 166 305 0 0 100 171 0 272 0 0 142 0 0 154 279 165 169 0 185 0 0 0 0 287 0 237 166 0 0 0 182 255 0 0 0 247 0 0 0 174 0 180 270 0 131 295 0 0 0 264 0 0 0 0 0 147 265 0 246 214 147 0 0 0 0 0 0 0 209 0 0 0 206 0 0 0 0 0 110 144 273 211 0 159 0 0 0 137 245 258 119 0 288 180 115 291 273 243 0 0 0 260 0 237 242 0 144 0 0 230 0 208 210 0 293 0 140 0 295 0 0 0 0 0 150 0 161 121 303 163 177 263 0 215 0 168 130 184 0 0 0 0 153 159 292 0 207 0 0 177 234 0 0 0 275 0 163 0 231 0 229 138 0 245 0 156 287 140 136 0 243 288 111 0 0 108 0 186 150 307 0 0 0 287 235 102 0 179 0 211 284 109 107 0 0 163 0 242 112 229 263 0 217 0 220 289 0 209 0 0 0 0 110 0 280 0 0 0 178 0 144 240 0 284 201 0 133 0 0 0 0 165 0 272 0 0 168 157 0 0 0 216 171 256 0 291 284 0 128 296 190 0 171 233 187 167 310 255 0 0 106 130 111 225 147 0 235 0 0 156 0 264 0 0 0 0 173 0 0 223 150 114 0 0 0 0 0 299 0 0 0 0 227 226 0 110 249 0 276 0 0 0 0 140 154 304 0 293 0 0 295 195 0 0 0 0 0 203 0 111 204 243 0 278 221 218 0 238 280 213 0 249 0 282 166 0 216 102 220 142 261 0 0 0 0 0 213 213 0 0 291 218 119 0 0 267 228 0 196 0 260 277 115 261 0 0 0 0 285 271 0 136 0 0 0 0 147 221 0 0 120 0 233 102 282 0 0 162 264 211 163 112 238 292 244 120 289 281 96 257 121 0 0 178 192 0 0 0 228 263 0 100 203 0 0 110 0 0 0 118 0 143 0 0 203 241 0 301 291 0 0 216 253 225 146 0 0 0 0 156 110 293 227 0 297 229 231 0 0
0 0 0 246 0 0 0 118 188 0 288 0 134 0 282 186 0 0 193 142 144 0 0 242 214 0 164 272 0 0 103 0 0 0 215 0 0 0 233 0 237 199 246 131 294 133 134 152 145 189 132 0 186 0 0 0 128 0 201 306 262 113 200 101 191 0 201 291 192 0 117 0 283 192 217 294 0 245 121 0 0 120 0 190 0 0 0 0 0 268 147 169 218 0 0 231 0 0 295 150 0 163 0 200 0 136 0 129 0 202 0 0 152 0 0 0 141 0 214 0 0 269 0 0 0 245 0 143 119 286 288 222 0 0 217 0 0 231 0 0 0 282 0 280 0 0 165 180 219 276 0 263 101 0 0 137 248 129 303 113 257 294 0 0 0 0 0 0 109 0 178 245 0 139 168 0 109 269 0 0 0 0 224 0 166 155 212 0 0 0 0 0 0 0 210 132 256 0 0 0 182 271 164 0 229 294 169 0 0 0 135 0 252 0 0 0 193 118 0 198 253 0 0 226 0 139 0 0 300 0 0 0 243 0 0 0 0 0 0 215 137 0 0 166 0 0 251 206 0 0 0 243 0 139 0 129 139 0 115 198 0 221 0 285 152 243 193 0 0 146 202 266 0 252 0 302 198 0 234 0 212 0 0 0 191 217 281 189 221 0 191 0 201 123 0 216 111 0 116 215 0 261 250 0 223 115 162 0 0 0 306 215 146 170 0 207 170 168 194 0 0 0 0 183 0 0 222 258 130 0 131 184 0 130 159 0 0 147 155 0 199 107 282 0 235 119 169 198 0 149 0 0 262 0 242 273 167 0 0 0 0 0 111 255 0 199 0 112 276 175 212 133 0 111 0 100 0 0 281 271 288 122 237 127 115 0 305 0 221 230 217 0 0 0 0 216 0 298 176 160 0 0 0 291 0 158 262 0 112 245 0 0 0 272 0 0 134 0 105 172 0 0 0 0 0 124 203 0 0 0 0 0 226 0 239 263 208 0 0 0 245 0 0 0 0 102 128 115 230 0 241 152 0 0 267 0 0 213 0 248 112 249 0 169 0 123 0 97 0 252 153 195 239 0 0 0 180 238 0 0 130 185 0 174 0 104 0 217 0 258 140 0 269 250 140 0 117 106 212 155 0 0 270 0 131 139 231 130 244 0 236 0 176 196 0 0 0 0 0 241 262 0 147 255 281 0 293 0 0 0 0 0 163 131 270 142 206 0 131 146 0 0 0 0
0 0 0 154 189 0 0 153 0 263 0 177 154 0 176 163 0 0 198 0 0 102 0 270 0 228 289 165 155 0 126 0 253 0 0 0 0 0 195 0 0 0 0 0 0 0 0 109 153 0 279 0 0 0 0 112 0 217 141 277 204 0 0 0 95 108 260 0 0 120 213 237 0 166 0 0 0 0 0 0 0 0 0 0 0 116 260 201 0 184 0 0 0 0 0 190 0 248 0 241 179 180 0 0 158 186 0 255 0 0 0 0 0 0 0 235 0 0 0 280 135 164 179 0 0 0 146 123 219 129 190 0 0 292 0 251 213 106 161 0 104 153 0 116 205 0 127 0 150 0 0 0 271 286 196 134 314 265 0 232 0 123 0 253 0 0 289 0 106 154 0 0 0 109 261 0 195 0 124 287 0 0 0 0 153 155 0 193 184 283 278 0 175 195 235 136 294 171 106 0 233 308 0 0 155 0 0 0 170 217 259 215 0 301 0 179 0 0 254 0 163 252 225 0 225 0 0 265 171 0 205 0 220 0 157 227 143 148 0 130 0 117 171 130 0 0 0 0 0 0 0 0 262 155 203 147 0 161 217 97 257 0 0 169 145 0 275 0 0 0 154 313 254 0 169 168 181 262 0 0 122 285 177 114 0 272 278 0 188 0 0 288 0 0 189 0 212 300 0 0 151 0 0 0 0 0 118 153 0 133 264 225 0 0 272 0 0 249 0 230 0 0 0 220 156 0 0 159 0 0 296 233 284 154 0 257 0 0 264 184 240 251 207 190 189 0 224 272 0 238 286 0 0 171 0 273 0 113 0 0 167 0 112 141 151 201 95 0 147 174 0 143 0 0 110 0 0 222 0 0 253 213 206 244 0 0 0 188 0 0 123 192 276 0 0 240 224 0 202 100 294 174 0 223 122 0 291 104 0 108 0 207 0 212 0 0 0 234 0 0 0 196 178 106 0 0 0 0 0 0 225 291 0 190 203 240 162 0 0 227 188 0 0 0 299 0 198 204 161 0 181 0 260 161 292 193 120 195 0 266 196 0 294 107 219 0 177 209 289 290 0 188 0 157 0 0 233 137 0 294 0 0 0 0 146 247 144 254 0 123 0 238 0 272 186 120 219 0 0 0 201 0 0 183 275 0 0 228 0 113 280 0 0 191 0 0 0 161 255 0 257 0 288 0 164 0 184 259 0 0 0 219 164 175 0 0 0 110 0 200 112 207 0
0 0 117 281 0 260 151 300 0 0 190 0 209 0 130 0 135 0 0 183 0 0 0 217 245 0 242 232 166 141 193 198 282 170 0 0 296 189 0 0 207 128 121 176 0 0 259 252 112 266 0 0 0 297 224 212 169 248 0 206 114 0 235 0 0 271 135 0 96 0 0 0 0 268 258 119 0 0 111 0 208 167 260 261 0 249 154 0 215 0 273 0 0 0 0 116 212 0 0 0 0 0 0 0 133 160 180 0 0 255 0 0 0 109 0 294 0 0 0 0 0 0 0 121 140 0 0 0 0 0 0 0 0 0 0 0 161 0 250 0 0 264 0 248 118 127 0 147 0 128 0 248 152 0 0 173 0 0 270 195 274 108 243 0 0 0 0 0 92 0 0 0 136 0 0 292 0 178 0 0 0 0 195 0 264 0 133 0 0 239 265 0 0 0 0 203 0 0 196 104 182 0 0 176 186 0 200 0 0 168 0 0 259 0 135 0 0 0 173 0 168 248 0 155 0 0 0 254 0 230 0 0 0 0 269 154 120 0 268 0 258 0 101 0 0 196 254 110 0 114 0 0 246 137 238 0 0 0 124 214 0 0 0 216 238 0 212 0 151 0 0 0 0 178 252 138 0 223 119 266 0 184 210 119 0 119 172 0 211 0 172 0 106 179 0 115 139 246 0 275 0 114 121 168 221 0 235 186 0 236 0 0 276 0 113 182 121 0 0 253 155 246 0 0 0 0 124 0 0 245 126 0 0 0 0 0 0 196 182 0 0 0 0 114 189 273 0 286 0 0 121 0 146 0 181 0 0 0 0 0 295 0 0 0 0 230 0 0 207 0 129 0 114 0 0 0 0 165 0 190 129 0 0 202 0 127 110 221 167 0 258 143 284 117 200 0 182 179 186 0 0 0 0 238 0 0 142 130 132 0 0 228 208 0 0 218 209 0 0 244 0 0 130 0 0 266 114 296 0 282 0 123 270 107 0 0 305 95 149 0 127 262 0 203 0 0 110 0 259 261 127 0 180 0 0 217 0 193 269 0 0 0 225 0 274 0 255 178 0 258 271 0 0 0 0 248 107 0 101 233 284 221 0 0 0 0 0 0 0 123 112 0 0 0 0 0 0 138 0 0 0 256 0 0 0 0 0 0 198 191 0 163 233 0 95 207 0 110 207 0 0 0 259 0 0 0 280 0 282 265 0 0 134 262 114 169 271 183 0 256 0 0
0 0 195 209 94 0 0 0 133 119 236 302 181 285 0 0 138 0 0 224 0 0 0 158 0 176 294 143 0 272 0 0 257 0 190 0 0 0 272 142 0 181 0 294 0 0 229 112 159 161 0 0 0 152 291 156 0 0 0 293 168 230 126 0 0 0 124 0 228 306 244 211 0 308 290 113 127 0 0 0 0 99 0 217 149 0 239 211 202 0 0 0 114 142 271 0 0 0 0 216 0 0 235 0 0 0 0 126 250 0 0 0 0 0 0 0 233 0 146 252 118 0 0 193 110 0 199 0 0 194 0 0 132 0 176 197 233 134 0 0 0 0 0 0 156 191 237 225 0 0 244 0 188 116 0 0 0 0 0 0 256 153 0 0 118 0 204 252 0 0 0 0 0 0 291 204 280 0 0 214 248 119 120 0 266 0 0 163 0 0 112 138 283 207 0 0 246 0 0 228 141 273 172 0 188 154 159 0 153 0 0 156 0 216 256 0 0 281 0 0 0 194 223 189 134 98 231 181 0 0 259 0 250 272 0 0 268 145 157 211 0 0 0 139 0 291 0 175 0 0 191 0 0 179 0 0 174 118 141 0 0 300 117 102 0 238 0 182 152 0 0 196 295 0 306 0 0 237 268 136 275 0 0 0 0 0 0 175 280 0 0 293 0 0 99 0 142 148 221 0 0 0 189 146 0 141 0 284 0 0 213 0 0 0 0 193 205 0 151 204 0 0 0 157 0 0 152 0 114 0 231 179 132 0 0 0 0 0 0 100 0 0 0 233 0 106 226 0 0 254 205 272 298 120 0 196 0 0 0 98 303 112 0 222 116 171 256 150 134 0 156 284 0 0 0 198 156 126 0 0 0 143 0 0 236 0 188 103 188 203 239 126 190 190 0 124 0 0 234 0 0 0 116 163 194 0 294 0 264 0 0 0 0 0 0 295 271 0 0 142 0 0 272 0 154 0 260 0 202 235 224 270 0 117 263 0 133 170 285 0 0 254 207 142 224 0 103 0 159 176 203 201 0 263 0 282 0 0 146 132 0 0 0 0 292 138 149 0 0 0 0 0 0 278 118 0 0 0 186 0 0 151 0 122 0 143 0 0 0 0 176 0 99 255 121 284 158 185 214 0 0 0 162 0 0 0 309 252 254 110 218 172 0 189 0 127 0 196 0 231 240 193 189 157 0 0 0 0 276 187 0 137 108 116 0 220 271 124 207 0 0
0 0 0 255 181 0 0 0 109 140 112 298 172 0 286 303 0 0 0 221 0 0 0 191 0 0 0 0 215 202 136 0 0 0 222 225 198 261 122 271 271 295 0 257 0 0 114 120 174 135 111 262 243 0 0 161 183 0 0 0 0 171 203 0 0 0 0 248 0 0 197 0 143 294 268 182 100 0 127 125 243 183 0 0 0 0 172 0 0 148 142 0 169 0 129 0 0 254 276 184 0 160 250 97 0 190 0 0 0 0 0 214 0 0 209 188 0 112 272 272 0 255 0 0 199 280 0 0 0 0 284 0 177 0 268 0 223 161 307 0 0 0 105 152 0 0 0 0 0 0 0 0 107 302 0 0 300 203 215 251 0 0 114 251 0 209 149 0 263 0 259 131 164 0 0 190 101 0 0 249 0 0 0 293 0 0 141 179 0 121 0 0 241 133 0 113 0 148 0 0 257 0 0 279 184 135 0 187 0 0 297 204 266 0 0 149 121 153 214 179 0 0 0 0 130 245 193 0 0 0 0 265 0 0 129 141 0 0 0 0 222 283 249 169 0 0 215 0 0 0 284 0 237 215 250 0 0 0 0 0 0 0 245 0 0 130 223 0 0 121 169 201 0 0 0 0 158 258 0 0 121 226 205 215 0 0 0 181 0 166 296 0 0 246 0 0 0 0 255 0 119 0 258 303 0 0 0 0 268 160 282 261 241 188 0 0 149 0 0 0 0 192 0 263 0 0 0 130 0 0 0 118 128 0 0 215 0 0 130 258 0 123 226 101 223 129 0 0 0 0 170 0 107 246 113 0 233 137 0 294 186 230 184 0 279 0 255 289 0 0 0 0 0 0 0 139 110 125 0 0 0 0 164 0 0 127 159 0 275 151 0 0 0 0 195 0 238 147 170 0 212 0 278 208 218 0 158 0 202 0 274 225 0 0 0 256 0 166 0 251 202 0 0 0 238 269 0 286 141 137 0 102 0 0 0 167 274 0 0 237 277 0 0 0 0 0 0 241 126 0 277 0 112 0 194 0 120 0 0 270 0 219 234 148 176 107 247 239 0 0 276 237 0 0 0 138 227 0 231 188 0 145 0 209 0 100 0 247 156 296 0 149 0 0 0 0 113 286 0 232 245 0 0 121 0 165 252 0 0 155 249 0 0 177 256 0 271 148 106 176 108 158 183 194 263 271 205 176 0 263 0 0 0 102 298 0 276 0 213 0
0 0 0 0 286 0 0 0 122 0 251 215 267 0 0 208 235 0 260 234 0 0 0 250 0 148 0 253 250 0 102 0 0 273 0 103 248 0 0 0 0 0 251 124 175 190 189 293 0 0 0 0 0 142 0 217 0 0 271 281 0 154 123 161 154 240 159 0 0 0 128 103 0 0 0 120 0 199 0 133 0 0 0 148 0 158 165 148 233 135 105 276 166 0 0 0 171 0 0 0 206 0 0 176 200 181 0 0 0 211 152 207 0 256 0 256 175 258 0 139 161 115 0 114 188 129 0 0 0 208 0 138 214 274 0 203 0 0 0 189 0 148 0 140 0 238 191 266 0 0 0 245 234 131 202 187 0 258 0 181 0 0 134 0 239 170 137 0 0 0 276 161 0 0 139 0 186 183 0 0 0 122 132 202 176 110 0 185 0 0 204 0 127 189 244 148 125 133 0 262 0 279 0 285 0 0 256 0 0 157 143 0 0 136 267 274 241 248 0 0 0 0 173 221 0 213 192 0 0 136 0 151 320 210 0 160 0 0 201 159 202 0 0 162 0 0 254 0 279 0 204 0 160 0 0 0 211 179 0 0 0 98 0 233 0 272 0 191 0 0 217 268 208 0 185 0 158 118 165 0 237 258 109 0 267 0 0 0 189 0 0 299 0 236 0 0 123 113 193 218 0 174 152 0 0 278 152 0 198 0 0 0 163 280 0 111 289 277 102 203 0 0 0 279 0 0 122 0 124 257 161 0 0 0 287 157 0 0 0 115 238 164 0 0 119 0 289 0 0 227 0 0 107 0 270 0 0 205 213 209 0 0 0 269 265 0 251 0 0 99 0 163 0 0 241 231 0 116 270 224 0 160 231 193 0 0 0 293 0 222 163 145 0 282 204 0 169 148 226 0 242 213 0 0 0 231 0 0 0 0 0 0 0 138 0 203 0 248 263 259 184 117 0 0 292 265 0 0 242 0 149 0 0 0 102 0 0 0 0 211 0 127 192 0 258 0 0 176 206 0 292 0 0 0 178 0 170 0 0 151 245 0 226 0 0 179 281 168 180 123 0 242 0 137 0 170 227 206 0 0 152 0 169 0 242 0 162 0 0 189 0 0 138 0 0 261 0 0 140 0 136 0 0 189 106 0 0 179 0 0 0 110 0 263 0 109 0 0 0 195 165 173 199 295 0 216 0 280 182 250 0 156 0 276 0 0 282 300 0
0 0 169 0 171 0 0 0 290 0 0 0 204 157 287 245 0 286 0 0 220 227 203 306 108 258 182 0 0 127 0 0 0 219 122 123 0 0 0 0 0 0 237 0 0 152 0 0 0 0 235 0 0 283 197 296 98 0 0 237 222 244 269 0 0 0 0 0 178 289 0 255 271 174 0 0 270 0 0 0 0 277 223 276 269 0 0 0 0 134 155 107 257 0 120 103 194 0 284 192 0 149 188 216 0 0 0 0 0 0 0 256 287 120 150 0 0 107 0 0 224 0 0 136 263 0 151 235 144 297 0 284 0 193 0 0 253 0 260 0 0 0 186 278 130 216 0 0 0 172 0 178 0 244 0 0 137 147 115 247 0 233 136 0 243 0 0 176 207 0 147 152 0 145 221 0 169 0 163 0 215 235 172 285 0 0 123 229 0 0 0 188 0 0 204 0 157 138 0 0 0 0 161 0 97 221 0 279 125 0 282 0 0 0 0 0 0 0 0 150 0 0 106 277 0 0 0 208 227 148 0 0 124 0 0 203 184 239 0 222 195 138 0 287 0 246 0 232 0 0 124 0 0 0 0 0 155 0 183 126 181 0 0 0 0 0 0 178 0 239 0 0 192 193 0 0 0 0 256 0 231 0 211 140 0 0 0 127 191 107 198 0 0 0 136 241 0 260 157 0 0 131 0 164 0 153 0 0 0 282 0 0 0 0 0 293 149 140 0 0 105 243 0 163 0 0 0 0 166 0 224 264 278 270 106 0 123 189 0 136 132 154 141 0 0 0 195 202 208 186 201 100 0 209 139 0 144 208 123 132 303 237 196 189 0 227 0 0 266 280 0 111 0 0 131 97 256 0 0 0 0 143 0 113 0 0 107 0 0 275 0 252 0 0 181 197 0 240 124 129 0 0 255 267 226 0 0 0 179 166 0 203 270 0 116 253 102 0 178 259 216 0 0 0 0 0 0 0 197 224 140 0 240 0 0 0 216 140 231 255 0 0 0 0 232 158 140 213 191 0 0 0 176 157 258 0 133 272 0 164 0 287 106 0 175 0 0 134 301 196 197 263 301 255 164 0 272 0 0 0 0 193 126 245 126 0 0 212 0 0 0 241 0 0 0 258 220 0 0 0 0 299 0 108 0 286 0 0 0 236 0 0 139 0 141 0 99 0 0 0 204 194 0 222 315 0 102 0 259 0 243 0 0 0 315 166 0 0
0 0 132 0 166 153 227 123 284 0 288 0 242 0 181 254 0 123 129 256 114 0 201 141 297 106 259 281 113 0 117 0 0 0 0 0 0 262 188 182 0 0 0 118 0 198 129 0 0 244 0 0 110 0 227 0 165 137 174 0 194 0 142 0 0 215 0 0 0 283 0 0 228 291 134 259 0 0 133 176 121 99 217 158 126 0 0 0 167 0 0 0 241 0 0 0 0 0 0 240 128 0 146 239 0 0 0 174 220 0 0 248 120 0 186 0 110 0 0 121 173 119 0 0 0 183 0 201 0 0 0 205 166 0 0 0 115 273 0 0 301 0 0 0 0 264 0 241 0 177 177 251 225 175 198 158 245 0 0 0 179 181 188 0 0 0 0 273 242 247 231 183 0 0 172 0 146 212 0 0 263 141 234 226 232 0 0 100 0 0 104 142 202 160 0 264 286 0 0 178 200 102 129 0 0 109 184 0 0 0 139 164 269 0 228 0 0 0 166 159 269 0 270 255 275 0 0 0 109 206 223 288 0 0 213 117 158 0 127 0 216 0 0 274 0 0 201 227 0 0 114 0 155 292 0 320 0 218 256 0 0 0 170 252 0 0 137 0 199 0 0 210 276 231 0 139 0 0 0 0 0 0 0 274 194 178 293 198 264 209 287 0 0 0 0 178 206 0 0 297 259 101 117 116 0 239 0 0 118 0 197 0 0 0 0 275 207 0 174 0 169 299 275 0 0 0 211 159 200 0 236 154 172 316 0 0 162 209 0 294 0 0 0 0 102 273 110 170 183 0 289 0 128 0 246 132 0 0 0 0 0 155 0 0 0 200 0 0 120 156 275 180 216 204 0 0 183 0 200 145 225 0 111 0 0 229 121 0 218 0 156 0 156 189 278 126 0 0 287 0 0 105 208 160 0 228 0 245 0 0 0 124 0 185 129 0 140 0 155 270 194 0 230 0 151 0 152 0 303 162 250 143 214 0 139 228 0 279 0 187 0 0 139 0 292 127 0 0 0 264 0 0 0 104 126 0 0 245 104 0 0 210 0 216 155 230 0 0 0 0 113 225 282 127 279 110 295 98 286 0 111 171 270 0 246 210 193 224 0 163 0 147 0 0 275 239 211 220 0 0 0 0 0 0 0 203 170 116 182 0 0 0 0 295 139 0 0 0 0 280 202 174 0 120 0 116 0 0 158 0 249 181 0 272 126 0 0
0 0 222 0 133 0 0 0 0 0 0 0 178 251 133 0 204 296 0 0 0 0 124 279 273 0 276 0 0 0 150 0 275 0 0 276 0 0 279 125 0 235 0 0 259 246 275 0 0 115 274 231 0 129 0 0 0 265 0 121 0 136 130 0 187 0 0 0 229 0 163 233 103 0 103 127 0 0 136 0 0 0 0 0 0 230 194 267 0 164 0 0 0 103 160 152 207 0 164 0 215 199 136 0 0 156 0 117 0 165 280 217 0 201 0 0 0 0 184 117 0 0 0 0 299 243 111 159 0 0 257 0 165 238 233 0 131 0 0 243 0 0 257 0 240 119 124 0 157 0 0 0 0 177 0 0 191 0 171 0 188 0 214 219 251 284 0 0 0 261 245 0 0 228 130 263 277 0 272 0 0 110 0 0 0 0 228 0 0 268 0 0 0 151 0 0 0 178 251 0 233 127 0 0 0 0 200 95 168 262 162 0 0 195 0 0 175 176 0 0 172 0 295 114 0 230 241 0 0 269 0 0 172 106 182 299 210 0 0 0 0 225 271 0 230 194 155 0 0 131 135 0 181 0 229 0 199 257 139 248 0 248 296 0 111 0 0 0 0 0 0 219 204 132 0 232 259 0 181 255 0 0 0 142 278 0 0 200 193 0 0 102 0 163 203 0 0 174 247 0 0 109 199 0 145 0 0 139 0 100 0 149 145 227 0 0 139 299 289 185 224 247 270 246 0 0 0 0 203 242 98 0 251 186 0 205 130 287 0 0 0 132 0 0 0 235 0 0 0 0 279 0 0 174 0 0 0 228 0 120 0 283 0 294 161 168 216 0 127 0 268 191 0 241 0 0 217 0 0 137 0 132 0 0 0 281 0 0 0 275 0 0 0 0 220 0 208 0 0 217 0 285 0 143 285 174 195 113 193 202 0 285 0 0 0 294 248 99 123 192 0 151 0 180 278 241 0 0 0 0 265 269 0 290 114 236 0 142 0 243 221 0 115 0 249 186 0 0 250 293 136 0 0 0 267 133 0 249 179 0 268 247 249 0 0 218 0 267 157 267 288 224 302 194 0 208 138 214 0 0 0 0 0 0 123 126 0 170 0 287 271 196 0 238 0 268 155 0 276 0 0 188 0 0 134 256 108 0 136 0 147 219 137 0 0 0 211 243 161 0 0 0 294 175 0 193 195 144 0 139 188 156 260 0 117 0
0 0 0 136 200 151 0 133 213 301 0 218 183 0 175 0 0 0 0 0 0 237 0 0 0 0 288 0 0 139 0 256 224 0 0 270 168 197 268 0 0 269 181 232 297 0 145 0 0 0 270 228 309 120 144 273 285 0 198 136 0 0 0 0 0 255 0 0 0 251 0 0 113 173 0 162 0 236 0 0 152 0 0 105 209 190 0 0 238 267 123 0 303 0 205 192 0 270 0 193 174 229 0 0 106 186 233 0 0 0 0 178 0 0 0 289 0 0 118 0 0 0 114 0 239 205 0 207 110 162 0 0 144 284 0 261 288 0 0 140 0 236 124 0 0 0 0 182 258 218 108 199 295 0 287 148 192 0 0 250 0 0 210 0 0 0 170 172 201 227 318 219 140 295 0 299 149 184 0 290 210 0 289 0 0 240 0 0 260 186 0 0 135 227 0 0 0 220 123 0 220 0 0 152 302 254 152 98 0 0 93 167 0 156 0 0 0 113 0 165 0 102 193 111 0 0 228 0 99 147 0 294 0 118 0 102 134 0 0 0 217 0 227 0 0 0 0 257 205 0 0 0 317 252 0 0 0 178 147 164 170 0 147 292 0 123 0 241 0 0 103 276 170 119 0 163 233 217 170 150 0 243 133 226 300 0 286 261 121 0 0 0 0 221 216 0 190 241 245 198 160 150 0 228 161 215 103 129 101 281 195 280 0 99 0 0 0 0 0 0 0 171 0 220 177 0 197 0 221 270 0 288 288 252 304 115 0 0 0 170 218 122 0 0 118 106 145 247 0 129 0 272 230 267 0 0 167 0 0 0 0 0 195 118 133 0 165 0 0 202 0 0 0 0 254 0 150 218 221 246 151 105 173 0 0 176 158 0 0 0 0 0 0 163 0 0 0 140 169 0 0 0 0 154 163 0 238 107 118 177 104 105 242 0 0 110 103 269 0 0 211 0 265 177 266 131 199 0 199 197 264 144 210 107 276 140 0 0 0 0 232 0 136 0 289 0 116 250 0 171 0 275 164 0 0 0 169 0 0 0 147 289 198 232 185 317 205 0 131 121 0 288 0 0 154 142 0 241 179 113 154 314 236 165 185 0 277 142 100 242 0 208 0 0 242 0 0 0 0 139 226 0 0 195 0 216 0 204 0 0 0 248 0 0 134 194 175 198 184 254 121 0 269 0 146 138 264 197 187 230 0 148 296 0 0
0 0 0 0 202 0 264 239 0 0 181 118 205 244 271 0 193 204 0 158 0 0 212 0 0 0 302 287 0 0 0 0 0 197 289 174 161 148 0 0 0 0 0 0 115 108 280 113 0 0 122 152 0 0 0 122 244 285 293 295 0 0 0 155 0 0 164 0 0 0 180 0 0 121 0 235 0 219 0 0 0 272 162 0 0 0 0 134 120 240 0 201 165 105 173 0 277 0 0 109 100 0 138 116 0 249 232 0 0 0 106 0 0 0 123 162 0 0 234 0 0 0 0 185 0 0 129 0 273 225 0 215 133 0 0 138 0 0 257 0 0 136 0 0 269 0 135 230 280 0 128 150 0 116 177 247 313 0 0 0 0 289 0 0 188 192 153 263 198 0 0 0 103 0 0 0 0 0 0 109 249 0 120 0 243 239 137 0 167 0 0 134 193 0 236 296 0 0 0 0 0 0 126 0 0 0 152 0 0 154 0 135 0 0 0 0 0 0 0 0 197 142 208 0 0 0 0 0 306 0 0 0 130 0 248 186 238 160 0 0 180 106 287 111 255 0 0 0 126 174 0 0 208 277 131 152 0 0 0 102 110 253 0 250 0 0 116 165 0 201 238 0 308 0 237 196 0 0 129 0 0 0 0 0 0 193 240 0 303 0 198 136 274 0 200 0 0 0 0 221 223 210 124 0 0 177 261 0 198 309 304 0 0 0 134 0 0 0 105 122 0 0 213 0 122 261 0 249 244 276 271 126 0 0 0 0 0 0 0 201 219 0 113 145 0 0 0 109 147 214 0 0 0 0 111 263 0 0 0 133 181 0 287 0 0 0 0 247 149 0 0 168 148 0 0 0 273 161 0 127 0 0 0 0 0 125 246 123 0 158 0 267 212 0 178 0 0 0 190 234 0 0 0 148 160 0 0 0 166 0 127 0 303 0 231 0 243 0 173 0 0 239 0 0 222 247 263 201 180 0 0 0 107 246 0 230 0 216 111 0 122 0 0 297 127 0 306 0 155 103 264 0 0 0 224 0 0 0 0 0 299 249 0 0 0 282 100 149 282 0 137 182 188 0 0 205 286 181 0 0 0 0 150 0 0 0 0 245 144 0 234 151 0 197 156 0 0 0 0 207 284 249 105 0 0 175 239 0 251 160 0 0 167 257 260 0 0 206 0 0 289 0 156 0 0 318 246 118 0 0 166 142 267 0
0 166 191 111 221 157 0 122 174 0 0 108 0 271 129 265 182 0 0 117 0 201 220 0 121 0 0 287 0 210 0 147 0 124 0 211 0 144 129 131 116 0 0 0 0 121 167 0 0 176 300 175 0 172 225 158 0 0 0 0 216 133 156 0 0 121 102 0 160 0 0 200 130 0 0 161 276 191 0 139 0 264 0 0 222 0 0 0 271 242 106 277 0 0 281 0 255 122 228 0 128 215 106 121 0 244 0 291 148 154 177 201 0 255 0 0 0 0 0 0 0 0 147 0 255 0 114 157 0 0 286 0 0 171 118 262 255 221 0 292 0 0 228 0 0 268 283 0 232 0 144 0 113 0 296 0 156 0 161 285 0 131 0 0 242 255 0 276 0 188 301 177 0 128 0 245 253 0 200 122 0 215 0 0 0 243 0 0 183 0 0 222 0 0 0 241 221 238 0 271 0 0 157 194 0 0 267 0 0 0 166 195 287 0 0 0 0 187 0 0 0 241 219 0 282 0 0 266 0 200 0 143 0 290 0 105 200 149 0 0 280 143 0 173 119 154 261 0 0 150 172 0 0 226 0 0 156 0 192 0 283 141 117 220 0 127 0 0 190 0 0 0 119 127 167 0 0 0 0 0 0 108 158 0 153 0 0 295 260 0 255 0 0 0 197 0 124 299 124 0 189 304 0 116 0 109 151 0 0 192 0 0 0 0 0 112 0 0 0 164 217 148 0 0 0 0 206 0 0 224 0 0 158 222 213 0 183 0 227 0 0 185 0 173 308 104 0 0 115 0 296 0 0 0 210 138 0 278 0 116 209 0 106 0 0 0 184 0 0 258 265 281 136 0 239 0 0 0 201 264 169 219 0 0 239 109 0 0 129 0 309 0 0 261 98 191 0 0 219 133 0 0 217 0 0 0 238 106 199 0 0 262 229 0 0 0 0 257 0 300 110 0 0 0 109 182 0 0 274 188 0 0 0 0 155 165 0 311 0 197 167 281 0 102 0 182 109 0 277 285 0 0 0 242 0 277 0 122 0 0 145 0 137 0 237 0 135 0 0 211 142 198 0 0 258 0 0 0 0 218 0 0 259 0 180 0 0 123 0 206 0 284 197 266 202 119 299 145 173 244 0 263 225 225 0 248 208 164 0 0 0 179 0 125 0 213 0 0 294 263 0 0 269 0 0 0 308 0 0 257 0 253 0
0 0 139 0 0 125 0 208 245 0 142 0 0 251 150 208 0 257 157 195 0 254 241 0 0 0 0 224 0 0 0 173 0 0 0 0 269 0 170 296 111 0 308 118 156 126 0 0 117 0 101 271 257 278 223 0 0 0 0 113 0 0 239 0 221 0 160 0 0 0 0 279 0 226 253 0 249 0 156 182 0 0 0 0 240 0 0 273 0 282 240 0 240 183 0 0 305 0 250 0 0 0 207 0 243 0 0 0 0 101 0 0 291 293 222 0 174 0 162 0 132 0 220 125 271 0 135 0 186 0 292 304 0 0 181 117 163 0 0 225 201 259 0 99 0 0 0 0 0 0 111 0 212 0 219 0 0 199 305 275 0 0 261 269 119 0 182 118 218 0 0 252 0 0 191 0 183 286 257 227 283 220 173 0 0 173 192 204 0 141 206 0 277 0 0 0 0 0 0 0 108 113 0 239 0 155 156 0 0 0 0 0 0 197 137 295 0 0 148 0 0 0 253 220 0 0 277 97 224 0 0 252 129 0 232 0 0 0 0 0 109 257 0 0 164 0 0 215 252 247 269 0 0 0 0 191 209 286 199 0 0 0 193 0 139 158 0 0 0 0 0 0 191 266 0 0 276 0 164 0 0 217 143 0 105 0 0 115 155 190 0 0 204 193 0 0 0 0 156 0 191 228 209 201 170 131 288 101 137 151 199 137 235 235 237 117 0 230 232 166 172 296 0 0 294 0 0 112 0 165 271 158 161 225 0 159 0 0 205 0 284 0 118 0 117 226 110 121 0 139 0 136 102 285 270 187 0 0 0 0 257 0 205 133 0 182 261 115 118 218 126 269 142 271 184 133 0 197 234 225 0 198 210 190 0 269 231 235 0 170 115 300 104 0 0 0 265 293 0 242 0 0 137 124 123 0 320 0 0 0 157 286 216 177 0 0 0 176 160 245 0 0 171 269 0 0 275 102 0 240 0 136 0 101 0 169 144 189 178 0 281 170 0 0 105 124 227 294 0 231 0 0 0 124 0 0 0 0 0 0 0 158 228 0 152 0 0 0 254 266 0 193 158 0 0 0 197 0 247 0 288 0 301 0 177 0 0 263 0 202 0 244 280 191 0 291 0 0 125 0 0 0 186 0 0 0 188 0 155 196 130 0 117 289 0 0 181 0 267 124 0 219 141 0 0 250 201 278 117 128 276 0
0 160 269 286 227 245 0 243 0 104 0 215 0 179 137 261 0 0 288 234 135 0 137 188 0 117 177 0 208 0 194 251 0 0 281 0 0 0 0 279 259 141 0 0 0 297 0 0 117 0 227 0 0 189 277 0 163 0 0 0 0 0 142 0 255 145 153 251 0 278 277 0 261 0 111 0 111 123 0 232 307 0 0 0 0 0 235 131 287 0 197 209 0 104 0 0 106 0 0 267 0 0 195 201 174 0 0 0 220 0 289 0 134 0 239 299 205 0 0 143 266 0 101 0 220 0 289 0 117 256 168 174 0 0 111 164 0 0 0 0 0 0 0 0 0 173 228 227 211 0 249 218 0 171 0 0 0 224 0 153 0 177 0 0 0 0 0 206 267 0 279 295 121 299 210 100 289 0 219 0 0 0 0 0 275 243 245 183 236 0 0 249 294 203 0 157 0 0 0 0 106 0 0 0 0 0 0 0 268 0 0 135 0 123 0 0 130 0 0 122 0 0 0 0 0 0 0 0 0 214 149 131 159 0 0 0 0 223 116 0 91 239 0 0 0 0 0 263 147 148 184 0 0 245 0 129 133 206 163 0 116 144 0 189 0 273 0 0 106 0 0 0 158 0 126 214 0 0 0 192 0 199 206 0 0 214 0 230 231 135 0 0 200 226 0 108 194 178 238 241 0 0 110 0 248 0 272 0 252 0 0 0 239 287 147 0 279 0 153 0 206 193 0 0 0 0 180 220 147 0 0 0 0 129 262 0 0 0 296 0 238 0 134 147 0 0 0 235 212 183 0 254 0 293 0 226 141 99 209 116 0 203 0 252 211 149 109 205 148 0 197 0 0 0 152 292 0 0 0 157 214 246 0 0 0 0 215 133 0 0 230 168 0 0 0 0 0 0 0 0 0 0 0 0 0 0 99 211 0 198 0 262 135 0 194 0 191 0 0 167 220 115 0 0 0 0 225 151 146 247 0 0 0 113 229 0 165 256 0 0 191 0 154 225 147 288 0 151 214 0 0 252 312 0 0 0 0 0 0 303 0 97 0 0 294 0 0 0 0 0 233 0 232 119 0 0 0 0 0 277 106 187 222 0 0 0 0 0 0 287 0 266 123 0 102 0 108 0 0 104 122 111 0 0 153 0 0 0 253 0 0 142 0 317 137 0 0 0 182 0 0 279 242 106 0 124 268 205 0 0 0
0 0 0 257 107 108 0 0 141 0 280 0 204 0 100 105 0 0 0 0 0 291 0 0 121 144 216 0 0 188 0 0 119 0 211 175 274 131 0 185 282 244 0 0 157 218 0 0 139 0 0 175 159 195 151 0 0 254 251 254 198 0 0 262 172 0 240 0 193 0 198 0 183 110 0 0 277 0 0 235 264 285 0 0 0 0 0 237 0 0 0 304 0 189 0 277 194 0 0 207 0 205 248 0 0 0 0 198 257 212 270 215 146 0 0 265 0 0 245 0 191 0 240 145 148 0 0 174 159 0 0 225 124 134 190 184 0 0 0 0 0 0 0 135 0 0 0 169 193 138 237 233 96 116 145 0 0 190 0 0 0 0 0 0 0 0 261 151 0 242 202 312 0 256 0 0 141 258 120 180 0 147 0 170 187 0 0 100 284 0 272 0 100 121 0 0 0 181 259 0 0 0 0 259 228 0 0 161 148 0 163 0 0 150 0 288 0 0 0 262 252 0 204 255 97 0 125 0 264 167 259 0 283 0 139 0 123 132 0 0 0 192 0 238 116 252 0 274 252 0 158 0 0 0 149 228 0 0 106 0 0 0 236 0 0 0 0 214 159 208 119 246 205 0 180 0 103 266 0 0 138 0 0 173 0 219 0 254 263 0 102 0 0 0 0 272 257 0 0 207 0 153 0 0 199 194 257 229 0 251 279 0 260 0 148 209 0 0 126 166 231 0 247 284 0 281 206 0 0 258 0 159 0 0 0 0 289 0 116 266 282 0 0 0 0 0 186 230 0 0 137 254 210 0 0 283 272 0 105 0 0 130 0 0 288 272 0 0 110 176 273 0 0 0 196 0 0 140 206 0 0 0 152 163 0 0 0 0 0 265 0 0 101 0 0 0 210 173 0 109 264 0 0 211 159 0 0 0 177 0 272 241 0 245 0 0 125 131 297 0 115 0 0 0 139 220 0 128 233 0 120 282 0 0 0 155 0 0 0 0 93 0 105 0 133 250 0 0 242 0 221 0 0 0 0 179 0 178 0 0 0 187 254 0 154 0 106 154 164 0 167 232 0 0 0 0 0 194 133 0 98 0 0 102 0 251 0 244 243 148 287 0 0 0 216 0 98 177 111 136 271 262 138 0 204 162 187 0 196 0 0 0 135 0 288 195 0 0 0 270 223 0 0 168 209 122 147 0 0 0
0 0 212 193 0 127 0 0 114 0 0 0 182 0 139 0 0 161 0 229 0 110 0 250 0 250 0 0 0 0 235 123 228 0 194 0 0 239 0 0 216 0 0 0 0 228 195 0 0 0 202 0 0 0 262 103 0 0 0 195 224 228 291 119 0 288 252 0 155 0 98 0 0 0 0 232 0 157 170 0 0 0 0 0 280 295 194 0 251 174 0 0 248 272 0 115 316 0 171 233 259 0 230 0 0 0 227 141 162 174 274 0 230 143 0 0 0 137 0 0 0 270 0 0 211 0 109 0 0 154 0 0 115 0 0 0 167 0 0 0 181 0 134 229 0 268 0 184 0 0 291 117 249 0 0 0 0 252 0 252 0 181 0 156 0 239 0 167 240 209 155 292 163 164 0 178 0 0 0 243 0 250 248 169 0 259 238 0 191 0 203 251 0 0 0 285 0 0 110 230 245 0 0 125 261 125 0 226 197 124 159 277 232 278 181 0 269 195 0 0 157 162 0 0 0 270 0 291 0 253 0 0 263 225 0 0 112 0 0 0 0 105 0 211 0 0 0 0 133 0 150 0 129 175 0 0 152 0 112 0 187 109 207 261 0 0 104 0 237 229 0 0 0 0 263 0 0 211 0 0 230 0 0 0 273 0 0 205 140 238 0 220 0 270 140 0 0 0 171 0 0 170 0 195 248 300 192 0 0 132 253 0 0 204 215 271 0 0 0 0 0 189 0 0 0 105 229 0 0 0 0 0 0 0 0 175 115 0 0 271 217 299 0 153 115 283 0 0 0 0 190 0 0 0 271 0 216 0 0 241 166 139 237 0 0 0 208 225 292 189 0 0 0 0 0 0 0 238 186 0 202 0 0 115 0 201 0 261 0 0 260 259 0 0 0 165 212 0 0 0 0 0 0 114 210 307 154 0 0 0 0 106 150 0 165 312 0 279 279 246 0 253 0 193 0 0 120 148 0 182 290 0 0 0 0 0 0 172 191 218 0 120 0 0 178 309 0 256 0 254 0 0 184 0 0 0 182 0 215 0 280 0 263 0 0 246 0 258 0 0 174 0 0 0 0 287 0 0 0 225 0 0 0 0 0 0 0 198 0 0 190 0 0 0 246 0 0 187 189 0 257 0 274 0 213 113 233 146 0 0 278 105 163 288 0 0 257 0 0 0 213 0 295 0 183 267 0 179 0
0 274 0 102 101 220 123 0 266 0 220 0 0 140 0 0 0 192 0 143 0 176 302 0 0 0 128 290 0 245 0 221 0 0 0 172 0 0 146 228 0 0 0 0 154 277 290 221 0 278 264 274 0 198 249 228 124 136 193 0 204 172 295 140 283 0 0 0 0 176 232 175 183 113 238 0 0 0 221 0 0 0 238 0 0 153 0 0 253 166 0 0 208 0 0 179 223 0 0 137 100 0 117 127 157 0 274 213 286 143 284 0 248 0 197 0 0 241 0 255 251 188 0 235 0 0 0 275 277 150 0 0 0 0 0 215 0 245 184 174 243 262 253 0 175 183 277 0 116 170 0 304 155 206 0 245 0 244 130 121 0 292 0 247 167 0 0 0 0 129 172 130 222 127 0 0 249 260 0 273 0 0 111 0 200 149 287 239 0 0 0 124 0 0 121 232 312 0 193 0 0 101 220 112 106 254 218 0 0 152 0 267 0 172 218 0 129 0 163 172 0 204 313 146 154 177 0 0 103 232 172 0 0 0 0 0 271 0 191 0 0 0 0 118 255 183 0 0 218 280 0 215 253 0 118 0 0 0 0 0 136 0 182 0 129 132 152 0 0 117 0 0 114 0 254 272 141 0 231 0 0 0 0 0 123 0 0 0 0 0 0 0 0 0 110 182 0 0 132 0 0 0 97 0 172 247 222 0 161 146 0 0 0 0 0 193 0 159 208 0 0 0 0 99 0 0 280 188 190 0 0 0 152 0 0 246 0 0 141 0 187 0 0 258 0 245 0 286 234 208 308 0 236 0 0 166 250 104 0 0 0 132 159 102 246 0 0 0 0 196 211 197 178 132 300 0 178 0 0 0 224 0 234 296 216 107 0 199 0 0 289 274 0 120 0 187 0 0 118 0 256 0 0 123 112 212 0 0 253 0 0 306 0 218 216 111 0 164 0 0 101 0 258 263 0 0 219 191 0 0 0 0 293 153 133 0 105 214 262 0 0 0 235 0 104 152 0 0 0 0 0 192 0 0 0 139 156 0 230 0 0 215 281 0 0 0 0 0 0 276 102 278 0 0 233 0 0 219 0 0 193 120 292 111 0 104 135 0 0 139 208 192 132 211 165 0 246 226 123 0 147 212 132 246 0 0 0 250 127 249 165 0 105 0 104 0 232 137 0 0 0 271 259 0 183 252 0 0
0 128 234 140 189 0 0 208 138 287 131 159 0 312 171 155 210 0 288 0 107 0 0 221 0 185 0 146 159 0 279 180 0 0 152 0 238 205 251 133 0 0 110 172 234 104 265 201 246 0 0 235 0 181 0 0 0 0 0 0 0 0 181 0 0 0 152 207 298 250 224 143 0 247 188 0 217 0 0 238 204 122 0 0 0 0 259 0 0 0 0 0 0 0 0 0 170 0 150 235 287 0 276 0 137 0 0 302 292 224 0 0 192 0 252 0 0 0 0 0 147 136 0 0 281 115 0 0 0 274 0 0 125 166 0 151 0 167 0 0 0 293 154 0 0 140 178 242 0 0 228 0 0 169 0 232 0 298 0 0 245 0 176 140 196 0 222 0 146 218 0 0 155 273 0 0 110 305 134 236 0 286 0 284 196 189 220 289 266 150 0 0 118 0 271 0 0 0 282 0 0 0 0 154 146 219 246 104 0 0 0 0 0 293 183 0 193 250 0 159 230 0 221 162 138 220 0 0 129 235 255 285 140 129 306 186 182 0 229 0 0 0 276 196 230 0 0 124 109 0 186 136 0 216 0 112 0 166 176 263 222 143 276 187 257 128 0 206 128 132 0 124 0 246 0 0 0 0 308 206 287 0 221 0 0 0 142 242 254 287 0 0 0 126 0 212 268 253 0 0 101 0 110 0 168 0 105 296 284 247 188 0 0 0 266 213 0 220 114 284 260 154 112 186 0 0 0 279 154 0 0 0 163 196 239 234 0 217 182 135 113 0 273 0 0 0 262 0 0 0 306 169 0 117 0 0 0 267 0 268 0 0 284 307 0 0 288 0 0 0 247 0 0 0 112 0 217 107 111 100 287 0 0 0 0 118 254 148 236 292 0 0 109 226 0 306 0 275 0 0 297 194 0 97 163 0 131 223 0 0 181 0 287 252 294 0 156 147 0 195 0 288 0 0 0 162 134 237 129 109 207 280 166 0 166 191 182 303 0 147 291 0 0 113 0 0 0 0 0 0 273 232 0 173 0 142 0 0 297 107 126 230 211 0 0 246 0 0 180 0 208 235 178 285 0 0 0 0 289 153 277 0 102 0 175 0 0 273 0 0 0 231 105 0 0 191 213 0 98 116 189 0 175 155 187 0 174 169 261 253 173 96 0 0 0 254 0 205 0 0 0 0 0 150 0 132 0
0 0 0 0 190 149 105 109 99 161 187 244 0 0 0 0 183 244 108 268 209 164 0 226 102 0 0 299 198 145 0 128 205 231 0 146 204 164 211 176 0 150 279 0 160 0 0 0 157 0 0 0 186 117 0 0 0 139 233 0 163 0 224 267 0 212 0 135 0 0 222 158 160 222 0 183 0 237 0 114 0 216 0 0 0 0 0 177 114 200 281 230 306 0 115 289 254 0 0 0 233 231 134 288 153 0 0 0 0 0 149 292 262 213 0 0 0 261 241 194 285 106 0 0 115 0 159 0 216 288 258 178 315 207 0 0 0 0 206 212 123 286 148 0 151 0 292 0 249 200 180 305 297 0 0 303 175 221 0 0 195 0 143 0 218 123 129 0 174 0 162 0 0 138 0 0 0 288 272 110 217 0 159 0 0 0 183 177 205 0 0 318 113 0 0 126 257 105 159 130 0 255 177 0 144 216 238 231 0 202 0 0 114 290 0 0 153 149 0 256 237 0 0 0 228 190 0 103 0 194 0 0 0 232 0 264 0 0 0 160 0 0 0 0 222 97 0 0 240 139 273 231 186 175 262 0 102 226 125 0 0 217 148 0 167 0 269 0 0 105 273 0 166 0 0 0 228 0 138 259 0 195 0 0 204 242 227 0 121 0 0 0 198 0 188 0 0 212 0 167 129 247 0 247 0 0 0 0 313 142 0 148 187 0 222 220 0 0 0 279 0 197 198 0 150 0 0 0 161 284 0 165 150 0 0 0 110 287 233 169 0 299 209 140 0 116 0 0 0 286 188 0 144 0 171 0 0 0 0 0 110 0 199 153 210 0 146 0 257 0 238 245 184 0 232 0 101 0 0 0 165 134 0 227 0 252 0 108 267 130 0 116 182 277 0 0 176 0 216 0 277 101 0 0 193 305 228 0 0 0 100 255 0 152 257 0 0 0 245 0 148 0 0 284 0 0 0 0 281 252 289 0 150 0 0 213 0 0 149 235 117 153 0 0 123 0 277 0 135 0 123 0 0 263 252 276 269 0 110 0 242 169 148 306 0 0 265 0 275 0 0 247 0 173 0 149 285 0 0 0 0 0 231 227 0 187 266 0 0 0 0 0 0 131 109 0 105 0 281 0 167 0 0 103 0 226 0 0 0 266 112 0 309 0 173 220 0 0 0 211 0 172 0 173 0 0
0 0 112 0 107 135 235 0 147 0 0 0 0 0 0 0 193 209 155 258 0 0 0 261 0 147 184 0 0 0 0 0 116 0 291 0 234 0 111 0 173 0 273 260 0 0 0 0 168 0 173 250 268 197 0 162 187 143 0 0 255 0 178 0 211 0 105 0 265 103 243 186 0 239 235 0 214 174 198 0 0 154 0 164 0 0 122 237 235 0 124 234 142 290 145 0 266 0 0 217 0 0 0 196 123 0 0 0 0 289 0 0 0 258 279 0 0 0 0 0 0 219 274 129 297 100 136 246 0 0 221 0 0 274 0 0 0 0 202 0 0 284 0 278 282 104 0 213 121 0 0 195 0 0 0 0 279 226 220 119 0 137 0 0 224 178 133 0 0 234 0 0 0 181 258 160 158 0 175 124 0 300 251 0 0 0 0 0 199 102 0 163 0 177 0 162 0 0 215 210 0 142 0 230 0 0 0 0 208 0 240 0 0 234 279 0 238 143 162 238 133 129 0 0 0 0 160 277 0 215 179 98 0 135 117 295 0 150 171 0 176 0 0 0 0 0 0 0 196 0 0 0 0 0 0 145 290 111 256 113 288 141 0 144 0 0 131 0 233 0 193 0 0 0 180 0 257 0 0 0 235 133 147 0 0 284 115 0 0 0 0 257 190 0 199 164 108 0 150 0 230 0 0 171 0 184 153 0 0 0 0 0 0 144 0 0 0 177 0 169 280 0 226 0 0 0 144 0 0 111 167 0 175 207 0 0 0 126 276 217 241 178 0 0 0 0 277 152 0 0 247 0 134 0 0 156 204 146 0 210 172 0 279 0 0 158 0 211 169 0 206 257 201 103 0 209 0 210 263 0 263 280 0 0 226 0 154 0 0 0 0 144 0 204 0 106 0 221 0 263 121 200 0 0 0 266 194 131 125 0 0 150 223 0 235 0 0 163 147 245 0 128 0 220 0 0 0 0 0 0 0 221 0 0 0 179 107 0 0 299 0 176 165 0 0 0 0 0 249 0 117 0 186 204 0 139 182 0 0 117 0 0 0 202 272 0 0 0 0 171 230 133 0 199 0 0 0 310 0 260 0 0 183 137 257 193 0 310 0 0 138 0 111 219 243 0 130 113 179 265 0 129 272 0 166 0 0 0 120 0 164 241 172 0 0 0 0 0 223 0 0 272 0 136 0
0 116 123 0 298 0 0 0 235 0 166 0 223 100 117 236 0 194 0 0 0 262 0 247 131 0 0 252 0 0 173 229 0 0 150 146 0 0 0 240 196 0 0 0 0 0 0 0 197 0 127 0 115 0 233 275 0 185 188 268 197 149 0 228 148 266 0 116 0 0 0 0 123 185 0 176 266 209 0 0 288 140 0 176 120 0 0 0 159 0 0 0 0 0 0 202 300 201 0 0 153 173 150 0 198 263 0 240 186 190 171 0 0 234 277 148 289 0 278 170 0 115 269 0 166 104 0 229 0 173 0 180 0 184 243 0 0 0 249 0 265 0 0 107 0 109 0 230 0 0 203 0 215 215 0 0 0 0 0 0 121 233 199 113 0 0 0 202 0 0 0 0 0 269 249 122 150 0 200 0 263 0 106 165 282 114 0 0 183 218 0 0 170 151 125 165 286 262 0 0 0 0 250 198 0 149 0 0 117 0 136 0 0 0 0 0 292 126 187 300 138 0 160 0 209 0 0 246 0 197 182 233 111 107 239 127 0 258 0 0 0 0 0 123 0 0 0 151 168 0 227 0 0 0 0 126 274 0 117 0 0 185 0 0 249 253 216 189 212 0 245 108 0 0 241 155 0 133 167 0 205 122 0 110 0 261 0 0 280 0 223 265 287 0 0 0 168 0 0 288 131 254 0 177 286 0 0 102 271 0 0 285 0 0 134 0 0 194 234 127 0 0 0 0 0 104 0 0 0 235 0 170 204 0 241 248 185 302 0 211 220 0 0 246 0 270 0 254 0 0 263 278 127 183 154 186 109 0 0 281 142 161 159 0 149 265 174 0 164 183 260 160 212 163 0 229 0 142 151 0 283 287 0 299 124 0 0 161 0 0 307 168 164 175 183 157 95 111 208 102 0 124 171 121 0 0 0 0 121 0 0 309 0 0 310 0 0 158 0 0 212 104 247 278 0 176 0 0 0 231 0 256 0 0 157 0 0 252 250 0 0 190 0 277 255 92 187 138 190 0 210 290 249 0 238 247 0 235 219 112 0 0 0 0 156 0 0 284 269 112 0 0 0 110 163 0 0 124 0 0 108 0 0 259 300 286 0 0 0 0 0 0 189 217 0 0 0 289 0 0 0 0 163 225 115 0 158 0 0 225 0 0 209 117 154 245 0 246 0 215 120 0 130 0
0 179 0 0 133 0 104 268 133 211 0 0 172 247 133 0 0 0 132 266 130 0 0 178 182 231 0 0 0 0 0 0 0 243 145 0 0 200 122 0 206 309 0 0 0 164 0 0 0 0 0 290 293 0 0 0 0 0 139 0 252 157 125 0 0 116 205 215 207 0 147 0 224 0 188 164 211 151 0 0 208 208 107 0 0 213 253 0 0 0 114 0 154 0 178 0 261 0 0 103 265 0 203 221 229 0 146 0 0 0 277 0 276 124 0 0 0 0 188 0 0 174 0 0 120 308 0 0 267 293 0 293 193 196 199 0 0 216 168 255 150 0 0 270 146 0 223 0 0 0 186 0 179 158 0 0 0 0 0 0 0 0 293 0 0 140 0 251 207 276 0 263 158 0 0 0 176 165 202 0 0 225 208 0 252 158 0 0 0 127 103 0 0 167 230 268 0 236 0 150 0 131 233 264 307 0 138 238 0 194 152 0 0 0 231 240 133 0 244 120 0 227 291 198 0 115 249 291 125 139 150 286 0 0 118 0 0 254 131 0 0 0 268 0 293 281 127 225 293 132 281 0 105 292 0 0 0 0 263 0 288 151 0 223 194 0 256 294 0 0 261 0 0 0 0 234 109 283 0 0 0 155 133 0 155 136 0 0 258 273 0 0 0 0 0 113 204 0 127 224 96 0 0 254 0 0 135 209 0 165 0 0 0 275 100 276 0 0 0 0 250 0 0 0 0 0 0 108 173 0 140 222 273 0 0 281 0 235 0 0 0 156 200 0 0 221 117 112 0 0 251 174 182 285 0 255 96 265 0 0 0 180 0 134 0 147 0 227 223 118 124 279 158 0 0 245 292 247 256 286 121 0 0 0 0 110 174 0 198 238 275 155 0 114 0 288 109 0 0 0 0 231 0 187 0 0 114 290 251 0 0 0 0 0 0 176 0 0 262 119 102 270 0 0 0 270 0 0 0 0 0 163 284 0 109 216 0 171 0 0 128 256 0 0 111 234 159 254 294 101 0 193 0 0 303 0 153 0 151 0 0 0 0 147 265 0 0 0 0 0 146 232 0 0 0 221 129 192 0 283 235 0 0 0 154 0 259 178 0 0 0 217 130 117 139 201 165 244 0 216 0 0 0 193 283 0 249 0 0 244 176 124 278 0 203 205 163 119 299 0 274 140 0
0 0 123 0 0 0 149 268 0 0 155 0 206 134 0 133 0 0 214 169 0 273 180 192 0 184 269 241 0 169 0 0 0 0 284 240 182 160 0 0 0 280 137 0 121 205 106 0 0 117 197 197 110 193 215 0 279 298 118 0 114 252 0 137 0 189 206 265 191 262 0 0 198 254 0 0 0 0 0 0 173 0 281 180 117 0 0 0 0 110 0 0 141 147 116 0 177 106 0 0 280 0 0 0 180 0 298 207 0 161 0 0 150 0 297 203 0 172 175 0 0 0 0 0 0 191 0 195 230 204 0 261 0 0 0 0 223 189 0 138 231 167 0 0 297 0 0 182 149 0 0 0 0 0 182 260 0 0 0 129 0 186 260 0 216 256 0 149 0 0 0 204 0 140 270 0 0 0 0 0 286 176 0 126 268 272 260 0 239 0 300 0 202 0 259 190 208 0 0 155 197 155 0 168 0 0 0 0 0 240 0 0 104 0 149 138 0 0 0 294 0 160 0 314 0 148 0 94 155 0 235 0 0 222 243 0 213 0 0 0 261 0 115 143 0 285 0 195 124 222 0 239 161 0 0 150 0 97 194 0 0 0 0 0 172 0 0 235 0 186 264 0 0 0 148 0 186 149 0 171 0 0 0 0 160 0 274 0 149 193 301 269 225 119 0 0 199 0 131 221 0 0 275 216 0 0 205 0 0 0 0 263 0 0 0 0 0 0 197 0 191 0 186 0 279 0 275 191 140 0 0 0 169 241 0 117 127 0 224 118 219 0 0 0 0 125 156 0 101 0 0 0 122 0 109 0 261 252 279 142 258 99 0 189 113 134 194 117 0 185 226 0 0 0 0 0 0 0 245 0 110 214 245 0 0 157 283 255 0 269 0 0 214 251 160 252 125 0 0 0 0 133 218 218 271 128 0 222 129 0 144 0 130 0 0 203 0 0 0 0 0 0 185 170 127 0 239 271 154 128 316 174 0 161 140 0 0 119 118 0 0 214 0 182 0 0 218 0 209 109 0 0 276 0 0 247 316 0 0 218 0 208 151 0 0 0 135 248 0 0 183 232 198 0 286 230 0 0 274 107 278 0 220 0 109 0 0 124 288 224 112 0 248 0 0 198 0 244 252 242 0 0 186 0 0 284 0 174 147 0 166 108 0 229 0 0 172 113 0 264 191 0
0 146 242 254 127 139 281 178 0 0 288 0 0 268 0 0 0 0 146 0 168 0 0 151 111 244 301 0 158 0 0 0 0 0 135 0 275 0 0 0 0 0 0 0 0 198 97 0 0 115 254 177 286 147 183 111 197 0 225 0 139 147 0 0 259 117 177 0 0 0 186 0 0 207 0 193 227 162 0 0 289 0 226 184 214 136 262 124 100 0 0 216 267 0 258 0 0 0 0 210 0 0 142 0 228 187 0 0 168 0 0 121 0 0 0 0 0 0 0 0 0 210 117 237 243 0 273 284 281 135 233 0 0 221 0 0 312 0 0 126 0 0 263 107 243 178 0 0 222 0 0 0 0 0 0 0 106 0 250 272 266 0 0 119 212 123 283 0 0 263 159 0 0 155 292 304 0 159 0 0 100 0 0 128 0 0 257 102 153 0 0 0 259 0 0 0 215 216 0 0 0 0 0 253 0 142 170 288 0 216 0 0 199 0 273 196 0 0 0 0 0 0 0 0 0 0 205 0 258 194 0 139 0 214 0 120 172 222 102 302 0 314 188 297 0 148 285 216 184 103 170 226 175 315 0 0 136 271 295 171 293 0 111 0 290 173 123 103 0 0 0 271 0 0 116 205 246 0 115 0 0 0 158 0 174 93 247 0 0 227 0 0 310 0 0 252 0 0 143 0 119 127 0 188 0 0 249 0 276 140 107 0 0 295 156 0 0 166 279 282 0 290 0 0 307 236 0 0 0 0 227 0 0 0 252 0 237 0 158 235 177 98 190 165 0 0 0 292 180 221 156 287 0 157 227 159 0 252 0 0 259 174 195 260 0 0 278 0 134 0 0 132 291 149 0 0 246 0 110 0 0 121 0 0 166 0 0 0 228 255 0 135 166 170 112 0 270 276 269 173 0 0 261 214 175 179 137 163 0 0 256 244 0 0 230 0 207 183 247 0 0 132 308 0 0 161 223 0 0 0 0 0 0 291 0 277 196 0 0 0 0 0 165 218 0 0 0 218 292 170 227 0 0 0 0 144 278 136 182 0 234 0 0 137 0 119 0 112 0 247 0 283 240 0 0 179 0 0 0 0 260 0 263 0 112 185 257 269 0 230 0 178 168 0 198 0 167 0 146 0 0 180 0 200 0 292 110 0 184 0 188 0 0 0 225 215 0 198 0 123 0
0 0 255 222 0 111 0 102 196 0 122 227 217 0 0 265 0 0 204 175 0 147 0 228 0 127 0 0 147 102 0 108 131 111 0 0 207 166 119 270 0 147 0 0 224 0 261 0 0 269 297 0 157 0 103 208 236 0 0 247 0 271 109 0 273 173 0 197 261 0 164 173 183 0 273 177 247 0 168 226 0 0 156 0 167 0 260 170 152 0 271 0 171 245 283 0 126 145 0 0 146 0 0 213 0 211 170 0 124 0 0 106 111 0 0 158 233 239 164 227 0 211 194 0 0 135 149 0 0 224 0 0 97 0 0 0 0 293 247 0 0 0 0 0 0 0 149 247 0 0 304 239 0 0 0 212 147 0 155 0 211 175 159 0 242 0 158 100 0 0 0 268 0 251 263 0 169 306 190 0 286 0 0 161 0 0 266 0 0 0 0 201 0 0 0 0 111 256 291 207 238 144 0 0 0 0 0 199 280 276 195 198 196 0 0 141 0 294 0 0 190 244 221 0 194 0 179 186 217 0 0 230 0 148 0 0 290 257 283 222 151 203 260 0 0 0 0 0 122 154 0 112 0 0 0 0 291 115 146 235 295 157 0 0 134 305 0 169 229 0 231 0 0 226 271 0 0 249 0 127 0 226 207 0 209 127 255 0 0 0 289 262 0 166 0 0 0 0 268 0 283 0 0 0 239 288 261 158 0 174 140 0 135 0 0 0 248 242 220 0 0 180 0 0 0 0 118 116 132 287 159 0 153 100 0 0 0 140 0 0 0 0 144 124 0 0 0 258 137 0 0 130 239 231 113 0 220 105 0 0 0 310 0 0 114 161 0 127 0 274 0 0 0 289 263 0 129 113 0 115 0 193 0 233 0 0 198 0 0 0 139 0 144 0 0 237 0 0 153 101 269 0 0 0 168 235 221 248 138 146 245 218 233 270 230 206 135 0 0 0 248 218 0 0 220 0 0 261 0 151 200 0 0 208 0 0 0 228 0 0 0 0 184 0 152 225 0 0 0 0 234 107 0 0 186 200 0 175 280 194 0 269 236 0 282 240 293 159 0 0 155 0 142 282 117 0 142 0 0 173 204 141 185 254 0 267 0 0 170 270 269 0 267 189 279 135 239 0 198 0 0 0 0 0 129 0 0 0 232 0 0 0 245 0 102 139 234 271 203 0
0 148 185 0 263 130 0 0 262 142 0 211 221 149 0 188 0 205 256 0 209 0 135 134 301 285 0 186 194 0 0 0 262 139 207 0 193 0 121 175 230 0 166 154 202 140 0 131 232 153 121 247 0 130 136 182 0 0 0 150 226 160 170 211 0 0 229 214 120 201 157 272 152 205 142 0 272 0 0 0 0 256 0 0 144 0 0 0 0 115 0 274 0 0 288 0 0 240 260 257 0 155 106 0 0 226 241 222 125 121 268 127 0 274 0 0 0 0 222 0 0 0 215 141 277 160 0 0 232 0 292 0 0 0 159 264 262 290 179 0 244 0 292 0 0 0 0 192 111 140 0 132 0 179 0 283 0 271 0 0 0 0 306 155 177 268 279 102 256 198 0 0 232 0 100 273 132 0 123 0 141 180 196 251 0 258 126 0 176 0 0 0 265 236 0 143 0 0 0 0 0 0 0 0 0 0 233 0 190 0 256 0 276 0 0 285 0 0 0 239 237 0 225 135 0 0 283 0 0 289 0 228 117 0 0 0 181 0 0 0 0 0 248 0 0 201 150 0 280 296 0 116 0 159 124 120 0 106 0 0 0 175 183 0 170 0 0 211 0 0 0 244 244 257 0 294 190 0 0 0 153 193 0 0 296 0 0 112 0 0 95 0 0 0 0 116 213 0 0 120 251 267 0 106 235 193 0 0 292 0 222 104 0 149 243 0 280 166 0 215 0 284 151 0 138 126 0 0 151 0 216 225 286 0 127 199 147 0 0 190 238 168 133 106 0 151 128 0 229 0 0 0 0 0 0 283 0 0 0 207 279 0 192 0 111 0 107 169 119 145 0 225 0 0 0 112 270 0 0 0 0 0 0 225 118 124 138 0 0 0 0 104 0 157 0 0 0 0 0 175 0 279 284 0 171 268 0 0 252 0 0 153 191 0 0 0 0 122 218 283 0 289 0 106 144 0 0 211 240 137 138 0 0 161 106 168 0 0 149 0 204 0 0 0 149 0 214 0 231 290 146 0 266 196 0 0 184 0 153 0 277 145 0 0 0 0 101 0 0 0 129 0 0 0 190 278 164 0 0 0 130 129 130 0 0 0 0 318 277 0 148 115 224 210 0 156 0 0 258 280 0 0 221 0 264 149 0 234 114 0 0 0 0 0 205 276 169 0 0
0 0 0 0 192 0 0 153 226 0 0 124 288 0 0 0 161 241 236 0 159 0 0 144 0 0 204 0 210 273 0 0 0 0 0 0 279 114 0 0 0 259 0 128 282 275 117 105 224 230 249 260 0 0 0 0 170 240 0 0 200 123 244 242 178 98 139 163 0 0 261 211 0 238 130 0 217 211 0 0 183 195 255 0 0 170 0 150 193 272 214 181 0 161 284 243 0 0 304 127 319 241 0 268 0 0 0 0 254 0 0 124 0 164 0 0 161 112 0 166 173 0 0 213 107 0 248 207 121 0 111 0 248 176 0 0 0 0 134 0 0 164 270 170 0 0 141 295 179 274 0 284 0 0 0 0 0 182 269 0 247 0 0 0 164 0 225 0 292 0 0 181 265 0 0 0 143 0 0 0 0 0 125 0 0 0 162 115 228 208 254 247 0 0 0 122 101 260 101 0 0 124 0 0 127 157 0 218 0 0 0 195 124 0 258 0 0 0 0 0 0 0 192 0 0 199 104 0 236 0 0 0 0 247 180 232 100 0 169 0 0 0 292 103 0 156 242 119 303 106 0 0 119 246 0 0 0 0 228 0 177 105 0 0 261 131 228 0 125 0 0 95 262 201 0 122 257 249 105 0 0 0 166 228 0 212 0 0 0 0 0 0 219 0 125 137 276 250 0 235 0 142 124 0 0 0 0 266 187 255 0 0 0 0 0 182 0 0 0 0 0 0 0 0 224 145 179 159 170 167 0 159 171 0 248 119 121 0 0 201 305 272 0 0 144 0 0 150 113 273 0 159 0 0 141 0 0 0 119 132 0 246 0 128 256 228 0 0 224 0 223 242 0 272 160 0 0 0 142 0 130 202 139 259 144 298 0 0 182 0 170 140 0 0 195 171 200 0 0 212 0 0 223 157 0 246 0 0 146 179 122 0 0 172 0 0 220 0 0 0 0 282 158 209 0 0 152 0 222 139 200 224 0 240 265 206 0 124 212 0 0 177 0 100 155 161 246 156 0 180 254 0 113 0 0 188 0 0 0 103 0 118 0 0 103 0 203 0 0 261 180 243 169 185 267 241 272 0 0 0 0 136 195 0 0 0 0 0 0 246 0 0 139 244 0 122 0 0 157 260 121 277 243 0 128 0 161 0 0 0 0 0 0 0 125 248 0 0
0 213 0 0 218 0 290 0 0 203 264 230 0 125 240 157 0 0 111 0 151 309 0 218 167 0 283 150 308 195 0 225 0 0 0 258 0 133 270 0 256 223 155 285 225 0 194 235 291 0 280 147 0 192 0 0 175 222 259 263 278 0 0 0 0 0 125 0 0 0 0 192 0 0 0 0 0 250 152 170 0 0 0 128 247 225 215 0 0 192 0 214 205 0 241 0 0 275 123 0 0 0 0 0 0 0 186 0 266 0 180 234 236 198 0 243 0 93 0 164 0 121 0 0 238 0 143 0 152 0 157 0 0 0 201 0 0 0 194 191 159 0 214 0 122 286 0 110 0 149 0 0 262 0 0 0 174 0 143 272 0 0 159 0 246 0 0 0 111 243 0 0 0 269 117 103 0 0 0 0 0 174 136 0 0 265 159 270 235 0 0 0 205 228 144 0 268 198 179 305 0 153 0 0 145 0 278 176 258 0 0 0 0 268 0 156 225 171 0 0 178 164 0 0 173 275 295 0 204 0 0 182 0 0 223 0 0 0 114 181 97 273 141 0 0 0 245 99 291 0 159 0 113 0 0 0 150 218 0 0 0 272 267 245 203 155 0 144 152 154 0 0 0 0 0 196 170 0 241 269 0 0 0 212 0 220 0 0 0 282 0 288 0 219 0 0 0 0 0 0 0 0 0 262 0 150 165 0 154 135 270 0 135 0 194 214 0 0 217 0 280 0 0 217 0 0 177 0 0 132 0 292 311 0 0 0 185 0 165 0 0 0 225 131 163 192 290 224 109 180 0 115 0 147 227 0 185 0 0 157 121 0 0 169 0 0 239 271 0 0 0 0 139 276 0 0 0 113 208 160 0 96 0 158 281 178 0 318 0 0 0 0 0 165 134 0 0 0 0 0 101 0 105 0 138 257 114 0 232 0 102 0 272 0 0 113 145 194 246 291 0 271 0 0 0 0 0 0 0 239 0 133 0 0 212 0 0 258 0 159 0 230 0 241 238 294 0 0 0 0 0 105 279 201 126 0 0 0 0 0 0 0 0 0 0 0 227 248 0 198 116 178 192 185 178 0 216 136 123 0 278 252 0 0 0 0 0 0 157 206 114 0 257 0 106 163 262 0 154 279 0 0 0 0 142 0 0 0 0 0 0 0 0 0 181 0 0
0 207 0 0 0 280 0 157 0 0 275 0 0 179 267 145 0 181 0 0 179 134 0 250 0 0 293 255 280 256 203 0 116 232 236 0 0 0 132 0 202 153 0 247 0 0 0 0 0 0 0 113 267 0 0 0 0 308 233 118 133 0 229 0 269 0 167 305 289 253 170 266 0 201 0 186 0 0 0 197 0 0 266 108 0 0 0 0 252 99 182 0 0 0 0 0 278 145 260 120 0 154 129 186 195 0 200 203 267 317 157 214 125 0 197 153 0 0 231 193 0 0 129 266 0 0 192 0 0 0 215 194 0 0 160 0 296 0 255 249 143 0 171 104 0 0 138 116 280 202 251 149 277 0 0 0 0 0 0 0 136 0 211 0 0 122 0 0 0 0 170 0 0 265 0 0 172 0 112 0 0 238 0 0 239 161 256 0 122 0 195 0 0 201 210 99 0 254 0 275 189 118 0 114 0 0 169 0 0 279 0 288 271 191 0 0 244 117 290 114 0 279 135 220 0 137 0 0 0 0 0 0 292 128 116 179 274 0 196 0 0 296 256 167 213 0 0 0 0 104 213 0 113 204 208 0 306 198 0 173 0 282 0 263 0 0 133 238 183 276 119 0 213 162 0 273 116 264 0 0 0 0 158 203 0 0 227 198 256 195 240 0 105 178 0 190 0 291 288 249 204 0 0 0 0 260 0 242 250 241 279 110 143 100 319 0 0 144 113 198 167 0 117 145 184 0 0 195 0 243 0 0 289 0 0 0 0 246 234 140 0 0 307 170 0 252 209 147 198 0 276 0 130 230 159 0 156 0 0 246 113 0 141 0 173 220 142 227 0 195 130 0 225 0 0 146 124 277 209 207 0 0 0 0 131 174 150 0 0 0 169 0 0 0 0 139 107 0 0 130 288 0 230 278 197 0 0 193 264 184 0 0 133 136 0 0 190 0 0 0 0 0 139 0 0 252 0 221 259 0 181 161 305 211 0 157 114 0 0 0 0 0 0 158 286 0 178 271 243 127 282 0 113 118 0 0 294 247 0 0 213 0 299 0 0 0 0 0 0 0 0 231 0 276 0 253 180 130 0 0 0 193 0 0 0 169 0 110 106 0 186 145 181 0 0 0 0 210 0 0 0 0 204 0 237 0 0 0 188 234 0 252 243 175 0 0
0 202 0 0 299 155 0 253 252 0 0 162 263 105 239 305 0 131 0 260 231 0 0 125 0 0 164 0 199 0 0 259 0 0 0 230 0 156 154 132 0 0 103 180 198 0 0 0 0 0 103 270 0 228 111 0 264 179 0 0 145 0 186 241 0 0 151 180 188 153 0 288 283 111 236 223 102 240 0 0 190 287 0 256 167 0 137 0 0 0 0 209 293 0 314 144 0 175 313 285 0 268 296 0 233 0 288 0 153 0 196 165 259 261 174 0 0 0 0 0 0 313 99 153 0 0 130 181 150 0 0 0 283 218 214 0 0 0 0 177 185 0 0 130 0 0 0 110 189 0 181 0 0 0 204 176 0 289 0 0 105 198 0 0 0 272 199 151 182 0 191 174 262 144 133 0 270 0 188 288 0 0 0 0 146 0 0 0 167 197 205 138 0 306 0 299 232 0 0 0 0 253 0 277 0 104 173 0 0 132 267 0 0 0 184 274 214 110 0 0 0 223 128 0 152 221 240 122 0 149 285 178 0 0 216 192 241 0 0 0 168 187 201 177 0 202 0 151 218 0 0 219 251 188 285 0 285 0 0 255 0 0 203 0 155 0 0 203 0 0 0 0 189 0 0 0 0 0 0 113 0 236 0 0 269 0 222 0 0 0 0 0 0 296 0 132 137 269 132 0 0 131 0 231 230 0 145 0 0 292 0 0 0 204 232 0 0 0 0 0 117 0 0 114 0 0 230 0 118 258 126 222 0 135 200 316 126 0 0 0 0 240 175 0 175 0 264 0 0 0 152 115 0 0 0 0 300 0 0 224 0 239 0 106 292 0 0 0 0 0 281 0 0 0 0 160 0 222 241 0 252 120 146 0 206 112 277 0 254 0 111 161 0 0 0 0 296 160 0 0 0 137 0 202 0 0 203 258 0 0 0 0 0 0 0 216 0 113 233 0 0 0 270 0 0 264 164 158 103 277 224 168 278 205 287 0 0 258 0 0 264 0 0 0 137 0 159 0 195 282 0 281 0 0 231 300 238 126 277 234 0 0 0 0 0 159 0 270 225 228 149 0 0 222 170 248 0 103 0 130 195 283 110 182 193 0 0 0 289 291 296 250 295 154 98 224 0 0 0 0 0 0 143 291 0 0 251 156 0 125 184 0 0 0 0
0 0 126 0 246 274 0 0 133 242 301 0 0 129 0 250 0 0 239 222 0 0 300 0 0 285 131 0 144 0 0 0 0 170 139 0 207 0 0 0 204 149 0 228 283 187 124 0 201 0 256 0 180 0 291 0 0 309 148 0 247 0 0 180 0 217 0 0 0 0 191 286 0 258 147 0 0 159 176 150 0 198 150 0 202 146 133 0 0 132 0 231 0 0 0 201 0 0 0 206 0 248 0 0 304 0 0 0 0 113 0 218 0 289 0 0 0 0 0 252 241 249 0 115 197 253 0 187 0 0 149 209 172 0 115 152 212 159 203 0 0 0 275 0 0 167 0 255 0 244 305 167 0 141 0 0 0 0 285 0 198 172 267 0 128 0 177 220 277 156 0 225 131 0 175 118 0 231 191 134 0 0 189 151 0 0 0 0 0 232 0 245 0 0 0 0 287 0 227 259 0 0 0 0 219 159 131 0 0 257 238 184 0 0 0 123 122 0 0 0 260 0 159 0 0 0 221 291 167 0 187 0 285 0 100 199 217 168 0 0 304 130 0 278 294 0 0 206 0 176 147 0 0 241 156 0 0 243 140 192 0 0 0 268 205 223 0 0 0 0 202 0 165 231 157 218 0 0 0 0 0 0 249 299 0 180 0 146 233 254 175 0 175 0 286 282 0 111 0 178 0 0 195 158 0 208 0 0 260 234 128 237 138 0 0 215 0 109 0 139 0 0 214 0 232 222 0 0 0 199 0 0 0 0 161 255 0 0 143 212 0 172 239 0 0 257 0 0 265 0 139 0 123 0 161 0 134 0 0 190 146 0 0 0 0 0 0 252 147 308 253 0 299 171 0 140 280 0 0 119 265 0 0 0 188 152 0 0 126 102 0 110 0 0 207 294 284 155 132 161 0 0 120 0 275 295 0 269 206 147 253 277 209 0 0 0 213 276 0 124 146 0 264 152 177 235 0 0 118 149 0 0 200 186 0 0 250 0 0 182 257 0 188 119 174 303 190 124 150 294 167 128 0 0 164 236 0 0 118 0 0 261 0 204 124 0 0 0 0 201 154 202 133 0 0 0 146 0 113 0 205 0 290 0 275 0 171 181 161 0 301 0 151 0 0 0 272 132 0 0 0 119 154 0 266 109 278 240 0 247 187 272 0 0
0 0 122 135 262 239 275 0 0 0 0 209 0 0 0 0 167 0 0 0 281 142 172 155 263 0 276 216 0 0 0 149 151 0 271 197 129 0 137 207 0 205 194 0 269 224 0 107 275 0 0 0 0 0 0 0 0 284 0 161 106 197 0 0 241 0 0 0 191 0 249 134 0 0 293 0 253 204 0 142 124 117 245 0 179 0 291 0 164 188 173 157 0 0 255 0 222 119 0 0 200 0 0 0 0 202 133 0 0 0 278 278 230 0 182 0 0 0 0 108 0 0 0 136 225 201 0 118 175 0 0 0 114 103 0 207 196 0 223 250 0 205 0 250 251 0 0 117 0 284 104 195 269 230 264 219 0 224 213 0 186 148 0 0 284 138 111 0 0 0 0 185 255 245 0 0 0 0 217 0 0 0 165 233 0 226 0 0 156 0 296 258 119 281 0 0 148 0 302 0 227 152 0 0 130 0 226 188 0 0 0 0 0 179 0 199 145 259 0 0 0 0 185 113 0 250 0 254 194 0 0 0 0 0 249 0 0 205 233 0 306 271 266 0 0 0 0 251 131 0 196 221 0 0 0 0 284 0 0 0 0 0 287 213 251 272 0 0 0 118 0 0 125 181 0 214 274 0 119 223 160 228 286 249 181 185 0 115 123 0 153 0 210 180 0 0 279 0 111 167 123 99 0 0 0 233 0 165 0 0 274 149 284 0 0 114 147 161 0 150 0 258 241 0 0 0 0 108 108 0 0 219 0 251 229 0 0 99 143 0 286 242 183 226 0 104 0 0 0 0 115 0 0 277 0 167 0 0 0 0 0 0 0 0 236 200 0 0 0 0 165 156 0 0 209 0 215 131 143 101 0 0 262 250 142 0 174 0 0 177 283 0 0 0 150 191 168 116 0 0 0 0 0 110 163 274 0 0 0 277 287 0 149 159 0 0 123 0 177 0 0 203 294 0 0 0 203 0 0 174 210 0 0 161 184 117 0 230 207 230 0 0 0 281 215 218 0 0 0 0 162 236 275 0 160 0 0 0 292 0 203 0 0 171 0 0 158 152 263 0 0 0 0 0 135 183 0 0 0 0 0 0 213 0 124 0 263 231 297 0 0 107 118 236 165 0 193 0 232 0 0 114 0 146 0 0 0 124 232 0 0 0 0
0 0 0 226 198 0 198 256 262 0 0 0 245 240 0 0 287 0 0 0 0 0 253 0 108 0 0 302 165 231 156 295 267 0 240 284 207 0 255 274 109 0 0 240 241 128 260 130 0 114 192 0 309 248 225 215 246 130 282 0 201 243 180 143 0 0 110 0 0 206 0 138 231 200 0 0 0 294 0 0 0 0 0 132 197 123 106 0 0 0 214 0 0 224 0 206 0 163 0 188 172 0 0 0 0 0 0 0 308 156 0 0 0 141 0 155 226 149 238 0 0 0 114 0 0 0 189 156 97 189 209 0 129 283 0 0 0 0 189 182 0 0 0 175 0 274 224 276 0 191 277 282 0 0 292 0 0 279 193 196 111 0 287 0 0 0 0 0 0 0 222 0 0 0 167 0 0 225 0 0 0 245 0 206 0 305 104 196 0 0 0 0 0 122 0 0 220 0 249 152 186 240 150 284 0 0 270 0 148 254 278 245 141 0 0 0 211 167 172 286 249 158 0 0 109 0 0 121 166 0 0 0 136 0 259 0 210 0 217 238 167 0 0 0 180 0 137 0 0 0 169 0 0 297 235 124 271 0 273 259 0 253 0 249 0 292 218 184 212 0 123 109 0 242 256 0 0 227 0 0 200 269 179 0 213 0 246 195 0 0 0 0 0 0 0 0 131 258 0 0 136 232 0 262 0 0 0 113 0 239 294 197 289 229 0 0 183 0 132 293 0 188 208 0 0 223 197 312 119 183 0 0 290 171 0 245 0 0 0 161 270 0 0 194 0 0 0 0 254 173 122 0 0 110 0 277 0 295 0 0 292 0 0 258 268 0 0 0 135 0 0 269 0 299 184 224 0 160 303 174 0 0 187 243 198 0 141 273 260 0 0 264 241 0 0 0 0 214 0 251 0 228 138 0 228 199 0 259 0 0 0 195 0 0 148 242 282 246 215 0 158 0 0 0 0 0 0 130 0 246 131 200 235 153 279 132 0 171 0 109 142 262 153 279 311 106 0 0 108 267 305 103 0 0 221 0 286 0 0 156 0 200 173 0 0 191 236 241 144 121 0 258 0 209 170 0 225 0 242 0 0 0 197 244 95 0 203 229 0 130 185 0 229 119 0 309 0 170 230 235 0 0 0 0 0 0 243 261 0 113 0 0
0 166 201 291 0 0 242 0 147 280 0 132 115 267 181 94 236 0 0 0 211 202 295 156 218 0 0 208 252 227 293 0 248 0 201 0 200 0 0 0 0 0 238 0 203 136 0 0 0 0 0 148 0 262 0 0 0 0 150 0 0 0 271 262 111 0 0 135 0 0 206 0 0 253 211 0 128 115 102 0 277 0 0 165 0 276 192 0 0 0 0 0 147 0 0 0 191 106 302 0 0 0 0 0 0 206 245 215 0 150 0 247 174 0 291 202 226 190 0 0 155 0 285 121 314 0 0 271 0 233 182 162 129 0 0 242 0 0 0 142 199 0 0 0 250 280 292 0 0 0 159 0 296 111 0 208 0 0 95 287 145 0 0 237 273 169 0 0 0 0 191 264 0 124 259 239 0 0 157 296 185 234 145 0 179 196 237 0 233 232 274 299 0 180 288 234 244 0 230 0 0 224 0 214 202 241 267 0 133 0 0 0 118 149 282 0 0 0 0 226 0 0 291 0 236 0 0 0 123 0 0 0 0 207 0 0 0 0 282 105 306 0 0 0 0 0 0 0 221 172 0 0 0 150 299 230 237 196 0 290 0 0 287 0 0 226 0 0 227 268 0 126 216 202 0 0 286 224 172 0 0 169 215 0 0 232 251 155 0 144 175 0 230 135 0 0 259 0 174 196 0 0 0 107 153 0 0 0 226 107 0 167 0 209 163 234 0 121 173 0 276 106 272 0 222 0 204 203 162 221 147 0 167 137 280 106 0 256 107 233 183 0 0 245 154 161 0 162 257 0 137 0 0 222 216 284 0 232 161 0 0 269 0 181 269 135 0 122 251 0 0 273 0 285 233 0 0 180 169 187 184 188 0 251 0 0 168 242 220 306 0 166 0 0 0 0 215 0 291 0 0 154 218 0 0 167 0 115 0 162 267 241 0 0 0 0 0 0 0 205 109 195 0 233 0 0 178 0 145 0 303 0 200 0 0 169 0 0 0 122 0 146 0 0 181 262 0 0 251 0 0 305 224 244 198 0 260 136 286 263 280 0 124 115 212 0 134 0 199 0 0 145 121 0 0 259 297 186 209 0 0 0 0 127 133 107 0 0 0 278 207 229 0 269 159 0 0 237 102 191 201 0 291 139 153 0 0 0 285 0 0
0 0 279 0 213 287 0 281 124 206 0 0 0 0 0 0 131 195 282 0 161 139 0 0 220 140 0 227 0 199 0 0 101 0 137 119 102 181 162 0 249 0 0 0 108 139 253 177 159 0 253 0 0 259 226 0 0 0 168 227 0 0 0 0 0 275 0 143 224 165 173 0 106 217 291 130 229 127 158 185 177 0 172 311 0 0 281 0 0 0 0 0 152 288 277 164 0 265 0 0 98 0 232 0 254 0 124 0 0 0 0 171 0 302 0 0 114 0 0 163 265 282 0 0 0 0 206 127 277 0 0 0 137 0 234 0 0 0 140 0 0 243 244 290 203 0 0 0 276 0 198 0 0 0 0 0 133 189 0 0 0 0 254 0 271 0 0 0 0 0 177 0 187 101 271 0 117 0 0 103 146 118 0 0 0 125 196 0 261 0 291 308 215 218 289 0 0 0 171 0 0 228 224 0 148 0 0 250 278 134 169 0 206 0 0 233 302 0 0 275 287 112 239 249 0 175 0 0 129 0 179 0 0 297 0 227 231 227 0 0 0 0 0 0 181 157 213 305 249 0 0 230 0 0 188 228 0 263 105 0 268 0 200 175 260 193 284 278 0 191 0 166 0 116 0 141 0 231 230 198 0 168 167 118 0 231 215 153 210 0 193 0 263 0 199 266 0 167 0 123 240 0 228 200 137 142 0 0 0 0 125 188 146 264 122 253 245 236 0 167 290 292 0 0 99 0 0 201 204 0 269 187 270 231 0 139 0 286 0 0 0 0 0 175 0 142 284 112 271 0 170 298 114 299 150 246 0 189 0 0 191 216 249 0 0 0 279 0 0 310 0 0 0 0 223 207 281 0 163 0 0 0 230 289 203 0 152 263 0 0 261 146 0 0 237 198 0 197 0 161 0 131 0 245 237 0 141 0 231 257 272 174 0 307 0 294 267 282 0 224 0 0 183 0 132 113 0 0 293 0 0 0 0 0 158 0 172 120 181 0 281 0 0 0 0 191 0 0 276 0 214 0 177 148 309 0 0 171 0 0 298 0 258 199 150 197 290 0 232 247 0 102 0 0 286 0 0 0 0 0 0 155 174 0 263 0 142 169 0 265 233 0 178 0 0 304 114 122 265 153 0 0 0 0 142 243 195 0 171 0
0 0 0 188 0 175 0 0 0 261 261 148 201 0 249 0 0 269 0 134 0 0 0 0 0 0 256 0 113 161 140 0 0 281 0 0 0 0 212 164 169 288 0 164 149 0 0 0 0 0 0 0 164 0 178 0 276 161 0 0 274 0 301 183 269 0 218 281 0 268 0 0 214 0 0 156 213 285 124 0 117 153 0 0 246 161 138 221 0 0 0 0 0 219 0 268 127 0 206 250 227 259 203 206 238 0 0 217 0 161 0 0 129 176 105 0 0 0 0 0 0 154 155 99 0 131 0 279 196 0 0 230 213 203 99 0 286 110 0 256 222 0 0 183 0 132 219 0 0 233 0 0 208 0 220 0 0 0 266 0 0 238 128 0 144 0 0 272 0 203 0 0 300 190 0 0 0 271 127 0 285 0 0 0 0 191 120 249 0 0 0 186 160 0 195 0 250 286 0 102 198 0 0 0 300 308 0 150 121 0 163 0 221 245 0 0 0 0 289 297 99 0 0 0 164 0 313 135 0 114 146 204 267 111 132 144 244 101 132 0 0 0 228 0 0 0 0 226 0 0 245 0 0 181 105 289 0 249 0 0 0 121 0 158 0 250 0 0 205 294 0 213 143 220 207 0 0 0 0 0 264 0 159 0 157 0 0 202 0 144 0 0 265 286 0 0 320 208 0 260 0 0 0 131 177 132 194 0 0 0 163 222 153 0 224 212 0 134 289 108 0 0 0 224 298 0 0 0 0 0 145 0 300 0 154 245 183 168 225 0 152 0 0 160 0 272 253 181 180 285 0 0 213 0 243 0 0 199 0 104 0 0 152 0 0 246 0 0 195 119 154 0 0 117 111 0 0 0 249 127 0 0 113 208 0 206 104 126 0 0 103 272 0 232 0 0 0 211 0 165 0 0 0 203 273 0 0 239 265 184 0 0 299 171 0 117 221 282 278 0 0 184 0 224 0 174 237 102 0 0 0 187 113 202 134 224 162 0 0 0 0 217 0 0 0 231 151 261 0 232 232 167 293 0 0 240 293 222 0 246 165 0 185 0 0 0 0 243 175 248 0 0 0 0 0 0 0 225 0 305 0 0 0 0 233 0 0 316 0 212 0 231 0 0 0 122 0 222 276 285 297 178 244 0 0 256 116 0 0
0 0 234 162 180 0 234 197 0 0 0 0 0 0 0 269 118 155 194 0 0 185 182 0 255 0 0 0 0 126 0 116 0 239 0 0 0 277 203 175 191 156 201 187 0 135 0 157 0 293 274 0 169 0 300 309 0 249 226 0 0 0 0 0 0 199 0 0 287 0 0 137 0 141 143 0 260 110 0 0 0 228 130 0 216 0 0 197 256 156 0 179 0 236 215 189 0 102 219 0 218 0 0 98 291 0 155 184 0 145 110 0 295 0 0 164 0 291 188 153 251 186 209 0 0 234 300 0 261 260 154 0 0 0 141 113 140 0 0 269 0 0 277 0 128 146 243 178 0 216 224 0 0 0 0 175 0 238 0 0 0 118 215 114 0 0 0 0 271 0 0 0 0 0 0 204 0 0 245 0 117 0 0 140 0 166 215 173 151 0 0 0 248 0 0 285 0 0 0 0 179 0 0 261 175 296 196 161 242 0 0 0 138 0 174 211 231 0 0 281 0 0 0 0 0 0 116 0 0 298 282 104 143 0 103 235 0 0 0 0 274 0 241 0 0 0 0 161 301 0 149 220 0 146 0 0 0 0 189 243 0 144 0 0 103 240 199 0 0 310 227 216 251 0 0 0 243 166 208 0 167 0 257 0 219 163 112 294 177 119 0 167 0 0 256 0 0 0 260 0 251 0 0 0 143 233 0 0 185 0 0 243 235 125 240 0 176 288 0 0 237 264 0 205 129 189 112 175 275 0 0 0 0 0 192 191 0 247 0 0 205 221 253 275 264 0 272 272 0 0 237 0 0 117 0 0 104 0 289 279 258 0 284 0 0 0 0 0 228 189 0 0 149 192 189 0 172 219 0 0 264 0 0 165 0 237 0 200 0 0 0 216 304 107 181 0 240 151 191 144 0 0 168 0 250 0 237 148 0 257 127 228 277 139 0 184 0 0 122 0 194 0 0 0 292 237 0 0 0 0 0 110 0 0 0 101 128 164 0 239 139 160 0 0 0 0 291 0 0 297 0 136 0 0 0 240 0 0 239 166 0 168 0 0 0 0 237 126 0 214 0 226 100 230 274 182 0 108 301 156 294 0 0 0 0 0 0 0 143 157 219 134 0 0 0 0 166 0 0 217 151 0 224 183 217 0 0 0
0 0 205 239 0 196 0 0 0 259 264 0 0 149 178 128 152 146 194 0 0 177 0 0 161 205 194 101 0 258 0 263 0 212 0 194 245 0 0 290 188 158 0 0 0 185 108 201 0 0 168 0 0 0 271 168 125 0 0 0 308 233 0 248 0 0 170 0 0 271 186 267 151 205 241 203 0 0 121 0 0 0 117 0 178 0 239 274 231 0 0 0 307 0 142 0 0 259 285 229 0 0 0 0 155 226 146 321 0 208 0 0 156 0 254 0 0 0 0 169 0 0 269 227 0 296 116 0 195 256 0 0 0 0 0 122 202 0 200 253 0 288 244 167 0 0 198 131 0 0 0 160 188 0 133 246 0 193 177 0 0 0 181 0 0 0 0 0 0 237 0 166 0 0 117 283 0 0 218 134 220 267 130 188 197 189 116 0 0 177 141 133 143 166 0 181 186 0 0 126 0 0 101 0 265 100 291 0 231 213 0 0 297 0 273 0 0 154 245 0 115 311 216 0 0 210 0 0 289 0 204 277 0 0 0 146 0 0 202 0 0 0 297 0 0 0 0 0 209 121 0 119 0 142 0 0 0 143 200 230 130 218 137 0 0 311 114 266 255 0 134 179 113 171 0 279 165 0 0 0 0 0 0 267 122 190 0 244 118 204 169 0 113 0 215 0 154 0 230 261 203 215 0 270 129 0 151 127 0 0 264 0 136 179 209 117 0 180 0 0 0 0 269 0 0 191 0 0 0 198 0 187 0 188 274 0 0 0 0 191 0 0 125 167 291 225 261 273 0 0 103 106 150 108 0 0 0 277 0 292 199 0 0 0 185 0 0 0 0 0 188 0 0 0 224 0 0 174 235 118 238 0 0 140 226 0 0 175 0 0 275 0 156 0 0 0 267 0 0 0 271 0 0 235 0 0 149 0 0 0 184 236 0 151 153 111 129 130 0 0 106 172 0 184 127 0 112 0 0 0 202 202 0 0 0 0 0 186 0 199 0 272 0 118 0 184 226 0 0 0 0 0 176 163 0 0 0 147 256 292 0 0 181 124 166 0 0 162 150 262 0 0 179 0 184 0 0 0 273 0 0 171 0 0 142 0 0 0 0 259 0 118 231 165 221 0 0 263 0 0 154 171 251 169 173 0 0
0 0 267 180 0 224 167 0 261 310 158 0 0 255 0 0 228 0 0 133 0 127 289 166 278 0 117 159 232 0 230 130 121 0 0 0 0 0 288 0 0 232 259 228 161 136 0 122 226 182 0 188 106 0 142 0 204 0 0 0 0 0 0 257 0 127 0 197 0 0 202 0 0 0 0 283 230 0 154 253 251 0 0 0 0 133 127 280 0 0 203 294 107 220 0 132 0 284 0 0 281 252 263 205 122 0 0 228 0 216 149 159 0 274 0 0 0 248 200 183 152 0 270 0 0 0 0 0 200 0 0 216 0 0 106 165 0 0 138 102 196 0 222 0 258 156 185 144 0 0 123 0 255 133 0 132 289 0 259 206 0 277 178 147 0 0 0 0 0 0 0 244 0 0 293 0 193 0 275 206 184 0 0 109 181 0 0 0 202 288 0 0 283 255 0 0 181 216 0 0 0 0 195 272 0 171 0 208 144 0 0 180 0 0 126 0 247 0 0 0 0 0 152 121 283 295 112 244 0 245 0 0 270 0 247 0 0 217 144 0 0 0 0 0 145 159 179 204 0 0 262 150 0 260 0 100 105 0 0 121 0 209 0 0 116 101 0 0 321 273 0 141 117 288 208 0 0 0 0 206 270 222 0 223 119 0 0 294 0 0 0 0 282 177 282 0 292 0 156 0 193 159 0 119 135 233 0 0 230 0 0 0 255 181 0 0 155 135 221 294 212 0 0 0 292 0 0 248 155 0 0 0 273 0 0 206 126 119 263 0 0 0 231 0 292 0 0 207 0 0 160 0 189 0 0 0 219 248 0 171 0 232 245 159 0 0 0 110 0 0 257 192 0 191 103 269 0 208 0 0 0 0 0 0 145 251 110 194 162 0 251 0 0 0 0 171 0 149 0 0 98 279 140 204 162 0 204 0 0 271 196 0 0 172 262 0 135 0 0 141 0 0 0 0 0 0 233 0 129 0 204 166 0 0 0 113 0 123 0 0 0 0 137 190 169 239 241 267 0 0 167 0 140 233 0 0 113 240 0 124 184 0 162 266 0 0 0 266 0 0 267 99 283 0 0 104 0 0 0 0 0 0 273 192 0 257 137 0 0 151 163 261 261 289 135 184 0 168 0 0 143 0 0 155 131 0
0 0 169 0 246 0 0 167 101 0 0 185 0 156 0 130 143 278 272 0 0 0 0 0 0 0 227 0 137 217 285 144 0 206 199 0 0 0 199 284 0 0 105 0 0 299 269 0 0 184 0 134 150 0 124 0 112 0 0 0 139 0 0 241 193 0 0 241 259 0 169 248 0 0 0 169 0 242 171 0 279 0 0 0 0 280 151 247 166 0 267 0 0 185 225 210 0 0 0 0 103 178 168 285 143 0 0 145 117 0 0 0 0 166 0 247 0 0 103 255 214 161 0 207 140 0 129 194 0 0 0 0 0 139 0 0 0 106 264 221 131 104 282 0 0 0 131 0 0 0 0 0 212 0 284 0 0 102 245 0 100 207 0 224 0 227 0 194 139 0 0 0 0 208 209 0 0 250 0 253 0 0 0 200 0 0 217 113 191 174 0 0 0 0 0 257 202 181 0 226 240 100 0 0 0 221 116 117 0 0 173 194 0 0 188 147 0 148 277 197 0 274 138 116 145 258 162 0 119 112 0 146 0 146 109 0 245 0 0 167 0 0 129 303 0 0 249 138 165 193 0 0 206 0 0 0 112 0 0 0 0 123 0 180 0 172 248 0 190 208 0 0 0 0 269 0 298 0 0 0 127 154 0 0 282 0 0 230 261 129 0 0 0 252 0 0 196 0 188 228 174 112 254 277 0 0 0 0 276 108 116 0 141 0 234 147 0 258 0 0 0 118 110 0 207 0 0 0 0 0 113 111 243 0 0 0 0 0 257 0 0 290 0 251 0 0 155 293 0 262 196 0 0 0 169 158 160 273 0 247 111 165 0 217 0 151 0 0 159 0 289 153 0 0 0 0 0 145 132 0 107 223 0 129 253 0 0 0 0 0 0 0 0 0 0 0 0 214 0 0 162 0 0 278 112 135 305 0 169 181 0 119 0 158 257 171 0 113 272 125 276 0 198 0 170 0 0 0 0 195 0 0 0 154 0 0 0 0 0 0 0 0 251 0 0 0 131 0 0 0 0 125 0 0 0 163 160 0 251 108 0 0 243 0 0 219 184 0 192 0 0 0 0 0 0 172 0 0 0 189 0 0 141 117 191 116 0 144 0 221 178 0 0 0 0 0 0 0 0 0 101 254 0 0 0
0 153 174 272 0 0 0 116 0 0 129 229 143 208 0 163 195 0 260 0 0 280 0 171 100 0 0 0 0 0 241 0 181 244 167 133 228 212 207 0 261 0 0 218 0 245 272 0 0 204 0 0 146 0 252 104 0 0 235 0 141 190 236 0 0 0 0 0 186 240 232 0 288 0 0 0 0 0 264 195 0 214 0 321 0 113 173 136 0 0 137 214 274 249 0 183 0 0 0 0 0 172 0 274 0 0 0 184 0 298 0 149 220 0 0 0 0 239 0 126 181 140 269 0 215 0 0 189 128 277 0 157 0 276 298 291 133 265 0 283 0 288 162 0 0 0 147 0 266 178 0 105 0 198 284 0 248 196 0 0 211 0 0 0 249 0 248 0 194 0 224 232 0 250 0 0 0 0 275 0 319 0 0 248 230 0 0 289 0 219 182 288 0 0 0 114 0 154 0 0 174 202 0 279 265 245 0 0 232 198 0 148 0 112 0 0 208 0 0 216 138 246 263 0 0 0 168 136 0 0 303 0 142 188 0 0 180 0 111 0 129 0 0 108 144 134 113 200 0 295 234 289 0 129 0 243 0 100 0 143 0 153 0 280 192 0 0 0 0 245 203 0 0 187 239 167 0 0 286 0 252 0 0 163 175 109 112 152 155 156 207 0 0 0 0 118 176 0 219 0 0 262 0 158 231 0 0 0 197 121 0 0 118 149 0 0 115 0 176 0 128 0 148 232 0 146 122 0 266 0 134 0 0 234 0 0 180 0 0 0 0 0 0 189 0 221 0 119 161 153 112 0 0 0 159 0 280 97 120 166 181 0 0 0 0 0 275 188 0 240 0 273 271 164 164 0 247 107 0 273 0 142 0 0 0 0 167 0 208 0 140 0 125 0 0 0 0 0 0 145 0 115 0 0 0 0 0 145 276 268 168 104 0 0 220 0 260 158 0 281 284 0 117 0 0 176 257 0 0 300 0 277 0 0 122 0 0 160 0 0 185 0 0 252 0 0 0 296 113 226 0 244 0 0 0 0 154 146 206 0 227 300 236 278 0 221 194 0 159 136 0 0 248 0 0 265 170 175 296 106 201 0 158 0 0 0 0 0 0 253 0 223 0 168 252 217 0 101 201 148 132 0 0 0
0 108 124 0 0 0 203 173 120 163 250 0 0 230 0 0 0 157 0 0 0 0 164 0 191 169 103 0 193 0 0 245 204 0 0 138 176 0 0 0 0 0 0 0 0 0 132 308 281 175 143 0 0 0 196 0 323 258 0 0 130 0 234 149 0 293 0 0 128 247 194 245 0 0 0 110 141 0 0 172 206 115 208 0 272 0 245 0 100 0 191 0 0 0 0 257 106 160 114 150 228 202 0 0 287 208 0 250 0 0 0 0 193 269 0 127 263 0 0 0 0 124 0 0 139 0 297 249 0 163 0 0 128 0 0 147 142 0 189 254 0 0 0 215 240 0 158 0 253 0 0 0 0 169 269 223 0 0 117 0 264 221 0 193 0 178 103 0 318 0 0 0 199 273 146 0 113 0 0 300 0 247 0 0 217 93 293 0 186 0 274 0 165 174 0 0 0 0 0 0 199 0 164 0 298 0 0 0 0 247 243 173 0 180 0 0 0 246 0 0 0 0 131 278 0 0 151 0 298 277 0 208 0 0 0 125 163 241 105 110 0 0 212 0 294 178 0 0 167 272 0 286 221 0 284 140 238 237 251 291 0 270 0 224 0 0 162 100 0 112 0 0 0 156 171 251 0 202 0 195 0 0 0 0 0 140 0 0 0 193 221 0 0 162 296 0 201 0 0 0 0 289 0 0 0 0 171 0 0 132 159 0 0 0 167 117 260 180 0 0 205 0 163 0 0 0 157 0 221 297 0 113 216 214 136 234 0 234 245 183 0 0 0 0 0 0 127 0 0 294 285 172 250 175 0 228 0 0 0 0 232 255 0 0 0 183 262 175 0 0 0 118 0 0 0 158 0 0 0 109 155 315 0 228 114 102 0 176 189 286 136 206 0 0 0 0 127 0 0 0 285 0 143 177 106 0 277 0 179 0 197 262 166 0 0 257 159 0 0 260 180 181 0 291 242 218 0 0 0 0 146 0 121 110 163 194 0 0 220 170 198 285 150 0 0 0 0 159 0 0 0 0 174 283 218 221 0 130 219 0 0 304 110 194 239 0 300 0 0 0 0 0 116 246 246 0 0 141 211 214 0 0 200 170 0 0 245 185 0 0 0 0 273 126 266 201 0 251 122 308 180 119 0
0 154 131 0 189 238 0 181 0 282 247 109 223 0 0 0 0 142 287 0 0 288 0 125 0 137 134 184 171 0 155 0 139 0 0 155 0 242 0 0 150 222 0 288 143 244 0 158 0 171 245 282 117 0 188 254 0 118 0 0 0 0 313 0 0 0 128 251 0 0 212 270 0 258 255 0 0 108 0 0 0 118 191 167 280 0 0 0 270 147 0 0 0 254 288 115 0 145 0 165 255 113 205 190 0 129 104 209 187 0 0 0 134 0 0 233 214 237 0 0 203 273 0 0 0 0 241 166 0 0 0 0 0 267 0 0 251 112 0 110 0 137 0 296 0 0 0 0 0 140 183 132 0 0 246 115 0 271 0 224 0 228 194 0 137 0 0 0 301 0 115 0 0 0 0 0 0 0 0 245 228 0 0 133 0 0 0 159 0 135 169 0 0 0 0 147 0 0 0 215 135 0 0 0 0 0 0 103 104 228 129 197 0 0 0 0 173 194 207 0 257 0 0 0 147 177 247 0 202 0 211 209 0 0 224 0 0 114 0 0 0 0 0 0 293 0 0 221 0 0 0 0 119 282 275 0 220 132 0 294 0 271 0 250 0 0 0 0 111 157 247 160 237 0 177 0 0 284 192 119 0 0 193 179 0 0 226 219 0 130 243 186 0 0 0 177 0 0 0 154 0 159 0 243 204 0 0 227 257 0 151 253 0 226 199 0 179 169 0 0 0 0 122 0 0 0 257 259 0 279 254 110 0 0 0 172 0 0 0 287 152 150 127 98 283 0 205 146 207 175 116 158 0 0 289 163 179 301 272 0 123 0 0 0 136 183 0 108 235 0 119 188 189 0 0 136 0 0 0 122 0 0 163 214 276 197 0 0 0 282 298 259 0 0 0 127 0 179 287 219 0 0 0 0 0 0 123 206 191 0 0 149 263 107 99 0 112 131 0 299 134 0 0 101 273 206 181 281 222 102 0 0 199 0 199 270 249 163 192 0 235 168 247 0 0 206 0 0 235 0 0 195 256 0 0 0 0 0 0 298 0 173 0 166 0 163 0 0 251 0 159 242 0 209 0 124 0 0 226 0 194 0 0 0 299 178 238 227 157 173 104 238 108 215 202 151 0 155 185 0 274 0
0 236 0 250 0 0 0 0 233 0 0 0 0 0 278 0 0 228 105 0 0 0 0 228 195 0 203 171 0 243 107 142 231 225 0 0 0 283 0 240 0 0 274 0 0 204 312 0 0 164 0 0 176 231 0 296 0 0 187 103 173 0 252 131 107 0 0 247 0 0 0 0 144 220 168 0 185 0 136 0 106 0 0 119 191 170 0 0 174 0 0 0 245 0 153 121 225 0 0 147 0 157 151 0 283 175 0 0 0 0 227 217 0 171 154 128 0 227 104 283 205 0 0 177 0 144 247 243 179 0 0 280 156 282 0 0 142 138 0 166 0 124 195 0 176 102 219 0 0 0 0 101 0 247 0 249 266 280 0 284 0 298 0 162 0 0 0 108 0 0 278 0 0 235 139 233 218 0 149 196 275 0 169 134 113 0 278 268 0 284 106 0 0 220 0 0 0 0 192 0 245 219 188 141 0 0 0 169 255 0 0 234 0 0 0 0 208 226 191 290 280 265 0 0 137 174 198 103 0 0 136 0 0 249 0 0 180 0 0 144 0 274 105 0 230 170 287 0 244 0 187 0 150 0 230 113 0 147 144 118 243 217 158 0 177 0 128 0 0 258 0 0 0 142 166 154 0 142 0 0 239 0 0 153 0 170 159 0 132 0 243 0 148 0 201 156 248 227 0 0 192 212 0 0 148 251 0 307 0 0 186 255 196 0 0 247 0 0 167 157 0 102 108 176 0 212 0 0 288 0 251 0 0 0 0 148 213 0 99 0 221 162 276 271 212 0 276 128 156 0 0 0 164 162 0 241 199 185 0 0 0 165 151 152 247 0 146 0 267 0 165 0 0 126 0 0 0 0 102 198 268 0 0 0 0 190 134 0 173 0 0 0 121 0 268 172 0 0 144 153 0 203 0 0 0 0 0 0 0 118 0 0 0 0 182 0 0 305 175 0 186 289 0 305 279 0 0 0 164 0 252 152 180 255 246 0 310 0 237 146 233 0 260 0 167 0 112 0 116 0 187 173 215 227 118 157 0 0 0 280 247 273 155 128 0 236 107 280 0 0 0 0 226 170 0 230 0 202 0 0 128 0 284 283 169 0 264 220 234 0 249 186 0 0 218 99 255 273 0 247 0
0 0 0 0 0 0 0 162 0 0 98 0 107 133 0 311 285 0 101 138 301 210 115 0 0 178 0 0 0 0 0 0 0 110 205 0 0 158 295 0 0 0 257 0 0 260 0 295 0 0 165 210 120 121 0 0 170 0 0 0 0 0 258 166 213 294 0 0 0 0 0 0 168 219 0 0 119 0 0 0 0 228 211 0 245 246 0 179 109 0 0 126 0 0 189 157 0 0 0 0 0 0 0 0 0 0 133 0 163 205 291 207 177 0 297 201 111 251 228 0 172 200 162 0 162 0 0 111 175 0 0 236 0 0 0 0 219 294 0 0 206 176 102 0 0 149 0 109 0 302 218 182 106 277 235 190 0 0 0 213 181 177 276 132 0 151 0 0 0 102 0 0 206 178 230 147 233 285 0 0 262 177 240 0 146 0 0 216 0 0 0 208 284 0 110 0 161 0 0 277 135 0 152 230 0 192 114 0 146 258 0 0 0 156 283 102 229 186 125 0 189 314 0 171 231 0 212 110 0 200 265 191 204 177 0 0 0 0 289 0 0 143 165 102 211 139 0 182 282 0 225 274 0 0 205 0 0 115 0 0 0 286 208 0 0 254 116 0 0 0 0 264 0 181 130 205 0 0 0 0 162 126 0 171 0 0 0 0 302 106 0 0 256 0 0 169 0 0 0 101 171 280 0 151 0 0 0 0 132 0 217 182 183 292 142 0 0 119 121 133 148 215 0 214 136 104 0 214 0 260 0 156 277 257 0 174 0 0 136 0 0 239 0 0 201 205 252 122 175 150 230 0 196 0 97 0 114 0 0 0 249 0 0 213 0 0 0 0 282 0 270 0 0 107 119 235 0 0 0 0 137 146 0 196 0 0 291 0 117 170 0 0 0 262 0 177 0 0 171 179 0 156 167 0 0 231 234 253 121 144 0 0 0 0 0 0 146 123 0 0 0 241 0 241 0 140 292 0 216 0 0 281 106 0 0 278 111 122 0 230 154 0 0 0 0 0 149 0 0 0 155 156 0 214 107 151 206 108 0 134 324 0 173 0 0 0 116 0 229 0 243 0 0 0 0 125 0 113 171 0 0 131 0 0 0 0 129 0 266 244 0 150 0 123 220 130 0 0 0 0
0 0 180 184 0 216 122 196 139 0 285 215 198 0 0 151 0 0 112 238 0 188 286 104 128 0 0 96 0 136 0 0 201 119 194 0 258 108 173 254 0 262 286 222 132 192 251 195 0 115 0 0 151 114 184 0 213 213 169 234 0 0 274 282 0 271 151 0 189 236 176 0 0 0 292 0 244 0 110 0 206 188 0 110 183 0 109 189 0 0 229 0 0 244 0 0 0 0 0 0 0 0 168 176 273 274 238 314 186 240 130 0 253 0 0 274 123 0 218 0 257 0 266 231 0 0 195 0 0 138 0 0 190 0 0 285 124 0 128 0 0 0 0 0 271 160 0 146 0 0 251 179 0 297 224 218 0 229 129 251 193 0 0 139 277 0 278 105 0 226 0 0 0 305 0 222 274 229 0 292 0 190 0 110 271 0 0 198 0 0 157 236 0 0 145 0 217 0 209 0 0 0 130 0 0 166 0 0 141 301 0 0 318 0 221 153 0 0 0 137 0 0 0 129 0 0 223 0 0 0 0 0 120 145 0 0 160 270 167 0 0 269 0 157 0 0 0 238 0 0 0 286 244 174 203 0 0 159 0 245 223 178 265 0 261 150 171 0 0 0 0 111 178 148 186 152 0 0 0 0 0 313 0 0 157 0 113 0 253 0 0 150 0 260 249 0 0 0 0 180 0 0 0 283 0 0 0 226 129 186 0 0 0 0 0 0 0 293 0 0 0 209 273 199 98 265 202 0 0 255 0 245 0 0 105 212 285 0 0 0 188 189 215 0 0 190 225 0 0 143 253 207 0 247 0 0 0 237 275 190 228 245 139 0 195 0 0 178 279 0 0 135 0 253 0 0 311 212 0 210 0 0 192 0 0 227 0 229 196 252 222 192 0 0 236 0 198 133 131 163 0 207 0 245 0 216 0 173 0 155 0 0 0 197 0 0 0 293 0 0 160 0 0 0 0 207 129 0 0 0 234 0 0 0 159 0 0 259 0 247 100 0 0 0 0 145 304 234 0 0 0 219 274 127 0 104 219 250 166 0 189 0 163 259 0 0 0 176 144 215 111 250 249 0 159 0 0 290 144 0 257 0 0 0 129 136 0 0 146 0 0 202 0 0 0 287 153 0 0
0 175 205 217 0 138 291 232 0 241 124 0 0 0 204 0 0 112 0 292 0 0 0 0 192 0 0 0 105 169 255 208 0 0 0 288 0 161 0 0 0 192 0 189 289 133 193 218 111 226 159 166 0 0 158 0 0 149 0 103 269 181 0 254 131 206 0 0 244 234 142 0 197 0 152 216 0 129 0 0 0 279 0 0 112 234 126 0 0 244 126 0 268 299 0 0 195 208 0 169 247 0 0 237 0 0 112 0 118 218 0 0 0 0 161 137 0 201 0 249 0 273 187 0 209 163 0 265 100 0 103 142 273 164 0 220 228 0 201 0 0 240 214 189 0 0 107 0 0 167 0 0 115 0 0 103 0 0 0 0 0 205 170 0 0 0 133 297 0 0 0 0 0 106 111 298 0 0 285 0 202 0 0 239 131 106 0 0 0 0 0 0 131 0 0 0 0 0 241 0 223 0 185 234 111 152 149 0 294 106 279 0 156 0 0 0 0 260 120 0 145 0 0 0 225 0 170 0 148 0 0 0 182 0 244 0 187 0 248 0 0 0 0 212 254 214 0 137 0 222 136 0 0 0 270 0 0 146 0 0 135 177 102 0 0 133 250 0 0 133 0 0 97 0 0 0 166 0 168 132 185 0 283 0 250 284 94 208 128 198 200 0 103 0 0 302 162 0 177 241 0 126 0 286 0 0 278 277 0 0 0 294 0 136 123 93 175 0 0 0 174 0 187 0 0 0 190 0 0 0 0 0 230 0 188 178 0 140 0 0 0 184 0 170 0 202 150 251 0 154 0 273 139 257 198 241 0 0 226 246 0 0 0 224 144 0 0 157 98 262 278 0 0 114 0 136 203 113 304 0 302 0 0 0 158 0 208 0 0 0 186 150 232 275 0 0 198 214 0 200 0 302 0 122 0 179 266 144 0 199 214 0 118 143 307 0 231 0 0 113 180 173 118 186 0 217 0 0 0 0 0 298 287 0 0 0 0 0 176 0 0 0 264 0 228 252 130 0 0 0 0 124 0 215 119 0 117 0 257 0 0 149 0 269 0 189 0 234 0 115 111 134 103 0 240 169 0 0 0 0 252 0 200 121 0 0 136 208 218 104 106 244 99 226 134 0 0 0
0 126 0 243 0 189 118 0 154 0 210 0 0 0 129 0 0 0 0 116 223 0 151 0 0 122 132 0 0 118 0 0 214 0 220 0 0 303 0 0 217 173 189 0 0 299 0 215 273 271 238 172 0 162 193 0 0 199 148 0 0 0 0 0 230 118 180 252 172 109 0 202 136 0 212 0 0 0 152 101 195 0 200 249 0 0 167 0 0 96 175 0 269 0 205 250 0 166 128 207 0 172 148 121 268 0 144 0 264 192 242 0 0 0 290 238 232 97 0 0 276 114 221 227 240 0 258 0 212 0 0 0 281 258 0 0 0 161 0 146 165 0 218 292 183 161 0 0 0 0 0 211 0 285 0 0 0 258 184 190 0 0 265 0 0 0 198 0 113 267 103 156 144 259 123 0 189 0 145 0 0 0 0 0 0 140 204 0 0 0 266 244 130 0 169 0 0 272 178 254 109 210 233 228 0 116 0 0 254 0 0 0 268 0 266 0 128 170 270 0 0 189 0 0 0 134 182 219 0 148 253 0 0 0 249 0 0 289 0 144 255 0 213 0 0 283 0 297 0 273 0 0 122 0 193 0 0 0 170 0 232 111 240 0 0 283 124 132 242 112 124 213 140 276 0 0 0 231 0 139 0 0 0 0 0 226 236 0 0 0 0 0 207 127 192 0 0 297 111 308 0 162 0 0 226 282 0 0 0 0 264 204 212 0 202 167 0 0 0 0 0 0 0 237 105 197 0 297 0 173 112 178 0 0 177 232 0 0 117 233 0 0 0 255 193 0 0 0 288 151 0 292 0 0 0 268 0 103 0 0 0 176 0 199 0 186 292 246 278 0 0 0 0 125 159 0 0 104 198 0 257 0 109 210 0 123 153 0 207 0 0 0 0 0 0 189 0 0 0 0 0 224 0 165 274 0 0 141 171 282 151 0 0 0 0 140 0 170 250 205 190 251 0 0 0 0 0 0 220 0 299 267 124 191 241 0 0 259 0 0 0 0 110 0 0 0 0 178 134 0 119 0 0 0 0 110 0 0 261 250 143 194 0 0 0 225 0 164 120 284 0 254 0 0 0 164 0 242 0 0 217 0 163 297 157 0 0 224 0 0 0 0 136 0 0 122 0
0 0 0 0 0 195 199 174 218 149 288 0 153 229 174 258 0 264 127 153 123 0 0 0 143 0 245 186 0 0 0 0 0 213 97 0 0 203 116 178 235 157 0 0 241 177 164 96 232 298 0 0 0 128 302 257 0 0 0 0 0 0 156 264 206 292 0 287 0 0 122 195 0 289 0 0 204 0 0 280 124 0 0 0 0 222 174 0 240 0 148 0 147 178 206 0 0 0 171 308 159 247 0 0 305 0 0 284 0 0 169 0 0 196 248 191 0 0 295 123 241 157 153 262 149 0 181 0 239 163 0 253 131 0 219 0 209 194 193 99 178 207 179 246 0 109 0 238 0 152 258 279 0 0 216 167 0 0 125 227 244 105 194 168 232 0 0 252 277 0 291 124 0 297 0 0 252 185 111 177 157 220 0 0 209 0 0 0 251 0 293 108 0 297 0 193 0 159 166 203 0 248 0 171 179 0 149 0 0 0 0 174 0 287 179 0 275 291 258 0 0 171 298 241 0 0 285 0 212 0 126 0 162 224 0 0 268 95 180 293 165 0 0 0 104 0 150 257 0 0 245 0 0 0 274 0 256 0 247 176 308 0 219 129 155 0 155 149 212 0 0 137 0 0 132 0 288 233 0 0 279 152 144 0 298 250 0 156 0 0 151 0 157 134 129 288 209 207 0 0 0 0 0 0 161 181 107 0 0 0 248 0 310 0 206 0 197 0 0 0 242 296 189 0 215 0 286 0 0 0 0 0 197 209 0 255 102 130 0 236 262 0 170 231 233 0 245 0 294 0 171 293 172 238 0 0 265 116 0 0 217 0 0 254 0 0 255 183 183 0 0 0 257 0 0 0 0 121 283 0 211 0 217 0 0 235 213 108 0 0 0 0 0 122 0 108 0 0 225 204 173 220 0 0 197 0 0 253 202 130 133 259 0 0 235 0 0 0 0 188 214 0 151 258 0 0 0 0 204 172 0 0 186 0 0 140 149 0 234 152 0 0 0 149 226 0 296 0 0 187 0 181 0 0 0 0 0 0 0 0 0 225 219 0 0 0 0 0 112 0 0 0 284 209 0 266 0 154 169 231 102 0 0 0 242 315 0 0 0 0 0 266 0 140 251 0
0 0 134 138 196 257 0 0 168 0 97 0 272 0 197 157 0 0 0 0 263 219 184 0 154 0 0 0 0 192 186 0 0 263 0 0 162 0 278 0 268 202 0 300 280 0 0 109 103 0 0 158 292 209 0 0 192 189 286 0 222 281 125 285 156 214 202 105 0 0 0 97 222 0 0 0 0 190 0 0 282 0 264 0 177 108 0 0 159 243 0 126 167 255 0 0 237 0 0 166 291 196 0 198 0 152 0 0 0 216 286 284 0 0 145 293 0 131 197 145 0 128 105 0 232 125 229 260 149 0 0 0 0 0 0 252 280 0 289 0 0 213 0 0 276 0 202 0 0 268 0 224 280 0 0 124 223 169 111 0 255 0 0 0 0 0 0 101 0 0 111 0 0 174 100 171 0 0 232 0 0 223 178 235 115 179 0 132 0 0 152 0 0 274 0 0 235 0 110 196 285 248 275 116 0 0 0 0 284 205 157 0 0 165 222 193 294 0 0 0 0 198 0 0 0 0 0 0 0 0 0 143 207 0 0 148 270 0 0 0 136 130 0 153 273 101 0 0 156 0 189 0 0 234 243 0 244 0 0 134 0 0 280 141 141 175 0 0 0 175 0 263 184 0 0 262 158 0 0 204 0 0 211 233 248 0 0 0 0 232 0 0 0 0 0 0 175 154 158 0 0 0 0 130 0 0 0 0 157 273 161 282 220 0 0 0 0 0 199 129 0 116 259 0 0 127 129 0 288 231 256 107 0 0 231 0 267 232 120 0 0 0 0 0 0 135 139 0 0 0 216 143 0 174 0 123 110 0 212 0 248 0 232 0 184 181 147 200 0 126 0 0 147 0 169 0 0 0 0 0 0 272 0 0 0 241 155 201 0 0 0 0 0 0 200 0 241 0 0 0 288 0 0 301 0 0 0 0 105 239 0 0 0 0 317 0 157 186 0 264 197 302 178 173 209 0 0 138 0 114 0 208 0 0 0 169 0 218 0 228 0 242 0 0 302 0 0 195 150 0 137 0 0 291 107 0 0 0 0 0 207 274 201 0 0 128 191 225 186 272 273 0 293 198 0 252 0 266 165 223 0 278 289 0 139 224 205 293 0 229 0 283 107 164 0
0 0 0 0 0 0 0 0 0 0 0 0 0 107 0 239 284 0 0 0 172 231 126 0 0 0 0 248 0 115 0 139 0 290 116 196 153 309 107 247 149 100 296 148 0 0 114 257 0 0 233 131 285 110 287 0 270 174 229 226 0 260 0 0 0 300 0 267 0 0 185 0 105 180 0 0 0 0 254 184 188 143 206 99 0 0 0 322 145 183 0 98 226 229 206 0 0 0 0 0 186 0 0 146 0 243 0 201 0 162 0 0 0 187 144 0 155 0 0 0 0 0 306 0 0 169 213 210 0 0 0 0 185 106 320 146 231 0 0 280 112 0 0 280 0 0 190 139 0 210 164 0 100 240 0 0 0 172 0 0 0 264 0 0 0 247 245 0 0 154 216 257 0 0 0 0 212 142 144 275 0 230 0 0 0 0 187 0 103 0 0 0 279 193 220 0 239 225 218 282 163 0 0 0 0 219 209 0 275 0 0 246 127 100 0 0 298 0 108 0 0 104 270 0 0 0 261 106 0 283 0 146 238 0 280 0 283 213 178 0 0 0 270 272 248 123 0 133 114 0 216 0 267 305 0 144 100 0 0 0 248 251 0 145 0 0 0 272 143 156 0 0 0 127 0 200 185 150 244 216 0 0 0 0 0 121 0 0 222 0 0 178 245 165 0 0 302 240 145 248 0 0 299 249 0 178 0 229 0 163 0 0 305 220 0 0 280 0 0 0 0 207 184 0 140 0 0 237 0 0 0 0 0 0 205 222 281 0 0 122 0 0 0 0 0 221 0 138 0 191 0 0 0 150 114 189 0 237 261 176 0 143 299 137 0 115 0 0 118 0 134 0 252 276 213 0 0 264 0 0 0 236 194 204 0 200 125 114 188 146 0 201 0 0 206 124 0 144 165 149 0 317 0 223 211 0 242 0 0 129 126 0 0 126 0 134 105 0 0 0 0 134 214 133 0 248 0 284 0 198 271 198 0 0 105 205 0 292 0 0 0 0 117 0 0 94 0 0 0 0 0 0 0 177 0 0 0 127 0 0 0 275 0 186 0 0 0 0 0 0 266 122 0 283 0 109 0 0 0 201 0 158 0 117 127 0 0 0 0 0 0 205 0 0
0 0 288 217 0 0 0 291 258 169 178 250 195 204 116 0 155 0 125 271 0 0 0 0 0 165 99 0 0 199 235 0 157 203 106 232 175 0 0 165 274 0 278 272 0 160 282 274 122 207 188 0 0 232 270 0 0 0 113 187 0 167 0 143 0 0 238 0 0 171 279 0 201 265 121 0 228 0 0 0 0 138 123 137 161 0 0 0 0 275 118 158 0 132 99 284 0 257 201 162 277 0 201 290 292 193 172 0 282 154 0 154 262 257 100 167 0 165 315 276 0 115 0 279 0 0 0 0 0 191 189 0 0 219 227 0 0 166 215 0 213 152 0 0 0 0 203 0 0 232 244 0 0 249 0 112 0 214 0 122 270 265 0 0 0 0 0 0 141 199 193 0 266 0 0 0 0 267 0 0 0 129 221 187 0 247 0 0 0 0 0 214 0 0 202 0 236 0 0 271 0 105 0 269 141 251 144 129 164 0 109 0 0 0 237 226 178 0 288 165 0 0 0 251 291 121 116 0 250 0 124 0 0 105 0 0 0 98 139 153 246 0 189 240 251 256 0 0 0 0 0 143 0 184 255 306 0 290 309 0 208 0 250 0 194 240 110 0 231 188 98 0 214 284 241 206 287 0 0 0 191 172 0 255 185 114 269 0 200 256 0 300 120 115 0 0 0 121 0 0 254 0 135 188 109 0 295 116 103 0 0 0 0 0 0 189 290 0 0 230 0 0 173 150 0 0 0 185 156 217 0 0 0 0 200 174 176 249 284 0 0 0 0 0 231 0 150 0 193 0 0 0 0 213 130 0 0 150 217 103 0 248 106 189 0 0 0 306 0 0 0 179 280 0 0 0 0 181 220 0 0 0 145 0 0 0 0 103 106 0 186 0 127 140 0 227 306 0 0 216 146 0 0 0 0 0 115 254 0 117 191 248 228 0 147 0 199 0 0 0 142 157 285 0 0 0 158 0 0 307 176 247 0 0 275 174 265 0 0 250 0 0 137 0 0 292 244 235 0 0 0 0 0 212 210 0 0 270 192 0 0 0 187 122 0 0 163 0 0 0 0 0 0 141 0 251 100 0 189 0 137 288 280 183 0 0 254 277 259 230 0 110 0
0 128 0 0 116 0 156 304 0 0 0 95 212 125 0 288 177 230 0 252 176 130 263 109 0 0 173 0 0 222 0 0 168 0 0 169 0 100 0 122 0 0 0 112 118 0 0 0 181 278 260 169 244 0 0 0 0 0 0 0 0 200 261 0 180 206 0 284 160 270 0 0 0 0 243 0 0 0 0 273 206 233 173 0 131 238 0 0 0 301 0 0 0 0 0 222 129 0 244 0 0 0 0 238 130 0 0 182 193 0 124 0 208 0 214 0 0 0 0 0 265 228 262 175 0 0 117 289 281 0 0 0 0 197 209 185 142 235 0 0 0 0 0 0 257 0 169 201 236 275 0 214 0 109 0 0 0 193 290 116 0 0 190 166 212 0 254 0 0 0 188 227 240 0 202 180 0 299 0 0 0 282 195 0 291 0 209 144 237 0 0 0 0 175 0 257 97 0 243 122 168 0 276 0 0 0 128 0 0 0 113 217 0 121 135 167 0 0 0 0 0 251 0 268 139 277 0 151 0 105 0 130 0 0 248 200 148 142 226 123 0 0 254 0 0 0 258 0 147 0 0 0 0 0 0 253 148 142 0 277 170 0 173 190 213 295 0 199 162 0 157 0 265 150 149 0 98 214 0 0 0 0 0 221 0 0 0 0 0 0 181 0 266 0 0 0 209 0 0 104 0 0 299 178 0 0 0 0 0 121 0 282 0 0 0 252 0 108 0 0 190 131 0 0 0 152 190 0 155 0 133 0 0 276 0 0 0 121 0 266 0 128 0 109 0 255 0 129 0 0 0 264 0 294 269 0 0 246 0 215 0 236 200 0 0 154 268 0 0 0 284 314 0 164 0 0 0 184 258 286 170 230 0 0 0 172 0 0 150 111 0 120 0 190 0 0 274 120 114 0 0 180 249 0 181 97 198 172 0 137 0 225 133 116 170 120 240 182 0 0 0 0 0 0 193 0 0 0 0 0 0 225 219 0 114 143 0 158 0 0 0 286 161 0 0 0 300 116 0 0 0 178 203 154 0 226 0 189 243 289 193 223 0 0 191 0 0 0 0 0 120 170 284 218 0 146 0 176 263 0 284 0 102 107 97 0 114 180 0 246 95 0
0 0 253 283 0 0 126 0 0 0 149 0 0 0 0 216 0 162 0 0 108 0 241 0 254 0 0 180 262 0 0 0 240 0 0 0 0 234 256 233 200 198 166 0 262 236 0 289 249 0 0 105 279 0 0 143 0 298 179 268 0 248 0 269 0 0 0 0 190 238 203 168 0 0 0 220 181 274 0 118 0 0 287 204 272 147 138 0 0 221 255 135 204 0 144 254 176 0 0 0 169 184 0 117 0 0 0 110 0 225 288 177 0 168 164 95 0 119 0 118 139 0 0 122 0 158 102 107 255 141 0 0 0 0 106 153 144 111 217 124 252 0 264 0 250 0 210 0 0 0 0 160 0 0 0 129 185 150 0 262 289 252 171 0 159 0 0 118 194 108 0 0 0 0 232 0 0 189 0 0 238 0 127 0 131 0 163 123 207 0 138 93 283 236 0 143 269 0 251 213 0 0 277 0 183 164 267 280 0 198 159 275 281 284 0 0 211 280 0 0 0 211 0 224 0 0 0 0 0 0 0 221 0 0 194 0 0 143 0 110 0 242 0 141 0 153 0 0 248 245 244 0 0 0 226 226 188 225 138 0 0 0 0 110 124 0 0 0 214 140 0 160 0 0 276 0 291 168 0 0 118 293 0 0 0 182 0 0 237 0 291 0 0 109 0 223 0 0 121 105 132 0 0 0 103 0 0 156 282 0 0 0 0 0 187 198 0 256 135 0 0 138 151 0 0 0 0 270 0 0 295 285 173 96 0 231 0 0 0 0 0 294 200 0 120 100 0 0 0 203 115 267 0 0 0 141 0 296 168 0 0 276 135 0 161 261 104 0 300 0 141 226 229 0 279 141 274 294 285 245 0 0 287 0 150 131 0 0 250 0 0 201 280 137 245 238 0 105 136 139 0 228 0 0 209 223 0 268 268 129 165 0 122 0 290 0 0 174 0 0 0 0 318 183 0 233 103 183 0 0 0 0 235 0 254 0 0 0 208 275 0 191 159 298 177 0 247 0 196 157 0 220 0 0 0 118 260 185 0 0 251 134 0 215 0 0 0 155 148 175 177 0 102 0 162 0 0 0 115 244 0 0 0 0 0 277 0 238 0 0 0
0 125 0 0 163 0 99 258 104 0 138 195 0 0 0 0 274 182 0 199 134 226 175 278 0 292 0 228 122 138 161 164 0 0 0 0 0 163 0 0 0 141 145 0 244 228 0 0 0 195 0 306 0 0 196 166 0 0 0 0 154 165 271 117 259 112 0 0 0 252 182 0 110 180 141 285 194 154 0 0 118 273 245 260 111 186 0 183 143 150 0 0 214 124 185 0 0 0 218 256 0 231 0 0 161 0 129 0 0 0 0 0 241 137 0 0 281 0 0 0 237 141 0 0 0 0 277 289 148 0 0 152 0 0 0 163 0 182 0 0 212 103 0 0 0 0 0 181 188 102 169 0 0 0 0 152 0 0 199 0 0 133 160 0 186 262 0 0 292 210 0 0 0 0 118 0 0 262 172 0 218 0 209 140 278 294 0 0 0 157 237 0 0 0 236 232 238 0 214 0 0 204 216 141 155 0 149 221 175 0 0 119 0 274 250 0 248 0 290 0 202 0 0 0 0 233 248 237 153 0 0 257 0 0 0 126 174 0 0 0 269 117 219 0 0 252 108 142 182 246 293 244 295 174 0 135 246 0 0 297 0 0 168 0 0 0 0 291 293 0 109 169 132 0 0 0 0 266 282 0 190 0 186 0 264 0 0 142 251 0 169 0 105 199 115 129 105 98 120 165 0 132 0 0 0 0 0 0 267 0 0 303 0 0 0 256 219 0 0 188 217 224 0 161 0 0 169 0 139 214 0 0 102 0 0 218 0 0 176 0 161 0 0 256 0 233 234 213 0 0 0 0 0 0 0 0 118 295 262 274 194 108 120 0 155 125 0 0 263 0 0 116 0 0 0 246 0 214 178 243 305 108 0 0 0 160 0 0 130 160 209 218 0 217 116 0 105 207 0 0 218 0 0 0 0 0 143 0 0 0 0 0 268 151 0 0 0 0 0 0 191 0 0 243 0 130 161 272 277 0 281 226 0 0 127 0 145 0 0 0 163 282 0 281 191 159 259 263 228 0 0 0 176 0 222 267 161 156 263 121 179 0 211 281 0 0 0 0 0 218 0 0 0 103 0 211 0 0 0 0 0 188 0 0 0 0 0 241 261 0
0 0 289 0 0 121 275 0 0 0 0 281 0 267 0 190 235 0 208 0 126 0 108 0 0 0 0 0 143 0 128 0 262 0 275 0 180 0 144 132 0 0 0 0 131 0 173 0 0 0 0 0 0 117 0 0 0 130 0 0 0 274 0 0 0 0 0 0 175 0 108 154 258 216 172 124 0 109 292 237 281 197 0 0 0 247 198 245 0 282 274 0 95 212 0 210 0 183 232 170 0 0 186 212 271 173 0 178 292 203 249 0 0 0 150 0 123 263 0 0 0 224 0 0 0 239 0 0 0 96 195 0 208 266 0 294 0 200 0 0 261 129 102 119 0 0 221 0 0 133 0 132 0 206 0 113 0 0 0 0 121 0 97 0 0 180 0 0 0 210 251 274 136 169 0 210 0 281 0 285 0 171 0 0 213 147 175 0 0 0 0 0 0 0 105 0 0 162 0 271 148 0 225 0 223 0 274 161 0 0 0 199 0 200 127 0 0 0 0 0 0 105 136 0 221 0 0 243 202 0 152 0 0 0 0 0 0 0 272 274 159 0 288 0 123 0 0 202 0 163 288 254 280 237 112 0 319 221 0 0 0 0 0 0 118 239 157 0 0 190 0 213 0 202 104 273 0 0 145 0 0 0 0 0 0 256 0 258 143 236 0 199 0 117 120 0 0 0 0 0 146 293 260 194 0 224 157 182 0 136 0 271 189 147 0 0 0 0 175 0 0 225 159 0 0 0 144 0 196 0 0 0 0 0 152 0 233 109 0 0 0 0 0 97 204 0 135 0 0 0 0 263 0 0 0 0 0 0 0 290 177 0 108 0 0 0 0 0 305 291 139 0 0 162 128 0 0 206 129 288 262 0 155 294 0 0 0 177 0 0 0 123 264 159 295 0 0 199 143 0 214 0 174 0 237 0 0 252 0 136 244 180 0 0 0 196 137 169 169 168 0 0 288 231 249 0 0 269 240 0 0 0 164 295 209 0 248 216 0 156 0 0 0 0 133 0 0 0 107 0 0 0 0 0 0 95 224 110 132 289 240 0 177 108 0 0 0 232 0 0 0 244 0 151 0 255 162 252 191 0 154 168 0 137 134 106 262 0 0
0 199 0 0 232 0 243 266 154 0 0 0 0 162 240 125 113 0 203 0 0 255 0 0 221 0 0 226 204 183 256 0 127 0 0 268 0 0 113 177 249 250 0 253 267 121 168 141 200 291 0 258 213 0 277 180 228 0 220 0 0 0 0 0 283 0 0 0 0 0 0 0 177 155 0 308 174 172 295 0 0 0 129 0 168 0 193 175 267 281 0 0 0 0 209 230 0 0 269 0 198 0 0 0 257 0 0 209 122 145 0 209 182 254 220 0 145 0 0 278 0 152 0 244 325 0 149 281 248 137 247 0 187 0 150 295 278 186 105 0 241 135 200 295 0 0 0 233 137 0 0 0 0 102 0 164 279 0 276 0 0 245 0 137 220 0 0 98 0 0 0 98 0 128 0 0 319 0 0 0 123 238 239 0 0 0 139 228 0 0 105 253 212 0 147 0 0 171 186 0 0 210 0 209 219 0 0 0 277 0 152 227 0 0 0 163 146 0 175 217 112 227 200 222 259 305 0 0 301 134 173 0 0 209 0 284 191 0 192 0 0 216 277 0 256 203 0 288 266 135 131 195 136 132 225 0 107 0 118 271 0 0 312 269 0 0 229 228 0 203 248 130 0 145 289 0 0 172 288 137 0 0 0 101 0 0 267 0 270 0 0 124 140 194 0 0 253 0 0 193 137 0 265 157 201 147 0 295 0 153 0 227 299 0 251 244 0 0 238 139 275 0 259 154 0 0 273 0 0 0 94 280 160 0 307 105 290 0 233 0 0 0 0 0 255 0 0 0 0 0 222 255 169 0 216 0 0 0 0 273 184 0 155 226 0 268 167 0 128 229 115 0 0 280 243 121 0 0 0 0 0 290 0 202 295 187 211 123 109 0 225 0 0 0 267 0 300 146 284 0 300 265 176 200 259 198 212 227 0 227 251 236 0 0 0 219 286 256 0 280 159 0 238 0 110 0 0 246 0 189 196 221 152 0 0 302 211 176 0 0 111 143 194 0 0 132 0 0 236 149 223 0 0 142 0 241 0 261 0 165 126 269 0 0 0 0 0 0 280 166 0 0 173 0 0 170 0 0 270 0 0 0 98 295 0 153 0 0
0 0 113 256 243 146 157 0 167 191 127 0 0 0 236 262 0 131 0 0 245 145 0 213 165 0 0 0 138 111 0 0 159 186 226 0 0 271 203 200 0 216 248 282 0 109 0 241 284 0 226 0 0 259 0 0 0 245 0 241 293 0 0 158 0 146 306 0 0 0 0 283 223 0 288 0 0 0 0 0 0 261 0 282 0 252 0 236 0 253 0 164 168 275 0 250 0 187 0 0 0 314 241 0 140 238 184 275 98 124 0 111 171 0 103 0 279 0 270 0 0 0 164 0 0 99 0 0 193 140 224 0 0 239 0 0 147 0 244 0 0 0 0 122 220 156 275 0 262 186 0 112 0 277 0 267 0 213 0 185 164 0 236 255 184 0 0 0 171 0 145 252 0 106 274 0 0 0 261 0 0 0 0 291 175 0 251 0 0 161 163 230 257 229 210 277 0 0 0 242 274 0 313 0 160 0 0 257 100 114 0 201 0 0 0 142 235 245 0 303 0 158 269 0 104 197 253 0 0 0 136 0 200 0 0 266 176 198 246 103 203 0 0 179 273 0 121 243 0 233 0 181 257 140 0 235 231 108 108 233 260 186 204 289 0 190 0 176 230 0 0 0 113 274 176 260 148 170 0 154 0 0 0 132 268 244 246 0 0 0 0 0 245 0 0 0 0 163 0 0 235 285 125 215 0 177 222 0 0 234 177 163 110 256 153 229 302 0 177 181 0 0 0 0 204 0 228 0 226 0 0 291 0 274 249 251 0 0 134 195 0 0 246 0 0 0 206 0 268 264 189 0 0 0 266 265 0 0 0 219 252 0 0 230 0 0 0 0 0 0 0 263 0 290 0 0 0 206 0 188 273 0 0 115 0 311 289 0 0 264 0 196 176 0 0 0 0 0 0 0 0 0 0 220 130 0 281 0 0 0 0 167 0 249 290 108 232 0 0 0 266 113 0 0 0 180 0 0 142 0 261 0 213 0 0 0 0 263 0 0 128 0 0 0 181 267 0 0 0 0 0 0 0 0 189 241 187 0 267 0 163 0 165 266 149 0 0 259 0 251 179 111 0 0 252 0 168 0 119 0 0 0 276 207 158 0 0
0 190 282 0 0 165 0 0 300 0 0 267 274 136 0 218 129 0 212 191 101 0 227 127 0 0 0 0 263 198 0 233 0 0 0 0 275 0 228 111 130 0 0 111 180 0 183 305 121 183 0 0 131 0 149 0 282 0 0 241 0 0 0 233 253 235 187 0 0 228 298 223 0 0 149 0 0 0 276 280 250 0 0 0 236 0 254 0 140 0 299 0 201 0 233 170 277 0 208 0 0 131 211 223 230 177 92 0 0 306 149 0 0 151 0 192 0 214 0 280 294 119 0 0 242 0 0 0 0 124 0 0 154 0 299 284 224 0 127 0 0 174 0 0 0 0 149 0 295 139 0 140 0 254 101 0 226 0 0 254 0 162 0 0 0 239 0 269 209 0 124 0 0 233 0 0 0 189 0 0 277 0 267 0 0 210 0 199 0 286 0 0 251 235 0 0 0 0 247 189 221 172 313 0 0 0 0 238 236 188 295 154 191 0 0 294 209 0 0 147 0 242 0 292 110 255 275 0 152 189 0 255 0 0 246 0 126 140 282 227 0 0 244 285 279 125 130 0 266 0 0 0 0 0 0 0 218 0 280 196 0 0 282 214 0 130 0 137 162 143 0 206 110 269 0 105 0 0 0 0 267 0 0 234 198 157 122 0 0 0 0 120 0 253 0 154 267 194 0 307 0 0 111 279 269 0 0 0 0 269 105 256 214 99 0 113 0 0 0 0 144 0 0 0 108 131 206 192 0 0 126 0 215 149 0 0 231 215 0 118 0 182 211 0 0 0 0 0 0 121 256 116 0 169 0 150 253 274 104 268 122 264 0 183 0 0 194 221 223 0 229 290 169 0 0 277 0 0 206 214 0 0 0 0 0 0 98 0 200 0 0 0 0 0 0 220 0 136 0 0 0 133 0 0 233 0 0 0 142 110 0 169 0 0 0 129 135 0 226 243 248 120 0 0 0 211 0 0 135 0 0 0 0 0 231 0 0 268 148 0 199 149 0 0 0 120 0 0 286 0 0 0 249 256 0 0 131 241 171 119 0 0 269 219 165 113 261 174 0 304 0 0 169 0 0 262 0 0 0 208 0 0 0 0 99 0
0 199 284 0 179 0 227 0 0 0 299 172 0 0 165 0 217 250 0 106 183 260 0 0 0 0 214 0 0 0 111 180 264 245 0 0 0 248 0 250 177 0 136 0 182 0 267 133 0 163 0 0 0 0 220 159 0 0 247 286 298 0 0 259 243 0 0 179 0 248 207 93 0 0 0 0 268 0 172 0 279 0 0 151 0 0 126 0 208 105 0 288 0 0 251 0 215 0 184 0 124 0 0 0 0 0 0 0 0 219 231 268 0 0 124 0 0 295 0 271 197 0 0 0 97 271 307 0 279 0 0 0 119 231 0 176 206 0 192 0 0 159 0 0 237 281 0 281 263 162 238 260 204 227 247 159 0 254 171 0 0 224 159 0 0 201 288 221 201 301 0 254 0 0 0 0 0 136 0 0 284 0 0 214 0 0 261 193 0 226 253 247 0 0 296 184 0 265 101 165 145 0 229 125 137 0 0 0 282 210 0 215 117 164 189 0 274 296 0 0 239 0 234 0 112 210 118 172 220 278 185 0 185 0 0 240 257 300 226 283 0 237 0 230 0 0 0 0 0 0 217 160 0 0 223 235 0 0 118 285 0 154 0 0 0 0 0 0 168 121 0 0 217 0 217 126 277 0 0 0 0 181 182 0 0 159 0 0 0 155 235 140 0 0 262 227 320 0 0 155 0 246 0 0 192 225 0 0 0 247 0 0 0 198 156 253 250 0 0 264 279 185 0 0 202 108 191 0 0 132 131 142 179 0 193 0 103 197 0 111 220 103 248 0 0 0 96 0 203 115 124 0 0 0 0 274 220 0 208 175 0 112 0 0 0 0 0 0 289 0 265 152 121 296 179 0 0 0 0 291 0 0 212 0 0 0 115 0 106 278 0 0 0 0 0 0 0 0 121 0 276 0 249 178 147 0 181 186 233 247 134 283 206 222 0 0 0 255 160 226 297 0 0 0 0 0 107 223 305 0 0 169 0 138 0 217 0 135 154 154 0 0 0 149 278 284 0 294 169 285 0 0 210 199 0 161 220 238 281 0 0 0 0 0 206 0 0 210 156 0 0 0 0 0 234 0 0 133 0 276 0 173 175 0 0
0 147 0 170 0 0 0 293 0 105 0 151 189 0 256 279 0 262 0 199 272 200 187 0 0 264 0 212 0 0 0 284 0 0 265 208 278 273 0 147 117 0 130 252 91 235 288 0 0 0 167 0 0 0 207 0 0 214 0 0 238 166 216 0 193 165 300 141 219 186 140 274 267 0 226 238 157 0 0 202 287 109 0 264 267 285 145 192 250 144 0 164 0 193 0 0 270 208 0 234 0 229 0 0 0 0 140 0 0 0 0 146 0 0 0 212 0 0 114 213 163 0 234 0 0 268 244 187 257 286 301 0 218 0 234 0 286 0 200 0 0 243 106 223 226 200 144 0 220 159 0 305 246 0 0 159 140 235 119 0 259 0 0 243 140 228 301 225 0 287 0 251 220 205 0 0 0 0 0 193 291 0 0 0 0 105 177 206 192 164 152 146 0 108 235 158 131 209 234 136 0 0 0 285 216 274 0 0 0 0 294 0 292 0 228 0 0 201 170 0 0 219 114 232 242 0 237 222 106 240 0 290 244 0 0 0 176 131 0 205 212 0 99 181 177 0 0 0 0 172 107 0 0 155 144 139 269 288 138 126 201 116 0 0 0 0 0 0 98 0 0 159 0 0 0 0 0 0 155 217 0 0 165 0 0 0 0 0 247 0 199 231 0 0 0 0 118 297 0 0 0 298 0 0 0 0 0 223 171 268 226 175 238 0 0 211 0 276 228 0 0 0 0 112 0 159 0 0 0 196 165 274 0 0 0 172 186 152 132 283 0 0 205 0 172 0 0 0 0 265 280 198 215 0 101 140 0 288 124 174 223 0 0 297 241 0 253 276 0 182 150 267 224 259 175 0 241 0 235 236 0 264 184 0 0 0 158 288 299 215 158 222 0 0 0 0 0 226 203 0 272 0 187 0 201 162 292 0 203 0 0 0 0 194 302 0 163 233 0 237 238 0 151 0 0 0 0 0 0 0 0 0 0 180 106 161 218 193 261 0 0 0 0 162 269 287 0 0 0 247 197 0 0 253 126 0 304 302 0 287 0 0 0 0 217 181 283 239 0 242 0 0 279 0 205 148 0 285 0 228 109 0 298 0
0 194 0 0 0 206 0 213 219 284 125 257 0 133 0 0 0 293 272 264 174 0 228 0 260 0 124 264 0 0 185 285 269 0 251 169 0 0 286 0 0 155 0 139 280 0 181 0 224 0 0 223 164 0 0 231 0 183 186 194 0 206 0 238 0 206 0 0 179 204 0 0 0 0 217 0 0 0 0 240 0 267 0 135 0 302 0 0 0 188 0 0 149 0 0 132 0 171 273 0 0 0 0 0 195 126 0 0 147 199 309 0 0 0 222 0 159 0 0 263 0 269 160 0 0 0 0 239 280 242 0 0 0 0 195 114 0 183 0 139 0 276 174 195 0 169 257 246 127 157 261 0 0 0 0 0 0 110 0 0 0 0 159 0 0 0 272 160 0 0 252 0 0 171 171 0 187 267 0 0 144 147 0 178 0 0 0 0 0 0 0 292 0 192 0 0 291 307 0 0 0 0 0 0 196 0 244 230 0 261 151 193 0 242 0 122 0 0 288 0 0 160 255 242 0 115 286 0 0 0 0 0 0 0 131 0 0 0 0 0 0 280 278 97 192 219 0 0 0 284 0 0 0 284 205 0 229 0 124 0 0 0 133 0 216 0 0 245 0 0 130 0 123 274 103 192 0 0 0 0 239 122 154 283 0 103 0 0 202 196 144 0 281 0 266 0 0 239 0 0 186 0 0 164 298 0 0 0 0 0 0 299 200 129 151 164 217 164 0 0 0 0 0 0 0 248 300 0 0 114 224 115 280 0 272 0 0 132 0 120 249 0 223 140 0 202 296 270 133 236 219 215 154 0 0 240 258 113 0 184 0 207 0 0 111 126 149 0 0 0 186 0 0 0 0 99 0 154 0 0 266 126 255 258 0 0 0 158 0 163 122 126 197 0 0 0 163 256 0 0 0 272 0 225 179 0 170 266 0 0 224 264 164 0 0 0 0 149 162 114 0 289 186 131 0 142 0 273 0 161 0 190 0 227 157 131 0 129 0 0 0 0 0 175 0 0 123 0 0 154 228 0 0 200 0 228 212 0 0 0 0 251 187 119 289 0 295 214 0 224 0 220 278 0 0 0 0 0 173 0 0 270 0
0 185 261 277 0 182 239 0 0 183 116 130 225 173 0 136 0 0 207 0 0 307 274 0 119 245 0 0 0 159 164 0 0 139 184 149 194 147 0 186 0 0 0 0 265 260 176 0 181 265 252 0 0 250 0 188 223 245 267 0 0 0 0 0 154 165 0 197 0 248 0 0 120 0 236 240 118 0 0 153 0 0 0 0 200 0 137 265 0 100 278 0 197 0 0 0 0 232 0 0 311 108 0 0 0 0 166 0 0 186 187 277 174 197 0 127 185 0 319 0 0 195 142 0 0 0 285 253 0 235 0 0 0 0 0 208 97 0 0 0 266 0 247 114 0 0 0 317 132 123 0 0 0 0 0 199 0 200 0 213 249 0 0 197 0 106 0 219 126 108 122 0 0 0 244 164 0 0 0 116 246 298 266 0 0 209 274 156 209 121 0 247 146 124 190 0 0 189 267 0 0 308 0 131 0 0 0 299 0 0 0 0 0 0 264 0 0 0 0 0 0 245 141 0 0 0 0 0 0 0 161 199 211 226 0 263 0 253 0 0 279 272 0 166 0 0 0 183 222 273 0 101 0 230 199 0 302 0 0 0 0 0 185 0 0 151 189 0 0 0 0 0 0 0 212 195 0 293 0 0 0 0 0 0 163 0 239 292 0 0 0 280 0 0 0 0 212 0 0 188 234 0 122 206 251 185 0 0 0 0 0 0 262 211 0 0 127 187 0 235 268 197 204 203 0 135 0 304 110 122 156 0 193 173 0 0 0 292 166 256 0 0 0 0 0 154 0 226 206 0 0 112 0 238 211 140 0 0 176 268 0 0 204 130 0 0 0 183 239 222 0 0 182 0 0 218 0 0 210 136 0 0 199 149 0 135 117 0 0 255 0 173 0 0 0 158 246 0 287 0 243 0 0 0 0 0 0 0 0 0 225 0 112 187 295 0 196 0 230 0 0 0 273 0 0 0 256 269 0 0 108 0 0 0 0 147 0 192 204 0 155 0 0 0 145 0 0 0 275 0 0 0 0 104 235 0 154 254 266 0 223 0 131 162 0 232 0 0 0 239 176 0 0 0 0 250 245 143 132 0 160 0
0 293 0 0 0 0 156 0 104 0 167 0 0 0 169 179 0 186 204 251 0 178 197 0 266 0 172 0 138 0 0 278 0 0 129 0 0 0 238 303 0 0 0 0 117 0 0 0 185 206 0 105 199 0 0 167 0 155 0 0 0 239 0 244 111 0 0 0 133 147 208 211 312 0 0 119 206 0 0 269 0 149 174 292 164 172 0 275 0 270 211 197 0 0 0 215 250 189 214 233 0 0 168 0 315 0 0 0 0 0 105 264 181 161 0 201 229 109 186 294 153 176 182 175 236 111 0 0 0 137 171 123 0 0 0 254 314 0 290 0 146 0 256 0 277 268 110 0 181 294 0 0 0 203 0 238 179 0 0 293 149 0 0 0 0 135 208 0 0 0 247 202 0 236 249 0 275 307 0 142 0 0 0 0 133 0 0 267 309 134 183 0 222 102 296 0 151 0 0 0 194 111 0 0 0 0 249 257 0 0 290 0 221 232 300 157 0 117 0 197 0 252 0 0 196 253 0 116 0 0 191 204 180 259 0 132 0 125 138 202 0 0 290 0 0 0 228 0 105 243 0 163 124 174 267 0 0 0 278 262 266 0 107 0 0 210 0 309 230 113 211 0 0 0 0 0 0 211 188 0 0 0 114 289 0 181 0 104 0 201 196 0 151 195 0 271 272 0 157 299 255 0 0 144 0 112 0 180 193 159 0 0 0 187 269 310 286 0 135 210 0 0 0 0 0 219 228 0 0 0 0 0 0 220 0 216 0 102 283 216 0 0 0 0 0 175 196 0 295 0 0 0 183 0 225 231 111 113 0 269 173 0 169 168 146 0 106 0 0 0 0 0 0 274 301 0 0 112 0 181 0 260 0 0 155 0 0 242 131 0 240 196 184 280 120 0 117 0 0 0 0 0 0 293 0 190 0 200 301 196 127 0 0 0 0 261 0 0 0 153 0 0 0 0 0 0 202 173 104 0 168 0 0 268 0 290 223 0 225 0 0 0 0 0 117 0 146 0 193 153 138 286 0 0 0 0 217 200 208 0 283 242 0 0 170 0 0 260 0 0 0 0 0 147 255 0 0 0 216 0 0
0 197 0 291 203 231 208 0 0 224 0 112 0 0 0 0 144 0 0 262 290 0 0 0 116 0 0 183 0 112 301 98 0 106 0 0 0 256 0 0 0 161 0 0 0 0 268 135 161 249 223 0 131 0 248 0 0 0 112 206 137 186 0 302 274 224 200 179 221 252 188 230 139 0 0 252 0 278 161 307 151 197 158 218 187 0 0 0 0 0 249 188 0 269 305 0 0 0 0 0 271 197 0 226 0 124 139 0 119 0 0 140 0 129 163 274 0 0 213 156 266 195 0 0 0 150 0 0 268 188 134 253 0 0 0 0 0 0 0 214 176 0 116 0 0 208 185 0 0 0 245 292 0 262 210 225 0 0 0 132 0 0 146 0 0 267 0 272 0 0 162 0 260 266 130 0 0 0 0 0 240 129 234 0 0 0 288 0 293 0 265 244 217 178 0 187 0 206 138 0 0 0 215 153 0 170 175 292 0 0 0 0 176 281 233 0 0 0 0 0 0 248 299 0 0 0 106 0 0 0 0 0 0 154 0 0 0 0 177 0 0 289 131 125 0 0 152 250 0 0 158 298 0 0 0 0 0 235 0 291 164 275 145 177 182 167 106 0 0 0 215 0 0 262 273 162 236 116 257 0 0 148 0 0 199 0 0 256 0 138 0 150 146 0 0 0 273 0 0 0 119 128 240 0 214 206 0 118 231 251 0 0 309 0 190 0 148 0 0 0 0 138 105 0 222 0 0 256 173 187 184 0 178 213 0 0 0 135 233 0 0 157 185 131 178 0 0 214 0 0 209 260 0 0 104 281 176 225 0 145 109 114 242 157 160 106 0 0 0 0 189 167 221 0 0 138 106 121 258 269 0 187 0 0 0 231 179 0 281 0 0 0 0 231 0 0 214 111 0 221 0 135 101 0 223 0 0 0 0 0 0 191 113 183 0 0 189 0 153 0 0 107 249 175 162 0 0 0 139 0 251 0 147 147 108 286 184 0 178 266 0 217 0 286 152 0 125 0 168 185 0 0 110 149 286 0 0 259 139 170 0 147 299 103 0 209 136 117 0 158 0 142 0 0 126 170 0 281 162 0
0 158 246 0 0 0 103 0 0 134 164 0 0 0 164 0 0 0 279 0 0 159 0 148 0 0 0 0 248 153 0 0 0 0 0 0 0 234 150 135 211 216 171 273 145 120 0 0 197 216 0 0 0 0 0 0 283 263 236 245 215 127 0 0 0 297 270 139 0 0 174 272 0 308 286 0 142 0 0 143 127 0 270 112 183 241 153 0 139 0 0 122 0 220 0 0 0 0 0 0 183 111 0 158 198 169 0 216 0 0 111 0 0 0 238 124 148 170 0 0 0 0 0 0 0 156 263 0 0 0 0 0 109 266 0 0 191 0 0 169 137 0 244 0 0 225 204 0 114 0 0 0 0 0 0 285 135 208 156 0 0 0 0 117 293 0 0 135 240 210 293 0 0 0 260 0 0 0 188 222 267 0 139 212 0 144 165 290 155 135 178 309 0 181 266 0 181 265 0 0 112 214 126 231 0 0 210 109 191 235 303 0 0 0 0 0 235 0 0 0 279 111 0 207 144 278 124 0 278 0 0 181 228 0 0 0 169 197 0 0 231 0 0 293 0 110 282 0 281 241 256 0 113 181 0 105 0 209 198 140 0 107 173 0 202 280 0 106 142 0 148 0 0 0 162 0 196 0 0 183 0 0 246 176 0 283 152 160 0 0 0 0 155 192 0 273 0 0 184 0 141 278 0 180 183 275 291 0 0 287 0 208 0 297 134 0 0 149 188 0 216 260 192 0 0 0 0 155 273 0 289 252 111 120 195 0 0 0 271 0 0 0 0 0 104 201 0 0 186 111 0 0 0 250 0 186 0 0 251 132 219 0 176 221 135 0 0 0 231 248 132 0 0 167 296 190 245 170 0 0 0 0 104 0 0 283 0 182 174 121 128 281 0 0 202 141 0 262 143 104 0 269 211 259 0 190 263 129 271 180 246 132 105 211 0 0 282 204 0 130 0 0 292 0 0 0 0 0 0 237 0 0 0 0 281 136 192 0 133 0 0 168 0 0 207 0 132 0 0 0 0 0 230 0 180 0 283 0 0 167 108 0 0 0 0 0 0 138 0 162 0 272 0 143 107 180 138 0 0
0 0 210 132 175 0 0 0 211 0 213 0 0 0 0 0 0 186 0 0 104 0 0 295 0 0 0 0 127 0 150 100 0 118 0 0 0 0 289 130 0 263 193 0 0 0 125 145 156 0 0 0 0 291 0 0 0 285 182 117 108 263 0 161 0 0 127 0 0 0 111 0 207 114 0 0 192 121 0 217 176 112 0 0 131 220 263 261 163 0 0 0 0 102 134 0 245 174 101 206 0 106 300 117 0 0 0 0 0 198 163 0 0 0 292 0 110 0 0 0 0 171 0 117 223 297 0 190 260 236 0 0 0 0 0 0 163 267 245 94 137 187 279 0 161 145 0 0 0 0 0 142 0 0 283 0 0 287 175 144 235 0 222 0 0 148 0 0 123 240 259 0 102 0 123 173 0 0 0 0 163 0 0 0 150 256 139 0 309 126 107 236 247 264 214 0 0 0 0 0 117 203 0 0 202 192 116 0 265 194 227 0 0 263 0 252 0 0 183 137 0 0 0 0 204 190 109 141 0 287 0 0 0 254 192 130 0 117 0 121 250 152 285 0 186 132 209 254 0 0 284 0 164 0 0 0 0 0 0 0 177 0 0 0 246 0 172 215 199 251 0 0 204 205 0 275 128 0 223 0 264 149 141 0 0 231 278 243 0 0 97 0 0 117 257 0 272 268 0 0 0 115 0 205 0 0 0 103 0 0 0 185 0 0 183 0 0 254 0 0 0 0 139 186 264 0 0 200 279 0 0 157 0 196 0 0 286 0 154 0 100 277 0 0 0 266 0 0 0 0 271 184 259 0 0 0 129 125 0 0 0 168 195 0 227 0 0 297 157 0 198 192 195 0 0 0 0 281 245 0 0 0 271 0 281 0 184 169 0 0 0 0 297 204 156 0 257 0 251 0 0 268 99 158 0 0 136 272 218 0 0 0 222 256 0 189 209 124 277 0 0 168 208 0 0 0 250 136 0 0 209 0 174 184 0 107 0 0 0 239 255 301 239 277 287 247 0 148 104 105 181 0 220 0 0 0 127 0 188 0 0 0 249 0 0 184 0 194 0 173 229 0 0 0 0 119 245 0
0 159 311 201 0 0 147 0 0 158 228 249 125 0 139 102 254 278 0 136 207 263 0 164 0 0 0 0 198 140 0 293 0 163 0 0 0 122 0 0 0 185 208 122 153 0 0 0 0 128 127 0 0 0 187 0 0 0 0 146 0 132 243 0 0 0 147 0 0 0 0 0 230 0 0 0 204 0 305 0 204 0 241 177 0 242 0 0 134 167 0 277 0 0 223 222 0 0 136 182 226 0 259 0 220 123 176 0 231 154 282 0 285 0 248 0 194 0 194 199 134 230 0 0 284 260 0 0 144 0 233 234 192 0 0 198 253 228 0 0 216 182 0 0 164 0 0 0 0 241 0 163 0 107 216 301 243 293 0 0 237 0 168 238 0 0 0 174 173 178 0 0 242 157 0 0 0 0 0 0 0 126 0 264 0 241 155 0 0 0 0 260 206 0 225 188 0 194 176 0 230 0 148 203 146 0 0 0 128 0 202 0 0 0 0 217 0 283 0 165 98 0 0 0 0 269 251 229 0 0 0 0 213 0 0 253 0 157 0 200 301 156 0 235 222 0 0 0 0 156 113 209 0 0 0 0 0 0 266 0 271 153 143 0 118 0 0 0 0 226 225 0 0 212 210 0 0 275 0 0 0 0 0 0 225 173 0 207 110 98 208 0 200 190 0 0 149 101 0 0 192 252 245 0 0 238 0 117 112 218 0 211 0 282 198 103 221 215 0 242 146 0 0 0 0 0 121 0 105 280 275 0 145 290 198 167 0 173 156 0 293 0 0 0 120 309 0 0 132 283 0 224 0 0 131 142 0 0 0 0 221 0 0 0 0 0 205 0 0 135 292 198 0 0 0 0 287 123 0 161 0 0 233 126 0 160 184 0 292 154 175 0 0 280 0 99 0 0 0 0 0 0 0 0 0 0 105 115 0 0 0 125 0 176 0 0 192 133 0 0 226 0 174 168 0 162 0 0 0 0 0 0 169 0 0 0 0 239 99 227 206 177 139 0 273 198 0 0 0 0 0 162 263 0 120 195 204 0 191 0 0 156 243 0 194 0 0 0 247 0 307 105 0 101 175 207 0
0 108 0 0 0 292 0 131 0 281 0 120 0 0 0 199 212 0 0 0 0 0 0 229 0 0 0 228 0 0 0 286 0 0 180 190 0 0 0 284 0 0 168 220 219 0 110 210 0 188 0 291 271 0 288 0 303 0 280 0 267 0 228 136 287 123 0 203 0 237 270 0 0 0 239 0 107 0 169 0 0 0 0 0 134 0 0 0 259 0 0 276 189 288 0 182 158 0 0 251 0 285 206 0 0 150 0 238 247 216 0 0 0 0 235 0 160 188 104 224 0 0 230 154 0 0 0 0 0 145 0 225 263 278 233 0 184 104 0 0 207 181 176 202 0 130 177 230 176 0 108 115 172 0 0 0 198 198 147 0 150 0 106 0 0 256 240 276 171 0 279 213 0 124 0 0 0 109 0 110 0 221 118 0 0 0 0 0 123 301 307 115 0 0 287 196 222 135 0 116 227 203 212 269 0 0 0 0 0 130 121 187 111 0 0 282 0 0 113 0 0 111 296 178 257 122 0 0 0 272 144 245 0 0 166 169 114 0 0 274 0 0 0 0 124 0 0 292 0 162 0 137 157 185 226 0 276 0 0 109 0 179 0 0 0 184 0 242 0 0 0 105 0 0 202 0 273 0 196 170 0 0 0 0 210 155 0 118 0 221 197 0 151 0 257 0 135 246 0 221 209 0 290 271 262 0 0 0 0 0 119 120 0 253 307 142 0 129 0 0 130 0 0 217 0 0 94 224 0 0 203 152 248 282 0 269 141 194 181 128 231 0 0 0 215 237 0 0 124 0 189 101 0 0 0 0 0 207 190 0 0 286 0 0 269 112 233 0 0 0 0 307 0 151 183 0 155 0 311 0 231 204 271 0 181 181 280 141 0 0 0 226 0 0 282 0 0 252 286 242 102 0 0 275 224 0 160 0 145 204 163 0 0 219 180 0 183 0 0 0 196 0 251 0 0 216 0 0 196 0 0 0 223 143 107 0 0 287 0 0 185 204 145 0 189 279 122 0 141 0 0 0 284 0 233 0 268 0 0 288 0 245 0 266 0 276 0 231 0 221 0 0 0 117 0 0
0 0 107 0 0 264 225 241 199 0 0 0 0 268 0 185 0 0 0 149 239 0 194 0 0 136 0 145 0 0 262 258 0 133 210 0 0 104 263 195 0 0 0 205 184 0 275 294 0 137 160 0 0 0 0 281 0 245 0 0 118 0 0 0 236 235 299 0 0 300 0 132 131 127 122 0 0 109 111 0 0 0 0 214 255 0 136 101 0 256 0 0 266 0 0 114 296 0 138 103 165 256 0 0 0 127 0 0 284 0 0 0 225 0 0 220 218 204 0 0 0 0 0 278 0 125 225 0 0 0 0 266 112 164 153 262 180 250 0 0 0 0 0 253 0 250 0 139 0 104 0 232 296 274 170 0 248 0 122 232 255 182 261 206 109 205 0 0 0 141 132 0 291 0 265 0 0 0 172 0 184 0 0 0 0 0 0 0 277 0 289 0 0 205 0 226 278 118 281 0 221 228 0 0 0 247 229 0 114 164 277 0 199 0 149 0 114 258 0 0 0 0 201 233 165 0 166 0 0 165 0 276 0 0 0 0 0 0 0 0 0 0 0 0 206 129 184 0 197 0 0 103 144 196 208 0 0 153 260 0 233 191 270 314 283 0 253 0 105 185 162 234 282 313 0 311 212 0 0 0 138 271 136 116 255 0 0 127 246 203 0 301 270 0 175 223 0 0 302 237 0 0 0 102 0 276 186 151 0 250 0 225 142 0 272 294 0 230 0 0 136 220 217 244 264 224 0 0 207 192 0 0 280 0 231 116 0 130 269 300 0 0 256 145 0 0 243 154 0 0 166 0 0 193 0 128 0 0 0 291 113 0 0 0 0 273 112 231 0 231 230 163 127 211 225 0 0 177 125 215 0 239 308 312 0 134 259 191 145 251 0 168 0 267 0 0 0 196 101 137 187 171 0 112 133 0 207 0 0 0 120 0 102 0 0 0 123 0 0 0 96 222 0 0 0 160 0 231 0 0 0 180 0 282 168 0 0 0 272 155 279 283 0 0 0 0 0 117 0 244 130 261 272 0 133 0 283 0 216 0 0 0 182 261 0 0 0 98 0 0 298 0 191 0 0
0 0 174 106 220 237 271 0 0 128 0 0 0 0 0 255 269 0 0 0 282 0 0 0 0 0 0 0 191 0 0 0 0 98 0 112 204 0 245 0 133 136 0 0 171 171 295 0 147 0 0 0 252 0 0 0 197 243 0 0 0 0 0 250 200 0 0 288 293 0 166 119 0 0 103 267 126 268 0 0 0 0 0 215 200 137 125 116 302 0 264 0 226 0 0 0 0 0 0 275 183 0 253 0 249 0 0 0 0 0 247 263 147 0 0 0 0 0 0 197 239 0 104 0 176 0 193 0 0 197 0 0 118 240 150 111 126 0 257 0 0 0 0 0 0 0 0 101 0 0 209 0 99 0 0 204 0 0 0 0 0 0 194 0 0 279 0 0 203 233 0 140 104 256 212 251 0 0 290 0 236 0 201 291 147 119 248 0 179 0 244 150 0 0 112 110 0 182 0 125 0 160 263 164 0 202 297 183 0 256 307 202 0 0 274 148 0 0 0 0 140 188 158 0 0 0 0 0 306 0 319 0 295 102 159 236 0 188 0 0 121 208 224 0 0 122 0 319 0 0 188 301 0 130 268 0 100 0 0 0 0 0 0 206 256 249 0 0 164 187 0 180 0 225 224 0 296 251 221 0 167 260 234 0 185 141 0 0 177 207 229 0 0 101 0 0 0 0 311 189 0 0 0 233 0 0 98 0 0 175 0 215 0 248 297 0 0 0 158 264 222 123 114 249 0 0 0 0 182 303 228 0 293 171 176 0 307 0 0 0 0 0 148 100 0 118 0 149 109 0 273 0 0 0 247 227 0 152 275 278 0 265 0 235 0 0 0 263 216 267 288 108 188 0 0 0 276 0 199 298 162 0 0 0 160 0 0 0 199 239 139 293 0 0 0 0 215 0 185 0 144 0 0 189 236 125 0 257 218 104 0 0 246 284 261 206 0 124 0 0 226 0 0 286 0 288 240 290 276 0 170 164 196 196 243 285 191 0 260 0 0 0 0 0 0 0 0 160 135 107 274 0 101 0 223 0 127 123 102 265 164 195 0 0 0 101 281 148 153 246 0 129 0 0
0 182 0 0 0 0 269 251 0 0 293 206 262 172 187 126 0 108 193 0 0 0 0 0 0 0 287 0 0 0 179 0 0 0 0 0 103 206 0 0 0 0 0 0 0 127 284 243 0 119 0 0 0 0 0 157 0 0 0 115 0 233 208 175 0 0 201 256 208 0 0 0 230 117 0 195 0 195 0 0 0 158 0 0 0 265 0 144 0 0 0 0 164 247 0 0 0 194 0 0 288 120 0 0 146 209 0 261 157 131 123 0 0 0 0 175 0 0 0 288 0 198 128 0 250 190 127 0 0 208 267 0 178 0 130 292 0 0 0 312 213 201 284 0 0 0 140 271 0 267 178 150 0 0 185 226 0 154 158 0 0 217 135 279 0 0 0 129 211 138 0 0 183 0 232 0 202 0 0 0 0 0 262 169 133 0 179 115 144 246 303 124 146 191 163 0 0 0 0 120 144 0 0 0 207 250 0 125 0 154 0 202 166 0 182 221 0 0 283 0 0 0 0 0 187 0 228 120 0 277 0 243 182 0 268 0 264 0 0 0 0 170 125 139 0 185 0 295 93 277 0 0 0 165 309 176 130 228 0 156 211 293 311 0 0 227 0 0 0 0 0 0 0 224 0 0 0 0 0 0 222 265 0 0 0 0 0 0 117 259 0 150 227 0 0 0 173 111 0 175 0 0 155 112 0 249 150 111 0 111 229 0 200 0 232 0 0 0 0 210 183 0 247 0 0 253 117 277 0 115 0 282 0 114 0 0 0 157 0 0 248 146 0 313 179 0 247 179 0 110 204 280 196 0 0 280 254 158 0 151 226 0 0 0 0 267 115 198 0 0 199 125 0 210 314 144 0 241 0 280 148 217 258 215 0 0 156 275 115 126 160 185 0 0 220 159 0 0 0 0 0 206 0 0 0 0 211 0 0 296 0 0 173 0 146 145 0 278 0 293 0 148 0 0 0 113 119 0 0 0 177 0 228 0 207 277 0 187 98 290 134 171 0 187 0 133 0 0 193 0 0 0 0 0 0 0 143 128 0 237 242 135 0 0 0 0 0 0 115 211 291 180 0
0 0 0 131 237 130 104 126 293 0 192 0 113 176 116 122 125 204 0 209 0 0 188 0 0 0 255 130 196 0 286 133 0 0 125 0 0 178 0 0 0 157 255 136 236 290 0 0 191 277 119 221 290 161 191 261 0 226 0 0 163 0 237 0 0 0 0 0 0 0 162 303 0 0 216 0 0 0 0 299 111 229 250 203 127 203 0 0 0 206 181 168 0 0 286 148 208 261 0 134 0 0 304 236 0 158 0 0 0 272 141 0 99 0 0 0 173 0 289 0 0 0 301 0 281 140 0 0 269 0 175 262 0 256 0 139 0 155 0 0 0 291 223 0 0 0 0 127 279 145 281 176 0 0 280 118 197 138 237 0 0 0 0 0 191 0 0 166 183 0 0 141 176 137 115 0 0 216 0 241 273 138 268 210 294 0 0 290 0 0 310 194 0 0 0 175 134 163 112 125 129 114 283 109 300 218 151 316 271 0 0 0 277 135 0 296 156 193 241 226 0 233 206 0 267 0 0 0 0 0 180 0 206 0 230 0 196 99 230 176 297 0 134 206 0 0 260 230 160 133 187 305 0 198 222 0 227 0 0 0 273 125 0 160 164 270 0 204 216 211 0 140 235 213 298 0 0 0 0 286 0 0 0 149 203 210 109 157 261 143 0 164 0 0 183 299 0 0 0 0 0 0 110 280 0 140 193 0 252 148 0 0 0 194 0 0 131 214 116 241 119 0 0 0 0 0 0 0 111 0 157 0 285 0 0 126 0 0 0 156 0 0 200 245 167 0 0 191 0 229 283 0 0 253 162 0 217 0 200 109 238 141 0 0 0 0 234 130 245 291 255 0 0 272 202 191 299 0 220 238 245 0 0 229 0 0 0 0 0 182 245 0 0 247 0 139 207 294 0 0 168 108 109 0 0 131 109 0 150 132 272 180 0 0 0 199 171 257 242 198 0 0 106 156 192 144 0 0 139 181 291 104 0 106 189 0 0 181 0 0 0 0 0 0 229 174 0 0 166 107 105 0 177 0 0 0 0 292 138 0 129 299 0 0 156 0 0 167 0 281 187 0
0 0 219 0 241 0 278 0 0 224 164 281 134 0 0 243 0 244 0 0 0 0 0 143 0 0 245 117 244 236 0 0 240 261 0 203 0 0 0 174 0 152 0 0 264 115 188 0 121 0 0 0 0 106 233 276 0 0 295 0 220 0 0 0 0 0 0 151 0 0 278 0 0 0 0 227 132 0 0 267 154 191 0 0 0 257 186 0 172 0 154 0 0 0 275 0 0 0 0 0 280 0 0 169 270 0 0 0 0 174 0 0 0 116 0 161 0 136 0 279 185 0 133 0 0 200 0 169 193 0 188 0 98 0 0 129 100 290 0 296 0 175 0 275 214 161 167 173 0 236 206 0 0 111 0 150 285 160 0 166 0 0 272 0 0 159 0 0 128 111 225 112 0 169 113 147 251 139 119 0 0 0 0 0 304 157 0 0 0 0 132 0 0 0 285 0 204 136 0 194 0 0 165 0 0 0 0 222 0 234 246 97 121 128 0 0 125 277 0 0 183 289 0 178 272 0 0 130 216 257 0 207 145 259 0 126 0 200 263 0 202 0 151 0 154 0 0 0 203 0 0 113 0 177 123 178 0 138 140 238 0 0 0 0 298 0 0 190 307 0 0 222 282 0 0 130 101 0 130 0 0 0 0 0 230 266 0 0 295 274 0 214 0 205 0 278 0 147 293 105 251 241 276 231 0 279 114 0 291 101 227 303 0 187 237 0 160 0 279 132 102 258 263 121 227 0 143 237 131 293 0 253 0 0 0 0 0 135 0 0 0 0 0 274 0 250 0 0 0 130 241 132 202 104 154 0 273 270 156 228 0 165 0 0 192 102 0 136 189 132 256 135 0 298 0 0 0 0 255 0 111 0 0 98 0 223 0 0 0 0 0 245 113 263 0 0 0 120 0 0 0 0 0 287 0 223 285 0 299 114 0 0 0 185 253 273 0 300 0 263 207 266 0 202 185 294 0 0 0 0 197 0 225 0 0 217 183 0 0 286 0 0 205 270 284 233 229 0 0 247 0 276 0 206 151 136 0 168 0 0 174 0 0 155 258 0 228 0 196 190 0
0 230 195 0 178 225 203 0 0 0 203 230 0 0 218 0 200 0 165 136 0 145 188 269 192 0 217 160 112 0 173 0 192 0 143 0 237 0 0 228 304 228 311 0 225 259 0 0 0 0 171 0 277 205 0 0 0 0 0 221 145 0 216 0 236 198 183 0 170 0 278 284 241 232 0 274 149 0 199 0 169 211 211 0 0 199 182 0 263 0 0 286 279 0 0 0 0 0 200 114 229 193 268 156 0 0 0 140 162 0 0 238 134 0 206 246 0 0 242 112 0 0 188 0 156 0 0 286 148 229 214 0 0 242 0 118 0 0 152 0 0 197 0 0 302 0 0 0 201 0 128 0 277 233 0 193 0 0 0 200 0 128 256 0 144 167 0 220 154 0 255 214 0 0 0 132 206 142 231 238 0 159 0 0 0 0 109 234 102 0 132 0 183 0 0 226 0 0 168 221 0 0 0 0 177 0 188 0 99 269 0 0 0 186 138 216 0 0 145 0 154 0 0 0 0 193 145 0 0 164 225 0 0 322 0 0 0 0 291 0 117 260 0 0 0 236 0 150 270 155 302 0 165 236 0 0 0 0 121 0 158 195 0 0 132 138 245 0 0 0 0 140 98 109 0 0 280 0 222 0 0 137 0 0 0 0 0 0 209 258 210 199 0 123 0 205 0 0 141 129 0 0 209 265 0 0 108 159 280 123 0 0 0 216 174 0 130 0 0 0 0 0 0 118 237 224 234 0 0 191 176 0 157 0 211 0 223 0 214 221 98 0 0 241 282 0 221 0 0 285 225 208 208 253 128 0 0 0 0 0 221 128 194 186 0 136 125 221 104 178 236 0 167 277 219 124 0 255 156 141 146 0 163 0 273 0 190 0 0 136 0 119 0 0 159 0 0 0 0 0 0 319 0 0 146 202 0 276 0 138 0 244 199 137 0 0 0 163 278 122 287 237 110 122 0 237 253 97 226 98 0 180 107 216 266 146 144 241 264 216 0 0 0 234 0 122 235 234 287 0 238 0 0 141 0 0 0 163 0 0 0 179 0 224 231 112 240 109 206 0
0 149 177 222 157 184 0 193 237 0 0 0 0 183 267 0 168 232 124 116 303 0 0 0 181 249 0 222 229 269 0 0 257 177 0 0 0 0 0 254 194 0 141 185 172 199 0 0 197 188 211 0 247 0 200 183 191 0 164 226 0 272 262 100 0 0 0 0 0 249 0 0 0 0 235 0 0 234 0 0 0 158 0 196 220 0 241 280 0 0 0 267 0 142 227 243 232 0 123 0 149 109 285 0 197 0 242 0 184 0 0 112 161 189 0 0 0 215 189 267 0 244 284 287 137 0 0 0 0 123 0 202 0 166 0 0 0 0 0 190 274 146 0 124 146 259 236 211 0 0 129 126 0 0 121 218 0 0 0 205 0 0 262 190 0 114 199 0 249 0 174 0 296 0 134 0 0 111 292 182 0 120 0 0 0 253 0 0 0 214 134 210 0 185 0 295 0 116 0 176 0 281 298 0 173 104 0 196 0 0 0 0 0 213 0 263 255 210 257 0 220 163 0 0 0 94 0 272 162 141 267 176 169 0 0 0 162 0 103 0 0 144 0 0 155 106 172 0 0 0 176 119 212 129 248 202 139 246 149 0 221 218 0 0 0 0 251 0 0 0 206 0 205 0 124 0 227 163 135 282 280 164 0 173 0 278 236 159 0 0 246 278 204 0 240 106 0 0 257 142 147 0 277 0 0 198 220 0 0 149 0 0 217 187 0 0 0 116 166 0 165 0 99 122 0 256 228 0 125 0 0 280 0 0 0 202 176 234 247 226 163 0 142 286 0 266 235 0 133 181 0 117 0 244 0 0 227 0 134 271 0 267 305 130 241 0 0 0 0 0 0 247 0 0 302 218 200 0 173 125 186 0 288 282 0 0 185 309 0 0 260 229 214 0 0 219 0 163 0 244 0 0 173 286 178 133 260 209 239 245 171 255 0 0 0 193 0 0 0 141 264 177 250 280 0 181 118 201 167 0 0 165 225 0 0 221 138 100 216 165 0 124 0 214 105 132 138 0 191 201 0 111 0 206 132 0 213 0 0 150 0 0 202 217 0 0 0 0 0
0 0 0 0 0 191 0 297 160 0 113 187 0 0 0 0 0 0 234 158 251 127 113 0 271 0 0 230 0 0 182 0 0 148 0 0 0 0 178 173 0 194 0 0 0 130 0 266 0 243 0 0 0 0 193 234 0 0 177 168 150 260 171 234 0 177 0 144 168 145 0 118 198 0 142 0 271 232 123 0 244 0 0 0 0 113 0 194 0 0 0 0 227 110 0 0 122 105 0 205 240 0 0 288 0 0 144 0 0 152 0 0 0 0 0 0 147 247 268 102 291 0 201 245 0 0 0 196 275 185 169 0 0 277 160 281 198 0 0 0 0 160 0 0 0 0 0 97 214 95 0 0 0 245 0 0 163 0 260 137 0 318 0 219 0 0 209 0 196 0 174 0 204 0 134 277 244 0 242 0 278 253 0 0 0 261 224 239 172 0 232 0 0 135 0 120 0 0 296 203 0 153 244 0 0 133 0 238 213 0 0 266 0 228 0 0 109 0 212 0 136 261 0 0 0 0 230 0 147 157 0 178 0 0 144 0 139 0 216 99 251 141 0 0 0 0 0 0 264 0 165 0 272 0 166 182 0 0 0 0 0 115 0 0 155 0 0 270 0 0 231 286 0 222 0 281 189 214 306 157 0 113 0 0 159 0 0 0 188 0 0 128 0 237 254 0 0 0 158 173 205 254 0 0 250 0 237 0 143 159 0 0 184 0 284 210 159 0 130 0 0 177 237 0 213 190 127 182 121 110 0 0 148 261 294 0 0 0 208 277 0 212 134 125 0 0 313 0 0 0 219 227 0 0 0 0 0 0 0 0 135 213 180 172 126 106 0 239 249 0 0 128 0 206 293 238 0 203 0 189 0 115 0 299 192 0 0 0 0 111 0 192 191 0 239 242 0 113 155 289 152 0 292 0 0 0 0 245 0 235 271 278 239 209 0 167 235 256 0 190 0 216 146 242 0 159 210 0 118 161 213 250 0 128 203 0 194 161 0 0 0 0 279 0 0 0 272 148 0 0 287 0 126 103 142 0 0 0 0 0 122 0 241 0 156 0 193 0
0 0 164 0 0 0 273 0 142 238 179 203 102 215 212 285 262 0 130 203 228 0 0 0 0 0 292 0 0 0 0 254 157 0 0 155 0 198 154 132 0 0 109 108 0 229 0 132 0 0 137 224 0 0 0 0 171 0 213 223 243 0 0 0 0 0 210 0 206 0 0 0 103 0 0 312 124 0 0 0 0 0 0 0 102 270 0 0 0 0 123 215 0 0 0 233 0 0 213 186 168 311 0 172 0 0 0 137 157 113 0 0 0 0 150 115 285 199 0 0 0 240 196 0 179 269 158 119 206 0 185 196 0 0 0 0 0 228 0 130 162 223 0 0 0 267 0 221 0 0 284 0 188 0 0 228 0 294 279 0 0 0 0 219 243 170 105 0 104 0 150 224 270 0 0 0 186 222 155 274 0 117 0 147 0 303 0 0 191 130 0 170 0 0 0 124 132 0 207 0 289 223 0 0 0 219 108 0 0 172 0 147 233 0 0 265 0 0 157 304 0 97 0 280 246 250 0 176 0 0 189 0 0 0 132 110 0 0 0 0 0 0 0 0 293 142 0 165 0 241 0 195 0 0 0 0 109 276 0 253 282 229 0 0 138 0 0 147 0 0 0 256 0 0 0 0 0 202 302 201 0 160 221 176 0 0 0 199 115 142 0 293 0 105 100 0 100 275 0 0 0 0 0 311 154 0 0 166 0 178 292 0 0 0 235 0 0 224 228 141 0 0 153 0 0 0 136 157 241 0 150 230 172 0 180 0 248 195 178 0 96 197 0 274 205 197 107 255 219 163 0 192 187 0 181 0 182 279 206 205 100 0 278 198 0 159 0 0 0 263 0 0 214 0 144 0 145 224 0 0 0 232 0 0 225 0 0 133 268 0 214 269 0 265 0 0 0 144 0 150 146 251 283 264 0 102 133 281 153 0 0 0 257 240 0 0 0 177 0 209 106 151 268 312 207 0 255 0 151 111 206 0 302 129 0 121 102 128 0 0 0 0 0 208 0 0 0 0 265 120 0 211 0 0 172 0 109 139 0 107 160 244 281 0 0 0 0
0 229 243 0 205 132 173 0 0 271 147 183 0 240 112 181 98 146 269 0 0 0 295 277 0 0 0 145 0 168 216 287 0 0 0 255 0 297 0 0 196 0 213 0 0 213 291 246 148 273 0 285 261 98 234 0 244 106 226 233 0 131 0 216 201 0 295 0 0 197 243 113 0 273 263 205 0 0 0 0 0 0 0 247 106 0 161 0 120 0 0 123 211 0 0 0 295 0 166 0 0 135 0 0 185 187 0 285 152 113 134 0 118 289 246 139 297 0 229 0 0 0 259 263 0 0 253 202 252 0 0 0 154 166 118 0 181 0 0 0 0 177 0 0 182 0 0 255 199 0 213 112 0 0 0 211 169 128 0 268 302 138 164 0 0 153 158 0 99 0 0 0 209 167 150 0 0 108 208 0 0 168 304 160 0 0 202 185 229 208 0 204 0 0 247 165 0 251 278 165 0 112 221 234 0 276 0 0 0 238 231 0 244 0 0 0 0 0 242 208 243 0 171 0 0 212 211 0 0 128 282 0 196 185 215 258 221 135 0 0 0 0 265 0 0 0 0 0 0 131 170 143 145 148 0 0 0 0 0 166 0 249 0 243 0 0 95 200 121 168 158 0 0 0 157 0 0 0 211 99 304 257 290 242 0 0 0 184 0 0 102 0 216 149 261 222 160 0 0 0 0 0 0 0 122 0 0 301 0 0 223 0 0 121 0 300 0 168 266 233 273 248 0 0 175 0 0 0 227 0 170 281 0 0 213 210 236 194 0 243 265 236 187 242 0 0 196 249 281 265 0 0 200 221 136 0 0 0 169 0 265 0 165 263 0 0 119 204 0 114 0 0 0 171 265 0 0 0 0 0 0 294 254 0 237 140 174 0 0 0 0 249 0 0 251 0 0 0 264 265 0 103 0 0 212 161 258 0 296 296 0 0 0 0 263 0 0 0 111 0 235 285 134 0 237 0 202 0 252 119 301 0 0 237 131 260 273 277 0 241 179 0 179 0 0 0 289 218 160 0 142 0 109 0 0 0 0 0 0 0 0 140 221 0 0 0
0 0 0 207 0 183 241 165 0 0 0 0 0 186 0 133 131 0 262 118 0 0 0 229 0 301 0 254 0 0 0 236 0 0 0 0 242 0 0 243 179 0 214 0 0 142 183 140 202 0 274 0 295 321 0 0 270 0 169 0 0 0 0 243 130 98 0 0 0 0 195 0 0 0 0 0 0 0 0 194 0 0 0 0 0 0 267 211 0 298 190 292 293 0 244 0 109 0 0 291 129 288 0 99 0 0 162 236 0 269 268 0 0 0 190 0 0 0 273 128 139 0 0 157 0 0 0 293 0 0 0 0 0 0 210 117 169 252 0 0 0 0 208 0 0 261 0 0 287 0 231 105 154 0 0 0 194 141 0 280 0 225 294 269 196 147 304 254 0 0 0 156 0 0 186 0 185 202 268 204 0 217 116 0 0 0 202 246 0 137 0 0 0 231 198 163 0 0 208 139 261 144 0 0 228 0 181 309 108 0 119 0 0 0 0 0 0 190 0 124 231 196 0 0 108 186 0 154 105 0 0 279 0 284 237 109 208 239 191 0 201 0 241 157 0 0 0 0 0 0 0 0 177 0 254 0 228 0 200 0 0 0 0 273 258 0 0 0 169 278 0 250 100 0 0 284 119 0 179 0 0 0 0 0 0 134 197 0 0 164 235 211 0 210 119 0 269 304 0 0 259 177 266 311 197 218 0 0 123 0 200 0 0 0 0 0 238 0 300 276 0 0 252 144 0 290 221 0 167 0 168 113 0 0 284 0 0 227 257 0 122 0 126 0 0 200 0 0 0 0 278 261 0 0 145 227 0 250 262 0 0 0 0 0 239 0 166 123 0 215 189 0 0 152 0 182 0 0 0 0 0 164 0 0 0 0 157 149 189 144 139 177 0 0 240 240 187 200 0 0 0 137 0 0 189 258 259 0 0 286 254 132 195 275 154 0 0 211 160 0 0 120 0 147 0 0 0 0 0 0 125 0 132 0 229 0 190 115 157 0 284 202 149 204 220 114 273 0 123 270 238 284 0 115 175 184 141 263 0 120 0 0 157 0 0
0 137 0 269 0 175 0 0 217 126 266 112 0 0 0 0 235 215 180 0 0 150 193 118 0 219 0 304 114 140 174 0 148 158 268 0 116 174 0 0 211 0 0 142 191 0 185 275 0 238 0 0 0 0 0 0 0 0 301 250 297 235 0 206 0 218 262 0 0 152 202 149 117 269 182 0 0 143 265 211 0 313 97 240 212 272 0 247 0 0 0 127 0 242 255 0 0 159 0 0 0 242 283 267 0 188 207 0 144 0 160 243 0 0 0 297 0 248 0 180 0 105 0 111 0 0 119 0 98 0 0 229 285 0 138 0 0 0 0 0 0 0 275 0 0 159 0 0 0 115 193 177 0 0 0 0 279 108 264 0 202 0 0 111 0 0 280 0 180 129 0 0 0 303 130 0 0 0 145 0 162 126 277 141 0 0 0 0 0 0 109 163 187 131 0 0 0 0 211 0 0 274 0 155 0 0 129 228 110 0 134 0 275 0 200 0 241 0 171 253 196 0 0 250 0 0 0 0 0 208 296 0 216 106 0 190 193 0 0 0 0 229 114 240 0 162 204 257 0 0 0 0 265 0 250 230 157 139 0 0 0 0 200 0 150 0 0 97 175 107 0 251 284 0 0 0 0 0 161 257 160 0 235 0 0 0 131 0 0 111 0 139 233 161 169 148 0 181 0 0 273 0 244 283 268 251 0 0 0 0 0 136 124 0 0 133 167 152 242 0 0 134 245 195 0 152 0 0 0 0 0 260 281 146 0 278 122 259 215 0 0 110 113 272 0 0 0 158 106 0 298 132 0 0 266 0 108 0 0 290 0 163 0 0 172 0 193 293 0 256 0 212 289 0 0 191 121 0 135 0 0 150 195 108 230 194 248 0 0 0 0 276 311 229 239 0 289 0 180 0 0 246 280 0 108 190 209 0 0 167 293 0 154 0 319 241 261 0 0 0 0 116 197 0 274 0 268 0 281 162 219 119 228 0 0 189 210 140 143 175 163 0 0 0 189 0 265 219 0 136 231 0 217 0 0 0 144 202 0 273 227 136 241 0
0 310 242 239 0 0 0 174 0 136 197 0 190 258 177 0 162 218 0 0 96 0 0 0 268 172 123 162 115 205 187 0 117 0 214 0 0 130 0 277 0 0 300 0 165 0 243 117 105 218 0 0 0 254 0 0 123 132 271 0 0 238 0 0 0 0 273 0 0 113 156 0 293 0 235 131 284 132 0 0 232 0 134 0 0 110 206 0 0 0 192 316 169 0 222 0 255 0 285 250 201 134 288 0 0 0 0 0 0 296 123 0 292 113 165 198 244 0 108 280 201 214 0 0 0 162 0 0 0 115 0 147 179 0 178 253 0 101 0 0 267 250 0 138 232 210 0 138 0 0 111 0 0 101 0 153 0 0 247 0 0 103 0 183 0 0 0 0 272 201 183 245 213 0 0 251 205 281 144 0 0 0 0 0 105 0 0 206 245 160 211 114 0 136 153 278 117 210 0 0 0 179 0 118 105 203 0 0 100 0 0 0 174 0 0 171 151 303 0 0 252 122 182 242 114 177 164 0 211 0 259 319 182 0 171 311 0 258 294 227 0 0 0 133 0 293 255 97 0 0 0 157 0 0 258 128 115 0 0 0 0 187 149 224 269 292 162 282 0 0 149 0 0 0 161 129 212 0 133 0 270 181 0 0 0 0 281 269 274 0 302 200 0 0 182 234 243 126 138 218 0 113 0 0 280 147 147 0 0 243 0 253 0 281 0 0 0 0 287 0 130 218 105 0 0 0 0 254 99 214 223 168 0 0 0 0 0 150 275 0 194 273 0 0 0 0 262 176 139 168 209 0 0 277 211 158 0 0 276 167 256 246 176 0 158 154 244 0 0 189 213 0 113 0 125 0 146 126 185 0 154 0 0 0 0 0 156 0 0 0 0 0 177 235 0 97 0 198 0 0 268 178 0 281 262 0 0 112 0 0 0 129 0 0 137 0 124 0 0 117 127 0 227 189 0 133 0 0 0 142 0 291 162 0 194 0 0 0 0 0 122 148 210 133 0 0 167 260 0 0 122 0 215 104 187 0 0 0 0 273 0 136 0
0 253 0 162 0 0 255 227 260 0 0 239 264 126 267 0 0 0 251 112 0 0 157 215 0 154 233 235 0 0 0 116 0 0 203 269 145 0 258 201 0 0 112 0 296 0 176 203 135 148 0 0 0 0 155 103 0 215 261 271 234 0 178 0 0 126 0 227 0 287 0 0 112 161 148 256 268 191 218 242 0 141 283 265 138 0 265 218 0 248 0 257 133 0 262 119 0 0 0 0 0 213 0 0 302 273 134 0 109 0 116 0 105 0 0 0 176 0 220 0 179 0 267 120 0 304 229 103 230 140 306 178 0 222 145 0 0 0 0 0 0 0 242 227 0 0 266 297 0 236 0 0 117 246 0 0 0 0 244 0 198 0 0 251 228 0 0 0 140 0 107 259 0 0 254 252 0 170 0 0 0 235 0 0 0 249 0 279 273 220 245 0 0 0 278 210 0 0 109 0 205 172 262 101 0 159 285 284 0 116 222 0 0 171 0 0 232 0 0 130 0 113 0 271 0 232 257 0 182 0 0 0 195 0 0 111 0 226 209 0 0 234 0 108 0 0 108 0 200 188 132 0 201 269 0 236 221 0 0 0 0 0 0 285 131 0 0 316 0 0 0 0 167 0 157 0 0 0 0 0 269 0 0 159 0 0 120 0 215 0 0 136 0 0 0 0 126 0 277 247 148 0 0 0 253 120 261 107 0 187 0 274 0 113 0 0 0 0 0 0 0 209 194 0 0 0 0 288 165 95 138 155 0 0 0 0 112 219 0 0 98 112 282 0 145 238 0 0 212 235 0 212 239 0 224 0 287 136 165 286 202 0 310 0 0 161 0 136 238 0 0 146 102 130 0 0 0 0 115 0 128 175 0 230 169 0 0 0 269 0 106 0 160 252 0 0 151 155 0 139 0 241 247 0 0 238 0 0 0 0 124 0 155 197 0 0 0 0 200 0 0 197 0 0 215 0 0 142 142 215 0 0 111 0 0 173 0 149 0 0 106 0 237 261 268 0 0 0 0 162 0 287 250 201 255 163 231 289 0 0 183 0
0 0 231 0 208 122 215 0 0 124 205 0 235 0 0 268 0 0 0 0 177 0 124 0 211 0 0 120 115 0 102 0 0 224 221 0 0 0 0 170 195 213 255 0 0 0 0 245 193 268 0 0 0 0 112 0 200 154 189 255 214 0 206 0 129 0 133 0 0 293 268 251 0 183 286 0 0 135 0 182 233 302 286 230 105 0 0 292 0 149 0 307 0 245 243 275 0 0 0 152 127 160 157 215 300 183 0 0 278 142 0 0 272 0 0 257 280 126 215 0 112 153 0 0 252 0 194 152 0 159 305 0 182 145 169 184 0 193 0 0 251 0 0 0 0 259 286 0 0 260 0 191 0 0 0 0 0 144 302 120 0 0 0 217 224 0 186 242 0 284 220 193 0 0 136 0 295 171 237 0 0 128 0 0 0 0 0 0 158 128 239 241 242 224 0 0 0 248 0 0 226 0 189 0 0 292 262 0 0 174 0 276 208 0 137 0 225 175 0 0 0 0 0 0 0 245 260 129 266 203 103 180 0 0 0 0 256 0 105 157 249 279 169 109 0 0 144 260 169 0 0 0 118 147 0 181 257 0 93 0 132 104 167 0 0 0 0 276 234 0 0 0 0 0 0 318 124 0 112 0 277 0 0 116 0 0 150 0 0 149 0 142 0 169 159 115 214 270 0 114 0 155 184 0 229 208 170 268 0 246 192 0 176 135 0 120 0 0 0 0 0 0 0 169 0 185 240 0 0 0 0 0 186 0 0 0 0 193 259 225 0 234 277 0 0 0 0 0 0 202 273 0 0 238 157 0 178 0 186 134 110 207 229 0 0 141 245 0 0 0 197 0 0 0 282 182 304 227 0 164 0 0 0 300 0 0 288 237 0 0 157 212 0 198 0 232 0 0 0 282 306 236 299 0 152 283 243 0 0 118 0 235 0 0 205 305 0 0 269 209 212 124 135 0 0 0 0 178 133 0 0 0 0 110 0 136 180 0 0 225 200 0 116 177 0 0 0 293 275 294 0 203 111 0 0 271 189 0 0 0 0
0 225 0 0 101 168 137 0 0 0 251 0 0 198 158 0 0 0 221 227 283 314 188 0 114 0 176 140 243 0 266 0 0 203 0 294 190 237 0 263 206 0 173 221 0 0 0 220 204 124 232 219 0 286 0 108 0 0 202 202 0 0 185 116 0 223 285 0 0 179 142 290 0 0 295 0 0 115 128 249 0 0 272 0 138 182 0 238 267 209 0 0 106 291 282 0 0 166 249 0 274 0 226 121 0 0 0 0 0 169 198 159 212 0 239 146 0 0 0 191 0 0 303 0 0 0 300 0 109 157 235 0 171 220 117 0 0 0 212 0 246 0 300 187 0 199 140 0 0 0 220 0 0 203 237 0 151 122 193 0 102 0 0 237 0 0 0 0 118 0 105 247 198 265 276 184 0 0 210 204 169 0 263 0 296 182 176 0 136 0 0 150 0 0 0 0 0 159 267 0 0 0 0 0 134 0 112 205 0 0 0 0 0 0 214 128 123 0 291 0 254 167 0 0 0 277 187 0 0 284 0 0 302 0 0 0 0 0 0 0 0 122 0 0 212 132 0 0 168 0 113 0 0 0 209 110 151 208 0 0 238 0 0 0 0 294 114 133 0 235 104 138 0 137 0 223 0 146 169 0 0 178 0 208 0 294 0 234 0 0 116 0 237 0 114 109 194 219 153 0 145 231 0 253 0 274 211 0 0 105 286 104 0 0 171 0 144 0 0 0 220 228 0 0 0 0 0 0 105 0 0 0 147 243 305 0 212 0 0 0 0 140 0 104 180 0 245 124 285 0 0 0 227 0 0 246 171 126 0 0 0 0 162 0 0 0 121 173 252 0 0 203 0 0 0 0 226 0 0 203 0 0 0 200 0 0 0 0 0 192 221 236 0 116 234 0 0 0 216 0 0 0 220 0 96 252 257 275 0 0 0 101 0 0 211 0 0 94 0 0 0 0 0 203 173 0 107 206 192 135 176 0 0 251 0 211 148 0 209 234 226 134 207 0 0 219 0 298 0 281 0 135 111 144 0 172 0 145 0 0
0 0 153 0 0 205 309 0 264 201 138 0 0 193 0 284 0 0 219 205 0 0 0 0 232 0 145 0 267 0 0 0 107 98 0 220 0 0 0 297 0 0 151 0 194 0 0 0 204 0 0 0 176 280 138 0 0 230 293 0 165 204 0 0 127 0 0 146 187 108 0 253 0 0 144 172 150 0 0 294 0 0 0 0 187 0 201 163 260 0 0 0 0 0 205 296 0 0 203 0 0 0 178 0 108 189 183 201 239 0 321 248 116 0 0 0 191 0 0 258 261 244 251 261 151 0 283 0 0 0 0 243 264 0 0 0 0 0 194 134 156 294 243 224 0 161 0 0 0 194 0 221 202 0 0 0 142 266 0 0 0 0 0 198 0 215 263 272 0 0 119 0 190 0 0 135 0 0 0 128 0 0 243 289 107 254 192 113 0 0 252 208 171 194 0 0 0 201 0 0 256 138 184 110 243 195 161 147 187 205 175 141 0 0 0 145 0 170 230 0 0 257 132 0 0 0 221 0 0 0 0 248 158 166 0 0 118 0 196 204 0 211 0 185 0 0 161 148 258 0 217 0 0 190 219 0 155 0 0 0 266 0 0 105 0 231 0 0 265 0 136 113 119 125 173 96 0 252 257 0 181 0 191 0 132 0 0 116 275 235 0 0 317 0 0 0 110 0 0 0 200 173 0 0 218 229 0 297 0 229 243 0 0 0 289 0 0 178 0 0 0 114 0 0 0 181 0 217 0 0 0 246 0 0 166 0 0 0 251 192 129 161 98 170 118 170 0 0 0 202 165 0 0 0 260 192 0 0 230 111 0 134 0 0 246 0 115 167 233 240 0 230 0 285 0 197 0 122 216 0 216 121 0 148 0 0 148 120 248 0 108 0 0 217 0 279 143 0 234 0 0 0 190 292 230 226 0 297 0 171 0 140 228 0 0 0 144 159 312 187 114 0 266 0 302 217 284 0 136 0 210 109 0 0 0 0 222 0 0 0 0 213 0 0 0 0 131 0 297 94 0 0 161 0 0 0 0 0 0
0 0 260 212 0 0 0 188 0 0 228 111 0 138 198 0 0 0 0 0 194 140 196 0 220 0 149 233 0 0 0 223 292 0 145 0 0 0 239 123 0 0 0 118 0 0 0 0 184 0 0 0 249 195 0 124 0 0 144 229 154 0 0 0 0 275 0 142 98 0 226 144 0 0 172 0 228 208 181 0 0 0 0 0 0 271 115 0 0 0 0 212 179 0 0 144 252 0 0 0 116 0 273 259 174 249 177 119 0 147 0 128 0 265 0 245 0 194 0 0 0 0 0 286 209 288 0 0 260 150 266 115 215 0 166 0 0 249 109 153 186 0 0 0 224 0 225 220 106 208 127 199 0 0 0 0 0 0 0 253 223 0 164 0 206 220 0 0 188 0 120 222 249 0 130 0 0 245 0 0 216 0 99 0 143 195 100 249 217 0 121 262 171 0 232 0 271 0 195 0 243 263 122 0 194 238 0 0 0 0 184 0 220 103 179 116 245 0 0 122 277 273 0 0 0 0 0 168 261 0 100 0 0 159 0 0 0 0 0 0 0 0 195 0 239 118 0 223 0 206 156 109 154 0 194 253 126 200 131 0 233 0 0 0 300 169 242 0 0 197 177 237 171 0 0 111 0 253 0 132 0 0 0 0 0 0 0 294 0 99 0 159 0 0 293 178 0 262 0 165 0 0 123 288 189 0 284 0 148 0 0 216 233 0 0 0 0 0 0 298 0 0 0 0 230 150 0 243 0 0 0 274 0 0 269 0 0 0 107 198 0 0 0 0 0 222 0 0 259 0 0 248 236 167 137 206 304 0 0 171 184 170 0 165 200 188 297 143 0 133 209 0 0 139 248 0 218 106 278 0 238 183 297 0 0 261 0 272 0 0 246 0 153 230 0 165 119 210 0 0 232 175 295 258 228 0 215 0 0 250 102 140 276 0 260 0 0 0 277 0 157 174 0 0 0 118 171 235 0 0 239 0 0 227 0 184 234 0 113 0 145 0 137 0 166 234 0 163 122 0 241 0 0 0 185 197 254 0
0 0 0 0 0 165 132 0 0 0 0 0 211 204 225 226 229 290 159 136 0 251 129 0 98 227 0 134 0 144 0 201 0 0 0 290 206 0 0 0 0 0 166 0 291 0 252 0 0 192 169 0 0 201 0 130 0 0 0 193 257 0 0 119 0 258 160 294 263 291 305 274 207 246 177 0 228 286 0 0 119 0 99 273 0 246 0 273 286 218 0 216 225 127 0 0 220 147 157 156 0 0 175 0 175 190 159 0 0 0 0 0 253 0 184 290 0 0 148 182 0 188 0 0 0 231 0 0 277 0 0 209 0 195 0 194 0 269 0 243 197 0 288 200 125 0 262 142 0 130 207 126 0 0 105 176 0 138 0 276 114 0 255 0 0 149 120 0 0 124 0 179 0 266 0 187 219 0 0 0 0 169 0 0 0 111 0 0 232 136 254 0 131 0 0 209 0 202 115 0 0 195 127 0 250 113 269 231 233 0 236 0 0 0 0 96 121 0 161 0 0 0 0 126 0 252 0 0 175 0 146 170 0 193 293 222 202 221 0 169 0 0 182 0 184 0 290 0 110 0 219 0 134 0 131 0 0 105 165 126 250 179 136 0 0 0 235 206 269 185 270 0 236 0 0 310 258 183 294 0 292 155 215 295 0 214 0 118 0 235 284 166 214 125 0 0 0 0 0 0 0 0 214 0 134 0 0 0 0 155 222 213 0 155 0 0 304 198 228 0 177 0 0 0 0 0 190 0 245 310 198 209 0 117 0 195 0 0 0 0 0 124 0 190 107 0 96 148 0 0 0 180 111 0 0 244 212 0 118 240 276 133 244 0 105 0 0 214 0 0 0 288 260 158 0 0 240 269 0 121 244 148 0 204 0 0 0 0 0 0 0 0 0 0 0 0 0 0 253 0 267 0 0 285 140 0 213 0 311 0 0 122 177 135 0 236 132 152 262 0 111 185 0 0 153 0 0 0 244 265 224 0 0 0 207 0 0 0 0 0 213 0 250 0 264 306 0 113 305 0 0 228 0 257 289 185 0
0 270 0 171 236 0 0 0 127 217 0 0 0 149 0 0 0 158 257 164 0 0 260 0 0 285 0 195 0 0 265 0 293 167 247 107 261 186 0 183 280 0 0 0 122 0 0 293 217 280 266 109 145 251 0 0 157 217 203 0 212 293 113 0 0 0 0 0 260 276 124 199 229 148 0 0 0 0 0 207 168 121 0 0 190 0 0 0 0 238 101 189 0 270 0 0 0 0 0 0 215 0 0 263 292 212 256 0 0 0 155 245 126 0 245 218 0 0 0 0 203 283 0 0 0 0 0 0 0 0 0 0 184 130 0 0 107 129 104 277 0 119 0 171 0 0 0 140 0 0 133 235 0 0 0 262 179 267 255 161 0 0 107 0 292 0 0 0 0 0 200 0 0 0 0 0 276 243 102 0 171 0 0 0 246 0 0 0 159 0 136 0 0 285 0 157 122 156 0 160 0 0 0 0 148 0 0 133 207 170 282 220 0 0 284 301 0 210 160 0 0 0 137 0 0 111 0 0 205 191 0 0 0 0 0 190 0 0 248 0 134 94 0 0 0 207 287 0 0 0 0 0 136 0 0 0 143 0 0 123 209 241 274 176 0 171 219 167 0 188 0 183 107 0 0 0 174 152 0 0 0 212 206 203 0 0 219 222 225 0 136 0 283 0 0 183 160 0 0 174 0 0 0 281 0 201 0 191 95 0 0 0 0 193 0 145 125 0 267 0 0 0 232 170 182 0 240 188 285 0 145 0 0 0 0 0 182 0 0 160 163 167 0 210 197 155 291 208 0 144 0 133 0 0 0 0 278 242 182 116 0 152 0 0 0 300 198 187 0 0 0 144 262 217 308 0 0 0 0 0 113 120 222 284 0 154 121 0 186 240 0 0 0 0 0 0 275 0 266 0 111 241 155 0 0 0 0 0 280 260 0 0 284 0 0 260 0 263 0 232 0 231 0 0 0 0 0 188 0 0 0 186 0 189 0 242 0 0 0 0 259 236 0 209 260 189 0 185 205 265 171 0 0 0 0 0
0 0 0 151 195 0 162 193 281 0 0 271 0 159 0 0 208 0 0 267 213 0 0 0 261 0 191 0 0 0 274 101 0 0 0 155 244 0 116 125 0 0 0 197 285 0 201 0 0 0 101 243 138 212 195 0 0 0 239 0 145 138 0 0 176 0 243 317 148 208 0 140 206 0 0 0 169 0 216 145 0 199 0 0 0 0 113 0 0 153 176 207 234 197 0 220 255 0 0 0 287 0 113 0 220 255 0 0 177 221 271 0 251 0 130 0 0 174 101 0 120 112 222 0 127 0 0 0 103 0 169 264 0 0 166 0 217 0 180 0 145 0 223 255 234 246 270 173 0 225 0 0 0 183 134 0 126 0 0 0 139 0 0 0 220 0 0 182 130 113 164 0 107 215 0 0 244 114 263 0 0 181 269 207 0 237 166 0 0 0 131 279 221 0 0 0 0 0 0 0 0 0 0 0 221 0 0 0 187 0 0 165 0 0 0 105 0 0 0 117 0 175 293 0 126 205 0 0 0 0 0 0 0 0 261 307 0 0 149 236 127 180 0 213 156 0 195 0 227 172 243 0 146 181 0 0 251 187 200 0 0 0 216 0 0 0 0 0 0 205 0 151 281 158 0 184 0 0 208 0 0 138 254 115 223 0 0 200 114 135 0 0 0 0 264 249 0 188 0 0 196 0 229 114 0 175 168 0 231 0 0 0 270 0 259 0 0 219 259 0 105 188 0 139 212 268 199 0 0 189 264 0 210 0 297 122 0 283 0 139 202 0 111 190 0 0 0 0 0 121 0 194 243 201 102 154 0 211 0 164 0 0 0 142 104 0 0 125 0 284 0 102 0 216 0 0 183 0 0 184 218 302 0 0 0 0 0 123 142 301 0 128 0 295 0 0 0 0 178 187 0 0 0 0 0 0 0 0 144 0 276 229 0 184 276 128 224 319 0 261 237 100 287 205 0 181 141 0 0 0 243 269 262 295 0 163 208 0 271 0 207 322 128 0 0 232 237 248 139 0 147 217 0 0 0
0 0 0 118 0 187 0 0 262 0 0 120 292 0 141 0 293 134 139 261 158 0 251 0 0 0 0 0 0 0 220 169 0 157 0 0 0 194 207 0 180 0 0 0 0 0 115 147 0 0 0 168 184 0 0 282 214 289 248 192 0 0 200 0 278 263 142 265 215 143 293 188 229 228 0 252 275 0 125 0 0 0 153 0 0 0 0 258 267 0 231 101 0 0 0 283 180 259 303 0 112 183 228 160 0 0 274 253 0 248 0 216 106 222 226 0 202 241 251 278 0 0 0 0 255 0 0 197 286 211 213 152 0 170 198 0 0 0 118 0 0 0 239 102 0 130 132 0 234 100 0 0 278 164 161 187 0 0 0 0 0 0 0 240 0 0 0 0 157 106 0 212 0 0 127 0 0 0 119 0 258 219 307 0 114 0 0 0 171 0 0 124 196 0 0 0 207 0 264 168 298 198 0 0 0 0 162 0 0 0 185 208 157 0 0 245 212 137 277 263 265 153 0 0 0 279 0 172 0 280 0 117 0 0 0 148 263 119 0 143 0 124 144 189 228 285 0 263 0 0 0 0 183 288 190 295 0 287 0 168 248 0 178 0 153 213 0 212 102 176 148 0 262 0 0 284 0 117 279 0 101 0 249 0 0 0 0 0 0 0 0 293 0 181 205 222 0 282 140 0 0 0 0 236 168 0 0 0 227 0 0 0 0 263 192 0 183 0 149 0 236 239 300 230 185 153 224 0 177 105 0 0 0 268 0 0 234 123 222 198 247 107 119 0 0 267 272 130 99 169 162 117 229 226 194 0 0 164 180 107 0 0 242 0 0 277 0 0 0 0 0 214 0 116 0 0 0 0 140 0 227 0 232 0 0 127 217 206 158 0 99 0 228 0 0 0 0 215 179 0 221 164 0 150 231 259 0 281 0 284 0 0 170 0 228 192 0 233 125 219 0 0 184 268 106 0 254 251 175 0 0 0 126 160 130 183 0 0 0 128 131 227 154 220 265 231 135 0 151 135 0 0 0 0
0 250 0 144 0 144 188 128 197 222 228 0 0 195 0 0 134 115 0 0 0 180 183 236 0 0 178 0 0 204 144 0 151 0 146 246 198 160 154 224 123 0 0 163 0 0 128 0 0 136 0 176 181 0 0 188 0 107 0 0 0 162 103 0 0 183 0 123 0 168 0 127 256 0 0 0 0 149 106 291 0 113 0 127 219 0 0 242 0 246 197 171 0 0 0 318 0 256 0 197 0 0 0 135 237 0 0 0 0 205 234 0 156 0 280 0 128 129 0 0 164 0 0 0 0 0 0 0 158 215 149 198 0 0 146 133 0 120 0 212 109 230 0 98 153 219 182 0 0 108 0 0 0 213 165 0 206 206 150 249 0 196 0 110 0 0 0 249 194 0 212 177 293 0 0 232 255 227 194 196 270 0 0 0 252 0 178 0 0 192 0 132 0 220 168 283 211 136 247 98 0 0 137 0 236 220 0 116 111 0 0 0 0 123 138 0 0 0 0 0 120 0 0 0 0 0 0 0 0 280 0 203 0 183 239 0 0 0 108 0 0 195 0 250 0 220 125 117 248 0 0 0 279 0 121 0 0 0 104 0 0 0 147 129 0 0 178 0 0 262 0 275 323 0 0 0 0 0 0 0 0 187 290 136 258 0 196 221 0 278 303 165 117 126 0 163 199 0 185 160 179 275 243 0 256 155 0 0 298 174 155 258 0 0 221 0 0 0 0 0 0 0 0 249 0 279 0 0 153 184 0 0 218 237 228 308 0 153 0 0 122 229 0 0 0 0 0 0 208 279 0 0 0 0 0 270 223 143 0 120 0 0 258 0 0 171 135 271 0 0 0 115 105 0 0 273 0 296 0 282 117 0 268 0 140 163 216 158 0 101 0 0 197 134 0 0 0 108 0 176 0 138 0 236 0 0 244 0 151 164 266 277 0 133 0 286 0 204 0 0 118 0 118 277 0 0 236 0 0 0 0 133 192 258 0 126 199 0 292 270 268 136 286 240 0 206 0 171 140 131 194 0 0
0 237 220 0 0 221 0 253 0 0 144 200 0 0 0 0 0 121 0 104 209 0 164 0 118 0 0 0 0 176 219 144 199 145 0 0 0 0 0 0 103 0 0 0 0 0 171 223 0 212 0 0 0 0 140 233 0 284 157 0 285 301 248 229 124 116 0 195 316 0 0 193 0 0 294 219 270 0 255 208 0 0 0 218 0 222 0 106 0 0 0 0 0 289 150 166 0 0 297 0 0 118 0 108 300 148 0 0 249 252 97 223 0 0 0 0 0 146 0 0 284 284 206 0 0 0 199 0 0 0 0 0 0 268 0 0 184 0 265 0 0 214 0 173 0 0 0 0 248 0 0 0 0 161 196 270 0 152 0 287 0 205 0 0 223 250 0 146 95 230 246 0 0 0 0 0 172 0 173 0 171 186 0 0 0 233 0 0 239 202 107 0 0 132 159 223 0 0 246 255 0 0 0 168 275 0 0 0 233 0 0 248 126 129 251 155 0 221 211 163 0 0 255 256 0 233 202 0 0 0 164 263 0 0 139 272 157 0 161 94 235 114 250 0 0 208 0 0 0 284 162 254 0 0 216 0 101 0 202 143 147 252 219 185 0 218 153 224 149 279 150 175 177 242 0 0 105 144 0 0 213 0 294 0 112 242 182 104 0 266 110 0 0 0 270 263 0 0 267 0 0 0 136 272 311 0 0 0 0 237 0 0 101 0 264 266 125 0 0 0 177 0 220 235 0 201 0 216 0 250 195 188 0 0 0 0 260 0 222 104 0 272 0 0 140 0 0 222 0 130 280 274 0 218 0 0 291 214 289 186 257 121 253 0 0 0 199 236 0 278 121 117 230 197 283 196 0 0 226 0 0 0 124 0 0 0 172 0 0 130 129 147 0 133 157 0 0 156 0 0 273 0 218 0 0 0 143 0 0 113 178 202 0 111 117 0 285 0 0 0 112 0 203 120 105 0 0 192 0 0 0 255 137 252 149 0 0 252 0 136 251 207 172 0 0 229 124 0 154 202 0 0
0 0 137 110 0 0 0 225 0 0 0 247 208 0 0 0 0 0 0 0 141 0 215 266 270 0 219 0 0 0 0 154 115 0 0 283 0 0 132 0 213 0 278 0 0 257 0 0 133 141 0 0 0 258 238 232 157 201 0 0 202 0 0 0 0 0 278 286 0 104 0 249 262 0 104 192 0 0 0 0 0 151 0 0 183 0 297 144 135 0 274 0 244 0 0 0 0 227 0 0 284 135 0 0 0 117 145 145 106 176 229 0 249 0 0 194 113 194 0 287 0 268 302 241 0 0 308 0 183 0 0 198 0 0 173 0 228 0 196 0 0 268 149 290 300 0 206 0 0 0 121 0 248 0 0 0 136 139 189 0 0 0 276 0 0 0 205 144 120 102 0 255 295 0 0 146 0 162 0 159 146 228 191 0 114 231 286 175 116 0 0 232 163 0 147 0 278 164 174 269 213 217 224 0 288 240 176 0 226 0 227 0 168 122 0 0 119 0 109 110 169 136 0 0 0 151 0 0 0 267 185 210 113 0 0 290 308 290 299 231 173 0 0 0 276 219 0 200 0 0 0 0 0 164 0 0 204 0 0 278 0 0 0 113 0 125 171 0 133 191 286 0 0 172 0 0 0 0 147 0 324 111 250 151 0 235 0 0 218 178 0 154 0 0 0 0 241 286 105 0 0 132 0 274 0 0 193 132 0 160 147 176 296 94 0 0 109 0 0 0 281 268 116 112 109 0 176 0 110 0 0 276 0 191 263 0 0 0 232 0 193 143 0 0 182 146 0 0 179 0 220 235 102 210 119 236 0 0 260 0 272 305 0 269 159 0 0 0 0 0 183 0 0 99 0 249 0 0 0 0 0 162 0 284 173 0 260 107 168 119 0 215 289 105 215 0 145 0 0 101 0 0 0 0 281 0 140 95 0 0 0 205 0 113 220 0 265 175 248 0 265 0 0 126 284 142 0 240 195 0 188 0 0 0 0 224 0 0 0 261 153 0 270 116 0 0 0 116 234 0 0
0 0 230 0 0 0 0 279 0 0 146 0 257 0 0 0 0 130 0 107 0 263 115 258 0 300 168 0 268 172 0 0 0 212 0 231 0 203 0 0 0 0 125 0 0 0 147 280 0 0 0 0 270 233 272 0 116 0 0 152 0 100 106 0 0 245 0 0 249 0 187 226 0 146 232 0 0 208 271 0 276 281 0 0 217 214 233 0 274 0 0 0 0 210 0 0 0 208 165 0 144 0 0 0 218 0 290 303 0 0 0 0 0 0 225 0 0 0 0 0 144 145 260 218 134 0 128 276 300 0 0 0 0 0 0 0 0 0 257 226 0 0 246 0 213 0 233 0 149 0 136 0 0 0 0 292 0 244 145 0 0 177 277 0 180 171 176 185 136 227 0 0 190 0 0 0 249 235 147 174 0 164 205 167 143 0 0 0 285 0 245 0 141 0 197 198 106 0 267 194 0 195 274 0 241 288 0 213 0 254 0 225 0 0 0 168 287 242 0 204 301 0 210 132 102 0 0 0 0 155 164 270 143 244 0 0 176 0 0 139 0 0 274 137 285 0 0 0 0 171 0 196 0 0 0 268 0 288 0 0 0 0 0 215 0 0 247 0 219 222 291 297 111 280 0 0 0 231 180 0 252 182 0 173 202 296 0 266 161 0 267 180 0 0 183 0 130 0 0 0 0 0 265 0 0 0 0 0 0 238 0 0 250 238 0 0 229 251 99 0 215 0 262 221 0 234 0 0 0 0 0 0 0 0 0 0 257 168 0 0 140 0 0 210 174 0 276 0 0 124 291 184 0 0 0 197 0 0 0 245 0 0 0 0 279 0 0 0 236 193 241 0 0 227 0 255 0 0 0 192 0 0 261 159 229 0 172 149 282 0 281 0 130 158 233 189 130 214 0 166 204 0 188 260 0 0 274 0 167 186 0 215 0 231 124 163 0 193 170 0 0 150 0 0 185 0 163 187 0 177 0 243 268 133 159 0 231 0 285 270 0 0 258 196 0 225 112 0 186 0
0 0 231 0 268 0 149 129 148 167 0 243 0 0 0 0 0 116 214 0 0 248 0 250 217 126 0 165 222 0 0 0 0 0 223 159 177 157 0 0 0 289 0 313 247 151 0 0 0 126 0 0 0 289 0 0 102 0 0 0 262 0 245 154 142 0 0 0 0 0 169 0 0 166 297 236 154 0 113 0 239 0 0 0 104 208 175 103 0 0 221 212 0 0 0 0 148 212 264 155 0 120 234 0 304 0 225 0 0 262 260 0 285 0 137 230 0 0 0 0 0 118 0 0 0 0 212 0 0 0 240 251 287 0 0 0 225 102 294 0 151 0 0 0 131 125 292 0 0 0 0 0 150 112 308 0 0 0 0 0 121 0 133 0 0 0 0 0 0 0 135 0 0 0 0 0 0 0 0 0 0 289 0 214 0 216 0 109 0 232 172 164 0 0 252 302 109 0 0 0 0 111 302 0 104 0 0 0 127 266 168 130 0 0 0 0 0 0 0 0 256 0 105 0 0 0 236 0 130 0 0 180 0 0 174 267 102 0 237 0 280 0 284 190 0 0 265 0 205 0 0 173 0 262 0 284 163 0 142 0 194 205 242 176 0 310 120 191 0 0 0 0 136 0 130 0 0 0 0 103 0 262 109 267 0 0 0 0 191 0 271 195 0 0 251 0 0 0 138 202 202 0 130 127 0 0 0 94 0 0 0 0 0 135 263 0 252 117 143 122 0 212 129 0 0 0 228 0 0 113 0 135 0 233 0 289 0 138 254 269 146 0 0 229 0 0 0 268 104 0 0 194 0 0 211 125 184 0 173 0 0 0 143 0 0 0 0 119 0 0 0 246 170 0 129 125 0 0 107 0 183 124 277 226 0 153 0 205 163 222 0 0 254 272 229 0 103 276 0 0 244 0 117 157 0 0 151 188 0 0 0 135 0 206 266 178 0 0 250 237 0 0 0 170 0 204 284 0 284 222 120 269 190 241 0 212 0 0 110 0 304 132 0 0 160 0 234 206 0
0 0 197 0 176 0 0 0 127 0 283 0 147 0 0 0 0 0 0 0 0 0 171 220 114 211 244 0 0 0 102 250 121 0 250 155 113 267 0 230 0 0 0 0 290 232 0 0 0 0 164 233 103 0 0 0 0 272 0 111 152 284 270 104 0 0 0 0 97 0 0 277 0 0 0 0 100 173 0 0 0 0 228 0 100 214 115 0 0 118 0 0 189 202 183 212 0 0 0 0 0 0 0 0 0 215 0 260 0 0 0 0 0 0 0 138 0 0 144 225 0 0 0 283 201 266 0 0 292 0 150 233 0 0 113 150 0 0 220 0 0 172 293 0 0 0 109 206 0 0 0 231 0 276 0 227 0 276 0 0 122 0 0 205 146 0 290 128 131 0 0 0 0 265 249 0 0 240 209 0 0 154 0 0 0 0 0 0 240 0 0 0 113 0 0 0 199 198 0 0 135 133 0 0 100 0 247 0 188 0 0 0 156 178 0 0 0 214 0 0 121 249 179 295 0 223 231 262 0 0 202 263 0 0 0 245 0 0 0 188 135 261 0 132 117 0 0 296 0 170 0 120 0 103 213 0 252 0 0 0 145 0 0 0 137 0 211 0 313 0 316 175 0 127 0 0 0 143 0 252 287 0 0 118 129 0 0 166 293 278 103 113 180 103 155 107 176 108 0 0 0 235 0 237 0 0 114 0 191 0 0 0 205 0 0 0 168 0 119 0 196 0 0 316 0 0 0 0 0 191 123 208 0 0 0 156 0 0 242 169 244 0 240 0 274 0 202 0 0 165 277 138 136 0 0 165 0 0 0 260 0 0 0 0 0 223 0 0 0 0 0 140 100 262 0 0 222 0 99 0 230 300 0 0 238 0 190 0 122 305 0 0 236 299 0 0 196 0 138 0 153 0 134 217 0 0 201 0 0 0 0 140 200 140 106 157 0 0 0 0 0 218 0 170 0 182 0 0 194 98 0 0 0 259 0 0 269 0 253 250 0 157 275 277 0 253 241 0
0 0 0 0 0 160 0 132 0 0 295 0 0 0 194 0 197 0 292 0 229 0 151 0 194 0 104 0 160 249 0 0 225 0 114 120 0 156 0 0 0 0 0 198 250 226 132 0 242 0 235 0 180 110 181 299 0 0 0 175 0 0 0 0 203 295 283 0 216 0 0 142 0 162 0 294 0 0 0 276 271 267 228 0 129 0 128 195 240 0 0 168 0 111 201 0 0 0 0 117 0 94 269 131 147 0 318 0 0 0 0 104 304 0 216 229 0 271 0 0 109 163 237 0 159 0 149 0 0 246 0 0 0 114 125 113 0 0 300 236 0 123 275 0 174 0 0 214 0 116 0 161 0 255 0 241 208 0 130 259 0 155 0 146 0 0 0 0 0 219 0 179 118 186 167 0 0 0 145 0 0 0 0 112 168 0 0 156 0 0 280 270 232 0 0 130 131 0 0 0 215 0 117 0 206 278 145 212 226 129 164 0 0 185 262 143 0 0 0 0 0 262 297 182 0 129 304 286 0 0 0 260 192 0 138 200 0 0 271 212 0 0 0 109 0 0 154 155 242 0 0 0 0 282 274 0 263 0 277 212 140 0 0 0 0 258 263 207 169 152 192 129 0 187 0 0 138 148 0 0 282 0 0 188 0 0 297 0 0 0 277 0 272 0 0 185 276 0 200 0 105 0 286 0 249 211 0 0 153 163 205 215 240 0 0 0 0 291 0 260 107 173 0 0 0 0 225 125 105 191 140 0 280 0 0 133 0 260 102 0 169 166 186 0 0 175 144 109 0 178 114 254 144 98 0 0 0 135 159 140 0 231 0 286 0 119 0 0 0 261 192 0 0 162 195 0 136 227 0 0 205 0 0 282 196 157 265 0 0 236 293 0 251 0 160 0 100 174 285 0 0 0 239 0 278 0 278 0 197 128 0 212 0 131 0 247 0 245 0 260 0 141 159 0 252 230 152 167 101 120 231 0 222 0 0 170 0 207 0 196 175 278 154 0 0 0 0
0 268 0 285 0 0 0 196 127 0 0 102 188 0 0 0 0 0 0 263 283 240 178 0 263 275 225 145 182 0 131 0 261 212 141 0 183 0 0 167 0 0 251 217 0 0 125 0 0 267 267 0 219 0 0 0 0 209 0 216 282 231 103 0 189 232 148 0 117 0 222 135 171 0 0 185 114 107 156 274 0 299 152 258 253 227 0 257 297 194 131 0 155 267 159 264 0 176 182 0 115 109 0 0 0 286 181 0 0 185 0 0 215 0 0 161 203 132 273 249 0 0 0 0 0 0 0 0 0 179 245 0 217 0 111 0 126 0 194 0 151 0 136 0 0 187 219 0 0 0 0 0 226 0 0 229 0 141 0 237 0 0 220 163 239 0 0 0 136 298 181 244 103 292 236 117 187 253 0 163 0 260 0 246 0 0 0 163 0 232 143 310 127 0 161 0 0 0 111 290 0 225 0 0 130 202 0 0 268 0 0 0 0 0 222 184 0 0 0 0 241 240 279 241 0 0 248 166 0 0 0 0 243 117 271 103 0 0 274 296 249 0 193 0 0 0 0 251 0 122 0 0 104 0 171 274 0 0 0 0 108 189 0 181 0 108 262 0 272 202 0 0 0 181 0 271 0 288 149 110 119 282 0 245 0 0 177 0 269 0 0 135 301 0 0 0 224 180 0 0 0 158 145 0 0 185 0 0 186 240 0 0 0 0 281 0 0 0 0 100 0 113 0 0 0 0 0 102 213 0 0 0 255 0 0 296 0 0 0 201 130 235 238 165 179 0 0 196 0 0 286 261 289 168 0 0 0 183 226 285 0 136 156 277 152 261 154 0 0 273 175 189 0 0 260 147 230 179 185 0 258 114 0 246 227 223 199 182 0 0 0 217 0 0 0 158 191 0 179 0 0 0 103 238 279 0 204 246 0 0 281 154 0 0 173 0 227 246 0 0 154 276 121 0 0 0 0 138 198 0 256 120 154 0 0 216 0 253 291 145 186 0 0 267 266 0
0 0 310 146 0 213 0 0 0 206 0 137 255 0 149 0 199 226 0 134 0 135 0 264 261 0 138 256 0 183 205 0 0 210 228 0 322 0 0 0 0 286 0 0 0 0 277 0 284 217 284 166 247 0 224 125 209 0 242 0 220 0 0 225 0 233 105 138 221 0 0 0 288 0 294 0 275 295 0 135 283 0 0 0 0 0 215 0 133 240 102 0 0 117 294 0 0 305 204 0 277 259 125 0 0 179 195 0 103 202 197 0 311 245 0 0 298 118 139 271 100 0 151 264 0 113 144 133 186 0 176 291 257 233 0 0 246 129 169 98 108 110 0 0 207 0 131 247 129 0 207 120 0 0 244 0 0 0 153 278 0 209 182 0 0 195 0 0 0 217 0 111 292 0 0 0 158 0 209 130 0 256 309 168 0 145 144 0 288 0 229 244 0 0 0 205 0 0 0 0 113 0 0 252 0 0 0 215 249 245 126 0 0 0 0 241 209 0 0 0 211 220 0 215 0 239 133 0 193 0 228 0 0 0 0 0 195 166 210 111 0 0 188 163 0 259 268 0 228 0 141 185 183 0 239 234 208 0 298 0 221 104 0 162 0 304 0 231 0 239 136 0 0 131 127 0 0 107 200 0 0 218 97 0 183 114 0 0 0 0 0 261 0 0 263 120 0 0 0 0 116 0 276 133 0 98 0 193 0 220 172 0 0 285 175 100 111 148 129 209 133 225 0 0 0 233 0 252 0 117 0 0 143 0 0 286 268 0 0 0 0 0 0 187 0 177 0 0 285 0 106 0 0 219 159 0 0 242 0 243 0 173 0 216 0 197 0 165 105 231 0 140 220 0 182 210 0 0 0 213 0 175 271 0 0 236 280 202 143 227 221 0 222 174 0 158 0 0 215 138 0 279 237 142 0 0 0 0 0 0 0 221 0 111 186 268 231 295 0 0 0 0 0 0 0 0 0 0 0 163 259 157 186 0 0 236 0 0 0 0 108 0 153 183 0
0 128 191 270 0 322 241 132 0 0 230 0 0 0 161 313 268 0 0 0 167 283 175 298 220 0 0 0 165 0 146 276 0 145 288 0 0 0 0 117 0 0 162 107 163 0 132 216 212 0 235 0 272 135 0 257 265 199 0 0 319 237 276 251 139 0 207 0 0 0 0 123 0 158 0 0 0 0 0 0 212 227 0 251 114 0 0 237 0 171 0 219 183 111 0 0 0 0 0 0 137 257 0 0 0 0 256 0 0 0 0 0 302 229 0 0 0 0 221 0 0 0 218 0 210 184 0 0 123 0 0 128 214 0 287 0 225 160 0 0 164 0 0 172 146 0 0 0 0 211 264 136 142 294 0 0 177 0 0 0 0 0 266 0 168 143 264 0 0 128 0 115 212 109 0 0 0 0 161 0 0 0 154 0 152 215 0 250 0 0 222 0 170 0 240 288 180 260 97 99 254 220 159 156 0 0 0 189 154 0 152 0 195 0 260 147 180 0 225 301 207 134 220 226 201 0 0 118 167 0 111 309 153 217 0 0 0 0 248 131 0 0 0 0 0 0 222 256 0 250 0 0 122 150 209 0 157 0 0 0 164 0 0 0 214 166 0 131 0 305 234 0 175 0 287 147 211 175 0 105 252 0 238 276 0 0 263 0 107 172 269 131 0 127 131 0 0 0 273 266 102 0 244 0 0 0 0 250 215 199 117 0 0 280 0 160 157 146 148 309 0 238 0 303 161 263 121 0 0 0 220 0 0 248 0 98 0 294 105 282 250 155 0 260 155 0 110 0 282 0 205 0 124 300 174 0 0 0 0 206 214 280 0 290 0 229 0 0 0 0 0 153 0 0 143 201 286 0 0 0 317 0 230 234 163 197 0 0 0 269 0 258 227 0 216 280 0 317 0 0 0 0 0 190 0 0 0 244 0 0 212 152 140 0 271 0 147 225 301 171 0 0 0 124 102 0 284 0 148 0 186 0 0 0 0 214 181 0 0 101 0 0 0 0
0 205 0 0 146 123 314 257 198 0 259 199 0 136 229 210 0 176 0 256 0 192 171 148 300 0 174 135 118 284 295 0 216 321 206 0 303 247 0 102 139 0 0 0 253 235 0 163 103 0 0 0 0 154 251 201 133 136 0 286 282 249 0 244 158 261 159 202 0 110 0 0 240 127 0 219 0 164 0 0 0 0 169 152 0 0 202 208 0 0 0 0 0 0 132 171 0 0 301 0 213 0 0 0 0 278 0 0 220 0 0 0 107 0 0 266 0 193 0 113 0 101 0 0 0 0 209 228 0 199 242 0 173 0 124 0 0 182 0 0 0 263 268 207 238 235 0 0 252 175 0 255 0 126 0 0 214 0 0 0 0 0 0 170 0 0 0 216 204 298 193 202 0 0 104 0 0 250 0 280 215 291 0 0 228 0 0 194 0 203 134 0 247 234 0 0 0 200 0 0 0 181 0 126 114 203 288 116 0 0 237 0 0 0 156 0 0 116 305 201 0 0 188 106 219 282 0 226 144 149 271 0 239 159 245 0 0 0 0 172 138 0 169 0 0 0 179 234 196 133 0 168 260 0 262 0 0 0 205 136 276 0 0 114 287 0 215 272 178 118 0 0 178 274 0 0 0 307 165 193 0 0 0 110 145 0 0 299 0 0 207 0 0 250 205 292 304 199 269 0 0 0 172 0 0 187 297 127 0 0 0 134 265 0 0 221 0 0 265 0 272 0 0 0 0 0 116 265 179 199 202 0 0 0 200 146 115 0 282 0 216 184 0 0 0 0 242 0 168 124 265 135 283 177 0 0 0 223 121 201 196 158 245 0 113 0 241 218 282 179 0 0 0 300 0 251 0 298 0 283 0 260 0 170 0 227 0 0 0 104 249 0 0 0 0 0 210 191 0 108 0 0 0 0 218 265 102 0 0 229 222 0 0 180 0 0 215 252 218 249 0 215 0 140 0 104 228 237 181 0 131 203 0 0 0 152 0 0 243 258 215 132 0
0 275 172 0 0 0 231 0 137 0 297 0 180 213 0 229 137 0 206 244 0 0 0 0 286 0 0 0 208 260 0 134 171 0 296 0 0 0 0 172 0 0 226 0 0 107 115 259 100 286 0 0 0 0 0 120 158 0 227 0 0 0 0 195 185 0 0 182 221 285 0 0 0 0 208 159 230 196 190 286 246 0 173 274 0 269 241 172 188 103 146 197 0 0 171 0 289 0 0 0 180 243 0 0 0 119 0 138 0 212 223 0 0 0 0 202 0 0 0 242 0 194 0 256 234 290 297 0 114 117 0 225 0 0 0 134 0 151 0 0 0 0 134 126 191 230 0 0 0 0 261 152 205 155 187 147 254 0 0 0 165 194 126 0 0 0 97 147 0 140 0 120 0 280 263 265 0 0 0 0 0 227 124 209 158 0 0 0 246 223 176 122 237 110 228 0 210 0 221 0 215 184 0 126 210 315 191 0 0 0 0 243 0 0 0 274 0 248 163 187 173 209 0 222 0 153 183 227 0 96 0 191 239 169 0 111 0 143 0 212 221 168 0 109 218 0 152 0 210 242 0 0 247 0 0 157 0 290 0 0 0 283 201 0 0 0 147 0 0 241 0 0 97 245 119 0 0 0 288 0 148 0 187 0 219 0 0 185 0 222 0 0 0 0 109 0 0 234 0 129 277 0 124 271 162 159 0 127 165 116 303 0 271 0 0 306 0 274 128 0 0 0 212 0 0 0 0 0 0 0 103 0 162 259 178 0 0 0 166 236 0 271 0 0 292 0 0 233 0 0 0 0 0 0 206 265 136 137 221 160 233 279 0 0 101 0 0 185 0 0 312 131 0 244 270 114 0 160 162 0 0 139 0 0 129 288 0 0 0 248 193 0 156 0 134 294 0 116 186 237 184 181 222 266 169 0 0 305 225 0 293 139 0 177 0 0 0 157 0 0 109 0 240 194 134 0 0 0 0 0 182 0 0 0 0 177 0 134 231 174 160 0
0 0 0 286 0 0 0 0 233 0 0 281 0 0 0 214 0 0 0 0 196 0 222 158 251 0 164 186 0 295 0 0 0 135 244 199 276 0 0 0 137 274 131 171 191 181 0 0 0 0 0 217 184 185 0 0 149 281 126 0 0 225 185 0 0 0 127 0 0 0 289 0 0 271 0 0 0 0 0 0 0 0 293 0 0 0 179 268 0 204 0 0 0 244 0 0 166 132 0 0 192 0 0 269 112 278 0 274 0 0 260 0 0 261 165 0 256 129 216 269 108 0 124 257 176 0 172 0 0 0 226 0 155 0 0 278 0 0 245 246 118 0 0 160 0 263 158 0 228 0 152 0 238 221 0 0 175 0 172 172 0 160 146 0 0 221 0 205 237 0 170 0 187 266 106 0 0 0 167 0 228 214 0 256 0 0 250 283 140 0 187 226 290 156 0 0 0 0 249 0 0 0 0 0 123 0 0 111 210 133 0 241 0 242 0 0 177 228 208 178 100 0 197 0 162 0 0 0 238 158 246 0 161 0 215 0 215 0 202 161 0 253 174 108 213 267 236 180 169 0 222 0 0 0 164 177 195 314 270 0 0 239 227 0 0 0 0 124 163 113 0 199 166 157 131 0 235 203 300 0 0 150 0 157 227 0 0 0 0 0 0 0 109 0 0 0 0 304 0 104 0 210 134 0 133 0 101 190 0 0 0 0 122 228 0 0 0 221 0 0 143 0 0 0 0 256 233 0 0 0 0 0 116 128 185 0 0 0 0 209 0 157 0 0 250 0 0 0 139 0 0 0 101 0 0 0 0 171 0 162 0 251 97 145 177 270 128 146 0 0 0 0 0 231 0 0 0 142 0 155 0 0 0 0 0 0 114 158 148 0 0 0 0 0 0 0 195 0 197 0 210 0 209 129 248 0 250 179 274 121 0 0 118 171 101 0 0 0 306 0 113 0 0 244 0 0 143 0 0 119 245 150 0 0 293 0 0 138 0 0 0
0 0 0 206 0 193 281 0 135 0 266 209 247 0 254 278 0 113 166 0 227 186 206 0 0 155 165 0 249 161 180 0 0 0 270 0 0 0 288 0 285 244 0 0 0 0 0 0 0 0 126 0 109 0 0 108 0 262 0 0 0 0 118 0 0 0 246 214 179 0 204 174 0 252 227 0 0 210 259 0 0 0 0 252 0 0 190 214 0 260 0 215 0 250 0 0 0 238 201 277 0 171 135 175 254 0 251 212 0 158 308 0 0 0 275 0 100 0 0 0 0 0 0 225 0 268 0 0 0 272 192 0 0 0 320 0 0 291 101 0 0 279 289 0 0 0 0 293 291 0 0 171 0 0 0 0 0 0 0 0 0 157 143 0 0 0 0 0 303 0 307 0 201 0 0 0 0 246 0 0 0 0 0 161 0 178 250 250 0 0 289 289 299 182 0 271 240 106 147 0 0 0 161 0 147 266 0 116 210 0 0 163 130 252 176 0 227 137 231 0 0 0 0 0 197 0 132 139 268 0 283 265 223 103 0 0 248 116 0 0 211 0 118 0 0 0 0 0 0 286 202 267 0 175 0 145 169 0 183 152 0 238 0 201 0 0 274 121 204 0 106 199 300 159 0 299 0 0 0 0 0 284 139 289 0 124 208 0 264 0 0 0 0 0 0 0 0 0 206 0 0 272 0 0 0 0 0 0 0 0 0 0 278 174 0 239 0 0 0 0 206 267 147 0 0 0 253 282 0 0 308 140 215 0 146 147 0 0 167 139 0 148 137 198 280 293 240 232 0 0 0 269 0 0 179 0 246 0 0 145 0 279 276 0 254 160 140 0 155 0 289 0 0 0 0 0 285 287 210 0 128 0 0 0 174 0 0 0 208 115 0 263 225 0 254 226 156 190 99 0 99 255 192 0 0 199 204 280 0 0 0 0 281 0 162 167 0 210 194 0 239 0 0 0 172 122 0 133 243 0 0 0 137 0 0 162 0 0 120 0
0 206 0 0 240 0 0 0 158 285 0 0 253 280 0 0 0 0 0 120 175 0 176 188 179 297 0 0 275 0 107 0 0 249 184 128 257 127 0 199 262 0 159 158 0 222 0 0 262 175 229 113 187 0 0 293 191 247 200 0 271 0 0 207 127 0 0 0 0 137 209 0 0 146 182 0 0 125 0 0 0 0 159 205 0 0 0 142 104 0 281 116 207 159 199 0 0 0 0 0 0 0 0 0 0 0 0 0 0 0 0 0 0 0 144 0 267 234 0 294 111 103 0 167 0 0 156 205 0 194 260 0 239 0 0 0 220 0 0 0 0 0 0 184 240 0 0 0 105 148 184 0 256 0 115 268 123 238 0 206 192 118 0 0 294 273 226 103 0 275 0 0 282 0 164 254 0 0 256 259 283 226 0 0 0 0 0 141 0 0 198 0 214 0 182 0 192 0 0 251 0 284 241 121 158 0 293 0 171 208 268 0 126 275 0 274 261 0 0 0 163 0 0 0 0 0 238 0 275 0 0 0 171 0 0 135 0 180 0 0 153 122 269 108 173 0 138 0 0 0 113 173 0 0 257 0 0 0 269 147 0 0 255 278 0 0 0 110 191 0 285 178 293 182 0 0 0 217 205 181 150 0 0 178 266 115 0 0 148 208 293 137 0 127 0 140 160 0 0 245 0 0 218 0 0 241 190 121 0 0 0 0 254 226 0 114 0 0 319 125 0 0 105 0 0 0 118 0 0 0 0 0 0 0 0 0 250 178 0 198 295 0 0 0 214 0 0 104 0 0 0 0 182 0 276 0 0 268 154 0 240 0 0 0 0 0 148 102 187 0 217 267 286 0 146 318 235 0 0 0 0 0 0 142 134 0 174 0 0 158 104 0 124 0 0 178 0 0 0 267 133 0 0 0 250 0 136 261 0 124 173 0 0 0 0 0 268 0 226 211 206 0 141 193 120 0 0 107 283 271 224 253 0 0 223 268 199 0 0
0 220 0 247 0 125 0 108 176 0 225 0 256 114 0 295 0 0 0 165 0 166 284 0 103 151 0 0 224 291 0 215 0 243 109 163 0 125 173 109 258 172 151 204 0 275 173 282 177 280 0 134 0 0 0 171 215 125 0 0 233 135 0 0 106 101 227 0 0 0 0 0 152 0 227 0 119 0 227 0 293 0 210 0 0 0 195 189 0 0 244 194 256 305 232 227 99 262 197 0 0 0 0 132 0 0 123 244 273 0 134 285 0 189 0 0 0 242 0 302 0 0 0 155 0 110 260 157 0 283 268 205 185 273 256 282 0 0 189 245 161 236 0 105 0 254 0 153 212 0 0 172 0 0 125 0 0 0 0 218 0 0 0 262 0 292 235 0 239 258 0 0 139 0 253 0 0 0 233 0 111 253 0 249 119 0 0 0 0 217 189 0 128 0 0 0 0 269 0 270 0 0 205 0 0 286 0 0 253 138 0 231 167 313 0 0 144 243 0 0 180 0 131 0 222 0 150 0 0 0 0 287 0 0 0 107 0 102 220 135 0 103 107 0 0 262 134 0 215 0 123 258 269 127 223 194 0 0 0 0 250 123 0 0 191 269 273 0 0 0 196 0 0 0 0 0 277 233 263 0 157 122 249 229 0 0 0 254 222 120 0 132 0 0 246 179 0 0 156 119 0 0 111 112 298 268 0 178 0 0 0 0 228 274 179 264 0 0 214 223 0 0 269 0 287 156 0 0 0 186 206 116 0 0 0 206 0 303 0 251 245 0 213 184 0 0 242 156 120 0 0 237 0 0 155 0 0 0 166 240 0 207 0 0 223 279 0 135 130 0 0 0 205 0 282 284 0 210 290 268 0 0 0 247 0 0 0 205 166 0 249 0 0 162 196 177 0 247 263 0 264 0 0 0 131 259 117 0 0 163 0 0 0 0 123 0 0 0 277 0 0 0 270 150 135 185 0 207 0 250 0 265 244 127 114 142 0 0
0 211 0 108 0 247 122 0 170 0 0 0 171 0 0 144 98 0 277 304 0 162 289 0 0 0 182 175 0 0 0 0 0 0 224 136 0 302 114 185 0 0 102 0 0 0 0 101 0 242 253 0 0 0 203 228 253 0 0 0 0 0 253 209 0 0 0 199 202 0 127 0 0 0 130 123 0 303 0 245 198 0 0 142 0 0 109 0 162 147 0 0 0 0 274 0 0 0 195 0 246 0 211 0 0 0 0 0 0 229 127 0 0 0 116 0 0 0 208 0 160 0 0 207 0 164 0 281 261 0 221 181 220 196 153 0 126 283 169 138 156 110 0 0 0 205 124 158 0 261 296 0 0 287 146 0 0 0 0 258 212 0 0 164 0 0 0 147 0 0 190 0 195 206 0 0 112 0 0 232 138 0 190 99 0 0 0 0 0 0 213 0 0 272 0 0 259 105 0 0 0 0 129 111 176 189 0 0 217 277 0 0 0 180 0 229 267 193 0 0 0 0 318 0 0 0 0 0 227 0 0 159 0 0 246 160 150 0 268 0 190 149 155 263 267 0 0 242 207 0 0 0 0 267 322 0 0 139 205 0 223 0 0 190 186 0 0 0 0 0 0 0 261 114 266 0 0 0 0 148 201 138 0 0 250 0 0 0 204 143 0 124 100 0 0 254 235 0 0 112 236 247 0 203 0 155 0 0 0 0 0 293 0 0 0 191 0 195 264 286 257 0 0 247 0 0 158 124 0 106 235 0 286 0 0 261 0 0 278 224 0 128 272 0 0 205 0 243 178 0 0 0 0 203 0 129 0 0 0 198 163 0 290 150 0 0 126 0 300 0 140 113 0 0 0 253 268 268 0 272 0 205 0 0 0 164 228 0 0 265 0 0 206 183 193 0 135 231 0 0 162 0 106 0 0 128 0 0 0 272 140 109 0 102 0 0 0 0 0 0 263 0 252 0 0 0 204 211 291 0 0 0 0 215 0 257 0
0 0 0 0 237 276 0 0 0 0 170 248 182 275 154 161 0 137 0 0 126 0 0 173 221 203 0 143 0 0 0 198 189 0 0 0 105 0 0 132 0 187 0 123 106 319 115 124 0 156 0 127 170 0 0 0 0 258 0 136 226 117 121 270 209 280 161 100 285 0 0 0 225 0 257 252 136 0 0 249 0 0 0 0 0 0 0 0 0 0 97 0 228 195 208 0 0 0 190 0 0 161 186 149 0 0 0 171 109 0 280 0 0 135 296 215 155 224 0 293 249 201 226 0 0 0 132 186 252 0 0 220 0 136 0 182 300 270 0 124 202 0 159 0 166 0 257 245 0 0 135 293 0 0 0 0 240 195 0 0 0 154 0 196 0 188 0 223 0 0 223 235 128 202 264 260 138 0 0 128 142 238 291 220 0 150 0 165 0 266 303 0 0 271 104 0 0 265 125 0 0 0 264 290 204 0 110 247 234 287 187 218 0 209 246 0 0 120 0 0 0 0 122 204 0 175 0 0 0 0 165 0 0 0 0 270 120 0 0 0 188 241 0 0 0 0 0 0 0 0 273 0 197 155 118 0 164 0 151 192 239 240 100 0 272 282 190 0 194 0 0 236 122 0 0 0 163 232 279 256 226 110 0 128 275 0 0 0 315 140 0 0 0 0 0 276 215 0 256 231 0 268 260 250 0 192 0 94 180 196 307 0 0 187 118 285 197 127 0 0 113 231 185 0 285 271 0 0 258 0 267 268 0 181 259 0 0 239 0 219 0 0 0 197 153 0 133 203 251 150 166 246 0 233 0 204 182 180 0 181 217 0 153 0 0 112 105 145 0 0 185 131 0 0 139 237 0 300 0 0 276 201 0 0 161 125 266 139 0 0 221 0 258 0 0 127 178 189 0 0 0 0 289 220 284 129 0 227 225 135 214 0 0 194 251 169 155 0 146 231 0 0 244 0 217 0 226 149 0 168 208 252 0 126 181 0
0 224 218 111 0 0 158 0 0 0 192 0 0 162 270 286 0 186 188 273 0 215 0 0 0 279 307 0 222 0 0 163 96 0 110 0 0 214 175 0 0 112 0 131 186 120 115 0 156 194 259 0 0 195 0 0 279 167 0 151 263 0 187 0 0 119 183 0 0 0 145 152 114 148 0 0 152 0 0 0 0 0 0 0 114 0 157 262 0 0 142 0 0 101 250 0 0 226 290 172 0 0 196 186 0 0 199 0 240 0 0 155 213 0 0 0 113 0 0 304 0 0 168 0 278 0 0 150 0 143 0 258 232 0 0 0 215 156 305 219 0 184 134 147 224 0 0 0 0 0 245 231 258 134 192 0 241 232 246 0 0 0 0 198 0 196 228 111 111 0 0 269 0 213 0 0 0 175 0 139 0 0 210 0 203 225 0 0 176 0 0 0 0 147 0 295 0 0 0 0 178 163 0 0 123 0 0 164 224 0 155 209 138 0 194 285 275 0 0 132 135 0 0 131 181 0 114 150 0 0 0 199 0 0 260 184 232 0 0 203 0 113 122 253 0 131 0 216 242 0 0 295 217 319 304 143 238 0 270 296 121 0 0 275 0 125 0 112 0 163 127 0 236 0 0 0 160 0 0 175 167 0 259 0 229 99 243 269 190 256 256 126 0 0 197 0 0 204 209 275 127 124 0 0 273 146 135 246 147 287 135 0 0 204 0 0 251 148 0 0 0 177 273 136 0 151 181 111 0 0 0 0 0 237 183 183 0 0 0 0 0 112 230 0 222 283 0 182 0 0 221 0 214 244 209 0 0 217 0 0 114 192 0 0 135 198 0 0 176 0 0 232 0 0 166 151 306 0 0 0 0 286 235 0 0 157 0 114 120 210 125 0 207 0 268 211 0 0 235 151 194 107 0 151 142 0 0 0 165 166 125 0 122 0 0 115 231 0 0 120 107 207 256 0 0 0 183 301 0 0 0 213 214 0 0
0 0 0 0 0 212 0 239 243 0 248 0 149 0 0 0 0 249 220 260 0 0 0 0 101 280 218 0 0 218 0 268 245 0 0 0 194 125 0 0 0 0 261 282 0 0 152 102 141 138 309 103 146 0 153 154 0 230 229 248 295 174 0 163 159 148 0 230 221 222 0 0 139 263 0 0 0 198 0 273 0 0 279 108 296 313 265 271 0 229 0 0 171 186 0 208 292 230 0 0 102 0 0 233 240 126 246 164 0 0 123 111 0 0 278 0 0 0 0 0 217 210 278 117 244 290 0 0 149 0 286 281 98 98 0 121 0 139 171 0 0 177 0 0 271 278 186 242 179 211 0 215 166 0 253 224 0 0 0 286 0 0 0 0 0 142 146 0 132 280 0 219 0 0 0 0 0 0 0 0 0 282 277 259 280 0 0 0 0 0 0 0 0 207 0 189 0 151 0 0 227 0 0 0 0 182 0 0 190 214 293 0 0 161 218 291 158 216 120 0 224 274 140 302 0 269 214 0 0 0 0 252 0 0 193 236 0 174 0 0 129 0 125 0 0 267 147 0 0 166 0 0 0 178 106 0 292 0 0 282 105 0 0 0 0 0 0 239 113 0 196 114 135 0 293 202 0 169 0 260 0 238 239 193 248 304 230 0 118 234 111 0 170 240 251 163 267 0 119 241 0 197 0 174 299 181 304 285 0 242 299 198 209 0 153 165 146 0 0 0 0 107 264 0 277 0 228 259 297 204 0 183 188 249 131 126 248 0 257 168 0 0 244 229 304 249 109 213 0 0 0 233 231 0 0 0 274 0 0 118 252 126 101 110 113 235 308 279 0 0 0 0 242 0 0 0 0 207 0 190 145 177 0 0 198 0 234 0 257 0 0 0 0 0 193 120 266 0 269 128 0 0 169 0 257 0 0 0 156 170 0 0 117 141 0 249 196 215 0 0 161 264 186 0 0 261 0 0 0 276 0 0 101 0
0 277 0 98 251 0 138 0 0 0 241 149 295 165 0 0 289 283 177 196 300 267 0 0 175 113 0 233 0 0 0 117 241 0 0 182 297 0 289 214 214 0 0 0 0 137 131 0 0 0 0 151 281 0 116 295 274 0 0 243 285 0 0 284 121 0 0 186 112 0 0 0 276 240 295 0 0 263 0 0 0 267 104 288 224 0 137 295 281 193 250 0 0 0 241 0 0 301 0 0 0 0 0 0 195 0 0 0 151 192 0 130 0 236 261 165 0 0 0 296 198 254 264 233 124 0 0 287 0 149 190 248 182 268 0 185 122 0 0 138 128 260 230 0 0 0 152 0 252 0 0 262 162 0 0 0 0 0 0 138 142 243 264 110 0 116 0 308 0 0 0 0 127 0 100 0 0 0 283 243 142 284 0 0 298 248 0 194 0 155 0 177 283 157 165 0 169 247 0 0 278 212 131 239 0 119 0 294 0 200 0 252 159 194 143 138 0 0 114 184 0 248 0 143 0 0 134 0 0 0 224 0 0 140 282 235 0 0 109 118 0 0 226 0 0 0 149 234 0 0 107 0 215 0 244 190 230 155 107 212 0 256 0 223 103 117 289 0 222 0 183 0 226 141 0 0 0 0 0 140 0 0 0 0 236 0 259 268 186 0 152 257 258 0 0 0 254 0 0 0 0 136 0 0 0 0 0 0 157 138 164 0 97 125 0 180 0 167 126 116 0 108 269 0 0 0 0 300 0 0 0 112 133 165 122 0 261 134 0 202 207 181 271 143 229 180 279 0 140 0 0 0 0 0 271 0 0 142 0 179 0 271 0 250 188 142 237 0 0 218 0 321 0 209 0 0 0 237 197 167 269 149 233 218 294 172 276 0 0 0 0 258 267 199 203 0 127 141 106 0 276 0 0 273 164 0 0 0 0 0 263 0 257 0 0 116 0 244 0 139 0 0 184 0 113 301 0 144 122 0 0 206 0
0 0 246 0 0 119 201 0 151 203 310 0 231 0 128 280 294 0 0 217 0 110 121 0 232 167 0 163 0 0 239 136 262 207 0 0 0 269 0 145 0 0 0 0 0 210 0 157 0 0 152 238 0 0 0 0 0 0 0 0 0 0 0 0 0 0 0 164 99 255 139 0 127 298 175 0 0 132 267 0 273 0 0 0 0 293 124 0 179 0 0 0 0 242 0 0 0 0 0 0 0 0 0 163 0 0 0 0 0 0 0 0 0 196 155 288 0 206 0 130 0 0 276 0 0 144 0 170 0 196 0 0 128 0 207 0 0 0 269 287 0 287 0 0 179 0 0 0 0 0 179 260 0 119 252 104 207 224 0 199 154 184 0 248 0 223 0 238 254 0 0 0 253 0 0 280 0 0 260 99 129 184 0 0 164 0 252 0 242 250 147 0 0 222 0 120 0 0 279 0 156 0 254 0 0 308 275 130 202 269 0 0 0 128 0 96 220 259 212 138 0 124 265 0 229 0 0 185 176 295 0 0 107 104 0 0 113 163 0 0 0 217 252 0 109 0 0 0 0 0 217 0 187 0 278 123 268 181 164 230 0 0 109 233 0 0 0 117 0 277 0 0 0 156 161 0 0 0 0 117 245 0 110 231 179 0 0 0 133 209 0 248 160 278 251 110 0 0 0 0 285 119 252 0 0 194 0 183 0 0 0 273 138 0 0 240 250 166 145 0 199 0 141 0 122 0 99 0 0 0 103 166 0 115 193 0 213 0 0 128 271 178 0 0 0 112 231 161 0 168 0 186 0 228 291 0 297 0 0 189 0 231 0 120 0 230 140 0 0 287 0 0 172 0 301 0 136 215 0 0 129 287 0 154 151 230 0 200 0 0 277 190 0 271 226 136 0 0 182 0 0 222 195 170 122 0 0 0 0 229 0 0 0 214 152 276 115 0 130 0 154 0 0 179 114 0 112 0 286 100 289 0
0 0 0 284 0 0 0 185 269 0 231 262 0 102 0 222 264 265 292 0 208 0 0 120 231 0 0 199 119 201 0 0 271 279 282 188 0 0 230 164 268 257 0 209 277 0 0 0 0 201 0 276 167 0 0 0 224 0 0 0 0 279 177 0 0 277 114 0 150 0 0 0 130 222 0 0 0 191 197 0 292 0 284 0 224 0 0 0 0 139 0 0 0 0 259 0 221 0 244 152 0 164 185 244 0 0 0 0 201 0 0 192 0 0 0 0 141 267 0 0 0 137 181 0 0 0 0 131 0 174 0 0 243 0 0 0 0 0 0 234 0 0 0 149 214 0 255 108 0 206 268 115 144 276 0 148 0 0 0 104 250 279 272 124 0 249 304 141 304 0 270 0 0 174 0 271 189 190 0 0 264 0 239 0 0 224 0 0 0 0 0 142 196 0 0 0 0 0 121 272 0 207 166 247 0 246 231 265 157 242 0 249 261 0 186 0 159 200 193 201 280 298 0 0 290 0 121 0 193 0 206 256 168 0 173 0 97 0 0 179 276 133 0 0 0 0 0 0 0 0 135 0 163 0 272 260 214 0 0 0 0 255 0 0 0 149 0 0 0 0 0 212 266 0 195 263 109 0 0 0 221 0 281 0 0 174 0 192 0 239 289 0 0 0 211 0 0 0 121 0 0 227 0 279 0 269 0 110 0 0 287 194 194 0 193 0 109 0 0 133 0 136 126 130 0 129 0 0 0 199 0 120 140 0 0 143 0 126 0 0 144 241 0 290 0 0 149 0 256 0 0 0 0 116 0 111 204 270 0 124 172 0 194 0 0 0 164 0 0 0 121 122 110 0 0 181 0 180 142 0 0 181 0 196 178 127 237 0 235 0 0 0 0 0 0 0 122 0 315 187 0 0 0 0 0 0 146 0 0 176 0 150 0 200 0 0 265 0 273 0 0 280 0 0 0 0 0 219 109 230 0
0 0 0 0 0 101 0 229 171 0 131 209 0 0 224 0 0 0 176 206 257 0 0 0 178 0 215 113 0 0 0 0 0 0 0 214 260 298 0 0 162 165 0 224 0 244 246 188 182 308 249 0 124 0 0 300 117 283 303 0 0 230 0 0 0 0 0 0 0 126 0 0 161 150 129 249 0 122 0 240 244 129 0 0 0 311 267 0 0 0 0 0 0 0 0 267 0 0 278 114 0 0 147 0 123 281 190 112 253 197 0 0 153 0 254 0 0 0 0 244 228 260 233 103 0 139 100 0 0 171 261 0 0 239 0 0 124 135 0 0 0 0 298 0 0 281 251 248 0 180 253 0 0 0 177 284 138 129 0 265 137 297 0 212 0 238 296 224 162 0 0 143 277 0 138 0 0 189 255 0 0 0 290 0 0 189 0 304 185 0 0 0 0 257 190 267 0 0 0 271 0 0 204 194 282 254 278 0 0 170 0 0 229 139 186 0 162 100 0 166 129 276 0 118 0 0 277 0 0 181 0 204 0 274 138 172 0 0 133 303 0 0 0 122 227 0 0 0 157 225 247 265 262 157 278 0 145 0 228 0 0 213 199 0 0 218 0 0 136 175 0 270 253 0 0 0 313 131 0 0 147 223 0 133 0 222 0 255 0 300 133 0 0 0 0 110 0 0 135 0 212 256 165 0 0 108 157 0 0 177 0 0 0 0 164 0 0 0 127 222 295 0 0 0 0 0 116 95 0 260 0 246 0 0 181 204 0 0 0 0 217 303 128 260 0 0 117 288 275 240 0 0 161 0 0 0 117 117 0 223 0 196 107 247 106 0 119 252 0 0 151 181 0 163 0 0 0 121 245 0 102 120 156 0 179 236 250 0 0 139 224 0 0 151 265 0 0 0 0 0 0 0 0 0 197 0 114 0 242 173 0 98 239 166 0 0 0 0 0 0 0 204 164 0 166 128 286 0 0 0
0 128 230 0 197 209 0 0 0 0 296 216 243 0 151 0 214 279 163 0 0 289 0 127 0 182 0 0 0 0 206 0 0 209 0 143 0 246 0 108 0 195 0 0 0 294 0 188 152 0 0 140 242 253 0 0 287 0 0 101 260 146 0 202 0 148 195 0 264 293 296 0 0 145 0 0 0 0 159 0 281 0 0 141 0 0 0 0 0 171 220 266 0 177 193 177 0 0 130 264 216 0 0 156 0 0 0 0 292 0 174 150 211 259 0 148 120 0 0 0 0 283 0 217 0 117 193 0 322 0 0 183 190 250 165 0 0 112 261 0 187 0 0 249 137 160 0 0 0 141 0 174 97 0 0 276 140 0 0 217 229 0 250 0 229 131 111 0 272 0 0 152 0 0 139 0 248 221 0 0 273 228 133 0 0 197 184 0 132 0 0 0 196 0 0 283 0 0 158 0 204 210 167 228 268 0 164 161 293 0 0 0 302 197 0 102 0 233 139 144 246 0 0 0 0 0 0 151 154 0 0 121 0 0 111 203 0 239 138 276 182 0 120 0 0 112 133 0 208 0 219 180 0 118 219 155 0 303 205 165 274 0 0 258 121 153 0 241 231 0 0 0 0 211 123 0 160 240 126 178 210 98 0 0 212 0 0 204 0 0 102 0 0 111 196 113 0 0 0 171 0 200 0 0 190 242 104 0 0 100 0 130 119 176 0 251 0 0 144 270 0 94 265 0 252 280 223 0 0 105 276 0 0 0 0 0 0 257 190 242 0 0 200 0 225 289 228 98 0 244 0 178 0 218 213 0 211 0 192 182 198 165 0 136 0 189 275 159 282 260 0 257 168 0 0 239 0 145 0 0 187 224 219 230 0 202 0 269 220 249 0 226 0 0 200 138 0 0 280 142 0 0 0 0 0 132 0 0 0 0 192 0 0 0 140 0 299 0 288 0 0 157 269 164 0 0 0 176 0
0 165 0 150 0 0 0 0 0 0 0 185 0 163 223 248 210 112 0 100 115 0 180 128 214 0 0 0 0 0 0 151 0 138 0 0 0 123 0 151 113 189 0 243 0 207 184 164 0 150 113 0 0 218 0 0 126 0 301 146 0 273 104 0 0 0 0 190 0 284 252 0 116 256 296 287 0 0 0 177 108 243 0 114 0 0 0 199 0 0 94 0 0 109 0 0 0 291 0 272 283 289 0 291 226 230 0 169 218 0 266 0 0 232 169 0 158 152 118 241 193 164 0 281 0 0 204 107 152 0 213 118 228 142 236 0 113 0 0 140 0 144 0 0 0 0 170 262 0 139 191 0 0 271 0 241 0 0 0 147 173 0 0 125 137 249 0 0 0 216 182 198 0 0 195 0 0 159 0 187 0 0 172 0 0 141 145 250 0 312 0 181 0 116 0 116 171 0 0 247 249 166 213 210 0 108 266 192 0 0 117 0 0 264 0 0 168 0 274 0 187 0 0 0 119 120 0 0 0 0 0 0 276 284 0 307 0 127 0 0 179 115 0 254 269 161 0 0 149 0 0 0 275 188 0 186 0 210 180 0 0 193 0 0 139 0 0 0 0 181 203 185 0 0 113 237 138 0 0 0 255 132 0 281 0 248 0 223 0 216 0 0 0 291 0 304 229 0 238 253 0 0 137 0 0 217 0 158 0 266 0 0 0 0 279 226 0 0 209 229 161 177 222 278 241 108 0 178 0 128 0 158 287 0 0 250 0 285 0 0 199 0 0 144 0 124 242 148 0 0 148 167 213 158 231 0 0 0 0 0 257 119 162 0 0 118 0 247 0 0 178 0 163 0 0 0 0 174 243 0 0 111 0 285 0 292 244 0 164 0 0 252 0 0 0 176 0 238 226 0 0 115 275 221 286 0 0 238 0 0 102 242 0 201 236 0 0 0 0 0 227 0 175 126 0 225 0 0
0 0 297 0 265 0 0 190 149 0 0 0 0 0 0 0 0 0 149 0 153 109 133 0 146 0 262 0 0 0 264 0 149 101 196 0 197 0 0 245 0 0 0 283 182 244 0 0 150 229 244 108 0 0 182 0 128 186 259 286 116 0 224 0 196 0 0 0 0 0 173 182 284 257 0 148 0 0 0 0 0 0 0 190 149 263 0 0 269 249 151 0 0 231 0 99 0 276 0 0 0 166 147 0 0 157 0 141 0 0 179 277 0 0 260 223 282 136 230 0 0 0 148 271 0 157 192 135 109 260 0 288 0 0 0 0 210 182 0 283 234 0 0 0 175 160 0 154 0 131 0 240 145 0 0 0 166 187 0 0 119 135 138 0 255 0 291 0 0 0 0 0 0 0 0 227 0 0 193 0 0 172 0 0 242 296 268 136 0 0 0 0 0 245 0 0 136 227 169 0 233 0 224 141 135 265 0 201 127 0 285 277 0 0 0 247 0 210 0 0 262 118 0 0 177 127 0 0 267 0 0 253 0 0 130 173 0 102 0 0 0 168 0 0 265 0 121 0 0 0 0 277 115 235 289 219 0 252 105 143 0 206 274 0 0 0 176 256 0 0 109 133 245 273 220 0 0 168 188 141 0 0 0 161 105 0 0 0 264 0 126 0 0 0 254 0 0 0 0 177 260 0 0 119 0 0 123 138 126 0 217 110 193 120 0 0 0 225 262 238 0 225 268 212 0 0 0 306 0 214 0 133 0 0 178 203 0 197 120 0 270 0 292 209 0 169 289 106 0 0 0 311 0 208 237 174 0 182 0 0 0 0 297 0 112 238 0 207 0 0 0 0 0 0 283 0 247 0 153 0 220 181 0 260 0 179 0 0 247 142 134 113 0 0 0 280 0 0 186 276 293 167 0 0 174 179 210 158 0 262 225 163 139 131 0 307 0 0 252 301 0 0 0 0 0 185 0
0 123 0 172 115 194 159 226 0 0 0 0 0 0 0 213 259 0 0 0 290 0 0 0 0 265 236 0 262 152 0 0 129 138 199 209 151 0 262 0 108 0 0 270 121 0 260 173 101 0 0 0 153 0 189 181 0 153 0 0 254 264 236 0 0 114 0 0 0 0 219 0 130 0 303 0 154 285 225 0 0 0 205 0 213 0 0 129 0 0 0 105 0 0 288 156 0 0 175 152 0 243 0 0 0 0 106 120 0 0 0 208 0 0 186 0 0 0 113 0 0 0 227 265 178 218 0 237 0 241 212 0 238 200 101 223 189 100 204 0 0 289 101 201 219 298 0 176 0 265 293 208 102 146 0 0 0 0 163 0 263 0 0 0 0 0 100 211 0 124 277 0 127 124 0 113 185 162 193 250 205 152 238 236 228 295 0 190 150 0 0 0 0 108 154 0 0 179 253 0 0 0 0 0 0 241 235 126 0 0 112 236 0 278 124 0 268 0 274 0 0 0 0 0 240 115 258 0 0 0 0 172 267 0 258 127 0 209 245 161 0 0 0 107 248 0 0 0 0 208 0 187 0 0 0 0 0 0 188 0 0 0 155 230 175 0 0 197 0 0 136 168 155 262 205 0 0 208 0 274 171 0 123 0 0 0 221 0 0 0 0 0 0 0 229 295 194 0 0 0 270 0 123 0 204 178 0 0 0 0 204 0 181 271 0 132 0 254 278 0 148 170 285 270 0 0 0 165 0 238 0 289 274 199 157 236 261 264 0 0 0 0 0 0 275 0 258 0 176 0 0 299 0 107 254 0 0 212 0 213 177 247 0 0 156 286 0 117 0 117 143 0 0 229 166 0 212 192 0 0 205 0 0 213 223 0 0 122 0 255 0 0 0 0 0 0 0 120 165 0 0 293 0 164 202 0 0 0 256 0 136 0 215 0 0 0 229 0 164 0 0 0 0 0 127 0
0 0 135 0 0 0 235 0 0 0 229 260 0 0 0 113 253 190 0 278 251 134 0 0 236 0 123 104 146 0 0 207 0 135 0 174 153 0 192 178 265 0 198 0 227 301 272 245 177 0 0 168 0 119 0 107 242 0 292 0 127 0 0 210 243 0 0 130 0 224 257 213 0 204 147 0 0 0 188 307 285 0 0 0 0 119 0 0 0 0 0 0 0 0 0 0 0 143 0 145 252 0 0 0 235 169 0 235 0 253 215 138 169 158 161 274 0 0 0 0 0 0 0 0 261 0 0 0 0 139 0 0 285 131 0 133 128 261 0 117 0 0 0 0 148 0 204 230 178 210 0 0 110 0 0 0 0 204 139 181 0 236 169 121 0 0 182 0 0 189 257 0 250 168 119 0 291 188 0 0 0 164 200 249 0 231 0 0 0 114 0 0 274 125 0 0 0 202 0 296 0 0 0 0 104 0 0 274 0 204 216 0 0 0 0 0 0 265 0 238 292 212 0 288 0 135 251 271 0 0 0 169 224 0 255 182 0 255 0 0 183 197 0 0 219 0 113 272 209 141 0 149 0 140 0 122 0 257 302 127 0 0 0 284 0 127 0 0 178 0 0 0 123 0 165 161 0 0 252 227 108 0 161 271 0 167 292 176 0 291 115 269 0 0 211 0 0 0 0 168 0 0 0 137 0 135 168 207 129 0 247 0 0 201 0 0 222 138 0 308 208 204 209 254 233 94 0 0 266 0 0 0 183 0 154 0 263 187 168 165 0 166 0 303 0 218 0 0 294 0 174 0 280 0 0 167 238 282 0 194 215 0 277 209 150 142 156 308 0 296 158 0 122 0 97 182 110 0 174 136 194 172 149 0 181 188 0 0 225 277 226 0 106 0 0 269 0 121 0 0 0 0 0 0 0 0 229 239 0 238 137 173 239 194 153 130 0 231 0 0 0 118 0 215 0
0 132 0 148 174 172 0 0 0 103 0 0 0 0 0 150 0 278 0 0 0 0 0 0 270 0 211 265 147 134 264 157 0 288 0 0 257 208 0 0 0 0 0 0 0 230 278 0 0 0 149 0 117 192 233 163 225 270 0 217 0 0 0 0 197 0 0 0 198 0 0 186 0 0 0 0 209 0 116 181 110 0 269 159 312 0 0 126 0 178 283 0 0 0 194 0 0 0 0 278 0 0 274 0 0 115 0 0 235 311 261 170 0 171 197 219 0 0 251 0 0 233 0 0 249 0 0 269 0 226 242 0 0 0 162 0 0 0 106 266 0 0 0 210 0 0 0 251 193 116 0 199 172 0 185 0 0 0 272 0 0 0 0 0 192 0 134 100 156 0 142 0 0 0 0 0 190 246 215 0 0 0 231 276 168 139 185 0 259 0 0 223 0 141 0 0 238 234 150 202 155 0 0 0 0 224 0 0 244 0 123 0 0 185 0 0 110 246 0 0 0 186 189 102 0 208 196 105 197 0 0 0 0 0 105 0 0 107 320 102 264 0 0 270 0 0 160 181 0 103 209 269 272 111 199 0 0 0 0 221 104 0 0 0 0 0 0 212 0 204 0 109 106 0 0 149 168 0 0 184 128 0 97 0 0 0 139 197 237 0 0 117 0 166 100 0 146 150 0 120 0 0 103 0 0 0 0 110 0 0 0 193 250 0 241 133 0 0 0 114 115 280 119 0 192 0 229 0 0 0 0 115 296 122 0 201 0 147 0 0 0 135 0 0 151 243 0 120 0 121 0 0 0 255 304 0 290 0 0 0 0 0 0 0 0 0 209 0 0 137 119 275 138 0 111 0 294 0 172 0 0 0 236 0 0 0 251 158 113 0 211 247 200 0 0 0 155 238 0 212 166 258 0 0 103 0 0 312 310 0 0 0 189 0 0 0 274 290 196 0 182 210 217 0
0 265 177 0 150 0 224 273 174 0 274 209 217 132 0 164 176 280 0 0 105 173 0 0 0 0 141 244 0 197 107 0 0 153 0 0 295 198 244 0 168 203 165 0 236 184 0 142 105 0 0 270 213 0 261 164 0 128 0 207 0 273 0 0 177 224 0 0 161 0 0 137 0 103 0 0 155 0 0 253 0 109 268 0 0 0 275 0 236 0 265 0 0 134 123 223 124 196 103 0 0 0 0 0 0 0 291 0 153 300 0 160 0 0 196 0 0 0 217 211 110 0 0 191 0 278 0 0 128 0 0 0 0 0 0 0 117 196 0 0 0 120 0 262 246 0 0 210 0 311 0 0 301 0 0 145 188 228 0 256 0 276 0 0 0 0 116 157 0 224 111 284 0 108 0 296 103 0 0 0 147 258 0 143 169 269 177 0 117 141 0 199 0 273 259 248 200 0 0 176 0 179 294 0 0 0 0 266 219 0 193 0 291 190 0 0 223 0 0 0 151 136 0 159 202 0 277 265 0 273 219 181 0 0 168 260 280 0 0 274 0 200 0 126 0 131 0 0 0 0 0 0 106 0 155 0 0 276 103 0 0 0 159 298 0 139 279 0 0 294 242 152 220 98 0 281 274 0 216 174 165 127 179 194 0 229 215 128 0 271 0 128 207 268 0 0 0 0 0 273 192 0 0 189 286 0 0 102 147 246 0 0 0 229 301 245 0 104 0 121 0 311 0 189 185 207 293 0 0 110 162 0 258 0 269 0 0 0 264 0 0 217 301 221 227 0 0 0 290 186 0 0 227 233 142 241 0 0 139 156 0 281 295 188 0 148 258 0 96 0 0 268 0 0 0 164 107 0 0 0 245 0 98 0 0 269 269 199 0 0 294 0 0 0 245 179 222 269 170 241 121 148 121 189 0 296 214 280 0 0 226 0 0 297 199 106 280 227 139 267 0 0 0
0 224 0 0 0 260 136 229 0 0 0 0 0 276 153 0 253 198 196 0 283 0 287 155 132 0 0 251 0 137 272 0 0 232 296 0 0 0 135 0 0 0 200 177 0 154 211 235 0 0 0 239 194 169 279 289 0 0 0 233 0 0 0 0 0 108 0 0 123 0 165 158 0 221 0 0 276 0 256 0 0 0 270 262 179 0 0 0 301 101 290 134 0 0 0 130 0 111 249 0 0 0 254 155 270 271 145 0 136 185 133 0 0 0 305 0 0 203 202 0 0 244 141 0 0 0 236 0 147 0 164 122 0 155 138 130 0 281 0 0 0 0 0 228 0 0 0 0 178 239 217 102 0 166 304 133 261 290 151 0 0 0 0 0 0 0 0 122 143 107 283 143 0 0 242 170 276 236 0 0 0 0 282 0 0 161 0 0 0 146 0 0 233 277 0 0 266 149 235 153 267 130 152 0 0 0 144 0 0 0 217 175 277 0 219 259 178 0 177 0 0 0 116 0 0 0 228 0 0 0 194 222 285 105 0 201 230 0 0 0 0 105 0 0 253 0 223 0 174 0 0 272 0 0 294 0 157 0 142 168 0 183 0 255 196 0 182 252 0 149 178 0 179 177 245 0 0 228 0 121 159 0 231 0 131 281 109 0 0 180 157 176 231 279 152 0 0 226 158 0 110 305 104 0 163 0 0 0 152 177 0 274 0 0 0 289 238 0 0 219 147 0 0 0 0 99 140 0 177 0 0 268 0 237 112 0 0 0 285 128 149 211 306 0 0 234 0 272 0 0 0 161 0 0 0 253 0 0 189 0 105 162 175 0 0 236 0 144 305 228 235 0 306 0 221 234 0 0 149 0 170 241 0 0 290 150 0 0 132 0 0 280 104 0 0 0 0 264 0 0 172 0 0 134 222 292 0 0 112 0 207 144 0 0 0 225 0 0 0 284 168 0
0 150 234 213 0 236 0 104 222 0 0 0 233 147 0 277 224 0 107 286 259 262 130 115 0 0 0 0 228 197 183 110 0 0 239 0 0 267 225 179 0 236 245 257 261 156 290 0 235 0 114 0 0 0 210 98 0 266 190 268 281 168 0 0 299 0 0 130 0 0 0 0 111 218 268 0 0 0 167 114 0 244 245 258 208 313 0 0 135 277 155 250 0 287 252 277 133 176 105 0 0 279 266 0 0 0 229 170 0 0 0 0 0 173 0 0 0 110 0 0 205 187 288 0 0 277 0 152 269 0 0 305 219 180 0 237 0 251 0 157 197 150 265 0 0 0 0 0 221 194 0 162 206 297 203 0 0 0 0 265 112 179 0 0 0 304 0 159 0 0 150 307 0 0 246 0 0 115 179 0 0 0 0 189 302 101 188 0 280 0 277 281 228 0 192 105 0 222 0 0 0 0 192 242 224 245 0 119 128 0 0 101 0 0 0 310 226 0 0 0 220 0 0 0 0 146 0 0 0 258 0 276 0 0 176 259 228 118 0 140 0 0 224 0 246 107 0 204 288 0 0 113 0 0 0 0 263 0 0 0 117 0 0 0 0 156 273 260 0 0 217 0 0 179 309 0 0 0 0 163 121 147 0 0 0 0 0 0 0 269 285 216 0 246 120 211 0 112 0 0 0 0 0 0 284 142 122 287 0 190 169 189 0 0 0 112 0 235 0 231 177 0 137 180 0 0 0 177 152 0 0 236 0 243 187 0 0 271 0 158 0 284 0 0 201 251 220 0 0 0 95 0 296 276 0 192 0 0 0 136 0 261 309 297 0 0 0 259 0 256 218 0 0 157 0 0 0 0 272 274 226 118 262 0 180 224 99 209 0 0 150 0 0 0 0 0 129 0 0 263 0 237 222 301 263 109 270 208 169 0 300 0 0 176 0 0 0 0 0 0 0
0 0 0 216 0 0 160 261 0 0 0 0 0 105 0 0 0 286 0 214 0 186 0 0 0 0 0 182 267 150 0 230 0 0 103 0 0 192 0 0 0 113 189 199 0 252 166 242 0 193 254 0 0 0 0 224 0 152 155 148 138 108 0 0 0 0 175 0 0 274 230 0 247 0 0 0 152 0 230 251 143 0 228 0 200 110 192 0 0 230 140 0 0 0 231 0 0 117 0 0 0 0 0 192 283 0 0 198 156 0 186 264 253 236 163 0 196 0 0 215 191 0 185 0 0 168 146 0 0 0 286 188 0 153 0 151 0 0 234 112 0 0 0 272 0 0 0 0 0 0 0 0 130 226 0 0 184 231 0 272 252 0 0 179 0 0 144 239 188 0 127 158 144 0 166 232 199 274 0 242 265 171 231 0 254 0 149 147 144 0 0 139 302 275 212 157 0 0 0 0 0 0 167 0 0 0 0 176 158 225 0 259 0 118 0 0 274 0 242 168 131 0 226 244 130 284 218 0 0 182 0 0 0 253 0 0 0 147 147 222 0 0 308 0 264 0 0 0 0 0 219 233 0 154 163 116 0 0 0 171 268 0 0 138 0 189 243 0 0 0 0 0 129 165 209 144 0 137 297 126 140 279 0 0 0 167 289 0 194 205 163 0 0 0 107 262 169 99 0 221 228 0 126 0 140 273 205 281 321 161 114 192 0 0 174 0 0 0 191 111 0 195 224 131 168 0 171 195 0 0 0 182 267 158 199 167 268 0 172 96 266 151 182 185 261 0 0 0 267 0 0 265 0 261 164 168 255 0 213 0 238 157 0 0 167 0 243 0 222 140 0 0 131 244 152 0 137 188 0 0 190 0 242 0 193 192 0 167 0 0 0 286 224 0 0 0 0 0 124 0 0 207 186 0 0 0 0 0 207 118 0 0 223 105 279 178 226 0 117 0
0 0 0 113 200 0 219 213 182 215 250 0 0 0 0 0 130 284 130 0 143 242 0 0 132 0 0 0 231 112 277 0 0 0 0 158 0 0 99 0 221 0 0 0 0 0 169 0 97 0 283 0 0 251 0 171 153 191 0 0 161 0 0 0 0 0 0 180 117 0 0 0 0 275 311 0 147 304 0 265 0 157 0 117 177 0 223 256 159 111 0 0 234 196 115 205 131 0 0 0 149 265 0 0 150 0 0 0 0 223 0 0 187 0 0 148 276 309 286 0 0 191 0 0 0 0 158 0 301 0 0 0 0 0 260 309 273 0 257 120 0 146 104 236 0 0 0 0 245 112 270 0 190 0 192 284 0 0 0 0 145 0 0 218 154 0 251 0 0 0 0 138 116 298 236 127 215 0 0 114 0 0 276 0 270 141 0 221 288 136 0 0 258 0 0 0 180 0 242 114 0 0 0 0 241 264 161 216 248 153 187 185 0 123 0 173 0 0 108 147 0 0 0 0 300 0 0 219 0 306 232 139 266 0 153 242 0 146 0 0 276 122 0 0 0 231 0 0 130 0 0 226 0 196 0 269 277 0 0 0 0 0 270 0 249 0 270 0 0 0 0 0 165 0 0 0 0 0 301 0 258 125 0 188 264 0 0 0 300 0 112 0 170 144 0 0 195 0 0 0 0 0 0 0 185 0 0 130 0 0 0 0 0 0 286 107 0 0 0 0 252 150 108 205 0 278 118 171 232 0 0 0 0 0 0 0 174 0 107 248 0 207 0 126 0 141 0 0 0 0 0 0 132 0 0 287 0 0 0 209 0 103 176 0 0 0 108 0 115 0 0 177 0 0 0 0 0 267 187 0 257 0 138 0 195 196 0 225 0 0 291 0 0 0 263 317 174 0 0 0 176 0 223 0 209 134 0 0 0 279 103 0 286 0 301 180 119 0 0
0 156 159 0 0 249 196 268 0 108 0 0 0 0 156 0 0 0 0 135 0 156 104 233 0 279 139 226 0 166 0 181 128 0 0 0 0 0 0 261 0 296 239 244 0 267 111 145 0 130 177 0 0 254 0 0 149 0 246 141 213 0 0 0 0 0 0 251 284 208 197 0 0 0 0 160 256 0 0 124 275 293 198 109 127 260 0 156 0 262 0 0 0 187 0 291 0 194 213 226 0 180 0 257 313 285 0 0 257 0 226 0 0 212 177 226 178 0 153 207 145 0 215 123 300 0 268 0 242 228 0 150 0 143 155 0 234 0 155 0 109 0 0 182 0 264 168 0 0 268 201 0 0 0 0 114 270 0 138 202 142 101 0 140 0 182 0 240 162 0 106 242 244 0 258 194 0 0 274 0 0 0 291 0 0 124 170 0 121 178 0 0 0 0 308 0 0 202 252 147 307 0 0 170 289 256 272 106 0 129 0 0 0 0 0 262 112 0 127 0 149 0 287 298 133 0 98 0 0 0 184 0 0 0 0 0 211 0 0 0 199 0 0 0 241 0 0 0 0 159 283 0 237 154 113 0 253 133 130 129 111 0 0 0 220 0 238 133 218 0 150 175 113 122 187 293 244 0 0 156 0 0 0 161 312 215 182 160 0 0 0 183 234 117 0 0 301 0 0 263 265 0 269 0 0 205 0 209 0 185 0 0 119 0 0 0 0 0 277 103 0 0 0 0 0 0 0 0 0 265 0 295 0 225 0 0 0 0 142 191 0 269 194 0 0 155 240 249 260 0 123 0 125 181 0 180 0 0 261 248 0 0 269 0 170 0 0 0 203 0 0 196 0 231 0 0 0 0 0 198 137 139 0 0 0 0 101 99 0 173 0 0 0 254 0 184 0 145 0 0 0 177 135 0 274 0 0 0 0 0 0 0 0 0 199 247 0 0
0 233 0 0 208 274 173 0 182 104 0 98 143 238 260 0 0 111 106 0 0 0 0 293 0 0 0 0 209 298 0 0 305 223 96 0 131 0 115 243 0 177 0 283 0 0 129 0 0 255 276 215 244 252 0 0 101 0 299 0 228 0 0 0 107 0 0 0 0 0 0 0 0 161 0 187 0 277 0 0 0 236 191 105 160 0 0 0 304 190 0 0 0 217 112 231 0 110 140 0 164 0 0 0 235 0 0 198 174 140 116 0 0 133 0 0 203 127 158 187 0 109 0 0 216 130 173 0 209 0 133 0 0 151 0 0 0 305 156 216 0 0 0 248 0 0 255 203 0 0 0 116 255 243 0 217 204 0 129 209 182 135 0 0 0 202 234 0 0 0 132 194 0 237 226 143 297 0 170 0 191 0 0 150 215 0 0 0 0 0 0 246 0 246 0 0 0 0 0 107 0 0 0 260 121 0 0 167 0 0 203 257 130 0 0 0 0 0 0 0 294 240 0 0 130 0 0 136 0 105 147 0 145 0 141 0 297 243 0 0 0 0 99 195 248 0 206 0 264 0 245 0 0 0 125 0 0 193 0 245 0 169 0 174 269 0 246 0 290 216 0 209 0 0 0 0 0 0 0 0 0 128 0 264 164 0 0 0 126 281 0 0 257 0 0 297 0 254 220 0 0 0 138 161 0 0 182 0 0 149 0 247 256 0 0 0 229 272 0 283 251 0 300 149 0 182 269 0 0 153 0 0 0 0 275 248 278 0 277 265 0 268 0 133 0 125 0 127 226 0 124 0 0 273 0 0 0 137 0 226 0 0 145 150 0 0 0 226 0 226 0 0 107 0 157 271 0 0 106 0 224 302 0 159 130 129 0 133 158 0 131 0 0 0 0 0 277 237 172 0 0 201 0 0 0 233 0 157 252 0 280 122 0 248 148 0 0
0 0 121 136 0 216 0 133 216 203 270 254 0 0 0 0 206 219 169 175 0 225 0 0 290 218 213 0 0 117 270 0 167 102 0 0 0 139 237 298 120 0 247 215 0 0 0 0 189 202 0 0 178 242 284 155 175 0 0 246 0 254 0 182 232 0 0 138 0 281 112 0 272 0 0 168 0 0 0 140 0 0 0 269 0 0 0 267 0 261 272 122 0 135 0 233 0 201 106 0 156 193 288 0 0 0 265 107 199 0 0 187 0 179 199 0 103 167 0 268 264 0 94 0 0 303 232 281 237 0 0 0 0 0 296 265 0 112 0 147 0 288 0 0 176 214 0 0 0 0 205 248 0 175 280 0 0 0 0 0 0 0 0 0 204 0 0 216 204 283 195 0 0 0 0 253 0 0 126 0 224 106 212 0 207 0 0 265 0 188 187 221 0 175 0 0 191 0 179 0 0 0 0 0 0 209 242 291 119 114 0 0 0 0 185 238 210 0 290 304 297 0 285 0 216 115 204 272 0 0 240 173 0 0 0 0 118 0 258 143 0 0 0 248 131 132 0 182 93 0 273 278 197 0 0 0 152 142 0 184 149 0 0 259 239 0 0 0 0 0 264 127 0 258 309 279 152 178 0 194 0 0 0 197 179 0 260 245 0 224 0 282 0 219 130 0 0 0 0 307 0 233 0 314 163 290 0 243 0 0 158 0 0 0 0 110 0 175 186 0 177 283 247 233 303 106 0 170 280 0 0 0 174 0 0 0 135 0 176 248 0 165 0 0 222 0 142 0 101 120 0 0 256 187 219 0 271 0 164 0 116 231 265 265 0 0 0 218 214 245 117 252 117 0 0 154 264 0 0 0 120 0 0 309 0 195 146 298 294 273 187 0 0 0 0 0 0 229 0 0 228 224 0 0 149 251 0 107 0 0 0 225 239 0 0 0
0 0 0 0 158 0 284 0 275 181 0 0 275 141 0 119 0 310 281 0 0 121 116 296 253 126 0 173 0 0 0 124 0 127 0 0 0 0 221 0 296 285 120 0 223 320 194 105 0 0 307 0 270 203 0 177 0 0 0 0 100 245 0 167 0 0 0 292 284 0 227 0 174 239 194 0 148 303 164 298 0 0 171 176 0 0 0 109 0 0 201 0 266 174 0 144 0 0 263 125 0 0 125 0 266 0 191 107 170 0 0 0 110 0 234 226 0 0 236 174 125 232 0 0 0 207 0 0 0 0 267 193 157 0 0 193 0 0 260 0 0 0 285 0 239 146 0 0 0 0 283 0 162 201 0 254 133 173 0 230 251 151 98 0 0 128 0 216 154 185 0 221 123 281 0 219 284 193 219 258 163 0 0 0 203 150 0 0 141 263 0 0 152 0 169 273 0 123 0 0 0 0 299 213 210 176 216 0 247 0 125 0 0 0 213 190 273 0 0 0 121 0 223 0 103 0 232 0 233 116 0 0 287 279 0 208 170 0 224 183 0 231 0 221 226 0 126 0 0 295 0 0 0 0 0 277 169 157 0 164 0 268 0 0 256 155 0 131 0 103 163 0 116 0 0 185 181 0 105 0 164 123 268 291 106 145 0 179 165 0 0 124 132 0 234 0 0 0 112 225 0 152 144 124 0 0 314 0 142 167 223 162 150 0 153 272 153 97 301 244 0 202 0 175 270 122 279 272 241 192 256 129 0 220 243 0 128 0 0 0 148 149 0 315 0 0 0 0 158 260 104 295 168 0 235 223 133 114 0 0 144 143 280 237 265 0 0 0 268 136 101 215 0 269 227 241 0 166 0 274 158 0 262 281 182 0 0 190 293 0 128 147 200 276 0 0 0 0 130 135 0 0 128 160 0 223 149 0 0 175 206 259 152 191 0
0 0 0 104 156 144 232 0 0 267 0 241 132 0 291 204 170 205 0 274 206 0 108 0 0 117 0 0 0 0 0 0 150 290 196 294 0 209 181 123 238 222 221 156 196 205 213 0 280 0 147 108 0 0 116 204 0 0 184 0 0 0 257 99 121 0 256 0 0 0 126 245 115 146 0 0 150 0 0 245 266 264 0 292 0 290 0 284 0 0 0 0 0 154 241 0 0 0 190 236 0 0 234 0 0 0 145 234 181 141 0 185 0 305 0 226 243 0 189 0 0 0 165 244 0 0 267 0 213 126 168 212 0 231 301 0 0 0 208 168 243 0 0 0 228 231 0 0 0 0 0 126 243 0 189 0 0 0 0 206 271 216 132 181 267 302 0 262 118 0 0 257 0 115 223 155 0 0 170 306 158 175 183 0 0 0 0 195 0 118 0 206 237 0 225 140 0 136 0 0 0 0 178 0 0 0 0 0 223 0 0 0 0 0 189 188 156 0 0 0 0 226 0 0 248 0 110 0 0 248 142 0 195 237 144 0 0 143 275 0 0 0 292 0 270 131 0 143 268 124 0 247 288 290 0 0 0 178 0 0 0 0 152 0 137 0 166 0 0 0 252 0 0 0 255 293 253 239 0 245 0 138 115 0 263 0 0 0 0 184 165 0 0 0 198 268 0 0 141 0 260 0 229 197 210 232 0 170 117 304 175 0 0 289 0 267 0 245 0 0 0 281 155 0 0 105 252 0 0 0 288 291 0 111 0 106 228 0 0 194 273 265 245 165 0 0 0 234 304 238 203 0 112 0 223 152 266 0 179 0 0 263 111 159 158 0 0 0 0 133 0 0 272 276 221 0 0 0 152 0 233 185 0 0 0 153 266 278 210 0 201 0 138 0 224 319 119 0 0 186 0 173 0 0 0 304 259 0 0 0 0 295 161 0
0 281 244 0 131 269 106 0 0 272 0 0 198 212 266 210 269 0 0 0 0 122 0 262 270 0 231 0 211 0 0 135 222 282 0 142 0 0 0 0 138 203 281 0 216 0 98 225 0 0 206 109 138 267 193 219 178 234 0 252 153 214 0 124 252 0 170 212 0 0 0 0 250 151 0 249 0 0 0 0 248 109 0 244 0 161 0 232 211 0 0 191 102 0 215 0 0 0 273 229 0 0 203 123 226 200 197 0 156 0 0 204 0 132 164 188 0 111 315 0 0 0 279 113 155 119 191 0 257 165 133 0 0 0 176 159 0 215 0 121 0 0 0 0 242 173 0 286 0 176 0 282 110 200 251 0 0 250 249 0 161 0 186 107 269 237 0 121 287 278 110 244 0 0 285 225 141 0 0 116 0 0 226 0 277 158 0 0 0 0 266 0 0 286 112 0 132 283 0 0 172 264 0 128 241 294 0 0 0 0 149 0 0 316 0 0 0 275 140 210 0 0 0 252 169 119 271 0 0 0 265 0 284 0 0 0 0 0 0 0 196 118 138 107 0 176 0 106 115 0 0 0 0 0 184 284 117 0 110 0 0 0 0 0 208 270 0 160 150 199 125 151 0 0 96 115 0 0 284 0 211 112 0 0 0 0 276 0 123 129 0 0 199 0 0 218 166 194 0 172 0 0 0 0 126 0 169 173 267 224 0 0 0 158 0 163 0 0 0 0 0 187 0 166 279 0 0 220 226 254 271 0 169 256 0 0 0 0 0 0 141 0 199 268 0 0 306 160 0 0 0 195 112 238 142 0 0 243 0 189 0 237 0 0 245 0 226 243 137 109 0 137 0 0 0 164 0 304 0 0 292 0 179 0 0 208 146 274 212 281 0 275 0 234 0 249 0 0 0 0 0 0 0 0 111 0 0 0 0 0 0 0 0
0 140 0 236 0 147 0 0 0 0 190 0 215 146 0 162 0 186 204 289 290 164 0 0 0 115 0 0 127 102 0 219 173 187 0 0 0 117 178 275 0 294 0 152 0 0 0 0 224 135 139 0 0 0 187 280 0 0 216 226 208 116 0 0 267 286 126 177 243 0 126 0 157 225 285 279 0 150 232 225 0 186 226 0 0 101 284 0 109 0 0 217 0 0 217 0 109 190 0 153 0 255 95 0 0 153 127 137 105 238 0 294 157 0 0 131 241 0 0 0 135 179 0 0 0 281 0 0 0 228 120 0 232 221 256 0 0 258 139 244 297 0 124 246 0 0 0 262 232 192 0 291 289 0 0 202 152 145 157 0 106 267 123 0 0 0 0 0 0 123 0 0 0 0 283 0 0 0 0 184 216 237 107 257 282 0 0 0 0 0 150 0 270 122 0 144 0 204 101 0 149 0 220 0 0 0 0 0 297 161 0 0 0 125 215 148 101 0 229 258 0 208 171 283 273 0 0 0 0 279 130 278 0 206 0 0 169 142 178 120 0 0 119 0 0 99 0 0 206 0 146 273 112 158 277 0 246 226 120 0 0 0 0 0 182 0 174 0 0 0 0 254 0 0 239 243 0 0 197 262 212 0 0 171 0 0 0 0 0 0 0 307 0 0 146 217 0 248 161 169 232 0 0 0 272 187 266 171 0 175 0 254 0 0 0 0 0 0 279 0 0 240 208 207 192 0 236 155 241 184 0 262 286 0 0 0 0 0 0 0 165 115 0 0 0 272 285 0 0 246 232 297 117 0 159 139 259 241 0 275 122 0 0 0 0 0 0 134 0 107 175 197 227 254 229 0 0 105 239 0 168 0 0 0 296 101 234 0 103 156 210 0 177 0 0 0 0 0 0 197 0 0 187 0 0 135 0 232 0 0 117 0
0 151 205 245 0 113 116 0 213 0 171 0 0 194 189 0 121 0 294 103 181 0 0 126 0 226 280 0 106 268 183 137 0 0 0 0 267 0 0 257 0 0 231 0 264 265 0 231 121 265 0 0 267 0 0 0 132 0 0 0 148 0 276 275 0 0 0 0 0 0 0 161 234 182 266 262 217 276 173 287 103 0 0 0 0 209 218 296 172 0 0 0 0 0 215 243 0 0 0 246 0 113 0 0 0 0 164 0 174 132 214 134 156 0 203 0 0 219 196 0 243 0 201 122 0 126 0 96 0 0 103 0 151 264 262 106 262 0 0 0 146 0 0 0 0 0 157 0 163 0 0 186 0 0 0 204 0 258 0 0 248 219 0 0 0 0 0 205 277 252 134 105 0 0 134 292 153 0 270 180 297 201 0 0 166 270 0 130 0 0 199 105 0 0 0 0 125 195 0 228 272 0 163 282 110 145 251 175 0 281 210 0 279 0 189 170 141 134 0 213 148 315 0 277 0 136 0 173 154 221 109 115 0 0 216 0 172 100 113 0 0 0 108 134 287 0 168 283 0 0 0 124 0 0 214 0 281 0 0 0 0 0 0 246 0 188 143 0 131 272 134 136 0 130 0 276 0 0 0 177 0 127 0 256 0 260 249 261 256 227 165 281 0 120 270 241 0 0 140 0 283 0 253 263 0 0 149 0 0 236 0 0 193 127 0 191 227 183 0 0 0 200 0 202 235 176 239 0 164 0 227 251 0 279 247 205 0 0 0 182 273 154 271 129 0 282 0 215 109 0 166 0 0 0 0 0 205 197 184 177 0 0 0 130 0 152 0 0 0 0 0 0 0 0 262 235 0 320 314 277 316 120 264 259 266 181 195 257 0 176 0 0 0 0 135 202 0 0 142 0 0 0 134 0 220 122 326 108 116 201 0
0 0 0 0 0 149 174 229 0 0 0 0 286 0 0 0 0 276 0 152 0 0 320 0 0 137 0 0 0 0 216 0 0 0 96 0 199 0 105 0 0 0 0 0 220 0 0 295 121 0 0 0 0 279 265 208 291 152 142 0 0 273 147 0 0 0 153 0 0 0 0 153 260 210 120 167 0 0 103 208 151 290 0 0 269 134 239 275 0 230 0 210 243 0 299 0 0 266 262 0 0 238 237 0 285 259 269 0 251 238 284 110 0 0 199 185 225 137 0 0 0 0 201 0 123 148 0 0 0 0 312 0 312 181 0 0 128 0 168 164 210 166 0 0 0 0 0 136 0 0 0 137 305 0 247 0 147 0 159 0 279 0 105 277 106 118 0 271 0 0 152 0 0 0 318 0 161 0 0 130 286 234 0 0 155 0 0 0 0 122 208 133 0 0 0 272 201 0 171 291 280 0 0 0 0 0 112 0 0 0 104 0 0 0 0 0 0 0 267 0 0 233 139 180 222 0 0 225 0 113 278 284 0 0 161 0 108 0 109 0 0 293 0 141 0 226 170 280 0 0 0 0 0 0 289 203 231 243 104 0 0 0 283 0 274 0 278 250 0 299 184 0 281 174 0 124 0 0 0 150 0 144 129 228 227 142 144 0 0 0 0 0 250 243 0 188 310 0 0 168 0 0 263 289 262 166 0 216 0 0 295 0 170 291 0 127 0 0 152 272 0 215 0 0 0 0 195 170 0 0 139 0 0 109 224 0 0 0 0 231 0 258 270 244 153 0 152 0 220 139 0 221 101 0 0 0 278 268 227 95 262 235 136 191 0 0 0 206 231 0 0 0 94 273 0 0 110 218 0 169 0 0 0 0 0 0 0 0 222 0 0 0 115 114 131 281 0 184 106 125 296 0 195 0 213 148 0 0 160 0
0 131 0 297 0 0 266 267 0 186 125 0 288 0 0 0 0 122 293 100 219 0 258 0 0 260 124 225 0 0 0 132 270 132 125 132 160 0 0 0 0 95 0 123 0 0 141 255 0 139 266 171 0 164 230 279 0 194 309 0 134 0 0 115 0 139 257 0 0 129 0 0 0 0 263 0 273 0 0 0 244 0 0 0 111 255 163 200 194 0 262 106 134 0 105 0 0 287 0 309 0 0 295 0 0 103 165 268 246 0 0 0 0 0 101 0 115 289 154 0 267 0 0 264 0 0 289 250 149 0 0 0 0 0 0 0 228 0 101 106 171 248 300 176 0 286 209 152 222 129 0 0 0 0 0 0 0 172 0 0 193 261 253 0 0 0 0 174 255 186 0 0 139 136 0 138 214 0 0 0 180 260 123 0 0 152 141 0 127 0 0 175 118 0 289 222 0 168 152 0 0 0 215 0 235 166 0 230 254 0 0 0 264 258 217 0 264 0 247 121 189 309 136 147 166 0 280 0 0 0 0 0 155 299 0 123 136 129 0 294 0 215 0 189 137 133 214 0 248 144 0 207 0 139 184 192 0 0 120 0 228 0 163 0 0 0 0 245 133 255 244 0 0 0 96 279 0 289 0 142 0 0 181 0 216 278 207 124 260 176 126 0 152 169 168 157 0 189 248 0 0 0 0 288 234 0 272 281 0 0 258 177 166 271 248 0 0 0 180 112 0 273 0 272 0 240 258 226 0 254 224 0 0 147 133 300 0 0 0 0 107 0 296 0 0 312 0 196 235 162 240 0 148 111 0 0 232 193 0 307 183 183 0 0 0 0 0 166 222 0 0 0 0 113 151 0 127 280 150 291 0 0 155 151 0 164 194 191 0 243 187 0 0 229 304 0 137 0 0 178 0 227 0 0 0 0 222 179 0
0 0 259 0 0 0 0 0 0 0 182 0 131 286 0 145 0 0 0 114 124 0 0 0 0 109 129 0 0 181 0 0 0 139 0 265 277 224 196 229 0 248 180 257 126 0 157 0 301 0 172 193 164 0 154 189 0 128 150 174 207 0 117 108 0 219 0 135 0 0 221 120 0 0 174 261 0 153 0 280 0 0 0 0 0 0 240 167 289 181 0 0 0 123 145 0 205 228 0 215 114 0 0 128 204 193 143 0 0 208 0 0 0 174 201 0 0 0 106 0 0 0 0 121 268 0 0 0 159 275 0 0 0 173 99 252 211 0 156 0 0 273 280 0 0 0 269 0 217 0 0 120 215 185 306 0 0 0 179 0 0 123 261 0 0 203 0 0 0 295 0 0 0 204 0 0 0 0 0 214 0 0 0 196 0 160 0 181 182 0 0 248 204 0 234 0 0 151 0 0 0 0 251 0 138 0 0 0 226 99 0 219 0 119 214 257 158 0 201 178 142 0 0 132 0 0 144 147 0 119 0 284 211 0 193 0 0 141 0 210 193 215 251 0 0 0 103 0 0 256 0 0 0 0 250 0 0 0 118 247 254 274 0 271 0 0 0 0 0 115 165 113 289 0 0 290 0 159 0 0 0 0 0 0 0 0 0 261 0 0 149 149 160 114 249 212 213 0 168 201 0 0 0 0 0 0 0 0 0 0 0 0 272 260 177 159 0 0 172 175 0 0 0 0 0 0 0 0 209 259 0 0 283 173 201 0 0 276 0 0 0 204 0 0 0 0 0 0 220 193 138 0 230 128 0 0 0 0 0 213 233 171 163 172 0 0 215 0 198 166 0 205 0 0 0 135 0 276 313 0 212 0 193 0 0 212 255 0 0 250 0 103 147 165 184 192 186 0 0 0 263 0 0 192 266 0 0 0
0 165 122 204 119 102 130 0 138 0 0 0 0 0 240 0 0 123 0 211 0 0 214 0 0 261 152 0 0 176 160 0 0 0 196 267 0 0 0 0 103 0 187 0 204 0 299 0 0 0 226 0 0 123 193 0 306 0 0 0 0 130 0 105 248 0 253 141 0 113 112 0 292 299 232 156 0 279 0 0 266 210 261 206 258 0 198 126 0 161 266 278 0 285 200 0 120 171 0 0 0 257 0 0 170 0 0 162 0 0 0 111 121 0 0 189 0 0 0 0 0 268 128 0 0 183 0 159 0 0 0 202 0 0 0 0 0 207 134 0 264 0 200 0 264 0 272 0 0 0 166 0 0 141 242 175 0 102 0 0 282 0 0 0 0 0 0 0 0 228 170 0 0 289 140 0 221 0 0 0 181 127 0 0 0 0 0 296 112 0 236 0 0 268 0 230 0 0 182 0 0 191 115 0 0 169 269 185 0 0 0 125 0 0 294 0 176 0 0 116 0 128 197 0 121 109 0 0 153 244 0 0 152 126 160 0 0 194 110 128 0 190 0 167 0 208 142 125 134 0 0 221 105 0 172 0 0 0 0 267 188 0 0 228 0 268 265 190 277 106 239 262 115 222 0 0 0 185 0 0 110 107 216 161 0 110 110 0 253 145 136 181 0 178 303 0 0 0 149 0 220 0 175 0 202 221 0 233 141 0 0 0 0 0 0 0 288 0 123 203 0 0 0 0 0 0 116 296 0 131 0 237 0 195 136 167 205 170 117 0 191 176 0 98 147 0 0 0 205 0 215 0 178 0 0 224 0 251 0 0 201 0 0 0 281 0 0 151 140 248 0 0 261 0 0 0 123 0 235 223 259 186 179 177 216 0 0 0 0 213 288 111 0 0 0 208 0 0 114 0 0 187 0 105 228 0 0
0 0 0 0 0 241 0 300 210 0 0 105 0 0 0 170 308 0 0 0 0 0 0 0 0 144 0 133 0 180 0 210 266 0 173 149 0 133 0 186 220 0 0 0 314 0 0 184 160 267 228 0 150 0 0 198 166 179 0 225 269 176 0 135 227 0 0 0 193 182 262 239 275 211 0 0 0 167 0 0 0 208 0 107 0 243 216 184 308 0 269 171 122 190 0 204 225 0 144 260 226 0 285 0 278 138 180 0 0 130 0 0 0 0 227 210 159 246 0 0 250 0 252 207 231 243 0 0 0 108 0 0 181 0 164 275 0 0 139 0 137 215 0 0 282 317 262 0 273 163 0 134 193 148 0 0 180 0 0 0 158 0 0 0 107 270 224 194 0 270 0 0 265 231 0 132 291 0 0 222 264 0 0 269 261 193 0 0 291 0 0 134 0 0 206 192 209 0 128 0 245 222 248 117 155 172 211 258 0 119 261 0 116 246 0 180 218 205 190 0 248 0 217 159 172 0 0 0 197 214 271 291 0 0 148 0 189 0 0 0 0 0 124 0 151 0 0 202 143 0 277 157 249 0 252 150 0 247 0 0 0 0 177 0 180 0 123 314 248 0 281 282 305 256 0 150 0 0 0 239 122 0 97 0 0 256 169 0 0 99 184 0 0 0 207 198 165 0 253 0 0 106 277 300 156 136 184 0 245 0 0 219 258 0 156 0 271 0 141 0 247 0 210 245 0 0 252 0 0 0 0 0 0 267 0 0 260 0 0 0 0 220 0 259 122 121 194 0 160 0 277 212 0 0 0 135 0 0 250 0 241 0 217 142 299 153 247 0 193 193 0 225 257 0 0 189 194 0 0 155 0 258 185 0 115 218 260 244 0 0 220 208 0 0 0 0 286 215 277 268 0 0 231 106 267 0
0 231 0 131 0 248 0 234 246 246 0 0 306 189 211 204 143 117 0 117 278 123 0 0 222 195 272 0 0 288 175 0 199 168 0 0 239 0 263 152 0 0 121 149 204 0 0 0 202 207 173 0 317 0 121 135 271 0 203 105 0 253 203 269 202 0 144 269 245 233 0 199 0 209 0 0 119 0 136 0 202 273 241 0 0 275 0 196 190 246 160 0 0 262 0 274 0 0 257 138 268 226 280 280 201 0 0 0 0 0 0 0 182 317 275 0 176 0 106 0 114 0 188 0 0 210 237 0 0 0 0 263 0 0 132 131 0 0 0 134 249 105 247 0 0 189 0 0 108 118 213 282 0 0 118 0 126 279 167 0 0 253 0 0 0 218 263 0 115 0 0 0 232 0 0 0 0 188 0 155 236 0 0 210 289 0 0 0 0 0 0 201 201 111 164 327 285 0 121 291 0 0 198 0 0 113 218 0 250 0 131 251 164 0 239 0 115 273 0 0 215 198 224 115 0 297 0 0 0 0 0 242 211 0 0 101 0 0 0 270 0 210 248 0 0 210 0 218 217 0 137 184 259 0 223 221 168 189 211 0 0 0 0 0 0 0 152 284 0 0 236 0 172 0 0 120 278 199 0 0 0 0 161 130 0 0 0 0 132 0 0 273 0 0 0 261 0 0 0 0 166 0 200 242 0 0 0 0 265 0 0 265 0 158 156 201 0 0 0 0 235 0 234 110 0 256 151 0 0 229 235 0 300 0 147 201 161 0 0 0 101 0 268 217 0 123 274 0 0 117 269 244 200 0 0 192 0 0 0 0 0 215 0 132 150 0 100 0 0 317 209 0 117 0 0 299 0 0 298 253 139 0 0 0 126 276 171 217 0 261 0 0 0 200 0 241 265 0 179 146 0 179 0 251 0
0 182 0 0 0 113 154 0 0 0 0 0 0 285 162 158 288 0 0 0 0 0 0 0 0 182 0 0 148 0 216 0 0 0 188 0 227 278 100 0 197 0 208 236 0 0 150 138 0 119 0 0 275 0 169 0 224 244 278 192 0 277 0 103 0 268 261 0 0 229 0 0 238 194 264 104 108 178 153 301 0 112 188 141 168 0 0 229 0 0 0 0 132 219 0 252 0 0 0 0 152 275 0 0 0 165 176 206 122 200 193 0 0 0 0 0 196 0 0 123 0 0 0 245 0 0 0 0 0 0 243 0 0 131 0 201 0 0 0 0 200 0 261 114 0 0 0 147 171 123 165 121 220 0 0 0 0 0 0 0 145 0 295 129 0 107 0 213 0 0 0 0 181 0 0 132 0 162 126 261 229 0 0 216 0 285 0 0 0 262 0 0 144 193 0 0 0 227 209 0 0 0 0 0 0 179 0 280 0 181 111 233 123 0 263 0 0 217 0 105 293 109 279 207 0 0 104 308 0 223 202 0 0 176 0 112 150 0 186 0 143 0 296 0 235 167 0 0 215 0 0 0 146 0 106 233 0 0 222 0 200 272 236 152 139 0 0 0 0 106 112 179 0 0 0 0 131 0 0 278 249 0 0 255 167 271 244 0 159 0 0 126 0 0 0 0 0 0 0 0 0 255 0 270 0 0 0 265 268 151 214 262 213 228 226 0 0 0 295 151 0 183 240 0 0 0 0 0 0 0 0 149 0 0 141 0 0 0 0 0 164 280 0 158 0 166 257 222 222 0 238 0 0 168 203 0 107 106 232 0 0 225 183 0 156 233 285 287 0 230 269 149 126 267 0 0 256 0 285 0 177 0 0 0 138 0 0 244 109 0 143 0 0 149 137 0 0 213 0 248 172 255 0 0
0 0 0 258 181 0 214 245 0 111 309 0 0 148 147 149 252 0 0 0 198 207 191 143 118 0 0 267 134 256 187 229 0 255 231 0 0 0 0 0 237 140 275 0 0 197 0 0 0 197 193 204 0 284 0 0 214 0 250 0 0 103 0 0 0 218 0 0 0 104 0 0 201 192 0 0 266 0 107 0 0 204 0 0 171 151 0 0 0 306 258 0 142 205 0 284 0 0 0 265 0 0 0 0 0 180 109 252 0 0 0 0 0 0 308 153 0 0 0 270 0 0 206 0 126 0 0 293 0 193 303 0 272 168 191 0 0 238 148 146 139 103 128 0 0 0 0 148 0 265 0 0 223 0 0 278 0 0 185 214 211 0 149 0 0 0 0 0 0 168 0 0 272 0 0 0 0 0 0 0 0 0 227 0 153 134 0 267 196 0 192 116 202 0 206 0 0 0 0 0 0 0 0 187 0 204 116 0 0 0 0 0 114 0 0 265 262 0 284 254 268 0 0 149 118 279 217 0 188 288 0 0 286 181 0 0 200 125 288 0 0 0 95 0 0 0 110 98 137 292 149 191 0 180 195 0 258 143 0 147 0 290 0 263 0 0 105 230 223 166 151 0 0 0 0 145 248 271 0 215 0 271 0 167 281 134 107 203 0 126 0 0 0 0 0 205 0 0 254 0 238 0 185 0 0 211 0 0 0 0 196 0 0 0 0 0 195 164 125 0 292 258 245 0 238 274 144 0 0 159 192 0 0 150 117 199 197 183 0 229 0 0 217 264 0 303 167 0 0 0 281 0 0 0 0 0 125 0 181 0 160 0 0 235 0 0 0 0 0 117 281 0 0 207 0 247 0 0 0 220 0 154 0 131 0 0 211 176 222 127 0 0 0 134 163 0 0 109 0 116 126 0 0
0 229 137 0 0 238 0 0 0 119 146 278 181 143 0 0 150 0 0 0 0 0 0 192 0 0 0 0 0 0 156 0 0 0 0 0 0 0 0 0 219 0 0 0 188 148 0 0 154 0 0 233 272 0 126 238 0 255 163 0 0 127 0 0 244 280 0 0 240 0 180 0 253 252 0 159 0 0 0 167 0 123 228 234 111 280 125 0 129 0 0 240 0 108 193 0 0 0 0 286 0 0 279 0 234 0 117 135 220 0 0 0 251 145 0 0 0 133 121 111 241 0 144 226 244 270 0 0 227 220 0 168 179 153 0 0 147 239 178 0 114 269 248 172 0 158 125 0 0 243 160 253 0 0 0 295 0 220 226 0 0 0 258 98 0 149 0 177 277 118 0 294 0 0 150 0 197 128 307 175 286 0 0 289 0 0 150 0 168 171 0 262 146 0 215 284 184 0 119 0 186 276 0 120 0 167 285 0 221 0 265 0 197 0 115 0 155 289 178 0 316 226 165 208 0 0 256 139 0 167 0 0 94 175 0 148 178 120 306 0 0 100 114 0 259 193 0 120 0 135 234 0 0 295 235 0 0 249 0 0 0 293 0 158 139 115 0 0 165 0 304 180 301 0 0 148 0 0 0 0 214 0 0 0 272 0 164 0 0 0 222 310 0 231 0 206 0 0 295 0 214 144 0 159 0 0 109 0 289 237 199 0 0 0 0 0 230 222 0 0 105 229 188 169 0 132 0 0 124 0 0 0 236 0 171 0 0 135 0 215 0 265 0 0 235 172 0 0 0 0 0 0 0 0 125 0 0 171 0 0 0 219 209 185 231 260 224 293 296 0 183 0 0 0 0 0 235 113 0 140 0 273 258 116 0 0 0 0 131 207 0 0 201 147 0 171 0 279 0 0 250 0
0 0 0 0 260 0 0 271 257 0 0 0 0 0 0 124 207 297 259 0 140 0 0 279 272 112 210 263 0 0 0 0 0 0 0 150 0 154 0 278 0 240 0 108 251 0 259 272 140 0 280 0 97 137 274 0 146 0 0 0 188 0 0 0 0 0 0 246 0 122 0 0 0 158 0 273 0 220 141 0 219 0 220 133 0 138 169 312 288 174 98 0 0 190 203 0 159 192 262 0 291 0 205 120 0 185 173 101 0 143 298 267 190 144 150 106 0 222 0 0 0 251 133 204 0 0 230 177 0 0 187 191 229 110 217 0 160 186 235 0 0 223 122 0 231 188 149 0 0 223 0 230 281 195 120 112 0 171 294 306 264 0 0 184 236 206 0 176 228 0 0 0 290 0 0 0 0 0 276 0 0 0 136 0 129 0 0 196 0 220 194 0 0 102 139 0 0 0 147 0 299 270 155 302 296 166 294 0 0 146 173 130 210 0 0 111 0 0 0 261 112 278 197 0 143 0 106 0 261 0 255 114 147 275 92 242 230 0 0 0 0 228 248 0 184 0 0 247 187 125 0 133 0 0 0 0 209 0 278 0 151 0 176 311 198 214 0 259 0 117 0 255 0 174 279 180 178 177 0 0 0 0 290 0 146 0 0 0 0 131 154 191 216 174 0 147 165 0 0 0 0 0 0 170 0 296 141 0 313 285 275 126 0 0 0 286 169 297 0 0 107 0 138 0 119 107 146 0 242 251 152 239 298 142 0 0 0 0 285 162 251 0 286 292 170 114 0 0 0 277 118 0 180 0 280 184 257 0 0 0 0 214 224 162 237 0 0 212 142 0 120 0 121 0 160 98 218 149 96 104 0 216 0 0 0 0 0 93 0 214 0 0 167 162 264 0 0 279 0 136 0
0 267 235 163 0 0 0 267 0 110 0 243 0 199 269 117 0 0 221 299 113 0 0 0 0 258 195 102 286 197 134 0 278 0 0 170 0 229 0 0 187 0 196 0 0 269 0 122 192 0 0 0 0 218 114 0 0 127 0 132 0 242 163 0 0 0 270 0 109 245 0 183 178 121 218 234 186 0 0 193 0 180 258 188 120 0 0 0 284 0 0 0 0 0 0 226 0 120 0 222 121 106 0 233 0 0 0 236 0 240 0 0 0 0 111 0 132 0 200 0 287 229 116 205 277 187 0 0 0 0 173 172 195 212 171 0 0 127 0 259 264 252 166 216 0 140 0 0 0 0 263 0 219 167 268 239 129 96 305 0 139 256 203 129 144 0 0 275 0 274 165 0 0 0 0 155 164 0 0 247 203 0 0 0 164 0 102 164 262 237 121 0 124 0 0 142 0 0 0 265 157 0 0 0 0 0 157 128 287 237 0 0 0 208 0 0 0 0 115 0 218 290 137 0 111 149 0 0 167 0 0 0 0 273 0 0 253 0 0 227 135 249 0 152 171 179 0 0 0 224 0 0 0 0 0 0 0 0 0 0 0 255 257 0 122 0 202 0 272 126 253 189 0 241 0 237 0 116 296 0 0 0 0 0 306 0 252 0 0 164 148 212 0 274 0 0 162 0 188 0 0 181 121 0 260 0 137 0 195 204 0 238 154 141 0 0 0 0 0 0 0 280 247 249 140 0 0 104 0 190 229 0 0 0 0 107 0 140 147 0 0 259 194 0 132 0 164 116 0 186 0 0 0 123 0 114 0 0 255 0 0 0 193 0 0 211 273 177 130 114 0 276 308 113 0 0 163 162 0 285 113 0 294 216 0 0 104 0 0 0 0 0 231 0 264 173 0 221 0 0
0 223 0 0 0 0 0 0 116 0 208 0 195 103 0 0 203 223 260 0 0 200 170 0 0 0 0 0 0 173 185 189 0 0 0 0 278 0 232 0 241 196 0 0 0 0 138 283 260 0 160 293 0 132 0 200 217 0 0 217 178 0 150 0 0 0 128 203 0 244 263 139 283 0 242 162 0 0 146 0 0 253 0 0 0 0 0 252 274 0 257 167 170 0 0 0 182 214 131 0 218 0 0 109 0 0 0 0 239 0 0 0 0 0 306 0 0 158 0 271 172 223 285 0 276 0 107 0 0 238 113 234 301 221 0 147 296 265 190 0 0 125 0 276 0 0 225 146 0 0 168 0 0 152 139 0 260 0 156 0 172 0 208 0 0 0 0 146 182 239 0 168 0 224 231 193 233 0 196 262 0 255 0 0 159 301 236 0 0 0 0 0 0 0 114 0 205 140 229 241 211 0 118 0 0 156 0 0 0 102 0 259 0 0 0 207 0 0 283 0 99 0 259 200 196 0 218 191 258 0 258 263 0 0 154 0 0 159 0 158 0 0 0 178 0 0 0 0 242 0 133 189 0 174 261 0 0 221 219 0 0 0 0 0 163 285 0 0 0 0 0 218 197 0 0 0 0 175 112 0 246 0 0 129 0 0 201 171 126 0 0 219 0 0 0 109 0 0 158 0 217 0 0 0 0 0 144 0 0 0 241 0 197 110 0 136 113 0 0 0 208 0 0 250 219 0 231 303 181 0 201 0 0 213 298 0 216 0 118 111 189 274 0 0 0 218 141 0 0 0 0 247 272 166 0 0 0 170 316 0 183 148 218 0 0 193 115 270 128 0 228 0 106 0 202 0 0 160 0 0 274 265 0 284 284 103 0 0 0 100 309 204 0 122 287 0 207 194 0
0 0 189 0 286 0 0 252 285 0 277 193 241 209 108 0 173 0 0 0 139 210 192 124 177 0 0 118 0 0 263 190 171 0 0 248 235 0 0 273 140 200 0 262 0 151 216 0 260 0 249 0 0 0 0 173 204 0 0 255 0 268 166 0 118 250 166 298 300 0 0 0 232 0 260 0 0 293 263 178 0 0 0 203 0 254 279 131 192 0 0 0 225 211 240 0 188 225 0 300 0 0 245 217 0 0 0 103 0 208 148 266 0 0 283 200 0 0 196 0 0 187 194 266 0 176 187 0 113 191 222 0 0 122 237 154 0 0 257 0 152 246 0 273 0 213 0 0 220 143 258 209 0 0 115 0 157 0 205 248 166 172 0 0 0 216 0 0 196 283 201 0 0 271 139 150 249 213 0 217 254 0 323 304 277 0 0 208 145 274 152 0 0 197 190 132 0 210 0 0 251 0 189 235 281 175 0 188 218 255 0 0 189 268 0 0 0 0 0 0 0 0 232 187 300 176 271 223 0 0 236 0 0 102 134 214 0 0 157 212 200 0 0 0 143 0 0 112 220 273 0 274 118 265 0 0 259 0 0 240 0 156 115 154 167 0 118 0 0 0 0 0 0 0 270 0 178 0 188 196 0 0 0 233 0 0 0 0 0 0 0 190 200 255 0 132 0 0 0 168 221 114 156 0 104 0 0 181 0 0 0 0 0 0 0 0 111 193 126 0 229 135 289 0 233 308 267 0 199 0 195 219 126 139 113 0 285 0 264 162 0 111 0 214 0 176 216 276 0 0 0 0 246 246 287 189 0 127 204 0 140 167 271 0 0 230 0 253 233 0 225 0 271 102 184 256 0 144 271 211 192 132 300 219 0 0 125 223 0 0 0 0 227 197 0 282 158 0
0 0 0 0 0 0 0 215 0 158 279 192 144 0 188 0 140 0 151 0 0 0 0 260 0 0 0 190 250 0 192 262 196 186 0 175 0 262 0 252 309 138 0 186 0 0 147 226 264 0 0 280 0 281 149 0 0 199 0 171 232 0 100 256 255 153 131 312 130 112 0 0 0 0 0 149 162 0 0 0 215 0 213 150 0 275 0 284 186 0 0 164 202 0 0 0 0 0 0 0 150 0 0 269 0 0 0 0 123 102 105 0 304 0 0 217 168 0 254 0 0 0 0 0 119 0 111 110 0 0 114 0 205 277 0 125 207 0 289 123 0 0 0 0 0 0 0 0 212 248 256 0 296 0 0 0 0 156 287 102 151 0 122 0 137 210 0 0 156 0 152 0 0 0 0 0 0 0 0 0 115 265 210 0 0 220 257 0 0 0 0 0 0 0 128 0 0 0 0 0 133 195 131 0 242 0 0 170 186 0 0 0 109 0 278 213 0 220 0 236 232 0 0 176 0 128 249 142 0 230 0 113 0 140 181 266 258 0 111 241 0 0 284 0 195 147 0 0 126 0 0 254 287 280 227 0 0 112 166 223 0 226 0 249 0 0 199 120 0 164 241 196 215 0 0 0 183 0 0 213 0 256 164 0 103 0 168 301 0 0 0 109 0 225 0 0 0 121 298 109 0 175 223 0 186 172 0 126 178 196 295 109 0 295 0 118 198 124 0 153 190 0 203 189 0 0 0 0 0 168 276 163 0 0 224 0 140 0 223 289 0 143 0 117 0 0 0 264 97 108 0 0 184 297 273 0 0 120 0 195 0 189 142 96 284 0 289 218 0 0 0 0 0 267 0 0 0 0 0 293 0 0 0 0 0 167 0 0 158 0 0 138 255 0 0 0 0
0 229 124 111 212 163 0 280 127 0 0 214 232 0 0 217 0 0 0 0 0 138 0 249 234 230 189 112 0 283 0 0 189 0 0 161 0 157 158 101 274 190 293 0 0 0 223 0 106 0 124 264 0 225 124 152 269 149 226 132 113 0 0 181 271 228 0 109 250 144 112 0 0 182 213 0 206 123 0 0 107 0 115 0 263 106 0 0 271 280 0 144 305 175 0 0 171 252 184 267 0 0 102 0 161 0 107 206 0 0 250 0 280 0 0 158 235 0 195 127 0 238 218 109 0 281 149 0 198 0 0 247 289 99 0 165 287 0 0 0 300 149 220 220 0 0 0 194 152 0 0 0 131 0 278 0 0 0 0 197 0 193 119 137 210 109 114 0 0 100 222 233 299 0 0 0 0 0 0 258 0 0 188 0 0 158 0 0 0 0 0 304 268 0 257 0 134 245 0 0 0 275 0 0 140 149 0 0 173 124 0 239 180 0 172 184 128 0 0 147 0 192 0 0 0 296 0 186 159 285 0 0 0 0 277 208 286 147 224 206 0 202 210 0 0 0 0 0 0 0 0 0 0 249 0 198 0 168 145 0 143 177 152 0 141 0 0 214 141 0 0 279 0 129 0 0 0 0 0 304 156 0 0 232 160 181 0 0 170 200 0 204 166 0 190 209 0 108 0 223 0 155 0 245 0 0 273 0 0 104 227 0 0 0 0 0 180 255 171 0 0 229 203 224 109 0 0 240 287 0 261 0 0 0 152 152 0 0 0 252 205 0 0 147 0 0 0 110 0 0 0 0 0 0 98 142 0 0 211 0 0 0 0 0 0 0 269 0 143 0 300 225 102 0 212 122 0 146 0 0 224 0 244 0 0 0 0 175 118 143 174 0 126 0 0 0
0 0 286 0 0 232 0 0 95 0 0 0 192 110 291 186 256 226 296 215 0 0 99 111 142 278 0 0 0 0 298 280 116 0 0 137 0 146 0 0 0 238 0 190 0 139 187 181 0 0 0 237 149 0 171 223 181 0 120 0 161 200 0 138 0 111 301 216 270 268 0 0 274 0 0 125 0 228 0 148 222 0 0 0 193 190 207 0 0 123 0 129 0 261 289 0 0 270 0 0 145 251 277 185 0 0 262 0 0 199 241 264 0 115 0 0 0 0 298 0 0 207 0 223 0 0 282 122 154 0 0 179 0 0 287 113 0 212 244 236 0 0 269 0 0 149 0 0 0 294 0 0 0 258 152 109 0 0 212 0 0 0 0 174 0 194 135 129 0 276 251 0 0 0 0 0 0 0 185 0 0 220 0 203 0 150 196 108 0 135 0 155 144 0 0 151 0 198 174 0 109 0 187 0 0 150 105 311 0 270 0 209 299 210 288 189 279 0 0 265 0 177 216 305 158 0 0 220 266 194 0 168 0 157 0 0 193 129 0 150 0 191 225 0 144 0 0 0 178 0 0 0 0 224 0 0 156 0 0 239 0 0 121 171 0 247 246 294 0 281 0 0 0 281 0 283 0 278 0 227 151 219 133 249 122 0 0 187 0 146 0 119 0 269 0 137 207 202 0 0 125 261 0 0 0 249 148 0 217 231 0 221 257 0 213 0 0 0 192 0 116 0 256 189 0 0 162 113 0 175 0 167 140 0 0 213 172 256 0 0 0 0 0 226 117 204 0 0 217 142 0 0 0 266 157 243 113 239 0 110 0 178 181 137 0 0 186 129 221 0 0 0 250 0 0 0 269 149 0 0 238 145 0 238 0 219 0 0 0 0 242 0 174 266 0
0 0 249 275 0 0 136 0 0 181 226 0 175 186 0 0 105 0 0 245 0 183 296 0 0 0 223 0 0 0 220 0 185 113 102 0 223 128 95 0 0 0 0 176 0 174 134 129 0 188 0 0 0 239 199 0 106 280 152 232 0 271 105 0 287 0 0 174 0 0 0 289 108 0 113 201 304 265 248 190 225 0 0 184 229 0 204 0 238 208 157 0 0 181 0 126 134 0 0 0 182 108 0 268 0 167 0 0 0 0 101 0 0 111 0 99 0 276 0 0 0 0 0 112 0 0 154 0 222 135 0 182 0 228 0 0 281 122 0 0 265 0 185 0 191 0 0 100 179 272 126 206 0 0 0 137 0 0 212 0 287 0 270 229 0 266 124 0 244 147 155 246 0 0 277 176 0 182 219 210 0 0 166 0 94 114 121 0 289 109 0 0 0 253 0 172 242 248 294 245 0 0 0 124 0 0 0 0 160 206 0 0 164 0 204 282 140 0 220 0 262 215 268 0 0 177 159 243 247 0 0 156 255 0 0 0 0 0 178 237 0 0 192 258 229 0 0 0 0 0 193 0 0 270 0 0 0 0 0 0 147 0 241 104 0 176 0 0 0 0 0 0 214 0 215 0 0 0 0 0 0 273 0 0 0 0 0 275 113 0 214 0 225 0 219 0 0 233 276 220 0 136 143 179 104 246 149 0 0 166 251 0 0 0 238 181 187 0 115 0 0 266 250 0 188 174 154 0 0 0 210 0 181 133 0 235 0 0 0 0 0 296 0 219 204 0 253 105 235 204 243 252 0 0 128 232 234 271 283 310 0 245 0 270 104 146 0 0 0 106 245 102 0 0 0 191 200 0 109 126 0 151 126 0 112 0 0 0 0 155 147 0 247 0
0 144 127 0 0 0 167 0 0 0 0 245 242 0 111 0 284 0 227 265 0 182 0 268 287 0 0 208 205 151 136 270 0 149 294 0 305 174 147 140 106 0 0 0 165 188 0 124 294 0 113 107 215 159 167 0 266 206 0 227 241 0 193 173 0 164 120 0 141 182 187 0 0 0 291 206 0 288 252 210 0 0 0 0 201 164 135 0 0 107 0 212 168 206 191 0 0 0 0 0 0 265 137 0 262 0 0 0 195 251 212 297 0 244 0 0 151 0 111 0 118 0 0 128 240 274 203 0 195 0 246 0 134 236 139 119 162 155 0 0 144 149 154 0 0 98 270 208 222 298 298 230 0 0 0 0 170 101 111 0 129 0 297 245 0 284 106 0 0 130 166 0 0 0 207 122 183 0 0 239 0 0 327 208 0 0 0 0 0 189 0 211 0 192 0 0 0 232 220 240 0 0 290 0 0 269 120 236 96 143 0 198 125 0 145 0 208 0 238 0 0 132 133 194 0 0 0 166 233 243 0 256 172 0 0 0 0 179 135 184 130 254 272 140 0 0 0 0 0 0 0 0 118 112 246 0 0 178 191 186 109 109 96 0 222 109 0 0 243 228 304 0 135 0 257 196 0 0 0 0 256 0 0 0 193 244 265 0 227 263 0 0 0 225 0 0 0 0 224 0 209 218 0 0 269 0 0 0 164 0 0 234 249 0 275 0 0 0 286 304 0 0 197 265 0 0 164 0 296 0 231 322 211 113 231 0 206 227 0 210 260 300 172 144 169 234 145 203 0 179 162 0 0 0 0 291 0 0 0 117 252 199 103 292 0 0 0 299 141 0 0 217 122 0 178 0 0 0 237 122 107 127 0 0 0 261 0 0 0 0 0 0 0
0 161 0 0 0 0 0 0 0 203 0 137 105 0 286 0 191 218 250 106 152 210 110 0 275 238 0 0 0 203 228 278 289 254 0 0 0 0 0 0 0 145 214 0 110 0 0 275 289 201 0 117 267 140 256 277 0 127 0 0 0 0 121 0 0 175 0 0 191 0 0 210 142 304 0 100 124 184 273 163 0 152 0 180 0 0 0 272 0 0 238 302 185 0 0 0 0 0 0 276 0 0 194 246 0 107 0 263 184 0 274 269 170 0 0 0 0 0 0 0 143 0 192 283 241 180 168 0 0 184 0 281 271 144 0 127 107 0 0 108 293 0 0 141 108 0 249 0 165 0 166 257 0 261 242 179 309 0 0 136 258 136 0 103 163 0 0 182 0 0 0 154 0 0 142 0 0 150 284 0 250 0 0 0 115 0 0 100 0 0 0 0 0 315 127 0 201 237 0 135 0 0 0 209 0 0 157 183 212 0 293 0 215 0 0 211 225 117 0 0 279 0 278 0 235 0 0 104 0 0 0 0 0 0 0 0 176 0 194 243 0 275 0 250 0 243 0 283 0 0 204 257 225 0 0 271 228 0 0 0 0 167 264 162 244 0 164 259 225 150 137 0 0 0 0 0 0 177 249 0 0 0 0 246 317 0 0 284 0 138 100 0 200 272 0 0 0 0 0 208 0 121 0 211 244 157 306 132 0 161 0 142 245 104 0 0 110 0 0 0 0 0 176 0 146 278 305 0 301 141 122 0 191 172 0 265 286 0 111 296 287 219 0 174 119 0 264 0 0 195 0 0 100 0 0 175 279 159 157 0 0 0 0 283 0 0 262 0 266 151 167 270 0 0 133 108 217 104 0 0 0 0 223 251 198 163 215 223 104 0 257 0
0 0 155 0 0 184 0 0 0 147 220 280 0 122 117 0 0 109 0 0 299 0 262 102 261 247 0 242 0 0 0 0 242 0 0 0 109 0 0 0 0 123 0 203 0 270 0 225 220 176 0 0 0 160 0 287 0 197 232 0 0 241 300 252 0 0 0 0 0 0 145 173 221 279 0 0 0 238 0 115 192 99 0 0 0 0 0 203 141 0 238 284 268 0 0 267 141 0 0 172 278 0 0 0 0 109 0 285 283 170 0 0 289 226 235 0 0 0 162 195 0 0 0 244 186 0 0 137 110 112 297 273 0 147 170 0 250 0 232 0 0 0 260 254 0 0 276 133 0 0 0 102 171 166 0 0 161 0 145 0 203 137 124 0 237 0 0 0 211 169 105 0 0 0 276 0 245 0 0 0 0 0 162 297 0 0 169 293 210 0 158 0 0 0 0 0 0 0 182 251 239 169 264 0 0 0 216 0 0 0 0 0 191 0 171 0 0 160 0 0 187 0 168 0 0 0 168 0 170 0 0 290 0 0 281 0 236 0 249 0 0 0 0 0 160 168 263 141 169 222 234 0 0 257 0 0 0 0 166 173 112 218 110 275 0 282 0 104 203 107 0 0 0 281 0 141 274 0 0 142 0 170 281 0 0 0 126 0 0 0 0 0 0 0 223 0 178 254 0 0 0 0 0 191 0 0 0 119 228 213 0 0 155 189 0 318 273 0 0 295 103 0 0 0 194 268 0 0 229 116 0 0 248 0 156 0 215 237 120 257 238 0 0 0 0 245 0 124 0 0 0 0 0 0 0 119 0 277 105 0 0 0 191 218 185 0 159 0 0 264 183 0 0 121 145 0 0 0 149 275 294 108 180 273 0 288 0 0 0 144 0
0 0 238 0 175 141 0 0 0 185 226 249 321 236 188 0 143 0 165 0 274 266 0 165 166 206 218 274 0 252 151 0 151 179 0 0 234 0 249 182 128 0 102 0 0 0 0 248 244 0 280 188 117 0 195 0 0 0 0 104 220 165 0 218 198 0 0 274 0 0 230 311 172 116 0 261 103 0 99 0 197 0 110 0 307 99 127 0 123 0 189 0 0 300 286 125 236 0 0 102 256 181 0 0 269 0 0 146 178 219 118 239 0 215 198 0 0 177 0 0 0 256 0 99 0 145 236 238 112 128 177 246 143 0 229 0 262 108 248 0 309 132 199 0 225 0 160 296 194 0 272 0 264 184 0 279 218 234 256 0 175 0 146 0 150 0 0 0 149 0 95 0 0 254 0 0 210 0 181 0 286 256 0 0 0 109 0 98 0 294 257 114 126 0 257 256 285 102 0 0 0 0 0 0 233 215 252 0 0 0 218 131 181 0 0 277 121 272 144 180 203 0 285 0 0 0 158 305 262 275 0 0 140 120 138 0 123 0 0 285 0 0 0 286 0 230 307 263 224 0 297 0 114 106 283 129 0 0 177 232 226 111 0 302 142 104 285 192 209 0 245 190 0 213 0 273 165 0 0 102 0 170 177 285 134 0 0 184 0 0 0 0 202 188 210 201 0 241 0 0 291 181 0 121 0 0 0 238 275 177 253 221 0 0 184 139 215 0 0 289 194 0 175 0 211 222 0 172 101 284 0 0 0 0 172 264 107 191 0 281 290 0 210 0 202 251 245 111 0 169 106 0 98 279 0 0 0 0 242 154 208 143 0 144 157 127 162 0 0 292 126 130 0 286 110 0 0 0 0 0 246 123 212 0 0 0 0 164 172 0
0 0 0 114 0 182 0 278 159 0 210 0 235 0 179 139 0 146 0 0 0 0 130 0 105 0 229 280 0 0 0 146 135 0 149 127 0 167 163 0 0 0 0 238 0 0 161 124 146 240 185 272 0 0 227 0 0 269 146 0 271 152 117 0 204 0 202 242 308 152 280 242 283 289 0 188 265 196 223 0 152 0 0 162 0 289 221 0 203 0 198 0 0 220 254 122 0 248 0 0 0 218 0 0 0 265 0 292 174 0 209 0 211 0 0 188 0 265 237 0 245 213 205 118 297 0 235 209 0 0 0 107 0 0 0 0 0 0 293 130 0 290 257 0 274 186 104 0 156 217 250 0 0 0 0 256 163 111 0 0 0 0 227 0 0 217 0 0 0 235 267 228 0 0 309 103 0 0 0 0 233 153 0 295 161 224 243 218 0 125 274 263 108 0 0 233 161 140 0 0 0 0 0 218 0 0 0 281 0 0 262 0 0 234 0 0 145 271 215 0 0 0 252 135 290 0 239 0 240 0 0 0 265 172 129 96 102 0 0 0 0 110 0 0 0 109 111 194 0 274 0 210 0 0 0 265 0 0 283 248 228 0 127 0 145 133 0 0 238 0 0 0 266 0 0 244 0 116 131 118 142 163 219 122 121 0 103 184 0 0 261 278 133 0 0 165 0 0 233 127 0 0 284 103 0 0 0 0 0 0 0 0 0 109 264 201 229 106 0 0 0 262 118 0 314 0 0 180 0 213 275 0 185 310 133 248 178 0 250 0 230 213 0 0 222 0 0 0 0 145 0 279 228 227 115 0 0 0 0 0 0 0 208 231 0 213 0 197 282 308 0 0 0 0 0 261 0 0 289 166 125 189 0 0 222 312 253 243 0
0 0 138 0 219 269 0 0 115 0 269 0 0 0 166 0 0 312 0 0 0 0 105 0 140 0 246 214 101 0 0 158 0 0 256 116 280 0 0 243 159 168 0 0 241 0 254 119 0 0 219 306 0 0 0 224 0 0 0 279 123 0 0 0 259 207 0 204 0 0 187 0 269 133 201 0 250 138 0 0 0 0 0 261 0 0 275 0 112 0 105 0 101 250 0 0 110 0 0 189 0 0 0 271 0 290 0 0 0 116 0 0 114 185 261 0 0 0 0 0 309 0 224 0 0 0 289 0 224 0 0 147 176 214 282 146 162 98 0 183 0 0 0 97 136 188 0 0 141 0 0 177 0 196 0 218 0 152 212 115 0 0 258 0 0 0 232 275 0 226 151 131 0 259 0 216 0 0 144 296 0 0 0 0 0 111 226 105 0 202 225 0 233 0 246 0 199 170 149 156 0 0 148 0 266 281 0 103 0 0 101 0 123 231 102 0 0 185 0 0 211 220 0 131 0 163 233 223 176 0 163 217 228 0 168 0 0 0 0 0 294 0 0 0 207 0 0 0 0 0 125 0 0 202 0 0 0 161 208 221 0 238 229 159 259 0 0 0 201 200 0 0 241 0 0 200 0 0 215 258 0 203 150 227 145 177 219 125 122 267 126 273 0 166 287 0 149 0 0 107 131 0 232 122 0 0 0 253 0 249 0 124 223 299 146 261 176 0 153 0 125 219 122 245 0 0 182 0 0 0 168 0 179 261 0 249 0 135 203 187 0 0 0 229 178 0 0 0 119 0 277 0 221 0 128 275 258 0 245 0 219 0 216 231 0 194 0 0 234 0 281 188 0 244 116 0 278 242 193 201 0 176 155 0 184 147 0 0
0 0 254 292 0 0 174 0 206 0 151 0 0 0 0 213 0 0 0 0 0 291 0 133 0 0 0 0 144 138 0 0 0 160 0 152 0 0 142 0 0 0 0 0 230 180 217 187 202 0 0 113 0 0 0 0 117 0 250 0 142 0 305 0 0 0 0 0 262 172 0 210 0 0 0 0 0 0 193 291 0 100 0 198 213 0 0 0 249 292 0 0 144 0 261 0 0 166 0 287 0 0 276 0 0 176 0 278 133 0 0 175 0 302 143 166 0 200 116 221 0 0 132 0 0 178 0 214 0 122 168 151 215 267 0 213 137 0 0 175 0 0 195 0 269 318 0 0 0 0 0 0 172 0 0 110 0 0 0 146 0 0 0 146 153 139 0 190 213 230 0 0 0 285 0 199 163 309 0 0 0 0 253 0 252 0 0 209 0 0 0 156 133 180 0 0 108 0 0 224 286 0 281 189 0 0 226 0 0 0 250 0 240 0 0 270 280 241 198 0 0 266 0 0 0 303 0 306 221 0 0 104 0 237 177 182 0 0 0 185 156 230 0 157 305 0 259 0 168 227 0 0 299 199 0 0 267 267 218 0 115 0 269 222 221 0 0 155 0 0 0 0 238 122 0 194 169 118 0 131 180 0 226 0 157 175 129 181 0 0 0 0 0 0 0 0 0 282 220 0 257 0 207 0 154 0 273 0 0 122 0 261 234 0 0 269 0 0 0 0 264 0 0 171 147 100 236 0 0 0 0 163 0 127 232 291 297 0 256 0 194 152 0 135 194 0 131 247 0 0 254 0 216 0 165 107 0 0 0 0 207 222 122 271 183 275 0 197 0 245 278 0 150 0 0 0 0 102 123 183 0 328 0 0 0 0 0
0 0 0 252 177 307 271 195 0 0 115 0 0 0 0 217 115 0 0 252 0 160 0 257 0 0 114 0 0 247 187 156 0 0 144 315 0 0 0 0 164 0 0 0 0 243 116 271 0 186 0 122 0 241 0 234 0 0 0 244 265 247 135 0 207 103 0 194 168 117 0 105 0 0 242 0 0 0 0 155 295 0 221 0 0 164 0 0 0 240 0 257 103 0 0 228 0 204 0 0 253 0 197 0 215 0 292 277 0 0 277 0 0 0 0 167 172 161 0 0 134 0 0 258 0 0 0 268 157 0 0 0 109 0 0 179 169 317 0 199 0 0 120 0 0 0 304 0 298 208 214 219 0 0 0 223 258 217 175 194 152 149 0 136 178 216 0 0 0 0 315 0 196 124 104 0 0 157 0 0 0 0 0 251 0 146 0 0 0 142 0 0 0 225 203 183 99 252 0 0 0 268 245 0 0 131 159 0 0 121 0 0 0 255 112 204 186 0 265 0 138 0 192 0 0 0 0 136 0 0 273 0 0 189 189 0 0 0 190 0 305 236 225 0 242 0 0 0 209 0 0 286 154 109 210 280 0 0 0 0 0 128 129 0 0 0 187 0 218 0 0 261 0 136 193 204 117 0 0 0 251 0 221 273 0 282 133 138 271 204 145 288 0 0 0 241 233 213 0 0 115 0 0 168 291 0 0 112 195 162 255 138 220 0 253 149 0 0 0 0 0 193 0 110 154 164 0 178 179 0 276 0 0 232 261 205 285 160 0 102 0 168 241 272 232 0 0 201 213 117 175 0 0 197 0 0 157 0 0 0 0 155 277 119 0 0 195 152 114 154 0 175 200 221 0 0 122 0 0 0 0 129 274 0 0 0
0 202 195 0 178 194 0 108 215 0 0 213 217 0 242 0 0 0 0 0 279 104 0 0 222 0 281 206 174 222 0 0 189 249 255 0 147 0 286 246 286 0 116 0 271 222 0 278 0 0 0 236 0 196 224 0 0 109 229 287 230 275 0 107 248 167 0 0 0 0 0 0 266 222 0 0 299 270 244 0 184 138 0 144 271 0 0 0 0 137 0 133 0 146 190 165 0 156 0 242 223 0 157 0 278 0 140 136 194 110 284 122 0 0 215 0 0 0 0 0 0 0 0 304 164 249 244 0 182 0 294 267 113 0 0 297 303 206 142 143 289 0 102 0 159 0 235 290 248 0 149 310 162 0 0 226 0 211 149 0 136 0 269 140 170 0 114 203 0 0 246 0 0 310 0 0 148 0 0 232 0 105 109 265 284 141 261 117 0 130 266 0 0 110 159 157 158 0 286 0 0 0 0 0 180 252 0 156 0 165 222 0 100 239 0 136 273 0 0 0 178 0 190 135 0 0 156 0 0 266 0 236 166 207 150 0 0 0 0 0 0 207 242 276 0 165 284 107 0 0 205 0 166 276 265 186 0 250 0 204 0 273 267 280 259 0 111 0 224 234 290 104 233 127 182 0 0 243 0 0 156 0 0 0 146 0 0 0 296 284 0 225 0 157 0 115 270 0 0 279 0 251 0 117 238 0 229 0 0 290 122 182 0 0 0 0 116 0 210 0 0 264 0 0 298 175 271 0 0 199 0 184 0 0 0 250 247 0 263 235 185 292 108 126 0 0 0 0 305 232 0 0 269 141 0 0 126 0 196 194 276 0 156 138 0 0 320 0 111 0 230 106 255 280 0 0 0 236 0 190 281 0 0 0 0
0 0 275 173 0 0 0 113 211 218 0 0 244 0 243 0 0 0 0 0 0 0 241 276 168 154 160 190 0 300 0 296 107 262 273 0 0 0 216 196 0 282 0 0 173 235 176 0 125 0 0 0 0 178 0 0 214 113 0 162 205 174 114 0 123 0 0 0 142 0 235 270 0 237 195 0 0 0 0 291 0 226 0 0 113 0 0 0 0 238 270 268 265 162 0 210 0 153 0 0 0 0 230 235 137 0 161 297 0 189 0 105 231 146 194 0 110 0 0 0 232 97 0 0 284 0 114 0 0 283 0 0 243 188 0 228 139 267 201 100 0 237 215 251 113 0 193 235 0 112 0 203 205 125 249 227 213 0 0 199 143 203 0 149 0 178 206 130 186 0 0 0 0 0 0 0 193 192 0 0 0 179 130 0 198 0 0 218 0 187 0 153 0 0 0 222 230 170 285 104 201 173 0 0 0 229 194 113 124 0 0 0 229 252 293 0 154 0 100 0 138 291 0 0 278 228 119 169 273 0 186 105 284 0 224 0 0 177 0 112 301 0 0 0 192 0 282 0 0 0 195 0 213 278 113 257 254 185 146 249 0 0 0 0 0 0 178 125 133 0 245 0 0 271 158 0 0 0 0 0 281 213 200 0 0 0 0 152 0 0 258 0 175 265 220 292 0 0 112 0 118 0 161 150 0 0 244 239 205 119 246 245 214 0 0 0 233 156 0 0 196 0 0 176 0 307 0 0 0 188 0 0 118 0 209 0 0 0 223 0 114 0 212 0 0 0 199 0 138 0 0 112 229 0 0 262 0 0 0 0 0 173 0 142 0 106 0 289 107 0 0 178 254 136 0 170 0 0 127 0 246 289 185 0
0 0 291 174 109 0 0 0 182 137 0 112 0 0 0 156 0 0 0 235 0 0 0 0 200 0 0 0 234 103 0 106 0 0 272 136 0 287 0 0 180 0 0 183 0 0 0 124 0 0 294 129 0 0 0 205 159 0 251 0 0 0 0 0 0 203 281 0 0 128 0 0 139 270 0 130 0 0 0 190 153 210 264 0 169 138 131 0 106 0 131 0 173 276 211 246 137 293 0 0 0 178 272 187 0 0 293 293 0 159 0 220 0 177 0 0 182 0 0 0 0 155 253 292 0 109 0 192 188 265 144 205 195 254 0 0 0 0 280 269 156 0 259 269 0 0 291 0 155 258 0 0 0 147 0 181 0 0 0 0 0 0 241 170 127 241 126 208 0 0 109 0 0 0 0 0 183 0 0 270 181 0 0 306 0 0 0 0 0 241 190 0 153 277 161 0 0 222 0 125 183 245 0 150 0 222 138 0 165 152 282 109 0 0 282 0 0 0 0 217 246 0 190 0 259 0 0 249 223 0 131 0 129 168 184 0 247 157 151 321 205 149 0 0 261 187 0 0 0 127 0 0 0 0 230 0 138 0 0 0 0 0 0 0 173 0 254 140 0 130 262 0 237 279 0 243 263 0 165 141 113 0 0 175 176 221 160 0 278 0 0 290 267 0 153 234 0 0 242 0 233 0 293 0 157 139 111 279 256 0 288 0 0 199 0 300 201 115 233 0 0 107 212 0 0 287 227 0 0 104 0 0 0 0 0 163 186 0 159 0 211 167 146 0 172 271 0 190 218 0 145 0 303 249 313 0 0 212 0 232 0 0 0 0 158 151 108 0 0 0 0 0 305 159 0 0 259 272 0 249 0 0 0
0 171 0 0 232 148 240 0 0 259 183 0 288 284 0 0 233 0 118 0 0 0 157 0 250 0 0 237 0 233 0 182 0 0 143 128 0 229 0 0 198 185 302 0 0 152 227 234 0 0 135 273 0 0 0 254 0 116 0 0 244 0 0 165 299 109 0 0 0 0 185 283 0 0 0 121 132 0 197 0 0 0 0 0 0 0 248 221 218 0 108 161 135 261 0 0 175 234 260 0 252 153 0 0 0 173 181 160 0 0 300 289 235 0 0 260 110 0 284 0 0 149 0 201 128 128 281 221 128 268 114 207 228 0 0 0 125 0 177 184 0 0 243 128 244 125 224 0 0 0 195 0 0 0 0 252 0 213 223 272 0 105 178 153 0 0 195 242 0 279 0 0 0 201 0 0 0 302 108 0 0 0 244 251 0 0 187 0 137 0 124 0 192 245 277 0 0 0 0 189 0 0 190 163 284 0 218 295 268 0 0 0 0 226 154 215 172 0 0 0 109 112 0 0 315 0 0 130 226 194 0 0 225 0 218 251 268 0 249 133 0 246 282 0 111 0 0 0 246 0 254 236 222 229 0 260 0 0 200 0 0 0 0 0 0 146 0 284 99 217 0 275 139 0 166 0 136 0 178 0 105 0 0 190 0 0 0 0 179 245 132 0 0 260 0 0 259 206 0 0 0 0 292 0 206 299 0 260 206 0 0 141 0 180 120 212 248 253 0 0 233 205 0 191 178 0 0 186 215 265 0 0 0 0 239 278 249 0 0 0 0 108 243 0 142 132 196 276 0 0 0 0 123 0 201 112 0 0 0 0 185 0 0 223 233 101 0 0 235 128 101 187 0 0 0 268 115 0 0 141 192 0
0 191 0 0 0 0 0 0 292 0 0 228 0 279 140 109 0 138 129 0 0 152 0 125 129 0 136 229 0 0 277 0 268 194 0 116 0 168 0 0 135 288 0 0 0 0 0 0 149 0 0 153 0 0 318 277 0 0 0 0 0 116 0 140 0 112 0 0 0 126 241 0 0 280 0 248 222 227 0 125 0 0 0 129 120 0 0 0 198 0 173 0 0 0 257 0 0 0 259 285 0 0 0 168 162 0 0 0 252 0 0 0 197 0 255 0 0 0 118 250 131 0 0 0 288 308 0 198 168 0 0 231 281 241 240 242 139 0 255 0 244 228 0 139 0 121 210 203 293 0 0 0 0 0 0 233 0 183 218 201 123 255 0 0 0 0 234 259 288 155 0 217 292 0 135 199 204 0 253 255 213 0 0 0 0 0 0 0 0 0 0 103 0 0 0 0 0 0 0 231 241 250 0 0 198 135 0 256 0 0 0 0 0 0 0 193 0 297 157 209 106 120 0 283 143 0 261 0 136 0 0 0 0 121 0 0 168 128 268 0 255 0 0 0 0 0 185 0 179 258 266 227 158 251 0 0 251 129 236 291 212 185 227 140 0 0 0 0 0 0 164 0 168 295 0 0 226 0 0 164 0 0 0 222 138 0 137 0 0 0 0 0 211 0 126 146 243 0 218 139 139 0 0 136 218 234 213 0 216 260 178 264 149 167 0 259 142 107 300 210 0 0 288 210 277 0 0 0 267 0 0 132 200 225 178 267 0 0 0 246 0 258 0 0 0 0 0 178 312 0 0 0 223 0 180 0 0 273 192 259 0 0 213 216 257 0 0 274 275 0 0 104 100 197 263 143 0 135 0 159 0
0 223 0 216 0 0 186 200 0 0 241 253 0 231 0 217 212 0 0 0 0 0 0 200 165 147 248 202 0 0 244 273 180 0 0 0 0 140 0 0 0 0 194 0 0 208 121 0 0 0 0 284 244 229 273 0 118 311 0 0 122 0 299 0 0 0 0 0 0 191 190 0 0 0 0 0 151 134 0 0 124 0 276 0 0 0 150 100 0 178 187 0 104 0 0 0 140 153 0 147 153 0 261 0 251 0 227 0 0 175 0 147 248 160 107 245 0 0 232 0 0 0 293 0 294 0 221 0 0 0 205 0 223 207 0 219 0 219 259 128 0 0 220 0 283 0 270 0 278 170 250 0 0 213 181 273 0 0 0 0 104 0 232 165 0 245 223 0 217 0 193 0 0 0 0 0 0 253 0 0 186 281 242 222 0 226 0 0 0 131 300 0 0 0 130 171 236 0 0 130 0 242 193 0 147 0 0 0 0 0 0 144 283 0 0 200 227 0 0 216 0 0 0 0 0 0 0 223 233 211 0 236 134 187 246 103 188 205 0 118 201 0 0 128 0 0 0 127 0 267 305 0 290 280 228 0 176 0 254 261 109 281 0 0 111 0 0 199 0 0 116 175 0 264 158 188 269 0 0 0 0 279 0 0 0 154 0 203 299 0 220 0 272 0 0 0 266 0 129 0 279 0 0 0 280 273 231 119 254 186 0 118 0 0 137 183 0 0 270 107 119 0 0 0 0 0 0 0 0 0 237 178 142 159 162 163 244 0 0 0 0 130 228 0 147 266 253 282 307 226 223 0 198 169 230 120 131 0 0 0 151 299 158 0 278 281 0 157 0 274 272 128 0 283 190 0 157 0 254 0
0 0 272 0 0 126 0 294 109 288 148 0 0 231 0 0 267 0 0 278 0 0 0 199 154 253 206 0 0 130 0 0 289 147 237 106 170 156 228 0 0 0 117 0 0 0 143 202 287 130 219 0 0 0 0 0 202 0 0 272 0 0 0 0 139 0 187 0 138 0 0 247 0 0 143 214 309 0 134 242 274 156 0 0 0 235 114 0 0 181 205 121 0 139 263 0 0 0 0 0 157 0 205 113 227 257 290 0 0 0 230 0 0 0 101 0 307 0 202 0 0 247 202 258 286 233 0 142 180 0 0 0 0 162 217 133 265 167 0 0 0 0 250 0 239 0 0 0 0 0 0 0 0 258 0 255 168 215 0 0 0 277 0 160 0 0 208 0 263 0 281 0 0 240 0 158 132 191 0 224 255 0 164 0 250 244 272 123 0 259 0 132 0 0 0 0 0 0 0 0 216 107 0 0 204 248 0 0 122 272 284 0 223 0 191 198 186 0 260 0 0 180 278 0 140 251 0 138 0 0 0 261 0 0 101 0 220 157 0 152 242 0 144 0 126 0 0 184 0 0 269 0 0 145 226 0 163 0 103 236 97 106 286 199 0 159 0 144 223 0 268 183 0 228 233 226 0 0 288 0 0 226 149 202 0 110 0 110 277 249 0 300 0 158 0 252 311 259 224 0 109 230 289 172 154 182 170 139 206 165 0 0 0 0 201 0 112 180 0 0 0 0 0 0 0 0 205 0 194 153 206 287 188 0 0 0 0 0 222 211 0 0 209 0 287 151 96 192 0 291 0 273 163 0 115 0 0 281 0 0 129 120 295 146 0 136 0 131 0 240 248 0 111 0 0 0 0 185 0
0 105 0 0 0 246 0 100 218 179 0 0 0 0 0 220 0 0 123 174 0 291 139 0 273 161 178 247 0 198 0 231 0 0 0 173 249 0 128 130 0 268 0 0 135 0 0 274 200 247 0 273 0 231 0 189 0 0 129 133 0 139 193 167 0 224 116 0 138 213 110 0 0 0 0 172 112 244 0 0 279 265 0 107 0 0 153 276 116 0 0 140 106 308 0 0 240 0 131 222 0 0 0 0 231 254 298 188 0 147 0 187 0 0 0 0 245 184 107 0 175 137 192 247 281 135 0 0 0 137 0 268 244 0 137 0 0 189 231 0 0 121 0 0 0 0 0 0 0 0 100 212 260 0 0 224 287 109 0 252 0 295 194 309 248 308 0 0 0 241 244 0 237 220 282 0 152 235 0 213 245 198 0 141 166 0 300 190 0 281 255 143 184 0 166 114 237 0 159 0 257 0 230 0 165 205 0 137 0 0 0 0 0 232 0 267 293 192 270 0 266 175 214 0 283 258 0 0 0 260 0 0 210 279 275 0 0 0 0 0 0 0 176 168 246 250 213 256 131 0 167 0 0 240 0 0 231 278 0 0 0 0 0 222 155 120 0 104 0 0 109 0 0 0 146 0 165 0 231 191 173 253 0 0 238 0 0 293 0 0 0 0 266 0 0 201 146 272 0 0 110 208 0 280 0 207 281 217 245 0 186 0 0 0 0 0 170 0 0 0 173 103 103 0 0 0 197 0 284 284 278 0 134 0 0 0 0 0 152 0 0 0 0 0 0 101 124 0 145 0 180 151 0 0 0 107 0 0 0 0 111 0 0 0 153 0 0 0 242 0 0 0 254 0 0 0 239 0
0 241 138 270 0 205 0 0 241 0 0 0 0 214 0 225 0 0 0 0 260 114 212 110 279 102 0 228 178 0 0 0 194 214 273 167 282 131 229 0 0 187 0 233 0 0 191 140 265 0 0 0 0 134 121 0 188 129 0 0 0 114 144 126 0 125 0 0 0 259 263 253 294 0 306 190 201 0 0 0 0 108 0 265 197 0 0 215 0 0 139 240 0 0 0 0 0 241 240 172 0 0 212 0 243 198 238 160 0 0 0 270 212 134 107 0 0 227 0 0 148 0 179 139 263 0 0 146 0 0 0 0 101 212 0 0 216 272 0 128 250 0 158 168 122 179 186 0 283 0 253 0 302 0 125 170 165 204 133 0 0 261 104 183 0 0 254 0 0 208 0 262 0 252 144 0 168 166 0 0 126 0 170 0 161 258 123 0 214 0 179 0 262 241 0 290 249 0 110 112 252 191 211 0 292 264 0 132 0 0 135 141 0 0 0 216 0 234 0 213 126 261 232 287 154 0 0 0 211 0 0 193 0 151 109 289 118 0 241 194 0 291 0 0 0 193 120 0 0 0 214 0 121 0 0 0 248 272 0 98 0 261 0 291 0 0 0 107 249 271 0 0 260 0 0 0 235 258 275 0 0 184 0 0 0 137 0 0 179 0 135 145 279 0 288 0 172 164 274 0 212 0 164 0 181 0 0 186 134 0 0 0 106 0 291 0 134 0 205 173 216 0 268 245 241 153 118 0 0 0 273 219 130 0 0 0 0 151 222 0 0 149 239 202 0 0 190 178 132 0 0 274 132 242 0 0 131 0 0 122 0 259 0 0 0 0 0 0 115 0 174 134 192 0 227 0 0
0 0 236 0 0 0 300 0 0 0 0 0 288 103 269 195 147 0 212 137 261 0 0 156 0 109 0 146 0 271 189 0 0 0 146 236 0 0 159 198 0 287 187 166 0 0 0 159 188 124 278 304 118 0 209 0 263 197 195 0 0 0 0 213 253 0 0 178 109 0 200 211 0 179 0 0 112 99 0 174 218 149 0 0 0 243 176 214 168 297 0 253 183 170 0 0 0 0 0 155 205 0 165 0 286 0 292 290 0 0 185 248 0 119 0 203 0 150 276 0 0 0 0 0 0 0 0 0 243 190 0 140 0 102 0 109 0 0 208 199 275 0 250 0 0 0 0 199 0 0 0 182 0 0 0 0 0 133 0 0 125 0 0 232 135 209 0 286 289 0 0 0 262 179 193 0 0 207 197 0 0 0 175 0 0 0 0 0 0 247 256 0 268 141 242 126 0 0 0 202 158 237 0 0 0 0 241 100 119 0 0 0 0 0 289 0 0 263 0 98 184 0 167 0 0 0 215 221 0 0 0 0 296 0 0 0 227 0 0 114 232 0 0 0 0 0 0 252 208 242 0 0 0 0 116 0 159 177 145 0 0 118 178 271 210 176 310 271 178 0 0 184 0 0 168 0 185 0 294 0 0 122 0 0 0 100 112 0 0 306 259 147 0 0 0 0 0 0 140 0 0 0 0 0 176 293 136 141 231 0 0 0 235 181 0 120 251 0 0 261 214 252 231 0 0 153 150 0 139 188 182 0 0 237 286 0 236 283 273 0 0 0 232 196 0 191 0 309 0 137 134 0 264 240 259 0 291 0 134 0 250 195 100 0 0 285 0 137 0 0 0 102 0 0 268 0
0 0 160 0 134 170 0 121 279 0 194 0 171 0 0 287 0 102 174 184 215 116 0 96 224 262 0 192 235 0 0 230 309 104 168 0 274 102 116 290 199 179 100 0 148 202 0 155 185 0 0 0 123 189 163 0 275 165 0 175 102 100 240 194 142 112 0 0 0 0 0 243 0 239 0 0 0 254 279 0 0 0 162 217 0 176 0 0 231 257 0 201 0 226 142 170 0 271 293 0 139 274 257 0 0 0 0 0 191 285 260 0 0 241 0 238 0 0 256 265 0 0 0 301 97 132 0 210 0 0 220 0 0 0 131 228 0 0 0 0 0 154 159 117 320 0 275 0 0 0 240 0 138 126 132 0 0 267 0 0 226 227 296 265 164 210 176 0 207 182 286 0 279 218 184 0 240 104 284 0 137 0 0 0 176 132 0 288 250 0 0 0 0 208 0 0 0 201 269 226 0 261 158 0 0 129 0 0 263 0 0 0 286 161 0 180 0 0 244 168 151 0 0 0 256 0 218 215 284 0 0 151 0 209 0 207 0 192 185 152 162 307 136 229 129 171 146 0 0 0 315 0 0 0 0 271 222 212 252 232 211 0 220 0 0 0 0 179 0 0 243 235 0 198 154 0 191 136 284 225 0 144 110 217 0 0 194 188 167 144 143 0 0 0 0 257 166 0 294 0 0 265 140 0 296 0 0 0 0 0 0 0 217 174 206 0 0 0 200 0 0 271 0 0 207 137 0 0 0 0 166 0 155 147 217 0 108 0 216 0 0 0 109 0 0 0 117 214 258 224 119 151 0 0 259 0 0 0 0 288 0 0 125 312 230 200 0 0 0 0 0 288 245 107 0
0 111 312 264 0 256 0 0 155 157 210 164 215 280 187 142 315 265 0 0 0 0 0 0 268 0 242 0 0 264 103 179 0 299 0 238 0 0 0 120 0 229 0 0 208 0 278 0 0 262 0 231 179 247 0 0 134 0 96 0 0 263 273 198 0 0 223 0 0 238 230 124 0 207 0 271 0 0 115 0 293 194 225 123 276 0 109 116 179 0 259 0 112 0 0 0 0 256 280 124 286 281 0 0 156 266 209 0 0 106 112 102 0 173 0 274 149 114 204 0 0 271 206 0 0 0 153 0 0 193 0 0 0 270 290 301 243 0 0 160 130 295 202 218 0 301 145 0 0 0 0 267 0 100 229 0 222 229 0 212 0 0 222 0 298 266 0 0 0 0 138 0 154 190 266 0 0 0 142 0 257 0 220 0 226 130 103 0 134 252 209 0 0 0 0 0 227 0 270 232 276 116 281 107 302 93 296 0 0 169 276 0 0 0 0 0 259 0 200 0 0 0 296 0 240 0 0 0 251 253 106 0 0 223 186 231 245 0 0 0 201 0 0 117 0 259 293 258 0 249 0 230 131 0 128 0 168 261 0 109 0 137 145 282 0 125 227 123 0 0 0 184 117 0 228 239 0 129 148 0 0 196 0 0 227 0 0 206 0 0 203 113 156 308 0 206 292 0 242 0 0 0 0 192 183 311 285 0 239 0 0 151 291 0 0 225 124 264 0 108 0 99 195 0 0 191 160 0 204 0 0 263 0 157 204 0 231 283 0 0 212 177 109 0 0 0 0 268 193 195 183 118 0 0 0 0 0 280 0 148 0 0 299 198 232 150 267 203 143 0 0 188 100 0
0 0 257 152 0 238 229 154 0 0 0 273 0 164 0 0 103 128 0 0 128 110 0 234 205 275 188 0 0 205 0 228 161 0 0 206 116 210 0 0 132 0 165 116 305 0 136 292 0 0 177 151 162 141 124 0 0 193 0 0 197 116 167 0 177 205 270 261 140 0 279 0 0 230 0 138 0 0 0 240 0 195 139 118 0 0 140 103 0 198 0 240 0 216 0 0 275 0 241 0 0 192 0 0 0 143 0 113 0 132 117 249 0 0 138 0 0 0 137 0 188 261 224 0 179 0 0 0 210 0 0 0 159 0 214 132 0 0 0 122 0 187 0 140 0 223 0 0 0 108 0 207 0 0 0 195 0 134 104 0 0 0 209 150 0 260 167 0 0 0 222 0 171 152 0 130 0 0 171 278 0 0 288 244 0 151 170 240 0 0 0 0 0 0 264 307 304 262 234 0 0 101 241 226 0 275 0 0 0 101 0 196 0 152 0 294 0 0 0 0 215 260 0 0 225 0 0 0 0 176 0 0 278 0 281 0 284 151 158 294 0 0 0 0 199 117 236 0 262 123 231 0 0 135 186 0 0 262 140 0 0 126 0 0 107 0 0 186 0 290 0 0 251 0 186 0 0 0 0 0 0 115 207 210 234 267 154 113 118 0 0 141 150 168 0 0 231 0 0 250 0 0 0 103 260 212 244 215 293 199 274 0 135 0 169 129 0 204 251 105 0 217 0 0 246 0 0 0 275 204 0 0 138 138 0 239 0 0 0 189 183 256 0 276 0 138 103 0 293 141 228 192 233 0 154 292 0 229 196 0 210 0 0 0 0 0 0 137 0 252 178 0 0
0 0 0 0 0 0 0 190 175 0 0 258 302 131 0 248 0 192 0 0 0 0 286 0 142 110 256 0 205 0 0 145 259 0 233 180 0 0 180 0 0 140 0 196 0 0 187 108 291 153 0 0 114 134 253 0 0 0 0 249 0 0 0 0 0 0 0 202 0 0 0 202 113 154 190 176 280 178 0 159 206 0 169 147 0 0 0 277 0 103 0 0 0 0 0 0 130 291 179 309 0 0 0 0 0 258 252 0 248 0 0 150 291 223 0 0 145 0 0 108 178 209 272 235 0 122 276 192 0 0 136 0 160 308 0 0 159 0 294 0 231 199 0 0 111 0 0 0 0 0 0 114 129 160 0 235 0 0 149 0 0 157 116 0 0 0 0 126 180 284 165 189 168 0 172 0 213 0 236 138 0 0 0 0 0 0 0 0 185 0 0 141 0 229 256 0 190 274 320 234 0 202 0 262 0 0 101 167 0 258 135 0 181 170 105 0 0 236 156 0 271 100 0 0 0 150 106 280 0 298 0 299 244 145 0 151 174 146 0 0 0 0 130 252 0 246 265 221 0 0 145 0 0 213 108 252 0 258 165 0 0 0 0 104 142 0 0 176 0 111 0 0 201 0 127 0 0 149 251 0 0 210 0 196 0 0 168 157 128 0 157 195 259 124 0 0 282 0 0 256 237 0 298 270 229 104 168 131 0 120 285 194 0 224 260 103 109 0 0 0 0 0 0 0 0 122 210 231 0 0 216 0 274 105 204 0 0 191 255 118 0 0 257 0 153 120 0 0 176 0 145 0 116 165 0 0 0 121 0 239 201 0 120 0 203 0 300 0 0 253 184 0
0 146 0 262 0 0 182 285 0 0 109 149 0 0 220 117 253 189 0 0 248 0 141 227 127 151 0 0 0 130 117 0 250 0 0 103 293 0 276 0 267 0 262 147 240 0 196 157 0 0 0 0 181 204 0 209 102 0 237 302 0 225 0 223 259 294 214 0 312 200 0 127 0 0 0 158 0 139 0 0 277 0 0 0 0 0 0 202 0 0 0 169 131 282 0 0 120 0 0 0 119 0 0 0 144 0 132 0 258 232 265 0 0 0 157 0 259 0 0 215 262 148 0 226 225 243 0 108 0 211 187 0 267 129 228 121 233 0 152 104 0 236 240 138 0 121 114 293 253 137 0 157 231 100 119 126 0 0 0 0 135 171 246 0 201 0 206 0 0 0 127 206 242 218 0 0 0 179 118 0 272 0 208 283 0 130 130 0 0 0 248 0 0 0 126 291 108 0 227 213 238 0 0 0 136 0 0 0 197 0 0 0 272 0 0 264 0 119 0 0 0 230 0 166 207 0 168 101 0 0 135 0 0 0 301 0 0 282 0 0 279 119 0 0 269 270 0 265 115 168 271 140 152 0 0 162 0 164 142 0 220 199 0 0 97 223 0 0 0 183 0 129 179 199 0 0 0 178 0 236 0 212 299 0 0 146 284 207 227 0 0 0 0 0 0 0 0 0 0 0 232 0 0 0 0 0 0 0 0 278 0 0 0 214 267 122 0 0 305 0 0 0 0 152 0 199 0 111 0 185 0 235 125 0 0 176 272 165 0 143 0 135 182 0 0 224 272 0 253 171 0 281 0 0 0 268 165 0 226 0 171 0 0 239 106 184 0 0 0 0 0
0 195 111 103 204 234 0 0 158 212 0 211 0 143 0 157 201 227 0 0 0 0 0 0 0 0 0 0 0 244 0 0 276 0 0 211 239 0 0 125 0 0 0 162 158 0 245 0 110 0 0 0 226 101 0 0 292 0 0 0 0 246 126 0 0 147 276 123 0 0 220 0 179 0 251 140 0 188 303 247 0 0 110 0 134 0 151 276 127 0 195 248 0 161 271 0 166 186 0 0 0 245 0 198 0 172 113 141 0 0 279 0 102 0 0 0 99 0 203 0 116 113 0 0 100 0 211 0 269 0 301 0 0 0 0 0 190 215 0 240 0 0 0 0 184 267 0 201 0 0 0 116 0 0 122 157 0 244 0 0 123 0 164 0 213 154 190 142 123 297 0 0 0 0 236 115 233 0 106 205 119 104 0 148 0 260 214 0 304 0 312 248 101 127 231 159 112 302 0 0 0 245 0 0 0 0 224 0 267 0 238 0 249 0 240 0 0 121 260 249 247 0 0 231 0 148 0 239 0 213 0 0 0 275 269 161 181 0 0 157 0 180 0 0 0 0 133 241 0 0 201 107 123 222 0 0 187 0 0 0 178 0 293 0 0 0 0 0 220 0 0 0 0 208 0 179 162 0 0 135 119 269 187 0 0 296 0 0 0 301 282 191 295 0 0 0 183 316 0 264 181 153 0 136 170 122 0 258 0 138 0 129 0 0 266 0 0 0 0 0 0 0 0 232 222 0 205 0 263 0 132 0 121 126 0 0 202 0 286 114 257 187 236 0 0 303 0 0 0 0 0 217 195 194 0 226 0 105 0 0 215 0 0 0 167 168 163 177 0 0
0 0 0 129 238 248 0 157 153 0 237 0 126 0 0 0 0 0 0 0 0 198 0 0 165 0 0 186 223 0 269 290 0 0 268 0 0 227 0 290 224 195 219 279 0 119 0 152 201 0 0 0 0 0 245 231 276 0 0 177 0 291 0 0 0 265 100 0 162 200 0 283 180 0 147 257 132 0 288 0 0 0 281 127 192 274 0 0 277 130 0 168 0 0 141 237 0 161 0 0 0 126 0 0 152 111 275 0 212 256 0 142 258 0 0 118 0 0 265 242 225 237 0 129 0 136 0 121 0 273 0 282 164 0 0 0 0 293 126 176 103 0 0 158 243 0 0 157 138 165 254 132 0 0 289 200 0 0 0 0 0 0 165 0 242 113 0 0 142 0 0 125 0 224 244 254 0 265 221 0 0 109 301 0 0 127 0 0 278 0 270 179 0 162 260 127 0 103 208 291 0 0 183 0 0 238 0 124 0 117 0 0 0 0 181 113 134 283 0 0 244 183 0 0 274 243 0 240 0 0 0 0 0 0 244 156 280 185 0 193 241 0 187 0 176 116 128 184 274 244 131 0 0 0 151 0 0 0 0 234 0 0 196 0 231 261 222 0 0 0 0 0 0 0 0 228 0 199 118 0 0 0 269 143 299 0 0 187 266 197 145 257 0 228 0 211 0 0 182 0 0 265 262 278 0 0 107 280 261 244 117 253 159 164 123 0 0 177 112 284 0 0 0 108 0 0 0 182 217 0 0 215 180 235 156 115 0 132 286 238 245 0 0 286 0 0 0 0 0 0 0 273 0 186 228 248 0 0 0 0 222 268 0 109 0 239 0 0 0
0 104 0 171 0 0 0 251 323 289 210 284 0 0 0 210 0 115 238 0 128 0 0 0 0 297 117 0 0 164 0 0 0 0 0 258 0 123 187 0 155 244 243 161 0 106 269 0 0 0 0 0 0 284 0 0 0 115 0 0 0 196 0 0 0 220 138 0 271 0 213 217 0 247 266 189 0 152 0 231 279 0 0 162 0 262 271 0 0 0 0 113 174 0 0 251 250 250 155 107 0 0 148 169 0 0 0 0 0 0 143 0 240 0 259 0 126 103 157 0 266 123 173 0 152 186 0 0 167 114 288 180 287 201 263 0 204 227 0 259 0 0 262 0 0 0 197 123 0 264 0 309 0 0 0 0 0 288 112 124 105 195 0 0 0 0 0 0 0 303 0 0 163 0 0 198 147 0 279 138 120 0 176 217 0 0 0 0 189 0 0 213 0 0 229 0 161 274 194 0 138 0 0 0 186 0 221 0 0 0 0 104 0 277 0 323 0 0 0 176 304 0 249 0 0 0 0 221 0 0 0 0 220 133 0 245 0 0 177 123 191 269 105 0 278 186 193 0 0 0 0 0 276 0 105 151 0 0 230 0 0 159 0 219 252 0 185 0 250 203 0 0 0 0 0 0 0 133 131 0 197 128 104 0 0 0 0 251 0 0 0 270 0 278 0 0 0 0 0 208 162 0 0 149 0 0 0 314 0 0 0 0 250 235 140 180 219 119 0 0 121 306 0 292 0 207 0 244 174 0 0 0 0 223 0 155 113 0 235 0 0 251 188 0 0 0 0 184 0 0 0 0 0 263 242 0 0 193 253 127 169 0 0 0 0 0 130 0
0 208 126 0 268 243 0 0 161 213 0 0 247 0 0 0 0 0 233 254 0 0 265 247 221 0 0 132 0 0 259 0 193 0 284 130 238 0 0 0 0 0 0 0 123 0 126 230 0 277 0 107 0 299 0 191 0 166 0 306 305 0 297 0 0 280 237 283 244 0 0 0 246 0 0 196 267 108 0 285 94 170 242 231 0 298 215 196 0 0 0 0 0 0 219 0 0 251 0 0 0 0 285 159 0 224 0 0 203 0 221 0 0 107 0 0 270 165 0 97 0 0 0 171 0 0 0 255 0 0 0 119 263 0 0 257 0 0 0 137 270 202 0 229 126 223 266 0 0 265 122 0 113 195 0 109 97 0 0 0 0 243 203 286 132 235 0 0 166 206 156 171 299 233 170 124 0 0 146 0 0 0 0 0 0 0 101 226 170 269 270 0 0 166 276 0 307 147 0 0 223 0 200 253 193 259 0 226 0 178 258 0 227 0 0 144 0 0 136 201 226 232 0 172 259 228 0 0 274 0 124 0 258 0 0 0 0 131 0 0 0 208 0 113 0 122 231 119 0 258 133 0 0 301 146 0 125 171 109 117 0 0 258 0 208 270 0 117 221 0 0 0 0 138 0 129 0 0 172 268 101 0 279 0 0 0 0 244 198 0 0 299 169 0 295 139 282 0 0 0 0 0 0 0 0 0 0 0 0 0 0 111 0 0 0 235 0 0 109 0 201 186 264 0 256 173 277 0 0 241 166 259 0 134 0 232 212 131 0 286 0 0 188 0 171 0 144 0 246 158 0 182 205 111 0 216 0 0 0 233 230 0 219 0 0 0 0
0 269 0 222 0 106 212 0 291 0 0 220 166 193 0 0 215 140 0 0 191 0 155 0 305 281 194 277 205 180 138 0 196 166 0 166 243 0 139 0 0 0 0 0 0 158 0 0 202 240 0 176 0 0 228 0 0 0 0 188 242 200 0 0 304 0 180 0 229 313 0 180 291 0 0 163 217 0 274 0 142 124 0 105 0 116 0 192 276 170 0 0 0 241 276 207 0 0 303 0 283 236 0 254 0 0 178 169 0 0 201 155 0 0 0 214 166 277 120 0 277 0 151 140 121 0 0 158 0 0 218 293 0 171 279 254 0 0 204 104 239 136 226 161 0 260 160 0 251 0 0 279 272 0 0 304 0 116 221 0 0 112 0 0 123 272 0 0 0 0 263 0 239 160 190 0 239 0 188 227 187 133 0 116 238 0 0 252 0 288 181 0 0 0 0 265 123 0 0 0 0 99 0 129 254 0 146 267 228 0 196 0 210 164 0 0 180 0 265 140 262 0 0 168 144 0 223 191 0 0 0 151 261 0 203 230 0 0 0 0 0 0 177 0 248 104 243 0 222 0 178 289 282 141 0 0 237 0 0 272 0 250 258 244 107 147 0 152 255 188 0 244 287 238 237 0 292 0 0 173 179 0 131 216 245 169 0 226 119 206 279 0 0 0 0 0 0 0 140 0 0 0 0 189 133 266 317 0 0 152 166 0 264 246 207 145 249 0 0 0 0 163 168 0 0 0 0 147 162 262 0 0 0 225 115 0 225 0 176 117 152 0 0 274 156 265 144 0 0 126 155 150 0 191 0 0 0 150 0 0 0 294 299 268 0 0
0 125 194 0 188 0 0 171 0 225 0 133 0 263 0 266 0 0 176 0 197 165 295 206 0 121 170 103 0 0 203 247 0 135 0 280 0 0 0 0 129 0 0 0 0 0 275 158 0 293 158 0 0 0 0 0 135 0 0 0 224 155 0 281 162 238 0 0 269 279 138 0 0 0 228 161 0 0 109 164 213 0 0 114 163 0 0 0 0 0 0 241 111 0 0 0 0 0 0 131 121 0 0 184 0 125 177 0 0 0 233 137 134 227 0 0 0 139 0 274 271 205 0 270 0 0 0 133 0 0 217 241 0 0 0 112 0 0 205 0 177 225 0 0 0 0 229 0 292 153 193 0 0 160 0 212 0 0 206 154 240 0 282 143 0 281 297 202 0 0 285 0 0 256 0 156 253 115 0 160 131 282 204 249 187 0 0 0 0 271 150 0 0 153 263 0 238 0 0 95 132 0 160 0 0 0 284 268 0 150 254 294 0 0 121 264 0 0 0 290 261 0 279 0 277 295 259 216 286 0 218 121 0 142 169 113 255 0 0 0 129 0 0 0 0 209 0 0 172 0 163 0 0 154 188 0 0 0 285 209 114 0 0 0 248 235 260 272 0 0 275 0 154 182 0 167 0 0 197 244 0 0 0 0 0 153 136 0 265 0 263 0 290 121 0 0 0 0 293 0 0 231 0 0 0 112 0 0 0 153 0 111 190 0 0 155 260 0 195 182 200 0 0 0 205 0 0 159 0 272 0 0 252 0 290 0 270 205 0 0 0 0 0 0 245 0 300 192 0 205 160 0 0 0 117 255 250 118 254 0 218 111 204 0 0
0 250 197 0 209 269 0 162 0 264 0 138 286 183 0 109 173 0 141 0 197 0 0 129 162 190 232 0 0 0 143 0 118 199 0 0 190 220 129 204 201 147 103 243 0 0 0 169 224 0 0 0 0 137 207 0 233 0 139 0 0 199 143 96 214 150 172 212 0 0 0 229 164 294 115 198 0 0 0 179 265 0 0 235 0 0 165 0 298 229 0 102 242 112 0 0 0 102 0 0 250 0 142 0 0 236 0 0 201 0 119 135 0 263 0 125 0 266 0 0 305 210 231 0 260 0 0 0 0 0 0 268 274 0 0 181 131 0 0 271 218 164 187 295 268 0 0 0 210 0 270 0 146 153 0 192 0 290 0 207 0 0 198 0 0 135 159 0 118 0 0 202 219 0 204 279 0 222 0 0 111 165 0 0 173 172 0 0 0 0 210 0 269 0 0 0 0 0 0 255 115 0 119 178 0 164 254 0 269 0 149 186 0 201 198 149 0 260 144 229 0 259 0 200 0 0 0 0 113 128 299 0 0 0 236 0 202 209 209 105 223 105 305 270 205 0 195 0 236 0 0 125 271 260 168 0 219 0 0 0 0 0 0 284 260 136 267 0 0 0 0 0 0 0 0 0 293 0 0 183 172 0 259 259 257 110 0 223 0 0 306 136 256 255 0 129 157 0 0 0 0 0 241 0 0 214 275 229 110 0 0 291 0 0 0 0 279 123 124 267 0 0 0 0 0 114 0 0 0 134 201 0 225 0 0 114 0 155 232 0 0 0 0 131 0 0 239 0 219 195 195 121 0 145 236 177 178 148 0 0 0 0 110 0
0 0 0 0 0 231 0 0 0 0 0 238 122 0 134 0 187 150 257 125 151 0 174 0 0 177 232 211 304 104 0 259 296 0 0 0 0 0 0 233 0 210 0 0 165 205 257 255 220 0 0 191 0 148 233 0 0 199 0 0 140 113 157 279 99 0 290 0 308 224 163 217 260 190 0 272 121 103 200 0 0 0 0 0 0 228 123 0 0 207 149 258 146 0 0 274 174 314 0 119 0 210 106 134 0 192 257 214 290 0 167 211 0 0 0 0 153 178 284 188 0 311 0 187 0 0 155 156 300 231 212 120 220 184 0 0 0 135 205 0 276 266 0 0 191 243 259 0 0 152 0 168 0 183 298 109 183 244 205 190 176 0 0 0 216 152 0 255 0 128 198 122 286 133 0 257 300 0 147 0 275 0 0 0 0 0 0 197 0 0 0 174 0 0 216 0 0 300 0 0 0 0 0 0 0 279 0 0 0 0 118 223 208 286 0 228 160 0 207 0 0 0 0 192 108 0 0 276 265 136 301 156 0 0 150 0 268 0 285 0 179 0 256 0 193 194 259 307 0 0 135 0 0 0 0 152 0 241 148 0 0 192 0 0 0 123 206 269 0 286 226 204 196 169 0 0 123 130 0 216 189 0 192 0 159 0 232 246 179 0 147 137 0 269 259 0 175 0 0 162 151 0 177 0 0 285 253 168 299 133 0 0 236 292 0 0 0 184 0 0 0 110 0 0 0 0 0 0 0 124 198 0 0 0 195 0 123 244 0 211 0 209 0 182 222 0 247 0 0 215 0 0 0 0 0 152 110 222 128 0 0 0 0
0 264 0 0 0 102 0 0 0 241 269 0 187 100 164 0 170 0 0 0 0 140 0 0 0 0 117 155 0 182 225 0 146 0 142 120 249 0 150 0 0 0 0 177 178 249 0 253 0 256 0 143 0 0 151 170 148 179 0 165 0 0 0 0 0 272 264 0 0 0 193 145 0 0 294 115 0 0 110 0 183 0 234 252 128 0 0 0 98 0 261 175 0 120 102 198 0 150 198 0 0 237 292 226 192 0 0 0 135 0 0 192 210 245 0 0 272 202 234 0 240 0 198 0 222 130 0 0 0 182 0 0 0 0 114 0 0 299 0 0 181 0 0 0 271 221 0 0 0 0 265 0 0 0 124 150 0 0 0 205 113 0 228 0 0 242 0 112 240 172 129 0 0 0 162 0 0 0 211 95 0 138 301 280 0 103 315 286 180 0 234 0 232 0 260 137 0 185 0 0 0 0 202 252 175 282 0 0 0 281 0 0 178 150 0 0 0 0 0 299 0 0 264 0 0 204 181 252 150 0 0 0 0 0 131 0 0 168 243 0 0 141 120 193 326 151 0 0 0 134 268 0 0 106 0 142 0 254 111 0 0 107 0 295 295 0 0 0 173 119 0 0 285 0 242 269 0 0 126 0 275 247 125 0 182 0 249 105 0 126 150 0 172 0 0 0 0 131 251 262 0 0 0 0 0 0 189 0 205 0 0 235 0 0 156 0 142 193 0 0 0 235 165 0 277 186 0 178 239 0 0 240 0 218 124 0 202 0 198 271 213 286 248 310 0 0 0 0 0 0 193 0 0 0 108 0 0 0 0 0 0 0
0 169 103 280 0 303 0 207 150 0 0 0 0 0 0 137 225 236 0 0 0 243 0 0 0 129 134 0 0 116 180 205 0 0 168 233 0 173 206 0 0 229 180 0 258 0 0 196 0 0 0 0 0 0 237 0 0 0 112 0 283 236 188 186 0 0 0 0 0 0 226 0 187 0 150 0 0 0 236 167 0 225 0 176 144 277 216 312 0 0 0 260 0 259 143 0 178 144 0 206 0 243 161 254 0 274 0 252 0 0 178 0 210 239 244 0 133 160 147 0 0 0 0 203 234 289 0 219 165 269 0 0 219 140 0 163 216 299 0 218 218 0 108 0 0 0 0 0 0 0 0 150 152 278 235 105 301 0 143 201 113 0 229 224 143 161 0 0 94 0 273 0 176 268 0 0 0 0 109 0 230 280 258 0 111 150 0 0 0 0 203 0 0 212 0 288 187 0 229 0 0 0 0 269 266 257 289 225 0 0 142 235 0 143 118 0 137 0 0 0 195 0 232 0 277 0 0 0 0 157 0 228 0 221 0 183 216 297 0 215 175 0 0 139 288 0 131 287 236 151 248 155 0 0 0 0 222 130 273 0 0 0 0 0 237 248 240 125 0 232 0 181 209 0 0 261 219 0 0 107 0 227 174 162 0 235 228 133 230 0 256 0 0 0 184 0 183 0 210 0 170 121 0 148 159 0 293 112 0 177 0 0 0 111 0 228 0 0 0 137 136 288 236 184 255 241 0 0 0 189 0 0 0 0 268 0 183 165 155 122 0 0 104 176 0 0 187 0 300 293 203 228 0 0 214 0 184 138 185 252 0
0 224 186 289 278 237 0 0 0 0 143 274 249 0 238 0 254 0 0 148 170 0 0 0 0 0 0 0 0 0 115 0 0 254 246 0 0 0 0 176 236 231 180 300 282 290 0 0 0 145 291 0 159 0 175 0 165 207 0 262 0 140 0 0 136 0 268 122 204 227 0 0 0 261 261 233 181 284 134 161 134 0 0 0 0 0 116 0 162 0 103 0 0 0 0 193 0 218 295 120 162 0 200 0 172 0 0 0 211 274 227 0 0 292 266 294 126 195 0 0 0 0 0 280 246 0 147 147 243 180 147 110 315 118 0 188 131 0 244 138 287 188 250 199 179 192 0 0 119 111 0 155 0 0 0 214 0 0 0 0 0 102 0 0 0 0 0 241 0 0 274 164 0 0 152 0 126 0 0 0 0 0 0 0 121 0 268 0 0 229 143 200 168 0 265 0 0 309 0 0 253 0 0 0 0 151 0 0 0 109 202 0 156 186 278 115 276 0 0 0 268 0 255 167 0 205 0 0 0 0 0 0 0 135 216 0 0 188 206 247 256 0 145 291 121 0 151 0 0 301 0 106 0 265 0 157 0 0 0 122 212 0 207 0 271 0 113 174 0 227 183 0 115 192 160 0 0 0 0 132 0 0 0 0 0 152 236 0 126 0 155 153 0 222 0 0 0 198 110 269 0 0 0 0 253 283 0 0 215 127 267 159 151 208 319 111 0 0 0 229 0 248 145 175 164 0 164 221 0 0 231 0 122 0 0 137 175 0 168 141 151 132 0 145 294 134 135 207 0 161 209 0 0 163 0 304 270 125 104 0
0 180 0 0 0 202 0 148 0 0 269 0 0 0 0 0 0 0 0 0 0 0 318 0 0 276 0 0 253 204 209 0 152 0 256 0 206 104 0 232 0 295 208 0 0 0 0 207 0 0 213 0 0 0 0 307 0 282 188 185 122 171 199 182 252 0 0 0 0 146 163 308 161 0 0 0 218 0 277 0 0 0 0 0 142 0 0 307 0 110 0 227 0 0 0 207 0 130 0 281 0 138 199 105 0 0 0 0 218 0 155 0 0 289 0 294 0 201 0 238 0 0 0 0 0 0 0 133 0 179 264 221 255 119 0 279 267 244 212 216 189 0 186 202 249 116 0 116 0 0 247 0 0 0 0 223 0 0 121 109 201 124 0 160 275 273 207 161 180 0 129 0 0 0 144 0 179 318 0 113 0 141 206 0 294 0 0 0 0 130 0 228 0 206 292 181 298 128 285 0 0 0 242 0 0 189 282 0 174 105 0 265 298 0 0 0 0 210 0 0 133 136 0 216 0 0 274 307 274 0 0 197 0 234 198 199 0 296 0 0 303 0 0 175 251 0 258 0 275 0 267 0 0 0 123 155 317 146 285 183 274 130 0 224 0 109 227 205 0 175 0 0 109 170 148 0 151 0 0 0 0 0 171 148 104 0 269 208 0 0 0 205 0 0 0 280 0 246 280 111 0 0 0 0 0 110 0 173 256 256 0 270 0 126 0 259 0 136 0 184 0 0 133 197 236 0 0 0 0 153 0 210 0 286 0 306 0 0 185 0 0 0 0 0 0 0 0 110 0 273 0 0 0 197 290 0 173 243 0
0 0 283 0 0 246 128 266 247 235 0 0 179 0 246 0 0 0 0 175 0 0 0 101 0 116 0 0 244 291 106 0 0 219 118 0 0 0 0 182 0 0 0 0 245 177 0 153 0 231 0 203 198 128 221 0 0 258 159 180 197 0 0 0 206 0 0 268 0 242 310 128 156 127 0 0 0 181 207 265 197 0 172 95 0 249 140 0 0 0 172 0 208 151 0 0 0 0 207 0 0 299 115 144 0 0 148 162 260 0 191 0 0 222 0 243 166 0 0 0 284 249 255 153 232 0 0 149 155 123 199 0 284 173 120 231 96 172 0 0 192 0 134 0 0 0 136 0 135 153 117 137 0 0 0 150 0 0 292 0 191 147 152 0 0 311 0 0 0 190 277 138 0 258 158 296 228 272 206 212 219 199 0 113 0 165 0 168 141 245 0 262 0 115 0 189 0 0 183 0 0 295 247 304 203 0 128 282 229 0 0 0 203 151 0 280 0 0 0 223 0 0 0 241 100 0 220 0 0 264 167 0 0 0 0 0 0 168 237 108 179 0 0 294 0 292 0 202 0 0 239 267 0 260 0 0 0 96 0 0 209 299 0 254 0 0 139 286 0 238 157 304 181 0 190 264 274 0 269 105 246 0 0 252 0 0 144 228 231 0 160 298 180 0 253 220 108 125 127 0 0 204 142 0 290 0 163 0 0 179 0 277 0 301 98 169 0 257 0 0 0 0 0 226 248 177 0 0 0 0 0 0 0 0 148 175 0 220 283 0 226 0 148 144 0 0 0 0 0 0 251 0 292 0 0 191 0 0
0 0 0 0 129 201 225 235 146 0 0 296 0 0 235 123 226 0 153 0 0 0 199 215 124 106 236 0 0 0 177 222 0 0 0 209 0 0 0 129 0 0 0 0 0 258 0 0 157 175 0 245 103 160 0 0 0 116 0 0 0 0 0 117 213 137 125 236 122 0 99 0 0 0 0 233 140 0 0 0 0 217 0 0 258 264 0 0 153 308 0 0 0 170 0 0 0 140 0 0 271 0 0 0 0 184 127 0 0 0 0 257 0 0 0 0 0 0 0 0 216 0 227 129 282 0 0 259 0 0 263 0 0 0 289 0 218 272 0 0 247 0 0 0 0 0 0 0 146 142 0 0 0 223 106 115 0 0 214 274 0 213 0 0 0 102 163 0 0 226 275 230 227 121 125 0 263 289 195 219 0 0 230 231 0 0 250 144 307 0 0 0 0 166 220 181 243 0 154 0 0 0 0 0 187 0 0 239 191 177 212 221 0 291 227 0 0 206 95 298 215 0 0 179 0 119 157 0 0 0 0 193 293 226 0 0 189 0 0 264 0 153 0 263 134 249 139 0 112 151 0 165 168 0 0 162 0 0 184 160 111 0 138 0 0 165 0 0 196 0 0 185 0 0 0 222 0 267 0 262 0 193 196 0 0 126 0 266 0 0 182 0 173 0 236 309 0 0 0 0 0 119 185 0 0 0 0 0 0 0 0 0 0 0 142 0 0 283 0 0 0 0 128 201 264 130 0 0 258 0 0 153 144 0 0 0 0 199 0 148 123 0 0 124 164 0 228 270 0 124 166 0 0 237 120 151 0
0 132 0 141 169 0 0 0 0 0 150 166 0 123 0 146 271 148 0 0 0 149 137 0 268 0 192 0 0 0 0 0 0 0 0 112 224 119 0 140 225 0 0 165 0 149 0 0 0 101 0 0 0 0 0 233 0 254 0 0 237 0 0 194 239 183 309 232 291 0 0 309 180 245 204 192 0 0 0 0 0 248 0 269 292 262 0 0 0 229 0 256 0 105 0 0 0 0 105 123 0 0 0 0 104 250 0 0 267 132 217 141 233 0 0 0 254 153 212 252 169 0 211 0 257 141 175 219 0 230 0 0 0 139 142 184 0 228 0 192 190 0 0 107 108 136 107 0 182 249 0 159 223 188 0 137 238 267 296 0 176 153 205 156 0 230 179 215 0 0 163 122 181 147 207 295 246 0 0 0 0 136 174 0 0 285 193 247 0 0 0 0 278 0 107 0 112 284 0 210 108 0 0 0 199 0 0 206 320 156 0 134 205 194 262 190 0 293 224 0 129 215 168 135 223 305 0 0 169 152 135 276 292 283 282 209 0 0 0 0 179 152 0 0 258 257 0 231 0 0 172 123 0 0 0 0 178 0 252 215 227 181 169 214 0 0 0 269 0 0 190 264 227 318 0 124 231 135 169 104 123 0 173 182 0 100 268 0 194 195 178 0 0 0 0 0 0 177 0 165 0 0 119 143 0 0 0 0 180 218 261 199 0 266 189 0 160 141 0 149 0 0 0 0 137 250 161 0 98 0 0 0 0 295 287 0 0 167 312 199 220 213 0 118 0 0 212 301 232 219 274 0 0 0 0 0
0 0 118 0 0 184 113 0 260 176 169 243 0 0 0 95 132 147 0 265 0 143 0 0 0 0 0 303 241 0 0 136 184 0 0 117 0 171 161 0 188 140 200 0 212 0 0 181 0 0 0 275 0 211 0 132 0 0 0 0 158 178 273 0 142 0 151 0 140 0 147 121 0 143 0 180 0 221 269 0 304 0 0 0 167 244 0 119 293 0 144 0 192 0 0 0 149 243 251 0 0 242 149 0 215 0 302 121 0 153 0 198 0 105 0 0 242 0 272 0 0 188 111 0 230 150 210 94 136 0 124 138 290 0 157 196 298 0 218 0 0 0 274 0 123 252 0 238 190 0 0 0 277 0 266 0 284 0 183 0 0 138 117 0 0 0 0 221 250 190 0 288 231 0 0 313 202 0 209 0 177 119 0 110 116 274 165 216 105 211 285 170 273 0 0 224 0 132 256 0 127 198 303 0 297 256 0 211 0 118 152 0 207 220 0 0 224 0 0 158 216 138 269 203 0 0 0 259 0 0 0 203 0 278 0 0 0 0 0 157 0 0 169 130 0 0 0 189 0 105 98 0 0 0 163 319 0 260 0 0 246 0 187 107 263 0 0 0 190 0 0 0 0 0 0 0 132 246 0 272 278 0 0 220 0 0 0 299 0 0 111 230 0 0 241 128 0 159 164 0 292 0 291 136 0 0 0 0 0 0 0 0 240 0 215 0 0 0 245 209 0 172 0 175 0 231 144 148 304 0 0 0 0 0 0 110 129 98 250 226 0 0 0 0 0 250 135 0 216 290 248 155 0 0 0
0 0 138 226 156 0 238 268 0 140 0 0 116 127 107 197 0 207 186 0 0 218 246 155 166 0 222 0 0 0 0 159 0 0 0 179 142 199 0 0 0 0 0 0 0 118 264 0 0 0 0 0 0 258 0 184 0 273 202 0 244 258 0 147 179 244 0 215 189 308 0 0 0 0 146 178 0 0 0 0 240 224 0 0 299 0 0 0 113 0 169 154 0 277 259 0 120 0 0 0 296 151 228 0 0 260 202 114 0 0 0 0 162 0 202 182 282 290 0 252 214 280 206 0 0 0 186 136 219 0 0 279 0 0 0 198 0 0 197 189 152 207 244 0 0 0 302 101 0 0 0 0 0 0 0 143 276 238 286 0 0 190 0 121 235 203 106 0 125 147 153 172 0 0 252 0 0 0 0 0 0 221 0 125 0 154 225 0 174 0 0 0 0 0 0 0 302 0 221 281 0 0 0 194 0 0 210 165 164 255 106 0 0 161 269 295 295 0 0 0 0 0 198 0 0 0 255 0 0 0 171 216 0 0 0 272 0 0 0 238 0 166 159 0 0 265 0 0 281 199 0 0 272 163 0 0 129 293 314 0 0 0 225 220 0 262 0 0 0 0 0 0 0 0 0 0 172 0 0 255 248 152 0 207 119 262 239 236 240 0 0 0 153 213 264 208 0 287 176 0 0 0 157 124 174 116 0 0 0 0 0 0 0 0 256 268 120 0 0 255 0 0 0 0 188 175 254 0 0 104 116 196 0 0 0 207 0 0 181 0 249 106 0 0 0 157 0 264 0 151 0 0 0 0
0 219 0 0 185 0 156 0 0 156 113 97 0 0 134 0 0 298 0 117 298 110 175 0 220 107 119 282 0 219 211 0 0 183 0 229 0 0 0 0 0 165 265 281 0 205 145 304 0 0 0 213 0 250 174 252 132 0 135 0 0 0 0 0 0 236 214 300 0 179 0 0 129 0 293 0 0 0 158 107 0 0 174 105 174 286 261 270 0 276 0 0 102 0 0 0 0 0 0 115 130 196 0 143 0 267 0 0 106 0 240 0 298 0 0 0 231 0 0 0 262 0 306 0 0 0 253 0 208 183 0 0 181 0 123 254 189 0 183 0 0 171 0 188 157 0 295 284 0 219 170 317 0 0 0 0 0 142 0 112 0 196 0 0 298 230 0 188 149 138 142 0 0 0 0 246 0 218 0 0 0 0 0 0 0 129 106 125 172 0 0 143 99 0 0 152 0 194 218 240 0 0 0 236 0 132 200 0 120 0 0 276 246 0 0 108 194 0 231 248 0 0 162 179 0 137 184 193 132 133 0 203 0 0 0 252 0 211 0 0 288 189 171 291 0 144 0 0 196 292 111 0 279 123 116 0 0 190 0 190 226 132 0 295 130 284 110 0 256 0 197 290 0 0 242 211 0 0 254 0 253 0 0 146 0 0 0 147 0 207 0 0 113 198 231 102 258 0 276 295 0 102 117 130 0 130 0 208 163 199 0 294 250 0 0 270 142 238 0 0 0 0 0 145 0 159 117 0 282 252 296 277 229 305 0 0 0 0 237 0 143 0 143 238 0 0 0 174 260 259 0 179 0
0 166 104 0 184 275 0 185 0 0 231 208 258 307 0 0 127 0 0 168 0 183 0 281 262 0 244 293 0 0 257 152 0 0 239 186 133 0 211 0 191 0 147 0 273 0 0 0 239 248 0 273 0 268 0 117 257 0 174 0 0 0 283 0 169 0 210 135 213 0 312 140 0 0 0 0 211 232 0 118 0 117 207 0 0 282 0 0 146 0 0 118 251 0 288 0 216 264 280 0 115 280 132 247 261 104 0 288 0 0 0 151 147 155 223 170 0 0 269 195 206 0 0 0 159 263 198 234 0 0 0 272 0 288 310 179 252 0 0 228 214 0 136 0 290 0 0 246 240 0 116 132 0 243 0 0 302 122 0 131 213 0 250 0 0 0 255 0 224 182 257 178 147 135 115 0 0 0 160 0 106 0 132 0 0 98 0 0 111 132 179 0 209 257 161 0 111 104 0 0 0 0 106 0 273 296 0 0 203 0 259 0 0 205 0 198 287 253 254 93 0 236 167 0 0 286 283 234 122 0 0 206 103 220 0 169 0 256 0 0 0 0 0 124 243 0 0 142 239 0 280 203 151 0 287 0 0 0 225 0 0 229 0 151 0 182 207 178 0 0 211 171 0 0 307 0 0 0 266 0 0 0 0 0 257 0 0 0 275 120 0 160 0 0 130 0 203 238 0 175 251 0 115 258 0 248 0 0 118 236 188 0 128 283 101 142 229 0 233 188 100 0 278 152 136 181 0 181 0 278 0 196 172 212 122 0 0 204 0 141 0 118 276 0 227 0 0 0 0 112 246 0
0 293 0 187 0 0 0 226 136 182 225 0 188 0 138 273 0 111 160 0 0 307 243 211 128 0 215 0 0 286 278 0 0 0 0 0 0 143 281 220 0 117 205 0 0 0 243 129 240 128 0 171 157 162 213 0 0 193 201 226 0 234 147 137 0 0 0 0 0 0 0 216 0 259 121 0 240 0 148 244 143 272 0 0 0 0 286 237 231 0 0 0 288 0 204 0 276 0 0 258 192 182 237 0 0 159 151 253 0 0 307 221 0 0 0 275 0 269 0 276 298 0 0 178 0 252 0 0 0 264 242 0 266 208 0 109 145 0 193 96 0 190 0 0 0 200 150 179 0 0 0 0 226 0 0 140 0 0 195 0 0 0 0 0 0 0 0 288 0 210 0 0 0 0 0 221 0 191 0 0 0 260 228 223 175 0 270 201 0 165 164 0 0 266 0 0 283 0 119 247 0 217 0 0 0 275 0 288 0 0 111 0 0 0 0 112 0 286 0 124 0 0 179 151 149 0 171 0 0 0 307 0 209 174 0 287 278 0 212 200 0 0 0 178 145 145 184 215 0 229 0 107 0 0 0 0 0 0 0 0 237 0 176 0 0 0 119 173 233 228 0 0 183 138 0 0 136 0 158 142 0 274 148 0 0 0 204 162 230 191 0 0 176 266 122 150 256 0 0 283 123 163 156 140 0 0 0 127 143 0 161 0 207 0 0 263 105 0 0 241 101 280 0 161 274 0 265 283 0 0 179 296 0 175 126 248 0 0 273 0 157 0 110 0 127 245 0 0 185 0 0
0 0 0 146 0 0 0 0 159 0 229 0 125 0 205 189 0 137 0 277 140 264 0 189 205 0 0 114 0 0 153 0 179 270 0 0 281 130 242 0 160 284 304 207 0 180 164 278 235 0 0 299 261 0 0 208 0 0 226 0 0 180 293 185 138 0 0 0 271 0 204 0 204 194 0 0 128 0 286 0 0 116 0 0 0 0 0 279 240 0 273 0 240 271 156 126 0 205 215 249 0 113 113 0 0 0 193 173 0 162 0 0 120 222 264 0 0 0 0 0 0 0 0 0 210 227 141 272 0 225 146 0 252 0 156 196 0 164 0 0 0 0 238 0 250 291 151 0 158 0 96 200 215 283 0 0 180 208 0 112 168 227 0 285 106 138 189 0 0 164 0 0 0 174 0 0 0 0 0 0 0 0 0 269 0 0 0 0 171 0 155 0 0 298 269 226 133 282 0 0 0 220 195 0 0 159 205 180 0 0 0 281 0 0 194 0 106 164 154 0 0 229 235 236 291 0 143 0 189 0 0 215 133 0 0 112 294 0 289 165 0 0 249 187 149 209 0 0 241 296 0 0 210 127 0 0 0 118 0 0 0 263 0 0 163 229 273 153 211 239 0 0 225 125 149 173 259 0 0 0 251 205 227 242 0 0 101 0 251 221 0 0 272 0 136 250 0 0 180 213 103 0 0 110 0 272 0 0 272 0 117 0 250 256 178 0 152 0 0 0 0 0 0 105 0 157 190 286 292 227 184 197 258 105 0 172 0 0 129 229 0 0 0 170 190 0 0 0 180 0
0 243 0 0 123 144 187 127 153 260 215 0 203 0 0 0 246 0 0 187 110 223 0 0 226 0 0 0 155 254 0 128 0 0 173 0 216 149 238 0 133 0 135 124 0 0 0 0 111 0 0 0 0 0 0 0 0 104 0 229 0 180 276 245 0 0 0 0 0 195 311 0 247 0 0 277 188 0 190 0 185 0 0 0 254 0 0 0 140 0 0 0 224 169 0 0 275 0 159 193 210 169 0 268 0 171 149 0 0 0 240 0 237 0 144 0 0 0 122 0 183 0 0 129 231 0 0 221 0 0 134 300 213 140 265 0 127 0 0 180 0 0 179 201 0 202 127 0 0 183 102 143 221 155 164 208 127 191 0 124 197 298 248 0 0 0 0 226 220 140 0 0 202 0 0 0 280 0 0 116 0 260 187 123 180 95 233 0 132 202 128 0 0 0 0 133 147 257 0 0 0 218 0 138 282 0 0 156 145 220 229 0 247 129 299 278 215 283 0 0 0 0 228 155 0 0 158 0 0 0 224 97 0 101 217 239 0 171 139 296 0 0 178 202 0 241 178 0 205 220 0 0 0 0 197 274 138 0 137 0 183 220 244 0 146 218 0 304 0 156 0 131 227 148 242 106 0 0 0 155 191 276 108 0 0 158 174 241 0 0 0 253 0 139 0 247 270 0 0 127 0 203 0 0 302 223 0 0 214 197 0 0 0 140 0 0 0 0 0 134 0 111 0 0 201 98 0 0 269 0 0 0 0 221 0 0 0 245 189 0 144 0 0 109 168 0 0 163 0
0 0 0 155 178 204 260 0 0 0 0 271 204 211 0 0 161 114 312 0 253 0 0 0 138 270 0 273 142 217 261 0 147 119 168 138 148 0 146 0 214 0 0 143 0 0 0 287 292 0 99 185 291 0 203 248 103 117 166 0 218 0 0 0 110 0 0 0 0 0 0 124 0 0 121 207 246 0 125 314 0 161 275 243 203 0 0 125 0 216 129 184 111 0 0 247 0 240 130 0 239 112 233 0 150 0 212 258 154 279 161 203 0 0 151 0 170 223 0 0 205 259 0 228 0 0 0 196 180 239 163 103 0 0 0 0 0 0 0 251 0 0 107 0 0 0 0 233 223 301 0 0 0 0 246 275 0 0 0 137 251 0 157 0 0 0 273 251 0 245 0 0 0 0 0 174 281 0 0 133 0 214 0 251 177 240 183 0 0 0 220 0 128 0 0 214 111 0 281 0 292 0 0 0 100 201 0 0 0 0 0 0 0 0 0 207 0 252 191 0 104 308 0 0 0 0 217 0 0 0 0 0 0 145 0 286 305 0 308 0 112 244 158 154 0 141 228 0 241 0 0 128 0 120 0 0 0 0 0 198 0 241 0 199 0 0 141 298 215 115 202 0 0 0 0 0 0 0 115 0 269 0 127 0 0 0 0 0 289 0 0 246 0 190 0 0 0 103 174 112 302 0 0 0 104 0 0 0 0 0 0 0 173 0 214 0 0 0 0 0 0 208 109 224 0 236 0 224 0 0 101 275 280 104 198 145 0 0 0 239 0 218 269 303 0 157 214 0
0 310 0 0 0 260 0 283 0 305 239 108 0 210 0 0 0 0 0 0 0 136 203 157 0 0 254 0 0 282 105 0 0 167 0 298 0 0 0 0 250 0 0 0 157 0 169 0 217 118 0 122 0 126 0 282 0 271 0 259 100 0 0 277 0 0 157 134 186 0 255 0 310 241 0 169 0 180 0 191 149 0 0 103 0 288 209 213 159 0 0 272 266 227 180 0 230 0 184 0 0 172 0 0 0 149 164 0 0 132 226 192 0 122 0 0 297 282 0 138 0 295 136 0 0 125 231 0 163 0 0 0 99 0 0 121 0 303 0 0 0 214 288 116 0 299 0 292 114 290 210 308 264 0 0 0 135 295 292 214 267 291 301 0 190 0 176 0 243 0 0 146 142 165 180 0 121 114 184 123 0 274 198 0 300 94 0 240 282 0 292 0 0 0 0 0 217 194 0 0 268 106 132 183 270 193 0 239 131 0 151 153 252 268 237 0 0 0 0 182 130 0 265 156 293 0 139 109 296 204 136 0 0 119 208 261 0 130 242 235 185 299 0 246 136 231 319 0 0 218 187 0 0 236 170 122 175 0 0 0 177 286 256 229 105 0 165 0 192 0 175 0 0 0 293 170 107 0 187 0 0 0 0 0 98 298 0 0 0 0 251 0 0 0 0 0 0 0 0 0 215 182 0 253 0 137 189 0 0 0 109 161 0 0 159 0 0 0 0 133 0 0 103 312 0 232 102 116 154 185 0 283 231 298 0 140 117 194 171 123 246 188 0 247 240 0 0
0 225 0 0 119 0 0 215 224 96 0 0 216 264 0 166 189 0 0 188 0 0 151 0 252 164 160 0 0 195 283 0 218 272 0 0 0 0 174 0 222 289 163 0 273 129 0 205 0 0 123 190 0 0 101 0 0 236 119 281 265 248 0 130 0 120 0 0 0 108 0 0 0 284 270 272 0 0 0 0 0 282 0 0 0 0 0 166 0 300 0 0 234 0 206 0 106 181 152 235 0 158 125 264 275 0 111 0 0 186 125 233 196 207 0 136 0 164 243 0 211 153 108 0 0 163 226 0 206 0 0 139 263 270 0 0 0 154 0 228 234 263 280 0 239 0 0 0 215 182 0 266 258 0 0 0 0 0 0 198 215 0 203 0 202 273 124 266 190 0 0 209 147 134 113 0 0 0 138 0 252 0 0 0 0 147 0 101 0 270 0 0 237 279 0 0 0 0 0 0 159 0 298 303 0 0 0 249 288 0 0 0 284 302 0 0 0 0 193 0 146 110 0 251 249 0 116 167 176 124 249 145 0 194 223 0 273 271 136 180 284 0 135 0 0 142 260 216 0 271 113 0 171 275 0 0 224 0 0 0 0 0 171 286 0 0 240 238 180 0 0 167 0 0 224 0 0 259 0 0 0 0 0 197 0 0 0 272 0 164 0 0 275 0 248 0 0 0 0 165 0 167 146 0 212 0 0 0 0 230 198 0 128 0 281 0 277 0 288 0 0 0 287 177 136 270 292 309 0 99 0 263 129 0 142 245 0 0 138 0 244 0 177 0 0 0
0 0 0 253 0 0 0 0 298 0 194 182 125 0 0 109 0 0 209 152 0 0 157 233 130 108 0 0 217 198 143 0 262 0 146 0 239 0 290 0 0 159 120 0 287 0 150 288 0 221 0 264 0 113 181 0 223 0 0 180 0 177 124 249 0 267 0 275 162 131 0 0 0 160 0 206 0 286 262 0 103 97 0 0 219 0 0 0 0 289 199 126 252 0 124 153 0 231 0 0 127 0 280 0 0 0 0 237 127 283 279 0 0 0 217 0 200 175 0 270 0 246 278 198 266 200 0 217 0 283 220 137 204 262 250 171 138 0 0 0 212 0 125 205 0 248 139 0 131 111 0 0 0 209 0 0 0 0 178 250 0 164 242 130 0 121 179 0 0 148 131 0 190 0 166 240 0 0 246 0 0 0 240 183 0 0 0 133 0 0 0 0 0 0 192 210 0 137 0 271 205 295 191 310 0 0 0 113 0 0 284 220 235 123 0 136 266 0 284 109 225 183 0 0 229 172 239 0 0 116 138 0 0 277 0 0 274 275 0 252 295 216 0 0 0 0 188 185 111 192 0 184 199 115 165 125 187 0 156 0 0 0 313 161 0 140 109 0 0 0 0 0 0 133 112 190 241 198 321 0 0 0 210 268 136 239 205 237 0 0 0 261 238 214 221 251 0 0 279 0 0 0 0 289 0 0 0 145 0 0 0 0 0 274 108 0 0 166 180 0 0 174 0 0 291 0 202 240 0 0 266 0 0 203 151 205 0 0 208 0 184 0 0 287 0
0 103 0 296 0 0 229 206 193 157 0 0 267 222 295 0 0 0 224 0 0 255 246 0 0 0 232 235 0 260 183 0 0 97 0 0 184 0 0 164 260 0 286 229 298 0 273 283 0 269 152 0 0 105 279 0 178 186 168 144 0 0 0 258 0 0 0 0 0 0 0 0 0 0 254 122 256 0 0 0 281 238 296 0 0 118 0 268 193 105 0 116 0 276 190 0 0 0 114 0 0 106 0 235 0 145 274 245 178 294 0 0 128 257 146 148 132 93 261 287 0 248 229 0 0 149 261 0 0 0 0 0 0 0 240 0 113 0 194 213 0 121 258 248 0 0 131 238 243 147 267 0 206 125 141 0 0 0 0 0 262 132 0 148 0 0 0 213 0 0 183 114 277 0 0 0 125 133 160 0 0 0 0 0 0 124 159 0 219 0 294 157 122 126 0 96 0 202 0 0 0 202 185 0 289 237 0 133 245 242 0 176 228 141 0 263 125 0 192 170 112 252 0 0 0 130 0 0 201 0 0 217 0 152 0 0 280 234 0 0 185 170 249 271 280 0 0 124 0 0 0 0 0 0 125 125 137 165 130 290 0 0 222 316 253 300 247 197 247 0 0 0 106 0 0 0 0 0 136 130 0 0 179 0 0 196 193 0 166 0 258 219 0 0 169 109 0 0 0 0 131 0 0 0 228 285 0 295 0 177 0 0 157 0 0 108 125 184 0 198 234 0 0 153 162 147 305 0 154 0 0 116 0 0 154 141 0 173 251 0 213 272 0 0
0 0 184 0 0 0 0 0 224 0 279 0 98 0 0 0 178 153 0 0 0 197 0 0 133 116 0 172 239 0 203 0 0 256 125 255 0 0 0 230 281 0 0 0 0 0 0 0 210 0 0 280 0 144 0 0 224 208 0 167 229 0 0 103 0 0 0 224 0 188 0 0 0 0 0 0 0 282 0 0 270 201 249 106 0 256 229 282 0 0 0 235 234 0 117 0 191 0 0 139 109 0 249 127 0 0 136 0 0 123 0 0 282 270 0 0 266 0 208 0 194 0 193 140 166 0 0 231 251 0 0 187 0 267 268 145 276 227 0 240 0 140 144 0 0 0 0 289 237 0 0 221 168 0 285 99 0 0 0 0 0 0 262 0 139 239 117 148 0 0 203 0 0 0 0 210 0 222 0 250 0 127 0 0 297 0 0 115 0 109 234 0 0 109 230 0 166 230 288 247 305 0 0 171 0 130 0 0 0 231 0 109 121 168 267 270 282 115 0 0 0 0 173 138 283 188 197 147 0 0 0 0 0 0 0 222 0 268 0 0 190 116 278 0 112 297 0 198 0 244 0 0 0 208 0 0 234 255 184 0 0 191 261 0 0 236 0 0 0 188 233 164 0 136 0 225 0 0 0 0 134 0 277 0 0 0 0 0 269 158 0 0 182 0 139 0 0 0 144 0 208 157 146 129 0 0 0 220 206 235 0 0 0 0 0 256 262 258 305 140 265 0 230 0 0 161 122 177 128 0 129 0 133 0 240 0 303 0 0 0 288 0 0
0 0 198 191 109 0 0 0 135 243 239 0 113 0 0 292 281 258 161 171 254 117 0 0 0 0 287 0 0 0 0 126 0 0 217 0 0 117 0 109 0 247 0 188 115 0 0 140 0 0 140 118 251 0 246 262 192 0 244 317 0 0 240 0 0 223 0 0 277 117 0 0 0 151 159 0 121 169 177 230 0 0 147 0 0 0 232 252 0 0 0 0 156 251 256 0 155 0 0 0 138 0 0 0 155 183 259 0 0 224 262 0 141 133 175 0 0 0 0 0 148 0 222 0 0 0 190 106 211 292 0 257 0 0 0 0 0 0 264 0 0 0 0 213 0 160 0 0 0 134 255 0 147 102 0 0 251 0 0 124 299 0 0 109 0 0 251 193 236 138 0 0 0 0 274 0 211 149 0 243 236 162 0 150 0 0 0 207 217 0 0 0 269 252 280 0 144 0 0 0 268 0 221 0 118 0 207 289 0 162 187 0 0 273 0 0 158 0 256 124 231 155 0 0 0 167 146 212 0 0 0 196 0 0 147 0 290 0 211 0 152 252 168 0 189 188 0 0 0 143 0 0 222 117 0 0 200 0 0 0 242 103 193 254 168 0 179 207 241 0 0 295 0 0 274 0 0 208 233 272 0 156 0 196 0 0 118 179 215 209 0 224 0 238 320 138 151 238 145 239 149 0 206 131 197 128 0 0 179 0 269 0 295 0 134 221 0 151 136 0 133 159 132 0 0 180 207 0 197 227 0 139 0 0 251 0 259 153 0 0 241 0
0 0 0 0 298 0 160 251 172 156 142 0 0 0 0 0 137 0 171 0 0 0 244 115 260 0 0 0 0 0 0 0 0 0 232 150 0 222 0 290 0 294 107 217 249 0 192 210 250 177 277 284 217 161 0 0 0 280 0 0 0 0 0 244 286 245 203 120 118 265 108 0 0 0 0 246 0 0 214 0 245 0 297 0 149 100 271 0 253 169 282 241 0 121 0 0 0 213 273 0 139 215 0 0 0 151 0 0 0 0 144 198 158 151 141 157 275 260 200 0 276 0 164 0 0 0 154 0 196 154 256 266 0 217 109 0 113 103 188 140 0 0 0 162 180 202 0 0 136 0 0 0 0 0 167 260 0 0 0 240 0 0 276 0 281 0 0 0 129 0 159 0 0 172 0 128 0 145 218 297 0 261 266 194 0 0 0 105 0 136 0 0 182 248 0 212 0 0 0 0 0 186 178 0 0 204 0 0 0 0 0 157 0 132 145 139 277 0 152 0 0 288 206 297 0 0 0 0 0 0 0 228 0 0 170 0 0 297 0 153 192 142 0 0 0 279 101 0 0 205 233 0 163 0 283 294 0 219 308 0 0 171 0 0 0 0 201 0 253 0 0 138 0 148 0 0 184 149 175 180 0 198 212 0 179 0 145 0 0 181 250 175 296 262 155 172 225 0 143 195 196 0 0 0 290 0 220 0 0 271 0 0 157 206 174 240 0 292 0 0 0 108 0 0 184 0 140 125 154 277 232 0 109 125 143 0 257 251 267 311 0
0 129 219 0 0 281 152 242 0 0 216 232 0 0 197 0 186 0 0 236 264 216 165 247 132 291 0 185 0 0 0 0 0 0 0 121 166 237 0 0 0 243 0 182 165 151 0 0 0 0 269 285 162 0 178 102 0 0 0 0 0 117 0 0 108 186 0 0 227 243 0 0 240 110 178 0 0 0 0 0 0 186 0 213 197 130 0 263 234 129 0 171 261 0 248 222 177 174 0 280 0 0 0 0 0 170 0 173 0 0 0 108 0 0 0 0 148 238 0 0 171 98 0 0 0 0 0 0 173 106 0 0 0 256 0 230 234 0 0 144 0 0 273 219 147 144 270 243 0 299 0 280 102 0 0 0 301 195 0 0 177 142 0 167 0 124 0 108 218 246 0 149 0 130 0 0 180 0 196 0 151 0 187 255 243 0 100 0 0 252 283 0 213 0 102 0 296 0 0 172 0 0 0 302 300 0 0 0 0 296 0 0 0 190 0 0 250 0 0 183 0 221 284 286 271 0 260 198 129 0 285 0 133 0 0 252 0 250 0 197 175 281 226 0 169 0 0 93 233 0 0 225 267 232 0 0 293 0 0 151 185 0 97 0 0 0 0 111 0 224 0 145 250 0 140 0 0 197 237 0 0 140 291 206 0 0 0 269 0 0 0 0 0 0 0 0 0 0 0 180 0 211 0 151 201 0 0 228 0 0 0 0 0 173 0 197 0 0 0 224 0 0 0 190 0 237 255 151 204 180 193 0 270 213 135 133 0 0 0 0
0 0 197 0 158 0 0 111 0 129 199 186 168 183 0 0 0 220 0 252 265 0 259 0 157 213 0 224 0 188 184 0 0 281 274 100 284 0 233 109 0 241 241 0 115 0 180 237 260 0 0 235 0 0 0 0 137 171 0 281 192 281 0 0 277 0 290 258 233 0 210 0 125 0 260 120 234 243 96 0 199 0 0 281 0 275 0 0 204 0 0 0 0 0 275 129 130 0 191 202 0 266 150 0 0 0 228 0 282 0 137 208 158 0 0 0 93 289 0 0 0 0 170 198 203 121 296 124 0 211 126 290 174 0 162 0 0 0 144 0 0 0 276 0 0 222 0 207 165 140 0 0 98 223 180 267 0 293 156 120 185 0 0 143 130 209 132 0 291 0 0 0 277 184 0 265 0 297 0 108 0 0 0 155 0 0 266 284 227 199 126 0 184 0 162 272 165 268 0 0 209 0 0 0 0 0 0 248 304 0 0 257 0 0 0 0 0 133 291 178 209 0 226 0 270 121 0 0 0 132 0 0 277 0 193 0 0 232 236 0 0 118 0 0 163 0 0 0 0 157 0 0 264 275 176 0 166 202 224 0 187 254 0 0 0 0 0 0 0 0 221 166 199 295 262 252 146 0 0 0 0 0 0 295 113 0 0 160 0 141 0 0 0 128 0 0 143 194 0 284 0 0 0 207 0 259 0 0 0 0 0 0 0 166 163 0 0 0 0 0 135 260 0 102 197 0 0 0 0 284 0 250 233 162 245 0 0 0 0
0 193 212 176 253 145 127 0 222 140 125 214 0 0 0 0 243 122 121 0 102 0 0 0 0 230 0 208 0 173 0 0 0 123 104 200 0 303 0 141 0 0 0 0 0 0 0 0 0 0 0 0 294 267 0 120 243 0 0 0 103 0 293 0 0 233 282 0 138 174 245 105 166 128 0 279 150 255 214 293 163 0 0 200 109 0 0 0 170 0 115 0 145 281 142 0 0 0 182 274 126 0 211 0 0 0 0 0 216 0 117 0 194 0 0 0 0 235 230 0 262 0 0 150 200 222 106 244 0 0 0 168 0 0 294 175 0 0 120 0 245 136 187 189 0 0 291 163 0 292 0 270 0 0 0 116 0 207 0 112 185 0 0 168 186 247 0 276 129 0 0 0 211 0 0 0 286 0 193 213 0 0 282 0 0 0 0 224 293 117 233 273 0 0 294 266 0 117 0 0 169 108 124 0 0 0 0 110 0 0 150 0 156 171 0 258 0 0 0 0 0 140 0 0 0 177 0 179 195 181 255 0 263 171 0 263 283 0 168 112 0 144 288 241 0 0 0 110 0 0 254 166 205 0 250 0 0 0 101 208 0 134 278 244 0 0 206 0 0 0 0 0 0 0 279 228 0 261 0 220 285 204 0 154 226 0 0 271 0 295 307 284 0 0 0 213 0 148 0 0 179 264 0 238 0 217 0 127 126 110 0 168 0 0 258 0 295 278 0 146 190 274 0 169 0 0 174 149 108 186 0 184 0 249 189 0 0 0
0 0 0 184 0 0 0 165 0 304 250 125 193 101 225 0 101 0 239 233 0 107 0 0 0 0 277 263 0 0 0 144 267 0 147 166 0 257 0 0 0 0 184 142 254 159 242 0 0 178 273 236 0 227 0 0 0 282 0 293 0 284 294 0 198 212 127 0 105 0 138 143 281 0 286 0 270 230 257 0 213 0 0 0 298 0 0 0 0 173 233 0 0 0 110 307 232 0 0 0 0 0 211 0 194 289 0 0 0 0 126 141 0 293 182 0 0 292 293 220 0 261 0 244 0 0 204 0 240 158 0 0 0 0 150 225 0 224 0 145 0 0 287 0 0 212 171 0 0 0 0 265 188 0 140 154 263 0 0 0 0 251 0 235 109 261 0 0 0 301 245 186 151 107 0 0 0 0 0 191 223 0 187 0 0 230 108 0 160 0 0 0 109 96 0 215 0 0 178 0 133 0 300 187 0 0 246 242 0 0 0 166 0 228 144 0 165 278 0 190 260 0 0 0 111 251 0 0 211 150 135 94 0 0 166 0 0 136 0 0 0 0 215 0 0 251 270 0 268 206 164 0 0 0 0 157 0 158 0 131 133 221 0 269 0 0 0 202 0 117 0 0 200 0 0 0 230 152 292 0 0 141 230 0 268 0 0 159 0 0 0 0 281 0 0 195 210 275 0 294 164 159 129 305 0 123 128 0 148 207 269 0 0 110 126 0 126 191 0 0 0 167 142 197 216 117 0 173 106 0 280 238 228 137 0 0 0
0 0 230 0 255 277 100 0 0 0 163 0 0 200 213 156 111 0 0 0 0 0 0 162 0 0 191 118 0 164 0 0 312 162 0 0 255 0 0 199 0 248 138 0 99 102 0 0 250 234 0 0 0 0 155 131 212 187 0 112 214 0 0 0 0 0 117 0 0 0 0 0 228 0 233 186 0 0 0 213 0 306 0 0 0 0 0 230 0 0 0 197 0 188 0 0 0 0 0 0 144 0 123 177 0 196 0 171 0 0 192 210 0 0 0 251 235 0 186 150 108 0 255 0 258 0 0 169 0 0 257 262 0 0 206 154 0 0 0 200 198 113 268 0 264 176 0 0 0 195 0 0 259 232 0 208 271 211 0 157 0 118 0 232 155 0 165 0 249 0 0 0 269 0 0 141 0 175 276 0 228 124 0 0 160 0 126 262 202 0 169 0 0 96 0 0 108 196 0 178 0 0 202 0 0 170 157 0 0 0 258 0 308 0 0 164 0 177 0 0 205 0 108 251 0 200 0 278 0 0 128 0 103 187 0 0 257 0 128 140 103 0 138 0 209 270 0 0 0 315 0 0 117 130 150 0 0 252 159 0 0 0 285 145 0 0 228 210 0 0 205 0 150 0 239 301 187 292 206 0 254 182 212 95 0 188 0 138 0 0 0 0 155 0 0 0 206 122 0 0 0 0 0 0 0 142 0 0 217 154 0 226 0 113 0 258 287 133 304 284 216 209 0 0 171 179 0 0 0 0 0 216 0 192 292 0
0 0 259 0 175 207 114 0 0 194 229 0 0 302 252 102 0 134 0 229 0 151 0 227 166 160 178 240 280 230 216 0 0 175 0 101 168 0 0 0 264 137 108 288 0 234 99 0 259 0 0 175 0 118 109 0 0 0 224 0 0 0 272 0 130 115 0 102 0 277 267 0 253 0 261 296 0 198 98 242 0 269 116 0 209 0 160 0 159 157 0 163 109 0 165 0 0 0 113 279 214 0 142 0 115 127 0 220 0 0 0 0 0 0 0 0 240 0 0 0 0 139 0 0 208 213 0 0 0 0 0 0 0 178 0 159 238 118 225 227 243 286 261 0 174 0 0 0 0 0 0 116 0 0 0 0 208 0 0 199 263 0 290 303 169 257 0 267 217 113 292 0 235 0 0 0 0 187 161 0 178 0 193 143 0 0 0 0 112 279 0 0 0 0 291 0 326 0 145 0 274 261 282 0 122 180 165 218 0 213 0 171 0 220 0 289 271 313 126 0 202 0 242 262 193 242 0 206 0 323 0 0 144 0 187 0 0 0 0 0 0 273 0 243 128 0 252 106 0 0 220 159 259 108 0 191 0 135 286 174 163 98 302 182 202 0 157 0 135 145 210 0 255 0 216 0 0 157 235 110 162 214 239 245 190 0 0 156 222 105 0 0 0 0 177 97 137 0 0 0 199 229 0 281 244 270 0 111 231 156 0 104 0 0 0 269 0 133 267 189 139 101 215 0 0 117 165 0 0 270 0 0 0 0 0
0 252 0 0 162 0 273 153 0 167 0 0 0 233 276 0 0 0 149 290 0 0 0 199 155 0 250 175 235 134 214 0 140 0 0 204 0 203 123 240 271 128 0 0 263 0 0 300 0 0 150 0 214 0 0 245 0 0 0 0 0 191 212 270 109 254 0 130 0 203 0 131 127 0 110 0 276 269 255 151 0 269 117 0 132 0 0 271 113 0 301 0 116 209 226 0 205 0 0 139 266 0 0 0 0 0 267 302 157 269 0 0 200 0 110 151 178 282 0 0 0 0 0 111 240 0 152 208 148 0 0 0 228 0 190 0 230 0 249 123 280 0 271 212 0 0 0 0 232 173 139 268 0 0 204 0 285 164 0 0 100 0 0 0 0 0 213 271 177 127 265 136 0 273 0 198 135 256 168 0 0 0 0 119 0 0 0 0 0 165 128 0 0 162 0 203 271 146 272 177 257 249 0 245 277 0 232 0 103 149 0 134 146 0 103 144 161 0 0 109 0 0 202 0 0 204 0 115 0 0 206 120 0 0 99 0 239 175 151 104 122 272 0 0 134 304 117 134 0 124 0 0 0 0 209 0 0 0 108 202 0 0 275 229 259 0 0 0 0 0 266 0 0 0 263 0 0 201 0 0 0 144 215 198 195 0 291 0 0 0 296 191 210 0 180 0 113 0 243 0 95 0 0 204 224 0 187 0 160 217 166 0 205 104 129 0 159 0 0 0 175 0 0 0 112 0 0 277 0 182 0 231 0 0
0 139 0 258 0 0 0 159 233 106 116 245 0 282 251 0 295 184 0 0 0 256 291 0 0 0 159 257 197 209 279 210 0 141 248 274 0 0 177 0 0 152 0 0 0 237 0 0 0 164 303 0 0 222 0 0 202 0 0 213 0 155 0 0 129 225 297 0 0 104 0 153 0 0 0 0 109 227 0 0 0 0 0 0 0 136 0 105 109 190 0 265 159 233 0 0 253 0 0 120 283 117 0 306 155 0 240 0 140 0 0 102 118 289 153 257 161 0 0 0 158 269 152 126 231 0 0 271 0 0 261 221 216 313 285 199 179 141 0 146 193 196 104 112 189 264 106 0 0 232 0 0 0 0 242 0 110 0 206 0 283 107 210 0 0 0 0 0 0 0 171 0 247 186 248 0 0 0 232 0 0 0 227 0 0 0 242 0 136 0 0 0 0 237 0 0 308 0 233 0 0 0 238 0 0 0 272 274 291 0 0 227 0 269 0 0 0 248 0 0 0 221 0 300 187 152 291 196 116 102 156 144 304 182 264 0 0 0 0 202 257 0 0 171 269 0 0 122 161 0 0 144 0 212 180 261 264 0 127 0 171 0 243 131 0 0 0 0 0 222 187 0 0 0 203 0 154 0 0 0 286 0 0 289 243 115 0 0 295 0 0 0 0 236 0 186 192 206 259 0 0 0 0 0 0 0 0 179 127 0 256 0 0 233 0 0 0 0 175 0 153 0 0 133 0 0 209 0 0 144 126 114 0
0 0 227 309 257 190 0 0 111 214 155 0 0 212 260 210 0 0 0 0 0 0 265 0 0 146 0 0 205 273 0 279 0 295 0 154 0 0 254 0 0 0 274 0 0 0 0 0 243 134 0 242 0 184 297 0 0 126 0 261 120 229 0 0 223 159 0 0 0 247 222 185 0 0 0 0 0 0 131 0 184 0 0 0 0 214 0 0 298 0 122 291 0 293 152 0 0 0 153 171 278 139 200 0 0 119 0 0 0 264 223 0 0 229 0 0 288 292 0 160 299 218 0 303 239 217 0 0 0 192 130 0 0 102 227 0 0 0 0 0 147 97 0 0 121 0 0 130 215 0 0 240 0 147 253 0 0 212 0 0 187 114 113 283 0 241 149 0 0 0 229 115 0 204 149 267 254 225 0 233 286 255 0 116 0 253 257 263 169 118 0 0 142 0 0 0 0 0 0 0 0 265 0 190 140 144 248 0 0 0 294 275 253 131 149 0 0 0 266 0 0 234 0 0 194 141 0 280 0 105 311 233 125 243 235 139 0 0 0 0 0 214 259 0 0 0 0 0 115 0 0 0 0 0 187 140 270 0 307 101 167 0 0 0 101 0 282 0 199 0 109 0 0 232 171 0 0 213 0 218 123 262 0 0 192 0 0 203 0 0 240 255 145 0 247 291 0 216 0 173 0 123 0 0 0 222 147 240 142 201 166 155 0 168 0 262 0 0 0 0 0 0 0 0 0 0 0 295 0 233 219 0
0 261 0 213 0 151 0 0 125 0 280 158 0 0 183 0 282 188 136 213 152 259 0 0 0 0 0 237 154 283 0 0 266 147 0 0 0 0 0 0 254 273 308 0 0 0 0 105 145 181 104 0 0 135 0 121 0 0 0 264 239 133 0 0 0 0 253 0 213 0 0 102 0 0 267 242 0 176 279 0 308 0 0 110 0 113 135 213 0 112 263 110 156 0 112 178 0 0 150 263 229 266 0 0 0 0 0 0 0 265 0 0 284 229 0 0 273 0 205 170 117 134 0 246 0 0 0 0 270 226 0 0 0 0 237 133 0 0 126 0 159 0 198 0 0 0 0 0 0 0 226 0 0 123 0 0 255 292 188 0 190 0 0 289 211 0 256 271 0 0 244 277 207 250 0 0 0 0 0 0 153 0 206 0 301 0 0 133 0 126 0 204 242 0 219 0 0 214 289 0 195 0 288 209 0 0 0 229 276 0 134 254 115 148 244 146 0 0 0 0 126 0 0 285 0 0 0 152 0 203 178 0 0 0 0 0 205 277 213 117 0 240 201 138 281 260 0 251 0 177 270 0 307 0 0 220 0 0 0 0 283 0 0 208 0 146 245 272 168 285 0 151 141 0 177 0 165 0 99 263 260 223 190 128 210 0 186 291 0 0 0 202 0 0 0 0 0 0 0 287 189 109 0 126 0 261 0 130 178 138 0 0 0 0 0 220 134 0 152 0 0 259 163 0 0 179 0 258 288 0 0
0 0 0 0 215 0 139 0 0 264 293 185 213 235 295 0 158 0 133 0 224 257 0 208 0 0 277 189 133 213 0 110 0 247 230 118 175 122 182 107 0 0 0 0 147 0 191 0 139 191 0 0 262 0 194 0 259 276 0 0 0 287 0 0 210 0 0 0 289 281 180 134 112 0 0 288 158 0 0 0 0 0 0 0 252 0 0 0 173 154 216 207 103 223 165 0 209 255 0 0 0 252 253 215 106 0 239 249 0 0 0 167 0 106 267 233 0 0 176 298 0 0 0 291 0 134 0 200 0 283 0 0 221 0 0 173 0 295 0 0 0 312 144 0 0 138 242 0 246 228 0 0 195 128 231 0 177 256 0 0 215 0 214 0 0 151 110 238 118 0 0 0 0 0 0 264 140 0 198 0 0 0 0 0 0 0 0 189 0 250 281 0 0 0 0 0 0 224 277 229 140 142 0 142 0 257 0 286 212 0 0 0 0 256 0 0 159 145 131 203 128 0 179 206 221 122 0 233 236 184 216 278 235 290 179 179 0 0 227 131 265 220 0 0 0 0 0 0 215 0 105 186 233 238 252 0 0 237 0 0 235 0 171 0 0 0 0 0 241 0 144 0 0 0 251 0 146 248 0 0 0 117 271 306 0 141 125 0 184 99 0 0 105 0 0 172 0 0 0 222 268 0 0 106 0 221 262 0 0 0 0 0 111 163 106 0 216 0 0 0 175 0 138 301 147 0 210 214 262 0
0 167 214 236 202 282 0 0 136 0 121 170 0 0 0 0 203 241 0 0 262 0 281 0 0 0 0 0 0 309 0 96 0 0 239 253 0 284 0 0 0 0 0 0 0 144 0 0 0 192 0 0 213 0 134 0 0 198 0 0 117 0 271 185 0 163 0 0 0 214 222 264 145 0 250 215 200 0 0 0 217 261 0 0 302 0 180 0 0 138 223 227 129 0 0 170 185 0 108 0 148 105 0 205 0 0 141 149 0 193 0 282 0 130 0 216 166 215 0 0 0 104 0 228 145 0 0 277 0 0 0 108 227 162 0 215 168 0 0 257 140 161 0 260 149 247 0 156 0 310 109 285 0 0 0 0 0 0 0 0 230 0 133 213 0 147 155 291 0 257 153 0 0 0 0 228 0 0 0 0 0 246 0 0 0 210 300 0 0 0 172 0 0 160 182 0 210 282 207 0 246 0 0 105 285 0 245 297 277 175 179 128 214 0 132 146 103 0 260 0 156 0 0 164 174 274 0 118 123 0 160 148 0 233 272 148 266 260 179 195 109 152 106 165 0 0 164 277 0 186 0 0 0 106 233 205 230 207 0 0 166 0 0 0 122 0 167 247 228 0 162 0 0 212 228 0 170 157 0 133 195 113 257 0 0 0 150 294 144 169 253 0 182 171 123 164 0 212 137 0 0 237 0 0 0 118 0 0 184 204 0 0 296 0 0 199 0 0 0 264 143 0 0 155 143 0 112 134 0
0 0 0 0 179 109 0 110 0 0 0 214 0 0 0 0 0 291 212 272 256 0 0 0 0 223 0 241 0 206 200 0 316 165 0 0 0 202 260 119 0 0 0 0 235 98 0 0 0 137 104 182 185 0 0 0 230 0 0 0 189 0 143 120 0 0 201 0 0 0 0 112 0 222 206 285 116 172 268 0 0 0 252 307 221 155 155 0 266 199 0 0 269 102 0 251 257 282 0 0 225 128 0 268 0 140 180 309 0 276 0 161 0 0 0 175 0 0 193 277 172 0 242 0 282 0 143 191 0 0 156 0 0 160 105 148 0 144 279 212 126 197 0 112 0 127 0 237 0 0 123 0 0 0 0 0 0 172 0 0 0 278 0 194 0 209 0 244 187 281 251 284 282 0 0 0 164 220 249 0 170 0 175 0 245 0 0 0 136 180 0 0 289 0 237 148 0 189 0 151 119 142 0 208 0 179 252 199 0 205 0 157 0 0 208 0 255 280 0 294 0 0 263 0 0 217 300 119 214 105 167 144 197 0 220 0 0 0 141 192 158 208 216 0 0 170 214 240 170 145 0 247 290 179 214 0 0 121 0 0 199 224 280 161 136 0 288 216 0 201 0 224 0 199 0 193 134 120 0 0 0 0 0 213 0 241 0 0 266 0 0 0 0 110 0 0 253 0 194 135 0 155 292 0 142 0 0 0 0 159 200 0 148 0 198 129 0 0 0 231 109 0 0 281 0 247 0 0
0 218 167 271 283 222 286 269 277 0 303 167 0 0 0 0 191 265 0 164 270 250 293 199 151 250 118 117 235 0 0 177 230 115 106 128 0 0 198 0 194 0 240 0 203 201 0 280 167 0 212 136 0 180 0 188 0 0 235 193 233 275 134 0 273 218 271 294 317 0 0 297 195 0 101 173 0 0 157 0 0 0 0 171 0 110 243 226 273 0 182 257 106 0 0 230 209 153 284 281 214 0 0 184 157 214 0 184 180 271 141 0 0 0 0 210 0 0 0 0 0 187 120 0 0 0 0 0 0 225 107 133 235 0 207 264 210 0 152 0 0 215 0 0 0 0 108 0 97 0 211 0 0 112 201 0 174 263 0 216 0 0 0 0 119 0 218 0 230 283 0 0 276 123 0 0 166 134 258 265 0 0 150 0 0 165 0 0 133 0 0 107 157 0 0 209 0 0 0 202 0 0 0 0 149 0 130 0 168 0 0 0 0 267 252 0 0 0 0 0 293 98 219 194 0 124 0 0 0 0 0 269 0 0 125 123 245 163 0 138 122 270 208 0 0 197 0 187 0 0 253 204 119 0 216 270 162 0 0 190 0 0 277 0 145 0 273 0 0 252 175 0 0 187 0 150 0 258 0 100 0 271 259 0 251 281 270 181 0 0 0 186 199 0 115 127 163 179 0 195 281 262 243 257 261 0 0 0 153 0 191 0 105 115 0 0 0 243 188 162 265 196 217 203 247 0 0
0 291 209 0 0 0 263 111 141 0 132 152 0 0 237 0 193 234 114 0 0 207 110 225 166 0 135 283 0 0 0 147 0 0 174 0 0 0 0 210 150 0 0 0 222 251 0 116 283 251 145 141 0 260 269 0 0 283 0 172 131 301 0 0 0 0 173 270 208 0 265 111 0 0 114 0 0 0 0 291 0 120 289 162 158 0 273 224 114 0 206 271 295 157 185 0 0 148 0 296 193 0 0 236 114 145 0 294 0 170 0 0 0 278 304 112 119 115 214 107 0 0 0 0 306 0 176 252 0 0 0 228 190 0 190 0 191 187 215 166 0 0 287 0 0 0 172 0 202 0 0 98 0 0 0 242 231 0 106 278 97 189 0 0 0 0 0 0 182 249 0 0 249 215 0 0 99 0 189 0 0 135 0 0 278 0 0 0 105 295 224 227 0 0 0 269 117 0 0 299 187 154 267 249 249 0 0 0 0 0 295 213 231 253 113 0 0 120 0 135 208 0 148 246 199 156 0 0 0 0 0 131 0 0 224 0 215 235 0 0 220 291 114 0 0 315 128 252 256 0 271 0 273 280 185 263 0 0 197 256 0 126 251 0 0 0 0 137 127 0 195 0 0 0 228 243 0 156 230 246 146 0 213 102 236 201 0 230 108 102 0 158 0 0 273 235 152 0 131 218 0 0 227 0 160 0 106 152 128 0 0 151 271 0 0 287 0 0 176 160 0 0 131 0 268 0
0 0 0 276 136 227 183 135 0 172 167 191 0 294 0 0 0 194 0 0 0 0 0 95 125 0 210 0 264 0 226 0 0 217 0 189 0 0 92 0 107 118 258 0 0 240 0 157 0 113 235 0 0 202 0 0 223 0 303 0 0 153 0 0 0 0 0 235 0 0 0 211 0 0 0 248 233 300 0 183 0 0 0 0 217 0 0 291 0 126 249 208 0 0 108 273 0 229 108 135 0 103 152 0 249 113 0 221 0 0 0 295 0 182 224 117 0 0 0 270 0 0 0 127 0 0 116 0 182 150 103 104 267 0 0 318 0 0 155 0 0 299 0 0 226 0 157 0 158 0 0 0 268 196 137 0 0 0 177 0 104 0 193 0 0 194 0 144 0 304 140 0 142 0 0 0 0 300 0 0 229 109 0 0 261 0 168 0 0 140 0 282 123 0 0 0 0 0 0 0 136 122 0 0 301 0 166 289 229 0 287 234 111 0 0 0 0 0 0 0 181 177 280 0 198 210 0 0 0 302 125 0 189 0 197 0 209 0 0 0 0 0 255 0 167 255 0 177 170 200 0 147 0 0 0 0 182 103 133 181 0 174 0 308 0 234 196 283 0 0 285 125 0 170 271 300 0 147 174 280 0 273 0 0 0 261 220 0 0 0 174 0 0 121 0 152 0 121 0 0 158 0 0 296 224 260 0 181 0 194 0 207 221 0 0 192 200 262 0 0 107 0 0 0 0
0 163 166 220 0 0 0 0 273 0 196 272 150 0 0 0 0 0 304 236 133 0 0 0 184 0 290 0 234 196 0 0 0 141 293 207 0 151 209 0 151 0 211 136 0 0 0 286 115 104 0 0 0 192 0 0 0 285 126 0 283 0 0 229 0 0 156 0 0 182 0 113 0 0 0 272 0 276 0 254 107 105 278 0 284 146 0 0 226 210 0 0 0 278 283 222 177 145 192 0 280 0 0 0 253 0 147 0 303 0 260 193 0 0 0 0 0 218 265 0 162 0 208 0 192 226 306 152 0 144 242 219 222 0 294 0 143 0 0 139 0 197 0 0 102 0 0 219 244 120 0 239 0 0 266 0 0 205 0 0 0 0 0 102 194 194 281 0 0 215 206 187 269 0 255 110 0 122 248 0 0 195 0 0 0 295 0 117 0 254 0 290 0 0 0 134 0 232 0 0 309 164 0 0 244 211 0 140 107 104 0 0 105 0 0 176 0 129 274 235 211 0 224 164 0 0 0 0 171 282 0 0 253 115 0 0 254 0 0 229 0 0 106 138 0 0 285 0 237 106 0 279 299 249 0 142 0 274 286 131 0 0 0 0 108 0 0 0 297 150 0 0 0 0 295 0 0 0 0 176 0 0 208 143 0 154 0 151 0 226 255 0 186 0 137 156 0 0 188 129 0 0 0 0 0 0 0 265 0 192 0 275 170 196 180 194 0 229 0 255 0 300 0 0
0 0 258 190 0 0 249 250 0 275 0 0 299 126 132 156 147 199 301 0 273 133 0 0 0 217 0 0 224 193 0 0 229 0 116 166 0 0 221 0 0 0 251 0 128 156 229 0 0 0 214 181 0 239 263 0 0 0 0 114 0 233 167 0 0 0 0 178 121 122 308 110 304 0 0 0 0 0 0 248 0 117 169 291 0 191 0 282 0 304 0 162 0 0 263 248 180 0 213 276 202 0 231 119 280 259 0 253 0 233 0 0 199 216 285 0 195 0 0 113 153 115 0 0 0 0 120 0 269 245 0 0 113 106 0 278 218 0 112 141 0 136 232 154 0 225 284 0 262 106 199 102 0 0 0 250 0 175 0 195 0 0 0 260 0 0 0 0 0 0 182 157 0 228 273 0 182 248 0 0 0 202 232 0 0 0 0 219 0 0 149 0 213 0 0 278 0 0 240 145 188 0 143 191 222 171 0 129 0 244 194 287 0 114 0 0 218 0 0 0 0 0 0 0 99 0 0 0 0 0 140 0 142 0 239 0 187 132 184 0 178 130 0 0 224 212 0 0 0 134 220 272 0 304 0 0 0 0 0 190 0 107 0 0 252 308 297 0 168 0 108 190 0 274 0 0 0 0 115 0 0 218 206 0 204 215 0 0 0 130 323 221 0 299 240 0 152 285 0 226 0 0 0 209 125 0 0 266 260 0 240 219 0 0 0 0 0 0 0 196 0 254 0
0 0 0 0 254 0 0 109 151 0 0 219 0 215 189 0 0 214 143 0 0 225 211 0 291 0 0 242 0 0 0 235 0 175 0 0 0 244 0 143 220 216 0 247 0 162 0 195 236 0 180 143 181 158 289 188 131 0 248 151 0 228 175 0 0 0 0 0 0 0 287 0 0 0 135 0 163 0 175 0 246 220 0 0 252 0 0 235 194 263 0 189 155 0 263 148 202 0 0 0 211 222 125 143 244 239 302 179 0 0 0 0 0 0 253 0 210 0 271 0 260 0 185 291 292 0 245 129 173 133 104 158 180 109 0 121 0 306 0 110 0 0 0 0 212 237 0 119 274 0 274 0 106 0 0 0 0 139 163 225 0 0 0 201 236 296 121 0 0 0 210 0 0 0 256 0 170 190 0 0 124 0 192 0 204 0 0 0 265 325 289 0 0 249 271 164 137 0 119 236 276 0 0 0 0 0 0 137 0 0 135 293 122 0 221 228 0 183 0 258 219 237 0 180 0 121 304 0 0 0 259 164 189 211 0 266 217 143 0 198 146 0 0 204 265 116 219 0 154 195 0 272 129 206 0 157 257 113 290 0 0 295 0 0 0 123 0 0 0 249 0 0 265 0 0 0 163 0 0 0 258 0 0 0 0 0 140 117 0 231 0 209 0 0 0 159 0 0 0 235 0 160 0 253 0 138 0 247 278 0 0 266 211 230 0 0 0 274 123 0 0 0
0 0 0 0 252 164 201 0 0 220 0 230 0 0 228 136 0 0 251 101 245 157 0 267 179 148 287 0 148 0 112 211 231 0 143 151 0 167 0 0 240 162 0 243 0 0 211 0 0 120 182 0 240 0 0 0 0 142 150 175 191 0 165 0 250 0 0 0 0 212 0 0 286 265 0 0 0 0 238 196 307 175 0 0 163 0 116 204 0 0 0 204 0 0 0 268 131 0 297 269 279 0 242 0 0 109 234 129 0 123 0 251 0 0 0 0 0 144 130 151 227 0 0 182 0 192 0 164 0 0 214 251 0 0 199 245 0 284 259 0 0 306 222 184 0 0 0 173 101 224 0 0 166 0 161 0 0 202 129 207 223 0 0 0 0 112 241 0 171 0 0 169 231 277 0 214 180 260 165 0 0 165 0 0 0 283 170 0 0 0 0 200 0 174 0 279 295 209 253 96 188 0 109 0 0 0 205 225 288 0 0 0 0 163 118 162 0 210 0 284 0 218 300 0 0 0 0 0 303 159 291 132 169 0 235 232 201 0 265 0 175 0 175 0 104 249 0 291 193 291 122 242 322 107 0 126 111 189 0 0 0 166 0 0 99 249 164 0 0 182 95 0 0 190 0 0 140 0 264 303 0 194 0 122 0 153 0 140 0 271 192 0 109 0 295 0 270 292 153 197 0 0 0 0 117 0 0 0 0 112 0 0 235 301 0 0 206 0 224 253 0
0 0 232 120 280 305 160 139 0 0 177 165 0 202 214 0 0 216 0 0 0 0 0 0 280 0 205 121 110 0 0 0 196 0 0 0 0 134 0 129 0 0 0 0 239 269 0 162 0 0 0 267 129 0 170 0 243 174 0 286 0 0 112 275 0 231 269 104 0 0 0 0 0 0 240 247 0 137 0 293 206 176 0 229 202 109 0 0 0 0 113 0 228 260 0 258 257 180 120 176 0 0 0 230 137 0 0 0 0 0 0 188 291 195 168 0 0 0 0 225 244 262 0 283 0 232 267 0 152 0 282 0 161 182 0 0 157 0 182 152 0 0 139 0 0 229 151 123 229 211 102 152 0 0 263 135 0 0 0 242 0 0 109 0 0 189 0 186 217 0 111 0 206 0 269 0 210 120 0 0 0 223 161 0 113 0 223 257 0 0 0 132 0 0 0 0 128 191 0 207 201 263 231 96 0 261 0 0 257 124 0 144 0 0 0 0 0 0 139 302 0 217 241 0 100 135 242 283 0 0 0 0 0 0 0 0 125 0 0 158 0 196 0 290 158 235 0 212 134 0 132 0 0 0 0 131 151 282 289 181 156 122 0 0 0 197 105 241 0 294 146 0 0 288 0 0 0 0 0 215 179 0 0 0 0 0 0 138 0 0 259 151 210 135 143 0 0 0 262 260 0 160 0 211 0 0 153 149 235 0 188 112 0 168 0 0 183 0 0 0
0 0 0 217 0 0 0 253 220 0 0 0 0 199 123 163 0 167 120 251 130 107 0 0 0 0 227 0 0 134 147 241 0 0 217 252 187 0 0 0 0 174 207 0 273 147 0 0 0 0 0 274 177 0 0 0 250 224 113 0 0 301 0 0 235 0 261 0 0 211 266 0 241 0 0 0 0 276 0 0 186 112 160 0 129 166 177 0 0 210 0 115 0 310 0 0 263 111 0 99 0 0 0 228 204 303 168 0 126 218 0 135 0 273 196 254 231 233 207 146 0 166 0 0 233 0 225 269 93 0 0 202 160 114 0 298 137 255 0 0 0 275 231 0 121 0 167 0 247 0 0 125 0 206 174 0 252 231 0 262 203 0 233 233 0 0 270 131 0 0 0 116 0 0 0 137 0 219 215 0 215 207 0 0 172 295 157 237 247 0 0 211 241 284 269 0 0 0 0 0 0 0 150 128 0 202 133 159 0 0 261 163 0 0 130 0 0 293 179 231 0 164 0 0 155 153 0 231 0 0 0 115 164 203 0 200 161 152 0 0 121 0 113 211 229 186 162 0 0 0 240 153 0 0 0 0 142 144 124 182 0 258 259 0 168 0 0 314 0 0 241 0 0 138 0 0 140 259 190 0 137 0 0 0 252 0 206 249 200 0 0 0 125 0 0 195 172 107 206 0 0 234 206 130 110 219 235 0 0 0 0 186 102 0 0 0 0 0 0
0 0 155 0 0 182 225 0 158 268 119 155 0 0 0 0 230 205 237 0 0 0 183 133 0 0 114 0 0 0 238 0 218 0 0 123 0 0 147 0 0 172 0 0 208 0 0 198 167 0 262 0 229 0 110 170 0 138 0 0 0 220 0 0 0 129 0 0 0 185 0 197 221 0 193 0 175 205 257 0 0 0 0 0 0 0 0 0 0 0 0 167 0 0 170 0 251 274 0 0 179 181 203 0 218 226 241 0 114 0 137 238 216 0 0 206 0 0 0 243 0 0 0 271 226 0 0 246 0 0 107 219 97 173 0 140 194 294 0 0 149 0 220 0 0 186 111 0 0 245 165 0 198 121 270 109 276 233 0 0 0 0 196 222 176 0 0 135 0 0 0 0 272 0 217 189 121 0 0 154 0 118 201 0 0 0 0 134 216 195 154 301 0 174 0 0 234 106 218 0 0 128 279 0 191 191 0 0 241 239 0 150 0 0 0 226 0 132 0 186 247 0 0 0 209 175 0 0 193 233 268 0 141 172 289 0 147 132 150 0 195 0 193 0 0 118 0 0 136 0 0 244 169 0 283 250 0 0 0 0 0 0 0 294 274 268 0 0 0 0 187 0 0 0 0 217 194 258 239 0 0 0 211 168 169 171 0 0 0 0 0 140 199 138 274 0 266 259 161 220 262 237 240 0 253 279 0 0 143 156 0 0 204 152 97 235 0 0
0 261 0 295 170 142 0 210 178 0 0 0 0 0 0 0 159 0 253 206 0 0 231 0 264 0 0 220 163 0 138 137 0 274 193 0 233 0 0 0 184 228 209 0 0 0 126 185 0 0 157 231 192 184 253 210 146 214 0 0 0 0 145 0 0 0 0 0 0 122 0 0 0 128 0 178 0 0 0 0 278 272 127 0 220 0 0 109 0 114 251 164 163 0 230 0 0 149 255 0 175 0 113 275 0 0 156 178 160 182 160 176 133 0 225 150 0 0 289 0 121 156 197 216 172 0 0 129 0 216 0 157 209 134 175 0 258 188 0 269 0 206 245 263 0 0 179 190 243 189 0 209 0 0 0 128 0 210 255 0 241 166 0 226 180 0 278 133 265 160 210 0 0 141 292 264 203 0 311 269 0 0 222 162 290 0 151 0 0 0 0 0 279 0 151 0 0 136 231 295 0 175 278 0 0 181 0 122 224 274 201 213 0 295 0 0 0 212 253 247 273 0 164 0 0 0 0 183 0 224 283 0 0 0 0 0 0 0 188 0 191 0 0 0 0 0 0 0 0 186 220 207 187 153 0 153 108 202 0 259 0 120 150 0 288 0 0 0 246 0 285 230 176 144 128 0 0 131 0 311 0 0 0 254 152 214 140 0 0 111 169 0 0 271 0 223 255 126 199 0 0 0 187 0 190 0 181 121 0 180 0 0 264 0 193 0 0
0 199 0 224 271 261 0 0 0 153 0 0 0 242 0 0 270 0 0 0 0 232 160 0 121 164 99 276 0 0 0 196 225 0 0 184 182 0 102 301 222 0 249 197 0 283 0 152 0 0 194 0 0 0 136 189 204 244 189 0 243 235 0 306 0 188 0 0 174 274 146 104 0 246 111 0 275 0 278 0 0 0 247 232 303 269 180 239 258 0 0 277 187 0 0 0 0 118 158 0 272 0 144 199 284 191 156 0 0 0 179 0 0 0 0 154 286 252 318 0 144 240 0 0 0 210 288 293 217 152 259 0 0 132 296 0 242 0 0 0 0 0 0 302 113 0 0 187 200 0 111 253 126 264 264 173 235 198 249 0 0 0 300 0 0 0 247 0 157 0 185 0 284 202 243 0 215 0 279 282 0 0 0 0 158 0 97 0 0 255 229 0 259 264 125 198 0 0 262 183 0 0 0 192 0 0 0 238 149 0 0 240 0 0 0 0 0 0 217 0 0 258 259 241 211 0 250 151 216 170 135 173 150 223 0 151 147 0 270 261 249 183 0 0 99 298 302 0 0 262 0 225 0 119 275 0 0 0 0 263 109 0 153 300 242 0 234 131 106 290 0 0 248 255 131 0 0 160 0 224 162 0 183 250 0 225 0 133 308 212 0 0 119 142 0 299 0 0 0 281 200 113 0 0 0 219 0 0 0 136 261 0 103 0 230 0
0 232 211 0 0 0 0 129 0 185 0 146 274 0 0 217 0 223 109 159 170 0 0 146 180 0 234 0 0 0 126 246 207 238 0 0 0 292 0 306 110 277 173 0 0 225 0 280 0 0 0 302 147 0 185 265 206 175 280 214 139 171 0 0 0 0 282 0 0 300 0 306 266 123 0 0 230 125 104 105 178 0 189 0 0 180 228 156 157 238 286 189 162 0 0 0 0 194 0 0 263 0 0 0 169 0 0 126 106 0 0 0 0 121 199 220 0 289 155 285 150 0 109 158 100 173 0 0 0 111 175 0 184 0 0 175 274 150 259 0 142 218 194 0 206 199 0 0 132 171 0 0 195 110 0 0 194 0 0 301 142 245 285 0 0 122 0 0 260 112 0 133 0 0 269 0 0 208 0 0 208 222 0 0 214 0 276 211 191 96 129 134 144 0 0 235 0 0 197 0 0 0 0 0 227 0 162 0 0 254 136 139 0 263 224 271 0 282 0 0 0 241 272 118 116 0 0 219 0 0 111 0 0 0 0 0 151 255 235 0 0 0 245 0 109 0 0 0 0 0 236 289 0 0 127 0 168 262 0 255 0 0 122 0 0 137 126 0 0 142 0 0 0 0 0 0 0 294 0 109 0 0 185 0 201 0 0 0 195 162 115 0 0 0 0 0 232 198 208 0 134 0 0 0 182 162 0 247 265 0 0 0 239 0 0
0 0 232 0 0 0 0 227 0 211 120 163 115 0 0 0 196 0 231 0 0 0 241 0 291 0 106 0 232 0 0 0 0 240 0 245 197 0 134 0 118 255 139 0 0 0 145 0 267 236 244 238 0 184 0 243 204 219 296 111 0 0 273 0 0 0 0 0 262 0 109 0 188 0 0 168 202 0 108 0 154 0 125 137 237 0 198 0 0 192 0 285 154 0 0 0 291 135 0 277 0 291 148 263 0 152 140 0 0 287 0 207 0 0 258 0 173 281 0 153 110 0 0 0 0 126 210 174 194 180 204 205 0 0 311 223 262 162 0 242 266 0 0 0 292 143 0 138 221 238 0 129 216 211 279 110 0 0 0 261 232 281 200 123 0 0 110 219 0 0 0 159 0 0 206 220 0 228 0 0 0 209 0 262 0 189 263 112 232 284 300 0 0 286 0 101 152 149 125 109 0 126 0 0 0 190 0 0 119 153 0 0 187 0 0 0 0 0 133 0 0 0 275 247 0 0 168 0 274 260 0 0 239 0 187 239 265 0 236 215 211 175 0 0 0 0 105 0 255 301 0 0 0 271 0 0 155 166 126 0 163 0 0 0 140 0 151 210 0 0 0 170 126 230 256 113 303 199 266 0 0 0 0 136 194 308 0 0 110 0 0 0 220 0 0 129 0 285 197 0 0 196 0 0 0 0 187 0 0 0 197 241 0 0
0 162 171 277 231 123 0 0 181 260 0 265 198 260 181 0 0 0 0 0 0 172 144 149 130 309 214 0 105 229 173 276 111 244 240 0 124 193 0 0 131 0 0 0 231 0 0 0 108 0 0 171 201 0 147 275 0 0 0 0 0 0 200 0 171 0 0 0 0 0 147 0 218 0 0 0 0 0 214 0 0 178 211 0 0 0 0 0 0 109 161 0 294 207 186 0 135 0 212 149 0 149 161 154 0 187 310 0 181 275 0 247 248 0 255 0 0 0 236 174 148 175 143 0 217 141 218 156 144 0 225 169 270 204 0 0 172 203 0 232 0 0 0 0 125 269 0 0 0 0 134 0 0 194 0 270 0 0 231 0 118 0 0 231 187 0 112 191 0 132 283 0 0 109 284 129 185 114 0 0 286 148 203 0 0 0 0 0 207 0 194 207 266 0 0 0 180 0 272 225 227 118 241 0 0 0 205 0 237 121 221 0 261 0 217 113 176 194 0 149 0 0 0 159 0 0 0 0 0 0 242 0 203 0 0 0 227 0 0 273 307 0 0 226 143 0 289 184 220 262 0 300 223 0 0 180 161 169 211 0 225 250 0 0 0 246 289 0 154 249 196 0 0 143 220 0 0 157 0 186 0 0 130 278 0 0 0 0 0 0 183 0 152 233 0 115 129 0 0 253 0 130 127 0 0 0 120 177 0 0 128 135 0
0 168 189 197 0 181 250 0 0 0 291 0 0 144 0 246 0 0 232 0 145 205 268 255 136 0 202 0 0 114 0 0 165 0 0 0 0 116 0 0 0 0 163 0 142 0 0 124 125 178 248 287 0 0 299 233 0 0 161 218 291 0 256 0 141 0 0 0 99 195 226 0 0 0 0 204 0 0 263 135 173 181 0 253 0 0 0 0 213 263 101 0 0 0 0 0 181 0 0 170 0 105 0 219 298 280 0 0 206 0 0 102 0 0 0 0 245 120 0 156 180 0 169 197 260 0 0 0 210 108 197 149 0 174 0 209 183 0 0 0 0 264 210 156 169 0 210 0 0 0 0 0 141 144 0 176 271 0 281 0 0 272 146 0 0 149 0 0 0 264 0 265 130 193 180 0 0 184 168 225 0 248 265 107 267 139 0 0 197 0 0 256 158 116 292 0 0 280 0 0 309 0 136 0 155 167 0 291 0 190 141 209 0 0 0 139 0 0 0 136 0 207 0 0 129 0 0 0 0 0 159 0 213 104 237 253 0 121 0 211 192 0 278 118 214 0 0 0 237 0 188 196 126 243 0 218 173 0 0 212 0 0 0 145 0 0 0 0 0 0 0 140 230 189 0 0 0 0 0 0 289 163 0 0 0 0 0 0 0 104 225 0 160 0 0 0 0 222 236 0 177 0 0 0 0 0 285 266 0 0 106 0
0 210 0 275 241 166 0 0 241 0 0 248 0 147 166 0 212 0 262 274 0 111 274 0 0 0 0 0 0 0 293 182 0 145 146 152 248 218 221 0 0 292 0 0 0 123 100 0 0 0 172 131 0 278 232 0 234 245 219 186 274 200 0 268 129 0 300 246 128 0 112 0 0 246 279 254 107 0 245 0 0 0 197 101 0 0 0 0 241 204 210 151 266 182 0 0 179 0 0 214 124 214 0 0 187 192 0 230 0 110 233 0 0 0 284 120 0 0 0 0 179 288 0 0 0 0 0 0 169 0 0 173 0 0 0 163 269 313 220 176 215 0 172 0 0 0 146 236 0 170 250 205 217 128 0 0 0 0 0 0 0 187 0 219 0 0 210 270 0 278 0 0 176 0 0 216 0 185 284 0 116 249 219 0 0 0 0 0 173 0 113 201 109 139 0 189 236 258 175 0 0 164 0 0 0 213 201 0 0 0 251 0 0 123 200 196 0 217 0 0 0 0 238 0 0 0 0 0 0 0 0 0 110 230 0 0 120 0 0 0 0 149 118 259 0 96 0 135 0 280 0 144 296 0 262 0 271 0 0 0 208 166 0 0 102 0 0 0 233 266 0 0 0 0 242 195 0 0 0 102 259 134 186 288 0 0 0 170 0 191 133 120 0 102 269 238 127 180 242 0 0 151 0 122 0 245 228 0 141 0 0
0 0 0 0 0 170 116 0 245 0 0 279 268 0 0 225 115 0 0 155 0 118 201 0 0 0 0 166 254 146 0 0 0 0 0 0 0 0 0 240 0 246 241 228 276 163 217 146 186 274 0 271 164 130 0 245 171 0 0 0 161 99 254 250 0 0 0 0 223 0 0 0 214 0 289 0 196 0 120 236 0 103 278 0 203 0 0 305 235 0 0 0 160 193 162 266 0 0 239 295 0 141 0 0 0 0 136 128 183 0 0 190 206 0 0 0 0 253 0 159 0 0 0 251 0 200 251 0 121 118 112 163 0 0 187 0 0 113 125 183 275 0 0 0 0 0 154 301 0 0 0 190 283 178 145 201 0 271 228 0 0 0 101 163 125 138 194 0 138 0 300 106 205 107 0 237 153 0 0 0 0 0 0 124 0 0 0 0 0 118 145 0 188 209 277 106 209 219 277 240 0 125 0 257 162 274 0 0 236 0 151 0 0 0 0 0 0 259 0 0 0 204 0 160 0 0 0 0 148 237 0 290 128 0 183 154 0 194 247 255 0 201 153 0 0 0 0 0 0 0 0 0 248 184 260 104 213 0 234 191 0 264 280 282 0 0 230 0 0 0 0 0 112 0 227 158 146 120 0 0 282 0 165 174 0 0 126 276 0 0 255 0 0 216 0 149 283 0 175 0 125 0 0 0 184 0 0 0 0 0
0 0 0 134 0 0 290 0 0 257 0 259 0 263 0 228 182 0 0 0 175 0 0 233 0 0 0 209 0 0 0 0 202 174 0 113 0 144 258 0 312 101 0 0 225 259 126 157 0 109 132 0 0 105 0 0 225 291 297 183 193 0 0 0 112 0 155 297 0 176 156 159 230 0 281 0 0 230 107 279 0 107 0 0 0 215 0 0 290 0 188 0 159 0 274 0 237 0 0 0 196 0 0 0 310 0 267 212 0 0 215 0 0 156 296 188 208 0 179 0 0 0 276 0 270 0 102 130 266 0 0 152 141 0 0 144 0 0 0 115 298 0 183 98 0 168 118 0 249 206 0 109 0 146 100 272 197 0 283 0 284 0 240 0 137 178 154 0 292 210 0 0 0 169 211 0 162 135 273 277 245 0 0 0 0 129 0 0 0 225 0 0 0 0 0 0 236 0 0 209 161 0 0 204 227 0 0 0 250 110 0 0 0 124 0 0 0 0 0 0 131 0 0 0 0 0 215 0 275 280 0 111 171 210 198 0 0 177 102 224 0 0 210 271 0 0 123 234 230 210 270 0 0 0 181 0 286 0 221 114 0 0 169 0 0 0 0 0 0 0 0 274 0 0 0 114 271 178 216 185 269 0 0 237 0 231 0 0 0 0 280 0 0 263 0 0 0 252 257 198 142 277 0 176 0 0 264 0 0
0 0 0 263 245 0 208 139 232 0 0 0 272 228 172 0 0 0 281 0 121 0 263 0 259 0 0 0 0 0 191 233 0 0 240 214 161 115 143 0 0 0 0 0 288 265 241 0 0 0 207 238 0 0 215 0 0 142 0 0 292 0 218 0 0 0 112 136 146 0 238 280 0 162 0 0 228 0 0 0 237 0 151 0 140 291 212 0 0 265 114 0 138 0 0 101 0 0 212 126 0 0 246 136 240 229 0 0 0 106 210 179 265 0 0 189 0 0 201 197 136 157 131 183 0 181 232 247 0 169 248 201 0 202 317 0 284 0 0 0 250 0 99 161 0 295 205 0 244 0 0 0 267 0 252 0 0 0 188 152 291 0 181 0 208 0 207 0 0 0 0 146 184 0 225 220 147 265 0 0 0 225 123 0 218 234 0 266 256 145 0 0 0 271 0 0 168 0 0 0 0 0 132 0 150 181 226 283 0 0 97 220 0 281 0 0 167 0 127 0 141 0 0 0 0 101 0 0 235 235 163 0 142 0 0 309 0 229 308 0 283 164 178 221 0 119 138 0 273 135 0 0 0 258 185 109 0 264 0 196 244 0 0 0 0 0 0 131 215 232 0 290 0 0 147 131 168 142 0 227 117 0 294 197 0 213 215 0 0 0 148 263 0 0 0 109 115 0 0 202 0 0 211 0 202 161 0 0
0 0 0 0 0 0 248 0 0 0 0 200 0 257 0 270 0 0 144 0 0 150 128 0 0 226 0 103 274 0 0 128 0 150 289 201 0 0 201 0 0 0 0 249 0 0 285 0 242 230 206 0 186 0 172 283 0 0 279 104 280 247 254 0 213 258 143 0 0 232 0 184 0 0 0 0 0 233 0 0 246 0 212 0 0 0 0 272 276 160 295 0 168 253 285 149 256 0 0 0 132 0 0 105 0 0 121 0 172 156 0 0 177 280 160 0 0 0 150 0 0 175 262 0 0 154 108 199 0 193 0 0 219 225 0 186 135 0 292 0 140 259 0 0 0 256 0 217 180 113 0 163 0 245 194 0 282 145 0 260 145 0 0 0 0 151 253 0 0 113 289 278 0 261 0 0 0 0 264 0 0 0 0 0 0 144 230 0 165 0 0 129 111 143 0 224 0 163 0 110 0 281 241 212 184 0 0 0 0 299 0 0 0 261 0 0 0 281 0 0 285 135 0 0 204 0 240 191 0 295 0 118 221 243 0 0 0 0 0 259 163 239 234 217 108 0 0 0 0 303 251 234 157 0 182 152 0 0 0 249 123 0 267 0 256 238 0 0 0 166 217 157 224 179 0 0 0 160 0 0 0 0 189 0 0 234 258 109 206 0 0 247 235 272 0 0 0 289 258 230 0 249 0 283 153 250 0
0 111 100 135 235 153 0 216 0 0 0 196 198 0 0 146 232 0 252 144 0 0 274 281 213 244 203 120 194 283 181 189 0 0 0 249 115 168 0 207 290 0 0 0 275 0 0 234 0 275 117 167 201 0 0 277 149 0 239 0 0 278 122 0 0 250 209 131 0 0 170 0 233 0 0 226 0 158 0 0 171 0 262 0 266 175 145 255 0 286 0 277 0 254 228 185 271 0 112 117 0 219 0 0 203 272 262 156 157 199 121 0 286 252 122 0 161 0 0 0 0 242 258 0 269 215 0 0 173 115 0 189 0 0 109 0 0 142 190 0 231 295 0 0 0 0 274 0 270 103 0 258 0 273 0 230 267 0 0 0 0 123 0 193 0 285 310 0 0 0 102 108 0 110 269 216 104 0 0 0 0 254 0 0 111 0 0 0 252 0 154 251 0 232 0 253 109 195 183 0 0 0 222 0 0 148 0 292 314 155 0 110 157 0 0 0 0 239 222 218 0 0 164 100 0 183 217 0 290 0 240 0 0 0 276 218 121 196 215 0 215 275 295 199 0 133 0 0 0 231 106 185 0 272 268 0 106 207 0 261 0 0 99 281 0 0 0 124 176 292 201 211 0 0 0 199 0 273 0 0 0 0 0 195 143 0 253 0 197 248 0 258 0 0 124 172 0 0 0 0 0 195 114 281 132 0
0 0 0 0 173 0 164 0 226 119 0 199 0 0 0 0 162 220 0 0 288 202 0 0 100 0 0 160 153 0 196 156 0 221 293 0 183 0 0 262 173 0 0 282 0 253 0 269 0 0 151 0 0 0 135 0 292 227 0 0 0 114 0 288 227 272 162 141 232 270 137 245 203 182 108 0 0 221 216 0 0 0 0 0 220 0 301 0 0 0 148 0 0 0 0 0 115 231 0 0 200 0 0 234 224 252 0 138 0 0 0 159 119 267 0 0 103 273 178 160 0 0 135 0 215 0 305 0 257 0 286 223 231 173 118 0 0 0 0 0 145 0 0 0 0 291 121 117 162 0 0 0 204 143 0 285 0 0 97 0 99 0 216 284 210 0 0 0 262 120 150 0 0 214 0 0 288 0 159 0 0 297 0 0 174 0 170 0 0 133 165 0 0 0 153 0 246 0 0 0 0 139 216 0 140 140 0 0 123 96 0 0 0 0 0 0 0 109 0 0 0 0 114 280 254 269 110 208 216 0 0 0 0 116 0 127 0 0 0 0 0 0 253 109 0 0 0 191 207 0 146 0 0 0 166 117 126 265 231 231 164 0 216 0 0 0 0 0 0 233 0 277 240 0 0 122 296 147 0 175 0 0 133 247 249 0 0 0 0 252 0 258 310 104 0 0 0 260 0 0 0 148 240 0 0
0 0 138 0 211 124 0 0 143 149 197 256 225 0 164 0 109 0 91 157 222 0 260 260 284 0 133 0 113 190 151 107 123 205 251 188 0 0 190 0 225 0 231 0 0 0 110 283 174 132 190 0 0 232 0 272 0 179 106 0 0 144 111 274 148 250 0 0 206 116 0 270 0 163 304 0 235 159 169 0 268 212 255 0 161 146 300 0 0 0 279 166 171 197 0 0 148 294 224 0 0 0 220 0 222 198 230 276 322 0 188 233 140 126 134 0 0 128 263 160 0 194 0 244 0 243 210 126 225 202 0 0 0 175 0 0 106 0 0 258 0 0 227 127 0 146 122 0 161 153 0 0 120 0 200 96 0 0 0 0 0 0 192 177 0 194 106 110 199 0 221 128 0 152 233 299 0 137 178 0 227 0 258 187 260 0 133 122 0 262 155 192 0 175 0 0 225 208 276 0 179 0 0 164 240 242 0 0 0 199 0 0 0 193 0 225 211 298 269 192 195 0 0 0 286 0 130 0 0 210 0 0 0 0 248 0 0 253 94 128 0 181 0 0 261 213 0 123 0 177 235 281 0 171 241 0 151 182 0 0 259 238 0 192 0 0 0 0 248 0 156 0 0 0 0 169 0 252 109 215 282 0 0 0 98 226 253 0 206 0 177 132 160 258 202 0 0 0 129 97 0 0 188 0
0 0 0 236 149 162 252 222 194 242 0 212 0 137 0 214 260 0 0 126 0 295 171 0 182 0 0 0 0 211 0 0 234 0 281 0 0 285 182 0 115 0 274 0 132 0 0 0 108 0 198 259 234 0 0 0 0 0 143 116 296 114 247 0 229 0 111 0 143 234 0 282 148 0 0 0 115 0 0 0 239 265 0 97 149 169 0 0 224 299 216 289 0 0 0 107 129 275 0 255 165 259 242 0 148 225 0 99 0 98 0 119 0 104 223 183 207 0 0 186 178 215 213 201 0 0 155 0 118 0 171 142 0 0 0 267 0 134 240 0 0 144 0 0 304 0 284 304 256 0 0 0 110 256 164 0 210 0 0 0 0 110 0 0 0 301 182 0 183 0 0 0 0 182 234 177 0 285 213 234 0 217 0 233 255 0 173 0 106 120 146 129 0 111 136 286 161 268 161 0 140 165 257 0 204 146 0 0 0 136 0 284 256 0 182 127 0 245 0 261 211 173 250 0 0 137 114 157 191 107 167 0 253 0 0 0 0 0 0 0 0 0 136 0 153 0 183 0 0 0 0 0 0 196 227 118 0 0 0 160 0 0 0 0 102 0 151 0 167 0 0 0 0 0 173 0 140 0 0 239 0 0 167 0 167 0 254 168 0 0 0 0 153 273 0 0 0 0 0 240 0 145 0
0 135 279 257 167 0 169 305 141 0 193 0 184 0 106 108 0 209 0 0 135 293 0 0 276 0 0 105 160 0 0 167 0 0 0 0 206 255 172 242 164 206 0 168 131 0 233 102 0 271 0 0 310 0 152 190 289 0 138 0 137 159 246 0 272 0 244 0 0 0 212 0 148 0 0 254 0 288 0 114 0 0 0 237 0 0 221 0 0 0 0 0 0 0 0 0 271 256 0 268 153 0 0 0 0 0 0 0 0 0 0 0 106 0 118 281 0 0 0 197 279 0 0 161 137 0 290 294 0 0 0 0 0 146 0 0 229 147 0 152 0 282 148 115 0 237 225 0 203 282 205 0 104 113 0 285 0 268 0 150 119 0 0 209 224 276 0 106 115 0 0 0 0 240 0 0 191 0 181 0 0 0 197 124 188 248 0 0 0 141 0 0 235 192 0 0 127 0 245 146 191 254 273 0 0 0 0 0 245 186 0 258 177 153 0 133 0 0 0 0 0 0 245 0 0 268 0 186 207 126 252 0 0 0 169 256 0 147 0 0 0 170 0 0 215 177 0 216 126 0 0 0 222 283 0 237 0 121 155 242 0 0 0 0 209 0 0 0 0 0 272 0 287 0 200 259 250 142 0 0 0 0 0 154 0 0 143 246 184 233 0 190 0 0 281 132 228 240 131 0 267 0
0 247 0 184 205 0 185 0 184 0 0 264 174 0 0 0 0 0 192 109 267 101 213 105 0 0 0 233 167 204 0 105 0 0 272 0 0 129 0 0 107 162 0 217 0 266 0 266 0 285 0 103 114 0 114 261 123 192 0 180 117 250 0 0 0 0 0 0 0 218 145 261 0 169 0 188 0 0 178 271 0 0 0 220 0 0 140 178 188 0 0 108 0 134 133 0 0 256 258 0 0 267 169 0 0 0 228 238 268 0 0 130 0 183 107 148 0 237 198 0 160 0 0 203 0 174 0 0 0 0 147 0 214 0 292 0 0 247 0 0 250 0 0 303 0 0 309 276 128 281 0 281 209 0 0 159 0 0 247 149 137 123 169 165 0 245 266 0 0 0 264 0 0 275 0 0 0 109 0 246 0 0 213 0 0 228 0 255 0 0 136 0 0 293 0 263 0 126 232 0 0 0 240 0 0 287 0 258 0 125 268 313 0 140 0 200 245 288 136 239 104 0 0 218 0 96 0 0 189 191 271 0 223 159 256 0 0 248 154 0 212 0 0 287 0 0 112 301 0 0 160 181 128 104 0 246 0 0 251 220 176 197 0 163 209 0 201 220 0 0 171 161 0 254 0 268 146 121 291 131 283 242 291 149 176 0 0 239 0 140 0 157 270 279 185 136 254 266 175 0 0
0 237 0 183 0 137 0 0 0 172 261 219 0 208 0 251 203 168 284 0 208 0 167 226 150 0 0 0 212 0 0 0 245 234 169 0 151 0 0 196 262 299 0 0 0 0 0 214 0 0 0 168 0 0 0 0 168 127 0 176 0 0 0 249 146 227 289 280 0 255 0 281 188 0 0 0 120 192 123 0 262 300 0 0 218 105 188 232 227 0 115 189 203 278 0 138 110 0 137 115 168 219 0 0 297 0 0 0 0 181 0 286 298 0 0 133 238 0 0 183 189 0 0 292 0 0 0 208 145 0 0 108 199 155 0 158 228 0 162 0 0 0 253 201 0 168 0 101 137 0 0 0 0 0 0 0 181 0 0 251 191 231 196 198 0 275 230 0 0 0 0 109 241 183 0 0 107 0 181 209 0 225 236 252 108 0 0 227 0 100 119 0 294 0 0 0 198 137 0 260 0 271 168 0 0 0 194 0 0 125 0 0 0 0 276 0 0 269 244 230 160 140 0 290 222 163 166 143 118 0 0 110 215 250 274 0 152 0 0 233 0 103 0 210 153 0 0 0 0 0 0 263 0 0 0 0 0 256 133 103 0 205 0 0 263 290 0 0 0 290 0 171 0 164 0 0 152 267 229 219 0 218 184 245 272 249 202 119 0 196 275 257 0 267 114 291 122 216 237 0
0 0 222 0 136 265 0 238 0 157 0 179 245 117 259 0 308 0 0 277 0 228 0 193 182 276 0 261 150 138 0 232 235 0 207 210 0 0 215 144 0 150 116 289 0 0 0 247 113 0 164 285 0 0 0 0 0 124 0 145 0 0 183 193 0 0 0 158 219 0 152 148 0 0 114 0 222 0 162 0 248 223 120 138 0 0 258 0 0 0 0 239 154 0 0 249 0 0 119 0 130 0 163 251 159 138 0 0 0 163 0 169 99 0 224 0 186 0 241 147 142 0 191 0 0 281 0 0 241 185 176 0 175 0 0 0 0 0 113 277 0 138 282 0 262 239 0 267 270 275 0 203 177 271 281 258 0 0 175 0 127 0 0 278 129 0 0 185 249 309 235 0 0 284 249 0 206 0 0 110 143 0 0 0 0 123 217 0 296 317 0 134 0 0 232 0 105 145 0 0 0 0 0 127 0 0 161 0 163 0 0 0 0 0 0 0 258 211 205 0 270 249 195 102 273 0 0 299 0 0 0 144 279 104 0 0 0 142 165 281 0 0 182 0 0 141 0 0 0 137 0 230 231 0 192 0 0 0 0 105 0 178 0 0 0 0 0 183 0 254 230 0 0 271 167 223 166 200 213 277 230 151 268 138 204 181 0 0 0 0 0 0 0 0 0 0 0 0 0
0 0 280 0 0 0 0 256 0 0 214 0 142 216 0 0 182 112 238 0 0 0 0 152 247 0 211 101 277 0 0 0 0 146 290 227 0 0 0 0 226 0 132 267 255 0 0 105 0 179 0 160 253 117 0 0 0 0 0 157 181 0 0 0 164 0 0 133 0 240 0 203 123 273 0 135 0 170 0 107 231 0 0 0 0 234 197 276 273 0 0 154 264 0 255 99 105 193 0 0 0 277 197 0 0 0 0 139 0 0 0 186 221 0 0 104 272 179 138 0 0 0 0 241 0 0 207 155 136 229 133 0 283 125 164 126 300 248 269 160 231 198 0 241 154 0 293 267 0 255 177 0 162 246 208 120 0 0 95 223 153 127 142 266 164 274 0 0 107 208 122 134 0 0 0 261 0 0 205 294 218 0 100 201 0 176 0 0 0 188 0 117 0 172 104 214 200 0 169 0 208 188 96 0 233 0 0 0 195 238 0 263 237 0 0 0 0 256 201 0 0 163 0 0 269 157 146 0 0 282 0 273 0 135 186 0 146 170 0 0 0 0 93 0 203 120 166 277 154 0 0 242 0 0 0 186 246 0 103 0 155 284 0 0 0 153 0 228 0 0 201 289 269 202 257 0 0 271 0 0 0 163 0 0 0 292 235 0 0 0 0 0 153 0 160 190 267 0
0 0 155 0 272 0 0 0 238 248 0 0 181 165 269 296 149 278 271 109 187 0 137 262 245 266 0 0 0 0 0 207 0 0 0 200 0 0 125 0 240 0 111 163 268 0 265 0 0 143 0 290 0 234 228 152 0 0 0 120 0 243 0 260 0 0 0 121 0 224 211 0 243 0 177 0 194 112 0 0 0 0 289 156 0 109 129 141 0 0 165 112 222 0 268 100 0 0 0 0 0 0 0 259 213 207 0 228 0 0 280 171 0 0 117 216 0 149 123 0 168 171 0 0 0 262 0 217 0 170 0 159 0 0 0 0 209 151 231 0 0 0 0 287 273 0 0 176 0 0 0 0 0 288 0 212 237 269 266 296 186 0 0 265 252 0 0 229 224 249 107 239 280 237 209 0 0 211 114 0 180 0 233 0 0 129 0 134 221 181 0 0 240 257 0 0 159 0 0 0 0 0 253 0 186 0 0 249 221 202 0 0 103 230 256 0 0 280 274 227 265 0 0 178 269 176 157 0 193 175 190 0 117 0 207 0 0 138 156 248 0 0 0 0 209 0 0 0 0 0 0 0 0 258 217 130 269 204 0 0 0 282 145 123 102 0 0 0 0 0 147 278 0 0 139 174 0 280 0 255 170 213 259 0 131 166 100 0 0 0 258 118 0 0 214 0 0
0 0 0 211 0 0 209 128 273 0 227 188 0 150 178 276 202 0 133 0 0 196 145 288 0 116 0 0 221 0 255 0 236 162 0 0 0 207 0 170 0 0 0 267 0 210 252 0 125 0 206 145 0 245 316 0 170 0 0 0 0 181 206 0 281 0 112 0 0 257 0 146 0 0 0 0 0 245 0 0 222 180 200 0 0 0 0 153 185 283 194 228 114 0 0 0 0 281 0 0 0 144 0 0 0 0 134 0 0 0 128 0 0 0 0 138 0 261 0 0 138 0 126 0 154 0 190 251 0 0 0 0 0 0 161 0 215 0 0 155 259 0 192 0 0 266 0 130 0 0 0 0 97 108 0 222 162 261 0 145 0 0 0 0 161 0 0 170 0 295 309 0 194 279 0 240 207 192 183 238 0 0 218 116 0 261 0 287 192 217 0 0 0 0 0 219 0 0 0 251 0 0 0 168 127 0 217 0 0 144 164 256 210 163 229 0 263 217 0 192 109 0 271 0 304 0 0 0 114 0 0 0 0 0 0 0 122 0 145 263 0 224 0 0 0 184 0 0 222 0 227 228 0 129 232 184 180 102 0 0 0 0 0 236 0 0 0 0 172 0 0 0 172 0 0 0 125 176 135 203 0 138 0 176 207 173 0 0 135 103 0 164 248 0 288 0
0 0 0 162 0 224 229 224 198 0 306 150 0 0 0 0 112 118 125 0 0 0 0 133 0 183 126 231 168 0 0 134 120 155 0 0 158 164 257 0 0 0 213 275 0 181 0 274 137 245 0 158 216 267 155 0 0 0 135 0 242 0 177 270 271 0 0 0 0 0 189 271 205 128 0 0 0 0 0 285 0 0 0 293 240 0 253 0 109 0 113 0 0 207 204 0 188 0 134 0 0 111 0 174 144 0 0 0 0 0 171 0 0 0 168 0 0 0 111 132 0 0 232 0 0 306 0 0 0 122 0 0 120 0 216 120 247 148 0 198 0 127 0 260 216 0 177 0 0 193 99 106 155 0 0 0 189 214 241 0 0 0 133 174 196 286 0 0 242 0 0 0 0 192 209 0 116 0 0 240 213 214 0 0 0 115 0 0 252 0 298 177 179 178 208 220 0 219 187 213 274 0 0 0 0 0 110 0 0 0 211 0 0 0 96 0 235 239 166 0 243 267 288 0 164 183 141 0 0 0 0 174 209 0 102 249 212 0 0 0 97 0 158 267 108 198 0 156 0 158 0 209 0 0 266 101 0 237 0 199 0 0 0 0 309 121 117 0 162 162 133 200 262 0 238 120 223 0 0 107 0 0 211 0 0 217 0 0 0 0 273 256 0 0 0
0 270 0 213 0 272 170 138 0 0 0 203 0 0 0 0 196 0 0 0 0 0 310 119 0 0 180 0 142 0 0 209 146 0 214 0 0 0 127 0 0 180 0 0 0 193 240 0 0 152 251 0 0 0 161 140 0 131 210 239 0 96 0 0 0 275 199 231 0 0 262 189 0 0 223 102 0 0 0 0 0 218 0 138 0 179 119 0 193 0 0 0 0 0 150 0 145 0 264 292 120 0 178 0 0 142 0 0 129 162 0 0 0 0 0 0 0 0 0 220 0 287 0 0 165 0 0 140 122 233 0 0 264 0 0 200 0 0 233 280 117 0 0 0 0 266 0 285 296 0 139 0 249 207 0 192 0 113 0 107 0 0 140 230 0 207 272 0 181 0 299 0 269 274 0 117 0 0 232 0 0 99 0 0 265 0 227 0 303 0 198 0 151 263 0 286 0 150 297 173 0 0 179 272 158 0 0 116 147 0 0 109 0 259 0 248 0 173 301 0 0 195 166 176 0 0 194 0 269 0 152 0 194 165 201 246 212 183 236 122 146 0 222 0 111 177 0 256 144 0 0 204 155 163 158 228 0 0 0 276 0 238 144 0 229 173 0 0 145 0 0 0 0 0 0 213 147 0 0 188 116 0 266 0 135 281 261 0 0 0 0 185 205 0
0 129 234 0 0 0 300 271 0 0 161 0 258 0 0 0 0 0 172 107 230 0 146 0 0 257 0 0 0 0 0 206 104 0 0 261 292 0 0 265 0 0 0 0 263 0 0 0 211 0 168 188 0 0 121 175 269 0 234 152 0 0 0 185 166 257 0 222 0 254 300 0 151 0 0 117 132 0 0 233 0 123 0 113 0 275 0 0 0 202 118 155 0 0 211 277 0 178 0 107 0 0 0 0 274 0 182 0 267 0 0 314 284 0 0 0 254 211 209 0 0 187 0 273 227 209 160 0 139 163 0 270 119 0 170 266 138 0 0 0 0 0 0 0 148 129 218 164 0 0 124 0 109 182 0 0 203 131 190 175 0 156 96 0 0 0 0 0 275 115 0 0 180 0 0 146 0 292 243 205 0 309 0 172 0 274 273 0 228 196 0 0 0 0 285 195 0 0 0 208 179 99 0 0 171 159 0 0 231 0 0 0 0 112 165 0 282 0 0 0 0 204 0 237 0 257 142 189 0 225 271 0 107 0 161 0 0 0 0 111 0 0 0 202 0 0 235 0 0 0 0 0 0 204 223 268 289 0 0 196 0 0 0 0 0 0 0 0 0 294 284 214 242 0 219 0 200 256 0 184 0 204 0 0 272 0 135 205 257 198 0 0 0
0 252 280 0 125 114 152 0 0 0 0 287 235 148 190 133 0 0 0 149 0 184 159 0 0 227 166 0 0 0 206 0 244 165 132 0 240 207 0 219 0 99 0 277 0 282 0 225 277 302 252 289 0 0 0 0 0 0 156 199 0 0 0 182 124 222 0 218 184 0 260 220 152 0 0 155 228 258 0 105 158 239 169 175 269 0 162 0 0 124 187 183 167 0 0 0 0 203 246 139 233 102 0 210 195 131 309 0 268 158 0 108 0 207 0 187 261 228 241 0 174 0 0 0 143 0 197 290 172 0 0 173 118 0 214 0 157 123 285 0 210 142 0 237 219 0 105 123 116 0 0 0 293 0 108 0 0 208 184 0 289 160 133 0 193 0 0 245 0 286 169 249 0 0 195 0 0 0 217 233 205 170 253 121 142 0 188 0 301 0 106 107 273 289 125 208 0 114 0 0 0 0 137 0 0 213 175 175 0 233 126 0 303 117 0 213 0 0 0 245 268 270 0 0 0 173 0 250 0 0 181 0 276 0 0 0 167 232 296 271 219 0 0 186 0 0 170 0 171 0 113 0 192 238 300 117 0 126 0 111 187 0 0 0 223 0 0 0 0 0 141 0 127 0 148 221 0 0 157 0 0 0 0 115 0 0 0 183 164 255 0 0
0 123 0 182 280 0 138 0 0 0 212 217 0 197 0 0 187 0 167 0 275 119 0 275 137 210 0 0 223 176 218 184 239 216 276 0 0 256 166 0 144 308 287 0 280 0 268 0 0 0 95 230 0 254 128 189 0 0 197 0 154 212 202 0 0 0 0 187 0 314 0 252 0 232 0 117 170 0 137 188 0 111 199 0 166 0 210 0 0 230 0 222 0 298 0 0 198 0 116 0 269 184 98 0 0 0 0 0 305 0 157 0 166 0 0 195 150 0 277 247 0 0 0 0 273 0 172 0 0 115 229 0 0 197 226 0 155 0 0 114 228 0 195 231 0 0 194 0 0 0 219 107 285 0 0 124 106 279 0 173 0 0 217 278 0 227 122 134 227 0 135 0 236 105 0 0 214 157 259 198 146 0 222 264 241 272 235 156 185 178 212 202 237 271 136 241 237 263 148 300 247 167 271 0 168 0 174 124 0 0 258 0 138 0 108 127 159 295 194 275 0 0 253 152 0 295 0 244 0 0 0 0 284 0 254 0 0 197 0 158 241 0 152 115 257 0 187 200 119 0 217 0 0 228 164 150 212 288 0 0 257 0 197 223 0 0 108 0 0 0 299 0 111 112 168 0 0 302 190 0 0 0 0 0 0 0 0 0 0 0 0
0 0 186 0 0 133 0 254 0 292 245 118 0 145 201 0 287 0 243 0 0 261 215 185 119 216 282 224 214 0 272 0 0 251 0 0 210 0 0 0 266 0 0 0 0 0 0 257 0 249 246 0 101 270 0 269 303 0 118 0 233 107 0 0 172 124 0 0 110 263 0 0 255 204 0 179 302 0 0 254 0 0 143 129 0 0 111 107 0 222 259 0 0 252 234 252 150 111 165 0 0 101 219 0 0 0 0 195 243 266 128 0 290 0 286 0 285 0 286 0 0 205 0 0 158 249 121 0 127 0 0 116 263 139 0 222 0 239 0 0 0 0 209 0 241 236 114 174 0 198 0 0 169 0 0 0 170 0 194 0 195 174 232 128 0 0 0 0 205 233 230 0 0 126 170 261 297 0 311 228 0 0 128 0 243 180 277 113 0 0 0 0 138 0 160 0 146 240 151 251 190 195 284 0 272 0 104 0 204 0 0 0 141 0 0 231 132 227 201 0 0 0 0 0 0 322 0 155 280 0 0 0 105 0 125 183 0 0 133 280 231 267 0 0 113 138 0 215 0 273 0 208 0 0 0 0 107 0 0 260 0 246 0 140 0 0 0 0 0 0 0 220 0 0 0 0 137 286 168 154 0 108 132 146 192 0 0 0 258 0
0 211 0 208 0 0 0 247 0 0 144 258 0 248 0 167 182 267 0 0 183 0 172 205 150 189 253 256 141 0 0 271 187 100 196 0 106 0 0 150 182 286 0 0 0 181 0 0 215 310 125 117 221 0 0 0 0 0 203 0 249 103 0 239 0 0 253 155 0 207 0 211 0 225 0 0 176 0 180 0 103 0 210 0 238 154 160 0 0 0 111 130 216 0 260 173 160 131 0 289 231 132 148 303 0 0 150 0 0 119 0 157 254 241 110 132 254 195 149 0 0 0 121 0 198 169 310 0 0 155 0 165 0 0 0 0 215 214 214 0 0 100 258 0 158 0 219 0 0 0 0 0 135 0 0 132 0 169 0 222 0 0 0 187 254 0 146 0 214 156 0 0 282 0 209 0 142 0 0 288 0 0 283 0 228 179 0 260 0 156 255 203 0 174 143 0 276 155 188 180 270 0 0 0 0 238 205 105 0 202 0 233 0 269 0 0 0 286 0 0 272 0 0 145 258 186 257 0 130 0 230 0 0 0 118 0 219 106 0 168 133 0 0 0 0 0 292 0 214 0 0 116 253 0 217 202 222 0 0 199 0 105 139 0 139 0 0 0 0 265 228 244 272 0 0 106 195 0 0 0 263 0 0 234 151 0 0 178 0
0 0 228 277 259 0 185 182 123 0 152 0 0 239 114 276 0 0 152 0 0 273 126 257 118 194 229 189 111 200 0 279 255 0 229 0 128 259 141 0 0 172 297 0 251 0 154 118 198 136 0 101 0 0 0 287 217 129 245 176 168 0 0 225 0 208 258 290 0 0 108 0 136 124 248 0 0 167 286 264 173 251 100 0 241 0 240 171 181 227 0 0 0 0 107 0 143 161 101 0 226 165 109 278 125 261 110 158 0 0 111 173 141 0 0 0 135 130 0 0 0 0 0 215 291 0 107 215 107 0 0 257 159 0 0 172 246 0 0 286 0 215 165 0 0 0 106 0 0 213 226 0 0 0 0 0 0 0 297 129 0 0 170 0 0 0 300 219 241 267 306 0 124 0 209 210 175 165 317 150 186 0 0 0 0 0 240 308 141 0 0 175 129 118 0 0 179 0 0 208 107 0 231 105 0 206 288 118 0 150 255 249 0 300 0 136 0 278 186 201 0 0 0 118 228 291 0 0 244 0 168 287 0 208 193 0 157 0 255 0 0 264 0 155 0 244 230 0 168 0 187 198 106 136 0 101 0 0 187 0 292 276 0 224 282 0 119 126 0 0 0 0 0 0 264 287 110 0 136 261 0 0 0 0 143 0 125 0
0 266 242 271 0 0 0 168 0 181 214 0 0 0 207 0 0 290 0 231 265 0 0 0 161 0 0 192 213 150 291 0 99 265 170 0 0 0 205 268 0 128 0 266 206 0 0 0 0 0 228 0 0 185 175 0 100 258 0 0 156 214 268 0 0 0 0 250 0 105 0 0 211 310 199 294 156 0 240 0 0 194 198 187 0 252 115 0 263 0 0 0 0 0 266 225 0 222 152 108 105 0 0 129 0 0 0 0 0 187 0 287 291 211 0 0 0 182 112 0 208 0 124 0 0 201 0 298 157 0 220 273 0 0 281 0 0 216 129 0 154 0 0 161 116 259 146 243 211 176 200 265 260 183 0 0 118 142 214 149 0 243 223 0 0 199 0 215 223 131 0 0 0 269 259 0 0 0 0 101 0 0 184 0 0 248 139 237 0 0 0 282 0 0 216 252 0 0 0 249 242 0 0 0 185 0 0 0 285 237 145 0 245 277 0 0 0 242 226 170 0 0 187 305 308 0 231 275 0 0 0 0 210 262 0 204 0 0 237 0 209 159 0 0 0 0 0 0 0 0 0 225 0 171 0 240 199 0 299 0 0 0 222 0 267 0 250 0 0 0 0 241 0 143 278 0 0 0 155 0 261 184 176 288 200 0 0
0 193 0 230 167 123 0 0 207 265 223 0 0 113 0 0 231 0 0 121 214 153 237 128 172 170 0 0 0 0 0 0 0 0 0 0 228 0 310 0 263 176 0 0 0 120 0 0 258 250 0 150 0 231 205 161 107 181 0 106 0 0 137 207 0 0 179 0 0 104 281 280 0 210 0 143 0 235 215 200 0 0 154 159 0 0 0 0 0 0 194 140 0 0 100 0 144 0 220 219 248 0 0 264 125 0 0 0 0 0 109 199 0 0 0 0 0 106 223 0 0 283 279 0 263 204 180 0 207 0 139 162 149 0 0 0 0 176 0 0 168 297 0 0 0 292 174 235 0 0 229 0 0 0 195 111 111 0 0 204 0 256 242 201 128 308 186 0 0 0 0 0 0 0 0 0 0 160 211 0 138 284 248 106 0 0 0 151 0 253 0 155 137 236 199 285 146 148 0 0 197 0 0 128 0 289 0 0 0 0 0 121 230 0 173 0 0 0 99 0 247 0 0 184 0 134 237 154 286 221 167 0 0 121 0 0 177 0 0 248 0 294 225 229 0 145 262 0 203 0 0 0 153 0 282 0 0 112 0 0 0 0 0 164 0 0 230 0 175 248 0 0 0 0 0 0 0 0 0 0 0 282 0 0 0 0
0 0 0 121 0 0 0 229 247 180 213 0 195 233 0 207 0 0 0 0 182 0 0 263 0 254 166 0 0 0 0 175 113 192 179 288 271 213 187 0 136 293 163 0 211 0 218 0 162 0 186 173 0 248 195 212 0 172 0 0 0 151 249 121 269 0 156 108 141 0 0 0 161 0 260 244 0 112 0 118 143 0 177 0 189 176 0 0 0 130 124 180 264 291 186 137 0 0 0 234 0 203 0 0 212 241 0 227 111 259 0 0 0 0 0 0 119 0 0 0 0 0 0 0 0 0 111 0 0 0 253 245 0 0 0 0 0 195 134 0 0 290 0 194 0 123 0 0 284 0 0 0 288 0 0 0 198 176 236 0 253 236 0 116 0 191 145 195 0 0 0 0 138 0 209 113 0 0 0 205 197 174 225 0 0 0 0 0 131 283 215 215 0 0 0 214 0 0 0 0 284 116 0 0 159 0 151 118 0 0 0 0 316 165 206 238 159 112 188 221 0 267 171 161 0 0 293 243 221 0 0 260 0 136 208 233 181 188 0 143 0 0 0 0 0 0 220 290 0 0 0 280 0 0 121 183 236 0 199 0 235 197 187 0 0 0 0 0 0 114 0 0 0 143 0 0 233 0 0 0 134 0 100 0 0
0 202 0 240 109 190 0 0 0 0 256 130 0 0 0 160 0 0 0 0 0 293 272 0 238 0 0 0 0 144 0 258 234 213 128 139 144 0 147 141 150 0 0 220 232 0 0 0 200 113 0 0 283 0 271 0 0 0 0 0 0 196 271 118 139 0 184 0 132 285 0 0 0 0 114 0 0 0 0 217 0 0 0 266 215 146 0 0 252 0 0 299 264 254 0 0 126 274 0 239 254 157 195 0 0 0 0 0 292 161 0 0 240 0 172 0 234 142 0 0 196 254 172 0 0 167 191 243 250 227 199 0 147 0 274 0 0 0 116 228 0 280 289 0 0 0 156 0 215 104 156 0 0 0 0 149 272 269 0 224 0 0 158 0 0 0 183 0 286 117 0 209 149 0 148 216 286 0 228 0 0 206 0 0 0 182 213 0 0 0 0 0 0 0 0 0 0 226 201 193 98 251 0 0 109 0 131 162 201 0 0 0 0 158 0 0 122 220 0 0 193 0 239 146 267 163 293 0 260 0 278 0 160 130 0 215 0 0 135 0 0 166 0 143 167 204 0 218 254 0 269 0 117 0 0 0 148 141 0 291 0 0 219 0 122 0 263 199 213 0 146 166 222 0 257 186 0 212 0 169 277 170 161 0
0 0 0 168 0 133 0 153 0 0 0 254 134 0 0 0 149 0 144 0 0 0 0 280 213 0 0 203 0 161 0 129 0 148 260 148 195 285 0 0 0 141 0 0 0 168 0 254 241 228 0 288 225 0 240 124 219 102 0 0 0 0 214 0 255 0 289 308 0 0 234 213 0 103 0 191 235 173 0 0 0 0 0 0 0 243 0 0 235 0 305 0 0 0 0 108 242 0 0 0 183 190 0 200 151 239 0 266 0 0 214 0 0 0 152 177 235 0 196 0 0 0 211 218 193 308 0 0 0 0 0 142 261 188 0 0 238 0 0 271 0 233 108 0 165 0 152 0 145 234 164 0 165 230 0 119 0 121 0 163 299 220 289 132 253 228 214 0 109 0 0 0 0 238 232 0 175 199 164 0 259 0 0 0 205 240 286 122 0 0 0 0 224 0 0 0 0 0 279 99 0 114 103 0 0 0 0 266 0 215 0 0 0 174 177 0 192 186 0 0 229 0 169 179 178 140 0 0 0 0 193 139 265 147 258 0 272 297 0 130 0 0 110 0 107 257 0 195 165 0 0 0 235 0 0 0 270 275 146 0 0 268 0 0 160 279 0 107 294 0 186 254 244 0 0 206 0 253 221 198 0 0 0
0 0 225 0 247 0 0 106 134 147 254 0 0 214 0 296 0 147 0 291 0 0 0 0 266 196 0 0 0 0 0 0 0 0 0 117 211 0 183 0 113 286 258 0 0 0 295 0 151 0 210 178 0 0 0 0 265 0 0 0 0 0 0 109 0 160 0 0 0 0 0 101 0 0 265 0 136 118 103 182 0 149 265 125 215 115 0 0 140 0 0 0 0 0 252 0 285 258 200 0 225 143 142 0 265 0 0 0 153 0 0 306 0 0 103 170 0 138 187 0 122 0 0 0 174 178 0 109 187 268 0 0 217 0 0 0 0 0 188 0 0 0 165 206 0 0 0 116 0 0 131 0 164 0 262 0 0 0 0 188 169 0 208 207 0 0 0 0 0 0 156 0 227 212 227 239 221 195 106 0 141 222 0 161 257 160 153 0 0 157 135 112 0 106 0 0 118 0 0 0 128 259 179 0 0 118 155 101 0 165 119 0 0 181 0 277 186 210 0 239 229 0 0 206 116 0 0 0 210 171 0 0 0 0 0 0 0 147 0 255 101 0 0 0 0 0 0 0 0 191 111 0 0 0 0 0 244 0 0 0 304 289 236 235 0 147 97 0 0 158 0 0 0 0 0 229 111 0 179 272 113 0
0 0 0 200 0 118 276 153 0 0 0 121 143 0 0 254 264 0 147 0 230 0 264 0 268 139 0 190 141 118 111 0 212 264 0 271 227 0 0 129 151 0 0 0 0 0 0 0 231 0 0 0 124 0 181 0 0 0 280 132 0 183 107 0 211 204 0 200 0 192 0 0 0 0 0 0 0 151 199 213 253 169 0 206 0 279 0 0 245 0 269 173 0 0 0 282 0 106 131 105 0 112 0 0 0 92 231 117 0 0 0 173 0 229 160 0 0 0 215 312 0 275 0 266 226 0 171 0 160 0 0 0 159 246 233 0 0 272 114 103 163 0 150 140 300 0 0 0 103 0 0 0 0 0 0 126 0 156 0 0 249 153 0 0 178 280 160 216 0 0 283 0 236 0 284 0 216 281 129 0 267 235 0 0 0 0 0 0 0 0 146 157 150 0 172 306 113 212 280 0 199 0 122 258 289 0 258 255 0 0 206 186 188 264 0 0 0 103 288 210 0 135 0 213 157 0 196 0 188 289 0 159 281 0 226 0 0 0 308 0 0 191 114 259 0 0 0 194 0 190 0 148 284 0 176 204 0 230 180 0 193 224 0 208 0 0 187 223 0 0 0 189 153 0 208 0 0 0 0 215 0
0 0 257 151 198 258 227 222 0 151 123 0 109 0 202 0 0 0 157 311 188 0 0 0 0 153 0 0 154 244 0 0 203 98 290 0 111 0 0 0 0 0 290 127 0 0 0 261 224 274 0 0 0 0 134 132 0 0 0 151 0 107 166 279 108 0 252 167 249 134 233 0 189 145 130 218 0 0 0 0 0 0 0 184 153 0 116 0 268 114 0 0 0 0 0 0 261 299 0 0 0 0 151 0 148 0 0 161 167 0 0 0 245 241 222 0 0 141 0 0 0 0 0 0 185 0 0 189 0 0 0 102 0 0 281 0 0 0 0 0 0 238 0 0 217 0 0 0 0 287 0 263 144 0 176 0 0 213 0 106 161 0 0 0 106 231 0 279 257 0 0 145 113 254 305 0 278 156 0 154 0 103 315 0 0 313 0 261 0 0 201 196 257 156 0 180 241 0 182 0 0 279 0 138 197 133 0 241 281 0 0 253 0 0 0 217 225 280 166 0 0 0 0 0 285 0 234 245 227 246 0 0 259 0 106 0 0 0 130 0 0 0 0 273 0 0 114 263 106 250 252 0 165 183 157 0 0 312 226 0 203 151 0 126 236 99 0 205 0 147 128 261 274 0 168 0 0 165 224 0
0 112 129 0 0 135 0 0 210 0 0 123 0 174 234 300 232 152 272 140 249 0 0 269 109 0 284 102 132 0 220 140 0 154 241 231 0 212 0 147 0 0 0 0 100 169 0 0 200 0 265 0 296 0 0 0 0 162 295 187 0 0 0 0 0 150 0 0 309 0 235 0 0 0 0 293 140 275 0 225 0 209 0 226 201 112 169 0 194 0 129 0 0 106 159 129 238 0 0 0 271 282 237 217 0 0 271 211 134 0 0 217 204 206 243 0 0 0 133 206 0 0 108 0 248 0 0 111 0 0 0 161 207 0 272 0 0 100 210 0 0 0 207 0 141 260 0 171 194 280 116 299 101 0 0 275 0 0 118 0 111 0 0 0 264 296 166 194 0 283 0 0 0 0 207 0 0 273 263 130 0 154 270 0 0 0 0 0 0 153 0 0 125 0 113 0 0 0 189 144 195 169 296 252 0 0 0 0 0 0 0 0 169 0 266 0 0 214 0 0 0 0 0 162 0 249 0 0 133 0 138 212 0 215 0 0 204 188 0 223 0 0 0 272 164 0 0 0 0 0 0 0 0 143 0 0 170 250 260 180 0 214 0 242 0 0 0 0 0 118 221 267 0 214 216 149 220 170 0
0 134 0 249 0 283 0 0 120 250 0 294 187 252 0 0 0 154 237 0 172 0 0 285 221 144 0 101 0 267 235 201 226 163 0 0 0 0 235 0 216 0 0 146 0 194 0 270 179 0 222 0 0 292 0 0 131 0 195 0 0 0 0 0 170 220 126 138 178 0 0 0 271 265 0 149 0 0 295 151 0 122 274 0 197 0 297 238 159 0 0 107 220 0 0 0 128 203 0 0 151 238 0 155 0 157 0 155 100 300 0 131 0 151 194 0 261 203 111 0 274 0 119 227 211 279 0 0 0 0 183 173 109 0 289 117 0 0 151 120 0 231 0 226 0 0 194 204 183 164 0 0 257 149 259 0 264 126 304 235 248 213 0 299 203 158 111 0 0 218 199 0 0 0 0 0 0 0 161 0 227 198 270 131 305 0 288 97 0 0 197 220 240 0 0 0 0 282 122 145 0 0 0 0 122 0 168 262 106 272 0 189 248 165 169 0 0 244 0 0 227 0 162 0 0 0 310 260 0 154 210 239 233 0 0 0 212 266 187 313 195 131 0 294 136 0 0 234 192 0 195 148 0 161 0 250 0 0 0 131 138 277 0 0 0 0 0 0 108 0 280 125 0 0 195 0 0 0
0 155 0 0 0 187 0 0 0 0 206 0 209 0 0 271 0 294 256 0 167 0 0 177 0 0 0 0 0 0 0 264 256 0 0 0 0 129 0 162 193 172 287 0 230 0 0 153 0 155 184 0 214 251 0 277 197 0 0 0 0 223 186 236 189 0 0 0 137 268 120 0 131 0 207 111 0 0 279 260 0 148 0 158 0 0 131 0 0 0 0 141 135 0 0 114 0 190 0 0 291 259 120 0 170 132 0 113 138 0 0 215 110 0 261 0 132 0 301 0 0 290 127 0 0 288 112 269 0 248 0 0 230 0 105 0 133 0 0 0 131 167 0 0 240 0 0 309 0 0 288 0 184 0 0 0 0 0 0 195 113 199 217 0 0 264 0 0 173 146 181 214 0 0 0 161 0 0 189 0 290 113 0 0 279 0 0 0 193 98 0 291 0 0 0 0 277 130 193 286 140 0 254 0 250 257 214 0 239 194 0 0 0 293 0 104 103 0 118 198 248 250 0 0 0 0 250 0 106 164 0 0 100 0 0 0 0 116 143 0 0 166 227 117 0 196 298 0 291 0 267 144 148 0 0 0 216 0 151 199 265 284 0 223 107 116 266 0 179 0 210 0 0 253 0 0 0
0 0 0 0 184 101 284 0 192 0 260 129 132 148 0 0 112 0 208 148 0 0 175 125 226 0 0 279 129 0 227 207 0 0 0 0 278 0 131 0 281 252 174 0 0 300 0 0 0 157 0 297 0 169 193 0 177 228 0 190 0 145 148 0 0 161 228 165 0 0 249 0 0 240 0 222 122 0 0 0 236 0 0 0 229 272 168 0 194 143 0 187 0 295 185 244 0 0 0 152 0 0 0 113 278 198 0 263 0 0 0 243 0 256 258 0 0 0 140 0 126 0 263 0 268 141 267 0 225 215 0 187 175 269 0 112 259 0 152 0 0 0 275 197 103 115 0 0 0 122 0 0 189 0 127 0 270 0 161 0 263 0 151 0 278 114 202 0 192 271 0 0 0 122 219 248 0 0 244 287 0 258 160 0 0 132 121 151 228 0 187 253 254 275 0 286 176 0 0 0 203 197 293 0 222 0 0 242 0 188 264 0 0 0 0 137 0 294 175 293 298 141 234 0 228 0 153 0 234 109 200 296 0 202 0 207 0 0 116 0 144 0 289 0 0 124 154 142 299 0 0 201 0 0 141 0 0 239 287 246 0 0 0 0 151 0 0 133 0 0 0 0 100 140 98 0
0 0 177 131 183 231 0 0 0 255 267 0 280 148 0 0 0 0 0 0 0 320 0 0 215 164 0 137 0 0 0 0 105 0 114 136 194 213 0 103 0 202 220 0 0 204 0 122 110 0 151 221 0 149 0 0 0 196 0 0 0 0 285 0 0 0 0 230 0 0 0 256 0 260 0 146 157 0 0 0 164 149 0 0 0 0 0 0 264 178 0 0 321 0 182 0 0 160 0 174 0 227 278 0 0 244 0 0 120 0 0 0 203 261 132 0 304 0 0 0 259 0 0 0 160 0 114 0 0 151 201 155 211 0 0 0 0 188 107 159 131 0 0 0 0 0 244 136 0 0 0 0 239 0 0 0 212 252 305 0 248 163 0 0 130 145 192 0 161 136 0 199 143 0 179 0 0 282 0 151 0 267 250 190 0 0 213 140 188 0 170 258 0 119 228 113 144 108 0 0 0 0 0 144 0 0 257 127 191 155 0 306 0 0 157 305 263 148 0 0 0 0 189 0 125 158 0 0 282 0 0 0 0 0 214 0 117 258 0 0 0 228 265 186 262 0 0 108 120 278 0 304 306 283 0 175 260 0 112 275 122 0 155 143 0 0 208 256 175 0 0 175 260 118 0
0 221 224 111 0 0 188 109 0 160 0 170 0 0 0 0 0 125 238 242 121 0 177 282 0 134 0 0 290 225 307 158 155 264 238 0 0 267 186 201 0 148 307 137 0 0 0 235 0 135 237 0 263 0 143 0 0 267 0 0 0 169 126 0 171 273 0 0 0 274 0 0 0 0 0 115 213 0 278 244 0 0 285 0 107 0 0 126 285 0 194 0 113 0 247 0 137 0 271 0 271 0 163 0 220 213 0 218 260 131 0 0 0 110 0 122 0 189 0 136 0 116 255 272 0 0 0 143 0 0 299 171 173 272 0 244 170 119 0 242 0 0 232 246 0 171 258 0 155 246 0 291 257 253 215 248 186 260 206 105 154 110 163 182 0 0 287 179 117 245 0 197 118 0 0 258 226 146 0 140 291 148 136 0 0 153 260 0 0 205 206 250 0 216 213 306 274 175 0 0 0 252 120 0 0 0 0 212 0 269 0 0 0 215 131 0 122 211 253 198 0 0 136 219 168 0 0 0 263 0 0 0 282 129 243 0 0 223 286 0 0 206 150 0 184 0 0 0 171 0 115 0 225 116 172 157 0 0 0 271 225 0 273 139 235 0 0 247 0 0 114 208 0 0
0 0 136 196 181 191 0 0 249 0 180 0 265 275 0 252 0 0 0 161 0 133 0 0 0 0 0 0 0 236 0 192 213 279 0 120 0 0 0 0 0 249 0 241 0 237 0 0 0 0 193 0 0 0 188 146 218 0 0 162 105 0 114 0 0 0 123 0 0 0 207 0 249 122 123 0 140 242 0 204 177 0 0 0 156 111 0 154 212 154 0 0 236 120 0 288 0 257 155 212 220 0 236 0 264 194 123 0 0 325 0 126 0 0 0 0 0 283 281 215 138 0 208 186 205 0 0 273 213 140 0 0 201 295 286 166 0 0 264 0 0 0 222 218 162 158 127 198 111 0 0 0 0 282 0 0 0 158 0 195 0 205 142 169 139 0 287 0 199 0 151 287 141 0 240 324 193 0 171 144 0 268 256 0 0 0 0 200 0 0 0 0 0 156 272 232 0 0 0 252 204 0 148 0 225 294 0 0 142 0 0 150 0 0 0 0 0 191 0 137 0 0 0 0 0 256 0 122 147 0 0 119 133 0 269 196 291 0 0 259 0 108 216 177 0 0 0 0 132 259 0 0 242 248 0 122 0 0 275 0 0 228 0 0 234 0 160 246 0 0 212 0 0
0 0 246 0 0 0 0 0 0 0 0 0 0 275 0 0 183 0 0 100 0 0 270 225 142 0 0 149 0 245 0 288 0 214 230 0 152 100 127 0 136 0 229 272 238 0 201 0 108 0 0 276 221 0 222 114 0 0 302 0 250 0 111 0 273 0 0 100 216 0 185 0 268 0 0 154 0 160 0 291 138 0 0 0 176 237 0 0 128 0 0 0 0 221 0 0 0 268 0 0 0 216 170 260 216 106 0 0 0 216 0 0 0 0 0 251 227 226 228 0 249 0 0 259 0 0 149 0 194 0 206 0 121 0 263 0 0 0 103 0 0 0 135 0 0 236 121 0 0 0 0 0 128 269 0 285 0 217 236 0 0 0 0 207 0 0 0 0 0 0 0 0 0 0 272 0 0 0 0 286 218 0 179 159 0 0 161 200 0 116 116 0 0 248 0 0 0 0 109 0 160 181 0 259 192 0 157 255 0 0 222 169 221 102 273 0 0 247 202 0 0 126 214 0 146 107 0 149 125 0 296 280 0 0 212 0 0 0 0 120 0 0 162 250 0 0 231 250 0 0 0 100 181 210 0 0 98 146 0 0 268 0 267 0 0 303 0 286 243 297 255 0
0 283 188 0 0 0 290 240 0 0 0 0 0 248 0 197 114 0 0 144 190 0 0 218 0 0 0 161 0 133 0 139 0 221 109 0 143 153 105 0 106 0 249 0 0 0 296 190 0 187 264 228 218 0 207 132 137 0 163 275 0 0 0 0 0 0 0 0 241 252 0 0 153 249 135 246 190 0 238 0 112 215 193 196 0 156 237 0 109 0 140 195 0 171 147 173 277 195 0 0 295 228 232 110 0 272 0 236 210 0 101 179 166 104 100 273 172 0 299 213 153 206 0 106 221 0 0 0 260 0 0 293 257 206 215 183 274 191 0 0 0 0 0 185 110 0 0 192 0 0 0 0 270 0 0 0 0 0 0 0 204 0 103 0 0 116 282 0 0 0 0 0 179 0 0 184 0 104 139 0 0 0 240 253 0 97 0 0 0 0 0 0 0 136 0 0 0 0 0 0 0 0 0 254 140 145 0 0 218 0 320 172 0 0 0 0 126 138 0 133 276 297 258 0 0 0 0 0 0 0 0 0 252 136 0 142 231 0 0 0 0 206 0 0 205 0 208 108 0 152 195 0 269 0 181 0 0 0 0 171 0 0 0 160 231 250 276 228 0 158 0
0 121 270 0 0 0 221 187 282 0 0 0 160 200 296 187 210 180 0 300 0 0 0 0 0 0 286 0 0 268 0 0 0 0 282 200 181 0 0 284 261 0 256 172 117 0 0 0 200 0 0 0 0 0 155 232 204 0 253 0 209 0 182 180 246 228 135 0 0 0 111 194 0 186 0 0 157 213 0 176 0 102 276 0 0 0 203 0 0 148 142 266 164 289 0 0 0 0 219 258 0 0 0 116 0 281 215 0 0 0 0 101 188 232 0 235 278 0 0 99 0 230 215 0 210 181 120 137 114 141 159 0 0 0 0 0 246 0 0 204 153 130 140 242 0 0 0 0 145 226 198 0 252 294 254 0 243 256 0 132 259 0 170 0 152 0 139 0 0 0 0 0 0 152 292 0 0 0 0 0 138 0 0 0 237 247 130 149 0 0 238 278 201 107 111 0 272 246 179 0 146 0 0 0 0 227 148 211 0 269 0 209 0 131 0 0 0 275 0 0 162 107 0 0 0 140 201 243 200 136 0 0 0 0 169 0 195 0 0 0 0 0 197 0 0 116 262 0 269 178 0 0 0 118 162 0 125 0 236 204 132 0 167 109 226 0 120 171 0 0
0 0 174 145 100 0 234 0 0 0 0 177 99 282 119 265 195 309 259 0 178 214 179 238 0 102 166 205 209 130 259 306 0 277 0 165 128 0 138 270 0 239 280 0 0 110 170 0 151 135 0 155 0 222 232 217 317 0 0 278 118 0 0 0 0 194 0 0 0 291 0 272 0 0 0 0 256 0 0 0 0 225 232 172 0 0 228 104 0 0 0 0 0 0 110 250 0 0 0 0 0 0 0 157 0 183 141 0 0 0 253 138 0 0 0 185 0 0 0 102 0 121 0 0 217 0 243 0 114 216 174 175 142 151 0 237 144 0 0 0 0 177 209 241 101 185 160 0 0 0 134 0 203 0 0 192 0 0 283 0 237 185 194 176 208 250 0 148 105 273 198 0 0 176 0 197 0 0 219 118 0 0 108 0 0 101 0 0 102 106 133 0 0 0 152 0 131 157 113 179 245 0 0 0 164 281 166 161 0 109 259 152 0 127 306 128 0 296 0 237 269 194 182 105 273 0 138 0 0 0 211 203 187 138 162 0 188 297 0 279 247 0 0 0 182 0 103 181 194 116 218 0 0 0 0 0 0 197 234 0 289 210 0 242 181 0 102 278 0
0 204 0 0 0 0 144 173 0 0 217 309 0 0 231 281 0 195 111 278 297 172 0 0 137 0 0 0 0 0 0 0 0 134 0 0 132 222 0 233 0 0 122 0 288 236 0 121 0 176 223 0 190 0 141 0 297 0 0 0 111 0 0 246 222 0 112 264 0 0 286 225 268 0 0 0 164 250 123 246 113 162 191 0 0 266 0 0 140 113 0 0 0 265 0 261 0 205 0 167 305 0 320 130 239 99 172 261 0 0 0 133 0 174 0 0 172 0 0 261 0 106 247 158 0 243 281 297 0 291 0 0 156 0 247 0 0 167 214 190 0 0 0 0 222 174 158 196 0 0 190 0 0 292 0 122 219 0 0 0 0 230 0 0 0 0 113 179 278 126 193 150 0 0 0 115 301 123 0 0 252 200 0 0 191 309 152 175 0 0 219 267 0 0 0 0 179 0 0 192 0 0 272 113 168 0 0 195 212 173 151 0 0 282 190 281 284 132 0 0 179 0 0 130 0 253 0 255 0 253 0 221 261 0 127 0 0 286 0 144 0 0 0 0 210 135 0 0 0 0 0 0 243 0 159 0 158 0 261 0 208 219 0 286 0 250 0 0
0 265 257 144 304 0 226 0 0 0 0 264 0 0 0 0 0 0 230 0 149 0 192 0 0 178 229 239 0 0 167 0 0 0 0 0 238 0 170 0 170 0 0 289 102 0 166 0 0 137 223 185 311 0 0 300 0 184 303 0 0 0 0 0 0 214 0 294 226 0 285 142 0 0 0 179 219 0 280 173 0 176 104 0 0 0 161 176 0 0 0 0 224 259 274 0 99 0 0 0 0 180 292 0 191 0 0 190 0 163 0 0 0 0 0 147 0 122 0 250 0 219 0 102 0 176 246 292 188 216 0 0 133 165 161 270 0 0 0 0 0 293 0 277 163 0 0 0 147 244 0 129 0 0 166 0 0 131 0 122 273 0 135 196 0 0 120 0 0 274 0 0 191 235 0 209 159 318 0 0 0 104 0 0 0 0 0 209 322 273 134 190 152 0 275 0 289 0 122 213 281 0 0 227 269 220 235 133 136 0 0 277 125 0 0 0 0 0 161 0 247 230 180 0 234 0 0 146 0 234 0 194 0 0 246 0 181 0 117 242 0 0 0 135 224 0 162 0 0 0 272 222 0 0 0 167 0 0 0 0 0 0 202 186 0 271 0
0 241 0 0 0 108 0 213 306 258 164 201 0 200 199 270 221 243 0 147 232 0 0 236 141 200 0 0 0 151 233 0 0 0 0 260 0 0 0 0 0 0 0 0 107 0 155 208 261 0 0 0 0 0 151 0 294 223 186 0 205 0 0 247 0 171 0 0 0 0 103 0 162 0 0 180 0 0 224 273 183 0 0 0 0 0 0 201 113 311 98 0 109 0 155 0 0 0 0 0 0 0 128 0 0 0 0 173 220 0 0 0 293 0 295 0 0 120 194 0 0 0 0 0 0 213 207 0 292 0 298 0 291 0 0 0 101 157 280 259 219 106 0 0 187 294 199 0 226 0 0 0 0 0 246 0 0 232 0 282 0 226 0 160 253 0 172 0 0 0 0 0 229 236 247 140 0 276 153 137 105 137 0 0 0 171 151 104 161 0 0 0 148 288 260 0 192 308 194 0 0 0 169 0 0 0 0 0 0 259 226 209 0 166 0 132 0 201 0 0 0 203 0 230 253 149 0 244 0 259 0 192 0 250 0 0 0 156 0 241 128 0 0 0 150 286 0 0 129 247 121 138 158 277 99 0 0 0 0 124 0 318 0 0 0 0
0 108 249 0 158 152 116 0 126 0 0 299 218 257 0 0 0 0 0 264 224 0 217 0 201 0 184 157 0 166 181 0 0 166 125 0 188 0 0 194 170 221 0 0 106 0 114 121 0 0 287 0 235 277 236 0 0 0 0 146 0 268 216 248 0 0 262 184 279 0 116 0 0 0 0 0 275 216 0 161 195 0 0 195 247 0 0 223 0 269 242 0 157 0 0 0 139 273 0 235 0 0 0 122 309 0 0 210 152 0 203 117 284 0 296 259 0 0 0 184 0 0 0 108 0 0 109 0 0 200 0 168 197 0 0 0 0 0 0 0 220 0 0 177 0 0 0 184 256 0 0 0 0 0 263 0 0 246 241 0 163 0 0 0 252 0 211 0 0 0 280 173 0 0 233 164 294 0 0 0 0 206 263 117 0 166 0 0 0 240 205 0 219 96 0 0 0 246 291 0 182 200 191 183 0 0 293 247 0 195 250 120 109 147 0 0 162 0 0 0 0 0 263 0 0 0 0 0 0 0 139 139 0 228 0 0 146 0 129 0 0 177 114 0 281 0 0 0 128 243 0 185 204 0 0 260 0 259 0 0 285 235 0 101 0
0 0 0 0 0 197 0 279 262 165 0 174 238 0 0 0 275 172 0 0 0 0 299 0 116 249 102 220 0 0 163 0 0 0 0 231 302 0 215 0 183 0 0 0 0 0 0 158 125 0 0 258 0 0 175 174 259 248 0 167 0 0 108 0 148 212 209 198 0 143 225 0 0 0 0 0 206 197 245 229 203 0 0 0 0 0 0 165 0 305 283 155 0 0 0 0 215 258 0 0 0 0 274 0 0 0 139 150 0 0 0 135 286 288 130 0 222 0 0 0 0 147 0 208 141 214 272 0 177 0 235 286 128 142 207 0 260 212 225 149 215 0 0 115 0 0 152 0 0 173 0 211 232 270 242 135 267 232 264 130 0 0 0 230 0 157 153 0 192 0 0 0 0 0 119 0 0 122 198 214 0 0 0 294 0 0 0 197 0 0 0 0 307 174 0 109 0 184 0 130 0 216 0 280 143 0 298 271 0 268 0 0 0 188 0 0 172 0 0 164 0 261 222 0 301 128 0 184 0 0 253 145 0 213 258 0 267 251 98 133 0 0 215 241 0 0 136 0 0 275 239 0 140 0 161 278 0 0 0 0 133 213 272 0
0 155 285 158 0 0 0 0 252 189 0 97 0 193 0 183 0 0 175 166 209 243 0 0 0 153 0 303 245 0 241 137 158 0 251 0 0 0 0 197 100 244 278 264 262 219 239 202 117 0 0 235 105 0 0 132 226 263 146 0 209 0 0 113 255 0 101 302 249 232 268 0 0 271 162 233 299 0 0 0 0 0 122 0 236 156 0 112 160 295 0 0 116 289 112 189 142 266 124 0 263 0 0 173 109 0 151 173 118 0 0 0 250 260 107 298 0 0 0 234 196 291 218 0 0 0 120 0 275 0 0 128 136 0 0 267 0 0 0 0 0 237 0 0 189 203 188 0 0 0 146 305 155 0 137 133 181 0 0 212 225 262 231 0 184 0 0 0 260 0 0 291 0 203 0 0 302 0 235 0 163 0 0 0 258 0 0 0 0 100 0 137 0 0 0 0 0 0 141 0 0 277 250 265 0 153 0 0 142 0 0 214 189 203 0 143 0 0 174 0 0 99 0 0 0 0 278 0 0 0 177 266 0 190 201 194 0 0 231 220 0 0 0 174 0 0 0 0 0 0 0 209 0 0 0 0 0 283 238 0 217 0 0
0 0 165 215 0 151 0 0 0 206 0 0 119 0 0 0 128 182 170 0 214 230 0 286 132 0 225 201 183 283 121 0 0 0 135 0 0 0 123 0 0 0 166 0 0 0 172 230 192 207 105 189 284 0 0 0 263 189 215 240 239 243 0 0 245 264 0 0 189 0 0 0 0 203 287 273 215 224 211 258 0 0 139 0 133 215 0 0 154 0 0 0 302 263 0 0 0 0 171 0 281 221 0 0 207 138 0 226 0 141 144 144 272 256 0 304 262 214 211 108 0 172 245 257 194 178 0 249 0 0 241 0 216 0 136 0 257 0 221 0 239 0 108 118 0 154 0 184 0 0 149 259 163 0 0 244 0 227 235 192 152 178 214 0 224 0 277 245 0 0 136 236 260 199 162 0 0 252 0 130 0 0 0 99 0 297 195 0 0 235 237 0 206 0 0 0 250 0 0 166 0 0 274 0 173 246 143 0 158 0 198 0 149 0 113 204 0 0 224 259 0 0 135 118 234 249 142 0 0 0 136 0 0 0 0 177 166 263 237 0 0 0 230 233 0 0 0 110 0 0 0 0 157 138 199 190 0 242 244 0 217 0
0 156 0 124 269 194 199 0 255 178 0 285 0 0 0 230 270 320 0 213 0 119 126 183 140 0 137 210 0 189 0 0 302 261 0 225 0 200 140 0 0 0 0 0 147 201 241 0 0 101 0 0 183 152 145 0 129 285 305 202 142 0 0 0 0 198 0 0 0 226 0 0 233 0 0 147 162 264 181 0 0 118 125 0 238 0 0 0 265 0 0 0 234 0 0 235 0 202 256 0 213 0 0 109 292 201 116 188 226 0 0 0 0 162 270 0 0 110 265 0 206 0 0 264 0 0 246 0 0 0 198 266 0 0 0 0 0 0 220 167 0 256 0 214 214 0 0 180 110 278 0 0 263 0 0 165 154 117 284 220 0 0 171 0 0 0 0 0 0 143 131 0 0 0 0 0 0 239 0 141 218 0 0 0 214 227 131 0 315 0 210 173 218 162 0 252 179 257 0 268 229 0 160 268 240 242 0 172 237 114 0 236 216 0 0 194 102 289 0 151 0 0 0 0 0 0 0 0 96 0 0 0 0 0 0 164 0 0 261 111 0 0 249 276 138 281 0 0 0 0 0 0 122 101 149 0 191 187 0 0 0
0 160 153 0 208 0 0 0 0 0 0 272 0 0 262 117 0 0 0 285 189 249 266 302 103 156 166 283 188 131 0 0 0 0 288 119 212 271 0 174 0 272 275 135 105 119 0 0 143 0 136 140 240 0 204 210 287 220 180 205 256 167 0 0 204 0 224 108 0 0 0 0 0 224 279 0 151 253 135 285 0 0 0 0 0 131 205 0 0 0 138 144 254 0 0 0 0 205 0 0 0 0 0 153 278 0 101 133 241 0 198 160 0 0 0 0 0 0 0 227 111 0 0 302 291 199 113 135 235 291 0 0 164 210 213 0 0 220 0 232 120 0 195 243 135 128 0 0 178 0 0 0 0 0 0 272 0 0 210 235 0 0 0 291 0 256 0 125 0 199 0 0 0 228 0 0 0 0 0 0 219 235 0 139 0 293 0 137 252 0 147 0 0 0 160 0 266 0 297 192 0 0 247 0 218 202 0 0 0 0 0 0 142 0 288 0 0 207 0 110 0 0 0 0 194 0 0 282 207 154 0 0 108 222 257 0 0 0 268 0 269 0 216 0 0 0 0 211 126 0 0 192 0 143 284 164 0 0 232 0
0 0 176 267 0 142 112 0 0 295 104 130 0 0 260 141 0 222 0 0 196 0 258 0 0 120 0 267 123 0 200 213 146 287 0 0 205 0 134 267 0 229 0 218 0 0 0 252 171 272 0 0 259 0 155 0 0 0 276 0 0 167 208 0 203 181 304 129 0 0 274 0 0 97 0 0 213 0 0 0 256 135 173 123 222 0 0 187 282 156 157 101 0 0 0 293 0 96 120 226 0 147 292 0 113 0 0 0 136 0 0 176 0 0 290 147 0 0 233 282 249 238 0 0 103 0 0 0 0 266 0 216 0 166 0 207 0 0 0 260 0 0 192 247 0 0 0 0 0 0 309 0 224 169 119 0 302 143 0 140 0 257 0 157 230 0 0 0 0 197 0 0 0 0 0 0 0 0 113 0 288 0 0 0 138 0 149 0 187 0 264 0 293 122 239 242 0 180 0 0 0 0 239 212 212 121 230 0 286 174 229 114 0 0 0 0 0 111 0 266 0 300 0 0 0 282 0 0 161 0 316 0 0 117 168 131 0 0 128 0 0 0 0 101 0 285 0 0 209 0 0 294 0 196 164 122 0 137 0
0 0 131 0 211 103 0 0 161 0 0 0 263 115 0 161 148 204 0 181 251 0 0 0 129 191 0 0 0 0 266 135 287 276 0 216 129 0 0 226 0 0 263 0 0 0 199 0 105 98 152 0 236 107 265 158 0 204 0 0 0 169 0 0 247 0 194 0 223 237 0 135 0 0 256 190 0 217 0 278 130 225 0 105 152 0 0 0 0 0 105 0 107 275 0 0 0 0 166 0 240 211 289 169 275 0 143 0 200 0 125 0 212 230 0 250 125 269 0 191 0 0 0 0 209 0 117 96 0 0 0 187 0 0 135 0 299 114 171 125 136 0 210 227 236 121 119 0 0 269 217 287 187 234 185 0 262 0 253 109 0 182 0 0 0 261 292 168 0 231 239 0 0 0 164 0 0 0 230 225 0 0 0 288 0 271 106 0 0 125 0 118 155 154 0 286 180 0 270 296 204 0 148 206 146 0 0 261 0 0 0 246 0 183 142 202 179 129 252 304 220 0 208 183 0 246 99 217 0 222 116 125 0 0 0 0 0 0 0 0 0 0 157 274 0 0 264 0 0 0 201 0 178 0 158 134 0 0
0 0 0 251 229 0 0 0 0 245 0 142 114 135 0 204 0 0 0 121 0 0 204 285 0 0 179 111 114 0 0 0 0 0 278 0 123 179 112 0 0 266 176 259 172 0 0 0 110 0 255 0 0 164 0 0 0 120 212 0 0 136 147 0 0 0 145 285 169 0 0 0 0 0 108 269 0 0 0 0 0 0 0 167 133 0 261 0 216 133 221 0 243 0 0 161 0 0 190 0 0 209 0 161 162 0 251 0 172 0 257 0 0 0 0 0 137 133 0 0 224 0 0 133 127 0 128 0 0 239 0 0 0 0 0 103 241 0 0 161 0 215 285 297 0 0 246 0 259 0 162 0 0 0 0 0 0 0 138 0 0 128 284 0 0 0 114 0 0 119 0 192 0 114 0 119 181 174 235 126 125 0 0 146 221 0 129 165 0 0 0 0 191 0 0 0 0 151 160 222 0 158 0 0 0 257 231 0 0 185 225 288 0 0 0 0 0 0 0 0 304 240 0 0 144 0 126 177 0 250 177 137 0 114 105 0 119 0 244 0 0 0 170 176 266 0 0 0 0 137 0 0 0 0 0 250 0
0 172 295 0 0 222 97 206 113 0 0 0 160 265 0 203 213 173 120 0 180 107 282 0 188 0 155 0 0 172 0 271 188 221 0 0 153 289 0 230 228 327 0 194 219 132 140 206 115 102 0 296 179 0 0 0 0 266 185 0 208 0 162 248 131 0 0 0 0 0 0 220 0 213 0 0 246 236 243 198 226 285 102 181 0 210 215 0 0 0 220 203 235 160 0 0 0 0 0 267 0 0 243 209 0 0 236 293 217 229 223 0 0 0 228 227 0 121 305 0 214 0 0 208 105 105 137 121 168 246 0 173 195 0 0 159 192 192 0 0 0 220 243 301 0 291 126 0 280 244 0 110 233 237 0 138 0 0 274 280 124 0 0 0 263 0 200 0 0 0 166 0 214 177 0 306 124 0 210 121 271 242 0 277 0 280 0 242 0 0 0 187 214 285 0 0 0 281 109 253 188 270 186 0 0 0 0 0 0 186 110 0 0 0 293 209 0 0 128 136 268 0 0 262 115 151 0 0 226 124 125 151 0 280 228 104 223 0 254 275 0 172 233 0 229 291 0 133 295 213 188 105 0 105 277 0
0 182 0 269 0 0 0 0 145 0 106 0 284 0 0 111 213 0 150 0 0 0 271 141 0 0 230 0 0 288 168 0 0 281 0 272 0 131 0 194 206 185 225 0 0 0 0 0 142 246 281 0 250 0 0 0 253 0 188 253 310 193 209 170 0 0 0 160 135 0 0 0 0 305 207 131 0 0 161 292 0 0 247 281 320 227 248 239 0 279 0 0 0 103 0 123 0 0 0 137 0 219 0 257 255 181 0 0 284 0 199 0 0 0 0 131 0 272 0 268 276 105 270 138 178 0 298 282 0 176 0 0 0 125 221 210 0 270 0 0 0 261 293 0 235 256 0 0 224 0 0 166 141 314 148 196 116 0 0 167 211 0 297 0 126 253 0 166 162 152 143 0 288 256 0 0 166 226 0 0 0 299 0 213 0 0 0 0 266 0 237 0 0 0 143 0 138 220 0 283 240 261 266 0 0 0 0 0 0 0 0 0 133 121 0 264 0 210 0 159 168 203 207 107 0 0 287 0 226 165 175 238 0 0 131 0 0 156 0 0 230 142 292 0 0 122 171 0 269 234 0 0 148 299 0
0 0 0 0 0 254 205 0 301 0 0 250 0 0 280 214 262 205 218 0 224 116 194 102 122 249 0 236 143 120 99 269 0 0 0 279 163 129 188 128 184 0 177 0 0 228 113 0 206 0 284 0 0 238 0 232 290 0 0 167 0 139 158 118 164 209 0 0 108 0 0 277 0 211 0 179 274 213 0 0 0 247 102 288 0 0 0 171 0 0 186 0 0 166 154 142 0 216 121 125 257 134 0 0 0 0 118 232 0 127 283 0 177 269 187 0 140 0 273 147 0 0 0 0 255 0 275 0 195 0 161 196 0 192 0 0 0 0 110 0 0 0 259 0 114 117 196 188 0 0 109 0 242 259 176 0 199 124 268 0 0 0 119 245 0 196 0 145 116 274 122 277 214 0 0 264 120 0 179 240 0 206 0 0 119 0 268 0 102 230 149 0 102 0 0 0 0 177 0 0 218 200 167 146 0 0 0 0 227 0 0 251 256 0 0 0 0 195 0 142 306 0 134 0 0 0 0 128 303 0 0 0 0 0 164 277 179 243 135 224 0 217 0 228 276 209 274 278 0 0 0 273 0 0
0 253 0 0 275 0 176 0 152 0 0 278 150 0 299 0 0 0 258 0 0 0 0 0 262 296 127 247 123 230 256 0 0 146 0 0 226 0 0 281 0 283 0 0 269 0 220 185 143 0 151 0 138 259 253 139 191 0 105 141 276 0 243 275 281 0 116 119 240 0 0 291 0 0 0 146 255 168 0 109 0 0 195 0 205 207 0 0 0 189 0 0 243 202 136 0 197 213 228 223 0 239 227 201 0 178 0 0 214 264 0 109 0 0 265 0 0 237 0 0 119 249 224 169 246 0 0 0 123 149 95 0 97 0 113 0 0 0 0 143 0 0 0 296 288 295 0 0 273 135 0 290 0 0 198 0 0 176 281 137 0 0 0 211 260 158 168 0 126 144 0 210 152 0 140 0 146 222 0 272 0 0 123 0 219 0 0 0 106 0 0 118 180 0 281 114 0 0 0 0 284 183 290 223 188 143 0 0 153 0 0 0 294 0 210 293 194 204 0 0 0 202 0 0 0 290 168 242 210 171 199 0 0 120 137 192 268 252 221 0 0 194 0 0 164 114 0 0 283 0 0 0 0
0 189 0 187 0 0 285 0 0 164 0 127 0 0 0 249 0 0 0 257 0 126 201 0 302 0 0 284 0 160 252 203 268 123 0 0 0 0 0 221 0 115 153 0 0 0 245 278 156 0 207 0 112 0 0 0 0 0 0 262 268 159 0 0 0 125 0 0 100 299 0 0 173 0 0 137 260 0 247 0 132 277 212 0 276 113 259 115 0 0 0 0 228 0 278 0 175 205 262 135 0 0 269 160 185 0 204 186 94 0 261 104 111 0 0 0 0 194 130 200 0 245 144 0 0 0 187 271 269 150 244 187 0 0 127 0 0 0 110 245 248 0 121 185 271 161 0 206 0 0 165 107 196 0 259 0 224 0 248 0 0 0 0 0 0 0 0 0 136 232 152 0 209 262 97 104 208 0 257 227 163 136 134 198 0 0 0 0 0 0 260 0 0 259 235 152 113 0 257 271 0 239 206 224 252 0 272 0 197 98 0 274 0 0 106 120 0 164 111 132 291 144 211 119 0 154 0 0 0 316 0 0 159 115 0 0 0 187 290 96 133 0 109 0 0 0 256 251 113 203 174 0
0 0 0 0 0 0 237 0 0 0 0 220 226 113 0 0 251 0 0 0 0 0 0 155 0 173 0 0 0 0 282 0 0 220 0 0 225 0 112 0 120 0 199 216 0 0 220 153 0 171 295 202 0 0 0 184 0 176 0 235 0 0 0 0 0 221 235 0 120 0 126 0 0 0 232 218 107 242 220 158 298 0 283 0 280 183 146 149 210 0 218 221 187 225 194 0 128 261 0 0 0 0 0 260 0 0 0 133 198 0 0 298 249 166 306 159 161 156 0 0 0 0 0 0 0 0 0 112 0 0 0 145 105 0 282 0 157 127 201 0 165 152 297 0 151 216 244 146 228 177 220 282 0 157 314 0 264 291 210 231 0 194 289 0 192 0 126 0 241 198 109 0 263 184 157 0 0 133 173 298 0 0 176 0 180 0 148 0 0 282 223 211 0 126 0 122 158 167 175 284 222 124 0 180 170 194 0 0 0 284 159 267 0 0 200 0 0 0 0 220 136 0 196 0 0 185 217 276 0 183 0 239 0 202 0 0 216 0 0 0 276 236 0 266 222 0 0 127 279 146 0
0 204 148 0 302 0 288 201 0 0 0 0 0 266 227 0 0 0 0 0 0 161 136 0 0 0 0 0 0 0 281 273 157 150 244 239 0 114 211 0 170 0 196 0 0 243 119 158 127 119 0 0 241 0 0 228 0 0 144 0 0 0 139 0 152 99 0 209 0 0 0 146 301 169 119 252 274 0 297 0 238 0 0 0 127 240 0 291 0 113 0 233 115 178 0 0 111 0 0 249 234 280 0 269 98 250 0 165 211 0 0 0 181 0 261 202 0 0 269 265 260 0 0 0 0 218 187 0 281 0 304 110 236 202 0 0 311 0 0 185 0 0 0 143 0 104 223 119 315 124 274 0 134 0 0 198 0 204 0 174 0 230 207 0 269 0 0 0 170 0 195 0 177 174 149 251 133 196 266 122 0 0 297 134 157 0 270 0 235 222 194 0 250 0 135 240 0 0 0 0 0 0 315 112 203 0 306 115 0 0 161 0 0 0 116 152 299 185 218 161 0 150 144 0 253 0 0 0 0 0 0 0 0 0 95 238 201 0 207 0 0 0 270 0 0 226 282 282 0 0
0 0 0 0 0 132 0 0 0 148 0 0 134 112 0 115 271 120 0 131 218 0 104 0 0 0 0 0 0 0 182 0 0 259 120 0 0 167 124 0 241 0 215 304 101 0 271 317 0 0 0 0 0 0 265 206 0 0 116 242 0 0 290 0 0 0 0 226 288 214 0 196 0 235 0 0 0 0 107 137 275 111 248 133 169 0 276 109 0 220 0 0 0 171 0 257 0 173 243 269 0 147 312 183 0 296 0 0 0 226 168 231 235 285 0 0 0 280 0 222 0 0 237 176 211 160 127 293 0 0 0 0 243 176 0 0 109 159 0 0 0 0 0 231 157 197 0 228 0 0 138 283 133 0 0 102 254 239 267 124 96 0 0 155 0 205 0 0 238 169 259 0 121 267 0 0 201 0 108 180 216 214 0 0 112 0 117 210 0 0 117 189 0 255 211 230 0 0 0 278 162 197 149 193 0 276 0 220 290 157 262 253 0 231 211 241 0 0 0 0 246 275 0 209 0 0 111 223 148 0 0 110 0 168 121 0 0 0 240 0 225 0 205 102 233 0 269 229 0
0 0 116 0 0 175 191 0 188 0 147 0 0 174 0 0 280 0 287 0 279 0 0 206 0 0 0 162 0 150 128 133 0 0 194 0 106 0 279 0 268 0 125 139 307 0 0 193 0 0 0 0 221 184 123 275 115 243 115 119 123 171 230 0 0 157 0 0 0 157 0 0 280 128 0 0 0 123 0 0 0 308 0 196 0 0 0 0 0 0 144 155 0 0 0 244 0 0 0 0 150 230 266 282 182 150 177 0 0 225 0 150 0 0 0 0 123 135 110 0 224 0 0 117 120 107 292 287 0 132 0 0 0 0 126 217 165 0 156 135 242 0 0 0 146 137 0 121 0 203 0 0 0 281 152 148 0 0 0 0 0 0 162 211 0 301 242 272 126 0 144 0 121 125 280 180 0 146 286 120 298 0 164 252 192 0 0 262 135 131 253 243 0 0 271 0 127 0 0 180 0 191 148 123 0 130 0 0 112 102 0 233 244 289 0 0 111 201 0 186 0 0 0 281 0 0 0 147 0 204 172 0 273 220 0 182 245 0 0 178 0 0 0 120 96 0 124 0
0 0 0 0 273 0 0 0 0 0 210 0 278 145 0 0 252 231 0 0 118 170 0 301 0 0 103 0 0 0 0 0 0 239 132 285 134 170 0 240 0 117 301 0 142 0 269 112 0 0 0 238 0 0 111 0 0 184 227 0 148 205 190 0 204 0 303 0 0 98 0 0 116 285 0 131 223 0 0 0 0 139 0 0 184 0 144 0 0 0 0 254 0 120 0 161 0 259 0 247 200 171 282 0 180 252 0 118 0 114 0 0 0 264 172 108 276 0 304 149 166 0 0 204 0 0 0 0 192 0 244 264 0 140 189 0 0 230 0 0 0 0 120 0 0 0 0 0 0 199 0 0 0 205 0 0 0 247 96 121 0 260 245 0 202 0 209 245 0 221 0 186 280 0 153 0 269 0 141 267 0 0 0 106 0 0 144 236 0 0 0 262 0 298 162 0 0 0 0 139 0 244 0 0 195 151 0 0 0 0 244 152 0 161 0 190 0 0 0 117 195 110 0 266 0 201 236 0 140 112 179 233 179 297 0 0 0 106 0 275 0 247 226 0 216 0 0
0 0 0 111 0 300 0 158 0 0 110 0 0 0 203 262 238 225 0 280 0 297 135 158 0 223 181 229 0 0 221 0 138 240 203 0 260 0 0 0 227 164 0 165 0 0 274 170 168 191 0 104 0 0 0 153 247 105 0 176 221 224 0 0 169 0 192 0 260 0 0 0 202 247 157 234 0 0 0 0 263 111 202 0 216 0 0 207 0 173 0 0 0 0 0 170 283 211 273 303 0 0 254 251 157 202 238 203 247 165 0 283 0 0 0 0 0 0 0 114 172 0 0 212 0 0 0 0 0 275 275 234 138 261 0 231 0 0 0 149 0 0 241 241 0 216 0 0 0 0 0 0 263 294 231 0 177 190 0 131 102 0 261 105 0 286 0 211 186 0 143 0 254 0 279 0 0 0 0 0 0 196 0 236 0 0 314 0 0 0 0 0 0 159 190 178 0 0 110 0 137 0 0 0 137 0 0 138 139 0 186 0 154 133 0 0 150 131 0 274 282 195 0 157 0 0 271 174 177 245 0 265 161 0 228 295 233 227 0 272 0 0 161 169 295 0
0 0 0 154 0 0 0 301 183 0 0 0 0 0 0 0 144 0 0 0 0 0 0 0 156 250 199 0 0 220 0 146 121 200 0 0 0 180 0 245 286 0 114 153 130 131 259 0 223 145 159 139 112 112 160 221 0 250 0 0 222 130 233 0 0 0 229 195 193 159 0 0 200 98 0 308 246 0 0 0 132 0 145 0 0 0 0 159 0 0 0 0 192 125 0 0 0 0 203 178 0 166 0 219 137 181 230 0 214 171 254 0 0 0 0 0 118 0 234 0 0 222 0 245 140 0 227 0 298 280 0 242 0 0 0 253 0 227 153 0 116 178 0 109 0 117 149 300 0 0 0 0 268 0 133 128 0 170 0 0 0 176 156 0 230 139 0 297 267 0 144 0 0 236 0 0 0 0 209 0 298 0 117 103 0 136 0 211 133 277 0 0 168 0 101 283 0 115 228 0 0 168 0 0 0 185 0 121 0 147 0 283 229 210 0 0 0 160 283 0 0 161 0 144 0 0 0 213 276 0 0 0 0 250 0 0 0 161 176 0 0 0 121 142 0
0 296 159 245 0 0 0 0 213 162 244 0 0 290 204 167 0 124 0 0 0 0 105 284 0 0 240 131 304 0 134 166 0 0 0 176 0 196 0 0 0 240 285 0 157 0 0 0 252 143 0 0 0 0 235 268 0 0 244 0 0 0 0 0 171 0 0 231 267 0 270 0 0 279 0 102 0 210 0 211 286 0 0 304 236 249 0 222 174 0 0 120 0 100 190 0 0 0 0 0 242 233 141 200 154 232 194 0 301 239 0 0 0 124 0 143 0 227 0 0 0 289 0 112 0 0 120 0 0 132 0 125 0 0 262 181 256 0 0 140 0 142 0 0 0 0 241 0 215 188 234 0 0 117 239 307 179 173 254 208 215 160 0 274 118 151 0 0 0 0 0 0 0 0 177 0 0 209 0 96 0 0 114 111 0 0 239 0 293 125 0 0 0 175 0 171 192 105 119 0 178 183 231 191 136 294 0 0 233 226 271 0 207 255 0 240 0 0 186 0 0 239 0 0 0 294 256 188 214 117 246 110 206 0 277 0 0 223 0 286 0 165 190 0
0 0 0 0 0 0 274 116 0 285 154 262 229 305 0 128 146 0 258 159 253 0 0 0 0 0 236 0 291 0 0 0 175 0 191 146 176 0 0 0 0 0 0 0 0 0 0 270 0 0 0 0 0 108 0 0 0 204 0 210 214 0 0 0 204 139 198 0 200 202 0 172 124 0 0 277 0 281 143 134 265 289 0 132 103 277 270 0 0 0 0 0 0 0 103 172 0 0 0 220 292 0 208 253 0 0 289 0 0 0 0 0 0 111 261 0 0 0 250 0 0 132 0 0 181 305 0 0 0 187 127 206 273 0 0 250 213 0 150 110 0 0 249 0 0 228 0 102 0 0 133 180 0 195 0 248 251 0 170 0 245 298 0 0 138 0 0 277 0 0 204 243 147 0 0 114 166 0 0 0 0 238 102 0 0 0 0 0 252 256 0 0 0 0 0 0 209 185 265 0 0 140 166 154 100 234 199 203 0 0 243 0 188 0 0 113 0 117 0 213 0 0 0 134 281 0 212 0 0 0 0 0 175 165 0 120 0 270 0 233 0 263 0
0 222 128 0 212 269 0 199 0 181 0 0 0 248 130 0 0 0 167 141 0 211 229 0 230 129 0 0 0 272 137 129 181 0 273 167 107 0 227 241 0 0 257 107 203 259 0 0 0 102 0 0 169 0 0 212 0 291 0 187 0 229 234 287 0 109 171 0 292 263 219 281 299 0 249 0 0 217 0 248 0 0 0 0 0 182 287 0 0 207 170 0 0 151 0 0 0 0 0 244 0 170 0 216 0 0 0 0 0 110 224 204 231 148 241 249 238 0 224 0 0 126 199 0 0 183 143 0 268 0 196 0 0 0 287 0 262 232 186 155 0 164 241 0 0 251 224 177 284 160 156 0 223 195 207 276 252 268 0 199 0 0 248 260 0 0 0 0 150 0 0 314 239 0 0 120 181 295 291 0 277 248 0 0 238 144 196 260 169 163 98 0 303 144 155 0 182 0 0 93 190 185 165 281 134 0 295 127 0 218 206 116 127 0 0 0 0 155 0 223 222 0 106 133 141 0 0 241 181 0 242 234 0 135 0 240 232 145 0 163 216 0
0 247 0 0 0 110 240 0 135 0 168 288 265 0 0 183 136 290 136 0 0 0 0 281 100 168 0 251 284 245 128 238 0 161 102 0 0 125 0 0 231 0 143 0 0 262 0 0 123 0 0 214 191 0 168 0 218 0 0 272 130 0 119 237 0 230 0 0 0 156 0 0 274 0 0 0 234 251 0 0 201 168 264 0 0 0 0 0 0 183 244 168 128 0 0 0 139 249 287 0 0 130 238 0 121 192 261 206 128 0 128 252 0 0 160 111 0 145 191 293 0 0 0 0 268 0 0 0 0 0 0 132 0 0 154 0 267 0 244 275 122 0 0 0 143 276 0 173 124 193 150 279 156 139 0 187 149 0 0 150 0 161 248 0 245 144 103 0 253 285 139 277 238 0 0 221 0 119 270 286 0 255 0 0 0 0 0 0 0 0 0 150 0 195 216 245 194 0 106 0 0 0 206 194 146 240 0 260 0 297 288 134 0 0 0 0 160 0 282 0 165 125 0 0 0 134 138 146 0 0 173 0 0 0 298 203 0 0 0 246 0
0 0 281 185 0 0 222 172 146 258 232 249 261 241 0 0 0 293 0 149 0 144 183 0 221 0 132 116 0 0 0 153 166 122 0 0 0 277 248 294 0 115 140 229 249 0 0 0 0 293 0 0 0 0 145 134 304 112 254 176 268 189 0 0 187 238 0 0 0 101 0 305 0 259 0 219 0 294 0 0 167 0 143 262 0 0 0 277 0 0 0 171 0 0 0 186 199 293 0 0 0 0 0 0 150 136 0 113 0 266 0 0 0 153 0 152 153 120 0 0 0 0 283 267 261 253 282 297 0 148 187 0 114 0 0 192 184 118 210 279 0 256 220 0 222 150 0 0 0 0 180 0 0 238 105 0 129 0 0 0 0 145 176 148 0 0 138 132 0 253 0 0 223 276 251 190 0 215 0 0 252 0 0 0 277 303 129 0 213 167 167 211 243 0 250 235 0 236 101 0 0 107 292 290 0 145 0 230 278 252 0 269 0 100 114 284 0 205 0 0 0 281 239 0 177 0 0 302 119 0 0 0 0 0 172 0 0 296 110 0
0 285 0 231 321 0 0 125 0 0 0 0 115 204 171 0 0 175 232 193 0 0 0 207 280 237 0 147 0 0 185 230 298 175 0 0 0 165 0 157 0 0 0 0 0 0 0 0 184 0 0 239 134 184 0 0 276 0 0 0 274 0 205 228 0 167 155 271 0 220 116 0 257 0 266 0 213 157 0 0 0 263 264 289 269 295 0 0 0 275 130 224 0 172 0 142 0 0 235 0 0 0 194 0 0 226 0 250 0 246 0 0 0 0 245 195 101 221 99 264 0 0 276 113 220 0 0 0 137 289 132 0 0 0 231 190 0 0 252 160 0 0 0 0 0 0 0 0 0 153 173 173 137 245 0 0 0 167 0 0 0 0 0 264 268 226 105 107 258 173 107 150 0 0 0 232 94 244 203 0 0 0 139 0 239 0 246 0 0 223 158 0 233 104 172 259 218 185 0 300 0 0 287 0 0 0 185 0 110 0 134 0 140 193 279 0 0 0 0 149 0 0 0 0 0 0 0 0 0 0 0 281 0 0 213 175 215 269 0
0 214 155 157 154 222 173 216 0 0 150 106 0 0 122 0 117 0 0 252 0 186 252 214 0 0 244 0 232 241 0 211 0 0 0 254 301 108 0 181 0 273 0 158 0 222 101 298 0 233 206 192 0 273 107 260 268 246 161 0 0 0 292 0 197 0 284 224 251 0 0 162 0 184 0 166 0 237 261 239 131 0 277 135 0 0 275 0 0 106 0 0 260 225 277 0 271 0 110 128 225 203 0 0 0 156 0 192 162 0 0 0 285 0 112 0 0 0 0 0 147 0 144 263 0 191 0 0 255 0 184 127 256 0 0 217 0 239 0 102 157 181 0 0 0 252 157 0 233 0 0 123 292 304 292 301 0 271 0 206 277 0 0 247 0 181 244 0 0 193 278 0 273 203 0 275 0 195 133 0 0 196 0 0 0 215 0 0 136 0 0 191 0 262 0 0 0 0 251 153 109 157 0 149 145 111 154 0 188 0 0 0 0 214 0 0 0 0 0 285 148 138 0 0 0 0 0 0 222 0 0 300 0 302 0 120 0 0
0 0 169 147 0 0 0 218 0 250 0 225 0 127 266 0 0 146 0 118 0 0 276 249 130 130 0 251 263 0 323 0 182 0 269 275 132 235 0 223 0 0 0 225 239 265 0 297 232 245 0 278 175 0 143 156 0 271 128 224 133 162 0 130 98 0 173 0 0 283 0 0 0 156 0 0 236 0 0 0 0 0 0 0 244 114 0 0 0 246 279 147 0 102 222 0 133 0 209 0 0 0 258 273 163 0 0 0 147 0 278 290 136 0 0 209 124 104 236 136 0 291 257 0 300 117 0 0 0 0 102 114 0 0 123 202 0 0 108 204 0 255 127 193 0 0 0 0 234 183 116 137 0 196 0 277 124 0 118 141 212 259 0 205 159 0 0 240 0 0 0 0 0 0 0 203 255 202 247 289 0 0 0 0 0 0 122 211 0 0 0 0 0 274 303 236 208 282 140 0 116 0 209 0 0 0 151 303 274 275 112 0 0 0 0 265 0 0 186 0 113 251 178 0 258 0 0 0 179 0 122 127 145 264 270 0 0
0 0 0 284 0 157 0 230 211 238 0 156 169 0 0 176 174 0 179 187 0 207 0 0 252 222 209 0 254 294 0 0 0 173 203 0 123 257 248 0 0 102 237 0 204 175 211 157 123 0 283 0 253 0 260 125 0 282 166 225 253 0 0 0 0 141 109 287 135 0 159 280 155 0 176 0 264 271 123 161 0 193 0 0 0 151 0 0 0 182 107 145 0 0 0 199 0 0 0 0 0 227 0 0 246 148 0 143 0 177 160 150 287 0 155 0 0 0 0 273 298 0 0 233 0 154 0 0 243 0 269 0 273 270 0 0 159 153 0 145 0 206 277 222 0 106 0 221 0 0 0 0 0 155 221 0 0 225 98 0 241 214 221 189 200 246 0 0 154 0 0 282 227 0 107 0 197 0 207 0 0 154 0 177 135 0 0 225 0 212 129 0 208 197 0 0 286 0 0 209 0 0 0 0 0 0 0 163 146 0 0 0 0 0 0 237 0 0 0 0 204 0 148 0 245 218 0 193 269 254 0 136 268 0 243 0
0 106 240 0 0 0 275 191 190 0 0 264 0 0 107 250 0 138 0 0 0 111 197 0 0 0 0 204 242 154 153 260 0 0 0 224 0 181 0 253 273 231 249 171 0 250 240 239 112 283 0 0 0 0 125 0 0 294 0 0 0 227 283 0 0 118 0 0 265 0 199 151 0 165 150 150 203 0 282 134 296 0 245 0 0 147 0 252 0 0 181 0 143 0 111 0 0 0 152 0 0 262 0 0 0 0 0 0 0 121 239 169 277 154 259 0 0 125 0 0 0 126 0 0 141 0 157 172 0 288 163 0 159 266 141 0 0 108 196 0 232 161 0 0 108 110 0 136 0 139 0 290 0 0 0 0 263 0 220 186 0 0 207 0 100 118 155 157 0 272 226 0 278 0 217 155 175 175 0 120 0 110 93 0 227 188 260 177 109 0 0 221 226 0 0 0 100 0 0 0 0 0 261 0 229 185 0 106 0 0 300 0 0 212 116 0 198 129 206 218 0 122 0 131 0 0 197 129 177 208 204 0 0 0 0
0 137 0 217 255 177 0 0 0 0 184 138 0 0 0 173 0 0 0 212 0 136 118 262 182 0 283 0 0 163 248 191 0 0 0 123 264 0 0 0 0 0 171 212 112 0 0 0 150 0 271 0 0 0 176 0 120 231 172 0 0 150 0 248 185 285 0 0 0 241 195 292 0 140 163 221 0 0 292 0 0 186 249 100 199 120 0 292 0 254 152 152 0 137 0 0 243 0 170 0 242 208 142 204 241 0 0 145 0 249 144 177 272 298 0 156 0 0 206 0 278 268 0 267 0 201 102 0 161 144 0 191 0 0 236 247 0 0 162 0 290 0 0 0 261 268 224 0 245 0 0 0 0 0 0 154 284 0 97 0 0 109 0 0 0 0 0 0 212 299 0 0 274 0 0 0 260 0 161 134 271 0 0 248 243 207 0 223 0 185 270 0 0 135 0 0 121 116 0 147 0 229 0 0 0 211 248 0 0 0 239 0 0 0 0 0 147 239 228 0 173 205 0 0 0 124 257 0 215 0 0 0 297 0
0 0 0 287 0 0 121 115 0 0 155 0 291 247 0 0 0 275 0 249 0 280 202 0 0 261 0 248 0 0 109 0 0 119 193 272 149 0 130 227 0 0 0 0 0 0 169 199 0 0 0 301 197 159 0 170 0 129 263 0 0 0 117 0 138 264 0 0 184 238 218 0 0 0 0 0 0 0 308 0 250 0 196 104 0 0 150 244 0 116 152 175 192 285 186 0 0 0 0 244 143 0 0 0 220 0 146 238 0 0 0 0 0 0 0 122 271 0 240 290 211 0 272 0 0 200 216 252 221 281 0 298 0 0 270 168 0 0 188 0 142 0 164 276 0 249 0 253 183 199 0 0 0 309 120 248 0 0 112 0 0 203 278 180 0 0 137 230 0 0 112 308 0 0 0 0 0 153 200 115 0 0 210 115 216 274 0 0 232 0 224 0 0 204 175 262 0 134 0 0 202 191 0 0 0 0 165 0 173 0 156 234 239 135 279 228 0 242 0 247 219 176 0 0 0 282 107 0 232 0 0 0 0
0 0 208 0 268 0 247 280 213 148 0 205 245 144 0 0 297 280 0 182 0 127 197 0 0 0 140 116 282 0 120 165 171 0 0 0 0 266 0 0 0 106 127 0 274 261 210 279 115 150 258 0 0 0 297 188 111 140 0 0 0 274 0 0 169 157 188 0 0 0 0 0 0 0 0 0 139 0 0 267 248 0 0 0 0 123 0 0 119 241 201 0 0 0 0 215 109 0 0 0 0 0 220 177 143 0 119 230 235 0 0 100 0 0 120 0 286 186 0 0 201 143 0 0 0 241 0 0 0 288 192 0 295 0 238 273 285 0 0 268 0 179 307 221 178 0 107 152 194 257 0 291 113 114 166 0 177 127 154 244 240 222 0 238 0 254 155 0 0 0 0 0 0 116 0 129 139 0 0 274 0 0 0 169 0 255 0 0 273 165 0 106 204 0 120 0 0 142 163 0 0 0 230 0 143 134 130 291 0 0 0 0 213 0 0 208 206 0 181 0 0 0 278 0 249 259 270 250 0 0 0 0
0 0 262 229 143 0 267 163 0 283 0 150 0 137 0 183 161 0 0 176 0 248 0 0 0 263 0 0 0 0 181 0 231 260 0 0 0 0 137 0 224 126 292 115 0 0 243 129 0 188 248 0 251 0 0 187 196 264 195 220 0 0 0 0 179 167 0 0 0 127 0 0 120 0 109 0 105 0 0 105 0 182 172 148 249 231 0 197 109 298 126 108 0 0 201 0 0 258 238 168 0 0 0 184 235 155 0 0 0 117 184 240 0 0 0 186 0 261 283 0 170 0 0 109 0 0 210 0 250 0 0 147 0 0 0 0 228 283 0 173 127 241 201 0 0 0 0 220 0 0 0 0 0 0 164 0 0 0 0 0 266 229 0 0 250 0 0 194 0 108 0 126 153 217 259 250 0 178 0 258 224 294 141 260 0 0 151 0 109 218 157 196 0 240 252 225 0 300 0 0 0 105 0 138 125 135 0 251 0 229 0 126 224 0 0 296 158 200 0 0 0 0 195 266 291 0 249 0 115 199 0
0 157 0 0 0 0 0 0 226 155 243 242 0 0 178 131 278 109 0 0 0 193 109 0 0 0 220 308 0 0 269 276 0 101 0 127 0 0 257 273 212 175 0 0 0 223 212 0 200 0 105 0 164 0 143 0 202 249 0 0 0 224 0 0 0 261 244 113 0 0 0 0 0 0 0 271 0 0 0 0 0 0 239 195 215 0 0 258 0 180 0 0 102 286 228 119 175 0 180 253 0 0 0 100 274 0 0 259 116 0 166 191 0 96 301 0 159 0 262 0 154 166 0 0 290 0 172 195 109 0 0 157 0 204 0 169 122 0 207 0 0 0 0 0 0 0 0 287 0 191 104 0 252 130 177 0 157 279 121 0 268 126 0 268 287 0 278 175 128 0 194 185 190 106 273 196 230 104 277 0 0 0 0 240 178 109 200 255 0 137 0 185 0 127 172 240 0 161 0 0 168 0 111 0 0 211 204 0 166 133 209 0 111 0 111 201 0 148 0 0 265 0 0 0 272 0 283 0 295 0
0 0 0 185 0 231 129 161 302 278 107 201 0 198 0 0 0 165 239 166 245 93 0 300 0 0 0 276 0 298 109 227 140 289 0 0 139 0 0 0 136 0 96 0 172 0 0 0 169 0 142 276 190 0 0 177 171 0 0 214 207 0 183 146 0 158 0 0 0 216 300 0 0 0 0 220 101 0 270 0 0 0 0 307 257 139 0 163 0 0 0 208 0 0 155 0 0 102 259 107 211 117 0 0 177 275 233 215 99 253 211 103 0 268 0 0 269 0 0 0 277 154 0 0 161 217 273 235 234 0 0 0 248 0 0 200 212 225 0 0 225 132 0 0 228 178 269 0 223 0 149 0 229 140 123 0 213 0 284 0 0 106 0 228 120 235 160 0 0 231 100 0 286 0 0 0 159 0 235 280 285 258 154 0 165 0 0 0 0 268 262 244 269 143 0 0 0 0 96 0 0 209 0 262 0 0 297 0 254 0 0 154 0 0 111 187 306 156 0 257 114 232 251 155 259 0 189 0 0
0 0 293 0 220 182 0 233 279 232 280 0 0 0 0 0 280 271 233 0 0 199 0 0 0 0 0 0 233 278 110 273 0 161 299 0 0 118 0 292 240 0 215 0 0 167 220 163 0 0 166 0 0 268 183 0 170 0 135 0 180 0 0 0 225 0 0 0 111 0 105 106 278 105 113 250 130 0 0 0 0 0 0 0 210 256 0 0 0 0 0 246 136 0 213 0 0 0 0 0 0 0 0 259 0 0 222 286 251 218 236 106 132 0 178 209 147 238 226 275 0 0 0 0 165 187 0 140 0 0 0 0 229 122 0 228 0 0 112 98 0 0 0 0 105 0 229 183 237 0 0 0 114 133 167 0 160 0 0 0 0 222 177 0 177 296 211 161 0 258 189 273 0 250 0 0 0 0 287 0 258 254 0 185 105 195 264 237 0 0 0 0 105 0 226 298 208 290 0 0 0 198 251 0 0 0 205 0 185 239 242 0 0 0 243 0 105 299 196 141 183 124 0 0 0 108 129 0
0 200 255 0 0 302 0 0 0 280 232 211 160 280 207 170 125 0 148 0 111 160 186 0 254 0 143 0 0 0 0 269 258 0 0 0 289 258 0 226 0 268 0 0 221 0 143 0 272 0 230 239 0 170 0 0 97 302 0 0 0 285 271 256 278 236 296 195 0 0 0 0 199 0 0 0 177 0 0 162 0 264 125 247 161 0 0 249 0 157 158 138 108 0 258 123 304 0 0 0 231 0 0 0 217 0 144 0 163 241 170 0 197 0 0 164 119 0 0 0 126 0 0 0 116 0 0 286 0 0 0 0 0 0 235 295 238 164 0 0 201 236 218 141 124 0 262 0 301 0 118 245 0 144 0 225 0 137 0 0 0 0 160 143 157 0 230 0 279 0 219 286 122 0 0 0 262 0 103 0 286 0 0 230 0 260 233 0 0 0 0 202 185 0 236 156 0 0 286 0 0 0 115 257 127 176 0 0 0 216 0 128 202 0 0 277 191 272 196 0 0 191 0 296 0 0 0
0 160 238 144 0 167 0 0 134 250 121 0 0 282 0 268 186 211 0 142 128 0 228 0 271 0 133 173 237 0 0 0 0 300 132 224 0 282 0 0 276 131 117 247 273 0 136 279 0 0 291 0 0 176 0 154 267 257 184 275 189 280 270 0 322 0 0 0 0 273 253 0 172 0 0 0 186 0 0 188 0 0 0 0 239 0 0 0 0 125 0 0 0 0 216 127 163 0 0 116 0 0 0 215 0 198 234 0 169 0 0 0 0 120 260 121 0 135 0 0 217 134 134 252 149 142 122 0 298 0 136 137 0 0 272 114 179 188 0 120 211 291 154 0 153 0 164 232 281 0 0 0 0 127 0 215 145 185 0 162 218 243 0 186 0 0 114 183 210 0 260 217 0 162 164 0 0 188 0 170 0 195 157 235 247 0 0 0 0 144 0 148 270 121 236 0 153 273 108 0 0 0 0 196 244 0 0 116 102 0 0 119 274 195 0 0 230 0 224 0 221 0 271 178 289 0
0 232 0 0 0 220 160 0 285 222 0 0 111 310 0 151 0 0 0 195 0 0 227 216 0 203 281 132 0 0 225 150 108 0 134 0 250 156 0 310 0 194 301 0 154 0 0 219 0 116 191 141 185 0 299 181 0 158 145 0 240 0 122 0 125 0 0 0 269 0 0 0 0 0 0 0 219 0 190 0 0 207 180 0 0 249 0 294 0 0 105 244 0 0 0 0 0 0 0 183 240 0 0 275 0 253 0 0 0 0 0 0 0 0 0 117 239 213 144 180 0 0 253 124 0 271 0 0 191 140 132 0 136 0 288 0 251 0 0 137 0 0 250 227 104 103 289 0 0 0 127 114 0 231 131 0 0 282 0 108 255 252 0 206 151 0 0 0 0 227 162 0 0 294 186 0 127 0 0 0 131 236 173 0 0 0 0 219 0 0 0 138 246 121 222 0 0 144 0 215 0 0 215 161 117 127 169 0 0 227 204 0 0 0 271 168 0 0 175 137 127 0 247 0 0
0 182 200 0 0 154 0 263 108 0 0 0 155 0 297 0 295 215 0 221 181 288 215 114 193 0 0 290 276 155 239 167 197 0 281 294 0 0 0 135 265 242 199 155 0 0 0 266 241 0 0 0 0 156 111 0 101 184 157 195 0 131 108 294 0 0 275 0 0 0 128 0 0 0 0 0 0 0 152 285 0 0 170 0 114 0 0 143 0 0 134 182 201 0 187 230 216 257 0 0 0 0 0 250 0 0 0 0 215 0 0 0 185 0 0 272 114 0 0 0 0 0 293 0 0 274 0 0 0 153 172 293 282 0 0 0 180 0 0 110 266 0 0 112 0 191 0 134 181 252 218 218 281 324 0 120 262 0 210 0 0 0 0 135 139 219 266 229 0 0 205 0 0 106 253 286 0 132 0 276 261 0 0 153 298 226 0 134 199 132 297 214 191 125 251 180 0 245 285 0 0 272 223 111 0 0 219 130 0 197 0 0 239 0 157 206 0 243 0 0 0 228 0 0
0 246 0 0 0 0 0 222 0 210 0 0 285 0 0 282 0 155 0 0 0 110 124 0 0 0 0 154 290 177 0 0 299 298 0 0 230 0 0 0 210 296 0 0 0 0 158 0 0 0 0 0 0 0 0 0 0 0 210 0 118 187 216 122 124 184 150 139 121 0 242 0 0 210 0 138 157 234 0 0 0 119 0 137 212 0 137 0 278 0 0 0 113 191 0 0 0 0 0 175 203 121 0 163 161 0 218 305 178 0 215 98 0 0 0 150 0 0 0 259 0 0 0 182 0 0 165 251 113 171 235 108 162 263 0 0 255 255 0 284 0 148 123 0 0 279 0 0 148 197 280 0 225 254 136 0 228 0 0 138 189 0 0 110 0 0 0 124 0 0 174 296 200 207 130 129 283 254 0 258 0 0 0 0 255 0 0 228 0 0 0 0 135 0 0 287 175 0 0 268 132 0 0 227 179 0 0 167 245 0 0 0 282 0 131 111 216 0 0 264 0 0 0
0 183 0 171 0 0 0 0 0 252 0 0 299 275 0 0 166 0 100 231 0 270 260 0 190 0 0 227 196 120 0 192 0 0 0 0 204 0 122 103 0 228 216 0 173 253 0 143 0 0 177 284 286 264 0 0 235 0 0 0 134 0 0 261 153 134 201 257 123 221 0 0 287 0 0 0 0 0 142 0 0 222 0 0 0 0 0 139 0 103 0 0 167 0 127 230 0 0 103 0 0 0 136 140 0 0 107 251 0 0 0 0 103 0 0 186 0 127 152 0 158 0 136 0 0 0 104 237 179 123 0 124 0 0 0 0 0 0 0 0 0 0 0 116 169 0 0 0 281 229 0 122 256 0 0 129 147 0 111 0 0 0 0 147 0 0 116 207 282 0 0 236 230 0 191 0 138 118 128 0 0 298 0 0 147 0 0 0 198 0 308 272 150 0 172 181 254 0 235 274 0 149 0 0 0 0 176 0 0 0 108 127 0 0 0 204 0 270 0 285 0 0
0 0 279 295 0 213 0 0 113 273 196 0 0 0 0 283 0 0 0 158 172 0 0 193 268 0 144 168 266 0 0 280 271 0 226 0 195 249 257 0 0 0 0 169 236 0 0 0 0 236 0 283 0 267 110 0 0 185 108 134 0 0 211 161 120 223 240 262 187 0 0 0 184 0 0 195 0 0 228 0 0 0 218 153 0 104 239 173 298 167 0 0 242 0 0 307 0 190 0 165 0 0 163 177 0 100 227 0 113 0 126 0 276 151 251 164 0 0 0 118 97 0 281 0 0 198 198 0 0 0 154 0 185 183 0 203 0 0 131 0 195 0 0 0 0 136 0 0 133 0 247 0 0 0 0 288 0 130 240 0 0 0 152 0 0 0 280 224 186 0 257 272 0 280 0 0 0 0 0 0 0 0 280 118 0 167 0 144 0 128 0 0 0 179 0 0 167 0 0 130 0 0 0 0 247 285 262 193 0 250 0 182 200 0 0 0 161 0 0 264 0
0 285 219 162 0 119 0 0 0 141 261 135 274 262 192 0 272 124 0 0 270 0 201 237 181 271 0 0 0 275 171 0 0 0 280 0 254 126 0 0 112 0 146 0 136 0 202 229 0 0 250 0 133 0 0 0 0 0 139 226 223 0 248 243 257 228 0 125 123 0 233 0 268 0 0 0 268 116 249 222 193 117 200 0 125 0 0 0 0 161 0 263 98 289 0 0 263 211 0 0 0 0 0 0 150 0 0 231 0 279 0 208 0 192 0 261 271 142 0 223 252 162 0 115 256 109 127 285 190 192 0 0 0 129 271 0 0 258 256 181 127 0 0 0 0 280 0 0 0 219 150 0 0 142 110 0 0 242 0 196 130 237 0 0 183 0 128 217 0 0 0 0 180 129 266 0 0 0 154 273 0 0 0 0 0 259 116 0 164 301 136 0 0 0 0 0 158 266 154 0 269 290 0 193 217 0 263 0 184 272 161 117 0 0 279 0 192 0 207 0
0 0 0 0 0 0 219 178 0 0 147 121 0 0 165 0 299 266 284 0 0 107 136 104 0 263 117 0 210 281 0 131 275 0 233 0 296 274 107 0 0 131 0 0 146 106 232 238 226 162 0 0 237 136 0 107 0 156 272 194 137 0 0 128 0 0 0 0 163 0 0 107 310 235 188 0 0 243 0 0 145 237 230 0 0 0 0 0 149 0 258 286 0 0 0 179 0 0 233 120 263 0 224 0 139 132 0 132 260 0 233 183 0 0 138 0 131 0 174 237 275 225 168 231 0 0 0 0 200 0 274 0 0 0 0 0 0 0 0 0 0 0 0 0 0 0 0 267 220 0 208 273 151 279 0 186 0 0 275 0 0 253 277 279 0 246 0 0 0 0 0 143 204 0 206 0 0 245 207 0 0 0 0 99 0 0 228 199 232 106 0 0 279 0 126 0 0 0 173 178 0 0 0 0 314 201 0 284 221 0 0 211 240 0 260 274 156 0 0
0 133 0 0 207 135 216 191 0 0 197 148 97 195 179 110 0 205 165 259 0 163 0 0 0 235 0 215 0 270 123 0 0 0 0 0 150 0 188 0 241 255 0 270 235 176 125 128 153 0 153 0 212 0 0 0 142 231 0 0 266 139 0 0 0 154 137 0 229 0 0 0 0 0 121 0 112 0 0 0 287 206 154 122 235 284 268 254 192 0 0 270 0 0 0 0 268 0 0 0 0 0 0 0 0 111 125 0 0 140 128 0 0 122 139 0 282 297 0 0 161 190 300 0 201 114 135 277 0 0 238 108 0 0 0 304 0 195 121 0 0 246 111 153 146 0 202 185 212 285 240 0 0 0 171 0 130 232 245 136 282 168 0 0 203 124 0 266 0 171 237 0 317 161 105 231 235 0 181 0 0 115 157 184 0 0 0 176 191 281 249 212 103 0 118 0 236 121 110 134 233 0 101 168 152 205 0 0 0 0 225 0 0 139 0 252 152 0
0 0 0 0 163 0 237 253 0 0 0 186 177 0 0 264 0 265 104 0 0 0 0 177 217 0 0 168 127 0 0 213 0 237 0 0 154 171 206 0 158 0 0 0 240 204 284 281 128 135 148 0 0 309 112 275 210 0 0 0 261 199 257 182 291 0 0 0 0 0 208 139 0 296 0 222 0 288 0 167 223 124 0 141 102 139 0 224 212 138 0 235 0 0 232 0 0 211 0 0 0 119 220 0 205 115 140 290 0 0 0 0 307 172 239 268 0 230 189 259 0 192 0 0 288 0 0 0 155 289 287 0 297 0 0 0 0 0 0 152 151 136 0 153 0 0 300 0 235 96 0 161 0 194 0 0 0 0 127 0 0 0 220 149 0 255 0 0 254 145 158 138 0 196 229 181 126 0 0 0 133 0 266 0 243 199 0 241 127 0 109 117 202 0 0 185 224 198 191 135 0 0 280 207 0 189 0 0 101 153 136 176 166 0 0 0 0
0 0 0 200 146 0 138 0 0 0 0 0 131 155 0 237 151 0 137 0 0 0 248 0 175 0 289 0 237 279 106 98 109 173 268 0 0 299 134 262 0 293 215 203 0 0 269 0 226 258 0 104 211 208 0 0 210 0 120 0 0 0 250 200 175 0 234 0 0 211 234 150 0 165 143 139 0 180 0 299 112 0 0 292 0 0 0 0 184 212 286 0 0 0 0 0 193 97 184 247 151 149 170 0 0 0 0 134 0 141 206 0 0 0 207 0 121 0 249 0 0 280 0 0 214 0 0 151 0 0 267 298 103 129 222 108 0 0 113 0 0 272 195 214 0 269 234 0 247 0 127 221 182 146 0 0 0 161 0 0 242 0 154 0 0 0 0 0 0 0 0 0 289 0 118 297 0 0 0 263 98 0 259 270 266 0 0 0 0 0 104 0 0 0 0 301 0 142 0 192 0 0 209 146 0 0 0 192 0 0 0 283 223 0 257 0
0 255 0 0 153 0 276 176 228 0 0 0 0 0 201 0 172 265 190 220 0 245 270 0 0 217 0 231 0 159 164 149 0 219 261 111 260 245 149 145 184 0 111 278 0 0 0 252 301 0 105 108 137 144 0 284 0 0 141 0 154 0 162 233 180 231 103 122 199 185 307 233 258 204 0 168 0 0 218 100 0 0 233 154 171 0 158 277 130 0 0 171 192 199 0 191 0 231 183 0 224 0 147 243 165 169 0 0 113 204 0 115 0 193 279 241 226 155 0 0 215 0 143 0 0 245 0 217 0 285 0 158 111 0 187 270 216 0 0 0 0 0 267 0 0 290 0 0 0 0 288 0 164 102 0 159 0 304 137 0 0 0 0 0 0 0 0 231 107 280 0 0 0 179 248 0 248 0 0 246 212 143 0 285 164 178 0 0 0 0 0 0 0 255 110 273 122 259 0 0 288 128 0 302 196 0 127 0 226 0 0 267 125 0 0
0 148 0 188 153 261 0 190 222 104 222 207 209 0 201 265 0 258 0 112 262 0 0 0 0 243 0 165 236 187 0 0 243 0 0 298 241 228 205 247 0 0 251 185 0 265 0 277 292 248 0 0 283 0 303 227 131 0 0 0 205 0 0 0 0 0 121 0 204 226 156 0 0 199 0 0 104 0 0 260 0 234 0 0 0 0 0 0 0 0 311 0 0 0 143 0 0 0 0 142 0 264 241 163 239 0 0 0 102 103 0 219 189 0 253 121 0 0 127 0 0 0 0 192 283 0 0 0 203 0 0 217 140 0 130 128 147 0 0 0 0 0 116 0 254 161 236 0 259 178 272 131 244 0 291 0 175 0 226 144 128 0 125 273 0 0 0 212 0 223 0 0 0 0 216 0 162 110 275 0 131 0 194 126 0 144 278 0 0 0 289 101 260 187 104 160 0 146 297 0 276 102 0 140 199 0 0 261 255 0 170 0 0 0
0 116 250 0 0 0 260 0 0 0 290 269 0 206 0 270 0 0 189 138 0 0 0 0 191 0 0 0 0 0 0 0 253 0 252 0 233 0 135 0 160 0 0 127 0 221 0 317 192 0 145 165 0 0 196 0 276 263 0 0 0 0 173 120 107 0 173 0 111 0 0 0 0 0 129 163 0 0 188 269 0 0 0 227 239 236 179 0 0 0 238 244 137 0 0 134 0 122 0 0 0 271 147 0 155 304 0 0 0 108 229 229 0 0 0 0 271 0 202 197 0 0 211 0 0 304 0 0 0 295 246 0 117 110 0 224 0 0 157 104 0 139 199 189 0 163 0 0 0 0 0 160 0 0 156 0 0 228 0 216 0 296 0 222 0 262 211 0 134 229 0 138 0 0 244 129 190 0 0 129 0 210 0 0 244 182 177 206 295 0 253 119 229 0 0 0 132 104 128 281 0 261 121 0 116 0 217 154 0 115 188 0 0
0 168 287 0 219 0 0 0 0 176 0 235 133 183 0 111 158 235 0 183 200 0 0 0 0 193 288 0 0 0 184 258 145 263 141 0 0 0 0 120 193 149 0 0 0 0 298 237 110 247 135 0 0 0 0 101 0 0 259 0 0 216 110 0 0 278 222 0 0 0 0 0 0 127 0 179 0 0 93 292 0 211 164 158 0 0 295 137 0 0 225 0 0 0 0 285 0 0 0 154 189 217 197 105 0 0 186 133 121 173 171 260 0 125 0 0 0 0 228 0 0 179 0 298 0 174 181 117 0 0 145 0 0 0 0 0 0 0 241 273 0 0 110 122 129 0 280 175 159 0 258 134 0 294 159 107 235 222 0 181 283 0 0 280 0 0 262 196 241 193 121 0 0 0 0 0 0 133 116 0 256 314 0 184 237 159 192 0 0 224 0 208 0 150 278 144 0 177 0 137 0 0 0 294 123 0 0 0 114 0 0 0
0 0 0 0 0 0 0 0 112 0 250 0 152 127 225 0 0 0 0 174 0 129 0 0 143 140 138 0 303 0 179 0 253 128 0 295 0 167 286 0 0 123 186 173 104 0 0 238 0 267 249 0 272 0 166 0 0 0 0 0 185 222 0 0 213 156 145 171 0 0 0 0 155 0 130 161 290 191 137 0 0 0 0 0 0 168 0 143 0 195 0 0 225 0 0 268 135 258 0 0 275 214 0 0 209 258 101 0 0 0 0 0 166 239 193 103 97 157 0 192 0 272 0 0 0 0 0 0 0 0 169 0 0 187 250 0 168 0 0 165 0 0 0 208 221 0 110 282 267 0 107 113 122 0 266 117 0 0 129 0 0 0 0 185 0 281 277 0 0 197 0 0 0 0 275 0 217 0 259 0 0 289 209 0 206 223 0 0 0 280 124 166 279 263 184 284 0 0 200 279 0 124 102 0 0 0 254 215 305 250 0
0 159 0 149 0 156 154 0 0 281 0 0 171 166 0 220 181 0 0 0 0 227 235 0 0 0 267 0 0 221 0 0 0 0 0 279 243 255 115 133 0 113 0 0 157 125 279 281 0 0 248 0 161 295 123 0 0 282 127 247 233 149 0 201 0 199 215 188 0 201 0 0 263 181 168 0 0 0 0 0 225 135 0 0 0 0 163 211 103 0 211 0 0 199 0 228 0 0 288 105 0 0 276 0 286 0 0 138 0 210 0 0 180 0 0 239 0 276 226 0 0 127 181 183 125 0 107 0 0 295 237 139 0 0 0 0 150 109 171 286 0 135 0 0 190 0 0 0 184 0 0 124 118 208 279 241 190 221 0 0 150 127 166 272 0 166 259 285 196 150 189 200 271 266 0 0 116 0 119 0 273 0 181 295 216 282 118 0 104 269 0 0 169 206 0 0 279 188 137 0 0 0 211 0 228 100 170 162 131 0
0 208 0 247 173 128 207 290 228 0 289 154 0 0 252 249 260 137 0 0 162 0 0 260 257 276 150 0 0 204 220 206 0 261 0 214 117 0 271 0 177 0 192 0 0 0 109 286 0 226 0 273 116 0 0 214 294 0 253 0 0 0 280 161 281 232 0 0 257 153 194 0 0 0 305 0 290 282 261 0 0 0 297 292 255 0 224 208 0 0 0 295 0 146 0 0 0 0 0 233 0 285 0 0 126 250 207 108 0 216 267 120 0 0 0 189 0 0 216 0 0 292 0 292 302 281 229 166 245 174 103 252 0 128 0 0 0 0 262 279 0 0 0 268 161 245 0 0 133 0 0 0 106 0 0 0 0 0 310 0 139 144 202 0 0 0 152 0 0 122 100 0 0 0 226 209 0 178 0 141 160 177 125 0 0 0 0 284 0 268 0 0 0 0 0 0 0 0 166 0 188 100 0 152 144 273 0 0 0
0 155 0 0 0 242 0 105 114 0 177 130 131 0 146 0 0 0 0 255 252 173 170 190 0 0 263 0 261 0 142 0 0 186 176 156 300 0 270 269 160 0 179 170 140 173 0 0 103 103 213 222 0 253 0 0 0 239 0 141 272 144 0 146 308 225 0 0 159 0 115 248 0 0 0 0 0 128 0 138 0 118 169 0 256 0 253 0 293 0 145 0 150 229 298 0 289 181 190 0 168 210 0 151 140 0 0 0 217 0 0 107 0 0 278 105 121 185 195 166 0 226 0 143 255 0 197 0 0 169 0 268 0 0 251 0 205 0 259 289 0 0 130 296 263 0 0 165 0 0 152 0 283 120 0 0 0 0 271 227 0 0 106 0 0 261 0 0 163 301 0 0 0 0 0 147 221 0 195 209 0 0 233 0 125 0 277 266 113 102 279 0 208 0 0 238 107 0 0 0 0 0 307 0 192 189 0 0
0 120 99 0 0 175 137 0 309 0 0 0 162 116 190 0 181 165 0 217 284 153 0 0 208 0 0 198 0 199 0 0 289 0 0 300 161 270 0 222 0 0 213 198 248 0 234 160 0 172 0 280 0 103 232 134 273 0 0 268 279 0 0 231 204 0 0 0 164 0 189 265 271 0 0 0 252 131 237 228 0 148 0 215 117 298 0 0 0 268 123 230 293 0 0 270 0 101 0 0 268 0 0 0 0 104 197 198 0 268 0 258 0 199 166 0 0 0 266 261 295 0 157 0 0 115 0 0 0 177 0 0 138 230 0 110 210 0 0 0 219 162 130 0 0 0 0 257 0 193 0 216 165 136 0 0 220 157 0 231 127 0 0 218 0 0 0 239 0 160 142 0 191 0 145 234 0 0 0 212 253 229 0 0 0 102 0 0 242 197 212 215 0 0 130 185 0 0 0 236 0 116 0 184 0 227 0
0 239 0 0 0 260 230 0 110 181 208 183 160 229 0 225 0 153 297 0 229 130 0 0 0 254 0 0 0 237 219 0 0 267 0 310 0 0 172 0 257 123 0 0 132 254 0 138 0 199 0 0 250 0 0 0 114 154 144 0 0 0 0 0 0 0 0 251 0 180 198 112 131 0 0 246 138 115 0 0 0 0 233 0 279 0 0 0 0 215 113 0 302 0 0 152 272 0 262 0 0 100 0 115 106 117 0 259 216 0 124 139 0 0 187 0 0 0 233 0 0 0 281 0 227 0 0 0 188 0 254 0 0 0 230 0 151 264 0 0 0 0 0 263 0 271 297 232 187 229 181 264 0 0 0 0 135 0 211 0 0 0 234 0 205 0 295 0 0 0 102 206 0 0 0 159 0 0 0 0 0 0 115 0 246 123 0 252 293 172 0 201 157 0 0 0 0 146 0 0 297 133 133 147 277 0
0 0 144 174 278 252 0 237 0 0 0 240 0 0 216 0 0 0 191 0 212 0 0 197 0 0 244 170 161 0 176 0 268 0 306 111 0 189 124 229 0 106 232 0 286 242 310 0 0 0 213 151 240 0 155 0 0 0 0 132 287 293 188 0 195 0 0 0 0 0 178 0 103 232 0 189 0 0 207 200 285 281 0 0 210 0 288 0 0 0 305 0 295 0 303 0 0 289 0 0 0 0 0 120 0 205 198 0 0 270 0 125 0 122 0 133 106 0 233 0 0 206 266 0 0 0 138 0 107 0 268 258 169 0 0 286 153 294 0 0 216 253 232 0 251 103 0 110 0 115 220 164 0 0 0 141 158 254 188 251 0 239 0 0 0 264 0 0 0 257 295 0 0 0 0 136 287 0 294 285 0 186 199 0 0 261 0 133 0 183 0 0 204 152 113 149 214 151 151 0 0 220 0 0 0
0 0 165 105 0 0 0 279 0 0 0 0 0 0 151 0 153 249 0 0 0 0 95 0 247 0 232 0 181 310 0 0 215 242 0 170 184 0 0 0 107 0 0 236 224 0 179 0 0 0 0 254 0 0 0 216 202 296 165 283 0 0 0 0 0 0 243 0 0 268 163 0 169 0 266 182 249 0 143 251 249 0 0 0 0 299 262 0 229 0 112 0 205 249 219 0 0 295 0 0 0 238 182 0 115 121 211 0 148 0 116 0 274 0 0 0 297 287 0 0 199 0 0 250 0 0 202 0 233 179 229 100 215 0 161 105 119 277 245 177 0 0 0 119 259 249 0 291 0 276 258 0 0 0 0 0 251 220 0 0 228 0 108 0 0 173 285 0 0 0 114 0 183 216 0 0 0 104 156 0 0 264 176 103 0 295 272 0 228 227 0 0 0 0 255 233 0 0 0 0 0 0 236 0
0 250 0 0 273 0 278 0 0 163 155 241 0 0 0 304 0 0 202 283 274 0 0 0 0 265 197 0 190 151 0 174 157 121 147 130 0 0 144 267 256 181 0 210 161 114 232 119 122 160 171 0 185 122 268 108 0 262 0 275 141 236 0 241 0 287 176 0 223 101 0 182 0 0 130 218 191 159 181 0 0 191 139 163 302 0 0 182 0 156 112 0 0 150 0 0 0 0 0 0 0 259 266 0 0 161 0 265 0 177 266 0 0 210 258 282 280 0 0 151 0 0 262 0 0 0 243 209 0 183 0 161 0 102 212 167 0 0 0 0 0 0 0 0 0 0 104 0 198 121 0 128 0 114 302 197 146 163 0 0 202 0 0 0 0 199 0 228 0 0 0 0 0 254 247 0 0 271 0 0 200 0 110 0 158 200 223 0 109 138 197 198 0 0 222 0 169 212 0 142 203 0 0
0 0 0 141 280 135 0 222 0 0 0 0 0 302 0 0 0 0 0 0 244 0 137 0 183 283 0 131 206 0 228 0 150 0 0 113 0 119 0 0 0 231 209 0 0 178 238 0 153 260 0 294 0 0 241 164 106 191 0 0 0 177 102 0 0 0 0 238 182 0 248 238 271 0 0 0 0 151 0 0 104 229 0 0 207 0 0 0 0 202 0 0 177 0 0 0 0 0 148 0 0 108 210 303 0 0 0 0 109 0 274 0 0 290 0 0 0 0 120 0 191 112 0 0 170 171 182 177 257 0 0 0 0 0 0 100 158 139 206 0 0 0 0 0 0 186 0 0 0 0 0 191 0 143 0 296 288 258 0 134 0 0 0 166 0 0 0 280 221 0 138 203 0 157 196 292 249 0 0 0 0 244 280 155 0 207 194 0 164 211 0 0 216 197 220 107 202 0 0 0 292 0
0 0 0 209 0 191 0 263 129 0 205 204 290 0 0 105 0 127 0 0 207 0 0 124 0 0 191 0 0 0 212 0 167 130 253 0 244 254 0 0 0 214 192 0 0 109 253 92 0 0 0 0 0 0 260 223 292 172 290 0 289 137 189 0 0 0 0 0 115 98 0 0 0 194 286 139 148 0 0 104 187 0 303 249 0 208 171 0 210 0 0 0 108 214 181 0 0 277 239 0 214 0 0 122 187 0 102 0 180 198 221 0 273 0 109 0 146 0 222 170 144 0 0 99 233 0 202 258 0 0 0 211 0 138 242 0 206 0 144 107 0 0 140 0 245 0 222 123 0 0 0 0 0 0 193 186 182 0 0 218 99 0 0 0 233 115 0 279 192 0 0 185 245 0 256 0 0 176 0 0 0 0 145 0 258 233 139 109 275 0 0 165 263 0 0 156 0 0 238 0 0
0 0 244 147 265 0 247 0 0 134 0 303 0 0 0 0 0 189 0 108 145 0 285 144 0 0 0 0 0 0 139 0 107 254 162 0 0 286 0 151 0 0 0 105 0 237 0 267 265 0 256 129 172 0 0 0 180 191 0 0 277 0 0 160 0 0 295 0 0 0 133 280 273 188 154 0 0 0 0 208 0 259 0 147 113 103 162 0 0 0 153 147 211 183 210 0 0 0 114 0 263 0 152 197 0 125 0 0 189 99 0 213 203 279 0 139 278 156 141 139 230 213 0 133 0 283 0 0 0 169 0 106 0 0 290 0 212 301 255 0 293 201 0 0 0 288 301 243 144 0 128 0 0 0 281 0 0 150 0 251 0 0 0 0 176 222 0 255 0 0 0 299 0 165 0 166 178 155 0 0 282 0 0 0 137 279 0 0 0 0 0 211 0 0 160 0 209 112 0 0
0 243 0 0 0 285 0 245 128 253 251 0 140 0 199 106 164 117 160 120 0 0 143 106 0 209 149 126 184 267 133 0 173 198 203 0 249 0 281 107 0 0 0 323 0 0 0 192 0 0 0 158 0 0 0 104 0 177 122 0 224 151 164 184 0 157 275 0 0 211 0 0 0 159 111 278 0 0 0 0 0 101 207 169 0 0 0 189 134 0 0 0 0 236 0 0 307 251 0 0 0 127 226 152 149 0 286 0 0 275 0 228 233 0 0 0 0 129 0 179 120 0 262 0 156 0 164 0 283 0 250 118 107 0 211 233 164 0 0 262 0 0 0 214 0 297 0 116 290 114 0 111 0 283 0 166 227 0 0 204 107 0 217 131 307 0 243 0 0 0 206 0 290 0 180 0 0 0 0 211 0 151 0 100 259 105 0 113 0 0 118 303 233 0 0 0 0 194 0
0 291 195 0 0 0 277 175 0 156 274 0 0 0 0 0 228 0 274 225 0 0 186 0 179 200 0 196 0 151 174 266 0 0 0 153 125 0 0 0 174 0 0 0 199 0 126 0 247 0 104 107 0 132 261 0 271 247 0 136 277 223 0 256 0 254 305 160 0 0 189 0 137 0 0 110 127 200 0 312 257 185 245 220 0 237 199 0 0 196 245 0 0 264 0 107 140 179 0 238 245 0 192 0 0 0 0 0 295 0 163 165 242 0 198 0 273 0 0 0 217 263 150 136 0 129 0 0 0 236 106 308 187 0 138 0 159 124 112 123 266 0 0 172 138 204 291 0 162 0 0 168 120 0 0 290 0 0 178 236 302 178 170 0 0 0 126 0 240 0 0 248 103 0 214 173 209 283 0 0 0 117 158 204 211 223 117 177 126 195 187 162 291 0 0 250 0 0
0 0 222 246 121 287 0 192 211 0 0 244 0 220 267 0 135 0 119 128 241 274 0 235 254 0 0 0 0 107 0 198 0 0 0 235 216 0 0 133 0 0 0 193 0 0 0 0 258 0 270 149 159 261 226 0 0 0 0 143 0 0 0 219 256 0 0 0 0 0 0 232 259 257 212 0 0 141 148 0 0 204 241 116 0 0 189 0 227 0 285 157 0 144 200 0 181 257 221 0 0 0 195 0 168 138 0 180 118 0 0 0 110 0 259 145 128 266 200 220 0 244 0 228 156 0 0 0 173 212 232 161 0 183 0 0 155 0 0 0 131 0 0 0 0 0 0 0 0 221 0 0 0 142 118 200 167 0 226 283 175 223 0 0 0 139 0 0 0 0 125 0 0 0 0 163 0 223 294 131 198 94 199 0 242 0 0 0 0 0 0 122 0 128 224 246 0
0 0 191 218 0 0 0 0 0 112 293 0 95 0 0 0 183 208 0 0 110 302 182 0 136 244 0 217 186 0 0 117 114 247 0 0 146 210 117 0 0 0 284 213 112 0 277 209 0 235 271 178 0 154 0 0 211 0 188 0 206 245 103 156 245 235 0 0 0 0 196 109 0 259 0 0 127 111 0 0 269 0 144 0 178 172 180 253 138 0 0 193 0 198 0 179 154 242 0 214 171 268 272 0 127 123 0 0 249 0 0 0 170 0 103 0 208 204 297 0 0 192 188 0 102 140 0 134 207 183 227 0 140 159 231 0 129 0 234 0 246 227 109 182 149 148 0 0 0 188 100 0 0 227 152 0 0 0 133 138 120 0 196 210 0 0 190 125 120 246 0 0 0 213 0 104 0 136 199 0 123 0 200 0 0 0 0 0 0 0 0 236 155 0 178 0
0 132 228 114 187 260 0 234 0 219 245 129 123 258 0 0 176 0 0 0 252 0 0 0 206 0 0 109 242 300 0 160 0 0 0 0 0 122 113 143 0 146 0 0 0 223 268 257 154 0 0 181 259 0 0 0 223 0 205 0 0 204 267 0 0 214 0 127 261 125 114 193 127 0 0 210 269 299 0 116 221 0 0 0 0 0 0 162 0 258 0 0 0 0 0 0 168 205 0 187 113 287 0 137 227 176 0 253 247 209 251 303 234 255 250 194 253 277 0 0 0 174 0 279 0 0 305 0 0 0 0 0 173 263 150 0 0 259 236 190 248 272 255 103 0 0 234 132 163 130 0 0 280 163 171 0 0 228 0 0 192 0 0 0 127 238 0 0 237 113 0 0 195 0 229 180 259 255 0 102 169 0 0 250 0 0 0 0 0 0 234 0 0 0 0
0 278 104 209 142 318 134 113 234 0 0 282 107 214 0 285 0 268 129 0 209 229 280 172 0 0 0 282 171 0 240 281 284 0 0 0 0 0 0 0 0 0 0 126 0 101 0 0 0 0 258 122 0 198 0 0 299 265 0 106 242 196 283 0 0 0 137 0 101 0 0 0 0 186 0 109 0 256 0 0 138 152 239 0 176 0 167 167 0 148 0 0 283 258 0 223 260 263 205 198 105 206 136 0 133 0 110 0 0 232 165 138 102 292 263 0 0 0 0 0 0 268 165 99 0 0 288 0 186 163 193 206 193 0 0 237 147 0 257 298 0 105 232 0 0 192 283 118 0 0 0 0 160 0 0 168 0 0 0 206 0 0 101 222 0 260 281 0 317 0 0 126 0 0 202 272 181 313 0 183 0 0 253 125 0 0 0 119 0 109 0 0 303 0
0 0 0 0 0 0 137 0 222 164 0 99 0 135 272 135 0 0 199 159 272 254 0 0 0 0 233 169 0 0 271 0 282 0 0 191 0 109 147 0 0 274 0 191 291 0 197 273 0 0 189 123 147 231 0 0 218 0 261 0 261 0 0 0 222 0 165 150 243 0 105 0 0 0 172 0 197 269 0 0 0 0 0 138 183 0 0 0 0 0 285 0 0 295 256 0 130 186 271 0 0 0 108 0 114 0 193 135 0 0 124 206 211 0 0 0 0 241 0 248 0 0 0 232 250 172 0 291 0 0 289 155 0 225 181 0 0 0 0 0 256 183 112 0 140 214 0 254 169 244 171 0 294 0 0 0 0 169 0 0 274 0 0 0 200 102 0 255 0 0 0 189 220 137 0 0 0 122 0 0 154 0 0 0 233 190 0 208 111 0 203 0 0
0 0 280 162 249 0 259 174 0 229 0 272 0 120 0 272 0 0 0 157 0 198 0 172 104 0 0 0 205 181 0 0 139 159 139 0 0 293 253 0 0 245 253 224 0 0 268 278 100 0 0 225 0 149 187 0 154 0 184 0 0 275 0 173 255 311 278 287 263 243 234 0 0 0 0 117 294 120 267 102 0 0 0 0 218 207 0 151 0 199 0 265 0 0 268 0 0 179 283 0 185 113 114 194 0 147 0 147 0 166 0 0 112 181 148 257 197 0 120 165 0 0 0 0 140 122 123 303 0 232 132 0 194 0 0 0 230 106 0 150 0 0 0 265 0 175 256 154 114 0 0 0 196 194 109 0 0 222 0 0 0 134 0 211 0 194 0 290 253 280 0 0 0 262 240 0 0 126 0 102 166 0 0 213 0 116 0 270 0 0 150 0
0 304 0 0 0 0 0 107 0 227 244 0 125 0 0 288 212 112 0 269 179 115 154 0 0 0 156 0 0 0 134 280 227 228 128 0 0 110 281 170 0 123 0 241 0 0 269 0 0 0 233 0 0 195 130 0 0 0 0 260 0 237 97 0 191 0 0 223 304 215 208 267 174 152 0 147 0 261 0 0 228 264 0 0 214 196 0 0 224 134 0 279 138 144 173 0 0 286 0 220 187 173 0 0 0 0 236 0 0 0 283 110 172 0 0 0 143 0 0 127 302 168 291 112 0 230 0 136 148 0 117 0 224 220 190 160 0 191 161 261 266 194 118 262 0 114 0 0 0 0 0 174 0 154 274 165 211 278 0 182 0 0 245 0 109 0 0 0 255 0 0 244 0 0 151 199 139 0 239 0 0 0 0 152 0 0 131 0 0 133 0
0 147 0 0 0 236 95 0 280 0 0 296 0 298 0 0 0 0 0 0 184 0 0 135 0 0 0 0 210 0 193 0 262 0 236 156 256 0 0 257 203 238 0 282 298 0 0 0 257 0 251 159 0 0 257 0 106 0 0 0 217 248 0 0 0 212 112 106 0 235 192 160 0 0 275 0 0 194 0 135 191 0 0 0 0 130 0 147 0 0 146 0 0 0 0 0 234 147 193 177 196 0 173 117 0 243 183 0 0 0 148 0 0 0 233 0 0 151 192 0 0 282 101 0 185 0 0 135 0 309 0 116 290 0 285 0 163 287 0 0 0 222 150 0 0 0 0 174 234 193 121 258 0 0 279 0 197 0 0 223 125 0 0 98 0 0 246 0 249 221 233 0 178 0 0 0 202 0 107 130 199 0 0 142 116 252 154 0 0 0
0 286 134 138 198 0 0 211 0 119 0 0 220 0 0 264 275 180 0 0 255 124 192 231 224 0 0 240 136 138 0 0 0 0 0 0 219 0 292 0 0 248 144 0 264 0 0 194 0 182 119 0 118 0 0 0 196 0 0 196 0 282 221 0 219 177 235 0 0 0 198 139 0 0 0 136 0 0 0 187 0 199 0 268 119 157 0 102 0 0 176 111 0 0 0 0 0 0 277 0 0 0 0 211 0 129 268 0 0 0 0 0 112 0 127 0 0 277 191 0 167 0 0 0 124 192 233 0 0 299 0 0 260 157 290 0 219 204 0 301 0 128 0 0 0 0 145 135 0 0 308 226 203 0 177 0 0 0 196 0 237 0 288 0 0 0 250 0 236 128 0 0 0 0 0 0 0 0 0 0 202 199 190 184 0 221 274 0 0
0 306 0 0 0 241 0 0 0 0 0 0 0 207 0 0 260 0 0 0 0 148 235 201 0 0 0 0 99 202 250 0 182 0 0 287 191 0 0 0 0 156 0 205 127 262 0 0 0 238 233 0 216 124 221 260 190 0 0 0 197 110 281 211 0 0 171 0 273 0 152 0 306 0 161 245 0 119 172 0 212 0 207 0 0 0 183 0 113 291 0 0 153 0 0 212 224 0 0 97 0 0 119 0 227 0 266 0 246 0 0 0 0 141 0 0 0 0 0 253 229 0 133 135 212 178 149 0 177 0 0 0 0 213 0 0 0 0 0 116 119 170 0 0 0 0 112 0 116 0 0 108 0 239 0 214 223 120 229 157 0 0 0 0 0 249 0 251 233 0 0 0 138 0 0 188 0 141 124 270 201 0 0 157 0 151 0 0
0 0 0 239 172 0 218 0 0 0 287 0 0 0 145 190 0 0 0 0 108 132 122 209 217 0 0 0 230 0 240 0 265 244 0 0 0 176 153 222 0 203 0 0 157 244 227 311 162 120 158 0 305 0 0 110 0 0 99 172 0 226 269 0 113 0 267 0 0 0 140 134 159 0 180 195 317 168 184 0 0 277 266 0 0 0 0 215 0 0 232 260 169 0 138 160 297 306 301 0 133 190 0 0 0 0 184 0 276 221 113 0 209 189 0 0 0 0 271 282 0 0 0 0 0 238 100 0 99 0 276 141 250 0 0 0 224 0 203 214 0 279 233 123 132 102 151 294 132 0 0 234 112 0 199 0 0 0 189 0 0 155 153 292 270 115 0 0 214 283 0 0 321 0 125 0 0 0 0 184 155 110 0 0 0 0 0
0 0 0 116 147 176 102 0 0 259 238 0 175 0 291 0 228 0 0 0 0 0 118 249 0 191 249 0 227 226 0 0 0 222 118 0 0 199 239 236 0 163 0 0 0 0 0 0 0 0 0 0 246 179 243 0 274 238 0 314 0 0 0 280 305 214 271 251 269 111 104 0 243 0 260 0 0 0 223 177 277 0 0 0 0 274 0 0 120 134 0 108 0 0 107 0 108 120 0 259 132 0 0 225 306 0 175 0 0 116 0 0 150 107 151 116 0 0 0 0 0 0 293 0 164 0 0 0 161 0 0 158 0 0 0 249 0 172 0 0 0 102 0 0 123 137 287 283 240 288 0 250 0 219 0 193 169 0 0 0 0 0 178 248 202 298 0 210 0 0 0 233 174 124 0 130 0 267 130 0 120 274 0 181 0 0
0 190 0 0 0 0 0 315 0 118 184 0 0 0 0 0 0 99 150 105 163 0 286 141 0 0 0 121 257 127 244 0 161 0 194 0 0 0 135 0 0 0 0 0 109 0 101 0 0 230 236 239 184 194 0 0 193 0 0 105 0 286 186 0 0 215 0 0 180 0 0 0 276 196 220 161 0 278 0 0 0 0 104 0 260 314 241 290 306 232 193 0 134 168 0 0 0 0 249 0 0 0 114 234 238 241 134 0 267 228 0 196 260 149 293 0 292 0 0 0 0 267 0 0 122 0 107 0 106 0 221 172 0 0 224 0 0 0 258 149 0 275 104 177 0 146 0 296 190 146 0 0 0 186 271 149 249 0 0 0 244 0 0 293 107 0 0 145 283 271 0 0 0 0 0 138 100 248 0 107 0 120 0 101 0
0 126 105 111 293 186 220 291 0 145 0 216 228 124 170 0 0 145 152 226 133 122 317 122 252 234 178 299 226 262 0 240 179 0 158 0 228 137 0 264 163 162 120 0 253 189 0 113 181 202 128 0 0 0 266 228 134 0 219 0 0 240 159 0 0 0 166 0 268 0 0 0 0 0 0 122 150 211 0 0 0 173 0 0 242 0 0 229 0 0 0 0 0 0 0 281 0 298 0 0 0 171 194 127 0 183 0 192 171 223 0 0 0 0 189 0 0 0 252 0 0 247 274 0 236 146 151 0 112 0 0 0 192 204 168 0 116 216 231 134 210 0 182 0 0 139 96 181 114 254 0 269 141 195 185 0 0 0 252 202 141 0 0 286 0 0 0 141 305 0 106 0 237 0 152 180 0 120 0 195 136 246 158 0
0 133 0 124 0 0 298 192 0 101 148 0 281 301 265 0 123 230 108 262 202 290 0 0 0 0 124 0 0 109 158 0 0 0 0 252 0 0 250 0 135 182 187 0 190 141 220 183 259 250 249 110 185 141 0 0 0 0 0 0 0 235 106 258 242 141 0 137 134 0 0 0 141 0 0 125 196 0 0 247 253 315 220 105 210 186 119 146 0 0 167 0 0 133 247 249 0 260 177 0 192 0 0 228 0 209 0 0 0 0 106 0 0 260 0 219 0 0 0 222 109 279 0 0 0 116 181 148 221 127 0 111 0 0 213 177 0 296 0 292 0 292 0 0 193 207 225 0 0 161 0 255 0 0 210 0 0 0 274 227 132 0 0 0 181 149 177 0 0 264 288 0 0 191 102 148 209 0 162 207 164 175 0
0 0 255 139 182 249 0 105 0 0 0 152 0 0 0 0 288 174 0 239 0 0 0 0 201 116 117 195 295 0 197 256 186 253 282 0 184 183 0 288 0 251 225 148 0 170 0 167 0 321 0 115 0 0 240 187 0 176 247 0 247 168 112 0 0 0 110 0 0 153 185 202 0 224 106 0 0 184 0 0 178 0 246 0 0 225 195 247 0 0 0 169 0 0 0 219 282 0 0 0 0 166 0 250 0 220 219 266 0 287 180 232 297 203 153 0 224 275 0 0 0 0 178 0 0 0 299 204 0 0 204 0 0 0 0 0 218 0 216 178 286 0 0 0 137 0 0 188 0 142 139 312 104 0 214 118 0 226 0 0 246 178 214 0 0 0 172 304 164 154 0 0 0 224 104 168 0 134 211 174 278 0
0 0 0 250 203 0 200 0 0 292 294 283 0 267 0 0 0 0 0 0 224 145 282 211 178 0 173 155 146 196 131 0 0 283 160 0 135 0 0 168 263 275 0 0 0 0 235 0 141 0 0 0 154 0 0 0 0 0 165 0 220 148 0 214 264 281 245 133 234 0 0 0 289 145 164 0 0 0 232 199 0 0 153 121 212 309 164 0 0 0 175 0 261 0 0 0 179 0 252 0 165 0 0 0 250 271 0 115 0 207 0 0 0 0 0 0 0 144 324 0 251 0 0 0 0 0 0 276 0 0 0 0 0 184 0 0 288 0 220 0 158 159 110 0 220 0 214 0 215 266 0 166 0 299 289 238 0 230 0 179 0 102 268 0 131 181 259 0 0 0 169 130 0 160 0 181 274 0 0 274 0
0 0 156 0 0 157 0 103 0 283 0 0 174 0 130 0 0 0 0 143 134 131 241 203 0 0 192 0 138 0 0 294 216 0 0 0 0 0 0 0 265 114 284 225 0 133 0 0 119 0 0 0 175 0 0 0 253 246 143 0 0 174 119 163 0 249 271 0 273 132 223 0 0 0 243 0 187 153 272 216 255 0 0 185 231 0 223 0 244 0 0 145 121 0 117 228 0 0 0 0 0 0 0 0 0 206 0 0 0 146 0 0 0 0 106 179 0 0 0 0 0 0 0 0 278 0 200 0 296 0 197 241 0 269 0 280 0 164 0 0 0 0 266 269 0 281 152 260 268 0 224 0 121 0 285 0 162 0 151 0 0 0 252 0 244 0 0 192 140 0 243 275 0 232 0 0 0 0 125 0
0 0 291 0 0 0 0 0 0 122 286 0 0 116 115 141 198 222 108 116 0 207 258 0 0 134 229 210 248 0 292 223 0 0 167 147 176 0 0 152 0 0 152 0 170 0 0 107 142 196 0 222 153 128 240 0 228 0 0 119 291 227 0 245 0 0 183 116 0 253 126 0 124 103 0 286 0 0 207 0 102 280 163 173 0 0 0 181 298 0 210 0 125 0 163 155 0 0 154 110 117 157 0 0 0 278 0 0 295 265 179 162 131 0 0 0 178 301 169 132 116 135 202 0 0 125 266 220 234 146 157 296 191 231 213 93 0 120 249 211 207 188 0 129 0 0 282 109 258 0 0 262 175 127 100 127 267 0 146 0 130 122 0 0 231 0 0 232 0 0 0 203 187 120 0 0 0 0 0
0 116 0 0 118 237 0 0 0 210 0 0 0 0 293 166 210 205 0 123 173 0 0 0 0 0 0 0 0 161 168 0 233 200 143 0 0 163 163 0 0 140 0 0 155 0 0 0 276 0 253 0 151 0 138 225 205 0 0 186 189 0 164 0 145 140 103 0 0 0 136 0 0 0 0 0 0 0 167 0 309 263 286 223 260 164 186 0 0 0 274 150 0 104 270 234 147 115 216 114 207 106 283 145 0 0 0 0 266 97 107 0 0 0 0 0 0 0 0 0 259 0 266 231 249 0 214 230 269 170 179 0 0 0 0 267 142 0 257 0 177 105 177 0 248 210 269 0 158 0 0 0 204 274 0 0 192 0 0 130 0 0 249 0 234 0 122 206 206 0 0 263 124 0 229 316 253 0
0 0 0 173 0 0 247 0 0 0 244 0 225 0 113 138 213 0 0 0 0 0 0 191 0 0 243 251 0 201 0 0 250 161 302 0 167 267 206 227 138 208 257 0 0 0 0 0 0 0 224 162 288 228 0 267 184 138 162 193 0 154 230 195 202 198 194 0 0 0 124 0 0 161 0 0 0 142 0 0 0 0 0 188 267 0 208 0 0 143 293 135 0 112 0 126 0 0 0 0 0 177 219 246 166 0 197 228 216 230 0 135 162 202 95 142 0 164 0 0 0 0 0 0 177 0 0 107 176 0 0 233 164 291 0 158 143 187 107 112 246 0 201 0 150 240 0 141 0 144 0 0 0 0 118 287 152 0 0 0 268 208 133 155 0 197 0 174 0 0 0 0 204 0 0 0 0
0 231 0 0 146 93 292 192 0 120 0 0 0 0 0 0 0 0 0 0 0 0 0 302 225 243 108 0 0 219 0 145 0 151 0 0 132 245 142 0 0 228 0 0 206 0 0 248 0 156 183 0 231 0 0 272 0 0 208 269 141 0 164 0 0 0 0 278 0 246 0 193 0 195 0 0 0 0 223 164 0 160 140 0 0 0 269 0 0 153 0 0 0 0 281 0 223 0 221 209 140 0 0 281 0 126 162 0 0 0 0 164 0 0 208 271 0 0 123 115 0 123 0 264 99 0 0 102 0 115 120 0 164 115 134 0 194 0 0 0 0 226 0 0 123 0 143 0 184 112 196 0 0 0 177 108 243 0 0 0 132 166 0 0 0 145 314 184 0 135 219 285 187 212 0 0
0 0 0 0 0 0 286 270 297 244 0 0 0 0 172 0 0 206 186 0 162 0 288 0 266 261 310 0 141 174 0 0 265 0 211 247 132 309 268 281 160 0 186 147 131 220 0 258 115 0 266 179 156 0 0 0 0 0 0 0 0 277 0 201 0 298 290 0 175 0 0 107 0 210 147 0 128 0 0 0 0 149 124 158 190 0 0 254 0 0 0 0 0 166 0 161 0 0 0 0 0 243 0 167 148 112 0 244 184 180 0 277 151 218 203 0 0 159 0 291 121 0 0 0 223 0 126 251 0 265 127 143 282 0 0 188 0 0 117 212 0 0 0 113 0 178 218 242 0 0 263 119 102 0 0 234 0 0 0 0 0 0 0 224 152 201 285 169 0 118 0 0 188 0 0
0 0 0 0 0 157 0 203 290 0 0 0 137 0 106 194 0 0 144 0 221 106 0 240 108 311 0 0 103 288 0 300 277 178 0 176 0 0 0 205 275 230 0 147 216 0 153 177 178 0 0 0 278 125 147 0 229 0 0 192 0 0 236 0 128 0 0 111 182 0 276 126 0 240 210 131 211 0 0 0 0 0 260 164 0 154 0 0 171 156 104 0 292 132 0 297 301 0 0 183 286 171 149 0 0 113 0 0 0 0 272 195 0 0 0 266 0 0 104 115 0 206 260 0 264 0 162 0 0 237 183 0 272 103 134 0 0 0 197 172 0 282 0 0 0 211 200 0 0 0 0 157 0 0 0 0 0 118 0 236 0 0 193 114 0 254 252 0 201 0 0 161 130 0
0 197 221 160 203 112 0 282 0 236 277 0 114 0 221 119 0 0 141 270 0 0 157 0 0 0 0 0 0 295 217 295 0 0 0 0 215 0 176 171 107 260 102 0 0 120 109 171 135 0 0 105 216 0 0 0 0 0 0 0 145 231 0 104 0 126 0 0 0 215 0 0 112 126 0 110 228 0 0 0 255 177 226 0 0 205 184 0 270 0 299 0 113 140 107 237 0 0 254 0 239 0 0 277 276 0 148 0 0 0 231 0 302 298 0 0 269 136 0 270 236 0 119 219 0 0 187 264 111 171 254 0 0 194 0 0 0 113 0 0 0 0 263 211 196 0 0 165 252 145 0 173 184 100 103 218 0 170 0 0 0 218 0 0 272 116 0 237 0 118 0 0 0
0 0 0 0 177 255 174 257 132 0 0 0 0 209 185 245 186 0 0 174 270 116 106 0 0 254 236 183 0 0 0 254 254 268 0 210 190 0 161 190 0 188 0 0 133 0 0 234 0 0 0 261 0 0 140 171 0 0 210 265 0 0 195 0 0 231 0 210 0 0 0 0 179 115 179 200 161 0 0 287 0 0 110 0 0 230 0 282 109 220 226 0 118 0 204 125 130 0 0 0 0 161 0 219 0 118 216 0 276 0 0 0 0 226 0 0 161 0 0 0 289 0 0 0 0 0 145 0 0 148 206 0 0 0 180 247 136 0 0 109 123 0 167 0 230 0 175 207 0 174 116 129 0 266 0 0 238 147 150 247 126 261 140 222 0 176 0 180 0 0 284 0
0 0 298 146 0 0 233 188 239 295 225 0 0 171 0 0 0 0 0 0 0 0 0 292 0 0 0 0 146 267 100 0 213 0 0 231 202 236 0 0 153 119 0 0 0 0 263 182 123 235 0 108 0 0 290 0 0 303 0 0 175 0 0 272 290 0 249 103 149 0 187 174 132 182 0 0 225 156 0 0 213 192 253 0 163 0 0 0 0 0 156 205 199 303 0 166 0 290 0 0 144 0 138 131 0 0 279 0 168 278 168 0 199 0 282 0 0 238 0 0 0 170 103 0 232 0 0 0 0 240 195 0 0 0 191 0 185 0 172 0 184 0 0 131 0 135 169 178 0 0 0 0 0 220 276 0 0 203 0 266 0 244 0 228 180 0 162 183 0 0 0
0 229 0 0 0 268 0 275 212 0 189 0 193 118 0 134 160 0 168 222 0 0 119 0 0 294 0 211 247 0 0 0 0 231 0 0 0 92 0 0 0 0 0 0 0 0 128 0 0 192 189 0 0 0 0 0 0 295 0 198 0 0 0 284 209 0 196 0 0 0 121 213 144 190 248 0 303 0 0 0 250 189 0 0 206 0 294 0 277 248 0 179 0 0 0 171 0 167 244 294 0 0 172 144 228 0 0 0 0 0 124 268 237 172 0 0 0 0 0 156 0 0 0 0 279 227 0 308 291 179 269 0 152 0 0 0 0 0 126 0 0 0 0 0 0 164 0 0 0 0 149 0 0 266 129 0 0 147 143 265 0 0 0 0 216 0 294 0 0 0
0 159 0 0 165 164 292 0 115 250 0 0 173 181 171 200 0 0 175 188 0 104 263 0 0 199 0 144 150 0 118 0 0 123 0 0 0 284 227 0 0 200 286 195 0 246 0 0 0 0 136 0 0 112 0 0 0 0 0 0 177 0 94 179 237 180 0 201 273 0 0 0 186 0 0 222 0 0 132 0 145 0 0 0 0 0 111 153 0 0 165 0 146 120 160 250 0 0 254 132 307 174 0 0 0 170 198 0 113 187 137 0 0 0 252 0 0 241 261 170 0 0 0 0 0 117 0 0 0 178 0 0 267 134 265 271 173 122 287 0 177 0 161 269 0 0 242 0 0 0 142 96 0 231 208 141 285 0 0 208 0 0 0 238 0 150 178 121 0
0 289 0 247 0 0 0 191 235 0 0 0 0 200 125 0 0 183 187 0 228 280 107 0 228 246 238 0 178 252 0 0 0 221 100 216 174 254 0 174 229 0 207 0 292 0 114 222 125 256 0 0 297 0 0 214 0 0 148 0 252 257 0 134 302 0 0 0 0 251 138 256 0 0 226 245 210 228 0 0 284 0 0 0 0 256 0 0 178 226 239 241 204 0 215 0 145 207 238 152 0 302 0 0 0 309 0 300 182 0 0 191 278 203 175 219 200 0 0 179 0 0 0 0 0 0 0 0 245 278 0 299 0 0 161 0 165 134 183 0 261 185 0 170 0 217 0 130 0 289 0 0 181 176 0 269 138 160 0 102 254 181 147 269 269 0 0 0
0 204 216 0 167 0 0 0 224 162 0 0 0 0 149 0 303 0 0 276 106 173 0 101 156 218 0 224 214 0 248 209 152 181 205 235 0 0 0 182 261 273 261 212 207 255 139 0 205 275 0 0 0 0 0 0 167 247 0 0 0 0 136 175 0 0 199 285 159 254 0 112 110 0 110 0 0 0 0 189 0 128 121 0 0 0 0 220 185 200 222 109 0 199 0 207 0 0 151 188 0 162 147 101 226 0 0 0 259 0 193 0 0 249 0 0 120 212 186 167 169 303 264 305 0 134 190 219 148 218 0 131 0 134 0 0 0 170 145 0 0 194 296 186 0 185 0 119 0 0 224 169 174 0 136 235 0 134 214 0 0 0 0 0 0 193 0
0 162 238 0 159 0 210 217 0 115 0 178 0 150 0 190 0 238 108 178 0 134 0 195 0 0 262 0 113 0 0 267 0 268 135 0 0 0 0 105 254 0 0 172 0 0 0 0 0 0 0 106 0 0 274 0 143 0 118 0 0 0 197 0 116 171 212 0 0 283 286 0 158 0 0 245 135 309 278 126 0 0 0 0 257 0 210 0 147 0 171 0 0 131 124 280 0 306 155 0 0 219 174 0 0 228 0 0 273 103 0 0 0 269 115 0 0 0 241 185 128 95 123 158 0 236 183 160 179 0 173 0 271 0 186 139 102 0 285 189 0 0 295 0 0 147 270 258 0 0 0 0 204 283 217 0 180 0 254 0 0 0 113 291 278 0
0 0 172 0 0 0 264 182 0 160 0 0 0 234 244 276 0 318 272 0 237 0 0 266 0 245 0 190 262 0 219 189 0 207 0 0 227 0 244 230 0 218 304 251 253 140 0 240 154 188 0 0 150 151 117 0 0 0 0 0 285 0 0 0 261 0 284 207 236 135 220 0 196 173 206 186 0 212 296 0 0 0 0 177 264 0 0 106 0 190 0 306 0 237 268 118 0 269 0 216 0 134 119 0 286 221 0 117 302 280 0 0 227 163 234 240 201 157 0 126 157 0 0 0 0 0 204 108 229 0 0 0 0 226 0 0 162 145 244 0 0 183 116 193 251 283 172 0 105 317 237 222 208 279 0 127 0 0 281 0 154 234 0 0 0
0 0 0 152 155 200 0 192 261 0 0 302 157 302 212 214 158 0 153 234 262 0 0 322 147 138 0 161 167 0 0 0 291 0 0 0 151 161 192 0 0 0 0 147 0 0 0 122 242 198 0 0 0 113 102 0 187 283 140 114 279 0 133 195 0 0 0 0 0 103 0 0 0 0 0 0 0 0 0 0 171 0 270 277 207 0 238 111 190 0 0 189 170 169 0 109 205 0 0 157 253 136 112 0 0 290 0 0 282 0 0 0 112 0 300 118 237 0 0 0 0 130 0 104 0 285 0 296 294 169 0 0 0 0 0 0 0 162 221 275 0 0 129 168 144 169 196 95 0 0 0 170 0 151 0 0 109 0 0 0 123 0 152 0
0 0 0 216 183 180 0 205 0 220 136 0 0 139 0 0 210 0 0 156 0 0 0 198 249 0 0 146 184 0 140 235 0 191 214 0 0 0 0 0 0 0 0 0 0 0 0 219 236 0 0 129 0 170 0 203 0 0 0 0 0 0 0 0 0 0 222 0 0 259 0 0 0 0 208 0 0 173 0 168 0 148 0 0 173 0 0 146 153 159 0 0 218 0 249 0 0 0 0 170 312 0 283 133 187 0 0 0 251 244 168 0 254 0 140 0 0 0 114 181 288 0 0 0 234 0 0 0 110 177 0 0 0 0 0 0 199 275 182 0 0 158 0 221 0 208 213 276 0 105 0 293 234 101 0 0 218 0 0 0 0 249 0
0 228 143 0 233 129 0 243 215 130 0 229 110 282 0 137 195 155 0 0 0 136 0 0 116 0 199 0 0 104 0 277 301 0 207 293 207 210 0 225 134 0 0 182 0 97 0 175 202 179 149 153 0 112 0 226 259 188 0 317 286 224 0 260 0 0 268 170 0 0 217 0 0 0 0 0 0 223 260 108 306 122 0 251 0 172 0 135 0 143 146 0 258 0 307 248 0 0 232 0 167 115 0 187 233 101 101 220 0 241 117 166 234 0 110 283 177 109 111 0 0 107 271 170 0 198 233 0 113 0 252 0 0 0 317 0 135 286 0 296 0 151 264 0 129 0 0 162 109 0 235 0 161 268 0 162 0 106 0 194 224 0
0 259 171 123 172 159 294 0 177 0 194 296 0 183 173 181 0 144 127 96 0 187 276 0 0 0 175 169 233 219 137 0 276 215 100 241 0 258 0 282 0 214 260 0 136 140 152 0 176 130 156 0 0 0 129 156 260 258 192 110 121 296 169 282 0 0 162 0 236 0 0 0 0 0 219 0 236 239 225 0 0 0 0 0 205 0 176 233 171 0 267 0 0 0 242 281 0 124 281 186 0 243 0 214 0 0 193 0 0 120 0 0 0 119 247 184 0 222 157 0 0 247 0 0 112 0 151 235 247 279 0 0 114 0 0 0 247 0 0 111 0 0 239 0 99 0 0 0 186 230 0 0 0 0 0 0 238 160 0 0 0
0 116 147 146 183 0 0 0 0 139 0 219 206 207 0 0 115 257 292 193 0 275 200 177 110 0 103 262 0 230 104 172 0 0 0 102 0 0 106 105 0 0 173 148 0 211 210 186 297 267 129 308 215 0 286 277 0 103 0 0 182 0 239 0 0 199 168 129 0 255 0 0 0 0 288 0 0 0 208 0 0 0 0 244 0 0 103 154 233 0 198 0 0 0 275 0 150 193 0 188 147 0 257 129 259 0 148 0 0 116 0 213 0 234 0 0 285 0 214 216 0 0 0 118 211 295 0 285 187 0 245 0 0 0 0 0 104 0 144 274 0 230 267 0 136 0 0 0 0 0 0 0 0 152 0 0 212 0 0 0
0 0 161 0 241 224 0 270 0 0 252 159 0 0 0 228 0 0 0 111 0 173 0 150 0 0 0 0 179 126 0 0 161 0 169 0 211 200 150 139 195 0 165 0 186 0 172 155 157 0 0 153 195 279 0 0 0 0 274 112 0 228 154 219 117 194 103 0 271 173 168 214 0 0 0 123 0 278 116 99 0 172 107 265 268 275 0 182 115 0 258 0 280 0 98 0 0 0 157 265 294 0 0 127 196 0 0 0 145 167 203 0 139 0 275 0 238 0 0 0 295 0 110 0 0 107 0 197 0 0 0 0 0 187 186 0 0 0 0 112 290 0 182 0 0 0 162 0 214 0 172 0 175 270 267 0 0 0 0
0 0 128 0 152 219 0 196 273 0 226 0 0 0 325 0 0 0 0 227 0 0 0 0 0 0 225 122 0 0 0 0 262 0 0 160 118 0 163 275 0 0 0 0 244 0 0 0 130 234 226 161 294 0 0 0 0 0 201 0 0 208 204 0 235 0 160 155 192 0 0 0 0 221 194 0 294 244 0 186 0 0 138 0 187 0 187 0 171 158 255 0 0 182 126 0 222 226 276 0 187 0 174 0 96 0 131 0 0 276 0 143 232 164 0 0 0 151 225 0 146 220 279 0 0 0 296 102 0 0 220 0 290 0 104 0 230 0 0 0 0 117 159 240 0 0 264 107 298 0 0 0 0 195 125 105 0 0
0 0 0 281 0 0 154 0 0 196 0 201 0 0 194 112 283 0 0 219 168 0 96 201 113 175 0 294 134 249 218 0 0 209 0 0 0 116 140 155 99 148 0 105 0 0 211 197 0 212 0 0 0 0 0 123 143 177 109 0 114 0 0 213 0 143 144 0 0 278 0 0 139 0 261 135 0 279 0 147 270 0 0 294 0 0 0 0 0 0 263 191 150 0 0 0 273 0 0 0 219 276 0 200 0 182 0 0 261 252 0 0 274 0 150 271 244 221 117 281 149 239 157 104 109 126 244 310 208 144 144 0 122 218 291 0 0 0 0 181 110 0 276 106 0 0 217 264 0 0 0 193 209 0 247 0 0
0 178 0 0 0 222 205 283 0 0 0 208 254 174 0 143 0 246 0 0 0 173 0 231 0 0 0 106 168 0 136 0 0 116 147 0 0 264 0 234 209 0 202 223 0 159 0 0 0 0 0 285 0 0 154 0 249 0 233 256 106 230 0 252 251 0 221 0 0 0 0 0 312 0 120 257 114 0 171 0 0 188 0 0 0 0 118 0 0 0 0 0 147 197 0 0 0 257 0 112 275 293 147 279 0 284 0 216 0 251 250 0 247 238 0 210 218 181 0 135 181 110 195 0 0 0 118 0 0 123 0 164 0 0 186 0 200 0 207 170 185 216 0 107 0 141 245 255 0 159 210 0 0 253 0 0
0 0 0 0 100 114 0 0 241 209 206 0 0 0 157 107 0 0 0 0 0 0 184 192 117 165 0 191 234 189 0 0 0 270 215 0 0 196 0 168 129 114 0 0 0 0 141 0 276 0 0 0 197 124 0 159 148 0 0 220 222 0 143 132 197 109 120 267 0 0 0 280 161 0 260 0 0 0 0 0 0 262 198 184 0 0 0 0 0 153 0 0 0 0 0 0 123 0 0 0 121 0 146 0 0 0 0 120 0 232 0 169 0 0 224 288 0 0 0 0 251 264 225 209 0 126 0 192 0 0 151 0 227 0 0 0 0 253 144 0 0 0 282 0 0 0 0 169 0 0 197 164 163 0 0
0 157 0 291 287 0 122 0 229 0 240 0 101 195 0 287 167 0 268 0 0 217 259 128 0 205 0 145 0 0 0 0 0 218 175 143 111 0 109 0 160 222 0 0 124 257 0 273 235 0 243 0 215 0 0 0 255 0 194 239 175 0 0 118 0 180 0 0 160 0 275 169 0 0 0 0 279 202 307 273 193 0 0 166 118 304 0 197 0 155 0 0 0 200 114 172 275 228 0 291 152 0 277 163 0 0 259 0 165 246 166 0 243 0 159 0 226 0 0 213 0 112 0 0 0 0 0 216 197 0 0 131 0 161 237 249 196 0 0 0 0 271 0 99 304 0 0 0 0 233 0 0 218 0
0 0 0 0 0 128 0 0 0 207 0 298 0 0 202 0 235 0 0 0 0 183 139 121 100 171 0 243 132 0 0 157 220 240 0 0 0 290 266 201 0 167 153 0 299 0 280 0 0 207 292 0 0 0 117 0 0 183 0 0 152 0 135 250 230 0 172 242 216 187 223 265 149 300 0 196 175 126 125 246 231 0 146 231 0 146 0 0 290 184 111 0 0 0 0 257 0 0 218 161 288 143 214 137 0 113 240 0 0 208 314 0 0 0 283 0 0 208 0 234 173 0 116 0 0 0 0 252 0 0 0 269 0 119 0 188 0 160 267 284 243 0 0 0 0 141 109 0 261 123 281 0 0
0 101 0 302 0 211 263 0 165 133 0 106 0 0 210 0 0 0 105 195 0 0 0 0 195 241 0 157 0 194 295 0 114 0 120 209 123 0 112 102 0 0 0 0 0 0 0 0 0 0 0 0 0 0 0 235 0 147 258 286 0 0 297 289 0 0 0 240 0 0 151 0 0 0 0 0 0 0 0 225 198 229 241 134 0 236 145 244 0 0 0 0 167 178 189 139 0 0 0 111 155 270 134 281 0 166 0 198 197 0 276 0 0 167 237 169 0 251 267 0 0 118 0 0 0 0 0 0 0 288 0 136 0 280 158 211 217 0 220 0 0 0 0 101 0 241 0 297 103 0 0 0
0 287 0 157 182 0 0 0 0 250 264 135 0 296 223 278 0 0 0 0 135 0 219 0 140 244 98 0 0 211 0 190 186 242 138 153 151 0 141 0 273 218 0 0 196 0 254 164 196 0 0 0 283 216 141 242 0 0 167 221 0 0 0 0 262 0 0 0 95 259 289 0 0 248 0 0 0 127 0 0 130 0 0 109 0 0 278 0 0 212 263 0 0 203 205 0 295 0 0 0 127 212 160 274 0 0 208 121 150 0 233 205 0 140 0 0 0 0 0 0 0 113 0 0 272 0 222 0 147 213 0 104 199 228 0 0 0 234 0 0 0 236 286 106 129 235 0 0 0 0 0
0 0 100 165 0 0 267 285 0 0 209 0 0 214 253 217 0 116 282 166 0 0 115 0 0 133 138 108 0 0 0 0 0 0 278 248 168 147 104 0 0 0 279 137 0 0 254 159 0 250 0 0 249 274 231 0 0 0 0 244 125 272 0 261 172 277 256 276 0 0 215 0 107 145 0 0 206 0 218 0 176 0 260 276 0 0 0 0 0 0 0 0 0 0 261 0 184 0 0 0 226 120 0 0 0 0 0 0 202 0 186 0 212 224 0 0 104 106 202 0 182 0 189 283 184 117 164 0 0 0 232 184 0 0 157 198 0 0 265 235 293 278 168 277 0 247 0 0 286 0
0 160 221 251 0 0 0 0 265 256 183 0 154 147 293 116 131 0 164 0 175 215 0 180 130 104 215 0 287 109 280 292 0 170 112 0 159 0 0 0 292 0 99 0 189 0 225 266 0 250 0 0 116 0 0 148 282 129 0 0 0 238 232 0 0 206 0 0 142 0 253 175 283 157 276 195 251 161 0 249 0 0 219 178 209 256 0 250 0 268 222 0 0 248 0 0 0 134 0 0 150 0 244 0 0 0 0 119 0 134 197 0 0 0 0 0 133 173 0 154 179 0 255 162 0 221 0 166 0 0 119 215 0 0 0 121 146 0 213 126 0 0 0 207 201 265 0 291 0
0 157 131 0 262 0 0 0 109 0 0 0 269 0 0 0 0 126 259 260 242 146 249 0 0 0 248 185 0 0 0 0 270 0 0 123 0 109 0 147 108 259 0 286 246 132 148 256 0 124 189 0 112 142 207 0 0 0 0 0 0 221 0 118 0 0 0 196 0 0 0 0 0 211 0 0 178 0 0 0 120 135 0 0 0 0 251 0 0 0 0 204 0 166 0 174 0 147 0 0 0 104 147 0 0 190 200 0 241 0 0 0 148 0 0 0 0 268 0 316 0 102 201 204 0 0 175 0 0 165 142 0 249 0 0 159 295 0 0 225 0 179 0 131 262 128 0 0
0 243 0 0 0 0 171 102 0 0 0 0 136 116 0 281 0 0 174 111 207 134 0 0 128 228 295 0 268 0 0 233 0 0 0 221 190 0 182 0 0 137 0 262 112 0 186 197 0 0 304 0 0 0 0 164 0 249 0 0 113 232 149 0 0 179 98 193 199 130 0 214 216 294 247 0 243 290 0 133 0 0 160 0 136 0 0 0 0 212 152 223 214 114 0 235 281 0 0 0 0 0 0 0 0 233 154 272 213 0 0 212 0 216 176 177 188 0 0 223 163 152 207 0 294 0 0 0 0 0 0 0 139 0 0 127 0 0 0 0 0 0 0 0 270 273 0
0 0 308 0 218 0 0 150 227 0 0 290 0 0 0 0 0 210 132 0 204 264 262 158 0 278 197 0 0 235 274 0 0 0 211 199 0 173 0 0 0 121 257 250 187 0 249 0 186 101 146 275 0 0 0 0 0 243 207 228 0 123 175 0 0 310 0 0 266 0 0 0 101 0 0 0 0 0 0 0 0 0 296 0 247 287 0 0 240 234 179 0 0 109 288 0 243 243 0 0 101 0 0 204 244 123 0 0 275 200 122 0 262 0 0 104 188 208 0 0 142 0 0 0 0 168 0 0 108 161 206 194 245 0 259 0 0 0 0 209 262 278 0 0 0 0
0 190 277 195 284 0 185 0 280 0 0 0 0 235 270 283 0 0 0 0 0 260 0 153 214 0 128 200 141 247 0 0 0 284 278 0 249 223 210 302 0 165 0 262 0 0 0 0 0 0 251 110 175 189 133 0 258 257 125 242 184 284 172 153 216 167 197 0 0 0 173 0 0 267 263 172 151 0 0 0 260 182 279 0 0 198 0 0 0 215 0 0 257 272 213 0 130 0 203 175 0 0 0 0 193 305 0 213 229 0 0 0 0 0 0 0 0 255 0 171 247 177 0 0 0 197 151 0 0 224 197 260 0 0 143 171 0 0 156 0 0 0 0 0 0
0 0 288 146 0 194 192 166 0 209 301 0 228 0 0 283 301 280 147 0 208 251 204 283 207 243 0 0 0 117 0 162 129 0 130 0 229 107 238 153 0 127 191 0 161 125 0 0 0 0 206 0 154 118 110 0 0 0 0 0 256 0 0 0 0 264 0 0 0 0 0 0 0 0 159 0 210 145 282 175 0 120 0 195 256 0 165 0 143 0 120 0 0 0 200 221 0 121 0 246 313 162 134 0 0 225 274 0 0 0 0 153 175 214 115 229 109 0 0 0 0 0 0 0 0 97 270 0 234 232 0 0 275 0 0 276 0 0 0 0 196 0 309 0
0 0 124 0 0 0 124 0 0 164 181 122 0 222 254 0 110 276 227 217 206 256 0 178 157 0 199 0 192 0 232 225 194 186 0 0 0 0 149 194 0 0 0 0 0 0 0 176 178 134 289 206 289 214 0 0 283 251 152 0 192 0 186 0 0 118 283 156 0 0 0 156 0 0 121 234 211 201 0 0 318 185 0 186 0 0 221 0 0 0 0 208 205 181 108 0 0 157 160 0 0 275 0 0 256 240 270 244 201 150 0 251 0 171 0 165 0 150 268 0 0 251 0 301 264 124 0 0 0 0 0 0 123 0 0 157 156 0 255 0 193 127 0
0 264 0 146 0 189 0 258 0 210 175 244 0 109 0 0 185 0 287 288 189 290 0 154 0 0 230 0 115 211 0 0 212 208 136 240 0 0 198 202 269 228 0 223 0 201 279 0 0 0 0 111 263 215 110 0 282 0 0 0 246 0 258 0 139 0 0 0 254 263 233 243 0 201 127 247 0 0 0 0 210 126 0 246 0 198 249 0 200 175 290 216 123 287 0 0 282 188 217 175 0 0 127 0 0 0 265 165 0 0 182 0 0 0 0 0 173 0 232 204 0 0 176 0 124 134 233 0 279 0 0 0 279 0 287 0 119 249 197 0 248 0
0 172 161 0 214 0 235 0 117 0 0 0 154 0 232 0 0 0 0 107 253 0 253 246 123 167 0 0 0 241 303 212 241 0 119 172 0 218 171 230 0 248 268 0 257 0 101 0 207 244 0 223 292 0 144 132 0 0 0 0 0 286 0 0 0 0 0 0 0 0 0 279 0 292 305 0 0 0 293 0 159 204 0 0 0 0 0 0 299 138 0 0 0 136 266 265 0 212 113 0 0 272 0 0 0 105 115 0 0 0 238 0 0 0 0 0 180 244 0 0 0 0 180 272 250 111 0 0 174 0 138 0 0 0 0 231 0 187 248 148 0
0 0 114 0 0 158 166 0 302 0 170 207 0 0 117 129 202 213 190 102 195 129 0 159 0 200 306 0 0 0 0 0 292 195 261 0 98 0 198 190 0 183 0 0 0 0 110 183 0 0 0 228 0 0 0 149 0 0 0 143 0 0 253 0 158 0 0 0 202 116 0 0 0 284 116 0 0 161 0 0 0 246 241 0 0 187 274 136 229 211 167 108 245 153 0 0 0 193 0 184 133 0 111 216 0 186 188 184 0 0 108 0 245 230 0 277 173 0 0 0 0 186 0 288 0 0 0 164 0 160 0 0 0 128 252 0 277 0 0 0
0 138 0 0 0 0 264 155 116 0 182 0 0 282 274 0 0 0 0 0 0 0 0 239 214 132 132 295 246 151 0 0 0 173 0 304 0 120 0 211 121 137 0 0 231 294 0 161 0 0 286 314 289 0 235 0 0 295 0 0 0 145 0 0 215 196 0 0 155 0 272 286 149 285 105 0 0 0 0 0 0 118 214 139 0 134 0 0 214 151 131 308 189 0 289 121 221 0 135 140 0 0 0 256 278 0 0 173 0 121 220 200 0 0 0 0 272 275 205 209 0 166 109 0 276 0 0 0 0 0 0 127 0 140 277 110 0 251 0
0 0 0 135 0 193 249 235 182 123 306 190 202 120 206 261 0 0 0 0 0 0 259 221 174 200 268 244 0 0 219 281 0 0 0 131 175 0 200 0 0 153 225 267 212 248 0 166 256 127 143 0 272 127 111 0 0 0 0 0 232 145 0 288 0 0 98 199 277 172 0 0 159 240 0 0 149 0 104 281 287 0 0 273 211 184 155 0 0 260 0 0 112 145 0 0 138 0 0 213 0 0 238 0 230 110 0 140 0 139 196 0 0 159 269 0 175 0 210 0 116 0 0 0 157 0 158 102 246 126 204 0 0 0 159 230 163 0
0 126 241 0 0 0 279 186 192 286 0 0 106 0 0 0 279 0 291 0 0 171 0 298 176 186 0 232 0 147 190 110 159 100 0 0 0 158 297 112 0 0 283 0 0 0 0 0 259 171 0 0 190 0 253 187 0 235 0 282 0 146 188 197 195 299 164 149 242 0 0 0 316 0 283 0 205 0 0 0 0 0 126 304 0 0 0 0 144 0 305 0 0 158 291 0 143 198 0 221 176 236 0 0 268 0 157 215 0 268 124 140 170 212 0 0 163 0 184 176 163 0 0 212 0 143 263 276 114 283 0 158 226 103 200 0 0
0 0 0 0 158 160 0 225 0 0 174 257 105 0 0 0 117 0 197 0 0 250 175 0 214 0 0 0 289 298 205 155 0 0 0 228 0 0 143 115 97 214 0 221 0 299 0 191 0 151 0 261 0 112 179 149 152 172 0 0 0 303 0 0 162 0 0 0 0 0 135 0 0 0 0 0 169 0 0 219 0 207 0 261 0 271 0 165 0 246 0 214 0 193 223 0 0 174 200 115 0 205 0 169 135 176 0 164 0 0 118 0 0 0 169 137 271 0 193 212 0 171 199 168 198 0 181 229 273 0 285 0 0 0 0 0
0 153 0 234 239 0 196 0 147 250 0 198 220 194 224 211 0 127 289 0 0 111 123 112 213 0 230 243 0 0 0 226 144 0 0 0 146 260 0 0 144 0 0 201 0 194 0 173 0 294 0 0 286 0 128 164 0 0 0 211 119 272 238 168 289 0 0 259 0 0 0 0 150 0 204 228 0 232 145 171 183 196 0 0 0 0 264 265 0 287 0 0 274 0 0 175 159 119 0 0 202 0 0 0 229 0 124 289 0 256 170 199 233 0 0 257 0 0 214 284 0 217 0 226 274 263 125 264 0 0 0 113 116 0 0
0 176 197 0 266 0 105 153 238 0 0 230 292 276 189 0 131 0 0 0 0 282 0 219 0 126 0 0 0 0 227 169 233 0 0 270 0 0 0 213 278 136 122 0 286 127 123 0 225 181 0 135 207 0 0 0 0 283 0 292 177 0 247 178 283 180 165 0 297 0 215 246 0 280 0 0 113 139 257 263 0 0 0 0 156 201 0 155 0 0 0 255 270 0 0 0 191 0 0 249 115 0 205 274 302 206 0 214 0 0 159 0 0 0 0 287 0 219 0 0 204 306 133 113 222 103 111 0 0 137 0 0 0 0
0 276 226 0 303 175 0 0 0 0 0 0 0 0 0 215 183 0 0 0 183 0 167 0 226 0 140 242 257 0 190 234 131 216 0 181 0 106 214 198 0 0 95 0 303 128 0 204 179 0 0 0 105 232 291 105 230 314 0 0 134 199 0 221 93 201 0 0 0 0 157 180 0 195 0 0 0 207 0 217 154 291 0 213 201 124 261 200 0 0 0 0 224 147 0 0 236 221 0 185 132 249 0 0 292 126 113 0 129 261 269 0 166 123 174 0 145 0 0 258 0 0 127 218 224 0 0 0 285 213 267 277 0
0 0 0 196 150 0 0 180 0 0 175 125 0 0 0 243 116 189 0 242 0 119 286 0 0 0 250 153 167 0 0 233 0 0 0 0 179 0 0 122 217 251 263 0 0 110 0 0 253 161 141 240 0 0 155 227 212 0 281 115 0 0 152 0 279 311 0 0 135 124 0 0 0 271 0 0 0 0 0 287 153 241 279 0 0 0 0 208 266 123 226 259 112 0 0 0 215 229 0 0 239 0 0 0 0 0 0 130 204 0 183 0 0 0 119 0 235 0 252 0 0 246 0 0 0 0 91 166 166 253 248 0
0 267 0 0 275 255 0 0 206 0 234 0 0 244 224 165 0 0 0 227 235 0 271 195 0 0 255 150 137 0 0 257 0 216 233 162 0 272 143 205 0 0 139 0 205 224 0 0 0 172 299 0 101 0 125 263 142 0 0 0 294 153 181 143 259 0 0 156 146 141 210 194 0 0 0 138 247 0 0 238 239 165 0 0 237 0 108 279 193 0 0 302 0 155 215 0 0 269 0 142 0 114 0 104 0 0 282 0 0 138 0 0 0 235 0 0 107 217 0 0 193 140 0 0 275 206 264 0 273 254 0
0 0 201 309 0 0 115 0 0 0 252 170 243 160 0 195 0 0 0 122 227 0 0 0 101 125 152 116 155 168 218 0 290 0 210 144 223 0 250 151 0 294 157 0 236 0 0 0 271 0 0 241 0 263 172 0 0 0 272 107 214 0 174 304 241 240 0 0 0 0 0 0 225 237 224 0 306 229 143 0 224 0 0 288 259 281 301 0 148 0 0 0 214 252 250 217 189 225 0 284 0 0 280 0 240 119 0 0 0 0 282 0 0 288 0 0 109 0 0 271 0 0 0 110 0 0 0 135 0 0
0 211 0 245 0 0 173 268 105 127 246 0 291 0 291 0 0 202 0 0 0 0 0 131 0 129 112 184 117 0 0 0 141 118 0 94 0 0 152 201 0 0 150 0 0 0 0 0 0 0 0 219 301 0 0 229 0 185 173 0 249 131 245 255 0 0 263 129 241 0 0 0 0 186 0 0 211 214 0 0 177 0 158 147 119 133 283 187 275 249 0 194 0 266 0 147 267 215 0 254 219 0 0 0 0 0 131 203 252 181 163 157 0 0 151 0 0 0 114 234 146 0 204 0 0 197 0 0 0
0 137 185 142 193 0 0 195 0 145 265 0 146 0 0 237 197 0 0 196 279 0 175 0 194 215 249 0 208 228 0 0 0 0 103 266 270 160 258 209 238 221 237 0 0 0 0 216 236 113 164 0 0 0 0 199 0 213 0 0 215 0 0 0 0 0 0 0 208 108 0 198 0 0 229 0 272 0 173 0 275 117 0 265 167 0 152 0 0 0 0 180 228 0 0 200 108 0 188 129 0 0 0 0 0 114 233 0 130 0 238 0 130 102 132 0 179 176 0 275 0 258 306 117 144 0 0 0
0 172 172 0 258 0 0 114 301 0 0 234 207 117 0 0 0 109 270 138 248 261 215 0 247 0 0 0 123 0 141 0 0 131 0 0 260 249 0 147 277 0 0 304 268 223 271 0 149 0 310 0 0 213 159 0 123 0 0 0 0 0 0 279 271 105 0 226 139 208 0 0 114 295 0 0 0 0 0 0 0 0 139 220 185 137 0 304 264 114 0 254 0 0 109 233 253 219 115 112 165 199 0 0 0 0 0 0 0 0 0 0 0 233 0 0 103 259 0 235 249 0 0 0 0 0 0
0 0 262 110 193 165 181 213 257 254 231 204 279 295 0 210 0 0 257 0 0 146 121 213 213 0 0 213 0 97 0 301 275 0 0 0 135 0 0 0 0 0 289 0 0 259 0 232 0 122 0 0 200 0 189 203 250 134 0 0 0 127 146 0 125 276 197 0 0 0 229 99 0 100 122 154 210 0 0 0 0 229 280 125 255 221 216 0 0 0 0 0 0 270 0 0 185 146 204 191 0 205 0 134 0 0 266 219 129 144 0 0 268 222 139 0 0 0 0 236 0 0 276 0 226 0
0 186 0 154 0 0 0 0 0 0 0 0 255 0 0 0 0 0 0 0 0 0 0 212 258 266 181 129 129 0 204 231 221 261 0 0 0 0 0 178 298 105 230 0 190 273 262 0 0 0 0 0 0 0 216 224 0 0 234 217 247 0 0 171 162 0 246 131 0 0 0 291 116 131 0 140 105 0 0 0 0 245 0 114 236 0 0 124 0 0 0 0 102 215 0 208 0 0 219 294 0 277 0 0 122 213 0 260 261 166 0 280 0 188 232 99 119 167 0 0 233 0 261 136 0
0 214 133 0 217 0 162 0 0 181 0 0 0 263 148 153 143 184 0 123 0 0 0 220 0 0 222 0 0 0 0 205 0 167 223 185 0 181 0 229 98 0 188 0 0 215 0 0 128 264 199 0 0 236 0 0 236 0 271 0 0 0 207 0 105 276 0 0 0 245 221 106 0 220 178 0 0 0 210 165 221 0 225 294 0 167 142 0 0 0 0 0 0 0 303 184 266 0 0 187 244 0 0 0 0 0 0 0 0 115 216 0 0 0 0 0 0 0 0 305 269 0 0 0
0 0 178 0 0 294 0 204 110 0 116 257 0 266 0 0 0 269 162 209 0 241 113 0 151 0 0 171 137 257 0 0 174 146 0 0 302 147 109 0 0 197 0 0 325 0 0 165 0 324 286 149 203 106 0 0 0 0 186 103 0 0 204 0 164 183 0 0 210 0 111 0 0 189 0 0 0 132 0 0 0 289 258 200 283 0 0 208 254 0 221 0 271 151 0 211 0 0 299 267 0 295 0 0 282 184 190 0 0 251 273 100 0 105 204 0 0 0 229 269 184 0 0
0 0 185 0 287 233 118 0 0 207 0 0 106 115 0 227 0 222 155 0 0 0 261 218 0 119 258 0 192 284 272 0 0 0 148 0 0 207 0 244 0 0 0 0 0 196 281 0 0 275 231 160 0 0 0 170 0 0 302 0 301 0 166 0 225 0 203 226 260 292 304 110 284 205 0 228 250 0 251 0 121 0 0 0 0 0 0 0 110 0 190 0 0 0 0 217 144 203 225 0 0 0 122 0 261 289 0 171 272 138 247 260 123 216 0 0 241 0 0 110 0 0
0 217 0 0 0 180 0 0 152 206 0 0 154 203 0 0 250 112 219 243 182 0 112 0 0 124 0 108 0 0 251 258 279 309 166 290 193 0 120 208 0 0 0 0 0 235 108 0 151 175 278 210 131 0 232 0 210 0 0 0 0 0 0 201 259 0 0 192 174 253 0 288 0 137 261 0 205 0 310 0 0 202 0 113 0 0 0 0 151 0 161 296 0 0 281 0 0 0 105 0 0 0 0 0 0 167 176 155 0 114 210 0 268 0 264 0 289 220 0 0 0
0 109 171 0 261 0 0 0 204 0 0 0 236 0 0 200 157 0 146 0 108 260 0 0 106 0 0 0 170 149 300 0 0 194 173 0 0 114 124 245 229 213 233 232 0 179 222 133 0 0 167 0 0 0 0 156 0 0 164 179 0 247 263 204 182 138 139 141 0 162 110 0 212 217 0 256 0 0 0 0 289 131 0 307 0 0 0 0 0 110 0 210 286 250 0 0 0 0 200 201 183 170 177 155 225 0 0 112 0 291 192 0 0 238 230 0 0 0 202 0
0 0 122 0 288 0 243 0 270 0 271 166 0 0 262 0 0 0 0 178 0 192 0 205 97 204 0 187 227 138 0 105 210 276 240 210 223 0 211 0 115 210 181 265 0 265 204 148 0 185 113 213 188 0 0 214 292 190 206 0 0 207 149 0 0 128 0 0 0 0 271 249 198 0 208 0 117 0 0 200 155 0 0 0 163 0 223 293 0 0 0 0 0 0 0 218 171 0 120 0 157 0 272 210 233 0 0 0 0 264 0 0 0 174 0 0 0 136 0
0 170 0 100 0 208 0 276 0 0 0 0 183 0 186 0 0 0 0 106 0 0 145 0 0 256 0 171 0 231 165 0 0 0 187 287 0 0 127 171 113 116 0 0 229 195 225 129 0 177 0 0 0 0 0 261 0 0 0 0 124 185 0 0 0 0 0 130 132 214 269 101 308 0 0 221 0 146 106 178 0 0 0 0 226 111 285 0 248 239 111 0 0 160 0 252 268 248 180 0 0 0 318 188 0 125 214 181 304 129 170 126 263 148 0 0 120 0
0 169 0 0 0 0 0 261 0 0 235 249 203 287 281 278 0 136 249 0 156 0 0 207 0 141 0 171 0 0 0 0 129 284 106 189 199 243 0 189 197 0 297 0 0 262 185 177 191 179 0 0 0 129 0 151 0 0 0 224 0 0 266 99 0 0 0 287 0 223 151 0 263 227 198 0 276 0 193 0 0 191 0 258 141 111 197 0 117 258 237 296 0 0 0 110 0 115 197 0 0 0 192 303 113 0 163 0 211 142 0 0 0 158 268 203 0
0 0 112 150 137 265 0 142 112 167 0 116 124 0 110 0 254 0 0 0 149 0 0 0 0 0 219 113 184 231 276 0 144 0 225 244 0 0 169 212 0 0 0 247 0 150 0 179 187 206 141 145 228 233 200 185 0 0 0 0 145 249 0 0 213 114 116 0 0 0 293 0 0 181 0 0 0 0 0 0 0 0 270 0 0 279 0 212 0 0 135 139 293 0 180 0 205 182 0 245 121 0 0 138 0 232 0 0 0 0 144 214 226 261 0 0
0 0 114 178 0 0 241 158 112 0 0 0 0 0 0 0 0 0 0 223 229 116 253 0 0 155 115 0 202 0 251 249 0 204 0 0 0 286 0 0 215 0 0 307 305 146 285 110 264 284 0 0 0 0 0 0 184 248 237 0 0 180 0 0 0 172 0 232 98 0 167 0 0 0 0 0 258 0 217 231 211 97 191 267 0 257 280 0 248 0 219 258 0 237 0 170 145 213 0 234 0 0 0 0 0 138 261 163 0 0 0 0 138 177 0
0 146 0 148 178 0 250 0 0 252 257 0 0 0 114 0 0 149 0 267 0 0 0 0 112 234 137 0 0 0 254 0 280 0 166 111 173 0 129 0 0 0 196 0 0 181 0 0 0 215 167 195 0 0 0 198 144 0 0 309 279 311 123 0 164 225 257 308 129 107 0 105 0 0 0 117 287 0 140 271 187 269 0 0 247 0 109 0 252 0 0 180 273 180 0 135 151 0 0 176 271 0 0 195 160 220 0 183 194 179 0 0 105 0
0 0 0 227 0 214 0 282 150 0 0 144 0 131 116 147 0 0 0 0 115 176 305 0 127 0 0 197 0 114 0 228 0 220 0 292 239 0 199 0 219 188 0 210 114 0 132 195 154 154 0 214 0 0 0 164 197 0 0 0 0 0 215 0 0 242 293 0 0 0 0 0 204 0 121 212 247 242 220 0 0 113 146 0 175 155 0 0 184 175 0 97 0 0 280 0 129 200 213 0 0 235 102 178 0 0 0 0 161 221 227 248 0
0 0 0 0 0 143 0 264 238 259 0 160 230 285 0 0 0 0 238 0 0 0 0 210 112 0 229 0 150 0 172 0 108 287 0 0 170 0 261 0 0 0 0 241 0 0 0 0 202 0 0 147 0 0 238 165 0 0 207 243 212 174 0 107 0 0 0 0 174 186 0 221 194 307 294 0 183 0 0 0 176 0 0 0 0 0 0 100 0 152 0 0 0 0 0 0 163 271 96 160 0 268 250 189 129 245 247 126 171 0 0 0
0 0 296 0 0 0 157 0 0 0 0 282 160 0 222 195 0 0 0 97 213 0 118 0 178 0 0 0 0 211 0 0 248 0 141 282 171 314 0 0 158 216 244 167 0 0 223 134 0 195 0 0 186 0 175 298 0 291 0 239 0 214 0 267 273 0 0 0 118 295 0 174 0 243 0 146 0 0 0 0 0 295 141 252 111 134 151 293 0 0 0 0 0 0 155 0 131 246 244 0 225 112 0 247 0 178 205 126 154 0 0
0 0 0 212 118 0 0 0 0 0 103 0 254 0 0 0 173 149 0 0 0 101 200 0 0 275 0 0 0 0 0 178 0 0 303 244 186 0 269 124 215 144 266 0 0 123 160 0 118 0 0 0 0 0 0 209 191 0 257 0 177 257 187 0 0 0 132 282 106 0 199 274 0 193 178 120 155 0 196 0 254 236 266 0 0 0 0 0 0 0 212 0 124 0 0 117 0 0 0 0 0 209 171 145 0 214 264 0 0 0
0 0 103 0 0 242 234 140 0 0 0 0 291 0 224 223 0 0 0 0 0 153 0 0 173 288 0 227 228 202 163 302 157 0 0 191 0 0 167 0 0 0 0 218 189 140 157 0 289 289 0 0 0 269 0 0 209 187 0 111 0 0 253 256 0 0 0 272 0 176 0 0 241 248 0 0 161 0 169 0 260 0 0 99 0 0 291 0 183 191 274 0 0 0 0 0 136 0 0 271 140 205 296 0 0 0 0 0 0
0 0 0 181 124 176 0 0 283 0 0 0 249 0 243 180 0 0 0 233 304 237 186 0 0 198 151 0 262 0 0 279 244 0 0 0 290 0 0 0 0 0 160 172 171 0 0 292 0 0 0 0 222 0 214 270 265 278 0 209 0 143 0 226 0 169 180 125 177 0 0 0 0 0 205 0 0 173 0 0 0 175 0 0 284 123 196 128 0 0 201 139 263 252 129 109 0 293 104 0 98 151 210 0 131 0 163 0
0 186 0 251 256 0 278 0 0 0 0 254 184 0 0 134 0 107 236 0 204 140 259 0 238 0 218 0 0 0 0 0 193 113 0 0 222 0 0 271 133 0 0 0 269 0 0 173 0 147 0 230 188 0 305 210 302 292 110 184 92 0 202 0 179 143 180 0 307 0 0 0 0 0 0 143 113 0 0 0 285 0 296 0 250 0 0 0 117 226 135 0 293 271 0 192 124 150 236 232 0 129 177 0 0 0 0
0 0 226 244 162 118 269 0 184 0 301 194 154 138 292 201 217 215 244 0 0 214 0 236 0 263 0 0 0 0 0 307 0 0 0 0 183 0 0 0 0 0 203 114 258 231 0 228 0 215 208 101 0 0 0 183 161 123 0 223 0 180 0 0 0 110 195 121 0 0 0 278 192 284 155 0 105 184 0 0 0 178 0 293 186 0 0 195 274 203 235 0 134 0 0 204 120 103 158 303 0 0 0 202 0 0
0 0 242 260 0 0 115 205 240 263 279 0 0 142 94 0 274 155 163 264 103 0 0 137 236 167 0 0 130 0 267 218 0 0 0 236 0 0 0 0 239 0 0 0 0 280 0 0 0 0 206 0 0 0 0 0 0 242 0 0 154 0 0 0 0 152 0 251 0 0 0 150 0 180 0 0 0 241 0 0 0 189 0 155 162 0 280 0 0 0 0 249 0 119 0 0 200 262 0 115 248 122 193 0 0
0 0 109 205 259 0 0 0 0 0 266 0 0 0 0 0 230 0 253 177 0 0 199 0 226 178 0 0 0 144 0 0 285 183 0 0 104 203 256 0 0 116 134 196 155 0 0 170 222 123 0 107 0 130 0 0 145 157 298 191 0 0 0 0 181 201 0 0 0 0 0 0 0 0 0 0 131 294 224 299 0 214 0 0 0 0 0 0 219 273 0 289 0 0 0 0 0 237 0 0 195 200 0 0
0 0 0 0 0 288 285 260 142 0 0 182 0 171 0 137 179 0 306 150 0 183 0 0 164 261 0 0 219 0 0 250 252 0 296 0 217 110 0 288 0 0 0 153 0 0 184 0 259 216 234 224 0 190 150 0 0 0 0 0 211 0 196 0 244 207 0 0 0 0 279 201 0 0 0 0 113 134 149 147 235 0 0 136 0 0 140 213 117 0 257 281 292 237 0 0 0 190 0 145 0 182 0
0 0 220 194 0 0 314 0 0 0 0 272 0 0 0 163 178 245 196 0 0 0 0 155 0 283 0 108 136 0 209 155 0 169 0 132 199 246 0 0 208 0 0 221 0 101 289 0 0 304 0 127 0 0 0 0 0 224 276 253 0 0 131 188 307 0 294 168 247 153 0 212 0 0 0 0 0 0 0 230 0 202 0 0 0 0 0 145 0 0 0 120 154 0 0 0 276 232 253 0 0 0
0 0 141 140 225 0 0 198 210 240 153 0 0 0 0 118 0 304 0 100 243 180 242 274 0 0 0 0 0 234 101 0 0 215 162 0 273 139 0 130 0 0 246 217 0 0 258 292 0 273 270 273 0 183 250 190 0 141 218 0 188 191 0 0 276 172 248 114 0 0 212 0 0 162 239 97 274 167 272 0 264 119 139 0 261 137 306 152 0 117 0 270 236 0 303 0 0 0 204 306 0
0 299 0 176 0 158 145 108 0 104 210 0 166 0 176 180 0 0 0 0 194 0 0 283 0 0 0 224 224 0 252 108 252 0 199 275 273 261 0 0 288 0 180 0 199 0 176 0 287 0 180 0 0 0 0 289 268 183 0 235 211 0 0 109 149 0 0 0 0 199 221 0 262 0 117 0 0 0 0 0 213 0 0 0 0 0 0 119 0 256 0 241 110 192 125 107 194 0 0 0
0 0 0 0 224 0 0 261 0 268 262 0 0 0 204 0 214 183 0 237 0 208 188 0 0 223 153 116 162 220 0 0 0 0 0 0 170 0 103 0 0 0 0 0 0 0 207 226 210 0 183 272 0 274 0 0 295 0 135 0 282 0 0 0 265 283 166 0 0 0 112 236 183 0 0 185 254 0 102 237 98 240 197 143 0 0 0 220 222 0 0 0 149 0 0 277 110 110 0
0 278 0 230 286 218 200 0 201 124 184 0 262 275 207 0 0 181 298 0 246 0 127 0 212 129 0 108 171 250 121 266 251 120 0 114 234 0 295 136 0 0 0 264 0 120 0 0 0 113 0 101 0 0 0 0 0 0 113 286 123 195 280 0 0 0 109 0 0 0 0 0 0 114 0 259 221 0 0 231 303 296 225 229 0 177 302 155 279 0 170 238 272 156 151 0 0 0
0 0 221 106 220 0 0 0 0 0 0 269 248 233 0 0 209 0 0 271 0 315 267 262 0 0 224 0 149 0 170 258 205 156 0 0 122 219 0 170 0 0 131 0 0 181 186 164 198 0 191 0 119 0 135 0 0 288 0 0 0 103 0 307 0 0 185 208 208 230 0 0 0 0 178 122 0 0 0 278 238 0 263 0 0 137 264 0 154 0 0 0 0 238 130 268 0
0 134 0 0 132 100 0 0 0 188 187 104 0 114 226 0 106 182 0 0 139 242 137 119 0 0 182 258 250 0 0 0 0 249 0 0 0 147 0 245 0 272 287 0 110 281 0 0 172 0 0 152 257 0 0 247 0 0 0 0 0 156 227 220 116 152 0 245 167 0 208 257 0 0 0 0 103 274 160 0 248 123 189 0 193 0 0 0 0 0 0 177 294 131 119 0
0 0 167 0 0 0 212 0 222 0 0 190 114 0 173 0 153 0 0 135 0 0 0 0 256 188 103 0 0 289 187 122 255 256 191 136 0 213 201 290 0 0 0 0 0 0 0 0 289 0 310 0 163 104 223 0 201 149 294 202 273 284 0 0 0 0 280 217 115 0 0 0 0 0 271 206 163 0 269 270 228 0 234 0 144 184 0 238 121 0 228 292 0 0 0
0 216 113 0 0 0 182 176 223 0 236 0 0 0 119 104 125 0 0 123 256 210 181 185 0 0 183 136 181 108 0 0 139 115 247 0 0 0 0 0 0 198 226 140 0 0 0 209 283 0 0 0 212 247 0 0 0 250 249 0 0 0 0 293 0 187 0 116 0 276 243 0 294 0 0 180 0 143 213 218 0 0 226 168 0 166 246 216 0 104 0 0 0 0
0 0 182 0 270 0 0 0 0 0 0 245 241 226 163 263 110 0 140 0 0 308 0 289 0 0 0 224 0 0 0 197 233 0 121 0 222 0 107 118 279 0 173 131 0 255 122 0 0 0 282 0 123 284 250 119 136 250 127 0 0 148 246 0 112 203 0 302 0 0 0 182 0 162 0 0 0 0 220 124 0 151 0 131 245 0 169 242 159 135 248 0 0
0 0 172 222 305 168 113 272 207 0 0 168 0 0 0 96 221 0 181 161 0 0 138 0 0 0 227 188 141 197 0 289 0 252 0 0 299 0 296 216 0 0 0 0 127 0 0 265 0 0 175 0 277 211 0 104 0 0 0 196 0 216 0 169 241 154 0 130 0 230 0 0 102 0 170 0 244 0 197 235 214 274 0 0 0 168 0 165 203 0 0 0
0 0 0 0 0 0 179 0 126 212 296 0 0 0 269 0 0 0 115 0 240 0 0 127 0 0 0 0 0 0 154 288 0 0 150 0 0 0 276 0 143 0 234 0 0 102 0 204 166 120 272 0 166 0 313 0 0 258 180 122 281 180 315 227 0 147 195 282 0 0 113 179 211 142 106 204 0 0 0 262 155 0 0 212 0 153 202 0 0 0 0
0 259 0 251 155 130 0 0 0 165 282 0 0 0 288 0 232 196 188 0 208 146 164 0 0 0 272 187 170 0 237 115 0 225 185 202 0 0 0 0 270 0 0 205 0 260 0 0 217 118 0 0 120 0 172 0 258 105 0 157 0 0 0 0 261 0 0 0 153 241 0 96 0 178 250 175 0 110 0 143 0 141 0 201 128 186 0 0 193 0
0 270 178 0 238 237 0 253 198 233 0 0 0 169 0 219 180 0 229 0 0 0 0 151 109 245 171 204 158 0 0 0 0 207 0 0 0 0 259 230 128 284 0 190 0 131 281 292 0 277 250 226 0 0 193 0 0 0 291 165 0 181 198 258 0 160 0 0 0 0 0 0 124 124 0 0 286 192 0 123 293 0 262 165 166 115 163 287 0
0 0 269 153 0 0 0 0 203 0 0 0 0 0 0 0 0 212 0 229 0 217 0 277 0 0 184 0 213 0 0 0 293 260 0 0 0 0 215 0 109 0 0 218 107 97 0 256 160 156 0 280 0 0 0 0 0 122 226 233 0 313 0 0 0 177 0 245 254 229 0 0 278 0 0 245 0 139 113 108 0 275 141 0 269 0 0 0
0 0 0 0 0 188 273 287 0 247 174 191 210 144 0 304 234 0 0 295 0 253 0 0 0 0 299 239 0 289 290 254 0 0 117 131 252 101 170 235 0 0 178 303 208 0 184 132 0 284 219 143 140 0 0 206 219 276 0 0 0 0 0 174 0 249 0 0 0 0 135 0 0 0 252 217 134 0 0 0 292 0 184 0 0 0 0
0 264 0 0 0 150 0 0 0 271 307 0 0 0 0 0 0 0 0 110 187 0 295 229 0 220 0 0 0 0 0 173 0 0 133 0 0 0 147 0 215 0 0 125 0 0 0 0 0 0 0 109 156 254 225 236 0 132 0 0 233 0 0 149 239 219 0 143 112 0 240 198 113 245 0 147 0 116 171 0 245 207 263 251 135 0
0 0 0 0 0 161 287 160 0 280 0 111 0 0 124 254 0 209 0 199 0 300 0 196 0 249 287 0 0 0 122 0 0 162 247 172 130 0 0 0 125 223 0 0 0 141 207 0 138 0 286 0 303 0 0 150 0 99 0 0 171 264 247 262 266 0 0 224 0 299 247 0 0 0 0 0 0 0 0 165 151 0 0 0 0
0 0 0 194 0 0 0 0 0 0 202 186 133 178 0 0 225 0 0 185 0 0 139 206 280 0 185 141 0 0 237 0 258 0 0 292 199 0 157 0 169 0 0 0 0 125 129 217 0 203 0 205 237 285 0 250 0 163 197 0 0 234 222 220 0 0 0 203 0 221 252 204 284 0 120 0 194 0 219 276 0 0 257 0
0 0 0 0 128 0 0 121 180 289 0 0 309 102 0 103 0 259 222 172 94 0 110 244 190 0 0 234 243 213 0 0 0 0 0 0 184 146 0 0 0 0 216 252 153 0 176 106 194 163 0 0 0 174 264 0 254 217 145 0 0 0 0 0 0 104 280 0 0 122 0 0 0 0 0 201 221 0 0 174 0 137 0
0 0 222 0 0 137 0 0 0 0 0 189 0 187 208 0 0 0 197 137 0 0 243 0 0 193 182 153 295 0 0 0 269 0 290 106 128 0 0 221 129 0 244 301 226 227 0 277 149 262 283 160 0 0 284 0 266 124 198 0 111 0 154 0 0 120 0 0 0 184 0 0 203 0 161 236 277 0 120 0 0 0
0 154 117 0 292 117 154 211 180 163 111 255 132 199 136 0 0 0 0 251 0 225 0 110 183 251 132 0 208 0 247 0 0 0 0 285 0 162 0 0 0 133 0 0 258 0 200 0 0 0 252 0 0 0 235 0 196 296 0 129 0 0 133 0 0 97 0 220 295 192 159 0 111 0 0 0 0 0 150 109 0
0 0 198 0 178 99 0 0 161 279 194 188 168 0 0 108 142 0 0 103 0 0 296 0 0 0 274 293 163 0 232 141 0 0 0 0 225 257 108 0 209 206 154 0 161 0 283 194 0 0 216 205 0 211 195 0 0 0 194 0 163 0 0 0 0 0 0 193 0 0 0 0 0 0 0 114 0 258 0 0
0 0 251 130 0 0 0 214 142 223 167 0 0 0 144 160 237 0 213 226 0 153 192 143 272 301 0 184 0 0 0 0 0 0 168 122 264 224 0 0 156 290 231 281 0 106 240 121 0 0 0 0 0 0 0 0 0 0 159 0 0 279 0 140 174 0 153 0 143 119 0 292 194 0 229 127 0 235 0
0 293 0 149 0 0 0 0 114 278 114 0 0 208 229 0 170 0 137 0 0 0 0 108 0 115 201 0 0 0 0 195 166 102 0 207 173 242 0 213 0 124 180 0 286 242 0 0 0 0 0 213 119 212 0 0 0 0 0 0 0 0 240 138 160 223 149 288 0 280 117 208 289 259 167 272 221 0
0 158 0 0 295 202 0 270 196 176 99 0 0 0 0 251 293 158 114 219 192 0 0 208 0 131 0 0 239 206 0 0 0 0 277 314 268 146 0 0 0 0 0 0 187 0 0 259 0 102 0 0 0 0 173 0 116 265 303 0 292 0 0 0 98 243 221 0 0 0 287 0 0 0 0 0 0
0 0 158 214 0 0 0 259 200 0 255 0 297 269 0 143 0 0 0 0 0 129 0 249 0 178 0 0 168 232 201 0 220 0 277 0 0 0 0 0 0 198 0 253 129 0 217 0 196 0 0 0 0 183 0 0 0 192 117 171 0 288 0 0 103 244 0 0 0 282 231 253 0 142 180 0
0 224 0 0 185 0 0 162 0 262 0 0 190 111 0 0 156 0 0 273 0 0 280 273 179 0 0 138 0 165 0 105 172 300 0 264 276 255 0 194 0 0 114 0 0 0 0 230 0 0 163 129 180 141 111 219 0 276 0 267 153 138 0 186 0 275 0 238 0 149 0 180 0 0 0
0 252 0 275 263 0 161 178 0 123 107 149 217 165 290 0 0 0 0 0 0 244 0 0 184 253 204 261 253 285 0 126 300 191 0 0 0 0 188 163 219 116 156 0 197 259 0 0 254 0 0 0 226 0 281 248 0 156 189 0 0 257 222 145 234 0 149 169 0 0 0 0 281 0
0 138 241 193 0 178 268 218 0 303 0 0 0 271 198 0 240 252 0 293 184 209 302 0 0 171 0 0 0 187 141 0 231 268 0 0 0 0 187 0 277 0 107 0 195 277 178 217 0 286 257 137 189 0 0 0 191 163 0 0 0 0 238 0 102 0 144 152 166 208 0 197 0
0 0 160 0 0 0 265 0 266 301 140 145 245 146 212 0 0 0 0 126 0 113 0 262 0 190 104 0 0 181 0 183 0 217 0 244 279 0 0 0 0 111 0 0 106 0 113 234 0 0 0 0 200 0 196 0 114 231 0 268 179 0 0 274 0 0 194 0 0 0 248 0
0 0 228 0 265 0 245 0 0 0 164 193 0 0 149 0 278 108 0 0 0 225 0 0 114 142 0 0 0 159 0 217 103 0 133 0 0 0 0 0 0 0 0 195 162 144 112 185 189 0 264 0 0 0 164 126 0 266 0 0 0 0 247 0 101 221 214 140 195 209 0
0 0 172 0 0 0 0 0 260 0 185 0 244 167 0 0 0 246 241 0 0 0 264 153 0 0 165 0 213 223 0 0 119 0 127 0 156 0 0 270 186 0 0 0 0 254 184 163 265 0 170 0 0 252 0 303 0 179 98 127 0 149 222 142 180 284 286 116 144 0
0 140 0 0 142 0 221 0 278 0 255 0 0 0 241 0 205 0 240 264 168 0 0 193 263 130 0 0 0 0 0 311 0 112 258 264 0 218 0 0 265 263 0 222 162 133 233 0 252 274 245 0 189 167 124 0 0 0 0 0 0 0 120 0 156 260 300 168 0
0 0 179 132 241 0 136 0 162 0 178 285 0 148 0 0 175 128 258 0 0 215 251 201 200 0 0 0 0 0 0 0 127 164 229 0 0 0 103 0 0 203 0 118 232 0 0 214 0 280 0 175 128 0 149 0 206 290 237 153 193 0 0 150 0 297 252 0
0 0 110 292 0 0 149 0 251 219 234 0 0 135 0 242 109 189 0 0 0 0 229 0 219 156 0 140 128 251 0 174 285 0 0 275 0 151 162 114 298 303 0 250 0 139 132 174 256 239 137 112 0 0 0 121 182 216 0 0 0 154 275 0 0 0 0
0 0 0 0 205 0 0 172 269 212 234 277 212 0 106 0 0 0 0 143 0 272 0 121 0 0 0 202 0 97 0 0 162 211 175 269 0 253 165 116 263 179 0 0 0 234 143 0 0 133 0 0 0 221 297 0 0 0 0 0 181 262 270 115 214 0
0 220 138 186 0 134 256 0 248 0 0 0 155 0 94 254 0 117 197 0 0 153 273 251 306 166 240 0 215 101 0 0 0 205 215 180 103 125 161 156 149 0 273 0 273 0 176 0 0 131 224 233 151 291 190 0 0 0 0 145 235 166 289 0 0
0 0 225 234 119 0 256 0 0 0 119 0 0 0 282 273 296 126 278 245 167 219 0 311 183 0 0 0 0 153 0 0 0 0 107 207 234 291 0 0 0 0 0 0 0 0 0 0 0 228 148 0 0 0 0 249 0 0 0 238 138 128 140 0
0 0 0 0 0 293 0 0 0 276 0 179 154 246 0 0 125 0 223 162 114 99 268 200 0 195 0 0 252 225 0 0 130 0 199 0 228 0 0 0 139 173 134 289 151 0 0 169 191 0 0 0 226 126 136 255 107 268 0 160 0 0 0
0 0 0 0 140 0 0 0 179 0 0 168 101 0 0 0 205 0 183 111 0 299 151 258 130 160 301 316 107 99 0 224 290 150 254 0 163 230 0 0 138 283 0 153 0 0 149 0 303 279 185 195 0 277 0 274 0 121 227 119 0 0
0 229 0 177 118 245 0 0 178 0 0 0 0 267 148 176 0 0 0 0 0 98 0 0 218 0 153 150 116 0 139 97 293 177 0 0 146 130 0 272 150 221 220 0 208 0 0 290 0 0 0 321 288 0 0 219 204 0 0 170 0
0 310 0 126 108 0 160 177 182 282 0 171 274 117 0 288 239 0 110 0 202 0 150 0 169 145 0 100 298 0 0 0 177 185 240 167 0 179 144 0 175 171 210 0 138 112 132 0 0 188 0 197 0 195 115 0 0 263 0 0
0 0 171 0 0 145 0 271 225 0 0 0 0 0 0 125 129 119 0 172 159 0 0 0 193 0 202 147 300 160 219 0 0 0 173 270 0 278 177 231 115 0 201 0 0 0 0 212 234 0 268 0 171 0 266 253 282 0 0
0 266 103 0 0 0 0 0 0 255 272 0 0 0 208 0 0 184 0 0 180 237 0 141 269 207 176 0 0 0 108 0 133 0 105 0 295 112 128 0 140 218 0 139 240 235 0 259 218 207 0 0 0 0 162 0 186 0
0 0 266 0 0 194 205 276 0 0 240 0 266 0 196 0 0 285 0 0 0 203 0 0 0 0 117 173 220 276 0 0 204 0 125 0 0 111 0 119 0 0 197 0 0 197 260 0 239 0 151 0 0 119 277 0 0
0 275 0 0 0 128 229 201 225 0 0 177 0 0 0 284 0 259 228 220 303 0 0 0 0 0 308 0 0 221 0 239 0 267 153 0 0 0 0 0 231 0 137 0 0 0 0 235 0 0 199 0 0 0 0 0
0 218 0 113 0 0 0 292 0 0 204 255 122 0 0 138 131 129 0 299 0 138 0 107 0 117 0 0 192 0 198 0 170 0 0 113 0 0 273 0 0 220 0 0 169 257 0 125 200 189 220 248 0 0 0
0 0 106 0 109 107 0 267 0 103 0 0 0 0 245 0 206 0 179 127 0 163 0 0 0 0 201 173 136 115 0 0 0 254 176 0 151 258 0 0 244 260 0 0 272 294 0 254 0 273 0 0 0 0
0 0 289 0 152 0 233 0 268 240 0 193 149 0 0 0 278 239 292 188 0 0 254 96 95 0 0 178 306 150 0 0 313 0 168 0 215 0 138 184 103 0 0 0 290 0 0 197 0 0 244 0 0
0 0 0 0 261 113 0 290 0 202 233 254 0 0 188 274 118 0 130 250 0 225 0 0 210 0 112 0 0 188 255 275 252 0 172 265 0 99 0 237 0 179 0 203 108 0 0 0 0 253 0 0
0 0 285 202 216 128 0 150 100 132 130 143 0 0 107 0 154 0 298 108 0 306 0 256 0 297 0 287 135 0 201 239 116 106 224 120 252 0 0 0 204 258 267 0 0 0 0 113 0 0 0
0 0 0 104 186 0 0 0 128 283 115 247 102 0 251 0 0 0 0 0 172 226 0 117 207 0 0 0 0 0 119 0 0 0 0 0 129 0 0 0 0 273 242 0 277 0 0 296 0 0
0 278 244 0 121 0 0 197 0 0 0 0 168 0 283 264 0 231 120 0 0 0 172 0 0 0 238 0 0 0 251 245 165 219 177 0 0 239 112 0 0 203 0 253 0 0 178 0 0
0 0 0 153 0 261 293 0 0 263 0 0 165 122 0 0 0 190 0 0 0 0 0 172 0 0 149 231 0 261 135 0 156 0 160 0 0 220 0 209 184 0 0 0 126 0 0 0
0 0 0 102 105 127 205 185 0 135 0 0 0 0 215 0 0 212 0 0 171 0 125 111 0 0 227 239 238 0 0 0 156 0 177 298 0 262 171 0 289 110 209 0 271 0 0
0 269 0 0 163 173 268 129 250 159 0 0 0 111 0 0 108 0 0 0 0 157 204 0 0 196 0 0 244 0 202 305 0 211 249 263 290 0 0 0 0 0 239 117 0 0
0 279 210 195 139 0 0 0 0 0 0 0 0 278 0 133 0 0 194 0 273 157 0 218 0 159 309 159 0 112 210 0 0 0 0 213 0 116 228 160 297 0 140 0 0
0 0 0 0 0 0 0 235 0 146 184 202 281 101 230 0 0 0 204 0 0 267 0 100 0 242 146 235 99 0 141 0 183 0 0 0 0 0 0 285 277 0 0 0
0 0 282 289 0 188 247 0 0 295 0 212 0 231 203 0 0 160 227 0 194 0 0 0 251 112 130 0 0 0 241 0 0 233 0 281 0 273 165 0 203 0 0
0 239 0 255 180 0 0 201 0 279 0 192 0 142 0 0 0 113 0 0 263 0 0 102 235 0 0 0 0 0 0 0 0 197 0 0 0 0 0 0 139 0
0 268 134 176 0 0 0 246 0 0 143 0 0 0 0 0 288 168 0 0 0 245 154 238 295 120 259 240 252 223 0 155 232 0 0 0 0 0 115 210 0
0 0 267 0 0 208 0 166 0 0 0 280 0 0 0 163 0 0 184 250 0 290 260 0 201 0 197 119 0 0 0 0 152 248 0 0 0 0 0 0
0 297 233 246 0 149 0 274 0 202 0 0 123 0 190 0 0 0 201 186 280 283 0 0 0 0 167 0 255 236 0 197 0 248 283 0 0 137 0
0 222 274 0 127 0 0 0 122 0 296 155 223 0 222 0 0 254 0 0 209 244 0 0 148 0 124 0 0 0 0 0 0 0 0 130 209 0
0 111 247 0 0 122 0 0 0 0 225 0 207 0 115 0 201 0 180 0 289 180 110 195 190 250 225 196 102 174 274 254 252 275 232 245 0
0 116 215 240 236 0 209 116 255 283 295 0 208 288 0 121 0 191 280 226 0 131 256 0 0 114 127 187 0 245 0 0 130 0 231 0
0 232 290 0 0 0 301 268 0 0 0 98 153 0 0 0 0 119 0 243 155 0 282 0 0 0 0 220 0 236 162 0 126 188 0
0 0 0 0 0 285 0 205 108 0 0 0 0 0 0 226 0 197 0 0 249 0 265 255 181 0 201 220 0 137 265 194 0 0
0 0 0 0 0 0 167 231 253 188 0 154 0 0 261 278 0 0 0 166 213 256 183 0 0 136 0 182 282 0 250 0 0
0 0 0 0 273 219 182 210 0 0 151 0 0 204 0 150 278 261 283 287 235 0 0 160 153 96 241 0 0 284 0 0
0 254 0 0 0 0 0 0 0 0 0 0 0 258 0 281 0 0 248 224 0 202 0 0 0 0 0 274 269 278 0
0 0 279 209 223 123 0 0 0 0 0 220 0 292 158 0 142 0 0 0 0 169 0 0 207 160 0 130 288 0
0 211 0 129 297 0 169 0 0 0 216 98 279 241 0 0 269 127 0 118 143 0 0 121 241 0 178 234 0
0 0 163 0 0 0 126 0 0 208 0 135 0 0 225 172 179 176 0 282 290 0 0 169 216 148 234 0
0 112 0 0 292 0 0 155 291 0 0 126 213 0 210 0 0 0 109 126 209 275 175 0 229 265 0
0 0 201 0 0 0 0 289 0 262 0 123 103 0 0 0 287 0 0 210 296 319 184 218 244 0
0 197 0 0 0 0 0 0 140 309 0 100 0 114 226 132 0 183 296 244 0 228 164 172 0
0 137 0 261 0 0 269 0 280 271 97 126 243 0 165 0 178 186 0 304 120 0 0 0
0 0 156 131 252 195 0 196 237 0 108 0 0 280 285 248 0 0 0 123 0 0 0
0 234 0 0 0 181 301 262 0 196 282 0 0 0 0 126 268 0 99 163 0 0
0 288 172 0 0 0 0 189 0 0 0 0 0 0 0 155 258 223 254 0 0
0 0 0 249 0 185 0 230 0 142 297 161 0 0 171 233 0 0 285 0
0 0 168 282 228 112 0 149 0 176 0 175 249 164 0 0 181 0 0
0 0 0 0 0 162 274 0 284 0 238 291 0 0 0 0 0 0
0 204 0 0 0 0 133 0 0 191 112 196 0 113 0 0 0
0 0 185 0 0 225 164 172 188 183 0 0 149 0 0 0
0 108 228 0 180 173 0 147 236 0 0 0 0 253 0
0 245 0 0 0 0 0 106 289 187 0 170 0 0
0 0 0 0 0 0 116 122 226 0 0 235 0
0 0 138 268 0 126 0 0 0 0 227 0
0 261 0 111 0 136 125 0 194 0 0
0 0 208 180 0 128 233 278 0 0
0 0 133 0 143 0 205 0 0
0 217 126 0 0 0 0 0
0 278 136 163 0 278 0
0 250 208 0 0 0
0 217 229 0 0
0 0 0 0
0 108 0
0 0
0
0
99164
289 285 222 265 156 181 176 119 224 224 220 212 268 124 221 259 147 164 150 152 223 284 251 158 124 223 169 272 146 260 258 166 149 114 277 113 205 230 138 211 157 144 302 112 102 272 269 246 201 255 174 148 313 126 105 110 150 196 226 248 305 257 257 270 285 143 237 270 193 232 140 254 137 222 110 160 154 252 160 140 136 297 159 182 171 228 239 122 141 125 251 136 307 212 298 250 183 106 204 101 179 281 172 290 219 259 162 153 170 297 247 218 150 228 248 120 212 256 273 138 274 222 242 197 305 153 122 197 308 237 93 168 194 183 100 149 215 209 121 269 219 154 111 228 188 197 309 178 134 267 150 260 215 156 185 277 170 111 289 230 220 245 155 246 290 168 106 319 284 176 214 118 232 293 268 217 238 176 134 219 158 298 202 134 190 109 112 170 115 148 125 228 194 200 160 243 271 154 233 127 191 156 239 234 143 155 173 224 215 128 142 126 120 190 249 256 214 133 178 242 221 215 291 217 219 95 282 172 231 152 223 199 251 114 149 276 192 240 126 164 97 185 126 123 159 111 259 140 115 210 143 253 301 311 280 280 200 123 210 188 224 132 177 172 259 229 162 114 220 233 259 107 168 107 281 123 228 255 237 191 144 281 194 128 120 241 212 286 204 167 246 149 194 280 262 264 158 225 189 185 285 278 240 202 255 174 264 121 138 217 181 254 216 109 134 128 232 152 224 124 147 272 197 149 105 257 219 226 142 125 245 263 224 189 243 195 117 97 197 258 171 248 265 248 114 105 246 162 242 101 195 188 165 165 160 168 220 237 249 199 233 95 275 108 121 199 160 161 235 293 308 295 294 249 94 202 253 259 149 287 268 169 117 189 276 232 272 118 111 197 294 192 166 112 187 169 284 256 318 244 250 222 284 306 110 262 194 256 174 261 190 273 231 283 202 164 119 212 165 199 280 130 201 115 108 235 213 250 207 281 237 151 287 232 131 169 243 137 167 149 181 281 231 172 146 145 286 207 273 108 175 212 185 213 92 240 175 272 312 199 141 196 205 248 180 165 319 155 122 145 286 287 199 147 164 107 217 146 102 249 294 156 166 261 230 127 252 194 219 186 144 245 185 264 143 295 247 147 152 282 133 266 232 216 118 188 159 140 149 267 167 114 125 121 279 112 127 297 138 156 202 203 213 233 97 149 235 221 142 183 162 151 151 159 234 106 231 115 223 165 254 222 170 283 113 159 258 164 167 135 273 110 162 113 234 267 199 147 209 267 246 305 147 290 216 145 116 328 257 224 187 157 166 276 156 270 137 254 190 251 218 240 225 107 225 222 134 156 295 253 273 233 209 265 216 154 246 235 170 111 156 269 209 217 248 243 234 203 258 228 259 253 232 214 134 113 208 124 189 173 117 105 163 278 139 280 277 263 166 163 158 275 216 245 255 117 153 317 151 100 251 268 191 144 164 142 282 271 209 207 276 219 189 147 276 165 256 283 234 268 283 139 134 249 206 101 156 132 125 168 117 200 288 176 210 179 179 107 194 276 151 286 173 257 192 267 223 184 247 185 142 165 164 191 164 286 224 127 273 206 260 95 108 115 227 161 291 313 261 257 128 105 187 233 236 162 265 175 149 131 176 286 213 230 187 258 129 182 192 245 263 212 174 150 145 157 312 195 187 126 112 248 298 320 240 186 314 111 262 100
