300
436 303 105 437 215 315 438 364 173 292 267 285 408 315 425 241 443 120 447 254 406 254 195 244 434 391 134 125 401 155 421 471 138 396 120 255 160 418 333 388 412 94 391 212 275 256 420 168 394 449 125 123 222 385 432 465 290 350 341 245 464 391 400 194 311 442 275 432 232 407 369 252 145 406 380 439 372 237 421 486 364 244 216 159 256 207 471 273 240 479 226 311 203 419 374 366 155 309 192 270 170 229 150 116 294 137 164 169 221 134 371 225 147 358 446 455 182 132 166 445 200 502 405 384 143 202 139 189 423 258 231 218 353 311 176 134 264 414 293 513 364 354 289 270 128 204 412 468 196 204 141 297 268 489 458 307 310 246 500 434 254 299 439 490 146 302 467 254 370 459 222 250 245 469 291 287 474 487 294 443 322 467 325 322 255 154 437 409 342 200 116 210 433 399 402 118 453 368 151 107 454 220 340 453 420 223 445 246 98 405 296 299 433 125 416 418 447 275 261 272 496 319 347 196 427 398 320 272 326 134 508 411 442 307 297 432 317 164 355 477 280 361 202 148 169 122 235 120 378 158 144 449 196 326 91 434 269 121 142 116 474 227 176 248 161 188 493 418 295 335 226 259 399 340 341 198 395 303 214 303 442 384 184 474 352 380 337 360 216 151 318 180 355 437 200 149 260 351 507 275
0 388 115 167 220 220 220 220 167 220 220 220 220 220 220 220 220 101 220 220 220 220 196 220 220 220 158 134 220 165 220 220 124 220 117 220 147 220 220 220 220 112 220 188 220 220 220 187 220 220 148 100 212 220 220 220 220 220 446 220 220 220 220 0 436 220 220 220 218 220 220 220 136 220 409 220 457 220 220 220 456 220 220 152 220 292 220 220 220 220 205 220 211 110 220 220 167 340 200 220 191 220 146 101 220 124 455 161 220 128 220 202 306 220 220 388 181 115 170 220 192 220 220 220 168 215 417 167 220 220 210 194 220 220 181 168 334 220 220 220 220 220 220 220 146 218 220 220 216 187 144 220 220 220 370 220 220 220 220 220 220 220 220 220 169 220 220 220 220 220 207 220 220 220 220 220 220 220 220 441 220 220 241 220 220 157 418 220 164 218 136 219 220 220 220 103 220 220 147 108 220 323 220 220 220 220 220 220 454 122 220 220 296 149 335 220 220 220 220 457 220 220 220 205 220 220 220 220 220 141 220 220 220 220 191 322 220 185 220 220 220 220 201 140 185 145 220 272 220 169 126 220 218 306 107 201 220 130 135 108 220 220 165 220 164 211 220 220 220 220 201 220 220 220 220 200 220 220 216 220 220 220 121 220 220 382 220 220 220 128 441 178 220 220 175 124 220 220 283 220
0 115 167 233 291 388 359 167 270 287 301 388 301 388 239 388 101 388 259 388 279 196 253 388 383 158 134 378 165 388 388 124 388 117 263 147 388 339 367 388 112 388 188 265 245 388 187 388 388 148 100 212 385 388 388 305 375 292 233 388 368 378 0 292 388 281 388 218 386 344 248 136 388 292 388 292 238 388 388 292 264 238 152 279 220 388 270 238 388 205 314 211 110 364 373 167 292 200 283 191 240 146 101 291 124 292 161 246 128 382 202 292 383 388 292 181 115 170 388 192 388 388 388 168 215 292 167 388 235 210 194 360 331 181 168 292 388 305 388 345 363 291 269 146 218 388 388 216 187 144 284 276 388 292 283 308 267 388 388 232 287 388 388 169 323 388 267 388 388 207 259 226 388 302 307 388 388 297 292 309 388 241 313 275 157 292 388 164 218 136 219 388 374 388 103 388 357 147 108 388 292 317 388 388 234 388 256 292 122 292 285 292 149 292 388 388 287 246 292 388 305 344 205 388 388 298 261 314 141 388 388 388 304 191 292 297 185 379 388 268 356 201 140 185 145 240 272 388 169 126 388 218 292 107 201 260 130 135 108 388 237 165 262 164 211 388 388 311 313 201 281 388 353 330 200 381 310 216 312 388 388 121 388 336 292 318 370 223 128 292 178 340 388 175 124 258 356 283 264
0 115 233 115 317 317 115 270 287 301 317 115 317 239 317 101 115 259 317 279 196 253 115 317 158 134 317 165 317 317 115 317 115 263 147 317 317 317 317 112 115 188 265 245 317 187 115 317 148 100 212 317 317 317 305 317 115 115 317 317 115 0 115 317 281 317 218 317 115 248 136 115 115 317 115 238 115 115 115 264 115 152 279 115 317 270 238 317 205 115 211 110 317 317 167 115 200 115 191 240 115 101 115 124 115 115 246 115 317 202 115 317 317 115 181 115 170 317 192 317 115 317 115 215 115 167 317 235 210 115 115 317 181 115 115 317 115 317 317 317 115 269 115 115 317 317 216 187 144 284 276 317 115 283 308 267 317 317 232 287 317 317 169 317 317 267 317 317 115 259 226 317 115 115 317 115 297 115 309 317 115 313 115 157 115 317 115 115 136 219 115 317 317 103 317 317 115 108 115 115 115 115 317 234 317 256 115 115 292 285 115 149 115 115 317 287 115 115 115 305 317 205 115 317 298 261 314 141 317 115 317 304 115 115 297 185 317 317 115 317 115 140 185 145 115 115 317 169 126 317 218 115 107 115 260 130 135 108 317 237 165 262 164 211 317 317 311 313 201 281 317 317 317 200 115 310 216 115 115 317 115 317 317 115 115 115 223 128 115 178 317 317 175 115 258 115 115 115
0 167 167 167 167 167 167 167 167 167 167 167 167 167 101 167 167 167 167 167 167 167 167 158 134 167 165 167 167 124 167 117 167 147 167 167 167 167 112 167 167 167 167 167 167 167 167 148 100 167 167 167 167 167 167 167 167 167 167 167 0 167 167 167 167 167 167 167 167 136 167 167 167 167 167 167 167 167 167 167 152 167 167 167 167 167 167 167 167 167 167 167 167 167 167 167 167 167 167 146 101 167 124 164 161 167 110 167 167 306 167 167 167 167 115 167 167 167 167 167 167 167 167 128 167 167 167 167 167 167 167 167 168 167 167 167 167 167 167 167 167 146 167 167 167 167 167 144 167 167 167 167 167 167 167 167 167 167 167 167 167 167 167 167 167 167 167 167 167 167 167 167 167 167 167 167 167 167 167 167 167 167 157 167 167 167 167 136 167 167 167 167 103 167 167 147 108 167 167 167 167 167 167 167 167 122 167 167 167 167 149 167 167 167 167 167 167 167 167 167 167 167 167 167 167 167 141 167 167 167 167 191 167 167 167 167 167 167 167 167 140 167 145 167 121 167 167 126 167 167 167 107 167 167 130 135 108 167 167 165 167 164 167 167 167 167 167 167 167 167 167 167 167 167 167 167 167 167 167 167 167 167 167 167 167 167 128 167 167 167 167 167 124 167 167 167 167
0 233 417 359 233 270 287 301 397 233 412 239 444 101 124 233 414 279 196 253 207 383 233 134 378 165 412 452 233 115 146 263 147 126 233 233 423 233 233 188 265 200 233 233 117 103 148 100 233 385 431 440 305 375 233 233 233 368 194 0 233 440 281 423 218 233 233 248 136 233 233 451 233 238 233 233 233 264 233 216 233 233 175 233 233 467 205 233 211 110 364 233 167 233 200 233 191 152 146 101 124 124 233 233 246 128 382 202 233 383 464 233 181 115 170 456 192 467 168 233 201 233 233 233 441 235 233 161 218 233 181 168 233 410 147 212 345 363 233 269 233 167 410 449 216 187 144 284 276 233 233 283 233 267 233 185 232 149 460 467 169 323 465 267 233 447 218 259 233 164 233 233 454 233 297 233 309 233 233 313 233 157 233 141 164 233 136 233 233 374 233 223 462 357 233 108 233 233 233 233 398 233 467 256 233 122 233 285 233 167 233 233 432 287 233 233 233 219 344 205 233 398 298 261 233 233 467 233 211 304 191 233 297 185 187 233 233 108 233 140 158 145 233 233 233 169 233 218 112 233 107 201 260 130 135 233 467 233 165 262 233 210 467 233 311 313 201 281 408 233 233 233 233 310 226 233 233 406 121 467 336 233 233 233 233 128 233 178 215 415 233 233 258 233 233 233
0 409 359 167 270 287 301 397 291 409 239 409 101 409 259 409 279 196 253 409 383 158 134 378 165 409 409 124 409 146 263 147 409 339 367 409 112 399 188 265 245 396 187 117 409 148 100 212 385 409 409 305 375 291 291 409 368 378 0 291 409 281 409 218 386 344 248 136 398 291 409 291 238 268 409 291 264 238 152 279 291 409 270 238 409 205 314 211 110 364 373 167 291 200 291 191 240 146 101 291 124 291 161 246 128 382 202 291 383 409 291 181 115 170 409 192 409 168 396 201 215 291 167 409 235 210 194 360 331 181 168 291 409 147 409 345 363 291 269 291 218 409 409 216 187 144 284 276 409 291 283 308 267 409 409 232 287 409 409 169 323 409 267 391 409 207 259 226 409 291 307 409 409 297 291 309 409 241 313 275 157 291 407 164 218 136 219 409 374 409 103 409 357 233 108 409 291 317 409 398 234 409 256 291 122 292 285 291 149 291 409 409 287 291 291 409 305 344 205 409 398 298 261 314 141 409 246 409 304 191 291 297 185 379 409 291 356 291 140 185 145 240 272 396 169 126 409 218 291 107 201 260 130 135 108 409 237 165 262 164 211 409 404 311 313 201 281 408 353 330 200 283 310 216 312 409 406 121 409 336 291 291 370 223 128 291 178 340 409 175 124 258 356 283 264
0 233 417 359 417 188 287 302 301 281 287 101 124 396 287 205 196 253 207 287 339 134 287 260 287 285 417 115 146 263 147 126 417 396 382 314 370 281 265 200 407 245 117 103 148 100 330 205 287 287 287 287 417 417 417 287 194 0 417 287 258 287 218 417 378 248 136 238 409 345 417 238 268 356 417 264 417 216 417 292 175 356 404 287 101 398 211 110 287 391 167 340 200 318 191 152 146 107 124 124 417 291 269 128 165 202 306 287 287 388 181 115 170 287 192 287 168 238 201 417 417 386 287 235 259 161 218 270 181 168 334 287 147 212 276 287 312 279 301 167 287 287 216 187 144 284 323 279 370 283 396 267 340 185 232 149 287 287 169 398 287 267 417 287 218 259 373 164 381 264 287 275 385 417 417 308 241 287 417 157 417 141 164 417 297 417 360 287 292 223 287 417 233 412 399 323 291 417 130 240 287 256 417 122 331 136 296 167 335 417 287 287 403 417 307 219 287 178 409 287 287 261 237 287 287 246 211 287 191 322 287 185 187 305 305 108 417 140 158 145 291 272 234 169 417 218 112 306 357 201 239 246 135 353 287 417 165 262 367 210 287 417 287 287 201 108 287 417 379 409 283 287 226 314 417 287 121 287 287 382 417 417 417 128 417 309 215 287 417 417 270 240 283 344
0 359 233 233 233 233 302 233 233 233 101 124 359 233 233 196 233 207 233 339 134 233 165 233 233 359 115 146 233 147 126 359 359 233 314 359 188 233 200 359 245 117 103 148 100 330 233 233 233 233 233 359 359 359 233 194 0 359 233 233 233 218 359 359 233 136 238 359 233 359 233 268 356 359 233 359 216 359 292 175 356 359 233 205 359 211 110 233 359 167 340 200 318 191 152 146 101 124 124 359 291 233 128 233 202 306 233 233 359 181 115 170 233 192 233 168 238 201 359 359 359 233 233 259 161 218 270 181 168 334 233 147 212 233 233 312 233 301 167 233 233 216 187 144 233 233 279 359 233 359 233 340 185 232 149 233 233 169 233 233 233 359 233 218 233 359 164 359 264 233 275 233 359 233 308 241 233 359 157 359 141 164 359 136 359 359 233 292 223 233 233 233 108 359 323 291 359 233 240 233 233 359 122 331 233 296 167 335 359 233 233 359 359 307 219 233 205 359 233 233 233 237 287 233 246 211 233 191 322 233 185 187 305 305 108 359 140 158 145 291 272 234 169 359 218 112 306 107 201 233 130 135 353 233 359 165 233 359 210 233 359 233 233 201 233 233 359 359 359 283 233 226 314 359 233 121 233 233 359 359 359 359 128 359 178 215 233 359 359 233 240 283 344
0 270 287 301 397 167 412 239 444 101 460 259 414 279 196 253 167 383 158 134 378 165 412 452 124 409 146 263 147 441 339 367 423 112 167 188 265 245 396 187 117 431 148 100 212 385 431 440 305 375 167 167 465 368 378 0 167 440 281 423 218 386 344 248 136 398 167 451 167 238 167 167 167 264 238 152 279 167 473 270 238 473 205 314 211 110 364 373 167 167 200 167 191 240 146 101 291 124 167 161 246 128 382 202 167 383 464 167 181 115 170 456 192 473 167 396 167 215 167 167 441 235 210 194 360 331 181 167 167 410 147 473 345 363 291 269 167 218 410 449 216 187 144 284 276 473 167 283 308 267 473 417 232 287 460 473 169 323 465 267 391 447 167 259 226 473 167 307 454 167 297 167 309 469 167 313 167 157 167 407 164 167 136 219 429 374 419 103 462 357 167 108 167 167 317 167 398 234 469 256 167 122 292 285 167 149 167 409 432 287 167 167 473 305 344 205 442 398 298 261 314 141 473 167 463 304 167 167 297 185 379 473 167 356 167 140 185 145 167 167 396 169 126 467 218 167 107 167 260 130 135 108 473 237 165 262 164 211 473 404 311 313 201 281 408 353 330 200 167 310 216 312 453 406 121 473 336 167 167 167 223 128 167 178 340 415 175 124 258 167 167 264
0 287 301 359 270 359 239 359 101 124 270 359 279 196 253 207 359 270 134 359 165 359 359 270 115 146 263 147 126 270 270 359 270 270 188 265 200 270 245 117 103 148 100 270 359 359 359 305 359 270 270 270 359 194 0 270 359 281 359 218 270 270 248 136 238 270 359 270 238 268 270 270 264 270 216 270 270 175 270 270 359 205 270 211 110 359 270 167 270 200 270 191 152 146 101 124 124 270 270 246 128 359 202 270 359 359 270 181 115 170 359 192 359 168 238 201 270 270 270 359 235 259 161 218 270 181 168 270 359 147 212 345 359 270 269 270 167 359 359 216 187 144 284 276 270 270 283 270 267 270 185 232 149 359 359 169 323 359 267 270 359 218 259 270 164 270 264 359 270 297 270 309 270 241 313 270 157 270 141 164 270 136 270 270 359 270 223 359 357 233 108 270 270 270 270 359 240 359 256 270 122 270 285 270 167 270 270 359 287 270 270 270 219 344 205 270 359 298 261 237 270 359 246 211 304 191 270 297 185 187 270 270 108 270 140 158 145 270 270 234 169 270 218 112 270 107 201 260 130 135 270 359 270 165 262 270 210 359 270 311 313 201 281 359 270 270 270 270 310 226 270 270 359 121 359 336 270 270 270 270 128 270 178 215 359 270 270 258 240 270 270
0 188 397 287 287 281 444 101 124 287 414 205 196 253 207 383 287 134 378 260 412 285 287 115 146 263 147 126 287 287 287 287 287 281 265 200 287 245 117 103 148 100 287 205 431 440 305 375 287 287 287 368 194 0 287 440 258 423 218 287 287 248 136 238 287 287 287 238 268 287 287 264 287 216 287 287 175 287 287 451 101 287 211 110 364 287 167 287 200 287 191 152 146 107 124 124 287 287 269 128 165 202 287 383 451 287 181 115 170 451 192 451 168 238 201 287 287 287 441 235 259 161 218 270 181 168 287 410 147 212 276 363 287 279 287 167 410 449 216 187 144 284 287 279 287 283 287 267 287 185 232 149 451 451 169 287 451 267 287 447 218 259 287 164 287 264 451 275 287 287 287 287 241 313 287 157 287 141 164 287 287 287 287 374 287 223 451 287 233 287 287 287 287 287 130 240 451 256 287 122 287 136 287 167 287 287 432 287 287 287 287 219 344 178 287 398 298 261 237 287 451 246 211 304 191 287 297 185 187 287 287 108 287 140 158 145 287 272 234 169 287 218 112 287 287 201 239 246 135 287 451 287 165 262 287 210 451 287 311 313 201 108 408 287 287 287 283 310 226 287 287 406 121 451 336 287 287 287 287 128 287 287 215 415 287 287 270 240 283 287
0 188 301 188 188 188 101 124 301 188 188 188 188 207 188 301 134 188 165 188 188 301 115 146 188 147 126 301 301 188 301 301 281 188 200 301 245 117 103 148 100 301 188 188 188 188 188 301 301 301 188 194 0 301 188 258 188 188 301 301 188 136 238 301 188 301 188 268 301 301 188 301 216 301 292 175 301 301 188 188 301 188 110 188 301 167 301 188 301 188 152 146 101 124 124 301 291 188 128 188 188 301 188 188 301 181 115 170 188 188 188 168 238 201 301 301 301 188 188 259 161 218 270 181 168 301 188 147 212 188 188 301 188 301 167 188 188 188 187 144 188 188 279 301 188 301 188 301 185 188 149 188 188 169 188 188 188 301 188 218 188 301 164 301 264 188 275 188 301 188 301 241 188 301 157 301 141 164 301 136 301 301 188 292 223 188 188 233 108 301 301 291 301 188 240 188 188 301 122 301 188 296 167 301 301 188 188 301 301 301 219 188 188 301 188 188 188 237 287 188 246 211 188 191 301 188 185 187 301 301 108 301 140 158 145 291 272 234 169 301 218 112 301 107 201 188 130 135 301 188 301 165 188 301 210 188 301 188 188 188 188 188 301 301 301 283 188 226 301 301 188 121 188 188 301 301 301 301 128 301 178 215 188 301 301 270 240 283 301
0 302 301 281 128 397 124 396 128 205 397 128 207 128 339 128 128 260 128 285 397 115 146 397 128 126 397 396 382 314 370 281 128 200 397 245 117 103 144 100 330 205 196 128 375 167 397 397 397 128 194 0 397 101 258 263 128 397 378 128 128 238 397 345 397 397 268 356 397 128 397 216 397 292 175 356 397 128 101 397 128 110 128 391 397 340 128 318 128 152 146 107 124 124 397 291 269 128 165 128 306 128 128 388 128 115 128 128 128 128 168 238 201 397 397 386 397 128 259 161 218 270 128 168 334 344 147 212 276 128 312 279 301 167 310 128 128 128 397 128 323 279 370 128 396 128 340 185 128 149 128 128 128 397 128 128 397 128 218 128 373 164 381 264 305 275 385 397 397 308 241 128 397 128 397 141 164 397 297 397 360 128 292 223 128 397 233 397 397 323 291 397 130 240 128 128 397 122 331 136 296 167 335 397 128 128 397 397 307 219 336 178 397 128 128 128 237 287 128 246 211 128 191 322 128 128 187 305 305 108 397 128 158 128 291 272 234 128 397 218 112 306 357 201 239 246 128 353 128 397 128 128 367 210 128 397 128 128 128 108 148 397 379 397 283 397 226 314 397 128 121 128 238 382 397 397 397 397 397 309 215 128 397 397 270 240 283 344
0 302 239 302 101 302 259 302 279 196 253 302 302 158 134 302 165 302 302 124 302 117 263 147 302 302 302 302 112 302 188 265 245 302 187 302 302 148 100 212 302 302 302 302 302 301 301 302 302 302 0 301 302 281 302 218 302 302 248 136 302 301 302 301 238 268 302 301 264 238 152 279 292 302 270 238 302 205 302 211 110 302 302 167 301 200 301 191 240 146 101 291 124 301 161 246 128 302 202 301 302 302 301 181 115 170 302 192 302 302 302 168 215 301 167 302 235 210 194 302 302 181 168 301 302 147 302 302 302 291 269 146 218 302 302 216 187 144 284 276 302 301 283 302 267 302 302 232 287 302 302 169 302 302 267 302 302 207 259 226 302 301 302 302 302 297 301 302 302 241 302 275 157 301 302 164 218 136 219 302 302 302 103 302 302 233 108 302 301 302 302 302 234 302 256 301 122 292 285 296 149 301 302 302 287 246 301 302 302 302 205 302 302 298 261 302 141 302 302 302 302 191 301 297 185 302 302 301 302 201 140 185 145 240 272 302 169 126 302 218 301 107 201 260 130 135 108 302 237 165 262 164 211 302 302 302 302 201 281 302 302 302 200 283 302 216 302 302 302 121 302 302 301 301 302 223 128 301 178 302 302 175 124 258 302 283 264
0 239 301 101 124 396 301 279 196 253 207 301 339 134 301 165 301 301 412 115 146 263 147 126 412 396 301 314 370 281 265 200 407 245 117 103 148 100 330 301 301 301 301 301 412 412 412 301 194 0 412 301 258 301 218 412 378 248 136 238 409 301 412 238 268 356 412 264 412 216 412 292 175 356 404 301 205 398 211 110 301 391 167 340 200 318 191 152 146 101 124 124 412 291 246 128 301 202 306 301 301 388 181 115 170 301 192 301 168 238 201 412 412 386 301 235 259 161 218 270 181 168 334 301 147 212 301 301 312 269 301 167 301 301 216 187 144 284 276 279 370 283 396 267 340 185 232 149 301 301 169 301 301 267 412 301 218 259 373 164 381 264 301 275 297 412 301 308 241 301 412 157 412 141 164 412 136 412 360 301 292 223 301 301 233 108 399 323 291 412 301 240 301 256 412 122 331 285 296 167 335 412 301 287 403 412 307 219 301 205 409 301 298 261 237 287 301 246 211 301 191 322 297 185 187 305 305 108 412 140 158 145 291 272 234 169 412 218 112 306 107 201 260 130 135 353 301 412 165 262 367 210 301 412 301 301 201 281 301 412 379 409 283 301 226 314 412 301 121 301 301 382 412 412 412 128 412 178 215 301 412 412 270 240 283 344
0 281 101 124 239 281 279 196 253 207 281 239 134 281 165 281 281 239 115 146 263 147 126 239 239 281 239 239 239 265 200 239 239 117 103 148 100 239 281 281 281 281 281 239 239 239 281 194 0 239 281 239 281 218 239 239 248 136 238 239 281 239 238 239 239 239 264 239 216 239 239 175 239 239 281 205 239 211 110 281 239 167 239 200 239 191 152 146 101 124 124 239 239 246 128 281 202 239 281 281 239 181 115 170 281 192 281 168 238 201 239 239 239 281 235 239 161 218 239 181 168 239 281 147 212 281 281 239 269 239 167 281 281 216 187 144 281 276 239 239 281 239 267 239 185 232 149 281 281 169 281 281 267 239 281 218 259 239 164 239 239 281 239 281 239 281 239 239 281 239 157 239 141 164 239 136 239 239 281 239 223 281 281 233 239 239 239 239 239 281 239 281 256 239 122 239 281 239 167 239 239 281 281 239 239 239 219 281 205 239 281 281 261 237 239 281 239 211 281 191 239 281 185 187 239 239 108 239 140 158 145 239 239 234 169 239 218 112 239 107 201 260 130 135 239 281 239 165 262 239 210 281 239 281 281 201 108 281 239 239 239 239 281 226 239 239 281 121 281 281 239 239 239 239 128 239 178 215 281 239 239 239 239 239 239
0 408 124 396 444 205 441 253 207 444 339 134 378 260 444 285 444 115 146 417 440 126 444 396 382 314 370 281 265 200 407 245 117 103 144 169 330 205 196 170 375 167 444 444 444 444 194 0 436 101 258 263 412 417 378 444 311 238 409 345 444 440 268 356 444 264 444 216 441 292 175 356 404 261 101 398 124 110 364 391 423 340 200 318 248 152 146 107 124 165 444 291 269 128 165 444 306 383 397 388 202 115 259 100 192 462 168 238 201 444 417 386 410 313 259 161 218 270 218 168 334 344 147 212 276 383 312 279 301 167 310 414 374 267 444 187 323 279 370 235 396 181 340 185 232 149 211 462 398 398 462 262 444 363 218 136 373 164 381 264 305 275 385 441 423 308 241 287 432 157 418 141 164 444 297 444 360 444 292 223 201 444 233 412 399 323 291 444 130 240 462 256 444 122 331 136 296 167 335 429 432 368 403 444 307 219 336 178 409 135 298 283 237 287 462 246 211 304 191 322 297 191 187 305 305 108 418 140 158 145 291 272 234 185 431 218 112 306 357 201 239 246 267 353 462 444 284 169 367 210 462 444 216 313 147 108 148 444 379 409 283 431 226 314 444 406 121 181 238 382 443 444 419 410 441 309 215 415 444 442 270 240 283 344
0 101 101 408 101 196 253 101 383 101 134 378 101 408 101 101 101 101 101 147 101 101 101 101 101 101 101 265 101 101 101 101 101 101 100 101 101 408 408 101 101 101 101 101 368 101 0 101 408 101 101 218 101 101 248 136 101 101 101 101 238 101 101 101 264 101 101 101 101 101 101 101 408 101 101 211 101 364 101 101 101 200 101 191 101 101 101 101 124 101 101 101 101 101 202 101 383 408 101 181 115 170 408 192 408 101 101 101 101 101 101 408 235 101 101 101 101 181 101 101 408 101 101 101 363 101 101 101 101 408 408 216 187 101 284 101 101 101 283 101 267 101 101 232 101 408 408 169 101 408 267 101 408 101 259 101 101 101 101 101 101 101 101 101 101 101 313 101 157 101 101 101 101 101 101 101 374 101 101 408 101 101 101 101 101 101 101 101 101 408 256 101 101 101 101 101 101 101 101 408 287 101 101 101 101 344 101 101 398 298 261 101 101 408 101 101 304 101 101 297 185 101 101 101 101 101 140 101 145 101 101 101 169 101 101 101 101 101 101 101 101 135 101 408 101 165 262 101 101 408 101 311 313 201 101 101 101 101 101 101 310 101 101 101 406 101 408 336 101 101 101 101 128 101 101 101 408 101 101 101 101 101 101
0 124 124 124 124 124 207 124 124 124 124 124 124 124 453 124 146 124 124 124 124 124 124 112 370 124 124 124 124 124 117 124 124 100 124 124 124 124 124 124 446 457 124 124 194 0 436 124 124 124 124 124 378 124 124 124 409 124 460 124 268 356 456 124 124 124 124 292 124 124 124 124 124 124 124 110 124 124 124 340 124 318 124 124 146 101 124 124 455 291 124 128 124 124 306 124 124 388 124 115 124 124 124 124 168 124 201 124 417 124 124 124 124 161 218 124 124 168 334 124 147 124 124 124 124 124 301 167 124 124 124 124 124 124 124 124 370 124 124 124 124 124 124 124 124 124 124 124 124 124 124 124 218 124 124 124 381 264 124 275 124 441 124 124 241 124 432 124 418 124 164 460 124 124 360 124 124 103 124 124 233 108 399 323 124 460 124 124 124 124 454 122 124 124 296 124 335 429 124 124 403 457 307 124 124 124 409 124 124 124 124 124 124 246 124 124 191 322 124 124 124 124 305 124 418 124 124 124 291 272 124 124 124 124 124 306 107 201 124 124 124 108 124 124 124 124 124 124 124 124 124 124 124 124 124 124 124 124 283 124 124 124 460 124 121 124 124 382 443 460 124 124 441 124 124 124 124 442 124 240 283 344
0 396 279 196 253 207 383 158 134 378 165 396 396 259 115 146 263 147 126 339 259 396 112 259 188 265 200 396 245 117 103 148 100 259 385 396 396 305 375 259 259 259 368 194 0 259 396 281 396 218 386 259 248 136 238 259 396 259 238 259 259 259 264 259 216 259 259 396 259 259 396 205 259 211 110 364 259 167 259 200 259 191 152 146 101 124 124 259 259 246 128 382 202 259 383 396 259 181 115 170 396 192 396 168 238 201 259 259 167 396 235 210 161 218 259 181 168 259 396 147 212 345 363 259 269 259 167 396 396 216 187 144 284 276 259 259 283 308 267 259 396 232 287 396 396 169 323 396 267 259 396 218 259 259 164 259 259 396 259 297 259 309 396 241 313 259 157 259 396 164 259 136 259 259 374 259 223 396 357 233 108 259 259 259 259 396 240 396 256 259 122 259 285 259 149 259 259 396 287 259 259 259 219 344 205 259 396 298 261 314 141 396 246 396 304 191 259 297 185 187 259 259 108 259 140 185 145 259 259 234 169 259 396 218 259 107 201 260 130 135 259 396 237 165 262 259 211 396 259 311 313 201 281 396 259 259 259 259 310 226 259 259 396 121 396 336 259 259 259 259 128 259 178 215 396 175 259 258 240 259 259
0 205 414 253 207 414 339 134 378 260 412 285 414 115 146 414 147 126 414 396 382 314 370 281 265 200 407 245 117 103 144 100 330 205 196 440 375 167 414 414 414 414 194 0 414 101 258 263 218 414 378 248 136 238 409 345 414 414 268 356 414 264 414 216 414 292 175 356 404 261 101 398 211 110 364 391 414 340 200 318 191 152 146 107 124 124 414 291 269 128 165 202 306 383 397 388 181 115 170 447 192 447 168 238 201 414 414 386 410 313 259 161 218 270 181 168 334 344 147 212 276 383 312 279 301 167 310 447 216 187 414 284 323 279 370 235 396 267 340 185 232 149 447 447 169 398 447 267 414 363 218 259 373 164 381 264 305 275 385 414 414 308 241 287 414 157 414 141 164 414 297 414 360 374 292 223 447 414 233 412 399 323 291 414 130 240 447 256 414 122 331 136 296 167 335 414 432 368 403 414 307 219 336 178 409 398 298 283 237 287 447 246 211 304 191 322 297 185 187 305 305 108 414 140 158 145 291 272 234 169 414 218 112 306 357 201 239 246 135 353 447 414 165 262 367 210 447 414 311 313 201 108 148 414 379 409 283 414 226 314 414 406 121 447 238 382 414 414 414 410 414 309 215 415 414 414 270 240 283 344
0 196 205 207 205 279 134 205 260 205 279 279 115 146 205 147 126 279 279 279 279 279 279 205 200 279 245 117 103 148 100 279 205 205 205 205 205 279 279 279 205 194 0 279 205 258 205 205 279 279 205 136 238 279 205 279 205 268 279 279 205 279 216 279 279 175 279 279 205 101 279 205 110 205 279 167 279 200 279 191 152 146 107 124 124 279 279 205 128 165 202 279 205 205 279 181 115 170 205 192 205 168 238 201 279 279 279 205 205 259 161 218 270 181 168 279 205 147 212 205 205 279 205 279 167 205 205 205 187 144 205 205 279 279 205 279 205 279 185 205 149 205 205 169 205 205 205 279 205 218 205 279 164 279 264 205 275 279 279 279 279 241 205 279 157 279 141 164 279 279 279 279 205 279 223 205 279 233 279 279 279 279 279 205 240 205 205 279 122 279 136 279 167 279 279 205 205 279 279 279 219 205 178 279 205 205 205 237 279 205 246 211 205 191 279 205 185 187 279 279 108 279 140 158 145 279 272 234 169 279 218 112 279 279 201 239 130 135 279 205 279 165 205 279 210 205 279 205 205 201 108 205 279 279 279 279 205 226 279 279 205 121 205 205 279 279 279 279 128 279 279 215 205 279 279 270 240 279 279
0 253 196 383 196 134 378 196 412 196 196 115 146 196 147 126 196 196 196 196 196 196 265 196 196 196 117 103 144 100 196 196 431 440 196 167 196 196 196 368 194 0 196 101 196 196 218 196 196 248 136 196 196 196 196 196 196 196 196 264 196 196 196 196 175 196 196 441 101 196 211 110 364 196 196 196 200 196 191 152 146 107 124 124 196 196 196 128 165 202 196 383 441 196 181 115 170 441 192 441 168 196 196 196 196 196 196 235 196 161 196 196 181 168 196 196 147 196 196 363 196 196 196 167 410 441 216 187 196 284 196 196 196 283 196 267 196 185 232 149 441 441 169 196 441 267 196 441 196 259 196 164 196 196 196 196 196 196 196 196 196 313 196 157 196 141 164 196 196 196 196 374 196 196 441 196 196 196 196 196 196 196 130 196 441 256 196 122 196 136 196 167 196 196 432 287 196 196 196 196 196 178 196 398 298 261 196 196 441 196 196 304 191 196 297 185 187 196 196 108 196 140 158 145 196 196 196 169 196 196 112 196 196 196 196 196 135 196 441 196 165 262 196 196 441 196 311 313 201 108 148 196 196 196 196 310 196 196 196 406 121 441 196 196 196 196 196 128 196 196 196 415 196 196 196 196 196 196
0 207 253 253 253 253 253 253 253 253 115 146 253 253 126 253 253 253 253 253 253 253 200 253 245 117 103 144 169 253 205 196 170 253 167 253 253 253 253 194 0 253 101 253 253 253 253 253 253 253 238 253 253 253 253 253 253 253 192 253 216 253 253 175 253 253 253 101 253 124 110 115 253 253 253 253 253 248 152 146 107 124 165 253 253 253 128 165 253 253 253 253 253 202 253 253 100 134 253 168 238 201 253 253 253 253 253 253 161 218 253 218 168 253 253 147 212 253 253 253 253 253 167 253 253 253 253 253 187 253 253 253 235 253 181 253 185 253 149 211 253 253 253 253 253 253 253 218 136 253 164 253 253 253 253 253 253 253 253 241 253 253 157 253 141 164 253 253 253 253 253 253 223 201 253 233 253 253 253 253 253 130 240 145 253 253 122 253 136 253 167 253 253 253 253 253 253 253 219 253 178 253 135 253 253 237 253 253 246 211 140 191 253 253 191 187 253 253 108 253 200 158 253 253 253 234 185 253 218 112 253 253 201 239 246 253 253 253 253 253 169 253 210 253 253 216 264 147 108 148 253 253 253 253 253 226 253 253 232 121 181 238 253 253 253 253 253 253 253 215 253 253 253 253 240 253 253
0 207 158 134 207 165 207 207 124 207 146 207 147 207 207 207 207 112 370 188 207 207 207 187 117 207 148 100 207 207 207 207 207 207 432 432 207 207 207 0 432 207 207 207 207 207 207 207 136 207 409 207 432 207 268 356 432 207 207 152 207 292 207 207 207 207 205 207 207 110 207 207 167 340 200 318 191 207 146 101 207 124 432 161 207 128 207 202 306 207 207 388 181 115 170 207 192 207 168 207 201 207 417 167 207 207 207 194 207 207 181 168 334 207 147 207 207 207 207 207 301 207 207 207 207 187 144 207 207 207 370 207 207 207 207 207 207 207 207 207 169 207 207 207 207 207 218 207 207 207 381 207 207 207 207 432 207 207 241 207 207 157 418 207 164 432 136 207 207 207 207 103 207 207 233 108 399 323 207 207 207 207 207 207 432 122 207 207 296 149 335 207 207 207 403 432 207 207 207 205 207 207 207 207 207 141 207 246 207 207 191 322 207 185 207 207 305 207 418 140 185 145 291 272 207 169 126 207 207 306 107 201 207 130 135 108 207 207 165 207 164 207 207 207 207 207 201 207 207 207 207 200 283 207 207 207 207 207 121 207 207 382 432 432 207 128 432 178 207 207 175 124 207 240 283 207
0 339 134 378 260 412 285 383 115 146 383 147 126 383 383 382 314 370 281 265 200 383 245 117 103 144 100 330 205 196 440 375 167 383 383 383 383 194 0 383 101 258 263 218 383 378 248 136 238 383 345 383 383 268 356 383 264 383 216 383 292 175 356 383 261 101 383 211 110 364 383 383 340 200 318 191 152 146 107 124 124 383 291 269 128 165 202 306 383 383 383 181 115 170 456 192 473 168 238 201 383 383 383 383 313 259 161 218 270 181 168 334 344 147 212 276 363 312 279 301 167 310 449 216 187 383 284 323 279 370 235 383 267 340 185 232 149 460 473 169 383 465 267 383 447 218 259 373 164 381 264 305 275 383 383 383 308 241 287 383 157 383 141 164 383 297 383 360 374 292 223 462 383 233 383 383 323 291 383 130 240 469 256 383 122 331 136 296 167 335 383 432 368 383 383 307 219 336 178 383 398 298 283 237 287 473 246 211 304 191 322 297 185 187 305 305 108 383 140 158 145 291 272 234 169 383 218 112 306 357 201 239 246 135 353 473 383 165 262 367 210 473 383 311 313 201 108 148 383 379 383 283 383 226 314 383 406 121 473 238 382 383 383 383 383 383 309 215 415 383 383 270 240 283 344
0 134 339 165 339 339 158 115 146 263 147 126 158 158 339 112 158 188 265 158 339 158 117 103 148 100 158 339 339 339 305 339 158 158 158 339 158 0 158 339 281 339 218 339 158 248 136 158 158 339 158 238 158 158 158 264 158 158 158 158 158 158 158 339 205 158 211 110 339 158 167 158 200 158 191 152 146 101 124 124 158 158 246 128 339 202 158 339 339 158 181 115 170 339 192 339 158 158 158 158 158 167 339 235 158 158 158 158 181 158 158 339 147 158 339 339 158 269 158 158 339 339 216 187 144 284 276 158 158 283 308 267 158 339 232 287 339 339 169 323 339 267 158 339 158 259 158 158 158 158 339 158 297 158 309 339 158 313 158 157 158 339 158 158 136 158 158 339 158 158 339 339 158 108 158 158 158 158 339 158 339 256 158 122 158 285 158 149 158 158 339 287 158 158 158 158 339 205 158 339 298 261 314 141 339 158 158 304 158 158 297 185 158 158 158 108 158 140 185 145 158 158 158 169 158 339 218 158 107 158 260 130 135 158 339 237 165 262 158 158 339 158 311 313 201 281 339 158 158 158 158 310 158 158 158 339 121 339 336 158 158 158 158 128 158 178 158 339 158 158 258 158 158 158
0 134 134 134 134 134 115 134 134 134 126 134 134 134 134 134 134 134 134 134 134 117 103 134 134 134 134 134 134 134 134 134 134 134 134 134 0 134 101 134 134 134 134 134 134 134 134 134 134 134 134 134 134 134 264 134 134 134 134 134 134 134 134 101 134 124 110 115 134 134 134 134 134 134 134 134 107 124 134 134 134 134 128 134 134 134 134 134 134 134 134 134 100 192 134 134 134 134 134 134 134 134 134 134 134 134 134 134 134 134 134 134 134 134 134 134 134 134 134 134 134 134 134 134 134 134 134 134 134 134 134 134 134 134 134 134 134 134 134 134 134 134 134 134 134 134 134 134 134 134 134 134 134 134 134 134 134 134 157 134 134 134 134 134 134 134 134 134 134 134 134 134 134 134 134 134 134 130 134 134 134 134 122 134 134 134 134 134 134 134 134 134 134 134 134 134 134 134 134 134 134 134 134 134 134 134 134 134 134 134 134 134 134 134 108 134 134 134 134 134 134 134 134 134 134 112 134 134 134 134 134 134 134 134 134 134 134 134 134 134 134 134 313 134 108 134 134 134 134 134 134 134 134 134 134 121 134 134 134 134 134 134 134 134 134 134 134 134 134 134 134 134 134
0 260 378 285 378 115 146 378 378 126 378 378 378 314 370 281 265 200 378 245 117 103 144 169 330 205 196 170 375 167 378 378 378 378 194 0 378 101 258 263 378 378 378 378 311 238 378 345 378 378 268 356 378 264 378 216 378 292 175 356 378 261 101 378 124 110 364 378 378 340 200 318 248 152 146 107 124 165 378 291 269 128 165 378 306 383 378 378 202 115 259 100 192 444 168 238 201 378 378 378 378 313 259 161 218 270 218 168 334 344 147 212 276 378 312 279 301 167 310 378 374 267 378 187 323 279 370 235 378 181 340 185 232 149 211 444 378 378 444 262 378 363 218 136 373 164 378 264 305 275 378 378 378 308 241 287 378 157 378 141 164 378 297 378 360 378 292 223 201 378 233 378 378 323 291 378 130 240 444 256 378 122 331 136 296 167 335 378 432 368 378 378 307 219 336 178 378 135 298 283 237 287 444 246 211 304 191 322 297 191 187 305 305 108 378 140 158 145 291 272 234 185 378 218 112 306 357 201 239 246 267 353 444 378 284 169 367 210 444 378 216 313 147 108 148 378 378 378 283 378 226 314 378 406 121 181 238 378 378 378 378 378 378 309 215 415 378 378 270 240 283 344
0 260 260 165 115 146 260 147 126 165 165 260 165 165 165 260 165 165 165 117 103 148 100 165 260 260 260 260 260 165 165 165 260 165 0 165 260 165 260 218 165 165 248 136 165 165 260 165 238 165 165 165 260 165 165 165 165 165 165 165 260 205 165 211 110 260 165 167 165 200 165 191 152 146 101 124 124 165 165 246 128 260 202 165 260 260 165 181 115 170 260 192 260 165 165 165 165 165 165 260 235 165 161 165 165 181 165 165 260 147 165 260 260 165 260 165 165 260 260 216 187 144 260 260 165 165 260 165 260 165 165 232 149 260 260 169 260 260 260 165 260 165 259 165 164 165 165 260 165 260 165 260 165 165 260 165 157 165 141 164 165 136 165 165 260 165 165 260 260 165 165 165 165 165 165 260 165 260 256 165 122 165 260 165 165 165 165 260 260 165 165 165 165 260 205 165 260 260 260 165 165 260 165 165 260 165 165 260 185 165 165 165 108 165 140 158 145 165 165 165 169 165 165 112 165 107 165 165 130 135 165 260 165 165 260 165 165 260 165 260 260 201 108 260 165 165 165 165 260 165 165 165 260 121 260 260 165 165 165 165 128 165 178 165 260 165 165 165 165 165 165
0 285 412 115 146 412 147 126 412 396 382 314 370 281 265 200 407 245 117 103 144 169 330 205 196 440 375 167 412 412 412 412 194 0 412 101 258 263 218 412 378 412 136 238 409 345 412 412 268 356 412 264 412 216 412 292 175 356 404 261 101 398 211 110 364 391 412 340 200 318 248 152 146 107 124 124 412 291 269 128 165 202 306 383 397 388 181 115 170 100 192 456 168 238 201 412 412 386 410 313 259 161 218 270 181 168 334 344 147 212 276 383 312 279 301 167 310 412 216 187 412 284 323 279 370 235 396 267 340 185 232 149 456 456 398 398 456 262 412 363 218 259 373 164 381 264 305 275 385 412 412 308 241 287 412 157 412 141 164 412 297 412 360 374 292 223 456 412 233 412 399 323 291 412 130 240 456 256 412 122 331 136 296 167 335 412 432 368 403 412 307 219 336 178 409 135 298 283 237 287 456 246 211 304 191 322 297 191 187 305 305 108 412 140 158 145 291 272 234 185 412 218 112 306 357 201 239 246 267 353 456 412 165 169 367 210 456 412 311 313 201 108 148 412 379 409 283 412 226 314 412 406 121 456 238 382 412 412 412 410 412 309 215 415 412 412 270 240 283 344
0 452 115 146 263 147 126 452 396 382 314 370 281 265 200 407 245 117 103 148 100 330 205 285 285 285 285 446 452 452 285 194 0 436 285 258 285 218 417 378 248 136 238 409 285 452 238 268 356 452 264 452 216 441 292 175 356 404 285 205 398 211 110 285 391 167 340 200 318 191 152 146 101 124 124 452 291 246 128 165 202 306 285 285 388 181 115 170 285 192 285 168 238 201 452 417 386 285 235 259 161 218 270 181 168 334 285 147 212 285 285 312 269 301 167 285 285 216 187 144 284 276 279 370 283 396 267 340 185 232 149 285 285 169 285 285 267 452 285 218 259 373 164 381 264 285 275 385 441 423 308 241 285 432 157 418 141 164 452 297 452 360 285 292 223 285 285 233 412 399 323 291 452 285 240 285 256 452 122 331 136 296 167 335 429 285 285 403 452 307 219 285 178 409 285 285 261 237 287 285 246 211 285 191 322 285 185 187 305 305 108 418 140 158 145 291 272 234 169 431 218 112 306 107 201 239 130 135 353 285 452 165 262 367 210 285 452 285 285 201 108 285 452 379 409 283 285 226 314 452 285 121 285 285 382 443 452 419 128 441 309 215 285 452 442 270 240 283 344
0 409 124 263 147 441 339 367 423 112 124 188 265 245 396 187 117 431 148 100 212 385 431 440 305 375 124 124 453 368 124 0 124 440 281 423 218 386 124 248 136 398 124 451 124 238 124 124 124 264 238 152 279 124 453 270 238 453 205 314 211 110 364 373 167 124 200 124 191 240 124 101 124 124 124 124 246 124 382 202 124 383 453 124 181 115 170 453 192 453 124 396 124 215 124 167 441 235 210 124 124 331 181 124 124 410 124 453 345 363 291 269 124 124 410 449 216 187 144 284 276 453 124 283 308 267 453 417 232 287 453 453 169 323 453 267 391 447 124 259 226 453 124 124 453 124 297 124 309 453 124 313 124 157 124 407 124 124 136 219 124 374 419 103 453 357 124 108 124 124 317 124 398 234 453 256 124 122 292 285 124 149 124 124 432 287 124 124 124 305 344 205 124 398 298 261 314 141 453 124 453 304 124 124 297 185 379 453 124 356 124 140 185 145 124 124 396 169 126 453 218 124 107 124 260 130 135 108 453 237 165 262 164 211 453 404 311 313 201 281 408 353 330 200 124 310 216 312 124 406 121 453 336 124 124 124 223 128 124 178 340 415 175 124 258 124 124 124
0 146 115 115 115 115 115 115 112 370 115 115 115 115 115 117 115 115 100 115 115 115 115 115 115 409 409 115 115 194 0 409 115 115 115 115 115 378 115 115 238 409 115 409 115 268 356 409 115 409 115 115 292 115 115 115 115 115 398 115 110 115 115 115 340 115 318 115 115 146 101 124 115 409 291 115 128 115 115 306 115 115 388 115 115 115 115 115 115 168 115 201 115 409 115 115 115 115 161 218 115 115 168 334 115 147 115 115 115 312 115 301 167 115 115 115 115 115 115 115 115 370 115 115 115 115 115 115 115 115 115 115 115 115 115 115 115 218 115 115 115 381 264 115 275 115 409 115 115 241 115 409 115 409 115 164 409 115 115 360 115 115 103 115 115 233 108 399 323 291 409 115 115 115 115 409 122 115 115 296 115 335 409 115 115 403 409 307 115 115 115 409 115 115 115 115 115 115 246 115 115 191 322 115 115 115 115 305 115 409 115 115 115 291 272 115 115 115 115 115 306 107 201 115 115 115 108 115 115 115 115 115 115 115 115 115 115 115 115 115 115 115 115 283 115 115 314 409 115 121 115 115 382 409 409 115 115 409 115 115 115 115 409 115 240 283 344
0 146 146 146 146 146 146 112 146 146 146 146 146 146 146 146 146 100 146 146 146 146 146 146 117 117 146 146 146 0 117 146 146 146 146 146 146 146 136 146 117 146 117 146 117 146 117 146 146 146 146 117 146 146 146 146 146 146 146 110 146 146 146 117 146 117 146 146 117 101 146 124 117 146 146 117 146 146 117 146 146 117 146 115 146 146 146 146 146 146 146 146 117 146 146 146 146 146 146 146 146 117 117 146 117 146 146 146 146 146 117 146 146 146 146 146 144 146 146 146 117 146 146 146 146 146 146 146 146 146 146 146 146 146 146 146 146 146 146 146 117 146 146 146 146 117 146 146 117 146 146 146 117 146 117 146 136 146 146 146 146 103 146 146 117 108 146 117 146 146 146 146 146 146 117 117 146 146 117 146 117 146 146 146 146 117 146 146 146 146 146 146 146 146 146 141 146 146 146 146 117 117 146 146 146 146 117 146 146 140 146 145 146 117 146 146 126 146 146 117 107 117 146 130 135 108 146 146 146 146 146 146 146 146 146 146 146 146 146 146 146 146 117 146 146 146 146 146 117 146 146 117 117 146 146 128 117 146 146 146 146 124 146 146 117 146
0 147 126 263 263 263 263 263 263 265 200 263 245 117 103 148 100 263 205 417 417 305 375 263 263 263 368 194 0 263 417 258 417 218 263 263 248 136 238 263 263 263 238 263 263 263 264 263 216 263 263 175 263 263 417 101 263 211 110 364 263 167 263 200 263 191 152 146 107 124 124 263 263 263 128 165 202 263 383 417 263 181 115 170 417 192 417 168 238 201 263 263 263 417 235 259 161 218 263 181 168 263 410 147 212 263 363 263 263 263 167 410 417 216 187 144 284 263 263 263 283 263 267 263 185 232 149 417 417 169 263 417 267 263 417 218 259 263 164 263 263 417 263 263 263 263 263 241 313 263 157 263 141 164 263 263 263 263 374 263 223 417 263 233 263 263 263 263 263 130 240 417 256 263 122 263 136 263 167 263 263 417 287 263 263 263 219 344 178 263 398 298 261 237 263 417 246 211 304 191 263 297 185 187 263 263 108 263 140 158 145 263 263 234 169 263 218 112 263 263 201 239 246 135 263 417 263 165 262 263 210 417 263 311 313 201 108 408 263 263 263 263 310 226 263 263 406 121 417 336 263 263 263 263 128 263 263 215 415 263 263 263 240 263 263
0 126 147 147 147 147 147 147 265 147 147 147 117 103 144 147 147 147 147 147 147 147 147 147 147 147 147 0 147 101 147 147 147 147 147 147 147 147 147 147 147 147 147 147 147 264 147 147 147 147 147 147 147 147 101 147 124 110 364 147 147 147 200 147 147 147 146 107 124 147 147 147 147 128 147 147 147 383 147 147 147 115 147 100 192 440 147 147 147 147 147 147 147 147 147 147 147 147 147 147 147 147 147 147 147 147 147 147 147 147 147 147 147 147 147 147 147 147 147 147 147 147 147 147 232 147 147 440 147 147 440 147 147 147 147 136 147 147 147 147 147 147 147 147 147 147 147 147 147 157 147 141 147 147 147 147 147 147 147 147 440 147 147 147 147 147 147 147 130 147 440 256 147 122 147 136 147 147 147 147 432 147 147 147 147 147 147 147 147 135 298 147 147 147 440 147 147 304 147 147 297 147 147 147 147 108 147 140 147 145 147 147 147 147 147 147 112 147 147 147 147 147 147 147 440 147 147 147 147 147 440 147 147 313 201 108 147 147 147 147 147 147 147 147 147 406 121 147 147 147 147 147 147 147 147 147 147 415 147 147 147 147 147 147
0 126 126 126 112 370 126 126 200 126 245 117 103 126 100 330 126 126 126 126 126 441 441 441 126 194 0 436 126 126 126 126 126 378 126 126 238 409 126 441 126 268 356 441 126 441 126 126 292 126 356 126 126 126 398 126 110 126 126 126 340 126 318 126 126 146 101 124 124 441 291 126 128 126 126 306 126 126 388 126 115 126 126 126 126 168 126 201 126 417 126 126 126 126 161 218 270 126 168 334 126 147 212 126 126 312 126 301 167 126 126 126 126 126 126 126 126 370 126 126 126 126 126 126 126 126 126 126 126 126 126 126 126 218 126 126 126 381 264 126 275 126 441 126 126 241 126 432 126 418 126 164 441 126 126 360 126 292 223 126 126 233 108 399 323 291 441 126 126 126 126 441 122 331 126 296 126 335 429 126 126 403 441 307 126 126 126 409 126 126 126 126 126 126 246 126 126 191 322 126 126 187 126 305 108 418 126 126 126 291 272 126 126 431 126 126 306 107 201 126 126 126 353 126 126 126 126 126 126 126 126 126 126 126 126 126 441 379 409 283 126 126 314 441 126 121 126 126 382 441 441 419 126 441 126 126 126 126 441 126 240 283 344
0 339 423 112 339 188 265 200 396 245 117 103 148 100 330 385 431 440 305 375 339 339 339 368 194 0 339 440 281 423 218 386 339 248 136 238 339 451 339 238 268 339 339 264 339 216 339 292 175 339 339 473 205 339 211 110 364 339 167 339 200 318 191 152 146 101 124 124 339 291 246 128 382 202 306 383 464 339 181 115 170 456 192 478 168 238 201 339 339 167 441 235 259 161 218 270 181 168 334 410 147 212 345 363 312 269 301 167 410 449 216 187 144 284 276 279 339 283 308 267 339 417 232 287 460 478 169 323 465 267 339 447 218 259 339 164 339 264 454 275 297 339 309 469 241 313 339 157 339 407 164 339 136 339 339 374 292 223 462 357 233 108 339 323 291 339 398 240 469 256 339 122 331 285 296 149 335 339 432 287 339 339 307 219 344 205 339 398 298 261 314 141 478 246 211 304 191 322 297 185 187 305 305 108 339 140 185 145 291 272 234 169 339 467 218 306 107 201 260 130 135 339 477 237 165 262 339 210 478 339 311 313 201 281 408 339 339 339 283 310 226 314 339 406 121 478 336 339 339 339 339 128 339 178 215 415 339 339 258 240 283 339
0 396 112 367 188 265 200 396 245 117 103 148 100 330 385 396 396 305 375 367 367 367 368 194 0 367 396 281 396 218 386 367 248 136 238 367 396 367 238 268 356 367 264 367 216 367 292 396 356 238 396 205 367 211 110 364 367 167 340 200 318 191 152 146 101 124 124 367 291 246 128 382 202 306 383 396 367 181 115 170 396 192 396 168 396 201 367 367 167 396 235 210 161 218 270 181 168 334 396 147 212 345 363 312 269 301 167 396 396 216 187 144 284 276 279 367 283 308 267 340 396 232 287 396 396 169 323 396 267 367 396 218 259 367 396 367 264 396 275 297 367 309 396 241 313 367 157 367 396 164 367 136 367 360 374 292 223 396 357 233 108 367 323 291 367 396 240 396 256 367 122 331 285 296 149 335 367 396 287 367 367 307 219 344 205 367 396 298 261 314 141 396 246 396 304 191 322 297 185 187 305 305 108 367 140 185 145 291 272 234 169 367 396 218 306 107 201 260 130 135 353 396 237 165 262 164 211 396 396 311 313 201 281 396 367 367 367 283 310 226 314 367 396 121 396 336 367 367 367 367 128 367 178 215 396 175 367 258 240 283 344
0 314 370 281 265 200 407 245 117 103 148 100 330 382 382 382 305 375 423 423 423 368 194 0 423 382 258 382 218 417 378 248 136 238 409 382 423 238 268 356 423 264 423 216 423 292 175 356 404 382 205 398 211 110 364 391 167 340 200 318 191 152 146 101 124 124 423 291 246 128 165 202 306 382 382 388 181 115 170 382 192 382 168 238 201 423 417 386 382 235 259 161 218 270 181 168 334 382 147 212 345 363 312 269 301 167 382 382 216 187 144 284 276 279 370 283 396 267 340 185 232 149 382 382 169 323 382 267 423 382 218 259 373 164 381 264 382 275 297 423 309 308 241 313 423 157 418 141 164 423 136 423 360 374 292 223 382 357 233 412 399 323 291 423 382 240 382 256 423 122 331 285 296 167 335 423 382 287 403 423 307 219 344 205 409 382 298 261 237 287 382 246 211 304 191 322 297 185 187 305 305 108 418 140 158 145 291 272 234 169 423 218 112 306 107 201 239 130 135 353 382 423 165 262 367 210 382 423 311 313 201 108 382 423 379 409 283 310 226 314 423 382 121 382 336 382 423 423 419 128 423 178 215 382 423 423 270 240 283 344
0 112 188 265 112 112 112 112 103 148 100 112 314 314 314 305 314 112 112 112 314 112 0 112 314 281 314 218 112 112 248 136 112 112 314 112 238 112 112 112 264 112 112 112 112 112 112 112 314 205 112 211 110 314 112 167 112 200 112 191 112 112 101 112 124 112 112 246 112 314 202 112 314 314 112 181 115 170 314 192 314 112 112 112 112 112 112 314 235 112 112 112 112 181 112 112 314 112 112 314 314 112 269 112 112 314 314 216 187 144 284 276 112 112 283 112 267 112 112 232 112 314 314 169 314 314 267 112 314 112 259 112 112 112 112 314 112 297 112 309 112 112 313 112 157 112 112 112 112 136 112 112 314 112 112 314 314 112 108 112 112 112 112 314 112 314 256 112 112 112 285 112 112 112 112 314 287 112 112 112 112 314 205 112 314 298 261 112 112 314 112 112 304 112 112 297 185 112 112 112 108 112 140 112 145 112 112 112 169 112 314 218 112 107 112 260 130 135 112 314 112 165 262 112 112 314 112 311 313 201 281 314 112 112 112 112 310 112 112 112 314 112 314 314 112 112 112 112 128 112 178 112 314 112 112 258 112 112 112
0 188 265 245 370 187 117 370 148 100 212 370 370 370 305 370 399 399 370 368 370 0 399 370 281 370 218 370 344 248 136 370 399 370 399 238 268 356 399 264 238 152 279 292 370 270 238 370 205 314 211 110 364 370 167 340 200 318 191 240 146 101 291 124 399 161 246 128 370 202 306 370 370 388 181 115 170 370 192 370 168 370 201 215 399 167 370 235 210 194 360 331 181 168 334 370 147 370 345 363 291 269 301 218 370 370 216 187 144 284 276 370 370 283 308 267 370 370 232 287 370 370 169 323 370 267 370 370 207 259 226 370 381 307 370 370 297 399 309 370 241 313 275 157 399 370 164 218 136 219 370 370 370 103 370 357 233 108 370 323 317 370 370 234 370 256 399 122 292 285 296 149 335 370 370 287 399 399 370 305 344 205 370 370 298 261 314 141 370 246 370 304 191 322 297 185 370 370 305 356 399 140 185 145 291 272 370 169 126 370 218 306 107 201 260 130 135 108 370 237 165 262 164 211 370 370 311 313 201 281 370 353 330 200 283 310 216 312 370 370 121 370 336 382 399 399 223 128 399 178 340 370 175 124 258 240 283 264
0 265 188 188 188 117 103 148 100 188 281 281 281 281 281 188 188 188 281 188 0 188 281 188 281 218 188 188 248 136 188 188 281 188 238 188 188 188 264 188 188 188 188 175 188 188 281 205 188 211 110 281 188 167 188 200 188 191 152 146 101 124 124 188 188 246 128 281 202 188 281 281 188 181 115 170 281 192 281 168 188 188 188 188 188 281 235 188 161 188 188 181 168 188 281 147 188 281 281 188 269 188 167 281 281 216 187 144 281 276 188 188 281 188 267 188 185 232 149 281 281 169 281 281 267 188 281 188 259 188 164 188 188 281 188 281 188 281 188 188 281 188 157 188 141 164 188 136 188 188 281 188 188 281 281 188 108 188 188 188 188 281 188 281 256 188 122 188 281 188 167 188 188 281 281 188 188 188 188 281 205 188 281 281 261 188 188 281 188 188 281 188 188 281 185 187 188 188 108 188 140 158 145 188 188 188 169 188 188 112 188 107 188 260 130 135 188 281 188 165 262 188 188 281 188 281 281 201 281 281 188 188 188 188 281 188 188 188 281 121 281 281 188 188 188 188 128 188 178 188 281 188 188 188 188 188 188
0 200 265 245 117 103 144 169 265 205 196 170 265 167 265 265 265 265 194 0 265 101 258 263 265 265 265 265 265 238 265 265 265 265 265 265 265 264 265 216 265 265 175 265 265 261 101 265 124 110 364 265 265 265 200 265 248 152 146 107 124 165 265 265 265 128 165 265 265 383 265 265 202 115 259 100 192 494 168 238 201 265 265 265 265 265 259 161 218 265 218 168 265 265 147 212 265 265 265 265 265 167 265 265 265 265 265 187 265 265 265 235 265 181 265 185 232 149 211 265 265 265 265 262 265 265 218 136 265 164 265 264 265 265 265 265 265 265 241 265 265 157 265 141 164 265 265 265 265 265 265 223 201 265 233 265 265 265 265 265 130 240 469 256 265 122 265 136 265 167 265 265 432 265 265 265 265 219 265 178 265 135 265 265 237 265 488 246 211 304 191 265 297 191 187 265 265 108 265 140 158 145 265 265 234 185 265 218 112 265 265 201 239 246 265 265 265 265 265 169 265 210 494 265 216 313 147 108 148 265 265 265 265 265 226 265 265 406 121 181 238 265 265 265 265 265 265 265 215 415 265 265 265 240 265 265
0 200 187 117 200 148 100 200 200 200 200 200 200 245 245 200 200 194 0 245 200 200 200 200 200 245 200 136 238 245 200 245 200 245 245 245 200 245 152 200 245 200 200 200 200 200 245 200 110 200 200 167 245 200 245 191 200 146 101 124 124 245 245 200 128 200 200 245 200 200 245 181 115 170 200 192 200 168 200 201 200 245 167 200 200 200 161 218 200 181 168 245 200 147 200 200 200 245 200 245 167 200 200 200 187 144 200 200 200 245 200 200 200 200 200 200 200 200 200 169 200 200 200 200 200 218 200 200 200 245 245 200 245 200 245 200 200 241 200 245 157 245 200 164 245 136 200 245 200 200 103 200 200 233 108 245 245 245 245 200 200 200 200 245 122 200 200 245 149 245 245 200 200 245 245 245 200 200 200 245 200 200 200 200 141 200 245 200 200 191 245 200 185 200 200 245 200 245 140 185 145 245 245 200 169 126 200 200 245 107 201 200 130 135 108 200 200 165 200 164 200 200 200 200 200 200 200 200 200 200 245 245 200 200 245 245 200 121 200 200 245 245 245 200 128 245 178 200 200 175 245 200 240 245 245
0 245 117 103 148 100 330 385 407 407 305 375 396 396 396 368 194 0 396 407 281 407 218 396 378 248 136 238 396 407 396 238 268 356 396 264 396 216 396 292 175 356 396 407 205 396 211 110 364 391 167 340 200 318 191 152 146 101 124 124 396 291 246 128 382 202 306 383 407 388 181 115 170 407 192 407 168 238 201 396 396 386 407 235 259 161 218 270 181 168 334 407 147 212 345 363 312 269 301 167 407 407 216 187 144 284 276 279 370 283 308 267 340 185 232 149 407 407 169 323 407 267 396 407 218 259 373 164 381 264 407 275 297 396 309 407 241 313 396 157 396 141 164 396 136 396 360 374 292 223 407 357 233 108 396 323 291 396 398 240 407 256 396 122 331 285 296 167 335 396 407 287 396 396 307 219 344 205 396 398 298 261 314 287 407 246 211 304 191 322 297 185 187 305 305 108 396 140 158 145 291 272 234 169 396 407 218 306 107 201 260 130 135 353 407 237 165 262 367 210 407 396 311 313 201 281 407 396 379 396 283 310 226 314 396 406 121 407 336 382 396 396 396 128 396 178 215 407 396 396 258 240 283 344
0 117 245 148 100 212 245 245 245 245 245 187 187 245 245 187 0 187 245 245 245 218 245 187 245 136 187 187 245 187 238 187 187 187 245 187 152 245 187 245 245 238 245 205 187 211 110 245 245 167 187 200 187 191 240 146 101 124 124 187 187 245 128 245 202 187 245 245 187 181 115 170 245 192 245 168 245 187 215 187 167 245 235 210 161 187 245 181 168 187 245 147 245 245 245 187 245 187 167 245 245 216 187 144 245 245 245 187 245 245 245 245 245 232 245 245 245 169 245 245 245 245 245 187 245 226 245 187 187 245 187 245 187 245 245 187 245 187 157 187 245 164 187 136 219 187 245 245 103 245 245 187 108 187 187 187 187 245 234 245 245 187 122 245 245 187 149 187 187 245 245 187 187 187 245 245 205 187 245 245 245 245 141 245 187 245 245 187 187 245 185 245 245 187 245 187 140 185 145 187 187 245 169 126 245 218 187 107 187 245 130 135 108 245 237 165 245 164 211 245 245 245 245 201 245 245 245 245 187 187 245 216 187 187 245 121 245 245 187 187 187 223 128 187 178 245 245 175 187 245 187 187 187
0 117 117 100 117 117 117 117 117 117 403 403 117 117 117 0 403 117 117 117 117 117 117 117 117 117 403 117 403 117 268 117 403 117 117 117 117 292 117 117 117 117 117 117 117 110 117 117 117 340 117 318 117 117 146 101 117 117 403 117 117 128 117 117 306 117 117 388 117 115 117 117 117 117 117 117 117 117 403 117 117 117 117 117 117 117 117 168 334 117 147 117 117 117 117 117 301 117 117 117 117 117 117 117 117 117 370 117 117 117 117 117 117 117 117 117 117 117 117 117 117 117 117 117 117 117 381 117 117 117 117 403 117 117 241 117 117 117 403 117 164 117 117 117 117 117 117 103 117 117 233 108 117 323 117 117 117 117 117 117 403 122 117 117 296 117 335 117 117 117 117 403 117 117 117 117 117 117 117 117 117 117 117 117 117 117 191 322 117 117 117 117 305 117 117 117 117 117 117 272 117 117 117 117 117 306 107 201 117 117 117 108 117 117 117 117 117 117 117 117 117 117 117 117 117 117 117 117 283 117 117 117 117 117 121 117 117 382 403 117 117 117 403 117 117 117 117 117 117 117 283 117
0 103 100 330 103 103 103 103 103 431 431 431 103 194 0 431 103 103 103 103 103 378 103 103 238 409 103 431 103 268 356 431 103 431 103 103 292 103 356 103 103 103 398 103 110 103 103 103 340 103 318 103 103 146 101 124 103 431 291 103 128 103 103 306 103 103 388 103 103 103 103 103 103 168 103 201 103 417 103 103 103 103 161 218 270 103 168 334 103 147 212 103 103 312 103 301 167 103 103 103 103 103 103 103 103 370 103 103 103 103 103 103 103 103 103 103 103 103 103 103 103 218 103 103 103 381 264 103 275 103 431 103 103 241 103 431 103 418 103 164 431 103 103 360 103 292 223 103 103 233 103 399 323 291 431 103 103 103 103 431 122 331 103 296 103 335 429 103 103 403 431 307 103 103 103 409 103 103 103 103 103 103 246 103 103 191 322 103 103 187 103 305 108 418 103 103 103 291 272 103 103 103 103 103 306 103 201 103 103 103 353 103 103 103 103 103 103 103 103 103 103 103 103 103 431 379 409 283 103 103 314 431 103 121 103 103 382 431 431 419 103 431 103 103 103 103 431 103 240 283 344
0 100 148 148 144 144 148 148 148 148 148 144 148 0 148 144 148 148 144 148 148 144 136 148 148 148 148 144 148 148 148 144 148 148 148 148 148 148 148 144 101 148 144 110 144 148 148 148 144 148 144 148 146 107 124 124 148 148 148 128 148 144 148 144 144 148 144 115 144 144 144 144 148 148 148 148 148 148 144 144 148 148 148 148 144 148 148 144 147 148 148 144 148 148 148 148 144 144 144 144 148 144 148 148 148 144 148 144 148 148 144 148 144 144 144 148 144 144 148 144 148 144 148 148 148 148 148 148 148 148 148 148 148 144 148 144 148 141 148 148 148 148 148 144 148 148 144 148 148 148 148 148 148 148 130 148 144 144 148 122 148 136 148 148 148 148 144 144 148 148 148 148 144 148 148 144 144 144 148 148 144 148 148 144 148 148 144 144 148 148 148 108 148 140 148 144 148 148 148 144 148 148 112 148 148 148 148 148 135 148 144 148 144 144 148 148 144 148 144 144 144 108 144 148 148 148 148 144 148 148 148 144 121 144 144 148 148 148 148 128 148 148 148 144 148 148 148 148 148 148
0 100 100 100 169 100 100 100 100 100 100 100 0 100 100 100 100 169 100 100 100 136 100 100 100 100 100 100 100 100 169 100 100 100 100 100 100 100 100 100 100 169 100 169 100 100 100 169 100 100 100 100 100 100 124 100 100 100 100 100 169 100 169 100 100 169 115 169 169 169 169 100 100 100 100 100 100 100 100 100 100 100 100 169 100 100 100 100 100 100 100 100 100 100 100 100 100 169 169 100 169 100 100 100 100 100 169 100 100 169 100 169 169 100 100 169 100 100 100 100 169 100 100 100 100 100 100 100 100 100 100 100 100 100 157 100 100 100 100 100 100 100 169 100 100 169 100 100 100 100 100 100 100 100 100 169 169 100 100 100 100 100 100 100 100 169 100 100 100 100 100 100 100 100 100 169 100 100 100 169 100 100 169 100 100 169 100 100 100 100 100 100 140 100 145 100 100 100 100 100 100 100 100 100 100 100 100 100 100 169 100 165 100 100 100 169 100 169 169 169 100 100 100 100 100 100 100 100 100 100 169 100 169 100 100 100 100 100 100 100 100 100 169 100 100 100 100 100 100
0 330 330 330 305 330 212 212 330 330 194 0 212 330 281 330 218 330 212 248 136 212 212 330 212 238 212 212 212 264 212 152 279 212 330 270 238 330 205 212 211 110 330 330 167 212 200 212 191 240 146 101 124 124 212 212 246 128 330 202 212 330 330 212 181 115 170 330 192 330 168 330 201 215 212 167 330 235 210 161 212 330 181 168 212 330 147 330 330 330 212 269 212 167 330 330 216 187 144 284 276 330 212 283 308 267 330 330 232 287 330 330 169 323 330 267 330 330 212 259 226 330 212 212 330 212 297 212 309 330 212 313 212 157 212 330 164 212 136 219 212 330 330 103 330 330 212 108 212 212 212 212 330 234 330 256 212 122 292 285 212 149 212 212 330 287 212 212 212 305 330 205 212 330 298 261 314 141 330 212 330 304 191 212 297 185 187 330 212 330 212 140 185 145 212 212 330 169 126 330 218 212 107 201 260 130 135 108 330 237 165 262 164 211 330 330 311 313 201 281 330 330 212 212 212 310 216 212 212 330 121 330 330 212 212 212 223 128 212 178 330 330 175 212 258 212 212 212
0 205 205 205 205 385 385 385 205 194 0 385 205 258 205 205 385 378 205 136 238 385 205 385 205 268 356 385 205 385 216 385 292 175 356 385 205 205 385 205 110 205 385 167 340 200 318 191 152 146 101 124 124 385 291 205 128 165 202 306 205 205 385 181 115 170 205 192 205 168 238 201 385 385 385 205 205 259 161 218 270 181 168 334 205 147 212 205 205 312 205 301 167 205 205 205 187 144 205 205 279 370 205 385 205 340 185 205 149 205 205 169 205 205 205 385 205 218 205 373 164 381 264 205 275 205 385 385 308 241 205 385 157 385 141 164 385 136 385 360 205 292 223 205 205 233 385 385 323 291 385 205 240 205 205 385 122 331 205 296 167 335 385 205 205 385 385 307 219 205 178 385 205 205 205 237 287 205 246 211 205 191 322 205 185 187 305 305 108 385 140 158 145 291 272 234 169 385 218 112 306 107 201 239 130 135 353 205 385 165 205 367 210 205 385 205 205 201 108 205 385 379 385 283 205 226 314 385 205 121 205 205 382 385 385 385 128 385 309 215 205 385 385 270 240 283 344
0 196 375 167 431 431 431 196 194 0 431 101 258 263 196 417 378 196 136 238 409 345 431 431 268 356 431 196 431 216 431 292 175 356 404 196 101 398 196 110 196 391 423 340 196 318 191 152 146 107 124 124 431 291 269 128 165 196 306 196 196 388 181 115 170 196 192 196 168 238 201 431 417 386 410 196 259 161 218 270 181 168 334 344 147 212 276 196 312 279 301 167 196 196 196 187 431 196 323 279 370 196 396 196 340 185 196 149 196 196 169 398 196 196 431 196 218 196 373 164 381 264 305 275 385 431 423 308 241 196 431 157 418 141 164 431 297 431 360 196 292 223 196 431 233 412 399 323 291 431 130 240 196 196 431 122 331 136 296 167 335 429 196 196 403 431 307 219 336 178 409 196 196 196 237 287 196 246 211 196 191 322 196 185 187 305 305 108 418 140 158 145 291 272 234 169 431 218 112 306 357 201 239 246 135 353 196 431 165 196 367 210 196 431 196 196 196 108 148 431 379 409 283 196 226 314 431 196 121 196 238 382 431 431 419 128 431 309 215 196 431 431 270 240 283 344
0 375 167 440 440 440 440 194 0 436 101 258 263 412 417 378 440 311 238 409 345 440 440 268 356 440 170 440 216 440 292 175 356 404 261 101 398 124 110 170 391 423 340 170 318 248 152 146 107 124 165 440 291 269 128 165 440 306 170 397 388 202 115 259 100 170 170 168 238 201 440 417 386 410 313 259 161 218 270 218 168 334 344 147 212 276 383 312 279 301 167 310 414 374 267 440 187 323 279 370 235 396 181 340 185 170 149 211 170 398 398 170 262 440 363 218 136 373 164 381 264 305 275 385 440 423 308 241 287 432 157 418 141 164 440 297 440 360 440 292 223 170 440 233 412 399 323 291 440 130 240 170 170 440 122 331 136 296 167 335 429 170 368 403 440 307 219 336 178 409 135 170 283 237 287 170 246 211 170 191 322 170 191 187 305 305 108 418 140 158 145 291 272 234 185 431 218 112 306 357 201 239 246 267 353 170 440 284 169 367 210 170 440 216 170 170 108 148 440 379 409 283 431 226 314 440 170 121 181 238 382 440 440 419 410 440 309 215 170 440 440 270 240 283 344
0 167 305 305 305 368 194 0 305 375 258 263 218 305 305 248 136 238 305 305 305 238 268 305 305 264 305 216 305 292 175 305 305 375 101 305 211 110 364 305 305 305 200 305 191 152 146 107 124 124 305 291 269 128 165 202 305 375 375 305 181 115 170 375 192 375 168 238 201 305 305 305 375 235 259 161 218 270 181 168 305 375 147 212 276 363 305 279 301 167 375 375 216 187 144 284 305 279 305 283 305 267 305 185 232 149 375 375 169 305 375 267 305 375 218 259 305 164 305 264 375 275 305 305 305 305 241 313 305 157 305 141 164 305 297 305 305 374 292 223 375 305 233 305 305 305 291 305 130 240 375 256 305 122 305 136 296 167 305 305 375 287 305 305 305 219 344 178 305 375 298 261 237 287 375 246 211 304 191 305 297 185 187 305 305 108 305 140 158 145 291 272 234 169 305 218 112 305 305 201 239 246 135 305 375 305 165 262 305 210 375 305 311 313 201 108 375 305 305 305 283 310 226 305 305 375 121 375 336 305 305 305 305 128 305 305 215 375 305 305 270 240 283 305
0 375 375 375 167 194 0 375 167 258 263 167 375 375 167 136 238 375 345 375 167 268 356 375 167 375 216 375 292 175 356 375 167 101 375 167 110 167 375 375 340 167 318 167 152 146 107 124 124 375 291 269 128 165 167 306 167 167 375 167 115 167 167 167 167 168 238 201 375 375 375 167 167 259 161 218 270 167 168 334 167 147 212 276 167 312 279 301 167 167 167 167 167 144 167 323 279 370 167 375 167 340 185 167 149 167 167 167 375 167 167 375 167 218 167 373 164 375 264 167 275 375 375 375 308 241 167 375 157 375 141 164 375 297 375 360 167 292 223 167 375 233 375 375 323 291 375 130 240 167 167 375 122 331 136 296 167 335 375 167 167 375 375 307 219 167 178 375 167 167 167 237 287 167 246 211 167 191 322 167 167 187 305 305 108 375 140 158 145 291 272 234 167 375 218 112 306 357 201 239 246 135 353 167 375 165 167 367 210 167 375 167 167 167 108 167 375 375 375 283 167 226 314 375 167 121 167 167 375 375 375 375 128 375 309 215 167 375 375 270 240 283 344
0 233 446 368 378 0 296 440 281 423 218 386 344 248 136 398 388 446 388 238 443 446 382 264 238 152 279 220 446 270 238 446 205 314 211 409 364 373 167 323 200 283 191 240 146 101 291 124 164 161 246 110 382 202 306 383 446 446 181 115 170 446 192 446 409 396 168 215 128 167 441 235 210 194 360 331 181 168 272 410 305 446 345 363 291 269 146 218 410 446 216 187 144 284 276 446 446 283 308 267 446 417 232 287 446 446 169 323 446 267 391 446 207 259 226 446 302 307 446 446 297 446 309 446 306 313 275 157 441 407 335 218 136 219 429 374 419 103 446 357 147 108 446 241 317 446 398 234 446 256 122 418 292 285 441 149 417 409 432 287 246 283 446 305 344 205 442 398 298 261 314 141 446 418 446 304 191 436 297 185 379 446 268 356 201 140 185 145 240 121 396 169 126 446 218 322 107 446 260 130 135 108 446 237 165 262 164 211 446 404 311 313 201 281 408 353 330 200 381 310 216 312 446 406 201 446 336 370 318 370 223 128 334 178 340 415 175 124 258 356 446 264
0 457 368 378 0 233 440 281 423 218 386 344 248 136 398 233 451 233 238 443 457 233 264 238 152 279 233 457 270 238 457 205 314 211 110 364 373 167 233 200 283 191 240 146 101 291 124 233 161 246 128 382 202 233 383 457 233 181 115 170 456 192 457 409 396 168 215 233 167 441 235 210 194 360 331 181 168 233 410 305 457 345 363 291 269 146 218 410 449 216 187 144 284 276 457 233 283 308 267 457 417 232 287 457 457 169 323 457 267 391 447 207 259 226 457 302 307 454 457 297 233 309 457 233 313 275 157 233 407 164 218 136 219 429 374 419 103 457 357 147 108 457 233 317 457 398 234 457 256 233 122 292 285 233 149 233 409 432 287 246 233 457 305 344 205 442 398 298 261 314 141 457 418 457 304 191 233 297 185 379 457 268 356 201 140 185 145 240 233 396 169 126 457 218 233 107 201 260 130 135 108 457 237 165 262 164 211 457 404 311 313 201 281 408 353 330 200 381 310 216 312 453 406 121 457 336 233 318 370 223 128 233 178 340 415 175 124 258 356 233 264
0 368 194 0 436 440 281 423 218 386 378 248 136 238 409 451 465 238 268 356 456 264 460 152 279 292 478 270 238 473 205 398 211 110 364 373 167 340 200 318 191 240 146 101 124 124 455 291 246 128 382 202 306 383 464 388 181 115 170 456 192 494 168 396 201 215 417 167 441 235 210 161 218 331 181 168 334 410 147 212 345 363 312 269 301 167 410 449 216 187 144 284 276 499 370 283 308 267 488 417 232 287 460 497 169 323 465 267 391 447 218 259 226 478 381 264 454 275 297 441 309 469 241 313 432 157 418 407 164 465 136 219 360 374 419 103 462 357 233 108 399 323 291 465 398 234 469 256 454 122 292 285 296 149 335 429 432 287 403 457 307 305 344 205 409 398 298 261 314 141 488 246 463 304 191 322 297 185 187 486 305 356 418 140 185 145 291 272 396 169 126 467 218 306 107 201 260 130 135 108 477 237 165 262 164 211 494 404 311 313 201 281 408 353 379 409 283 310 216 314 465 406 121 484 336 382 443 465 223 128 441 178 340 415 175 442 258 240 283 344
0 194 0 368 101 258 263 218 368 368 248 136 238 368 345 368 368 268 356 368 264 368 216 368 292 175 356 368 464 101 368 211 110 364 368 368 340 200 318 191 152 146 107 124 124 368 291 269 128 165 202 306 383 368 368 181 115 170 456 192 464 168 238 201 368 368 368 368 235 259 161 218 270 181 168 334 344 147 212 276 363 312 279 301 167 310 449 216 187 368 284 323 279 368 283 368 267 340 185 232 149 460 464 169 368 464 267 368 447 218 259 368 164 368 264 305 275 368 368 368 308 241 313 368 157 368 141 164 368 297 368 360 374 292 223 462 368 233 368 368 323 291 368 130 240 464 256 368 122 331 136 296 167 335 368 432 287 368 368 307 219 336 178 368 398 298 261 237 287 464 246 211 304 191 322 297 185 187 305 305 108 368 140 158 145 291 272 234 169 368 218 112 306 357 201 239 246 135 353 464 368 165 262 367 210 464 368 311 313 201 108 148 368 368 368 283 368 226 314 368 406 121 464 238 368 368 368 368 368 368 309 215 415 368 368 270 240 283 344
0 0 378 194 194 194 194 194 194 194 136 194 378 194 378 194 268 356 378 194 194 152 194 292 194 194 194 194 194 194 194 110 194 194 167 340 194 318 191 194 146 101 124 124 378 291 194 128 194 194 306 194 194 378 181 115 170 194 192 194 168 194 201 194 378 167 194 194 194 161 218 194 181 168 334 194 147 194 194 194 194 194 301 167 194 194 194 187 144 194 194 194 370 194 194 194 194 194 194 194 194 194 169 194 194 194 194 194 218 194 194 194 378 194 194 275 194 378 194 194 241 194 378 157 378 194 164 378 136 194 360 194 194 103 194 194 233 108 378 323 194 378 194 194 194 194 378 122 194 194 296 149 335 378 194 194 378 378 194 194 194 194 378 194 194 194 194 141 194 246 194 194 191 322 194 185 194 194 305 194 378 140 185 145 291 272 194 169 126 194 194 306 107 201 194 130 135 108 194 194 165 194 164 194 194 194 194 194 194 194 194 194 194 194 283 194 194 194 194 194 121 194 194 378 378 378 194 128 378 178 194 194 175 378 194 240 283 194
0 0 0 0 0 0 0 0 0 0 0 0 0 0 0 0 0 0 0 0 0 0 0 0 0 0 0 0 0 0 0 0 0 0 0 0 0 0 0 0 0 0 0 0 0 0 0 0 0 0 0 0 0 0 0 0 0 0 0 0 0 0 0 0 0 0 0 0 0 0 0 0 0 0 0 0 0 0 0 0 0 0 0 0 0 0 0 0 0 0 0 0 0 0 0 0 0 0 0 0 0 0 0 0 0 0 0 0 0 0 0 0 0 0 0 0 0 0 0 0 0 0 0 0 0 0 0 0 0 0 0 0 0 0 0 0 0 0 0 0 0 0 0 0 0 0 0 0 0 0 0 0 0 0 0 0 0 0 0 0 0 0 0 0 0 0 0 0 0 0 0 0 0 0 0 0 0 0 0 0 0 0 0 0 0 0 0 0 0 0 0 0 0 0 0 0 0 0 0 0 0 0 0 0 0 0 0 0 0 0 0 0 0 0 0 0 0 0 0 0 0 0 0 0 0 0 0 0 0 0 0 0 0 0 0 0 0
0 436 281 423 218 386 344 248 136 398 388 436 388 238 436 436 382 264 238 152 279 220 436 270 238 436 205 314 211 409 364 373 167 296 200 283 191 240 146 101 291 124 164 161 246 110 382 202 296 383 436 436 181 115 170 436 192 436 409 396 168 215 128 167 436 235 210 194 360 331 181 168 272 410 305 436 345 363 291 269 146 218 410 436 216 187 144 284 276 436 436 283 308 267 436 417 232 287 436 436 169 323 436 267 391 436 207 259 226 436 302 307 436 436 297 436 309 436 241 313 275 157 436 407 335 218 136 219 429 374 419 103 436 357 147 108 436 296 317 436 398 234 436 256 122 418 292 285 436 149 417 409 432 287 246 283 436 305 344 205 436 398 298 261 314 141 436 418 436 304 191 296 297 185 379 436 268 356 201 140 185 145 240 121 396 169 126 436 218 296 107 436 260 130 135 108 436 237 165 262 164 211 436 404 311 313 201 281 408 353 330 200 381 310 216 312 436 406 201 436 336 370 318 370 223 128 334 178 340 415 175 124 258 356 436 264
0 258 263 101 417 378 101 101 238 409 345 440 101 268 356 440 101 440 216 440 292 175 356 404 101 101 398 101 110 101 391 423 340 101 318 101 152 146 107 124 101 440 291 269 128 165 101 306 101 101 388 101 101 101 101 101 101 168 238 201 440 417 386 101 101 259 161 218 270 101 168 334 101 147 212 276 101 312 279 301 167 101 101 101 101 440 101 323 279 370 101 396 101 340 185 101 149 101 101 101 398 101 101 440 101 218 101 373 164 381 264 305 275 385 440 423 308 241 101 432 101 418 141 164 440 297 440 360 101 292 223 101 440 233 412 399 323 291 440 130 240 101 101 440 122 331 136 296 167 335 429 101 101 403 440 307 219 101 178 409 101 101 101 237 287 101 246 211 101 191 322 101 101 187 305 305 108 418 101 158 101 291 272 234 101 431 218 112 306 357 201 239 246 101 353 101 440 101 101 367 210 101 440 101 101 101 108 148 440 379 409 283 101 226 314 440 101 121 101 101 382 440 440 419 101 440 309 215 101 440 440 270 240 283 344
0 258 218 281 281 248 136 238 281 258 281 238 268 281 281 258 281 216 281 281 175 281 281 258 205 281 211 110 258 281 167 281 200 281 191 152 146 101 124 124 281 281 246 128 258 202 281 258 258 281 181 115 170 258 192 258 168 238 201 281 281 281 258 235 259 161 218 270 181 168 281 258 147 212 258 258 281 258 281 167 258 258 216 187 144 258 258 279 281 258 281 258 281 185 232 149 258 258 169 258 258 258 281 258 218 258 281 164 281 264 258 275 258 281 258 281 241 258 281 157 281 141 164 281 136 281 281 258 281 223 258 258 233 108 281 281 281 281 258 240 258 256 281 122 281 258 281 167 281 281 258 258 281 281 281 219 258 205 281 258 258 258 237 281 258 246 211 258 191 281 258 185 187 281 281 108 281 140 158 145 281 272 234 169 281 218 112 281 107 201 258 130 135 281 258 281 165 258 281 210 258 281 258 258 201 258 258 281 281 281 281 258 226 281 281 258 121 258 258 281 281 281 281 128 281 178 215 258 281 281 270 240 281 281
0 218 417 378 248 136 238 409 345 423 238 268 356 423 263 423 216 423 292 175 356 404 263 101 398 211 110 263 391 167 340 200 318 191 152 146 107 124 124 423 291 269 128 165 202 306 263 263 388 181 115 170 263 192 263 168 238 201 423 417 386 263 235 259 161 218 270 181 168 334 263 147 212 276 263 312 279 301 167 263 263 216 187 144 263 323 279 370 263 396 263 340 185 232 149 263 263 169 398 263 263 423 263 218 259 373 164 381 264 263 275 385 423 423 308 241 263 423 157 418 141 164 423 297 423 360 263 292 223 263 423 233 412 399 323 291 423 130 240 263 256 423 122 331 136 296 167 335 423 263 263 403 423 307 219 263 178 409 263 263 261 237 287 263 246 211 263 191 322 263 185 187 305 305 108 418 140 158 145 291 272 234 169 423 218 112 306 357 201 239 246 135 353 263 423 165 262 367 210 263 423 263 263 201 108 263 423 379 409 283 263 226 314 423 263 121 263 263 382 423 423 419 128 423 309 215 263 423 423 270 240 283 344
0 218 218 218 136 218 218 218 218 218 218 218 218 264 218 216 218 218 175 218 218 218 101 218 211 110 364 218 218 218 200 218 218 152 146 107 124 124 218 218 218 128 165 202 218 383 218 218 181 115 170 100 192 412 168 218 201 218 218 218 218 218 218 161 218 218 181 168 218 218 147 212 218 218 218 218 218 167 218 218 216 187 218 284 218 218 218 218 218 267 218 185 232 149 412 412 218 218 412 218 218 218 218 259 218 164 218 218 218 218 218 218 218 218 218 218 218 157 218 141 164 218 218 218 218 374 218 218 412 218 218 218 218 218 218 218 130 218 412 256 218 122 218 136 218 167 218 218 412 218 218 218 218 218 218 178 218 135 298 218 218 218 412 218 211 304 191 218 297 191 187 218 218 108 218 140 158 145 218 218 218 185 218 218 112 218 218 201 218 218 218 218 412 218 165 169 218 210 412 218 311 313 201 108 148 218 218 218 218 218 218 218 218 406 121 412 218 218 218 218 218 218 218 218 215 412 218 218 218 218 218 218
0 378 248 136 238 386 417 386 238 268 356 386 264 386 216 386 292 175 356 386 417 205 386 211 110 364 386 167 340 200 318 191 152 146 101 124 124 386 291 246 128 382 202 306 383 417 386 181 115 170 417 192 417 168 238 201 386 386 167 417 235 259 161 218 270 181 168 334 410 147 212 345 363 312 269 301 167 410 417 216 187 144 284 276 279 370 283 308 267 340 185 232 287 417 417 169 323 417 267 386 417 218 259 373 164 381 264 417 275 297 386 309 417 241 313 386 157 386 407 164 386 136 386 360 374 292 223 417 357 233 108 386 323 291 386 398 240 417 256 386 122 331 285 296 149 335 386 417 287 386 386 307 219 344 205 386 398 298 261 314 141 417 246 211 304 191 322 297 185 187 305 305 108 386 140 158 145 291 272 234 169 386 417 218 306 107 201 260 130 135 353 417 237 165 262 367 210 417 386 311 313 201 281 408 386 379 386 283 310 226 314 386 406 121 417 336 382 386 386 386 128 386 178 215 415 386 386 258 240 283 344
0 248 136 378 344 378 344 238 268 344 344 264 238 152 279 292 378 270 238 378 205 314 211 110 364 373 167 340 200 318 191 240 146 101 124 124 344 291 246 128 378 202 306 378 378 344 181 115 170 378 192 378 168 378 201 215 344 167 378 235 210 161 218 331 181 168 334 378 147 378 345 363 291 269 301 167 378 378 216 187 144 284 276 378 344 283 308 267 378 378 232 287 378 378 169 323 378 267 378 378 218 259 226 378 344 307 378 275 297 344 309 378 241 313 344 157 344 378 164 344 136 219 344 374 378 103 378 357 233 108 344 323 317 344 378 234 378 256 344 122 292 285 296 149 335 344 378 287 344 344 378 305 344 205 344 378 298 261 314 141 378 246 378 304 191 322 297 185 378 378 305 356 344 140 185 145 291 272 378 169 126 378 218 306 107 201 260 130 135 108 378 237 165 262 164 211 378 378 311 313 201 281 378 353 330 200 283 310 216 312 378 378 121 378 336 344 344 344 223 128 344 178 340 378 175 344 258 240 283 264
0 136 238 248 248 248 248 248 248 248 264 248 216 248 248 175 248 248 248 101 248 211 110 364 248 248 248 200 248 191 152 146 107 124 124 248 248 248 128 165 202 248 383 248 248 181 115 170 449 192 449 168 238 201 248 248 248 248 248 248 161 218 248 181 168 248 248 147 212 248 248 248 248 248 167 248 248 216 187 248 284 248 248 248 235 248 267 248 185 232 149 449 449 169 248 449 267 248 248 218 259 248 164 248 248 248 248 248 248 248 248 241 248 248 157 248 141 164 248 248 248 248 374 248 223 449 248 233 248 248 248 248 248 130 240 449 256 248 122 248 136 248 167 248 248 432 248 248 248 248 219 248 178 248 398 298 248 237 248 449 246 211 304 191 248 297 185 187 248 248 108 248 140 158 145 248 248 234 169 248 218 112 248 248 201 239 246 135 248 449 248 165 262 248 210 449 248 311 313 201 108 148 248 248 248 248 248 226 248 248 406 121 449 238 248 248 248 248 248 248 248 215 415 248 248 248 240 248 248
0 136 136 136 136 136 136 136 136 264 136 136 136 136 136 136 136 136 101 136 124 110 311 136 136 136 200 136 136 136 136 107 124 136 136 136 136 128 136 136 136 311 136 136 136 115 170 100 192 311 136 136 136 136 136 136 136 136 136 136 136 136 136 136 136 136 136 136 136 136 136 136 136 136 136 136 136 136 136 136 136 136 136 136 136 136 136 136 232 136 136 311 136 136 311 136 136 136 136 259 136 136 136 136 136 136 136 136 136 136 136 136 136 157 136 136 136 136 136 136 136 136 136 136 311 136 136 136 136 136 136 136 130 136 311 256 136 122 136 136 136 136 136 136 311 136 136 136 136 136 136 136 136 135 298 136 136 136 311 136 136 304 136 136 297 136 136 136 136 108 136 140 136 145 136 136 136 136 136 136 112 136 136 136 136 136 136 136 311 136 136 136 136 136 311 136 136 311 201 108 136 136 136 136 136 136 136 136 136 311 121 136 136 136 136 136 136 136 136 136 136 311 136 136 136 136 136 136
0 398 238 398 238 268 356 398 238 398 152 238 292 238 238 238 238 205 238 211 110 238 238 167 340 200 318 191 238 146 101 124 124 398 291 238 128 238 202 306 238 238 388 181 115 170 238 192 238 168 238 201 215 398 167 238 235 210 161 218 238 181 168 334 238 147 238 238 238 238 238 301 167 238 238 216 187 144 238 238 238 370 238 238 238 238 238 232 238 238 238 169 238 238 238 238 238 218 238 226 238 381 264 238 275 238 398 238 238 241 238 398 157 398 238 164 398 136 219 360 238 238 103 238 238 233 108 398 323 238 398 238 234 238 238 398 122 238 238 296 149 335 398 238 238 398 398 307 238 238 205 398 238 238 238 238 141 238 246 238 238 191 322 238 185 238 238 305 238 398 140 185 145 291 272 238 169 126 238 218 306 107 201 238 130 135 108 238 237 165 238 164 211 238 238 238 238 201 238 238 238 238 200 283 238 216 238 398 238 121 238 238 382 398 398 223 128 398 178 238 238 175 398 238 240 283 344
0 409 388 238 409 409 388 264 238 152 279 220 409 270 238 409 205 314 211 110 364 373 167 340 200 283 191 240 146 101 291 124 388 161 246 128 382 202 306 383 409 388 181 115 170 409 192 409 409 396 168 215 388 167 409 235 210 194 360 331 181 168 334 409 305 409 345 363 291 269 146 218 409 409 216 187 144 284 276 409 370 283 308 267 409 409 232 287 409 409 169 323 409 267 391 409 207 259 226 409 302 307 409 409 297 388 309 409 241 313 275 157 388 407 164 218 136 219 409 374 409 103 409 357 147 108 409 323 317 409 398 234 409 256 388 122 292 285 296 149 335 409 409 287 246 388 409 305 344 205 409 398 298 261 314 141 409 409 409 304 191 322 297 185 379 409 268 356 201 140 185 145 240 272 396 169 126 409 218 306 107 201 260 130 135 108 409 237 165 262 164 211 409 404 311 313 201 281 408 353 330 200 381 310 216 312 409 406 121 409 336 382 318 370 223 128 388 178 340 409 175 124 258 356 283 264
0 451 238 268 356 451 264 451 216 441 292 175 356 404 345 101 398 211 110 345 391 167 340 200 318 191 152 146 107 124 124 451 291 269 128 165 202 306 345 345 388 181 115 170 345 192 345 168 238 201 451 417 386 345 235 259 161 218 270 181 168 334 345 147 212 276 345 312 279 301 167 345 345 216 187 144 284 323 279 370 283 396 267 340 185 232 149 345 345 169 398 345 267 451 345 218 259 373 164 381 264 345 275 385 441 423 308 241 313 432 157 418 141 164 451 297 451 360 345 292 223 345 451 233 412 399 323 291 451 130 240 345 256 451 122 331 136 296 167 335 429 345 287 403 451 307 219 344 178 409 345 298 261 237 287 345 246 211 304 191 322 297 185 187 305 305 108 418 140 158 145 291 272 234 169 431 218 112 306 357 201 239 246 135 353 345 451 165 262 367 210 345 451 311 313 201 108 345 451 379 409 283 310 226 314 451 345 121 345 336 382 443 451 419 128 441 309 215 345 451 442 270 240 283 344
0 238 443 473 382 264 238 152 279 220 478 270 238 473 205 314 211 409 364 373 167 340 200 283 191 240 146 101 291 124 164 161 246 110 382 202 306 383 464 456 181 115 170 456 192 491 409 396 168 215 128 167 441 235 210 194 360 331 181 168 334 410 305 491 345 363 291 269 146 218 410 449 216 187 144 284 276 491 454 283 308 267 488 417 232 287 460 491 169 323 465 267 391 447 207 259 226 478 302 307 454 489 297 455 309 469 241 313 275 157 441 407 335 218 136 219 429 374 419 103 462 357 147 108 474 323 317 473 398 234 469 256 122 418 292 285 296 149 417 409 432 287 246 388 491 305 344 205 442 398 298 261 314 141 488 418 463 304 191 322 297 185 379 486 268 356 201 140 185 145 240 272 396 169 126 467 218 306 107 201 260 130 135 108 477 237 165 262 164 211 491 404 311 313 201 281 408 353 330 200 381 310 216 312 453 406 121 484 336 370 318 370 223 128 388 178 340 415 175 124 258 356 283 264
0 238 238 238 264 238 216 238 238 175 238 238 440 101 238 211 110 364 238 238 238 200 238 191 152 146 107 124 124 238 238 238 128 165 202 238 383 440 238 181 115 170 440 192 440 168 238 201 238 238 238 440 235 238 161 218 238 181 168 238 410 147 212 238 363 238 238 238 167 410 440 216 187 238 284 238 238 238 283 238 267 238 185 232 149 440 440 169 238 440 267 238 440 218 259 238 164 238 238 238 238 238 238 238 238 238 313 238 157 238 141 164 238 238 238 238 374 238 223 440 238 233 238 238 238 238 238 130 238 440 256 238 122 238 136 238 167 238 238 432 287 238 238 238 219 344 178 238 398 298 261 237 238 440 238 211 304 191 238 297 185 187 238 238 108 238 140 158 145 238 238 234 169 238 218 112 238 238 201 238 238 135 238 440 238 165 262 238 210 440 238 311 313 201 108 148 238 238 238 238 310 226 238 238 406 121 440 336 238 238 238 238 128 238 238 215 415 238 238 238 238 238 238
0 268 443 264 238 152 268 292 268 268 238 268 205 268 211 110 268 268 167 340 200 268 191 240 146 101 268 124 443 161 246 128 268 202 306 268 268 388 181 115 170 268 192 268 268 268 168 215 417 167 268 235 210 194 268 268 181 168 334 268 147 268 268 268 268 268 146 218 268 268 216 187 144 268 268 268 370 268 268 267 268 268 232 268 268 268 169 268 268 267 268 268 207 259 226 268 268 268 268 268 268 441 268 268 241 268 268 157 418 268 164 218 136 219 268 268 268 103 268 268 233 108 268 323 268 268 268 234 268 256 443 122 268 268 296 149 335 268 268 268 246 443 268 268 268 205 268 268 268 261 268 141 268 268 268 268 191 322 268 185 268 268 305 268 201 140 185 145 240 272 268 169 126 268 218 306 107 201 260 130 135 108 268 237 165 262 164 211 268 268 268 268 201 268 268 268 268 200 268 268 216 268 268 268 121 268 268 382 268 268 223 128 441 178 268 268 175 124 258 268 283 264
0 456 264 238 152 279 292 356 270 238 356 205 314 211 110 356 356 167 340 200 318 191 240 146 101 291 124 455 161 246 128 356 202 306 356 356 388 181 115 170 356 192 356 168 356 201 215 417 167 356 235 210 194 356 331 181 168 334 356 147 356 345 356 291 269 301 218 356 356 216 187 144 284 276 356 370 283 308 267 356 356 232 287 356 356 169 323 356 267 356 356 207 259 226 356 381 307 356 356 297 441 309 356 241 313 275 157 418 356 164 218 136 219 356 356 356 103 356 356 233 108 356 323 317 356 356 234 356 256 454 122 292 285 296 149 335 356 356 287 403 457 356 305 344 205 356 356 298 261 314 141 356 246 356 304 191 322 297 185 356 356 305 356 418 140 185 145 291 272 356 169 126 356 218 306 107 201 260 130 135 108 356 237 165 262 164 211 356 356 311 313 201 281 356 353 330 200 283 310 216 312 356 356 121 356 336 382 443 356 223 128 441 178 340 356 175 124 258 240 283 264
0 264 238 152 279 220 456 270 238 456 205 314 211 409 364 373 167 340 200 283 191 240 146 101 291 124 164 161 246 110 382 202 306 383 456 382 181 115 170 456 192 456 409 396 168 215 128 167 441 235 210 194 360 331 181 168 334 410 305 456 345 363 291 269 146 218 410 449 216 187 144 284 276 456 454 283 308 267 456 417 232 287 456 456 169 323 456 267 391 447 207 259 226 456 302 307 454 456 297 455 309 456 241 313 275 157 441 407 335 218 136 219 429 374 419 103 456 357 147 108 456 323 317 456 398 234 456 256 122 418 292 285 296 149 417 409 432 287 246 382 456 305 344 205 442 398 298 261 314 141 456 418 456 304 191 322 297 185 379 456 268 356 201 140 185 145 240 272 396 169 126 456 218 306 107 201 260 130 135 108 456 237 165 262 164 211 456 404 311 313 201 281 408 353 330 200 381 310 216 312 453 406 121 456 336 370 318 370 223 128 382 178 340 415 175 124 258 356 283 264
0 264 216 264 264 175 264 264 261 101 264 124 110 115 264 264 264 264 264 248 152 146 107 124 165 264 264 264 128 165 264 264 264 264 264 202 264 259 100 134 264 168 238 201 264 264 264 264 264 259 161 218 264 218 168 264 264 147 212 264 264 264 264 264 167 264 264 264 264 264 187 264 264 264 235 264 181 264 185 264 149 211 264 264 264 264 262 264 264 218 136 264 164 264 264 264 264 264 264 264 264 241 264 264 157 264 141 164 264 264 264 264 264 264 223 201 264 233 264 264 264 264 264 130 240 145 264 264 122 264 136 264 167 264 264 264 264 264 264 264 219 264 178 264 135 264 264 237 264 264 246 211 140 191 264 264 191 187 264 264 108 264 200 158 264 264 264 234 185 264 218 112 264 264 201 239 246 264 264 264 264 264 169 264 210 256 264 216 192 147 108 148 264 264 264 264 264 226 264 264 232 121 181 238 264 264 264 264 264 264 264 215 264 264 264 264 240 264 264
0 152 279 238 460 270 238 460 205 314 211 110 364 373 167 238 200 238 191 240 146 101 124 124 238 238 246 128 382 202 238 383 460 238 181 115 170 456 192 460 168 396 201 215 238 167 441 235 210 161 218 331 181 168 238 410 147 460 345 363 291 269 238 167 410 449 216 187 144 284 276 460 238 283 308 267 460 417 232 287 460 460 169 323 460 267 391 447 218 259 226 460 238 238 454 238 297 238 309 460 238 313 238 157 238 407 164 238 136 219 238 374 419 103 460 357 233 108 238 238 317 238 398 234 460 256 238 122 292 285 238 149 238 238 432 287 238 238 238 305 344 205 238 398 298 261 314 141 460 238 460 304 191 238 297 185 379 460 238 356 238 140 185 145 238 238 396 169 126 460 218 238 107 201 260 130 135 108 460 237 165 262 164 211 460 404 311 313 201 281 408 353 330 200 238 310 216 312 238 406 121 460 336 238 238 238 223 128 238 178 340 415 175 238 258 238 238 238
0 152 152 216 152 216 216 205 152 211 110 216 152 167 152 200 152 191 216 146 101 124 124 152 152 216 128 216 202 152 216 216 152 181 115 170 216 192 216 152 216 152 152 152 167 216 216 210 152 152 152 181 152 152 216 147 152 216 216 152 216 152 152 216 216 216 187 144 216 216 152 152 216 216 216 152 216 216 216 216 216 169 216 216 216 152 216 152 216 152 216 152 152 216 152 216 152 216 216 152 216 152 157 152 216 152 152 136 152 152 216 152 152 216 216 152 108 152 152 152 152 216 216 216 216 152 122 152 216 152 149 152 152 216 216 152 152 152 152 216 205 152 216 216 216 216 141 216 152 216 216 152 152 216 185 152 152 152 108 152 140 185 145 152 152 216 169 152 216 216 152 107 152 216 130 135 152 216 216 165 216 164 211 216 216 216 216 201 216 216 152 152 152 152 216 152 152 152 216 121 216 216 152 152 152 152 128 152 178 152 216 175 152 216 152 152 152
0 279 441 279 238 441 205 279 211 110 364 373 167 279 200 279 191 240 146 101 124 124 279 279 246 128 382 202 279 383 441 279 181 115 170 441 192 441 168 396 201 215 279 167 441 235 210 161 218 270 181 168 279 410 147 212 345 363 279 269 279 167 410 441 216 187 144 284 276 441 279 283 308 267 441 417 232 287 441 441 169 323 441 267 391 441 218 259 226 441 279 264 441 275 297 279 309 441 241 313 279 157 279 407 164 279 136 219 279 374 279 223 441 357 233 108 279 279 279 279 398 234 441 256 279 122 279 285 279 149 279 279 432 287 279 279 279 305 344 205 279 398 298 261 314 141 441 246 441 304 191 279 297 185 187 441 279 108 279 140 185 145 279 272 396 169 279 441 218 279 107 201 260 130 135 279 441 237 165 262 164 211 441 404 311 313 201 281 408 279 279 279 279 310 216 279 279 406 121 441 336 279 279 279 279 128 279 178 340 415 175 279 258 240 279 279
0 292 270 238 292 205 292 211 110 292 292 167 220 200 283 191 240 146 101 291 124 220 161 246 128 292 202 220 292 292 220 181 115 170 292 192 292 292 292 168 215 220 167 292 235 210 194 292 292 181 168 220 292 292 292 292 292 291 269 146 218 292 292 216 187 144 284 276 292 220 283 292 267 292 292 232 287 292 292 169 292 292 267 292 292 207 259 226 292 292 292 292 292 292 220 292 292 220 292 275 157 220 292 164 218 136 219 292 292 292 103 292 292 147 108 292 220 292 292 292 234 292 256 220 122 292 285 220 149 220 292 292 287 246 220 292 292 292 205 292 292 292 261 292 141 292 292 292 292 191 220 292 185 292 292 268 292 201 140 185 145 240 220 292 169 126 292 218 220 107 201 260 130 135 108 292 237 165 262 164 211 292 292 292 292 201 281 292 292 292 200 292 292 216 292 292 292 121 292 292 220 292 292 223 128 220 178 292 292 175 124 258 292 220 264
0 356 404 175 175 398 175 110 175 391 167 340 175 318 175 152 146 101 124 124 455 291 175 128 175 175 306 175 175 388 175 115 170 175 175 175 168 238 201 478 417 167 175 175 259 161 218 270 175 168 334 175 147 212 175 175 312 175 301 167 175 175 175 175 144 175 175 279 370 175 175 175 340 175 175 175 175 175 169 175 175 175 478 175 218 175 373 164 381 264 175 275 175 441 175 175 241 175 432 157 418 175 164 474 136 478 360 175 292 223 175 175 233 108 399 323 291 478 175 240 175 175 454 122 331 175 296 149 335 429 175 175 403 457 307 219 175 175 409 175 175 175 175 141 175 246 211 175 191 322 175 175 187 305 305 108 418 140 175 145 291 272 234 169 431 175 175 306 107 201 175 130 135 353 175 175 165 175 367 210 175 478 175 175 175 175 175 465 379 409 283 175 226 314 478 175 121 175 175 382 443 473 419 128 441 175 215 175 463 442 175 240 283 344
0 238 356 205 270 211 110 356 356 167 270 200 270 191 240 146 101 124 124 270 270 246 128 356 202 270 356 356 270 181 115 170 356 192 356 168 356 201 215 270 167 356 235 210 161 218 331 181 168 270 356 147 212 345 356 270 269 270 167 356 356 216 187 144 284 276 356 270 283 308 267 356 356 232 287 356 356 169 323 356 267 356 356 218 259 226 356 270 264 356 270 297 270 309 356 241 313 270 157 270 356 164 270 136 219 270 356 356 103 356 356 233 108 270 270 270 270 356 234 356 256 270 122 292 285 270 149 270 270 356 287 270 270 270 305 344 205 270 356 298 261 314 141 356 246 356 304 191 270 297 185 187 356 270 108 270 140 185 145 270 270 356 169 126 356 218 270 107 201 260 130 135 270 356 237 165 262 164 211 356 356 311 313 201 281 356 270 270 270 270 310 216 270 270 356 121 356 336 270 270 270 223 128 270 178 340 356 175 270 258 240 270 270
0 404 205 238 211 110 364 238 167 238 200 238 191 152 146 101 124 124 238 238 246 128 382 202 238 383 404 238 181 115 170 404 192 404 168 396 201 238 238 167 404 235 210 161 218 238 181 168 238 404 147 212 345 363 238 269 238 167 404 404 216 187 144 284 276 238 238 283 308 267 238 404 232 287 404 404 169 323 404 267 238 404 218 259 238 164 238 238 404 238 297 238 309 404 238 313 238 157 238 404 164 238 136 238 238 374 238 223 404 357 233 108 238 238 238 238 398 238 404 256 238 122 238 285 238 149 238 238 404 287 238 238 238 219 344 205 238 398 298 261 314 141 404 238 404 304 191 238 297 185 187 238 238 108 238 140 185 145 238 238 234 169 238 404 218 238 107 201 260 130 135 238 404 237 165 262 238 211 404 238 311 313 201 281 404 238 238 238 238 310 226 238 238 404 121 404 336 238 238 238 238 128 238 178 215 404 175 238 258 238 238 238
0 101 398 211 110 261 391 423 340 200 318 191 152 146 107 124 124 455 291 269 128 165 202 306 261 397 388 181 115 170 261 192 261 168 238 201 473 417 386 410 313 259 161 218 270 181 168 334 344 147 212 276 261 312 279 301 167 310 261 216 187 454 261 323 279 370 235 396 261 340 185 232 149 261 261 169 398 261 261 473 261 218 259 373 164 381 264 305 275 385 441 423 308 241 287 432 157 418 141 164 473 297 473 360 261 292 223 261 452 233 412 399 323 291 473 130 240 261 256 454 122 331 136 296 167 335 429 261 368 403 457 307 219 336 178 409 261 261 283 237 287 261 246 211 261 191 322 261 185 187 305 305 108 418 140 158 145 291 272 234 169 431 218 112 306 357 201 239 246 135 353 261 469 165 261 367 210 261 473 261 261 201 108 148 465 379 409 283 431 226 314 473 261 121 261 238 382 443 473 419 410 441 309 215 261 463 442 270 240 283 344
0 205 101 110 101 205 101 205 101 205 101 152 146 107 124 101 205 205 101 128 165 101 205 101 101 205 101 101 101 101 101 101 168 205 201 205 205 205 101 101 205 161 205 205 101 168 205 101 147 205 101 101 205 101 205 167 101 101 101 101 101 101 101 205 205 101 205 101 205 185 101 149 101 101 101 101 101 101 205 101 205 101 205 164 205 205 101 205 205 205 205 205 205 101 205 101 205 141 164 205 205 205 205 101 205 205 101 205 205 205 205 205 205 205 101 205 101 101 205 122 205 136 205 167 205 205 101 101 205 205 205 205 101 178 205 101 101 101 205 205 101 205 205 101 191 205 101 101 187 205 205 108 205 101 158 101 205 205 205 101 205 205 112 205 205 201 205 101 101 205 101 205 101 101 205 205 101 205 101 101 101 108 101 205 205 205 205 101 205 205 205 101 121 101 101 205 205 205 205 101 205 205 205 101 205 205 205 205 205 205
0 211 110 364 373 167 314 200 314 191 240 146 101 124 124 314 291 246 128 382 202 306 383 398 314 181 115 170 398 192 398 168 396 201 215 314 167 398 235 210 161 218 331 181 168 314 398 147 398 345 363 291 269 301 167 398 398 216 187 144 284 276 398 314 283 308 267 398 398 232 287 398 398 169 323 398 267 391 398 218 259 226 398 314 264 398 275 297 314 309 398 241 313 314 157 314 398 164 314 136 219 314 374 398 103 398 357 233 108 314 314 317 314 398 234 398 256 314 122 292 285 296 149 314 314 398 287 314 314 307 305 344 205 314 398 298 261 314 141 398 246 398 304 191 314 297 185 379 398 305 356 314 140 185 145 291 272 396 169 126 398 218 306 107 201 260 130 135 108 398 237 165 262 164 211 398 398 311 313 201 281 398 353 330 200 283 310 216 312 314 398 121 398 336 314 314 314 223 128 314 178 340 398 175 314 258 240 283 314
0 110 124 211 211 211 124 211 211 152 146 107 124 165 211 211 211 128 165 211 211 124 211 211 202 115 124 100 124 124 168 211 201 211 211 211 211 211 211 161 211 211 211 168 211 211 147 211 211 211 211 211 211 167 211 211 124 211 211 187 211 211 211 211 211 181 211 185 124 149 124 124 211 211 124 211 211 211 211 124 211 164 211 211 211 211 211 211 211 211 211 211 211 124 211 141 164 211 211 211 211 124 211 211 124 211 211 211 211 211 211 211 130 211 124 124 211 122 211 136 211 167 211 211 124 211 211 211 211 211 211 178 211 135 124 211 211 211 124 211 211 124 191 211 124 191 187 211 211 108 211 124 158 124 211 211 211 185 211 211 112 211 211 201 211 211 211 211 124 211 211 169 211 210 124 211 124 124 124 108 148 211 211 211 211 211 211 211 211 124 121 181 211 211 211 211 211 211 211 211 211 124 211 211 211 211 211 211
0 110 110 110 340 110 110 110 110 146 101 110 110 409 110 110 128 110 110 306 110 110 388 110 110 110 110 110 110 110 110 110 110 409 110 110 110 110 110 110 110 110 168 334 110 110 110 110 110 110 110 110 110 110 110 110 110 110 110 110 110 370 110 110 110 110 110 110 110 110 110 110 110 110 110 110 110 110 110 110 110 110 110 110 110 110 409 110 110 241 110 110 110 409 110 164 110 110 110 110 110 110 103 110 110 110 108 110 323 110 110 110 110 110 110 409 122 110 110 296 110 335 110 110 110 110 409 110 110 110 110 110 110 110 110 110 110 110 110 110 110 191 322 110 110 110 110 110 110 110 110 110 110 110 272 110 110 110 110 110 306 107 201 110 110 110 108 110 110 110 110 110 110 110 110 110 110 110 110 110 110 110 110 110 110 110 110 110 110 121 110 110 382 110 110 110 110 409 110 110 110 110 110 110 110 283 110
0 364 364 340 364 318 248 152 146 107 124 165 364 291 269 128 165 364 306 115 364 364 202 364 259 100 115 304 168 238 201 364 364 364 364 313 259 161 218 270 218 168 334 344 147 212 276 364 312 279 301 167 310 364 364 267 364 187 323 279 364 235 364 181 340 185 297 149 211 364 364 364 298 262 364 363 218 136 364 164 364 264 305 275 364 364 364 308 241 287 364 115 364 141 164 364 297 364 360 364 292 223 201 364 233 364 364 323 291 364 130 240 115 364 364 122 331 136 296 167 335 364 364 364 364 364 307 219 336 178 364 135 364 283 237 287 364 246 211 140 191 322 364 191 187 305 305 108 364 200 158 115 291 272 234 185 364 218 112 306 357 201 239 246 267 353 364 364 284 169 364 210 256 364 216 115 147 108 148 364 364 364 283 364 226 314 364 232 121 181 238 364 364 364 364 364 364 309 215 265 364 364 270 240 283 344
0 167 340 200 318 191 240 146 101 124 124 373 291 246 128 382 202 306 383 391 373 181 115 170 391 192 391 168 391 201 373 373 167 391 235 210 161 218 270 181 168 334 391 147 212 345 363 312 269 301 167 391 391 216 187 144 284 276 279 370 283 308 267 340 391 232 287 391 391 169 323 391 267 373 391 218 259 226 391 373 264 391 275 297 373 309 391 241 313 373 157 373 391 164 373 136 373 360 374 292 223 391 357 233 108 373 323 291 373 391 234 391 256 373 122 331 285 296 149 335 373 391 287 373 373 307 219 344 205 373 391 298 261 314 141 391 246 391 304 191 322 297 185 187 305 305 108 373 140 185 145 291 272 391 169 373 391 218 306 107 201 260 130 135 353 391 237 165 262 164 211 391 391 311 313 201 281 391 373 373 373 283 310 216 314 373 391 121 391 336 373 373 373 373 128 373 178 215 391 175 373 258 240 283 344
0 167 200 167 191 152 146 107 124 124 167 167 167 128 165 202 167 383 423 167 181 115 170 423 192 423 167 167 167 167 167 167 423 235 167 161 167 167 181 167 167 410 147 167 167 363 167 167 167 167 410 423 216 187 144 284 167 167 167 283 167 267 167 167 232 149 423 423 169 167 423 267 167 423 167 259 167 164 167 167 423 167 167 167 167 167 167 313 167 157 167 141 164 167 167 167 167 374 167 167 423 167 167 167 167 167 167 167 130 167 423 256 167 122 167 136 167 167 167 167 423 287 167 167 167 167 344 167 167 398 298 261 167 167 423 167 167 304 167 167 297 185 167 167 167 108 167 140 158 145 167 167 167 169 167 167 112 167 167 167 167 167 135 167 423 167 165 262 167 167 423 167 311 313 201 108 408 167 167 167 167 310 167 167 167 406 121 423 336 167 167 167 167 128 167 167 167 415 167 167 167 167 167 167
0 200 283 191 240 146 101 291 124 164 161 246 110 340 202 306 340 340 340 181 115 170 340 192 340 340 340 168 215 128 167 340 235 210 194 340 331 181 168 272 340 305 340 340 340 291 269 146 218 340 340 216 187 144 284 276 340 340 283 308 267 340 340 232 287 340 340 169 323 340 267 340 340 207 259 226 340 302 307 340 340 297 340 309 340 306 313 275 157 340 340 335 218 136 219 340 340 340 103 340 340 147 108 340 241 317 340 340 234 340 256 122 340 292 285 340 149 340 340 340 287 246 283 340 305 340 205 340 340 298 261 314 141 340 340 340 304 191 340 297 185 340 340 268 340 201 140 185 145 240 121 340 169 126 340 218 322 107 340 260 130 135 108 340 237 165 262 164 211 340 340 311 313 201 281 340 340 330 200 340 310 216 312 340 340 201 340 336 340 318 340 223 128 334 178 340 340 175 124 258 340 340 264
0 200 200 152 146 107 124 165 200 200 200 128 165 200 200 383 200 200 200 115 200 100 192 432 168 200 200 200 200 200 200 200 200 161 200 200 200 168 200 200 147 200 200 200 200 200 200 167 200 200 200 200 200 187 200 200 200 200 200 181 200 185 232 149 200 200 200 200 200 200 200 200 200 136 200 164 200 200 200 200 200 200 200 200 200 200 200 157 200 141 164 200 200 200 200 200 200 200 200 200 200 200 200 200 200 200 130 200 432 256 200 122 200 136 200 167 200 200 200 200 200 200 200 200 200 178 200 135 200 200 200 200 200 200 200 304 191 200 297 191 187 200 200 108 200 140 158 145 200 200 200 185 200 200 112 200 200 200 200 200 200 200 200 200 200 169 200 200 432 200 200 313 147 108 148 200 200 200 200 200 200 200 200 406 121 181 200 200 200 200 200 200 200 200 200 200 200 200 200 200 200 200
0 191 240 146 101 291 124 283 161 246 128 318 202 283 318 318 283 181 115 170 318 192 318 318 318 168 215 283 167 318 235 210 194 318 318 181 168 283 318 147 318 318 318 291 269 146 218 318 318 216 187 144 284 276 318 283 283 308 267 318 318 232 287 318 318 169 318 318 267 318 318 207 259 226 318 302 307 318 318 297 283 309 318 241 313 275 157 283 318 164 218 136 219 318 318 318 103 318 318 233 108 318 283 317 318 318 234 318 256 283 122 292 285 283 149 283 318 318 287 246 283 318 305 318 205 318 318 298 261 314 141 318 318 318 304 191 283 297 185 318 318 283 318 201 140 185 145 240 272 318 169 126 318 218 283 107 201 260 130 135 108 318 237 165 262 164 211 318 318 311 313 201 281 318 318 318 200 318 310 216 312 318 318 121 318 318 283 283 318 223 128 283 178 318 318 175 124 258 318 283 264
0 152 146 107 124 124 191 191 191 128 165 202 191 248 191 191 181 115 170 248 192 248 168 191 191 191 191 191 191 191 191 161 191 191 181 168 191 191 147 191 191 191 191 191 191 167 191 191 216 187 191 248 191 191 191 191 191 248 191 185 232 149 248 248 169 191 248 248 191 191 191 248 191 164 191 191 191 191 191 191 191 191 191 191 191 157 191 141 164 191 191 191 191 248 191 191 248 191 191 191 191 191 191 191 130 191 248 248 191 122 191 136 191 167 191 191 248 191 191 191 191 191 191 178 191 248 248 191 191 191 248 191 191 248 191 191 248 185 187 191 191 108 191 140 158 145 191 191 191 169 191 191 112 191 191 191 191 191 135 191 248 191 165 248 191 191 248 191 248 248 201 108 148 191 191 191 191 191 191 191 191 248 121 248 191 191 191 191 191 191 191 191 191 248 191 191 191 191 191 191
0 146 101 124 124 240 240 152 128 152 152 240 152 152 240 152 115 152 152 152 152 168 152 201 240 240 152 152 152 152 161 218 240 152 168 240 152 147 212 152 152 240 152 240 167 152 152 152 152 144 152 152 240 240 152 152 152 240 152 152 152 152 152 152 152 152 152 240 152 218 152 240 152 240 240 152 240 152 240 152 152 240 152 240 152 240 152 164 240 136 240 240 152 240 223 152 152 233 108 240 240 240 240 152 152 152 152 240 122 240 152 240 149 240 240 152 152 240 240 240 219 152 152 240 152 152 152 152 141 152 240 152 152 191 240 152 152 187 240 240 108 240 140 152 145 240 240 152 152 240 152 152 240 107 201 152 130 135 240 152 152 152 152 152 152 152 152 152 152 152 152 152 240 240 240 240 152 226 240 240 152 121 152 152 240 240 240 240 128 240 152 215 152 152 240 152 240 240 240
0 101 146 124 146 146 146 110 146 146 167 146 146 146 146 115 146 146 146 146 146 146 146 146 128 146 146 146 146 146 146 146 146 167 146 146 146 146 146 146 146 146 146 146 146 146 146 146 144 146 146 146 146 146 146 146 146 146 146 146 146 146 146 146 146 146 146 146 146 146 146 146 146 146 146 146 146 146 146 146 146 146 146 146 146 146 146 146 136 146 146 146 146 103 146 146 146 108 146 146 146 146 146 146 146 146 122 146 146 146 146 146 146 146 146 146 146 146 146 146 146 146 146 146 146 146 146 141 146 146 146 146 167 146 146 146 146 146 146 146 146 140 146 145 146 121 146 146 126 146 146 146 107 146 146 130 135 108 146 146 146 146 146 146 146 146 146 146 146 146 146 146 146 146 146 146 146 146 146 146 146 146 146 146 146 146 146 128 146 146 146 146 146 124 146 146 146 146
0 101 107 101 101 107 101 101 107 101 107 107 101 107 107 107 107 107 107 101 101 101 101 101 101 107 107 101 101 101 101 107 101 101 107 101 101 107 107 101 107 101 101 107 107 107 107 107 107 107 101 101 107 101 107 101 101 107 101 107 107 107 107 107 107 101 107 101 107 101 101 101 101 107 101 101 101 101 101 101 107 101 107 101 101 101 101 101 101 101 107 101 101 107 101 101 101 101 101 101 101 107 101 107 107 101 101 101 101 101 101 101 101 107 107 101 101 101 101 107 101 101 107 107 107 101 101 107 101 101 107 101 101 107 107 101 101 101 101 101 107 101 107 101 101 101 107 101 101 101 101 101 101 101 107 107 101 107 101 107 107 101 101 107 101 107 107 107 101 107 101 101 101 101 107 101 101 101 107 101 107 107 101 101 101 101 107 101 101 101 107 101 101 101 101 101 101
0 124 291 124 124 128 124 124 291 124 124 291 124 115 124 124 124 124 168 124 201 124 291 124 124 124 124 124 218 124 124 168 291 124 147 124 124 124 124 124 291 167 124 124 124 124 124 124 124 124 291 124 124 124 124 124 124 124 124 124 124 124 124 124 124 124 218 124 124 124 291 124 124 275 124 291 124 124 241 124 291 124 291 124 164 291 124 124 291 124 124 103 124 124 233 108 291 291 124 291 124 124 124 124 291 122 124 124 291 124 291 291 124 124 291 291 124 124 124 124 291 124 124 124 124 124 124 246 124 124 191 291 124 124 124 124 291 124 291 124 124 124 291 272 124 124 124 124 124 291 107 201 124 124 124 108 124 124 124 124 124 124 124 124 124 124 124 124 124 124 124 124 283 124 124 124 124 124 121 124 124 291 291 291 124 124 291 124 124 124 124 291 124 240 283 124
0 124 124 124 124 124 124 124 165 124 124 124 115 165 100 165 165 124 124 124 124 124 124 124 124 124 124 124 124 124 124 124 124 124 124 124 124 124 124 124 124 124 124 165 124 124 124 124 124 124 124 124 124 124 124 165 124 165 165 124 124 165 124 124 124 124 165 124 124 124 124 124 124 124 124 124 124 124 124 124 157 124 124 124 124 124 124 124 165 124 124 165 124 124 124 124 124 124 124 124 124 165 165 124 122 124 124 124 124 124 124 165 124 124 124 124 124 124 124 124 124 165 124 124 124 165 124 124 165 124 124 165 124 124 124 124 108 124 140 124 145 124 124 124 124 124 124 112 124 124 124 124 124 124 124 165 124 124 124 124 124 165 124 165 165 165 108 124 124 124 124 124 124 124 124 124 165 121 124 124 124 124 124 124 124 124 124 124 165 124 124 124 124 124 124
0 161 246 110 382 202 164 383 455 164 181 115 170 455 192 455 409 396 168 215 128 167 441 235 210 194 360 331 181 164 164 410 305 455 345 363 291 269 146 218 410 449 216 187 144 284 276 455 164 283 308 267 455 417 232 287 455 455 169 323 455 267 391 447 207 259 226 455 302 307 454 455 297 164 309 455 164 313 275 157 164 407 335 218 136 219 429 374 419 103 455 357 147 108 455 164 317 455 398 234 455 256 164 122 292 285 164 149 417 409 432 287 246 164 455 305 344 205 442 398 298 261 314 141 455 418 455 304 164 164 297 185 379 455 268 356 201 140 185 145 240 164 396 169 126 455 218 164 107 164 260 130 135 108 455 237 165 262 164 211 455 404 311 313 201 281 408 353 330 200 381 310 216 312 453 406 121 455 336 164 318 370 223 128 164 178 340 415 175 124 258 356 164 264
0 246 128 291 202 161 291 291 161 181 115 170 291 192 291 161 291 161 215 161 167 291 235 210 194 161 291 181 161 161 291 147 291 291 291 291 269 161 161 291 291 216 187 144 284 276 291 161 283 291 267 291 291 232 287 291 291 169 291 291 267 291 291 161 259 226 291 161 291 291 161 291 161 291 291 161 291 161 157 161 291 161 161 136 219 161 291 291 103 291 291 161 108 161 161 291 161 291 234 291 256 161 122 291 285 161 149 161 161 291 287 161 161 291 291 291 205 161 291 291 261 291 141 291 161 291 291 161 161 291 185 291 291 161 291 161 140 185 145 161 161 291 169 126 291 218 161 107 161 260 130 135 108 291 237 165 262 164 211 291 291 291 291 201 281 291 291 291 200 161 291 216 291 291 291 121 291 291 161 161 161 223 128 161 178 291 291 175 161 258 161 161 264
0 128 165 202 246 269 269 246 181 115 170 269 192 269 168 238 201 246 246 246 269 235 246 161 218 246 181 168 246 269 147 212 269 269 246 246 246 167 269 269 216 187 144 269 269 246 246 269 246 267 246 185 232 149 269 269 169 269 269 267 246 269 218 259 246 164 246 246 269 246 246 246 246 246 241 269 246 157 246 141 164 246 246 246 246 269 246 223 269 246 233 246 246 246 246 246 269 240 269 256 246 122 246 136 246 167 246 246 269 269 246 246 246 219 269 178 246 269 269 261 237 246 269 246 211 269 191 246 269 185 187 246 246 108 246 140 158 145 246 246 234 169 246 218 112 246 246 201 239 130 135 246 269 246 165 262 246 210 269 246 269 269 201 108 269 246 246 246 246 269 226 246 246 269 121 269 269 246 246 246 246 128 246 246 215 269 246 246 246 240 246 246
0 128 128 110 128 128 110 128 115 128 128 128 128 128 128 128 128 110 128 128 128 128 128 128 128 128 110 110 128 128 128 128 128 128 128 128 128 128 128 128 128 128 128 128 128 110 128 128 128 128 128 128 128 128 128 128 128 128 128 128 128 128 128 128 128 128 128 128 128 128 110 128 128 110 128 128 128 110 128 110 128 128 128 128 128 128 103 128 128 128 108 128 110 128 128 128 128 128 128 110 110 128 128 110 128 110 128 128 128 128 110 128 128 128 128 128 128 128 128 128 128 128 128 128 128 110 110 128 128 128 128 128 128 128 128 128 128 128 110 128 128 126 128 128 110 107 110 128 128 128 108 128 128 128 128 128 128 128 128 128 128 128 128 128 128 128 128 128 128 128 128 128 128 110 128 128 110 128 128 128 128 110 128 128 128 128 124 128 128 110 128
0 165 306 165 165 382 165 115 165 165 165 165 168 238 201 382 382 382 165 165 259 161 218 270 165 168 334 165 147 212 165 165 312 165 301 167 165 165 165 165 144 165 165 279 370 165 382 165 340 185 165 149 165 165 165 165 165 165 382 165 218 165 373 164 381 264 165 275 165 382 165 308 241 165 382 157 382 141 164 382 136 382 360 165 292 223 165 165 233 382 382 323 291 382 165 240 165 165 382 122 331 165 296 167 335 382 165 165 382 382 307 219 165 165 382 165 165 165 237 287 165 246 211 165 191 322 165 165 187 305 305 108 382 140 158 145 291 272 234 165 382 218 112 306 107 201 239 130 135 353 165 382 165 165 367 210 165 382 165 165 165 108 165 382 379 382 283 165 226 314 382 165 121 165 165 382 382 382 382 128 382 165 215 165 382 382 270 240 283 344
0 202 383 202 202 181 115 170 100 192 484 168 202 201 202 202 202 202 202 202 161 202 202 202 168 202 202 147 202 202 202 202 202 202 167 202 202 216 187 202 284 202 202 202 202 202 267 202 185 232 149 460 484 202 202 465 202 202 202 202 259 202 164 202 202 202 202 202 202 202 202 202 202 202 157 202 141 164 202 202 202 202 374 202 202 462 202 202 202 202 202 202 202 130 202 469 256 202 122 202 136 202 167 202 202 432 202 202 202 202 202 202 178 202 135 298 202 202 202 484 202 202 304 191 202 297 191 187 202 202 108 202 140 158 145 202 202 202 185 202 202 112 202 202 201 202 202 202 202 477 202 165 169 202 202 484 202 311 313 201 108 148 202 202 202 202 202 202 202 202 406 121 181 202 202 202 202 202 202 202 202 202 415 202 202 202 202 202 202
0 306 306 306 181 115 170 306 192 306 306 306 168 215 128 167 306 235 210 194 306 306 181 146 272 306 305 306 306 306 291 269 146 218 306 306 216 187 144 284 276 306 306 283 306 267 306 306 232 287 306 306 169 306 306 267 306 306 207 259 226 306 302 306 306 306 297 306 306 306 306 306 275 157 306 306 306 218 136 219 306 306 306 103 306 306 147 108 306 241 306 306 306 234 306 256 122 306 292 285 306 149 306 306 306 287 246 283 306 305 306 205 306 306 298 261 306 141 306 306 306 304 168 306 297 185 306 306 268 306 201 140 185 145 240 121 306 169 126 306 218 306 107 306 260 130 135 108 306 237 165 262 164 211 306 306 306 306 201 281 306 306 306 200 306 306 216 306 306 306 201 306 306 306 306 306 223 128 306 178 306 306 175 124 258 306 306 264
0 383 383 202 383 259 100 192 304 168 238 201 383 383 383 383 313 259 161 218 270 218 168 334 344 147 212 276 383 312 279 301 167 310 383 374 267 383 187 323 279 370 235 383 181 340 185 297 149 211 383 383 383 298 262 383 363 218 136 373 164 381 264 305 275 383 383 383 308 241 287 383 157 383 141 164 383 297 383 360 383 292 223 201 383 233 383 383 323 291 383 130 240 145 383 383 122 331 136 296 167 335 383 383 368 383 383 307 219 336 178 383 135 378 283 237 287 383 246 211 140 191 322 383 191 187 305 305 108 383 200 158 364 291 272 234 185 383 218 112 306 357 201 239 246 267 353 383 383 284 169 367 210 256 383 216 313 147 108 148 383 379 383 283 383 226 314 383 232 121 181 238 382 383 383 383 383 383 309 215 265 383 383 270 240 283 344
0 388 181 115 170 397 192 397 168 238 201 464 417 386 410 235 259 161 218 270 181 168 334 344 147 212 276 363 312 279 301 167 310 397 216 187 454 284 323 279 370 283 396 267 340 185 232 149 397 397 169 398 397 267 464 397 218 259 373 164 381 264 305 275 385 441 423 308 241 313 432 157 418 141 164 464 297 464 360 374 292 223 397 452 233 412 399 323 291 464 130 240 397 256 454 122 331 136 296 167 335 429 397 287 403 457 307 219 336 178 409 397 298 261 237 287 397 246 211 304 191 322 297 185 187 305 305 108 418 140 158 145 291 272 234 169 431 218 112 306 357 201 239 246 135 353 397 464 165 262 367 210 397 464 311 313 201 108 148 464 379 409 283 431 226 314 464 397 121 397 238 382 443 464 419 410 441 309 215 397 463 442 270 240 283 344
0 181 115 170 388 192 388 388 388 168 215 128 167 388 235 210 194 360 331 181 168 334 388 305 388 345 363 291 269 146 218 388 388 216 187 144 284 276 388 388 283 308 267 388 388 232 287 388 388 169 323 388 267 388 388 207 259 226 388 302 307 388 388 297 388 309 388 241 313 275 157 388 388 335 218 136 219 388 374 388 103 388 357 147 108 388 323 317 388 388 234 388 256 122 388 292 285 296 149 388 388 388 287 246 456 388 305 344 205 388 388 298 261 314 141 388 388 388 304 191 322 297 185 379 388 268 356 201 140 185 145 240 272 388 169 126 388 218 306 107 201 260 130 135 108 388 237 165 262 164 211 388 388 311 313 201 281 388 353 330 200 381 310 216 312 388 388 121 388 336 370 318 370 223 128 441 178 340 388 175 124 258 356 283 264
0 115 170 100 192 202 168 181 181 181 181 181 181 181 181 161 181 181 181 168 181 181 147 181 181 181 181 181 181 167 181 181 202 187 181 202 181 181 181 181 181 202 181 181 202 149 202 202 181 181 202 181 181 181 181 202 181 164 181 181 181 181 181 181 181 181 181 181 181 157 181 141 164 181 181 181 181 202 181 181 202 181 181 181 181 181 181 181 130 181 202 202 181 122 181 136 181 167 181 181 202 181 181 181 181 181 181 178 181 135 202 181 181 181 202 181 181 202 181 181 202 181 181 181 181 108 181 140 158 145 181 181 181 181 181 181 112 181 181 181 181 181 181 181 202 181 165 169 181 181 202 181 202 202 201 108 148 181 181 181 181 181 181 181 181 202 121 181 181 181 181 181 181 181 181 181 181 202 181 181 181 181 181 181
0 115 100 192 115 115 115 115 115 115 115 115 115 115 115 115 115 115 115 115 115 115 115 115 115 115 115 115 115 115 115 115 115 115 115 115 115 115 115 115 115 115 115 115 115 115 115 115 115 115 115 115 115 115 115 115 115 115 115 115 115 115 115 115 115 115 115 115 157 115 115 115 115 115 115 115 115 115 115 115 115 115 115 115 115 115 115 115 115 469 115 115 115 115 115 115 115 115 115 115 115 115 115 115 115 115 115 115 115 115 115 115 115 115 115 115 115 115 115 115 115 115 115 115 108 115 115 115 145 115 115 115 115 115 115 112 115 115 115 115 115 115 115 115 115 115 115 115 115 115 115 115 313 115 108 115 115 115 115 115 115 115 115 115 115 115 115 115 115 115 115 115 115 115 115 115 115 115 115 115 115 115 115
0 100 192 259 168 170 170 170 170 170 170 170 170 161 170 170 170 168 170 170 147 170 170 170 170 170 170 167 170 170 170 170 170 170 170 170 170 170 170 170 170 170 232 149 170 259 170 170 259 170 170 170 170 136 170 164 170 170 170 170 170 170 170 170 170 170 170 157 170 141 164 170 170 170 170 170 170 170 259 170 170 170 170 170 170 170 130 170 259 256 170 122 170 136 170 167 170 170 259 170 170 170 170 170 170 170 170 135 259 170 170 170 259 170 170 259 170 170 259 170 170 170 170 108 170 140 158 145 170 170 170 170 170 170 112 170 170 170 170 170 170 170 259 170 170 169 170 170 259 170 170 259 201 108 148 170 170 170 170 170 170 170 170 259 121 170 170 170 170 170 170 170 170 170 170 259 170 170 170 170 170 170
0 100 100 168 238 201 456 417 386 410 313 259 161 218 270 100 168 334 344 147 212 276 383 312 279 301 167 310 414 100 100 454 100 323 279 370 235 396 100 340 185 100 149 100 100 398 398 100 262 456 363 218 100 373 164 381 264 305 275 385 441 423 308 241 287 432 100 418 141 164 456 297 456 360 100 292 223 100 452 233 412 399 323 291 456 130 240 100 100 454 122 331 136 296 167 335 429 100 368 403 456 307 219 336 178 409 135 100 283 237 287 100 246 211 100 191 322 100 191 187 305 305 108 418 100 158 100 291 272 234 185 431 218 112 306 357 201 239 246 267 353 100 456 100 169 367 210 100 456 100 100 100 108 148 456 379 409 283 431 226 314 456 100 121 100 238 382 443 456 419 410 441 309 215 100 456 442 270 240 283 344
0 192 168 192 192 192 192 192 192 192 192 161 192 192 192 168 192 192 147 192 192 192 192 192 192 167 192 192 192 192 192 187 192 192 192 192 192 181 192 185 192 149 192 192 192 192 192 192 192 192 192 136 192 164 192 192 192 192 192 192 192 192 192 192 192 134 192 141 164 192 192 192 192 192 192 192 192 192 192 192 192 192 192 192 130 192 145 192 192 122 192 136 192 167 192 192 192 192 192 192 192 192 192 178 192 135 192 192 192 192 192 192 192 140 191 192 192 191 187 192 192 108 192 192 158 192 192 192 192 185 192 192 112 192 192 192 192 192 192 192 192 192 192 169 192 192 192 192 192 134 147 108 148 192 192 192 192 192 192 192 192 192 121 181 192 192 192 192 192 192 192 192 192 192 192 192 192 192 192 192
0 168 238 201 486 417 386 410 313 259 161 218 270 218 168 334 344 147 212 276 383 312 279 301 167 310 414 374 267 454 187 323 279 370 235 396 181 340 185 232 149 211 477 398 398 298 262 488 363 218 136 373 164 381 264 305 275 385 441 423 308 241 287 432 157 418 141 164 474 297 494 360 460 292 223 201 452 233 412 399 323 291 489 130 240 304 256 454 122 331 136 296 167 335 429 488 368 403 457 307 219 336 178 409 135 378 283 237 287 415 246 211 140 191 322 297 191 187 305 305 108 418 200 158 145 291 272 234 185 431 218 112 306 357 201 239 246 267 353 465 469 284 169 367 210 304 478 216 304 147 108 148 465 379 409 283 431 226 314 491 304 121 181 238 382 443 473 419 410 441 309 215 265 463 442 270 240 283 344
0 168 201 168 409 167 168 168 168 168 168 168 168 168 334 168 147 168 168 168 168 168 301 168 168 168 168 168 144 168 168 168 370 168 168 168 168 168 168 168 168 168 168 168 168 168 168 168 168 168 168 168 381 168 168 168 168 409 168 168 241 168 168 157 409 168 164 168 136 168 168 168 168 103 168 168 233 108 168 323 168 168 168 168 168 168 409 122 168 168 296 149 335 168 168 168 403 409 168 168 168 168 168 168 168 168 168 141 168 246 168 168 191 322 168 168 168 168 305 168 409 140 168 145 168 272 168 168 126 168 168 306 107 201 168 130 135 108 168 168 165 168 164 168 168 168 168 168 168 168 168 168 168 168 283 168 168 168 168 168 121 168 168 382 409 168 168 128 409 168 168 168 168 124 168 168 283 168
0 201 396 396 167 238 235 210 161 218 270 181 168 334 238 147 212 238 238 312 238 301 167 238 238 216 187 144 238 238 279 370 238 238 238 340 238 232 238 238 238 169 238 238 238 396 238 218 238 373 164 381 264 238 275 238 396 238 238 241 238 396 157 396 238 164 396 136 396 360 238 292 223 238 238 233 108 396 323 291 396 238 240 238 238 396 122 331 238 296 149 335 396 238 238 396 396 307 219 238 205 396 238 238 238 238 141 238 246 238 238 191 322 238 185 187 305 305 108 396 140 185 145 291 272 234 169 396 238 218 306 107 201 238 130 135 353 238 237 165 238 367 211 238 396 238 238 201 238 238 396 379 396 283 238 226 314 396 238 121 238 238 382 396 396 396 128 396 178 215 238 175 396 238 240 283 344
0 201 168 167 201 201 201 194 201 201 181 168 168 201 147 201 201 201 201 201 168 201 201 201 201 187 144 201 201 201 168 201 201 201 201 201 201 201 201 201 169 201 201 201 201 201 201 201 201 201 168 201 201 201 201 168 201 201 168 201 201 157 168 201 164 201 136 201 201 201 201 103 201 201 168 108 201 168 201 201 201 201 201 201 168 122 201 201 168 149 168 201 201 201 168 168 201 201 201 201 201 201 201 201 201 141 201 168 201 201 168 168 201 185 201 201 168 201 168 140 185 145 201 168 201 169 126 201 201 168 107 168 201 130 135 108 201 201 165 201 164 201 201 201 201 201 201 201 201 201 201 200 168 201 201 201 201 201 121 201 201 168 168 201 201 128 168 178 201 201 175 124 201 201 168 201
0 215 167 441 235 210 161 215 215 181 168 215 410 147 212 345 363 215 269 215 167 410 449 216 187 144 284 276 215 215 283 308 267 486 417 232 287 460 486 169 323 465 267 391 447 215 259 226 478 215 215 454 215 297 215 309 469 215 313 215 157 215 407 164 215 136 215 215 374 215 215 462 357 215 108 215 215 215 215 398 234 469 256 215 122 215 285 215 149 215 215 432 287 215 215 215 215 344 205 215 398 298 261 314 141 486 215 463 304 191 215 297 185 187 215 215 108 215 140 185 145 215 215 396 169 215 467 218 215 107 201 260 130 135 215 477 237 165 262 164 211 486 404 311 313 201 281 408 215 215 215 215 310 216 215 215 406 121 484 336 215 215 215 215 128 215 178 340 415 175 215 258 215 215 215
0 167 417 235 210 194 360 331 181 128 128 410 305 417 345 363 291 269 146 218 410 417 216 187 144 284 276 417 128 283 308 267 417 417 232 287 417 417 169 323 417 267 391 417 207 259 226 417 302 307 417 417 297 128 309 417 128 313 275 157 128 407 128 218 136 219 417 374 417 103 417 357 147 108 417 128 317 417 398 234 417 256 128 122 292 285 128 149 128 409 417 287 246 128 417 305 344 205 417 398 298 261 314 141 417 417 417 304 128 128 297 185 379 417 268 356 201 140 185 145 240 128 396 169 126 417 218 128 107 128 260 130 135 108 417 237 165 262 164 211 417 404 311 313 201 0 408 353 330 200 381 310 216 312 417 406 121 417 336 128 318 370 223 128 128 178 340 415 175 124 258 356 128 264
0 386 235 167 161 167 167 181 167 167 386 147 167 345 363 167 269 167 167 386 386 216 187 144 284 276 167 167 283 308 267 167 167 232 287 386 386 169 323 386 267 167 386 167 259 167 164 167 167 386 167 297 167 309 386 167 313 167 157 167 386 164 167 136 167 167 374 167 167 386 357 167 108 167 167 167 167 386 167 386 256 167 122 167 285 167 149 167 167 386 287 167 167 167 167 344 205 167 386 298 261 314 141 386 167 167 304 167 167 297 185 167 167 167 108 167 140 158 145 167 167 167 169 167 386 218 167 107 167 260 130 135 167 386 237 165 262 167 167 386 167 311 313 201 281 386 167 167 167 167 310 167 167 167 386 121 386 336 167 167 167 167 128 167 178 167 386 167 167 258 167 167 167
0 235 259 161 218 270 181 168 334 344 147 212 276 363 312 279 301 167 410 410 216 187 441 284 323 279 370 283 396 267 340 185 232 149 410 410 169 398 410 267 441 410 218 259 373 164 381 264 305 275 385 441 423 308 241 313 432 157 418 141 164 441 297 441 360 374 292 223 410 441 233 412 399 323 291 441 130 240 410 256 441 122 331 136 296 167 335 429 410 287 403 441 307 219 336 178 409 398 298 261 237 287 410 246 211 304 191 322 297 185 187 305 305 108 418 140 158 145 291 272 234 169 431 218 112 306 357 201 239 246 135 353 410 441 165 262 367 210 410 441 311 313 201 108 148 441 379 409 283 310 226 314 441 406 121 410 238 382 441 441 419 128 441 309 215 410 441 441 270 240 283 344
0 235 161 218 235 181 168 235 235 147 212 235 313 235 235 235 167 235 313 216 187 235 284 235 235 235 283 235 267 235 185 232 149 313 313 169 235 313 267 235 313 218 259 235 164 235 235 235 235 235 235 235 235 235 235 235 157 235 141 164 235 235 235 235 313 235 223 313 235 233 235 235 235 235 235 130 235 313 256 235 122 235 136 235 167 235 235 313 235 235 235 235 219 235 178 235 313 298 261 235 235 313 235 211 304 191 235 297 185 187 235 235 108 235 140 158 145 235 235 234 169 235 218 112 235 235 201 235 235 135 235 313 235 165 262 235 210 313 235 311 313 201 108 148 235 235 235 235 235 226 235 235 313 121 313 235 235 235 235 235 235 235 235 215 313 235 235 235 235 235 235
0 161 210 210 181 168 210 259 147 210 259 259 210 259 210 167 259 259 216 187 144 259 259 210 210 259 259 259 210 259 232 259 259 259 169 259 259 259 210 259 210 259 210 164 210 210 259 210 259 210 259 259 210 259 210 157 210 259 164 210 136 210 210 259 210 210 259 259 210 108 210 210 210 210 259 210 259 256 210 122 210 259 210 149 210 210 259 259 210 210 210 210 259 205 210 259 259 259 259 141 259 210 259 259 191 210 259 185 187 210 210 108 210 140 185 145 210 210 210 169 210 259 218 210 107 201 259 130 135 210 259 237 165 259 210 211 259 210 259 259 201 259 259 210 210 210 210 259 210 210 210 259 121 259 259 210 210 210 210 128 210 178 210 259 175 210 258 210 210 210
0 194 161 161 168 194 161 147 161 161 161 161 161 194 167 161 161 161 161 144 161 161 161 194 161 161 161 161 161 161 161 161 161 161 161 161 161 161 161 194 161 161 161 194 161 161 194 161 194 161 161 194 161 194 157 194 161 164 194 136 161 194 161 161 103 161 161 194 108 194 194 161 194 161 161 161 161 194 122 161 161 194 149 194 194 161 161 194 194 161 161 161 161 194 161 161 161 161 141 161 194 161 161 191 194 161 161 161 161 194 161 194 140 161 145 194 194 161 161 126 161 161 194 107 194 161 130 135 108 161 161 161 161 161 161 161 161 161 161 161 161 161 161 161 161 194 161 161 161 161 161 121 161 161 194 194 194 161 128 194 161 161 161 161 194 161 194 194 161
0 218 181 168 334 218 147 218 218 218 218 218 301 167 218 218 216 187 144 218 218 218 360 218 218 218 218 218 218 218 218 218 169 218 218 218 218 218 218 218 218 218 360 218 218 275 218 360 218 218 241 218 360 157 360 218 164 360 136 218 218 218 218 103 218 218 233 108 360 323 218 360 218 218 218 218 360 122 218 218 296 149 335 218 218 218 360 360 218 218 218 205 218 218 218 218 218 141 218 246 218 218 191 322 218 185 218 218 305 218 360 140 185 145 291 272 218 169 126 218 218 306 107 201 218 130 135 108 218 218 165 218 164 211 218 218 218 218 201 218 218 218 218 200 283 218 216 218 218 218 121 218 218 360 360 360 218 128 360 178 218 218 175 124 218 240 283 218
0 181 168 331 270 147 212 270 270 312 269 301 167 270 270 216 187 144 270 270 270 331 270 270 267 270 270 232 270 270 270 169 270 270 267 270 270 218 259 226 270 331 264 270 275 270 331 270 270 241 270 331 157 331 270 164 331 136 219 331 270 270 103 270 270 233 108 331 323 291 331 270 234 270 256 331 122 270 270 296 149 331 331 270 270 331 331 307 270 270 205 331 270 270 261 270 141 270 246 270 270 191 322 270 185 187 270 305 108 331 140 185 145 291 272 270 169 126 270 218 306 107 201 260 130 135 331 270 237 165 262 164 211 270 270 270 270 201 270 270 331 331 331 283 270 216 314 331 270 121 270 270 331 331 331 223 128 331 178 270 270 175 331 258 240 283 331
0 168 181 181 147 181 181 181 181 181 181 167 181 181 216 187 181 218 181 181 181 181 181 218 181 181 218 149 218 218 181 181 218 181 181 181 181 218 181 164 181 181 181 181 181 181 181 181 181 181 181 157 181 141 164 181 181 181 181 218 181 181 218 181 181 181 181 181 181 181 130 181 218 218 181 122 181 136 181 167 181 181 218 181 181 181 181 181 181 178 181 135 218 181 181 181 218 181 181 218 181 181 218 181 181 181 181 108 181 140 158 145 181 181 181 181 181 181 112 181 181 181 181 181 181 181 218 181 165 169 181 181 218 181 218 218 201 108 148 181 181 181 181 181 181 181 181 218 121 218 181 181 181 181 181 181 181 181 181 218 181 181 181 181 181 181
0 168 168 168 168 168 168 168 168 146 168 168 168 168 168 144 168 168 168 168 168 168 168 168 168 168 168 168 168 168 168 168 168 168 168 168 168 168 168 168 168 168 168 168 168 168 168 168 168 168 157 168 168 168 168 136 168 168 168 168 103 168 168 147 108 168 168 168 168 168 168 168 168 122 168 168 168 168 149 168 168 168 168 168 168 168 168 168 168 168 168 168 168 168 141 168 168 168 168 146 168 168 168 168 168 168 168 168 140 168 145 168 121 168 168 126 168 168 168 107 168 168 130 135 108 168 168 165 168 164 168 168 168 168 168 168 168 168 168 168 168 168 168 168 168 168 168 168 168 168 168 168 168 168 128 168 168 168 168 168 124 168 168 168 168
0 334 305 334 334 334 291 269 146 218 334 334 216 187 144 284 276 334 334 283 308 267 334 334 232 287 334 334 169 323 334 267 334 334 207 259 226 334 302 307 334 334 297 334 309 334 241 313 275 157 334 334 334 218 136 219 334 334 334 103 334 334 147 108 334 272 317 334 334 234 334 256 122 334 292 285 272 149 334 334 334 287 246 283 334 305 334 205 334 334 298 261 314 141 334 334 334 304 191 272 297 185 334 334 268 334 201 140 185 145 240 121 334 169 126 334 218 272 107 334 260 130 135 108 334 237 165 262 164 211 334 334 311 313 201 281 334 334 330 200 334 310 216 312 334 334 201 334 334 334 318 334 223 128 272 178 334 334 175 124 258 334 334 264
0 147 212 276 344 312 279 301 167 344 344 216 187 410 284 323 279 370 283 396 267 340 185 232 149 344 344 169 398 344 267 410 344 218 259 373 164 381 264 305 275 385 410 410 308 241 313 410 157 410 141 164 410 297 410 360 344 292 223 344 410 233 410 399 323 291 410 130 240 344 256 410 122 331 136 296 167 335 410 344 287 403 410 307 219 336 178 409 344 298 261 237 287 344 246 211 304 191 322 297 185 187 305 305 108 410 140 158 145 291 272 234 169 410 218 112 306 357 201 239 246 135 353 344 410 165 262 367 210 344 410 311 313 201 108 148 410 379 409 283 310 226 314 410 344 121 344 238 382 410 410 410 128 410 309 215 344 410 410 270 240 283 344
0 147 147 147 147 147 146 147 147 147 147 147 144 147 147 147 305 147 147 147 147 147 147 147 147 147 147 147 147 147 147 147 147 147 147 147 147 147 147 147 147 305 147 147 241 147 147 147 305 147 164 147 136 147 147 147 147 103 147 147 233 108 147 305 147 147 147 147 147 147 305 122 147 147 296 147 305 147 147 147 147 305 147 147 147 147 147 147 147 147 147 141 147 147 147 147 191 305 147 147 147 147 147 147 147 140 147 145 147 272 147 147 126 147 147 305 107 201 147 130 135 108 147 147 147 147 147 147 147 147 147 147 147 147 147 147 147 147 147 147 147 147 147 147 121 147 147 305 147 147 147 128 305 147 147 147 147 124 147 147 283 147
0 212 212 312 212 301 167 212 212 212 187 144 212 212 212 370 212 212 212 212 212 212 212 212 212 169 212 212 212 212 212 218 212 212 212 381 264 212 275 212 441 212 212 241 212 432 157 418 212 164 474 136 212 360 212 212 103 212 212 233 108 399 323 291 489 212 212 212 212 454 122 212 212 296 149 335 429 212 212 403 457 307 212 212 205 409 212 212 212 212 141 212 246 212 212 191 322 212 185 187 212 305 212 418 140 185 145 291 272 212 169 126 212 212 306 107 201 212 130 135 108 212 212 165 212 164 211 212 212 212 212 201 212 212 212 379 409 283 212 212 314 491 212 121 212 212 382 443 473 212 128 441 178 212 212 175 442 212 240 283 344
0 276 312 279 301 167 276 276 216 187 144 276 323 279 345 276 345 267 340 185 232 149 276 276 169 345 276 267 345 276 218 259 345 164 345 264 276 275 345 345 345 308 241 276 345 157 345 141 164 345 297 345 345 276 292 223 276 345 233 345 345 323 291 345 130 240 276 256 345 122 331 136 296 167 335 345 276 276 345 345 307 219 276 178 345 276 276 261 237 287 276 246 211 276 191 322 276 185 187 305 305 108 345 140 158 145 291 272 234 169 345 218 112 306 345 201 239 246 135 345 276 345 165 262 345 210 276 345 276 276 201 108 276 345 345 345 283 276 226 314 345 276 121 276 276 345 345 345 345 128 345 309 215 276 345 345 270 240 283 344
0 312 279 301 167 310 383 216 187 363 284 323 279 363 235 363 267 340 185 232 149 383 383 169 363 383 267 363 383 218 259 363 164 363 264 305 275 363 363 363 308 241 287 363 157 363 141 164 363 297 363 360 374 292 223 383 363 233 363 363 323 291 363 130 240 383 256 363 122 331 136 296 167 335 363 383 363 363 363 307 219 336 178 363 383 298 283 237 287 383 246 211 304 191 322 297 185 187 305 305 108 363 140 158 145 291 272 234 169 363 218 112 306 357 201 239 246 135 353 383 363 165 262 363 210 383 363 311 313 201 108 148 363 363 363 283 363 226 314 363 383 121 383 238 363 363 363 363 363 363 309 215 383 363 363 270 240 283 344
0 269 291 167 312 312 216 187 144 284 276 312 291 283 308 267 312 312 232 287 312 312 169 312 312 267 312 312 218 259 226 312 291 264 312 275 297 291 309 312 241 312 291 157 291 312 164 291 136 219 291 312 312 103 312 312 233 108 291 291 312 291 312 234 312 256 291 122 292 285 291 149 291 291 312 287 291 291 291 305 312 205 291 312 298 261 312 141 312 246 312 304 191 291 297 185 312 312 291 312 291 140 185 145 291 272 312 169 126 312 218 291 107 201 260 130 135 108 312 237 165 262 164 211 312 312 311 312 201 281 312 312 312 200 283 310 216 291 291 312 121 312 312 291 291 291 223 128 291 178 312 312 175 291 258 240 283 291
0 269 167 279 279 216 187 144 279 276 269 269 279 269 267 269 185 232 149 279 279 169 279 279 267 269 279 218 259 269 164 269 264 279 269 269 269 269 269 241 279 269 157 269 141 164 269 269 269 269 279 269 223 279 269 233 269 269 269 269 269 279 240 279 256 269 122 269 136 269 167 269 269 279 279 269 269 269 219 279 178 269 279 279 261 237 269 279 246 211 279 191 269 279 185 187 269 269 108 269 140 158 145 269 269 234 169 269 218 112 269 269 201 239 130 135 269 279 269 165 262 269 210 279 269 279 279 201 108 279 269 269 269 269 279 226 269 269 279 121 279 279 269 269 269 269 128 269 269 215 279 269 269 269 240 269 269
0 218 301 301 216 187 144 284 276 301 146 283 301 267 301 301 232 287 301 301 169 301 301 267 301 301 207 259 226 301 146 301 301 301 297 146 301 301 146 301 275 157 146 301 146 218 136 219 301 301 301 103 301 301 146 108 301 146 301 301 301 234 301 256 146 122 292 285 146 149 146 301 301 287 246 146 301 301 301 205 301 301 298 261 301 141 301 301 301 301 146 146 297 185 301 301 146 301 201 140 185 145 240 146 301 169 126 301 218 146 107 146 260 130 135 108 301 237 165 262 164 211 301 301 301 301 201 281 301 301 301 200 146 301 216 301 301 301 121 301 301 146 146 301 223 128 146 178 301 301 175 124 258 301 146 264
0 167 167 167 167 144 167 167 167 218 167 167 167 167 167 167 167 167 167 167 167 167 167 167 167 218 167 167 167 218 167 167 218 167 218 167 167 218 167 218 157 218 167 164 218 136 167 167 167 167 103 167 167 218 108 218 218 167 218 167 167 167 167 218 122 167 167 218 149 218 167 167 167 218 218 167 167 167 167 167 167 167 167 167 141 167 218 167 167 191 218 167 167 167 167 218 167 218 140 167 145 218 218 167 167 126 167 167 218 107 201 167 130 135 108 167 167 165 167 164 167 167 167 167 167 167 167 167 167 167 167 218 167 167 167 167 167 121 167 167 218 218 218 167 128 218 167 167 167 167 124 167 218 218 167
0 310 216 187 410 284 323 279 370 283 396 267 340 185 232 149 310 310 169 398 310 267 410 310 218 259 373 164 381 264 305 275 385 410 410 308 241 310 410 157 410 141 164 410 297 410 360 310 292 223 310 410 233 410 399 323 291 410 130 240 310 256 410 122 331 136 296 167 335 410 310 287 403 410 307 219 336 178 409 310 298 261 237 287 310 246 211 304 191 322 297 185 187 305 305 108 410 140 158 145 291 272 234 169 410 218 112 306 357 201 239 246 135 353 310 410 165 262 367 210 310 410 310 310 201 108 148 410 379 409 283 410 226 314 410 310 121 310 238 382 410 410 410 128 410 309 215 310 410 410 270 240 283 344
0 216 187 449 284 323 279 370 235 396 267 340 185 232 149 414 414 169 398 414 267 449 363 218 259 373 164 381 264 305 275 385 441 423 308 241 287 432 157 418 141 164 449 297 449 360 374 292 223 414 449 233 412 399 323 291 449 130 240 414 256 449 122 331 136 296 167 335 429 414 368 403 449 307 219 336 178 409 398 298 283 237 287 414 246 211 304 191 322 297 185 187 305 305 108 418 140 158 145 291 272 234 169 431 218 112 306 357 201 239 246 135 353 414 449 165 262 367 210 414 449 311 313 201 108 148 449 379 409 283 431 226 314 449 406 121 414 238 382 443 449 419 410 441 309 215 414 449 442 270 240 283 344
0 216 216 187 216 216 216 216 216 181 216 185 232 149 211 374 216 216 374 216 216 216 216 259 216 164 216 216 216 216 216 216 216 216 216 216 216 157 216 141 164 216 216 216 216 216 216 216 374 216 216 216 216 216 216 216 130 216 374 256 216 122 216 136 216 167 216 216 374 216 216 216 216 216 216 178 216 135 298 216 216 216 374 216 211 304 191 216 297 191 187 216 216 108 216 140 158 145 216 216 216 185 216 216 112 216 216 201 216 216 216 216 374 216 216 169 216 210 374 216 311 313 201 108 148 216 216 216 216 216 216 216 216 374 121 181 216 216 216 216 216 216 216 216 215 374 216 216 216 216 216 216
0 187 267 187 187 187 187 187 181 187 185 232 149 267 267 187 187 267 187 187 187 187 259 187 164 187 187 187 187 187 187 187 187 187 187 187 157 187 141 164 187 187 187 187 267 187 187 267 187 187 187 187 187 187 187 130 187 267 256 187 122 187 136 187 167 187 187 267 187 187 187 187 187 187 178 187 135 267 187 187 187 267 187 187 267 187 187 267 187 187 187 187 108 187 140 158 145 187 187 187 185 187 187 112 187 187 187 187 187 187 187 267 187 165 169 187 187 267 187 267 267 201 108 148 187 187 187 187 187 187 187 187 267 121 181 187 187 187 187 187 187 187 187 187 267 187 187 187 187 187 187
0 284 144 144 144 283 144 267 144 144 232 144 454 454 169 144 454 267 144 447 144 259 144 144 144 144 144 144 144 144 144 144 144 313 144 157 144 141 144 144 144 144 144 374 144 144 454 144 144 144 144 144 144 144 130 144 454 256 144 122 144 136 144 144 144 144 432 287 144 144 144 144 344 144 144 398 298 261 144 144 454 144 144 304 144 144 297 185 144 144 144 108 144 140 144 145 144 144 144 169 144 144 112 144 144 144 144 144 135 144 454 144 165 262 144 144 454 144 311 313 201 108 408 144 144 144 144 310 144 144 144 406 121 454 336 144 144 144 144 128 144 144 144 415 144 144 144 144 144 144
0 284 279 284 235 284 181 284 185 187 149 187 187 284 284 187 262 284 284 218 187 284 164 284 264 284 275 284 284 284 284 241 284 284 157 284 141 164 284 284 284 284 187 284 223 187 284 233 284 284 284 284 284 130 240 187 187 284 122 284 136 284 167 284 284 187 284 284 284 284 219 284 178 284 135 187 283 237 284 187 246 211 187 191 284 187 191 187 284 284 108 284 140 158 145 284 272 234 185 284 218 112 284 284 201 239 246 267 284 187 284 165 169 284 210 187 284 187 187 187 108 148 284 284 284 283 284 226 284 284 187 121 181 238 284 284 284 284 284 284 284 215 187 284 284 270 240 283 284
0 276 276 283 276 267 276 185 232 149 323 323 169 276 323 267 276 323 218 259 276 164 276 264 323 275 276 276 276 276 241 313 276 157 276 141 164 276 276 276 276 323 276 223 323 276 233 276 276 276 276 276 130 240 323 256 276 122 276 136 276 167 276 276 323 287 276 276 276 219 323 178 276 323 298 261 237 276 323 246 211 304 191 276 297 185 187 276 276 108 276 140 158 145 276 272 234 169 276 218 112 276 276 201 239 246 135 276 323 276 165 262 276 210 323 276 311 313 201 108 323 276 276 276 276 310 226 276 276 323 121 323 323 276 276 276 276 128 276 276 215 323 276 276 270 240 276 276
0 370 279 279 267 279 279 232 279 279 279 169 279 279 267 279 279 218 259 226 279 381 264 279 275 279 441 279 279 241 279 432 157 418 279 164 474 136 219 360 279 292 223 279 279 233 108 399 323 291 489 279 234 279 256 454 122 331 279 296 149 335 429 279 279 403 457 307 279 279 205 409 279 279 261 279 141 279 246 279 279 191 322 279 185 187 279 305 108 418 140 185 145 291 272 279 169 431 279 218 306 107 201 260 130 135 353 279 237 165 262 164 211 279 279 279 279 201 279 279 465 379 409 283 279 216 314 491 279 121 279 279 382 443 473 419 128 441 178 279 279 175 442 258 240 283 344
0 283 308 267 370 370 232 287 370 370 169 323 370 267 370 370 207 259 226 370 302 307 370 370 297 370 309 370 241 313 275 157 370 370 335 218 136 219 370 370 370 103 370 357 147 108 370 323 317 370 370 234 370 256 122 370 292 285 296 149 370 370 370 287 246 454 370 305 344 205 370 370 298 261 314 141 370 370 370 304 191 322 297 185 370 370 268 356 201 140 185 145 240 272 370 169 126 370 218 306 107 201 260 130 135 108 370 237 165 262 164 211 370 370 311 313 201 281 370 353 330 200 370 310 216 312 370 370 121 370 336 382 318 370 223 128 441 178 340 370 175 124 258 356 283 264
0 283 235 283 185 232 149 235 235 169 283 235 235 283 235 218 235 283 164 283 264 283 275 283 283 283 283 241 283 283 157 283 141 164 283 283 283 283 235 283 223 235 283 233 283 283 283 283 283 130 240 235 235 283 122 283 136 283 167 283 283 235 283 283 283 283 219 283 178 283 235 235 235 237 283 235 246 211 235 191 283 235 185 187 283 283 108 283 140 158 145 283 272 234 169 283 218 112 283 283 201 239 246 135 283 235 283 165 235 283 210 235 283 235 235 201 108 148 283 283 283 283 283 226 283 283 235 121 235 238 283 283 283 283 283 283 283 215 235 283 283 270 240 283 283
0 267 308 185 232 149 396 396 169 323 396 267 308 396 218 259 308 164 308 264 396 275 297 308 309 396 241 313 308 157 308 141 164 308 136 308 308 374 292 223 396 357 233 108 308 308 291 308 396 240 396 256 308 122 308 285 296 167 308 308 396 287 308 308 307 219 344 205 308 396 298 261 314 287 396 246 211 304 191 308 297 185 187 305 305 108 308 140 158 145 291 272 234 169 308 396 218 306 107 201 260 130 135 308 396 237 165 262 308 210 396 308 311 313 201 281 396 308 308 308 283 310 226 308 308 396 121 396 336 308 308 308 308 128 308 178 215 396 308 308 258 240 283 308
0 267 185 181 149 181 181 267 267 181 262 267 267 218 181 267 164 267 264 267 267 267 267 267 267 241 267 267 157 267 141 164 267 267 267 267 181 267 223 181 267 233 267 267 267 267 267 130 240 181 181 267 122 267 136 267 167 267 267 181 267 267 267 267 219 267 178 267 135 181 267 237 267 181 246 211 181 191 267 181 191 187 267 267 108 267 140 158 145 267 267 234 185 267 218 112 267 267 201 239 246 267 267 181 267 165 169 267 210 181 267 181 181 181 108 148 267 267 267 267 267 226 267 267 181 121 181 238 267 267 267 267 267 267 267 215 181 267 267 267 240 267 267
0 340 232 287 340 340 169 323 340 267 340 340 218 259 226 340 381 264 340 275 297 441 309 340 241 313 432 157 418 340 164 474 136 488 360 340 292 223 340 340 233 108 399 323 291 488 340 234 340 256 454 122 331 285 296 149 335 429 340 287 403 457 307 219 340 205 409 340 298 261 314 141 340 246 340 304 191 322 297 185 187 305 305 108 418 140 185 145 291 272 340 169 431 340 218 306 107 201 260 130 135 353 340 237 165 262 164 211 340 340 311 313 201 281 340 465 379 409 283 310 216 314 488 340 121 340 336 382 443 473 419 128 441 178 215 340 175 442 258 240 283 344
0 185 185 185 185 169 185 185 185 417 185 218 185 373 164 381 264 185 275 185 417 185 185 241 185 417 157 417 185 164 417 136 417 360 185 292 223 185 185 233 108 399 323 291 417 185 240 185 185 417 122 331 185 296 149 335 417 185 185 403 417 307 219 185 185 409 185 185 185 185 141 185 246 211 185 191 322 185 185 187 305 305 108 417 140 158 145 291 272 234 169 417 185 185 306 107 201 185 130 135 353 185 185 165 185 367 210 185 417 185 185 185 185 185 417 379 409 283 185 226 314 417 185 121 185 185 382 417 417 417 128 417 178 215 185 417 417 185 240 283 344
0 149 211 232 232 232 232 232 232 232 218 136 232 164 232 232 232 232 232 232 232 232 232 232 232 157 232 141 164 232 232 232 232 232 232 223 201 232 232 232 232 232 232 232 130 232 297 256 232 122 232 136 232 167 232 232 232 232 232 232 232 219 232 178 232 135 232 232 232 232 232 232 211 140 191 232 232 191 187 232 232 108 232 200 158 145 232 232 232 185 232 218 112 232 232 201 232 232 232 232 232 232 232 169 232 210 297 232 216 297 147 108 148 232 232 232 232 232 226 232 232 297 121 181 232 232 232 232 232 232 232 232 215 232 232 232 232 232 232 232
0 149 149 149 149 149 149 287 149 218 149 287 164 287 264 149 275 149 287 149 149 241 149 287 149 287 149 164 287 136 287 287 149 287 223 149 149 233 108 287 287 287 287 149 240 149 149 287 122 287 149 287 167 287 287 149 149 287 287 287 219 149 149 287 149 149 149 149 141 149 246 211 149 191 287 149 149 187 287 287 108 287 140 158 145 287 272 234 149 287 149 149 287 107 201 149 130 135 287 149 149 149 149 287 210 149 287 149 149 149 149 149 287 287 287 283 149 226 287 287 149 121 149 149 287 287 287 287 128 287 149 215 149 287 287 149 240 283 287
0 211 398 398 211 262 460 363 218 211 373 164 381 264 305 275 385 441 423 308 241 287 432 157 418 141 164 460 297 460 360 211 292 223 211 452 233 412 399 323 291 460 130 240 211 211 454 122 331 136 296 167 335 429 211 368 403 457 307 219 336 178 409 135 211 283 237 287 211 246 211 211 191 322 211 191 187 305 305 108 418 140 158 145 291 272 234 185 431 218 112 306 357 201 239 246 267 353 211 460 284 169 367 210 211 460 211 211 201 108 148 460 379 409 283 431 226 314 460 211 121 181 238 382 443 460 419 410 441 309 215 211 460 442 270 240 283 344
0 398 398 298 262 488 363 218 136 373 164 381 264 305 275 385 441 423 308 241 287 432 157 418 141 164 474 297 497 360 460 292 223 201 452 233 412 399 323 291 489 130 240 469 256 454 122 331 136 296 167 335 429 432 368 403 457 307 219 336 178 409 135 378 283 237 287 477 246 211 304 191 322 297 191 187 305 305 108 418 140 158 145 291 272 234 185 431 218 112 306 357 201 239 246 267 353 465 469 284 169 367 210 477 478 216 313 147 108 148 465 379 409 283 431 226 314 491 406 121 181 238 382 443 473 419 410 441 309 215 415 463 442 270 240 283 344
0 169 398 169 169 169 169 259 169 164 169 169 169 169 169 169 169 169 169 169 169 157 169 141 164 169 169 169 169 374 169 169 398 169 169 169 169 169 169 169 130 169 398 256 169 122 169 136 169 167 169 169 398 169 169 169 169 169 169 169 169 135 298 169 169 169 398 169 169 304 169 169 297 169 169 169 169 108 169 140 158 145 169 169 169 169 169 169 112 169 169 169 169 169 169 169 398 169 165 169 169 169 398 169 311 313 201 108 148 169 169 169 169 169 169 169 169 398 121 398 169 169 169 169 169 169 169 169 169 398 169 169 169 169 169 169
0 398 267 323 398 218 259 323 164 323 264 398 275 323 323 323 308 241 313 323 157 323 141 164 323 297 323 323 374 292 223 398 323 233 323 323 323 291 323 130 240 398 256 323 122 323 136 296 167 323 323 398 287 323 323 307 219 344 178 323 398 298 261 237 287 398 246 211 304 191 322 297 185 187 305 305 108 323 140 158 145 291 272 234 169 323 218 112 306 323 201 239 246 135 323 398 323 165 262 323 210 398 323 311 313 201 108 398 323 323 323 283 310 226 314 323 398 121 398 336 323 323 323 323 128 323 309 215 398 323 323 270 240 283 323
0 262 465 363 218 136 373 164 381 264 305 275 385 441 423 308 241 287 432 157 418 141 164 465 297 465 360 460 292 223 201 452 233 412 399 323 291 465 130 240 298 256 454 122 331 136 296 167 335 429 298 368 403 457 307 219 336 178 409 135 378 283 237 287 298 246 211 298 191 322 297 191 187 305 305 108 418 140 158 145 291 272 234 185 431 218 112 306 357 201 239 246 267 353 298 465 284 169 367 210 298 465 216 298 147 108 148 465 379 409 283 431 226 314 465 298 121 181 238 382 443 465 419 410 441 309 215 298 463 442 270 240 283 344
0 267 267 218 259 267 164 267 264 267 267 267 267 267 267 241 267 267 157 267 141 164 267 267 267 267 262 267 223 262 267 233 267 267 267 267 267 130 240 262 256 267 122 267 136 267 167 267 267 262 267 267 267 267 219 267 178 267 262 262 267 237 267 262 246 211 262 191 267 262 191 187 267 267 108 267 140 158 145 267 267 234 185 267 218 112 267 267 201 239 246 135 267 262 267 165 169 267 210 262 267 262 262 201 108 148 267 267 267 267 267 226 267 267 262 121 262 238 267 267 267 267 267 267 267 215 262 267 267 267 240 267 267
0 447 218 259 226 478 381 264 454 275 297 391 309 469 241 313 391 157 391 407 164 391 136 391 360 374 292 223 462 357 233 108 391 323 291 391 398 234 469 256 391 122 331 285 296 149 335 391 432 287 391 391 307 219 344 205 391 398 298 261 314 141 488 246 463 304 191 322 297 185 187 305 305 108 391 140 185 145 291 272 396 169 391 467 218 306 107 201 260 130 135 353 477 237 165 262 164 211 488 404 311 313 201 281 408 391 379 391 283 310 216 314 391 406 121 484 336 382 391 391 391 128 391 178 215 415 175 391 258 240 283 344
0 218 259 373 164 381 264 305 275 385 441 423 308 241 287 432 157 418 141 164 447 297 447 360 363 292 223 363 447 233 412 399 323 291 447 130 240 363 256 447 122 331 136 296 167 335 429 363 368 403 447 307 219 336 178 409 363 298 283 237 287 363 246 211 304 191 322 297 185 187 305 305 108 418 140 158 145 291 272 234 169 431 218 112 306 357 201 239 246 135 353 363 447 165 262 367 210 363 447 311 313 201 108 148 447 379 409 283 431 226 314 447 363 121 363 238 382 443 447 419 410 441 309 215 363 447 442 270 240 283 344
0 218 218 218 207 218 218 218 218 207 218 218 207 218 218 157 207 218 164 207 136 218 218 218 218 103 218 218 207 108 207 207 218 218 218 218 218 218 207 122 218 218 207 149 207 218 218 218 207 207 218 218 218 205 218 218 218 218 218 141 218 207 218 218 191 207 218 185 218 218 207 218 207 140 185 145 207 207 218 169 126 218 218 207 107 201 218 130 135 108 218 218 165 218 164 211 218 218 218 218 201 218 218 218 218 200 207 218 216 218 218 218 121 218 218 207 207 207 218 128 207 178 218 218 175 124 218 207 207 218
0 259 164 259 259 259 259 259 259 259 259 241 259 259 136 259 141 164 259 259 259 259 259 259 223 136 259 233 259 259 259 259 259 130 240 136 136 259 122 259 136 259 167 259 259 136 259 259 259 259 219 259 178 259 135 136 259 237 259 136 246 211 136 191 259 136 191 187 259 259 108 259 136 158 136 259 259 234 185 259 218 112 259 259 201 239 246 259 259 136 259 259 169 259 210 136 259 216 136 136 108 148 259 259 259 259 259 226 259 259 136 121 181 238 259 259 259 259 259 259 259 215 136 259 259 259 240 259 259
0 373 226 226 373 226 297 226 309 373 226 313 226 157 226 373 164 226 136 226 226 373 226 223 373 357 226 108 226 226 226 226 373 234 373 256 226 122 226 285 226 149 226 226 373 287 226 226 226 219 344 205 226 373 298 261 314 141 373 226 373 304 191 226 297 185 187 226 226 108 226 140 185 145 226 226 373 169 226 373 218 226 107 201 260 130 135 226 373 237 165 262 164 211 373 373 311 313 201 281 373 226 226 226 226 310 216 226 226 373 121 373 336 226 226 226 226 128 226 178 215 373 175 226 258 226 226 226
0 381 264 164 275 164 441 164 164 241 164 432 157 418 164 164 474 136 478 360 164 292 223 164 164 233 108 399 323 291 478 164 240 164 164 454 122 331 164 296 149 335 429 164 164 403 457 307 219 164 164 409 164 164 164 164 141 164 246 164 164 191 322 164 164 187 305 305 108 418 140 164 145 291 272 234 164 431 164 164 306 107 201 164 130 135 353 164 164 164 164 367 164 164 164 164 164 164 164 164 465 379 409 283 164 226 314 478 164 121 164 164 382 443 473 419 128 441 164 215 164 164 442 164 240 283 344
0 307 381 381 297 302 309 381 241 313 275 157 302 381 164 218 136 219 381 374 381 103 381 357 233 108 381 302 317 381 381 234 381 256 302 122 292 285 296 149 302 381 381 287 246 302 381 305 344 205 381 381 298 261 314 141 381 381 381 304 191 302 297 185 379 381 302 356 201 140 185 145 240 272 381 169 126 381 218 302 107 201 260 130 135 108 381 237 165 262 164 211 381 381 311 313 201 281 381 353 330 200 283 310 216 312 381 381 121 381 336 302 302 370 223 128 302 178 340 381 175 124 258 356 283 264
0 264 275 264 307 264 264 241 264 307 157 307 264 164 307 136 219 307 264 264 103 264 264 233 108 307 307 264 307 264 234 264 256 307 122 264 264 296 149 307 307 264 264 307 307 264 264 264 205 307 264 264 261 264 141 264 246 264 264 191 307 264 185 264 264 305 264 307 140 185 145 291 272 264 169 126 264 218 306 107 201 260 130 135 108 264 237 165 262 164 211 264 264 264 264 201 264 264 264 264 200 283 264 216 264 264 264 121 264 264 307 307 307 223 128 307 178 264 264 175 307 258 240 283 307
0 275 385 441 423 308 241 305 432 157 418 141 164 454 297 454 360 305 292 223 305 452 233 412 399 323 291 454 130 240 305 256 454 122 331 136 296 167 335 429 305 287 403 454 307 219 305 178 409 305 298 261 237 287 305 246 211 304 191 322 297 185 187 305 305 108 418 140 158 145 291 272 234 169 431 218 112 306 357 201 239 246 135 353 305 454 165 262 367 210 305 454 305 305 201 108 305 454 379 409 283 305 226 314 454 305 121 305 305 382 443 454 419 128 441 309 215 305 454 442 270 240 283 344
0 275 441 275 275 241 275 432 157 418 275 164 474 136 219 275 275 275 103 275 275 233 108 399 323 275 275 275 234 275 256 454 122 275 275 296 149 335 275 275 275 403 457 275 275 275 205 275 275 275 261 275 141 275 246 275 275 191 322 275 185 275 275 305 275 418 140 185 145 291 272 275 169 126 275 218 306 107 201 260 130 135 108 275 237 165 262 164 211 275 275 275 275 201 275 275 275 275 200 283 275 216 275 275 275 121 275 275 382 443 473 223 128 441 178 275 275 175 124 258 240 283 264
0 297 297 297 241 313 297 157 297 141 164 297 136 297 297 374 292 223 385 357 233 297 297 297 291 297 385 240 385 256 297 122 297 285 296 167 297 297 385 287 297 297 297 219 344 178 297 385 298 261 237 287 385 246 211 304 191 297 297 185 187 297 297 108 297 140 158 145 291 272 234 169 297 218 112 297 107 201 239 130 135 297 385 297 165 262 297 210 385 297 311 313 201 108 385 297 297 297 283 310 226 297 297 385 121 385 336 297 297 297 297 128 297 297 215 385 297 297 270 240 283 297
0 309 441 241 313 275 157 418 407 335 218 136 219 429 374 419 103 441 357 147 108 441 323 317 441 398 234 441 256 454 122 292 285 296 149 417 409 432 287 246 455 441 305 344 205 441 398 298 261 314 141 441 418 441 304 191 322 297 185 379 441 268 356 201 140 185 145 240 272 396 169 126 441 218 306 107 201 260 130 135 108 441 237 165 262 164 211 441 404 311 313 201 281 408 353 330 200 381 310 216 312 441 406 121 441 336 382 318 370 223 128 441 178 340 415 175 124 258 356 283 264
0 308 241 313 309 157 309 141 164 309 136 309 309 374 292 223 423 357 233 309 309 309 291 309 398 240 423 256 309 122 309 285 296 167 309 309 423 287 309 309 307 219 344 205 309 398 298 261 237 287 423 246 211 304 191 309 297 185 187 305 305 108 309 140 158 145 291 272 234 169 309 218 112 306 107 201 239 130 135 309 423 309 165 262 309 210 423 309 311 313 201 108 408 309 309 309 283 310 226 309 309 406 121 423 336 309 309 309 309 128 309 178 215 415 309 309 270 240 283 309
0 241 308 432 157 418 141 164 469 136 469 360 308 292 223 308 308 233 108 399 323 291 469 308 240 308 256 454 122 331 285 296 167 335 429 308 287 403 457 307 219 308 205 409 308 298 261 308 287 308 246 211 304 191 322 297 185 187 305 305 108 418 140 158 145 291 272 234 169 431 308 218 306 107 201 260 130 135 353 308 237 165 262 367 210 308 469 308 308 201 281 308 465 379 409 283 308 226 314 469 308 121 308 308 382 443 469 419 128 441 178 215 308 463 442 258 240 283 344
0 241 241 157 241 241 241 218 136 219 241 241 241 103 241 241 147 108 241 306 241 241 241 234 241 241 122 241 241 241 241 149 241 241 241 241 241 241 241 241 241 205 241 241 241 241 241 141 241 241 241 241 191 241 241 185 241 241 241 241 201 140 185 145 240 121 241 169 126 241 218 241 107 241 241 130 135 108 241 237 165 241 164 211 241 241 241 241 201 241 241 241 241 200 241 241 216 241 241 241 201 241 241 241 241 241 223 128 241 178 241 241 175 124 241 241 241 241
0 313 157 313 141 164 313 297 313 313 287 292 223 287 313 233 313 313 313 291 313 130 240 287 256 313 122 313 136 296 167 313 313 287 313 313 313 307 219 313 178 313 287 287 261 237 287 287 246 211 287 191 313 287 185 187 305 305 108 313 140 158 145 291 272 234 169 313 218 112 306 313 201 239 246 135 313 287 313 165 262 313 210 287 313 287 287 201 108 148 313 313 313 283 313 226 313 313 287 121 287 238 313 313 313 313 313 313 309 215 287 313 313 270 240 283 313
0 157 275 407 164 275 136 219 429 374 419 103 432 357 233 108 275 275 317 432 398 234 432 256 275 122 292 285 275 149 275 409 432 287 275 275 432 305 344 205 432 398 298 261 314 141 432 246 432 304 191 275 297 185 379 432 275 356 275 140 185 145 275 272 396 169 126 432 218 275 107 201 260 130 135 108 432 237 165 262 164 211 432 404 311 313 201 281 408 353 330 200 275 310 216 312 432 406 121 432 336 275 275 275 223 128 275 178 340 415 175 124 258 240 275 264
0 157 141 157 157 157 157 157 157 157 157 157 157 157 157 157 157 157 157 130 157 145 157 157 122 157 136 157 157 157 157 157 157 157 157 157 157 157 157 157 135 157 157 157 157 157 157 157 140 157 157 157 157 157 157 157 108 157 157 157 157 157 157 157 157 157 157 112 157 157 157 157 157 157 157 157 157 157 157 157 157 157 157 157 157 147 108 148 157 157 157 157 157 157 157 157 157 121 157 157 157 157 157 157 157 157 157 157 157 157 157 157 157 157 157
0 407 335 218 136 219 418 374 418 103 418 357 147 108 418 323 317 418 398 234 418 256 441 122 292 285 296 149 417 409 418 287 246 441 418 305 344 205 418 398 298 261 314 141 418 418 418 304 191 322 297 185 379 418 268 356 201 140 185 145 240 272 396 169 126 418 218 306 107 201 260 130 135 108 418 237 165 262 164 211 418 404 311 313 201 281 408 353 330 200 381 310 216 312 418 406 121 418 336 382 318 370 223 128 441 178 340 415 175 124 258 356 283 264
0 164 407 136 407 360 141 292 223 141 141 233 108 399 323 291 407 141 240 141 141 407 122 331 141 296 167 335 407 141 141 403 407 307 219 141 141 407 141 141 141 141 287 141 246 211 141 191 322 141 141 187 305 305 108 407 140 158 141 291 272 234 141 407 141 141 306 107 201 141 130 135 353 141 141 141 141 367 210 141 407 141 141 141 141 141 407 379 407 283 141 226 314 407 141 121 141 141 382 407 407 407 128 407 141 215 141 407 407 141 240 283 344
0 164 136 164 164 164 164 103 164 164 147 108 164 323 164 164 164 164 164 164 335 122 164 164 296 149 164 164 164 164 164 335 164 164 164 164 164 164 164 164 164 141 164 164 164 164 191 322 164 164 164 164 164 164 164 140 164 145 164 272 164 164 126 164 164 306 107 201 164 130 135 108 164 164 164 164 164 164 164 164 164 164 164 164 164 164 164 164 164 164 164 164 164 164 121 164 164 335 164 164 164 128 335 164 164 164 164 124 164 164 283 164
0 136 219 429 374 419 103 462 357 218 108 218 218 317 473 398 234 469 256 218 122 292 285 218 149 218 409 432 287 218 218 474 305 344 205 442 398 298 261 314 141 474 218 463 304 191 218 297 185 379 474 218 356 218 140 185 145 218 218 396 169 126 467 218 218 107 201 260 130 135 108 474 237 165 262 164 211 474 404 311 313 201 281 408 353 330 200 218 310 216 312 453 406 121 474 336 218 218 218 223 128 218 178 340 415 175 124 258 218 218 264
0 136 136 297 136 136 297 297 136 136 136 136 136 136 297 136 297 256 136 122 136 285 136 136 136 136 297 287 136 136 136 136 297 136 136 297 297 261 136 136 297 136 136 297 136 136 297 185 136 136 136 108 136 140 136 145 136 136 136 169 136 136 112 136 107 136 136 130 135 136 297 136 165 262 136 136 297 136 297 297 201 108 297 136 136 136 136 297 136 136 136 297 121 297 297 136 136 136 136 128 136 136 136 297 136 136 136 136 136 136
0 219 374 219 219 462 357 219 108 219 219 219 219 398 234 469 256 219 122 219 285 219 149 219 219 432 287 219 219 219 305 344 205 219 398 298 261 314 141 488 219 463 304 191 219 297 185 187 486 219 108 219 140 185 145 219 219 396 169 219 467 218 219 107 201 260 130 135 219 477 237 165 262 164 211 494 404 311 313 201 281 408 219 219 219 219 310 216 219 219 406 121 484 336 219 219 219 219 128 219 178 340 415 175 219 258 219 219 219
0 360 360 103 360 357 233 108 399 323 317 429 360 234 360 256 429 122 292 285 296 149 335 360 360 287 403 429 360 305 344 205 360 360 298 261 314 141 360 246 360 304 191 322 297 185 360 360 305 356 418 140 185 145 291 272 360 169 126 360 218 306 107 201 260 130 135 108 360 237 165 262 164 211 360 360 311 313 201 281 360 353 330 200 283 310 216 312 360 360 121 360 336 382 429 429 223 128 429 178 340 360 175 124 258 240 283 264
0 292 223 460 374 233 374 374 323 291 374 130 240 460 256 374 122 331 136 296 167 335 374 432 368 374 374 307 219 336 178 374 135 298 283 237 287 460 246 211 304 191 322 297 191 187 305 305 108 374 140 158 145 291 272 234 185 374 218 112 306 357 201 239 246 267 353 460 374 284 169 367 210 460 374 311 313 201 108 148 374 374 374 283 374 226 314 374 406 121 181 238 374 374 374 374 374 374 309 215 415 374 374 270 240 283 344
0 103 292 292 233 108 399 323 291 419 292 234 292 256 419 122 331 285 296 149 335 419 292 287 403 419 307 292 292 205 409 292 292 261 292 141 292 246 292 292 191 322 292 185 187 292 305 108 418 140 185 145 291 272 292 169 126 292 218 306 107 201 260 130 135 353 292 237 165 262 164 211 292 292 292 292 201 281 292 419 379 409 283 292 216 314 419 292 121 292 292 382 419 419 223 128 419 178 292 292 175 419 258 240 283 344
0 223 223 103 108 103 103 103 103 223 223 223 223 103 103 103 223 103 149 103 103 223 223 103 103 103 223 223 205 103 223 223 223 223 141 223 103 223 223 103 103 223 185 103 223 103 103 103 140 185 145 103 103 223 169 126 223 218 103 107 103 223 130 135 103 223 223 165 223 164 211 223 223 223 223 201 223 223 103 103 103 103 223 216 103 103 223 103 223 223 103 103 103 103 128 103 178 223 223 175 103 223 103 103 103
0 452 233 412 399 323 291 462 130 240 201 201 454 122 331 136 296 167 335 429 201 368 403 457 307 219 336 178 409 135 201 283 237 287 201 246 211 201 191 322 201 191 187 305 305 108 418 140 158 145 291 272 234 185 431 218 112 306 357 201 239 246 267 353 201 462 284 169 367 210 201 462 216 201 147 108 148 462 379 409 283 431 226 314 462 201 121 181 238 382 443 462 419 410 441 309 215 201 462 442 270 240 283 344
0 233 357 357 323 291 357 398 240 452 256 357 122 331 136 296 167 335 357 432 287 357 357 307 219 344 178 357 398 298 261 237 287 452 246 211 304 191 322 297 185 187 305 305 108 357 140 158 145 291 272 234 169 357 218 112 306 107 201 239 130 135 353 452 357 165 262 357 210 452 357 311 313 201 108 408 357 357 357 283 310 226 314 357 406 121 452 336 357 357 357 357 128 357 309 215 415 357 357 270 240 283 344
0 108 233 147 233 233 233 233 233 233 147 122 233 233 147 149 147 233 233 233 233 147 233 233 233 205 233 233 233 233 233 141 233 233 233 233 147 147 233 185 233 233 233 233 201 140 185 145 233 147 233 169 126 233 218 147 107 147 233 130 135 108 233 233 165 233 164 211 233 233 233 233 201 233 233 233 233 200 233 233 216 233 233 233 121 233 233 147 233 233 223 128 147 178 233 233 175 124 233 233 147 233
0 108 108 108 108 398 108 412 256 108 108 108 285 108 108 108 108 412 287 108 108 108 108 344 205 108 398 298 261 108 108 412 108 108 304 108 108 297 185 108 108 108 108 108 140 108 145 108 108 108 169 108 108 108 108 107 108 260 130 135 108 412 108 165 262 108 108 412 108 311 313 201 281 408 108 108 108 108 310 108 108 108 406 108 412 336 108 108 108 108 128 108 178 108 412 108 108 108 108 108 108
0 323 317 399 398 234 399 256 454 122 292 285 296 149 335 399 399 287 403 457 399 305 344 205 399 398 298 261 314 141 399 246 399 304 191 322 297 185 379 399 305 356 418 140 185 145 291 272 396 169 126 399 218 306 107 201 260 130 135 108 399 237 165 262 164 211 399 399 311 313 201 281 399 353 330 200 283 310 216 312 399 399 121 399 336 382 443 473 223 128 441 178 340 399 175 124 258 240 283 264
0 317 323 323 234 323 256 122 323 292 285 323 149 323 323 323 287 246 283 323 305 323 205 323 323 298 261 314 141 323 323 323 304 191 323 297 185 323 323 268 323 201 140 185 145 240 121 323 169 126 323 218 322 107 323 260 130 135 108 323 237 165 262 164 211 323 323 311 313 201 281 323 323 323 200 323 310 216 312 323 323 201 323 323 323 318 323 223 128 323 178 323 323 175 124 258 323 323 264
0 317 291 234 291 256 317 122 291 285 296 149 317 317 291 287 317 317 307 291 291 205 317 291 291 261 291 141 291 246 291 291 191 317 291 185 291 291 305 291 317 140 185 145 291 272 291 169 126 291 218 306 107 201 260 130 135 108 291 237 165 262 164 211 291 291 291 291 201 281 291 291 291 200 283 291 216 314 317 291 121 291 291 317 317 317 223 128 317 178 291 291 175 317 258 240 283 317
0 398 234 469 256 454 122 292 285 296 149 335 409 432 287 403 457 489 305 344 205 442 398 298 261 314 141 488 246 463 304 191 322 297 185 379 486 305 356 418 140 185 145 291 272 396 169 126 467 218 306 107 201 260 130 135 108 477 237 165 262 164 211 489 404 311 313 201 281 408 353 330 200 283 310 216 312 453 406 121 484 336 382 443 473 223 128 441 178 340 415 175 124 258 240 283 264
0 240 130 130 398 122 331 136 296 167 335 398 130 130 398 398 307 219 130 178 398 130 130 130 237 287 130 246 211 130 191 322 130 130 187 305 305 108 398 130 158 130 291 272 234 130 398 218 112 306 357 201 239 246 130 353 130 398 130 130 367 210 130 398 130 130 130 108 130 398 379 398 283 130 226 314 398 130 121 130 130 382 398 398 398 128 398 309 215 130 398 398 270 240 283 344
0 240 240 234 122 234 240 234 149 234 234 240 240 234 234 234 219 240 205 234 240 240 240 240 141 240 234 240 240 191 234 240 185 187 234 234 108 234 140 185 145 234 234 240 169 234 240 218 234 107 201 240 130 135 234 240 237 165 240 164 211 240 240 240 240 201 240 240 234 234 234 234 240 226 234 234 240 121 240 240 234 234 234 234 128 234 178 215 240 175 234 240 234 234 234
0 406 454 122 331 136 296 167 335 429 469 368 403 457 307 219 336 178 409 135 378 283 237 287 415 246 211 140 191 322 469 191 187 305 305 108 418 200 158 364 291 272 234 185 431 218 112 306 357 201 239 246 267 353 465 469 284 169 367 210 256 469 216 145 147 108 148 465 379 409 283 431 226 314 469 232 121 181 238 382 443 469 419 410 441 309 215 265 463 442 270 240 283 344
0 256 122 256 136 256 167 256 256 256 256 256 256 256 219 256 178 256 135 256 256 237 256 256 246 211 140 191 256 256 191 187 256 256 108 256 200 158 145 256 256 234 185 256 218 112 256 256 201 239 246 256 256 256 256 256 169 256 210 406 256 216 313 147 108 148 256 256 256 256 256 226 256 256 232 121 181 238 256 256 256 256 256 256 256 215 256 256 256 256 240 256 256
0 418 292 285 122 149 417 409 432 287 246 122 454 305 344 205 442 398 298 261 314 141 454 418 454 304 122 122 297 185 379 454 268 356 201 140 185 145 240 122 396 169 126 454 218 122 107 122 260 130 135 108 454 237 165 262 164 211 454 404 311 313 201 281 408 353 330 200 381 310 216 312 453 406 121 454 336 122 318 370 223 128 122 178 340 415 175 124 258 356 122 264
0 122 122 296 122 122 122 122 122 122 418 122 122 122 122 122 122 122 122 122 122 122 122 122 122 191 322 122 122 122 122 122 122 122 122 122 122 122 272 122 122 122 122 122 306 107 201 122 122 122 108 122 122 122 122 122 122 122 122 122 122 122 122 122 122 122 122 122 122 122 122 122 122 121 122 122 382 122 122 122 122 418 122 122 122 122 122 122 122 283 122
0 285 292 149 292 292 331 287 292 292 292 305 331 205 292 331 298 261 314 141 331 246 331 304 191 292 297 185 187 331 292 108 292 140 185 145 291 272 331 169 126 331 218 292 107 201 260 130 135 292 331 237 165 262 164 211 331 331 311 313 201 281 331 292 292 292 283 310 216 292 292 331 121 331 331 292 292 292 223 128 292 178 331 331 175 292 258 240 283 292
0 285 167 285 285 136 136 285 285 285 219 136 178 285 136 136 136 237 285 136 246 211 136 191 285 136 136 187 285 285 108 285 136 158 136 285 272 234 136 285 218 112 285 107 201 239 130 135 285 136 285 136 136 285 210 136 285 136 136 136 108 136 285 285 285 283 136 226 285 285 136 121 136 136 285 285 285 285 128 285 285 215 136 285 285 270 240 283 285
0 149 296 296 296 287 246 283 296 296 296 205 296 296 296 261 296 141 296 296 296 296 191 322 296 185 296 296 268 296 201 140 185 145 240 121 296 169 126 296 218 306 107 296 260 130 135 108 296 237 165 262 164 211 296 296 296 296 201 281 296 296 296 200 296 296 216 296 296 296 201 296 296 296 296 296 223 128 296 178 296 296 175 124 258 296 296 264
0 149 149 167 167 149 149 149 149 167 167 149 167 167 167 167 141 167 149 149 167 149 149 167 167 149 149 149 108 149 140 149 145 149 149 149 167 149 167 167 149 107 149 167 130 135 149 167 167 165 167 149 149 167 149 167 167 167 167 167 149 149 149 149 167 149 149 149 167 121 167 167 149 149 149 149 128 149 167 149 167 149 149 167 149 149 149
0 335 335 287 246 417 335 305 335 205 335 335 298 261 314 141 335 335 335 304 191 322 297 185 335 335 268 335 201 140 185 145 240 272 335 169 126 335 218 306 107 201 260 130 135 108 335 237 165 262 164 211 335 335 311 313 201 281 335 335 330 200 335 310 216 312 335 335 121 335 335 382 318 335 223 128 417 178 335 335 175 124 258 335 283 264
0 429 287 403 409 429 305 344 205 429 398 298 261 314 141 429 246 429 304 191 322 297 185 379 429 305 356 409 140 185 145 291 272 396 169 126 429 218 306 107 201 260 130 135 108 429 237 165 262 164 211 429 404 311 313 201 281 408 353 330 200 283 310 216 312 429 406 121 429 336 382 409 409 223 128 409 178 340 415 175 124 258 240 283 264
0 368 403 432 307 219 336 178 409 135 378 283 237 287 415 246 211 304 191 322 297 191 187 305 305 108 418 140 158 145 291 272 234 185 431 218 112 306 357 201 239 246 267 353 432 432 284 169 367 210 488 432 216 313 147 108 148 432 379 409 283 431 226 314 432 406 121 181 238 382 432 432 419 410 432 309 215 265 432 432 270 240 283 344
0 287 287 287 219 287 178 287 368 298 261 237 287 368 246 211 304 191 287 297 185 187 287 287 108 287 140 158 145 287 272 234 169 287 218 112 287 287 201 239 246 135 287 368 287 165 262 287 210 368 287 311 313 201 108 148 287 287 287 283 287 226 287 287 368 121 368 238 287 287 287 287 287 287 287 215 368 287 287 270 240 283 287
0 246 403 305 344 205 403 398 298 261 314 141 403 403 403 304 191 246 297 185 379 403 246 356 201 140 185 145 240 246 396 169 126 403 218 246 107 201 260 130 135 108 403 237 165 262 164 211 403 403 311 313 201 281 403 353 330 200 246 310 216 312 403 403 121 403 336 246 246 370 223 128 246 178 340 403 175 124 258 356 246 264
0 457 305 344 205 442 398 298 261 314 141 457 418 457 304 191 283 297 185 379 457 268 356 201 140 185 145 240 272 396 169 126 457 218 283 107 201 260 130 135 108 457 237 165 262 164 211 457 404 311 313 201 281 408 353 330 200 381 310 216 312 453 406 121 457 336 370 318 370 223 128 283 178 340 415 175 124 258 356 457 264
0 305 307 205 409 307 298 261 307 141 307 246 307 304 191 322 297 185 307 307 305 307 418 140 185 145 291 272 307 169 126 307 218 306 107 201 260 130 135 108 307 237 165 262 164 211 307 307 307 307 201 281 307 307 307 200 283 307 216 307 307 307 121 307 307 382 443 473 223 128 441 178 307 307 175 442 258 240 283 344
0 219 205 305 219 219 219 219 141 219 246 219 219 191 305 219 185 187 219 305 108 305 140 185 145 291 272 219 169 305 219 218 305 107 201 219 130 135 305 219 219 165 219 164 211 219 219 219 219 201 219 219 305 305 305 283 219 216 305 305 219 121 219 219 305 305 305 305 128 305 178 219 219 175 305 219 240 283 305
0 178 344 336 298 261 237 287 336 246 211 304 191 322 297 185 187 305 305 108 344 140 158 145 291 272 234 169 344 218 112 306 344 201 239 246 135 344 336 344 165 262 344 210 336 344 311 313 201 108 148 344 344 344 283 310 226 314 344 336 121 336 238 344 344 344 344 128 344 309 215 336 344 344 270 240 283 344
0 205 178 178 178 205 205 178 205 205 178 191 205 178 178 187 205 205 108 205 140 158 145 205 205 205 169 205 205 112 205 107 201 205 130 135 205 178 205 165 178 205 205 178 205 178 178 178 108 178 205 205 205 205 178 205 205 205 178 121 178 178 205 205 205 205 128 205 205 205 178 205 205 205 205 205 205
0 398 298 261 314 141 409 246 409 304 191 322 297 185 379 409 305 356 418 140 185 145 291 272 396 169 126 409 218 306 107 201 260 130 135 108 409 237 165 262 164 211 409 404 311 313 201 281 408 353 330 200 283 310 216 312 409 406 121 409 336 382 442 442 223 128 441 178 340 409 175 124 258 240 283 264
0 135 283 237 287 135 246 211 135 191 322 135 191 187 305 305 108 398 135 158 135 291 272 234 185 398 218 112 306 357 201 239 246 267 353 135 398 135 169 367 210 135 398 135 135 135 108 148 398 379 398 283 398 226 314 398 135 121 135 238 382 398 398 398 398 398 309 215 135 398 398 270 240 283 344
0 283 237 287 378 246 211 304 191 298 297 191 187 298 298 108 298 140 158 145 291 272 234 185 298 218 112 298 298 201 239 246 267 298 378 298 284 169 298 210 378 298 216 313 147 108 148 298 298 298 283 298 226 298 298 378 121 181 238 298 298 298 298 298 298 298 215 378 298 298 270 240 283 298
0 237 261 283 246 211 283 191 261 283 185 187 261 261 108 261 140 158 145 261 261 234 169 261 218 112 261 261 201 239 246 135 261 283 261 165 262 261 210 283 261 283 283 201 108 148 261 261 261 261 261 226 261 261 283 121 283 238 261 261 261 261 261 261 261 215 283 261 261 261 240 261 261
0 287 237 246 211 237 191 314 237 185 187 305 305 108 314 140 158 145 291 272 234 169 314 237 218 306 107 201 237 130 135 314 237 314 165 237 314 210 237 314 237 237 201 237 237 314 314 314 283 237 226 314 314 237 121 237 237 314 314 314 314 128 314 178 215 237 314 314 237 240 283 314
0 287 141 141 287 141 141 287 185 141 141 141 108 141 140 141 145 141 141 141 169 141 287 218 141 107 141 260 130 135 141 287 237 165 262 141 141 287 141 287 287 201 281 287 141 141 141 141 287 141 141 141 287 121 287 287 141 141 141 141 128 141 178 141 287 141 141 258 141 141 141
0 246 211 304 191 322 297 191 187 305 305 108 418 140 158 145 291 272 234 185 431 218 112 306 357 201 239 246 267 353 465 469 284 169 367 210 415 478 216 313 147 108 148 465 379 409 283 431 226 314 488 406 121 181 238 382 443 473 419 410 441 309 215 265 463 442 270 240 283 344
0 246 246 191 322 246 185 246 246 305 246 201 140 185 145 240 272 246 169 126 246 218 306 107 201 246 130 135 108 246 237 165 246 164 211 246 246 246 246 201 246 246 246 246 200 283 246 216 246 246 246 121 246 246 382 418 246 223 128 418 178 246 246 175 124 246 246 283 246
0 211 191 322 211 185 187 305 305 108 418 140 185 145 291 272 234 169 431 211 211 306 107 201 211 130 135 353 211 211 165 211 367 210 211 463 211 211 201 211 211 463 379 409 283 211 226 314 463 211 121 211 211 382 443 463 419 128 441 178 215 211 175 442 211 240 283 344
0 191 304 140 191 187 304 304 108 304 200 158 140 291 272 234 185 304 218 112 304 304 201 239 246 267 304 304 304 284 169 304 210 140 304 216 140 147 108 148 304 304 304 283 304 226 304 304 140 121 181 238 304 304 304 304 304 304 304 215 265 304 304 270 240 283 304
0 191 191 185 191 191 191 191 191 140 185 145 191 121 191 169 126 191 191 191 107 191 191 130 135 108 191 191 165 191 164 191 191 191 191 191 191 191 191 191 191 191 191 191 191 191 191 191 191 191 191 191 191 191 191 128 191 178 191 191 175 124 191 191 191 191
0 297 185 322 322 268 322 201 140 185 145 240 121 322 169 126 322 218 306 107 322 260 130 135 108 322 237 165 262 164 211 322 322 311 313 201 281 322 322 322 200 322 310 216 312 322 322 201 322 322 322 318 322 223 128 322 178 322 322 175 124 258 322 322 264
0 191 187 297 297 108 297 200 158 145 291 272 234 185 297 218 112 297 297 201 239 246 267 297 297 297 284 169 297 210 494 297 216 313 147 108 148 297 297 297 283 297 226 297 297 406 121 181 238 297 297 297 297 297 297 297 215 265 297 297 270 240 283 297
0 185 185 185 108 185 140 158 145 185 185 185 169 185 185 112 185 185 185 185 185 135 185 191 185 165 191 185 185 191 185 191 191 191 108 148 185 185 185 185 185 185 185 185 191 121 191 185 185 185 185 185 185 185 185 185 191 185 185 185 185 185 185
0 187 305 187 379 140 185 145 291 272 187 169 126 187 187 306 107 201 187 130 135 108 187 187 165 187 164 187 187 187 187 187 187 187 187 187 187 379 283 187 187 314 379 187 121 187 187 379 379 379 187 128 379 178 187 187 175 379 187 240 283 344
0 305 108 418 140 185 145 291 272 305 169 431 305 218 306 107 201 260 130 135 353 305 237 165 262 164 211 305 305 305 305 201 281 305 465 379 409 283 305 216 314 486 305 121 305 305 382 443 473 419 128 441 178 305 305 175 442 258 240 283 344
0 305 201 140 185 145 240 268 305 169 126 305 218 268 107 201 260 130 135 108 305 237 165 262 164 211 305 305 305 305 201 281 305 305 305 200 305 305 216 305 305 305 121 305 305 268 305 305 223 128 268 178 305 305 175 124 258 305 268 264
0 356 108 108 108 291 272 108 108 108 108 108 306 107 201 108 108 108 353 108 108 108 108 108 108 108 108 108 108 108 108 108 356 356 356 283 108 108 314 356 108 121 108 108 356 356 356 108 108 356 108 108 108 108 356 108 240 283 344
0 140 185 145 240 201 396 169 126 418 218 201 107 201 260 130 135 108 418 237 165 262 164 211 418 404 311 313 201 281 408 353 330 200 201 310 216 312 418 406 121 418 336 201 201 370 223 128 201 178 340 415 175 124 258 356 201 264
0 140 145 140 140 140 140 140 140 112 140 140 140 140 140 140 140 140 140 140 140 140 140 200 140 140 200 140 108 140 140 140 140 140 140 140 140 140 200 121 140 140 140 140 140 140 140 140 140 140 140 140 140 140 140 140 140
0 145 185 185 185 158 185 158 158 185 107 185 158 130 135 185 158 158 158 158 185 185 158 185 158 158 158 158 158 185 185 185 185 158 185 185 185 158 121 158 158 185 185 185 185 128 185 158 185 158 185 185 158 185 185 185
0 145 145 145 145 145 145 112 145 145 145 145 145 145 145 145 145 145 145 145 145 145 145 145 313 145 108 145 145 145 145 145 145 145 145 145 145 121 145 145 145 145 145 145 145 145 145 145 145 145 145 145 145 145 145
0 240 291 169 126 291 218 240 107 201 260 130 135 108 291 237 165 262 164 211 291 291 291 291 201 281 291 291 291 200 240 291 216 291 291 291 121 291 291 240 240 291 223 128 240 178 291 291 175 124 258 291 240 264
0 272 169 126 272 218 121 107 272 260 130 135 108 272 237 165 262 164 211 272 272 272 272 201 272 272 272 272 200 272 272 216 272 272 272 201 272 272 272 272 272 223 128 121 178 272 272 175 124 258 272 272 264
0 169 396 234 218 306 107 201 234 130 135 353 234 234 165 234 164 211 234 234 234 234 201 234 234 396 379 396 283 234 226 314 396 234 121 234 234 382 396 396 396 128 396 178 215 234 175 396 234 240 283 344
0 169 169 112 169 169 169 169 169 135 169 185 169 165 185 169 169 185 169 185 185 185 108 148 169 169 169 169 169 169 169 169 185 121 185 169 169 169 169 169 169 169 169 169 185 169 169 169 169 169 169
0 431 218 126 107 126 260 130 135 126 431 237 165 262 164 211 431 404 311 313 201 281 408 126 126 126 126 310 216 126 126 406 121 431 336 126 126 126 126 128 126 178 340 415 175 126 258 126 126 126
0 112 306 107 201 218 130 135 353 218 467 165 218 367 210 218 467 218 218 201 218 218 465 379 409 283 218 226 314 467 218 121 218 218 382 443 467 419 128 441 178 215 218 463 442 218 240 283 344
0 218 107 201 112 112 112 218 112 218 112 112 218 210 112 218 112 112 112 112 112 218 218 218 218 112 218 218 218 112 121 112 112 218 218 218 218 112 218 112 215 112 218 218 112 218 218 218
0 107 306 260 130 135 108 306 237 165 262 164 211 306 306 306 306 201 281 306 306 306 200 306 306 216 306 306 306 201 306 306 306 306 306 223 128 306 178 306 306 175 124 258 306 306 264
0 107 107 130 135 107 357 107 165 262 107 107 357 107 311 313 201 107 357 107 107 107 107 310 107 107 107 357 107 357 336 107 107 107 107 128 107 107 107 357 107 107 107 107 107 107
0 201 130 135 108 201 201 165 201 164 201 201 201 201 201 201 201 201 201 201 200 201 201 201 201 201 201 121 201 201 201 201 201 201 128 441 178 201 201 175 124 201 201 201 201
0 130 135 260 239 260 165 239 260 210 239 260 239 239 201 108 239 260 260 260 260 239 226 260 260 239 121 239 239 260 260 260 260 128 260 178 215 239 260 260 260 240 260 260
0 135 130 246 130 165 246 130 130 246 130 246 246 201 108 246 130 130 130 130 246 130 130 130 246 121 246 246 130 130 130 130 128 130 130 130 246 130 130 130 130 130 130
0 135 267 135 165 135 135 135 267 135 267 267 201 108 135 135 135 135 135 135 135 135 135 267 121 267 135 135 135 135 135 135 135 135 135 267 135 135 135 135 135 135
0 353 237 165 262 164 211 353 353 311 313 201 281 353 108 108 108 108 310 216 108 108 353 108 353 336 108 108 108 223 128 108 178 340 353 175 108 258 108 108 108
0 469 284 169 367 210 465 477 216 313 147 108 148 465 379 409 283 431 226 314 477 406 121 181 238 382 443 473 419 410 441 309 215 415 463 442 270 240 283 344
0 165 262 237 210 469 237 311 313 201 281 408 237 237 237 237 310 226 237 237 406 121 469 336 237 237 237 237 128 237 178 215 415 237 237 258 237 237 237
0 165 165 165 284 165 284 284 201 108 148 165 165 165 165 165 165 165 165 284 121 165 165 165 165 165 165 165 165 165 165 284 165 165 165 165 165 165
0 262 210 169 262 169 169 169 108 148 262 262 262 262 262 226 262 262 169 121 169 238 262 262 262 262 262 262 262 215 169 262 262 262 240 262 262
0 211 367 367 311 313 201 281 367 164 164 164 164 310 164 164 164 367 121 367 336 164 164 164 164 128 164 178 164 367 175 164 258 164 164 164
0 210 211 210 210 201 210 210 211 211 211 211 210 211 211 211 210 121 210 210 211 211 211 211 128 211 178 211 210 175 211 210 211 211 211
0 478 216 256 147 108 148 465 379 409 283 431 226 314 491 232 121 181 238 382 443 473 419 410 441 309 215 265 463 442 270 240 283 344
0 311 313 201 281 408 404 379 404 283 310 226 314 404 406 121 478 336 382 404 404 404 128 404 178 215 415 175 404 258 240 283 344
0 216 201 108 148 311 311 311 283 311 226 311 311 216 121 181 238 311 311 311 311 311 311 309 215 216 311 311 270 240 283 311
0 147 108 148 313 313 313 283 313 226 313 313 232 121 181 238 313 313 313 313 313 313 309 215 265 313 313 270 240 283 313
0 108 148 201 201 201 201 201 201 201 201 147 121 181 201 201 201 201 201 201 201 201 201 147 201 201 201 201 201 201
0 108 281 281 281 281 108 226 281 281 108 121 108 108 281 281 281 281 108 281 108 215 108 281 281 270 240 281 281
0 408 379 408 283 148 226 314 408 148 121 148 148 382 408 408 408 128 408 309 215 148 408 408 270 240 283 344
0 353 353 283 310 216 314 353 406 121 465 336 353 353 353 223 128 353 178 340 415 175 353 258 240 283 344
0 330 283 310 216 314 330 379 121 379 336 330 330 330 223 128 330 178 340 379 175 330 258 240 283 330
0 200 310 216 200 200 406 121 409 336 200 200 200 223 128 200 178 340 409 175 200 258 200 200 200
0 283 216 283 283 283 121 283 283 381 381 283 223 128 381 178 283 283 175 124 258 283 283 264
0 226 310 310 406 121 431 238 310 310 310 310 128 310 309 215 415 310 310 270 240 283 310
0 216 216 226 121 226 226 216 216 216 216 128 216 178 215 226 175 216 226 216 216 216
0 312 314 121 314 314 312 312 312 223 128 312 178 314 314 175 312 258 240 283 312
0 406 121 484 336 382 443 453 223 128 441 178 340 415 175 442 258 240 283 344
0 121 181 238 382 406 406 406 406 406 309 215 265 406 406 270 240 283 344
0 121 121 121 121 121 121 121 201 121 121 121 121 121 121 121 121 121
0 238 382 443 473 419 410 441 309 215 181 463 442 270 240 283 344
0 336 336 336 336 128 336 309 215 238 336 336 270 240 283 336
0 318 370 223 128 370 178 340 382 175 124 258 356 283 264
0 370 223 128 318 178 340 415 175 124 258 356 283 264
0 223 128 370 178 340 415 175 124 258 240 283 264
0 128 223 178 340 415 175 223 258 223 223 223
0 128 128 128 410 128 128 128 128 128 128
0 178 340 415 175 124 258 356 441 264
0 178 309 178 178 178 178 178 178
0 215 175 340 215 240 283 340
0 415 415 270 240 283 344
0 175 258 175 175 175
0 258 124 124 264
0 240 258 258
0 283 240
0 264
0
0
52172
457 292 115 446 233 291 417 359 167 270 287 301 397 301 412 239 444 101 460 259 414 279 196 253 432 383 158 134 378 165 412 452 124 409 117 263 147 441 339 367 423 112 399 188 265 245 396 187 403 431 148 100 212 385 431 440 305 375 340 233 465 368 378 191 296 440 281 423 218 386 344 248 136 398 388 451 388 238 443 473 382 264 238 152 279 220 478 270 238 473 205 314 211 409 364 373 167 323 200 283 191 240 167 101 291 124 164 161 246 110 382 202 168 383 464 456 181 115 170 456 192 494 409 396 168 215 128 167 441 235 210 194 360 331 181 146 272 410 305 499 345 363 291 269 146 218 410 449 216 187 144 284 276 499 454 283 308 267 488 417 232 287 460 497 169 323 465 267 391 447 207 259 226 478 302 307 454 489 297 455 309 469 306 313 275 157 441 407 335 218 136 219 429 374 419 103 462 357 147 108 474 241 317 473 398 234 469 256 122 418 292 285 441 149 417 409 432 287 246 283 491 305 344 205 442 398 298 261 314 141 488 418 463 304 306 436 297 185 379 486 268 356 201 140 185 145 240 121 396 169 126 467 218 322 107 457 260 130 135 108 477 237 165 262 164 211 494 404 311 313 201 281 408 353 330 200 381 310 216 312 453 406 201 484 336 370 318 370 223 128 334 178 340 415 175 124 258 356 491 264
