300
562 4345 3364 258 5502 4891 5229 6697 4565 4037 1969 4952 331 2928 363 5108 2161 4764 1686 3480 4724 7011 3218 4738 2996 5138 3512 4181 4845 5346 4605 2402 395 3096 2587 2934 553 5752 6128 5658 5303 6090 2416 5542 3494 1983 3609 4575 2911 1984 3982 1109 5414 927 211 3001 3549 5812 4341 1874 3721 1542 3018 5479 944 6542 5028 6024 2124 5834 558 4571 1709 1811 5009 632 3745 3834 3066 2666 2845 5025 3106 3386 3526 4394 4596 1544 2858 150 5269 2153 2105 3219 4828 5021 5111 3739 5296 4126 4106 644 2656 5024 3262 514 5547 4392 1896 1696 4456 6318 3543 3352 1189 4940 5591 205 3652 5523 3005 4294 2817 4155 5769 4539 2779 165 6214 2454 4074 2236 5236 6241 5240 3798 4322 6265 6376 3321 5119 3594 6457 3536 3653 187 4572 1156 4479 5435 228 4063 2363 1703 3041 1404 4397 435 6150 4837 4170 1754 4421 1514 3900 4908 2306 5856 5109 3020 2931 1812 622 5589 827 5340 5840 5695 646 6128 2664 3486 4129 3403 2496 1521 7201 201 3596 5484 6574 4202 5900 2936 6303 5641 5397 5113 5498 5765 286 5061 5313 1277 2037 444 4127 3330 3224 4875 4807 1032 5935 5686 4329 2085 6127 3325 1379 4904 4176 4404 5412 1148 3518 922 4621 5506 6954 1873 369 1951 6303 3722 1849 4212 1064 3234 813 3532 4256 3711 3618 5591 1080 1067 4930 6641 4513 7391 1151 4771 5811 3834 2615 5318 2041 4219 3842 3132 4986 4403 3091 929 5495 2776 1397 4006 468 2108 2902 2982 2691 3272 286 1514 262 838 167 2891 2680 4454 1217 1922 3217 3983 3015 4625 2923 5452 2049 3981 5870 4015 1882 1675 6320 4731 956 324
0 1103 2783 1658 2671 3009 1687 1827 2660 2376 2989 3343 1958 1059 2054 2559 465 1911 1180 3445 1250 1811 1833 3539 1548 3027 1766 1112 3353 969 3550 2470 2719 2291 3259 2637 1137 3386 2841 1556 2523 2917 2951 2176 2129 3767 2561 2908 2638 2641 3028 1233 1234 809 2619 2693 1424 1220 910 2927 2873 1648 2182 2837 2809 2713 1518 1396 2397 3064 3018 1214 2984 1724 1898 2000 2887 1953 2608 1818 3052 2722 3222 2791 2171 1243 2039 3192 3523 2970 3079 714 3160 3375 2448 2072 2071 1199 2958 1817 917 1935 1801 1220 882 2788 2168 1487 3145 1002 1049 3633 2775 1292 1735 1734 2831 1122 2687 3086 1165 2751 1749 1340 1084 3255 2442 1261 2861 3135 1854 2793 2609 1691 2436 2425 2488 3529 2637 2722 3276 2286 1508 1547 3335 1224 2313 803 2863 2909 3586 2882 2973 1075 2153 2577 1189 2426 825 2825 1890 2308 2645 2729 1203 2353 2282 1933 2984 1275 3112 1075 2962 3760 496 2713 2879 1984 2713 1610 1951 3442 2209 824 2224 722 1964 2791 1268 2131 2104 3191 3533 2097 2797 2419 805 2268 1163 2452 2869 1049 1253 2588 1542 1378 3086 758 2106 3414 3017 1156 1974 1026 1890 3070 1782 2955 2671 2121 2698 3361 2408 2995 1138 1419 2377 2451 2054 2232 3430 1909 2204 1178 2460 1860 2711 3210 1538 1676 1915 1591 1806 2857 2675 1925 3182 3362 611 3216 1825 2694 2926 929 1893 1405 3174 2568 3281 756 3634 1808 2726 3047 2968 2678 3575 2352 3101 923 2104 2837 2765 2160 2187 2015 3162 3346 2403 3234 2566 2881 2873 3215 2397 2561 3001 2170 3302 2901 1995 1324 1599 1339 2925 3387 3356 2850 2947 0
0 3718 2256 3514 4173 2493 2145 3408 3024 3716 4374 2303 1223 2728 3673 580 2645 1557 4228 1782 2238 2454 4166 1941 4167 2551 1564 4414 1485 4022 2902 3828 2541 4182 3767 1593 4645 3685 2179 3456 3795 4423 2843 2988 4351 3116 3863 3223 2965 3825 1696 1348 1198 3132 3066 1816 1428 1211 3833 3486 2164 2805 3774 3238 3462 1994 2167 3070 4254 3825 1703 3720 2210 2529 2621 4278 2121 3226 2283 3895 3819 3791 3662 2595 1527 2867 4610 4722 3264 3884 877 4262 4183 3713 2563 2786 1517 4171 1997 1210 2712 2744 1566 1189 3345 2760 1734 3695 1267 1616 3877 3276 1660 2189 2251 4210 1306 3765 3690 1653 3360 2209 1729 1430 3976 3308 1616 4047 4189 2544 3649 3899 2075 2846 3066 2965 4694 3356 3599 3907 3069 1778 2127 3996 1932 3197 935 4288 3337 4275 3133 4010 1224 2862 3146 1613 3449 1064 3536 2926 3522 3293 3986 1503 2772 3094 2507 4261 1495 4079 1400 4085 4286 629 3748 4280 2791 3720 2551 2780 4356 2775 1077 2965 827 2260 3423 1702 2730 2671 4363 4217 2551 3499 3368 1092 2821 1879 3078 3582 1372 1562 3391 2199 1679 4207 922 3097 4077 3761 1403 2428 1475 2426 3427 2185 3733 3530 2576 2884 4398 3534 4356 1285 1870 3383 3311 2761 3436 4261 2770 3174 1533 3346 2251 3641 4180 1864 2273 2098 2063 2729 3855 3513 2539 3929 4396 708 4681 2215 3248 4032 1173 2254 2099 4249 3263 3917 878 4709 2361 3286 3821 4189 3247 4554 3205 3596 1089 2719 4108 3850 2798 3256 2151 4283 4157 3098 3620 3370 3415 4214 4357 3558 3440 3856 2905 4478 3774 2462 1842 2008 1547 3635 4502 4544 3490 4206 0
0 1032 1668 2217 1138 1111 1553 1319 1680 1965 1047 537 1223 1581 325 1313 787 1986 876 1226 1116 2172 855 2074 1195 676 1818 704 1897 1677 1774 1300 1938 1619 765 2058 1669 898 1719 1739 2050 1368 1372 2040 1310 2161 1595 1677 1793 874 661 554 1408 1561 998 732 627 2064 1749 962 1429 1736 1770 1432 894 900 1563 1849 2159 748 2069 1210 1138 1357 1958 1034 1621 1141 1886 2020 1954 1901 1168 727 1333 2020 2128 1670 1641 483 1946 2321 1513 1202 1234 741 1888 1080 616 1187 1160 864 605 1669 1497 978 1858 703 671 2265 1558 748 981 955 1822 695 1717 1954 796 1576 1028 880 716 1958 1586 786 1569 2124 1304 1731 2095 1117 1530 1500 1486 2003 1741 1613 2046 1723 806 1024 2193 810 1377 467 2032 1887 2077 1590 1803 645 1386 1566 663 1653 505 1899 1467 1649 1510 1774 643 1421 1565 1295 1957 755 1622 726 1929 2176 287 1603 1815 1295 1649 1175 1202 2032 1274 461 1273 464 1034 1594 866 1313 1362 1966 2037 1188 1712 1517 500 1336 731 1500 1704 686 851 1646 950 734 1662 497 1271 1786 1736 701 1300 731 1115 1815 1118 1877 1598 1230 1453 1807 1726 1879 728 893 1293 1558 1265 1701 1927 1178 1465 750 1607 1064 1931 1769 926 1138 1034 919 1063 1632 1819 986 1971 1784 422 2094 1104 1870 1784 672 1237 999 2106 1736 1977 452 1892 1101 1629 2089 2118 1759 1947 1536 1941 448 1161 1996 1608 1440 1505 1201 1915 2048 1572 1842 1494 1868 2057 1768 1626 1523 1586 1388 1818 1858 1290 1034 930 750 1718 2083 2094 1805 1872 0
0 4571 5340 3011 2676 4057 3582 4830 4740 2919 1478 3655 4443 771 2983 1935 4901 2026 2934 2916 5054 2454 5224 2865 1688 4485 1727 5246 4073 4424 3129 5251 4042 2171 4533 4377 2228 4047 4227 5024 3534 4040 5146 3741 5433 4401 3706 4442 1942 1893 1390 3697 4409 2362 1732 1400 5572 4426 2476 3085 4163 3998 4009 2464 2315 3960 5472 4442 1908 4899 2866 2898 3247 5239 2653 3833 3123 4406 4925 4640 4133 3497 1819 2903 5207 5314 4281 4316 1071 4787 5405 4207 3135 3341 1739 5183 2526 1539 3039 2906 2124 1378 4549 3063 2327 4816 1833 1916 5191 4003 2200 2406 2271 4708 1553 4426 4610 2063 4421 2779 2137 1773 4459 4317 1876 4396 5833 3059 4391 4478 2768 3396 3743 3478 5577 3731 4091 4787 3818 2223 2566 4949 2054 3472 1176 4896 4427 5153 4450 4297 1398 3898 3324 1615 3647 1285 4314 3363 4263 3485 4944 1640 3801 3531 3120 5456 1852 5059 1545 4963 5575 824 4497 4614 2858 4164 2873 2994 5084 3231 1238 3163 1142 2689 4567 2150 3295 3039 5446 5958 3014 4701 3949 1189 3436 1999 3701 4277 1917 2041 3885 2650 2233 5058 1116 3482 4590 4360 1656 3096 1743 2702 4703 2464 4713 4869 3524 4209 5300 3987 5446 1834 2330 4158 3829 3006 3448 4799 3544 4225 1599 4202 2651 4601 5039 2196 2631 2887 2813 2684 4562 4838 2863 5312 5122 959 5115 3112 4283 4457 1742 3191 2428 5082 4244 5408 995 5286 3204 4627 5285 4611 4686 5306 4082 4714 1373 3559 4710 4591 3333 3392 2783 5161 4430 3324 5183 3919 4183 4477 5199 4085 4519 4530 3582 4770 4453 3167 2338 2474 2089 4584 5247 5587 4476 4696 0
0 2843 2013 1723 2384 2386 2896 2900 1734 815 2179 2563 461 2113 1127 3338 1353 1717 1745 3528 1660 3397 1833 1004 3072 1044 3037 2067 2672 2349 2853 2544 1038 3413 2639 1523 2606 3045 3032 2011 2144 3062 2468 2883 2451 2759 2865 1408 1084 883 2291 2302 1385 1098 947 3329 2555 1660 2149 2578 2462 2338 1360 1437 2047 2958 2961 1213 2908 1505 1734 1774 2912 1644 2271 1844 2938 2904 2586 2492 1893 1251 2048 3082 3491 2685 2737 651 3081 3272 2601 1902 2048 1110 2696 1634 951 1991 2214 1250 862 2944 2016 1543 2879 1036 1203 3180 2378 1204 1667 1462 3039 1015 2593 2568 1208 2395 1578 1370 1132 2718 2669 1124 2612 2946 1983 2696 2899 1753 2569 2192 2190 3555 2415 2499 2689 2315 1396 1702 3276 1485 1926 824 2955 2607 3397 2488 2677 998 2119 2339 931 2514 807 2498 2199 2215 2505 2858 1006 2524 2094 1948 3202 1194 2983 1086 3089 3449 415 2795 3088 1848 2415 1881 1930 3174 2056 820 2263 743 1750 2814 1296 1881 1751 3193 2997 1821 2662 2456 850 2038 1262 2097 2675 947 1311 2760 1728 1263 2557 651 1936 3068 2505 1126 1739 1051 1637 2850 1533 3002 2546 2002 2512 2696 2141 3185 1006 1343 1995 2365 2150 2418 2999 2323 2276 994 2496 1662 2828 2771 1436 1778 1762 1728 1991 2957 2883 1807 3576 3152 592 3211 1616 2587 2646 963 1813 1448 3155 2220 2815 610 3176 1693 2554 3151 3608 2632 3072 2558 2919 812 1820 3285 2636 2252 2263 1691 2784 3038 2211 2699 2446 2835 3050 2833 2610 2500 2549 2242 3183 3017 1785 1275 1541 1222 2371 3647 3157 2705 2919 0
0 2738 2597 3521 3204 4259 4420 2402 1548 2895 3385 656 2984 1606 4455 1845 2459 2655 4787 2101 4972 2753 1544 4298 1390 4774 3512 3803 3406 4662 3671 1818 4389 4051 2260 3667 4244 4163 3012 3208 5089 3576 4056 3444 3509 4701 1945 1675 1235 3466 3899 2165 1531 1315 5074 3758 2221 2872 3979 3658 3547 2017 2383 3661 4277 4568 1758 3860 2310 2490 2874 4296 2475 3748 2625 3769 4016 4099 3560 3048 1740 3084 4589 4776 4032 3807 1081 4382 4855 3473 2494 2895 1653 4563 2526 1278 2498 2890 1787 1310 3819 3115 2084 4497 1437 1592 4183 3921 1644 2277 2090 4196 1470 4281 4062 1710 4103 2088 1799 1310 4108 3807 1564 4053 4603 2498 4017 4107 2543 3599 3534 3196 4883 4075 4446 4398 3877 1901 2508 4707 1665 2974 1140 3955 3895 4715 3993 4068 1443 3262 3483 1491 3264 1028 3888 2960 3646 3469 4363 1611 3593 2978 2647 4853 1870 3895 1377 4573 4320 649 3934 4141 2621 3624 2612 2496 4662 3076 1103 3408 1107 2844 3467 1948 2998 3246 4518 4331 2703 4230 3422 1106 2940 1913 3743 4107 1669 1770 4087 2386 1814 4127 985 3258 4257 4054 1615 2690 1521 2907 4530 2337 4480 4183 3227 3323 4524 3502 4211 1545 2268 2956 3706 2918 3654 4690 3084 3854 1623 3993 2434 4175 4190 1860 2369 2389 2176 2519 3963 4093 2837 4394 4513 922 4703 2741 3352 3846 1518 2544 2511 4620 3821 4594 992 5021 2549 4272 3934 4941 3734 4408 3691 4767 1111 3005 4435 3993 2979 3200 2496 4489 4416 2957 4184 3884 3805 4153 4567 3476 3687 3780 2867 4477 4236 2786 2080 2055 1809 3709 4621 4530 4551 4045 0
0 2943 3882 4199 5225 5391 3452 2005 3910 4623 938 3678 2004 6299 2527 3242 3092 6021 2942 5594 3664 1850 5485 1950 6036 4431 5256 3970 5931 5125 2189 5377 5160 2671 4257 5059 6166 3672 4170 5979 4421 6029 4839 4731 5298 2328 2125 1685 4070 4593 2241 1830 1883 6520 5080 2999 4176 5054 4577 4439 2906 2433 4513 6010 5511 2149 5349 3570 3953 3740 5658 3571 4136 3162 5666 5473 5486 4980 3592 2010 3467 6521 6384 4970 4993 1470 5888 7051 4845 3564 3954 1838 5883 2995 1871 3076 3590 2114 1615 5220 4103 2977 4965 1907 2259 5973 5161 2480 3120 2795 5317 1897 5278 5930 2535 4863 2807 2465 1903 4779 4460 2043 5191 6282 3324 5099 5429 3394 4667 3765 3953 6212 4960 5622 4872 4836 2457 3113 6339 2361 4688 1363 5356 5153 5795 4895 5589 1781 4300 4392 1812 4675 1555 4763 3707 4274 4872 5128 1820 3988 4551 4067 6341 2238 5335 2195 5914 6968 860 4609 5521 3647 5212 3391 3429 6241 3580 1321 4051 1385 3156 5749 2638 3843 3930 6438 6745 3382 5008 4483 1602 3666 2237 4128 5284 2060 2347 4858 2997 2340 5593 1470 4183 6102 5048 2064 3520 1830 3494 5310 2910 5232 5335 3555 4616 5299 4890 5969 2245 2657 4020 4029 3515 4781 6403 4052 4646 2100 5065 3287 5652 5505 2420 3225 3251 3243 3479 4952 5009 3228 6411 6409 1219 5607 3761 4474 5051 1946 3093 3074 6329 4712 5806 1351 5803 3603 4686 5681 6374 4939 5682 4265 6235 1602 3538 5396 4839 3647 4563 3213 5937 5531 4272 5908 4687 4944 5660 5596 4438 4610 4759 4125 5812 5650 3463 2839 2698 2243 5357 5385 6458 5767 5471 0
0 2734 2510 3255 2900 1811 1033 2263 2920 525 2152 1249 3158 1451 1762 1834 3319 1627 3415 1785 1207 3042 1290 3582 2604 3009 2391 3547 2829 1261 3157 2661 1571 2676 3435 3410 2016 2455 3666 2597 3538 2857 2736 3093 1362 1220 1063 2593 2511 1584 1232 904 3203 3254 1936 2285 2992 2398 2946 1624 1553 2640 3388 3059 1201 3021 1749 2048 2127 3385 1628 2365 1934 3559 3218 3243 2933 2356 1375 2329 3470 3303 3173 2968 777 3293 3525 2708 1954 2215 1184 3386 1759 1034 2014 2315 1364 928 3188 2092 1422 2928 1200 1132 3600 2618 1259 2000 1578 3175 1129 2943 2941 1375 2990 1632 1510 1111 3028 2948 1299 3144 3359 1942 3246 2836 1814 2494 2648 2406 3690 2833 2971 3346 2426 1491 1700 3258 1394 2702 789 3543 2645 3203 2702 3131 1009 2486 2261 1144 2453 792 3075 2205 2797 2443 3188 998 2299 2267 1918 3074 1301 3352 1050 3347 3316 459 2532 2960 2066 2722 2123 2208 3508 2374 901 2136 754 2101 3152 1382 2121 2241 3625 3220 2110 3317 2562 861 2483 1339 2431 3089 1155 1394 3021 1760 1431 3376 751 2348 3025 3193 1179 2117 1216 2208 3323 1800 3284 2981 2204 2766 3413 2705 3048 1078 1540 2313 2910 2196 2504 3209 2201 2609 1276 2650 1800 3173 3116 1425 1801 1787 1820 2118 3144 2773 2100 3811 3084 672 3267 1859 2919 2904 1008 1992 1588 3911 2628 3103 775 3374 2147 3213 3055 3893 2988 3315 2539 3292 901 2127 3255 2741 2444 2127 2028 3175 3847 2722 3241 2540 3027 3055 3020 2513 2665 2797 2672 2984 3070 2215 1661 1518 1310 3023 3649 3413 3212 2871 0
0 2403 2748 2939 1715 983 2061 2705 454 2123 1204 3280 1392 1825 1580 3324 1511 3039 1676 950 2830 1190 3338 2567 2696 2094 2800 2223 1154 3242 2596 1540 2492 2872 3181 2080 2172 3159 2453 2603 2286 2647 3060 1268 1024 755 2409 2314 1501 998 808 3180 2470 1658 2195 2822 2430 2529 1452 1434 2221 2853 3058 1086 3017 1765 1816 2032 2734 1647 2373 1828 2586 2801 3261 2691 1933 1113 2100 3341 3112 2776 2895 638 2723 3451 2487 1835 2009 976 2711 1600 880 1946 1971 1345 802 2620 1847 1404 2608 936 1097 3003 2602 1192 1655 1505 2927 997 2947 3105 1289 2663 1545 1356 1163 2825 2609 1239 2809 3041 1830 2730 3112 1712 2436 2220 2331 3166 2534 2972 2693 2532 1346 1608 3318 1195 2336 736 2901 2549 3390 2441 2718 862 2243 2081 1138 2416 846 2432 1991 2386 2123 2564 1119 2356 2366 2046 2924 1094 2876 996 2921 3361 487 2609 3259 1831 2526 1828 1896 3040 2168 838 1956 659 1759 2914 1422 2162 1944 2916 3168 1969 2963 2191 909 2072 1229 2307 2683 1080 1069 2786 1566 1325 2616 732 2024 3030 2769 1077 1760 1078 1767 2847 1505 3073 3061 2067 2306 3262 2389 3105 1191 1428 2346 2369 1883 2377 3220 2067 2378 1038 2527 1708 2863 2958 1543 1931 1804 1679 1713 2433 2644 1646 3337 3005 584 2866 1719 2725 2815 1021 1941 1603 3082 2695 3380 733 3044 1664 2393 3183 2933 2776 3273 2397 2992 850 1942 2872 2550 2005 2226 1774 2765 3275 2110 3270 2328 2466 3003 2518 2342 2770 2538 2261 3180 2926 1774 1309 1548 1298 2677 2965 3299 3043 2929 0
0 3419 4513 2498 1506 2930 3628 607 2605 1590 3941 1795 2271 2520 4005 2226 4608 2591 1401 4036 1329 4576 3039 4225 3051 4195 3532 1463 4479 3957 1908 3895 4600 4380 2882 3363 4264 3356 3905 3691 3590 3575 1814 1808 1371 3100 3782 1856 1451 1454 4528 4025 2030 3323 4516 3068 2919 1975 1998 3329 4455 4086 1652 3697 2359 2615 2934 3655 2512 3227 2400 4194 4161 3926 3823 3004 1472 2772 4241 4304 3703 4074 943 4005 4449 3101 2501 3101 1523 3981 2078 1208 2492 2674 1714 1177 3479 2711 2143 4184 1500 1597 4176 3598 1535 2424 2014 3844 1466 3792 4320 1799 3410 2177 1908 1557 4195 3797 1637 3619 4670 2975 4052 3732 2324 3076 3042 3296 4457 3575 3937 3979 3665 2074 2155 4547 1844 2873 1070 4103 3357 4840 3248 3758 1255 3190 3048 1470 3101 1072 3423 2623 3120 3174 4211 1536 3187 3393 3007 4790 1704 4234 1600 4073 4941 621 3585 3762 2590 3402 2664 2677 4381 2967 1001 3137 898 2553 3681 2023 3005 2908 4102 4382 2623 3882 3343 1097 2973 1922 3152 3535 1439 1713 3553 2393 1878 4272 1136 3010 4226 3883 1719 2641 1475 2276 4200 2066 4161 4049 3035 3362 4429 3343 4366 1423 1906 3625 3330 2918 3374 3913 3071 3332 1590 3715 2539 4300 3816 1919 2278 2301 2248 2752 3861 3906 2697 4952 4495 825 4577 2561 3670 3619 1478 2507 2170 3998 3456 4393 985 4785 2435 3622 4502 4508 3523 4196 3208 4089 1139 3007 4449 3936 3168 3191 2614 3952 4446 3401 4373 3492 3882 4271 4014 3039 3545 3860 3289 4241 4043 2947 1857 2128 1720 3854 4721 4527 3652 4006 0
0 3832 2133 1218 2671 3267 648 2850 1588 4350 1715 2095 2329 4088 1972 3887 2422 1442 4117 1403 4430 3189 3385 3102 4471 3357 1586 4455 3536 2101 3294 3470 3980 2406 2902 4162 2908 3780 3258 3237 3857 1682 1671 1185 3101 3395 1833 1325 1127 4313 3806 2090 2627 3880 3376 3059 2102 1934 2906 4116 3458 1485 4191 2412 2534 2785 3806 1927 2956 2223 4058 3896 4382 3508 2355 1608 2732 4137 4612 3663 3790 878 4316 4714 3544 2305 2892 1487 3901 2151 1188 2391 2777 1707 1234 3517 2616 1810 3550 1283 1491 3944 3186 1661 2244 2247 3622 1491 3788 3722 1569 3606 2266 1696 1307 4132 3666 1464 3843 3927 2359 3762 4058 2185 3054 2928 2692 3917 3506 3908 3992 3380 1920 2085 4223 1557 2643 995 4051 3490 3912 3390 4117 1321 2608 3245 1339 3193 1041 3672 2922 3376 3233 3851 1244 2896 2960 2350 4188 1720 3991 1439 4486 3809 543 3501 3445 2686 3069 2409 2323 4148 2873 1025 3069 994 2280 4031 1754 2880 2937 4640 3728 2554 3444 3175 1087 3161 1603 2945 3317 1362 1545 3224 1869 1566 4291 964 2936 3911 3518 1442 2115 1610 2036 4048 1919 4062 4073 2991 3074 3932 3384 4255 1489 2081 2852 3162 2301 3355 3676 2676 3399 1512 3415 2204 4002 3680 1820 2419 1919 2297 2345 3240 3792 2494 4454 3970 814 4411 2623 3195 3860 1370 2427 2001 4118 3536 3877 803 4625 2400 3577 4570 4094 3815 3977 2835 4181 974 2944 4291 3531 2944 3027 2217 3919 4092 2871 3665 3470 3341 3752 3703 3296 3484 3373 2609 4286 3825 2386 1730 2096 1685 3530 4752 4485 3744 3682 0
0 2954 1644 3349 4454 770 3280 1940 5554 2363 2796 3193 5237 2300 5330 2748 1661 5522 1868 5137 3642 4501 3537 5560 4058 2206 5119 4345 2560 4392 4927 5031 3193 3678 5514 3601 4734 3875 4197 4921 1978 1820 1391 3340 4330 2290 1731 1596 5506 4268 2283 3501 4841 3736 3933 2447 2328 3857 5291 4894 1813 4403 2677 3050 3195 4435 2705 3421 2844 4706 4342 4768 4360 3000 1823 3755 4527 5104 4213 4889 1154 5318 5455 3839 3461 3527 1729 4930 2571 1632 2702 3234 2110 1301 3929 3468 2383 4870 1624 1917 5470 4571 2106 2707 2693 4679 1681 4959 4453 2045 4414 2761 2210 1751 4627 4269 1888 4070 4906 3136 4168 5103 2870 4218 3633 3654 5750 4376 4023 4404 4094 1973 2521 5029 1881 3728 1309 4811 4491 4706 3938 4583 1639 3290 3755 1701 3922 1168 4341 3284 3551 3971 4843 1682 3781 3526 3181 5627 2011 5102 1755 4269 5631 758 4381 4400 3337 3936 2668 3174 4538 3498 1390 3651 1012 2772 4743 2204 3191 3133 5375 5661 2993 4490 4098 1343 3115 1948 3796 4392 1776 2161 4574 2566 2219 4611 1228 3724 4627 4539 1792 2954 1803 2946 5079 2554 5115 4420 3712 3950 4838 3630 4337 1609 2173 3631 3948 3244 4243 4544 3481 3871 1970 4332 2630 5266 4600 2175 2987 2480 2880 3001 3955 4379 2935 5198 4511 1035 4717 3028 4409 4749 1499 3029 2289 4861 4105 4848 1230 5547 2669 4024 4969 5604 4323 5069 4045 5263 1274 3217 4884 3742 3707 3596 2943 4672 5057 3918 4916 4259 4242 5016 5012 4557 3629 4222 3711 5137 4008 3116 2641 2748 1969 4010 5549 5080 4756 4354 0
0 1699 3359 4670 750 3816 2045 5057 1976 2876 2898 5875 2555 5830 3189 1768 5292 2080 5397 3991 4318 3794 5318 4272 2192 5051 4173 2893 4068 5151 5632 3598 3867 5646 4079 5145 4173 4085 4903 2125 1923 1496 3652 4219 2224 1852 1673 6237 4244 2962 3975 4717 4149 4635 2776 2303 4477 5255 5613 2278 5256 3149 3520 3597 4854 2864 4224 3068 4854 4461 5097 4843 3669 2128 3726 5580 6126 4575 5159 1166 5227 5963 4064 3377 3286 1916 5435 2815 1590 2993 3723 2232 1380 4584 3865 2438 5415 1763 1842 5233 4594 2243 2611 2676 5228 1653 5494 4786 1964 4478 2669 2587 1934 4864 4804 2244 4892 5681 3012 4892 5337 3074 4305 3672 3802 6274 4088 4837 4996 4445 2104 2500 5782 2286 3870 1358 5331 5153 5960 4609 5458 1849 4005 3746 1628 4426 1299 4118 3671 4778 4156 4679 1708 3748 3956 3598 6319 2135 5039 1813 5592 5833 901 4700 5725 3496 3769 3371 3246 5524 3216 1458 4131 1145 3018 5083 2062 4021 3153 5835 5455 3338 4407 3778 1391 3323 2373 4330 4732 1677 2416 4814 2540 2200 5332 1273 3785 5525 5140 1865 3175 1867 3029 5824 2674 5037 5215 3896 3715 5486 4609 5447 1771 2700 4463 4030 3270 4788 5523 3674 4022 1705 4837 2752 4944 4915 2463 2699 2662 2785 3054 4142 5122 3196 5765 4899 1050 6100 3151 4888 5039 1741 3033 2507 5440 4333 5375 1144 5845 2917 4924 5629 5509 4526 5332 4586 5038 1416 3687 5792 5087 3588 4385 2933 5543 5519 4222 5003 4355 4531 5116 5273 4394 4449 5065 3780 5386 5309 3250 2423 2907 2251 4077 5707 5874 4921 4925 0
0 2117 2836 455 2315 1326 3523 1351 1933 1918 3767 1407 3427 1853 1148 3250 1150 3123 2394 2997 1980 3397 2681 1130 3655 2556 1409 2865 3105 3006 2183 2206 3784 2322 3547 2647 2232 3358 1204 1259 963 2229 2262 1371 1056 883 3478 2905 1802 2065 3385 2697 2528 1524 1619 2524 3077 3020 1243 3294 1848 1905 1858 3102 1694 2383 1931 3007 2764 3304 2690 2026 1128 2277 3355 3445 2650 3218 755 3432 3717 2706 2166 1969 1044 3154 1561 981 2066 2179 1154 936 2818 2101 1725 3242 1004 1037 3399 2918 1347 1854 1633 3156 1245 2864 3450 1332 2803 1583 1384 1103 3087 2795 1230 2671 3396 2148 2809 2852 1815 2464 2333 2209 3346 2671 2946 2998 2524 1380 1680 3242 1385 2256 825 3159 2972 3362 2505 3048 934 2555 2270 1125 2332 826 2911 2333 2783 2630 3018 1107 2523 2117 2277 3593 1356 3221 1127 3393 3410 518 2955 3112 1778 2457 1859 2158 3463 2296 887 2289 741 2049 3020 1570 2373 2034 3823 3723 1987 2877 2289 823 1974 1361 2207 3039 1179 1135 2536 1556 1460 3303 824 1941 3135 2863 1145 2015 1241 1860 2850 1693 2779 2670 2265 2710 3259 2861 3369 999 1424 2147 2520 2099 2360 3005 2086 2312 1326 2532 1692 3076 3321 1543 1735 1905 1865 2003 2488 2879 1758 3628 3213 632 3483 1893 2363 3061 996 1918 1482 3140 2800 3025 772 3350 1914 2763 3197 3608 2901 3026 2379 3210 795 2342 2832 2448 2496 2201 1797 3304 3570 2524 3600 2624 2897 3354 2796 2666 3045 2683 2193 3285 3132 1989 1621 1482 1410 2894 3399 3177 2837 3200 0
0 1398 249 1125 682 1672 636 996 941 1726 828 1811 1053 582 1894 517 1742 1286 1566 1226 1615 1267 669 1633 1501 893 1409 1678 1693 1056 1168 1735 1405 1714 1341 1463 1675 699 617 532 1273 1348 718 555 556 1801 1487 979 1144 1538 1241 1398 779 821 1324 1595 1760 574 1635 1035 973 1158 1639 946 1249 999 1790 1643 1610 1569 1029 653 1297 1774 1695 1643 1455 390 1697 1766 1339 1136 1197 684 1573 933 558 997 1118 639 503 1507 1174 849 1708 569 655 1669 1446 605 981 831 1557 610 1641 1651 678 1389 973 749 576 1530 1285 660 1397 1844 1015 1450 1798 914 1227 1269 1194 1711 1526 1623 1453 1420 760 849 1734 684 1289 387 1697 1653 1823 1361 1739 567 1233 1229 662 1325 399 1441 1187 1539 1253 1656 609 1249 1352 1021 1753 660 1647 579 1706 1898 231 1435 1539 1044 1389 980 1068 1792 1146 429 1213 392 1018 1689 712 1183 1179 1589 1819 1152 1406 1321 489 1135 625 1259 1517 580 698 1615 922 697 1505 356 1098 1743 1616 575 1044 675 1048 1485 866 1734 1471 1063 1339 1689 1347 1617 574 742 1372 1334 1129 1479 1730 1142 1221 603 1478 995 1609 1720 807 985 868 1008 1027 1637 1450 917 1796 1671 356 1958 970 1388 1635 576 998 886 1898 1457 1676 385 1993 903 1721 1839 1632 1517 1735 1444 1853 435 1142 1445 1343 1183 1354 933 1815 1838 1244 1713 1407 1516 1567 1634 1404 1494 1582 1334 1653 1624 1065 759 902 737 1356 1959 1593 1613 1545 0
0 563 2540 1376 3922 1519 2067 1998 3539 1904 3738 2228 1231 3653 1324 3743 2723 2894 2500 3754 3225 1256 3827 3030 1922 2782 3687 3686 2378 2692 3570 2703 3645 3453 2884 3812 1549 1259 1145 2767 2930 1721 1192 1026 4094 2929 2167 2536 3393 3084 3224 1639 1556 2685 3499 3227 1241 3520 1907 2105 2428 3359 1981 2905 1974 3735 3666 3565 3503 2514 1475 2477 3582 4119 3511 3368 745 3995 4195 3039 2475 2343 1407 3457 2067 1244 2295 2348 1632 1030 2981 2590 1985 3379 1118 1302 3536 3177 1516 2157 1911 3051 1290 3283 3602 1478 3125 1780 1420 1281 3237 3371 1540 3370 3589 2145 3103 3271 1863 2926 2780 2756 3621 3178 3184 3513 3118 1743 1787 3349 1659 2543 962 3395 3023 4293 2809 3533 1198 2292 3068 1323 2986 937 3096 2390 3146 2716 3866 1252 2418 3103 2119 4204 1427 3827 1306 3502 3963 501 2844 3440 2454 2998 1890 2589 3731 2659 903 2572 867 2008 3127 1502 2538 2396 3941 3967 2056 3243 2813 882 2756 1523 2806 3310 1232 1558 3179 1884 1439 4031 901 2627 3526 3453 1254 2293 1363 2171 3312 2002 3291 3444 2314 2826 3404 3173 3470 1350 1707 2717 3068 2498 2882 3508 2556 3004 1343 3102 2010 3766 3085 1589 2180 2075 1851 2220 3056 3746 1943 3686 3222 806 3620 2239 3106 3357 1261 2360 1740 3596 2910 3543 798 3870 2187 3501 3872 3887 3270 4011 3026 3903 933 2518 3426 3285 2600 2861 2355 3578 3974 2834 3832 2921 3033 3666 3790 3154 2835 3139 2520 3539 3261 2178 1902 1835 1461 2785 3945 3696 3451 3262 0
0 3263 1689 4548 1946 2700 2690 4830 2222 4847 2434 1522 4792 1676 4478 3997 4235 3174 4807 4025 1902 4889 3761 2138 3873 4463 4263 2724 3469 5316 3849 4403 3739 3884 3828 2014 1676 1320 3390 4013 1923 1594 1346 4881 4129 2467 2897 4265 3257 3425 2005 2204 3748 4248 4049 1772 3937 2677 2760 3095 4486 2583 3435 2741 4129 4766 4526 3970 3081 1692 3076 5008 4894 4249 3898 1088 4525 4637 3757 3126 3181 1737 4849 2529 1277 2809 2766 2008 1159 3602 3384 2298 4399 1539 1876 4774 3846 1830 2539 2320 4048 1522 4329 4308 1907 3986 2364 2043 1770 4523 3572 1907 4592 4961 2856 4094 4289 2663 3697 3077 3268 5221 3819 4231 4187 3898 2123 2459 4869 1958 3044 1226 4588 3967 4667 3943 4464 1343 3243 3283 1421 3842 1151 3858 3155 3361 3723 4274 1671 3727 3326 3092 4753 1709 4309 1771 4484 4775 771 3816 4084 2802 3855 2954 3200 4043 2850 1116 3121 1113 2499 4302 2255 3356 2793 4911 4899 2591 3947 3059 1300 3081 1869 3377 3882 1454 2006 4067 2507 1899 3921 1161 2877 4824 3823 1682 2617 1635 2500 4925 2255 4671 4136 3098 3636 4566 3561 4561 1513 2183 3482 3833 2860 4066 4589 3194 3187 1805 4161 2472 4306 4257 2122 2596 2584 2452 2450 4022 3643 2634 4523 4069 910 5018 2713 4068 4060 1514 2518 2472 5170 4144 4932 1029 5197 2791 4401 5118 5248 3627 4211 3566 4600 1068 3371 4487 4019 3262 3352 2724 4551 4548 3257 4170 3653 4484 4638 4503 3556 3873 4180 3225 4512 4117 2734 2095 2424 2061 3705 4932 4223 4740 4155 0
0 335 820 353 515 482 965 438 772 463 295 839 322 851 633 728 602 899 688 285 898 767 408 748 815 766 520 547 809 707 818 707 662 829 348 308 261 623 707 339 288 245 919 733 452 617 796 673 598 374 385 609 922 757 296 807 475 570 520 773 524 594 449 693 751 781 691 536 318 622 963 938 833 738 202 905 934 676 544 599 331 737 485 246 484 507 306 227 749 538 401 670 305 314 849 720 350 481 423 806 308 683 827 380 727 449 375 278 800 741 318 704 885 504 631 870 465 678 588 639 899 710 728 695 599 410 442 935 332 666 211 785 716 751 755 737 272 555 669 287 680 230 667 525 671 646 772 287 541 600 560 764 295 747 277 813 885 115 766 717 515 595 502 559 869 588 186 602 197 461 777 362 599 507 841 824 536 766 585 223 614 327 580 799 332 314 758 388 353 844 181 581 811 780 282 530 285 547 798 462 792 707 525 650 737 605 808 282 404 603 647 568 660 850 549 653 268 720 467 801 795 338 491 429 499 541 702 844 456 953 885 174 895 428 679 719 231 495 393 792 670 931 184 1027 499 780 901 811 709 944 654 914 208 555 789 737 573 615 514 826 932 649 770 664 664 909 773 692 758 759 595 798 814 539 392 407 365 733 905 799 786 698 0
0 3842 1565 2406 1958 4081 1725 4283 2012 1187 3568 1251 3575 2998 3301 2603 3974 2993 1427 3853 3255 1797 3326 4103 3693 2187 3036 4085 2923 3781 3169 3160 3820 1673 1316 1069 3014 3035 1634 1231 1179 3667 2981 2035 2358 3371 3023 3097 1761 1779 2782 3806 3764 1455 3556 2257 2654 2529 3719 2169 2644 1874 3369 4029 3735 3273 2465 1463 2815 3898 3699 3341 3497 853 3549 4258 3059 2626 2702 1439 3383 1989 1147 2134 2325 1485 1031 3412 2347 1926 3630 1120 1491 4213 3231 1550 2053 1744 4086 1341 3833 3484 1694 3227 1843 1491 1319 3372 3221 1353 3350 4126 2307 3142 3651 2129 3236 2812 2674 3659 3114 3788 3309 2839 1903 1897 3921 1662 2473 931 3490 3624 3922 3289 3206 1287 2629 3071 1220 3178 995 3477 2498 3440 2586 3629 1314 2873 2841 2274 3750 1550 3579 1340 4005 4279 616 3220 4029 2240 2898 2076 2597 4053 2544 922 2650 772 2168 3571 1485 2536 2592 3760 4117 2271 3298 3207 893 2451 1574 2887 3052 1285 1503 3589 1802 1820 3736 958 2540 3647 3423 1290 2148 1457 2170 3364 1907 3735 3639 2522 2730 3583 3059 3701 1187 1794 2660 2887 2172 3145 4055 2513 2792 1395 3045 2041 3730 3774 1539 2090 2030 2158 2459 3636 3379 1967 4068 3848 734 4188 2297 2996 3297 1131 2305 1789 3743 3235 3637 851 3972 2239 3617 4144 3911 3050 3945 2792 3300 902 2692 3793 2959 2955 2496 2005 3673 3576 2958 4257 2947 3357 4018 3891 3043 3060 3236 2906 3425 3415 2454 1677 1862 1456 3068 4158 3606 3637 3346 0
0 941 1324 1149 2268 1037 2146 1227 736 2228 681 2536 1813 1755 1457 2015 1742 816 2153 1759 1001 1634 2217 1963 1381 1639 2111 1446 2139 1887 1604 1882 905 745 629 1591 1779 979 714 648 2290 1819 1061 1444 1723 1658 1778 1050 970 1577 2249 2106 832 1862 1252 1255 1456 1883 1245 1594 1247 2143 2080 2051 1940 1316 712 1379 2179 2266 1845 2075 453 2073 2280 1727 1226 1483 822 1899 1192 658 1377 1534 847 578 1806 1507 997 2038 797 761 2210 1981 871 1142 974 2098 792 1828 1882 893 1954 1154 892 782 2017 1920 883 1804 2266 1207 1946 2231 1198 1528 1473 1626 2193 1856 2133 2081 1700 943 1092 2292 893 1566 522 2163 1776 2191 1878 2029 656 1363 1504 719 1766 572 1869 1315 1963 1555 2190 680 1401 1640 1290 2211 787 1967 808 2016 2293 359 1808 2073 1388 1606 1236 1286 2180 1333 600 1436 469 1270 1929 854 1549 1501 2247 2314 1217 1862 1581 583 1293 909 1536 1916 737 823 2045 1146 851 2224 453 1592 2057 1796 727 1164 807 1409 2258 1162 2020 1936 1460 1734 2016 1693 2223 752 1083 1714 1839 1202 1583 2120 1395 1500 752 1779 1215 2014 1926 954 1074 1247 1136 1177 2038 2162 1206 2285 1862 452 2115 1150 1938 1909 649 1360 1095 2188 1852 2089 520 2446 1102 1991 1976 2130 2024 2080 1685 1847 564 1430 2301 1750 1496 1551 1297 2218 2215 1613 2171 1613 1813 1989 1876 1669 1867 2016 1482 2003 1927 1316 1019 1071 794 1912 2422 2186 2154 2069 0
0 3055 3208 6398 3017 5789 3443 1912 6081 2237 5803 3899 5335 4306 5526 4393 2114 6156 4960 2510 4291 4920 5561 3598 3718 6249 4261 5711 4222 4762 4971 2397 2080 1758 3790 4297 2600 2003 1746 6107 5001 2728 3765 4873 4290 4123 2708 2899 4522 5466 5508 2091 5193 3032 3303 3633 5009 2944 4184 3251 4986 5011 5051 5000 3674 2038 3354 6213 6131 4857 5586 1244 5178 6216 4607 3867 3915 1932 5946 2918 1726 3505 3423 2215 1606 5166 3871 2727 5634 1887 2012 5944 5087 2266 2942 2463 5810 1810 5080 4955 2276 4773 3005 2388 1794 5438 4498 2296 4848 6149 3139 5124 5241 3523 4550 4062 4057 6119 5041 4683 5213 4362 2405 2805 5148 2598 3995 1399 5799 5019 5600 4737 4939 1547 3660 3805 2107 4524 1318 4513 3403 4842 4735 4865 1829 4120 4242 3377 5704 2182 5508 1881 5193 6537 838 4833 5111 3848 4855 3325 3362 5931 3332 1343 3853 1205 3215 5161 2436 3901 3640 6347 5571 3320 5264 4156 1378 3721 2247 4633 4665 1976 2199 4764 2838 2572 5160 1343 3337 6110 4999 1784 3271 2125 2861 5188 2881 5255 4331 3623 4408 5681 3982 5597 1780 2570 3673 4741 3275 4153 5622 3763 4289 2223 5117 3133 5344 4944 2535 3281 3072 2869 3486 5065 5003 2847 6634 5901 1173 5716 2964 4406 4971 1755 3100 3054 6438 4404 6404 1169 5700 3416 4846 5292 5918 4863 5698 4465 5683 1383 3677 5407 4801 4157 4027 2995 5553 5865 4208 5301 4066 4968 5978 5686 4773 4758 4875 4316 5598 4526 3573 2511 2720 2458 4297 5693 5709 4769 4969 0
0 1374 2327 1084 2469 1187 850 2350 836 2538 1728 2155 1593 2257 1753 842 2382 2018 1049 1900 2153 2075 1538 1712 2293 1934 2491 1791 1851 2300 938 835 642 1726 1673 1145 775 681 2800 1971 1250 1834 2198 1994 1911 1013 1260 1802 2307 2356 965 2042 1231 1456 1761 2090 1377 1822 1384 2437 2151 2334 1966 1391 864 1638 2416 2418 2320 2431 536 2464 2462 1833 1670 1609 895 2355 1285 779 1398 1561 860 685 2118 1421 1198 2372 783 967 2431 2202 971 1313 1154 2295 757 2124 2165 968 1998 1191 1026 813 2036 2093 871 2434 2490 1308 2145 2183 1312 1809 1783 1646 2432 1992 1979 2047 1822 1085 1219 2407 1084 1926 502 2172 2356 2229 1867 2282 731 1745 1707 739 1782 643 1742 1647 1899 1711 2313 849 1835 1987 1552 2356 959 2282 849 2277 2841 372 2038 2314 1547 1972 1221 1496 2486 1647 544 1659 536 1402 2235 1055 1644 1560 2636 2574 1541 2077 1772 610 1690 914 1667 2166 878 981 1937 1101 1011 2182 559 1691 2268 2091 819 1421 869 1295 2238 1305 2174 2184 1482 1584 2550 1736 2500 766 1110 1974 2005 1631 1845 2303 1500 1935 753 1854 1421 2168 2134 1000 1257 1266 1253 1392 2123 2308 1338 2458 2477 469 2610 1469 1972 2217 731 1308 1088 2447 2063 2342 554 2676 1349 2004 2379 2304 1787 2329 1914 2078 611 1505 2222 2032 1731 1594 1155 2406 2447 1818 2210 1683 1912 2346 2038 1919 1831 1897 1716 2339 2216 1608 1002 1193 934 1966 2579 2426 1986 2318 0
0 3326 1603 3092 1773 1049 3309 1036 2886 2541 2775 2382 3080 2849 1203 3466 2400 1472 2472 2680 3118 2065 2244 3075 2328 3134 2576 2440 2952 1117 1166 874 2506 2439 1374 1159 941 3200 2624 1582 2118 2994 2530 2467 1372 1462 2652 2886 2941 1265 3216 1656 1923 2120 3094 1786 2413 1840 2964 3046 3019 2504 2006 1161 2056 3379 3478 2751 2961 801 3426 3149 2345 1882 1875 1191 2735 1589 915 1673 2192 1165 872 2581 2158 1349 2829 1134 1146 3531 2673 1193 1717 1435 2704 1199 2669 2915 1205 2442 1489 1363 930 2980 2518 1193 2797 3092 1900 2746 3010 1586 2322 2275 2286 3223 2731 2972 2941 2449 1329 1507 3113 1369 2066 836 2771 2819 3170 2719 2937 1071 2329 2299 1045 2775 797 2690 1959 2468 2353 3041 1108 2574 2478 2036 3274 1111 2914 1157 2976 3757 484 2705 2881 1737 2489 1878 2087 3243 2152 820 2198 655 1734 2719 1450 2200 1916 3404 3188 1726 2484 2096 841 1898 1320 2214 2610 982 1228 2436 1461 1326 2645 699 2057 3128 2887 991 1743 1011 1925 3083 1405 3040 2749 2187 2390 3016 2349 3029 1183 1454 2114 2346 1909 2366 2853 2199 2311 1064 2713 1653 2752 2938 1407 1746 1622 1568 1755 2485 2884 1596 3447 3144 602 2898 1711 2460 2996 1007 1787 1546 3181 2714 2884 701 3049 1746 2625 3126 3635 2642 3431 2104 2721 802 1869 2859 2652 2203 2099 1747 3063 2840 2201 2922 2505 2803 3228 2859 2613 2597 2922 2309 2972 2717 1752 1574 1449 1148 2569 3109 3280 2608 3105 0
0 1387 3312 1813 949 3350 1129 3197 2361 2510 2008 3136 2704 1284 3306 2623 1553 2491 3275 3287 2117 2498 3110 2256 3265 2653 2760 3134 1348 1218 859 2217 2371 1454 954 924 3487 3122 1556 2099 3000 2388 2372 1336 1646 2627 3147 3145 1282 3030 1856 1735 2280 2922 1772 2268 1576 2704 2952 3325 3038 2149 1304 2116 3213 3086 2785 2961 725 3046 3468 2765 2078 2024 1150 3458 1900 848 1863 1980 1190 884 2641 2236 1532 3097 1062 1106 3301 2757 1275 1791 1602 3029 1049 3012 3031 1207 2650 1667 1325 1082 2700 2584 1276 2856 3721 1993 2449 2792 2005 2584 2453 2547 3205 2468 3078 2939 2594 1314 1521 3124 1372 2325 808 2751 2622 3424 2768 2790 898 2312 2241 1013 2572 763 2560 2023 2897 2471 3373 967 2432 2354 1946 3608 1225 3088 1142 2987 3397 523 2398 2992 2136 2906 1786 1849 3322 2146 808 2369 787 1929 3011 1348 2217 2264 3656 3604 2009 2804 2378 839 2132 1184 2345 3047 1103 1295 2870 1633 1320 2891 723 2053 3192 2798 1101 1665 1264 1639 3093 1613 2844 3027 1910 2617 2840 2508 2924 1059 1458 2347 2473 2087 2193 3050 2097 2637 1086 2675 1746 3250 2968 1491 1702 1655 1723 1940 2927 2868 1782 3610 3562 595 3559 1903 2625 2713 971 1736 1449 3264 2684 3574 725 3503 1771 2739 3129 3378 2726 3332 2431 3099 737 1883 3194 2305 2288 2321 1819 3172 2784 2141 3145 2283 2715 3077 3225 2433 2533 2601 2596 2735 3091 1965 1365 1490 1324 2773 3114 3021 2998 2916 0
0 5203 3748 2177 5353 2013 6689 4355 5042 3985 5561 4716 2433 5841 4975 2840 4131 6022 5983 3463 3810 6278 4299 6266 5054 4671 5498 2364 2046 1410 4518 4244 2573 1935 1784 5531 5129 2820 4018 5420 4174 4367 2560 2769 4289 5588 6019 2328 6101 3321 3833 3428 5372 2951 4686 3167 5374 5542 6308 5267 3697 2058 3948 6132 6033 4933 5428 1368 5535 6532 4878 3259 3385 2030 5384 3324 1598 3685 3561 2582 1725 4737 3887 2884 5600 2008 2266 6097 4423 2322 3367 2833 5725 2095 4696 6142 2399 4805 2793 2256 1739 5613 4322 2090 5310 6923 3150 5511 4799 3075 4632 4643 4078 6043 4759 5125 5409 4698 2389 2935 5574 2511 4207 1446 5027 4977 6499 5264 6018 1964 4493 4203 2014 4363 1512 5306 3849 5426 4066 4695 1855 3878 4657 4013 5821 2081 5713 2036 5526 5707 838 4835 5190 3577 4749 3040 3518 6595 3933 1629 3755 1302 3190 5116 2716 3653 3546 6045 6075 3507 5621 4283 1542 3783 2293 3872 4918 2054 2401 4935 2589 2516 5307 1415 3637 5734 5614 2058 3407 2240 3091 5677 2879 5999 4982 3772 4511 5575 4130 5206 2035 2471 3917 4129 3472 4768 5795 3395 4644 2297 4515 2937 5629 5057 2299 3330 3254 3366 3502 5110 5235 3253 5897 5747 1195 5682 3325 5240 5347 1874 3387 2614 5837 5207 6060 1197 6127 3188 5500 5934 6063 5218 5512 4088 5944 1550 3408 5801 5285 3835 4170 3490 5734 5938 4361 5277 4319 4773 6073 6029 4327 4515 4695 4138 5460 5474 4163 2587 2720 2360 5173 6219 5903 5886 5413 0
0 1434 909 2393 892 3156 2218 2318 1973 2450 1929 1110 2826 2263 1310 2424 2394 2655 1829 1832 2885 2017 2515 2440 2166 2614 1068 912 774 2074 2277 1247 1021 811 2964 2250 1290 1729 2311 1913 2326 1430 1199 1847 2634 2752 1021 2662 1575 1726 1790 2582 1323 2270 1341 2263 2512 2339 2427 1762 1059 1996 2982 3196 2495 2383 628 2776 3042 2386 1607 1892 930 2396 1519 729 1783 1502 1045 685 2206 1972 1411 2508 796 1024 2561 2375 987 1431 1317 2532 945 2411 2382 1191 2160 1303 1236 851 2393 2235 1035 2528 3146 1774 2679 2257 1572 2187 2047 1800 2825 2088 2193 2531 1978 1275 1423 2586 1195 2006 593 2408 2402 2740 2377 2565 804 1949 2102 932 2175 713 2285 1610 2130 1998 2480 883 1874 1910 1557 2963 1151 2224 877 2846 3136 391 2200 2564 1830 2062 1624 1609 2614 1810 637 1665 580 1491 2455 1219 1750 1558 2387 2887 1518 2378 2102 679 1845 1105 1855 2140 949 1123 2263 1245 1121 2423 594 1869 2424 2239 906 1523 1033 1623 2846 1344 2305 2513 1822 2002 2481 1981 2660 905 1296 2040 2057 1815 2188 2570 1644 2090 908 2072 1534 2339 2529 1188 1425 1450 1394 1628 2339 2294 1637 2891 2900 531 2714 1419 2170 2433 798 1523 1387 2868 2300 2539 574 2564 1415 2203 2607 2878 2114 2588 2211 2885 651 1732 2782 2357 2019 1921 1498 2432 2666 2017 2815 2222 2221 2536 2650 2103 2437 2543 1947 2532 2314 1810 1242 1401 1112 2134 2764 2780 2495 2319 0
0 1881 5613 2060 5950 4551 5139 4423 6305 4354 2147 6078 5032 2560 4856 5898 6171 3762 4372 5880 4089 5118 4992 4525 5392 2330 2011 1700 4008 4262 2544 1893 1870 6282 5500 2866 4143 5308 4554 4642 2922 2793 4156 5448 5468 1931 5645 3315 3829 3643 4941 3096 4684 3563 4961 5211 5848 4853 3495 2157 3925 5635 6479 4842 5223 1186 6324 6193 4658 3663 3885 2194 5906 2767 1487 3588 4131 2442 1547 5397 3633 2745 4692 1898 2034 5549 4808 2245 2918 2924 4764 1780 5184 5690 2414 5112 2980 2110 1893 5188 5212 2011 5414 6248 3694 5022 5448 2853 4610 3923 3866 6584 4279 5763 5082 4415 2411 3250 6227 2451 4167 1488 5318 4837 6043 4552 5397 1695 4164 4376 2064 5049 1468 4644 3856 5105 4881 4734 1852 4394 3842 3731 5782 2162 5121 2070 5606 5428 962 4772 5768 3373 4443 3173 3814 5914 3647 1397 3880 1429 3343 5267 2410 3469 3683 6224 5420 3417 5112 4255 1613 3759 2457 4116 4985 1985 2109 4661 2964 2198 6037 1289 4231 5574 5662 2133 3586 1942 3168 5254 2916 5511 4989 3828 4419 5073 4084 5771 1905 2821 4186 3982 3367 4539 5892 4265 4553 2055 4482 2830 5102 5205 2332 3634 3212 3095 3553 4781 5051 3207 5779 6177 1079 5973 3430 5041 5290 1814 3451 3049 5823 4511 5440 1127 6544 3441 5642 5667 5960 4934 5124 3965 5521 1265 3532 5369 5401 4325 4273 3071 5769 6174 4495 6092 4942 4603 5067 5246 4934 5208 4796 4210 6027 5612 3650 2654 2600 2138 4751 6263 5762 5777 5659 0
0 3217 1030 3529 2573 2850 2185 3108 2523 1319 3037 2791 1463 2451 3051 3031 2105 2555 3103 2594 3251 2832 2537 2651 1410 1202 926 2229 2637 1442 1097 979 3192 2718 1749 2220 2932 2654 2608 1439 1377 2210 3276 3120 1259 3080 1567 2086 2045 2853 1704 2499 1965 3120 3342 3184 3053 1980 1207 2136 3192 3455 3004 3015 820 3396 3562 2780 2185 2287 1239 3398 1780 942 1837 1921 1385 912 2778 2392 1636 3177 1145 1138 3136 2804 1290 1780 1752 3315 1135 2961 3416 1323 2763 1673 1403 1141 3301 2923 1380 2962 3315 2040 3135 3307 1780 2499 2381 2273 3432 2893 2861 2993 2566 1365 1652 3571 1466 2487 756 2792 2791 3291 2945 2691 861 2233 2560 1169 2534 852 2807 2175 2820 2394 2833 1139 2424 2149 2155 3616 1259 2999 1251 3180 3476 453 3076 3166 2012 2809 1715 1856 3430 2190 833 2163 710 1822 2859 1492 2280 2001 3278 3409 1700 2639 2431 862 2499 1335 2471 2678 1083 1252 2762 1524 1405 3029 768 2081 3124 3081 1217 1776 1046 1962 3135 1738 3337 3199 2205 2502 2980 2534 2965 1129 1387 2258 2458 2016 2449 3703 2191 2641 1125 2842 1793 3028 3213 1401 1880 1634 1797 2055 2639 2595 1748 3667 3509 620 3318 2053 2828 2797 1115 1797 1613 3450 2763 3341 658 3566 1919 2871 3257 2959 2580 3368 2794 2920 857 2261 3367 2631 2337 2338 1763 3393 3279 2519 2840 2363 2710 3603 3255 2471 2554 2760 2532 3271 2980 2024 1504 1544 1339 2803 3596 2846 2998 3203 0
0 631 1805 1303 1767 1348 1966 1627 680 1888 1665 934 1553 1834 1713 1254 1333 1827 1335 1819 1468 1422 1847 799 754 524 1309 1375 769 664 512 1927 1482 888 1457 1502 1616 1568 824 861 1432 1860 1972 713 1891 1049 1178 1330 1913 1055 1390 1013 1898 1740 1860 1533 1123 704 1263 2023 1910 1765 1757 469 1751 2056 1493 1310 1183 720 1648 937 571 1066 1179 830 482 1498 1221 890 1745 628 689 1868 1554 759 1016 1051 1585 571 1881 1786 720 1576 847 815 580 1673 1503 707 1578 2088 1115 1610 1935 1012 1466 1228 1220 1807 1600 1784 1623 1541 739 1067 1942 711 1319 487 1788 1770 1782 1646 1626 597 1322 1334 648 1379 460 1685 1138 1485 1322 1770 650 1189 1447 1105 1873 741 1721 643 1647 1997 266 1559 1874 1018 1604 1025 1130 1905 1273 471 1362 469 1096 1615 817 1253 1112 1890 1869 1209 1686 1321 487 1318 717 1355 1741 653 760 1680 853 827 1720 413 1282 1846 1842 589 1052 661 1008 1813 986 1698 1659 1293 1381 1975 1303 1941 657 871 1246 1534 1214 1375 1681 1166 1337 686 1459 957 1605 1648 883 1010 948 1038 1157 1598 1658 1013 2020 1862 363 1972 1145 1453 1770 587 1015 967 1798 1538 1911 430 2099 1124 1620 2026 2082 1772 1808 1412 2051 466 1230 1571 1517 1204 1414 1022 1609 1755 1387 1993 1632 1626 1848 1913 1394 1736 1657 1293 1734 1623 1139 871 995 748 1672 1959 1906 1758 1587 0
0 4912 4429 4641 3949 5501 4214 2148 5765 4507 2387 4125 5424 5092 3242 3884 6251 4013 5622 4941 3829 4747 2437 2160 1628 3868 4625 2154 2025 1702 6114 4793 2915 4278 5355 4460 3999 2526 2555 4104 5808 5582 2183 4555 2943 3394 3796 5311 3229 4287 3352 4590 5740 5033 4586 3349 2144 3667 5352 5584 4894 4783 1381 5413 5633 4741 3586 4100 2123 5365 2860 1835 3410 3349 2231 1596 5220 3284 2563 5741 1663 1913 6361 4667 2063 2840 3041 5195 1990 5244 5200 2143 4947 2724 2401 1761 5311 3996 2014 5585 5706 3460 4682 5709 2799 4198 3817 3556 5672 4932 4966 5111 4355 2426 2992 5037 2409 3716 1549 5649 4357 5778 4692 5099 1694 4135 3619 2009 4571 1453 4241 3888 4664 3840 5863 1932 4020 3980 3746 5745 2098 5415 2038 5540 6423 957 4664 5704 3484 4243 3239 3360 5890 3914 1312 4275 1215 2749 4719 2550 3582 3803 5116 5701 3606 4968 4045 1269 4221 2315 3947 5079 1912 2107 4991 2844 2310 5368 1176 4170 5384 5094 1926 3340 2067 3145 5575 2559 5695 4784 3765 4055 5523 4435 5712 1898 2825 4078 4184 3793 4228 5481 3899 4476 2040 4118 2956 5065 4928 2701 2998 2792 3318 3209 5291 4888 2838 6342 5435 1119 5571 3441 4868 5060 1861 3600 2859 5797 4680 5656 1273 5774 3443 4728 6116 5779 4436 5820 3905 5708 1372 3680 5351 4974 3830 4020 3431 5549 5082 4057 5181 4811 4939 5610 5025 4363 4404 4578 3891 5665 5034 3286 2517 2544 2217 4699 5297 5374 4795 4971 0
0 1557 1838 1366 1760 1574 829 1854 1546 1018 1762 1960 2037 1187 1447 1864 1510 1955 1535 1548 1840 852 787 568 1403 1565 845 713 586 2141 1645 1040 1417 1963 1523 1642 987 955 1349 2014 1988 789 1816 1067 1089 1273 1824 1139 1564 1081 1984 1905 1956 1798 1224 776 1429 2013 2143 1731 1732 467 1911 2085 1639 1168 1318 684 1815 1015 538 1163 1107 765 583 1635 1275 884 1704 671 777 2093 1652 789 1115 962 1706 699 1822 1932 802 1562 1007 768 569 1986 1703 729 1911 2092 1135 1522 1730 1054 1598 1324 1415 2142 1582 1829 1886 1466 827 925 1918 843 1433 518 1919 1736 1845 1685 1768 615 1395 1340 706 1393 534 1668 1393 1573 1516 1772 614 1380 1462 1127 1962 817 1693 644 2059 2316 314 1465 1741 1312 1631 1185 1138 1758 1324 491 1369 495 1159 1657 941 1339 1215 2041 1874 1095 1751 1422 524 1407 805 1371 1632 708 759 1860 1069 816 1705 489 1269 1755 1770 680 1172 712 1163 1749 947 1705 1804 1269 1585 1957 1627 2136 629 899 1357 1645 1259 1576 1872 1138 1359 724 1696 941 1816 1911 815 1125 1018 975 1260 1753 1891 1072 2280 1754 406 1859 1198 1543 1923 656 1235 882 2197 1700 2171 445 1828 1032 1661 1870 1949 1579 2007 1412 1914 508 1430 2058 1535 1378 1459 1047 1818 1914 1358 1998 1380 1622 1746 1875 1649 1628 1611 1472 1877 1730 1304 1009 1072 727 1579 2146 1818 1858 1851 0
0 4729 4468 6041 5139 2163 5740 5005 2865 4507 5790 6236 3338 4188 5656 4014 5708 4796 5140 4693 2267 1982 1571 3800 4320 2300 1978 1659 6543 5429 2865 4344 5356 4822 4579 2977 2988 4760 5508 6073 1965 4753 3133 3504 3896 5308 3043 4426 3230 4737 4932 5692 5677 3678 2077 4220 5636 6008 5554 5089 1181 5941 6702 5074 3849 4029 1991 5675 2957 1556 3412 3641 2374 1607 4412 3967 2694 5195 2117 2021 6201 4961 2046 2703 2865 5205 1978 4709 6002 2392 5032 2957 2649 1765 5515 4685 2302 5194 5683 4029 5095 5525 3540 4585 4281 3825 6227 4688 5052 5287 4540 2440 3056 6284 2303 4279 1359 4790 4856 5164 4491 5071 1981 3956 4631 2142 4667 1383 4821 3984 4819 3851 5207 1848 3894 4303 3803 6131 2281 5081 2024 5542 6824 795 4939 4994 3304 4948 3509 3499 6186 4004 1389 4043 1122 3244 4821 2393 4331 3829 6621 5937 3682 5164 4596 1572 4247 2344 4476 5150 1928 2376 4797 2922 2207 6066 1349 3605 5992 4990 1942 2882 2208 3802 5499 3114 5644 5449 3761 4724 5933 4349 5693 1854 2886 3971 4452 3716 4892 5817 4185 4528 2031 4539 3242 5240 5967 2360 3715 3282 2797 3298 5557 5167 3496 5989 5070 1206 5625 3432 5001 5146 1886 3430 2709 5698 4382 5829 1299 6823 3402 5247 5508 5458 5158 6296 4460 5734 1470 3877 5964 5039 4505 3824 3673 5642 5551 4593 5811 4292 5383 5614 5013 4402 4840 4768 4282 5753 5350 3709 2951 2952 2328 4748 5497 5938 5607 5310 0
0 2672 4383 3253 1857 4014 3536 2168 3513 3849 3932 2841 3079 4697 3321 4090 3582 3516 4076 1642 1489 1097 3185 2969 1832 1475 1314 4078 4042 2456 2915 4291 3587 3579 1904 1850 2979 4317 4284 1724 4230 2109 2582 3066 4011 2135 3579 2217 4162 3933 4419 3729 2878 1634 2842 4398 5081 3590 4511 1035 4001 4655 3630 3000 2937 1427 4375 2174 1378 2670 2722 1753 1122 3527 2934 1881 4120 1386 1711 3851 3531 1718 2318 2295 3919 1448 4172 4266 1627 3439 2340 1828 1424 4029 3561 1403 4182 4608 2718 3658 3601 2206 3235 3411 3005 5238 4021 3626 3880 3402 1696 2427 4655 1764 2983 1021 3934 4053 4750 3637 3550 1285 2947 3123 1585 3712 985 3849 2755 3243 3246 3744 1389 2715 3252 2597 4595 1612 4066 1639 4230 5029 635 3563 4132 2643 3223 2419 2840 4349 2858 1004 2888 1066 2280 3802 1834 2817 2653 4116 4182 2430 4043 3469 1063 2972 1938 3184 3850 1420 1758 3782 2246 1768 3783 1035 2870 3734 3857 1449 2416 1555 2453 4354 2199 4596 3819 2887 3523 4429 3172 4264 1391 1988 3292 3372 2596 3706 4478 2762 3549 1426 3778 2390 4533 3865 1780 2700 2450 2342 2425 3816 3698 2313 4272 4129 899 4133 2429 3309 4363 1288 2451 2022 4204 3521 3997 899 5010 2544 3780 4034 4716 3915 4453 3464 4415 1252 2577 4148 3627 2978 2793 2443 4178 4240 3230 4220 3548 3945 3713 3831 3628 3418 3773 2899 4320 3753 2487 1951 2276 1713 3909 4387 4377 4148 4102 0
0 4922 4402 1581 5496 3831 2275 3691 5060 4849 3265 3418 4609 3593 4311 4073 3674 4376 1874 1732 1165 3732 3366 2048 1799 1471 4807 3803 2449 3427 4259 3651 3554 2258 2520 3569 4947 4792 1686 4319 2687 2766 3188 4720 2941 3623 2877 4505 3960 5152 3978 2866 1562 3387 5236 5157 4272 4379 1152 5268 5518 3574 3014 3224 1621 4971 2202 1446 2950 2995 1959 1169 4046 3071 2374 4546 1565 1946 4882 3901 1923 2409 2203 4848 1839 4284 4338 1945 4117 2430 2139 1606 4955 3647 1716 4067 5709 2701 4139 4558 2745 4088 3879 3773 5164 4248 4802 4208 3515 2248 2499 4422 2046 3095 1071 4281 3832 5192 4205 4864 1292 3239 3403 1754 3694 1202 4112 3502 3569 3831 4357 1607 3702 3740 3357 5579 1858 4896 1598 4871 4900 748 3871 4166 2785 3875 2542 2572 4608 3151 1217 3245 977 2797 4618 1967 3285 2788 4647 4806 3077 4242 4037 1386 3023 1750 3905 4492 1841 2081 4444 2437 2027 5181 1111 3289 5113 4357 1666 2734 1667 2720 4683 2501 4615 4286 3166 3570 4418 3345 4654 1790 2505 3594 3986 3040 3968 4701 3112 3376 1877 3884 2497 4968 4570 2124 2594 2867 2264 3045 4660 3981 2868 5361 4144 892 4755 2975 3966 4631 1413 2918 2313 5497 4182 4683 1165 5024 2726 4740 4814 5052 3856 5030 3900 4768 1117 3348 4562 3695 3456 3444 2610 4560 4439 3483 4945 3846 4248 3995 4864 4090 4160 4585 3168 4561 4290 3358 2341 2347 1754 4121 4953 4584 4394 4282 0
0 3461 1510 3744 3188 2017 2841 3947 3631 2374 2812 4079 2869 3413 3760 3378 3637 1501 1545 1096 2961 3215 1523 1321 1111 3671 3407 1958 2575 3666 3059 3292 1859 1812 2747 3831 3528 1367 3753 2188 2555 2626 3814 2012 2991 2376 3982 3706 3622 3383 2846 1507 2514 3894 3885 3381 3804 848 4205 3941 3166 2835 2444 1482 3647 1896 1123 2337 2464 1477 1006 3307 2655 1746 3922 1229 1447 3993 3303 1572 2227 2186 3779 1409 3935 3337 1786 3203 1793 1636 1351 4131 3627 1378 3411 3939 2237 3380 4074 2336 2897 3036 2793 4123 3151 3577 3641 3226 1650 2076 3864 1766 2906 954 3348 3483 4286 3360 3692 1218 2643 2598 1291 3273 999 3307 2789 3324 2683 3301 1348 3023 2880 2395 4253 1523 3569 1199 3951 4253 661 3434 3717 2256 2969 2162 2454 3683 2496 1044 2720 956 2187 3460 1745 2715 2578 4000 4198 2198 3438 2896 1043 2870 1577 2728 3419 1401 1609 3847 2023 1748 3729 940 2679 3736 3608 1413 2237 1354 2159 3602 1994 3930 3615 2772 2946 3962 2846 3999 1212 1704 2693 2964 2563 3061 4072 2876 3354 1466 3415 2171 3997 3579 1807 2275 2252 2037 2396 3627 3656 1941 3738 3828 857 3967 2246 3310 3614 1267 2268 1918 4143 3493 3851 923 4151 2423 3865 4214 3941 3280 3816 3320 3716 902 2510 3411 3262 2755 2844 2329 3839 4043 3303 3813 2870 3079 3771 3601 3543 3534 3576 2504 3637 3578 2507 1850 1776 1569 2937 4212 4325 3920 3226 0
0 2440 6022 5045 2966 4487 5524 5743 4014 3946 6327 4346 6098 5060 4571 4947 2354 2202 1433 4016 4406 2295 1916 1651 6115 5529 2534 4110 4642 3900 4391 2595 2698 4344 5735 4729 2076 5360 2972 3552 3885 5276 3106 4175 3526 4955 5283 5813 4658 4056 2230 4026 5438 5719 5109 5952 1240 5572 6170 4828 3399 3695 1934 5149 3084 1674 3791 3596 2409 1693 4679 3477 2735 5522 1937 2176 5209 4990 2508 3317 3199 4919 1746 4780 5140 2301 4939 3050 2324 1832 5274 4353 2318 5440 6523 3388 4798 5653 3503 4554 3915 3732 5760 4838 4555 5634 4451 2448 2511 5117 2449 3918 1317 5554 4886 5958 4907 5558 1638 3668 4310 2030 4310 1463 4947 3568 4520 4629 5122 2063 3750 4217 3744 5431 2144 5773 1760 5305 5756 855 4780 5427 3965 4570 3164 3477 5524 3667 1599 3766 1269 3108 5412 2520 3704 3282 6660 5688 3338 5587 4136 1562 3455 2268 4271 4956 1947 2303 5349 2711 2578 5059 1357 3369 5626 4930 2067 2923 2099 3291 5566 2936 5646 4749 3936 4475 5138 4420 5257 2140 2926 4361 4324 3479 4059 5635 3960 4881 1958 4837 3128 4842 4736 2593 3457 3255 3375 3253 4795 4963 3220 5925 5916 1201 5622 3309 4526 5675 1857 3613 2666 5229 4573 6392 1289 6113 3529 5129 5174 6293 4812 6125 4819 6146 1480 3803 5133 5041 4009 4264 3211 5489 5402 4059 5477 4246 4654 5805 5282 4303 5221 5034 4035 5701 4790 4009 2591 2745 2089 4636 6609 6099 5568 5544 0
0 4724 3771 2307 4000 4371 4775 2814 3145 4488 3329 4402 4082 3214 4155 2084 1787 1308 3176 3357 1721 1548 1462 4708 3413 2368 2949 3915 3927 3322 2060 2181 3330 4498 4541 1767 3975 2578 2559 3180 4175 2283 3312 2536 4485 4628 4612 3970 3242 1665 3216 4509 5014 3839 4422 1200 4325 4953 3641 2684 2756 1658 4444 2166 1326 2675 2707 1753 1230 3889 2827 2067 3851 1407 1598 4437 3754 1737 2177 2159 4055 1547 4406 3657 1835 3742 2021 1871 1559 3933 3659 1759 4230 4977 2865 3923 4060 2506 3395 3060 3034 4920 3293 4415 4148 3761 1862 2294 4504 1958 3366 1040 4064 4194 4204 3754 3651 1198 3478 3047 1767 3730 1140 3488 3090 3420 3234 3853 1603 3495 3103 2619 4568 1818 4295 1580 4275 4622 683 4069 4443 2668 3333 2506 2742 4713 3150 1180 3086 942 2635 3557 2179 2749 2682 4486 4940 2667 4352 3554 1157 3175 1923 3412 4082 1781 1820 3871 2382 1753 3984 1007 2808 4080 4146 1588 2562 1678 2712 4556 2116 4663 4063 3098 3324 3991 3767 4567 1477 2219 3195 3199 3041 3544 4675 2999 3329 1693 4131 2561 3748 3984 2209 2889 2168 2618 2826 3663 3911 2456 4811 4571 922 4266 2646 3840 4481 1527 2916 2032 4363 3559 4554 963 5459 2642 3867 4593 5204 3581 4428 3435 4743 1098 2712 4778 3762 2945 3316 2494 4638 3961 3194 4631 3946 4082 4529 4573 3994 3586 4304 3235 4353 4158 2967 2010 2280 2013 3986 5074 4709 4626 4272 0
0 1984 1026 1672 2261 1972 1407 1504 2364 1448 1954 1867 1693 1909 820 808 591 1645 1769 1010 751 657 2318 1803 1083 1484 2067 1922 1853 943 1068 1664 2134 2080 878 2254 1094 1334 1324 2204 1219 1652 1311 1833 2026 2091 1993 1473 852 1305 2125 2485 1912 2029 472 2128 2404 1838 1248 1391 695 2063 1068 637 1342 1302 839 602 1952 1531 929 2224 683 788 2321 1771 805 1111 1010 1987 729 2057 1972 941 1890 1192 974 745 2210 1922 882 2056 2199 1328 2109 2138 1114 1856 1617 1506 2444 1746 1952 1842 1574 1032 979 2220 918 1510 581 2012 1956 2102 1714 2072 696 1395 1549 705 1683 575 1801 1416 1988 1526 2018 779 1388 1639 1539 2377 862 1975 758 2069 2263 356 1861 2176 1389 1862 1110 1419 2362 1474 495 1453 455 1290 2052 1014 1515 1265 2351 2331 1286 1853 1661 584 1595 856 1579 2103 781 826 1964 1112 939 1955 471 1612 2154 1755 706 1277 760 1230 2254 999 2318 2035 1438 1697 2144 1801 1866 795 926 1693 1722 1356 1560 2134 1351 1801 854 1923 1173 1945 2087 917 1204 1210 1104 1241 1908 1930 1265 2224 1856 485 2178 1154 1815 2093 723 1160 989 1966 1913 2094 517 2260 1295 2049 1958 2430 2038 2223 1510 2024 503 1448 1776 1775 1540 1595 1294 2223 2020 1560 1865 1756 1886 2338 2071 1770 1655 2067 1452 2063 2150 1372 897 1030 772 1853 2284 2236 1973 1899 0
0 2502 4737 5431 6339 3631 4041 5658 3936 5830 5327 3836 5511 2252 2008 1725 4269 3987 2444 1955 1635 6155 5288 2897 4245 4576 4998 4922 2839 2833 4388 6004 6038 2440 5303 3112 3561 3828 4989 3293 4208 3083 4810 5769 5295 5287 3800 2229 4150 5867 6531 4979 5536 1158 5615 6018 4910 3278 3921 2162 5607 3187 1757 3811 3459 2264 1432 5113 3670 2883 4968 1883 1987 5889 4647 2308 2697 2892 5292 1982 5134 5164 2397 4756 3084 2174 1901 5377 5148 2112 5690 6808 3614 4707 5395 2702 4825 3927 4322 5554 4917 5032 5370 4608 2681 2817 6279 2425 4015 1554 5070 4877 5923 4744 5065 1747 3724 3964 1837 4616 1324 5015 3773 5067 3994 5115 1878 3982 4079 3777 5956 2267 5002 2096 5568 6207 790 4372 5485 3476 4777 3084 3605 5627 3765 1398 4222 1343 3411 5100 2437 4112 3859 5374 5609 3655 4815 4333 1396 3754 2298 4202 5526 1967 2101 4953 2701 2277 6186 1263 4034 5671 4985 2072 3450 2111 3778 5732 2864 5464 5382 3498 4733 6201 4156 5485 1964 2677 4281 4827 3696 4416 5862 4166 4566 2164 4100 3172 5110 5288 2622 3322 3106 3135 3258 4840 5151 3021 6245 5753 1038 5904 3298 4166 5335 1666 3267 2860 5042 4813 5611 1175 6199 3419 5011 5806 5162 4961 5396 4094 5926 1430 3962 5109 4887 3679 4054 2984 6340 6145 4759 5136 4469 4558 5716 5655 4835 4386 4467 4157 5323 5314 3371 2608 2673 2157 5284 5717 5360 5417 5354 0
0 4278 4458 5041 3257 3142 4934 3393 4406 3543 3334 4457 2011 1823 1357 3380 3617 1953 1449 1368 5338 4409 2459 3538 4647 4041 3896 2452 2102 4051 4706 5188 1931 4807 2395 3214 2958 4185 2736 3849 2875 4268 4652 4571 4529 3174 1849 3395 5340 4661 4539 3941 1139 4732 4828 3819 3140 2790 1799 4687 2630 1415 2918 3172 1990 1411 4482 3062 2293 4495 1531 1646 4977 3971 2073 2657 2409 4707 1576 4141 4787 1906 3771 2220 2117 1623 4969 3824 1693 3808 5416 2983 4412 4774 2585 3855 3280 3019 5466 3954 3953 4124 4093 1983 2634 4954 1956 3202 1281 4629 4582 4826 3875 4073 1489 3460 3357 1535 3794 1329 4162 3434 4382 3499 4419 1731 3506 3666 2831 4923 1953 4106 1565 4723 5149 707 3720 4168 3023 3878 2741 3083 4478 3286 1237 2886 1099 2733 4857 1850 3379 3091 4863 5089 2851 4066 3561 1143 3481 1982 3328 4390 1622 2150 4237 2459 1901 5127 1033 2999 4755 4135 1696 2719 1659 2798 4311 2156 4619 4110 3317 3647 4712 3878 4922 1503 2309 3796 3837 2871 3772 4967 3251 3497 1693 3791 2315 3966 4835 2200 2608 2807 2536 2560 4677 4560 2697 4616 4655 993 4997 2741 4050 4147 1677 2877 2181 5548 4278 4919 986 5064 2774 4443 4413 5444 4464 5087 3423 5202 1298 2940 4169 3872 3599 3342 2987 4475 4844 3673 4503 3952 3546 4907 4836 3653 4136 4506 3176 4602 4495 3135 2127 2458 1993 3713 4622 5126 4626 4562 0
0 2655 2757 1928 2164 2864 2061 2542 2206 2034 2705 1199 1049 816 2070 2409 1226 1035 819 2942 2375 1424 1827 2702 2269 2172 1270 1134 2146 2286 2721 1047 2754 1521 1474 1826 2321 1605 2216 1416 2558 2445 2303 2582 1913 1139 1797 2793 2818 2426 2694 584 2470 3206 2141 1540 1804 1023 2834 1531 872 1489 1732 1102 811 2389 1849 1364 2839 972 1037 2887 2136 1124 1645 1314 2459 878 2432 2668 1046 2323 1425 1025 903 2480 2134 1081 2596 3152 1671 2699 2690 1676 2118 1777 2101 2998 2284 2407 2566 2065 1209 1269 3058 1284 1737 712 2516 2449 2853 2212 2430 820 1851 1977 860 2018 667 2291 1703 2174 2112 2504 877 1944 2116 1841 2847 1099 2442 1007 2782 2848 445 2108 2788 1671 2285 1557 1844 2961 1679 606 1873 572 1342 2669 1299 1978 1740 2839 2805 1615 2396 2100 789 2094 1188 2214 2291 925 983 2329 1225 1142 2900 606 1894 2697 2355 1066 1554 853 1507 2526 1355 2484 2487 1896 2180 2667 1976 2528 934 1266 2048 2095 1698 2193 2821 1869 2167 993 2510 1322 2625 2376 1305 1459 1454 1532 1764 2676 2579 1522 2991 2811 527 2444 1614 2476 2338 873 1762 1326 2929 2392 2686 624 2863 1617 2400 2554 2496 2290 2773 1850 2704 701 1756 2604 2350 2011 2048 1371 2691 2896 1995 2717 2184 2051 2732 2737 2132 2377 2593 2026 2502 2483 1727 1201 1400 1029 2427 2872 2508 2692 2303 0
0 4423 2875 3289 4645 3678 4813 4243 3581 4575 1906 1671 1267 3119 4070 1823 1541 1312 5179 4057 2384 2939 4446 3188 3414 2353 2015 3290 4289 4798 1502 4418 2376 2788 2690 3698 2422 3307 2649 4162 4264 3884 4155 2932 1673 3423 4675 4953 3806 4580 1019 4442 4627 3288 2776 3078 1574 4378 2498 1314 2650 2874 1860 1248 3936 2897 2071 4613 1369 1546 4450 4193 1591 2198 1946 4092 1689 4188 4713 1723 3891 2396 1881 1535 4457 3904 1807 3783 4873 2778 3659 4217 2516 3676 3411 3228 4694 3575 4278 4362 3539 2032 2079 4130 1926 3518 1117 4195 3959 4256 3987 3506 1347 3252 3083 1390 3645 1064 3824 2534 3757 3490 4391 1431 3379 3528 2654 4725 1788 4562 1734 4535 5344 758 3709 3925 2813 3214 2559 3034 4496 3106 1142 3105 912 2660 3702 1963 3124 3228 4665 5157 2495 3858 3584 1150 3052 1658 3611 3650 1636 1768 4303 2066 1913 4745 1067 3326 4728 4072 1518 2705 1486 2557 4320 2024 4732 3826 2919 3446 4381 3513 4322 1411 2045 3027 3634 2777 3816 5071 3253 3693 1799 3785 2485 4195 4045 1884 2511 2288 2344 2392 3761 3893 2568 4888 4843 971 4535 2952 3608 4077 1605 2568 2260 4555 3535 4849 1069 5134 2486 4064 5169 5254 4088 4714 3301 4855 1027 2919 4806 4216 3296 2960 2518 4500 4776 3620 4562 3387 3812 4705 4293 4021 3926 4026 3358 4284 3913 2627 1782 2041 1717 3503 4809 4108 4115 4296 0
0 3609 3643 6041 3890 5852 4913 4345 4613 2148 1795 1552 3903 3692 2076 1548 1635 5890 4586 2463 3651 4906 4310 3827 2388 2557 3774 4550 4666 2064 4930 3083 3375 3459 5207 3001 4137 2881 4456 4670 5568 4504 3559 2116 3830 5268 5469 4726 4960 1206 5786 6044 3908 3266 3576 1882 5144 2685 1728 3382 3345 2117 1496 4935 3815 2653 4492 1757 1762 5521 4358 2003 2694 2466 4926 1912 4899 5462 2204 4694 2705 2531 1786 5414 4674 1990 4342 5602 3207 5181 4630 2864 3696 3409 4212 6093 4497 5378 5084 3912 2374 2892 5000 2270 3870 1323 4794 4535 4730 4911 5453 1724 3464 3914 1911 4587 1390 4549 3148 4320 3952 4877 1801 4017 3791 3210 5521 2036 4869 1947 4718 5394 782 3973 5407 3274 4472 2870 3207 5612 3720 1222 3599 1296 2877 4838 2446 3599 3475 5212 6113 2720 4482 4274 1436 3886 2332 3848 4549 1675 2114 3907 2960 2260 5417 1290 3804 5450 5394 1724 3054 2150 2994 5360 2697 4555 4632 3181 3928 5465 3879 5336 1723 2469 4016 3624 3372 4211 5110 3732 4169 1987 4535 2665 5210 4580 2076 2823 2957 2537 3426 4569 4794 2947 5565 5452 1043 5178 2701 4420 4740 1775 3131 2912 4727 4516 4845 1172 5967 3232 4419 4857 5525 4121 4639 4398 5383 1328 3361 5185 4355 3288 3798 3104 4882 5058 4319 4883 4267 4141 5552 4874 4458 4205 5143 3873 5360 4934 3343 2737 2600 2057 4194 5882 5089 4540 4501 0
0 4315 6115 4750 5618 5118 3863 4901 2237 2034 1380 4044 4337 2436 1852 1534 5518 4991 2764 3794 4909 4226 4107 2711 2449 4322 5783 5645 1997 5055 2767 3330 3823 5735 3018 4292 3036 4681 5086 5562 4955 3293 1809 3566 5576 6069 4807 5285 1297 5502 5298 4296 3465 3651 1822 5494 2917 1642 3479 3285 2334 1461 4951 3162 2659 4775 1657 2043 6086 4357 2121 2901 2955 5607 1974 5438 5329 2278 4304 2684 2388 1795 5088 4565 2071 4869 5848 2985 4792 5398 2755 4621 4387 4001 5223 4034 5377 4813 3876 2411 3004 5314 2403 3789 1211 4662 4607 5546 4731 4731 1805 4030 3820 1675 4686 1474 4609 3980 4326 3948 5806 1753 4151 3883 3556 5183 2166 5321 2060 5100 6193 835 4803 5147 3406 4844 3431 3705 5602 3807 1428 3842 1111 3313 5256 2566 3471 3534 5626 6222 3200 5379 4043 1623 4100 2189 4425 4631 1709 2182 4652 2517 2374 5253 1264 3522 5409 5159 1805 3084 2179 2978 5169 2747 5092 5172 3559 4038 5511 4341 5885 1799 2605 4085 3970 3267 4583 5707 3339 4571 2106 4662 2877 4880 5344 2291 3010 3231 2703 3437 4307 4651 2966 6010 5565 1230 5458 2973 5094 4804 1788 3369 2574 5735 4836 5515 1251 5827 3557 4913 5361 5486 5196 5837 4319 5437 1295 3478 5196 4278 3964 4075 3238 5450 5955 4034 5578 4317 4928 5059 5201 4657 4478 4824 3480 5512 5105 3227 2408 2470 1990 4244 5909 5155 5362 4966 0
0 3165 2755 3539 3036 2709 3394 1365 1366 982 2561 2931 1553 1281 1039 3911 3149 1842 2544 3253 2924 2499 1681 1885 3012 3432 3365 1410 3130 1987 2057 2531 3673 2063 2559 2262 3163 3128 3756 3124 2366 1204 2535 3551 3908 3452 3154 874 3388 3582 2557 2371 2233 1316 3284 1904 1056 2060 2203 1384 984 3164 2433 1699 3111 1197 1277 4011 3276 1440 1839 1687 3510 1211 3325 3249 1536 2777 1628 1429 1150 3747 2968 1398 2884 3742 2064 3169 3408 1980 2630 2356 2233 3631 2858 3288 2993 3109 1547 1905 3344 1482 2609 844 3199 3304 3449 2711 3196 1095 2382 2817 1370 2850 906 2810 2105 3270 2728 3590 1086 2812 2810 2296 3566 1433 2975 1166 3626 3926 535 2997 3047 2493 2871 2244 2375 3398 2453 892 2201 719 2001 3440 1670 2385 2447 3516 4003 1978 3342 2682 920 2322 1305 2464 3451 1122 1453 3420 1860 1472 3532 859 2511 3259 2929 1353 2156 1271 2185 3391 1819 2973 3464 2348 2847 3538 3074 3709 1129 1651 2670 3022 2514 2880 3728 2142 2862 1286 3145 1853 3440 3471 1675 1780 2024 1817 2269 2813 3396 1848 3545 3570 676 3321 2079 2978 3021 1182 2224 1740 3725 3138 3653 773 3773 2058 3544 3412 3896 2918 3338 2933 3491 988 2298 3083 3165 2657 2695 2093 3585 3572 2450 3346 2969 2800 3828 3490 2831 2738 3420 2467 3912 3244 2047 1590 1816 1508 2913 3738 3466 3072 3268 0
0 2883 4348 3874 2874 3336 1709 1571 1256 2999 3113 1734 1224 1214 4599 3999 2161 3150 3789 3156 3125 2073 1965 3271 3630 4119 1538 3388 2240 2265 2689 3735 2032 2759 2249 3245 3720 3934 3422 2632 1489 2671 4085 3865 3514 3513 885 3938 4234 2804 2685 2533 1393 3872 2266 1218 2470 2516 1794 1222 3075 2519 1895 3475 1233 1392 4294 3399 1468 2131 2069 3814 1299 3611 3601 1667 3561 2247 1854 1393 3730 3401 1530 3411 4400 2573 3739 3869 2452 2755 2628 2817 4659 3400 4016 3615 3232 1752 2189 4326 1645 3195 964 4281 3490 4535 3366 3277 1245 2854 3160 1302 3212 1134 3132 2713 3354 2971 4004 1288 3048 3331 2568 3964 1584 3507 1456 4039 4086 683 3525 3823 2627 3175 2088 2507 3734 2573 1032 2809 797 2110 3296 1646 2654 2699 3685 4097 2333 3589 3049 1024 2606 1606 2836 3366 1482 1559 3716 2061 1586 3787 1013 2974 3979 3407 1349 2254 1293 2608 3748 2081 4225 3652 2551 3376 4123 2987 4358 1404 1952 2955 3364 2439 2927 4227 2696 3106 1450 3441 2113 3733 3851 1662 2256 2194 2085 2446 3396 3569 2028 4409 4142 749 3851 2342 3254 3291 1215 2477 1824 4367 3023 4106 892 4439 2152 3675 3773 4195 3443 3575 2663 4006 1112 2960 3634 3469 2788 2922 2274 4019 3770 2630 4330 2736 3403 4308 3479 3055 2883 3723 2665 3871 3394 2530 2090 1954 1705 3337 3867 4078 3441 4088 0
0 6159 4997 4541 5163 2603 2304 1807 4050 4689 2338 1880 1601 5700 4480 2803 3955 5059 4702 4380 3003 2769 4228 5212 6368 2008 6009 3538 3852 4081 5817 3341 4235 3439 6012 4999 6159 4306 3724 2072 3783 5803 5956 5585 5063 1481 5803 6293 4849 4083 3588 1977 6085 2854 1660 3431 4049 2200 1681 4740 3805 2715 5401 1898 1986 6042 4554 2268 2767 2912 5441 1753 5206 5609 2254 5050 2778 2558 1790 5099 4924 2212 5280 6097 3382 5284 5690 3167 4318 3809 3895 6768 4699 4991 5571 4165 2827 3184 5380 2416 4613 1362 5231 5028 5882 4396 5527 1732 3874 3992 1981 4249 1490 4717 3902 5017 4355 5650 1866 4314 4626 3897 6301 1999 6231 1786 5432 5989 783 5071 5614 3124 4485 3332 3340 5888 4087 1256 3886 1311 3643 5116 2490 3455 4001 5860 5835 3490 4675 4773 1579 3915 2502 4175 4999 2053 2396 5644 2626 2517 5638 1425 3853 5337 5427 2073 3550 2347 3531 5354 3070 5137 5472 3827 4510 4958 4358 5680 2014 2901 4542 4172 3366 4202 5225 3867 4362 2041 5461 3016 5277 5959 2630 3143 3246 3147 3473 4805 5303 2898 5688 5146 1186 5797 3636 4687 4874 1878 3414 3055 6148 4947 6533 1330 5927 3630 5838 6024 6025 5666 5505 4620 5440 1469 4132 5293 4913 4340 3988 3324 5855 5822 4799 6406 4854 4367 6135 5481 4734 4641 5226 3944 5725 5329 3360 2448 2950 2306 4815 5653 5499 5422 5542 0
0 3756 3691 4006 1825 1459 1209 2870 3657 2026 1350 1294 4278 3600 2214 3088 3861 3325 3537 1965 1997 3324 4003 3860 1506 3926 2293 2424 2687 3972 2161 3106 2149 3627 3839 3611 3648 2814 1688 3032 4018 4458 4186 4062 888 3695 4943 3472 2698 2821 1523 3987 2083 1352 2459 2835 1921 1233 3891 2821 1900 3425 1396 1633 4837 3852 1608 2207 2035 4100 1518 3985 3735 1633 3581 2082 1597 1337 4003 3389 1592 3639 4611 2695 3697 4100 2147 3457 2856 2927 4346 3390 3604 3696 3387 1695 2058 4260 1870 3148 1102 4212 3837 4864 3685 4133 1347 2940 3318 1454 3677 1011 3389 2747 3359 3288 4090 1421 3041 2934 2689 4183 1622 3641 1380 4048 4479 705 3238 4087 2573 3008 2316 2373 4529 2518 1003 2921 991 2416 3723 1807 2775 2794 4509 4573 2744 3785 3309 1041 3233 1740 3271 3821 1291 1644 3441 2333 1689 3619 965 2720 4211 3757 1549 2557 1685 2318 3629 2149 4093 4207 2869 3375 4184 3637 4792 1441 2051 2878 3394 2794 3255 4038 3081 3475 1443 3290 2236 4178 3665 1670 2358 2256 2188 2446 3581 4150 2374 4501 4109 818 4382 2379 3384 4312 1197 2286 2032 3962 3445 4439 846 4378 2634 3678 4576 4493 3465 4273 2855 4205 1099 2715 3778 3942 3338 3332 2363 4256 3886 3056 4276 3562 3460 3700 3634 3289 3165 3451 2781 4099 3838 2861 1978 2129 1627 4015 4423 4123 4171 4101 0
0 4334 5103 2258 2129 1450 4119 3993 2316 1836 1598 6168 4491 3066 4183 4859 4207 4291 2343 2695 3914 5366 5416 2228 4673 2944 3459 3965 5035 2845 4219 3188 4656 5203 5228 5107 3367 1999 3435 5504 5704 4973 5190 1257 5558 5338 4811 3483 3482 2092 6038 2937 1643 3337 3528 2027 1446 4390 3733 2330 5321 1689 2098 5836 4216 1954 2963 3032 5229 1835 4985 5133 2227 4926 2610 2435 1970 5442 5171 2344 5222 5882 3684 4845 5088 3392 4595 3884 3986 5506 4819 4562 5073 4584 2176 2995 4888 2415 3982 1278 5791 4951 5645 4729 5050 1730 3548 4205 2019 4383 1313 4556 3676 4418 4213 4926 1913 3758 4143 3402 5507 2169 5713 1782 5198 5930 751 5067 5486 3716 4486 2907 3880 6045 3459 1381 3624 1279 2995 5040 2267 3685 3423 5052 5169 2967 4875 4049 1483 3681 2089 3522 5250 2067 1909 4443 2827 2158 5526 1447 4160 5515 5217 1928 2964 1955 3415 5558 2724 5142 4944 3681 4058 5860 4510 5989 1867 2863 4273 3921 3241 4513 5564 3712 4695 2117 4373 2756 5428 5149 2307 3096 3017 3023 2970 4401 5030 3108 5418 5139 1264 5825 3186 4288 5113 1791 3314 3022 5921 4109 5454 1220 6075 3198 4772 5944 5701 4256 5394 4422 5365 1357 3649 4924 4817 3947 4123 3323 5880 5580 3858 5213 4270 4563 4845 5647 4130 4610 5415 4085 5921 5271 3658 2671 2851 2258 4564 5244 5569 5090 4890 0
0 4428 2045 1951 1267 3693 3871 2016 1521 1238 5227 4047 2411 2933 4424 3248 3789 2246 2432 3782 4144 4800 1870 4332 2582 3303 3066 4145 2467 3285 2742 4498 4493 4270 3840 3114 1862 3160 4769 4584 4809 4273 1052 5249 5117 3934 3176 3319 1611 4179 2473 1369 2828 2967 1944 1367 3623 3105 2203 4095 1605 1646 4444 4194 1896 2269 2503 4807 1704 4497 4178 2098 4071 2492 1971 1509 4858 3894 1739 4248 5301 2787 4152 4594 2531 4144 3685 3398 4979 3998 4199 4466 3955 2073 2402 4376 1769 3625 1162 4316 4105 5277 3561 4060 1444 2880 3207 1701 3561 1182 4246 2893 4033 3651 4473 1587 3489 3734 2824 4763 1603 4012 1563 4629 5031 746 3713 4419 2808 3732 2408 2913 4905 3088 1131 3404 919 2316 4185 2082 2939 3143 4471 4925 2933 4001 3203 1187 3251 1862 3460 4121 1672 1890 4502 2411 2070 4878 1073 3308 4478 4067 1565 2858 1801 2650 4398 2373 4333 4304 3213 3652 4277 3657 4763 1788 2238 3257 3565 2976 3622 5025 3238 3661 1771 3764 2483 4780 4684 1906 2604 2737 2539 3007 3858 3917 2709 4609 4166 995 4684 2934 4009 4220 1360 2634 2209 5185 4012 4751 1166 5461 2544 4707 4741 5495 3989 4983 3234 5185 1255 3021 4243 4390 3250 3563 2737 4229 4989 3536 4465 3656 3503 4053 4841 4180 3968 4208 3453 4461 4252 3092 1903 2330 1847 3699 5032 5155 4401 4118 0
0 1608 1672 1207 3144 3403 2038 1388 1136 5200 4177 2278 3015 4139 3658 3380 2100 2051 3044 4640 4510 1768 4226 2577 2832 2894 4119 2598 3390 2645 4124 4660 4070 3391 3064 1584 2799 4145 4564 3898 4418 1009 4140 5163 3827 3126 3191 1534 4318 2332 1268 2672 2554 1669 1313 3767 2929 2010 4276 1468 1753 4535 3601 1678 2366 2311 4038 1381 4053 4301 1761 3492 2439 1777 1456 3737 3839 1717 4216 4180 2614 3551 4269 2506 3317 3382 3232 4942 3852 3853 4352 3320 1936 2455 4743 1890 2903 1065 3932 3735 4361 3600 4343 1366 3466 3038 1622 3157 1233 3788 2649 3645 3317 4033 1522 3171 3002 2764 4129 1652 3951 1587 3822 4597 631 3591 4220 2711 3537 2486 2922 4703 2723 1142 2661 1017 2647 3976 1836 3069 3043 4744 4480 2629 4179 3667 1123 3026 1821 3057 3349 1476 1833 3862 2328 1912 3924 1120 3236 4473 3905 1522 2373 1783 2231 4773 2343 4144 3989 2960 3713 4716 3499 4738 1562 1902 3008 3325 2550 3457 4662 2772 3122 1492 4007 2491 4155 3876 1812 2500 2155 2411 2706 4176 4092 2632 4614 3907 943 4348 2617 3886 3729 1421 2431 2187 4492 3487 4427 962 4311 2674 4370 4240 4590 3524 4138 3141 4162 1082 3126 4222 3927 3032 3515 2535 4893 4364 3015 4650 3584 3592 4363 3916 3326 3543 3736 3347 4655 4039 2677 2110 2204 1896 3886 4216 4076 4192 3872 0
0 1825 1426 4200 4288 2332 1815 1504 5904 4823 2677 3761 5015 3638 3883 2307 2642 4041 4685 5073 2040 4754 2925 3140 3218 5011 2625 4225 2746 4993 4687 4410 4927 3166 2143 3613 5126 5628 5071 5127 1122 5024 5862 4598 3308 3678 1787 5063 2990 1780 3309 3003 2000 1523 4862 3310 2611 4870 1816 1846 5365 4070 2135 2676 2366 4278 1567 4888 4754 2258 4811 2542 2383 1741 4981 4176 2267 5010 5555 3213 4601 4840 2850 4175 3804 3599 5507 4324 4936 5054 3914 2576 2659 5421 2187 4071 1205 4510 4166 5697 4437 4583 1562 3784 3773 1765 4200 1378 4605 3464 4271 3931 4968 1878 3764 4196 3306 4873 1876 4695 1917 4657 6148 759 4257 4969 2966 4147 3009 3174 5093 3744 1246 3548 1268 2953 4731 2249 3901 3596 4891 5623 3435 4464 4129 1371 3645 2138 3411 4774 1876 2162 5033 2426 1941 4810 1179 3535 4609 4987 1857 2865 1963 3195 4865 2505 4811 4950 3069 4088 4660 3918 5097 1849 2547 4122 4113 3276 3829 5553 3304 4147 1877 4548 2614 5007 4363 2276 2817 3027 2728 2992 5016 4787 3265 5374 5469 907 5327 2913 4650 4508 1688 3314 2604 5037 4466 4727 1148 5158 2712 4549 5206 4928 4478 4872 4196 4569 1274 3487 5026 4768 3720 3371 2803 4897 5006 4324 4799 3911 4100 4755 5419 3957 4382 4635 3974 5442 5271 3111 2385 2631 2024 4027 4839 5343 4872 5182 0
0 565 1624 1703 980 726 780 2484 1813 1063 1495 2192 1745 1801 1206 1113 1813 2372 2150 896 1948 1122 1459 1522 2073 1270 1939 1190 2055 2030 2379 1934 1464 747 1576 2330 2290 1953 1988 551 2079 2173 1857 1447 1492 760 2208 1266 782 1419 1618 974 675 1884 1522 992 2052 729 806 2109 2119 882 1182 1165 2309 802 2073 2116 1010 2157 1185 883 731 2097 1915 852 2059 2413 1550 2159 2348 1380 1778 1861 1485 2742 1849 2162 2076 1870 1035 1172 2320 1059 1738 585 1990 2114 2654 1950 2058 705 1523 1921 861 2060 610 1945 1505 1803 1706 2147 805 1591 1591 1368 2293 942 2091 839 2112 2208 360 1697 2282 1337 1962 1363 1487 2368 1499 622 1387 574 1302 2164 970 1530 1473 2423 2490 1473 2083 1834 569 1587 826 1741 2187 833 961 1928 1178 874 2248 579 1516 2052 2066 838 1449 891 1338 2236 1161 2089 1942 1641 2011 2390 1742 2012 745 1110 1750 1715 1453 1641 2397 1634 1938 845 1953 1244 2081 2342 1032 1467 1270 1314 1366 2121 2282 1362 2581 2248 494 2319 1271 1681 2202 768 1286 1155 2512 1806 2301 488 2746 1178 2046 2342 2400 1990 2388 1965 2389 600 1531 2407 2010 1539 1735 1230 2573 2292 1586 2071 1764 2117 2226 2127 2026 1835 1831 1762 2515 2143 1574 1080 1045 931 2099 2481 2226 2113 1905 0
0 1438 1663 859 668 672 2190 1760 1086 1266 1929 1639 1435 1023 918 1593 1864 1932 762 2060 1135 1234 1360 1877 1121 1755 1212 1817 2019 1818 1664 1287 838 1479 2226 2145 1868 1876 474 1776 2292 1479 1352 1324 746 1929 1126 620 1223 1345 847 551 1850 1423 990 1745 685 780 2237 1692 776 986 1132 1786 693 1845 1803 936 1767 932 860 679 2071 1799 827 1742 2363 1291 1881 1771 1003 1699 1406 1316 2186 1727 2028 1699 1525 1017 1150 2056 804 1464 516 1969 1909 2217 1642 1963 599 1463 1714 666 1533 486 1894 1424 1752 1683 1902 660 1652 1627 1327 2098 764 1799 643 2228 2289 289 1617 1933 1297 1590 1131 1276 1991 1480 530 1377 442 1262 1840 957 1505 1330 2127 2197 1179 1853 1541 500 1381 869 1499 1870 661 926 1713 1118 862 1935 534 1346 2143 1961 703 1109 812 1180 1896 1004 1933 1773 1411 1532 2066 1659 1941 727 1013 1495 1602 1201 1420 1929 1341 1629 705 1828 1085 1866 2126 984 1214 1112 1120 1236 1732 1903 1187 2311 1969 419 2048 1209 1667 2011 610 1232 1118 1907 1804 2070 422 2141 1073 2080 2267 2249 1580 1943 1648 1896 547 1387 1855 1781 1476 1484 1193 2200 2061 1557 2289 1564 1766 1907 2112 1583 1723 1903 1440 2091 1714 1430 1009 910 854 1555 2405 1880 1941 1979 0
0 1212 706 498 500 1519 1473 761 1166 1467 1173 1237 707 691 1183 1590 1510 575 1491 820 949 953 1398 841 1157 843 1479 1396 1510 1255 990 581 1177 1558 1671 1539 1464 386 1590 1828 1290 952 1110 564 1504 748 513 956 1027 631 455 1200 1004 729 1570 511 582 1424 1478 617 922 879 1439 571 1396 1467 686 1486 801 705 543 1381 1339 602 1327 1825 1020 1466 1399 795 1125 1054 1130 1552 1176 1531 1504 1296 707 804 1511 662 1078 438 1465 1267 1619 1359 1466 496 1104 1205 534 1135 373 1343 1136 1373 1200 1293 471 1100 1184 1000 1602 613 1636 550 1530 1840 255 1365 1464 939 1246 846 1013 1440 1100 403 1092 355 828 1282 734 1011 1070 1611 1587 938 1367 1235 389 1014 676 1269 1537 537 630 1337 784 654 1614 335 1045 1444 1287 528 916 544 978 1444 804 1435 1366 1158 1060 1429 1326 1596 558 646 1263 1351 997 1258 1644 1036 1278 604 1347 916 1579 1479 686 954 794 728 914 1426 1335 962 1590 1373 320 1706 913 1299 1433 524 958 871 1625 1386 1650 365 1855 961 1428 1601 1614 1331 1627 1135 1726 374 1041 1446 1327 1090 1157 964 1709 1482 1187 1644 1142 1507 1360 1643 1137 1339 1430 1230 1514 1439 973 757 845 563 1409 1649 1639 1589 1403 0
0 1758 1557 1234 4308 3646 2148 2733 3536 3291 3133 1827 2016 3003 3971 3891 1457 4091 2438 2351 2766 3386 1948 3354 2319 4034 3875 3649 3291 2391 1516 2831 3896 3764 3859 3657 955 4055 4741 3417 2867 2872 1427 3606 2367 1289 2675 2619 1669 1149 3281 2916 1936 3614 1245 1298 4435 3764 1547 2302 1980 4044 1365 4186 3598 1573 3683 2322 1692 1317 4194 3622 1671 3693 4704 2468 3840 3505 2424 3418 3060 2894 4144 3613 3277 3535 3477 1727 2133 4349 1768 2777 1064 3776 3912 3654 3432 3739 1310 2640 3024 1394 2947 1085 3389 2803 3180 3366 3934 1255 2826 3130 2428 4701 1598 3916 1476 4009 4393 620 3347 3727 2469 3662 2288 2710 4324 2751 928 2899 871 2508 3391 1816 2718 2697 4296 4426 2455 3684 2982 1032 2973 1785 3055 3773 1365 1724 3511 1882 1616 3529 1028 2572 4131 3442 1376 2463 1526 2402 4196 1991 3305 3397 2700 3313 3870 3535 4237 1368 1787 3000 2844 2669 2953 4112 2576 3435 1436 3454 2243 3607 3602 1923 2249 2062 2127 2594 3933 3974 2003 4649 3946 922 4630 2276 3629 3644 1291 2296 2017 3884 3257 3749 955 4338 2258 3589 4248 4589 3294 4323 3087 4360 1055 2401 4185 3018 2872 2634 2206 3898 3878 3049 4089 3223 3418 3960 3903 3330 3698 3795 2963 4096 3419 2279 1929 1985 1480 3218 4406 3745 4294 3647 0
0 1509 1201 4147 4080 2424 3389 4111 3200 3434 1956 2021 3070 4345 3931 1774 3977 2178 2933 3056 4450 2386 3213 2527 4089 4220 4535 3557 2880 1585 3000 3999 4659 3842 3825 1018 4704 4483 3386 2438 2977 1733 3939 2376 1410 2582 2894 1566 1275 3446 3098 2164 4165 1462 1636 4231 3475 1724 2242 1921 4253 1446 3670 3576 1921 3490 2072 1981 1455 4126 3468 1488 3996 4763 2329 3964 3755 2277 3158 3134 3192 4738 3552 4197 4332 3440 1991 2252 4524 1688 3554 1029 4154 4317 4368 3310 3414 1206 3075 3086 1605 3098 1101 3679 2953 3917 3384 4146 1530 3409 3557 2996 4432 1854 4406 1392 4045 4312 647 3450 4028 2499 3841 2325 2946 4822 2990 1040 2703 995 2792 4061 1951 3305 2879 4319 4706 2646 4098 3570 1264 3284 1959 2989 3714 1627 1788 3630 2007 1871 4087 1137 3091 4456 4203 1640 2607 1650 2582 3810 2071 3744 3537 2665 3525 4229 3388 4523 1303 2111 3131 3790 2611 3561 4143 2877 3263 1474 3428 2352 4124 3942 1983 2268 2379 2162 2899 3921 3741 2367 4818 4319 962 4178 2654 3695 4160 1404 2485 2365 4653 3684 4566 1008 5120 2566 4367 4767 4865 4131 4211 3510 4148 1277 2922 4414 3662 2999 3169 2453 4320 4408 3278 4661 3673 3831 4261 3922 3388 3506 3518 3296 4055 3671 2734 1881 2160 1809 3529 4943 3994 3755 3899 0
0 651 2544 2019 1281 1779 2266 1906 1862 1182 1103 1922 2394 2384 915 2587 1380 1506 1713 2298 1358 1663 1458 2490 2472 2260 2037 1373 896 1682 2496 2596 2186 2232 559 2513 2559 1750 1619 1658 805 2433 1305 748 1317 1638 938 675 2322 1613 1162 2137 752 837 2440 2001 1002 1483 1284 2236 837 2212 2425 940 1781 1343 1023 862 2286 2236 884 2033 2567 1401 2235 2247 1489 2010 1684 1738 2476 2063 2221 2271 1910 959 1289 2322 1003 1652 596 2377 2008 2353 1848 2165 758 1751 1694 851 2035 602 2307 1504 2022 1704 2162 875 1939 1881 1399 2756 1034 2510 769 2465 2820 361 1947 2086 1599 2093 1238 1595 2409 1466 560 1879 552 1417 2362 1008 1616 1641 2170 2585 1529 2391 1904 645 1535 1085 2000 2014 799 839 1948 1223 1075 2346 541 1681 2358 2059 774 1536 833 1450 2694 1123 2513 2319 1571 1790 2525 1832 2639 814 1269 1847 1995 1668 2070 2581 1639 2061 851 2031 1452 2148 2215 1094 1318 1259 1307 1411 2185 2008 1343 2434 2325 498 2357 1329 2020 2207 786 1371 1204 2664 2031 2551 529 2445 1501 2158 2488 2611 1994 2518 1661 2474 708 1455 2400 2092 1640 1783 1469 2379 2510 1785 2082 2082 2027 2601 2306 1798 1822 2222 1920 2709 2148 1654 1126 1241 882 2283 2554 2568 2271 2014 0
0 1992 1736 1080 1236 1929 1546 1474 891 950 1520 1803 1709 709 1780 1051 1211 1168 1805 944 1617 1042 1656 1854 1802 1763 1203 732 1350 1901 2076 1751 1497 446 1881 1815 1679 1061 1171 724 1995 1013 588 1261 1193 841 527 1424 1318 861 1731 659 652 1855 1572 741 896 1042 1691 557 1601 1750 825 1563 1032 817 542 1839 1640 733 1636 2038 1268 1673 1957 987 1408 1225 1296 2254 1580 1595 1656 1508 878 925 2136 827 1257 487 1798 1607 1902 1637 1709 518 1152 1365 619 1450 483 1564 1177 1586 1557 1663 585 1247 1303 1132 2014 685 1713 622 1649 1923 274 1810 1976 1117 1591 1071 1196 2003 1219 461 1357 460 1117 1782 817 1262 1106 1781 1860 1153 1722 1374 471 1242 785 1342 1654 662 734 1498 883 742 1594 481 1286 1744 1774 615 988 665 1184 1796 946 1899 1582 1175 1463 1925 1486 1994 567 884 1538 1481 1121 1655 1776 1264 1296 622 1529 1003 1865 1819 828 1079 1037 965 1097 1695 1678 1086 2012 1875 341 1854 1072 1629 1752 538 1121 939 1728 1545 1942 440 1916 1069 1800 1795 2097 1814 2103 1538 1825 473 1306 1821 1589 1371 1352 1094 1761 1942 1490 1845 1515 1516 1874 1702 1516 1665 1812 1315 1785 1808 1136 952 901 796 1489 1938 1835 1837 1602 0
0 1577 852 1231 1381 1196 1281 857 765 1226 1747 1509 679 1567 847 968 1100 1627 931 1291 1052 1346 1617 1648 1588 1030 650 1115 1571 1861 1451 1474 384 1668 1811 1296 1060 1060 540 1552 907 501 1081 1067 655 461 1579 1193 732 1375 601 588 1698 1294 590 902 917 1671 542 1379 1586 678 1281 762 636 582 1613 1400 620 1485 1799 1064 1567 1485 810 1177 1301 1256 1917 1507 1458 1513 1367 687 787 1644 644 1141 436 1625 1606 1764 1463 1574 505 1133 1221 593 1313 410 1309 1087 1277 1356 1706 579 1119 1264 1035 1785 625 1583 555 1652 1857 241 1480 1557 934 1294 872 961 1741 1109 399 1219 340 967 1295 716 1147 994 1797 1916 1038 1496 1301 456 1113 707 1098 1387 546 600 1465 726 697 1604 396 1158 1791 1483 540 1062 640 948 1571 824 1731 1488 1110 1236 1477 1277 1618 604 833 1228 1341 1008 1211 1542 1139 1224 610 1316 920 1480 1542 679 974 876 873 1032 1471 1358 925 1854 1747 318 1646 1049 1344 1447 514 881 835 1729 1519 1696 393 1811 985 1561 1698 1699 1449 1737 1282 1760 455 1086 1808 1443 1084 1235 902 1443 1644 1379 1659 1270 1501 1457 1550 1339 1320 1254 1134 1456 1671 1068 739 910 686 1499 1919 1703 1623 1494 0
0 3516 4281 5415 4768 4715 2717 2836 4136 6545 5599 2148 5426 3247 3642 4169 5256 3362 5028 3543 5421 5690 6196 4756 3614 2273 4216 6410 6649 5486 5457 1339 6392 5969 4724 3925 3895 2061 5960 3130 1682 3526 3456 2527 1473 5277 3946 2593 5063 2164 1979 6180 4393 2430 3197 2990 4827 2088 5058 5952 2667 5340 3395 2529 1930 5753 5234 2568 4694 5906 3495 4798 5761 3491 4189 3829 4265 6447 4878 5659 4806 4890 2605 3355 5887 2275 3974 1287 5040 5751 5846 5501 5096 1666 4510 4625 2212 4866 1638 5024 3996 5324 4089 5616 1755 4510 4949 4144 5901 2314 5170 2019 5079 6536 880 5276 5646 3688 5196 3447 3925 5548 3955 1507 4045 1267 3149 5154 2449 3902 3670 5858 6603 3764 5189 4461 1687 3961 2512 4463 5315 1875 2366 5052 2892 2324 6035 1360 4025 5166 4920 2146 3352 2173 3397 5827 3036 5619 5686 3977 4785 5636 4841 5967 1995 2756 4575 4110 3828 4668 5661 4090 4682 1995 4756 3189 5326 5722 2485 3630 3333 3032 3838 5001 5505 3352 6400 5730 1110 5550 3284 5295 5140 1796 3174 3120 6704 5083 5587 1327 6185 3135 5354 6129 6262 5358 6785 4821 5697 1491 3971 5040 5468 3864 4003 3573 5716 6125 4840 5423 4333 5302 6314 5947 4230 4418 4982 4811 5057 5415 4245 2725 3009 2524 4356 6444 6440 6353 5533 0
0 3092 4967 3573 3341 2176 2289 3899 4513 4740 1943 4994 2427 2969 3622 4411 2851 3813 2730 4538 4004 4807 4500 3275 1590 3322 5230 5211 4289 4753 1082 4783 5154 3748 2812 3106 1867 4849 2557 1512 2955 3166 1977 1365 4450 3072 2370 4510 1701 1658 4552 3981 2034 2503 2418 4022 1669 4859 5102 1962 3584 2737 2045 1557 4964 3747 2003 4104 5341 3221 4568 4483 2924 4342 3645 3218 5539 4113 4281 5151 3289 2381 2649 5377 2015 3423 1145 4585 4387 5029 4052 4602 1361 3504 3363 1467 3991 1160 4391 3249 4277 3637 4676 1629 3406 3379 3076 4885 1986 4450 1503 4481 5081 763 3883 4158 3117 3760 2403 2790 5423 2983 1167 3562 1074 2845 4310 2131 3578 3386 5405 5244 3093 4520 3435 1196 3710 2113 3609 4452 1875 1967 4193 2589 1891 4726 1154 3404 4753 4080 1845 2919 1785 2873 4456 2551 4636 4562 3393 3618 4259 3606 5299 1882 1958 3931 4101 2921 3972 4544 3005 4051 1647 3687 2565 4263 4131 1983 2640 2580 2680 2985 4695 4616 2597 4936 4657 919 4351 3071 4389 4502 1701 2927 2351 5295 4118 4766 1165 5532 2645 3938 5091 4686 4547 5329 3881 4611 1307 2849 4755 4040 3182 3541 2724 4297 4373 3674 4200 3911 4339 4802 4126 3454 4451 4086 3480 4897 4225 2885 2214 2210 2160 4027 5442 5328 4125 4151 0
0 2552 2071 2490 1342 1382 2306 3133 2626 1135 2612 1662 1881 1924 2986 1430 2132 1769 2435 2756 2907 2683 1750 1124 2073 2859 2906 2707 2685 692 3204 3273 2448 1823 1885 1183 2564 1616 877 1598 1685 1264 762 2554 1960 1380 2592 1044 1094 2972 2380 1148 1435 1577 2925 1031 2464 2541 1134 2556 1494 1213 1071 2855 2325 1161 2594 3269 1693 2615 2495 1682 2099 2023 2206 3332 2282 2525 2603 2229 1201 1550 2968 1369 1950 757 2813 2591 3010 2528 2851 865 1998 2031 950 1982 792 2460 1998 2461 2069 2488 998 2008 2132 1946 2954 1111 2449 917 2835 3048 416 2250 2556 1798 2295 1683 1900 2898 2001 677 2174 705 1675 2763 1326 2074 1989 3160 3356 1936 2422 2295 711 2101 1103 2159 2499 1061 1232 2505 1508 1094 2769 680 2161 2950 2721 1023 1738 1117 1581 2690 1410 2584 2549 1940 2214 2848 2471 2736 959 1374 2087 2213 1917 2217 3051 1832 2543 1014 2432 1472 2503 2366 1278 1438 1687 1580 1883 2614 2386 1686 3115 3090 618 2872 1515 2529 2614 951 1719 1452 2949 2398 2989 702 3050 1572 2842 2695 2861 2683 3175 2259 2556 677 2076 2666 2542 2189 2220 1603 2837 2975 2262 2573 2510 2433 2434 2897 2377 2464 2561 2208 3082 2438 1886 1296 1407 1208 2246 3027 2834 2646 2648 0
0 2682 2606 1748 1900 3084 3528 4063 1460 3358 1972 2348 2881 3712 2026 2720 2454 3628 3607 3784 2897 2442 1494 2577 3948 3765 3151 3442 831 3892 4317 3030 2385 2701 1317 3697 1888 1195 2276 2653 1441 1033 3247 2550 1671 3746 1373 1484 3676 3461 1597 2074 1889 3542 1186 3463 3847 1483 3455 2159 1665 1368 3261 2994 1324 3113 4402 2489 3229 3462 1971 3214 2640 2473 4125 3174 3437 3582 3302 1807 1854 3922 1710 3033 996 3668 3478 3936 3480 3468 1201 3036 2694 1223 3219 993 3751 2439 2978 3022 3774 1397 2906 2814 2731 4444 1362 3968 1396 3735 4392 587 2996 3506 2563 3319 2382 2546 3674 2700 918 2773 863 2254 3526 1714 2544 2743 3768 3749 2259 3320 3034 1075 2448 1358 2980 3535 1406 1534 3631 1919 1651 3452 779 2617 4053 3264 1445 2506 1410 2572 3892 2032 3481 3753 2403 3224 3640 2854 3559 1224 1848 2650 3247 2312 2824 4076 2692 2666 1373 3109 2246 3395 3571 1576 2074 2155 1980 2269 3434 3936 1969 4211 4185 761 4096 2281 2968 3472 1274 2312 1722 3993 3274 4209 812 4570 1976 3826 3837 4210 3221 4114 3077 4077 977 2443 3460 3003 2613 2805 2245 3491 4145 2783 4117 2938 3559 3483 3742 3101 3289 3755 2817 3899 3671 2192 1713 1928 1486 2997 3904 4144 3728 3283 0
0 4158 2478 2540 4017 5332 4484 2023 4923 2810 3475 3611 5052 2697 3751 2756 5047 4624 4746 4449 3322 1834 3991 5280 4856 4609 5017 1250 5397 4902 4440 3272 3749 1778 5016 2811 1562 2700 3266 2014 1306 4454 3466 2480 5202 1612 1764 5544 4313 2024 2979 2381 4725 1822 4946 5243 2169 4348 2482 2344 1789 5144 4339 1964 4395 5406 3045 4283 4340 2971 3860 3565 3929 5218 4112 4263 4372 3937 2333 2420 5279 2149 3847 1314 5323 4468 5232 4220 5022 1613 3580 3881 1879 4312 1328 4436 3089 4173 3768 4995 1718 3870 3771 3421 5002 2084 4420 1843 5533 5697 742 4556 4865 3421 4107 3270 3370 4873 3563 1168 3537 1069 2927 4610 2290 3311 3034 5438 5402 3324 4855 3679 1342 3980 1870 3875 4431 1767 2177 4547 2536 2439 5097 1105 3611 4628 4406 1725 2919 1879 2945 4405 2508 4816 4927 3374 4136 5016 4173 4617 1871 2666 3723 4240 3039 4179 5373 3421 4158 1749 3967 2700 4715 5013 2245 2876 2828 2730 3448 4581 4197 3046 4891 4647 1077 4808 3132 4640 4372 1711 3196 2704 5688 4315 5442 1029 5124 3009 4360 5266 5650 4237 5329 4137 5426 1403 3453 4425 4427 3649 4105 2636 4837 4937 3585 4639 4507 4659 5044 4741 4660 4561 4239 3395 5139 4318 2848 2418 2860 2311 4227 5953 5398 4775 4907 0
0 2069 2136 3351 4544 4350 1782 4701 2509 2996 2589 3817 2105 3647 2349 4098 4363 4298 3720 2963 1615 3439 4543 5072 4254 4267 970 4706 4870 3694 2566 2964 1731 4137 2295 1341 2464 2760 1620 1220 3552 2648 2013 4389 1353 1479 4517 3781 1697 2378 2216 4033 1491 3891 4093 1732 4069 2288 1660 1405 4223 3689 1810 4452 4500 2827 3939 4189 2678 3119 3295 3058 4880 3585 3791 4351 3312 1940 2187 4370 1686 3059 1124 3860 4266 4799 3981 4313 1288 3342 2956 1517 3699 1204 4125 2756 3697 3497 4507 1485 3441 2991 2784 4352 1753 4304 1687 3977 4938 746 3860 4550 2657 3503 2721 2431 4415 2860 1110 3327 1018 2224 4082 1894 2704 2941 4936 4664 2750 3665 3692 1052 3258 1775 3311 4161 1599 1789 4024 2148 1900 4488 975 3029 4027 3514 1609 2476 1556 2574 3938 2288 3956 3487 2953 3852 4103 3407 3974 1560 2108 3066 3484 2870 3140 4757 2775 3182 1605 3592 2210 4286 4053 2183 2406 2350 2174 2541 4225 3804 2460 5123 4339 947 4621 2319 3778 3967 1435 2424 2007 4423 3818 4504 972 4785 2475 4205 4382 4613 3806 5050 3435 4379 1078 2773 4679 3765 2864 3104 2437 4631 5046 3115 4129 3632 4084 4236 4145 3598 3786 3773 3048 4456 4424 2666 1952 2223 1752 3471 4792 4098 4510 4126 0
0 1925 3042 3841 4192 1627 4096 2323 3043 3116 3843 2462 3586 2433 4202 4323 4049 3745 3000 1611 2805 5079 4878 3963 4010 930 4642 4664 3702 2983 2905 1677 4404 2488 1391 2358 3023 1689 1132 3359 2889 2142 3845 1494 1573 4461 3546 1868 2318 2150 4239 1386 3659 4296 1654 3374 2029 2030 1397 4185 3736 1653 3952 4652 2710 3812 3871 2507 3527 2856 3452 5162 3336 3781 4031 3431 2048 2099 4851 1782 2836 1068 4343 4173 4502 3240 3682 1460 3206 2908 1637 3253 1134 3579 2749 3726 3346 3698 1436 2981 3416 2405 4642 1828 4603 1562 4275 4998 649 3962 4343 2989 3135 2546 2732 4217 3072 1196 2704 942 2712 3810 1885 2982 2630 4504 4501 2509 3696 3345 1055 3037 1708 3065 3794 1540 1691 3381 2054 1742 3889 1017 3318 4508 4042 1415 2733 1404 2652 4490 1919 3577 4312 2828 3121 3985 3556 4343 1377 2013 3215 3321 2716 3532 4889 2888 3276 1646 3644 2334 4637 4100 1728 2550 2573 2369 2648 4216 4101 2587 4344 4469 935 4514 2529 3718 4234 1327 2735 2391 4483 3590 4317 941 4496 2734 3707 4698 4980 3511 4635 3435 4138 1158 2789 4276 3413 3093 3252 2572 3855 4526 3492 4313 3505 3908 4184 4133 3445 3623 3788 3036 4312 4258 2698 2017 2201 1724 3232 4813 4415 4627 3735 0
0 2140 2637 2647 1005 2606 1446 1716 1644 2313 1417 2223 1507 2376 2577 2508 2178 1612 908 1695 2652 2780 2376 2518 664 2594 2706 2353 1744 1577 945 2536 1516 772 1730 1619 1006 693 2253 1745 1077 2542 846 919 3044 2237 1029 1409 1306 2392 884 2326 2705 1144 1980 1249 1169 911 2526 2123 1055 2273 3005 1608 2398 2348 1537 2082 1907 1846 2579 2368 2215 2281 1965 1079 1414 2777 1053 1883 700 2389 2277 2919 2197 2369 796 1858 2006 884 2095 598 2299 1524 2302 1848 2151 920 2022 2093 1734 2592 1004 2443 908 2510 2644 424 2115 2662 1825 2243 1307 1564 2632 1587 709 1662 577 1462 2488 1195 1763 1782 2905 2472 1554 2446 1984 752 1949 1148 1958 2461 878 1134 2020 1302 1198 2603 616 1979 2298 2428 894 1362 959 1510 2450 1283 2251 2601 1932 2082 2764 1916 2660 920 1149 1810 2058 1822 1905 3003 1573 2053 942 2228 1522 2183 2559 1037 1539 1378 1426 1569 2332 2684 1549 2609 2627 594 2565 1587 2091 2555 834 1523 1226 2537 2279 2609 544 3165 1403 2325 2598 2798 2183 2352 1875 2300 656 1720 2764 2409 1895 1877 1480 2486 2525 2174 2677 2227 2147 2488 2480 2370 1913 2288 2075 2202 2237 1731 1266 1242 1015 2401 2905 2389 2685 2546 0
0 2725 2630 1092 2545 1449 1640 1947 2470 1555 2055 1491 2421 2541 2696 2428 1537 1109 1829 2644 2695 2368 2475 565 2695 2736 1947 1725 1813 987 2623 1523 828 1803 1783 974 701 2580 1731 1444 2437 892 1038 2759 2150 1039 1274 1277 2689 986 2261 2708 1030 2222 1309 1165 977 2467 2263 918 2169 2579 1719 2148 2769 1402 2025 1988 1732 2991 2148 2457 2322 1922 1181 1388 2586 1166 1696 578 2514 2480 2595 2186 2502 852 2000 2056 871 2283 662 2279 1938 2397 1835 2499 957 1997 1995 1538 2652 971 2523 926 2588 2761 408 2085 2443 1630 2269 1592 1672 2829 1955 609 1858 674 1406 2420 1090 1876 1831 2739 2780 1735 2178 1969 706 1722 989 1976 2209 997 1122 2244 1276 1114 2535 621 1918 2900 2266 934 1619 1003 1501 2437 1302 2386 2482 1707 2223 2417 1902 2764 979 1211 1951 2036 1795 2205 2531 1791 2160 853 1916 1459 2489 2377 1097 1396 1436 1536 1636 2322 2600 1460 2578 2322 578 2740 1483 2310 2273 787 1567 1160 2440 2112 2506 592 3101 1533 2582 2837 3132 2282 2776 2181 2787 741 1677 2710 1946 1755 2178 1617 2328 2413 1818 2471 2135 2289 2610 2717 2313 2398 2343 1924 2457 2357 1810 1159 1324 1101 2189 3072 2647 2641 2246 0
0 3786 1835 4293 2192 2920 2528 3906 2489 3572 2371 3719 3989 4170 3248 2860 1611 2833 4701 4950 3481 4125 985 3781 4260 3494 2577 2722 1558 4322 2332 1170 2574 2932 1590 1161 3332 2865 2165 4058 1373 1494 4157 3680 1584 2108 2244 4065 1440 3501 4296 1626 3296 2008 1850 1489 3884 3800 1591 4140 4414 2581 3580 3730 2398 3540 2917 3047 4090 3741 3841 3768 3641 1792 2145 4302 1869 3177 1025 4078 3952 4687 3929 3927 1333 3137 3050 1512 3363 1077 3315 2606 3319 3201 4366 1289 2923 3364 2544 4071 1810 4391 1381 4235 4228 709 3170 4035 2895 3696 2570 2757 4365 2597 1053 2652 938 2560 4028 1833 2753 2755 4411 4046 2242 3571 3103 1176 2925 1614 3231 3694 1687 1674 3708 2079 1762 4267 889 2981 4340 4337 1522 2230 1645 2389 3711 2237 3944 3342 2932 3361 4205 3138 4267 1387 1915 3122 3097 2670 3690 3972 2750 3040 1692 3644 2283 3843 4252 2089 2650 2024 2305 2539 3785 3901 2525 4592 4483 816 4277 2643 3483 4041 1441 2492 2352 3988 3879 4188 880 4217 2735 4211 4022 4823 4154 4792 3275 4250 1211 2674 4179 3862 3059 3207 2509 3966 3968 3082 4650 3501 3472 3953 3997 3487 3842 4148 3126 4137 3721 2597 2002 2123 1726 3934 4550 4066 4289 4009 0
0 1928 5796 2857 3410 3658 5096 2856 4027 2841 5449 5137 5409 4944 3287 2183 4232 5755 6289 5253 4637 1212 5630 5883 4551 3080 3660 1960 4884 2691 1688 3258 3720 2100 1549 4842 3566 2639 5168 1771 1778 5394 4417 2156 3061 2753 5198 1754 4890 5470 2229 4972 2842 2332 2027 5270 4503 2202 5361 5610 3262 5133 4722 3379 3944 4352 3794 5827 4645 5266 5241 4056 2428 2847 5333 2169 3807 1303 5299 4822 5597 4741 5030 1483 3940 3981 2092 3896 1350 4219 3762 4459 4335 4934 1943 4340 4369 3401 5373 2365 5233 1784 5236 5704 877 4677 5208 3531 4079 3232 3403 5331 3551 1295 4205 1145 3045 4781 2513 4021 3506 6091 5286 3243 5302 3576 1514 4085 2281 4094 5130 1699 2125 4788 2662 2386 5510 1249 3666 5067 5415 2011 2878 1901 2983 5541 2557 5269 5020 3659 4438 5256 4185 5167 1832 2332 3706 4233 3524 4311 5171 3528 3988 1971 3950 2935 5633 4998 2492 2980 2669 2950 3093 4606 5143 3045 6027 5236 1090 4783 3066 4386 4562 1603 3350 2796 6091 4038 5607 1148 6371 3087 4950 4896 6050 4349 6005 3877 5223 1483 3923 4905 4019 3712 4347 3121 5285 5747 3732 5638 4297 4765 5882 5671 4366 4911 5011 3557 5775 5097 3126 2715 2657 2094 4808 5131 5663 4762 5246 0
0 4838 3030 3049 3058 5114 2874 4257 2649 5338 4624 4892 4985 3302 1789 3559 4983 4878 4677 5014 1313 5099 5446 4656 3373 3628 1981 5671 2674 1569 3132 3541 2402 1463 4838 3807 2592 5419 1987 1870 5816 4091 2101 3110 2756 5371 2000 4825 4883 2215 4288 2811 2070 1831 5053 4917 1853 4554 6290 3255 4297 5423 3083 4250 3468 4107 5957 4635 4874 4823 4483 2433 2925 4934 2179 3894 1229 5253 4597 5859 4612 5326 1746 3640 4183 1776 3864 1380 4690 3195 3914 4288 4986 1782 4009 4293 3412 5226 2169 4627 1881 5682 6105 849 4780 5603 3466 4802 3379 3242 5950 3249 1354 4093 1202 3121 4492 2254 3626 3368 5199 5370 3144 4694 3956 1433 3686 2207 4249 4373 1895 2166 4628 2575 2312 4747 1224 3173 5369 4958 1779 3357 1777 3077 5722 2680 5220 5145 3919 4609 5186 4336 5343 1713 2356 3762 4106 3179 4253 5862 3541 3864 1939 4469 3217 4660 4600 2477 2605 2971 2843 3393 4776 4728 3249 6348 5233 998 5446 3093 4936 4815 1831 3139 2831 4974 4522 5308 1093 6136 3163 4357 5636 6335 5107 5441 4233 5217 1491 3508 5068 5086 3895 4185 2925 5764 5030 4115 5451 4222 4497 5853 5018 4168 4269 4691 3632 5038 5366 2923 2449 2888 2201 4676 5790 4972 5793 4880 0
0 1173 1365 1379 1852 1176 1601 1265 1938 2041 2071 1875 1293 827 1573 2006 2180 1811 1899 502 2136 2144 1807 1366 1484 782 1982 1107 590 1399 1293 768 645 1834 1386 1098 1909 771 710 2309 1914 856 1031 1003 1821 724 2164 1844 911 1858 1099 903 751 2047 1705 919 1773 2535 1379 1983 2154 1030 1716 1562 1459 2227 1683 1686 1882 1581 951 1070 2154 936 1398 516 1790 1781 2230 1863 2093 686 1524 1560 762 1786 491 1966 1512 1748 1735 1992 731 1404 1527 1270 2481 801 2143 723 1836 2086 334 1685 1774 1450 1911 1245 1294 1981 1333 562 1457 474 1254 1974 810 1398 1274 2261 2052 1370 1876 1673 609 1345 832 1663 1853 758 917 1798 1051 834 2055 499 1499 2080 1810 717 1231 762 1251 2204 1037 1884 1985 1300 1494 2145 1645 2154 720 1055 1576 1709 1289 1663 2221 1451 1531 707 1628 1050 2115 1958 873 1235 1167 1108 1290 1886 1923 1323 2124 2227 398 2299 1344 1782 1948 614 1177 1067 1944 1866 2044 450 2212 1102 2056 2080 2076 1793 2129 1592 2132 501 1488 2057 1859 1392 1519 1094 1852 2267 1650 2010 1661 1767 2179 1974 1774 1869 1732 1585 2069 1918 1396 969 1107 830 1681 2357 2090 1951 1982 0
0 2879 3829 4537 2944 3625 2904 5347 5075 5048 4622 3503 1748 3668 5824 5330 5264 4536 1137 5326 5296 3923 3357 3386 1929 5234 2717 1660 3365 3413 2036 1344 4634 3410 2520 4633 1665 2002 5603 4529 2109 3001 2636 5485 1829 5308 5194 2050 4861 2653 2242 1926 5346 3989 2045 4344 5721 3625 4587 4312 2894 4282 4037 3871 5715 4942 4838 4993 4563 2075 2961 5534 2119 3923 1144 5052 4891 5077 4510 4940 1625 3829 3844 1785 4066 1306 4350 3403 4469 4059 5033 1851 4291 4222 3499 5480 1813 4343 1807 4953 5961 804 3974 4960 2958 4758 2920 3301 5229 3120 1410 3762 1238 3040 4807 2364 3685 3636 5083 5609 3247 4750 4054 1425 3789 2113 4121 5103 2009 2109 4146 2342 2216 4811 1175 3887 5381 4977 1793 2952 1831 3074 4788 2757 5011 4951 3273 3951 5259 3813 5470 1678 2562 4008 3884 3626 4392 5159 3500 3742 1722 4493 2970 4825 4758 2035 2971 2740 2708 3378 5096 4893 2977 5113 4989 1085 5964 3144 4659 4699 1561 3295 2369 5540 4828 5093 1091 5423 3271 4231 5309 5653 4683 5139 4436 4708 1386 3452 5149 4610 3800 3942 2997 5524 5320 3990 5483 4511 4848 4772 4820 4734 4258 4542 3467 5659 5037 3277 2626 2755 1947 4608 5769 5052 4815 4638 0
0 2108 2776 1544 2088 1865 2987 3075 3254 2502 2006 1027 2291 3097 3068 2524 3148 783 3076 3211 2237 1866 2042 1229 3252 1496 869 1597 2100 1304 823 2665 1973 1435 3035 997 1086 2931 2625 1101 1602 1733 2873 1020 3114 2640 1327 2369 1445 1183 989 2799 2446 1230 2667 3148 1801 2585 3037 1516 2381 2003 2127 3261 2387 2981 2787 2211 1230 1539 2966 1334 2304 809 2428 2697 3185 2522 2656 1054 2293 2192 1106 2316 735 2523 2119 2457 2220 2873 970 2275 2126 1856 2998 1081 3005 1021 2853 3241 476 2785 3076 1841 2590 1578 1850 3086 1944 807 2284 677 1704 2778 1326 1902 1848 3098 3533 1985 2919 2176 820 2118 1205 2002 2611 961 1344 2255 1379 1352 2904 711 2228 3313 2814 1008 1814 1065 1590 2968 1399 2560 2539 1829 2440 2914 2176 2860 1093 1441 2252 2128 1782 2111 2796 2113 2630 1150 2224 1759 2923 2929 1374 1772 1628 1694 1712 2433 2757 1783 3384 3057 640 2863 1754 2729 2777 1006 1635 1500 2951 2808 2830 729 3342 1563 2907 2891 3419 2619 2774 2456 3156 749 2132 2935 2481 1857 2223 1701 2796 3202 2015 3165 2672 2662 3053 3143 2546 2495 2593 2279 3100 2626 2106 1319 1542 1211 2383 3538 2956 2836 2691 0
0 3353 1757 2730 1888 3190 3298 3347 2907 2293 1368 2438 3489 3525 2915 3433 779 3288 3811 2774 2159 2174 1170 3016 2013 1072 2199 2128 1289 981 2905 2101 1646 3202 1114 1218 3240 2898 1266 1904 1909 3173 1185 2761 2993 1382 3091 1943 1479 1058 3537 2779 1357 2992 3553 2009 2701 3038 1766 3037 2308 2691 3395 2953 3378 3030 2535 1363 1682 3446 1569 2316 881 2947 3154 3869 2893 3167 998 2437 2705 1235 2767 856 3244 2013 3057 2370 3174 1080 2586 2720 2005 3649 1336 3253 1198 3409 3696 565 2744 3171 2341 2805 1844 2225 3453 2278 966 2208 769 1975 2930 1597 2115 2273 3341 3875 1779 3274 2503 854 2361 1354 2533 2919 1068 1513 2938 1590 1504 3425 781 2430 3120 3027 1133 1854 1364 2218 3510 1923 3470 3140 2192 2664 3023 2807 3296 1220 1442 2551 2410 2233 2963 3562 2292 2570 1114 3041 1986 3430 3317 1451 2115 1676 1628 2087 3019 2991 1977 3653 3314 702 3612 2061 3211 3246 1060 1948 1815 3457 2976 3324 733 3857 2124 3115 3465 3234 2816 3163 2655 3099 937 2347 3078 2620 2555 2749 1885 3352 3372 2580 3375 2744 2774 3310 2856 2688 2811 2952 2525 3624 3412 2090 1614 1680 1373 2820 3508 3326 3247 2872 0
0 1964 2535 2294 3227 3156 3481 3307 2401 1203 2613 3717 3875 3517 3288 838 3439 3998 3072 2143 2131 1433 3771 2017 1090 2209 2396 1393 935 3197 2602 1842 3553 1270 1194 3785 3012 1445 2130 2071 3821 1229 3607 3403 1558 2892 1935 1708 1289 3245 3205 1403 3536 3572 2296 3014 3516 2005 2714 2611 2729 3869 3115 3247 3730 2684 1666 1922 4023 1529 2823 826 3286 3353 3957 3150 3344 1213 2720 2794 1341 3042 837 3324 2283 2973 2516 3326 1355 2784 2911 2236 4077 1433 3403 1393 3767 4337 588 3045 3553 2111 3173 2385 2313 3786 2403 960 2288 884 1992 3206 1635 2524 2241 3341 4334 1962 3571 3130 965 2392 1582 2584 3246 1249 1477 3216 1698 1613 3924 803 2514 3612 3444 1356 2152 1224 2121 3791 1680 3503 3315 2262 2850 3354 2953 4009 1322 1765 2841 3078 2369 3040 3782 2392 3221 1321 3189 1846 3508 3095 1628 1856 2031 1930 2032 3311 3417 2040 3921 4203 789 3259 2112 2782 3234 1242 2370 2021 4332 3254 3760 909 4034 2071 3267 3732 4051 3333 4093 2860 3795 1001 2249 3204 2904 2578 2854 2007 3866 3824 2711 3325 3274 3118 3510 3729 3236 3022 3141 2615 3462 3314 2037 1692 1705 1657 2840 4012 3625 3792 3442 0
0 3717 2834 4271 4881 5666 4946 3015 1951 3286 5702 5621 4336 5163 1285 4974 5835 4156 3206 3061 1825 4967 2711 1520 3138 3391 2089 1452 4266 3835 2448 4856 1715 1875 5578 4571 2022 2908 2658 5500 1962 5277 4647 2215 4610 2968 2152 1764 4495 4594 2062 5005 5900 3142 4414 5343 2686 4225 3824 3836 6076 4120 4853 4291 3996 2517 2617 5423 2271 3509 1252 5057 4502 4835 4344 4702 1474 3704 3747 1811 4566 1277 4676 3781 4165 3926 5244 1748 3568 3606 3330 4779 2188 5205 1787 5075 5748 730 4043 4965 3432 3782 3082 3295 5248 3607 1252 3276 1229 3156 4760 2403 3622 3471 5896 5414 2984 4637 4439 1468 3712 1836 4099 4329 2061 1941 4668 2833 2346 5503 1246 3300 4777 4498 1896 2928 1799 3383 5396 2803 4769 4436 3446 3990 5039 3812 4742 1730 2349 3868 4049 3542 3992 4992 3869 4319 1793 3918 2596 4413 4464 2404 3174 2788 2986 3212 4265 5057 2983 5638 4944 1121 5175 2887 4486 4656 1700 2904 2516 5169 4684 5294 1077 5808 2888 4874 5891 4939 4259 5211 3950 5191 1186 3458 4893 4101 3500 3846 2769 5361 4939 3942 5316 4580 4581 5110 4757 4321 4433 4848 3346 5102 4554 3651 2396 2549 2014 4410 5221 4823 4849 4783 0
0 1796 2935 3058 3022 2433 1955 1012 2105 2797 3087 2812 2532 703 2769 3207 2496 1812 1981 1133 3246 1471 945 1789 1713 1106 806 2981 2021 1526 2832 905 1069 3056 2544 1143 1607 1439 3036 1002 2918 2839 1145 2360 1382 1325 908 3079 2624 1233 2608 3290 1834 2670 3062 1644 2230 2168 2169 2929 2641 2940 2757 2433 1205 1448 2994 1257 2188 701 2921 2734 3440 2332 2787 848 1926 2004 1078 2551 814 2876 1751 2681 2270 2499 1039 2309 2174 1974 2902 1181 2690 1047 2946 3256 463 2524 2794 1790 2486 1670 2119 3450 2220 780 1905 759 1658 2459 1458 2203 2055 3186 3466 1888 2731 2283 893 2100 1144 2223 2904 1113 1263 2734 1527 1097 2900 721 1939 2838 2763 989 1909 1150 1602 2635 1582 3077 2641 2121 2267 3284 2345 3024 1112 1262 2212 2360 1838 2446 3106 2042 2395 1146 2479 1663 3109 2778 1417 1648 1650 1765 1752 2578 2637 1568 3076 2696 600 3322 1801 2696 2849 872 1885 1380 3049 2568 3276 617 3346 1730 2637 2995 3204 2660 3047 2609 3203 782 2009 2872 2664 1930 2322 1872 2905 3105 2459 3291 2442 2514 2613 2981 2506 2422 2559 2230 2670 2940 2202 1286 1330 1158 2508 3193 3401 2806 2745 0
0 4334 3968 3823 3251 2917 1763 2827 4466 4830 4098 3616 993 4228 4502 3535 2732 2764 1539 4093 2141 1283 2442 2341 1878 1257 3493 2961 2112 3811 1314 1676 4552 3754 1553 2248 2282 4365 1336 3807 4244 1946 3512 2242 1782 1399 4028 3607 1583 3695 4328 2989 3705 3862 2612 3256 2824 2964 3901 3550 4005 3552 3779 1840 2354 4489 1726 3101 1005 3762 3532 4910 3784 3801 1239 3013 3249 1423 3131 1093 3205 2704 3257 3618 3962 1305 3270 3164 2371 4457 1664 4242 1461 4267 4195 635 3387 3930 2705 3724 2221 2817 4695 3070 916 2820 882 2548 3503 1919 2879 2569 4743 4827 2797 3901 3302 1101 2933 1597 2799 3716 1537 1840 3964 2335 1769 4182 988 2844 4588 3705 1431 2353 1450 2452 3877 2216 3967 3859 2933 3058 4075 3533 4121 1312 2123 2830 3267 2683 2913 3836 2890 3257 1348 3085 2260 3844 4286 1954 2168 2333 2416 2416 3672 3384 2260 4218 3629 802 3899 2734 3308 3590 1334 2482 2176 4430 3587 4406 1048 4718 2462 3806 4487 4670 3746 3858 3070 4517 1119 2451 4206 3274 3208 3180 2480 4385 4138 3351 4510 3635 4039 4654 4517 3471 3829 3950 3015 3672 3899 2430 1933 2091 1710 3568 4684 3729 3867 3660 0
0 2721 3338 2627 2143 1279 2133 3224 3462 3054 3085 702 3289 3812 2341 1767 2265 1077 2893 1822 986 1838 2072 1214 821 2707 2230 1443 2931 1083 1249 3552 2625 1318 1693 1701 2971 1115 3002 3248 1159 2745 1637 1405 1046 3080 2578 1208 2796 3173 2150 2698 2776 1784 2581 2170 2050 3226 2580 2680 2833 2567 1301 1559 3157 1392 2175 698 3254 2753 3312 2898 2887 1064 2170 2382 1223 2429 787 2509 2073 2748 2172 3101 1055 2435 2256 1859 3290 1267 2841 978 3026 3321 494 2410 2829 2083 2781 1811 2024 2941 1996 787 2462 769 1810 2621 1272 1999 2165 2947 3335 1874 2752 2303 870 2139 1249 2426 2974 1117 1223 2966 1711 1294 2627 723 2094 3184 2490 1183 1704 1178 1885 3284 1564 3347 3112 2142 2418 2737 2467 3076 1125 1516 2437 2724 2119 2464 2850 1887 2705 1085 2910 1694 3282 3023 1352 1835 1780 1521 1956 2566 2652 1625 3111 3136 602 3241 1877 2554 3008 952 1671 1561 3198 2637 3158 714 3457 1734 2894 3062 3264 2719 3398 2150 3203 816 2367 2969 2889 2064 2374 1675 3003 3028 2527 2899 2335 2739 3310 3242 2602 2365 3080 2250 2664 2829 2115 1407 1761 1375 2405 3533 3045 2799 2996 0
0 4963 4728 3280 1686 3428 5656 5658 4556 5068 1174 5584 5396 4058 3729 3376 1844 5032 2679 1624 2811 3387 2336 1277 4177 3274 2468 4888 1626 1746 5096 4952 1998 3104 2602 4540 1899 4972 4837 1859 3900 2790 2207 1903 5210 4163 1872 5204 5736 2956 4362 4612 2940 4224 3689 4010 5887 3890 4747 4536 4032 2417 2567 5680 2235 3821 1261 4736 4646 5734 4234 4676 1587 3426 4069 1959 4292 1255 4528 3552 3718 3683 5414 1683 3649 3759 3085 5447 2041 5405 1769 5523 5301 770 4464 4886 3008 3784 2893 3282 5089 3715 1327 4000 1294 2769 4891 2320 3083 3334 4778 5464 3163 5192 4098 1306 3664 1999 3897 4484 1679 2159 4698 2437 2241 5564 1172 3502 5090 4713 1794 3114 1716 3329 4667 2737 4414 4766 3352 4165 4700 4134 4776 1856 2641 3759 4306 3192 4213 4899 3118 3722 2024 4607 2958 4540 5350 2253 3081 2484 2869 2901 4657 4348 2909 5672 5337 1123 5141 3119 4379 4511 1616 2732 2816 5035 4413 4971 1163 5788 3181 4521 5923 5038 4921 4702 4150 5222 1290 3480 4834 4401 3180 4103 2612 4520 4863 3850 4780 3865 4406 4998 5112 4225 4140 4660 3361 4797 4813 3357 2356 2475 2005 4264 5345 5542 5016 4393 0
0 4139 3002 1995 3117 5353 5314 4395 4941 1322 4752 5646 3672 3341 3618 1733 4969 2598 1767 3078 3289 2074 1443 4837 3367 2478 4494 1787 1834 5537 4366 1971 3117 2804 4660 1693 5030 5260 2188 4466 2646 2293 1940 4791 4032 2218 4584 5532 3022 4246 4597 3011 4288 4111 3719 5303 4482 4741 4393 4387 2394 2329 5810 2184 3745 1313 4727 4812 5728 4556 4942 1522 3246 3600 1879 3854 1490 4527 3724 4610 3942 4583 1648 3788 4304 3587 5679 2060 5214 1700 5470 5871 719 4728 5566 3234 4404 2886 3376 5647 3650 1354 3642 1120 2698 4622 2197 3340 3799 5227 5365 2978 4548 4129 1327 3516 1890 4009 4536 2035 2320 4701 2688 2256 5333 1103 3949 5370 5171 1797 2745 1894 2929 5011 2750 5397 4823 3551 3938 5249 4055 4796 1814 2547 3816 3733 3423 4461 5885 3398 3988 1877 4104 3091 4478 4579 2414 3208 2870 2651 3199 5136 4971 2717 5850 5373 1007 5203 3341 3931 4956 1725 2865 2588 5067 4618 4911 1289 5669 3172 5325 4930 5775 4734 5319 4053 4782 1398 3615 4605 4421 4001 3577 3021 5062 5382 3881 5284 4344 4376 5552 5600 4422 4099 4906 3519 4848 4215 3716 2212 2336 2088 4036 6017 5766 4609 5342 0
0 3258 1909 3253 4797 6168 5010 4823 1333 4867 5745 4241 3256 3176 2116 4983 3062 1609 3295 3521 2197 1560 4550 3950 2835 5034 1615 1948 5415 4498 1906 2906 2473 4921 1849 5443 4943 2483 4755 2493 2417 1799 5187 4526 1775 5068 5851 3262 4682 5187 2964 4084 4019 3552 5373 4291 4487 4668 4620 2359 2506 5714 2199 3967 1253 4788 5082 4921 4145 5251 1755 4047 4435 1770 3876 1222 4711 3581 4399 4005 4582 1932 3689 4213 3110 5251 2053 5350 1673 5279 5636 820 4208 4979 3580 4265 3093 3328 5192 3594 1318 3676 1195 2825 4613 2436 3430 3723 5536 4993 3116 4547 4457 1436 3843 2247 4281 4527 1692 2120 4657 2556 2130 5303 1256 3275 5329 4657 1830 2790 1856 3095 5742 2755 4653 4675 3846 4025 4874 3854 5147 1950 2661 4055 4177 3382 4577 5418 3543 3746 2136 4485 3268 4786 5066 2434 3224 2763 2949 3421 5073 4895 3238 5814 5928 1124 5130 3289 4417 4856 1665 3091 2321 5678 4625 5220 1131 5557 3245 4873 5459 5356 4423 4886 3932 5106 1460 3641 4672 4785 3542 3649 2867 4634 5841 4330 5268 4251 4551 5214 4723 4522 4265 4696 3597 5309 5224 3466 2476 2864 2053 4488 5808 5323 5249 4685 0
0 1980 3360 5036 5100 4782 4397 1187 4577 4695 3660 2904 2902 1877 4908 2677 1465 2999 3257 1750 1454 4104 3203 2255 4513 1563 1591 5234 3934 2053 2594 2483 4587 1619 4640 4347 1758 3585 2547 1946 1582 4804 3792 1817 4585 5551 3007 4188 4478 2587 4061 3432 3782 4889 3931 4071 4774 3618 2108 2420 4949 2282 3446 1211 4684 4816 5037 4374 4420 1525 3237 3588 1639 3764 1235 3978 2728 3670 3634 4591 1775 3521 3614 3375 4939 1635 4619 1621 4685 5000 766 4235 4737 3066 3766 2641 2855 4801 3054 1280 3549 1008 3086 4068 1895 3223 3030 5364 4522 3193 4111 3564 1149 3016 1976 3450 3961 1692 1731 4116 2472 1873 5036 1234 3229 4726 4415 1530 2567 1760 3039 4252 2355 4287 3979 3500 3668 4418 3421 4999 1756 2491 3699 3456 3215 3744 5129 3424 3858 1724 3773 2807 4221 4354 2130 2790 2701 2606 2927 4136 4433 2466 5236 4355 982 4585 3040 4244 4699 1676 2771 2503 5071 4223 4797 1022 5032 2565 4090 4243 4358 4343 4806 3574 4979 1337 3142 4989 4089 3294 3497 2618 5064 4910 3422 4706 3469 4278 4607 4852 3869 3955 4596 3760 4294 4445 3404 2367 2401 2127 4318 5156 4648 4673 4012 0
0 2251 3845 3711 3198 3499 905 3506 4006 2729 2418 2195 1227 3311 2049 1083 2111 2102 1425 1043 3308 2383 1708 3327 1153 1375 3347 2991 1258 1839 1820 3831 1255 3428 3305 1395 2977 1680 1556 1235 3702 2796 1478 3508 3586 2353 3149 3683 1878 2805 2617 2858 3832 3053 3101 3457 2753 1473 1913 3388 1622 2377 945 3260 3299 3887 2912 3455 1255 2366 2606 1192 2688 1020 3249 2493 2553 2895 3506 1311 2484 2568 2250 4156 1353 3328 1314 3622 3633 512 2625 3492 2039 2875 1736 2042 3935 2166 844 2399 762 1908 3245 1575 2217 2339 4142 3783 2123 2944 2802 986 2658 1478 2656 2875 1374 1568 3057 1706 1531 3280 727 2691 3536 3477 1309 2180 1323 1943 3304 1802 3485 2889 2449 2589 3628 2926 3972 1197 1532 2680 2918 2274 2824 3705 2630 2629 1337 2610 1843 3771 3209 1576 2122 1975 2090 1991 2876 3459 1924 3599 3399 717 3315 2279 3183 3022 1210 2138 1789 3555 2876 3802 775 4356 2154 3314 3484 3738 3233 3577 2927 3625 904 2274 3357 3081 2473 2772 2008 3405 3880 2597 3415 2631 2631 3696 3401 2870 2977 3110 2466 3329 3268 2391 1771 1567 1526 2747 3914 3545 3278 2931 0
0 2290 2323 1725 1952 502 2049 2174 1724 1191 1357 813 1912 1129 689 1235 1280 817 594 1746 1384 1016 1834 670 735 1948 1622 932 1146 1036 1929 651 1658 1774 823 1616 1005 869 624 1902 1783 825 2056 2119 1298 1981 1899 1099 1559 1397 1386 2132 1680 1938 2087 1675 798 1128 2137 865 1610 539 1916 1784 1991 1650 1977 681 1513 1579 628 1446 565 1714 1382 1706 1617 1923 653 1480 1637 1436 1993 825 2077 649 2177 2166 341 1651 1927 1251 1595 1256 1374 2188 1383 494 1489 459 1164 1928 918 1442 1268 2133 2374 1168 1832 1653 523 1450 868 1422 1929 745 772 1560 1081 866 2008 518 1417 2138 1814 756 1037 772 1361 2071 1071 1962 2059 1549 1710 1826 1556 1978 715 1056 1470 1551 1338 1723 2032 1452 1631 661 1895 1110 1905 2124 1026 1138 1182 1132 1276 1870 1824 1311 1937 2207 400 2166 1143 1668 2055 676 1070 1020 2121 1839 2347 501 2370 1234 2034 2069 1991 1821 2159 1671 1907 560 1389 1874 1793 1401 1611 1041 1737 2027 1749 2221 1532 1640 1825 1768 1642 1744 1675 1350 2191 2037 1232 1006 957 794 1747 2130 2073 1798 1801 0
0 3997 3615 3468 870 3990 4044 3037 2358 2299 1267 3509 2250 1132 2460 2584 1478 1066 3235 2340 2018 3922 1358 1472 4272 3053 1366 2003 1901 3635 1257 3231 3275 1478 3063 1950 1435 1116 3159 3130 1541 3859 4092 2288 3377 3681 1936 3140 2909 2470 3690 3309 3526 3469 3073 1647 1976 3654 1655 2889 870 3612 3721 3754 2898 3342 1251 2753 2548 1306 3223 874 3324 2513 3104 2799 3686 1280 2488 2861 2402 4132 1479 3749 1412 3445 3810 548 3447 3424 2505 3402 2177 2541 3856 2429 948 2568 854 2149 3613 1536 2744 2657 4178 4224 2313 3292 2898 1091 2577 1571 2994 3091 1462 1464 3369 1934 1430 3520 996 2522 3862 3029 1342 2151 1397 2428 3470 1827 3608 3497 2339 2657 3253 2909 3893 1290 1779 3087 2962 2251 2827 3476 2540 3067 1457 3151 2214 3679 3169 1862 2101 2006 1851 2479 3204 3341 1890 3878 4011 792 4095 2087 2868 3324 1096 2273 1885 3716 3384 3936 900 3665 2185 3343 3926 3776 2979 3669 2917 3984 1035 2578 3332 3233 2684 2563 1919 3719 3569 2874 3816 3096 2953 3504 3678 3000 3290 3230 2736 3706 3476 2424 1698 1979 1480 3426 4063 3992 3789 3152 0
0 4993 5439 1354 6310 6351 4410 3555 4149 2093 5372 3260 1711 3077 3509 2366 1473 4220 3432 2474 5241 1858 1896 5692 4630 2198 2985 2974 5014 2044 5500 4972 2408 4686 2653 2548 1706 5929 4953 2296 4905 6118 3728 5166 5568 3204 4356 4251 3932 5341 4563 5301 5358 4302 2605 3272 5742 2354 3555 1281 5303 4683 5953 5062 4919 1567 4045 3908 1900 4601 1527 5281 3789 4912 4009 5609 2056 4271 4049 3626 5379 2262 5176 1768 5688 5943 908 4833 5850 3331 4584 2930 3417 5401 3965 1345 3885 1384 3692 5215 2463 3656 3623 5302 5659 3290 5120 4060 1360 4154 2180 4030 4649 1900 2247 4911 2731 2584 5593 1257 3717 6268 5538 1971 3250 1994 3515 5195 3026 5747 4946 3514 3902 5386 4599 5029 1873 2658 3802 4436 3563 4211 5517 3723 4054 2071 4393 3049 5973 5107 2403 3334 3117 3024 3507 5039 5457 3591 6310 5670 1088 6051 2924 5227 5443 1631 2902 2925 5778 4812 5444 1283 6297 3356 5155 5981 5943 5076 6385 4364 5794 1644 4151 5721 4940 4459 4267 3154 5643 6329 4324 4897 4503 5434 5296 5604 4411 4504 4975 3860 5779 4704 3482 2501 2668 2455 4400 6050 6009 5380 5666 0
0 4986 1444 5726 7122 4559 3607 4110 2157 5861 3254 1759 3891 3605 2180 1629 4761 3917 2753 5589 1944 1978 6752 5096 2302 3190 3003 5270 1891 5383 5646 2568 4972 3249 2525 2154 5918 5192 2363 5319 6192 3522 4815 5705 3172 4782 4290 4432 6732 5089 4904 5574 4864 2661 2826 5686 2370 4220 1513 5142 5613 5941 4820 5765 2072 3775 4227 2148 4600 1431 5252 3897 4994 4339 5338 2000 3992 4660 3478 6504 2252 4882 1898 5419 6491 938 4803 5123 3567 4650 3339 4018 5916 4219 1611 4213 1382 3196 5205 2415 3670 4246 6084 6220 3712 5542 4531 1560 4182 2322 3989 5249 2231 2429 5112 3382 2463 5507 1366 4012 5909 5224 1935 3564 2271 3313 6251 2935 5867 5451 3954 4681 6209 4939 6384 2097 3084 4938 5095 3957 4291 5948 3771 4374 2077 4934 3381 5881 5226 2480 2953 3338 3153 3650 4950 5300 3267 6296 5365 1213 6544 3468 4935 5175 1985 3505 3193 5802 5174 5559 1391 6074 3648 5178 5818 6246 4928 6231 4714 5745 1693 3969 6073 5383 4690 4157 3331 5991 5864 5050 5940 4579 4872 5036 5520 4522 4842 4860 4364 5815 5787 3884 2692 3033 2618 5541 6430 5754 6065 5383 0
0 1266 5362 4902 3731 3451 3013 1702 5121 2982 1471 2678 3080 2171 1380 4363 3312 2370 4368 1826 1949 4954 4429 2080 2347 2489 4842 1636 4725 5006 1918 4076 2590 2292 1541 4632 4492 1907 4842 5346 3422 4651 4875 2631 4353 3456 3734 5197 4276 4389 4161 3411 2115 2467 4923 2292 3389 1153 4883 4281 5187 4309 4504 1666 3570 3381 1722 3619 1315 4600 3203 3908 3739 4441 1626 3785 4187 3137 5365 2056 4732 1603 4397 4909 820 4679 4877 3309 4130 2911 3304 4846 3342 1274 3355 1084 2512 4397 2235 3210 3013 4736 5420 3019 4648 3778 1361 3646 2032 3411 4518 1622 2009 4228 2435 2042 4928 1219 3744 5353 4584 1617 2815 1761 2727 4622 2307 4426 4354 3344 4071 4855 4129 4768 1759 2147 3742 3847 2951 4096 5041 3424 3807 1651 4499 2757 4455 4673 2041 2908 2779 2814 2873 4437 4613 2803 5634 5501 1003 5442 2663 4127 4684 1628 2861 2555 4839 4436 5226 1180 5196 2817 4557 5070 4588 4156 4952 3578 5186 1454 3517 4838 3944 3316 3362 2917 5283 4928 4288 4544 3759 4319 4846 5367 3669 4563 4311 3644 5015 4313 3395 2419 2582 2276 3821 4893 4896 4236 4227 0
0 4921 5452 4167 3647 3137 1875 4537 3067 1409 3479 2920 1920 1460 4200 3266 2698 5262 1765 1829 5765 4716 2163 3020 2335 4781 1806 4125 5055 2111 4062 2608 2059 1655 5073 4199 2028 4897 5191 3454 4210 4526 2599 4130 3793 3644 5329 4122 4595 5103 4305 1958 2700 5073 2111 3867 1391 5394 4506 5515 4420 4530 1596 3641 3898 1924 4052 1417 4516 3180 3654 3703 4714 1978 3927 3754 3445 5042 2038 5068 1851 5140 5634 740 4605 4874 3669 4049 3095 3401 4766 3538 1336 3738 1258 2728 4243 2117 3716 3638 4871 5887 3072 4369 3852 1371 3680 2128 3674 4972 1785 2113 4316 2542 2364 5107 1152 3467 5029 5075 1546 2764 1798 2800 4637 2366 5252 4569 3904 4045 4880 4047 5525 1848 2589 3356 3965 3110 3662 4945 3492 4350 2007 4267 2679 5206 5382 2469 2646 2833 3025 3220 4584 4080 3040 5716 5435 1002 4754 3080 3980 4706 1709 2574 2812 5507 3901 5146 1140 4954 2677 4861 5290 5237 4767 4895 4252 5589 1172 3399 5037 4962 3507 3909 2921 4849 5394 3774 4989 3974 4069 4539 5021 4186 4604 4639 3854 5394 5139 3396 2522 2491 2023 4187 4939 5043 5214 4575 0
0 1216 1073 825 826 454 1311 679 402 706 833 564 366 1092 761 624 1201 430 450 1495 1007 466 703 595 1098 469 1167 1212 500 1097 676 533 424 1129 1168 545 1100 1284 769 1160 1120 623 983 798 1000 1455 1080 1205 1328 963 517 626 1451 531 925 325 1209 1024 1266 1035 1167 407 874 1061 486 939 349 1107 745 1118 917 1199 438 930 914 792 1304 472 1097 459 1242 1324 196 1016 1203 826 1030 764 841 1343 839 335 890 282 691 1062 564 881 782 1428 1381 745 1082 1050 359 880 504 836 1190 427 514 1043 678 579 1373 307 896 1210 1159 394 745 495 662 1184 559 1121 1172 789 975 1176 984 1206 409 624 990 927 708 951 1475 818 1078 477 1152 682 1253 1156 555 696 726 700 747 1109 1059 730 1438 1279 265 1354 737 1153 1161 458 808 695 1393 1214 1199 286 1506 692 1232 1398 1395 1077 1348 969 1254 288 915 1371 1186 902 936 620 1314 1261 1017 1332 991 1122 1421 1231 1129 958 1124 917 1210 1065 752 659 545 569 1151 1320 1208 1176 1210 0
0 4571 3189 3353 2040 5461 3257 1574 3232 3374 1989 1447 4328 3160 2811 5402 1844 1825 5305 4267 2349 2751 2658 5114 1747 5081 4781 2350 4684 3160 2085 1912 5308 4354 1955 5370 5782 3118 4401 5151 3041 4371 3923 4487 5277 4691 4992 5020 4832 2548 2818 5857 2568 3997 1467 5134 4737 5151 4684 4975 1568 3625 3840 1913 4470 1409 4311 3226 4809 4339 5265 1923 4253 4545 3463 5540 2249 5197 1870 4841 5498 804 4419 5360 3606 4667 2884 3618 5639 3603 1370 3760 1245 2704 4916 2557 3519 3471 5315 5495 3648 4773 4321 1519 3953 2055 4401 4791 2006 1986 4561 2912 2243 5840 1180 3718 5288 5026 1850 3040 1861 3313 4979 2835 5285 4901 3604 4448 5606 4231 5482 1953 2909 4417 3799 3180 4159 5356 3579 3794 1772 4444 2553 5832 4909 2675 2945 2783 2986 3630 5009 4790 2826 5943 4729 1012 4972 3618 4475 4976 1604 2997 3088 6134 4730 5053 1261 6118 3227 5039 5477 5749 4519 5443 4075 5074 1537 3481 4875 4357 3580 4213 3063 5239 5071 3967 5378 4157 4761 5131 4792 4410 4228 4799 3735 4915 5282 3722 2474 2784 2250 4508 6116 4934 5084 4468 0
0 3763 3708 2169 6189 2966 1699 3341 3687 2569 1666 5531 3760 2669 5748 2002 2271 6392 4614 2261 3372 3395 5771 1826 4686 5593 2532 5364 3272 2471 2084 5693 4353 2228 5096 7035 3628 5521 5932 2847 5205 4118 4246 6855 5323 5265 5052 4218 2727 3027 5577 2693 4395 1512 5215 5362 6625 4417 4928 1844 4225 4095 2268 4717 1576 5362 3847 4814 4091 5507 1878 4203 4753 4141 5557 2090 5076 1826 5260 6157 913 4814 5498 3956 4790 3368 3958 6244 3897 1383 4400 1375 3602 6038 2495 4117 3543 5369 6049 3589 5613 4749 1758 3945 2284 4650 5906 2226 2607 5049 3059 2579 5415 1423 4170 5968 6058 2201 3502 2082 3356 5871 3028 5669 4969 4424 4658 5942 4658 5839 1974 2684 4716 4153 3546 4460 5658 3911 4537 1989 5180 2911 5891 5355 2858 3527 2954 2790 3853 5668 5194 3439 6088 6196 1148 6280 3714 4751 5782 1959 3875 2708 5827 4813 6439 1482 6428 3831 5010 5637 6229 4976 5472 4487 6261 1590 4141 5710 5358 4255 4213 2994 6104 5804 4736 5795 4267 4574 5499 5862 5113 4749 4712 4577 5639 5751 3756 2562 2996 2409 4945 6175 6034 5527 5415 0
0 3286 1552 4458 2423 1228 2783 2481 1843 1211 3983 2865 1943 4044 1616 1593 4441 3516 1719 2309 2378 4527 1568 4156 4277 1865 3497 2258 1892 1476 4663 3966 1820 3958 4912 2804 3831 4096 2631 3461 3276 3145 4563 3987 4507 4488 3570 1936 2116 4851 2001 3245 1227 3965 3570 4461 4149 4381 1443 3238 3140 1536 3548 1219 4159 2964 3465 3784 3908 1518 3194 3340 3105 5132 1862 4616 1571 4713 4997 662 3804 4600 2783 3935 2557 2646 4476 3114 1269 2830 1055 2653 3486 1989 3175 2976 4249 4393 2585 3714 3150 1137 2870 1815 2985 4170 1482 1875 3841 2362 1830 4108 964 3306 4719 4100 1520 2530 1476 2616 4514 2350 3863 3693 3173 3278 4206 3137 4341 1691 2119 3469 3206 2983 3245 4029 2995 3344 1699 3720 2223 4699 4469 2114 2328 2219 2595 2733 3590 3846 2682 4294 3848 933 4253 2747 3943 4585 1357 2412 2240 5029 3623 3887 1060 5385 2726 4067 4754 4702 3942 4101 3181 4409 1049 2643 4535 3896 3102 3724 2830 4799 4722 3055 4303 3219 3919 3740 4115 3948 3515 3746 3127 4569 4129 2915 2268 2253 1730 3953 4573 4089 4180 4118 0
0 1246 3234 1835 1092 2057 2109 1475 960 2679 2525 1711 3275 1214 1420 4019 3155 1528 1703 1924 3455 1255 2977 3124 1356 2982 2019 1512 1228 3427 3120 1459 3469 3640 2056 3053 3305 1871 2904 2598 2589 3834 3257 3260 3328 2696 1679 1766 3871 1316 2316 832 3355 2948 3791 3064 3217 1206 2709 2663 1333 2786 903 2901 2262 2900 2756 3307 1182 2721 2753 2369 3372 1298 3551 1161 3569 4335 515 2980 2882 2178 2995 1956 2360 3452 2025 933 2304 865 1960 3292 1646 2340 2407 3393 3927 2060 2878 2702 916 2240 1417 2592 3307 1247 1418 3260 1736 1630 3220 789 2458 3594 3398 1184 2083 1273 1863 3462 1763 3140 3071 2071 2685 3660 2540 3631 1249 1564 2469 2742 2360 2700 3855 2488 3107 1164 2888 1646 3385 3146 1681 2132 2107 1859 2165 3100 3358 2015 3742 3593 627 3713 1903 2967 3266 1124 2191 1717 3714 2985 3743 794 3518 2256 2967 3367 3808 3208 3813 2942 3678 861 2332 3464 2808 2556 2685 2085 3428 3516 2618 3602 2606 3006 3331 3118 2840 3179 3353 2477 3158 3280 2060 1651 1588 1540 3090 3628 3206 3038 3068 0
0 3345 2158 1024 2372 2459 1465 959 3396 2394 1597 3713 1144 1372 4020 3265 1570 2068 1850 3576 1263 3589 3301 1502 3067 1786 1458 1382 3328 3398 1451 3243 3973 2394 3507 3425 2254 2897 2535 2751 3786 3125 3256 3906 2914 1552 1826 3670 1536 2880 910 3608 3412 3983 2793 3645 1143 2696 2811 1250 2557 1054 3178 2479 3192 2979 3386 1261 2886 2535 2547 3759 1342 3484 1245 3920 4315 612 2921 3591 2159 2771 2240 2067 3601 2404 898 2556 850 2149 3142 1585 2546 2584 3746 3822 2460 3477 2642 894 2705 1641 2964 3358 1344 1553 2887 1804 1438 3600 866 2741 3946 3608 1213 2327 1331 2130 3626 1902 3403 3348 2574 2916 3221 2663 3886 1232 1570 2805 2860 2385 2811 3608 2622 2768 1382 2977 1890 3173 3282 1565 2085 1959 1851 2220 2865 3343 1975 4017 3312 824 3437 2087 3039 3723 1193 2202 1864 3277 3299 3967 790 3919 2121 3742 4048 3765 3442 3539 2977 3454 924 2725 3230 2880 2391 2958 2278 3575 3625 3092 3293 2700 3454 3174 3827 2926 2925 3446 2839 3785 3377 2123 1787 1858 1408 2888 3920 3313 3463 3125 0
0 945 619 1279 1244 766 559 1743 1391 986 1960 706 739 2276 1772 804 975 887 1947 700 1770 1730 834 1434 1030 910 730 2154 1645 743 1709 2295 1275 1773 1966 1118 1389 1495 1518 1957 1615 1904 1770 1579 940 999 2025 871 1408 459 1756 1703 2064 1702 1612 665 1421 1535 755 1466 486 1716 1305 1520 1484 1894 651 1343 1446 1177 1962 788 1848 690 1908 2365 309 1821 1992 1274 1605 1142 1160 1928 1298 476 1323 496 1202 1697 763 1412 1435 1911 2044 1326 1678 1631 567 1418 846 1420 1944 701 732 1771 1007 848 2020 448 1327 1966 1730 735 1153 763 1180 2035 1012 1821 1703 1249 1577 2115 1546 1911 638 996 1536 1578 1351 1401 1789 1245 1642 730 1647 1068 1753 1741 824 1054 1121 1026 1217 1677 1712 1131 2363 1904 401 2141 1219 1603 1870 695 1096 947 1924 1576 2041 435 2180 1086 1914 2058 2053 1726 1856 1441 2075 507 1327 1809 1800 1359 1458 1117 1735 1860 1521 2131 1429 1743 2068 1806 1745 1513 1691 1474 1764 1950 1248 939 989 871 1518 1917 2013 1797 1845 0
0 1755 2987 3370 2103 1593 5107 3254 2417 5284 1947 1926 6009 4305 2127 2702 2650 4999 1746 4770 5712 2005 4469 2906 2335 2004 4846 4086 2073 5126 5268 3194 4354 5418 3228 4446 3975 3936 5937 4791 5003 5273 3968 2479 2852 5078 2296 4008 1350 5295 5089 5403 4917 4410 1676 3731 4160 1927 4238 1434 4579 3897 4391 4000 5511 1889 3807 4104 3594 5842 2170 5647 1759 5908 6139 768 4824 5319 3490 4317 3275 3488 5548 3602 1376 3959 1234 3046 4636 2114 3743 3443 5393 5688 2972 4819 3889 1562 3335 2162 4011 4843 2048 2143 4563 2875 2245 5668 1163 4013 5083 4723 1878 3012 1754 2815 5092 2532 4768 4738 3328 4475 4953 3818 5278 1775 2455 4223 4426 3365 3989 5312 3555 4071 1903 4653 2900 5292 5300 2612 2886 3267 2730 3085 4609 5486 2943 5457 5212 1012 5185 3355 4074 5159 1790 3435 2502 5583 4037 5473 1232 6048 3151 4626 6045 5722 4311 5368 4216 5063 1254 3519 5569 4760 3706 3658 2688 5451 4869 3984 5761 3851 4100 5334 5640 4862 4769 4751 4126 5327 4973 3700 2374 2707 2083 4647 5098 4937 4810 5081 0
0 1641 1988 1221 726 2328 1894 1590 2423 1025 1055 3045 2409 1238 1568 1614 3073 1104 2750 2774 1220 2367 1508 1206 913 2902 2418 1091 2546 3368 1669 2547 2889 1576 2598 2190 2095 3485 2783 2725 2899 2428 1314 1522 3167 1359 2116 727 2522 2636 3152 2630 2421 1021 1996 2222 1025 2596 773 2502 2136 2578 1983 2938 1028 2148 2325 1896 3129 1151 2675 1007 2897 3185 470 2578 3175 1942 2217 1798 1713 2955 2201 736 2152 629 1534 2515 1381 2157 1990 3486 2795 1633 2606 2141 800 2022 1230 2409 2580 1077 1030 2891 1387 1276 2982 717 2163 2568 2543 1051 1937 1076 1771 2905 1510 2576 2546 1873 2150 2658 2475 2949 987 1426 2280 2309 1864 2233 3186 2161 2404 1101 2340 1657 2892 2844 1299 1669 1578 1715 1601 2554 2636 1773 2849 2925 601 3063 1801 2666 3011 866 1760 1583 3037 2693 2893 653 3251 1569 2512 2752 3064 2710 2980 2012 2842 843 2237 3083 2391 2107 2331 1623 2998 3035 2533 3129 2199 2556 2924 2896 2701 2580 2791 2055 2717 2848 1931 1207 1590 1225 2231 3165 2987 2797 2546 0
0 1151 593 479 1477 1122 800 1602 529 613 1896 1355 600 900 771 1616 541 1376 1671 717 1424 891 692 552 1692 1232 581 1471 1903 1041 1309 1465 924 1410 1128 1198 1799 1316 1417 1653 1293 775 916 1656 666 1132 393 1606 1424 1762 1412 1423 491 1270 1236 560 1249 406 1466 1154 1274 1196 1404 555 1203 1141 994 1569 605 1369 511 1709 2069 258 1458 1742 1154 1433 941 1027 1718 1081 374 1093 425 918 1446 711 1218 978 1590 1621 1052 1432 1249 478 1019 758 1198 1482 642 667 1460 940 688 1773 429 1162 1608 1520 521 1054 594 959 1633 819 1611 1381 1257 1199 1706 1171 1622 504 772 1227 1222 1169 1300 1647 1183 1327 545 1408 852 1647 1602 759 1011 869 870 927 1532 1499 995 1854 1825 352 1787 1006 1476 1431 491 953 800 1912 1294 1644 363 1853 990 1479 1592 1762 1377 1763 1178 1722 479 1007 1658 1435 1304 1096 894 1508 1659 1218 1457 1330 1489 1644 1704 1342 1308 1391 1161 1752 1679 1137 831 826 661 1321 1830 1682 1649 1500 0
0 1333 996 2655 2397 1530 3122 1135 1049 3471 2628 1365 2007 1732 3538 1069 2917 2929 1450 2604 1750 1432 1100 3173 2959 1244 2773 3456 2237 3014 3388 1999 2451 2411 2354 3824 2823 3190 3049 2731 1509 1732 3690 1417 2408 772 3224 2608 3547 3053 3321 1111 2682 2429 1054 2811 914 2968 2301 2546 2641 3067 1232 2095 2629 2213 3301 1202 3031 1064 3182 3499 517 2642 3051 2057 2594 1934 2129 3502 2168 864 2339 817 1911 2982 1528 2218 2188 3808 4007 1985 3027 2523 891 2219 1384 2379 2813 1194 1335 3071 1881 1508 2813 803 2396 3102 2729 1015 2109 1276 1909 3421 1509 3130 3093 2253 2522 3240 2496 3550 1131 1756 2395 2480 1959 2605 3204 2321 2595 1100 2752 1701 3268 3089 1441 1864 1802 1959 1934 2899 3000 1696 3515 3359 740 3286 1949 2542 3090 1059 1971 1681 3310 2794 3540 851 3543 1973 3163 3570 3761 2887 3420 2532 3222 862 2270 3611 2765 2317 2582 1967 3648 2950 2602 3356 2515 2833 3024 3107 2672 2577 2865 2518 3225 3104 2247 1491 1776 1369 2554 3506 3254 3025 2637 0
0 920 2957 2538 1700 2885 1170 1234 3872 3211 1294 1765 1794 3395 1234 3300 3543 1341 3112 1780 1683 1201 3545 3202 1456 3158 3916 2083 3439 3320 1730 2902 2587 2480 3751 2625 3340 2998 2974 1757 1806 3686 1534 2710 768 3304 3154 3692 3003 3512 1037 2648 2671 1220 2788 879 2750 2623 2952 2584 3739 1318 2392 2558 2066 3486 1355 3258 1133 3348 3897 561 2832 3354 2397 2810 2158 2164 3927 2147 868 2583 798 2075 2843 1586 2581 2134 3706 3854 1886 3491 2731 990 2735 1596 2492 3084 1198 1460 3081 1783 1406 3076 872 2358 3314 3447 1166 1905 1226 1839 3478 1605 3193 3404 2570 2894 3553 3074 3436 1055 1554 2777 2609 2344 2724 3566 2139 2737 1140 2846 1961 3666 3332 1423 1806 2021 1864 2173 3190 3165 2020 3484 3423 740 3455 1984 2691 3082 1059 1937 1925 3488 3104 4016 789 4105 1967 3076 3430 3633 3443 3337 2855 3040 862 2602 3727 2841 2809 2539 1862 3760 3970 2773 3577 2526 2942 3363 3465 2885 2925 2794 2784 3246 3341 2413 1783 1873 1579 2950 3611 3658 3477 2862 0
0 1770 1461 1122 1898 743 812 2303 1740 824 1296 1212 2297 776 1956 1927 900 1897 1189 947 748 2281 1641 968 1981 2109 1393 1848 1991 1307 1736 1625 1589 2643 1604 2095 2254 1774 888 1173 2363 956 1542 568 2090 2015 2286 1729 1960 759 1515 1709 696 1631 549 1878 1456 1950 1773 2186 786 1816 1771 1325 2253 822 2129 846 1951 2593 321 2066 2277 1399 1679 1256 1398 2114 1368 551 1604 488 1395 1936 981 1502 1385 2061 2521 1351 2035 1636 531 1598 929 1517 1970 730 927 2047 1263 883 2001 574 1653 2253 1857 828 1243 820 1244 2050 1006 2305 1920 1549 1705 2145 1728 2210 767 996 1654 1630 1334 1737 2270 1481 1812 839 1889 1056 2095 2131 986 1232 1232 1066 1325 2080 1838 1390 2484 2249 432 2130 1339 1974 2197 657 1431 1009 2065 1892 2162 477 2333 1363 1985 2126 2084 1793 2295 1551 2388 569 1396 1984 2156 1661 1547 1246 2100 2151 1581 2027 1704 1989 2107 2151 1730 1745 1854 1609 1967 2037 1343 968 1055 848 1743 2479 2007 1960 2035 0
0 951 697 1348 527 555 1448 1326 607 847 732 1482 516 1371 1321 570 1386 753 661 524 1452 1278 592 1543 1791 883 1269 1326 855 1316 1229 1001 1556 1282 1368 1626 1302 679 796 1650 602 1197 424 1267 1477 1455 1339 1473 484 1031 1188 521 1249 418 1162 1086 1451 1225 1371 564 1147 1098 1062 1599 644 1437 515 1443 1707 242 1301 1342 925 1208 817 947 1604 888 369 1012 340 903 1486 679 1092 956 1518 1472 849 1436 1151 388 986 559 1242 1520 596 656 1197 727 622 1428 319 1061 1606 1417 582 967 547 825 1538 806 1464 1399 1140 1279 1565 1169 1462 507 735 1076 1151 1059 1233 1432 1001 1133 580 1223 780 1328 1546 660 844 786 845 1002 1345 1441 848 1759 1517 332 1617 961 1333 1379 463 932 795 1645 1256 1520 332 1623 817 1246 1542 1526 1226 1592 1145 1594 408 1072 1417 1341 1153 1136 992 1404 1483 1167 1501 1133 1263 1422 1569 1412 1440 1385 1076 1513 1532 939 666 697 703 1170 1515 1623 1541 1412 0
0 2393 4434 1656 1720 4646 4157 2066 2227 2302 4710 1713 4406 4475 2050 3675 2769 2159 1619 4735 3846 1924 4507 5267 3315 4363 4998 2804 3809 3635 3886 5374 4319 4453 4375 3832 2271 2522 4800 2311 3150 1284 4977 3909 5064 4324 4310 1470 3114 3488 1717 3535 1322 4141 2858 3823 3871 4740 1788 3025 3486 3126 4442 1935 4173 1676 4437 5034 727 4246 4463 2760 4023 2576 2737 5154 3436 1284 3619 1170 2690 4444 2061 3596 3446 5095 5387 2908 4247 3860 1243 3395 1860 3383 4203 1746 2062 4083 2108 2022 4385 1041 3368 4288 4397 1679 2871 1685 2723 4521 2182 4331 4342 3208 3938 4610 3940 4394 1622 2469 3464 3458 2961 3628 5245 3192 3859 1768 4421 2577 4506 4095 2186 2578 2512 2616 2594 4506 3754 2645 4894 4779 1034 5500 2855 4473 4249 1475 2832 2520 4946 3895 4826 1120 5182 2965 4717 4987 4718 4304 5244 3588 5038 1163 3367 4764 3787 3131 3655 2652 4486 5262 3386 4738 4254 4004 5008 4464 3790 4337 4423 3051 5273 4160 3235 1910 2345 1894 3726 5109 4730 5061 4235 0
0 3429 1312 1362 3750 3174 1312 2173 1951 3489 1301 3209 3617 1634 2839 1869 1621 1377 3578 2822 1371 3180 4128 2212 3406 3413 2047 3102 2533 2470 3693 3001 3506 3270 2839 1744 1817 3847 1554 2933 835 3844 3213 4199 2731 3101 1047 2781 2845 1378 3164 876 2904 2321 3115 2819 3291 1333 2599 2796 2257 3688 1477 3068 1174 3499 4475 559 3048 3697 2348 3112 1993 2237 4053 2450 916 2420 808 2053 3525 1466 2566 2269 3950 3915 2022 3080 2788 1120 2699 1618 2930 3268 1275 1370 3248 1740 1569 3316 955 2511 3871 3322 1285 2207 1405 2258 3629 1953 3655 3559 2296 2845 3333 2773 3363 1217 1668 2721 2723 2110 2602 3461 2464 2762 1380 3149 2001 3265 3589 1598 2272 1939 1934 2193 3342 3262 1958 4355 4069 647 3885 2278 2756 3157 1154 2193 1921 3778 2923 3716 812 3513 2207 3253 4071 3879 3297 3976 2694 3779 990 2145 3584 3415 2704 2872 2172 3813 3727 2940 3429 2805 3002 3395 3419 2957 3100 3037 2507 3424 3275 2591 1603 2078 1581 2943 4003 3361 3122 3284 0
0 907 1029 2367 2060 1000 1558 1309 2250 895 2298 2517 1169 2192 1380 1158 799 2342 2144 1028 2374 2621 1600 2189 2587 1420 2184 1932 1939 3173 2486 2311 2449 2238 1171 1438 2912 1027 2018 655 2389 2270 2629 2423 2679 800 1778 1756 1026 2276 726 2425 1688 2023 1773 2382 846 1837 2130 1852 2618 1059 2499 867 2668 2926 376 2141 2609 1650 2207 1383 1589 2600 1879 697 1792 572 1541 2449 1157 1758 1799 2368 3113 1586 2402 2057 681 1793 1066 1722 2237 1024 949 2348 1334 1107 2646 599 1923 2609 2198 1017 1406 956 1402 2644 1167 2529 2189 1835 2139 2618 2237 2455 900 1292 1986 2205 1594 2190 2698 1798 1907 949 2128 1322 2749 2485 1214 1439 1462 1411 1477 2352 2275 1296 2921 2497 586 2588 1417 2434 2346 782 1471 1234 2819 2282 2649 600 3069 1365 2492 2529 2661 2324 2910 2117 2436 719 1802 2777 2111 1975 1990 1414 2787 2661 1850 2720 2154 2222 2724 2707 2154 2123 2353 1853 2521 2507 1836 1179 1280 1062 2200 2914 2839 2644 2368 0
0 1872 5185 4166 2056 2719 2752 5291 1825 5071 5170 2080 4580 2853 2209 1741 5337 4297 1999 5192 5191 3420 4316 4689 3072 3927 3757 3474 5161 4098 5251 4928 4356 2087 2460 5689 2046 3666 1243 5018 4204 5591 4110 4473 1597 3504 4156 2022 3778 1394 4426 3589 4281 3988 4410 1867 3893 4161 3252 5448 1966 4987 1771 4785 5733 733 4784 5036 2945 4288 2525 3315 5489 3480 1256 3752 1069 2714 4395 2240 3558 3635 4963 5061 3050 4389 4022 1372 3567 2121 3764 4711 1754 2050 4594 2681 2209 5214 1131 3203 5008 5107 1855 3039 2044 2712 5710 0 4351 4322 3138 4213 5434 4164 4853 1722 2224 3798 3886 3293 3769 5390 3694 4104 1834 4591 2692 4229 5162 2343 2926 3009 2510 3104 4669 4485 2992 5342 4814 944 4831 3009 4153 5132 1507 3129 2733 4705 4871 5322 1172 5254 3045 4946 5465 5546 4263 5127 3528 5439 1391 3307 5406 4142 3812 3709 2749 4424 4930 3724 5713 4487 4635 4956 4367 4282 4706 4493 3761 5540 4749 3099 2340 2622 1871 4623 5444 4758 4497 4961 0
0 1816 1662 666 1023 910 1699 640 1562 1774 758 1614 943 805 587 1887 1539 791 1879 2047 1192 1663 1727 1126 1437 1198 1252 2105 1532 1770 1759 1390 814 958 1876 799 1349 452 1795 1530 1656 1704 1700 578 1188 1364 584 1517 457 1528 1207 1654 1224 1774 647 1493 1374 1110 1888 686 1771 592 1759 1840 270 1490 1825 1053 1482 942 1270 1718 1169 465 1390 456 991 1690 806 1356 1102 1889 2156 1043 1663 1346 444 1251 741 1233 1595 649 684 1602 965 811 1675 431 1158 2001 1571 642 1020 647 1083 1962 991 1698 1773 1356 1380 1776 1373 1910 613 989 1396 1538 1167 1586 1865 1198 1460 730 1599 1023 1745 1960 884 952 871 976 1080 1603 1583 1118 2079 1893 374 1867 1190 1504 1723 556 1075 979 2009 1514 1835 409 1916 1012 1821 2005 2104 1532 1852 1536 1829 460 1156 1830 1583 1384 1424 1012 1754 2094 1438 1752 1643 1665 1868 1763 1595 1582 1625 1383 1887 1719 1251 892 913 741 1509 2174 1716 1895 1850 0
0 1703 846 1004 1027 1901 670 1969 1920 807 1527 985 896 616 2039 1753 773 1738 2298 1236 1704 1981 1157 1521 1402 1589 2316 1602 1775 2026 1578 858 936 2119 829 1396 496 1848 1746 1960 1835 1746 581 1502 1583 774 1645 542 1729 1315 1651 1386 1881 625 1541 1411 1213 2075 825 2047 686 1909 2179 311 1628 1817 1314 1604 1131 1160 2011 1220 491 1313 444 1264 1837 870 1494 1303 2186 2156 1068 1683 1488 577 1242 790 1440 1897 732 723 1489 1061 874 1857 434 1281 1810 1662 721 1160 670 1033 1840 1126 2074 1676 1356 1706 1943 1704 2043 692 1033 1451 1536 1223 1781 2265 1168 1644 712 1544 983 1947 1987 904 1101 1024 1127 1207 1769 1938 1249 2346 1990 378 2075 1109 1897 1812 593 1039 930 2156 1783 2145 435 2294 1144 1858 2047 2130 1698 1765 1566 2169 516 1191 1947 1799 1533 1399 1057 1867 1778 1562 1800 1683 1510 1977 1961 1603 1727 1824 1332 1967 1843 1317 946 1026 775 1558 2127 1939 2096 2030 0
0 2230 2840 2825 5549 1983 5319 5276 2303 5347 2746 2504 1798 5390 4238 2110 5530 6623 3580 5074 5216 3271 4717 3851 4051 5611 4681 5323 5153 4408 2415 2867 6141 2328 3830 1558 5069 4789 5494 4459 5878 1825 4116 4279 1878 4549 1468 5419 3957 5250 4768 5629 1925 3942 4829 3960 5747 2022 5387 2179 5811 6800 891 5107 5238 3291 4859 3462 3829 5229 4349 1397 3435 1289 3142 4928 2456 3980 3494 5530 5676 3402 5359 4386 1697 3929 2272 3952 5193 2079 2224 4221 2783 2150 5509 1463 3490 5655 5350 2089 3159 1993 3251 5680 2839 5800 4828 3718 4664 6065 4646 5692 1929 2837 4303 4865 3541 4402 5815 3890 4009 2126 4937 3244 5885 5072 2392 3263 3313 3249 3585 4712 4824 3178 5834 6042 1194 6073 3399 4661 4753 1745 3457 2558 6031 4626 5760 1167 6244 2995 5654 5138 6601 4795 5958 4355 6079 1430 3442 6029 5355 4478 3911 3070 6119 5362 4346 5467 4556 4840 5537 5255 4497 5064 4930 4444 5419 5393 3670 2387 2745 2183 5283 5443 6036 5470 5357 0
0 2322 2035 4674 1582 3993 4395 1808 3668 2191 2066 1616 4595 4006 1825 4093 4793 2867 4301 4431 2554 4115 3288 3557 4971 3585 4386 4338 3607 2115 2342 4886 2054 3134 1261 4349 4357 4641 3642 4089 1569 3278 3863 1413 3588 1114 3914 3119 3454 3616 4337 1517 3484 3530 3246 4658 1917 4374 1675 4712 5031 712 3448 4402 2817 3375 2502 3137 4455 3143 1206 3065 1002 2561 4076 2069 3059 3070 4722 5480 2821 4154 3303 1327 3144 1869 3337 4135 1751 1981 3707 2447 1913 4360 973 3078 4744 3956 1566 2405 1804 2861 4672 2238 4362 3942 3241 3597 4126 3735 5272 1485 2331 3360 3633 3049 3932 4754 2770 3880 1667 3624 2626 4162 4012 2204 2366 2630 2656 2848 3862 4478 2874 5380 4341 1047 4268 2958 3760 4557 1431 2665 2011 4562 3955 4912 1002 5388 2623 4014 5261 5135 4569 5381 3651 4351 1253 3195 4372 3941 3303 3252 2565 5004 4200 3527 4633 3548 3506 4014 4335 3940 3568 3594 3228 5174 4350 2909 1960 2024 1718 3928 5003 4707 4074 4358 0
0 1096 1992 795 2027 2097 904 1710 1011 940 729 2103 1712 815 1707 2527 1230 1904 1881 1246 1789 1665 1499 2363 1863 2039 2247 1662 881 1019 2370 929 1523 513 2051 1845 2114 1835 1947 683 1429 1593 744 1846 571 1891 1424 1609 1799 2052 674 1405 1612 1560 2243 791 2241 777 2231 2436 340 1859 2311 1352 1666 1115 1385 2429 1485 528 1454 474 1223 1952 908 1447 1304 2476 2302 1319 1821 1462 561 1281 915 1673 1963 695 847 1868 1071 844 1962 568 1369 2264 1788 852 1332 875 1227 1912 1059 2070 2055 1396 1849 2103 1684 2209 734 995 1699 1625 1394 1594 2154 1554 1721 842 1743 1227 2254 2216 988 1144 1130 1251 1278 1964 1878 1342 2515 2442 399 2364 1098 1956 1868 676 1437 1141 2169 1754 2206 540 2401 1216 1938 2194 2366 1913 2500 1794 1943 587 1449 1996 1748 1468 1703 1274 2340 2095 1610 2127 1583 1835 2207 2230 1664 1692 1926 1561 1886 1884 1476 1019 1147 944 1632 2523 2369 2230 2078 0
0 2960 1082 2539 2451 1218 2522 1542 1286 978 3042 2606 1142 2651 3329 1895 2516 2652 1702 2593 2267 2166 3264 2284 2586 2820 2391 1311 1417 3461 1259 2102 760 2782 2777 2881 2517 2639 1008 2062 2094 979 2403 767 2795 1908 2448 2068 2783 955 2363 2401 1779 3245 1022 2753 1042 2587 3261 510 2333 2665 1693 2397 1727 1829 2826 2127 741 2048 647 1655 2430 1264 2082 1911 3468 3431 1882 2812 2149 786 1922 1202 2133 2770 1097 1079 2531 1408 1189 2846 769 2164 2804 2530 1021 1735 1108 1852 2926 1520 2837 2592 2119 2261 2762 2455 3052 962 1224 2099 2362 1900 2304 3171 1968 2292 1044 2200 1792 2599 2645 1408 1762 1720 1699 1664 2433 2937 1699 2941 2803 645 3356 1843 2659 2650 1047 1886 1536 3278 2296 2765 658 3145 1697 2627 2855 3152 2791 2667 2261 3050 676 1786 2758 2339 1908 1981 1922 2925 3247 2202 3068 2348 2657 2849 3058 2412 2446 2834 1881 3011 2494 1858 1405 1377 1288 2617 3354 2894 2869 2557 0
0 875 2404 2598 1155 2626 1476 1222 944 2592 2424 1070 2338 2916 1850 2408 2537 1525 2101 1884 1916 2996 2174 2607 2604 2071 1177 1403 2922 1135 1948 686 2516 2554 3023 2543 2678 757 1938 2104 1026 2077 666 2275 1966 2574 2225 2560 849 2054 2173 1575 3273 1000 2567 908 2661 3276 415 2330 2583 1837 2247 1749 1788 2591 2084 689 1863 635 1721 2521 1221 2107 1723 3079 3001 1574 2253 2134 746 1950 1133 2033 2643 934 1062 2476 1332 1055 2739 610 1988 2799 2539 992 1601 978 1790 2701 1410 2316 2354 1770 2424 2767 2035 2500 1001 1348 2078 2385 1765 2301 2800 1725 2180 1050 2235 1337 2799 2622 1222 1505 1336 1495 1562 2358 2274 1763 2767 2859 561 2928 1722 2224 2719 937 1740 1362 2966 2496 2968 604 2941 1647 2332 3009 3096 2537 2804 1985 2674 728 1921 2764 2453 1933 2069 1461 2894 2801 2094 2747 2315 2441 2616 2542 2497 2535 2319 2079 2999 2257 1667 1276 1509 1243 2291 2920 2974 2633 2604 0
0 4450 4694 2270 4016 2731 2118 1693 4979 4286 1833 4233 5672 3290 4292 4696 2831 4423 3662 3658 5744 4647 4973 5070 3719 2444 2850 4985 2353 4112 1317 4525 4634 5749 4184 4256 1787 4033 3565 1882 3615 1372 4660 3434 4389 3998 4392 1781 3829 4348 3658 5648 1979 5433 1660 5241 5076 825 4443 5333 3409 3973 2932 3096 5123 3688 1366 3424 1148 3167 4926 2300 3234 3548 5961 5741 3270 4430 4004 1530 3909 2107 3544 4720 1893 2128 5100 2538 2166 4740 1239 3696 4821 4532 1769 2961 1863 3118 5461 2539 5053 4721 3695 3632 5598 4544 5570 1760 2455 4066 4196 3090 4607 5104 3608 3873 1931 4248 2750 4666 4780 2389 2907 2678 2894 3370 4531 4680 3027 5041 5433 1118 5829 3137 4837 4476 1627 2918 2582 5379 4757 5161 1049 5753 2733 4258 5869 5236 4088 5382 3803 5249 1266 3360 4431 4383 3706 3965 2837 5195 4961 4067 5050 4384 4664 5001 4911 4416 3990 4095 3916 4758 4973 3199 2530 2533 2257 4543 6230 5589 5521 4879 0
0 1720 790 1680 890 792 582 1952 1568 746 1644 2164 1168 1587 1735 942 1346 1311 1365 2028 1513 1910 1785 1412 859 1002 1734 831 1356 507 1763 1665 2135 1418 1596 539 1360 1488 670 1639 484 1462 1267 1687 1374 1690 653 1388 1471 1185 1933 709 1899 633 1758 1986 307 1696 1967 1295 1605 961 1203 2128 1353 483 1302 445 982 1613 812 1394 1321 1918 2078 1087 1874 1453 472 1383 780 1480 1687 716 693 1625 958 826 1855 404 1171 1748 1701 694 1067 716 1107 1810 863 1870 1504 1320 1418 1748 1514 2036 677 782 1376 1596 1125 1564 1887 1315 1513 701 1581 1025 1850 1600 756 1089 1088 890 1111 1553 1572 957 2133 1921 379 1698 1046 1632 1932 593 977 939 2084 1414 2027 418 2041 1130 1805 1873 2005 1651 2012 1494 1883 500 1227 1836 1571 1357 1308 966 2076 1891 1413 1852 1359 1689 1876 1596 1438 1659 1636 1364 1791 1774 1114 780 922 812 1461 1964 1878 1862 1704 0
0 2223 4090 2618 2192 1631 4938 4636 1845 4052 5281 3311 4022 4393 2725 3598 3937 3676 5112 4070 5040 4967 3889 2510 2478 5039 2185 3856 1250 4718 4832 5408 4700 4729 1531 3413 3556 1726 3984 1263 4165 3549 4196 3774 4851 1823 3200 3616 3480 5569 1766 4336 1742 5591 5741 763 4124 4817 3173 4345 2651 3345 4840 3319 1317 3376 1097 2797 4417 2159 3279 3205 5174 5906 3179 4154 3730 1392 3248 1811 3855 3996 1752 1740 4283 2474 2177 5138 1237 3510 4417 4603 1691 3068 1743 2775 4549 2593 5365 4399 3501 4002 5190 4031 4689 1631 2501 3672 4048 3229 3792 4793 3418 3843 1856 3863 2923 4704 4744 2491 2832 2505 2986 3006 4209 4454 3123 5177 4721 968 5280 2959 4445 5060 1732 2576 2621 5188 4728 5649 1146 5932 2602 4425 5473 5303 4207 5444 3803 5084 1363 3319 4556 3902 3193 3995 2934 5273 5318 3615 4746 4170 3916 5289 4788 3804 4160 4229 3368 4832 5067 3086 2386 2592 2317 3755 5512 5068 5149 4180 0
0 4338 2658 2184 1831 5102 4607 2026 4995 5630 2999 4464 4779 3089 4367 4267 3583 5714 4541 4727 5183 4447 2302 2678 5657 2171 4069 1282 5189 4348 5083 4402 5274 1629 3542 3891 1895 3945 1460 4682 3528 4463 4094 4910 1753 4015 3843 3231 5608 2126 4742 1917 4888 4989 780 4124 4973 3149 4453 2845 3171 5635 3501 1472 3462 1166 3000 5071 2350 3515 3481 5293 5718 2888 4943 4311 1342 3644 2256 4123 4551 1912 1930 4326 2969 2307 4858 1322 3730 5340 4394 1739 2856 1994 3219 4603 2732 5160 4463 3448 4138 5113 4157 5825 1789 2406 3577 3869 3432 4047 5107 3591 4160 1876 4222 2815 4241 5143 2260 2990 2513 2804 3105 4620 5142 2855 5472 4648 1059 5434 2895 4239 4514 1626 3271 2549 5464 4402 5529 1122 5387 3170 5116 4941 4918 4698 5529 3801 5374 1421 3158 5333 4773 3714 3828 2904 4691 5154 4161 5233 3704 4104 5599 4775 4298 4366 4809 3601 4457 4679 3466 2481 2661 2039 4146 5083 4997 4867 4814 0
0 1115 1070 824 2204 1905 908 2144 2222 1381 1989 2116 1355 1837 1574 1574 2419 1701 2084 1870 2020 1072 1206 2180 958 1700 495 1935 2019 2348 2082 2327 788 1551 1793 731 1776 546 1863 1492 1745 1951 2009 719 1873 1763 1551 2370 909 2130 753 2246 2734 335 1711 1983 1432 1798 1259 1428 2322 1544 560 1757 543 1336 1962 1057 1538 1508 2194 2652 1459 1972 1680 621 1563 807 1713 2142 908 995 1981 1090 929 1957 470 1529 2415 1844 782 1199 878 1341 2142 1111 2175 2252 1592 1920 2120 1605 2194 764 1118 1717 1695 1453 1765 2282 1560 1955 750 1832 1108 2139 2251 946 1161 1103 1111 1356 2175 2043 1262 2256 2119 440 2367 1333 2041 2161 710 1214 1109 2120 1704 2553 495 2184 1337 2029 2301 2398 2075 2243 1662 2203 587 1570 2431 1985 1400 1595 1162 2450 2245 1473 2356 1913 1762 2384 2174 1834 1729 2005 1576 2287 2013 1403 1028 1169 932 1924 2430 2236 2247 1926 0
0 1860 1708 4723 3533 1790 4174 4855 2726 4383 4741 2918 4131 3106 3491 5381 3920 4044 4016 4224 2039 2364 5192 1973 3472 1110 4383 4164 4716 4059 4342 1530 2975 3662 1557 3267 1212 4157 3099 3700 3188 5029 1711 3049 3581 3156 4857 1778 4522 1611 5143 4964 774 3923 3987 2924 3899 2627 3347 4604 3005 1086 3017 1063 2609 3824 1853 3510 3121 5125 5007 2888 3694 3496 1215 3301 1732 3611 3852 1500 1840 4339 2288 1858 4755 994 3164 4259 4398 1782 2532 1779 2756 4161 2230 4300 4467 3001 3935 4405 3728 4472 1628 2350 3702 3591 2994 3877 4504 3041 3477 1616 4184 2566 4153 4686 2098 2462 2319 2528 2775 3665 3995 2776 4847 4421 906 4689 3068 3873 3915 1638 3017 2408 4621 4017 5015 1052 4512 2763 4257 5021 5176 3987 4959 3210 4600 1214 3125 4623 4193 3361 3567 2508 5063 4828 3668 4525 3853 3725 4295 4720 4077 4357 3801 3147 4310 4268 3200 2041 2385 1794 3611 5253 5238 4197 4237 0
0 1017 2734 2636 1185 2538 2983 1565 2385 2683 1546 2144 2170 1963 2924 2069 2551 2660 2224 1232 1450 2918 1239 2070 751 2374 2347 2654 2389 2908 848 2081 2237 1053 2161 667 2509 1732 2191 2278 2793 995 1989 2017 1757 3156 1155 2529 1030 2738 3356 408 2382 3064 1793 2279 1713 1752 2888 2061 705 2146 640 1567 2643 1229 2000 2080 3233 3036 1711 2375 2352 713 1909 1100 2375 2511 959 1056 2404 1293 1327 2908 722 1788 2807 2325 1012 1658 1015 1550 2662 1487 2560 2348 1917 2042 2502 2165 3165 890 1271 2105 2267 1891 2155 2527 1942 2247 1077 2571 1481 2538 2513 1316 1648 1341 1597 1800 2809 2651 1601 3128 2600 608 2910 1763 2509 2750 876 1784 1247 2517 2130 3013 647 3257 1635 2827 2737 3158 2457 2825 2119 2910 723 1803 2821 2578 1932 2184 1789 2822 2963 2007 2781 2037 2162 2859 2874 2261 2472 2614 1936 2484 2516 1978 1269 1314 1058 2259 2960 2891 2637 2743 0
0 2191 1967 889 2033 2388 1328 2050 2298 1466 1761 1819 1671 2727 2132 2132 2170 1759 995 1124 2264 1066 1640 586 2233 1887 2533 1922 2103 794 1693 1737 811 1955 622 2024 1584 2017 1716 2164 900 1560 1761 1509 2237 851 2448 847 2198 2554 378 2113 1949 1676 1996 1352 1472 2584 1448 617 1515 522 1458 2276 1026 1787 1566 2218 2541 1305 2083 1585 574 1747 932 1740 2012 941 1006 2112 1251 1051 2455 539 1585 2098 2133 718 1390 893 1413 2276 1191 2489 2110 1358 1762 2303 1756 2575 861 1142 1597 1853 1462 1736 2229 1582 1741 847 1927 1316 2037 2457 1048 1448 1434 1337 1380 1994 2035 1412 2399 2390 540 2375 1552 1993 2175 769 1340 1085 2222 2021 2482 501 2403 1494 2155 2518 2425 2189 2514 1769 2505 586 1758 2341 1953 1616 1545 1188 2103 2422 1929 2321 1866 2290 2183 2523 1778 1854 2334 1527 2421 2051 1459 1143 1074 953 1886 2599 2342 2113 2204 0
0 1788 727 1700 1986 1176 1741 1732 1006 1407 1331 1422 1988 1373 1697 1671 1391 839 917 1895 861 1512 470 1698 1601 2050 1692 1693 629 1451 1431 667 1423 472 1529 1266 1599 1478 1728 594 1366 1356 1273 1886 721 1867 577 1654 2052 269 1576 1740 1089 1449 1046 1194 1737 1143 491 1222 405 1148 1586 867 1251 1148 1835 1945 1127 1815 1388 538 1269 778 1435 1594 740 661 1636 934 766 1855 411 1369 1698 1609 600 1098 701 1128 1829 985 1730 1599 1279 1373 1711 1355 1919 622 949 1301 1513 1149 1310 1998 1120 1495 648 1592 1000 1942 1688 834 1041 1093 1002 1157 1504 1743 1049 2135 1939 361 1882 1198 1575 1692 574 1114 978 1871 1445 1741 446 1939 976 1782 1776 1808 1678 1973 1265 1969 474 1374 1687 1461 1252 1363 1144 1972 1926 1368 1798 1628 1713 1752 1616 1485 1639 1712 1413 1811 1922 1222 784 878 723 1637 1978 2062 1756 1595 0
0 1964 4866 5340 3099 5016 4432 2639 4252 3886 3726 5624 4681 4323 5161 4205 2496 2619 4899 2411 3777 1293 4618 5023 5778 4303 4773 1666 3824 4381 1828 3923 1207 4542 3152 4273 4093 5245 1926 3929 3749 3563 4935 1821 5120 1902 5157 5623 758 4347 4712 3461 4096 3311 3131 5607 3739 1393 3318 1208 3030 4770 2384 3696 3448 5290 5164 3213 5203 4052 1406 3670 2013 3985 4714 1773 2232 4319 2284 2077 5519 1080 3490 4638 4487 1816 3149 1796 3180 4930 2651 5217 5046 3576 4316 5324 3779 5081 1942 2580 3753 4060 3084 3965 5264 3711 4195 2009 4501 3155 5505 4610 2352 2792 2596 2898 3061 4802 4890 2740 5477 5357 1125 4884 3016 4695 4476 1589 3280 2718 5613 4238 5632 1150 6268 3118 5237 5321 5490 4202 5726 3615 5183 1183 3927 5413 4953 3623 3909 2708 5362 5758 3864 4649 4040 4332 5719 4768 4286 3929 4963 3903 4691 4957 3581 2242 2717 2430 3959 4989 5488 4306 4973 0
0 4370 5496 2957 4195 4394 2813 3869 3603 3501 4521 3753 4621 4062 3361 1864 2279 4312 2001 3164 1204 4365 4091 4442 3818 4300 1342 2990 3217 1538 3619 1150 3508 3427 3727 3209 4322 1565 3027 3881 3036 5069 1693 4801 1776 4510 5318 724 4129 4624 2858 3830 2730 2707 4740 3340 1045 3065 1012 2285 4151 2164 3264 2976 4473 5081 2721 4369 3467 1152 3301 2033 3453 4494 1548 1953 4394 2398 1973 4443 949 2861 4728 4305 1777 2634 1543 2650 4162 2176 3985 3883 3402 4052 4046 3397 5148 1743 2102 3201 3865 3075 3392 5365 2908 3486 1728 3447 2208 4435 4575 2313 2771 2442 2302 2935 4336 4268 2575 4688 4332 914 4871 2681 3839 4105 1410 2505 2427 4839 3548 4208 1032 4966 2654 4194 5023 5008 4536 5190 3563 4839 1257 2760 4008 3955 3542 3416 2323 4314 4566 3815 4802 3613 4006 4371 4047 3860 3769 4435 3362 4986 4148 2883 2112 2528 1931 3971 5032 4473 4615 4214 0
0 2315 1392 1700 2023 1181 1725 1564 1632 2145 1868 1868 1873 1719 859 980 2252 854 1549 518 2107 1864 2212 1727 1988 574 1398 1585 727 1802 546 1871 1288 1907 1568 2072 764 1598 1587 1288 2026 755 2006 709 2105 2349 346 2012 1995 1313 1737 1234 1230 2172 1257 525 1412 530 1160 1867 1035 1490 1348 1982 2252 1229 2017 1613 541 1549 856 1490 1843 775 890 1855 1136 864 2043 489 1624 2106 1882 826 1298 758 1264 1950 1140 2143 1996 1471 1849 2080 1632 2325 750 1005 1706 1787 1185 1793 1972 1562 1645 703 1982 1089 1905 1884 1078 1306 1116 1068 1268 1895 2011 1239 2321 2264 439 2257 1401 1928 1705 684 1285 1007 1999 1788 2251 469 2612 1266 2127 2114 2271 1690 2153 1550 1992 520 1423 2138 1996 1613 1434 1288 1965 2122 1450 1952 1886 1875 2137 2135 1733 1766 1735 1488 1998 1863 1382 1074 1168 976 1865 2363 1897 1866 2056 0
0 2975 4363 4519 2807 3474 3465 3519 5874 3772 4374 5144 4055 2081 2420 5099 1974 3570 1246 5008 4664 4652 4464 4625 1512 3897 3720 1742 3791 1309 4120 3271 3933 3862 4403 1755 3646 3982 3346 4982 1755 4959 1836 5230 5502 751 4212 4833 2787 4573 3208 3438 5228 3214 1169 3256 1068 2717 3963 2040 3399 2974 5091 4972 3008 3956 4090 1450 3541 1803 3742 4216 1659 1970 4127 2757 2310 4922 1263 3191 4858 4613 1788 2639 1789 2851 4440 2507 4808 4501 3143 4226 4723 3612 5174 1643 2646 3470 3954 3355 3550 5087 3085 3853 2018 3909 3033 4951 4356 2194 2638 2444 2761 2978 4585 4569 2789 5336 4923 1061 4757 2781 3927 4364 1476 3095 2737 5394 3987 5798 1185 5183 2673 4345 4665 4669 4093 5485 3722 4698 1324 3051 4671 4565 3531 4055 2987 4757 4855 3859 5226 4120 4058 5180 4756 3601 4689 4617 3702 5237 4682 3246 2466 2564 2029 4379 4710 4642 4962 4913 0
0 4755 5973 3274 4414 4322 4176 5756 5122 4947 6181 4737 2398 3096 6082 2693 3800 1305 5057 5654 5549 5312 5418 1947 4657 4676 1955 4770 1501 5206 4132 4694 4418 6129 1981 4184 4551 3712 6030 2472 5789 1930 6376 6228 811 4965 5484 3764 4691 3153 4087 6410 3916 1416 3695 1200 3349 5385 2429 3883 3882 5568 5641 3928 5173 4204 1655 4020 2519 3940 4782 1900 2302 5268 3267 2429 6366 1484 3944 6114 5199 2139 3572 2121 3463 6271 3024 6058 5487 4208 4725 6094 4952 5947 1831 2564 4435 4553 3549 4658 6168 3808 4926 2226 4708 2935 5292 5426 2740 3373 3265 3133 3700 4892 4978 3341 5573 5735 1114 5847 3732 5168 5805 1854 3428 2726 5961 5006 6227 1308 6620 3685 5365 5928 6935 5031 5754 4433 5455 1643 3596 6050 5055 4094 4127 3418 5141 6420 4778 5175 4595 5077 5462 5312 4840 5481 5147 4473 6236 5714 3915 2839 2920 2451 5431 6012 6412 5385 5963 0
0 3403 1811 2748 2457 2580 3952 2945 2793 3386 2488 1679 1678 3562 1572 2579 850 3053 3160 3533 3115 3240 1142 2272 2304 1302 2638 851 3058 2065 2574 2505 3102 1050 2315 2785 2219 3477 1279 3236 1145 3273 3631 573 2978 3604 2086 2570 2032 2097 3395 2220 906 2225 731 2043 3182 1533 2337 2238 3528 3978 2049 3218 2694 919 2264 1433 2575 2822 1333 1250 3269 1729 1577 3088 709 2179 3460 2999 1284 1942 1237 2117 3077 1766 3379 2962 2355 2409 3294 2795 3586 1121 1605 2336 2489 2268 2873 3342 2266 2968 1153 2843 1796 3264 3544 1461 1952 1699 1780 2049 3276 3221 1868 4031 3348 736 2997 2062 2724 3441 1157 1882 1644 3733 2767 3806 784 3272 2170 3425 3487 3802 3042 3336 2720 3515 964 2348 3538 2758 2584 2675 1957 3369 3795 2552 3338 2889 2864 3779 3401 2953 3048 2830 2368 3570 3068 2083 1547 1672 1285 2727 3243 3507 3110 3168 0
0 2718 4042 3444 3827 5307 4245 4662 4618 4136 2152 2575 4821 2241 3313 1238 4834 3805 4679 4021 4451 1355 3506 3406 1725 3977 1277 4032 3128 3643 3391 4914 1533 3949 3359 3271 5044 1962 4576 1737 4576 5418 750 4370 4891 3218 4357 2848 3105 4809 3470 1383 3626 1039 2595 4483 2218 3353 2703 4794 5749 2791 4183 3507 1338 3224 1984 3303 4444 1619 1812 4357 2589 2032 5062 1244 3133 5184 4525 1827 2949 1721 2852 4623 2551 4836 4438 3146 3822 4975 4003 4443 1589 2549 3502 3775 2946 3609 5557 3474 3607 1641 4292 2791 4490 4652 2161 2536 2747 2912 2859 4336 4170 2963 4851 5121 991 4513 2962 4486 4122 1549 3010 2178 5539 4394 5230 1054 5967 3061 4871 4591 5124 4127 4816 3769 4300 1216 3235 4825 4163 3012 3826 2818 4341 4748 3305 5098 3676 3964 4423 4570 3399 4329 4272 3650 4326 4935 3309 2064 2391 1874 3883 5098 5037 4647 4477 0
0 3728 3405 3561 5698 4568 4708 4682 4337 2237 2720 5534 2325 3769 1229 5207 5190 5624 4267 4769 1760 4153 3668 1745 4240 1333 3982 3287 4529 3989 5127 1635 3643 3849 3551 5508 2060 4936 1567 5430 5224 871 4429 4485 3168 4031 3245 3475 5304 3616 1352 3440 1145 2617 4738 2282 3167 3315 5168 5786 3353 4822 3855 1532 3859 2032 4290 4115 1917 1931 4469 2541 2166 4903 1249 3720 5515 4461 1832 3295 1877 2901 5157 2688 5200 4979 3598 3936 4861 4024 5123 1627 2310 3763 4215 3498 4198 4817 3378 4126 1902 3995 3007 5211 5229 2333 3048 2599 2929 3131 4633 4942 3172 5389 5185 1000 5204 3146 4413 5415 1604 3101 2640 5145 4498 5728 1259 4906 3081 4805 5557 5006 4371 5834 4160 5115 1370 3682 5388 4844 3682 3556 3228 5032 5108 3829 4776 3862 4371 5194 4472 4489 4247 4676 3611 5400 4661 2863 2377 2685 2234 4368 5920 5067 5448 4826 0
0 2214 1986 3431 2491 2562 2852 2296 1382 1621 3469 1254 2077 751 2729 2900 3432 2653 2865 963 2153 2098 1160 2394 841 2601 2210 2304 2503 3073 1012 2272 2518 2035 3196 1214 3021 995 3164 3234 484 2830 3242 1972 2460 1712 1866 3083 2268 773 2194 681 1520 2987 1413 2249 1975 3255 3076 1770 2711 2266 761 2019 1254 2479 2725 1167 1219 2944 1591 1278 2781 746 2060 3017 2827 993 1790 1044 1720 2777 1683 2863 2756 2068 2245 3056 2679 2842 1056 1396 2410 2533 1935 2262 3441 2170 2586 1067 2333 1553 2892 3052 1509 1831 1692 1593 1876 2773 2672 1616 3382 3235 598 3124 1696 2543 3132 916 1863 1532 3057 2351 3349 708 3191 1866 2680 3041 3289 3001 3515 2348 3267 738 2170 3040 2738 2149 2222 1638 2950 3225 2461 3107 2669 2649 2673 2835 2533 2938 2533 2224 2838 2972 1950 1322 1555 1232 2775 3473 2810 2870 3035 0
0 3257 4171 4143 4251 4157 3200 1932 2182 4733 1911 3414 1104 3913 3893 4709 3583 3946 1230 3054 3561 1580 3541 1087 3351 2652 3547 3286 4504 1410 3201 2873 2632 4596 1755 4052 1496 3996 4312 597 3764 4479 2783 3259 2412 2528 4203 2646 1140 2922 1018 2606 4008 1914 2744 2724 4133 4629 2608 3876 3364 1092 3327 1682 3075 4118 1428 1606 3885 2221 1936 4462 967 2699 4573 4289 1420 2393 1717 2334 4382 1961 4020 4066 2884 3454 4092 3409 4709 1517 2099 3194 3375 2359 3630 4737 2572 3677 1485 3832 2242 4636 4614 1895 2180 2553 2047 2610 3640 3867 2504 5120 4336 791 4521 2578 3960 4022 1381 2485 2136 4497 3729 4390 905 4840 2301 3870 4275 4981 3714 4147 3454 4626 1269 3068 3908 3925 3139 3333 2314 4286 4899 3055 4428 3699 3764 4338 3978 3709 3215 3835 3027 4798 4247 2703 1961 2241 1827 3384 5075 4301 4409 4073 0
0 3847 3447 4042 3712 2879 1935 2038 3959 1765 2806 993 3398 3416 3623 3306 3666 1279 3037 3085 1405 3049 1135 3115 2600 3559 2812 3538 1268 2822 2808 2753 4269 1585 4212 1302 3786 4274 649 3351 3752 2282 3289 2372 2519 3696 2593 967 2755 857 2515 3660 1775 2991 2560 4010 4235 2478 3913 2888 1062 2830 1478 2726 4005 1496 1695 3704 2020 1617 3759 1025 2757 3644 3695 1397 2322 1505 2227 4188 2051 3474 3885 2785 2805 3371 2905 4143 1209 1946 2975 3020 2338 3312 3741 2451 3149 1385 3219 2260 3707 4118 1982 2196 2155 2098 2108 3467 3502 2162 4215 4048 814 3739 2327 3037 3583 1358 2376 2068 3835 3061 4105 873 4421 2382 4114 3950 4394 3641 4302 2843 3883 944 2677 3470 3465 2818 2936 2332 3959 3929 2969 4066 3098 3378 4128 3754 3275 3289 3493 3034 3959 3740 2434 1893 2055 1587 3489 4055 3551 3939 3460 0
0 3310 3736 3440 3336 1717 2176 3702 1558 2844 949 3551 3711 4028 3385 3841 1305 2772 2850 1495 2958 1032 3189 2671 3012 2983 3884 1353 2849 2912 2499 3955 1565 3988 1318 3852 4230 629 2960 3659 2484 3182 2078 2592 3954 2527 1058 2947 815 2068 3408 1552 2756 2584 4232 4274 2301 3196 2963 1141 2649 1656 3245 3492 1409 1472 3446 2231 1525 3586 881 2654 4120 3768 1480 2391 1544 2242 3337 2221 3898 3245 2871 3318 3606 3078 4014 1288 1885 2964 3406 2539 3221 4194 2903 2891 1376 3227 2289 3778 3435 1748 2291 2117 2128 2246 3672 3494 2214 4544 4044 777 3836 2257 3391 3144 1289 2549 1932 3810 3513 4263 857 4330 2108 3980 4113 4297 3743 4110 2779 4047 1009 2475 3387 3419 2806 2822 2219 3563 3842 2745 4026 3408 3239 4305 3447 3374 3133 3465 2676 3645 3748 2527 1987 1915 1681 3146 3910 3951 4049 3454 0
0 5515 5290 4383 2614 3084 6607 2771 4446 1413 5328 4945 6045 5100 5482 1884 4316 4771 1876 4947 1674 4577 3593 4470 4774 5400 1966 4411 4430 3696 5777 2592 6015 2059 5944 6494 845 4940 6063 4167 4937 3347 3854 5610 3965 1426 4335 1435 3131 5399 2657 3810 3654 6532 6753 3584 5176 4375 1606 4048 2126 4308 5110 1848 2461 4806 3000 2592 4957 1338 4555 6122 5244 2186 3320 2195 3734 6065 2897 5893 5566 4455 4463 6414 4737 5317 2179 3027 4232 4929 4011 4671 5801 3952 4869 2298 5423 3349 5224 5546 2701 3467 2972 3338 3225 5346 5594 3223 6192 5319 1328 5954 3736 5243 5555 1941 3677 3322 6210 5056 6611 1327 6597 3412 5492 5248 6739 5364 6085 4948 5611 1600 3614 5916 5524 3935 4797 3472 5968 5772 4255 5930 4671 4867 6296 5772 4689 4448 4952 4349 6297 5436 4346 2558 3302 2428 4963 5771 5738 5072 4814 0
0 4415 3811 2038 2284 4982 2037 3464 1121 4052 4165 4814 3800 4550 1620 3517 3388 1592 3252 1041 3936 2740 4216 3273 4374 1626 3717 3249 3233 4659 1928 4127 1359 4286 4905 711 3838 4256 2890 3782 2383 3056 4777 3327 1193 2794 1025 2990 4385 2277 2922 2812 4280 5252 2622 4408 3808 1320 3150 1817 3230 4130 1713 1840 3517 2183 1833 4709 1035 2931 4231 4175 1615 2379 1706 2591 4637 2327 4415 4014 3114 3746 4925 3441 4929 1616 2171 3180 3616 2638 3645 4547 3343 3565 1538 3681 2532 4833 4694 1985 2728 2523 2619 2852 4377 3728 2694 5261 4828 906 4465 2825 4279 4279 1312 2847 2292 4291 4070 4475 925 4369 2756 4457 4599 4973 3756 4383 3571 4916 1224 3175 4082 3968 3141 3497 2771 4505 4707 3745 4176 3682 3806 4245 4751 3865 4190 3864 3414 4716 3933 2911 2377 2260 1839 3520 5377 4480 4897 4032 0
0 3687 2242 2619 5548 2310 3808 1279 4473 4555 5842 4604 4334 1568 3499 4034 1996 4432 1348 3998 3326 4574 3684 4831 1759 3453 3380 3128 5126 1802 5172 1550 5168 4770 806 4416 4684 3444 4453 2618 3177 5240 3432 1297 3492 1108 3030 4838 2363 3528 3306 5529 4728 2796 4956 3764 1341 3693 2094 3580 4368 1722 2246 5008 2504 2154 4865 1133 3379 4314 4500 1753 3314 1776 2840 4990 2834 4479 4369 3600 4025 5513 4453 4648 1579 2293 3423 4123 3113 4042 4971 3308 3828 1767 4069 2761 5132 4714 2462 2959 2598 2858 2882 4442 4957 2542 5640 5397 966 5239 3111 4243 4935 1632 2952 2401 5245 3791 5540 1051 5453 3039 4752 5328 5213 4191 5441 4081 5126 1398 3496 5282 4594 3931 3385 3004 5296 4955 4088 4543 3890 4355 4933 5400 3895 4225 4505 3512 4771 4283 2844 2428 2536 2297 4183 4859 4496 4872 4732 0
0 2119 2791 4973 2042 3855 1312 4898 4058 5624 4129 4633 1628 3927 3802 1755 4229 1419 3993 3403 4456 3870 4756 1836 3965 3853 3207 5549 2066 5181 1645 5215 5259 687 4578 5090 3187 4399 2950 3433 5320 3166 1287 3151 1132 2670 4715 2373 3786 3669 5279 5333 3188 4600 3956 1415 3735 2255 3520 4817 1870 2093 4637 2807 2141 5327 1194 3224 5097 4226 1788 2859 1689 3106 4714 2645 4897 4572 3480 3959 5438 4012 5473 1795 2321 3444 4473 3303 4129 5912 3369 4009 1823 3868 2858 4698 5097 2577 2956 2400 2420 3210 4801 5071 3006 5305 5277 1181 5267 2841 4815 4868 1524 2876 2702 5310 3946 5641 1198 5838 2854 4915 4896 5744 4340 5635 4181 5524 1342 3432 5001 4606 3770 3794 3133 5342 5546 3656 5129 4262 4908 4892 4352 4369 4173 4985 3818 5601 4825 3523 2498 2711 2211 4496 5569 5061 5383 5087 0
0 2148 4563 1858 3305 1069 4093 3901 4065 3728 3821 1295 3065 3218 1708 3288 1066 3909 2588 4114 3690 4263 1537 2891 3601 2766 4777 1669 4186 1523 3832 4440 713 3662 4028 2648 3567 2669 2980 4690 2979 1120 3475 1026 2455 3867 1845 3230 2778 4571 4374 2900 4063 3274 1161 3171 1825 3164 3917 1570 1676 3761 2132 1856 4388 1014 3123 4081 3617 1381 2562 1587 2294 4437 2137 4310 3791 2822 3148 3698 3360 4153 1694 2090 3318 2950 2755 3644 4587 2724 3084 1569 3448 2474 3959 4587 2056 2473 2284 2380 2758 3758 4457 2466 4890 4399 821 4843 2791 3705 3828 1391 2691 2312 4318 3682 4576 916 5104 2480 4105 4723 4757 3594 4836 3760 4173 1128 3007 4123 3657 3265 3479 2500 4568 4262 3622 4527 3746 3540 4600 4570 3535 4048 3699 3103 3979 3810 2624 1814 2194 1610 3495 4159 4501 4040 4141 0
0 2512 1115 1660 568 2052 2149 2825 2157 2376 804 1853 1809 904 1811 631 2190 1572 1796 1800 2135 811 1886 1872 1690 2903 961 2558 905 2400 2764 377 2094 2348 1594 1984 1477 1611 2164 1605 591 1697 579 1536 2380 983 1738 1737 2735 2285 1494 2120 1912 628 1684 1042 2000 2144 963 1004 2184 1179 1100 2255 590 1712 2376 2129 801 1473 893 1468 2538 1200 2254 1962 1523 2006 2527 1807 2466 922 1185 1754 1764 1593 1846 2678 1606 1948 986 2170 1451 2477 2500 1054 1319 1276 1361 1449 2350 2257 1428 2583 2622 463 2463 1540 1924 2469 788 1439 1110 2630 2046 2415 474 2911 1516 2358 2556 2787 2025 2553 1672 2665 655 1588 2199 2029 1763 1687 1404 2601 2712 1902 2344 1918 2242 2437 2327 1908 2098 2069 1882 2357 2349 1535 1114 1313 1018 2027 2560 2606 2285 2114 0
0 1147 2037 625 2513 2420 2959 2562 2637 921 2170 2073 987 2246 739 2117 1882 2277 2056 2592 1069 1956 2306 1782 3155 1086 2707 1040 2976 2711 409 2285 2749 1751 2385 1731 1803 2895 1939 682 2027 703 1730 2686 1231 2093 1747 2789 3134 1762 2526 1903 693 2029 1103 1919 2332 1046 1114 2526 1470 1186 2912 654 1781 2418 2427 1039 1690 1039 1784 2789 1496 2558 2677 2125 2267 2894 2223 2736 1092 1278 2166 2297 1835 2162 2975 1955 2206 1124 2393 1601 2837 2959 1324 1807 1517 1397 1685 2506 2801 1366 2648 2844 517 2841 1731 2207 2535 866 1744 1363 2658 2306 3011 615 3198 1671 2324 3058 3000 2458 3025 2027 2902 759 1756 2932 2450 2011 2271 1594 2977 3221 1916 2922 2001 2543 2641 2446 2284 2388 2459 2093 2794 2704 1677 1181 1433 1238 2488 2710 3049 2609 2253 0
0 4297 1486 5290 5067 6124 5076 5061 1610 4018 4323 1853 4219 1545 4923 4273 4585 4654 5180 2096 4198 4403 3640 5752 2147 5516 1839 6027 5580 912 5024 5523 3897 4749 3000 3205 6185 3932 1399 3561 1258 2819 5460 2660 4262 3304 5248 5470 3500 5036 4350 1557 4382 2095 4274 5072 1802 2232 5302 2892 2340 5470 1206 3870 5717 5246 2198 3278 2193 3197 6061 2836 5099 5067 3889 4303 5300 4440 5999 1982 2581 4066 4324 4049 4522 6063 3442 4164 2319 4962 3083 5281 5502 2582 3402 3137 3015 3514 5063 5174 3053 5991 5778 1282 5764 3815 5223 4810 1813 3567 3041 5982 5261 5672 1335 6642 3331 5164 6056 5560 5227 5466 4612 4951 1633 3838 5849 4535 3626 3885 3320 5441 6130 4190 5478 5089 5178 5306 4855 4231 5235 5087 4208 4896 5596 3675 2559 2656 2465 4990 5711 6267 4840 5103 0
0 587 2345 2139 2225 2108 2202 697 1651 1754 915 1678 587 2025 1487 2096 1870 2193 810 1657 1690 1418 2602 959 2321 891 2205 2384 316 2122 2072 1379 1913 1346 1606 2621 1605 666 1477 500 1402 1964 1068 1605 1638 2447 2335 1528 2171 1793 676 1644 1047 1761 1865 931 970 2107 1211 1032 2169 533 1519 2317 2197 798 1294 943 1219 2330 1051 2069 2119 1421 1927 2136 1902 2067 839 1109 1708 1728 1480 1899 2377 1693 1732 839 1888 1286 2109 2203 1098 1317 1314 1247 1487 2194 2054 1397 2576 2368 446 2364 1430 2026 2171 732 1275 1293 2207 1976 2406 482 2690 1457 2122 2516 2577 2130 2242 1675 2098 624 1449 2285 1783 1685 1715 1373 2425 2500 1862 2148 1991 2111 2299 2273 2062 1878 2153 1710 2096 2197 1343 1178 1199 946 2078 2726 2483 2251 1924 0
0 3851 3818 3880 3001 3653 1140 2905 2903 1373 3537 1128 3766 2681 3374 2770 4013 1548 2843 3310 2777 4272 1591 3881 1360 3730 3841 558 3418 3924 2740 3521 2313 2424 3838 2756 1115 2603 884 2286 3387 1915 2693 2463 4053 3873 2432 3759 3267 1018 2540 1741 3051 3540 1530 1766 3339 2137 1786 4111 875 2676 3894 3678 1258 2175 1498 2240 3499 2024 4040 3476 2542 3108 4237 3297 3639 1384 1805 2624 2705 2572 3027 4339 2659 3342 1505 3659 2246 3805 3442 1899 2248 2090 2233 2281 3133 3934 2338 4235 4072 825 4114 2458 3406 3443 1248 2340 2161 3823 3380 3843 849 4381 2090 3592 4227 4414 3080 4628 3042 3745 1091 2588 3682 3492 2907 2946 2364 3392 3505 3126 3954 2886 3294 3562 4013 2940 3505 3590 2687 3835 3445 2455 1947 1877 1503 3331 4185 4007 4089 3544 0
0 1194 1316 1227 1363 405 990 1096 413 1089 356 1177 847 1077 973 1205 461 977 952 860 1383 536 1380 436 1406 1307 204 1194 1177 893 1047 807 774 1492 820 323 967 315 858 1080 570 956 951 1421 1315 824 1254 1019 377 963 564 1057 1163 501 585 1146 699 586 1236 305 980 1390 1163 498 714 472 686 1412 677 1355 1321 998 1100 1302 1001 1314 442 581 1042 1043 751 1067 1333 804 1116 461 1029 739 1213 1235 593 811 814 737 769 1185 1144 794 1471 1437 283 1368 829 1233 1332 427 756 728 1300 1096 1291 305 1593 711 1312 1418 1523 1240 1525 1134 1374 377 861 1307 1177 956 1025 795 1207 1336 1071 1268 1030 1264 1373 1214 1091 1101 1306 905 1406 1279 898 687 658 540 1126 1494 1279 1305 1305 0
0 4863 3882 4971 1484 3721 3529 1844 3696 1311 4024 3587 4226 4231 5490 1774 3944 3704 2929 5004 1754 4402 1718 5330 5184 811 4457 5250 2895 4287 2756 3317 5170 3314 1266 3440 1094 2627 4792 2196 3121 3389 5340 5072 3225 4909 4265 1425 3129 1987 4046 4037 1884 2146 4705 2620 2144 5379 1308 3180 5088 4122 1640 2964 1906 2765 4813 2248 5412 4393 3686 4059 4837 4264 5061 1722 2433 4255 4207 3340 4296 4976 3703 4270 1656 4144 2823 5243 4581 2558 3113 2762 2667 3149 4468 4869 2948 5023 4806 1043 5488 2880 4337 4812 1439 3369 2338 4829 4844 4976 1197 5047 2948 4648 5319 5326 4773 5618 4377 4920 1439 3326 4818 4762 3920 3886 2997 5259 5211 3931 4911 3913 3985 5401 4452 4251 4197 4117 3652 4905 4960 3663 2356 2295 2122 3958 5311 4584 4931 4649 0
0 3605 4193 1702 3833 3685 1831 3917 1131 4391 3100 3865 3585 4183 1612 3653 3956 3466 5327 1963 5091 1806 4908 4940 832 3969 4472 3102 3619 2608 3195 5162 3333 1268 3321 1142 2884 4930 2211 2994 2922 4960 4808 3020 4150 3835 1254 3383 2115 3697 4321 1791 2018 4072 2328 2087 4586 1246 2899 4864 4124 1658 2784 1546 2803 4955 2315 4596 4510 3145 3810 5113 3921 5108 1665 2483 3525 3614 3005 3947 5115 3066 3770 1819 4113 2973 4941 4291 1884 3019 2547 3003 3053 4235 4037 2715 5007 4953 1090 5546 2605 4556 4817 1718 2562 2404 4447 4055 5082 1052 4775 2834 4718 4610 4688 4642 4867 3593 4965 1230 3075 4511 4052 3383 3602 2780 5002 4957 3491 4297 4247 3964 5036 5200 3551 4129 4175 3645 4788 4527 3107 2523 2501 2168 3990 5733 4679 4401 4316 0
0 5530 1731 4236 4053 1989 4497 1469 4848 3814 4449 4019 5409 2078 4426 4488 3632 5786 2134 5080 1964 5919 6334 910 4580 5890 3466 4628 3367 3679 5502 3810 1378 3507 1348 3268 5342 2267 4180 3484 5961 6717 3219 5170 4377 1542 3747 2248 4098 4854 2056 2115 4851 2585 2269 5625 1260 3611 5388 5519 1869 3640 2278 3214 5450 2919 5074 5266 3994 4236 5893 4617 5512 2024 2776 4407 4271 3493 4138 6159 3897 4012 1839 4649 3230 5757 5333 2785 2948 2850 3204 3454 5014 5324 2973 5391 5300 1175 5497 3146 4744 5222 1648 3143 3024 6235 5045 5160 1299 5926 3224 4481 5731 5929 4583 5712 4263 5215 1475 3677 5898 4325 3944 3777 3422 5328 6030 4355 5267 4511 4829 5300 5299 4319 5095 5284 4490 5920 5462 3507 2620 3071 2483 4963 5779 5763 5640 5223 0
0 1505 3400 3633 1767 3880 1305 4179 3107 4247 3336 4562 1578 3632 3555 2691 5064 1674 4716 1537 4974 4699 735 3967 4405 2820 3807 2851 2875 4792 3087 1153 3089 1170 2351 3990 2254 3236 3137 4742 4968 3056 4047 3307 1123 3072 1816 3444 4709 1619 1819 4091 2378 2041 5104 1103 2970 4348 4048 1722 2935 1696 2733 4532 2318 4266 3944 3160 3484 4384 3712 4523 1656 2112 3531 3591 2963 3849 4702 3258 3518 1603 3638 2606 3913 3776 2004 2677 2639 2618 3050 4582 4152 2570 4648 5008 977 4818 2654 4227 4613 1328 2635 2287 4480 4212 4690 1060 4969 2632 4878 4708 4799 4276 5032 3726 4607 1153 2906 4524 3911 3204 3805 2478 4500 4219 3746 4436 3844 3625 4392 4603 3910 3832 4073 3452 4616 4856 2808 2217 2443 1717 3601 5359 4972 4176 4211 0
0 4081 3454 1728 3431 1421 4215 3080 4528 4042 5059 1669 3765 3735 3003 5501 2001 4430 1793 4666 5584 755 4329 4296 3405 4317 2924 3299 4763 3364 1350 3636 1190 2914 4591 2097 3465 3003 5557 5589 2924 4321 4138 1412 3448 1868 3406 4300 1674 2161 4023 2638 2168 5073 1169 3874 4719 5137 1892 3096 1771 2977 4741 2446 5107 4174 3313 3597 5244 4384 4985 1935 2439 3736 3561 3034 3539 5076 3617 3566 2050 4271 2728 4718 4557 2427 2515 3008 2508 2868 4570 4607 3059 4811 5177 1046 5335 2941 4258 5031 1708 2798 2196 5297 4058 5499 1087 4816 2875 4778 5256 4723 4696 5084 3931 5182 1337 3443 4973 4379 3682 3801 2982 5108 5690 3464 4959 3939 4338 5627 5005 4188 3930 3986 3635 5066 5032 3029 2102 2761 2055 3947 5133 5432 5120 4136 0
0 1347 622 1251 469 1530 1127 1490 1167 1471 585 1161 1259 1078 1770 638 1472 563 1603 1610 277 1544 1643 1012 1406 877 1206 1740 1144 386 1090 417 996 1561 796 1270 1213 1666 1746 970 1539 1208 407 1224 664 1264 1604 637 660 1531 902 707 1782 436 1261 1745 1498 635 1045 636 1039 1752 876 1593 1666 1253 1332 1499 1283 1876 572 876 1318 1323 1051 1355 1748 1292 1373 608 1430 867 1661 1628 737 950 872 975 955 1576 1498 960 1841 1556 344 1646 987 1497 1371 511 966 952 1847 1606 1845 382 1845 919 1682 1615 1752 1609 1860 1358 1619 431 1130 1643 1400 1197 1350 1010 1694 1832 1216 1581 1289 1398 1705 1582 1329 1472 1577 1281 1651 1565 1091 739 863 707 1584 1758 1740 1557 1661 0
0 1358 2985 908 3486 2927 3315 3067 3352 1287 2612 3152 2570 3982 1567 3755 1520 3833 4300 612 3419 3358 2458 3169 2247 2545 3974 2470 995 2562 867 2301 3472 1588 2747 2692 4292 4354 2147 3509 2780 1105 2636 1527 3008 3424 1542 1702 3372 1994 1745 4098 972 2664 3778 3602 1341 2132 1489 2392 3760 1999 3514 3648 2496 3130 3699 3093 3749 1380 1973 3175 2981 2458 2939 3967 2854 3274 1396 3263 2287 3831 3484 1877 2254 2057 2048 2422 3077 3914 2285 4174 4318 696 3821 2123 3242 3533 1305 2335 2182 4068 3008 3967 900 4559 2254 3792 3741 4434 3265 3831 2912 4154 1028 2978 3811 3254 2936 3108 2206 3566 3466 3009 4168 2941 3225 4203 3357 2958 3657 3444 2663 4413 3925 2337 1885 2148 1743 3684 4285 4249 3828 3355 0
0 3521 1137 3365 2466 3388 3071 3750 1480 2809 3056 2488 4437 1498 3607 1446 4144 4518 592 3349 3727 2465 2922 2334 2651 3948 2545 956 2971 902 2385 3908 1837 2617 2687 3769 4878 2380 3725 2820 1055 2715 1628 3195 3809 1443 1577 3822 2086 1671 3960 1009 2729 4377 3716 1447 2423 1554 2508 4178 2267 4395 3652 2429 3172 3701 2967 3691 1348 1771 2902 3100 2579 3472 4719 2489 3201 1565 3217 2095 3503 3651 1600 2375 2436 2278 2536 3678 3635 2123 3942 4105 811 4152 2510 3456 4130 1379 2483 2031 3866 3553 4072 865 4719 2660 3719 3715 4322 3625 4008 3325 3974 1135 2676 3899 3611 2975 2748 1997 4180 4710 3011 3914 3384 3572 3770 3923 3242 3652 3399 3111 3623 3676 2631 1846 2233 1548 3218 3844 4477 3845 3936 0
0 533 1505 1401 1500 1581 1757 675 1585 1354 1105 1938 714 1701 732 1894 1974 319 1653 1832 1129 1570 1018 1089 2000 1363 494 1286 469 1024 1721 812 1218 1213 2215 2150 1250 1940 1294 529 1414 750 1406 1646 675 704 1706 902 889 2006 455 1394 1735 1740 622 1164 771 1190 1929 856 2052 1723 1173 1351 1761 1547 1879 637 856 1342 1543 1232 1685 2018 1318 1551 711 1635 1033 1654 1930 864 1097 1082 958 1123 1499 1735 1035 2204 2115 397 1868 1125 1578 1797 612 1156 1001 1916 1595 1825 449 2125 1099 1632 1771 2228 1774 2156 1507 1985 509 1315 2019 1763 1333 1435 1093 2020 1785 1356 1750 1509 1406 1961 1632 1621 1417 1829 1453 1927 1715 1373 889 1015 777 1688 2012 2044 2022 1795 0
0 3661 2662 3651 3488 3924 1474 3302 3658 2905 4582 1645 4101 1376 4588 4608 618 3620 4206 2864 3326 2447 2891 4274 2756 1202 3226 1042 2383 3577 1865 2661 2855 4914 4165 2852 3663 3393 1104 3178 1623 2808 3393 1350 1627 3738 1966 1886 3889 1003 3091 4156 4053 1425 2221 1758 2328 4746 2144 4141 3536 3310 3504 4048 3278 4147 1541 1954 3085 3723 2570 3611 4381 2874 3333 1539 3460 2182 4240 4197 1806 2419 2195 2331 2692 3381 4210 2609 4807 4595 913 4091 2538 3654 3556 1358 2589 2101 4444 3901 4348 1043 5291 2724 3956 4285 3985 3425 4075 3359 4097 1099 2784 4524 3477 3188 3100 2536 4121 4277 3146 4036 3436 3543 4325 4287 3884 3337 3999 2956 4427 3869 2790 1895 2078 1752 3591 4489 3715 4209 4022 0
0 926 1168 965 1352 468 1035 1079 903 1302 565 1225 538 1376 1711 222 1038 1220 919 1062 829 840 1369 1023 374 1088 315 734 1296 648 1035 878 1540 1626 818 1328 1117 387 915 600 969 1344 542 611 1256 712 558 1278 332 870 1385 1210 492 786 466 836 1457 657 1455 1227 883 1128 1296 1141 1452 448 650 1126 1002 908 1029 1507 892 976 492 1300 755 1340 1344 585 777 731 653 917 1224 1255 848 1452 1320 265 1372 827 1206 1182 500 867 626 1332 1218 1431 329 1451 813 1411 1357 1453 1230 1481 1052 1355 364 1000 1511 1115 1068 972 789 1382 1531 1139 1462 1121 1202 1365 1439 1218 1246 1283 979 1323 1434 999 667 683 577 1027 1454 1478 1166 1313 0
0 4180 3634 4448 1521 3370 3548 2724 4492 1684 4277 1718 4715 5461 738 4162 4653 3088 3862 2648 3104 4779 3064 1199 3298 1116 2760 4062 1896 3131 3119 4541 5168 2786 3905 3848 1282 3007 1898 3136 3856 1477 1972 4505 2459 2006 4725 1176 2901 4536 4001 1677 2458 1853 3084 5073 2621 4682 4436 2871 3481 4713 3534 4812 1590 2169 3394 3659 2859 3896 4641 2978 3794 1765 3691 2531 4578 4650 1996 2529 2580 2223 2647 4568 4076 2805 4765 4410 860 4977 2893 4274 4507 1438 2839 2359 5009 3655 4867 1070 5450 2604 4116 4691 4800 3918 5520 3906 4513 1138 2969 4950 4051 3313 3565 2795 4233 5079 3102 4603 3698 4401 4493 4597 3686 3653 4278 3370 5097 4374 3336 2361 2187 1754 4061 4684 4439 4429 4281 0
0 2651 3309 1101 2332 2706 2178 3971 1400 3277 1251 3317 4055 518 3103 3832 2282 2745 1906 2349 3811 2526 785 2514 715 1858 3523 1635 2298 2561 3709 4019 2170 3654 2898 989 2483 1493 2948 3423 1262 1316 3095 1893 1482 3380 811 2596 3087 3515 1303 2102 1506 2100 3527 2054 3310 3162 2398 2622 3483 2759 4113 1149 1649 2420 2990 2315 3102 3973 2432 2805 1344 3384 2017 3047 3591 1515 2324 1798 1983 2067 3153 3000 1944 3990 3520 726 3300 2205 2934 3354 1138 2085 1962 3803 2978 3717 786 4095 2045 3195 3359 3825 3207 3611 2841 3117 944 2260 3544 3285 2659 2876 1986 3219 3339 2782 3655 2910 3377 3794 3392 2614 3150 3250 2862 3479 3092 2252 1713 2008 1643 2971 3960 3572 3782 3098 0
0 4006 1611 3628 3257 3133 4289 1556 4192 1544 4138 4432 772 3589 4475 2498 3770 2536 2641 5184 3436 1081 3074 1036 2475 4083 1907 3020 3374 4423 5232 2394 3728 3773 1284 3041 1817 3423 3653 1625 1940 4341 2600 1818 3951 1055 3074 4768 4273 1515 2369 1565 2891 4503 2267 4499 4643 3190 3681 4064 3639 4225 1508 2379 3345 3402 2875 3428 4234 3009 3391 1726 3921 2518 4465 4557 2183 2589 2623 2497 2771 4414 4158 2737 5465 4596 860 4280 2864 3699 3983 1407 2944 2282 4636 3854 5078 1120 4373 2694 4399 4716 4778 4183 4803 3730 4115 1219 2853 4817 3747 3391 3658 2485 4358 5002 3268 4743 3411 3638 4340 4651 3952 3688 3815 3348 4959 4001 2835 1968 2274 1911 4169 4807 4756 4333 3849 0
0 1591 3104 3297 2733 4169 1636 3836 1374 4693 4804 627 4035 4129 2521 3273 2494 2436 4468 2798 925 2977 969 2620 3940 1822 3000 2709 4072 4368 2652 3286 3184 1006 3008 1688 3457 3486 1497 1816 3433 2218 1582 4274 960 2813 4301 3253 1617 2481 1519 2200 4578 2351 4449 3683 2770 3256 4227 3168 4548 1424 1882 3067 3334 2459 3136 4449 2816 3424 1467 3837 2103 3583 3640 1781 2409 2115 2331 2369 3810 3902 2393 4424 4576 825 4697 2336 3555 3664 1253 2482 2280 4478 3679 4264 899 3917 2248 3956 4158 4284 3528 4437 3043 3863 1141 2658 4245 3916 2846 3310 2535 3906 4173 3016 4059 3365 3584 3972 4115 3816 3692 4015 3121 4022 3725 2642 1961 2261 1597 3367 4396 4002 4406 3898 0
0 4214 4182 3530 5356 1973 4969 1921 5210 5176 856 4452 4984 3433 3784 2912 3144 5164 3297 1242 3833 1255 2904 4513 2321 3949 3152 5246 5160 3155 4351 4073 1590 3857 1891 3782 4877 1782 1953 4330 2506 2153 4780 1298 3814 4735 4980 1912 3127 2049 3151 4785 2490 5312 5164 3752 4224 5079 4219 5081 1767 2574 4239 4370 3141 3912 5008 3398 3955 1901 4676 2764 4932 5393 2312 2954 2847 2701 2923 4931 4976 3043 5742 5201 1084 5161 3027 4299 5206 1628 3036 2527 5799 4150 4785 1124 6090 3295 4687 5282 5326 4411 5071 4406 5338 1281 3465 4835 4597 3912 3993 2851 5324 5384 3843 5085 4222 4638 5361 5208 4852 4333 4265 3526 5227 4564 3486 2202 2875 1876 4386 5530 4707 5369 4795 0
0 1263 1260 2186 671 1647 599 1787 2013 297 1597 1788 1270 1541 968 1112 2074 1143 414 1447 444 1000 1648 859 1262 1201 1872 2048 1157 1653 1465 537 1309 713 1480 1666 618 705 1726 1008 834 1752 495 1341 1871 1698 668 1153 633 1031 1976 1017 1882 1808 1349 1286 1806 1428 1834 726 836 1418 1680 1169 1567 2136 1189 1560 730 1710 932 1779 1729 859 1112 1083 1017 1012 1494 1673 1188 1921 1983 334 1909 1139 1478 1753 554 1239 1036 1950 1665 1677 413 2167 1028 1705 1765 2147 1578 1893 1467 1898 488 1259 1808 1651 1467 1317 1102 1718 1985 1312 1683 1545 1655 1877 1863 1531 1615 1547 1262 1794 1863 1162 849 964 760 1593 2014 1905 1624 1732 0
0 2457 4610 1475 4329 1344 4127 3977 606 3668 3903 2285 3255 2155 2574 4192 2830 941 2647 925 2261 3613 1732 2733 2755 4081 4473 2484 3426 2752 1123 2776 1781 3258 3491 1498 1778 3834 1960 1697 4161 984 2863 4124 3699 1400 2137 1537 2183 4021 2296 3777 3760 2455 2790 3776 3505 3657 1392 1944 3044 3119 2486 2910 4419 2596 3262 1457 3480 2300 3640 3795 1663 2435 2085 2229 2298 3811 4062 2475 4501 3965 775 3797 2306 3487 4079 1334 2523 1977 3840 3251 4000 922 4102 2197 3457 3999 4297 3170 4539 3105 3931 1050 2908 3973 3066 2583 3040 2060 3886 3972 2910 4150 3299 3548 3928 3906 3473 3398 3407 3131 3786 3483 2718 1766 1974 1708 3122 4435 4162 3715 3407 0
0 4489 1696 3804 1393 3864 5045 610 3829 3999 2758 3673 2375 2538 4311 2920 1010 3035 889 2252 3578 1768 2977 2721 4267 4380 2390 3544 3419 1128 2810 1926 2964 3873 1468 1798 3343 1891 1746 4458 1054 2462 4276 3665 1435 2479 1413 2608 3763 1995 3518 3750 2814 2935 3542 3442 4285 1467 2090 3517 3282 2529 3306 4230 2672 3708 1550 3581 2538 3975 3982 1677 2417 2308 2163 2322 3676 4209 2322 4326 3865 921 4708 2194 3380 3763 1169 2497 1945 3954 3284 4496 870 5070 2401 3726 3805 4319 3469 4252 3210 3768 1020 2482 3883 3665 3023 3184 2256 3791 3947 3067 4058 3285 3413 4102 3928 3632 3658 3722 3066 3983 3863 2424 1703 2192 1851 3310 4179 3660 3532 3850 0
0 1392 3313 1294 3335 3941 503 2975 3110 2395 2775 2011 2353 3427 2303 867 2377 835 2179 3593 1583 2502 2431 3383 3757 2197 3050 2556 854 2523 1351 2808 3401 1181 1400 3101 1647 1517 3525 846 2694 3186 2882 1340 2139 1163 2251 3459 1655 3397 3506 2372 2748 3683 2742 3481 1177 1767 2726 2539 2257 2597 3490 2306 2583 1399 3230 1917 3637 3355 1483 2027 1825 1850 2279 3160 3139 1851 4089 3501 728 3647 2047 2983 3457 1093 2073 1587 3540 2601 3939 722 3669 2318 3081 3134 3595 3319 3874 2764 3022 943 2476 3827 2886 2500 2616 1891 3151 3605 2716 3399 2503 3244 3218 3326 2896 2734 3552 2233 3737 3034 2132 1737 1706 1376 2991 3990 3549 3579 3032 0
0 5641 2105 5713 5592 782 4533 4942 3716 5205 3153 4008 6488 3586 1440 3727 1193 3409 5280 2395 3668 3308 5895 6201 3454 5003 4612 1607 3930 2315 4593 5418 2027 2233 4766 2924 2362 5979 1374 3757 5233 4933 1871 3330 2051 3240 5475 3250 6122 5108 3858 4270 5367 4378 5852 2011 2943 3888 4834 3972 4847 5959 3694 4509 2257 4836 3105 5903 5197 2794 2803 3301 2786 3287 4935 5714 3679 6620 5746 1208 6067 3300 5102 5365 1972 3724 2614 5493 4234 5968 1404 6220 3346 5378 5775 6626 4440 6154 3889 5700 1417 3909 5786 4794 3825 4436 3079 5346 6322 4379 6054 4193 4902 6011 5206 4647 5221 5203 4368 5174 5284 3607 2474 2707 2376 4322 6113 5541 5385 5523 0
0 772 2071 2403 344 1960 1839 1248 1651 1267 1533 2108 1375 492 1377 483 1326 2003 963 1548 1418 2158 1930 1283 1915 1809 634 1447 830 1743 2082 700 835 2056 1085 922 2104 435 1399 2038 2041 779 1239 783 1299 1981 1076 1974 1831 1499 1487 2028 1648 2185 759 1028 1537 1598 1231 1732 2072 1290 1579 746 1590 1092 1972 1914 951 1298 1098 1148 1423 2084 1700 1091 2037 2226 433 2204 1105 1884 2073 707 1223 1001 2066 1597 2276 485 2523 1092 2047 2361 2241 2052 2088 1736 2001 535 1507 1922 1734 1466 1616 1293 1968 2338 1516 2188 1775 1836 2053 2040 1763 1614 1858 1596 1844 2165 1469 916 1079 813 1895 2215 2173 2039 1996 0
0 5452 5097 834 4421 5023 3094 4277 3351 3159 5890 3681 1322 3918 1189 3189 4644 2150 3724 3266 4810 5298 3141 5013 3945 1331 3670 1903 3864 5206 1824 2362 4615 2840 1931 4595 1196 3569 5166 4614 1797 3193 2118 3085 4703 2606 5119 4359 3296 4237 4995 4527 5085 1881 2674 4331 4049 3488 4433 5177 3941 3923 1789 4500 2938 5049 5080 2283 2763 2664 2894 3259 4449 4636 3015 5134 5487 1060 5088 2994 4773 4602 1743 3388 2296 5477 4364 5539 1082 5891 3415 4770 5941 5236 4570 5069 4492 4690 1375 3238 4417 4492 3294 3538 3269 5565 5445 3976 5338 3758 4386 4720 4942 3721 4885 4609 3405 5244 5034 3604 2370 2809 2283 4485 5349 5369 4564 5011 0
0 2133 324 1655 1851 1046 1572 983 1160 1955 1376 435 1376 381 1072 1694 784 1355 1166 1957 2072 1137 1776 1434 539 1257 838 1266 1731 653 766 1617 948 779 1829 474 1311 1646 1657 646 1061 730 1141 1889 958 1928 1494 1313 1602 1794 1313 1914 590 945 1374 1521 1101 1539 1930 1208 1460 773 1761 979 1780 1792 792 955 987 952 1171 1652 1602 946 1952 1833 361 1821 978 1639 1819 592 1056 926 1949 1593 1998 442 2065 1054 1587 1672 1811 1646 1961 1479 2015 451 1183 1825 1664 1461 1352 1003 1883 1965 1331 1782 1530 1435 2054 1790 1613 1384 1861 1520 1791 1683 1167 894 996 675 1529 2079 1848 1728 1911 0
0 925 4357 5178 3192 4477 3454 3384 4959 3221 1221 3759 1359 2737 4673 2268 3594 3435 5117 5653 2922 5253 4048 1551 3966 2110 3692 4827 1982 2195 4938 2485 2138 5739 1195 3506 5527 4614 1781 2900 2116 3447 5825 2640 5022 5393 3189 4049 5952 4260 5335 1823 2553 4023 3959 3609 4335 5979 3545 4591 1943 5034 2993 5020 4817 2562 3160 2775 3064 2994 4386 4938 3055 6298 5493 1113 5928 3080 4192 4891 1695 3002 2907 5494 4374 4954 1306 5094 3008 4715 5295 6360 4423 6339 4208 5888 1479 3934 5205 4645 3924 4256 3049 5215 5049 4184 5607 4441 4150 5170 5110 4421 4335 4935 3776 5480 4817 3252 2518 2644 2407 4271 5385 5179 5623 4917 0
0 5171 5728 3899 4840 3285 3628 6075 3702 1498 4315 1394 3048 5563 2505 3858 3509 6509 7197 3226 4692 4101 1762 4063 2443 4495 5637 2251 2281 5129 3321 2490 5481 1455 4221 6294 5417 2053 3348 2327 3436 5753 2748 5559 5119 4127 4326 5650 4527 6667 2133 3188 4952 4722 3452 4768 5768 4107 4149 2277 5632 3206 5650 5725 2778 3233 3024 3404 3542 5434 5539 3501 6168 5650 1131 5531 3489 5444 4889 1694 3864 3298 6331 4751 5300 1312 6425 3197 5153 5303 5565 5050 5903 4534 5952 1668 4357 5595 4801 4466 4368 3488 5518 5870 4698 5646 4556 5417 5620 5671 5330 4700 5193 4019 5839 5792 3595 2732 2632 2250 5341 6315 5764 5559 5855 0
0 803 563 782 479 461 861 541 206 574 185 541 710 414 564 593 909 901 510 783 626 223 574 376 576 761 290 329 660 399 351 875 208 603 894 814 269 489 282 466 904 426 824 714 512 626 784 677 945 274 409 671 639 560 692 826 520 598 290 700 492 802 728 369 490 446 460 487 719 765 506 860 906 187 850 504 737 749 274 478 382 798 705 811 190 926 489 813 901 921 712 820 638 912 244 536 799 712 582 661 522 801 858 612 801 612 791 895 795 740 714 700 578 835 805 617 409 446 368 688 926 915 841 758 0
0 2640 4033 2948 2846 4523 3432 1171 3205 1034 2819 4741 2030 3149 2933 4777 4990 2675 4577 3474 1250 3550 2135 3170 4341 1602 1805 4289 2188 2103 4084 1016 2869 4690 4737 1474 2797 1744 3059 4988 2387 4837 4302 3191 3589 4514 3590 4835 1686 2167 3687 3328 2934 3245 4264 3112 3784 1860 3967 2587 4073 4633 1808 2865 2837 2410 2996 3985 4449 2549 4534 4892 868 5373 2759 3774 4669 1646 2632 2065 4710 3468 5008 1105 4972 2723 4043 4929 4649 4284 5057 3437 4364 1308 2873 3885 3817 3621 3330 2380 4163 4200 3237 4691 4008 3737 4586 4575 3924 4169 4077 3397 4840 4729 2930 2180 2157 2008 3798 4737 4957 4406 3780 0
0 3829 2856 3528 4786 3348 1382 4044 1236 3308 4964 2310 3356 3416 5011 5652 3035 4247 4137 1287 3537 2252 4074 5129 1636 2088 4032 2821 2210 5749 1179 3630 5363 4618 1890 3096 1906 3221 4874 2340 5545 4672 3654 3644 4920 4331 4853 1882 2489 3704 4323 3425 4056 5130 3833 4179 2012 4726 2988 5350 4575 2328 2719 2799 2659 2985 4537 4638 3231 6125 5026 1050 5259 2849 4490 4815 1921 2857 2896 4924 4359 5386 1324 5656 2965 4733 5054 5451 4697 5968 3997 5322 1407 3636 5187 4585 3582 3915 3000 4953 5228 4283 5733 4176 4168 5347 5394 4048 4310 4556 4109 4728 5133 3305 2334 2851 1983 4714 5736 5581 4396 5270 0
0 1814 2029 3584 2423 836 2356 754 1757 3057 1678 2453 2378 3781 3699 1899 2632 2487 899 2362 1391 2435 3153 1178 1384 3109 1770 1529 3631 775 2288 3434 3001 1125 2019 1244 2218 3276 1611 3132 3069 2266 2475 3623 2522 3453 1328 1542 2226 2665 2072 2668 3890 2503 2508 1303 3047 1708 3548 3183 1578 1947 1875 1816 2124 2915 3088 1890 3987 3430 694 3848 2019 3198 3248 1175 2127 1934 3599 2577 3486 714 3527 2090 2931 3555 3578 3296 3771 2801 3418 834 2301 2993 2676 2341 2817 2057 3280 3410 2435 3411 2693 2948 3168 3299 3000 3009 3045 2580 3602 2964 2278 1572 1628 1329 2981 3767 3588 3095 3391 0
0 3130 4822 2681 1081 3169 1089 2405 3765 1914 3302 2718 4545 4688 2419 4090 3537 1163 2943 2089 3229 4396 1766 1738 4260 2251 1780 4255 943 3327 4078 4018 1472 2451 1573 2314 4164 2296 4301 3990 3315 3176 4880 3552 4629 1607 2358 2934 3566 2714 3210 4629 3234 3181 1621 3890 2267 4287 4207 2030 2569 2117 2365 2790 3901 4438 2577 4857 4311 1012 4809 2933 3940 4315 1400 2452 2113 4241 3870 4469 922 4526 2754 4378 4547 5044 3623 4439 3750 3941 1207 3292 4575 3728 2900 3302 2754 4679 5003 3391 4760 3597 4286 4414 4432 3554 3799 4346 3177 4854 4116 2727 2259 2212 1912 3427 4835 4078 4260 4140 0
0 3216 1915 726 2018 720 1784 2841 1415 2095 2071 3008 3006 1775 2520 2357 940 2163 1274 2301 2803 1077 1354 2674 1453 1229 3172 794 2261 2857 2602 1115 1645 1185 1980 3417 1453 3178 3111 2038 2342 3189 2647 3073 1124 1551 2302 2558 1943 2284 3010 2177 2464 1030 2566 1853 3202 2904 1471 1865 1830 1501 1794 2562 2669 1769 3105 3406 711 3246 2045 2827 3069 999 2014 1600 3228 2518 3153 648 3230 1717 3099 2745 3252 2919 3226 2084 2900 763 1947 3092 2616 2214 2224 1784 3094 3197 2430 2756 2606 2589 3416 3298 2521 2483 2754 2243 2825 3199 1940 1436 1654 1230 2534 3093 2980 2822 2708 0
0 2576 837 2182 820 2128 2798 1553 2303 2194 3855 3714 2188 2787 2782 1046 2219 1588 2595 2920 1183 1442 3268 1974 1424 3390 752 2364 3737 3492 1169 2130 1290 1752 3516 1745 3628 3106 2566 2689 3053 2633 3517 1124 1660 2682 2651 2206 3019 3458 2122 2790 1321 2699 1680 3297 3279 1471 2020 1734 1810 2166 3097 3205 2064 3628 3320 725 3751 1934 3045 2908 1125 2346 1663 3871 2753 3516 766 3904 2113 3389 3519 3686 2904 3843 2625 3508 955 2230 3446 2846 2267 2391 1925 2999 3994 2468 3131 2921 3136 3280 3361 2728 2590 3026 2415 3299 3232 2259 1528 1582 1276 2886 3558 3778 2989 3037 0
0 1343 3438 1306 3224 5649 2379 3651 3964 6370 6546 3818 5238 4586 1524 3703 2445 4392 4585 1937 2339 4722 2903 2482 5690 1339 3886 4973 5048 2045 3305 2075 3348 5262 2534 5530 4974 3384 4263 5155 4606 6292 1875 2622 4240 3891 3507 4714 5692 4082 4435 2053 4616 3176 5297 4829 2169 3257 2777 3156 3029 4629 5476 3316 6348 5463 1139 6079 3177 4439 5090 1911 3562 2885 6188 5132 5519 1300 6204 3341 5637 5476 5508 5375 5544 3777 5537 1356 3666 5987 4392 3782 4473 3396 5743 5726 3999 4877 4060 4317 5877 5368 4407 4409 5228 3974 5388 5330 3407 2686 2915 2487 4633 6368 5447 4877 5267 0
0 2310 820 2345 3611 1564 2644 2522 4257 3969 2322 3111 3030 1112 2820 1501 2578 3544 1249 1532 3380 2006 1345 3276 818 2244 3815 3647 1165 1991 1379 2149 3405 1747 3927 3223 2402 2922 3569 2982 3648 1217 1967 2606 2914 2345 2976 4060 2274 2894 1358 3162 2075 3934 3125 1659 1954 1965 1960 2261 3052 3127 1852 3879 3898 687 3780 2335 3397 3401 1210 2076 1786 3543 2979 3520 802 4227 2035 3539 4052 4204 3377 4285 2881 3406 894 2199 3512 3474 2505 2622 2129 3893 3724 2713 3579 3131 3082 3763 3460 3046 2952 3136 2621 3469 3574 2457 1768 1618 1578 3372 3605 3440 3222 3324 0
0 313 698 1207 604 887 825 1401 1535 949 1354 1039 338 984 605 998 1266 507 498 1100 721 648 1221 321 921 1411 1103 447 809 481 790 1373 626 1406 1249 967 1009 1335 1167 1341 462 591 1030 1083 938 1090 1456 930 1074 546 1174 834 1363 1198 585 807 718 828 867 1154 1239 839 1269 1519 269 1377 833 1172 1411 429 781 700 1524 1117 1463 290 1321 712 1264 1407 1405 1255 1485 1002 1298 361 979 1343 1160 979 963 721 1244 1357 987 1399 1077 1111 1392 1441 1031 1040 1303 1131 1258 1286 793 656 683 551 1273 1313 1289 1384 1113 0
0 2210 3531 1604 2475 2763 4282 4346 2290 3517 3088 1031 2668 1494 3056 3568 1299 1489 3765 2107 1724 3775 814 2548 3741 3371 1213 2273 1473 1992 3337 1938 3317 3410 2637 2906 3644 2870 3808 1332 1561 3142 2705 2221 2848 3730 2293 2762 1464 3254 2036 3234 3996 1756 2378 2118 2018 2410 3472 3280 1928 4205 3575 694 3600 2299 3229 3367 1277 2301 1718 3753 2977 3805 836 3859 2164 3259 3526 4637 3337 3842 3289 3984 1004 2412 3364 3106 2978 2830 1881 3641 4346 2889 3355 3173 3141 3431 4183 3160 3078 3224 2711 3630 3700 2718 1778 1773 1643 3443 3817 3801 3433 3550 0
0 1209 555 854 860 1181 1285 716 1071 954 336 795 508 949 1148 422 484 1148 679 592 1210 310 895 1235 1101 449 686 464 727 1333 609 1240 1068 815 918 1182 1024 1211 432 642 965 873 849 918 1281 870 1004 462 1035 677 1043 1262 541 639 690 627 667 1084 1226 723 1305 1267 271 1231 658 982 1133 370 717 668 1230 952 1303 262 1295 684 1193 1289 1222 1153 1310 885 1154 333 797 1191 1118 939 861 628 1296 1324 952 1370 1071 1034 1180 1120 926 1048 1074 827 1335 1182 819 569 680 497 1019 1229 1333 1117 1212 0
0 1355 2230 1842 3381 3016 1633 3081 2237 839 2343 1326 2075 2997 1005 1241 2716 1645 1326 3000 798 1974 3385 3033 986 1773 1261 1947 2771 1481 2824 2449 1921 2155 3100 2329 3378 1000 1707 2301 2481 1903 2369 2945 2129 2473 1117 2466 1579 2882 2830 1283 1664 1616 1711 1933 2807 2721 1949 3033 2959 628 3426 1835 2580 2883 1057 1882 1666 2843 2964 3406 716 3496 1811 2789 3174 3114 2800 3441 2355 3100 845 1850 2739 2653 2373 2344 1828 3415 3422 2494 2909 2490 2516 2975 3034 2730 2388 2601 2492 2724 2852 1894 1471 1467 1198 2497 3372 3240 3104 2895 0
0 3097 3113 5460 5046 2960 4018 3907 1414 3650 2197 3986 4197 1746 2016 4136 2602 2038 4317 1144 3347 4277 4958 1682 2935 1778 2611 5029 2462 4737 3985 3183 3632 4978 3905 4719 1723 2515 3740 3845 3182 3794 5143 3148 4129 1782 4392 2675 5116 4685 2350 2638 2541 2801 2789 4435 4574 3012 5835 4782 1029 5291 3036 4501 4951 1503 2801 2424 5327 4402 4768 1054 5041 2967 4563 4938 5134 4368 4577 3575 5100 1243 3498 4802 4007 3289 3637 2652 4922 5103 3841 4862 3833 4690 4485 4291 3702 3955 4981 3448 5329 4682 3202 2439 2540 1960 4475 5368 5069 4942 4662 0
0 1714 2558 2266 1441 2217 2018 616 1881 964 1925 2285 853 924 2205 1280 1017 2449 612 1620 2688 2054 896 1455 888 1435 2183 1180 2401 2125 1729 1979 2362 1996 2457 855 1080 1772 1711 1578 1626 2374 1747 1953 854 2034 1161 2295 2413 1123 1256 1446 1411 1567 2222 2173 1409 2429 2312 490 2478 1498 1965 2274 733 1406 1178 2769 2150 2467 584 2562 1375 2159 2207 2513 2147 2634 1977 2375 568 1503 2485 2196 1716 1545 1564 2305 2182 2003 2394 1913 2031 2287 2037 2005 2193 1962 1661 2209 2166 1579 1049 1146 1059 2107 2477 2381 2326 2083 0
0 3859 3694 2297 3094 2939 1053 2776 1494 2690 3011 1447 1367 3170 1775 1522 3664 974 2734 3656 3443 1461 2059 1372 2269 3475 1737 3884 3492 2467 3103 3984 2937 3516 1305 1900 2545 2612 2242 2883 4072 2482 2916 1349 2987 2015 3494 3499 1636 2076 1866 2035 2223 3135 3602 2099 4036 3636 754 3785 2403 3083 3321 1191 2191 1962 3356 3150 3792 750 4169 2265 3565 3555 3807 3362 3885 2912 3433 869 2480 3719 2993 2798 2792 2212 3393 3968 3067 3638 3124 3532 3810 3386 3087 2890 3205 2638 3845 3733 2479 1885 1795 1466 3057 4353 3948 3640 3364 0
0 3607 1878 3399 2579 935 2608 1412 2672 3445 1267 1263 3068 1959 1347 3164 756 2499 3592 3036 1157 2259 1370 1939 3111 1833 3207 3533 2508 2803 3272 2906 3548 1261 1534 2721 2635 2324 2875 3623 2294 2579 1328 3384 1771 3513 3001 1534 2014 1863 2021 2226 2791 2955 2095 3726 3562 727 3769 2279 3004 3031 1168 2293 1975 3705 3128 4010 780 3790 2297 3314 3562 4208 3296 3559 2705 3683 1002 2607 3648 3189 2567 2960 1880 3770 3657 2341 3568 2782 3134 3971 3602 2933 3111 3224 2592 3112 3179 2245 1675 1746 1541 3384 3751 3714 3405 3323 0
0 3315 4916 4666 1577 4480 2638 4364 5423 2209 2356 5300 2722 2632 5588 1528 4207 5677 5349 2178 3244 2107 3332 6028 2955 5496 5250 3477 4091 5863 4122 5585 1854 2467 3937 4113 3982 4609 6305 4127 4531 2166 5107 2800 5399 5133 2210 3222 3247 3063 3102 4688 5273 3082 5885 5651 1097 6104 3267 4932 4978 1757 3241 3279 5733 4733 5087 1250 6171 3026 5282 5766 6189 5160 5434 4289 5155 1546 3783 5472 4726 4108 4292 3304 5645 5794 4301 5306 4961 4937 5621 5071 4746 5307 5082 4287 5693 5311 3881 2756 2879 2179 4997 6960 5845 5977 5757 0
0 5716 4448 1438 3791 2458 4526 5139 2123 2301 5587 3035 2219 5418 1493 3971 5729 4895 2116 3427 2250 3092 6094 3162 5482 5785 3712 4946 5186 4419 5488 1819 2894 4217 4441 3689 4853 6448 3554 4187 1914 5089 3048 5647 5408 2912 3458 3038 3114 3740 5603 5608 3230 6056 5626 1196 6298 3596 4825 5044 1660 3341 2843 6485 4995 6172 1192 7106 3141 5218 5588 6266 5136 5989 4685 5697 1453 4070 5700 4549 4463 4521 3040 5876 5884 4200 5823 4657 5380 5238 5079 4771 4445 4663 4284 5465 4772 3808 2575 2879 2283 5204 5772 5481 5265 4987 0
0 2496 995 2220 1323 2387 2799 1160 1398 3019 1626 1325 3177 721 2087 3550 3218 1209 2108 1224 1916 3157 1670 2813 2901 2240 2594 2861 2556 3730 1253 1713 2409 2317 2143 2681 3379 2213 2468 1240 2479 1722 3128 3243 1604 1943 1621 1545 1872 2854 2722 1956 3425 3427 737 3220 1915 2724 3163 1067 1768 1709 3626 2855 3381 739 3412 1706 3008 3044 3567 2850 3208 2464 3552 879 2377 3291 2619 2337 2459 1981 3125 3647 2562 3057 2731 2535 3352 3315 2830 3113 3037 2176 3320 2921 2357 1376 1464 1495 2666 3833 3403 2959 3108 0
0 1247 3121 1804 3830 4283 1697 1909 4570 2732 1997 4254 1052 3658 4376 4639 1614 2998 1924 2941 4848 2531 4390 4481 3356 4067 5274 3440 4803 1783 2162 3364 3700 3159 3836 4895 2930 4040 1983 4061 2604 4843 4595 2343 2882 2866 2969 3009 4317 4903 2773 5328 4978 1060 5003 2870 3837 4652 1709 2812 2180 4523 4006 5318 1138 4993 2833 4656 5083 5491 4341 4400 3625 5333 1403 3297 4778 4169 3376 3861 2641 4707 4635 3398 4697 3901 4272 4415 4316 4129 4253 4331 3316 4539 4841 3300 2435 2263 1938 4397 5450 4484 4403 4901 0
0 3314 1681 2818 3949 1465 1738 3641 2282 1828 4057 848 2725 4530 4135 1503 2485 1506 2428 4172 2128 3863 3438 2928 3134 4219 3496 4703 1460 2123 2973 3077 2658 3240 4076 2992 3457 1559 3538 2539 4235 4169 1760 2224 2341 2204 2407 4132 3639 2137 3957 3758 730 4362 2245 3405 3984 1499 2248 2291 4241 3444 3811 895 4353 2247 4012 4220 4159 3549 4617 3313 3994 1098 2699 4469 3163 2958 2907 2440 4138 4450 3512 4341 3274 3528 4363 4062 3135 3466 3703 3262 4053 3628 2774 1721 2158 1539 3675 4080 4538 3864 3626 0
0 578 1023 1233 563 627 1205 710 547 1370 326 957 1434 1484 449 884 513 921 1345 689 1295 1340 1005 1203 1532 1303 1471 501 784 1019 1045 1008 1236 1496 988 1273 498 1162 718 1288 1274 630 828 880 759 930 1275 1346 848 1500 1517 299 1611 879 1260 1294 458 920 744 1585 1112 1525 315 1733 868 1370 1357 1709 1262 1525 1019 1592 394 960 1276 1207 1015 996 790 1558 1461 1041 1331 1107 1241 1484 1299 1173 1363 1337 1017 1403 1484 936 585 652 581 1230 1676 1546 1473 1465 0
0 2930 3845 1199 1412 3514 1928 1649 4028 915 2597 4173 3176 1282 2038 1216 2291 3322 1981 3526 3482 2757 3179 3461 3037 3698 1329 1913 2821 2566 2356 2836 3706 2529 3186 1485 3053 1881 3977 3198 1802 2418 2063 1952 2386 3111 3594 1981 4184 3598 813 4101 2308 3157 3235 1161 2230 2055 3925 3044 4140 935 3776 2245 3251 3350 4345 3558 3776 3285 3843 1012 2589 3876 3298 2971 2868 2246 3619 3698 2909 3852 2951 3252 3880 3556 3170 3373 3298 2593 3464 3459 2617 1920 1792 1566 3147 4037 3527 3907 3638 0
0 1926 762 896 1943 1165 894 2185 574 1524 1953 2067 718 1440 849 1355 1986 1188 1877 2089 1589 1798 2318 1746 2405 818 997 1724 1864 1425 1754 2475 1507 1919 810 1785 1344 2355 2125 1079 1363 1143 1356 1365 1802 2183 1091 2294 2367 455 2228 1336 1962 2065 756 1222 1270 2410 2054 2295 532 2527 1357 1951 2041 2519 1940 2625 1672 2105 521 1467 2186 1767 1497 1656 1305 2208 2238 1906 2112 1814 1757 2250 1935 1660 2025 2133 1625 1981 2188 1469 936 1222 914 1805 2467 2185 2149 1947 0
0 1377 1597 3610 2344 1774 3647 901 2952 4372 3309 1481 2601 1407 2118 3719 2118 3655 3570 2570 3279 3671 3394 3984 1452 1804 3149 3458 2571 3256 4286 2629 3345 1471 3546 2210 3901 3396 1805 2445 2171 2290 2788 3994 3707 2063 4263 3675 853 4029 2616 3258 3605 1407 2387 1925 4227 3407 4464 897 4440 2212 4188 3978 4313 3273 4093 3145 4067 1067 2467 3776 3134 2845 2761 2514 3685 4555 3125 3770 3034 3348 4148 3620 3524 3705 3491 2550 4109 3834 2711 1929 2113 1507 3048 4309 4296 3985 3564 0
0 2029 4743 2486 1803 5054 1213 3064 5129 3890 1652 2833 1779 3180 4902 2382 4144 4609 3338 3369 4944 3842 4944 1708 2232 3782 4058 3368 4265 4923 3182 4162 1724 3658 2500 5168 4361 2036 2685 2450 2875 2858 4744 4022 2777 5113 4491 1009 5552 3095 4480 4520 1533 3009 2462 4969 4042 5174 1108 5116 3009 4215 5390 5144 4607 4690 4087 4905 1209 3656 4713 4318 3847 3760 2740 5019 4696 3867 5329 3706 4322 4263 4734 3923 3967 4556 3447 4502 4038 3352 2373 2571 2166 4186 4848 4343 4758 4315 0
0 1749 972 769 1774 478 1314 1767 1771 694 1144 731 1091 1779 903 1983 1567 1210 1369 1635 1467 1932 662 921 1477 1719 1324 1592 2058 1216 1572 697 1744 1004 1682 1731 905 1117 1018 1129 1192 1835 1920 1140 2104 1776 399 1731 1160 1650 1697 563 1211 975 2117 1717 1883 402 2128 1062 1680 1917 2286 1621 1952 1537 1687 474 1274 1862 1752 1288 1339 1178 2089 2077 1501 1955 1579 1592 1954 2081 1434 1602 1770 1395 2053 1677 1100 864 890 701 1653 2185 1845 1941 1850 0
0 1176 990 2184 557 1397 2059 1832 711 1306 809 1190 1955 1078 1955 2162 1488 1675 2196 1663 1945 804 1068 1584 1792 1477 1742 2388 1445 1685 871 2048 1067 2204 1921 974 1236 1252 1266 1352 1868 1924 1283 2250 2344 427 2238 1398 1905 1894 722 1360 1168 2115 1744 2120 509 2502 1344 2013 2063 2320 1861 2146 1714 2146 579 1543 1845 1988 1422 1627 1399 2313 2279 1724 2218 1760 1890 2169 2261 1936 1856 1909 1680 2163 1808 1410 998 1007 842 1789 2357 2172 2171 1931 0
0 1758 4448 1158 3490 4248 4416 1723 2468 1778 2768 4206 2403 4797 4670 3591 3622 5038 4213 4319 1658 2485 3504 3812 3123 3271 5177 3344 3881 1815 4157 2293 4492 4137 1991 2714 2480 2385 2914 4306 4644 2680 4692 4814 963 5168 2882 3918 4728 1600 2904 2531 5011 4333 4602 1119 5375 2522 4284 4794 5474 4542 4635 3834 4437 1173 3326 5116 4047 3136 3551 2531 4501 4704 3320 4971 3609 3815 5064 4486 4126 3781 4370 3313 4610 3827 3074 2281 2291 1879 4403 4595 5171 4119 4459 0
0 2599 641 1830 3078 2369 948 1625 1072 1547 2485 1542 2821 2230 1802 2338 2561 2024 2677 957 1342 2063 2018 1724 2342 2855 1712 1919 1045 2263 1636 2495 2681 1267 1512 1304 1495 1774 2694 2590 1528 2918 2918 613 2680 1480 2549 2559 886 1463 1349 2553 2233 2860 604 2989 1642 2788 2924 2852 2496 2896 2184 2788 683 1981 2812 2416 1826 2072 1600 3042 2673 1839 2764 2450 2366 2616 2636 2181 2374 2681 2177 2853 2776 1752 1268 1500 1134 2326 2714 2833 2901 2605 0
0 506 1478 2107 2075 721 1407 849 1379 2476 1158 2390 2059 1459 1841 2034 1865 2431 879 984 1721 1810 1530 1775 2328 1355 1890 758 1990 1127 1913 2016 1013 1381 1274 1366 1451 1866 2068 1304 2319 2128 497 2388 1277 1986 2052 785 1493 1276 2407 1735 2506 531 2559 1263 2103 2030 2647 2152 2394 1821 2004 614 1398 2156 2000 1625 1803 1347 2226 2335 1700 2019 1743 2008 2232 2017 2037 1798 2079 1645 2286 1956 1518 1121 1119 883 1944 2625 2232 2261 2066 0
0 3697 5222 4643 1840 3293 2109 2776 5798 3041 5051 4795 3708 4597 4986 4665 4965 2022 2449 3939 4027 3634 4105 5450 3369 4046 1902 3890 2849 5558 5056 2427 3069 2884 2609 3577 5218 4420 2936 5740 5823 981 5344 3260 4651 5142 1779 3121 2815 5809 4867 5489 1320 5961 2889 4846 5571 5876 4799 5487 4626 4903 1359 3337 4487 4391 3544 4013 3048 5374 4828 3748 5279 4575 4579 4985 5366 4176 4853 4186 4190 5171 4471 3207 2247 2829 2071 4796 5466 5391 4965 4634 0
0 1281 1182 418 813 413 763 1260 640 1126 1025 848 915 1246 950 1274 442 658 949 1109 708 1011 1140 852 1032 457 1155 697 1315 1234 601 645 703 747 845 1178 1218 702 1297 1157 260 1389 804 1083 1283 375 715 665 1270 998 1290 293 1435 653 1103 1288 1336 1139 1331 1050 1260 345 750 1109 1105 884 1094 757 1306 1397 979 1091 990 1000 1232 1164 1013 1134 1143 831 1365 1192 810 591 553 491 978 1392 1247 1209 1195 0
0 3298 1325 2276 1292 2451 3608 1932 3668 3446 2263 2735 4064 2722 3876 1282 1749 2807 2996 2430 2680 3740 2518 2934 1451 2836 1978 4022 3603 1549 2084 1978 2149 2091 3505 3499 2286 4030 3787 735 3706 2236 3024 3666 1183 2311 1705 3992 3390 3522 758 4031 2151 3185 3490 3961 3674 4330 2799 3749 1033 2505 3663 3301 2377 2773 2187 3322 3837 2836 3525 2581 3273 3918 3982 3260 3299 3299 2465 3629 3495 2541 1937 1865 1496 3367 3913 3558 3762 3447 0
0 2026 3465 2082 3081 5261 2653 5495 4978 4051 3935 5207 4344 5721 2017 2618 3862 4415 3351 4405 4974 3299 4692 2011 4466 3117 5406 4396 2342 3054 3030 2941 3595 4868 4905 3162 5956 5331 1186 5327 2971 4640 4980 1604 3050 2534 5308 4498 5315 1337 6067 2891 5595 5140 5719 5011 5177 4184 5549 1462 3521 4520 4721 3608 3821 3247 4936 5371 4610 5292 4209 4796 4993 4809 4069 4373 4556 4056 5865 5447 3608 2464 2965 2319 4701 5769 5294 5142 4726 0
0 2818 1788 2841 4987 2718 4907 4247 3551 3817 4936 3834 4812 1834 2539 3193 3841 2917 4010 4405 3428 3746 1863 4651 2865 4468 4641 2241 3105 2631 2533 3218 4406 4738 2994 5567 5101 944 4754 2660 4135 4865 1679 2638 2563 5297 4161 5310 1184 5834 3134 4098 5111 5096 4212 5219 3984 4931 1340 3304 4460 4077 3429 3656 2470 4386 5055 3416 4784 4033 4177 4922 4851 3736 4209 4574 3944 4261 4865 3252 2292 2469 2091 4466 5281 4655 4864 4561 0
0 705 1182 1908 977 1994 1833 1321 1506 1882 1469 1858 625 891 1448 1506 1149 1369 2119 1337 1528 654 1576 1117 1800 1900 825 1124 1067 941 1148 1799 1658 1032 2090 2107 353 1816 1132 1782 1739 596 1097 1029 1879 1419 2123 404 2248 1193 1694 1897 2209 1773 2068 1334 2002 506 1231 1863 1419 1494 1481 1091 2039 1884 1399 1884 1390 1534 2061 2008 1583 1733 1699 1419 1821 1886 1277 897 1037 708 1519 2034 1862 1779 1813 0
0 2016 3115 1547 3029 2945 1995 2396 2814 2711 3349 1056 1505 2335 2610 2039 2463 3284 2177 2420 1202 2591 1686 3244 3238 1456 1697 1571 1690 1863 2984 2797 1671 3493 3342 632 3464 1843 2592 2848 1108 1891 1655 3081 2653 3086 706 3655 1819 2831 3496 3399 2756 3426 2163 3380 859 2291 2835 2792 2389 2396 1748 3273 3273 2412 3515 2842 2421 3113 3011 2472 2584 3124 2421 2907 3152 1986 1591 1700 1367 2703 3165 3285 3129 3133 0
0 2048 969 1804 1774 1190 1486 1951 1793 2005 671 946 1424 1699 1251 1588 2107 1433 1577 701 1782 1202 2006 1960 843 1145 1067 1078 1256 1566 1897 1135 1970 1998 374 2193 1260 1567 1860 666 1251 1140 2215 1594 2063 403 2409 1312 2000 1952 2040 1659 1945 1504 2009 529 1232 1916 1799 1375 1536 1116 1809 2034 1616 1967 1632 1840 2041 1991 1601 1596 1652 1324 2002 1949 1153 1021 1031 870 1824 2076 2047 2151 1744 0
0 1675 2918 2809 2245 2282 3412 2794 3349 1175 1451 2248 2764 1977 2681 3369 2096 2284 1189 2917 1728 3279 2916 1294 1675 1718 1676 2060 2787 2899 1726 3646 3045 602 3481 1901 2613 2688 1012 1828 1607 3230 2993 3325 692 3189 1934 3302 3387 3652 2645 3162 2336 3014 855 2234 3449 2676 2233 2123 1912 2969 2896 2490 2956 2408 2450 2892 3073 2689 2861 2959 2497 2737 3017 2186 1534 1548 1304 2615 3595 3296 3074 2699 0
0 5309 5211 3669 4257 4681 3930 5299 1854 2524 3866 4216 3460 4164 5589 3834 4449 2018 4718 2849 4695 5158 2245 2906 2766 2919 3224 4620 4867 2792 5565 5686 1064 5482 3181 4293 5042 1730 2734 2612 5493 4637 5630 1128 5366 2887 4954 5080 5155 5045 5141 4162 4907 1519 3548 5502 4339 3467 4295 3214 4902 5317 3515 5077 4118 4634 4785 5201 4379 4430 5023 4017 4975 4787 3258 2726 2836 2224 4310 5885 5370 4850 5200 0
0 2673 1955 2255 2731 2242 2532 944 1147 2154 2168 1781 2135 2711 1848 2040 920 2549 1498 2716 2632 1148 1487 1705 1486 1695 2249 2814 1475 2956 2629 544 2658 1684 2501 2405 943 1642 1398 2801 2429 3043 607 3240 1563 2721 2654 3025 2552 2767 2193 2993 743 1697 2843 2562 1836 2178 1626 2585 3063 2352 2837 2328 2622 2721 2638 2292 2444 2295 2171 2717 2462 1896 1292 1231 1168 2531 3176 2712 2745 2570 0
0 3312 4322 5314 3856 5078 2029 2646 3885 4207 2884 4362 5258 3438 4089 1747 3953 2989 4810 4615 2258 2968 2750 2813 3150 4834 4819 2942 6271 5245 990 4990 2735 5011 4773 1730 3036 2515 5161 4259 5518 1181 5938 2802 5164 5422 6059 4469 4739 3865 5359 1217 3418 4986 4526 3929 3862 3013 4722 5452 3954 5437 4632 4426 5131 4303 3979 4239 4576 4185 4624 5404 3308 2363 2626 2149 4466 5439 4822 5055 4830 0
0 3662 4910 3952 4847 1742 2131 3529 3608 2730 4024 5078 3169 3880 1745 4162 2660 4773 4452 2349 2744 2645 2627 3037 4258 4823 2989 5349 5108 996 5224 2899 4592 4428 1368 2966 2319 5067 3702 4779 1069 5861 2934 4449 5253 5268 3953 5404 3355 4956 1108 3255 4425 3830 3913 3390 2898 5050 5213 3711 4933 3990 4308 4986 5143 3960 4631 4403 3691 4807 4757 3402 2185 2439 1923 4204 5324 4926 4374 4455 0
0 3659 3164 3887 1251 1661 2879 3047 2152 3207 3345 2552 2987 1268 2901 1824 3611 3288 1703 2232 2266 2157 2298 3039 3673 2174 3707 3574 719 3438 2124 3351 3151 1151 2314 1762 3867 3340 3883 881 3889 2243 3392 3881 3829 2924 3733 2879 4158 1030 2419 3172 3319 2631 2661 1915 3500 3563 2776 3413 2940 3094 3481 3343 3022 3442 3176 3011 3251 3411 2399 1873 1742 1493 2831 4483 3707 3618 3746 0
0 3268 3830 1630 2051 2838 3280 2499 3095 4224 2868 3550 1445 3343 2419 3959 3756 2079 2334 2082 2306 2271 3818 3857 2505 4575 3876 843 4174 2502 3544 3855 1419 2365 2052 4431 3369 4673 1021 4190 2194 3905 4285 4606 3915 4655 3182 3997 1042 2787 4052 3638 2798 3405 2633 3924 4403 3194 3803 3306 3724 4065 4097 3620 3478 4255 3007 4042 4411 2799 2031 2186 1888 3549 4390 3971 4214 4011 0
0 5450 1905 2379 3740 4102 3375 4152 5387 3507 4112 1670 4473 2857 5645 5251 2167 3160 2949 2959 3144 4492 4990 3374 6042 5750 1048 5296 3211 4383 4480 1813 3355 2430 5484 4691 5395 1210 5741 2771 4631 5214 5162 4201 5474 4158 5101 1451 3573 5310 5014 3961 3714 3123 4915 5049 4284 5157 3669 3973 5265 4499 4311 4516 4254 4000 5589 4248 3283 2392 2606 2131 4544 5249 5474 4889 4945 0
0 1573 1831 3074 3635 2682 3226 4583 3071 3577 1591 3666 2585 4431 3924 2096 2252 2241 2407 2531 3754 3542 2464 4042 4631 797 4418 2445 3349 3910 1276 2515 2142 4270 3749 4803 865 4820 2555 3956 4603 4864 4214 4403 3573 4004 1163 2564 4273 3528 2945 3110 2616 3927 3919 3190 4028 3655 3499 4329 4270 3385 3602 3845 2947 3980 3843 2835 1877 1895 1659 3847 4388 4310 3706 4301 0
0 2751 4157 4179 3251 4264 5329 4171 4558 2000 4589 2725 5343 5197 2551 2807 2723 2849 3404 5291 4924 2925 5595 5673 1204 5743 3225 4735 5730 1789 3101 2572 6064 4831 5443 1191 6239 3407 4592 6241 5303 5060 5720 4508 5512 1356 3869 5122 4653 3418 3975 3509 5478 5584 4115 5876 4740 5213 5744 4807 4317 5212 5299 3713 5467 5181 3355 2662 2581 1966 4958 5256 5520 5069 4921 0
0 1351 1633 1227 1303 1943 1315 1499 757 1416 1013 1773 1769 871 1153 1114 941 1056 1708 1534 1072 1836 1817 416 1849 1125 1641 1716 595 1085 1007 1724 1708 1974 391 2026 1168 1613 1716 2082 1628 1858 1333 1863 483 1196 1873 1558 1286 1395 929 1678 1918 1412 1950 1413 1549 1671 1841 1649 1498 1731 1361 1987 1704 1201 843 893 778 1495 1970 1743 1698 1708 0
0 1925 1718 2064 2659 1807 2040 964 2161 1246 2294 2500 1276 1588 1506 1422 1584 2402 2382 1452 2822 2634 517 2749 1587 2227 2416 843 1599 1389 2624 2353 2606 562 2915 1563 2341 2791 3003 2294 2766 2068 2754 684 1756 2470 2185 1849 1767 1530 2506 2695 2006 2374 2216 2206 2742 2495 2046 2122 2396 1865 2517 2495 1594 1284 1193 1002 2281 2647 2616 2153 2394 0
0 2336 2881 3712 3043 2858 1637 3523 2352 4165 4210 1972 2235 1951 2052 2646 3692 3527 2100 4671 3943 904 4438 2586 3510 3876 1183 2215 2226 4299 3049 4404 946 4476 2354 3573 3930 4295 3542 4228 3156 3769 1115 2884 3883 3272 2784 3000 2317 3863 4031 2928 4324 3559 3933 4117 3772 3402 3582 3830 3227 4143 3974 2290 1951 2022 1804 3813 4674 4101 4288 3459 0
0 3122 4564 2613 3600 1652 3129 2456 4170 4125 2096 2206 2373 2555 2614 3535 4036 2437 5207 4276 777 4526 2681 3284 3981 1498 2483 2133 4656 3367 4082 881 4790 2705 3953 4111 4333 4069 4361 3331 4525 1065 2715 4029 4016 2993 3422 2364 4609 4914 2860 4268 3524 3690 4091 3936 3855 3838 3835 3133 4037 3512 2749 2069 2156 1876 3407 4494 4544 4020 4045 0
0 3468 2342 2643 1288 2920 1770 3615 3540 1463 1903 1807 2059 2026 2982 3252 2169 3230 3421 634 3080 1993 2854 3342 1077 1887 1771 3706 2903 3795 699 3718 1780 3310 3568 3601 3017 3806 2346 3299 830 2078 3339 2912 2478 2571 2228 3365 3427 2672 3396 3083 3076 3352 3348 2596 2861 3103 2564 3204 3250 2310 1756 1698 1394 3018 3738 3761 3236 3006 0
0 2774 3227 1374 3502 2252 4073 3565 1866 2347 2310 2189 2807 3750 3777 2647 4821 4291 864 4504 2556 3599 4257 1307 2495 2248 4639 3657 4345 933 4706 2661 4296 4617 4673 4224 4369 3286 4286 1268 2880 4214 3537 3235 3153 2212 4337 4354 2995 4009 3300 3867 4010 3800 3565 3498 4047 3079 4744 3994 2987 2075 2321 1782 3559 4995 4295 4162 4196 0
0 4720 1834 4294 3073 5587 4611 2521 3561 2903 2822 3869 4612 5541 3251 5322 6385 1260 5169 3270 4236 4710 1737 3338 2487 5872 4203 5488 1291 5911 3179 5829 5097 5619 4699 6265 4354 6010 1497 4073 5320 4607 4238 4171 2837 5060 5634 4177 5544 4352 4922 5176 4942 5030 4880 4995 4100 5887 5711 3507 2781 2677 2335 4778 6051 5851 5571 5537 0
0 1418 3304 2149 3382 3179 1641 2094 1949 2090 2105 3249 3380 2015 3719 4052 747 3602 1951 2989 3206 1165 2221 1962 3952 3019 3651 776 4055 2194 3600 3647 3855 3483 3537 2820 3908 955 2240 3492 3253 2733 2635 2133 3341 3669 2855 3388 2994 3232 3734 3446 3416 3124 3266 2998 3776 3026 2400 1857 1577 1465 3405 4208 3704 3563 3375 0
0 3845 2496 4127 4105 1850 2147 2228 2506 2722 4145 4109 2346 4565 4448 792 4355 2433 3590 4211 1394 2313 1962 4685 3435 4375 910 4795 2462 3780 4536 4798 3487 4401 3229 3944 1229 2882 4580 3645 3116 2937 2710 4271 4317 3201 4243 3709 3570 4544 4123 3731 3830 3801 2931 4549 4444 2573 2040 2104 1857 3743 4556 4077 3861 3932 0
0 1004 1657 1982 837 1145 1105 1000 1229 1596 1824 1144 2184 2178 424 2147 1172 1742 1932 656 1179 949 2026 1802 2218 458 2140 1215 1879 2153 2010 1706 2049 1493 1928 565 1233 1987 1879 1281 1532 1285 1775 2018 1728 1917 1479 1800 2193 1763 1626 1687 1562 1466 1827 1889 1233 991 1023 773 1677 2157 1997 1955 1828 0
0 4416 4142 1836 2600 2658 2589 2758 4521 4338 2877 5046 4518 934 4256 2676 3738 4583 1498 2574 2463 4487 3568 4617 1158 5274 2723 4190 5018 4750 4448 4459 3252 4682 1264 3308 4930 3798 3466 3492 2600 4748 5069 3504 4401 3576 3917 4553 4649 3870 4118 4151 3410 4499 4299 2817 2126 2403 1844 4085 4977 4637 4172 4050 0
0 2823 1246 1800 1524 1725 1786 2652 2705 1808 3053 2670 618 3080 1748 2504 2911 916 1857 1572 3161 2823 2821 735 3025 1811 2771 3057 2872 2665 2875 2392 2821 792 2003 2876 2556 1902 2313 1647 2855 3058 2414 3047 2282 2600 3109 2725 2520 2552 2522 2020 2641 2551 1768 1212 1488 1122 2524 3121 2956 2847 2446 0
0 2365 3008 3039 2569 3119 4598 4292 2820 5658 5802 1132 5322 3034 4085 4786 1869 2959 2364 5809 4243 5183 1283 5872 3131 4716 5233 5745 4554 5573 4269 5322 1406 3494 4923 4733 3792 4362 2721 5122 5393 4142 5427 4018 4672 5409 4734 3815 4374 4126 3993 5605 5257 3089 2237 2372 1960 4660 5511 4714 5276 4801 0
0 2714 2686 2986 2821 4060 4911 2585 5281 4457 1036 4842 2843 4774 4466 1659 3137 2368 5022 4705 5461 1254 5776 3115 4431 5314 5002 4883 5083 4026 4881 1409 3272 5142 4088 3256 3508 2694 5580 5014 3722 4706 4208 4454 5251 4641 4418 4043 4191 3992 4743 4576 3593 2246 2881 2304 4696 5569 4790 4669 4250 0
0 1478 1357 1461 2121 2407 1465 2562 2427 470 2545 1365 2131 2422 769 1476 1361 2408 2142 2775 512 2770 1397 2295 2643 2397 2063 2368 2041 2412 641 1393 2394 2319 1832 1749 1394 2371 2567 1769 2321 1962 2246 2071 2510 1959 2037 2436 1707 2496 2158 1736 1127 1128 877 2145 2615 2639 2256 2000 0
0 1803 1896 2809 3063 1624 3403 3171 591 2894 1868 2725 2712 1042 1784 1532 3331 2556 3469 697 3166 1817 3216 3313 3430 2623 3224 2273 2929 854 2146 3004 2554 2266 2262 1560 2891 3045 2251 2988 2692 2510 3284 3157 2487 2655 2990 2474 2915 2900 1998 1594 1630 1175 2765 3317 3048 2870 2549 0
0 1810 2806 2790 1549 3015 3228 634 3113 1635 2337 2604 869 1642 1654 2998 2447 2811 716 3024 1775 2866 3184 3315 2835 3349 2239 2778 831 1988 3000 2771 2274 2360 1856 2711 2947 2221 3087 2562 2827 2983 2811 2544 2417 2582 2047 2975 3020 1877 1321 1515 1275 2334 3438 3121 2997 2657 0
0 2620 2568 1822 3278 2807 577 3131 1625 2571 3079 877 1582 1500 2717 2358 3216 658 3320 1672 2635 3208 3078 2718 3456 2072 3014 804 1999 2816 2346 2121 2441 1598 2758 3011 2356 2763 2466 2699 2968 2787 2601 2692 2596 2048 2890 2736 1864 1257 1533 1374 2458 3569 2672 2749 2820 0
0 3203 1838 3605 3375 608 3428 2006 3115 2985 1078 1855 1523 3161 2833 3841 764 3540 1861 2759 3658 3473 3075 3054 2543 3181 951 2185 3221 2791 2268 2499 1973 3283 3609 2448 3320 3036 3116 3222 3315 2645 2780 3080 2439 3515 3246 2169 1386 1701 1376 2976 3272 3366 3196 3064 0
0 2860 4944 5380 954 4764 2815 3884 4004 1566 2638 2514 5086 4073 4744 1072 5425 2965 4766 5096 5565 3848 4796 3446 4995 1344 3020 4581 4331 3073 3623 2931 4364 4468 3601 5367 4339 4352 4274 4879 4181 4261 4272 3497 5334 4943 2946 2316 2315 1788 4230 5179 4936 4858 4188 0
0 5290 5429 990 4988 2759 4289 4697 1772 2667 2542 4994 4179 5096 1082 5106 2797 4544 4899 5119 4354 5426 3846 4505 1197 3530 4719 4147 3352 3845 3159 4451 4906 3592 4504 3841 4732 4729 5122 3990 3760 4607 3685 4542 4775 3258 2309 2592 1929 4017 5278 5072 4670 4971 0
0 2731 635 3065 1827 2988 2873 965 1687 1683 3045 2581 3289 674 3785 1763 2796 3193 3556 2615 3270 2384 3366 785 2091 2909 2572 2355 2307 1779 3128 3422 2115 2815 2450 2686 2896 3077 2776 2631 2785 2577 2853 2967 1969 1410 1602 1366 2822 3349 3388 3145 2859 0
0 1255 5180 3249 5035 5636 1925 3385 3098 5313 5395 6608 1355 5882 3269 5161 5559 5887 5233 5315 4526 6511 1617 3991 6123 4620 3908 4425 3420 5772 5714 4095 6268 5298 5143 5547 5349 4978 4656 5171 4515 5598 4913 3928 2899 2932 2152 5465 6158 5370 5875 5168 0
0 5425 3175 5085 5406 1773 3430 2928 6341 4575 5601 1067 5336 3381 4782 4902 6599 4563 5730 4269 5842 1479 3542 5376 4860 3990 4167 2785 5134 5524 4714 5371 4683 4367 5927 4868 4096 4949 4198 3899 5791 4749 3229 2731 2904 2228 4864 6263 5842 5781 5540 0
0 652 917 1085 320 665 607 1041 924 1268 242 1271 727 1090 1144 1236 838 1168 782 1122 273 744 1085 969 865 822 561 1138 1009 815 961 960 902 1196 1023 869 1058 1016 888 1224 1015 771 515 508 465 848 1198 1231 1153 947 0
0 4654 5216 1772 3356 2941 5782 4673 5681 1300 6588 3219 4622 6117 6488 4706 5692 4449 5493 1535 4077 5266 4451 3633 4013 3121 5143 6129 4254 5111 4580 5213 5331 5182 4606 4280 5485 4618 5397 5175 3866 2487 2884 2043 4584 6292 5493 4818 4747 0
0 2908 1044 1954 1645 3258 2605 3272 793 3098 1982 2791 3337 3447 2536 3200 2585 3467 831 2109 2907 2871 2151 2291 1729 3104 3147 2744 3243 2320 2608 3360 3217 2397 2737 2906 2370 3532 3050 1857 1523 1642 1424 2879 3505 3041 3174 3027 0
0 1643 2948 2348 5202 3784 4973 1098 5159 2442 4021 5028 5486 4054 4969 3682 4575 1263 3146 4613 3927 3473 3775 2588 5086 4951 3141 4709 3901 3739 4366 4392 3310 4252 4217 3835 4561 4363 3022 1969 2101 1831 3602 5260 4702 3925 4274 0
0 2687 2668 5257 4368 4412 1074 6085 3154 4372 5199 5367 4371 5268 4051 4650 1318 3443 4615 4445 3421 3802 2725 4738 4534 3914 5361 3750 4361 4312 4550 3966 3952 4704 3373 4937 4594 3233 2201 2302 2198 4165 5382 5324 5120 4564 0
0 886 1602 1371 1919 359 1882 894 1580 1667 1685 1577 1834 1454 1705 399 1171 1671 1444 1384 1291 1086 1749 1838 1324 1726 1403 1415 1728 1575 1413 1511 1482 1240 1723 1798 1023 766 947 660 1505 1845 1598 1837 1472 0
0 3145 2759 3180 639 3782 1925 2707 2891 3185 2762 3105 2687 2901 777 2106 3177 2892 2215 2639 1785 3150 3532 2789 3328 2349 2866 3105 3157 2531 3030 2949 2405 3341 2824 2048 1502 1590 1288 2645 3434 3208 2745 2941 0
0 2041 2697 602 3302 1484 2474 2651 3038 2503 2768 2179 2715 708 1721 2538 2179 1907 2291 1390 2359 2526 1868 3044 2192 2212 2669 2433 2249 2540 2229 1714 2951 2525 1837 1265 1331 1090 2519 3205 2703 2887 2603 0
0 6024 1164 5851 3030 5074 6167 5769 4534 5708 4406 5649 1437 4125 5164 5040 3937 4052 3295 5720 5528 4388 5622 4451 5329 5830 5545 4230 5346 5280 4248 5560 5190 3709 2550 2816 2183 5422 5936 5755 5025 4991 0
0 915 4953 2441 4146 4709 5172 4285 4531 3470 4780 1160 3163 3957 4125 3488 3578 2407 4856 4799 3228 4275 3411 4153 4436 4215 4204 3556 4401 3447 4547 4119 2807 2264 2348 1940 3922 4910 4651 4545 4146 0
0 6158 3182 4713 4959 5763 4883 5913 4489 5835 1413 3604 4651 4699 3919 4114 3075 5128 5230 4061 5882 4598 4730 5395 5712 4688 4660 5352 4053 5972 5263 3434 2617 2713 2150 4973 5967 5697 5825 4935 0
0 656 1116 1213 1428 1162 1206 1086 1267 302 833 1140 1002 895 862 661 1178 1385 816 1252 922 1066 1157 1211 861 996 1139 974 1246 1190 800 544 633 448 1035 1427 1179 1101 1250 0
0 5864 5423 6513 4771 6483 4634 5855 1609 3831 5675 5307 4071 4429 3464 5854 6162 4514 6190 4860 4947 5754 5735 4898 5609 5344 4230 5502 5629 4033 2744 2999 2442 4534 6109 6149 5151 5290 0
0 3423 3437 2898 3003 2679 3206 846 2403 3061 2515 2349 2106 1725 3201 3356 2398 3154 2483 2703 3304 2826 2820 2871 2682 2521 3108 2851 1899 1441 1467 1444 2718 3296 3227 3082 2845 0
0 5371 4028 5306 3545 4861 1203 3577 4743 4387 3785 3821 3052 5257 5161 3701 5198 4308 4658 5166 4322 4462 4434 4085 3749 5453 4554 3111 2196 2791 1841 4134 5119 4808 4653 4576 0
0 4551 6071 4229 5887 1454 3494 5818 4731 4192 3878 2978 5202 5467 4533 5095 4783 4784 5563 4945 4669 4231 4833 4255 5589 4643 3692 2243 2725 2197 4805 5998 5368 5728 4634 0
0 5645 4854 5816 1473 4222 5464 4919 4116 4843 3562 5710 5815 3878 5539 4528 4288 5604 5574 4677 4722 4827 3830 5248 5643 3733 2693 2575 2438 5345 6910 6294 5422 5777 0
0 4198 4546 1319 3019 4584 4235 3408 3402 2704 5155 4957 3584 4499 3632 4497 4852 4908 4140 4016 4436 3326 5179 4632 2717 2283 2166 1939 4004 5236 4515 4461 4525 0
0 6027 1517 3731 4976 4221 4419 4631 3165 4900 5467 4133 5260 4930 4450 5120 5298 5142 5243 4611 3984 4816 5203 3963 2416 2531 2474 4178 6271 5142 5090 5123 0
0 1123 2550 3893 3558 3096 2756 2265 3954 4147 2952 3743 3522 3373 3612 4612 3475 3214 3875 3111 4531 3896 2501 1937 2207 1792 3625 4605 4076 4354 4037 0
0 3432 5207 4778 3484 3931 3208 5042 5608 4396 5410 4327 4568 5551 5116 4233 4157 4690 3767 5194 4825 3699 2565 2936 2461 4671 6639 5269 4928 4866 0
0 1397 1288 988 1092 773 1444 1347 1043 1474 1253 1248 1462 1307 1098 1271 1329 1030 1453 1396 1033 682 779 616 1223 1537 1465 1320 1222 0
0 3165 2380 2477 2165 3621 3893 2504 3993 2995 3071 3590 3506 2758 3156 3540 2664 3721 3485 2493 1510 1709 1412 2669 4287 3294 3825 3340 0
0 4207 4143 2958 5275 5285 3646 5406 4474 4976 5415 4750 4311 4549 4904 4047 5725 4825 3748 2364 2479 1991 4647 6195 5504 5457 5218 0
0 3746 2673 4672 4456 3562 4326 3538 4159 4592 4420 3887 4334 4409 3086 4699 3807 3191 2150 2286 2055 3773 5147 4261 4201 4525 0
0 2372 3839 3975 2949 3781 3498 3484 4044 3307 2971 3157 3620 2576 3925 3692 2648 1911 2119 1483 3228 4067 3888 3598 3862 0
0 4204 4041 3321 3927 3192 3620 3791 3961 3457 3206 3793 2824 3906 3530 2681 1941 2150 1598 3447 4538 4490 3903 3602 0
0 3094 2388 3115 2623 2608 3035 3163 2523 2464 2625 2189 3266 2867 2029 1442 1476 1218 2458 3363 3203 3032 2586 0
0 4245 4652 3934 4790 5042 4716 4247 4899 5338 3915 5532 5059 3522 2778 2855 1995 4092 5492 5312 5291 4248 0
0 5722 4892 4307 5195 4903 4386 5239 4866 4220 5252 5082 3630 2590 2739 2320 4843 6134 5822 5629 5248 0
0 3500 3365 4145 4006 3746 3489 3849 2986 4076 3889 2677 1972 1975 1643 3173 4533 4549 3966 3329 0
0 4143 4928 4903 4624 4790 4875 4030 6074 5029 3542 2450 2903 2296 4896 5564 5541 4633 4954 0
0 4039 4588 3117 3501 4123 3038 3944 3535 2555 2227 1869 1867 3974 4996 4362 4108 4365 0
0 4376 4244 4048 4130 3682 3992 4026 2795 1932 2553 1826 4263 5198 5062 4197 3982 0
0 4120 4341 4472 4161 5624 5014 3712 2529 2464 2421 4502 5850 5265 4566 5153 0
0 4637 4708 4106 5499 4740 3087 2550 2531 2179 4802 6082 5238 5447 4996 0
0 3990 3207 4964 3994 3108 2016 2275 1771 3361 4848 4193 4531 4372 0
0 3362 4411 4012 2914 2262 2347 1930 3702 4715 4591 4244 4152 0
0 4665 4531 2858 2041 2637 2164 4505 5007 4779 4155 4614 0
0 3273 2553 1796 1882 1722 3749 4453 4091 3546 3209 0
0 3273 2368 2957 2215 4875 5594 5527 5760 4335 0
0 2406 2409 2070 4139 4892 4561 4442 5063 0
0 1538 1518 2646 3724 3344 2941 3075 0
0 1018 2329 2686 2616 2195 2432 0
0 2340 3010 2460 2452 2355 0
0 2609 2208 2143 2009 0
0 4487 4279 4161 0
0 4843 5268 0
0 5301 0
0 0
0
0
434284
1813 2970 686 3832 1520 3478 6438 1730 1573 2952 2702 3879 5047 2122 547 2374 4328 138 2914 726 5936 1111 1616 1796 5120 1385 6564 1772 582 6274 750 6416 3636 4193 3093 5777 3262 941 5132 3543 1176 3170 4976 5733 2546 2672 5718 2959 5431 3463 3533 4229 933 756 414 2626 3933 1100 614 510 5885 4230 1378 2818 5061 3408 3236 1069 1238 3310 5454 5843 760 4432 1739 2030 2698 5345 1583 3265 1638 4554 5646 4519 4708 2254 737 2714 4993 7238 4936 4235 311 5373 6593 3958 2200 2681 720 5743 1411 524 1967 2094 828 477 4031 2299 1383 5152 559 795 5275 3497 832 1384 1508 4434 712 5209 5381 882 3888 1297 1140 680 5584 3509 902 5115 7269 1897 4675 4467 1871 3401 3212 2808 6155 3693 4542 5518 3278 1112 1464 6408 1147 3226 349 4870 4684 5552 3408 4526 612 3012 3477 673 2900 373 3933 2156 3428 2941 5278 726 2889 3320 2339 5926 761 5260 635 5546 5718 122 4033 5650 2127 3676 1555 2452 4959 2380 324 2927 280 1744 4647 1023 2779 2056 5916 6416 1897 5026 3668 353 2509 1012 3091 3722 746 872 3537 1289 939 4992 266 2850 4980 4340 649 1580 701 1828 5139 1493 4549 5039 2143 3457 5481 3217 5375 623 1326 2719 3456 2097 3874 6409 2636 3247 654 3462 1781 4380 4332 1085 1941 1852 1669 2166 3607 5173 1839 7098 6256 195 5312 1840 4376 4432 621 1770 1191 5809 4152 4866 252 7019 2058 4079 5748 6748 3895 5533 3130 5494 357 2319 5372 3605 2524 3294 1806 4881 4964 3610 5308 3949 3958 4604 5594 3339 4078 4143 3210 5861 4961 2446 1095 1232 927 3360 6863 5183 5364 4594
