300
3524 3414 3506 2436 670 1926 3262 3491 1400 3682 2185 1727 707 750 1768 2111 1738 1825 2437 1617 2091 2730 3300 2662 2939 2357 526 2491 2937 2866 2035 1386 871 3576 2052 1066 2680 1454 1597 614 2438 832 2450 3283 2556 1861 2249 1284 3354 2730 3471 748 3653 2397 1320 3317 766 3168 2139 697 709 1331 3083 1120 2007 3176 3200 2894 2371 3205 1967 669 584 2252 2849 1761 2852 3562 2521 1460 707 2848 1543 700 2026 604 1588 1027 1609 1357 787 1862 2947 3532 2420 3627 3539 1737 727 2874 1076 1675 1529 682 3031 2991 593 594 3073 3091 2645 2876 3473 3222 2526 1475 2255 1649 1645 1705 2266 1540 1779 1384 1587 601 3161 2995 3483 1668 742 1658 2153 3135 793 2690 621 1294 1210 1401 2476 3359 1373 1981 1103 1517 965 2289 3254 3570 692 2131 2591 2662 3300 1978 3757 573 1641 1842 2209 3373 792 879 1635 1501 3169 704 1596 3356 1205 1433 926 2855 1709 1232 655 2247 667 446 2056 3291 1946 2338 1461 2181 2822 3261 2268 2425 1439 487 2155 1845 1619 2745 3156 2960 2680 3221 743 725 1225 3568 1520 2785 1768 2316 1212 2578 594 607 3489 1527 3335 2521 726 811 2993 3056 1330 2640 856 2681 2355 1226 1740 1683 1478 1441 1816 1234 1889 1061 2226 743 2529 1932 3395 1004 839 841 2287 3318 1182 1255 2675 1079 2020 2707 1251 1591 2368 3141 1223 554 3583 919 473 721 505 2589 1218 2165 3258 2894 1106 2782 1888 3008 2333 1282 1038 1390 2644 907 721 3258 917 1543 1146 3252 3193 1220 601 615 1329 2308 2374 933 2901 2281 768 3160 957 746 2008 553 2715 1883
0 2947 0 0 0 0 0 0 0 0 3197 0 0 2186 1730 0 0 0 0 0 1752 2001 0 0 0 0 0 3160 0 0 0 0 0 0 0 0 0 0 2483 0 0 0 2722 0 0 0 0 0 0 0 0 0 0 0 2918 0 0 0 0 0 0 0 0 0 0 0 3259 0 1151 0 0 0 0 0 0 0 0 0 0 0 0 1148 0 0 0 0 0 2710 0 914 2861 0 0 0 2802 0 0 0 0 0 1166 0 492 0 2960 0 0 0 0 0 0 0 0 0 0 0 0 0 0 0 0 0 0 2383 2242 0 2471 0 836 0 0 0 0 0 0 0 0 1713 0 0 0 0 0 0 0 351 2827 0 1996 1205 505 3013 984 0 0 0 555 0 0 0 0 3257 1748 1489 0 0 0 0 0 1453 1884 183 102 0 0 0 3075 0 106 0 3034 0 0 0 0 0 3036 0 0 510 2427 0 0 0 0 0 0 0 0 0 0 0 0 2666 0 428 0 0 0 0 0 265 0 0 1635 0 0 0 0 2266 317 0 0 2778 0 0 0 0 712 0 0 0 0 1254 0 339 204 1799 0 0 0 0 0 450 912 0 0 2118 0 0 0 0 2467 1947 0 3307 2770 0 0 0 0 0 0 0 0 0 0 0 0 1385 0 0 0 0 2832 0 0 3009 0 0 0 0 0 2484 804 0 0 0 0 0 0 0 0 2670 0 0 0 2869 0 0
0 2409 0 0 0 1479 0 0 0 0 0 0 1913 2312 0 0 0 0 0 0 0 664 2448 0 0 0 956 0 1146 0 400 0 503 0 0 3144 0 0 0 0 0 0 1318 0 0 0 0 191 0 2785 0 0 2986 0 0 0 2075 1742 0 1285 0 0 1401 0 990 357 0 0 0 0 0 0 1801 0 2122 0 0 0 0 2920 0 0 180 1620 119 0 0 0 0 0 3305 0 2774 0 0 3072 0 0 0 2501 2659 1769 0 0 0 0 0 2129 1118 0 1941 0 0 0 0 0 0 0 0 1351 646 0 0 0 2726 0 1041 0 0 2290 731 0 0 0 0 0 0 0 0 112 0 0 0 0 0 0 0 0 0 0 0 0 0 0 0 2822 0 0 0 0 0 0 0 2148 0 0 2714 1759 0 0 0 1147 0 0 695 0 0 0 698 0 0 0 0 2218 0 593 0 0 0 2874 0 2264 0 1906 0 0 547 2992 0 0 563 0 0 0 0 0 1593 0 767 0 150 0 0 0 0 0 816 0 3394 0 0 0 0 1414 0 0 0 1065 626 0 0 0 0 1449 0 0 0 2718 0 0 0 1246 0 0 1764 0 0 0 517 0 0 0 0 0 0 0 0 0 0 0 591 645 0 0 0 0 0 0 0 0 521 0 0 0 0 0 0 0 1923 1872 0 0 0 154 0 115 0 0 2510 0 0 0 0 1254 0 0 1289 0 0
0 0 0 0 0 0 1034 0 2945 0 2510 0 0 0 0 0 880 0 0 928 0 0 0 0 0 0 0 2888 0 0 0 0 0 0 0 1637 0 392 0 0 0 0 2556 0 0 0 0 0 0 570 0 0 579 0 3115 0 1865 1998 0 288 0 1456 401 0 529 0 0 3048 0 0 0 0 1265 0 0 0 0 0 0 0 0 1698 517 0 0 0 0 0 0 2241 0 0 1877 0 0 0 0 3226 0 0 0 0 1874 0 0 0 1389 1169 0 0 0 1007 0 0 0 0 0 0 0 0 0 0 0 0 0 0 0 3018 2908 0 0 0 3091 0 0 724 3208 2540 0 0 321 0 2247 0 0 1026 0 0 0 0 0 0 0 0 0 2516 0 0 0 0 0 0 0 903 0 0 0 0 1702 0 0 0 0 0 0 0 0 0 1578 0 1791 1909 1687 0 0 939 0 2807 0 0 0 1157 0 0 0 0 0 261 0 0 0 0 0 0 0 0 1126 220 0 0 1071 1396 0 0 2342 635 2318 3137 0 0 0 0 0 2737 3061 2586 0 0 0 0 0 0 939 0 0 1823 0 0 0 0 0 0 2233 0 116 2861 0 0 0 0 0 0 0 0 2556 1405 0 0 0 0 2392 0 0 2761 0 0 0 0 0 0 1341 0 0 0 0 2414 0 2565 0 366 2683 0 0 0 0 0 3183 0 0 1383 1784 0 0 0 2209 0 0 0
0 0 407 0 2745 0 0 0 0 0 0 0 0 0 700 2487 2528 0 0 0 0 0 0 1945 0 0 0 0 0 3300 0 0 0 0 193 0 0 0 0 0 3060 0 0 0 0 0 0 0 0 0 0 0 0 0 244 2359 0 0 0 0 0 0 0 0 0 0 0 0 0 0 0 0 0 0 0 1861 0 190 0 3030 0 0 0 0 3150 0 0 0 883 0 986 0 0 0 0 0 0 0 0 0 0 0 0 1881 0 0 0 2633 0 508 1817 1270 205 0 0 0 0 0 0 0 0 0 0 0 0 0 1490 0 0 0 0 0 0 0 0 1978 0 0 0 0 0 0 1286 2530 1586 0 0 0 0 0 0 731 0 0 1974 0 1792 0 0 1209 0 0 3169 0 0 0 0 0 0 330 0 721 0 0 0 0 0 1388 0 0 951 1167 0 0 0 0 0 0 0 0 0 2088 0 0 0 0 2434 0 0 0 0 0 0 0 2409 0 0 0 0 0 0 0 0 0 400 0 0 0 0 0 2120 2728 977 0 120 0 0 0 0 2427 0 0 0 0 0 0 0 0 0 2576 2207 0 2033 1045 0 0 0 0 1456 0 0 0 2897 0 0 0 0 0 0 0 295 185 0 0 0 1337 0 0 192 1084 0 1310 0 0 0 0 723 0 0 0 0 282 0 891 0 549 0 0 0 0 0 0 0 0 0 2163 0
0 0 0 2111 2148 0 0 0 0 0 0 0 0 1449 0 0 0 1384 0 0 547 1500 0 0 546 0 0 0 0 0 0 0 0 0 3049 0 0 0 1367 0 0 1397 0 2286 1909 0 0 0 0 0 0 1290 981 0 0 0 0 0 0 0 0 0 0 0 0 686 2400 0 1627 0 0 0 0 289 0 0 0 0 0 0 936 0 0 1175 2132 0 0 0 0 0 0 634 0 505 0 0 0 3291 0 1344 0 0 0 0 0 0 0 0 866 1331 0 0 2891 0 0 0 2836 0 2095 0 300 0 0 0 0 1215 0 0 2805 0 0 0 0 0 2876 0 0 0 586 753 0 1862 0 0 0 0 0 0 435 0 0 0 0 0 0 263 0 0 0 0 0 0 0 2104 0 0 0 0 0 0 0 1988 2881 0 0 0 0 0 0 0 0 0 1391 0 0 0 0 0 0 0 827 0 0 2407 0 0 1856 1530 0 0 0 0 0 0 0 0 0 0 0 0 1604 0 3119 0 0 0 0 0 0 2949 0 0 0 0 308 0 0 2795 0 0 3073 0 0 0 0 0 0 1945 0 0 0 0 3069 1376 142 0 0 0 0 0 0 0 0 0 0 0 0 2819 0 0 1294 0 0 0 0 0 1373 0 0 0 242 0 2570 339 0 3067 1441 0 0 0 0 0 1809 0 0 1836 125 647 0 1107 0 0 0 0 0 0
0 0 0 0 0 0 0 0 0 667 0 0 2289 0 0 0 0 240 0 0 0 0 0 0 0 1130 0 3192 2221 0 0 0 0 0 0 2053 0 0 0 0 0 0 1809 0 0 905 0 0 0 0 0 0 0 0 519 0 0 1690 171 0 0 0 1057 2439 0 0 0 0 1246 1580 0 528 0 0 0 0 0 0 0 0 0 0 0 608 0 2572 0 0 0 0 0 0 470 0 0 843 2055 0 0 3238 0 0 0 0 0 0 0 2691 0 0 0 0 0 0 0 0 0 0 0 1607 0 1545 2627 0 0 0 0 0 1669 0 2718 1014 0 2544 0 0 0 0 0 0 108 0 2076 0 0 0 0 281 0 0 0 0 934 0 0 0 0 0 0 0 0 0 0 636 0 0 0 3402 0 0 0 0 0 2572 0 0 0 0 0 0 0 0 0 0 0 1331 0 0 0 0 2948 0 0 1854 0 339 0 1582 0 0 1470 0 2274 0 1634 0 0 0 0 0 0 0 0 0 0 0 840 0 0 0 0 0 0 0 1683 0 0 0 1918 0 943 0 0 2431 0 0 1871 969 0 0 0 0 0 0 0 0 0 0 0 0 0 0 0 0 0 0 0 676 0 0 2600 2514 0 0 0 2110 0 0 0 0 0 1999 0 3362 0 0 0 574 0 0 2693 0 0 0 730 0 0 0 0 0 1108 1279 222 0 0
0 0 0 0 0 0 0 0 0 0 0 0 0 0 0 0 0 0 0 0 0 0 0 3214 0 0 0 2104 2451 2909 2020 0 0 0 0 0 0 0 473 0 0 0 0 226 2005 0 0 0 0 0 1135 0 0 0 0 0 0 2432 0 0 0 0 0 500 0 0 0 0 3087 0 1122 0 0 0 0 0 0 0 0 2849 2787 2379 0 0 0 1527 0 1977 0 2773 2927 0 0 0 783 0 0 3098 0 1797 894 0 0 0 0 0 1469 0 0 2826 0 1653 0 682 107 0 3107 130 0 1141 0 0 0 2747 1998 0 0 0 0 0 0 719 0 2614 0 0 0 0 1681 0 0 0 0 0 2426 0 0 1218 0 156 1489 0 0 0 0 0 3053 0 2181 0 0 3106 0 0 0 0 0 2840 0 0 1329 1950 0 0 0 0 0 0 0 0 0 0 0 0 0 0 0 0 2825 2563 0 0 0 0 0 0 0 0 0 762 0 0 1464 0 0 0 0 0 0 0 627 0 0 0 2198 0 0 0 0 1888 0 0 0 2646 0 0 0 0 0 0 0 0 2734 0 0 2861 0 0 2812 0 1609 2986 0 0 0 435 0 0 3062 0 142 0 0 488 2819 0 0 0 0 0 0 0 1082 0 2000 0 0 622 0 0 0 0 0 0 0 1510 0 0 0 0 0 0 0 0 0 1365 730 2472 0 0 627 0 0 0
0 0 0 0 0 0 0 0 2592 2681 0 0 1024 0 0 0 0 0 0 0 0 0 0 0 0 0 615 0 0 0 0 0 372 0 0 1568 2591 2712 0 845 1557 2205 0 1380 0 0 0 0 0 1178 0 317 0 455 435 0 0 113 2509 0 0 0 0 0 0 0 0 1250 0 0 0 803 0 0 0 0 0 0 0 0 0 0 0 0 890 0 2640 0 0 0 847 0 0 519 3301 0 0 0 0 3067 3057 0 0 0 0 1119 0 0 0 0 0 2868 0 0 357 0 0 0 0 0 0 0 0 0 0 1750 0 0 0 0 0 0 188 0 0 0 2158 1054 0 0 2944 0 0 0 0 0 640 0 0 2672 0 0 0 2662 0 0 0 0 0 0 0 0 0 0 1152 0 1673 0 2338 0 0 0 0 0 812 0 0 0 0 0 0 0 0 0 0 0 0 0 0 0 1163 0 2559 0 0 0 0 2795 0 0 0 0 0 271 0 2578 0 0 727 0 2132 0 0 0 0 0 0 0 1783 0 0 0 0 0 0 2235 0 0 0 0 0 209 0 0 0 0 2037 0 2206 0 2381 0 0 0 0 0 2293 0 0 0 0 1153 0 0 1945 0 0 0 0 2023 763 419 2948 2198 0 0 0 1956 1570 0 0 0 0 0 1874 0 0 0 0 0 2154 0 0 0 0 0 2532 0 1054 991 0 0 0
0 0 0 0 0 0 0 2304 0 0 0 560 0 0 0 0 0 2506 0 0 0 610 2093 0 1881 755 0 1847 0 0 0 0 0 0 854 0 0 0 0 0 2113 0 0 0 0 0 0 2939 0 0 1179 698 0 0 0 0 0 0 0 1988 0 0 0 2506 0 0 0 1847 1934 0 0 3210 0 620 963 0 0 0 114 0 201 0 0 2774 0 0 0 646 0 0 2136 374 0 0 0 0 0 0 0 3015 0 937 0 0 0 0 0 0 0 0 0 0 281 0 0 0 0 0 217 0 358 0 0 2828 0 304 0 2225 0 0 3161 0 0 0 0 2584 2131 0 2046 0 1090 0 0 0 0 0 0 0 0 0 0 0 0 0 0 0 0 0 0 2697 0 0 153 0 0 0 0 0 653 0 0 0 285 0 0 0 0 1233 970 2462 0 3341 1588 1847 0 0 0 0 0 878 0 0 0 0 0 0 0 2680 0 0 0 0 0 1355 0 842 0 0 0 0 0 0 0 0 0 1100 0 0 0 0 0 0 0 0 1123 0 0 849 1663 0 0 1661 0 1230 0 0 0 0 0 2072 3174 1580 0 996 0 0 0 0 345 0 0 2572 0 0 0 0 0 0 0 0 0 705 0 0 0 0 0 0 0 1320 2626 1739 1814 0 0 1240 0 1485 0 0 0 0 0 0 0 606 310 0 0 0 0 0
0 2145 0 0 0 0 0 0 0 0 0 1184 0 0 0 0 0 2870 0 0 0 0 0 0 2028 0 0 0 0 0 0 0 0 0 1665 0 1265 0 0 0 0 0 0 0 0 0 514 0 0 0 0 0 0 1936 0 0 0 0 0 0 0 157 0 0 2227 1907 0 0 0 2892 0 3124 0 0 0 0 0 0 0 0 0 0 2845 1755 0 0 0 0 1836 947 1489 0 0 0 0 0 2230 0 0 0 0 0 0 0 0 0 0 972 2438 0 0 0 0 1135 0 618 0 0 0 0 0 0 0 0 0 0 1402 0 0 0 0 0 0 1943 2351 0 0 0 0 0 0 0 0 0 2647 0 1772 0 121 2477 998 0 0 0 0 3027 1596 0 0 0 1107 2414 0 1274 337 0 0 0 0 0 0 0 0 0 2221 419 0 909 0 2439 0 1798 0 0 0 0 0 0 1247 0 0 1678 0 1431 0 0 157 0 0 0 0 2108 0 0 0 599 0 1585 0 0 0 0 2335 2199 0 0 877 0 0 0 113 1033 0 1570 0 0 0 0 0 678 358 0 0 0 0 3255 0 1730 2563 0 0 0 0 0 0 0 0 0 479 0 0 0 0 0 0 1356 2741 0 0 0 0 1427 2611 0 0 2238 0 0 0 0 0 0 0 0 0 0 0 0 0 0 0 0 943 2496 0 0 0 3039 2969 0 0
0 0 0 0 0 0 0 0 0 0 0 2112 0 0 0 0 0 1662 2192 0 0 2024 0 0 0 3300 560 0 2914 0 0 0 0 0 0 1543 1333 2514 0 0 0 0 0 0 2748 0 0 0 1093 0 344 2042 0 0 1844 689 2192 0 0 1009 0 210 0 2687 0 0 0 0 3007 0 2422 0 424 126 0 0 0 0 497 0 228 2081 0 0 0 0 0 0 0 0 0 0 433 0 0 870 0 0 0 3211 1132 0 772 2463 0 0 0 0 0 0 0 0 0 0 0 0 0 0 0 0 0 590 0 3010 2740 0 1270 3281 0 0 0 0 0 648 1357 2857 319 0 0 2233 571 0 0 631 0 0 2710 0 0 0 890 1860 0 0 851 0 1598 1057 0 0 0 0 0 208 0 2213 1521 0 0 151 0 0 0 2878 0 0 0 732 0 2014 0 0 0 2678 0 0 756 0 0 0 0 0 0 460 1491 0 0 0 0 0 2552 0 0 0 224 0 0 0 0 1452 416 3058 0 0 0 0 267 0 0 0 459 0 0 0 0 2273 2935 0 340 0 0 0 0 1955 0 0 1419 0 0 0 0 0 0 0 0 584 0 0 0 0 818 0 2583 3048 2872 0 0 0 0 0 0 0 0 0 3011 0 0 0 0 0 3146 0 384 0 0 0 0 0 0 0 0 0 0 1311 0 0 0 0 2382 0
0 0 0 0 0 0 0 0 0 0 0 2929 0 2081 0 0 0 0 2223 2422 0 0 0 2452 400 0 0 0 2398 1050 0 0 0 370 0 0 0 0 0 0 0 0 0 0 2389 0 247 0 0 0 0 223 0 3185 914 0 0 0 0 0 690 0 0 0 0 0 0 0 0 0 0 0 0 347 0 0 0 1963 0 0 0 1770 2382 2348 2103 0 1628 0 2672 0 0 0 0 0 0 0 0 0 0 0 0 0 0 0 0 1097 1336 2432 0 0 0 0 2334 0 0 0 0 2662 0 0 0 0 0 0 0 0 0 0 0 0 0 2039 0 0 0 0 0 0 0 1040 0 0 0 0 0 0 0 0 0 0 0 2483 0 581 0 0 0 0 509 1219 0 0 0 781 0 0 2953 0 0 0 1866 0 0 0 0 0 0 0 0 0 0 0 2439 0 0 0 0 0 2860 0 0 0 1406 0 0 0 2141 0 0 0 0 834 0 0 2729 0 0 639 0 0 0 0 0 0 0 0 0 0 0 0 2855 0 0 0 0 0 0 0 0 0 398 0 0 0 0 0 0 0 1358 0 0 2131 0 0 0 0 0 0 0 0 1238 0 0 0 0 0 280 0 0 0 0 0 0 2340 0 0 0 0 0 0 0 0 290 0 0 0 0 0 2569 0 382 0 1387 1952 0 0 2206 1332 0
0 0 0 531 0 0 0 0 1944 0 0 0 0 0 0 0 1168 2596 0 1336 0 0 150 1405 0 2817 0 0 0 415 2358 2427 0 0 0 2857 623 0 0 1942 0 0 853 0 0 0 1786 2941 0 0 0 0 161 0 0 0 0 0 0 1204 0 0 0 0 0 0 0 0 2242 0 1070 814 0 0 0 0 0 0 0 0 3234 2007 0 3004 0 0 1161 0 0 0 0 0 0 0 0 0 0 0 0 0 0 1338 0 0 0 0 1281 0 0 0 0 0 0 2180 0 0 0 411 0 0 0 0 2037 0 0 0 0 1390 0 0 617 2067 0 0 0 825 0 0 0 594 0 0 0 0 0 0 0 0 0 0 3129 0 0 0 0 0 0 0 3149 0 2516 3273 0 0 2712 0 3034 711 2605 0 0 2871 0 0 2848 0 0 0 0 0 0 0 0 0 0 0 0 0 0 0 0 0 0 0 271 0 0 0 0 0 0 0 0 0 0 0 712 0 0 2321 0 0 0 0 2118 0 0 2191 0 3213 0 0 0 1622 0 0 0 2165 0 0 865 0 1488 0 1388 601 0 2258 0 0 0 0 0 0 0 1514 0 2518 0 1927 0 1339 0 3143 0 3119 1760 2265 0 0 706 0 0 0 0 2317 0 0 461 0 0 0 290 757 0 0 0 0 0 0 0 0 0 0 0 0 0 0
0 0 566 0 0 0 0 0 0 0 0 0 0 0 0 2115 0 0 2934 0 0 0 0 0 0 0 0 1547 0 1415 0 0 0 0 0 0 0 0 0 0 0 0 0 0 0 0 0 0 0 0 0 0 0 0 0 0 0 0 0 0 0 0 0 0 1775 1251 0 0 0 0 2249 0 230 0 0 3186 0 2111 1944 0 0 0 2196 2015 0 1648 0 0 1319 0 0 0 0 0 0 0 0 3071 1567 0 0 2474 362 0 0 2418 0 254 951 0 0 191 727 0 0 0 1735 0 1005 0 0 0 0 0 0 0 1443 0 2622 0 2827 1289 0 0 3085 0 2679 0 0 0 0 0 0 2000 3153 0 0 0 2532 0 0 0 0 1369 149 0 0 0 0 1874 0 0 0 0 0 2742 1622 0 0 0 0 0 849 0 0 0 1826 0 0 0 0 0 0 0 0 597 0 0 0 0 0 0 0 0 1047 0 0 0 0 523 0 0 2416 1040 2822 1950 0 0 0 0 0 0 1458 1814 2031 0 0 0 0 0 0 0 0 0 1406 0 0 0 142 1907 0 0 0 2889 0 0 0 0 0 0 0 0 0 0 0 2024 2098 0 0 0 0 0 0 0 0 0 2186 1779 2953 0 0 0 0 0 0 0 3033 0 0 0 0 0 0 0 0 3071 0 0 926 0 0 0 0 0 0 0 0
0 0 0 0 0 0 1977 0 0 0 0 0 2504 1525 0 264 0 120 0 1315 0 0 3047 0 0 0 0 0 351 0 0 0 0 0 0 0 0 0 2788 0 0 0 0 0 0 0 0 0 0 0 2719 0 2614 0 1793 1055 3278 0 0 547 0 0 0 0 0 0 0 0 0 2254 0 0 0 0 0 0 0 0 0 0 0 395 0 3027 0 0 2970 0 0 0 0 1293 0 0 0 0 0 2516 0 0 1574 2830 0 0 1743 0 0 0 0 0 0 0 0 0 0 2921 0 0 0 0 0 1948 0 0 250 3151 532 0 0 0 0 0 0 0 812 0 0 0 0 1700 3040 0 0 0 0 0 0 1478 1791 0 0 0 0 0 424 0 0 0 0 0 0 0 0 0 631 2405 0 0 0 0 0 0 0 953 0 0 0 0 0 0 0 2459 3009 0 0 0 0 0 0 0 0 0 3231 1531 0 657 0 0 961 2634 0 0 0 1573 0 0 0 0 0 0 0 1838 0 0 0 3230 0 0 0 1866 2079 0 1251 0 0 0 2821 0 0 0 448 0 584 0 106 0 196 0 0 0 0 0 0 0 0 2958 0 0 0 0 0 0 1648 0 0 0 0 0 612 2702 0 1927 1961 582 0 0 0 0 0 0 0 0 0 0 0 849 0 3112 0 213 0 0 0 0 0 0
0 2611 0 2228 0 0 0 0 0 532 0 1537 0 0 0 0 0 0 2102 0 2024 0 0 0 0 0 572 0 0 0 457 0 2174 1838 1255 0 0 0 0 0 596 0 0 0 180 0 0 0 0 0 0 0 1013 0 907 0 0 0 403 1134 0 0 2599 0 0 0 0 0 319 0 3062 0 2788 0 0 0 0 0 0 0 0 0 0 0 1053 0 0 0 3067 2576 0 0 0 0 0 0 2189 0 0 0 2053 0 0 0 0 0 2724 0 0 1417 0 0 0 0 0 0 690 1770 234 2805 0 0 1417 0 0 0 0 1455 3114 982 2765 0 0 0 0 0 0 1782 0 0 0 0 0 0 0 0 0 0 0 2322 1935 0 0 3204 0 0 0 0 1527 792 0 0 0 0 0 0 0 0 0 0 0 1065 0 0 0 0 0 0 0 0 0 0 0 0 2260 2253 0 0 0 2626 0 260 0 0 279 0 0 0 0 426 0 0 0 0 1597 0 0 0 1425 0 2946 0 0 2666 0 0 0 1295 2131 3042 0 0 2658 0 0 0 790 0 0 0 0 0 0 0 0 0 0 2031 0 0 0 1818 0 0 0 0 0 0 0 0 2433 0 238 2064 0 1778 0 0 0 0 0 0 0 0 0 0 0 1773 0 0 0 1773 3151 0 0 0 0 0 0 0 0 0 0 0 0
0 0 0 1101 0 0 0 2804 0 0 2144 0 0 1290 0 0 3274 0 0 0 0 796 753 582 1310 3212 2249 0 0 0 0 0 1685 0 0 0 3188 2663 0 0 0 0 0 0 0 0 0 439 0 0 0 0 0 0 241 0 0 0 0 0 0 0 2926 0 0 0 0 0 0 0 0 0 2315 0 0 0 0 0 0 0 0 0 0 0 0 0 869 0 0 0 2114 0 0 0 0 0 499 0 0 0 587 0 0 2552 0 0 0 0 0 0 0 0 0 0 0 0 2045 0 0 0 0 1247 0 0 2913 0 0 0 0 0 0 0 0 0 0 0 866 3175 0 0 0 0 0 0 0 0 0 159 0 1512 0 0 0 0 0 0 3273 0 1710 0 1039 0 2445 990 0 222 0 0 0 1523 174 0 0 0 0 0 0 2692 0 0 0 3276 0 286 0 2687 987 0 2247 0 0 509 1501 0 0 0 0 1287 0 0 795 0 0 2565 0 709 301 0 0 0 2449 0 0 0 0 0 378 0 0 0 2459 0 381 1292 0 1771 0 0 0 0 0 2166 0 0 0 0 0 2468 2057 0 0 2310 0 0 0 110 0 0 0 1545 0 0 0 3005 0 0 0 0 0 0 0 3148 0 0 0 0 0 0 0 0 0 0 0 1211 1884 313 0 0 0 0 0 442 0 0
0 0 0 0 0 1696 0 0 0 0 2499 0 0 0 0 0 0 0 1063 0 0 3111 0 0 0 3127 0 0 0 0 0 766 0 0 0 0 0 0 0 0 0 0 0 0 0 1092 0 128 0 832 0 0 0 0 0 0 0 2980 0 0 0 0 0 1290 2012 1885 0 0 0 0 0 0 0 0 0 0 884 1071 1287 0 2592 1258 0 0 1331 0 0 0 0 974 0 0 0 1721 0 0 2777 0 0 0 0 0 0 0 0 0 3193 0 0 512 0 1959 0 3110 853 1387 0 0 0 0 1123 0 0 1055 0 0 0 0 3121 2379 0 0 517 0 1770 0 0 0 508 1773 0 0 0 0 0 0 0 0 0 0 0 0 0 0 0 0 2723 1438 0 0 0 0 0 2685 0 1101 1476 2689 0 0 0 0 0 0 0 0 3159 0 0 0 0 0 0 342 0 0 1908 0 0 2132 0 0 0 0 0 0 0 0 0 143 2247 0 2606 0 228 0 0 0 0 2631 0 0 1501 0 0 118 1845 0 0 2489 0 0 0 0 1491 1980 1479 2409 180 0 1619 0 3135 0 0 0 0 0 0 0 3126 0 0 0 0 0 2399 2802 0 0 0 1054 0 0 0 0 0 277 0 0 0 0 0 0 0 1525 0 0 0 0 0 3090 0 3284 0 0 0 1583 0 0 0 0 0
0 3190 0 2738 1245 2380 0 0 0 845 0 0 0 0 0 2826 0 0 0 0 0 2100 0 1030 3177 1379 528 0 0 0 0 2550 0 515 0 3067 0 0 0 0 0 0 285 0 425 2465 0 1654 0 0 0 0 0 2028 0 0 1173 0 0 0 820 0 0 0 0 0 0 0 0 0 0 2737 2948 0 0 0 754 0 0 0 0 0 0 0 0 2479 0 0 0 0 0 1689 3084 0 0 0 0 0 0 0 1662 0 0 0 0 1095 0 0 741 0 0 0 0 0 359 1958 0 1630 0 0 0 0 0 1902 969 0 0 1506 0 2307 0 0 0 716 1357 0 1813 2231 0 2010 1168 0 1554 0 0 1298 0 0 0 0 0 0 0 0 2412 0 0 0 0 0 1453 0 0 0 2450 0 1283 0 2835 0 0 0 0 0 103 261 0 0 0 0 1492 0 382 0 0 0 0 1680 335 722 0 0 0 0 0 0 0 0 1428 0 0 0 0 0 0 0 2548 952 0 0 0 0 2354 0 1912 0 1754 2753 0 0 0 0 0 2270 2194 0 0 0 0 0 2935 0 0 0 0 0 0 0 2985 0 0 0 0 0 0 3318 2165 0 0 0 2804 0 0 0 606 0 2380 381 762 0 2651 0 0 0 1599 0 0 747 0 2768 2373 0 3126 0 0 0 0 0 2757 0 0 0
0 0 1853 0 0 0 0 0 1527 0 0 0 2206 0 1485 0 0 0 0 0 0 1197 1204 0 0 2287 0 0 2007 0 0 0 1733 0 0 0 0 0 3044 0 0 0 0 0 0 3327 0 0 0 0 0 1426 2560 0 0 2330 1200 0 0 0 1544 0 0 0 0 0 0 0 0 0 0 0 0 0 2587 0 0 0 0 0 0 0 0 866 0 0 0 0 0 0 0 0 0 427 0 0 2839 0 0 0 1834 2866 0 0 0 0 0 0 0 0 0 0 139 0 0 0 0 0 0 967 0 0 0 0 0 0 0 0 0 0 0 0 0 939 158 1843 0 0 1816 0 0 0 0 1570 0 502 1834 0 0 0 0 0 0 2061 0 0 0 1477 0 0 0 1926 2576 0 2945 0 2064 0 1818 0 0 0 3007 0 382 143 0 2854 0 1769 0 2440 0 0 0 0 0 891 627 0 3172 0 0 2344 0 0 0 0 0 0 0 0 0 0 0 0 0 317 1831 2307 0 0 0 0 0 0 476 0 0 0 0 1306 2921 1594 0 0 0 726 2405 0 0 0 3098 0 228 2887 0 0 0 0 0 0 2380 0 0 0 3252 167 0 0 0 0 0 0 1333 2486 0 0 896 0 0 0 1223 0 0 0 0 2481 1275 0 0 0 0 0 1574 0 0 0 1303 0 0
0 0 1406 0 2425 0 0 0 0 0 3101 0 1449 0 0 0 0 0 0 0 891 0 0 1318 0 0 240 0 0 2697 352 0 295 0 0 0 0 0 0 637 0 2160 0 0 0 0 0 0 0 0 0 0 394 0 0 0 1627 0 0 2377 0 1229 0 0 0 0 0 0 0 0 0 0 2380 0 509 0 0 0 0 0 2166 0 2171 0 0 1540 0 0 0 2048 2862 0 0 0 0 0 202 0 0 1904 0 0 0 0 0 0 2956 0 0 1257 0 0 1475 0 0 0 0 0 0 0 0 0 0 0 2269 0 2797 0 2787 0 0 0 0 0 0 387 0 746 0 0 0 0 1142 0 0 3188 0 0 909 0 0 1920 0 0 0 0 2659 0 0 0 0 0 0 1058 0 0 1519 0 0 0 0 0 0 0 0 0 0 1503 0 0 0 809 0 0 2072 0 0 0 0 0 0 1191 0 0 2585 0 0 0 1553 2362 0 0 0 0 0 0 0 0 0 0 1204 0 0 2516 0 0 0 0 0 713 2588 0 0 0 0 0 0 3122 0 0 628 0 0 0 0 0 0 0 0 0 1125 2232 0 0 2330 0 0 2241 0 2309 2698 0 0 915 0 0 3139 0 1239 989 0 0 1521 0 1237 1030 0 0 0 0 0 0 0 0 0 0 0 0 0 0
0 0 0 0 0 1068 1553 0 0 0 0 2634 0 0 0 0 3174 0 0 0 1349 0 0 0 0 0 0 1525 938 176 2881 0 1268 0 3015 0 2941 0 0 0 3007 0 0 0 0 0 0 1818 1108 0 0 0 0 2727 0 0 0 0 1986 0 2903 0 0 0 0 0 0 0 1942 0 0 2956 2247 0 2660 0 0 0 0 0 0 0 0 0 0 0 0 1844 0 0 0 0 0 2823 0 0 0 0 0 0 1205 2702 0 0 224 3243 0 3113 0 1460 2181 0 1159 0 2436 0 0 3094 0 0 0 0 0 0 0 1621 0 0 0 0 0 2926 0 122 2928 0 3115 1649 0 0 439 0 0 3189 0 3364 0 2495 2437 0 0 0 0 0 0 0 1298 0 0 0 0 232 0 0 0 0 2579 1135 0 1029 0 0 0 0 0 1418 1124 0 0 1760 0 2392 0 0 0 1993 0 0 0 1371 0 0 2440 0 0 0 1767 0 0 2779 0 861 0 0 0 0 0 0 0 0 0 0 0 0 881 0 0 0 0 0 3247 2246 0 0 0 1212 0 0 2546 401 0 0 0 0 0 2372 1711 0 0 0 1575 0 213 0 0 0 0 0 0 0 0 0 2532 0 0 0 1452 0 0 0 0 0 0 997 0 0 0 0 0 1820 0 0 0 0 0 0 0 0 0
0 0 0 0 1194 1041 0 0 0 971 3078 0 0 0 0 0 0 0 1801 2605 0 0 0 0 0 0 0 0 0 0 743 0 644 0 0 0 0 0 0 0 0 821 0 0 0 0 0 0 0 0 0 0 0 2888 947 506 124 0 0 0 0 571 2850 0 2347 0 2121 0 0 0 0 0 0 2784 0 0 0 0 0 0 0 0 0 0 1354 2334 0 0 0 0 0 0 0 1512 0 0 172 0 0 0 0 0 680 0 0 0 0 2419 0 483 0 2849 0 2801 0 0 0 0 0 0 0 0 0 0 0 0 0 0 0 0 0 0 1729 0 0 0 0 0 2986 808 0 1465 0 1491 0 0 0 0 2754 0 157 0 0 933 0 0 1074 0 0 1951 0 0 0 733 0 0 1249 0 0 0 0 0 0 0 0 2096 0 0 0 0 0 0 1929 1206 0 2037 0 891 0 0 0 1607 0 0 0 172 2100 0 0 0 0 0 0 0 0 0 0 3258 0 0 0 0 0 542 0 0 0 0 0 0 0 0 0 0 0 1436 0 0 0 0 0 0 0 0 0 282 0 0 0 0 0 0 0 0 0 0 0 0 0 0 0 0 0 1141 0 0 0 0 0 0 3093 0 1903 0 1791 0 0 0 0 0 0 0 2412 1832 0 0 0 0
0 0 0 0 0 0 0 0 0 0 0 0 0 1770 0 0 0 0 1076 2986 0 0 0 343 0 0 0 0 1365 0 0 0 0 0 0 0 0 0 0 985 0 0 0 0 0 0 0 0 0 0 2752 0 1927 0 0 0 987 3325 0 0 0 2752 0 0 0 2886 0 0 0 2234 0 0 0 2338 0 0 2517 0 0 0 0 0 0 0 0 1609 0 0 0 2448 0 0 0 693 0 0 2421 3082 0 2291 0 2027 2588 0 614 0 942 0 0 0 2741 0 0 645 0 0 0 0 717 0 1268 0 0 0 0 0 3110 0 0 0 0 0 3007 0 311 0 0 0 2137 1625 752 0 0 0 0 0 0 0 0 2676 0 0 2396 2765 0 0 0 0 0 0 0 0 0 0 0 0 0 0 408 0 0 2612 0 0 964 0 0 0 0 0 0 0 1164 1695 0 0 0 0 0 0 0 0 911 0 0 0 1555 0 0 0 0 0 0 0 0 243 0 125 0 0 0 0 0 0 0 0 0 0 0 0 0 0 0 1246 0 0 646 0 1225 0 0 0 0 0 2650 0 2403 0 0 0 1574 2586 0 0 0 0 0 1581 0 0 0 0 0 0 0 355 0 0 0 936 2948 0 0 0 0 0 131 209 0 0 0 848 0 0 297 413 0
0 0 0 0 3393 0 0 0 0 523 0 0 0 2467 3215 0 0 347 0 859 424 0 0 2295 0 0 1574 0 1572 0 2701 0 2422 0 810 1999 1444 3298 918 0 0 0 0 0 0 1192 0 0 0 0 1059 0 0 0 0 1259 2236 0 2680 1823 0 0 2277 299 0 0 0 0 0 0 0 2112 0 0 1336 0 0 0 1328 0 0 0 0 0 0 839 0 0 0 0 0 0 0 2420 1892 0 468 0 829 1675 0 1655 0 1412 0 2222 0 0 1421 0 0 0 0 0 0 0 0 0 0 0 0 197 0 949 0 311 0 419 0 0 0 0 0 0 0 0 0 0 0 0 0 0 0 2709 0 0 2504 0 1682 0 0 210 0 1613 0 0 0 0 0 3226 1694 0 0 1062 0 0 0 2357 0 0 0 0 0 0 2935 0 0 0 3006 0 0 0 1956 1400 0 0 0 0 0 0 294 0 0 0 806 0 1206 2749 0 3084 0 250 0 0 0 0 0 0 0 0 0 1668 0 156 1058 0 0 0 0 0 0 0 1120 0 1064 0 0 0 0 0 0 0 0 1982 0 0 0 0 0 0 2115 0 0 182 0 796 0 0 0 0 3072 2152 0 267 0 0 0 0 1669 0 0 1601 1967 0 0 0 0 0 0 0 0 1791 572 0 0 0
0 0 0 0 0 750 1472 1327 0 0 0 0 1869 0 0 0 0 3011 0 0 0 0 0 0 0 0 0 0 715 0 0 0 0 0 2274 2201 0 0 0 0 2374 0 1541 0 0 1697 0 883 0 0 0 0 1239 0 0 0 0 0 0 1342 0 0 0 0 0 0 0 0 2629 0 0 0 0 0 0 0 897 0 594 0 0 0 0 0 3059 2645 0 0 0 0 2912 1183 0 0 0 117 0 0 1535 0 0 0 0 1718 0 0 1130 0 234 0 2739 0 777 0 0 0 0 544 0 0 945 0 1037 0 0 0 0 0 0 911 0 0 0 0 0 0 0 0 0 0 0 0 0 0 265 976 0 0 2362 645 0 0 0 0 0 0 0 0 0 2299 0 2789 1331 1472 0 0 0 0 0 0 0 0 0 0 0 1894 0 0 1675 0 0 0 0 706 3349 0 0 0 0 0 0 0 0 0 0 0 0 1059 0 0 0 0 0 2104 0 0 0 333 0 0 3111 3267 0 0 0 0 0 0 0 0 579 0 0 0 504 0 0 2419 0 0 0 0 966 3144 0 0 0 2631 0 0 0 0 2070 0 0 2066 0 0 0 0 2865 483 0 0 0 0 1042 2889 0 0 984 0 0 2866 0 0 0 0 0 0 0 0 3205 2424 0
0 0 1137 0 0 1723 2407 1412 0 0 1032 0 2997 0 1858 0 2530 2487 0 0 0 0 0 2580 1818 0 0 1345 0 2295 0 0 657 0 0 0 0 0 0 0 0 0 0 0 0 0 874 0 0 2342 0 0 0 0 0 2095 2690 0 0 1510 0 3141 0 0 792 0 2067 0 0 0 0 0 2000 0 0 0 0 0 0 1604 283 0 2654 2262 2649 0 0 0 0 0 0 3283 0 0 0 0 0 0 0 2920 0 0 0 0 0 0 0 202 0 2724 636 0 1308 2312 0 2121 0 0 0 0 0 0 0 0 0 0 0 0 0 0 0 0 2368 0 0 0 0 0 0 1615 0 2148 1003 0 0 0 0 0 1994 0 0 0 326 0 930 647 3247 1380 0 0 0 0 0 2085 0 0 3107 0 0 0 0 0 1631 2168 0 0 985 0 0 0 0 0 0 3284 0 0 0 0 0 0 2062 0 686 0 0 0 2540 0 0 0 0 0 1319 0 0 0 0 0 0 0 0 0 0 0 3171 147 0 0 0 0 0 0 0 0 0 1937 0 0 0 2528 2914 2042 0 0 0 2611 1224 519 3055 0 0 1341 0 0 1257 0 0 0 3054 0 0 0 0 0 0 0 140 0 0 0 0 0 0 0 0 0 1958 804 0 0 1025 0 0 0
0 0 0 0 398 0 0 450 0 0 0 0 0 0 0 519 0 0 0 0 0 1781 0 0 815 0 0 0 0 0 0 0 0 0 0 0 0 0 3090 0 2871 0 0 0 672 2580 0 0 0 0 0 0 0 0 0 0 0 0 0 0 0 0 0 1908 2837 3194 0 0 0 0 2783 0 0 0 0 0 875 0 1349 1463 0 0 0 0 0 0 316 1825 0 1879 0 0 0 0 0 3027 0 0 0 0 248 0 2724 0 0 0 0 0 0 0 472 0 0 1756 0 0 1167 0 0 0 1814 2710 0 0 2327 1743 0 0 0 0 0 0 0 0 1355 0 0 0 0 0 0 0 0 0 1542 0 3158 2580 0 0 782 0 221 0 2285 0 0 0 765 0 2235 0 0 0 0 0 0 0 0 0 0 3110 2930 0 1793 0 0 0 0 0 0 1417 0 0 2456 0 0 0 0 681 0 0 0 0 2542 0 0 0 0 1817 323 1841 0 441 0 0 0 0 607 0 0 0 0 0 0 0 0 1562 0 0 0 0 0 0 0 256 0 0 0 0 0 0 0 1433 2298 1974 0 0 0 0 0 0 0 0 0 0 0 0 0 0 0 779 0 0 1728 0 0 2481 2939 0 0 0 0 0 0 0 0 0 0 0 0 0 0
0 0 1470 0 0 0 0 736 0 2531 0 0 337 0 0 0 0 0 0 1021 0 0 0 0 0 2479 0 0 0 0 0 3346 2347 0 1684 2654 0 1473 1333 0 0 0 0 0 0 0 0 0 0 0 170 920 0 0 1010 1954 0 3210 202 473 0 1828 0 0 0 0 0 2634 0 1191 2557 461 0 0 0 0 0 2569 0 0 571 0 1269 0 1973 0 1068 0 0 0 0 0 0 0 0 0 0 0 0 0 0 0 0 0 0 0 3151 0 0 0 0 0 0 0 0 2281 0 0 0 867 0 1173 0 933 818 0 0 179 0 0 2284 0 0 0 0 1207 0 0 0 0 0 1546 0 0 0 0 0 2204 0 1764 0 0 0 0 0 0 0 0 2581 0 0 0 3211 0 1736 0 2233 0 0 0 0 0 0 0 0 0 1570 0 0 0 0 0 0 110 0 0 3026 2863 0 1049 0 0 0 0 430 1007 0 0 0 0 0 0 0 1206 0 0 0 0 0 0 3245 0 0 0 0 0 525 3241 0 0 0 0 0 0 580 0 832 0 2733 0 1745 1893 0 0 0 0 0 0 0 0 0 0 0 0 0 0 1912 511 2712 3226 0 0 0 0 2193 0 0 0 0 0 0 1994 0 0 0 0 2175 1050 1921 0 0 0
0 0 565 0 703 0 0 1061 0 0 0 311 2864 3315 0 0 0 0 415 0 0 0 1956 0 0 0 0 2931 0 0 0 0 1332 0 1258 0 0 0 0 432 0 1188 0 0 0 0 0 0 0 0 1897 0 0 2994 167 0 0 0 0 0 1774 0 289 0 0 0 0 3089 0 2059 0 0 0 0 0 0 0 402 0 0 2695 0 0 0 0 0 2532 0 0 424 2015 0 491 0 862 0 1023 0 0 0 0 3081 0 0 0 0 2058 0 0 0 0 0 0 184 0 0 0 0 0 0 0 0 0 0 0 0 0 0 1407 0 0 0 0 199 2744 1579 2114 3005 0 0 0 2027 0 0 0 0 1082 0 0 0 0 0 0 0 0 896 0 0 3092 1167 0 247 1215 817 0 0 0 0 2812 0 0 0 0 0 0 0 0 3180 865 0 409 0 0 0 0 0 0 0 516 0 0 0 3297 0 2874 1274 0 380 0 0 538 0 0 1219 0 2433 1968 415 0 408 0 0 0 0 836 0 0 1792 0 0 0 0 3069 0 2569 0 0 1535 0 0 0 2441 0 0 0 0 0 0 0 0 0 0 0 0 0 0 160 0 0 0 0 0 2944 0 597 0 0 0 1940 0 0 568 1997 1572 1842 0 0 2084 0 0 0
0 0 0 0 0 0 0 0 0 0 1508 0 2778 0 0 2597 0 2826 1174 0 714 0 0 0 0 1459 591 746 463 1839 2512 0 0 2647 2247 0 0 0 0 0 0 0 0 0 0 2706 1011 0 0 1406 0 0 0 0 0 0 2585 0 3097 0 0 0 0 0 0 0 0 0 3141 0 1375 0 0 0 0 0 2942 0 0 0 0 0 0 0 314 0 0 2066 0 0 0 0 0 0 0 0 0 0 0 0 512 0 0 0 0 0 0 105 0 0 0 0 0 0 0 282 0 0 0 0 0 0 0 635 0 0 0 0 0 0 0 1659 0 0 2208 0 1672 0 0 0 0 0 0 0 1442 0 0 0 0 0 0 0 0 313 2418 0 0 0 173 0 0 0 1777 0 2661 0 0 0 0 0 0 0 0 1442 0 0 0 0 0 1569 0 339 0 0 0 1009 0 0 0 798 3192 0 0 0 0 0 742 0 0 2977 0 2849 0 2905 2856 0 0 0 0 0 0 0 254 0 0 0 0 0 0 0 0 0 1677 0 0 0 1045 0 0 0 0 0 0 0 2766 2559 0 0 0 1866 300 0 0 0 0 0 0 2860 1432 0 834 0 1766 0 0 3214 0 948 0 0 0 0 0 0 0 0 1205 0 0 0
0 0 0 0 0 0 0 0 858 2951 0 0 0 0 0 0 797 0 0 0 0 0 0 0 0 0 0 1012 0 0 0 1171 0 0 0 2443 0 604 0 2727 987 0 0 0 0 1568 0 318 0 0 0 0 0 0 0 0 0 0 1297 643 0 487 0 0 0 0 0 0 0 2680 1238 0 0 0 0 2621 0 0 0 0 0 0 0 1179 0 0 0 942 0 0 0 0 0 578 0 0 0 0 0 0 2145 0 0 0 0 0 3241 0 0 0 219 0 0 0 0 0 0 0 0 0 0 0 1613 0 0 0 0 3109 0 0 0 1162 0 0 0 2549 231 1640 0 0 0 1619 0 0 0 0 0 476 0 2890 1161 663 0 1660 0 0 0 2715 0 1960 0 0 0 0 0 0 0 1095 1850 0 0 0 0 0 0 0 0 0 0 0 0 0 762 0 0 0 0 0 0 3142 2176 0 0 0 0 0 0 0 0 0 2855 0 0 0 0 0 0 0 0 147 0 0 0 2666 0 0 2907 0 0 1470 1003 0 0 0 0 0 2080 0 1194 0 1787 0 0 0 1663 0 0 526 0 0 3184 0 2434 0 0 0 0 0 0 0 1461 0 0 0 0 0 0 0 0 638 0 0 0 0 0 0 0 0 0
0 0 0 0 0 0 0 0 0 1047 0 0 1652 1258 0 1253 0 0 1766 0 3270 0 0 2155 1589 0 0 0 1667 0 0 0 0 0 0 0 0 0 0 0 0 0 0 0 0 0 2353 0 0 0 0 0 0 0 0 0 0 0 0 0 1844 0 0 0 1441 0 0 0 400 0 792 0 343 0 162 0 0 677 0 0 1536 0 0 0 0 0 0 978 0 0 0 0 0 0 0 0 967 0 0 0 0 0 0 616 2662 0 0 801 0 0 0 0 0 3152 2916 0 0 0 0 0 743 0 611 0 0 0 688 0 2833 0 814 0 0 0 0 0 0 0 0 0 0 0 0 0 0 0 0 0 2253 0 168 1850 0 0 0 0 0 1657 0 0 0 1591 0 0 0 0 2597 2544 0 0 0 0 0 0 0 0 0 0 2331 0 0 0 1579 0 1257 0 0 0 0 1453 2767 0 0 2792 0 2836 0 2766 0 555 0 0 0 0 736 0 0 288 0 0 0 0 0 0 0 0 183 0 968 2210 0 2976 0 324 0 2455 0 3038 2876 0 2636 0 0 0 0 0 0 0 1947 0 0 0 0 0 0 0 0 0 0 2065 2768 0 769 2510 0 1220 1628 0 703 0 0 0 0 605 0 0 0 0
0 0 1855 0 0 0 0 0 0 0 1701 0 2201 0 0 0 0 0 2866 0 825 2134 0 0 0 0 0 0 0 0 1547 0 0 749 0 0 298 0 0 0 0 0 0 0 0 0 1728 0 547 0 0 3275 2419 0 200 881 0 0 1890 0 0 0 0 1296 0 0 0 0 0 0 0 2671 0 0 1024 0 0 0 2797 0 0 1659 3146 0 0 0 0 0 0 0 0 0 0 532 0 0 0 0 0 0 0 0 0 0 0 0 2253 0 0 0 0 3066 2669 0 0 0 0 0 1062 0 0 1913 0 0 0 2834 0 0 0 3301 3043 0 0 0 0 3122 3128 2136 0 0 0 0 0 0 0 0 0 0 0 0 0 0 0 0 0 1309 0 0 1265 0 0 0 0 0 0 0 846 0 0 536 0 0 319 0 0 0 1762 0 0 0 0 0 0 0 2217 0 0 0 0 0 0 0 1037 0 0 3083 0 0 0 0 0 0 1928 2019 0 0 0 1327 0 0 2964 0 0 0 0 0 2649 0 0 0 0 600 0 0 0 1735 0 1108 0 0 2478 0 735 2394 0 2773 0 0 153 0 0 0 1359 0 0 0 0 0 903 723 0 0 0 208 0 0 0 0 2816 0 403 0 0 230 0 2591 0
0 0 0 0 0 0 0 0 0 0 0 0 765 2037 0 0 0 0 0 0 0 0 0 0 0 0 0 1652 475 0 0 0 0 0 1084 0 0 0 0 0 0 1341 358 0 0 0 0 970 0 114 0 0 1812 0 433 0 0 0 0 0 1590 0 1924 3267 1325 0 0 0 0 0 0 1352 0 0 0 0 2447 0 0 0 0 0 0 0 0 2690 0 0 0 0 0 0 2794 0 0 2164 2631 2595 3159 0 1862 0 3160 0 0 0 0 2693 0 0 3027 0 0 1442 0 0 0 0 0 2005 0 0 0 0 279 0 0 0 0 0 0 3140 0 0 600 0 0 0 0 0 0 2223 0 1259 0 0 0 0 0 2540 0 0 0 0 2074 0 1638 0 0 0 2821 2435 0 0 0 0 0 2196 2936 0 0 0 0 0 311 0 0 0 0 2992 2388 718 0 0 2978 1436 0 0 0 2521 960 0 0 0 0 0 1893 0 0 0 2090 0 2548 0 0 0 0 0 0 0 0 981 1404 0 0 0 0 0 0 0 1477 0 2165 0 3244 0 935 0 0 0 0 0 0 0 0 2986 0 0 0 0 1267 3288 0 0 0 0 0 0 280 0 0 0 0 0 0 0 0 0 0 0 1200 0 0 0 0 0
0 0 0 0 0 3062 3325 0 0 0 0 0 0 0 3171 0 0 0 0 0 0 1168 629 0 1476 0 0 0 0 0 0 2508 0 0 1723 0 0 0 1159 0 1384 388 0 424 3121 2128 0 0 0 0 2475 0 0 0 0 0 0 0 0 0 0 0 0 0 189 0 0 0 738 0 0 3228 541 0 0 0 0 0 0 0 0 0 0 0 0 0 0 0 0 0 0 0 0 0 0 0 2355 0 0 0 0 0 0 0 0 0 0 0 2157 0 0 0 0 668 0 0 0 0 0 0 0 886 0 0 0 0 0 165 0 0 0 0 0 2759 0 0 0 0 1793 1344 0 0 0 0 0 0 0 1353 0 1071 0 2638 1275 0 0 2984 751 0 0 0 1132 0 0 0 0 0 2668 0 0 0 0 0 0 0 0 0 1109 0 0 0 0 0 0 0 2843 1540 0 0 0 230 2959 0 0 0 2417 1487 0 0 2363 0 2431 0 0 0 0 0 0 958 0 2489 1821 0 0 1002 3314 2114 0 941 0 2284 0 0 0 2706 0 0 0 0 0 0 99 0 0 0 0 0 0 0 0 1736 0 0 0 0 0 0 0 0 0 0 0 0 0 0 0 0 2619 3148 0 0 0 0 0 2469 0
0 682 0 0 0 2087 0 0 0 899 0 2290 0 0 0 0 0 0 806 0 0 0 2760 2775 0 1693 0 851 2760 0 0 0 0 2552 0 0 2492 0 0 1490 759 1083 0 0 0 2279 0 0 0 0 1068 0 0 2534 0 1742 0 0 0 693 0 920 0 0 0 1488 0 1430 2896 1491 0 0 0 0 0 0 0 0 0 0 0 0 0 0 0 0 0 623 0 1136 0 285 2286 0 0 0 0 0 3012 0 0 0 0 0 0 0 0 0 0 0 0 0 0 0 2720 0 0 0 0 0 0 1843 0 1797 2791 0 0 0 0 696 1329 0 2272 0 0 0 0 2843 0 2543 0 760 0 0 0 0 0 1563 0 0 0 0 0 0 137 0 629 1927 0 0 0 2484 1372 402 0 1389 0 0 1949 0 0 0 410 0 0 0 0 0 0 0 0 0 2888 0 0 0 2147 0 0 0 0 0 0 0 0 0 1591 0 0 0 0 2596 0 0 0 0 0 0 0 0 0 0 0 0 2248 0 0 0 0 0 0 0 638 0 0 0 0 0 0 0 0 0 1826 0 0 0 0 0 0 864 0 0 1042 0 0 370 0 0 141 314 3233 0 0 0 0 0 0 2838 0 0 1635 0 0 0
0 0 0 0 1927 0 0 2420 0 1714 2122 0 2376 0 0 1722 0 0 0 0 0 1078 3154 0 237 0 0 0 0 0 0 1401 837 0 0 2973 961 0 0 1045 0 3369 0 0 0 3036 0 1918 0 0 0 0 1597 3251 0 0 0 0 1136 0 0 0 288 1482 0 982 1193 306 613 0 0 0 0 0 0 0 994 0 0 2415 0 0 635 0 2094 0 0 0 2947 0 0 0 0 0 2596 0 0 0 0 0 0 0 318 0 0 0 0 0 1212 2870 0 0 943 0 0 0 0 424 2779 1358 0 0 0 1494 291 0 0 0 0 0 0 0 0 2116 585 0 0 0 0 0 0 1555 0 2108 0 0 0 0 327 0 0 0 0 0 1895 0 0 0 0 0 214 0 0 0 0 2937 0 1010 0 0 0 0 2900 0 0 0 1904 786 2330 0 1964 3052 3148 0 0 0 0 0 290 0 0 0 0 0 0 1568 695 0 104 0 0 0 0 0 0 0 0 0 0 0 0 1760 0 0 0 0 0 0 2493 0 0 2021 0 0 0 0 0 0 0 2059 0 0 0 0 2335 0 0 1963 0 0 0 0 0 1380 0 0 0 0 0 0 0 0 0 0 955 603 0 331 0 0 0 0 0
0 3058 1140 0 0 0 0 0 0 0 0 0 0 0 3004 0 0 0 0 971 0 2000 3178 0 2039 0 0 0 0 1300 0 0 0 2177 0 0 0 0 0 0 2495 0 187 0 0 0 0 2642 0 0 2858 0 0 0 0 0 0 0 0 0 0 267 1515 0 0 0 0 0 0 0 0 1325 0 0 0 0 0 0 0 0 0 0 0 2361 0 533 878 3054 0 0 0 2758 296 0 0 2448 0 0 2965 0 0 0 0 0 0 0 0 0 0 3288 0 0 0 0 0 0 0 0 0 2513 0 0 3194 2741 1200 0 0 0 0 2513 1174 0 0 0 0 2323 0 1975 0 0 0 0 582 0 203 1063 0 903 0 0 2251 0 0 0 102 0 0 0 2295 0 0 0 0 0 0 0 0 0 0 0 2849 557 0 0 0 0 0 0 2700 0 0 0 0 0 0 0 1067 2555 0 0 0 0 1788 0 0 0 0 0 0 0 380 0 0 0 0 0 0 0 0 0 0 0 0 0 1068 0 0 0 2848 0 0 0 0 0 980 0 0 0 0 0 0 1715 0 0 1941 1205 0 0 0 0 0 0 0 0 0 0 0 2937 0 532 0 0 0 0 0 0 0 0 0 2287 0 0
0 0 0 2881 0 0 0 321 0 0 2644 2122 0 0 0 0 0 0 0 0 3287 0 0 0 0 872 0 0 0 0 0 0 1317 0 0 0 0 0 0 0 2697 0 0 3172 0 0 0 0 3226 2562 2554 0 1037 1029 0 0 0 0 0 2296 445 170 463 2252 0 0 0 0 0 0 0 0 0 0 0 667 0 0 0 0 0 0 2538 0 0 0 0 0 0 0 0 0 395 1505 0 0 0 0 0 0 1508 0 0 0 0 1596 0 0 0 0 0 0 3090 0 0 0 2984 0 0 3058 0 0 0 0 0 0 0 0 301 0 2819 1047 0 0 0 0 0 0 0 0 445 0 0 0 0 0 0 1463 1395 0 0 0 0 0 0 2163 0 0 0 0 0 0 0 0 0 0 0 1391 0 0 0 2207 0 0 0 0 1485 0 0 0 0 331 0 0 2820 2544 0 0 0 596 1276 0 0 3219 0 0 0 2334 0 0 0 0 0 0 0 0 0 0 414 0 0 2359 0 1266 0 0 0 0 0 2623 0 0 0 0 0 0 0 0 0 0 0 1367 678 0 3288 0 0 0 0 3283 1939 0 0 0 0 0 0 0 0 0 2310 3168 0 0 0 0 0 0 2823 0 0
0 0 0 0 0 0 0 0 0 0 0 0 0 0 0 0 0 0 0 0 1928 2018 0 0 0 0 0 3151 686 0 0 0 0 0 0 0 0 0 2765 0 620 2359 0 0 1489 0 1480 0 0 0 0 0 0 2092 1245 0 0 1530 0 2981 0 0 0 0 618 0 2608 0 0 0 2118 0 0 1494 0 0 2604 780 0 1444 0 0 0 0 0 0 1334 0 0 0 0 3168 0 0 3073 2964 0 0 3129 2110 0 0 0 0 0 1101 2308 0 2943 0 0 1094 0 0 385 0 0 0 0 2079 2273 0 0 0 0 0 0 0 0 0 0 2557 817 2269 0 1267 0 0 0 0 0 2030 0 0 0 0 0 0 0 0 0 0 2758 0 0 0 1864 0 0 1653 0 0 1950 0 0 0 0 0 0 0 401 0 0 259 0 329 2490 0 0 2113 0 0 0 2791 0 700 0 2865 2517 0 0 3094 2291 0 0 0 0 0 0 1528 3310 0 223 0 0 0 0 0 803 0 0 1340 0 0 1329 0 1158 0 0 1854 0 2786 3151 0 0 0 0 0 0 0 0 3154 0 567 0 0 0 0 0 0 2627 0 0 0 0 0 3026 1263 0 882 0 0 544 0 0 0 0 0 0 0
0 544 0 0 0 0 0 2515 0 2331 0 1039 0 0 0 0 495 0 0 0 0 3000 0 0 0 0 0 0 0 0 0 641 0 2240 0 153 0 0 0 0 0 0 0 0 608 0 0 0 2418 0 0 0 1127 0 1795 0 2255 0 2627 0 0 1693 0 0 0 2937 0 0 0 0 0 0 915 0 0 0 1600 0 0 0 0 0 0 0 0 0 2811 2795 0 0 0 0 0 2817 0 0 0 0 2552 0 0 0 0 0 0 0 0 1981 0 789 0 2716 0 1768 0 687 0 0 0 0 0 0 0 0 0 3132 0 0 2363 0 2511 0 0 0 0 0 0 0 3051 0 0 0 0 0 0 642 1006 0 2223 0 0 1931 0 0 0 0 3088 0 3093 0 0 0 1802 1857 0 0 0 0 0 0 3059 1452 0 0 0 2616 0 0 0 0 2195 0 0 0 2324 0 0 2912 0 0 0 0 0 0 0 0 1352 792 0 0 0 0 0 2604 0 153 0 0 0 0 0 0 1755 0 2114 123 1825 0 0 1807 0 0 0 1174 0 0 0 0 1647 0 0 2556 0 0 0 116 0 0 0 0 1028 0 2398 0 2437 0 1287 0 963 1951 395 459 0 0 0 2487 0 0 0
0 2006 0 0 0 0 1100 0 0 1919 0 0 0 0 0 0 937 0 759 0 0 0 0 0 0 0 0 0 234 1155 0 0 2673 0 0 1376 0 0 0 2082 0 0 147 0 1924 0 0 678 0 0 0 3084 0 0 0 0 0 401 0 0 1685 1251 3027 0 0 0 0 0 2041 0 2407 0 258 1888 0 0 0 0 746 0 0 0 1301 424 0 0 0 0 0 0 2629 0 0 0 2712 0 0 1532 163 2397 666 3208 0 0 0 3105 0 0 683 0 0 0 0 0 1004 0 0 0 0 0 0 0 0 1541 0 380 0 0 0 954 3185 1222 0 0 0 0 0 0 0 0 0 0 2182 2862 1906 0 2423 0 0 0 0 1142 0 407 0 2957 0 2574 0 1425 740 2031 2722 0 0 0 0 0 0 2786 0 0 0 0 0 0 0 3014 1747 0 1211 0 0 1411 0 0 0 173 0 1457 0 0 0 2748 0 0 0 0 0 0 3031 0 250 0 0 0 0 0 2555 0 0 0 2994 0 0 0 0 344 0 0 0 0 407 0 967 0 0 176 121 0 0 0 0 0 0 281 658 0 0 0 0 1419 0 0 0 0 0 960 0 0 0 0 1899 0 0 0 0 0
0 0 1923 0 2394 0 0 0 0 0 229 0 0 0 1755 502 0 3034 3355 1366 0 0 1142 2374 0 0 0 3376 0 0 0 3071 1324 0 0 2981 1296 2911 0 0 2207 0 2934 0 0 0 0 0 0 0 1642 0 0 0 0 0 0 0 2164 0 0 0 0 0 0 0 0 0 0 1989 1252 0 0 2020 1345 0 3167 0 0 352 0 0 0 0 0 0 0 0 0 0 0 0 0 0 0 0 0 0 0 0 0 1258 2924 0 0 0 0 2054 0 0 0 0 0 760 0 0 0 2770 0 0 0 0 2846 0 2319 0 1938 0 0 0 0 0 0 936 0 0 0 0 0 0 0 0 0 0 0 0 0 0 2085 1022 0 0 0 354 0 0 0 0 0 0 0 0 0 0 0 0 0 0 0 0 0 0 0 2905 2101 0 0 0 0 0 0 1844 0 0 0 1679 0 0 1086 2822 0 0 0 0 0 0 0 0 0 0 2971 0 0 1236 0 0 0 0 0 2318 0 2537 0 0 0 0 2490 0 0 0 2907 0 0 0 0 0 0 0 2395 0 0 0 0 0 0 2030 1612 0 0 0 0 0 0 920 0 0 0 2909 0 0 0 0 3185 600 0 0 0
0 0 0 0 0 0 0 1469 0 0 0 0 0 1410 0 0 607 0 0 697 0 0 0 0 0 1754 0 287 0 611 1409 1772 0 338 0 0 0 0 555 0 739 0 0 0 1478 0 0 0 2063 0 3355 0 0 759 0 3033 134 0 206 358 2691 0 900 0 0 0 0 0 438 0 0 0 0 1513 0 2678 0 2193 0 967 2846 0 300 0 2670 1320 0 534 0 0 0 0 0 0 0 1608 0 1313 1484 0 3056 0 0 0 0 0 0 0 0 0 0 0 0 0 776 0 0 0 0 0 0 0 1755 0 0 1072 0 0 0 0 0 2244 0 2827 0 0 0 0 0 3256 1781 1220 3043 0 0 0 1558 0 0 0 0 0 0 0 0 0 0 0 0 0 0 0 0 0 1468 0 0 3031 0 0 0 2272 0 1182 0 0 0 0 0 0 0 0 912 0 3163 538 0 2570 0 0 0 0 0 0 2598 0 0 0 1746 0 0 0 0 0 0 0 2993 0 0 0 0 0 0 0 0 0 0 0 1522 0 1527 0 0 0 274 0 0 0 0 0 0 2443 1070 0 0 0 1416 0 0 0 0 3016 0 0 0 0 1964 0 0 1289 1030 0 1393 2038 0 0
0 0 1663 0 552 0 0 0 0 0 0 0 0 0 0 0 0 0 0 0 0 0 399 0 1389 1860 0 2887 0 0 0 0 2393 0 0 0 1948 0 1146 1742 0 0 249 0 932 0 0 557 0 150 0 0 0 1702 0 0 0 0 0 0 0 239 0 0 0 385 0 0 0 0 0 582 0 2582 0 0 0 0 0 0 0 0 0 0 0 0 0 0 0 0 0 0 733 2335 0 0 2415 0 0 0 0 664 149 2252 0 0 0 2121 0 0 3215 0 0 0 0 0 0 0 2575 0 0 0 1335 0 0 0 0 1904 0 1359 0 3006 0 0 0 1605 0 0 0 0 0 0 0 1233 2871 0 0 0 0 0 0 0 1470 0 2947 0 0 0 2454 0 0 162 207 0 0 0 0 0 0 0 0 2246 0 2659 0 1012 0 0 2246 545 0 0 0 0 2072 1014 0 0 2730 0 0 3235 1898 0 0 0 0 0 0 2745 959 0 332 0 992 0 0 0 1531 2103 710 2598 0 0 930 0 0 0 0 0 0 0 0 1856 1623 0 0 0 0 0 0 0 0 0 1798 0 0 0 0 0 0 0 323 2661 0 0 0 0 0 0 0 0 0 0 0
0 0 0 0 580 0 0 0 0 0 3011 418 0 0 0 0 0 0 0 155 1991 0 0 0 0 3140 0 0 0 0 0 311 3413 228 2931 2869 0 0 0 2336 0 0 0 0 0 2218 0 0 0 0 1184 782 2550 0 0 0 0 0 0 2828 0 0 0 0 2760 1621 0 2043 3267 0 0 0 0 0 315 0 839 3136 0 0 0 0 0 0 0 295 0 1929 0 0 0 0 0 0 0 0 0 0 0 0 0 0 0 0 0 0 723 3052 0 0 0 549 3219 0 0 0 2831 1468 702 0 0 0 0 0 0 0 0 0 0 0 0 0 0 1711 1879 0 0 0 2488 0 2938 0 0 0 0 0 0 191 1982 0 3347 0 0 753 0 0 0 0 0 0 0 918 0 0 3003 0 0 0 0 2366 1039 0 0 0 0 0 0 0 0 2906 0 0 0 0 0 0 0 0 0 0 0 926 112 0 0 0 0 0 0 0 0 0 2141 1750 0 0 3127 0 0 0 0 0 0 1152 0 0 0 1200 715 447 0 2606 0 0 1888 2257 0 0 0 1087 1878 2738 748 0 0 0 0 0 0 2686 1697 0 0 0 0 0 0 0 0 246 0 0 0 0
0 204 0 0 2707 0 0 0 0 2455 0 532 0 0 1548 0 0 0 0 0 0 0 0 0 0 0 2926 1360 0 0 0 0 923 0 0 558 0 0 0 0 0 0 0 607 0 0 0 0 0 0 2726 0 0 0 0 0 0 0 0 0 0 0 0 1008 0 0 0 249 0 0 1963 0 0 0 0 214 0 0 687 0 0 1132 0 0 0 0 842 0 0 0 2209 0 0 316 0 0 2171 0 0 1595 1659 1417 2562 0 3021 0 0 1169 2384 0 0 0 0 2062 0 0 721 0 0 0 225 1234 418 991 965 0 0 0 1220 2148 0 2467 0 0 0 0 0 0 2617 0 0 0 1621 0 0 0 1981 0 0 1192 0 0 0 0 0 558 0 0 0 0 0 0 0 0 0 0 0 2216 0 0 0 0 1808 0 0 0 0 0 0 2134 0 0 0 0 0 0 0 0 0 0 0 0 0 0 0 0 0 0 0 0 0 0 0 0 0 0 0 0 0 0 0 0 0 0 0 653 1881 0 0 0 2103 0 0 0 0 0 582 0 0 0 0 0 0 0 0 0 0 748 1798 1538 0 0 0 2146 0 0 1914 0 675 0 2932 0 0
0 0 0 0 0 0 0 2909 2755 1469 0 0 0 0 566 0 0 0 0 0 0 0 903 480 1495 1290 0 0 0 0 0 500 0 0 0 0 0 2827 0 0 0 954 0 406 0 0 0 0 0 0 2719 0 410 1778 0 0 0 0 0 0 0 865 1972 0 0 0 1666 1376 467 0 1941 0 0 0 0 1706 0 0 0 0 353 0 1648 0 0 2515 0 0 0 0 0 0 2924 0 0 0 2241 0 2849 1011 0 0 0 0 0 0 3043 0 0 0 2039 2120 0 0 0 0 0 0 0 0 0 198 0 0 0 0 1636 0 0 0 1589 0 3115 1756 0 0 0 692 0 0 0 0 2943 0 0 1880 3018 2060 0 0 0 3035 0 0 0 0 0 0 0 0 0 142 2331 2434 0 0 1084 0 0 0 3077 0 0 625 0 0 516 0 0 0 0 0 2433 0 0 0 0 2872 0 2899 0 0 0 0 1177 0 0 0 1202 336 2959 0 0 0 2718 0 0 743 0 2324 1404 0 1317 0 0 0 0 1930 0 0 3217 0 0 0 0 1389 0 0 0 0 0 1024 1251 0 1419 0 0 140 0 0 0 0 1372 762 0 1187 0 579 1095 0 0 0
0 2746 1350 0 0 0 0 0 0 0 0 1298 0 614 0 0 0 0 793 0 0 0 2595 421 0 0 3229 0 0 0 2988 0 0 0 0 0 2037 202 0 1432 0 0 0 0 968 0 0 2288 0 0 0 0 0 0 965 2382 2441 0 0 0 0 0 0 0 0 0 801 0 265 0 0 0 0 0 0 2434 0 0 1621 0 0 3140 3011 0 0 0 3196 1166 0 2266 0 0 0 1644 0 0 0 0 0 0 0 0 957 0 0 0 1210 0 0 0 0 0 0 0 0 0 0 3264 0 2866 0 0 0 0 0 2911 0 0 0 0 0 2989 0 0 0 0 0 0 0 0 0 0 0 1575 0 1841 0 1591 0 0 1627 1734 0 1451 0 0 0 0 0 0 2658 0 0 3158 3011 0 0 2250 0 0 0 0 0 0 0 0 0 2850 0 0 0 0 0 222 0 0 2548 666 2966 0 0 0 951 0 628 1132 0 0 0 0 0 0 0 0 892 0 0 0 2779 0 0 0 0 3175 2901 0 2511 0 0 0 0 0 2511 0 2550 0 0 0 1121 0 0 0 0 1447 3350 0 0 0 0 0 0 0 3188 196 0 0 0 0 895 0 0
0 0 0 0 0 2401 158 0 0 0 0 0 0 0 0 445 0 0 2036 0 0 0 0 0 0 0 0 0 0 0 0 2559 0 0 0 1987 0 0 0 924 0 0 0 0 0 0 1434 322 0 0 0 0 0 0 0 0 0 0 0 0 1358 0 0 2580 0 0 473 1398 0 0 1989 0 0 0 0 0 0 0 991 0 2209 0 0 0 0 1966 1358 664 0 1974 0 0 0 0 0 2086 0 0 0 0 0 0 0 0 763 0 0 2271 0 0 2445 0 2959 0 1592 0 0 777 0 0 1631 3078 0 943 1380 3326 0 0 2757 0 0 0 0 0 0 0 0 0 0 0 0 0 0 0 0 0 0 0 2792 0 0 0 0 0 2299 1311 2194 0 0 0 781 1871 0 0 0 0 0 552 0 2705 0 0 0 0 0 2643 0 2284 0 0 0 0 0 0 0 0 0 0 0 1705 2023 326 0 0 743 0 0 0 0 2364 0 0 497 178 0 0 0 2269 0 2966 0 0 0 0 0 0 432 0 0 0 0 0 0 0 2827 0 0 0 993 0 0 0 0 1214 1086 0 2978 0 0 0 2583 0 2893 0 0 135 0 0 0 0
0 2057 0 1937 0 0 2845 0 0 0 0 0 0 0 0 0 0 1602 0 0 1368 0 0 0 0 0 0 0 0 0 0 0 0 0 0 2264 0 0 0 0 0 0 0 0 0 0 0 0 0 0 0 1822 0 986 1536 0 1954 0 0 1534 2001 0 0 1896 0 0 2572 0 472 1024 0 3020 0 0 0 2462 134 0 0 0 0 0 587 717 0 0 0 0 0 957 2385 1780 0 0 0 0 0 0 0 0 0 0 1035 0 0 0 0 580 0 0 0 0 0 0 1270 0 0 0 0 0 0 0 0 0 761 0 0 0 0 0 0 0 751 0 0 0 2564 0 0 2590 0 0 0 1162 0 0 0 0 0 1536 0 139 0 0 0 0 0 0 0 0 0 0 0 0 0 0 0 0 1763 0 0 0 0 0 0 936 937 0 0 2139 0 486 0 2602 0 0 0 0 0 0 0 0 672 0 0 0 2077 2896 0 0 0 0 0 0 0 0 0 0 2060 0 2535 0 727 0 2099 0 0 0 0 2293 0 0 0 0 0 0 0 0 0 0 0 0 0 0 0 0 0 0 0 0 3072 863 2440 0 0 0 0 0 0
0 2157 2506 0 2688 0 0 0 0 0 1204 0 0 0 0 0 0 0 1081 0 280 0 0 0 0 0 1491 0 1911 3052 0 3106 0 0 0 0 0 510 0 0 2505 0 0 0 545 1762 0 647 857 0 0 0 365 543 0 0 0 0 0 0 551 2824 0 0 0 0 0 0 0 0 0 0 683 0 0 0 1071 0 1310 0 0 0 0 0 0 0 0 0 0 0 0 0 0 2873 0 0 0 0 1174 0 0 3065 0 0 2952 272 0 0 2075 1934 894 0 0 0 0 0 2813 429 0 0 0 0 0 452 0 727 0 0 469 0 0 0 0 0 0 0 0 0 0 0 0 1297 0 0 0 781 0 0 0 0 0 0 0 0 0 0 1321 0 0 0 2421 0 3240 0 0 0 640 0 0 2165 0 0 0 1170 2341 0 0 300 0 0 0 561 0 2507 0 2399 0 0 420 0 386 2387 3261 0 0 0 0 0 0 0 0 0 0 0 0 0 1297 0 0 0 0 0 2933 0 0 744 1558 799 0 2552 371 0 1327 0 793 1707 0 0 2481 0 0 0 610 3075 0 2281 768 0 0 0 0 0 0 385 0 0 0 0
0 0 0 0 0 0 0 0 0 740 2178 0 0 0 0 0 0 0 0 2770 0 0 0 2097 0 0 1222 0 0 2657 0 1290 0 0 1618 3053 0 0 953 0 0 844 0 0 716 0 0 0 2409 0 0 0 2853 0 784 0 0 0 0 0 0 0 0 0 0 1014 0 0 0 0 0 1120 0 0 405 0 0 2493 0 0 0 0 0 0 0 0 580 0 0 0 0 0 0 0 0 3079 0 0 0 3092 0 1090 0 0 0 2034 0 0 0 2918 2420 2509 0 0 0 0 0 0 0 0 0 0 0 0 833 0 0 0 0 0 0 0 486 0 0 0 0 1885 3212 3087 0 0 0 0 0 0 1089 2029 0 863 0 0 0 0 0 0 0 2955 0 0 0 2824 1739 0 0 0 0 0 0 0 0 0 0 0 0 0 0 0 358 0 0 0 0 0 0 0 0 1813 0 877 0 0 0 0 0 0 0 0 0 0 0 1780 1570 0 0 2518 0 0 0 2805 1984 0 0 0 0 0 0 0 0 1728 688 0 0 0 2925 3008 0 0 0 1211 1057 0 0 0 3070 0 724 0 0 0 0 0 0 1677 1037 0 0
0 0 2707 0 0 0 0 1651 2998 0 0 0 0 0 0 0 0 0 0 0 0 1558 0 0 0 0 0 0 0 0 0 0 0 0 0 2846 0 2255 0 0 751 0 0 900 0 0 0 0 0 0 1243 0 3072 279 0 0 0 0 0 0 0 0 0 2175 2422 0 866 0 3376 0 0 0 0 0 0 0 0 0 2065 296 1868 0 1006 0 0 0 0 0 0 0 0 325 202 113 0 0 2050 353 1829 0 0 904 2544 0 0 0 0 0 0 0 3150 403 0 767 3074 0 1186 0 0 0 0 0 1814 0 0 0 0 0 0 0 0 3085 0 0 0 0 0 0 0 0 887 0 0 0 0 3102 0 0 2274 0 0 2151 0 0 0 0 0 2788 0 0 0 0 0 0 0 0 878 0 1913 0 0 0 2942 0 0 0 0 0 0 0 0 0 0 0 0 633 0 0 0 0 0 0 2610 0 0 0 0 0 0 0 0 0 0 0 0 0 0 0 1125 0 413 0 0 0 706 0 0 0 0 0 2419 1163 3139 0 0 0 0 0 2637 0 1399 2124 0 0 1204 0 638 0 0 0 0 0 0 0 0 0
0 2097 0 0 420 0 0 0 0 2110 0 0 0 3245 0 0 0 0 0 0 0 0 1650 3123 0 0 1700 0 0 0 0 0 0 0 3118 0 0 1144 0 0 0 0 0 0 0 0 0 0 2623 0 0 157 115 0 0 0 0 0 0 0 344 0 0 0 0 0 0 0 0 0 0 0 0 0 0 0 178 0 0 377 0 0 2628 0 0 0 0 843 943 0 0 0 0 0 0 0 0 2317 0 0 0 0 1511 0 0 151 1087 0 0 0 0 0 0 0 0 0 720 0 0 1587 0 0 0 0 0 0 0 1682 3241 922 0 0 0 0 0 2551 3027 0 0 0 0 0 0 0 0 0 0 0 0 0 0 0 0 0 0 0 786 0 0 0 0 1468 0 0 0 0 0 2006 0 1267 0 1558 0 0 0 1193 0 0 0 715 1332 0 0 0 0 1901 0 1621 0 0 0 0 0 0 2402 0 784 0 0 0 0 2011 0 2138 832 0 2540 0 0 0 0 0 0 0 0 0 0 0 0 0 0 0 2804 0 0 1119 0 0 1545 0 0 0 0 2198 1914 0 1191 0 0 2061 0 0 0 2775 0
0 0 0 578 0 0 0 0 0 0 0 0 2486 0 0 1885 0 0 0 0 0 0 0 2185 2435 0 0 0 2832 0 0 0 0 0 0 1355 0 494 1704 0 0 0 0 901 0 0 0 1903 2132 0 0 0 2593 0 1570 0 0 0 0 0 0 0 0 1983 2933 0 0 0 0 0 3185 0 0 0 0 0 0 0 0 0 0 0 0 2275 0 0 0 0 0 0 0 0 0 0 0 0 0 1928 1266 0 0 0 2779 0 0 0 0 0 0 0 0 0 0 0 0 0 2012 0 0 0 0 0 1856 0 0 0 0 0 2380 0 0 0 0 0 1019 0 0 849 0 0 0 0 0 0 1240 0 525 1892 0 2889 0 0 1291 0 1807 0 0 0 0 0 0 0 0 0 1197 0 0 0 573 0 2768 0 0 0 1015 0 0 0 0 0 0 0 123 2933 0 0 0 0 1289 0 0 0 0 1651 0 0 534 117 0 0 0 0 0 0 2288 620 0 0 0 0 1003 0 0 0 0 0 0 0 0 111 0 0 1234 0 0 0 0 0 1637 0 1627 0 0 1372 2909 1135 0 0 2738 0 0 0 0 0
0 0 0 0 0 0 0 0 0 0 0 0 0 2347 2361 0 0 0 0 0 3123 0 0 2351 0 0 0 0 136 1720 0 931 1753 0 0 0 0 0 0 0 2917 0 0 0 0 1308 0 0 0 0 0 1831 0 2697 0 1229 356 0 0 0 1306 0 0 0 2485 0 0 0 0 0 0 1584 0 0 0 0 0 0 0 0 741 0 0 0 0 0 0 0 0 2854 0 0 0 0 0 0 0 0 0 1478 887 428 0 0 0 0 0 442 731 0 2186 0 0 0 3159 0 3031 1028 119 0 0 0 0 0 0 0 1463 1228 0 0 0 2105 0 0 0 0 0 0 2027 0 0 0 0 0 0 0 0 492 0 0 0 0 0 0 1281 0 3267 0 0 0 2097 0 0 0 2471 0 2170 0 998 0 0 0 0 0 2026 0 0 1408 358 2752 0 0 0 0 0 721 0 0 0 2633 1393 0 0 0 0 0 0 0 0 0 0 308 0 0 0 0 0 0 0 0 2805 0 0 0 0 0 573 0 517 0 0 0 0 0 405 1877 0 0 0 0 2716 0 0 0 0 0 0 0 0 0 0 2110 0
0 0 1831 0 0 0 1339 0 2069 0 0 0 0 0 2132 0 0 0 0 0 0 0 2226 0 0 0 0 0 0 0 3258 3008 0 0 666 0 0 0 0 0 0 675 0 0 1592 0 2364 554 0 520 291 0 0 0 0 3094 1863 0 0 0 1690 2066 0 0 0 1304 760 0 0 0 0 0 2571 0 0 0 0 0 0 0 197 0 0 0 0 3093 0 1690 0 0 0 0 0 2352 691 0 2983 2420 0 2436 0 0 1301 0 0 578 2966 0 0 0 0 183 0 0 2684 0 0 0 0 0 0 0 0 674 0 0 0 0 0 990 0 0 1383 0 0 0 1468 0 0 0 0 0 687 2609 0 0 0 0 0 0 0 0 0 0 1688 1759 208 0 0 0 0 1607 0 2280 630 2512 886 1546 678 0 0 805 2959 0 0 0 2718 0 2600 1193 0 0 1740 0 0 0 0 0 2177 0 3042 0 0 0 574 2036 3122 595 2139 0 0 0 2398 273 0 0 0 0 0 0 1174 0 0 0 0 0 0 0 0 0 0 0 0 1773 0 1779 0 1534 0 3118 0 0 1886 0 0 0 0 0 3128 0 0 0
0 1870 0 3072 0 0 2992 3207 0 0 0 0 1680 0 0 2103 573 0 0 0 2076 2176 2769 0 0 0 0 0 0 2431 0 0 0 0 178 0 1788 0 0 128 0 0 0 0 0 0 0 226 0 0 667 0 0 3234 0 2777 1315 0 2913 0 0 0 2786 0 0 3008 0 0 0 115 0 0 0 0 0 0 2474 0 0 0 1662 0 0 1876 0 0 2307 0 0 748 0 0 1293 1858 0 0 0 0 0 2640 0 0 3187 0 0 2183 0 0 0 0 0 0 0 0 174 0 0 0 296 917 761 0 0 1611 0 0 0 0 0 417 0 0 2549 0 2148 1387 2917 0 0 1814 0 0 0 0 0 0 0 2784 0 1152 0 0 0 2727 0 0 0 0 0 0 2956 0 188 0 0 0 0 0 0 0 0 0 0 0 0 0 0 0 0 0 846 0 0 0 0 0 0 0 0 0 0 0 0 478 0 0 2009 126 2254 0 0 0 0 0 2763 0 0 0 1888 0 0 0 0 1928 0 2949 0 138 1117 0 0 0 0 0 0 0 0 0 0 0 0 315 0 0 0 0 0 0 0 1098 0
0 2704 0 746 390 0 0 0 0 0 0 0 0 0 0 0 0 1359 0 2107 2075 0 0 0 0 2651 430 0 0 0 0 1528 2728 0 1305 0 0 0 0 0 0 1730 0 0 0 2503 0 1106 0 0 0 0 0 0 0 0 0 0 0 0 0 0 0 0 0 0 0 0 0 0 0 0 0 0 0 0 0 0 2515 0 1510 2675 2258 0 0 0 2654 896 0 0 0 0 0 0 669 0 0 1114 0 0 0 0 0 0 785 0 2993 0 0 757 0 0 0 0 0 0 0 0 0 0 0 0 284 1526 0 0 2016 0 0 0 0 0 0 2048 0 0 0 0 1740 0 0 0 0 0 0 0 0 0 2084 0 680 3099 0 1770 3160 0 0 0 0 0 2846 0 225 0 0 0 0 203 612 273 0 0 0 0 3176 0 0 0 0 2764 0 0 0 0 0 0 0 0 1225 0 1708 0 0 0 0 0 0 0 0 2498 1440 0 0 0 1396 0 0 0 0 0 0 0 0 0 0 2189 0 0 0 2379 2021 0 2257 568 0 1381 0 0 0 0 0 0 0 0 269 0 0 0 0 0
0 0 0 3300 0 0 776 0 0 220 1317 1233 0 0 0 0 0 0 0 2092 0 0 0 0 0 0 0 0 0 267 0 0 3078 0 0 2331 203 0 0 0 0 0 1206 0 0 0 0 0 723 0 0 2766 2101 0 0 0 0 3083 0 2312 0 0 1993 0 474 0 0 0 0 0 0 0 0 0 0 0 0 2302 0 2073 1991 782 0 2806 0 0 257 0 0 0 0 0 2433 0 0 0 1652 0 0 2078 0 0 552 0 0 0 0 1545 0 2039 0 0 0 0 0 0 0 2410 0 0 0 0 2909 3447 0 0 0 614 0 0 0 0 0 0 2485 1223 292 0 0 0 0 0 0 183 0 0 2127 0 0 0 1302 0 0 1418 1090 0 2180 0 0 3224 0 0 0 0 0 0 0 0 0 0 0 0 0 111 0 0 1535 0 2704 0 0 0 0 0 2844 0 0 0 0 0 1177 0 0 1762 0 0 0 0 0 0 0 0 0 2214 290 0 584 302 0 0 0 0 0 0 0 0 0 0 0 1661 0 0 0 200 0 0 0 0 0 0 0 0 0 0 0 2138 0 0 0
0 598 0 0 0 0 0 0 3040 0 0 0 0 0 2425 0 3224 0 0 0 0 0 0 0 0 0 1384 0 0 0 0 0 0 1447 0 0 1016 0 2275 0 0 0 3206 0 0 2295 0 0 0 120 3120 0 0 0 2586 0 0 0 0 0 0 1881 0 723 286 0 0 2797 0 0 174 0 0 0 0 0 0 3069 0 0 0 0 0 0 0 0 0 1858 0 2296 0 0 0 0 0 2652 314 0 0 0 0 0 0 2231 0 0 1455 0 0 0 0 796 0 0 0 0 3077 0 0 0 0 1456 0 0 0 638 0 0 0 3213 0 2374 0 0 0 1804 3023 0 0 0 0 0 0 0 108 0 0 0 870 1899 0 0 2027 0 0 0 0 0 223 0 0 0 0 2864 2234 0 1714 0 2653 397 0 0 0 0 0 0 1366 0 844 1436 0 0 0 0 0 0 0 373 0 0 0 0 767 0 2641 0 539 2688 0 1477 0 0 599 571 0 0 0 2465 0 0 0 0 0 0 0 0 0 0 0 0 0 0 0 0 1660 0 0 0 0 0 0 0 0 0 0 1092 635 0
0 0 0 0 0 0 0 985 0 0 0 2196 3196 0 0 0 0 0 0 0 2711 0 0 0 2572 0 0 1640 0 0 0 881 0 3043 0 0 0 457 0 0 0 0 0 0 0 0 2479 0 0 644 0 0 0 0 0 0 0 2009 0 0 0 0 1079 2819 0 0 3092 0 0 0 312 2348 0 136 0 0 0 864 0 0 2882 0 0 1473 637 0 0 0 0 0 0 3133 0 0 0 1067 0 0 2070 574 0 0 0 0 0 0 0 0 0 0 0 0 0 0 0 3012 0 0 2226 0 513 0 487 0 0 2441 0 0 0 0 0 0 941 2758 0 680 0 0 0 0 0 0 0 0 0 0 0 2399 0 0 0 597 0 0 0 650 0 0 3272 0 1223 0 0 2689 0 0 0 0 0 0 0 0 0 0 367 0 0 0 0 0 2151 0 3164 0 0 1932 0 2199 0 0 0 0 0 0 0 0 0 0 0 0 1257 0 0 0 0 0 2065 0 649 0 0 0 0 0 0 879 0 0 0 0 0 0 0 238 0 0 678 0 0 0 0 0 0 0 0 0 0
0 0 0 0 0 0 0 409 0 1413 0 0 0 0 0 0 0 0 0 0 0 0 0 1423 0 0 0 2202 0 0 0 0 0 2456 0 0 0 0 0 0 2196 0 0 0 0 0 0 0 0 383 861 0 3154 1601 0 0 3190 0 0 2085 0 1623 0 0 0 3188 0 0 0 0 0 0 0 1656 0 0 1116 1076 0 0 0 0 0 155 0 0 0 0 809 0 839 0 0 0 1112 0 0 0 2533 0 0 0 0 0 3265 0 2584 468 2902 0 1562 0 0 0 0 828 0 0 0 3202 0 0 0 0 2517 0 2092 0 0 0 0 0 1915 0 0 1742 0 0 0 0 148 0 0 0 0 0 0 0 0 0 0 0 0 2476 0 0 0 0 1711 972 262 1167 3291 0 0 0 0 0 0 0 3170 0 0 0 0 0 0 0 0 0 0 0 0 0 0 0 1501 0 0 0 0 0 0 1429 0 0 0 659 0 0 0 0 0 3362 0 0 0 0 0 0 0 0 0 182 1531 0 0 0 0 0 0 0 0 0 0 0 0 0 0 3040 0 0 0 646 0 0
0 0 0 995 0 831 0 0 0 2631 1239 0 0 3134 1452 0 0 0 1884 0 895 3111 0 3121 0 0 2397 0 0 0 0 0 0 2433 0 1673 0 924 0 0 2211 809 0 0 0 1979 0 0 2382 0 0 0 0 3069 0 0 0 0 0 1314 0 0 1661 0 0 0 0 0 0 0 0 0 0 0 0 0 2569 0 0 0 1831 0 0 0 2924 0 1250 2925 0 0 0 0 0 2816 0 0 0 2240 0 0 0 0 0 0 931 0 0 0 0 0 1142 2363 0 0 1688 0 0 0 3295 0 0 0 2760 0 0 0 1025 0 0 0 3172 0 0 2079 0 0 0 0 314 0 0 482 0 785 0 0 0 0 0 2079 0 3012 0 3097 0 0 0 0 1192 0 0 0 0 1536 0 844 0 707 0 2480 0 0 0 0 0 0 0 0 3021 0 1573 0 0 0 0 0 0 2202 2838 0 0 0 0 0 0 0 0 0 0 0 2380 2592 0 0 0 0 1657 0 0 789 0 0 0 0 0 0 0 0 0 0 0 333 0 0 0 0 0 0 0 0 0 0 0 3174 0
0 0 1335 469 0 0 0 0 0 0 0 0 0 0 0 0 0 0 520 2590 0 0 0 0 0 0 0 0 0 0 2849 1353 0 0 576 0 1520 0 0 1304 502 0 0 2120 0 0 0 0 0 186 0 0 0 2191 0 0 2847 0 0 0 1907 0 0 0 0 0 184 0 0 0 0 0 0 0 1109 0 0 0 699 0 3152 0 0 0 0 0 614 0 0 0 0 0 2253 0 2732 0 0 0 0 0 0 0 0 0 0 0 0 0 0 0 0 185 0 0 944 0 0 1747 0 0 0 0 1765 0 0 0 1075 0 0 256 0 0 3048 0 0 2768 2435 0 2351 0 2089 0 0 0 0 0 2760 0 0 0 0 0 0 0 0 0 0 0 0 0 2502 0 2946 0 0 1588 379 0 0 0 2095 0 1480 0 0 0 0 0 0 0 0 2267 375 310 0 0 0 0 0 1966 0 0 2473 0 0 3295 0 0 0 0 0 1809 0 0 735 1804 1690 2514 0 0 0 0 0 1105 0 0 0 0 0 0 0 0 2833 0 680 0 0 0 0 312 0 0 3046 0
0 0 0 0 0 0 0 0 0 0 0 0 0 784 0 0 2317 0 0 0 0 0 0 0 0 0 0 0 0 0 3322 0 0 0 0 0 0 0 0 0 569 0 1643 0 0 0 0 0 0 1699 0 0 0 3073 0 0 0 0 0 0 0 1409 2767 2958 2420 2119 0 0 0 635 0 0 0 0 2056 0 0 0 0 0 0 1670 0 2034 0 0 0 0 0 0 0 1630 0 658 0 2459 0 0 0 855 0 1666 0 0 0 0 1780 1349 0 462 0 0 203 870 1249 2622 0 0 0 0 0 0 0 0 0 0 0 0 2431 0 0 0 1190 845 0 0 0 0 1962 2813 0 2692 0 1554 0 392 0 1853 0 0 3185 0 0 499 0 0 0 0 0 0 0 0 2249 519 2883 1255 0 0 3267 0 979 0 0 0 0 0 0 0 850 2820 0 1553 2346 0 0 0 0 0 0 0 0 0 0 1191 0 0 606 0 0 0 0 0 0 318 0 0 0 0 0 0 0 1124 2951 0 0 0 0 0 0 0 0 0 2462 0 0 0 0 0 0 0 0 2183 0
0 307 0 0 0 0 3215 1593 0 0 2029 1372 0 0 0 887 1387 0 0 0 0 1728 0 1590 0 0 0 0 0 0 3323 0 0 0 0 0 0 0 408 0 2551 1487 0 0 0 0 681 0 0 347 0 3234 0 0 2956 0 953 1250 0 0 0 0 0 0 0 0 0 2942 0 0 0 0 0 0 0 3089 1600 0 0 0 0 0 0 0 0 3320 2004 0 0 3022 0 0 0 0 2074 0 0 0 0 0 0 0 0 0 0 0 2586 0 0 0 0 0 0 0 0 0 0 0 2254 0 0 0 0 1543 0 1999 0 0 811 1758 0 0 0 0 0 3255 0 0 0 0 0 0 0 534 2634 0 1342 0 0 0 0 0 0 2883 0 0 1643 0 0 0 0 3011 0 0 0 0 0 0 376 0 0 336 0 0 0 0 0 0 0 0 803 0 0 0 2739 0 0 0 0 2119 0 0 0 0 0 3256 0 0 0 0 0 0 0 1358 0 920 0 0 0 0 0 0 1146 0 0 0 0 0 0 0 0 0 1979 357 0 2475 0 0 0 0 0 0
0 0 0 0 0 0 0 0 0 0 2000 0 0 0 3236 0 1647 0 0 115 881 0 0 0 0 0 0 0 0 0 0 0 0 634 0 0 0 0 0 0 0 0 0 0 0 0 3174 1926 0 0 1675 0 0 2406 0 0 0 979 0 0 1466 0 0 0 0 0 2884 0 0 0 0 649 0 0 3185 0 1579 0 0 2662 0 0 0 0 0 0 964 0 0 0 0 0 0 0 0 0 0 547 0 0 0 0 0 0 0 0 2073 0 0 0 2671 0 0 0 1915 0 0 0 554 0 0 0 1664 1666 0 0 0 3140 0 403 0 0 0 0 0 0 1789 0 3099 0 0 0 0 2435 0 1618 1100 0 1433 1025 0 0 3325 0 0 0 0 0 0 0 2261 2485 1107 0 1526 0 2113 0 0 0 0 0 2157 0 0 0 0 0 0 0 0 0 0 0 0 0 0 2608 1605 638 0 0 0 0 0 1496 0 3141 0 1261 0 0 0 0 0 0 2194 0 3255 0 0 2118 874 0 0 0 790 0 0 0 2775 0 0 0 0 3160 0 0 0 0 0
0 0 0 0 0 2188 639 2778 0 0 0 0 0 1782 0 0 290 0 0 965 2891 3079 2294 0 1775 0 0 0 0 0 0 0 0 0 0 0 0 2371 3384 0 0 0 0 0 0 2900 2337 0 0 0 0 0 0 0 0 0 0 1671 0 0 0 0 2305 0 1598 0 0 0 0 0 0 0 0 0 0 0 0 0 0 0 0 0 0 0 1533 0 1286 0 0 0 0 0 2217 0 876 219 0 0 0 0 2337 0 0 0 317 0 0 0 0 0 0 341 2424 0 0 2022 0 0 0 1361 0 1177 0 0 0 0 1256 0 2299 0 606 0 0 0 0 0 2429 2114 0 0 0 0 686 0 0 0 1789 0 441 0 803 0 0 1914 0 0 0 0 2397 1483 0 2223 0 369 3029 0 1653 0 1651 1163 0 2874 0 0 0 0 0 0 0 0 0 2420 0 0 0 1454 0 0 0 0 0 0 0 927 0 0 0 0 0 0 0 0 2642 0 0 141 0 1134 1582 1989 2880 0 0 0 0 0 262 0 334 654 0 0 0 2919 0 0 3080 0 0 0
0 0 0 980 0 0 2478 0 0 0 0 0 0 2768 0 1137 1338 2903 0 0 0 2813 0 0 539 0 0 0 0 0 0 0 0 0 0 0 0 0 1075 99 0 0 0 1778 0 0 0 0 0 820 0 2767 0 2126 426 0 0 2390 2612 0 0 0 0 2139 0 0 0 2771 0 1169 0 0 707 0 1372 0 0 0 0 0 0 0 0 938 0 0 0 0 0 0 0 2473 182 0 0 3013 0 768 0 0 0 0 0 0 0 0 2202 0 0 1220 0 2333 1716 0 0 0 0 0 0 0 0 0 1917 0 907 0 0 0 0 1756 0 0 0 0 0 0 0 0 0 0 0 2930 0 1778 1970 0 0 0 0 0 0 2833 0 0 0 0 169 0 855 0 2253 0 603 0 3229 0 0 0 0 0 0 0 1977 0 0 0 0 0 0 0 0 0 0 0 469 0 0 0 2445 0 0 0 1310 0 0 0 0 0 754 0 0 0 0 0 0 863 0 1882 0 0 0 2021 0 190 0 0 416 0 0 0 0 1640 0 0 0 0 0 0 0
0 0 0 0 0 2288 0 0 0 0 0 1748 1788 0 0 3048 0 0 3196 0 0 2003 0 0 0 0 0 0 0 2602 0 0 0 0 0 0 0 0 0 0 0 0 0 2155 1783 0 0 0 0 0 0 862 0 389 1864 994 1521 1470 0 2525 0 656 0 0 0 0 0 0 0 0 0 0 0 2272 2394 0 0 0 0 0 0 0 0 0 0 0 0 1293 0 2124 0 0 1287 0 0 2237 1744 776 2995 0 0 0 0 1596 0 1115 1092 0 3191 0 0 0 1365 0 0 2896 0 3198 0 0 0 0 1942 633 0 0 0 0 0 2294 0 0 2126 0 2320 2803 0 0 0 0 1613 2947 0 2752 1008 0 0 0 0 533 0 0 0 0 0 2249 0 1229 0 245 2919 0 0 0 0 0 0 0 0 0 2468 0 0 0 0 3269 0 0 0 0 0 0 0 0 0 0 0 0 0 0 0 0 0 1287 0 0 0 0 0 0 0 0 0 0 0 0 0 0 0 0 0 0 1566 0 0 2299 0 0 0 926 0 0 0 0 0 0 0 0
0 0 0 0 0 0 0 0 0 0 0 0 0 2330 0 0 0 0 0 0 0 0 0 0 1584 0 3192 0 0 0 0 0 0 3030 1427 0 0 1166 0 0 0 0 3070 0 0 431 0 0 232 0 0 391 0 0 3233 0 0 0 2252 1672 0 2817 0 0 0 1280 356 0 0 0 2285 0 0 0 0 1829 1297 0 658 0 0 0 0 0 0 0 0 0 0 1903 0 0 0 0 0 0 0 0 0 0 0 0 0 2472 1585 0 0 881 0 1537 497 0 0 0 0 0 0 0 0 0 0 0 0 0 0 0 692 385 2030 0 0 0 0 0 1181 0 0 0 3293 3018 0 0 0 0 1396 0 0 0 0 0 0 2523 0 864 0 0 0 0 0 340 0 0 0 0 931 0 0 110 0 1388 136 0 0 0 1645 0 0 0 0 0 0 1957 0 0 0 0 0 0 1836 2515 0 0 943 2902 0 0 0 0 0 0 0 0 0 0 0 0 0 0 0 0 0 0 0 0 0 0 0 0 0 0 0 0 0 0 0 2521 0
0 3211 0 0 0 0 0 0 0 0 0 0 2993 0 593 0 0 0 0 334 0 3252 0 0 2139 0 0 2260 0 1927 0 0 0 0 0 686 0 0 0 0 0 0 0 2541 0 0 0 0 2413 0 0 624 0 0 2310 3033 0 0 0 0 0 2392 0 0 0 613 0 0 0 3088 0 0 2975 0 0 0 0 0 0 0 1229 0 0 1324 3081 0 0 0 0 1757 0 0 0 0 0 0 510 670 0 0 0 0 652 2503 0 1269 3021 0 0 0 0 0 0 0 0 0 0 2189 0 487 0 505 0 2648 2428 1974 0 0 0 0 2242 2188 0 3011 0 0 0 2968 0 0 1955 0 0 0 0 1854 1621 0 0 1920 0 0 0 2006 0 0 0 0 0 0 0 0 1094 1676 0 0 0 0 0 0 0 2769 0 0 1882 0 0 0 2169 0 556 0 1168 0 0 0 0 847 2372 1612 0 0 0 0 0 0 0 0 0 0 0 0 0 2320 0 0 0 0 252 0 0 2574 2397 0 0 0 0 335 0 1150 0 0 0 0 0 0
0 0 0 0 0 0 0 0 0 0 0 0 0 0 0 0 0 0 0 1701 0 0 0 0 0 2909 0 0 0 0 0 0 0 2908 0 0 0 0 1533 0 0 1687 0 0 0 2255 0 2904 0 2054 0 0 0 0 0 0 825 0 0 0 2759 0 0 0 0 3178 0 195 1484 0 2388 1641 1310 0 0 0 2071 0 2661 0 0 0 0 0 0 0 0 0 0 0 0 0 0 0 2941 0 0 0 0 1371 0 2355 0 0 0 2356 3205 0 1899 0 1855 2160 0 0 0 0 0 0 0 0 0 0 0 0 0 3010 2720 0 0 0 0 2158 2270 0 0 2560 0 142 0 3100 492 2611 2881 0 0 0 1800 156 0 0 0 0 0 0 0 0 0 0 0 1045 0 0 855 1120 0 0 0 1919 0 1435 0 1933 0 0 0 0 0 517 507 0 142 1597 0 0 0 0 3077 0 0 0 0 0 0 0 357 0 0 1817 0 1609 0 1953 0 0 0 0 1935 0 814 0 3005 316 1488 2553 0 0 0 0 0 1758 0 0 0 0 0
0 0 0 0 0 0 0 1432 0 0 0 0 0 574 0 2487 0 640 2934 0 0 0 763 0 0 2186 0 0 0 0 0 1243 0 1579 2754 0 0 0 0 0 0 0 232 0 0 0 0 3107 0 0 0 384 936 2450 0 0 0 0 1601 0 362 1037 0 1532 1418 0 0 2744 109 0 0 0 0 0 460 0 2542 0 0 0 0 0 1282 0 2404 0 0 0 0 0 1942 0 0 2485 0 1975 0 858 167 0 0 0 1900 0 0 0 0 2642 0 0 0 0 0 1269 0 0 0 0 1282 0 0 1977 0 0 0 0 0 0 0 0 0 0 0 0 0 1026 0 0 0 0 0 0 0 1480 0 0 860 985 0 0 0 1544 2928 0 0 2054 655 0 0 0 0 0 3361 0 0 0 0 2752 2814 0 0 0 0 1663 173 0 3015 2123 0 0 327 0 0 0 0 0 1016 0 0 0 0 931 0 0 0 0 0 0 0 0 961 219 0 714 0 0 0 0 2130 0 0 701 0 0 0 0 0 979 0 0 0 2904 2149 0
0 0 0 0 0 3039 0 1245 2111 0 0 0 0 0 552 1372 0 0 0 0 1671 1776 1884 2559 0 0 0 0 0 0 0 0 0 1318 0 0 0 0 963 0 0 0 0 2840 0 0 0 0 0 0 0 0 0 0 0 0 0 1266 1967 2200 0 0 0 0 0 0 0 0 233 0 2934 0 0 0 0 0 1623 0 0 0 0 0 0 2648 0 0 0 2729 0 0 0 0 0 0 2698 0 0 0 1521 0 673 0 0 2068 0 0 0 2226 611 0 0 0 0 0 1369 0 0 0 121 0 0 2685 0 0 779 2582 0 0 0 0 0 0 3128 3277 0 153 3204 0 0 755 0 0 0 3289 0 172 0 375 878 2769 1238 0 0 0 0 1328 0 151 1359 2770 0 0 0 837 0 0 0 0 0 0 0 1010 0 0 3227 0 2616 383 0 0 0 0 0 0 0 0 0 2405 370 884 0 1937 2411 231 0 0 1380 0 0 0 0 0 0 0 0 0 0 0 2808 875 0 1309 0 0 0 0 0 0 0 1500 0 2741 0
0 2612 2645 0 0 0 0 0 0 0 0 653 0 0 0 0 2845 0 0 0 0 0 0 0 0 0 2117 782 0 0 0 0 0 0 0 0 293 2684 0 0 2617 3145 0 0 0 0 0 0 0 0 0 0 394 0 0 1689 2512 0 1164 2206 0 0 0 0 1255 0 1406 0 490 1508 0 0 0 0 0 0 0 0 0 0 452 0 0 2837 2882 0 432 0 0 0 0 0 0 0 0 0 0 0 1593 0 0 0 0 0 0 2804 0 0 0 0 0 0 0 0 0 0 1457 0 0 2068 336 0 0 0 0 1538 0 1775 0 0 0 0 145 0 0 0 402 0 0 0 0 0 2326 0 0 0 2565 0 2932 0 539 0 0 0 0 0 0 2716 0 0 2007 0 396 0 0 0 0 2933 0 0 0 0 0 0 0 0 0 0 0 2676 2289 0 0 1757 0 0 0 644 0 0 0 0 2562 0 0 0 1378 2603 0 0 787 0 0 0 0 1879 0 0 0 351 0 0 0 0 0 0 2505 0 0 0 2713 0
0 0 0 0 0 0 0 0 0 0 0 0 0 0 0 0 0 0 0 0 0 0 0 0 0 2260 0 0 0 0 0 0 0 0 0 0 0 0 0 0 214 0 0 0 0 2406 3070 0 0 2168 0 1563 0 0 0 3036 0 0 0 0 0 1164 1935 0 0 0 0 2908 0 0 2827 0 0 0 0 0 0 0 0 1857 0 0 0 0 0 1388 778 0 0 0 0 0 0 0 0 1244 1749 586 2101 2291 0 0 0 0 0 0 0 0 0 0 0 0 659 0 0 2347 0 1222 0 0 0 980 0 2655 3239 0 0 2684 0 0 2484 2838 0 0 2237 324 3139 0 0 2425 2983 0 340 2786 0 2531 0 1789 0 0 0 2665 0 0 0 0 0 0 0 374 0 0 0 0 0 1123 0 0 0 1730 0 0 0 0 0 0 803 0 0 0 0 1093 0 3309 0 0 0 2249 2763 0 0 0 0 0 0 821 0 0 0 0 0 0 2893 0 0 0 907 0 0 0 2151 2138 0 0 355 0 0 0 0 0 0
0 3005 0 2811 597 3219 0 0 0 2507 0 2280 0 0 2329 0 1568 0 2339 0 0 0 0 3210 0 3264 2317 0 0 0 1416 0 0 0 3271 0 0 0 900 1201 0 0 0 2972 0 0 0 0 2541 0 0 0 0 1022 0 0 0 2943 0 2749 0 0 0 0 3333 0 0 0 1310 0 2563 0 0 0 0 0 0 1371 349 0 3109 0 1864 0 458 280 0 0 0 0 0 0 0 0 411 196 0 0 0 0 1868 0 0 2260 0 2818 0 0 1707 0 1778 2760 0 0 1782 757 0 0 0 0 1038 484 1761 0 505 0 0 0 0 0 1929 0 0 1471 0 206 0 0 0 0 0 0 0 0 0 2506 0 0 1931 0 0 0 0 0 0 0 0 809 0 466 3075 1447 0 334 0 0 1270 0 0 1702 0 0 934 0 1194 0 0 0 0 0 0 0 0 0 744 0 0 0 0 0 0 0 0 3192 0 2634 0 0 0 0 0 0 0 0 0 0 0 3252 0 0 0 0 0 0 0 0 0 1973 0 0
0 0 782 0 0 0 1242 0 0 2491 0 0 0 1473 0 0 0 0 0 892 0 0 0 0 1800 1390 0 0 0 0 0 0 1017 0 0 0 0 0 0 2981 0 0 0 0 0 3008 0 0 2327 0 0 2456 0 0 1624 0 3224 0 0 1495 0 0 0 0 0 0 0 364 0 0 0 0 0 0 0 2713 0 0 0 0 3225 0 535 0 0 0 175 0 0 0 0 0 0 553 3146 1630 0 0 0 0 3142 3268 0 0 663 0 2770 0 0 0 231 0 0 0 0 0 2255 3109 0 0 0 0 232 0 0 0 0 1383 2859 0 1469 2247 684 0 0 2159 0 0 0 3000 0 0 0 0 0 558 0 0 0 0 0 0 0 971 3329 0 3125 0 0 0 0 0 0 3137 0 0 0 0 0 0 596 0 0 0 0 0 0 2324 0 0 0 2828 0 0 0 0 0 0 0 0 0 821 799 0 0 0 0 2037 0 396 0 0 0 760 0 0 0 738 0 0 1837 0 0 0 0 0 1323 0 0
0 0 0 0 0 0 0 0 1885 0 406 2689 0 0 0 0 0 0 0 0 1904 0 999 0 0 0 0 0 0 1179 0 2379 0 0 0 981 0 0 1470 0 0 0 0 0 443 0 2071 0 1013 0 328 0 2551 788 0 0 0 1252 0 0 0 0 273 851 0 0 1013 0 0 3191 1512 0 0 0 226 0 0 1443 0 1264 2544 0 0 0 0 1717 0 0 0 0 0 3070 0 0 0 0 0 0 0 0 0 0 0 0 2569 0 0 0 0 2958 3145 2494 264 0 0 0 0 0 0 1332 0 0 0 0 0 0 0 0 0 1953 271 0 2614 0 3234 0 0 2781 1620 0 0 0 0 0 0 0 1889 2471 0 0 0 0 0 0 0 0 0 3239 0 0 0 1516 1352 2058 2899 0 0 0 0 0 1487 0 951 0 1664 0 667 0 0 0 0 384 0 0 0 0 0 0 0 1937 0 0 0 706 0 0 0 0 2726 0 0 1165 0 0 0 0 0 0 0 0 0 0 0 0 0 0 1536 0
0 0 0 0 0 0 0 0 2368 2087 367 0 0 153 1333 0 0 0 0 0 0 0 0 0 0 3019 0 0 0 0 0 0 0 0 859 0 0 0 0 0 1414 2627 2124 2124 0 0 0 0 0 0 1288 1125 0 0 0 0 3193 0 0 0 0 0 0 0 115 0 0 0 1447 0 559 0 0 0 0 0 0 0 0 294 0 0 0 0 2228 0 0 0 0 0 0 0 1034 0 1366 0 0 0 0 3199 0 0 0 0 0 0 1828 0 0 0 0 3200 0 0 0 0 0 0 995 0 0 0 0 711 0 0 0 0 0 2645 0 0 0 663 831 1489 0 0 0 1337 0 0 0 0 0 0 0 0 0 0 0 0 0 773 0 0 0 0 0 540 0 0 1422 0 0 1020 0 0 820 0 0 3288 1097 0 2381 0 1542 0 0 0 0 0 2186 0 0 0 0 2683 0 0 0 2932 948 0 1017 549 0 0 0 0 0 210 0 0 0 1723 0 1559 0 0 0 0 0 1756 1360 2417 0
0 0 0 2407 0 0 0 2126 0 0 0 0 0 1793 0 0 0 0 2399 0 0 0 0 0 0 0 0 0 0 0 1667 0 0 0 0 2767 0 0 3107 3337 3279 0 0 0 0 2889 0 3162 2113 0 0 0 1487 1422 0 918 2152 0 0 2615 2960 2932 0 0 762 0 398 0 0 1602 2141 0 519 2410 0 0 0 0 0 0 662 0 2772 0 0 1598 0 0 828 0 724 0 0 2811 0 0 0 0 0 0 0 0 0 0 0 0 0 0 0 0 178 0 0 2927 0 0 0 2141 0 0 0 0 0 107 0 0 0 0 0 1843 0 0 0 1679 0 144 0 0 0 0 0 0 3068 0 0 0 0 0 0 305 290 0 2685 0 0 0 0 0 0 0 0 0 336 0 0 0 847 0 2597 0 0 169 0 2678 2498 0 0 2274 2497 2605 0 0 1152 0 0 0 1007 3047 318 0 0 975 0 0 0 0 0 0 0 0 0 0 0 259 0 0 0 116 0 1040 268 0 0 0 0 0
0 0 0 2145 0 2984 1005 0 0 0 2472 2785 443 0 0 0 0 0 0 0 0 0 0 0 0 0 0 2713 0 0 0 0 1443 0 0 0 0 0 0 0 0 1873 0 0 0 2731 0 0 0 3276 0 0 2719 0 0 0 0 0 0 0 2270 458 0 0 0 2310 0 0 1645 0 0 0 0 3178 0 0 0 0 0 0 3241 2824 0 0 1402 0 0 0 0 0 0 0 0 0 0 0 2231 0 0 707 1236 0 0 1829 0 1160 0 1530 0 1896 0 0 0 1782 2594 0 0 0 0 0 0 2027 0 2128 1901 1589 0 0 0 0 0 232 0 0 0 0 913 0 0 2428 0 0 1511 0 1476 0 1882 0 2655 0 1861 2000 0 0 0 0 0 0 0 0 171 0 2828 2384 315 0 0 0 0 0 0 0 0 2604 0 0 585 0 0 0 3101 0 0 0 0 0 0 0 2211 0 1105 2187 0 0 0 0 755 0 2977 0 0 0 1482 0 0 1521 0 0 0 0 0 0 0 2723 0
0 0 1760 0 0 0 0 0 2090 0 0 0 0 271 0 3058 0 0 0 0 0 0 0 0 0 0 0 0 289 1041 729 0 0 1371 1997 0 0 0 0 0 0 0 3130 2170 230 0 0 0 0 0 0 2619 0 0 0 2856 0 0 0 0 1411 0 0 0 0 0 0 0 0 0 0 1585 101 0 0 0 0 1609 0 0 0 0 2536 0 2595 123 0 0 0 0 2057 0 0 510 0 0 412 0 259 0 0 0 0 0 0 0 0 860 0 2913 0 0 0 0 0 0 0 0 0 0 0 1241 0 0 0 0 0 2821 0 0 1792 0 236 0 0 0 1986 0 0 1248 0 0 0 0 0 1403 0 0 0 0 0 0 0 0 0 599 0 0 0 385 0 2026 1304 0 0 0 2501 2943 0 0 0 0 0 0 0 0 0 0 3059 0 0 2912 0 0 0 0 0 0 0 0 1777 0 2116 0 0 0 0 0 0 0 0 1718 0 0 2162 2573 0 0 0 969 1340 0 0 0
0 681 0 0 1817 890 0 0 0 0 0 0 0 0 509 0 2405 0 0 1627 0 0 0 571 0 2712 0 0 134 2464 1421 0 1348 2769 0 0 0 0 0 0 0 0 357 971 0 1890 0 0 0 0 209 2592 0 0 0 3005 0 2781 0 1300 0 0 0 0 0 0 0 0 0 0 0 407 2136 2681 0 0 0 0 0 0 0 0 1622 0 0 0 751 0 2439 0 0 0 0 0 0 2481 0 979 0 0 2556 0 0 0 0 0 611 1711 3155 1843 0 0 0 0 2442 2526 0 0 0 0 0 0 748 0 0 0 0 2766 1816 0 0 0 2364 0 0 0 0 3422 0 1458 0 1260 707 0 233 0 0 0 0 0 2712 0 0 0 0 0 218 3135 0 0 0 3191 0 0 0 2745 0 3063 0 0 0 0 0 0 0 0 0 0 0 2803 0 0 2710 0 462 0 0 0 0 0 0 0 2161 0 2122 0 299 0 0 0 1183 0 0 0 0 0 2768 0 0 0 2108 0 0
0 0 0 0 0 0 2696 0 0 0 0 923 2401 0 0 0 0 0 0 0 0 0 0 0 0 0 0 0 0 0 0 0 1350 2065 0 0 0 0 0 0 1294 0 0 1883 3216 2893 0 1069 3058 0 0 1557 0 0 2970 0 1090 1841 0 0 0 0 0 0 335 0 1830 0 1603 0 0 0 2165 0 0 0 3357 2002 0 0 1927 0 0 1995 0 0 283 113 0 1171 0 408 0 1105 0 0 2882 0 0 0 0 0 0 0 0 2991 0 545 0 0 0 0 0 0 0 0 0 0 2635 0 2245 0 0 0 0 0 0 0 0 0 0 0 0 0 0 0 2126 0 1689 1355 0 0 2643 0 0 660 1996 0 0 0 1878 0 0 1077 0 0 0 0 0 0 0 0 0 0 0 0 2898 0 0 0 0 0 2544 0 0 0 0 2455 0 2368 0 0 2428 846 0 0 0 0 1830 0 0 0 0 1638 0 2183 117 0 1594 0 3118 0 0 0 0 0 0 0 0 505 0 0
0 0 0 0 0 0 3171 0 2881 1629 196 0 0 0 0 1281 0 0 0 0 152 0 118 0 1828 0 1696 3030 0 0 0 0 0 0 0 693 0 0 0 1027 0 2355 0 0 0 0 0 1189 0 0 0 0 0 0 0 0 0 0 0 431 0 0 0 0 0 0 0 0 0 0 0 940 0 0 0 0 0 920 0 0 0 2579 0 0 0 0 0 0 1507 0 0 2685 0 484 0 1388 0 0 0 1379 0 0 2760 216 0 0 0 0 0 0 0 0 0 0 0 2481 2039 0 2503 0 0 0 0 0 0 0 0 1775 0 0 0 0 0 0 0 0 0 0 0 0 0 0 3079 0 0 0 0 0 0 0 1376 1546 0 2444 0 0 1142 0 0 0 0 2895 0 2550 0 0 762 0 0 1433 695 1999 0 0 0 0 0 0 948 2478 0 0 0 0 0 0 0 0 0 0 2395 0 169 711 0 0 0 789 2968 0 0 1076 0 661 0 2681 0 102 0 0 0
0 0 1889 0 0 0 1037 0 0 0 0 0 2541 0 0 1496 0 0 0 0 711 0 0 0 0 0 0 0 0 0 0 0 2680 0 2561 0 0 0 0 0 0 0 0 2698 0 0 0 511 0 0 0 0 0 0 0 0 0 0 0 0 0 0 1264 2848 0 0 0 0 0 2732 0 0 0 3240 0 1556 2466 0 0 0 0 0 0 0 0 0 2809 0 0 3053 0 0 0 0 0 0 0 0 0 0 1881 0 0 0 2237 1538 0 0 0 0 403 0 0 0 0 0 0 365 0 1724 0 2952 1627 0 0 0 0 0 0 0 0 0 0 228 0 0 731 0 0 0 0 0 0 2403 2833 2773 483 0 942 0 0 0 0 0 0 0 0 0 633 1143 0 0 485 0 0 0 0 2511 0 0 0 0 1624 0 0 0 0 0 0 2167 2839 0 0 0 0 0 675 0 1164 1027 0 0 0 0 0 0 1819 785 0 2380 0 0 0 0 0 2066 0 0 0 0
0 0 0 1300 0 425 0 0 1030 0 0 0 0 1476 0 245 0 0 0 0 0 0 0 0 1104 0 0 0 0 367 0 0 0 0 0 0 999 0 1610 1695 0 3151 0 0 0 0 0 0 0 0 2332 0 2014 0 866 0 1128 0 0 0 0 0 2201 782 2459 3012 1432 1223 0 0 0 0 0 0 0 0 1395 0 0 0 0 0 0 0 162 217 857 0 0 0 2415 0 1382 0 2962 0 0 0 2015 1239 0 0 1070 0 861 479 0 0 0 2627 1291 0 3000 0 0 0 0 0 0 0 0 0 0 0 0 0 0 254 0 0 0 0 2971 0 0 901 0 0 715 0 0 2125 0 703 1272 0 0 0 0 0 2783 314 1640 0 0 236 0 0 0 0 3158 983 0 0 0 2241 0 0 0 0 1177 0 0 1905 0 1072 0 0 0 0 1507 0 0 0 0 0 0 0 651 0 0 0 0 0 0 2476 0 0 0 1185 0 0 2861 1537 0 0 0 0 0
0 0 0 0 1283 923 560 0 0 2896 1494 0 0 0 0 0 0 0 0 0 0 0 0 2753 3037 392 3171 2934 0 0 0 0 0 0 0 0 0 2696 0 0 0 2847 0 3002 0 0 0 0 2273 0 0 1034 0 0 0 0 0 0 0 0 0 866 0 0 0 0 0 0 0 2386 0 0 0 0 0 1405 0 0 1776 0 0 737 0 0 0 0 0 0 0 2834 670 0 0 449 0 0 0 0 0 0 1890 0 3155 0 309 1037 0 0 0 503 0 1525 402 0 0 2445 3212 1106 0 0 0 0 0 2039 0 0 0 0 0 0 0 3038 523 0 777 0 0 0 0 0 0 2376 0 0 0 2494 0 0 2156 0 1766 0 2994 0 0 0 0 0 0 2089 0 0 0 0 2402 2570 0 0 1676 0 0 0 0 0 0 1600 0 0 0 1516 3224 1267 0 0 0 0 0 0 0 2521 0 0 0 0 0 702 1671 0 0 2344 0 0 0 0 0 0 1678 0
0 122 0 0 0 0 0 0 0 0 0 0 0 0 0 0 0 0 0 0 304 0 0 2110 0 0 0 0 0 1096 340 0 211 2796 0 2342 0 866 0 0 0 0 2100 0 0 0 0 0 2780 1416 1155 0 0 0 0 2917 0 0 2247 0 0 866 0 0 0 0 0 0 0 0 0 461 0 0 0 0 0 0 0 0 0 0 0 0 0 0 2756 0 0 0 1852 3166 0 0 0 1021 0 2139 0 0 0 0 0 0 0 799 2610 0 0 502 763 0 1491 0 581 0 0 0 0 376 0 0 0 0 0 0 0 2206 1900 0 1579 0 0 270 0 0 2674 0 0 0 0 0 0 1078 2336 0 768 0 0 0 2900 1853 0 0 0 0 0 0 0 0 0 0 0 0 0 0 0 0 0 0 779 0 0 0 0 0 0 0 1222 0 0 0 3122 0 0 0 0 0 0 0 0 0 0 0 0 0 0 0 0 1726 0 1582 2564 0 0 0 0
0 0 794 2281 0 0 0 0 0 0 2733 0 0 0 0 0 0 2859 0 0 0 0 2566 0 1128 0 0 0 0 0 3133 943 0 422 0 2068 0 961 0 2182 0 3058 0 0 3232 0 0 996 0 0 0 0 0 0 0 0 992 0 0 0 0 1121 0 0 0 0 0 0 3165 0 321 0 178 126 2622 0 0 0 0 0 1589 2268 0 794 2125 1508 0 0 0 0 0 0 991 0 0 0 3307 0 0 0 0 0 0 0 0 0 0 0 0 1196 0 183 0 0 731 0 0 112 3087 0 0 0 0 0 0 0 655 0 0 0 1587 0 962 2010 0 0 0 0 988 0 1092 0 0 0 2479 0 2324 0 0 0 0 3302 0 650 0 0 269 0 0 0 0 0 0 0 0 0 0 0 0 0 738 0 2459 0 2569 0 875 0 0 634 1457 1257 982 0 1367 0 0 2473 0 0 0 1291 0 0 1216 0 2542 0 0 0 0 0 2767 0 1587 0
0 926 500 0 0 0 0 0 0 0 0 0 760 1407 0 198 0 0 0 0 0 0 0 0 0 0 0 0 0 0 0 0 1287 634 3151 0 0 0 3176 0 2477 0 0 0 0 0 0 0 2112 0 0 0 0 2191 0 1822 0 0 0 2384 0 1105 0 1875 0 0 0 2212 0 0 0 0 0 0 0 0 1175 0 0 3180 0 0 0 0 3330 0 0 0 0 351 0 556 0 0 0 0 0 0 0 0 0 0 0 3017 720 1061 0 0 2629 2577 0 0 0 0 0 0 0 0 0 0 0 2970 1752 0 0 0 0 0 0 0 0 0 0 0 0 0 0 0 0 0 0 0 0 3288 0 0 100 0 0 0 0 0 0 0 0 0 2261 0 1266 1488 0 2948 0 0 0 0 0 0 0 0 0 521 0 0 148 0 0 628 0 0 0 0 2366 2702 0 0 0 826 0 2948 2407 0 0 1001 0 0 1096 0 0 0 0 0 0 0 0
0 0 0 0 0 978 0 0 3249 0 0 0 0 0 2481 0 1592 0 0 0 0 3125 0 0 0 0 0 0 0 0 1758 2187 0 3195 0 0 0 1762 0 0 0 0 0 0 0 0 0 0 0 0 2975 0 0 0 0 0 0 0 903 2385 3043 0 0 0 2457 2347 1008 0 0 2638 0 3213 0 0 0 0 0 0 0 1098 3198 0 2530 1204 0 0 937 0 702 0 0 0 0 2875 0 0 0 0 0 0 0 0 0 0 0 0 0 0 0 1396 0 0 0 0 0 247 0 0 0 0 1467 0 0 1272 0 0 0 0 0 0 0 2042 0 0 0 0 0 0 0 0 0 0 0 0 0 0 0 0 0 0 608 206 800 0 0 0 0 0 3234 0 0 0 868 1837 0 396 0 0 0 0 1671 449 2219 0 0 2135 0 0 0 0 3125 0 548 667 0 1608 144 0 632 0 823 3202 0 0 0 816 628 0 2818 0 0 0 2417 0
0 1763 0 0 1866 0 0 0 0 1031 2006 2854 0 0 0 1098 0 0 1692 0 0 0 1634 0 0 0 0 506 0 0 0 0 0 1245 1033 1103 0 0 1617 2695 0 0 0 0 0 0 126 0 0 0 0 0 0 0 2369 696 0 0 2991 0 0 0 0 0 0 0 788 0 990 0 0 0 0 0 0 0 0 2680 0 0 0 0 0 0 0 0 0 2251 0 465 3131 0 0 0 0 0 522 0 0 1453 0 1938 0 0 0 2899 0 2751 0 0 0 830 1771 0 329 0 0 0 2649 0 1986 0 0 0 0 2444 0 0 0 1682 0 0 413 2850 0 3064 0 0 0 415 490 0 3213 0 0 0 0 0 0 0 0 0 2380 0 2751 0 600 0 2644 0 1905 2602 0 0 0 0 0 0 0 0 2229 0 2666 0 0 0 0 0 3244 0 0 1966 0 0 0 345 1983 0 0 0 0 0 0 0 0 0 0 0 0 0 0 0 0
0 0 0 0 0 0 0 0 0 0 0 0 0 0 2403 1614 640 0 2391 0 1133 0 0 0 2315 0 710 0 0 0 0 0 1907 0 1281 0 0 0 0 0 1142 0 0 3061 0 0 0 0 0 0 0 0 0 0 0 0 0 0 0 944 0 0 0 0 0 3074 2503 0 0 1842 0 0 0 0 0 0 0 217 0 0 0 0 0 804 3046 0 0 0 0 0 0 0 0 100 0 324 0 0 0 0 0 0 0 0 0 0 0 0 0 0 1862 0 0 0 1905 0 0 0 0 429 0 3171 0 0 0 0 1191 0 0 0 0 2279 0 0 2449 0 0 0 197 0 0 3114 0 0 0 0 0 1155 0 0 0 0 0 0 0 0 0 1606 0 0 0 3104 0 0 0 0 0 0 0 0 0 0 0 0 1309 2603 0 0 0 0 2206 0 2494 0 2163 0 0 0 0 0 0 0 0 0 0 0 2451 0 0 748 3032 0
0 0 0 0 564 0 2822 424 207 0 400 0 0 638 0 2782 0 0 0 2250 0 0 0 0 0 1296 0 0 1967 209 0 0 0 0 3022 0 2961 0 0 2801 3272 0 0 0 0 0 0 0 0 0 859 0 0 689 0 0 1570 0 2899 0 3260 412 536 2109 0 0 2678 2244 0 0 0 0 0 3024 1044 0 0 0 0 0 0 1673 0 0 1571 0 0 0 0 158 0 887 2507 0 0 2855 0 0 0 0 0 0 0 0 2082 403 0 0 2883 2165 0 0 0 0 0 1608 0 0 0 0 0 0 0 0 0 0 3221 0 0 1431 0 0 0 0 0 0 0 0 0 0 1056 1452 1564 0 0 0 0 128 0 0 656 0 0 0 0 0 2077 1742 0 997 0 0 0 0 0 0 3114 0 0 0 0 0 0 0 0 0 0 0 0 222 0 0 0 0 0 0 0 0 0 0 0 0 2952 2508 0 0 0 0 2866 0 0
0 0 0 0 0 0 0 3217 0 1870 2655 0 0 0 0 0 0 0 2773 0 0 1909 369 0 0 0 0 0 0 0 2677 0 0 0 0 360 0 0 0 0 0 0 0 2382 2710 0 1081 0 0 0 0 2084 0 0 369 0 0 0 0 0 0 1624 0 0 0 0 0 1566 0 0 0 1110 0 2269 0 0 0 0 0 0 1814 0 0 0 1649 0 0 0 0 0 0 0 2325 0 322 1435 2643 0 0 3151 0 2987 0 0 0 648 0 1544 0 1757 2714 0 0 0 769 0 0 0 1146 0 0 0 0 0 0 0 0 0 0 400 0 0 0 0 0 2139 0 0 0 0 0 0 0 0 3004 0 0 0 0 0 0 0 0 0 0 0 0 0 0 0 0 3143 855 0 2423 0 0 476 0 0 0 0 0 0 2676 0 0 0 0 0 0 316 0 0 2001 3200 1976 0 0 0 0 0 0 0 244 191 0 0 1296 0
0 0 0 210 0 0 0 0 0 0 0 0 2408 0 0 1715 0 0 0 0 1469 3194 0 0 2293 1092 0 0 0 0 2515 2791 0 3084 0 0 0 0 0 0 0 3121 0 0 0 207 0 2026 0 0 0 0 0 0 0 0 0 0 0 0 0 0 1573 159 0 0 1979 0 0 2613 0 1498 0 1737 0 0 0 3214 3194 1035 0 2051 0 0 277 0 0 0 0 0 0 0 0 2681 0 0 0 0 232 523 0 2501 0 0 0 0 0 2370 0 1497 0 0 0 0 970 1675 0 2886 0 0 0 0 0 2231 0 0 0 0 0 0 0 0 0 0 0 0 0 1406 0 1958 0 0 0 0 0 0 0 0 0 0 0 0 0 0 0 0 0 2920 0 0 0 0 0 0 0 691 0 0 1742 0 0 0 2572 0 0 3152 0 0 0 0 0 1858 0 0 0 2683 1745 0 859 0 0 265 0 0 0 2282 1323 0 0
0 0 381 0 1277 0 0 0 0 0 0 0 0 0 0 0 0 0 0 0 0 880 1029 0 2455 0 0 1407 0 1317 2761 0 0 0 0 0 0 0 0 0 0 0 0 0 0 0 0 3270 0 3336 0 312 1264 0 185 0 2593 1280 0 283 0 2598 0 0 0 0 0 0 0 0 401 0 0 2714 0 0 0 0 0 0 0 0 0 0 0 0 2737 0 1431 0 0 0 0 0 0 1780 0 0 1938 0 0 0 0 2157 0 0 402 2040 0 0 0 0 0 115 3228 0 0 0 0 0 0 0 3329 0 0 0 0 0 0 0 0 0 0 0 1659 0 0 0 0 2789 0 0 396 0 0 1331 0 0 0 0 0 0 0 0 1555 0 379 0 808 0 0 0 2954 0 1724 1800 0 2603 0 0 0 0 239 0 1298 1065 620 0 0 0 0 0 0 0 1364 0 0 0 0 2600 2655 0 0 0 0 2154 0 0
0 0 0 0 0 0 0 0 0 0 2928 0 0 0 0 0 0 0 0 0 1778 0 1631 0 0 3184 0 1957 0 0 0 255 1214 2118 3363 3111 2214 0 0 0 0 0 0 592 0 0 0 2182 2526 0 1421 0 0 0 2600 2143 0 0 0 0 835 0 560 935 0 0 0 0 659 0 0 0 0 0 0 0 175 0 0 0 3258 1312 0 0 0 0 514 0 2893 3335 0 0 0 0 0 0 276 0 0 0 1286 0 0 0 0 0 0 1955 0 0 0 0 1632 1731 0 0 1829 0 0 0 0 0 0 2707 1827 0 2513 0 0 0 0 0 1848 281 2994 0 0 0 0 0 978 0 0 220 0 0 0 0 0 0 0 0 1703 0 1808 0 0 955 0 0 0 0 0 0 0 0 320 0 2052 0 1919 0 0 3107 0 0 0 0 0 966 0 0 0 0 0 0 0 0 0 0 0 1027 739 1904 3347 0 0
0 1522 0 3204 0 2237 0 2501 0 0 0 0 329 2422 0 0 0 0 0 2968 0 0 0 0 460 0 0 1290 0 0 0 0 0 2637 0 0 0 0 0 913 0 0 0 3237 1475 0 0 306 0 0 432 2558 2778 272 0 1591 0 0 2819 848 0 995 0 0 0 0 0 0 0 0 0 224 3301 0 1672 0 0 0 0 0 1936 2687 1653 161 0 0 0 1743 1566 0 0 0 0 0 0 0 0 688 0 0 0 2493 0 0 0 0 0 0 0 0 1287 3186 2024 0 0 0 0 2860 0 0 0 0 1475 0 0 0 2529 0 0 0 0 0 0 0 0 0 0 0 1091 0 0 0 3208 0 0 3165 0 0 0 0 0 1731 0 0 0 843 3026 0 0 1366 2035 0 0 0 1272 0 0 0 0 0 0 1210 0 760 0 0 2677 0 0 0 0 0 0 1385 0 0 0 0 0 0 0 2695 0 1775 0 0
0 0 0 0 0 0 0 160 0 0 0 0 0 0 2852 0 0 2319 0 0 3299 0 0 0 0 1757 181 0 0 0 0 0 0 1434 0 0 2487 1498 0 0 2906 0 0 0 1978 0 0 0 0 0 0 2627 0 3376 0 0 1203 0 0 0 0 0 0 2852 0 0 2961 1008 0 0 0 0 0 0 0 0 0 0 3164 0 0 0 179 0 0 196 0 0 0 0 767 1961 3123 0 0 0 0 3262 0 0 0 0 0 0 2080 0 0 2144 0 0 2953 0 0 0 0 0 0 0 3186 0 0 0 0 0 0 0 0 2893 2270 0 0 0 0 0 0 0 1219 0 0 0 0 0 215 0 0 0 0 0 1687 0 0 0 0 2494 0 0 0 0 0 0 0 0 2015 0 0 558 0 0 0 0 2545 0 0 0 1154 3294 0 0 0 0 0 0 0 0 0 0 0 943 0 0 0 0 556 0 0
0 0 0 0 0 0 0 0 0 0 2215 0 0 2775 269 0 1991 0 0 0 0 0 2594 0 0 0 229 3097 463 0 0 423 0 0 0 0 0 0 2724 0 3095 0 2297 0 0 0 0 3117 2758 0 0 0 0 0 0 0 0 0 3200 3285 2954 3018 0 668 912 0 0 0 1009 0 371 0 1678 0 0 0 3146 0 0 1609 0 0 0 0 0 0 919 0 0 0 0 0 0 1559 0 0 0 0 0 129 0 3178 0 0 0 0 0 871 0 0 0 0 0 0 2273 0 0 0 0 0 980 0 0 265 0 0 0 224 0 0 0 0 0 550 1041 0 1846 0 0 0 0 0 0 0 0 658 0 0 2595 0 0 0 285 0 0 0 0 2857 0 0 0 0 0 0 0 2735 0 0 0 0 0 1379 1884 0 1485 898 0 577 0 0 623 1426 0 0 761 0 2361 0 2565 757 0 2343 0 0
0 0 3060 2291 2478 0 292 1639 0 498 402 0 0 0 0 0 0 0 0 0 0 0 0 0 0 1761 0 0 0 1046 0 2459 699 1131 0 2729 0 1908 0 928 0 802 0 0 1459 735 2696 0 0 0 0 0 1532 0 0 0 0 2576 0 0 3148 0 0 0 0 1383 0 0 1035 0 0 0 0 0 0 0 2327 0 0 0 2501 857 0 558 0 0 0 0 1979 0 0 1258 0 1104 0 2562 0 0 0 200 0 0 0 0 0 0 0 0 0 0 0 0 0 0 0 1224 3136 0 0 0 0 0 2537 0 882 0 0 0 0 681 0 2354 3171 1195 0 0 1811 2167 0 0 0 0 1801 0 0 0 0 0 2668 0 1596 0 0 1246 644 0 0 0 284 2480 1942 0 0 0 3243 966 0 0 0 0 0 3069 0 0 0 0 3319 0 0 999 0 0 0 0 2412 2789 0 0 0 0 0 0 0
0 0 1946 0 0 0 0 936 3385 2139 0 0 1441 0 0 0 797 0 0 2738 0 0 0 0 0 0 0 0 1384 0 1690 0 0 0 1120 959 0 0 0 2958 0 1867 3100 2724 0 0 0 0 1440 0 0 0 0 0 0 2698 0 0 0 0 3260 478 0 2123 0 742 0 0 2889 0 3103 0 0 0 1124 0 0 0 785 0 0 2932 0 2687 3330 0 0 0 0 1741 268 0 0 0 0 0 0 0 1156 0 0 3028 966 2191 1186 0 0 115 0 0 0 0 0 0 2508 0 2575 0 0 338 0 1670 0 0 0 166 0 0 0 0 0 0 0 0 0 0 0 0 474 0 0 779 0 3188 0 0 1992 0 0 2875 0 0 0 0 0 0 3258 0 0 0 0 0 0 0 0 2533 0 0 1980 0 381 0 0 3065 0 0 0 0 0 0 0 0 0 2903 0 0 0 0 0 0 0 0
0 1511 0 0 0 0 3205 2348 0 139 0 1757 0 0 0 1568 0 0 0 539 0 0 0 0 0 1928 0 0 2775 0 125 0 0 0 2332 0 1441 0 378 0 290 0 0 0 0 2634 0 0 2330 1976 0 0 0 2793 0 0 139 0 0 0 0 0 0 0 0 0 0 1693 0 0 0 0 0 0 2334 0 2962 0 0 0 0 0 0 0 0 0 909 0 0 1416 0 593 0 1142 0 0 2552 0 0 0 2914 0 0 0 0 2056 0 0 0 0 0 0 0 1067 0 0 0 1930 0 0 2736 612 0 0 0 0 0 2276 0 0 0 2732 0 2099 0 1048 0 0 0 0 0 0 0 0 0 0 0 0 0 0 0 0 1146 708 0 0 0 0 0 0 0 0 978 0 0 0 163 0 617 0 766 0 1790 0 0 2847 0 0 1950 0 0 3004 0 0 0 135 1741 0 0 0 0
0 0 2472 1475 0 0 1173 3126 0 692 251 0 0 0 1573 0 0 0 0 183 0 0 0 0 0 0 668 0 254 2021 0 0 0 0 0 1802 0 0 0 0 0 0 0 0 0 814 976 0 0 0 0 286 0 1304 0 0 0 2671 0 0 0 0 0 0 0 0 0 0 0 1804 0 843 0 0 0 1721 0 0 0 0 0 2175 0 0 0 0 0 0 0 0 0 0 0 0 0 0 0 941 0 2305 0 0 2334 0 0 0 1952 1919 0 1487 0 0 1354 3255 0 2053 0 0 0 0 0 0 0 0 0 0 0 0 636 0 0 0 0 0 0 0 0 0 0 0 0 0 0 0 2795 265 0 0 0 0 0 0 0 0 1363 2926 0 0 1651 1570 0 0 0 0 0 0 0 0 566 398 0 0 0 0 0 0 0 127 247 0 0 0 0 0 187 0 0 3236 2066 0
0 0 0 1813 0 1795 0 0 624 0 0 0 1159 0 0 0 1336 0 0 0 0 0 3363 1450 0 3102 0 0 0 0 0 1457 0 0 0 0 2821 0 2213 0 2492 0 0 0 0 0 0 897 0 0 0 0 743 0 0 0 0 0 0 0 2759 0 0 0 0 0 0 0 2183 0 0 0 0 0 0 0 0 1483 0 0 0 0 0 1587 0 0 0 0 2976 3157 0 0 0 386 0 0 0 1981 3419 0 0 0 2146 2397 0 0 1201 0 1703 0 0 2555 0 0 1477 0 825 0 0 0 0 0 0 0 0 0 0 0 0 685 0 0 0 3234 0 0 0 0 0 0 0 1116 0 2045 0 759 0 0 0 365 2542 0 891 0 0 0 0 0 0 2999 0 0 0 0 0 0 1188 0 0 1986 1713 2590 0 0 171 0 0 0 0 0 0 0 1824 0 338 0 0 0 0
0 0 0 0 0 0 0 0 0 0 0 0 2802 246 0 0 773 0 2790 0 0 0 0 0 0 1232 2148 0 2772 2748 0 1242 0 0 303 410 0 0 0 0 0 0 861 0 0 616 0 0 2330 0 3057 0 0 0 0 0 0 0 0 0 0 0 1915 0 0 733 0 0 0 0 0 0 0 2573 0 0 0 1705 0 1310 526 0 0 121 3017 0 888 0 0 0 0 0 0 0 0 0 0 0 0 0 0 0 0 0 0 0 0 0 0 0 0 0 0 2985 0 0 0 0 0 0 0 0 1835 2435 0 0 0 1670 0 419 2547 2318 0 1274 0 0 0 0 0 1784 0 0 0 0 1811 2212 0 0 0 0 622 0 0 0 0 0 0 0 0 0 1766 0 0 2109 0 0 623 1636 0 0 113 1103 0 0 479 0 1358 476 0 1768 1171 132 1076 0 0 0 0 0
0 0 2535 0 0 0 0 0 2662 799 0 0 680 495 0 2250 0 0 1731 0 0 717 3052 0 0 0 0 0 0 0 0 1112 0 1645 2344 0 1162 0 0 1227 0 0 0 0 0 0 214 0 0 0 0 0 0 379 0 0 0 0 0 351 336 0 0 0 585 0 0 0 229 0 0 0 0 0 0 0 0 0 0 0 0 565 0 0 0 0 0 1365 0 0 1101 2544 0 976 0 0 1585 292 0 781 0 1247 3178 0 0 0 0 0 0 0 0 0 0 1117 1781 0 0 0 0 0 0 2231 0 0 2745 798 0 0 0 0 0 0 654 1804 3106 0 0 1721 0 0 0 826 0 0 0 3213 0 0 0 0 0 0 0 0 1683 0 0 0 0 2602 3032 0 2720 0 229 1873 0 0 0 0 518 0 0 0 0 0 722 0 2390 0 0 0 0 523 0 0 0
0 0 0 0 0 0 0 0 0 550 299 0 0 0 1815 0 0 2385 0 0 532 0 0 1297 0 0 0 0 0 0 0 0 0 0 0 0 0 2609 0 0 0 0 0 0 0 472 0 2906 3104 1653 0 2693 0 0 0 0 0 0 1151 0 0 0 0 0 1095 0 1328 0 0 0 1924 2972 694 0 1946 0 0 0 0 2408 0 0 135 0 0 0 0 0 2350 0 0 2914 0 1874 0 2715 0 413 1241 0 0 195 2560 0 3113 0 2175 527 0 2419 974 1523 0 827 0 0 1358 2329 2604 0 0 0 0 0 2419 0 1749 1004 0 0 0 0 0 0 0 0 0 0 388 0 0 0 1855 3322 0 0 0 2804 0 0 0 0 0 0 0 0 1094 0 0 0 0 1360 0 1693 1098 2117 0 1827 2906 1107 0 868 0 0 0 2509 0 1259 0 2689 0 0 0 0 0 0
0 0 610 0 0 2173 3040 0 0 0 0 0 226 1120 2480 0 1246 0 0 0 2774 0 0 0 0 1546 0 2382 0 0 1718 0 0 0 2500 3330 0 517 0 0 0 1776 0 0 0 0 0 0 0 0 0 0 2260 0 0 0 0 544 0 2386 0 0 0 0 0 1522 0 0 1912 2496 0 0 0 0 0 0 2301 0 0 1239 0 0 0 0 503 0 0 2359 3126 2238 0 2903 0 0 1856 0 0 0 0 0 2565 0 0 0 0 0 0 0 973 0 0 0 3077 0 0 0 0 3063 0 0 2461 0 0 0 0 0 0 0 1437 1874 1646 0 1531 0 0 0 1343 0 0 0 0 0 1433 0 0 0 0 0 0 0 0 1864 0 122 0 395 0 0 0 0 0 2946 1741 0 0 0 0 1102 0 0 0 0 1933 0 0 0 900 0 1978 0 323 0 0 0 0
0 0 0 366 0 0 0 0 0 0 0 0 0 0 180 0 0 0 0 0 0 0 0 0 0 0 0 2215 0 0 0 0 0 0 0 0 0 0 0 0 0 0 0 0 0 0 0 0 0 0 0 2589 0 0 0 0 0 1894 101 1566 1094 1643 0 0 0 458 1586 0 2256 0 0 0 1129 0 0 0 1500 0 0 0 0 0 0 0 0 1985 0 0 0 0 371 0 0 648 0 0 0 2200 3047 0 0 0 0 0 2977 2554 1598 0 0 0 102 0 3121 1761 0 0 0 0 0 569 0 0 0 0 617 0 0 0 0 0 2085 0 0 0 1300 0 0 0 0 1111 592 0 0 0 2878 0 0 0 554 2247 0 0 204 0 0 0 0 0 0 0 0 0 0 0 2053 0 0 1136 0 0 0 0 0 0 3327 0 0 0 0 0 0 0 1032 0
0 1342 0 2408 0 0 0 0 0 0 0 0 0 0 201 0 0 0 903 0 0 0 0 0 0 0 3045 0 0 0 1602 0 0 2163 0 0 0 0 0 0 0 0 0 0 293 0 0 0 0 1897 1856 0 0 0 0 0 0 3354 2120 0 1977 0 0 0 0 0 0 0 0 0 0 687 0 0 0 3140 2711 3037 2956 2820 1105 0 0 0 0 0 0 0 3099 0 0 0 1590 1430 0 0 2180 0 0 0 0 0 909 0 0 0 145 0 2987 0 0 0 370 0 0 0 2630 0 0 0 0 0 3031 0 0 0 0 0 0 0 0 0 0 0 1592 0 265 0 0 0 1354 0 2249 0 0 0 0 2248 0 0 2349 0 313 0 0 0 0 717 1100 0 1125 0 793 0 0 0 2480 0 0 3193 0 0 0 1414 2205 1753 0 0 0 0 0 0 0
0 0 606 0 0 0 0 0 100 0 734 0 0 0 2750 3237 875 408 0 0 2327 1593 0 0 1264 0 0 0 3177 0 0 2684 1656 0 0 2811 0 0 0 0 0 0 2994 0 0 0 676 0 0 0 647 0 0 0 0 0 0 0 223 400 0 0 0 0 0 0 0 0 2061 0 0 0 746 0 0 0 0 0 0 0 0 0 616 0 0 1422 0 460 1072 2097 1474 2634 0 0 0 2003 0 1488 2440 3163 0 0 0 0 0 0 0 0 0 0 0 0 0 0 0 1004 1558 0 0 0 0 882 0 0 0 0 0 0 0 0 0 0 1892 0 1335 628 0 0 1219 3343 0 1313 0 0 0 0 0 0 0 0 0 0 0 0 0 0 0 0 0 2442 0 0 0 0 0 0 0 901 0 0 0 0 0 0 0 0 0 0 0 0 580 0
0 0 0 0 0 0 0 0 1673 2919 0 0 0 0 872 0 0 1414 0 0 0 0 0 2350 0 352 0 0 0 1637 3344 251 0 0 2948 0 0 1621 0 974 0 1824 0 2033 2745 0 0 1016 0 0 0 1899 0 0 0 3118 0 0 0 0 0 0 0 0 1834 0 0 0 1966 0 0 0 0 2799 0 0 411 0 2822 0 0 0 0 0 0 0 0 1186 1069 0 0 0 0 1548 0 1366 155 0 0 2313 464 506 0 0 0 0 0 0 0 0 0 0 490 0 0 1890 0 769 2961 0 0 1831 0 0 0 2889 0 2417 0 0 0 0 0 2662 0 0 1980 0 0 0 0 0 0 0 2472 0 2556 0 2250 0 2199 2634 3135 0 0 0 0 1024 0 2665 0 0 0 366 1987 0 0 0 0 0 0 0 0 0 0 0 0 0 0 404 0
0 2870 0 833 0 0 1764 0 0 0 0 1021 3104 0 0 1780 0 2936 2493 2498 799 0 0 0 780 0 2957 0 0 0 0 0 0 0 0 2361 0 0 1805 0 0 0 2165 0 0 0 0 1173 1498 0 0 3181 0 0 0 955 0 0 0 0 0 0 0 0 0 657 0 0 0 2265 2310 0 1158 1170 0 0 2702 0 0 0 0 0 0 0 1744 0 0 0 0 0 0 0 0 0 0 0 860 0 935 0 0 0 0 0 0 3186 0 0 0 0 0 1659 0 462 0 2139 0 0 0 0 0 0 0 0 0 0 0 0 0 842 0 3381 0 0 2751 1950 1278 0 0 0 0 0 0 0 0 0 0 0 1662 0 0 0 0 0 0 1657 0 2682 2285 0 0 0 2397 0 1696 0 1740 0 0 1486 0 228 0 0 0 1175 0 915 0 0
0 0 1508 0 1810 0 0 2318 0 0 0 152 782 2046 0 0 2005 0 0 0 0 0 0 0 252 3082 1011 0 0 0 0 0 0 378 740 0 0 512 0 1597 0 0 0 0 0 0 0 0 0 0 0 0 928 0 0 0 0 0 0 853 0 0 0 0 1038 0 0 0 245 0 0 0 3092 0 0 0 0 0 187 2125 0 0 0 539 0 0 1640 122 0 0 0 2242 0 3059 0 0 0 1008 0 0 0 0 0 1229 270 0 0 0 0 0 0 0 1587 0 174 0 0 0 3311 2931 0 0 0 3151 0 0 0 0 0 2107 0 0 0 0 0 2999 0 0 0 811 0 0 0 0 0 1140 0 0 0 0 0 0 0 0 1821 0 436 0 0 2243 1085 0 0 0 0 0 0 0 2294 0 0 0 0 0 2540 0 0 0 0
0 0 0 0 275 0 0 0 0 2959 0 0 0 0 0 345 0 0 0 0 2699 0 2402 0 0 0 0 0 1893 0 1635 860 0 0 0 386 0 0 0 0 375 0 0 0 0 1340 0 0 0 0 0 0 0 0 102 0 0 2425 2676 0 2407 0 0 0 0 0 2336 0 0 2300 0 0 743 3313 2922 0 0 0 0 1654 0 0 0 0 0 573 0 0 0 0 239 0 0 0 0 1986 0 0 0 0 0 0 0 254 0 0 0 0 2363 0 0 0 0 0 0 0 0 1174 0 0 1989 0 0 0 1042 0 0 0 0 0 0 2900 3143 0 0 238 0 3100 3275 0 0 0 0 0 0 0 2551 1414 0 1536 2828 0 0 2993 0 0 0 0 0 0 0 0 742 1360 0 197 0 0 0 0 2527 0 0 1433 0 145 0 0
0 0 0 0 0 0 0 0 0 0 228 0 2745 0 0 0 0 0 1557 0 0 0 0 0 0 0 0 0 159 0 0 0 0 1502 0 0 0 2932 2989 0 0 3087 0 0 0 0 0 1837 0 0 0 0 0 0 0 0 2018 0 0 755 638 0 2405 0 0 0 0 0 2737 0 908 0 0 1963 0 1719 921 0 0 0 0 0 0 0 1481 0 2822 0 0 0 0 0 0 0 0 0 0 634 2228 0 0 0 0 0 0 0 0 0 0 0 0 0 0 0 0 0 0 1208 0 0 0 1107 3283 0 0 0 0 0 2933 488 0 0 0 1959 0 0 0 0 0 2746 0 0 0 935 1587 0 0 1807 3196 0 0 0 0 1852 0 0 0 0 2208 0 0 2863 0 0 634 0 0 0 0 410 0 0 162 2824 816 1504 0
0 0 0 2232 0 1394 0 333 0 0 179 0 0 0 921 0 0 0 748 0 0 0 0 0 0 0 0 1736 0 0 0 0 0 0 0 0 0 262 0 3000 0 0 0 0 0 0 0 2099 0 2191 0 0 0 0 0 1397 0 125 0 0 0 0 3149 0 1942 1606 0 0 1034 0 2228 0 1096 0 0 0 2279 3247 0 0 0 222 0 0 1141 0 0 2524 0 0 0 0 0 0 1711 976 0 0 0 2146 246 0 0 0 3231 0 0 0 0 0 0 0 0 0 0 0 0 0 0 0 0 0 0 0 0 1268 621 1615 0 0 0 0 2622 0 0 0 0 533 0 1243 140 2937 0 0 0 0 0 0 290 0 0 0 0 0 0 0 0 0 0 0 0 1967 2801 0 0 0 0 0 0 0 0 0 2978 0 0 0
0 0 0 1765 0 0 0 209 0 0 0 0 0 0 2553 0 0 0 3108 0 311 0 0 0 3166 3317 251 0 0 0 0 3062 0 0 3077 0 2877 0 0 0 0 0 0 0 0 0 3315 0 2881 0 0 0 1966 0 0 0 0 0 0 0 0 0 0 0 2490 0 0 0 0 0 0 0 0 0 0 0 0 0 0 1111 3169 1652 0 0 2372 0 3245 3027 0 827 0 0 0 0 273 0 0 191 0 0 0 0 0 0 0 0 0 0 0 2822 0 0 0 0 0 0 0 0 1323 0 0 277 0 2985 0 0 0 0 0 0 0 0 0 0 0 0 0 1956 0 0 0 118 640 0 0 0 0 1119 0 0 2810 0 0 0 0 0 0 0 1063 0 2967 0 0 0 0 428 0 0 0 0 0 1645 0 0 0
0 0 0 403 0 0 2294 0 0 0 0 0 0 0 0 0 0 0 0 0 0 1469 0 0 0 0 0 3273 0 0 0 0 0 0 0 0 0 0 0 0 0 0 0 0 0 0 0 0 0 1758 0 0 0 0 0 0 0 0 0 2424 0 0 0 0 0 0 0 0 0 0 0 0 0 0 0 0 0 2802 0 0 0 0 0 0 0 830 0 0 0 0 0 2518 1730 1807 0 0 1017 0 0 0 1502 0 0 0 0 0 0 0 0 0 0 2414 0 0 0 0 0 0 0 0 0 963 2982 0 0 2643 0 0 1314 0 2207 1138 0 0 0 0 0 0 0 0 0 0 0 0 2626 889 0 0 0 0 0 0 490 2938 0 0 0 0 0 2668 0 0 399 0 0 0 0 0 2954 0 1431 1958 1710 0
0 0 0 2496 1999 417 136 0 2935 0 2616 0 0 0 2461 282 0 0 3102 0 0 0 0 0 0 0 0 0 0 2497 0 0 3007 0 0 0 0 0 0 2921 0 1418 182 0 1028 0 0 0 0 0 227 0 0 0 0 2952 0 0 0 1674 0 2787 0 0 0 0 0 0 1092 1390 0 0 0 0 2531 417 3016 630 0 0 1719 0 0 2478 0 0 0 0 0 2119 0 0 0 0 3003 0 0 0 0 0 3177 0 2506 0 0 2105 0 3228 537 0 0 0 0 0 0 555 0 0 1436 0 0 389 0 0 0 0 0 348 0 0 0 0 0 853 0 0 0 726 2659 0 3031 0 0 0 1137 0 1662 0 230 0 0 0 500 0 0 0 557 0 0 0 470 0 439 2347 0 2989 0 0 0 0 0 0 0
0 0 1245 944 0 0 0 0 0 0 0 1530 0 0 0 0 816 0 466 807 2397 0 0 1620 0 269 0 288 0 0 2916 0 0 0 0 1437 0 0 1832 0 0 0 740 0 0 1002 0 0 0 0 0 0 0 0 0 0 0 0 1160 0 0 1907 0 0 1285 191 0 0 0 0 0 2795 0 2253 0 2199 0 0 0 0 0 0 0 2519 0 985 0 0 0 2848 0 0 0 0 0 0 254 0 652 0 0 821 0 0 0 2564 3201 0 0 0 0 164 0 0 2619 3056 0 0 132 0 0 0 2441 3263 0 0 0 0 2904 0 0 0 683 0 0 0 0 0 0 2801 1107 2971 0 0 0 0 0 0 2700 0 0 1662 806 0 302 0 0 0 0 0 0 0 0 0 1668 0 2706 0 0 0 0 0
0 0 2752 238 0 0 0 0 0 0 0 1397 3137 0 0 0 0 0 0 0 0 0 0 0 0 0 0 0 0 0 0 0 0 0 1423 0 213 0 0 0 0 0 0 0 737 3122 0 0 0 2034 2498 0 283 0 2363 0 0 0 0 0 0 1703 0 0 0 0 0 0 0 0 0 0 0 0 0 0 0 0 0 0 0 1939 2958 0 1292 2357 0 0 0 0 0 1375 2025 2713 0 0 0 455 0 1048 0 0 0 0 0 0 1802 560 2643 0 0 0 0 277 2572 2218 0 0 0 0 0 0 0 0 0 707 285 0 0 0 0 0 0 0 0 0 230 3041 0 0 0 0 0 0 0 1510 0 0 0 0 0 0 2446 0 0 0 0 0 0 0 0 0 0 504 0 0 0 0 1655 0 0
0 1096 0 0 0 1335 2273 0 0 0 2502 0 0 0 0 2919 0 0 0 0 0 0 399 1817 3242 0 0 0 0 0 0 1514 0 0 0 0 0 0 0 1563 0 0 0 0 0 0 0 0 0 0 2815 0 0 1259 2353 0 0 2403 0 1314 0 0 0 0 754 0 0 0 2330 0 0 0 0 0 0 0 0 0 0 0 0 1515 0 0 2972 1613 0 0 1872 743 0 0 0 0 0 0 0 0 0 0 137 1138 0 1750 2778 0 0 0 0 0 0 0 0 0 0 0 176 0 0 0 0 0 3132 581 803 0 0 0 0 0 2129 0 0 0 0 0 2400 0 2004 0 0 0 0 984 0 0 2221 1069 0 0 0 0 0 0 0 0 0 0 0 0 645 1235 0 2963 0 0 2298 0 0 0
0 0 0 0 2573 0 622 0 0 0 0 797 0 0 0 0 905 0 0 0 1640 0 0 3166 0 0 0 0 0 0 0 0 0 2718 0 0 2424 0 2472 0 349 0 0 0 0 0 0 0 0 0 0 0 0 0 0 0 0 2746 0 0 1486 0 0 0 0 0 0 0 1472 0 0 0 0 2061 0 0 0 1726 3384 0 0 0 0 0 900 0 0 0 0 0 0 0 0 0 0 0 2256 0 0 0 0 0 0 0 0 0 1807 0 0 249 0 2221 0 0 0 0 0 0 288 0 0 0 0 0 0 2920 0 1827 0 0 1910 0 0 0 0 0 0 0 0 0 0 3167 2327 0 2767 0 194 1962 720 0 0 0 0 0 0 0 0 0 0 0 0 0 0 314 0 0 0 1764 0
0 0 3287 506 0 0 0 587 0 0 0 0 0 0 0 1175 1926 0 0 2930 0 0 1940 1966 0 0 2522 0 2089 0 1841 0 1950 0 0 0 0 1915 0 0 0 0 1627 195 0 0 0 0 1991 2161 0 0 0 0 0 2103 0 0 0 0 0 0 0 2910 0 0 0 0 0 0 0 160 0 0 0 0 0 0 0 0 3019 0 0 0 1501 0 1849 0 0 0 0 0 0 0 522 0 0 0 0 0 0 0 2186 1411 0 0 0 0 0 0 0 0 0 0 0 0 2613 1888 0 0 0 0 0 0 0 0 0 3188 0 0 1179 0 2234 0 0 1127 0 0 0 0 0 0 1678 1283 2997 0 0 1850 0 0 0 0 0 0 0 0 0 0 0 0 0 1824 2652 2748 0 1073 2898 0
0 0 0 458 1036 0 0 0 0 0 0 0 0 0 0 0 0 0 0 0 0 0 0 0 0 0 0 0 0 0 0 0 0 0 0 2636 0 0 0 0 0 0 0 0 0 0 0 0 0 0 2650 0 0 2808 0 0 0 0 0 0 0 1900 2061 0 0 0 472 0 0 3244 0 224 1950 310 0 3326 2019 0 0 0 0 0 1725 0 0 2149 3022 0 0 0 0 0 242 1744 0 2867 1605 0 0 0 705 0 0 0 2707 1430 0 0 0 1571 0 0 0 0 0 0 0 0 0 0 0 0 0 0 800 0 3353 0 0 0 0 2922 761 0 0 0 3121 1601 0 0 0 0 2624 2163 0 0 0 0 0 0 1584 0 0 640 0 0 0 0 0 0 0 0 0 0 0 0 0
0 634 0 0 0 0 0 0 0 0 0 372 0 1121 200 0 0 1600 0 0 0 0 336 0 1992 0 0 0 0 1779 0 2165 0 1387 0 0 0 1066 696 1006 0 0 0 0 0 0 2653 2661 2507 0 0 0 0 2797 0 0 0 867 0 0 0 0 3117 0 0 0 0 0 0 0 2361 0 0 0 2036 0 1462 0 0 0 0 0 0 1513 3101 0 0 1553 0 0 0 0 0 0 0 2343 0 0 0 0 0 166 3207 0 2576 0 517 0 0 0 650 1645 422 0 0 0 0 0 0 0 0 0 0 0 954 2474 0 0 0 1736 0 0 3159 0 0 0 0 0 0 0 128 0 0 0 2516 0 0 2416 0 2815 0 0 0 0 1984 0 0 0 748 0 0 0 0 0 0 0
0 0 0 0 0 0 0 0 0 0 2604 0 0 0 0 0 379 0 0 0 0 2526 0 0 0 0 259 2370 0 0 0 0 0 0 0 0 0 0 0 0 0 1128 0 0 1586 0 0 0 0 1303 0 0 0 0 0 2741 0 1769 0 0 2033 0 2887 761 0 0 2904 0 0 1355 0 438 900 0 0 2277 3220 0 619 0 0 2145 0 972 0 0 0 0 2976 0 0 0 2970 0 1800 820 0 0 0 0 0 0 0 3284 2430 0 0 2427 0 0 0 0 0 0 0 0 929 1913 0 0 160 3237 0 3076 1660 0 0 2477 0 163 0 0 0 0 0 1212 0 0 0 0 0 331 0 0 0 0 1402 487 0 0 3251 0 0 0 0 0 0 0 0 1838 0 1512 0 0 0
0 0 0 0 1189 0 2462 1021 0 760 0 3018 0 0 0 0 0 2410 147 0 0 0 2714 0 0 3094 0 0 0 969 0 2364 0 0 1970 1393 2215 3110 0 0 0 0 0 0 0 0 0 995 1410 0 0 0 0 0 2936 2894 809 0 0 0 0 0 0 0 0 0 0 0 0 0 3205 0 1004 0 0 0 0 0 0 2045 0 0 0 0 0 0 0 0 0 0 0 977 1377 0 0 0 0 0 0 1887 0 0 0 0 0 2084 0 202 0 0 0 0 162 0 0 1312 1407 0 0 3170 0 0 363 3151 2891 0 0 0 1092 0 0 0 447 0 0 2831 0 0 0 776 0 0 0 2580 2177 0 3126 0 0 0 0 0 0 0 0 0 0 2443 0 0 2755 0 1219 0
0 3274 0 0 0 0 0 0 0 899 0 0 2283 187 1015 2857 1592 0 0 0 0 987 0 0 0 1660 0 0 2655 0 2750 0 0 0 0 0 0 0 0 0 0 1721 0 0 1503 0 0 1329 0 0 3294 0 0 0 0 0 0 0 767 0 0 0 0 0 1476 900 0 1784 0 0 1556 0 0 0 0 0 0 0 0 529 3081 0 0 0 2507 0 643 0 0 0 0 0 1716 0 2799 0 0 0 1639 0 0 0 2635 0 0 1924 0 0 0 0 3082 0 0 0 2723 0 0 3292 1266 2220 0 0 3299 0 0 0 0 2792 0 0 0 0 0 0 0 0 0 0 0 0 0 2004 0 0 0 2054 0 1446 0 0 0 0 1196 0 0 1516 0 0 0 0 0 0 0
0 0 313 0 0 0 0 0 2056 0 0 0 0 0 0 0 0 2366 0 0 2475 0 0 0 0 0 0 0 0 0 1057 0 0 0 0 0 0 0 1355 0 720 0 0 0 0 0 0 0 0 0 0 0 0 0 0 0 0 2740 0 219 0 0 0 0 2919 0 0 0 0 2299 0 0 3077 0 0 0 1523 0 0 1807 0 216 0 0 0 0 0 0 0 2898 2572 0 0 1235 1113 0 0 0 0 2875 0 0 0 0 0 0 1244 0 0 0 0 0 0 0 0 0 0 0 0 0 0 0 0 0 0 1829 0 0 0 0 0 1227 0 0 0 0 0 0 0 0 0 0 3202 0 0 0 0 1770 821 0 0 2233 2973 1444 0 0 0 0 0 0 2543 0
0 0 0 1317 0 0 2483 0 0 283 0 0 0 0 327 0 0 0 0 0 0 0 0 0 0 0 3329 2312 0 2068 256 2450 2959 0 0 0 0 2800 1146 0 1112 0 0 0 0 1480 0 0 0 0 0 0 3273 0 0 0 2473 0 0 0 0 0 0 0 0 0 3265 0 2641 0 0 0 0 0 0 0 3217 0 0 0 0 829 0 3154 0 0 0 0 0 0 0 2978 0 0 614 0 399 0 2636 2026 0 1107 0 0 0 0 0 2148 0 0 200 0 0 0 0 0 0 0 0 0 0 0 1881 2163 193 0 0 0 652 1728 0 0 2447 0 1444 2161 0 0 0 0 2609 2669 0 0 0 0 0 0 0 0 0 0 0 564 0 926 0 0 196 0 0
0 928 0 0 0 0 2478 0 0 3269 0 2774 0 2171 1689 788 2994 0 0 0 0 1810 0 0 0 199 0 0 0 612 0 0 2734 0 0 0 0 0 0 2878 0 0 0 0 0 2126 0 0 0 0 3110 0 0 1522 2757 0 1321 0 0 0 893 0 0 0 0 0 174 0 0 2163 0 0 0 0 0 0 0 0 0 0 0 0 2093 0 0 0 0 0 0 1472 0 2919 3332 0 0 0 0 0 830 0 0 1996 0 0 0 0 2713 0 3074 0 160 0 0 0 1020 0 3041 0 0 0 0 0 0 0 1589 0 0 0 0 1162 0 3083 0 349 187 0 0 0 0 0 1240 0 0 0 0 0 0 2867 1344 374 0 0 0 0 0 0 0 0 0 0
0 0 0 1981 0 740 0 0 2182 0 0 0 0 1746 0 0 1240 0 2107 0 0 0 774 2488 0 0 0 0 0 535 223 2216 0 0 0 0 0 0 0 0 0 0 0 0 1336 1839 0 0 0 372 1939 1618 2026 0 3284 0 2666 1938 812 595 893 0 2123 603 0 0 0 0 0 968 0 1039 0 0 0 0 1992 0 0 1549 0 0 0 2866 0 1906 0 0 0 0 1375 0 0 0 0 2921 215 0 0 0 0 2543 0 0 0 2974 0 0 0 1628 0 0 0 0 0 0 0 1389 0 0 1810 0 0 0 2861 0 0 2775 0 0 547 0 2083 0 0 0 0 0 972 0 0 0 0 841 1569 0 689 0 0 2609 2094 0 0 0 0 0 1988 2187 0
0 0 0 2317 0 0 1121 0 0 2344 1895 0 0 0 2609 0 0 0 0 0 0 0 0 517 0 1572 0 1772 0 0 0 947 0 0 0 0 0 0 0 0 0 0 0 0 1427 0 0 0 0 146 0 0 0 0 2392 1345 0 0 0 0 747 0 0 0 0 0 2713 0 0 0 0 0 0 1966 0 0 0 0 0 0 0 0 0 0 2141 0 0 0 0 2300 1570 2603 0 0 2232 1315 0 0 2391 0 0 0 0 0 2560 2787 0 0 0 0 0 3012 0 2672 944 0 0 0 0 0 0 1817 0 1913 0 0 0 0 0 0 2691 0 0 0 0 0 0 2900 0 2598 0 2771 1115 0 0 0 0 907 0 0 0 0 0 0 0 314 0 0
0 0 0 0 0 1183 1221 511 0 0 0 0 0 3079 0 0 0 0 2234 0 0 2092 0 0 1451 769 0 0 2277 2178 0 1808 0 0 0 0 0 1994 2417 0 0 1832 0 0 0 0 0 2783 0 2523 0 0 0 0 0 946 0 3037 0 0 2969 0 0 0 0 0 0 0 0 3139 2180 0 0 0 0 0 2860 2332 0 0 0 0 0 0 0 0 0 0 0 0 0 0 0 0 841 0 0 0 0 0 0 2063 0 2480 0 0 2860 0 0 0 0 2758 1788 0 0 0 0 1717 1175 0 0 0 0 0 2591 0 1782 0 0 0 0 2406 2038 0 0 0 0 0 0 0 0 0 3102 898 0 0 0 0 1029 0 0 0 0 3070 3018 0 0
0 0 0 0 0 0 2789 0 0 0 0 0 1187 0 0 0 305 0 0 1949 0 0 0 0 0 0 0 0 0 0 0 0 0 0 0 2033 0 0 245 2939 0 0 0 0 1260 0 0 143 0 0 0 0 0 0 1197 459 0 0 0 0 0 0 0 0 0 0 0 0 0 0 3134 2754 0 2700 227 0 0 0 0 0 0 0 0 0 0 0 0 0 1751 2129 0 0 0 0 391 0 0 0 0 0 0 0 0 419 0 0 0 0 0 0 0 0 0 0 0 0 0 0 0 0 0 0 0 0 0 0 0 0 0 0 0 2170 0 0 906 2456 1651 1578 2554 2984 0 531 0 0 0 0 0 0 1404 0 0 2598 0 2663 0 0
0 0 0 2460 0 0 0 2241 0 1734 0 0 0 0 2978 0 0 0 0 0 0 0 0 0 0 2444 0 0 0 0 2937 0 740 0 0 2269 0 0 0 0 1131 0 0 559 0 954 0 0 0 0 0 0 1251 0 1070 0 0 257 0 1280 0 2984 1016 0 0 0 0 0 0 696 123 0 0 0 0 217 928 0 0 0 0 0 285 0 0 0 0 0 0 2149 0 0 0 0 0 0 2686 0 0 3024 3129 0 0 0 2410 0 0 0 0 0 0 0 0 1999 0 0 0 3191 1429 0 0 0 0 314 0 0 0 0 0 863 0 0 0 0 0 0 0 2274 0 0 3000 0 0 0 2062 0 0 918 3249 0 1834 0 0 0 0
0 0 296 0 0 0 0 0 0 0 2348 0 0 0 815 0 0 0 2271 0 0 0 0 118 1592 0 597 0 0 3253 0 3201 0 0 0 0 0 0 0 1279 0 915 0 0 0 0 0 0 0 0 0 0 0 0 0 0 0 0 0 0 0 0 0 0 0 0 0 0 2895 3017 0 0 2613 0 1356 0 2563 2142 718 0 0 0 0 0 3281 952 612 2830 1495 0 582 215 0 1713 3310 0 2538 2180 337 0 2584 0 1051 0 0 0 0 0 0 0 683 605 0 0 0 0 0 2149 0 0 2751 0 0 0 0 0 0 0 0 0 0 0 0 372 1460 2380 0 0 1600 0 0 0 1844 3232 0 3354 638 0 0 0 0 529 0 0
0 0 0 0 0 0 0 0 0 0 0 1702 0 0 0 0 0 0 0 0 0 0 0 0 0 0 0 2293 0 0 0 1065 1607 453 0 0 0 0 0 0 2240 0 0 0 3079 0 0 0 0 0 0 0 0 0 2229 0 0 0 0 0 0 0 0 2730 0 0 0 0 0 0 0 0 0 0 0 0 3242 0 0 0 0 3241 0 0 2533 0 0 0 0 2256 0 0 0 0 0 0 393 0 0 2133 0 0 0 2630 0 373 0 0 0 0 0 1030 1367 0 2625 0 0 0 0 0 0 0 0 861 0 0 0 0 0 0 0 0 1709 0 2466 0 743 0 363 0 0 2786 0 0 0 593 0 1139 0 0 0 0 0
0 0 2097 0 2250 0 0 171 0 1715 3110 3148 0 0 0 3197 0 0 2381 0 0 0 0 2629 0 0 0 0 1130 0 0 1958 0 0 0 0 0 370 0 0 0 0 0 0 0 0 0 1991 0 0 1494 1427 0 0 2396 1165 0 2868 0 1666 0 0 2395 0 0 0 0 0 0 0 0 0 0 0 1081 0 2362 0 0 0 2076 0 0 0 0 0 0 0 0 0 0 0 1205 0 0 0 0 0 0 579 0 0 0 595 0 0 0 0 0 0 2154 0 0 0 0 317 0 0 3065 0 0 282 0 2198 363 0 0 0 0 627 0 0 1589 0 0 0 0 0 1055 0 3232 0 0 0 0 1755 1058 666 0 835 0 0
0 0 2436 0 2732 1115 1439 0 0 0 2594 0 0 0 0 0 0 0 0 0 0 0 0 0 519 0 0 0 0 0 0 0 0 498 0 0 1382 1636 0 0 0 0 0 0 2952 0 0 0 0 0 279 0 944 2270 0 154 0 0 2499 0 0 0 0 0 0 284 0 1008 0 2936 0 2470 0 2855 0 765 0 0 1226 0 0 0 1301 0 549 0 0 1483 0 0 2356 0 0 3243 0 0 1761 0 0 0 0 0 0 2770 0 0 0 0 741 0 0 0 0 0 2346 1685 0 0 123 0 2237 0 0 0 0 1467 0 0 0 0 0 0 0 0 1260 0 0 0 0 0 0 0 0 0 2502 0 0 0 0 3033 0
0 0 1324 0 0 0 0 0 936 0 0 1838 3152 0 0 0 0 3035 0 0 0 0 0 0 0 2064 0 0 635 0 0 0 0 0 0 0 1388 0 3259 2493 0 0 0 0 0 0 0 0 1916 0 1614 0 0 0 0 0 0 0 2823 0 0 0 0 0 0 1824 0 2436 0 0 0 2324 0 3167 2791 0 0 0 0 0 1703 0 0 0 0 1705 0 0 0 0 0 716 2887 1363 969 0 0 0 0 1061 1064 0 0 0 0 0 0 0 0 1791 0 0 0 0 0 0 0 0 0 2307 0 0 1670 0 0 0 0 0 0 0 0 0 0 0 805 0 0 1464 0 1830 0 0 0 0 0 0 0 0 0 0
0 1110 0 0 0 1876 2440 0 0 0 0 0 0 1955 0 205 0 140 0 0 0 263 1141 0 0 0 791 0 0 0 2283 0 1705 478 0 0 0 0 0 1311 0 0 0 343 1506 0 0 0 0 1217 0 0 2555 644 1592 0 2122 0 0 2742 0 0 1499 0 1057 0 479 0 0 0 0 0 3183 0 0 903 0 0 948 0 1723 0 3056 0 3022 0 0 1170 2193 0 0 0 0 1822 0 3023 2743 0 1402 0 1534 0 0 0 0 0 0 0 0 0 0 0 3182 0 0 2445 917 0 2287 0 2661 2574 0 0 0 0 0 0 0 0 0 0 0 0 450 0 0 0 0 1390 0 0 0 2711 0 1294 0 0 0
0 0 0 2555 0 0 2832 0 0 0 0 2824 2391 2228 0 0 0 0 0 1262 0 2460 0 0 2755 0 3228 2787 2213 0 0 0 0 142 0 0 0 0 0 0 236 0 0 0 0 0 2307 1972 0 0 0 0 0 1819 298 503 0 0 2008 0 355 0 3304 0 168 2878 0 0 0 905 0 0 0 0 1106 732 0 2181 0 0 0 0 0 0 0 0 0 2780 0 0 0 0 2436 0 0 2319 0 3124 0 1379 0 0 2457 0 811 3259 0 0 0 0 0 3103 0 0 0 0 0 2693 0 0 0 0 0 1625 0 0 210 0 0 0 0 0 0 0 0 0 0 2825 2118 0 762 872 1990 2452 0 0 2861 0
0 0 1863 0 1062 1264 0 0 0 1843 0 0 1895 3225 0 0 0 0 0 2913 661 1843 0 0 0 0 0 0 0 0 0 0 0 0 0 0 0 0 0 0 2481 0 1045 0 0 0 0 0 0 0 0 0 1931 440 0 0 0 0 2259 0 0 0 583 0 0 0 0 0 0 0 0 0 1184 0 0 0 0 0 0 0 497 0 0 0 3225 0 2622 0 0 1387 0 0 422 2025 0 0 0 0 0 0 0 0 0 0 0 916 0 0 1124 0 0 1955 1749 0 0 0 452 921 0 0 0 0 1907 1432 0 0 0 1314 0 0 0 2740 0 0 0 0 711 0 0 0 1488 0 0 0 0 0 0
0 0 0 0 0 0 0 0 940 0 0 0 0 0 0 1772 1284 0 0 0 2147 0 0 0 1647 0 0 729 2275 0 0 0 0 2121 0 0 2644 0 0 0 0 0 0 0 0 0 0 2580 2553 0 0 0 2212 0 0 625 652 0 0 1080 568 0 0 0 0 0 0 856 0 0 0 0 0 0 0 0 0 0 0 0 0 109 0 0 899 0 1970 0 0 0 982 3007 0 0 0 0 0 0 2195 2477 0 0 0 2237 0 0 0 0 0 0 0 0 0 0 0 0 0 0 0 0 0 364 566 0 0 0 0 572 0 1759 0 3221 0 0 0 0 0 2624 0 0 0 1303 0 0 0 0
0 0 0 0 0 869 0 0 0 0 0 2381 274 0 0 0 0 2840 0 0 0 0 2273 0 216 0 0 0 0 0 1447 0 0 0 0 448 2850 1475 0 0 2661 0 1001 3262 0 0 0 1961 2307 0 0 0 0 2006 0 0 1141 0 1158 1093 0 0 0 0 0 0 0 3030 997 0 729 0 0 0 0 1791 2420 0 0 1516 0 0 0 0 0 0 0 2057 0 0 1406 0 0 2517 2501 0 2582 2012 0 0 0 0 0 2676 0 0 0 0 2543 3217 0 2058 1354 0 0 0 0 0 1129 0 0 0 0 366 0 0 0 0 0 2527 0 0 0 0 0 0 0 0 0 0 0 0 0 0 0
0 0 0 0 994 1083 2747 2787 0 0 0 0 0 0 0 0 0 0 2735 0 0 534 0 0 1713 0 1090 1456 360 2653 249 0 0 0 0 875 0 0 2359 0 0 1623 0 0 2863 2695 0 0 0 2539 0 0 716 509 0 0 419 0 0 799 0 1421 0 0 662 314 2587 1465 0 483 1368 0 0 1283 0 0 0 0 0 0 0 0 0 0 0 0 0 0 0 0 0 0 0 1699 0 0 0 0 0 0 0 0 322 2838 0 0 0 0 0 0 0 0 0 0 0 813 2313 0 0 2813 0 0 0 0 0 0 1284 0 1001 0 2250 0 0 2385 0 0 0 0 0 0 0 0 1831 0
0 0 0 0 0 0 1744 0 3096 413 0 0 0 0 0 0 0 2188 2571 0 0 0 0 0 0 2131 0 2871 0 2861 0 0 0 0 3069 381 834 0 3076 0 0 0 2560 0 0 0 0 0 0 3134 0 0 0 0 2833 0 2577 0 0 0 0 0 2831 0 0 0 0 0 1393 0 0 0 0 284 2400 0 2560 0 819 1190 1200 0 376 0 0 0 0 0 0 2300 0 0 1927 0 0 2582 1155 0 0 2540 0 0 0 1117 0 3240 0 0 0 168 465 0 0 0 0 0 0 0 0 1887 0 2601 0 2469 0 0 0 0 0 2036 482 0 0 0 2185 0 0 0 0 0 0 0 0
0 2547 0 0 0 0 251 1899 812 0 0 0 443 0 0 0 539 0 0 0 0 0 0 0 0 0 0 0 0 0 0 0 0 0 0 1691 0 0 1727 0 0 0 0 0 0 0 0 0 0 0 948 2690 0 518 0 0 0 0 0 0 623 2708 984 0 0 3323 0 0 0 0 0 0 0 0 0 0 0 2589 0 0 0 0 1862 767 0 1716 0 211 0 0 0 0 280 0 0 0 1086 0 2479 0 0 0 0 2032 2358 1386 0 0 0 2443 0 0 2819 0 0 0 0 0 0 0 0 0 0 0 0 0 0 0 0 0 0 0 0 0 2697 2343 0 2008 0 2518 3030 0
0 0 0 162 0 0 0 0 1404 126 0 1061 0 0 414 0 744 2779 0 0 941 0 0 0 218 0 0 0 2943 0 0 0 1746 0 0 0 0 0 0 0 0 0 0 1108 0 0 0 1605 0 0 1626 0 2469 594 0 0 811 0 0 0 2152 0 0 0 0 2255 1495 3195 0 0 0 0 0 0 1802 0 0 0 0 2827 0 0 0 0 0 2072 0 0 931 0 1368 0 0 0 0 0 0 0 237 0 1368 1564 2696 3035 0 0 0 0 0 1336 0 0 0 2534 0 0 0 0 1444 0 0 0 0 0 1154 0 3149 0 2173 0 0 0 1126 0 1570 0 0 0 0 604 0
0 0 0 0 0 0 0 0 2107 0 0 0 2045 0 0 0 1384 0 0 0 0 0 0 0 0 0 0 0 0 0 514 0 0 927 0 0 0 0 0 0 0 1484 0 0 916 0 0 0 0 0 0 2346 695 0 0 0 0 0 0 0 0 0 699 0 0 0 0 0 0 0 0 0 0 0 0 0 0 0 0 0 0 0 0 2814 854 0 0 0 2477 0 0 0 0 0 0 0 0 0 0 0 0 0 0 0 0 0 837 181 818 1219 0 2284 2230 256 0 0 0 0 0 0 1408 1120 0 0 0 0 0 2784 2598 2031 0 818 3001 0 0 0 1817 0 1215 0
0 0 3111 2310 0 0 0 719 0 0 0 0 0 0 0 0 0 0 0 0 0 0 316 0 2101 0 0 0 0 0 0 0 0 1079 0 0 0 0 0 3113 0 0 0 0 0 0 2491 3053 1263 0 0 0 0 0 920 0 0 0 288 0 2320 0 2548 2171 0 0 0 0 0 0 1747 0 0 1349 0 0 838 459 861 3085 0 0 2242 0 2370 1271 1655 2741 0 0 0 0 0 0 0 0 0 2097 0 0 0 0 0 0 0 0 0 0 0 0 0 0 0 0 0 0 0 949 2967 0 0 0 0 0 976 0 0 1655 0 0 572 0 0 0 3044 0 3155 2689 0
0 0 0 0 0 0 0 0 0 0 0 0 0 368 0 0 2838 0 0 0 0 0 253 0 0 0 0 0 0 0 2824 0 236 0 0 0 1041 0 3031 0 181 2330 0 0 0 0 0 0 2805 0 0 1692 2001 0 1890 0 0 0 0 648 2428 0 0 0 0 0 0 0 1976 0 2679 0 0 0 0 0 0 0 0 0 0 0 0 0 0 0 0 1027 0 0 0 162 0 2496 0 126 0 0 0 0 1678 0 0 1723 1163 0 2154 0 0 0 0 0 0 0 0 0 0 0 0 0 0 2715 0 0 0 2451 0 2489 2009 663 0 1829 0 0 0 0 0 0
0 1900 0 0 0 0 0 706 0 0 0 0 0 859 1079 0 0 0 0 0 0 320 0 0 0 0 0 2453 0 0 0 225 0 0 0 0 2099 0 0 0 0 0 0 1338 0 0 2445 3131 0 0 0 0 0 0 0 0 3298 644 0 0 0 0 0 0 0 0 0 0 0 0 0 0 1237 0 0 0 0 0 0 2612 0 0 0 0 0 0 0 0 2252 0 2247 0 0 0 0 0 0 0 1617 0 886 0 0 0 0 0 0 2478 239 0 0 0 2920 0 0 0 0 0 0 1542 0 0 0 0 0 0 0 0 1273 0 0 0 0 0 0 1360 0
0 0 0 0 1158 0 0 0 0 0 1875 145 3249 0 0 0 0 0 1278 0 0 2395 0 0 0 0 0 0 0 0 1676 0 0 2018 0 0 833 2997 0 0 0 2246 0 0 0 0 0 1789 349 0 0 0 625 379 0 0 0 0 556 2911 0 0 2167 1512 0 0 0 0 0 1608 1876 1615 0 0 0 0 0 0 0 0 359 0 0 0 571 0 0 0 0 0 0 0 0 0 0 0 0 2675 221 0 0 0 614 0 0 0 0 0 2947 0 0 0 0 2477 2696 0 0 0 0 0 0 0 0 1250 0 2277 0 0 0 0 0 2398 0 0 0 0
0 0 1593 0 0 0 0 0 1375 0 760 2452 0 2250 0 0 0 0 0 1506 0 0 0 0 1763 151 0 0 418 0 0 0 0 0 0 1454 0 995 1640 0 3018 0 0 245 0 2035 0 2403 0 0 0 0 0 2898 0 1504 1887 0 0 2340 0 0 0 0 0 1288 0 0 0 1874 0 2903 0 0 0 0 0 2510 0 3028 0 0 2751 0 0 0 0 0 0 0 1668 0 877 2630 0 0 2315 0 1233 0 0 0 143 1877 0 0 0 0 0 0 0 0 0 0 0 0 1308 3081 2432 0 0 0 0 0 2176 0 2025 0 2566 0 3033 0 0 2745 0
0 0 0 0 0 1101 0 0 0 0 0 0 0 0 323 0 0 0 548 0 0 669 885 0 0 0 0 2175 0 2570 0 0 0 510 0 0 0 0 0 306 0 0 1834 0 0 0 0 0 0 0 851 0 0 715 0 0 0 0 0 3183 0 0 302 2517 574 0 0 0 0 0 0 0 0 0 0 0 0 0 3155 816 0 0 0 0 671 0 0 0 0 0 3156 0 0 0 0 0 0 1519 0 0 1231 0 2661 0 0 0 0 0 0 0 651 0 0 0 0 0 0 2557 0 834 0 0 0 0 266 0 0 0 0 0 0 0 312 0
0 0 0 0 0 3108 0 0 0 0 0 0 1072 0 0 0 2988 0 121 0 0 0 0 0 0 0 0 0 0 0 0 1973 0 2844 878 0 1599 464 0 0 424 0 0 0 0 0 1360 112 0 2216 0 0 0 0 0 0 0 2197 0 0 0 0 0 2005 1212 0 1594 0 0 0 0 0 2659 572 1426 0 0 881 0 0 0 0 0 0 1610 0 3097 1280 0 1976 0 0 0 1439 0 0 0 3005 0 1979 0 0 0 0 2762 2651 0 0 0 124 2298 0 0 0 1655 130 1290 0 515 0 0 0 0 0 1619 0 0 0 2604 0 0 1217 0
0 0 834 0 0 0 2277 0 0 0 1813 0 0 0 0 0 0 0 0 0 0 0 1392 0 408 1463 0 0 242 0 0 0 0 0 2308 0 0 1745 0 0 0 0 691 0 0 0 0 0 1824 0 273 0 0 0 0 0 0 0 1715 0 0 1483 0 0 0 0 3055 0 0 2681 0 0 0 2281 0 0 0 0 0 549 0 0 1067 0 2984 3081 693 0 0 2223 2076 0 0 0 0 0 0 0 500 0 2310 0 0 1367 2907 0 0 0 0 0 0 0 0 0 0 0 0 0 0 2255 3073 0 0 0 0 0 0 3265 0 538 0 0
0 2694 0 0 1568 317 0 0 0 672 0 0 0 0 0 0 0 0 0 1645 0 2759 0 0 1174 1200 2132 0 0 0 1339 0 1392 0 1056 0 0 974 0 1426 0 0 0 1687 0 0 0 0 0 0 0 0 0 0 0 3087 0 0 0 500 0 0 0 0 0 3158 0 0 0 0 0 0 0 0 0 0 0 0 0 1468 0 0 0 0 0 0 183 0 2130 101 0 2189 0 0 0 0 0 0 0 2235 2082 0 1498 0 0 0 2121 1330 0 0 0 0 0 0 0 0 1411 0 0 0 1837 1860 0 0 0 0 0 0 1125 641 0
0 0 2832 0 0 0 0 0 0 0 542 0 0 1202 2006 0 0 0 395 0 0 0 0 0 0 0 0 0 1622 0 0 0 2365 1651 0 0 0 967 0 356 0 0 1043 0 629 2893 0 1308 0 0 0 0 0 0 468 0 0 0 0 0 0 0 0 2481 0 0 0 0 0 0 2051 0 0 0 2260 0 0 684 0 2829 0 0 0 0 0 0 720 0 124 0 0 2605 0 0 0 0 0 0 0 0 0 0 0 2250 0 0 2057 1696 1261 2382 2710 0 0 0 2571 3087 0 0 0 0 3073 1045 0 0 0 0 154 623 306 0
0 2467 0 0 0 0 0 0 0 0 0 0 1249 0 0 0 0 1467 0 0 0 0 412 0 0 0 0 0 0 1341 0 0 1615 1411 0 0 0 0 0 3108 0 685 1571 0 0 0 0 0 0 895 0 207 0 0 169 2321 0 237 0 0 0 0 0 0 2033 0 0 0 3200 1223 0 0 0 2472 0 0 0 0 0 0 3132 0 2083 0 499 2051 0 2022 0 0 3234 0 0 1162 0 0 0 0 0 0 0 0 0 0 1516 0 0 0 0 0 0 0 0 0 0 0 0 0 0 0 0 0 654 0 1383 0 1394 0 0
0 2789 0 0 654 2210 2701 0 1734 0 0 2160 0 0 0 0 321 0 0 0 0 2844 888 0 0 1073 0 0 0 0 0 0 2290 1229 613 0 0 351 0 2092 0 3202 0 0 0 0 0 0 0 1055 1092 2974 0 0 2499 0 0 0 0 0 0 0 0 0 0 0 0 0 0 0 0 0 0 0 0 0 0 0 0 734 1417 0 0 0 0 0 0 0 0 2500 0 0 189 0 0 0 2266 733 0 0 0 0 0 0 0 1136 0 0 0 0 0 0 558 0 0 0 426 561 0 0 0 1923 0 0 730 0 0 0
0 0 0 0 0 0 0 0 0 0 604 0 0 1889 0 1668 0 0 0 0 674 0 0 0 0 0 0 0 0 1596 404 0 0 0 676 0 0 0 0 0 1710 0 0 0 1963 1523 1366 0 0 0 0 1478 0 0 0 0 0 0 0 0 0 0 0 1387 0 2340 2657 0 0 594 583 0 714 2624 0 0 0 0 0 0 0 726 0 1581 0 2239 0 0 970 0 0 2620 0 0 0 0 0 0 952 0 0 0 0 0 0 0 0 0 0 0 2593 0 2617 0 587 0 0 0 0 3109 0 1539 0 0 0 0 0
0 2546 0 0 0 0 1991 1837 0 1017 0 0 0 0 0 2160 0 0 0 211 116 0 0 0 2255 0 0 0 0 0 0 0 2101 0 0 0 1577 2965 1040 0 0 2932 0 0 0 0 0 0 0 1328 0 0 0 0 106 0 0 0 0 0 2826 0 0 0 0 3111 0 0 0 0 591 1256 0 0 0 0 0 0 358 0 674 0 1793 0 0 0 0 0 0 2424 0 0 1998 0 903 1029 0 175 0 0 0 0 1482 0 0 0 0 1300 2439 0 0 0 1429 0 610 0 2406 0 0 0 0 0 0 2970 0 0
0 0 0 0 0 0 0 0 0 0 3268 0 0 1636 0 0 0 0 0 0 0 0 0 0 0 736 0 0 2862 0 0 2712 0 0 0 0 0 0 0 1125 0 0 0 0 0 807 3346 0 1993 0 0 0 2216 0 0 0 0 3047 0 0 0 0 0 0 0 0 3231 0 0 0 0 0 2525 0 0 0 0 0 0 1848 791 0 0 0 0 0 0 0 1692 0 0 1884 0 0 0 0 3131 0 0 0 0 0 0 1129 1065 3174 0 0 0 0 0 0 0 0 0 0 0 0 0 0 1128 0 0 0 0
0 0 0 2937 0 0 0 0 0 2674 2218 3194 0 0 2176 0 0 0 0 0 0 0 0 2129 0 0 0 0 0 2993 1307 0 213 0 0 2005 0 3245 1361 0 542 0 0 723 2681 0 0 0 0 0 0 0 0 0 0 0 0 0 0 0 3131 0 2306 0 0 0 0 271 0 0 0 901 0 3087 2748 0 1082 0 0 3139 0 1727 0 0 0 0 0 2563 2838 2127 1381 0 0 0 1958 0 0 158 407 0 0 0 1590 0 2825 0 0 0 0 0 0 926 0 326 0 0 0 0 0 0 0 2601 2675 0
0 0 0 0 0 1286 0 0 0 0 0 0 0 137 1739 0 0 0 0 0 0 0 2616 0 0 0 0 0 0 0 0 0 1378 598 0 706 0 0 0 0 0 0 0 0 0 2934 3181 0 0 794 0 0 0 0 0 0 0 0 0 3010 0 0 0 0 0 0 0 859 0 0 3154 0 0 0 310 0 0 0 1344 0 0 0 2657 0 0 1451 0 0 0 0 2187 0 0 2698 0 0 0 904 0 1643 0 0 0 2286 850 0 0 0 904 0 0 0 0 1866 0 3192 1351 0 0 0 0 0 0
0 0 0 0 0 0 0 0 0 573 1213 0 0 0 1931 0 0 0 0 0 0 0 2256 0 0 1427 0 0 2289 0 0 0 0 0 907 0 1163 1772 0 2794 0 0 0 0 0 0 0 0 0 1028 0 0 0 0 0 2453 0 527 0 0 1682 0 0 2944 0 0 911 0 0 0 0 2563 893 0 0 0 0 0 0 0 0 0 0 294 0 1699 0 0 0 0 861 0 0 0 3245 1983 2454 0 0 0 1506 0 0 0 2899 0 0 2168 0 507 0 3196 0 0 0 0 0 0 3131 0 0 0
0 0 0 0 0 0 1031 0 1987 0 0 2931 1998 470 0 0 0 0 1750 0 2485 0 0 0 0 1545 816 0 0 0 0 0 0 949 0 780 0 0 0 0 0 0 2660 0 0 0 1425 0 1494 464 0 0 0 2217 0 0 2850 1587 2345 0 0 0 0 0 2663 0 0 0 0 0 2397 0 0 0 0 0 2779 0 0 0 0 0 2713 0 0 0 0 0 0 0 0 0 1079 0 0 0 1813 0 0 746 1719 0 0 451 0 1364 0 0 1847 0 0 0 0 0 0 0 1638 0 0 3087 0
0 0 0 0 0 1547 2148 0 0 0 1151 1291 0 0 0 0 0 2362 0 0 437 0 1398 1712 0 0 1725 2664 0 1918 0 2423 0 0 1683 0 790 0 0 0 0 0 0 0 0 0 1936 2711 0 0 0 0 0 1707 1562 0 537 0 1431 0 0 1555 3182 0 880 0 0 0 0 0 0 0 0 2880 0 0 0 0 0 0 449 1140 0 0 0 1346 0 0 0 1940 0 0 0 0 937 0 0 0 0 0 0 2665 2583 1377 0 0 2657 0 1411 0 0 0 0 0 0 0 0 0 0 0
0 0 127 0 0 0 0 2247 0 0 1430 242 0 0 0 0 0 0 2968 0 0 721 0 0 1865 0 0 0 0 0 0 0 0 0 0 0 0 0 2144 469 1918 0 472 464 3358 1719 0 0 0 0 0 242 1911 0 0 0 1661 0 1321 0 0 615 0 0 0 0 2514 0 0 0 0 0 0 2512 0 0 358 1799 0 0 0 0 0 0 0 0 0 0 0 0 0 0 0 0 587 0 0 1481 0 0 1371 0 0 0 0 0 0 2817 0 0 0 0 0 0 2185 0 0 0 0
0 0 0 0 0 0 0 0 0 2757 0 0 0 0 171 0 0 0 0 0 2887 282 0 0 449 0 0 0 3233 0 0 2326 0 0 0 0 2006 0 2421 0 0 0 0 0 1838 0 0 0 0 1076 2245 930 1533 0 0 0 0 0 2105 0 0 0 0 0 0 0 1048 0 0 1765 0 132 0 0 0 0 1580 0 1558 2963 0 0 0 0 0 0 0 0 0 0 0 0 0 0 3065 0 0 0 0 175 1738 0 0 0 0 1037 0 0 0 0 0 0 1897 0 0 0 0 0
0 2670 988 0 0 1431 298 0 0 0 0 473 0 0 1998 0 0 0 0 0 960 0 0 0 811 2096 0 0 1390 1073 0 0 1815 0 0 2381 0 0 0 0 0 0 0 3010 0 0 0 1118 0 0 0 0 0 0 0 0 1017 0 0 722 2844 0 0 0 0 0 0 0 0 1734 0 0 0 0 2563 2574 0 0 0 0 0 1649 0 0 2659 0 2732 0 212 0 1523 0 0 0 0 0 0 0 702 3137 2214 1869 109 643 0 0 0 637 0 0 2073 0 0 0 0 0 0
0 0 0 1599 1783 0 0 0 0 0 0 2714 0 0 0 0 0 0 2239 935 0 0 0 0 0 2232 0 0 0 0 0 0 1684 0 0 0 1208 1242 0 0 0 0 0 0 0 0 0 0 3041 0 3102 0 115 0 0 1147 0 0 1838 0 0 0 0 0 0 0 0 2358 1104 0 0 0 0 1328 0 0 1175 0 0 1308 2368 0 0 0 0 1516 0 0 0 0 0 1609 1453 2757 0 0 0 1575 1256 0 2919 0 0 0 0 2889 0 0 0 0 0 3186 0 0 2758 0
0 2794 848 0 391 0 0 0 3195 0 0 0 0 1714 0 0 2972 374 3270 0 2621 0 0 0 0 1779 0 1967 0 0 0 3142 0 0 0 0 0 0 0 0 0 0 0 0 3388 0 0 0 0 0 0 0 0 0 0 0 1095 0 0 0 0 885 1629 0 0 0 0 1508 0 0 0 0 2622 0 0 1827 0 0 2244 0 0 1917 2011 0 0 0 2463 0 0 0 0 0 1856 0 0 0 0 1974 0 932 0 0 1333 0 0 0 0 0 0 0 2226 0 0 0 0
0 0 0 0 1196 0 0 0 0 0 0 0 0 0 0 0 0 1111 0 0 3232 0 749 2213 2978 813 0 0 0 0 0 977 0 0 0 416 2685 946 0 2913 2041 1255 0 0 0 0 911 0 2789 1330 0 3336 0 0 730 1833 0 0 0 2466 0 0 0 2022 2682 0 0 0 0 0 0 0 0 0 0 0 0 0 0 0 0 0 0 0 0 0 0 0 0 0 0 0 0 474 113 0 0 944 2582 0 0 0 0 0 0 0 0 1789 0 0 0 0 0 0
0 0 0 990 0 0 0 0 0 0 3400 0 0 0 0 0 0 0 0 0 0 0 0 0 597 0 1271 3161 0 0 0 0 2438 0 0 0 0 0 0 548 1612 0 0 0 0 0 1168 0 0 1790 0 0 0 0 0 2239 0 0 0 0 0 2999 0 2524 3215 0 2896 0 0 0 0 1690 0 2142 0 0 0 0 0 0 0 0 0 0 0 125 0 0 3060 0 0 0 0 1640 0 0 0 3336 0 0 0 0 2225 0 2947 0 0 2154 0 0 0 0 0
0 0 0 0 0 0 0 0 0 3319 2161 2276 0 0 575 2798 0 0 0 0 3001 0 0 0 1381 0 0 0 0 0 0 0 0 0 1428 751 1553 0 0 0 0 188 0 2007 1163 3158 0 2589 0 0 0 0 1287 0 0 0 0 2170 0 845 0 0 0 0 0 0 0 2844 0 0 0 0 0 3017 2742 0 341 0 0 0 0 0 0 0 0 0 2815 0 2546 0 0 0 0 0 0 0 0 0 0 0 2812 0 2676 0 0 0 0 0 0 3154 1844 0
0 0 1480 263 0 0 0 0 0 1886 0 0 692 0 0 2003 0 0 0 0 0 1559 2669 0 0 0 0 0 0 0 1388 0 0 0 0 0 0 1216 0 904 0 0 0 0 0 2489 0 0 0 3090 731 0 0 2110 0 0 2630 0 0 1022 0 0 1668 0 0 0 3147 0 0 0 0 135 0 388 0 0 2571 0 0 1810 1510 3336 0 929 0 1354 0 602 0 0 0 1672 0 0 0 0 0 0 0 3294 0 0 0 0 301 0 0 0 0 2714 0
0 0 0 0 1606 0 0 0 0 0 0 0 0 0 1058 0 0 1958 0 0 1792 0 0 302 0 0 2025 0 0 0 0 0 482 0 0 0 0 1424 0 0 0 1793 0 275 0 0 0 0 0 0 0 0 0 0 0 0 0 1260 0 172 0 0 0 0 2211 0 1107 551 0 0 3022 0 0 1171 0 0 0 0 2770 0 0 0 0 0 0 0 0 1286 2266 0 2337 0 3114 0 0 0 0 0 0 2029 0 0 0 0 0 1483 0 0 0 0
0 0 0 0 0 0 0 0 0 0 2046 0 0 0 0 0 0 0 0 0 0 0 241 0 0 0 0 0 0 0 0 0 0 0 0 0 0 1508 0 0 0 0 0 0 1488 0 0 0 881 3258 0 0 0 2683 0 0 1190 3101 1034 0 0 2675 2899 1653 0 0 190 0 0 0 881 0 0 694 2622 0 0 1260 0 0 0 0 0 0 0 0 0 0 0 0 0 0 603 0 2562 0 0 0 0 0 3178 0 1714 0 0 0 0 0 0
0 0 1302 0 0 0 0 0 0 0 3150 0 3363 0 0 2826 1667 0 3296 0 0 0 0 0 0 811 0 0 0 2761 0 0 3187 0 0 437 0 0 2251 0 0 0 0 0 0 2774 0 0 3223 0 0 0 0 1034 0 3360 0 0 0 0 1575 0 1556 0 0 0 191 0 1681 0 0 0 0 0 0 0 0 0 2650 0 340 0 0 0 0 0 0 1039 1679 0 0 0 0 0 0 0 0 0 1270 0 0 0 0 0 0 251 403 0
0 908 2106 2682 3351 0 0 0 0 0 2730 0 3031 0 1230 0 2640 0 0 0 0 971 0 375 0 3284 0 0 0 0 431 0 0 0 1303 0 1717 0 0 2437 3141 119 2455 0 0 0 0 0 0 242 203 3273 0 0 0 0 0 0 0 0 0 2187 0 0 1006 0 0 2275 0 0 0 2826 1830 0 0 0 0 2951 0 0 0 0 0 0 0 550 2985 0 2662 0 0 0 0 0 0 0 446 0 0 3166 0 0 0 0 0 0 0
0 0 1757 0 0 1966 729 557 0 0 0 0 0 0 1902 0 3002 2150 1273 0 637 0 0 2141 2623 3099 0 0 0 0 0 0 2445 0 0 101 0 0 0 0 1390 1867 0 491 0 0 0 0 0 0 552 0 1360 427 0 1921 0 1737 1111 0 0 0 0 3040 0 0 0 0 0 0 0 0 0 0 260 0 0 0 0 848 1317 0 230 0 0 2907 0 0 1902 0 0 0 2190 0 108 0 0 0 0 0 0 2390 0 0 0 0
0 0 0 0 0 0 2731 0 0 0 0 2431 0 3084 1766 1306 2724 0 0 0 0 0 553 280 0 293 0 2761 1767 522 0 0 819 0 0 0 293 0 0 0 0 0 1997 0 0 0 0 2103 731 325 2979 0 0 0 1902 0 2375 0 0 0 0 0 0 0 756 0 0 248 0 2985 1091 0 0 0 0 2306 0 0 481 0 0 0 0 0 841 0 0 0 1321 0 0 0 1028 0 0 0 0 0 1149 0 0 0 2629 0 0
0 0 0 2860 0 2900 0 0 0 2580 0 0 1087 0 0 1964 845 0 0 0 0 0 0 0 0 0 0 972 0 0 2544 2042 0 0 2279 0 0 0 1502 0 0 1662 0 0 0 0 1477 836 0 0 0 2050 0 0 0 0 0 0 0 0 0 0 0 0 0 0 0 0 1418 469 0 0 0 0 1046 0 0 0 0 0 0 0 0 0 0 0 477 0 3140 0 0 0 2101 0 2133 1063 212 0 0 0 0 0 0 0
0 2161 0 0 0 523 0 0 3093 1202 0 451 1602 1593 1703 0 0 0 0 0 0 885 0 0 0 0 0 0 1310 0 0 0 0 2000 0 0 0 0 0 0 0 0 0 0 0 0 0 0 0 0 0 0 0 1589 0 0 903 0 0 2889 553 0 1933 1367 0 0 0 0 2406 0 0 0 0 0 3260 0 0 2539 0 0 0 0 0 0 0 423 0 1431 0 0 0 0 899 576 0 0 0 2735 0 0 0 3004 0
0 0 465 0 2603 0 1561 0 0 0 0 0 0 0 0 0 2047 0 257 1621 0 0 0 0 0 0 0 0 1490 0 0 1302 0 478 0 0 628 0 0 0 0 2757 0 0 0 0 0 0 0 0 0 0 0 0 0 0 0 0 0 2339 500 0 0 0 621 0 0 1392 229 0 0 938 0 1264 0 0 0 0 0 0 0 0 0 0 0 910 0 0 0 0 0 2418 0 0 2840 0 2489 1582 1054 2909 0 0
0 0 0 0 0 3052 1784 0 0 0 0 0 808 0 0 0 0 0 0 0 0 0 0 0 1252 0 829 0 0 0 0 368 0 250 0 0 0 0 0 3272 2051 2469 404 0 0 0 2137 0 0 210 0 328 0 0 0 0 0 0 1713 0 0 0 0 101 0 0 0 0 0 3105 2627 0 0 0 0 0 0 0 414 0 0 0 0 552 1886 0 2258 0 0 0 0 0 2163 0 0 0 0 2540 0 2788 0
0 0 0 0 0 0 1273 0 0 0 0 0 1844 0 3044 0 0 1702 0 0 0 2022 0 0 0 0 0 2027 2378 835 0 0 0 920 3197 0 0 1774 0 2201 0 2023 0 0 0 0 0 0 2834 1595 0 0 0 0 0 3241 0 0 0 0 0 1385 0 0 0 0 779 3062 0 0 0 0 0 1379 207 598 0 1088 0 0 0 0 0 0 0 0 0 2748 0 2158 754 0 0 2995 0 2254 0 0 0 0
0 2534 120 0 1587 2255 0 0 3000 3057 0 0 0 308 0 0 0 2077 0 0 0 2642 0 0 0 0 0 1533 0 0 0 0 708 0 0 0 0 562 0 0 0 0 0 0 0 949 0 0 0 0 0 0 0 0 0 2196 0 2061 0 0 585 0 0 2510 0 0 0 0 2971 0 0 689 0 0 653 0 0 0 291 0 0 0 0 0 0 1198 0 0 1292 0 2270 0 0 0 0 0 1276 0 0
0 0 0 0 0 0 0 0 0 0 0 1690 0 1921 0 0 1178 0 0 0 0 0 411 3218 0 0 0 989 0 0 0 2530 0 2795 0 0 0 0 0 0 1433 0 0 0 2379 1729 324 0 0 0 1105 0 0 0 2608 0 0 0 0 0 0 0 0 0 0 2340 0 0 0 0 0 2679 0 2645 0 0 0 2088 1014 0 0 0 0 2340 0 0 3038 2528 0 0 0 0 0 0 2291 0 0 0
0 0 2094 3153 644 0 0 2452 0 0 2224 185 0 0 0 0 0 0 0 1653 0 0 269 0 0 0 0 0 0 0 571 0 0 0 0 2353 0 951 0 0 1912 0 0 2738 3096 1242 0 2423 0 0 0 0 0 0 0 0 0 2907 0 0 629 0 0 0 0 0 0 0 2279 0 0 0 419 0 1899 0 0 0 0 518 1205 0 1938 0 0 0 0 0 0 0 735 0 663 0 0 0 0
0 0 0 246 0 0 0 0 0 0 0 0 0 2472 0 0 0 855 0 741 3029 0 0 0 975 0 0 0 0 1413 0 0 0 0 3185 0 0 0 0 2445 3104 0 0 0 0 0 0 0 0 3005 0 0 0 0 0 911 0 0 0 0 0 0 2151 0 0 0 0 0 0 0 1329 0 0 0 1053 0 0 2612 0 0 0 2001 2445 0 0 0 916 0 1415 0 0 0 0 0 0 0
0 0 0 0 0 0 2572 2746 0 0 0 0 0 693 0 0 3223 0 0 2397 2565 0 0 931 0 0 0 0 0 0 1678 0 0 0 1417 0 0 1021 1251 0 0 0 409 0 0 0 0 0 2268 0 2978 1051 0 0 0 0 0 0 0 0 0 3201 0 0 0 0 0 0 0 0 0 0 0 0 0 0 0 498 0 0 0 0 0 0 0 0 0 0 0 0 0 1031 0 0 0
0 0 0 0 0 0 0 0 0 0 0 0 0 0 0 0 0 1640 1823 0 0 0 0 0 0 0 0 0 0 0 0 0 0 0 0 0 0 0 2395 1189 0 0 0 0 3198 0 0 0 0 0 0 0 0 0 0 0 0 0 0 1899 0 0 0 0 697 0 0 0 1384 0 0 0 1435 0 0 0 0 0 0 0 0 724 0 0 0 743 0 0 0 0 0 1586 1099 0
0 0 0 0 778 0 0 1531 1502 0 0 0 0 0 0 0 0 918 0 0 0 626 3275 0 0 0 2038 0 2234 0 0 0 2590 0 0 0 0 1659 0 0 0 2595 0 0 1029 0 0 0 0 0 1367 0 0 0 3166 0 0 0 0 816 0 0 0 0 0 0 0 0 0 0 0 1328 0 0 0 0 0 0 0 1837 1554 0 1536 0 0 0 0 3184 0 0 1540 0 0
0 2989 0 0 0 0 0 0 1284 2967 0 0 0 0 1733 0 716 1535 0 0 0 0 0 0 283 0 2642 3044 0 1965 0 0 0 0 0 0 0 0 0 0 0 2412 0 0 0 0 0 0 0 2629 0 0 0 0 0 0 461 0 0 0 0 0 0 2659 2924 0 0 2903 3077 0 0 0 0 0 0 0 0 0 0 0 0 647 0 1771 0 0 0 0 0 2044 1560 0
0 1222 2869 0 2846 0 0 0 3038 0 0 1199 0 0 216 0 0 0 0 0 0 2979 0 0 0 0 0 0 0 2175 2281 0 0 0 2003 0 0 0 0 2718 0 0 0 0 0 0 0 0 2719 0 0 1378 0 0 0 0 0 2510 0 0 0 325 0 0 0 0 265 0 0 0 1561 0 0 0 0 0 2582 104 0 0 0 0 2716 0 0 0 0 0 1931 0 0
0 0 0 0 1529 0 2591 1619 0 2952 0 0 2458 0 0 0 0 0 1156 0 0 0 0 0 0 0 0 0 0 2472 2479 2431 2066 0 0 2908 0 0 189 0 0 0 654 1594 0 0 0 0 3279 452 0 2884 3319 2306 0 0 0 0 297 0 0 0 0 0 0 2181 0 0 0 0 0 0 0 0 0 0 0 1876 0 2730 0 0 0 1221 3363 0 0 3083 0 0
0 0 0 0 0 3115 0 1201 0 0 0 711 0 0 0 0 0 266 0 0 0 0 0 0 0 0 0 0 0 2516 0 2893 2831 0 0 0 0 0 498 2134 0 0 0 0 0 0 0 0 0 0 0 0 0 0 0 0 0 0 1031 0 615 0 0 0 0 0 0 0 0 3167 1975 3010 0 0 2798 3033 0 0 0 3136 0 0 0 0 0 0 0 3233 0
0 0 0 0 0 0 0 0 0 0 0 0 1928 0 0 0 0 2712 0 370 0 3028 0 0 976 1210 377 1618 2414 0 0 0 0 3326 2884 1736 0 0 0 2568 0 435 0 0 0 0 0 2590 0 0 0 1668 361 0 0 886 0 1743 0 2078 0 0 0 823 0 0 1219 1914 0 0 0 1771 2718 0 0 0 0 0 0 0 0 0 0 2022 2979 0 3078 0
0 2213 1001 0 0 3294 0 0 2721 469 0 0 0 0 0 1864 0 0 0 0 0 0 0 0 0 0 0 0 0 0 0 3064 3024 0 1933 0 0 573 0 0 0 0 0 0 0 0 0 0 0 2585 0 0 0 0 1898 0 0 0 0 1132 1713 0 165 0 440 0 0 0 0 499 0 0 0 2959 0 0 0 0 655 0 0 0 0 3028 0 0 0
0 0 2500 0 0 2400 890 2740 0 0 0 0 0 0 0 2393 0 308 0 3032 1615 0 0 0 0 0 1137 0 0 0 0 0 3030 0 0 0 0 0 0 0 0 898 0 1905 618 0 0 1722 2253 0 358 0 0 0 0 0 0 1001 569 0 1382 0 103 0 0 0 0 0 0 2656 0 0 0 0 0 2946 0 0 0 0 0 0 287 2659 258 0
0 0 2007 0 1391 0 0 0 0 0 0 0 0 3079 0 0 0 1140 0 986 0 1089 252 945 2116 1286 0 0 1703 1493 0 1485 0 0 0 0 0 0 1472 0 0 1653 1910 895 3183 0 0 0 0 0 0 0 0 0 0 0 0 0 0 0 2378 0 0 0 0 0 0 171 0 1191 0 0 0 450 782 0 0 2704 0 0 0 0 0 453 0
0 331 0 0 0 0 0 0 0 0 0 2293 2321 0 0 0 0 1933 0 0 0 0 0 0 0 0 0 0 1381 0 0 0 282 0 0 0 0 0 0 0 0 1482 2417 0 1321 0 1318 0 0 1786 0 799 0 0 0 0 0 1699 0 0 0 1779 2096 0 0 0 0 1361 0 2363 140 1791 0 0 0 0 0 1789 0 0 2971 1817 0 0
0 2565 1090 2574 0 0 0 294 0 2857 0 2804 0 0 0 0 0 2926 0 0 631 0 0 0 0 0 0 0 0 2781 0 2395 784 0 385 2710 0 2726 0 0 0 2148 0 0 0 1571 0 0 0 0 0 0 0 0 0 2107 0 0 1542 0 0 0 2437 0 0 0 0 0 0 0 0 2072 3306 1348 0 0 0 0 0 0 0 2812 0
0 1109 3165 0 0 0 0 0 0 0 0 0 0 0 1838 0 0 0 0 0 678 0 2463 0 0 0 0 0 1959 0 0 0 0 0 0 1491 0 1697 0 2116 0 3044 0 0 0 3030 0 0 3361 709 0 0 2219 3049 0 633 0 0 2489 0 0 0 1648 1979 0 0 0 0 0 0 1643 0 0 0 0 0 0 2570 0 0 0 0
0 0 0 0 0 0 893 0 0 0 0 0 0 467 0 1469 0 1221 2784 0 2432 0 0 0 0 0 0 2595 0 0 0 0 0 0 1600 0 0 1626 0 377 0 0 0 0 545 1907 0 0 0 0 0 362 0 332 1746 884 0 0 0 0 1788 0 2304 1210 1644 0 0 0 0 0 0 0 0 0 0 0 0 0 780 0 0
0 2317 1922 0 1911 3191 0 0 0 0 0 0 411 0 0 0 0 1971 120 0 0 138 0 0 360 0 0 0 0 0 2691 1390 517 0 0 0 0 400 0 1801 0 357 0 277 0 0 0 0 0 408 0 0 0 0 0 0 0 0 0 1913 0 0 0 0 0 1457 2952 0 0 0 0 0 0 0 0 0 0 0 1050 0
0 0 0 0 0 2784 0 0 0 0 0 0 0 0 0 2833 0 0 2807 197 0 2484 0 0 0 0 0 0 0 0 1608 0 0 0 0 0 0 0 2766 0 0 0 1215 0 856 0 1680 0 3115 0 0 0 1940 0 1778 0 0 663 0 2920 169 206 0 0 0 0 0 0 0 0 0 0 0 0 0 0 0 0 0
0 0 0 0 3326 0 1929 0 2204 2053 1848 0 0 0 512 0 0 0 0 0 0 0 0 0 1078 0 0 0 0 3204 2007 0 3096 0 225 0 0 0 0 2219 0 0 0 0 0 0 0 0 0 0 0 0 0 0 0 0 0 0 0 0 0 2242 0 0 0 0 522 0 0 0 0 0 855 0 2593 0 1986 0
0 0 0 269 0 0 2602 0 0 0 930 0 0 3094 0 0 0 0 1968 408 1526 3300 0 1121 2059 0 0 2267 0 0 0 512 0 2283 0 0 1574 2825 0 0 0 0 0 1825 0 0 0 2663 0 0 0 0 2644 0 617 0 0 0 0 0 0 0 0 0 0 2527 0 1112 0 0 0 0 0 483 2191 297 0
0 0 0 0 1481 1458 205 0 0 1315 1033 0 0 2447 0 0 0 0 0 0 113 2851 0 0 0 0 0 0 0 0 0 2278 0 0 0 0 0 0 0 0 2371 1728 0 0 0 0 0 3176 0 0 0 1084 2016 0 0 0 0 0 0 3001 0 0 0 0 0 0 0 1533 0 0 2165 0 0 0 1029 0
0 0 0 0 2256 0 0 0 0 0 0 0 0 0 2859 0 0 0 0 0 0 342 0 0 0 0 0 0 1226 0 0 0 0 0 0 0 0 0 0 2991 0 1667 0 2800 0 0 2059 1387 0 0 0 0 0 0 0 0 0 1560 0 0 0 0 798 0 589 0 568 0 0 1850 0 0 0 0 0
0 1488 0 0 0 0 0 3025 2615 113 0 0 0 0 0 0 0 0 0 0 0 0 0 192 0 0 0 0 0 2928 0 2921 0 0 0 777 0 0 0 0 0 0 0 767 0 0 0 0 0 0 0 972 0 0 2023 0 0 2737 0 1800 2259 0 0 1884 0 0 387 2427 2830 0 0 0 497 0
0 0 0 0 0 0 1731 0 0 0 0 876 0 0 0 0 0 0 0 0 0 0 339 0 0 1605 2362 0 273 343 0 0 2541 0 0 0 0 3094 0 0 0 0 1008 0 0 0 0 0 0 0 0 2307 745 1583 263 0 0 0 0 0 0 0 278 0 0 0 0 0 0 2945 0 2209 0
0 0 0 0 0 0 1160 0 0 0 0 0 580 0 1273 0 0 0 2943 0 0 0 0 0 0 0 0 0 0 0 0 0 0 2901 2562 0 0 0 3184 1382 0 0 0 0 1638 297 0 1619 0 1910 0 0 0 0 826 1204 0 344 0 0 674 0 0 0 0 0 0 0 0 3217 0 0
0 0 0 0 0 0 1434 0 0 0 0 0 2797 0 1267 0 0 0 1505 0 0 0 2570 0 0 0 892 1787 0 0 0 0 0 0 1459 1989 0 0 1314 0 0 0 0 0 0 0 0 560 1290 0 0 722 0 1180 0 3064 0 0 0 0 2671 0 1710 0 0 0 0 0 0 2573 0
0 0 0 1621 1083 0 0 0 0 0 0 0 0 0 0 0 0 0 1353 0 0 0 2150 0 0 0 1617 0 0 0 0 1475 1753 906 0 0 0 0 0 0 0 0 1338 0 2452 268 0 0 0 0 2948 0 0 1580 0 2359 1836 0 0 0 1038 2206 0 0 1551 561 751 0 2206 0
0 2523 0 1390 2453 0 0 0 0 0 0 2437 0 0 0 2705 964 0 2366 0 0 0 0 1118 1436 0 0 1682 0 0 771 1662 0 1153 0 0 0 0 2064 0 0 1922 0 664 0 558 2782 0 0 0 0 0 565 0 0 0 2280 0 3193 0 349 0 0 0 1524 0 1040 0 0
0 0 3096 0 0 0 0 0 0 0 250 0 0 0 0 0 0 1514 0 0 1511 0 0 0 0 1694 0 0 0 0 0 0 0 0 2877 0 128 0 3158 0 2885 2135 397 0 0 0 0 0 705 1012 0 0 0 0 0 0 485 0 0 0 0 0 0 0 0 0 0 0
0 0 0 1865 0 0 1300 0 0 0 641 0 0 0 2462 0 0 236 0 0 0 0 0 1550 0 0 0 0 1095 0 0 0 876 2976 0 0 0 0 0 0 2728 0 631 2418 0 898 0 0 250 1315 0 0 0 0 0 0 1950 0 0 0 1590 0 0 336 1998 0 0
0 0 2093 0 2320 3194 2641 0 0 0 0 0 0 0 0 0 0 0 0 0 0 0 0 714 0 0 0 0 0 2803 0 0 455 0 0 2138 0 0 1176 0 0 1567 0 0 378 0 0 0 0 0 0 2053 0 689 0 1851 0 0 0 1920 2968 874 0 1404 0 0
0 0 0 3144 0 2743 0 0 0 0 2538 0 0 2399 0 0 0 2977 316 0 0 2899 0 2652 0 0 0 0 0 0 0 0 0 0 0 0 0 0 0 0 0 192 0 0 0 0 0 0 0 0 0 3103 0 0 0 0 0 0 0 0 0 0 0 921 0
0 1982 0 0 0 0 0 0 0 0 0 0 0 0 0 0 0 0 0 2737 1694 0 1873 2642 0 0 0 0 0 338 0 2574 0 0 0 0 0 0 0 0 0 2602 0 2833 0 0 0 0 0 0 0 0 0 0 0 1685 221 2278 0 0 2346 0 0 0
0 0 0 0 0 0 0 3231 0 0 0 1877 0 0 0 2756 0 2512 0 0 0 816 0 0 0 823 2276 0 0 0 0 0 2406 0 0 0 0 0 0 1668 2264 3151 1436 1466 0 403 368 0 0 2883 167 2105 1056 0 0 0 0 0 2208 0 0 272 0
0 0 0 0 0 0 0 0 0 0 2162 593 0 0 1550 0 0 0 0 0 0 0 0 0 0 0 0 0 0 1560 0 0 0 0 0 0 1612 1934 2955 2735 0 0 0 0 0 2620 0 0 0 0 0 0 0 1607 0 0 729 0 0 0 0 0
0 0 0 0 0 0 2811 0 1159 0 0 0 3142 0 0 0 2127 0 1692 0 382 1970 0 0 2992 0 1606 0 0 0 0 0 0 2459 0 0 0 1833 1205 0 0 0 0 0 0 972 0 0 0 531 0 0 1407 2157 0 0 2666 0 0 1501 0
0 0 0 0 0 0 455 0 0 906 1423 0 0 0 0 0 0 2482 0 914 0 0 0 0 0 0 0 0 0 0 0 0 0 0 2884 0 0 0 0 0 0 0 0 0 0 0 1512 1681 1643 1786 0 0 0 2372 0 0 0 0 0 0
0 0 239 0 0 2883 818 0 0 2222 0 0 675 0 0 0 0 0 0 0 0 0 0 0 0 0 1073 1738 663 0 2812 0 0 2382 0 1919 0 0 0 0 0 0 0 2744 0 0 0 0 0 0 125 0 0 0 2633 2733 0 0 0
0 0 0 0 0 0 0 0 714 0 0 0 3191 0 2415 3257 0 1458 458 0 0 527 0 0 0 0 2264 2060 0 0 3222 0 0 0 0 0 0 0 2668 0 1355 2332 2958 0 0 1817 0 0 0 0 0 0 0 0 0 0 0 0
0 0 0 0 0 0 0 0 0 0 0 0 0 0 2915 0 0 0 0 2897 0 0 0 1005 1831 496 0 3153 0 194 0 0 0 0 0 0 123 0 0 0 3097 1219 0 0 0 0 0 0 0 2350 135 0 2824 0 0 2080 0
0 0 0 0 3236 0 0 0 686 0 0 0 2438 0 961 1333 0 0 0 0 0 0 3217 0 0 327 1903 0 0 0 0 0 0 0 2038 0 0 0 465 0 0 0 0 0 0 160 505 878 0 0 0 897 0 0 0 0
0 0 0 0 0 0 0 2602 0 0 0 0 0 0 2502 0 1270 549 0 2149 0 0 0 0 2222 0 0 440 0 0 0 0 2280 3030 2810 0 0 1731 0 0 0 0 0 1732 0 0 0 300 0 0 0 0 0 3130 0
0 0 787 0 0 0 0 0 0 0 1970 0 174 3243 0 0 1694 0 0 0 0 0 0 0 2012 1276 0 0 1485 0 1600 0 0 0 1306 2146 0 0 0 0 0 1450 0 0 0 0 0 0 0 0 0 0 1565 0
0 1920 0 2216 0 0 0 0 0 0 0 0 0 2258 0 2058 0 0 165 0 1438 0 0 0 0 0 0 379 0 0 0 1371 0 0 0 0 492 1978 0 0 0 0 1528 0 0 0 0 1167 0 0 0 0 0
0 0 180 0 3154 0 0 0 0 1804 0 0 1805 0 2997 0 0 0 0 0 2440 2150 444 0 240 756 0 0 0 0 0 0 1391 0 0 0 1985 0 1795 256 0 0 0 0 0 1236 0 2646 0 0 0 0
0 0 2222 0 0 0 3008 0 0 0 146 0 1204 0 2092 2259 0 0 0 0 0 493 0 0 0 718 0 2500 0 0 2281 0 0 0 0 0 1338 0 0 0 1243 0 0 0 0 0 0 0 1453 0 0
0 1346 0 0 686 0 0 2754 0 0 1872 432 0 0 0 0 0 0 0 0 0 0 0 2194 0 0 0 0 3008 2945 0 0 0 0 0 0 2813 0 0 0 0 0 0 0 0 0 0 0 0 0
0 0 0 1401 714 0 1677 0 2217 2489 0 0 328 0 0 128 0 2482 0 0 0 0 442 674 2822 0 0 0 0 0 0 0 0 2025 0 0 0 0 0 0 0 0 0 0 0 0 0 0 0
0 3098 0 0 0 1942 0 2575 0 0 0 1333 0 0 0 699 0 0 1737 1584 0 0 0 0 0 1234 3262 2071 0 1151 0 0 0 1416 0 0 1953 0 2284 0 0 0 2030 1581 0 0 0 0
0 3051 0 0 0 0 1695 0 0 0 1571 0 0 0 0 0 2388 0 2250 3195 0 0 0 0 0 1382 1572 0 3171 0 0 0 2171 0 0 0 0 0 0 0 0 2570 0 0 0 0 0
0 0 0 0 0 0 0 0 0 0 0 0 0 2212 0 1992 0 0 308 0 0 145 0 0 0 1022 1232 2182 0 431 0 0 633 0 0 0 0 0 0 0 0 0 0 0 0 0
0 0 0 0 0 0 0 0 156 0 0 0 2357 0 0 0 0 0 0 0 0 0 0 0 0 0 0 0 0 0 0 0 0 0 1929 0 0 0 0 0 1418 0 0 1805 0
0 0 2457 1653 642 1356 0 0 0 0 2975 0 0 0 3209 897 0 0 0 230 0 679 1748 418 0 0 1379 0 1404 0 3221 940 0 0 1973 0 0 0 0 0 596 0 3016 0
0 1259 0 0 0 0 1373 800 1634 0 2469 0 0 0 0 0 0 0 0 0 0 1548 0 0 0 1293 830 0 1712 2792 0 0 0 0 384 0 2593 0 0 2913 2115 0 0
0 1693 0 2644 1823 0 0 0 0 0 0 0 0 0 0 0 0 0 0 0 0 2172 0 0 189 2597 3304 3116 0 612 2455 0 0 0 3193 0 0 0 2824 0 0 0
0 0 0 0 0 0 0 1014 0 0 0 2490 0 1234 0 0 0 0 2422 2126 0 0 0 0 1419 0 2607 0 0 0 0 0 0 0 0 0 0 134 0 0 0
0 0 0 0 0 582 0 0 2332 0 2502 0 2375 3283 0 0 2015 722 0 0 0 0 0 0 0 0 1815 2036 0 0 0 0 0 1132 0 0 0 0 0 0
0 461 2537 0 0 3184 0 0 0 0 0 1353 0 0 0 0 0 0 0 0 2954 890 0 2487 2859 2424 0 0 255 0 0 0 0 0 0 0 0 2518 0
0 0 1578 0 2225 0 0 0 0 0 0 0 3221 1388 0 2460 0 0 0 0 0 2466 0 1705 0 0 0 0 0 0 0 2505 1170 0 0 0 648 0
0 0 0 0 0 0 0 684 0 1714 0 0 2513 0 601 0 0 0 0 935 0 0 2283 0 0 0 0 0 241 0 0 0 0 0 0 0 0
0 0 0 0 0 0 1842 0 0 255 0 0 0 0 0 0 0 0 1871 1843 0 2424 0 0 1883 0 518 0 0 0 0 2648 2062 0 0 0
0 0 0 1917 3062 0 1795 0 0 0 0 0 2286 0 444 0 0 168 0 0 0 0 0 0 0 0 0 0 0 0 0 0 0 0 0
0 957 0 0 0 0 270 2279 2365 0 1160 1114 429 0 231 0 0 2675 0 0 0 2164 205 0 0 0 0 0 0 0 0 0 0 0
0 491 0 0 0 0 0 359 3201 0 0 194 0 0 0 2008 2881 0 0 0 0 1502 0 810 0 0 0 0 0 0 849 0 0
0 0 0 303 0 0 1646 0 0 0 0 1631 0 0 0 0 0 0 0 0 0 0 0 1499 357 0 0 0 3055 1658 0 0
0 855 0 0 578 0 0 1352 377 0 1471 0 318 0 0 0 620 576 0 0 0 0 0 0 0 0 0 0 0 0 0
0 0 0 0 0 0 964 2808 0 0 0 0 0 0 0 818 0 0 0 1341 2532 0 0 0 0 0 0 2962 680 0
0 0 710 0 1807 113 0 0 0 0 0 0 0 0 0 0 0 323 0 0 0 0 0 0 0 2552 0 0 0
0 0 0 0 0 0 0 1208 966 0 953 0 0 0 0 0 0 2614 0 0 0 0 916 0 0 1194 0 0
0 0 0 0 0 1575 481 0 0 0 2812 0 0 0 0 0 0 0 0 0 0 1928 0 1994 0 0 0
0 3159 0 0 1969 0 0 0 0 0 0 385 0 0 0 0 0 0 0 1852 0 0 0 0 2964 0
0 3193 0 0 0 0 0 0 0 0 0 0 0 0 0 579 0 0 0 0 0 0 2280 0 0
0 0 0 0 1618 2448 0 0 0 372 0 1737 0 0 0 1366 0 0 0 0 3289 0 0 0
0 0 0 0 1638 0 2873 0 0 0 0 0 0 0 2526 174 0 903 0 0 0 1437 0
0 0 3149 1002 2864 1382 0 0 0 0 121 600 0 897 0 0 247 1791 0 0 0 0
0 0 3020 0 0 3138 1642 0 0 0 0 1363 2217 989 0 0 0 0 0 1093 0
0 360 0 1220 0 0 0 0 0 0 0 0 0 2612 0 2236 2200 0 0 0
0 0 958 0 0 0 1385 464 0 0 0 2851 0 0 0 0 0 0 0
0 0 0 0 0 0 1327 0 0 483 0 0 0 0 0 0 0 0
0 0 0 0 0 0 0 0 0 0 0 3233 2445 0 0 0 0
0 0 0 0 0 3120 0 0 0 2192 0 0 0 2031 0 0
0 0 0 3250 0 0 374 0 0 0 0 0 0 0 0
0 0 0 0 0 0 0 0 0 0 0 0 2822 0
0 2184 0 0 0 0 0 0 0 0 1792 0 0
0 0 0 0 0 2171 0 0 0 0 0 0
0 0 0 1495 0 0 0 0 0 0 0
0 0 3213 0 773 2128 0 2203 0 0
0 0 0 0 0 955 323 0 0
0 0 0 0 0 0 3083 0
0 0 2165 0 1065 2479 0
0 0 0 0 0 0
0 0 0 0 0
0 0 224 0
0 0 0
0 0
0
0
486408
3133 3324 3073 2198 339 1503 2787 3366 1146 3325 2023 1384 422 382 1355 1749 1406 1430 2029 1313 1761 2510 2862 2364 2597 2020 167 2162 2733 2413 1787 1076 537 3192 1681 810 2351 1071 1205 293 2119 540 1997 3134 2269 1622 1841 923 3130 2253 3072 413 3033 1981 930 2850 421 2967 1696 342 358 996 2713 774 1570 2943 2975 2554 1932 2683 1673 337 247 1940 2513 1408 2622 3069 2010 1124 409 2456 1140 377 1642 279 1211 669 1242 1001 495 1482 2726 3187 1988 3450 3087 1336 362 2606 744 1488 1197 338 2944 2634 265 258 3026 2823 2506 2678 3112 2728 2031 1093 1878 1285 1322 1515 1805 1305 1479 1006 1198 265 2940 2497 3043 1310 435 1365 1713 2867 477 2247 309 946 819 1070 2224 3262 1089 1613 742 1230 629 1992 3193 3040 321 1877 2299 2260 2932 1611 3340 274 1231 1588 1986 3205 484 547 1325 1201 3069 364 1221 2989 870 1110 621 2423 1401 849 294 2016 334 127 1809 3196 1654 2155 1032 1859 2425 2873 1859 2211 1111 139 1800 1497 1308 2407 2843 2771 2400 2925 397 356 847 3267 1152 2528 1435 1965 868 2197 272 294 3380 1221 3156 2021 400 506 2833 2944 982 2229 527 2325 2123 878 1318 1353 1248 1151 1455 901 1568 750 1809 390 2302 1587 3235 613 557 509 1971 3019 812 911 2320 705 1773 2538 967 1275 2135 3028 866 246 3280 596 126 374 149 2329 847 1956 2990 2582 823 2563 1482 2827 1889 965 671 1030 2295 543 345 2646 545 1274 775 2833 2820 906 312 312 974 1957 2070 621 2547 1795 440 2933 610 466 1801 238 2313 1532
