300
159 98 168 121 130 173 175 128 114 136 153 134 138 126 144 104 157 122 167 142 128 102 130 118 129 101 136 145 130 116 130 122 115 160 142 173 139 106 168 166 146 111 103 130 107 115 138 150 122 159 122 102 128 157 139 153 102 146 168 126 133 164 132 174 140 164 152 112 159 105 141 104 167 135 172 113 133 133 107 147 97 120 156 146 128 162 170 134 117 166 124 170 114 96 129 116 155 105 124 157 139 159 166 114 152 151 148 126 118 122 154 146 134 154 125 146 104 119 100 112 127 114 171 127 157 147 166 167 102 152 171 162 105 164 142 151 130 138 170 110 110 98 150 128 146 154 169 174 147 116 146 170 138 146 126 159 164 173 133 101 162 157 120 100 165 168 174 146 109 107 113 99 125 166 98 163 140 139 158 136 112 126 154 120 140 98 119 173 172 158 163 133 102 123 162 166 154 103 97 154 114 118 161 136 137 142 141 149 101 96 115 158 149 130 122 132 137 134 136 163 102 98 108 164 120 156 174 135 137 108 106 170 96 100 156 170 98 114 159 174 170 104 126 130 97 138 118 105 97 126 163 154 143 110 105 112 144 173 150 157 102 102 146 169 166 158 158 145 108 166 130 119 150 96 126 174 106 154 121 115 134 122 172 106 158 128 123 162 171 140 122 102 98 136 167 165 172 133 97 152
0 147 122 127 150 150 126 118 130 139 130 132 125 135 112 142 122 146 134 126 111 127 121 126 110 130 135 127 119 127 123 118 143 134 150 133 114 147 146 136 116 111 127 114 118 131 138 123 143 122 110 126 142 133 139 111 136 147 125 129 145 129 150 133 145 139 117 143 112 134 112 146 130 149 118 129 129 114 137 107 122 141 136 126 144 148 130 120 146 124 148 118 106 126 119 141 112 124 142 133 143 146 118 139 138 137 126 121 123 140 136 130 140 125 136 112 121 110 117 126 118 149 126 142 137 146 146 111 139 149 144 112 145 134 138 127 132 148 116 115 108 138 126 136 140 147 150 137 119 136 148 132 136 125 143 145 150 129 110 144 142 122 110 146 147 150 136 115 114 118 109 125 146 108 145 133 133 142 130 117 125 140 122 133 108 121 150 149 142 145 129 110 123 144 146 140 111 107 140 118 121 143 130 131 134 134 138 110 106 118 142 138 127 123 129 131 130 130 145 111 108 114 145 122 141 150 130 131 114 113 148 106 110 141 148 108 118 143 150 148 112 125 127 107 132 120 112 107 126 145 140 134 115 112 117 135 150 138 142 111 110 136 147 146 142 142 135 114 146 127 121 138 106 126 150 113 140 122 118 130 123 149 114 142 126 123 144 149 133 122 110 108 130 146 146 149 129 107 139 0
0 93 97 114 114 96 90 99 106 98 100 94 102 85 107 93 111 102 96 84 96 91 96 83 99 102 96 90 96 94 90 109 102 114 100 86 111 110 103 88 84 97 86 90 100 105 94 108 93 83 96 107 100 106 84 103 111 94 98 110 98 114 101 110 106 89 108 85 101 85 111 98 113 89 98 98 86 103 81 92 107 103 96 109 112 98 90 110 94 112 90 81 96 90 106 85 94 107 100 108 111 90 106 105 104 95 91 94 106 103 98 106 94 103 85 92 82 89 95 90 113 95 107 103 110 111 84 106 113 109 85 110 102 105 96 100 112 88 87 82 105 96 103 106 112 114 103 90 103 112 100 103 94 108 110 114 98 83 109 107 92 82 110 111 114 103 87 86 89 82 94 110 82 110 101 100 108 99 89 94 106 92 101 82 92 114 113 108 110 98 83 94 110 111 106 84 81 106 90 91 109 99 99 102 101 104 83 81 90 108 104 97 94 98 99 98 99 110 84 82 86 110 92 107 114 98 99 86 86 112 81 82 107 112 82 90 108 114 112 85 94 96 81 100 91 85 81 95 110 106 102 87 85 89 102 114 105 107 84 83 103 112 111 108 108 102 86 111 96 92 105 81 95 114 86 106 93 90 98 94 113 86 108 96 94 110 113 101 93 83 82 99 111 110 113 98 81 106 0
0 131 154 155 130 122 134 144 134 136 129 139 115 146 126 151 138 130 114 131 124 130 113 134 139 131 123 131 126 122 147 138 154 137 117 152 150 140 120 114 131 118 122 135 142 126 147 126 114 130 146 137 144 114 140 152 129 133 150 132 154 137 150 143 120 147 116 138 115 151 134 154 121 133 133 118 141 110 126 146 140 130 148 153 134 123 150 128 152 122 110 130 123 145 116 128 146 137 147 150 122 143 143 142 129 124 126 144 140 134 145 128 140 115 125 113 120 130 122 153 130 146 141 150 151 114 143 153 148 116 150 138 143 131 136 153 119 119 111 142 130 140 145 152 154 141 123 140 152 136 140 129 147 150 154 133 113 148 146 126 113 150 152 154 140 118 118 121 112 128 150 111 149 137 137 146 134 120 129 144 126 137 111 125 154 154 146 149 133 114 127 149 150 144 114 110 144 122 124 148 134 135 138 138 142 113 110 122 146 142 131 126 132 135 134 134 149 114 111 118 150 126 146 154 134 135 118 116 153 110 113 146 152 111 122 147 154 153 115 129 131 110 136 124 116 110 129 149 144 138 119 116 120 139 154 142 146 114 114 140 152 150 146 146 139 118 150 131 125 142 110 129 154 116 145 126 122 134 126 154 117 146 130 127 149 153 137 126 114 111 134 151 150 154 133 110 143 0
0 128 129 108 101 112 119 110 113 106 115 96 121 105 126 114 108 94 109 103 108 94 112 116 109 102 109 105 102 122 114 128 114 97 126 125 117 99 95 109 98 102 113 118 105 122 105 94 108 121 114 119 94 116 126 106 110 124 110 129 114 124 119 100 122 96 114 96 126 111 127 100 110 110 98 117 92 104 121 117 108 123 127 111 102 125 106 126 101 91 108 102 120 96 106 121 114 122 125 101 119 118 118 107 103 105 120 116 111 120 106 117 96 103 94 100 107 101 127 107 121 117 125 126 94 119 127 123 96 124 114 118 109 113 127 99 98 92 118 108 116 120 126 128 117 102 116 126 113 116 106 122 124 128 110 94 123 121 104 94 125 126 129 117 98 98 100 93 106 125 93 124 114 114 122 112 100 106 120 104 114 92 103 128 127 122 124 110 94 106 123 125 120 95 92 120 101 103 122 112 112 114 114 118 94 91 102 122 118 109 105 110 112 110 112 124 94 92 98 124 104 121 128 111 112 98 97 127 91 94 121 126 93 101 122 128 127 96 106 109 92 113 102 96 92 107 124 120 115 98 96 100 115 128 118 121 94 94 116 126 125 122 122 116 98 125 109 103 118 91 107 129 97 120 105 102 111 105 127 97 122 108 106 123 127 114 105 94 92 112 126 125 127 110 92 119 0
0 134 113 106 117 125 115 118 111 121 100 126 110 131 120 113 99 114 108 113 98 117 121 114 106 114 110 106 128 120 134 118 102 131 130 122 104 99 114 102 106 118 123 110 127 110 98 113 126 118 125 99 122 131 111 115 130 114 134 118 130 124 104 127 100 119 100 131 116 133 105 115 115 102 122 96 109 126 122 113 129 133 116 107 130 110 132 106 95 113 106 126 100 110 126 118 127 130 106 124 124 122 112 108 110 125 122 116 126 111 122 100 108 98 104 112 106 133 112 126 122 130 131 99 124 133 129 100 130 119 124 114 118 133 103 103 96 123 113 122 126 132 134 122 106 122 132 118 122 111 127 130 134 115 98 129 126 109 98 130 131 134 122 102 102 105 97 111 130 97 130 118 118 127 117 104 111 125 109 118 96 108 134 133 127 130 115 98 110 129 130 125 99 96 125 106 108 128 117 117 120 119 123 98 95 106 127 123 114 110 114 117 115 117 130 99 96 102 130 109 126 134 116 117 102 101 133 95 98 126 132 97 106 127 134 133 100 111 114 96 118 107 100 96 112 130 125 120 103 100 104 121 134 123 126 99 98 122 132 130 127 127 121 102 130 114 108 123 95 112 134 101 126 109 106 116 110 133 102 127 113 110 129 133 118 110 98 96 117 131 130 133 115 96 124 0
0 132 124 137 146 135 138 130 142 117 148 128 154 140 132 116 133 126 133 115 137 142 133 125 133 129 124 150 140 157 138 118 154 153 142 122 117 134 119 124 138 144 129 150 128 115 132 148 138 146 116 142 154 130 135 152 134 157 139 152 146 122 150 118 139 117 154 136 156 123 135 135 119 143 112 127 148 142 132 150 155 136 126 153 130 154 124 112 133 125 147 118 130 148 138 150 153 123 146 146 143 131 126 129 146 142 136 147 130 142 117 127 114 122 132 123 155 132 148 143 153 154 116 146 155 150 118 152 140 146 133 138 155 122 121 113 144 132 142 147 154 157 143 125 142 154 138 142 130 150 152 157 135 115 150 148 127 114 152 154 157 142 120 119 123 114 130 153 114 151 139 138 149 137 122 130 146 127 139 113 127 157 156 149 151 135 115 130 151 153 146 117 112 146 123 126 150 137 138 140 139 144 115 112 124 149 144 134 129 134 138 135 137 151 116 113 120 152 127 148 157 136 138 120 118 155 112 114 148 154 114 123 150 157 155 117 130 133 112 138 126 118 112 131 151 146 141 121 118 122 142 157 144 148 116 115 142 154 153 149 149 142 120 153 133 127 145 112 131 157 118 147 128 124 136 129 156 118 149 132 130 151 155 139 128 115 113 137 154 152 156 135 112 146 0
0 125 138 147 137 139 132 142 118 150 130 154 142 133 117 134 127 134 116 138 142 134 126 134 130 126 151 142 158 140 119 155 154 144 122 118 134 120 126 138 146 130 150 130 116 133 150 140 147 117 143 155 132 136 153 135 158 140 153 146 123 150 118 141 118 154 138 157 124 136 136 120 144 113 128 149 144 133 152 156 137 126 154 130 156 125 113 134 126 149 118 130 150 140 150 154 124 146 146 145 132 127 130 148 143 137 148 131 144 118 128 115 123 133 124 157 133 150 144 154 154 117 146 157 152 118 153 141 146 134 139 156 122 122 114 146 133 143 148 155 158 144 126 143 156 139 143 132 150 153 158 136 116 152 150 128 115 154 155 158 144 121 120 124 114 131 154 114 153 140 140 150 138 123 132 148 128 140 114 128 158 157 150 153 136 116 130 152 154 148 118 113 148 124 127 151 138 138 142 141 145 116 113 126 150 145 134 130 135 138 137 138 153 117 114 121 153 128 149 158 138 138 121 119 156 113 115 149 156 114 124 150 158 156 118 132 134 113 139 126 118 113 132 153 148 142 122 118 123 142 158 146 150 117 116 143 155 154 150 150 142 121 154 134 128 146 113 132 158 119 148 129 126 137 130 157 119 150 133 130 152 157 140 130 116 114 138 154 154 157 136 113 146 0
0 115 123 114 117 110 119 99 125 108 130 118 112 98 112 106 112 97 115 120 112 106 112 109 105 126 118 132 117 100 130 129 121 103 98 113 101 105 116 122 109 126 108 98 112 125 117 123 98 120 130 110 114 128 114 133 118 128 123 103 126 99 118 99 130 115 132 104 114 114 101 121 94 107 125 121 112 127 131 114 106 129 110 130 105 94 112 106 125 99 110 125 117 126 130 104 123 122 121 110 106 109 124 120 114 124 110 121 99 107 97 103 111 104 131 111 125 121 129 130 98 123 131 127 99 128 118 122 112 117 131 102 102 95 122 112 120 124 130 133 121 106 120 130 117 120 110 126 128 132 114 97 127 125 107 97 129 130 133 121 102 101 104 96 110 129 96 128 118 117 126 115 103 110 124 107 118 95 107 132 132 126 128 114 98 109 128 130 124 98 94 124 104 106 127 115 116 118 118 122 97 94 105 126 122 113 109 114 116 114 115 128 98 95 101 128 107 125 133 115 116 101 100 131 94 97 125 130 96 104 126 133 131 99 110 112 94 117 106 99 94 110 128 124 119 102 99 103 119 132 122 125 98 98 120 130 130 126 126 120 101 130 112 107 122 94 110 133 100 124 108 105 114 109 132 100 126 112 109 128 131 118 108 98 95 115 130 129 132 114 94 123 0
0 116 107 110 103 112 93 118 102 122 111 105 92 106 100 105 91 108 112 106 98 106 102 98 118 111 124 110 94 122 121 113 96 92 106 94 98 109 114 102 118 102 91 105 118 110 116 92 113 122 103 107 120 106 125 110 120 115 97 118 93 110 93 122 108 123 97 107 107 94 114 89 101 117 113 105 119 123 107 99 121 102 122 98 88 105 98 117 93 102 118 110 118 122 98 115 115 114 104 100 102 116 113 107 116 103 113 93 100 90 97 104 98 123 104 118 114 121 122 92 115 123 119 93 120 110 115 106 110 123 96 95 90 114 105 113 116 122 124 114 98 113 122 110 113 103 118 120 124 107 91 119 118 101 90 121 122 125 113 95 94 97 90 103 121 90 120 110 110 118 108 97 103 116 101 110 90 100 124 123 118 120 107 91 102 120 122 116 92 89 116 98 100 119 108 109 111 110 114 91 88 98 118 114 106 102 106 109 107 108 120 92 90 94 120 101 117 124 108 109 94 94 123 88 90 117 122 90 98 118 124 123 93 103 106 89 110 99 93 89 104 120 116 111 95 93 97 112 124 114 118 92 91 113 122 122 118 118 112 94 122 106 100 114 88 104 125 94 116 101 98 107 102 123 94 118 105 102 120 123 110 102 91 90 108 122 121 123 107 89 115 0
0 118 121 114 123 102 130 112 134 122 115 102 116 110 116 101 120 124 116 109 116 113 109 131 122 137 121 104 134 134 125 106 102 117 104 109 120 126 113 130 112 101 115 130 121 128 102 124 134 114 118 133 118 138 122 133 127 107 130 103 122 102 134 119 137 107 118 118 104 125 98 111 130 125 115 132 136 118 110 134 114 135 108 98 116 109 129 103 114 130 121 130 134 108 127 127 126 114 110 113 128 124 118 129 114 125 102 111 100 107 115 108 136 115 130 125 134 134 102 127 136 132 103 133 122 127 116 121 136 106 106 98 126 115 124 129 135 137 125 109 124 135 121 124 114 130 133 137 118 101 132 130 111 100 134 134 138 125 105 104 107 99 114 134 99 133 122 121 130 120 107 114 128 111 122 98 111 137 137 130 133 118 101 113 132 134 128 102 98 128 108 110 131 120 120 122 122 126 101 98 109 130 126 117 113 118 120 118 120 133 102 98 105 133 111 130 137 119 120 105 103 136 98 100 130 135 99 108 130 137 136 102 114 116 98 121 110 103 98 114 133 128 123 106 103 107 123 137 126 130 102 101 124 135 134 130 130 124 105 134 116 111 126 98 114 138 103 129 112 109 118 113 137 104 130 115 113 132 136 122 112 101 98 120 134 134 137 118 98 127 0
0 129 122 132 110 138 120 143 131 123 108 124 118 124 107 128 132 124 117 124 120 116 140 131 146 130 111 144 142 133 114 109 125 111 116 129 134 120 139 120 108 123 138 130 137 108 133 144 122 126 142 126 147 130 142 136 114 139 110 130 110 143 127 146 114 126 126 111 134 105 119 138 133 123 141 145 127 117 142 121 145 116 104 124 117 138 110 121 138 130 139 143 115 136 135 134 122 118 120 137 133 127 137 122 133 110 118 106 114 123 115 146 123 138 134 142 143 108 136 146 141 110 142 130 135 124 129 145 114 113 106 134 123 133 137 144 146 134 117 133 145 129 133 122 139 142 146 126 107 141 138 119 106 142 144 147 133 112 111 114 106 122 142 106 142 130 130 138 128 114 122 137 119 130 106 118 146 146 139 142 126 108 121 141 143 137 109 105 137 115 118 140 128 128 131 130 134 107 104 116 139 134 125 120 126 128 126 128 142 108 106 112 142 119 138 146 127 128 112 110 145 104 106 138 145 106 115 139 146 145 110 122 124 105 129 118 110 105 122 142 137 131 113 110 114 132 146 134 138 108 108 133 144 143 139 139 132 112 143 124 118 135 104 122 147 110 137 119 116 127 120 146 111 139 123 121 141 146 130 120 108 106 128 143 142 146 126 105 136 0
0 113 122 102 128 111 133 122 114 101 115 110 114 99 118 122 115 108 115 111 108 130 122 135 120 102 134 132 123 106 101 115 103 108 119 125 111 130 111 100 114 128 120 126 101 123 134 113 117 131 116 136 120 131 126 106 130 102 121 102 133 118 135 106 117 117 103 124 97 110 128 123 114 130 134 118 109 132 112 134 107 97 114 108 127 102 112 128 120 130 133 106 126 126 124 114 110 111 127 123 118 127 113 123 102 110 99 106 114 106 134 114 128 124 132 133 101 126 134 130 102 131 121 126 115 119 134 105 105 98 125 114 123 127 134 136 124 108 123 134 119 123 113 130 131 135 117 99 130 128 110 99 132 134 136 123 104 103 106 98 113 132 98 131 120 120 129 118 106 113 127 110 120 98 110 135 135 129 131 117 100 112 131 133 127 101 97 127 106 110 130 118 118 122 121 125 99 97 108 129 125 115 111 116 118 118 118 131 101 98 104 131 110 128 136 118 118 104 102 134 97 99 128 134 98 106 130 136 134 102 113 115 97 119 109 102 97 114 131 127 122 105 102 106 122 135 125 128 101 100 123 134 133 129 129 122 104 133 115 110 126 97 114 136 102 127 110 108 118 111 135 102 129 114 112 131 134 120 111 100 98 118 133 132 135 117 97 126 0
0 125 103 131 114 136 124 117 102 118 111 117 102 121 125 118 110 118 114 110 132 124 138 122 105 136 135 126 107 103 118 106 110 122 127 114 132 114 102 117 131 122 129 102 126 136 115 119 134 118 139 122 134 129 108 132 104 123 103 136 120 138 109 119 119 106 126 99 113 130 126 117 133 137 120 110 135 114 137 110 98 117 110 130 104 114 131 122 132 135 109 129 128 126 116 111 114 130 126 120 130 115 126 103 112 101 108 116 109 138 116 131 126 135 136 102 129 138 133 104 134 123 128 118 122 137 107 106 99 127 117 126 130 136 138 126 110 126 137 122 126 115 132 134 138 119 102 133 131 113 101 134 136 139 126 106 106 109 101 115 135 100 134 122 122 131 121 108 115 130 113 122 99 112 138 138 132 134 119 102 114 134 135 130 103 99 130 109 111 133 121 121 124 123 127 102 98 110 132 127 118 114 118 121 119 121 134 102 99 106 134 113 130 138 120 121 106 104 137 98 101 130 137 100 109 132 138 137 103 115 118 99 122 111 104 99 116 134 130 124 106 104 108 125 138 127 131 102 102 126 136 135 132 132 125 106 135 118 112 128 98 116 139 104 130 113 110 120 114 138 105 132 117 114 134 138 122 114 102 99 121 136 134 138 119 99 129 0
0 98 124 107 128 118 110 97 111 106 110 96 114 118 111 104 111 107 104 126 118 130 116 99 129 128 119 102 98 111 99 104 115 121 107 125 107 97 110 124 116 122 97 118 129 110 113 127 112 131 116 127 122 102 125 98 117 98 128 114 130 102 113 113 99 119 94 106 123 119 110 126 130 114 105 128 108 130 103 94 110 104 123 98 108 124 116 125 128 103 122 122 120 110 106 107 122 118 114 122 109 119 98 106 95 102 110 103 130 110 124 119 128 128 97 122 130 126 98 127 117 122 111 115 130 102 101 94 121 110 118 122 129 131 119 104 118 130 115 118 110 125 127 130 113 96 126 124 106 95 127 129 131 119 101 99 102 95 109 128 94 126 116 116 124 114 102 110 122 106 116 94 106 130 130 125 126 113 97 108 126 128 122 98 94 122 103 106 126 114 114 118 117 120 96 94 104 125 120 111 107 112 114 113 114 126 97 94 100 127 106 123 131 114 114 100 98 130 94 95 123 130 94 103 125 131 130 98 110 111 94 115 105 98 94 110 126 122 118 101 98 102 118 130 121 124 97 97 118 129 128 125 125 118 100 128 111 106 121 94 110 131 98 122 106 104 114 107 130 99 125 110 108 126 130 116 107 97 94 114 128 127 130 113 94 122 0
0 134 116 138 126 119 105 120 114 120 104 123 128 120 113 120 116 112 135 126 142 125 107 139 138 129 110 106 121 108 112 124 130 116 135 116 104 119 134 125 132 105 128 139 118 122 138 122 142 126 138 131 110 135 106 126 106 138 123 141 111 122 122 108 129 102 115 134 129 119 136 140 122 113 138 117 140 112 101 120 113 133 106 117 134 125 135 138 111 131 131 130 118 114 116 132 128 122 133 118 129 106 114 103 110 119 111 141 119 134 129 138 138 105 131 141 136 106 138 126 131 120 125 140 110 109 102 130 119 128 133 139 142 129 113 128 140 125 128 118 135 138 142 122 104 136 134 115 103 138 139 142 129 109 108 111 102 118 138 102 137 126 125 134 123 110 118 132 115 126 102 114 142 141 134 137 122 104 117 137 138 132 106 102 132 111 114 136 123 124 126 126 130 104 101 112 134 130 121 116 122 124 122 123 137 105 102 108 138 115 134 142 123 124 108 106 140 101 103 134 140 102 111 135 142 140 106 118 120 102 125 114 106 102 118 137 132 127 109 106 110 128 142 130 134 105 104 128 139 138 134 134 128 108 138 120 114 130 101 118 142 106 133 115 112 122 116 141 107 134 119 117 137 141 126 116 104 102 123 138 138 141 122 102 131 0
0 96 115 105 99 86 99 94 99 86 102 106 99 94 99 96 93 112 105 117 104 89 115 114 106 91 87 100 89 93 103 108 96 112 96 86 99 111 104 110 86 106 115 98 101 114 101 118 104 114 109 91 112 88 104 88 115 102 117 92 101 101 89 107 84 95 110 106 99 113 116 102 94 114 97 116 93 83 99 94 110 88 97 111 104 112 114 92 109 109 107 98 94 96 110 106 102 110 98 106 88 95 86 91 98 92 117 98 111 107 114 115 86 109 117 113 88 114 105 109 99 103 116 90 90 84 108 99 106 110 115 118 107 94 106 116 103 106 98 112 114 117 101 86 113 111 95 86 114 115 118 106 90 89 92 85 98 114 85 114 104 104 111 102 91 98 110 95 104 84 95 117 117 111 114 101 86 97 113 114 110 87 84 110 92 94 113 102 102 105 104 108 86 83 93 111 108 100 96 101 102 102 102 114 86 84 90 114 95 110 118 102 102 90 88 116 83 86 110 116 85 92 112 118 116 88 98 99 84 103 94 88 84 98 114 110 106 90 88 91 106 117 108 111 86 86 106 115 114 111 111 106 90 114 99 95 108 83 98 118 88 110 96 93 102 96 117 89 111 99 97 113 117 104 96 86 84 102 115 114 117 101 84 109 0
0 146 133 125 110 126 120 126 109 130 134 126 118 126 122 118 142 133 148 131 113 146 145 135 115 110 126 113 118 130 137 122 142 122 110 125 141 131 138 110 134 146 124 128 144 127 149 132 144 138 116 142 111 132 111 146 129 148 116 128 128 113 135 106 121 140 135 125 142 147 129 118 145 123 146 118 106 126 118 139 111 123 141 131 142 145 117 138 138 136 124 120 122 138 134 129 139 123 135 111 120 108 116 125 117 147 125 141 135 145 146 110 138 147 142 111 144 133 138 126 131 147 115 114 106 137 125 134 139 146 149 135 118 134 146 131 134 124 142 144 148 128 109 142 141 121 108 144 146 149 135 114 113 116 108 123 145 107 143 132 131 141 130 116 124 138 121 132 106 120 148 148 141 143 128 110 122 143 145 138 110 106 138 117 120 142 130 130 133 132 136 109 106 118 141 136 126 122 127 130 128 130 143 110 106 114 144 121 140 149 129 130 114 112 147 106 108 140 146 107 117 142 149 147 111 124 126 106 131 119 111 106 124 143 138 134 114 111 116 134 148 137 141 110 110 134 146 145 141 141 134 114 145 126 120 137 106 124 149 112 139 121 118 129 122 148 113 141 125 122 143 147 132 122 110 106 130 146 144 148 128 106 138 0
0 115 108 95 109 103 109 94 112 116 109 102 109 106 102 123 115 128 114 98 126 126 117 100 95 110 98 102 113 118 106 122 106 94 108 122 114 120 95 117 126 107 110 125 110 129 114 125 119 100 122 97 114 96 126 112 128 101 110 110 98 118 92 104 121 117 108 123 127 111 102 126 106 127 102 91 109 102 121 97 106 122 114 122 126 101 119 119 118 107 103 106 120 117 111 121 106 117 96 104 94 100 108 101 128 108 122 118 126 126 95 119 128 123 97 125 114 119 109 114 127 99 99 93 118 108 117 121 126 129 118 102 117 127 114 117 107 122 125 128 110 94 123 122 104 94 125 126 129 117 98 98 101 94 106 126 93 124 114 114 122 112 100 107 120 104 114 93 104 128 128 122 124 110 94 106 124 126 120 95 92 120 101 103 123 112 113 115 114 118 94 91 102 122 118 110 106 110 113 111 112 124 95 93 98 125 104 121 129 112 113 98 97 127 91 94 121 127 93 101 122 129 127 96 107 109 92 114 103 97 92 107 124 120 115 99 97 100 116 128 118 122 95 94 117 126 126 122 122 116 98 126 109 104 118 91 107 129 97 121 105 102 111 106 128 98 122 108 106 124 128 114 106 94 93 112 126 125 128 110 92 119 0
0 130 114 130 124 130 113 134 139 130 122 130 126 122 147 138 154 136 117 151 150 140 119 114 131 117 122 135 142 126 146 126 114 130 146 136 143 114 139 151 128 133 149 132 154 137 149 143 120 146 115 137 115 151 134 153 121 133 133 117 141 110 125 145 140 130 148 152 134 123 150 127 152 122 110 130 122 145 115 127 146 136 146 150 121 143 142 141 129 124 126 144 139 134 144 128 140 115 125 112 120 130 121 153 130 146 141 150 151 114 143 153 148 115 149 138 142 130 136 152 119 118 110 142 130 139 144 151 154 141 122 139 152 136 139 128 146 149 154 133 113 148 146 125 112 150 151 154 140 118 117 121 112 128 150 111 149 137 136 146 134 120 128 144 125 137 110 125 154 153 146 149 133 114 127 148 150 144 114 110 144 121 124 147 134 134 138 137 142 113 110 122 146 142 131 126 132 134 133 134 149 114 110 118 149 125 145 154 134 134 118 116 152 110 112 145 152 111 121 146 154 152 115 128 130 110 136 123 115 110 129 149 144 138 118 115 120 138 154 142 146 114 114 139 151 150 146 146 139 118 150 130 125 142 110 129 154 116 144 126 122 134 126 153 117 146 130 127 148 153 137 126 114 110 134 151 150 153 133 110 143 0
0 104 119 114 119 103 122 127 119 112 119 115 111 134 126 140 124 106 138 137 128 110 105 120 107 111 123 130 115 134 115 104 118 133 124 131 104 127 138 118 121 136 121 141 125 136 130 110 134 106 125 105 138 122 140 110 121 121 107 128 101 114 133 128 118 135 139 122 113 137 117 139 111 100 119 112 132 106 117 133 124 134 138 110 130 130 129 118 114 115 131 127 122 132 117 128 105 114 102 110 118 110 140 118 133 128 137 138 104 130 140 135 106 136 126 130 119 124 139 109 108 101 130 118 127 132 138 141 128 112 127 139 124 127 118 134 136 140 121 103 135 133 114 102 137 138 141 128 108 107 110 102 117 137 102 136 125 124 134 122 110 118 131 114 125 101 114 140 140 134 136 121 104 116 136 138 131 105 101 131 110 114 135 122 123 126 125 129 103 100 111 134 129 120 115 121 123 122 122 136 104 101 107 136 114 133 141 122 123 107 106 139 100 102 133 139 102 110 134 141 139 105 118 119 101 124 113 106 101 118 136 131 126 108 106 110 126 140 130 133 104 104 127 138 138 134 134 127 107 138 119 114 130 100 118 141 106 132 114 111 122 115 140 106 134 118 116 136 140 125 115 104 101 122 138 137 140 121 101 130 0
0 112 106 112 97 115 120 112 106 112 109 105 126 118 132 117 100 130 129 121 103 98 113 101 105 116 122 109 126 108 98 112 125 117 123 98 120 130 110 114 128 114 133 118 128 123 103 126 99 118 99 130 115 132 104 114 114 101 121 94 107 125 121 112 127 131 114 106 129 110 130 105 94 112 106 125 99 110 125 117 126 130 104 123 122 121 110 106 109 124 120 114 124 110 121 99 107 97 103 111 104 131 111 125 121 129 130 98 123 131 127 99 128 118 122 112 117 131 102 102 95 122 112 120 124 130 133 121 106 120 130 117 120 110 126 128 132 114 97 127 125 107 97 129 130 133 121 102 101 104 96 110 129 96 128 118 117 126 115 103 110 124 107 118 95 107 132 132 126 128 114 98 109 128 130 124 98 94 124 104 106 127 115 116 118 118 122 97 94 105 126 122 113 109 114 116 114 115 128 98 95 101 128 107 125 133 115 116 101 100 131 94 97 125 130 96 104 126 133 131 99 110 112 94 117 106 99 94 110 128 124 119 102 99 103 119 132 122 125 98 98 120 130 130 126 126 120 101 130 112 107 122 94 110 133 100 124 108 105 114 109 132 100 126 112 109 128 131 118 108 98 95 115 130 129 132 114 94 123 0
0 94 98 85 102 105 98 93 98 95 92 111 104 116 102 88 114 114 106 90 86 99 88 92 102 107 95 111 95 86 98 110 102 108 86 106 114 97 100 113 100 117 103 113 108 90 111 87 103 86 114 101 116 91 100 100 88 106 83 94 110 106 98 112 115 101 93 114 96 115 92 82 98 93 110 87 96 110 102 111 114 91 108 108 106 98 94 95 109 106 101 109 97 106 86 94 85 90 98 91 115 98 110 106 114 114 86 108 115 112 87 113 104 108 98 102 115 90 90 83 107 98 106 109 114 116 106 93 106 115 102 106 97 111 113 116 100 85 112 110 94 85 113 114 117 106 89 88 91 84 97 114 84 112 103 102 110 102 90 97 109 94 103 83 94 116 116 110 112 100 86 96 112 114 109 86 83 109 91 94 111 102 102 104 103 106 85 82 92 110 106 99 95 100 102 101 102 112 86 83 89 113 94 110 116 101 102 89 87 115 82 85 110 115 84 91 111 116 115 86 97 98 83 102 94 87 83 98 112 109 105 90 87 90 105 116 107 110 86 86 106 114 114 110 110 105 89 114 98 94 107 82 98 117 87 109 94 92 101 95 116 88 110 98 96 112 115 103 95 86 83 102 114 113 116 100 83 108 0
0 113 98 116 121 114 106 114 110 106 127 119 133 118 101 131 130 122 103 99 114 102 106 117 122 110 127 109 98 112 126 118 124 98 121 131 111 114 130 114 134 118 130 124 104 127 100 118 99 130 116 133 105 114 114 102 122 95 108 126 122 112 128 132 115 106 130 110 132 106 95 113 106 126 100 110 126 118 127 130 105 124 123 122 111 107 110 125 121 115 125 110 122 99 108 98 104 112 105 132 112 126 122 130 130 98 124 132 128 100 130 119 123 114 118 132 103 102 96 122 112 121 125 131 134 122 106 121 132 118 121 111 127 130 133 114 98 128 126 108 98 130 131 134 122 102 102 105 97 110 130 96 129 118 118 126 116 104 111 125 108 118 96 108 133 133 126 129 114 98 110 129 130 125 99 95 125 105 107 128 116 117 119 118 122 98 95 106 126 122 114 110 114 117 115 116 129 98 96 102 130 108 126 134 116 117 102 101 132 95 98 126 132 96 105 127 134 132 99 111 114 95 118 107 100 95 111 129 125 120 102 100 104 120 133 122 126 98 98 121 131 130 126 126 121 102 130 114 108 123 95 111 134 101 125 109 106 115 110 133 101 126 112 110 129 132 118 109 98 96 116 130 130 133 114 95 124 0
0 93 110 114 107 101 107 104 100 121 114 126 112 96 124 123 115 98 94 108 96 100 111 117 104 121 103 94 106 120 112 118 94 115 124 106 109 122 109 127 112 122 118 98 121 95 113 94 124 110 126 99 109 109 96 115 90 102 119 115 106 122 126 110 101 123 105 125 100 90 107 101 119 95 105 120 112 121 124 99 118 118 116 106 102 104 118 115 110 118 105 115 94 102 92 98 106 99 126 106 120 115 123 124 94 118 126 122 95 122 113 118 107 111 126 98 98 91 117 106 115 118 125 126 115 101 115 125 111 115 106 121 122 126 109 93 122 120 102 92 123 124 127 115 97 96 99 92 105 123 91 122 112 112 120 110 98 106 118 102 112 91 102 126 126 120 122 109 94 104 122 124 118 94 90 118 99 102 122 110 111 114 113 116 93 90 100 120 116 108 104 109 111 110 110 122 94 91 97 122 102 119 126 110 111 97 95 126 90 92 119 125 91 99 121 126 126 94 106 107 90 111 102 95 90 106 122 118 114 98 95 98 114 126 117 120 94 94 115 125 124 120 120 114 97 124 107 102 117 90 106 127 95 118 103 100 110 104 126 96 120 106 104 122 126 112 103 94 91 110 124 123 126 109 90 118 0
0 116 120 113 106 113 109 106 127 119 133 118 101 130 130 121 103 98 113 101 106 117 122 109 126 109 98 112 126 118 124 98 121 130 110 114 129 114 134 118 129 123 104 126 100 118 99 130 115 132 104 114 114 101 122 95 108 126 121 112 128 131 115 106 130 110 131 105 94 113 106 125 100 110 126 118 126 130 105 123 123 122 111 107 109 124 121 115 125 110 121 99 107 97 104 111 105 132 111 126 122 130 130 98 123 132 128 100 129 118 123 113 117 131 102 102 95 122 112 121 125 131 133 122 106 121 131 117 121 110 126 129 133 114 98 128 126 108 97 129 130 134 121 102 101 104 97 110 130 96 129 118 118 126 116 104 110 124 108 118 95 107 133 132 126 129 114 98 110 128 130 124 98 95 124 105 107 127 116 116 119 118 122 98 94 106 126 122 113 109 114 116 114 116 129 98 95 102 129 108 126 133 115 116 102 100 131 94 97 126 131 96 105 126 133 131 99 110 113 95 117 106 100 95 111 129 124 119 102 100 104 120 133 122 126 98 98 121 131 130 126 126 120 102 130 113 107 122 94 111 134 100 125 108 106 115 109 132 101 126 112 110 128 132 118 109 98 95 116 130 129 132 114 95 123 0
0 104 98 92 98 94 91 110 103 115 102 87 113 112 105 90 86 98 87 91 101 106 94 110 94 85 97 109 102 107 85 105 113 96 99 112 98 115 102 112 107 90 110 86 102 86 113 100 114 90 99 99 87 105 82 94 109 105 97 110 114 100 92 112 95 114 91 82 98 92 108 86 95 109 102 110 113 90 107 106 106 96 93 94 108 105 100 108 96 105 86 93 84 90 97 90 114 97 109 105 112 113 85 107 114 110 86 112 103 106 98 102 114 89 89 82 106 97 105 108 114 115 105 92 105 114 102 105 96 110 112 115 99 85 110 109 94 84 112 113 115 105 88 87 90 83 96 112 83 111 102 102 109 101 90 96 108 94 102 82 93 115 114 110 111 99 85 95 111 113 108 86 82 108 90 93 110 101 101 103 102 106 85 82 91 110 106 98 94 98 101 99 101 111 85 82 88 112 94 109 115 100 101 88 86 114 82 84 109 114 83 90 110 115 114 86 96 98 82 102 93 86 82 96 111 108 103 89 86 90 104 115 106 109 85 85 105 114 113 110 110 104 88 113 98 93 106 82 96 115 86 108 94 91 100 94 114 87 110 97 95 111 114 102 94 85 82 101 113 112 114 99 82 107 0
0 116 109 116 113 109 131 122 137 121 104 134 134 125 106 102 117 104 109 120 126 113 130 112 101 115 130 121 128 102 124 134 114 118 133 118 138 122 133 127 107 130 103 122 102 134 119 137 107 118 118 104 125 98 111 130 125 115 132 136 118 110 134 114 135 108 98 116 109 129 103 114 130 121 130 134 108 127 127 126 114 110 113 128 124 118 129 114 125 102 111 100 107 115 108 136 115 130 125 134 134 102 127 136 132 103 133 122 127 116 121 136 106 106 98 126 115 124 129 135 137 125 109 124 135 121 124 114 130 133 137 118 101 132 130 111 100 134 134 138 125 105 104 107 99 114 134 99 133 122 121 130 120 107 114 128 111 122 98 111 137 137 130 133 118 101 113 132 134 128 102 98 128 108 110 131 120 120 122 122 126 101 98 109 130 126 117 113 118 120 118 120 133 102 98 105 133 111 130 137 119 120 105 103 136 98 100 130 135 99 108 130 137 136 102 114 116 98 121 110 103 98 114 133 128 123 106 103 107 123 137 126 130 102 101 124 135 134 130 130 124 105 134 116 111 126 98 114 138 103 129 112 109 118 113 137 104 130 115 113 132 136 122 112 101 98 120 134 134 137 118 98 127 0
0 113 121 117 113 136 127 142 126 107 139 138 129 110 106 121 108 113 125 130 117 135 116 105 120 134 126 132 105 129 139 118 122 138 122 142 126 138 132 110 135 106 126 106 139 123 142 111 122 122 108 130 102 115 134 129 120 137 141 123 114 138 118 140 112 101 120 113 134 106 118 134 126 135 138 112 132 131 130 119 114 117 133 129 123 133 118 129 106 115 104 110 119 112 141 119 134 130 138 139 105 132 141 137 106 138 126 131 121 125 141 110 110 102 130 120 129 133 140 142 130 113 129 140 125 129 118 135 138 142 122 104 137 134 115 104 138 139 142 129 109 108 111 103 118 138 102 138 126 126 134 124 110 118 133 115 126 102 115 142 142 135 138 122 105 117 137 138 133 106 102 133 112 114 136 124 124 127 126 130 104 101 113 135 130 121 117 122 124 122 124 138 105 102 109 138 115 134 142 123 124 109 107 141 101 104 134 140 102 112 135 142 141 106 118 121 102 125 114 106 102 119 138 133 127 110 106 110 128 142 130 134 105 105 129 140 138 135 135 129 109 138 121 115 131 101 119 142 107 133 116 113 123 117 142 107 135 120 117 137 141 126 116 105 102 124 139 138 142 122 102 132 0
0 114 110 106 127 119 133 118 101 131 130 122 103 99 114 102 106 117 122 110 127 109 98 112 126 118 124 98 121 131 111 114 130 114 134 118 130 124 104 127 100 118 99 130 116 133 105 114 114 102 122 95 108 126 122 112 128 132 115 106 130 110 132 106 95 113 106 126 100 110 126 118 127 130 105 124 123 122 111 107 110 125 121 115 125 110 122 99 108 98 104 112 105 132 112 126 122 130 130 98 124 132 128 100 130 119 123 114 118 132 103 102 96 122 112 121 125 131 134 122 106 121 132 118 121 111 127 130 133 114 98 128 126 108 98 130 131 134 122 102 102 105 97 110 130 96 129 118 118 126 116 104 111 125 108 118 96 108 133 133 126 129 114 98 110 129 130 125 99 95 125 105 107 128 116 117 119 118 122 98 95 106 126 122 114 110 114 117 115 116 129 98 96 102 130 108 126 134 116 117 102 101 132 95 98 126 132 96 105 127 134 132 99 111 114 95 118 107 100 95 111 129 125 120 102 100 104 120 133 122 126 98 98 121 131 130 126 126 121 102 130 114 108 123 95 111 134 101 125 109 106 115 110 133 101 126 112 110 129 132 118 109 98 96 116 130 130 133 114 95 124 0
0 102 99 120 112 125 110 94 123 122 114 97 93 106 95 99 110 115 102 119 102 92 106 118 110 117 93 114 123 104 108 122 107 126 111 122 116 98 119 94 111 94 122 109 125 98 108 108 95 114 90 102 118 114 106 120 124 109 100 122 103 123 98 89 106 100 118 94 103 118 110 119 122 98 116 116 114 105 101 102 117 114 109 118 104 114 94 101 91 98 105 98 124 105 118 114 122 122 93 116 124 120 94 122 112 116 106 110 124 97 96 90 115 106 114 118 123 125 114 100 114 123 110 114 104 119 122 125 108 92 120 118 102 91 122 123 126 114 96 95 98 91 104 122 90 121 111 110 118 109 98 104 117 102 111 90 101 125 125 119 121 108 92 103 121 122 117 93 90 117 98 101 120 109 110 112 111 115 92 89 99 119 115 106 102 107 110 108 109 121 93 90 95 122 102 118 125 109 110 95 94 124 89 91 118 123 90 98 119 125 124 94 104 106 90 110 100 94 90 105 121 117 112 96 94 98 113 125 115 118 93 92 114 123 122 119 119 113 95 122 106 101 115 89 105 126 94 118 102 99 109 102 125 94 119 106 103 121 124 111 102 92 90 109 122 122 125 108 90 116 0
0 106 127 119 133 118 101 131 130 122 103 99 114 102 106 117 122 110 127 109 98 112 126 118 124 98 121 131 111 114 130 114 134 118 130 124 104 127 100 118 99 130 116 133 105 114 114 102 122 95 108 126 122 112 128 132 115 106 130 110 132 106 95 113 106 126 100 110 126 118 127 130 105 124 123 122 111 107 110 125 121 115 125 110 122 99 108 98 104 112 105 132 112 126 122 130 130 98 124 132 128 100 130 119 123 114 118 132 103 102 96 122 112 121 125 131 134 122 106 121 132 118 121 111 127 130 133 114 98 128 126 108 98 130 131 134 122 102 102 105 97 110 130 96 129 118 118 126 116 104 111 125 108 118 96 108 133 133 126 129 114 98 110 129 130 125 99 95 125 105 107 128 116 117 119 118 122 98 95 106 126 122 114 110 114 117 115 116 129 98 96 102 130 108 126 134 116 117 102 101 132 95 98 126 132 96 105 127 134 132 99 111 114 95 118 107 100 95 111 129 125 120 102 100 104 120 133 122 126 98 98 121 131 130 126 126 121 102 130 114 108 123 95 111 134 101 125 109 106 115 110 133 101 126 112 110 129 132 118 109 98 96 116 130 130 133 114 95 124 0
0 123 115 129 114 98 126 126 118 100 96 110 98 102 114 119 106 123 106 95 109 122 114 120 95 117 126 107 111 125 110 130 114 125 120 101 123 97 115 96 126 112 129 101 111 111 98 118 92 105 122 118 109 124 128 112 103 126 106 127 102 92 109 102 122 97 106 122 114 123 126 102 120 119 118 108 104 106 121 117 112 121 107 118 96 104 94 101 108 102 128 108 122 118 126 126 95 120 128 124 97 125 115 119 110 114 128 100 99 93 119 109 117 121 127 129 118 102 117 127 114 117 107 123 125 129 111 94 124 122 105 94 126 126 130 118 99 98 101 94 107 126 94 125 114 114 122 113 101 107 121 105 114 93 104 129 129 122 125 111 95 106 125 126 121 96 92 121 102 104 124 113 113 115 115 118 94 92 102 122 118 110 106 110 113 111 113 125 95 93 98 125 105 122 129 112 113 98 98 128 92 94 122 127 94 102 123 129 128 96 107 110 92 114 103 97 92 108 125 121 116 99 97 101 116 129 119 122 95 95 117 127 126 122 122 117 98 126 110 104 119 92 108 130 98 121 105 102 112 106 129 98 122 109 106 125 128 114 106 95 93 113 126 126 129 111 92 120 0
0 111 124 110 94 122 122 114 97 93 106 94 99 110 114 102 118 102 92 105 118 110 116 92 113 122 104 107 121 107 125 110 121 116 97 118 94 111 93 122 108 124 98 107 107 94 114 89 101 118 114 105 120 123 108 99 122 103 123 98 89 106 99 117 94 103 118 110 118 122 98 116 115 114 104 100 102 117 113 108 117 103 114 93 101 91 97 105 98 124 105 118 114 122 122 92 116 124 120 94 121 111 115 106 110 123 96 96 90 114 105 113 117 122 125 114 99 113 123 110 113 104 118 121 124 107 91 120 118 101 91 121 122 125 114 95 94 98 90 103 122 90 121 110 110 118 109 97 104 117 101 110 90 101 124 124 118 121 107 92 102 120 122 117 93 89 117 98 100 119 109 109 111 111 114 91 89 99 118 114 106 102 107 109 108 109 121 92 90 95 121 101 118 125 108 109 95 94 123 89 91 118 123 90 98 118 125 123 93 104 106 89 110 100 94 89 104 121 117 112 96 94 97 112 124 114 118 92 92 113 122 122 118 118 113 95 122 106 101 115 89 104 125 94 117 102 99 108 102 124 94 118 105 102 120 124 110 102 92 90 109 122 121 124 107 89 116 0
0 150 133 114 147 146 137 117 112 128 114 119 132 138 123 143 123 110 126 142 133 140 111 136 147 126 130 146 129 150 134 146 139 117 143 113 134 112 147 130 150 118 130 130 114 137 107 122 142 137 126 144 149 130 120 146 124 148 118 107 127 120 141 113 124 142 133 143 146 118 139 139 138 126 121 123 140 136 130 141 125 137 112 122 110 117 126 118 149 126 142 137 146 147 111 139 149 144 113 146 134 139 127 132 149 116 116 108 138 126 136 141 148 150 137 120 136 148 132 136 126 143 146 150 130 110 144 142 122 110 146 147 150 137 115 114 118 109 125 146 109 145 134 133 142 131 117 126 140 122 134 108 122 150 150 142 145 130 110 124 145 146 140 112 107 140 118 121 144 131 131 134 134 138 110 107 119 142 138 128 123 129 131 130 131 145 111 108 114 146 122 142 150 130 131 114 113 149 107 110 142 148 109 118 143 150 149 112 126 127 107 132 121 113 107 126 145 140 135 116 113 117 135 150 138 142 111 110 136 148 146 142 142 136 114 146 127 122 138 107 126 150 113 141 122 119 130 123 150 114 142 126 124 145 149 134 123 110 108 131 147 146 150 130 107 139 0
0 124 106 138 137 128 110 105 120 107 111 123 130 115 134 115 104 118 133 124 131 104 127 138 118 121 136 121 141 125 136 130 110 134 106 125 105 138 122 140 110 121 121 107 128 101 114 133 128 118 135 139 122 113 137 117 139 111 100 119 112 132 106 117 133 124 134 138 110 130 130 129 118 114 115 131 127 122 132 117 128 105 114 102 110 118 110 140 118 133 128 137 138 104 130 140 135 106 136 126 130 119 124 139 109 108 101 130 118 127 132 138 141 128 112 127 139 124 127 118 134 136 140 121 103 135 133 114 102 137 138 141 128 108 107 110 102 117 137 102 136 125 124 134 122 110 118 131 114 125 101 114 140 140 134 136 121 104 116 136 138 131 105 101 131 110 114 135 122 123 126 125 129 103 100 111 134 129 120 115 121 123 122 122 136 104 101 107 136 114 133 141 122 123 107 106 139 100 102 133 139 102 110 134 141 139 105 118 119 101 124 113 106 101 118 136 131 126 108 106 110 126 140 130 133 104 104 127 138 138 134 134 127 107 138 119 114 130 100 118 141 106 132 114 111 122 115 140 106 134 118 116 136 140 125 115 104 101 122 138 137 140 121 101 130 0
0 118 154 153 142 122 117 134 119 124 138 144 129 150 128 115 132 148 138 146 116 142 154 130 135 152 134 157 139 152 146 122 150 118 139 117 154 136 156 123 135 135 119 143 112 127 148 142 132 150 155 136 126 153 130 154 124 112 133 125 147 118 130 148 138 150 153 123 146 146 143 131 126 129 146 142 136 147 130 142 117 127 114 122 132 123 155 132 148 143 153 154 116 146 155 150 118 152 140 146 133 138 155 122 121 113 144 132 142 147 154 157 143 125 142 154 138 142 130 150 152 157 135 115 150 148 127 114 152 154 157 142 120 119 123 114 130 153 114 151 139 138 149 137 122 130 146 127 139 113 127 157 156 149 151 135 115 130 151 153 146 117 112 146 123 126 150 137 138 140 139 144 115 112 124 149 144 134 129 134 138 135 137 151 116 113 120 152 127 148 157 136 138 120 118 155 112 114 148 154 114 123 150 157 155 117 130 133 112 138 126 118 112 131 151 146 141 121 118 122 142 157 144 148 116 115 142 154 153 149 149 142 120 153 133 127 145 112 131 157 118 147 128 124 136 129 156 118 149 132 130 151 155 139 128 115 113 137 154 152 156 135 112 146 0
0 137 135 126 108 103 118 106 110 122 128 114 133 114 102 117 131 123 130 102 126 137 116 119 134 119 139 123 134 129 108 133 104 123 104 136 121 138 109 119 119 106 126 99 113 131 126 117 134 138 120 111 135 115 137 110 99 118 110 130 104 115 131 123 133 136 110 129 129 127 116 112 114 130 126 120 130 115 126 104 112 102 108 117 110 138 117 131 126 135 136 102 129 138 134 104 134 124 129 118 122 138 107 107 100 128 117 126 130 137 139 126 110 126 137 122 126 116 133 134 138 119 102 134 131 113 102 135 137 139 126 106 106 109 101 115 135 100 134 123 123 132 121 108 116 130 113 123 100 112 138 138 132 134 119 102 114 134 136 130 103 99 130 110 112 133 121 122 124 123 127 102 99 110 132 127 118 114 119 122 120 121 134 102 100 106 134 113 131 139 121 122 106 105 138 99 102 131 137 100 110 133 139 138 104 116 118 99 122 111 104 99 116 134 130 125 107 104 108 125 138 128 131 102 102 126 137 136 132 132 126 106 136 118 112 128 99 116 139 105 130 114 110 120 114 138 105 132 117 114 134 138 123 114 102 100 121 136 135 138 119 99 129 0
0 116 108 92 88 102 90 94 105 110 98 114 98 87 100 113 105 111 88 108 117 99 102 115 102 119 106 115 110 93 114 89 106 89 117 103 118 93 102 102 90 109 85 97 112 108 100 114 118 103 95 116 98 118 94 85 101 94 112 89 98 113 105 114 116 94 110 110 109 99 96 98 111 108 103 111 98 108 89 96 86 93 100 94 118 100 113 109 116 117 88 110 118 114 89 115 106 110 101 105 118 92 91 86 110 100 108 111 117 119 109 94 108 118 105 108 99 114 115 118 102 87 114 113 97 86 115 117 119 108 91 90 93 86 98 116 86 115 106 105 113 104 93 99 111 97 106 86 96 118 118 113 115 102 87 98 114 116 111 88 85 111 94 96 114 104 104 106 106 109 87 85 94 113 109 102 98 102 104 102 104 115 88 86 90 115 97 112 119 103 104 90 90 118 85 86 112 118 86 94 114 119 118 89 99 101 85 105 95 89 85 99 115 111 107 91 89 93 107 118 110 113 88 87 108 117 116 113 113 107 90 116 101 96 110 85 99 119 90 111 97 94 103 98 118 90 113 100 98 114 118 106 98 87 86 104 117 115 118 102 85 110 0
0 140 120 114 131 118 122 135 142 126 147 126 114 130 146 137 144 114 140 152 129 133 150 132 154 137 150 143 120 147 116 138 115 151 134 154 121 133 133 118 141 110 126 146 140 130 148 153 134 123 150 128 152 122 110 130 123 145 116 128 146 137 147 150 122 143 143 142 129 124 126 144 140 134 145 128 140 115 125 113 120 130 122 153 130 146 141 150 151 114 143 153 148 116 150 138 143 131 136 153 119 119 111 142 130 140 145 152 154 141 123 140 152 136 140 129 147 150 154 133 113 148 146 126 113 150 152 154 140 118 118 121 112 128 150 111 149 137 137 146 134 120 129 144 126 137 111 125 154 154 146 149 133 114 127 149 150 144 114 110 144 122 124 148 134 135 138 138 142 113 110 122 146 142 131 126 132 135 134 134 149 114 111 118 150 126 146 154 134 135 118 116 153 110 113 146 152 111 122 147 154 153 115 129 131 110 136 124 116 110 129 149 144 138 119 116 120 139 154 142 146 114 114 140 152 150 146 146 139 118 150 131 125 142 110 129 154 116 145 126 122 134 126 154 117 146 130 127 149 153 137 126 114 111 134 151 150 154 133 110 143 0
0 119 114 130 117 122 134 141 126 146 126 113 129 145 135 142 114 139 150 128 132 148 131 154 136 148 142 119 146 115 136 114 150 133 152 120 132 132 117 140 110 124 144 139 129 147 151 133 122 150 126 151 121 109 130 122 144 115 126 145 135 146 150 121 142 142 140 128 123 126 143 139 133 143 127 139 114 124 112 119 129 121 152 129 145 140 150 150 114 142 152 147 115 148 137 142 130 135 151 118 118 110 141 129 139 143 150 153 140 122 139 151 135 139 128 146 148 153 132 112 147 145 124 112 149 150 154 139 118 117 120 111 127 150 110 148 136 135 145 134 119 128 143 124 136 110 124 153 152 146 148 132 113 126 147 150 143 114 110 143 121 123 146 134 134 137 136 141 112 109 122 146 141 130 126 131 134 132 134 148 114 110 117 148 124 144 153 133 134 117 115 151 109 112 144 151 110 121 146 153 151 114 128 130 110 135 123 115 110 128 148 143 138 118 115 119 138 153 141 145 114 113 139 150 150 146 146 138 117 150 130 124 142 109 128 154 115 143 125 122 133 126 152 116 146 129 126 147 152 136 126 113 110 134 150 149 152 132 110 142 0
0 106 122 109 114 126 131 118 136 117 106 121 135 126 133 106 130 140 119 123 138 122 143 126 138 133 111 136 107 127 106 140 124 142 112 123 123 109 130 102 116 134 130 121 138 142 124 114 139 118 141 113 102 121 114 134 107 118 135 126 136 140 113 133 132 130 119 115 118 134 130 124 134 118 130 106 116 104 111 120 113 142 120 135 130 139 140 106 133 142 138 107 138 127 132 122 126 142 110 110 102 131 121 130 134 141 143 130 114 130 141 126 130 119 136 138 142 123 105 138 135 116 104 139 140 143 130 110 109 112 104 118 139 103 138 126 126 135 125 111 119 134 116 126 102 116 142 142 136 138 123 106 118 138 140 134 106 102 134 113 115 137 125 125 128 127 131 105 102 114 136 131 122 118 122 125 123 125 138 106 102 109 138 116 134 143 124 125 109 108 142 102 104 134 141 103 113 136 143 142 106 119 122 102 126 114 107 102 119 138 134 128 110 107 111 129 142 131 135 106 106 130 141 140 136 136 129 109 140 122 116 132 102 119 143 108 134 117 114 124 118 142 108 136 121 118 138 142 126 117 106 102 125 140 139 142 123 102 133 0
0 104 93 97 107 112 100 116 100 90 103 115 108 114 90 110 120 102 105 118 105 122 108 118 114 95 116 91 109 91 119 106 122 95 105 105 93 111 87 99 115 111 103 118 121 106 98 119 101 121 96 87 103 97 114 91 101 115 108 116 119 96 114 113 112 102 98 100 114 110 106 114 102 111 91 98 89 95 102 96 121 102 115 111 119 119 90 114 121 118 91 118 109 113 103 107 121 94 94 88 112 103 110 114 120 122 111 97 110 121 107 110 102 116 118 122 105 90 118 115 99 89 118 120 122 111 94 93 95 89 102 119 88 118 108 108 116 106 95 102 114 99 108 88 98 122 122 116 118 105 90 101 118 119 114 90 87 114 96 98 117 106 107 110 109 112 90 87 97 116 112 104 100 105 107 106 106 118 90 88 93 118 99 115 122 106 107 93 92 121 87 89 115 121 88 96 116 122 121 91 102 103 87 107 98 91 87 102 118 114 110 94 91 95 110 122 112 115 90 90 110 120 119 116 116 110 93 119 103 98 113 87 102 122 92 114 99 97 106 100 122 92 116 103 101 118 121 108 100 90 88 106 119 118 122 105 87 114 0
0 89 93 102 107 96 111 95 86 98 110 103 109 86 106 114 98 101 114 100 117 103 114 109 91 111 87 104 87 114 102 116 91 101 101 89 106 83 95 110 106 98 112 116 102 94 114 97 115 92 83 98 93 110 87 97 110 103 111 114 92 109 108 107 98 94 96 109 106 102 110 97 106 87 94 85 91 98 92 116 98 110 106 114 114 86 109 116 112 87 114 104 108 99 103 116 90 90 84 107 98 106 110 115 117 106 93 106 115 103 106 98 111 114 117 101 86 112 110 95 85 114 114 117 106 90 89 91 85 97 114 84 113 103 103 110 102 91 98 109 95 103 84 94 117 116 111 113 101 86 96 113 114 109 87 83 109 92 94 112 102 102 105 104 107 86 83 93 111 107 99 96 100 102 101 102 113 86 84 89 114 95 110 117 102 102 89 88 116 83 85 110 115 84 92 111 117 116 87 98 99 83 103 94 87 83 98 113 109 105 90 87 91 106 117 107 110 86 86 106 115 114 111 111 106 89 114 99 94 108 83 98 117 88 110 95 93 102 96 116 88 111 98 96 113 116 103 95 86 84 102 114 114 116 101 83 109 0
0 106 118 123 110 127 110 98 113 126 118 125 99 122 131 111 115 130 114 134 118 130 124 104 127 100 119 100 131 116 133 105 115 115 102 122 96 109 126 122 113 129 133 116 107 130 110 132 106 95 113 106 126 100 110 126 118 127 130 106 124 124 122 112 108 110 125 122 116 126 111 122 100 108 98 104 112 106 133 112 126 122 130 131 99 124 133 129 100 130 119 124 114 118 133 103 103 96 123 113 122 126 132 134 122 106 122 132 118 122 111 127 130 134 115 98 129 126 109 98 130 131 134 122 102 102 105 97 111 130 97 130 118 118 127 117 104 111 125 109 118 96 108 134 133 127 130 115 98 110 129 130 125 99 96 125 106 108 128 117 117 120 119 123 98 95 106 127 123 114 110 114 117 115 117 130 99 96 102 130 109 126 134 116 117 102 101 133 95 98 126 132 97 106 127 134 133 100 111 114 96 118 107 100 96 112 130 125 120 103 100 104 121 134 123 126 99 98 122 132 130 127 127 121 102 130 114 108 123 95 112 134 101 126 109 106 116 110 133 102 127 113 110 129 133 118 110 98 96 117 131 130 133 115 96 124 0
0 105 110 98 114 98 88 101 113 106 111 88 108 118 99 103 116 102 120 106 116 111 93 114 90 106 89 117 104 119 94 103 103 91 109 86 97 113 109 101 115 118 103 95 117 99 118 94 85 101 95 112 90 99 113 106 114 117 94 111 110 110 100 96 98 112 108 103 112 99 109 89 97 87 93 100 94 118 100 113 109 117 117 88 111 118 115 90 116 106 110 102 106 118 92 92 86 110 101 108 112 118 119 109 95 108 118 106 108 99 114 116 119 103 87 115 113 97 87 116 118 120 109 91 91 94 86 99 117 86 115 106 106 114 104 93 99 112 97 106 86 97 119 119 114 115 103 88 98 115 117 112 89 86 112 94 96 114 104 105 107 106 110 87 85 94 114 110 102 98 102 105 103 104 115 88 86 91 116 97 113 119 104 105 91 90 118 85 87 113 118 86 94 114 119 118 89 99 102 86 106 96 90 86 100 115 112 107 92 90 93 108 119 110 113 88 88 108 118 117 114 114 108 91 117 102 97 110 85 100 120 90 112 98 94 103 98 119 90 114 101 98 115 118 106 98 88 86 104 117 116 119 103 86 111 0
0 114 102 118 102 92 105 118 110 116 92 113 122 104 107 121 107 125 110 121 116 97 118 94 111 93 122 108 124 98 107 107 94 114 89 101 118 114 105 120 123 108 99 122 103 123 98 89 106 99 117 94 103 118 110 118 122 98 116 115 114 104 100 102 117 113 108 117 103 114 93 101 91 97 105 98 124 105 118 114 122 122 92 116 124 120 94 121 111 115 106 110 123 96 96 90 114 105 113 117 122 125 114 99 113 123 110 113 104 118 121 124 107 91 120 118 101 91 121 122 125 114 95 94 98 90 103 122 90 121 110 110 118 109 97 104 117 101 110 90 101 124 124 118 121 107 92 102 120 122 117 93 89 117 98 100 119 109 109 111 111 114 91 89 99 118 114 106 102 107 109 108 109 121 92 90 95 121 101 118 125 108 109 95 94 123 89 91 118 123 90 98 118 125 123 93 104 106 89 110 100 94 89 104 121 117 112 96 94 97 112 124 114 118 92 92 113 122 122 118 118 113 95 122 106 101 115 89 104 125 94 117 102 99 108 102 124 94 118 105 102 120 124 110 102 92 90 109 122 121 124 107 89 116 0
0 114 131 113 102 116 130 122 129 102 125 135 115 118 134 118 138 122 134 128 108 131 103 122 103 135 120 138 108 118 118 105 126 98 112 130 126 116 133 137 119 110 134 114 136 109 98 117 110 130 103 114 130 122 131 135 109 128 128 126 115 111 114 129 125 119 130 114 126 103 112 101 108 116 109 137 116 130 126 134 135 102 128 137 133 103 134 123 128 117 122 137 106 106 99 127 116 125 130 136 138 126 110 125 136 122 125 115 131 134 138 118 101 133 130 112 101 134 135 138 126 106 105 108 100 114 134 100 134 122 122 131 120 108 115 129 112 122 99 112 138 138 131 134 118 102 114 133 135 129 102 98 129 109 111 132 120 121 123 122 126 101 98 110 131 126 118 114 118 121 119 120 134 102 99 106 134 112 130 138 120 121 106 104 137 98 101 130 136 100 109 131 138 137 103 115 117 98 122 110 103 98 115 134 129 124 106 103 108 124 138 127 130 102 102 125 136 135 131 131 125 106 135 117 112 127 98 115 138 104 130 113 110 119 114 138 105 131 116 114 133 137 122 113 102 99 120 135 134 138 118 98 128 0
0 138 118 106 122 137 128 134 107 131 142 121 125 140 124 145 128 140 134 113 138 109 129 108 142 126 144 114 125 125 110 132 103 118 136 131 122 139 143 126 116 141 120 143 114 103 122 115 136 109 120 137 128 138 142 114 134 134 132 121 117 119 135 131 126 135 120 131 108 117 106 113 122 114 143 122 137 132 141 142 107 134 143 139 109 140 129 134 122 127 143 112 111 104 134 122 131 135 142 145 132 115 131 143 127 131 121 138 140 144 125 106 139 137 118 106 141 142 145 131 111 110 114 105 120 141 105 140 128 128 137 126 113 121 135 118 128 104 117 144 144 138 140 125 106 119 139 142 135 107 103 135 114 117 138 126 126 130 129 133 106 103 114 138 133 123 119 124 126 125 126 140 107 104 110 140 118 136 145 126 126 110 109 143 103 106 136 143 105 114 138 145 143 108 121 122 103 127 116 109 103 121 140 135 130 111 109 113 130 144 134 137 107 106 131 142 142 138 138 130 110 142 122 117 134 103 121 145 109 135 118 114 126 119 144 110 138 122 119 139 143 128 118 106 104 126 142 141 144 125 103 134 0
0 106 95 109 122 114 120 95 117 126 107 111 125 110 130 114 125 120 101 123 97 115 96 126 112 129 101 111 111 98 118 92 105 122 118 109 124 128 112 103 126 106 127 102 92 109 102 122 97 106 122 114 123 126 102 120 119 118 108 104 106 121 117 112 121 107 118 96 104 94 101 108 102 128 108 122 118 126 126 95 120 128 124 97 125 115 119 110 114 128 100 99 93 119 109 117 121 127 129 118 102 117 127 114 117 107 123 125 129 111 94 124 122 105 94 126 126 130 118 99 98 101 94 107 126 94 125 114 114 122 113 101 107 121 105 114 93 104 129 129 122 125 111 95 106 125 126 121 96 92 121 102 104 124 113 113 115 115 118 94 92 102 122 118 110 106 110 113 111 113 125 95 93 98 125 105 122 129 112 113 98 98 128 92 94 122 127 94 102 123 129 128 96 107 110 92 114 103 97 92 108 125 121 116 99 97 101 116 129 119 122 95 95 117 127 126 122 122 117 98 126 110 104 119 92 108 130 98 121 105 102 112 106 129 98 122 109 106 125 128 114 106 95 93 113 126 126 129 111 92 120 0
0 110 126 142 133 139 111 136 147 125 129 145 129 150 133 145 139 117 143 112 134 112 146 130 149 118 129 129 114 137 107 122 141 136 126 144 148 130 120 146 124 148 118 106 126 119 141 112 124 142 133 143 146 118 139 138 137 126 121 123 140 136 130 140 125 136 112 121 110 117 126 118 149 126 142 137 146 146 111 139 149 144 112 145 134 138 127 132 148 116 115 108 138 126 136 140 147 150 137 119 136 148 132 136 125 143 145 150 129 110 144 142 122 110 146 147 150 136 115 114 118 109 125 146 108 145 133 133 142 130 117 125 140 122 133 108 121 150 149 142 145 129 110 123 144 146 140 111 107 140 118 121 143 130 131 134 134 138 110 106 118 142 138 127 123 129 131 130 130 145 111 108 114 145 122 141 150 130 131 114 113 148 106 110 141 148 108 118 143 150 148 112 125 127 107 132 120 112 107 126 145 140 134 115 112 117 135 150 138 142 111 110 136 147 146 142 142 135 114 146 127 121 138 106 126 150 113 140 122 118 130 123 149 114 142 126 123 144 149 133 122 110 108 130 146 146 149 129 107 139 0
0 108 122 114 120 95 117 126 107 110 125 110 129 114 125 119 100 122 97 114 96 126 112 128 101 110 110 98 118 92 104 121 117 108 123 127 111 102 126 106 127 102 91 109 102 121 97 106 122 114 122 126 101 119 119 118 107 103 106 120 117 111 121 106 117 96 104 94 100 108 101 128 108 122 118 126 126 95 119 128 123 97 125 114 119 109 114 127 99 99 93 118 108 117 121 126 129 118 102 117 127 114 117 107 122 125 128 110 94 123 122 104 94 125 126 129 117 98 98 101 94 106 126 93 124 114 114 122 112 100 107 120 104 114 93 104 128 128 122 124 110 94 106 124 126 120 95 92 120 101 103 123 112 113 115 114 118 94 91 102 122 118 110 106 110 113 111 112 124 95 93 98 125 104 121 129 112 113 98 97 127 91 94 121 127 93 101 122 129 127 96 107 109 92 114 103 97 92 107 124 120 115 99 97 100 116 128 118 122 95 94 117 126 126 122 122 116 98 126 109 104 118 91 107 129 97 121 105 102 111 106 128 98 122 108 106 124 128 114 106 94 93 112 126 125 128 110 92 119 0
0 110 102 108 86 105 114 97 99 112 99 116 102 112 107 90 110 86 103 86 114 101 115 90 99 99 88 106 82 94 109 106 98 111 114 100 93 113 96 114 91 82 98 92 109 86 96 110 102 110 113 91 107 107 106 97 94 95 108 105 100 109 96 106 86 94 84 90 97 91 115 97 110 106 113 114 86 107 115 111 86 112 103 107 98 102 114 90 89 83 106 98 105 109 114 116 106 92 105 114 102 105 97 110 112 115 99 85 111 110 94 84 113 114 116 106 89 88 90 84 96 113 83 112 102 102 110 101 90 97 108 94 102 83 94 115 115 110 112 99 86 95 111 113 108 86 82 108 91 94 111 101 102 104 103 106 85 82 92 110 106 98 95 99 102 100 101 112 86 83 88 112 94 109 116 101 102 88 87 114 82 84 109 114 83 91 110 116 114 86 97 98 82 102 93 86 82 97 112 108 104 89 86 90 104 115 106 110 86 86 105 114 113 110 110 105 88 113 98 94 107 82 97 116 87 109 94 92 100 95 115 87 110 98 95 111 115 102 94 86 83 101 114 113 115 99 82 107 0
0 117 123 98 120 130 110 114 128 114 133 118 128 123 103 126 99 118 99 130 115 132 104 114 114 101 121 94 107 125 121 112 127 131 114 106 129 110 130 105 94 112 106 125 99 110 125 117 126 130 104 123 122 121 110 106 109 124 120 114 124 110 121 99 107 97 103 111 104 131 111 125 121 129 130 98 123 131 127 99 128 118 122 112 117 131 102 102 95 122 112 120 124 130 133 121 106 120 130 117 120 110 126 128 132 114 97 127 125 107 97 129 130 133 121 102 101 104 96 110 129 96 128 118 117 126 115 103 110 124 107 118 95 107 132 132 126 128 114 98 109 128 130 124 98 94 124 104 106 127 115 116 118 118 122 97 94 105 126 122 113 109 114 116 114 115 128 98 95 101 128 107 125 133 115 116 101 100 131 94 97 125 130 96 104 126 133 131 99 110 112 94 117 106 99 94 110 128 124 119 102 99 103 119 132 122 125 98 98 120 130 130 126 126 120 101 130 112 107 122 94 110 133 100 124 108 105 114 109 132 100 126 112 109 128 131 118 108 98 95 115 130 129 132 114 94 123 0
0 138 110 134 146 124 128 144 127 149 132 144 138 116 142 111 132 111 146 129 148 116 128 128 113 135 106 121 140 135 125 142 147 129 118 145 123 146 118 106 126 118 139 111 123 141 131 142 145 117 138 138 136 124 120 122 138 134 129 139 123 135 111 120 108 116 125 117 147 125 141 135 145 146 110 138 147 142 111 144 133 138 126 131 147 115 114 106 137 125 134 139 146 149 135 118 134 146 131 134 124 142 144 148 128 109 142 141 121 108 144 146 149 135 114 113 116 108 123 145 107 143 132 131 141 130 116 124 138 121 132 106 120 148 148 141 143 128 110 122 143 145 138 110 106 138 117 120 142 130 130 133 132 136 109 106 118 141 136 126 122 127 130 128 130 143 110 106 114 144 121 140 149 129 130 114 112 147 106 108 140 146 107 117 142 149 147 111 124 126 106 131 119 111 106 124 143 138 134 114 111 116 134 148 137 141 110 110 134 146 145 141 141 134 114 145 126 120 137 106 124 149 112 139 121 118 129 122 148 113 141 125 122 143 147 132 122 110 106 130 146 144 148 128 106 138 0
0 102 126 137 116 119 134 119 139 123 134 129 108 133 104 123 104 136 121 138 109 119 119 106 126 99 113 131 126 117 134 138 120 111 135 115 137 110 99 118 110 130 104 115 131 123 133 136 110 129 129 127 116 112 114 130 126 120 130 115 126 104 112 102 108 117 110 138 117 131 126 135 136 102 129 138 134 104 134 124 129 118 122 138 107 107 100 128 117 126 130 137 139 126 110 126 137 122 126 116 133 134 138 119 102 134 131 113 102 135 137 139 126 106 106 109 101 115 135 100 134 123 123 132 121 108 116 130 113 123 100 112 138 138 132 134 119 102 114 134 136 130 103 99 130 110 112 133 121 122 124 123 127 102 99 110 132 127 118 114 119 122 120 121 134 102 100 106 134 113 131 139 121 122 106 105 138 99 102 131 137 100 110 133 139 138 104 116 118 99 122 111 104 99 116 134 130 125 107 104 108 125 138 128 131 102 102 126 137 136 132 132 126 106 136 118 112 128 99 116 139 105 130 114 110 120 114 138 105 132 117 114 134 138 123 114 102 100 121 136 135 138 119 99 129 0
0 133 144 122 126 142 126 147 130 142 136 114 139 110 130 110 143 127 146 114 126 126 111 134 105 119 138 133 123 141 145 127 117 142 121 145 116 104 124 117 138 110 121 138 130 139 143 115 136 135 134 122 118 120 137 133 127 137 122 133 110 118 106 114 123 115 146 123 138 134 142 143 108 136 146 141 110 142 130 135 124 129 145 114 113 106 134 123 133 137 144 146 134 117 133 145 129 133 122 139 142 146 126 107 141 138 119 106 142 144 147 133 112 111 114 106 122 142 106 142 130 130 138 128 114 122 137 119 130 106 118 146 146 139 142 126 108 121 141 143 137 109 105 137 115 118 140 128 128 131 130 134 107 104 116 139 134 125 120 126 128 126 128 142 108 106 112 142 119 138 146 127 128 112 110 145 104 106 138 145 106 115 139 146 145 110 122 124 105 129 118 110 105 122 142 137 131 113 110 114 132 146 134 138 108 108 133 144 143 139 139 132 112 143 124 118 135 104 122 147 110 137 119 116 127 120 146 111 139 123 121 141 146 130 120 108 106 128 143 142 146 126 105 136 0
0 114 97 100 113 100 117 103 113 108 90 111 87 103 86 114 101 116 91 100 100 88 106 83 94 110 106 98 112 115 101 93 114 96 115 92 82 98 93 110 87 96 110 102 111 114 91 108 108 106 98 94 95 109 106 101 109 97 106 86 94 85 90 98 91 115 98 110 106 114 114 86 108 115 112 87 113 104 108 98 102 115 90 90 83 107 98 106 109 114 116 106 93 106 115 102 106 97 111 113 116 100 85 112 110 94 85 113 114 117 106 89 88 91 84 97 114 84 112 103 102 110 102 90 97 109 94 103 83 94 116 116 110 112 100 86 96 112 114 109 86 83 109 91 94 111 102 102 104 103 106 85 82 92 110 106 99 95 100 102 101 102 112 86 83 89 113 94 110 116 101 102 89 87 115 82 85 110 115 84 91 111 116 115 86 97 98 83 102 94 87 83 98 112 109 105 90 87 90 105 116 107 110 86 86 106 114 114 110 110 105 89 114 98 94 107 82 98 117 87 109 94 92 101 95 116 88 110 98 96 112 115 103 95 86 83 102 114 113 116 100 83 108 0
0 118 122 138 122 143 126 138 132 111 136 107 126 106 139 124 142 112 122 122 108 130 102 116 134 130 120 137 141 123 114 139 118 141 113 102 121 114 134 107 118 134 126 136 139 112 132 132 130 119 115 117 133 130 123 134 118 130 106 115 104 111 120 112 142 120 134 130 139 139 106 132 142 137 107 138 127 132 121 126 141 110 110 102 131 120 130 134 140 142 130 114 130 141 126 130 118 136 138 142 122 105 137 134 116 104 138 140 143 130 110 108 112 103 118 139 103 138 126 126 135 124 111 118 133 116 126 102 115 142 142 135 138 122 105 118 138 139 133 106 102 133 112 115 137 124 125 127 126 130 105 102 113 135 130 122 117 122 125 123 124 138 106 102 109 138 116 134 142 124 125 109 107 141 102 104 134 141 103 112 136 142 141 106 118 121 102 126 114 107 102 119 138 133 128 110 107 111 128 142 131 134 106 105 130 140 139 135 135 129 109 139 121 115 131 102 119 143 107 134 116 113 123 117 142 108 135 120 118 138 142 126 117 105 102 124 139 138 142 122 102 132 0
0 133 150 132 154 137 150 143 120 147 116 138 115 151 134 154 121 133 133 118 141 110 126 146 140 130 148 153 134 123 150 128 152 122 110 130 123 145 116 128 146 137 147 150 122 143 143 142 129 124 126 144 140 134 145 128 140 115 125 113 120 130 122 153 130 146 141 150 151 114 143 153 148 116 150 138 143 131 136 153 119 119 111 142 130 140 145 152 154 141 123 140 152 136 140 129 147 150 154 133 113 148 146 126 113 150 152 154 140 118 118 121 112 128 150 111 149 137 137 146 134 120 129 144 126 137 111 125 154 154 146 149 133 114 127 149 150 144 114 110 144 122 124 148 134 135 138 138 142 113 110 122 146 142 131 126 132 135 134 134 149 114 111 118 150 126 146 154 134 135 118 116 153 110 113 146 152 111 122 147 154 153 115 129 131 110 136 124 116 110 129 149 144 138 119 116 120 139 154 142 146 114 114 140 152 150 146 146 139 118 150 131 125 142 110 129 154 116 145 126 122 134 126 154 117 146 130 127 149 153 137 126 114 111 134 151 150 154 133 110 143 0
0 127 112 131 116 127 122 102 125 98 117 98 128 114 130 102 113 113 99 119 94 106 123 119 110 126 130 114 105 128 108 130 103 94 110 104 123 98 108 124 116 125 128 103 122 122 120 110 106 107 122 118 114 122 109 119 98 106 95 102 110 103 130 110 124 119 128 128 97 122 130 126 98 127 117 122 111 115 130 102 101 94 121 110 118 122 129 131 119 104 118 130 115 118 110 125 127 130 113 96 126 124 106 95 127 129 131 119 101 99 102 95 109 128 94 126 116 116 124 114 102 110 122 106 116 94 106 130 130 125 126 113 97 108 126 128 122 98 94 122 103 106 126 114 114 118 117 120 96 94 104 125 120 111 107 112 114 113 114 126 97 94 100 127 106 123 131 114 114 100 98 130 94 95 123 130 94 103 125 131 130 98 110 111 94 115 105 98 94 110 126 122 118 101 98 102 118 130 121 124 97 97 118 129 128 125 125 118 100 128 111 106 121 94 110 131 98 122 106 104 114 107 130 99 125 110 108 126 130 116 107 97 94 114 128 127 130 113 94 122 0
0 116 136 120 131 126 106 129 102 120 101 133 118 134 106 117 117 103 123 97 110 127 123 114 130 134 117 108 132 112 134 107 96 114 108 127 102 112 128 119 129 132 106 126 126 124 113 109 111 126 122 117 126 112 123 101 110 98 106 114 106 134 114 128 123 132 133 100 126 134 130 102 131 121 126 114 119 134 105 104 98 125 114 122 126 133 135 123 108 122 134 119 122 113 129 131 135 117 99 130 128 110 98 131 133 136 123 104 103 106 98 112 132 98 130 120 119 128 118 106 113 126 110 120 98 110 135 134 129 130 117 99 111 130 132 126 101 97 126 106 109 130 118 118 121 120 124 99 96 107 129 124 115 111 116 118 117 118 130 100 98 103 131 110 127 135 118 118 103 102 134 96 98 127 134 98 106 129 135 134 101 113 114 97 119 109 102 97 113 130 126 122 104 102 106 122 135 125 128 100 99 122 133 132 129 129 122 103 132 114 110 125 96 113 136 102 126 110 107 117 111 134 102 129 114 111 130 134 120 110 99 98 118 133 131 134 117 97 126 0
0 153 135 148 142 118 145 114 135 114 149 133 151 119 131 131 116 139 109 124 143 138 128 146 150 132 122 148 126 150 120 109 129 122 143 114 126 144 134 145 149 120 142 141 139 127 122 125 142 138 132 142 126 138 114 123 111 118 128 120 151 128 144 139 148 149 113 142 151 146 114 148 136 141 130 134 150 118 118 110 140 128 138 142 150 152 139 122 138 150 134 138 127 145 148 152 131 112 146 144 124 111 148 150 153 138 117 116 119 110 126 148 110 147 135 134 144 133 118 127 142 124 135 110 123 152 151 145 147 131 112 126 146 149 142 114 109 142 120 122 146 133 134 136 135 140 112 109 121 145 140 130 125 130 134 131 133 147 113 110 116 148 124 143 152 133 134 116 114 150 109 111 143 150 110 120 145 152 150 114 127 130 109 134 122 114 109 127 147 142 137 118 114 118 138 152 140 144 113 112 138 150 149 145 145 138 116 149 130 123 141 109 127 153 114 142 124 121 132 125 151 115 145 128 126 146 151 135 125 112 110 133 149 148 151 131 109 142 0
0 119 130 126 105 129 101 120 101 132 117 134 106 116 116 102 123 97 110 127 122 114 130 134 117 108 131 111 133 106 96 114 107 126 101 111 127 119 129 132 106 126 125 123 113 109 110 126 122 117 126 112 122 101 109 98 105 113 106 134 113 127 123 131 132 100 126 134 130 101 130 120 125 114 118 134 104 104 97 124 114 122 126 133 135 123 107 122 133 118 122 112 129 130 134 116 98 130 127 110 98 131 132 135 122 103 102 106 98 112 131 98 130 119 119 128 118 105 112 126 110 119 97 109 134 134 128 130 116 99 111 130 132 126 100 97 126 106 109 130 118 118 121 120 124 98 96 107 128 124 114 110 116 118 116 118 130 100 97 103 130 110 127 135 117 118 103 102 134 96 98 127 133 98 106 129 135 134 101 112 114 97 118 108 101 97 113 130 126 121 104 101 105 122 134 124 127 100 99 122 133 132 128 128 122 103 132 114 109 125 96 113 135 102 126 110 107 117 110 134 102 128 114 111 130 134 119 110 99 97 118 132 131 134 116 97 126 0
0 153 146 123 150 118 140 118 154 137 157 123 136 136 120 144 113 128 149 143 133 151 156 137 126 154 130 155 125 112 134 126 148 118 130 149 139 150 154 124 146 146 144 132 127 130 147 143 137 148 131 143 118 127 115 123 132 124 156 132 149 144 154 154 117 146 156 151 118 153 141 146 134 139 156 122 122 114 145 133 143 148 155 158 144 126 143 155 139 143 131 150 153 157 136 115 151 149 128 115 153 154 158 143 121 120 123 114 131 154 114 152 140 139 150 138 123 131 147 128 140 114 127 157 157 150 152 136 116 130 152 154 147 117 113 147 124 127 151 138 138 141 140 145 115 112 125 150 145 134 130 135 138 136 138 152 117 114 120 153 128 149 158 137 138 120 118 156 112 115 149 155 114 124 150 158 156 118 131 134 113 139 126 118 113 132 152 147 142 122 118 123 142 157 145 149 117 116 143 155 154 150 150 142 120 154 134 127 146 112 132 158 118 148 129 125 137 130 157 119 150 133 130 152 156 140 129 116 114 138 154 153 157 136 113 146 0
0 130 109 133 105 124 104 137 121 138 109 120 120 106 127 100 113 131 126 118 134 138 121 111 136 115 138 110 99 118 111 131 105 115 132 123 133 136 110 130 129 127 117 112 114 130 126 121 130 116 126 104 113 102 109 117 110 138 117 132 127 136 137 103 130 138 134 105 135 124 129 118 122 138 108 107 100 128 118 126 130 138 139 127 111 126 138 122 126 116 133 135 139 120 102 134 132 113 102 135 137 140 126 107 106 109 101 116 136 101 134 124 123 132 122 109 116 130 113 124 100 113 139 138 133 134 120 102 115 134 136 130 103 100 130 110 112 134 122 122 125 124 128 102 99 110 133 128 118 114 119 122 120 122 134 103 100 106 135 113 131 139 121 122 106 105 138 99 102 131 138 101 110 133 139 138 104 116 118 100 122 112 105 100 117 134 130 125 107 105 109 126 139 128 132 103 102 126 138 136 133 133 126 106 136 118 113 129 99 117 140 105 130 114 110 121 114 138 106 133 118 115 134 138 124 114 102 100 122 137 135 138 120 100 130 0
0 118 145 114 135 114 149 133 151 119 131 131 116 139 109 124 143 138 128 146 150 132 122 148 126 150 120 109 129 122 143 114 126 144 134 145 149 120 142 141 139 127 122 125 142 138 132 142 126 138 114 123 111 118 128 120 151 128 144 139 148 149 113 142 151 146 114 148 136 141 130 134 150 118 118 110 140 128 138 142 150 152 139 122 138 150 134 138 127 145 148 152 131 112 146 144 124 111 148 150 153 138 117 116 119 110 126 148 110 147 135 134 144 133 118 127 142 124 135 110 123 152 151 145 147 131 112 126 146 149 142 114 109 142 120 122 146 133 134 136 135 140 112 109 121 145 140 130 125 130 134 131 133 147 113 110 116 148 124 143 152 133 134 116 114 150 109 111 143 150 110 120 145 152 150 114 127 130 109 134 122 114 109 127 147 142 137 118 114 118 138 152 140 144 113 112 138 150 149 145 145 138 116 149 130 123 141 109 127 153 114 142 124 121 132 125 151 115 145 128 126 146 151 135 125 112 110 133 149 148 151 131 109 142 0
0 139 110 130 109 143 127 146 114 126 126 111 133 105 118 138 133 123 140 145 126 117 142 121 144 115 104 123 116 137 110 121 138 129 139 142 115 136 135 134 122 118 120 136 132 126 137 122 133 109 118 106 114 122 115 145 122 138 133 142 143 108 136 145 140 110 142 130 135 124 129 145 113 113 105 134 123 132 137 144 146 133 116 132 144 129 132 122 139 142 146 126 107 140 138 118 106 142 143 146 133 112 111 114 106 122 142 106 141 130 129 138 127 114 122 136 118 130 105 118 146 146 138 141 126 107 120 141 142 136 109 105 136 115 118 140 127 128 130 130 134 107 104 116 138 134 124 120 126 128 126 127 141 108 105 111 142 118 138 146 127 128 111 110 145 104 106 138 144 106 115 139 146 145 109 122 124 105 129 117 110 105 122 141 136 131 113 110 114 131 146 134 138 108 107 132 144 142 138 138 132 111 142 124 118 134 104 122 146 110 137 119 116 126 120 146 110 138 123 120 141 145 130 119 107 105 127 143 142 146 126 105 136 0
0 92 109 91 120 106 122 96 106 106 93 112 88 99 115 111 103 118 122 106 98 119 102 121 97 87 104 98 115 92 102 116 108 117 120 96 114 114 112 102 98 101 114 111 106 115 102 111 91 99 90 96 103 96 122 103 116 112 119 120 90 114 122 118 92 118 110 114 104 108 122 94 94 88 113 103 111 115 121 122 112 98 111 121 108 111 102 117 118 122 106 90 118 116 99 90 119 120 123 111 94 93 96 89 102 119 89 118 109 108 116 107 96 102 114 99 109 88 99 122 122 117 118 106 90 101 118 120 114 91 88 114 96 98 118 107 107 110 109 113 90 87 97 117 113 104 101 105 107 106 107 118 90 88 94 118 99 115 122 106 107 94 92 122 87 90 115 121 89 96 117 122 122 91 102 104 88 108 98 92 88 102 118 114 110 94 92 96 110 122 113 116 90 90 111 121 120 117 117 110 94 120 104 99 113 87 102 123 92 115 100 97 106 101 122 93 117 103 101 118 122 109 100 90 88 107 120 119 122 106 88 114 0
0 134 112 146 130 149 118 129 129 114 137 107 122 141 136 126 144 148 130 120 146 124 148 118 106 126 119 141 112 124 142 133 143 146 118 139 138 137 126 121 123 140 136 130 140 125 136 112 121 110 117 126 118 149 126 142 137 146 146 111 139 149 144 112 145 134 138 127 132 148 116 115 108 138 126 136 140 147 150 137 119 136 148 132 136 125 143 145 150 129 110 144 142 122 110 146 147 150 136 115 114 118 109 125 146 108 145 133 133 142 130 117 125 140 122 133 108 121 150 149 142 145 129 110 123 144 146 140 111 107 140 118 121 143 130 131 134 134 138 110 106 118 142 138 127 123 129 131 130 130 145 111 108 114 145 122 141 150 130 131 114 113 148 106 110 141 148 108 118 143 150 148 112 125 127 107 132 120 112 107 126 145 140 134 115 112 117 135 150 138 142 111 110 136 147 146 142 142 135 114 146 127 121 138 106 126 150 113 140 122 118 130 123 149 114 142 126 123 144 149 133 122 110 108 130 146 146 149 129 107 139 0
0 88 115 102 118 92 102 102 90 107 84 96 111 107 99 114 117 102 94 115 98 116 93 84 100 94 110 89 98 111 104 112 115 93 110 109 108 98 95 97 110 107 102 110 98 107 88 95 86 92 99 93 117 99 111 107 115 115 87 110 117 114 89 114 106 109 100 104 117 91 90 85 109 99 107 110 116 118 107 94 107 116 104 107 98 112 114 118 102 86 114 111 96 86 114 116 118 107 90 90 92 86 98 115 85 114 105 104 112 103 92 98 110 96 105 85 95 118 118 112 114 102 86 97 114 115 110 87 84 110 93 95 113 103 103 106 105 108 86 84 94 112 108 100 97 101 103 102 103 114 87 85 90 114 96 111 118 102 103 90 89 117 84 86 111 116 85 93 112 118 117 88 98 100 84 104 94 89 84 98 114 110 106 90 89 92 106 118 109 111 87 86 107 116 115 112 112 106 90 115 100 95 109 84 98 118 89 110 96 94 102 97 118 89 112 99 97 114 117 105 97 86 85 103 115 114 118 102 84 110 0
0 137 122 139 110 120 120 106 127 100 114 132 127 118 134 138 121 112 136 116 138 110 99 118 111 131 105 116 132 123 134 137 110 130 130 128 117 113 115 130 126 121 131 116 127 104 113 102 109 118 110 138 118 132 127 136 137 103 130 138 134 105 135 125 130 118 123 138 108 108 101 129 118 126 131 138 140 127 111 126 138 123 126 117 134 135 139 120 102 134 132 114 102 136 138 140 127 107 106 110 102 116 136 101 135 124 123 133 122 109 117 130 114 124 101 113 139 139 133 135 120 103 115 134 137 130 104 100 130 110 113 134 122 122 125 125 128 102 99 111 133 128 119 115 120 122 121 122 135 103 101 106 135 114 132 140 122 122 106 106 138 99 102 132 138 101 110 134 140 138 104 117 118 100 123 112 105 100 117 135 130 126 108 105 109 126 139 129 132 103 103 126 138 137 133 133 126 106 137 118 113 129 99 117 140 106 131 114 111 121 115 139 106 133 118 115 134 138 124 114 103 101 122 137 136 139 120 100 130 0
0 102 117 92 101 101 89 107 84 95 110 106 99 113 116 102 94 114 97 116 93 83 99 94 110 88 97 111 104 112 114 92 109 109 107 98 94 96 110 106 102 110 98 106 88 95 86 91 98 92 117 98 111 107 114 115 86 109 117 113 88 114 105 109 99 103 116 90 90 84 108 99 106 110 115 118 107 94 106 116 103 106 98 112 114 117 101 86 113 111 95 86 114 115 118 106 90 89 92 85 98 114 85 114 104 104 111 102 91 98 110 95 104 84 95 117 117 111 114 101 86 97 113 114 110 87 84 110 92 94 113 102 102 105 104 108 86 83 93 111 108 100 96 101 102 102 102 114 86 84 90 114 95 110 118 102 102 90 88 116 83 86 110 116 85 92 112 118 116 88 98 99 84 103 94 88 84 98 114 110 106 90 88 91 106 117 108 111 86 86 106 115 114 111 111 106 90 114 99 95 108 83 98 118 88 110 96 93 102 96 117 89 111 99 97 113 117 104 96 86 84 102 115 114 117 101 84 109 0
0 153 121 133 133 117 141 110 125 145 140 130 148 152 134 123 150 127 152 122 110 130 122 145 115 127 146 136 146 150 121 143 142 141 129 124 126 144 139 134 144 128 140 115 125 112 120 130 121 153 130 146 141 150 151 114 143 153 148 115 149 138 142 130 136 152 119 118 110 142 130 139 144 151 154 141 122 139 152 136 139 128 146 149 154 133 113 148 146 125 112 150 151 154 140 118 117 121 112 128 150 111 149 137 136 146 134 120 128 144 125 137 110 125 154 153 146 149 133 114 127 148 150 144 114 110 144 121 124 147 134 134 138 137 142 113 110 122 146 142 131 126 132 134 133 134 149 114 110 118 149 125 145 154 134 134 118 116 152 110 112 145 152 111 121 146 154 152 115 128 130 110 136 123 115 110 129 149 144 138 118 115 120 138 154 142 146 114 114 139 151 150 146 146 139 118 150 130 125 142 110 129 154 116 144 126 122 134 126 153 117 146 130 127 148 153 137 126 114 110 134 151 150 153 133 110 143 0
0 107 118 118 104 125 98 111 129 124 115 131 135 118 110 133 113 135 108 98 115 109 129 102 113 129 121 130 134 107 127 126 125 114 110 112 128 124 118 128 114 124 102 110 100 106 114 107 136 114 129 125 133 134 101 127 136 131 102 133 122 126 116 120 135 106 106 98 126 115 124 128 134 137 125 109 124 135 120 124 114 130 133 136 118 100 131 129 111 100 133 134 137 124 105 104 107 99 114 133 98 132 121 121 130 119 106 114 128 111 121 98 110 136 136 130 132 118 101 113 132 134 128 102 98 128 107 110 131 119 119 122 122 126 100 98 108 130 126 116 112 117 119 118 119 132 101 98 104 133 111 129 137 119 119 104 103 135 98 100 129 135 98 107 130 137 135 102 114 116 98 120 110 102 98 114 132 128 122 106 102 106 123 136 126 129 101 101 124 134 134 130 130 123 104 134 116 110 126 98 114 137 103 128 111 108 118 112 136 103 130 115 113 132 136 121 112 101 98 119 134 133 136 118 98 127 0
0 134 134 119 142 112 127 147 142 132 150 154 135 125 152 130 154 123 111 132 125 147 118 130 148 138 149 153 123 146 145 143 131 126 129 146 142 135 146 130 142 117 126 114 122 131 123 155 131 148 142 152 153 116 146 155 150 118 151 139 145 133 138 154 121 121 113 144 132 142 146 154 156 142 125 142 154 138 142 130 149 151 156 134 114 150 148 127 114 152 154 157 142 120 119 122 114 130 152 113 151 138 138 148 137 122 130 146 127 138 113 126 156 156 149 151 134 115 129 150 153 146 116 112 146 123 126 150 137 137 140 139 143 114 111 124 149 143 133 129 134 137 135 137 151 116 113 119 151 127 147 156 136 137 119 118 154 111 114 147 154 113 123 149 156 154 117 130 133 112 138 126 118 112 131 151 146 141 121 118 122 141 156 144 148 116 115 142 154 153 149 149 142 119 153 133 126 144 111 131 157 118 146 127 124 135 129 156 118 149 132 129 150 155 138 128 115 113 137 153 152 156 134 112 146 0
0 106 94 112 88 100 116 112 104 118 122 106 98 120 102 122 97 88 104 98 116 92 102 116 109 118 120 97 114 114 113 103 99 101 115 112 106 115 102 112 92 99 90 96 103 97 122 103 116 112 120 121 91 114 122 118 92 119 110 114 105 109 122 95 94 89 114 104 112 115 122 123 112 98 112 122 109 112 102 118 119 123 106 90 118 116 100 90 120 121 123 112 94 94 97 90 102 120 89 119 109 109 117 107 96 102 115 100 109 89 99 123 122 117 119 106 90 102 118 120 115 91 88 115 97 99 118 107 108 110 110 113 90 88 98 117 113 105 101 106 108 106 107 119 91 89 94 119 100 116 123 107 108 94 93 122 88 90 116 122 89 97 118 123 122 92 102 105 88 109 98 92 88 103 119 115 110 94 92 96 111 123 114 116 91 90 112 122 120 117 117 111 94 120 105 99 114 88 103 123 93 115 100 98 106 101 122 93 117 104 102 118 122 109 101 90 89 107 121 120 122 106 88 114 0
0 103 123 97 110 127 123 114 130 134 117 108 132 112 134 107 96 114 108 127 102 112 128 119 129 132 106 126 126 124 113 109 111 126 122 117 126 112 123 101 110 98 106 114 106 134 114 128 123 132 133 100 126 134 130 102 131 121 126 114 119 134 105 104 98 125 114 122 126 133 135 123 108 122 134 119 122 113 129 131 135 117 99 130 128 110 98 131 133 136 123 104 103 106 98 112 132 98 130 120 119 128 118 106 113 126 110 120 98 110 135 134 129 130 117 99 111 130 132 126 101 97 126 106 109 130 118 118 121 120 124 99 96 107 129 124 115 111 116 118 117 118 130 100 98 103 131 110 127 135 118 118 103 102 134 96 98 127 134 98 106 129 135 134 101 113 114 97 119 109 102 97 113 130 126 122 104 102 106 122 135 125 128 100 99 122 133 132 129 129 122 103 132 114 110 125 96 113 136 102 126 110 107 117 111 134 102 129 114 111 130 134 120 110 99 98 118 133 131 134 117 97 126 0
0 123 97 110 127 123 114 130 134 117 108 132 112 134 107 96 114 108 127 102 112 128 119 129 132 106 126 126 124 113 109 111 126 122 117 126 112 123 101 110 98 106 114 106 134 114 128 123 132 133 100 126 134 130 102 131 121 126 114 119 134 105 104 98 125 114 122 126 133 135 123 108 122 134 119 122 113 129 131 135 117 99 130 128 110 98 131 133 136 123 104 103 106 98 112 132 98 130 120 119 128 118 106 113 126 110 120 98 110 135 134 129 130 117 99 111 130 132 126 101 97 126 106 109 130 118 118 121 120 124 99 96 107 129 124 115 111 116 118 117 118 130 100 98 103 131 110 127 135 118 118 103 102 134 96 98 127 134 98 106 129 135 134 101 113 114 97 119 109 102 97 113 130 126 122 104 102 106 122 135 125 128 100 99 122 133 132 129 129 122 103 132 114 110 125 96 113 136 102 126 110 107 117 111 134 102 129 114 111 130 134 120 110 99 98 118 133 131 134 117 97 126 0
0 86 97 113 109 101 115 118 103 95 117 99 118 94 85 101 95 112 90 99 113 106 114 117 94 111 110 110 100 96 98 112 108 103 112 99 109 89 97 87 93 100 94 118 100 113 109 117 117 88 111 118 115 90 116 106 110 102 106 118 92 92 86 110 101 108 112 118 119 109 95 108 118 106 108 99 114 116 119 103 87 115 113 97 87 116 118 120 109 91 91 94 86 99 117 86 115 106 106 114 104 93 99 112 97 106 86 97 119 119 114 115 103 88 98 115 117 112 89 86 112 94 96 114 104 105 107 106 110 87 85 94 114 110 102 98 102 105 103 104 115 88 86 91 116 97 113 119 104 105 91 90 118 85 87 113 118 86 94 114 119 118 89 99 102 86 106 96 90 86 100 115 112 107 92 90 93 108 119 110 113 88 88 108 118 117 114 114 108 91 117 102 97 110 85 100 120 90 112 98 94 103 98 119 90 114 101 98 115 118 106 98 88 86 104 117 116 119 103 86 111 0
0 117 135 130 121 138 142 124 114 140 118 142 114 102 122 114 134 107 118 135 126 137 140 113 133 133 131 120 115 118 134 130 124 134 119 130 107 116 105 112 120 113 142 120 135 131 140 141 106 133 142 138 107 139 128 133 122 126 142 111 110 103 132 121 130 134 141 143 131 114 130 142 126 130 119 137 139 143 123 105 138 135 117 105 139 141 144 130 110 109 112 104 119 140 103 138 127 126 136 125 112 119 134 117 127 103 116 143 142 136 138 123 106 118 138 140 134 106 102 134 113 115 138 125 126 128 127 131 105 102 114 136 131 122 118 123 126 124 125 138 106 103 110 139 117 135 143 125 126 110 108 142 102 105 135 142 103 113 137 143 142 107 119 122 102 126 115 107 102 120 138 134 129 110 107 112 129 143 132 135 106 106 130 141 140 136 136 130 110 140 122 116 132 102 120 144 108 134 117 114 124 118 142 109 136 121 118 138 142 127 118 106 103 125 141 139 142 123 102 133 0
0 106 102 94 108 111 98 90 110 93 111 89 80 95 90 106 84 93 106 99 107 110 89 105 104 103 94 90 92 105 102 98 106 94 102 84 91 82 88 94 89 111 94 106 102 110 110 83 105 111 108 84 109 100 104 95 99 111 87 86 81 103 94 102 106 110 113 102 90 102 111 99 102 94 107 109 112 97 82 108 106 91 82 110 110 113 102 86 86 88 82 94 110 81 109 100 99 106 98 88 94 105 91 100 81 91 112 112 107 109 97 82 93 108 110 105 83 81 105 89 90 108 98 98 101 100 103 82 80 89 107 103 96 92 97 98 97 98 109 83 81 86 109 91 106 113 98 98 86 85 111 80 82 106 111 81 89 107 113 111 84 94 95 81 99 90 84 81 94 109 105 101 86 84 88 102 112 103 106 83 82 102 110 110 107 107 102 86 110 95 91 104 80 94 113 85 106 92 89 98 92 112 85 107 94 93 108 111 100 92 82 81 98 110 110 112 97 81 105 0
0 116 107 122 126 110 102 124 106 126 101 91 108 102 120 96 106 121 113 122 125 100 118 118 117 106 102 105 119 116 110 119 106 116 95 103 93 99 107 100 126 107 121 117 124 125 94 118 126 122 96 124 114 118 108 113 126 98 98 92 118 107 116 119 126 128 117 102 116 126 113 116 106 122 124 127 110 94 122 121 104 93 124 126 128 116 98 97 100 93 106 124 92 123 113 113 121 111 99 106 119 104 113 92 103 127 127 122 123 110 94 105 123 125 119 95 91 119 100 102 122 111 112 114 114 117 94 91 101 122 117 109 105 110 112 110 111 123 94 92 98 124 104 120 128 111 112 98 96 126 91 93 120 126 92 100 122 128 126 95 106 108 91 113 102 96 91 106 123 119 114 98 96 99 115 127 118 121 94 94 116 126 125 122 122 115 98 125 108 103 118 91 106 128 96 119 104 101 110 105 127 97 122 107 105 123 126 113 104 94 92 111 125 124 127 110 91 118 0
0 125 142 146 128 118 144 122 146 117 106 126 118 139 111 122 140 131 141 145 117 138 137 135 124 119 122 138 134 128 138 123 134 110 120 108 115 124 117 147 124 140 135 144 145 110 138 147 142 111 143 132 137 126 130 146 114 114 106 136 125 134 138 146 148 135 118 134 146 130 134 123 141 143 148 127 109 142 140 120 108 144 146 149 134 114 113 116 107 123 144 107 143 131 131 140 130 115 123 138 120 131 106 120 148 147 141 143 127 109 122 142 145 138 110 106 138 117 119 142 130 130 133 132 136 109 106 118 141 136 126 122 127 130 128 130 143 110 106 113 143 120 140 148 129 130 113 112 146 106 108 140 146 107 117 141 148 146 110 123 126 106 130 119 111 106 124 143 138 133 114 111 115 134 148 136 140 110 109 134 146 145 141 141 134 113 145 126 120 137 106 124 149 112 138 121 118 128 122 147 112 141 125 122 142 147 131 121 109 106 130 145 144 147 127 106 138 0
0 138 142 124 114 139 118 141 113 102 121 114 134 107 118 135 126 136 140 113 133 132 130 119 115 118 134 130 124 134 118 130 106 116 104 111 120 113 142 120 135 130 139 140 106 133 142 138 107 138 127 132 122 126 142 110 110 102 131 121 130 134 141 143 130 114 130 141 126 130 119 136 138 142 123 105 138 135 116 104 139 140 143 130 110 109 112 104 118 139 103 138 126 126 135 125 111 119 134 116 126 102 116 142 142 136 138 123 106 118 138 140 134 106 102 134 113 115 137 125 125 128 127 131 105 102 114 136 131 122 118 122 125 123 125 138 106 102 109 138 116 134 143 124 125 109 108 142 102 104 134 141 103 113 136 143 142 106 119 122 102 126 114 107 102 119 138 134 128 110 107 111 129 142 131 135 106 106 130 141 140 136 136 129 109 140 122 116 132 102 119 143 108 134 117 114 124 118 142 108 136 121 118 138 142 126 117 106 102 125 140 139 142 123 102 133 0
0 131 114 106 129 110 130 105 94 112 106 125 99 110 125 117 126 130 104 123 122 121 110 106 109 124 120 114 124 110 121 99 107 97 103 111 104 131 111 125 121 129 130 98 123 131 127 99 128 118 122 112 117 131 102 102 95 122 112 120 124 130 133 121 106 120 130 117 120 110 126 128 132 114 97 127 125 107 97 129 130 133 121 102 101 104 96 110 129 96 128 118 117 126 115 103 110 124 107 118 95 107 132 132 126 128 114 98 109 128 130 124 98 94 124 104 106 127 115 116 118 118 122 97 94 105 126 122 113 109 114 116 114 115 128 98 95 101 128 107 125 133 115 116 101 100 131 94 97 125 130 96 104 126 133 131 99 110 112 94 117 106 99 94 110 128 124 119 102 99 103 119 132 122 125 98 98 120 130 130 126 126 120 101 130 112 107 122 94 110 133 100 124 108 105 114 109 132 100 126 112 109 128 131 118 108 98 95 115 130 129 132 114 94 123 0
0 131 121 147 125 149 119 107 128 120 142 114 125 142 134 144 147 119 140 140 138 126 122 124 141 137 131 142 126 138 113 122 110 118 127 119 150 127 142 138 147 148 112 140 150 146 114 146 135 140 128 133 150 117 116 109 139 127 137 142 149 151 138 120 137 149 133 137 126 144 146 150 130 110 146 142 122 110 146 148 151 138 116 115 118 110 126 147 109 146 134 134 143 132 118 126 141 122 134 109 122 150 150 143 146 130 111 125 146 147 141 112 108 141 119 122 145 132 132 135 134 138 110 107 120 143 138 129 124 130 132 130 132 146 112 109 115 146 122 142 151 131 132 115 114 150 107 110 142 149 109 119 144 151 150 113 126 128 108 133 122 114 108 126 146 141 136 116 114 118 136 150 139 142 112 111 137 149 147 143 143 137 115 147 128 122 139 107 126 151 114 142 123 120 131 124 150 114 143 127 125 146 150 134 123 111 109 132 148 146 150 130 108 140 0
0 124 151 129 154 123 110 131 124 146 117 129 147 138 148 152 122 145 144 142 130 126 128 146 141 135 146 130 142 116 126 114 122 130 122 154 130 147 142 151 152 115 145 154 150 117 150 139 144 132 137 154 120 120 112 143 131 141 146 153 155 142 124 141 154 137 141 130 148 150 155 134 114 150 147 126 114 151 153 156 142 119 118 122 113 130 151 112 150 138 138 147 136 122 130 146 126 138 112 126 155 154 148 150 134 114 128 150 152 146 116 111 146 122 126 149 136 136 139 138 142 114 110 123 148 142 133 128 134 136 134 136 150 115 112 118 150 126 146 155 135 136 118 118 154 110 114 146 154 112 122 148 155 154 116 130 132 111 137 125 117 111 130 150 146 140 120 117 122 140 155 143 147 115 114 141 153 152 148 148 141 118 152 132 126 144 110 130 156 118 146 127 123 135 128 154 118 148 131 128 150 154 138 127 114 112 136 152 151 154 134 111 145 0
0 133 113 134 107 97 115 109 128 102 113 129 120 130 133 107 126 126 125 114 110 112 127 123 118 128 113 124 102 110 99 106 114 107 135 114 129 124 133 134 101 126 135 131 102 132 122 126 115 120 135 106 105 98 126 114 123 128 134 136 124 109 123 134 120 123 114 130 132 136 117 100 131 129 110 99 132 134 137 124 105 103 106 99 113 133 98 132 121 120 129 118 106 114 127 110 121 98 110 136 135 130 132 117 100 112 131 133 127 102 98 127 107 110 130 118 119 122 121 125 100 97 108 130 125 116 112 117 119 118 118 132 101 98 104 132 110 128 136 118 119 104 102 135 97 99 128 134 98 107 130 136 135 102 114 115 98 120 110 102 98 114 132 127 122 105 102 106 122 136 126 129 101 100 123 134 133 130 130 123 104 133 115 110 126 97 114 137 102 128 111 108 118 112 135 103 130 114 112 131 135 121 111 100 98 118 134 132 135 117 98 126 0
0 104 124 99 90 106 100 118 94 104 118 111 120 122 98 117 116 115 105 101 103 118 114 109 118 104 114 94 102 92 98 106 98 125 106 118 114 122 123 93 117 125 121 94 122 112 116 106 110 124 97 97 90 116 106 114 118 124 126 114 100 114 124 110 114 105 120 122 126 108 92 121 118 102 92 122 123 126 114 96 95 98 91 104 122 90 122 111 111 119 110 98 105 118 102 111 90 102 126 125 119 122 108 93 103 121 122 118 94 90 118 98 101 121 110 110 113 112 115 92 90 99 119 115 107 103 108 110 109 110 122 93 90 96 122 102 118 126 110 110 96 94 124 90 92 118 124 90 98 120 126 124 94 105 106 90 110 101 94 90 105 122 118 113 97 94 98 113 126 116 118 93 93 114 124 122 119 119 114 96 122 106 102 116 90 105 126 94 118 102 99 109 103 125 95 119 106 103 121 125 111 102 93 90 110 123 122 125 108 90 117 0
0 151 121 109 130 122 144 115 126 145 135 146 150 121 142 142 140 128 123 126 143 139 133 143 127 139 114 124 112 119 129 121 152 129 145 140 150 150 114 142 152 147 115 148 137 142 130 135 151 118 118 110 141 129 139 143 150 153 140 122 139 151 135 139 128 146 148 153 132 112 147 145 124 112 149 150 154 139 118 117 120 111 127 150 110 148 136 135 145 134 119 128 143 124 136 110 124 153 152 146 148 132 113 126 147 150 143 114 110 143 121 123 146 134 134 137 136 141 112 109 122 146 141 130 126 131 134 132 134 148 114 110 117 148 124 144 153 133 134 117 115 151 109 112 144 151 110 121 146 153 151 114 128 130 110 135 123 115 110 128 148 143 138 118 115 119 138 153 141 145 114 113 139 150 150 146 146 138 117 150 130 124 142 109 128 154 115 143 125 122 133 126 152 116 146 129 126 147 152 136 126 113 110 134 150 149 152 132 110 142 0
0 102 93 110 103 122 98 108 123 115 124 127 102 121 121 119 109 105 106 122 118 113 122 108 118 97 105 95 102 109 102 129 109 123 118 126 127 96 121 129 125 98 126 116 121 110 114 129 101 100 94 120 110 118 122 128 130 118 103 118 128 114 118 108 124 126 130 112 95 125 123 106 95 126 128 130 118 100 99 102 94 108 126 94 126 115 115 123 114 102 108 122 106 115 94 105 130 130 124 126 112 96 107 126 127 122 97 93 122 102 105 125 114 114 117 116 119 95 93 103 124 119 110 106 111 114 112 114 126 96 94 99 126 106 122 130 113 114 99 98 129 93 95 122 128 94 102 124 130 129 97 108 110 93 114 104 98 93 109 126 122 117 100 98 102 117 130 120 123 96 96 118 128 127 124 124 118 99 127 110 105 120 93 109 130 98 122 106 103 113 106 130 98 124 110 107 126 129 115 106 96 94 114 127 126 130 112 93 121 0
0 110 131 123 146 116 128 146 137 148 151 122 144 144 142 130 125 127 145 141 134 146 129 141 116 126 113 121 130 122 154 130 146 142 151 152 115 144 154 149 116 150 138 144 132 137 154 120 119 111 143 130 141 146 153 155 142 123 141 154 137 141 130 148 150 154 134 114 149 146 126 113 150 152 155 141 119 118 122 113 129 151 112 150 138 137 147 135 121 130 145 126 138 111 126 154 154 147 150 134 114 128 150 151 145 115 111 145 122 125 149 135 136 139 138 142 114 110 123 147 142 132 127 133 136 134 135 150 115 111 118 150 126 146 155 135 136 118 117 154 110 113 146 154 112 122 148 155 154 116 130 132 111 137 125 116 111 130 150 145 139 119 116 121 140 154 143 146 115 114 141 153 151 147 147 140 118 151 132 126 143 110 130 155 117 146 126 123 134 127 154 118 147 130 128 150 154 138 127 114 111 135 152 150 154 134 111 144 0
0 105 98 117 93 102 118 110 118 122 98 115 115 114 104 100 102 116 113 107 116 103 113 93 100 90 97 104 98 123 104 118 114 121 122 92 115 123 119 93 120 110 115 106 110 123 96 95 90 114 105 113 116 122 124 114 98 113 122 110 113 103 118 120 124 107 91 119 118 101 90 121 122 125 113 95 94 97 90 103 121 90 120 110 110 118 108 97 103 116 101 110 90 100 124 123 118 120 107 91 102 120 122 116 92 89 116 98 100 119 108 109 111 110 114 91 88 98 118 114 106 102 106 109 107 108 120 92 90 94 120 101 117 124 108 109 94 94 123 88 90 117 122 90 98 118 124 123 93 103 106 89 110 99 93 89 104 120 116 111 95 93 97 112 124 114 118 92 91 113 122 122 118 118 112 94 122 106 100 114 88 104 125 94 116 101 98 107 102 123 94 118 105 102 120 123 110 102 91 90 108 122 121 123 107 89 115 0
0 89 105 84 93 106 99 106 110 88 104 104 102 94 90 92 105 102 97 105 93 102 83 90 82 87 94 88 111 94 106 102 109 110 82 104 111 107 84 109 100 104 95 98 110 86 86 80 103 94 102 105 110 112 102 89 102 110 98 102 94 106 109 112 96 82 107 106 91 82 109 110 112 102 86 85 88 81 93 109 81 108 99 99 106 98 87 94 105 91 99 80 90 112 111 106 108 96 82 92 108 110 105 83 80 105 88 90 107 98 98 100 99 102 82 80 89 106 102 95 92 96 98 97 98 108 82 80 86 109 91 106 112 98 98 86 84 110 80 82 106 110 81 88 106 112 110 83 94 95 80 98 90 84 80 94 108 105 101 86 84 87 101 112 103 106 82 82 102 110 110 106 106 101 86 110 95 90 103 80 94 112 84 105 91 89 97 92 111 85 106 94 92 108 111 99 91 82 80 98 110 109 111 96 80 104 0
0 125 100 110 126 118 126 130 105 123 123 122 111 107 109 124 121 115 125 110 121 99 107 97 104 111 105 132 111 126 122 130 130 98 123 132 128 100 129 118 123 113 117 131 102 102 95 122 112 121 125 131 133 122 106 121 131 117 121 110 126 129 133 114 98 128 126 108 97 129 130 134 121 102 101 104 97 110 130 96 129 118 118 126 116 104 110 124 108 118 95 107 133 132 126 129 114 98 110 128 130 124 98 95 124 105 107 127 116 116 119 118 122 98 94 106 126 122 113 109 114 116 114 116 129 98 95 102 129 108 126 133 115 116 102 100 131 94 97 126 131 96 105 126 133 131 99 110 113 95 117 106 100 95 111 129 124 119 102 100 104 120 133 122 126 98 98 121 131 130 126 126 120 102 130 113 107 122 94 111 134 100 125 108 106 115 109 132 101 126 112 110 128 132 118 109 98 95 116 130 129 132 114 95 123 0
0 94 103 118 110 119 122 98 116 116 114 105 101 102 117 114 109 118 104 114 94 101 91 98 105 98 124 105 118 114 122 122 93 116 124 120 94 122 112 116 106 110 124 97 96 90 115 106 114 118 123 125 114 100 114 123 110 114 104 119 122 125 108 92 120 118 102 91 122 123 126 114 96 95 98 91 104 122 90 121 111 110 118 109 98 104 117 102 111 90 101 125 125 119 121 108 92 103 121 122 117 93 90 117 98 101 120 109 110 112 111 115 92 89 99 119 115 106 102 107 110 108 109 121 93 90 95 122 102 118 125 109 110 95 94 124 89 91 118 123 90 98 119 125 124 94 104 106 90 110 100 94 90 105 121 117 112 96 94 98 113 125 115 118 93 92 114 123 122 119 119 113 95 122 106 101 115 89 105 126 94 118 102 99 109 102 125 94 119 106 103 121 124 111 102 92 90 109 122 122 125 108 90 116 0
0 122 139 130 141 144 116 137 137 135 123 119 122 138 134 128 138 122 134 110 119 108 115 124 116 146 124 139 134 144 145 110 137 146 142 110 143 132 137 126 130 146 114 114 106 136 125 134 138 146 148 134 118 134 146 130 134 123 141 143 147 127 108 142 139 120 108 143 145 148 134 114 112 116 107 122 144 106 142 131 130 140 129 115 123 138 120 131 106 119 147 147 140 142 127 109 122 142 144 138 110 106 138 116 119 142 129 130 132 131 135 108 105 117 140 135 126 122 126 130 127 129 142 110 106 113 143 120 139 148 129 130 113 111 146 105 108 139 146 106 116 141 148 146 110 123 126 106 130 118 110 106 123 142 138 133 114 110 115 133 147 136 139 110 109 134 146 144 140 140 134 113 144 126 119 136 105 123 148 111 138 120 117 128 122 147 112 140 125 122 142 146 131 121 109 106 129 145 143 147 127 106 137 0
0 111 104 112 115 93 110 109 108 98 95 97 110 107 102 110 98 107 88 95 86 92 99 93 117 99 111 107 115 115 87 110 117 114 89 114 106 109 100 104 117 91 90 85 109 99 107 110 116 118 107 94 107 116 104 107 98 112 114 118 102 86 114 111 96 86 114 116 118 107 90 90 92 86 98 115 85 114 105 104 112 103 92 98 110 96 105 85 95 118 118 112 114 102 86 97 114 115 110 87 84 110 93 95 113 103 103 106 105 108 86 84 94 112 108 100 97 101 103 102 103 114 87 85 90 114 96 111 118 102 103 90 89 117 84 86 111 116 85 93 112 118 117 88 98 100 84 104 94 89 84 98 114 110 106 90 89 92 106 118 109 111 87 86 107 116 115 112 112 106 90 115 100 95 109 84 98 118 89 110 96 94 102 97 118 89 112 99 97 114 117 105 97 86 85 103 115 114 118 102 84 110 0
0 115 124 127 102 121 121 119 109 105 106 122 118 113 122 108 118 97 105 95 102 109 102 129 109 123 118 126 127 96 121 129 125 98 126 116 121 110 114 129 101 100 94 120 110 118 122 128 130 118 103 118 128 114 118 108 124 126 130 112 95 125 123 106 95 126 128 130 118 100 99 102 94 108 126 94 126 115 115 123 114 102 108 122 106 115 94 105 130 130 124 126 112 96 107 126 127 122 97 93 122 102 105 125 114 114 117 116 119 95 93 103 124 119 110 106 111 114 112 114 126 96 94 99 126 106 122 130 113 114 99 98 129 93 95 122 128 94 102 124 130 129 97 108 110 93 114 104 98 93 109 126 122 117 100 98 102 117 130 120 123 96 96 118 128 127 124 124 118 99 127 110 105 120 93 109 130 98 122 106 103 113 106 130 98 124 110 107 126 129 115 106 96 94 114 127 126 130 112 93 121 0
0 142 145 117 138 138 136 124 120 122 138 134 129 139 123 135 111 120 108 116 125 117 147 125 141 135 145 146 110 138 147 142 111 144 133 138 126 131 147 115 114 106 137 125 134 139 146 149 135 118 134 146 131 134 124 142 144 148 128 109 142 141 121 108 144 146 149 135 114 113 116 108 123 145 107 143 132 131 141 130 116 124 138 121 132 106 120 148 148 141 143 128 110 122 143 145 138 110 106 138 117 120 142 130 130 133 132 136 109 106 118 141 136 126 122 127 130 128 130 143 110 106 114 144 121 140 149 129 130 114 112 147 106 108 140 146 107 117 142 149 147 111 124 126 106 131 119 111 106 124 143 138 134 114 111 116 134 148 137 141 110 110 134 146 145 141 141 134 114 145 126 120 137 106 124 149 112 139 121 118 129 122 148 113 141 125 122 143 147 132 122 110 106 130 146 144 148 128 106 138 0
0 136 110 129 129 127 116 112 114 130 126 120 130 115 126 104 112 102 108 117 110 138 117 131 126 135 136 102 129 138 134 104 134 124 129 118 122 138 107 107 100 128 117 126 130 137 139 126 110 126 137 122 126 116 133 134 138 119 102 134 131 113 102 135 137 139 126 106 106 109 101 115 135 100 134 123 123 132 121 108 116 130 113 123 100 112 138 138 132 134 119 102 114 134 136 130 103 99 130 110 112 133 121 122 124 123 127 102 99 110 132 127 118 114 119 122 120 121 134 102 100 106 134 113 131 139 121 122 106 105 138 99 102 131 137 100 110 133 139 138 104 116 118 99 122 111 104 99 116 134 130 125 107 104 108 125 138 128 131 102 102 126 137 136 132 132 126 106 136 118 112 128 99 116 139 105 130 114 110 120 114 138 105 132 117 114 134 138 123 114 102 100 121 136 135 138 119 99 129 0
0 118 139 138 137 126 121 123 140 136 130 140 125 136 112 121 110 117 126 118 149 126 142 137 146 146 111 139 149 144 112 145 134 138 127 132 148 116 115 108 138 126 136 140 147 150 137 119 136 148 132 136 125 143 145 150 129 110 144 142 122 110 146 147 150 136 115 114 118 109 125 146 108 145 133 133 142 130 117 125 140 122 133 108 121 150 149 142 145 129 110 123 144 146 140 111 107 140 118 121 143 130 131 134 134 138 110 106 118 142 138 127 123 129 131 130 130 145 111 108 114 145 122 141 150 130 131 114 113 148 106 110 141 148 108 118 143 150 148 112 125 127 107 132 120 112 107 126 145 140 134 115 112 117 135 150 138 142 111 110 136 147 146 142 142 135 114 146 127 121 138 106 126 150 113 140 122 118 130 123 149 114 142 126 123 144 149 133 122 110 108 130 146 146 149 129 107 139 0
0 142 142 141 129 124 126 143 139 133 144 127 140 114 124 112 120 129 121 152 129 145 140 150 150 114 142 152 147 115 149 137 142 130 135 152 118 118 110 142 130 139 144 151 154 140 122 139 151 135 139 128 146 149 153 132 113 147 145 125 112 149 150 154 140 118 117 120 111 127 150 111 148 136 136 146 134 120 128 143 125 136 110 124 153 153 146 148 132 113 126 148 150 143 114 110 143 121 124 147 134 134 138 137 141 113 110 122 146 141 130 126 132 134 133 134 148 114 110 118 149 125 145 154 134 134 118 116 152 110 112 145 151 111 121 146 154 152 114 128 130 110 135 123 115 110 129 148 143 138 118 115 120 138 153 142 145 114 113 139 151 150 146 146 138 118 150 130 124 142 110 129 154 116 144 125 122 133 126 153 116 146 130 126 148 152 136 126 113 110 134 150 149 153 132 110 142 0
0 114 113 103 99 102 115 112 107 116 102 113 92 100 90 96 104 98 122 104 117 113 121 121 91 115 122 119 93 120 110 114 105 109 122 95 95 89 114 104 112 116 122 124 113 98 112 122 109 112 103 118 120 123 106 90 119 117 100 90 120 122 124 113 94 94 97 90 102 121 90 119 110 110 117 108 96 103 115 100 110 89 100 123 123 118 119 106 91 102 119 121 115 92 89 115 98 99 118 108 108 110 110 114 90 88 98 118 114 106 102 106 108 106 108 119 91 89 94 120 100 117 124 107 108 94 93 122 88 90 117 122 90 98 118 124 122 92 103 105 89 109 99 93 89 103 119 115 111 95 93 96 111 123 114 117 91 91 112 122 121 118 118 112 94 121 105 100 114 88 103 124 93 116 101 98 107 102 123 94 118 104 102 119 122 110 101 91 89 108 121 120 123 106 89 115 0
0 134 122 118 120 136 132 126 137 122 133 109 118 106 114 122 115 145 122 138 133 142 143 108 136 145 140 110 142 130 135 124 129 145 113 113 105 134 123 132 137 144 146 133 116 132 144 129 132 122 139 142 146 126 107 140 138 118 106 142 143 146 133 112 111 114 106 122 142 106 141 130 129 138 127 114 122 136 118 130 105 118 146 146 138 141 126 107 120 141 142 136 109 105 136 115 118 140 127 128 130 130 134 107 104 116 138 134 124 120 126 128 126 127 141 108 105 111 142 118 138 146 127 128 111 110 145 104 106 138 144 106 115 139 146 145 109 122 124 105 129 117 110 105 122 141 136 131 113 110 114 131 146 134 138 108 107 132 144 142 138 138 132 111 142 124 118 134 104 122 146 110 137 119 116 126 120 146 110 138 123 120 141 145 130 119 107 105 127 143 142 146 126 105 136 0
0 122 118 119 136 132 126 136 121 132 109 118 106 114 122 114 145 122 138 133 142 142 108 135 145 140 109 141 130 135 123 128 144 113 112 105 134 122 132 136 143 146 133 116 132 144 128 132 122 138 141 146 126 106 140 138 118 106 142 143 146 132 112 110 114 106 121 142 105 141 129 129 138 127 114 122 136 118 129 105 118 146 145 138 141 126 107 120 140 142 136 108 104 136 114 118 139 127 127 130 130 134 106 104 115 138 134 124 119 125 127 126 127 141 108 105 111 141 118 137 146 126 127 111 110 144 104 106 137 144 105 114 138 146 144 109 122 123 104 128 117 109 104 122 141 136 130 112 109 114 131 146 134 138 108 107 132 143 142 138 138 131 111 142 123 118 134 104 122 146 110 136 118 115 126 119 145 110 138 122 120 140 145 129 119 107 105 127 142 142 145 126 104 135 0
0 116 118 134 130 125 134 119 130 107 116 105 112 121 113 142 121 136 131 140 141 106 134 142 138 108 139 128 133 122 126 142 111 110 103 132 121 130 134 142 144 131 114 130 142 126 130 120 137 139 143 124 106 138 136 117 105 140 142 144 130 110 110 113 104 119 140 104 139 127 127 136 126 112 120 134 117 127 103 116 143 143 137 139 124 106 118 138 141 134 107 103 134 113 116 138 126 126 129 128 132 106 102 114 137 132 122 118 123 126 124 126 139 106 103 110 139 117 135 144 125 126 110 108 142 102 105 135 142 104 113 137 144 142 107 120 122 103 126 115 108 103 120 139 134 129 110 108 112 130 143 132 136 106 106 130 142 141 137 137 130 110 141 122 116 133 102 120 144 108 134 118 114 125 118 143 109 137 121 118 138 142 127 118 106 103 126 141 140 143 124 103 134 0
0 108 123 119 114 123 109 119 98 106 96 102 110 103 130 110 124 120 128 129 98 122 130 126 98 127 118 122 111 116 130 102 102 94 121 110 119 123 130 131 120 105 119 130 116 119 110 126 127 131 113 96 126 124 106 96 128 129 132 119 101 100 103 95 109 128 95 127 117 116 125 114 102 110 123 106 117 94 106 131 131 125 127 113 97 108 126 129 123 98 94 123 103 106 126 114 115 118 117 121 96 94 104 125 121 112 108 113 115 114 114 127 98 94 100 127 106 124 131 114 115 100 99 130 94 96 124 130 95 103 126 131 130 98 110 111 94 116 106 98 94 110 127 123 118 102 98 102 118 131 121 124 98 97 119 130 129 125 125 119 100 129 111 106 0 94 110 132 99 123 107 104 114 108 131 99 125 110 108 126 130 117 107 97 94 114 129 128 131 113 94 122 0
0 118 115 110 118 105 115 94 102 92 98 106 99 126 106 120 115 123 124 94 118 126 122 95 122 113 118 107 111 126 98 98 91 117 106 115 118 125 126 115 101 115 125 111 115 106 121 122 126 109 93 122 120 102 92 123 124 127 115 97 96 99 92 105 123 91 122 112 112 120 110 98 106 118 102 112 91 102 126 126 120 122 109 94 104 122 124 118 94 90 118 99 102 122 110 111 114 113 116 93 90 100 120 116 108 104 109 111 110 110 122 94 91 97 122 102 119 126 110 111 97 95 126 90 92 119 125 91 99 121 126 126 94 106 107 90 111 102 95 90 106 122 118 114 98 95 98 114 126 117 120 94 94 115 125 124 120 120 114 97 124 107 102 117 90 106 127 95 118 103 100 110 104 126 96 120 106 104 122 126 112 103 94 91 110 124 123 126 109 90 118 0
0 117 112 121 107 118 96 104 94 101 108 102 128 108 122 118 126 126 95 120 128 124 97 125 115 119 110 114 128 100 99 93 119 109 117 121 127 129 118 102 117 127 114 117 107 123 125 129 111 94 124 122 105 94 126 126 130 118 99 98 101 94 107 126 94 125 114 114 122 113 101 107 121 105 114 93 104 129 129 122 125 111 95 106 125 126 121 96 92 121 102 104 124 113 113 115 115 118 94 92 102 122 118 110 106 110 113 111 113 125 95 93 98 125 105 122 129 112 113 98 98 128 92 94 122 127 94 102 123 129 128 96 107 110 92 114 103 97 92 108 125 121 116 99 97 101 116 129 119 122 95 95 117 127 126 122 122 117 98 126 110 104 119 92 108 130 98 121 105 102 112 106 129 98 122 109 106 125 128 114 106 95 93 113 126 126 129 111 92 120 0
0 127 138 122 134 110 118 107 114 123 115 146 123 138 134 143 144 109 136 146 141 110 142 131 136 125 130 146 114 113 106 135 124 133 138 145 147 134 117 133 145 130 133 122 140 142 146 126 108 141 138 119 107 142 144 147 134 113 112 115 106 122 143 106 142 130 130 139 128 114 122 138 119 130 106 118 146 146 139 142 126 108 121 142 143 138 109 105 138 115 118 141 128 129 131 130 134 108 105 117 139 134 125 121 126 129 127 128 142 109 106 112 142 119 138 147 128 129 112 110 146 105 107 138 145 106 115 140 147 146 110 122 125 105 130 118 110 105 123 142 138 132 113 110 114 132 146 135 138 109 108 133 145 143 139 139 133 112 143 125 118 135 105 123 147 110 138 120 117 127 121 146 111 139 124 121 142 146 130 120 108 106 128 144 142 146 126 105 136 0
0 134 118 130 106 115 104 111 120 112 142 120 134 130 139 139 106 132 142 137 107 138 127 132 121 126 141 110 110 102 131 120 130 134 140 142 130 114 130 141 126 130 118 136 138 142 122 105 137 134 116 104 138 140 143 130 110 108 112 103 118 139 103 138 126 126 135 124 111 118 133 116 126 102 115 142 142 135 138 122 105 118 138 139 133 106 102 133 112 115 137 124 125 127 126 130 105 102 113 135 130 122 117 122 125 123 124 138 106 102 109 138 116 134 142 124 125 109 107 141 102 104 134 141 103 112 136 142 141 106 118 121 102 126 114 107 102 119 138 133 128 110 107 111 128 142 131 134 106 105 130 140 139 135 135 129 109 139 121 115 131 102 119 143 107 134 116 113 123 117 142 108 135 120 118 138 142 126 117 105 102 124 139 138 142 122 102 132 0
0 113 124 102 110 99 106 114 107 135 114 129 124 133 134 101 126 135 131 102 132 122 126 115 120 135 106 105 98 126 114 123 128 134 136 124 109 123 134 120 123 114 130 132 136 117 100 131 129 110 99 132 134 137 124 105 103 106 99 113 133 98 132 121 120 129 118 106 114 127 110 121 98 110 136 135 130 132 117 100 112 131 133 127 102 98 127 107 110 130 118 119 122 121 125 100 97 108 130 125 116 112 117 119 118 118 132 101 98 104 132 110 128 136 118 119 104 102 135 97 99 128 134 98 107 130 136 135 102 114 115 98 120 110 102 98 114 132 127 122 105 102 106 122 136 126 129 101 100 123 134 133 130 130 123 104 133 115 110 126 97 114 137 102 128 111 108 118 112 135 103 130 114 112 131 135 121 111 100 98 118 134 132 135 117 98 126 0
0 134 110 119 107 115 124 116 146 124 139 134 143 144 109 137 146 142 110 142 131 136 125 130 146 114 114 106 135 124 134 138 145 147 134 118 134 146 130 134 122 140 142 147 126 108 142 139 119 107 143 145 148 134 113 112 115 107 122 143 106 142 130 130 139 129 115 122 138 119 130 106 119 147 146 140 142 126 109 122 142 144 138 110 106 138 116 118 141 129 129 132 131 135 108 105 117 140 135 126 121 126 129 127 129 142 109 106 113 142 119 138 147 128 129 113 111 146 105 107 138 146 106 116 140 147 146 110 122 125 106 130 118 110 106 123 142 138 132 114 110 115 133 147 135 139 109 109 134 145 144 140 140 133 113 144 125 119 136 105 123 148 111 138 120 117 128 121 146 111 140 124 122 142 146 130 121 109 106 129 144 143 146 126 106 137 0
0 98 106 95 102 110 102 130 110 123 119 127 128 97 122 130 126 98 126 117 121 110 115 130 101 101 94 120 110 118 122 129 130 119 104 118 129 115 118 109 125 126 130 112 96 126 123 106 95 127 128 131 118 100 99 102 94 109 127 94 126 116 115 124 114 102 109 122 106 116 94 106 130 130 124 126 112 96 107 126 127 122 97 94 122 102 105 125 114 114 117 116 120 96 93 103 124 120 111 107 112 114 113 114 126 97 94 100 126 106 123 130 114 114 100 98 130 93 95 123 129 94 102 125 130 130 98 109 110 94 115 105 98 94 109 126 122 118 101 98 102 118 130 120 123 97 96 118 129 127 124 124 118 100 127 110 106 121 93 109 131 98 122 106 103 113 107 130 98 124 110 107 126 130 116 106 96 94 114 128 127 130 112 94 122 0
0 116 104 111 120 113 142 120 135 130 139 140 106 133 142 138 107 138 127 132 122 126 142 110 110 102 131 121 130 134 141 143 130 114 130 141 126 130 119 136 138 142 123 105 138 135 116 104 139 140 143 130 110 109 112 104 118 139 103 138 126 126 135 125 111 119 134 116 126 102 116 142 142 136 138 123 106 118 138 140 134 106 102 134 113 115 137 125 125 128 127 131 105 102 114 136 131 122 118 122 125 123 125 138 106 102 109 138 116 134 143 124 125 109 108 142 102 104 134 141 103 113 136 143 142 106 119 122 102 126 114 107 102 119 138 134 128 110 107 111 129 142 131 135 106 106 130 141 140 136 136 129 109 140 122 116 132 102 119 143 108 134 117 114 124 118 142 108 136 121 118 138 142 126 117 106 102 125 140 139 142 123 102 133 0
0 86 91 98 92 117 98 111 107 114 115 86 109 117 113 88 114 105 109 99 103 116 90 90 84 108 99 106 110 115 118 107 94 106 116 103 106 98 112 114 117 101 86 113 111 95 86 114 115 118 106 90 89 92 85 98 114 85 114 104 104 111 102 91 98 110 95 104 84 95 117 117 111 114 101 86 97 113 114 110 87 84 110 92 94 113 102 102 105 104 108 86 83 93 111 108 100 96 101 102 102 102 114 86 84 90 114 95 110 118 102 102 90 88 116 83 86 110 116 85 92 112 118 116 88 98 99 84 103 94 88 84 98 114 110 106 90 88 91 106 117 108 111 86 86 106 115 114 111 111 106 90 114 99 95 108 83 98 118 88 110 96 93 102 96 117 89 111 99 97 113 117 104 96 86 84 102 115 114 117 101 84 109 0
0 99 106 100 126 106 120 116 124 125 94 118 126 122 95 123 114 118 108 112 126 98 98 91 117 107 115 119 125 127 116 101 115 126 112 115 106 121 123 127 110 93 122 120 103 93 123 125 127 116 98 97 99 92 106 124 92 123 113 112 121 111 99 106 118 103 113 91 103 127 126 121 123 110 94 105 122 124 118 94 91 118 100 102 122 111 111 114 113 117 93 90 101 121 117 108 104 109 111 110 111 123 94 91 97 123 103 120 127 110 111 97 96 126 90 93 120 126 92 100 121 127 126 95 106 108 91 112 102 95 91 106 123 118 114 98 95 99 114 127 117 120 94 94 115 125 124 121 121 115 97 124 108 103 118 90 106 127 96 119 103 101 110 104 126 96 121 107 105 122 126 113 104 94 91 111 125 123 126 110 91 118 0
0 96 90 114 96 108 105 112 112 85 106 114 110 86 111 102 106 98 101 114 89 88 82 106 97 104 107 113 114 105 91 104 113 101 104 95 110 111 114 98 84 110 108 93 84 111 113 115 104 88 87 90 83 95 112 82 110 102 102 109 100 90 95 107 93 102 82 93 114 114 109 110 98 84 94 110 112 107 85 82 107 90 92 110 100 100 102 102 106 84 82 91 109 106 98 94 98 100 99 100 110 85 82 87 111 93 108 114 100 100 87 86 114 82 84 108 113 82 90 110 114 114 86 95 98 82 101 92 86 82 96 110 107 103 88 86 90 103 114 106 108 85 84 104 113 112 109 109 104 87 112 98 93 106 82 96 115 86 107 94 91 99 94 114 86 109 97 94 110 114 102 94 84 82 100 112 111 114 98 82 106 0
0 96 122 103 116 112 119 120 90 114 122 118 92 118 110 114 104 108 122 94 94 88 113 103 111 115 121 122 112 98 111 121 108 111 102 117 118 122 106 90 118 116 99 90 119 120 123 111 94 93 96 89 102 119 89 118 109 108 116 107 96 102 114 99 109 88 99 122 122 117 118 106 90 101 118 120 114 91 88 114 96 98 118 107 107 110 109 113 90 87 97 117 113 104 101 105 107 106 107 118 90 88 94 118 99 115 122 106 107 94 92 122 87 90 115 121 89 96 117 122 122 91 102 104 88 108 98 92 88 102 118 114 110 94 92 96 110 122 113 116 90 90 111 121 120 117 117 110 94 120 104 99 113 87 102 123 92 115 100 97 106 101 122 93 117 103 101 118 122 109 100 90 88 107 120 119 122 106 88 114 0
0 131 111 125 120 129 130 98 122 131 127 99 128 118 122 112 116 130 102 102 95 122 111 120 124 130 132 120 105 120 130 116 120 110 126 128 132 114 97 127 125 107 96 128 130 132 120 101 100 103 96 110 129 95 127 117 117 125 115 103 110 123 107 117 95 106 132 131 126 127 114 97 109 127 129 123 98 94 123 104 106 126 115 115 118 118 121 97 94 105 126 121 112 108 113 115 114 115 127 98 95 101 128 107 124 132 114 115 101 99 130 94 96 124 130 95 104 126 132 130 98 110 112 94 116 106 99 94 110 127 123 118 102 99 103 119 132 122 125 98 97 120 130 129 126 126 119 101 129 112 106 122 94 110 132 99 124 107 105 114 108 131 100 126 111 109 127 131 117 108 97 95 115 130 128 131 114 94 122 0
0 104 117 113 121 121 91 115 122 119 93 120 110 114 105 109 122 95 95 89 114 104 112 116 122 124 113 98 112 122 109 112 103 118 120 123 106 90 119 117 100 90 120 122 124 113 94 94 97 90 102 121 90 119 110 110 117 108 96 103 115 100 110 89 100 123 123 118 119 106 91 102 119 121 115 92 89 115 98 99 118 108 108 110 110 114 90 88 98 118 114 106 102 106 108 106 108 119 91 89 94 120 100 117 124 107 108 94 93 122 88 90 117 122 90 98 118 124 122 92 103 105 89 109 99 93 89 103 119 115 111 95 93 96 111 123 114 117 91 91 112 122 121 118 118 112 94 121 105 100 114 88 103 124 93 116 101 98 107 102 123 94 118 104 102 119 122 110 101 91 89 108 121 120 123 106 89 115 0
0 147 142 152 153 115 145 155 150 117 151 139 145 132 138 154 121 120 112 143 131 142 146 154 156 142 124 142 154 138 142 130 149 151 155 134 114 150 147 126 114 151 153 156 142 120 118 122 114 130 152 113 150 138 138 148 136 122 130 146 126 138 112 126 155 155 148 150 134 115 129 150 152 146 116 111 146 122 126 150 136 137 140 138 143 114 111 124 148 143 133 128 134 137 134 136 150 115 112 119 151 126 147 156 136 137 119 118 154 111 114 147 154 113 122 149 156 154 117 130 132 111 138 125 117 111 130 150 146 140 120 117 122 141 155 143 147 115 115 142 154 152 148 148 141 119 152 132 126 144 111 130 156 118 146 127 124 135 128 155 118 148 131 129 150 155 138 128 115 112 136 153 151 155 134 111 145 0
0 120 129 130 98 122 131 127 99 128 118 122 112 116 130 102 102 95 122 111 120 124 130 132 120 105 120 130 116 120 110 126 128 132 114 97 127 125 107 96 128 130 132 120 101 100 103 96 110 129 95 127 117 117 125 115 103 110 123 107 117 95 106 132 131 126 127 114 97 109 127 129 123 98 94 123 104 106 126 115 115 118 118 121 97 94 105 126 121 112 108 113 115 114 115 127 98 95 101 128 107 124 132 114 115 101 99 130 94 96 124 130 95 104 126 132 130 98 110 112 94 116 106 99 94 110 127 123 118 102 99 103 119 132 122 125 98 97 120 130 129 126 126 119 101 129 112 106 122 94 110 132 99 124 107 105 114 108 131 100 126 111 109 127 131 117 108 97 95 115 130 128 131 114 94 122 0
0 145 146 110 138 147 142 111 144 133 138 126 131 147 115 114 106 137 125 134 139 146 149 135 118 134 146 131 134 124 142 144 148 128 109 142 141 121 108 144 146 149 135 114 113 116 108 123 145 107 143 132 131 141 130 116 124 138 121 132 106 120 148 148 141 143 128 110 122 143 145 138 110 106 138 117 120 142 130 130 133 132 136 109 106 118 141 136 126 122 127 130 128 130 143 110 106 114 144 121 140 149 129 130 114 112 147 106 108 140 146 107 117 142 149 147 111 124 126 106 131 119 111 106 124 143 138 134 114 111 116 134 148 137 141 110 110 134 146 145 141 141 134 114 145 126 120 137 106 124 149 112 139 121 118 129 122 148 113 141 125 122 143 147 132 122 110 106 130 146 144 148 128 106 138 0
0 141 106 133 142 138 107 139 128 133 122 126 142 111 110 103 132 121 130 134 141 143 131 114 130 142 126 130 119 137 139 143 123 105 138 135 117 105 139 141 144 130 110 109 112 104 119 140 103 138 127 126 136 125 112 119 134 117 127 103 116 143 142 136 138 123 106 118 138 140 134 106 102 134 113 115 138 125 126 128 127 131 105 102 114 136 131 122 118 123 126 124 125 138 106 103 110 139 117 135 143 125 126 110 108 142 102 105 135 142 103 113 137 143 142 107 119 122 102 126 115 107 102 120 138 134 129 110 107 112 129 143 132 135 106 106 130 141 140 136 136 130 110 140 122 116 132 102 120 144 108 134 117 114 124 118 142 109 136 121 118 138 142 127 118 106 103 125 141 139 142 123 102 133 0
0 114 142 152 147 115 148 137 142 130 135 151 118 118 110 141 129 139 143 150 153 140 122 139 151 135 139 128 146 148 153 132 112 147 145 124 112 149 150 154 139 118 117 120 111 127 150 110 148 136 135 145 134 119 128 143 124 136 110 124 153 152 146 148 132 113 126 147 150 143 114 110 143 121 123 146 134 134 137 136 141 112 109 122 146 141 130 126 131 134 132 134 148 114 110 117 148 124 144 153 133 134 117 115 151 109 112 144 151 110 121 146 153 151 114 128 130 110 135 123 115 110 128 148 143 138 118 115 119 138 153 141 145 114 113 139 150 150 146 146 138 117 150 130 124 142 109 128 154 115 143 125 122 133 126 152 116 146 129 126 147 152 136 126 113 110 134 150 149 152 132 110 142 0
0 143 153 148 115 149 138 142 130 136 152 119 118 110 142 130 139 144 151 154 141 122 139 152 136 139 128 146 149 154 133 113 148 146 125 112 150 151 154 140 118 117 121 112 128 150 111 149 137 136 146 134 120 128 144 125 137 110 125 154 153 146 149 133 114 127 148 150 144 114 110 144 121 124 147 134 134 138 137 142 113 110 122 146 142 131 126 132 134 133 134 149 114 110 118 149 125 145 154 134 134 118 116 152 110 112 145 152 111 121 146 154 152 115 128 130 110 136 123 115 110 129 149 144 138 118 115 120 138 154 142 146 114 114 139 151 150 146 146 139 118 150 130 125 142 110 129 154 116 144 126 122 134 126 153 117 146 130 127 148 153 137 126 114 110 134 151 150 153 133 110 143 0
0 115 112 87 113 104 108 98 102 115 90 90 83 107 98 106 109 114 116 106 93 106 115 102 106 97 111 113 116 100 85 112 110 94 85 113 114 117 106 89 88 91 84 97 114 84 112 103 102 110 102 90 97 109 94 103 83 94 116 116 110 112 100 86 96 112 114 109 86 83 109 91 94 111 102 102 104 103 106 85 82 92 110 106 99 95 100 102 101 102 112 86 83 89 113 94 110 116 101 102 89 87 115 82 85 110 115 84 91 111 116 115 86 97 98 83 102 94 87 83 98 112 109 105 90 87 90 105 116 107 110 86 86 106 114 114 110 110 105 89 114 98 94 107 82 98 117 87 109 94 92 101 95 116 88 110 98 96 112 115 103 95 86 83 102 114 113 116 100 83 108 0
0 140 110 142 130 135 124 129 145 113 113 105 134 123 132 137 144 146 133 116 132 144 129 132 122 139 142 146 126 107 140 138 118 106 142 143 146 133 112 111 114 106 122 142 106 141 130 129 138 127 114 122 136 118 130 105 118 146 146 138 141 126 107 120 141 142 136 109 105 136 115 118 140 127 128 130 130 134 107 104 116 138 134 124 120 126 128 126 127 141 108 105 111 142 118 138 146 127 128 111 110 145 104 106 138 144 106 115 139 146 145 109 122 124 105 129 117 110 105 122 141 136 131 113 110 114 131 146 134 138 108 107 132 144 142 138 138 132 111 142 124 118 134 104 122 146 110 137 119 116 126 120 146 110 138 123 120 141 145 130 119 107 105 127 143 142 146 126 105 136 0
0 117 151 139 145 132 138 154 121 120 112 143 131 142 146 154 156 142 124 142 154 138 142 130 149 151 155 134 114 150 147 126 114 151 153 156 142 120 118 122 114 130 152 113 150 138 138 148 136 122 130 146 126 138 112 126 155 155 148 150 134 115 129 150 152 146 116 111 146 122 126 150 136 137 140 138 143 114 111 124 148 143 133 128 134 137 134 136 150 115 112 119 151 126 147 156 136 137 119 118 154 111 114 147 154 113 122 149 156 154 117 130 132 111 138 125 117 111 130 150 146 140 120 117 122 141 155 143 147 115 115 142 154 152 148 148 141 119 152 132 126 144 111 130 156 118 146 127 124 135 128 155 118 148 131 129 150 155 138 128 115 112 136 153 151 155 134 111 145 0
0 146 135 140 128 133 150 117 116 109 139 127 137 142 149 151 138 120 137 149 133 137 126 144 146 150 130 110 146 142 122 110 146 148 151 138 116 115 118 110 126 147 109 146 134 134 143 132 118 126 141 122 134 109 122 150 150 143 146 130 111 125 146 147 141 112 108 141 119 122 145 132 132 135 134 138 110 107 120 143 138 129 124 130 132 130 132 146 112 109 115 146 122 142 151 131 132 115 114 150 107 110 142 149 109 119 144 151 150 113 126 128 108 133 122 114 108 126 146 141 136 116 114 118 136 150 139 142 112 111 137 149 147 143 143 137 115 147 128 122 139 107 126 151 114 142 123 120 131 124 150 114 143 127 125 146 150 134 123 111 109 132 148 146 150 130 108 140 0
0 106 109 100 104 117 91 90 85 109 99 107 110 116 118 107 94 107 116 104 107 98 112 114 118 102 86 114 111 96 86 114 116 118 107 90 90 92 86 98 115 85 114 105 104 112 103 92 98 110 96 105 85 95 118 118 112 114 102 86 97 114 115 110 87 84 110 93 95 113 103 103 106 105 108 86 84 94 112 108 100 97 101 103 102 103 114 87 85 90 114 96 111 118 102 103 90 89 117 84 86 111 116 85 93 112 118 117 88 98 100 84 104 94 89 84 98 114 110 106 90 89 92 106 118 109 111 87 86 107 116 115 112 112 106 90 115 100 95 109 84 98 118 89 110 96 94 102 97 118 89 112 99 97 114 117 105 97 86 85 103 115 114 118 102 84 110 0
0 141 130 134 150 118 118 110 140 128 138 142 150 152 139 122 138 150 134 138 127 145 148 152 131 112 146 144 124 111 148 150 153 138 117 116 119 110 126 148 110 147 135 134 144 133 118 127 142 124 135 110 123 152 151 145 147 131 112 126 146 149 142 114 109 142 120 122 146 133 134 136 135 140 112 109 121 145 140 130 125 130 134 131 133 147 113 110 116 148 124 143 152 133 134 116 114 150 109 111 143 150 110 120 145 152 150 114 127 130 109 134 122 114 109 127 147 142 137 118 114 118 138 152 140 144 113 112 138 150 149 145 145 138 116 149 130 123 141 109 127 153 114 142 124 121 132 125 151 115 145 128 126 146 151 135 125 112 110 133 149 148 151 131 109 142 0
0 119 123 139 109 108 101 129 118 127 131 138 140 128 112 127 138 123 127 117 134 136 140 121 103 135 133 114 102 136 138 141 127 107 106 110 102 117 137 102 135 124 124 133 122 110 117 131 114 124 101 114 140 139 134 135 121 103 116 135 137 131 104 100 131 110 113 134 122 122 126 125 129 103 100 111 134 129 119 115 120 122 121 122 135 104 101 107 136 114 132 140 122 122 107 106 139 100 102 132 138 102 110 134 140 139 105 117 119 100 123 113 106 100 118 135 131 126 108 106 110 126 140 129 133 104 103 127 138 137 134 134 126 107 137 119 114 130 100 118 141 106 131 114 111 122 115 139 106 134 118 116 135 139 124 114 103 101 122 138 136 139 121 100 130 0
0 128 144 113 112 105 134 122 132 136 143 146 133 116 132 144 128 132 122 138 141 146 126 106 140 138 118 106 142 143 146 132 112 110 114 106 121 142 105 141 129 129 138 127 114 122 136 118 129 105 118 146 145 138 141 126 107 120 140 142 136 108 104 136 114 118 139 127 127 130 130 134 106 104 115 138 134 124 119 125 127 126 127 141 108 105 111 141 118 137 146 126 127 111 110 144 104 106 137 144 105 114 138 146 144 109 122 123 104 128 117 109 104 122 141 136 130 112 109 114 131 146 134 138 108 107 132 143 142 138 138 131 111 142 123 118 134 104 122 146 110 136 118 115 126 119 145 110 138 122 120 140 145 129 119 107 105 127 142 142 145 126 104 135 0
0 132 103 102 96 122 112 121 125 131 134 122 106 121 132 118 121 111 127 130 133 114 98 128 126 108 98 130 131 134 122 102 102 105 97 110 130 96 129 118 118 126 116 104 111 125 108 118 96 108 133 133 126 129 114 98 110 129 130 125 99 95 125 105 107 128 116 117 119 118 122 98 95 106 126 122 114 110 114 117 115 116 129 98 96 102 130 108 126 134 116 117 102 101 132 95 98 126 132 96 105 127 134 132 99 111 114 95 118 107 100 95 111 129 125 120 102 100 104 120 133 122 126 98 98 121 131 130 126 126 121 102 130 114 108 123 95 111 134 101 125 109 106 115 110 133 101 126 112 110 129 132 118 109 98 96 116 130 130 133 114 95 124 0
0 107 106 99 127 117 126 130 136 138 126 110 126 137 122 126 115 132 134 138 119 102 133 131 113 101 134 136 139 126 106 106 109 101 115 135 100 134 122 122 131 121 108 115 130 113 122 99 112 138 138 132 134 119 102 114 134 135 130 103 99 130 109 111 133 121 121 124 123 127 102 98 110 132 127 118 114 118 121 119 121 134 102 99 106 134 113 130 138 120 121 106 104 137 98 101 130 137 100 109 132 138 137 103 115 118 99 122 111 104 99 116 134 130 124 106 104 108 125 138 127 131 102 102 126 136 135 132 132 125 106 135 118 112 128 98 116 139 104 130 113 110 120 114 138 105 132 117 114 134 138 122 114 102 99 121 136 134 138 119 99 129 0
0 120 112 143 131 141 146 153 155 142 124 141 154 137 141 130 148 150 155 134 114 150 147 126 114 151 153 156 142 119 118 122 113 130 151 112 150 138 138 147 136 122 130 146 126 138 112 126 155 154 148 150 134 114 128 150 152 146 116 111 146 122 126 149 136 136 139 138 142 114 110 123 148 142 133 128 134 136 134 136 150 115 112 118 150 126 146 155 135 136 118 118 154 110 114 146 154 112 122 148 155 154 116 130 132 111 137 125 117 111 130 150 146 140 120 117 122 140 155 143 147 115 114 141 153 152 148 148 141 118 152 132 126 144 110 130 156 118 146 127 123 135 128 154 118 148 131 128 150 154 138 127 114 112 136 152 151 154 134 111 145 0
0 87 112 102 110 114 120 122 111 97 110 120 107 110 102 116 118 122 105 89 117 115 98 89 118 119 122 110 93 92 95 88 101 118 88 118 108 107 115 106 94 102 114 98 108 87 98 122 121 115 118 105 90 100 117 118 114 90 87 114 95 98 117 106 106 109 108 111 89 86 96 115 111 103 100 104 106 105 106 118 90 87 93 118 98 114 122 106 106 93 91 120 86 89 114 120 88 95 116 122 120 90 102 103 87 107 98 91 87 102 118 114 109 94 91 94 110 122 112 115 90 90 110 120 118 115 115 110 93 118 103 98 112 86 102 122 91 114 99 96 106 100 121 92 115 102 100 117 121 108 99 90 87 106 119 118 121 105 87 113 0
0 111 102 110 114 119 121 110 96 110 119 106 110 101 115 118 121 104 89 116 114 98 88 118 119 122 110 93 92 94 88 101 118 87 117 107 107 114 106 94 101 113 98 107 87 98 121 121 115 117 104 89 100 117 118 113 90 86 113 95 98 116 106 106 108 108 111 89 86 96 115 111 103 99 104 106 105 106 117 90 87 92 118 98 114 121 106 106 92 91 120 86 88 114 119 87 95 115 121 120 90 101 102 86 106 97 90 86 102 117 113 109 94 90 94 109 121 111 114 90 89 110 119 118 115 115 110 92 118 102 98 112 86 102 122 91 114 98 96 105 99 121 91 115 102 100 117 120 107 99 89 87 106 118 118 121 104 86 113 0
0 95 102 106 111 113 103 90 102 111 99 102 94 108 110 113 98 82 109 106 92 82 110 111 114 102 86 86 89 82 94 110 82 109 100 100 107 98 88 94 106 92 100 82 91 113 113 107 109 98 83 93 109 110 106 84 81 106 89 91 108 98 99 101 101 104 82 80 90 107 104 96 93 97 99 98 98 109 83 82 86 110 92 106 113 98 99 86 85 112 80 82 106 111 82 89 108 113 112 84 94 96 81 99 90 85 81 94 109 106 102 87 85 88 102 113 104 106 83 83 102 111 110 107 107 102 86 110 96 91 104 80 94 114 85 106 92 90 98 93 113 86 107 95 93 109 112 100 93 83 82 98 110 110 113 98 81 105 0
0 131 135 142 145 132 115 131 143 127 131 121 138 140 144 125 106 139 137 118 106 141 142 145 131 111 110 114 105 120 141 105 140 128 128 137 126 113 121 135 118 128 104 117 144 144 138 140 125 106 119 139 142 135 107 103 135 114 117 138 126 126 130 129 133 106 103 114 138 133 123 119 124 126 125 126 140 107 104 110 140 118 136 145 126 126 110 109 143 103 106 136 143 105 114 138 145 143 108 121 122 103 127 116 109 103 121 140 135 130 111 109 113 130 144 134 137 107 106 131 142 142 138 138 130 110 142 122 117 134 103 121 145 109 135 118 114 126 119 144 110 138 122 119 139 143 128 118 106 104 126 142 141 144 125 103 134 0
0 124 130 133 121 106 120 130 117 120 110 126 128 132 114 97 127 125 107 97 129 130 133 121 102 101 104 96 110 129 96 128 118 117 126 115 103 110 124 107 118 95 107 132 132 126 128 114 98 109 128 130 124 98 94 124 104 106 127 115 116 118 118 122 97 94 105 126 122 113 109 114 116 114 115 128 98 95 101 128 107 125 133 115 116 101 100 131 94 97 125 130 96 104 126 133 131 99 110 112 94 117 106 99 94 110 128 124 119 102 99 103 119 132 122 125 98 98 120 130 130 126 126 120 101 130 112 107 122 94 110 133 100 124 108 105 114 109 132 100 126 112 109 128 131 118 108 98 95 115 130 129 132 114 94 123 0
0 140 142 130 114 130 141 126 130 118 136 138 142 122 105 137 134 116 104 138 140 143 130 110 108 112 103 118 139 103 138 126 126 135 124 111 118 133 116 126 102 115 142 142 135 138 122 105 118 138 139 133 106 102 133 112 115 137 124 125 127 126 130 105 102 113 135 130 122 117 122 125 123 124 138 106 102 109 138 116 134 142 124 125 109 107 141 102 104 134 141 103 112 136 142 141 106 118 121 102 126 114 107 102 119 138 133 128 110 107 111 128 142 131 134 106 105 130 140 139 135 135 129 109 139 121 115 131 102 119 143 107 134 116 113 123 117 142 108 135 120 118 138 142 126 117 105 102 124 139 138 142 122 102 132 0
0 147 134 118 134 146 130 134 122 140 142 147 126 108 142 139 119 107 143 145 148 134 113 112 115 107 122 143 106 142 130 130 139 129 115 122 138 119 130 106 119 147 146 140 142 126 109 122 142 144 138 110 106 138 116 118 141 129 129 132 131 135 108 105 117 140 135 126 121 126 129 127 129 142 109 106 113 142 119 138 147 128 129 113 111 146 105 107 138 146 106 116 140 147 146 110 122 125 106 130 118 110 106 123 142 138 132 114 110 115 133 147 135 139 109 109 134 145 144 140 140 133 113 144 125 119 136 105 123 148 111 138 120 117 128 121 146 111 140 124 122 142 146 130 121 109 106 129 144 143 146 126 106 137 0
0 141 123 140 153 136 140 129 147 150 154 133 114 149 146 126 113 150 152 155 141 118 118 122 112 129 150 112 150 138 137 146 135 121 129 145 126 138 111 125 154 154 147 150 133 114 127 149 151 145 115 110 145 122 125 148 135 135 138 138 142 114 110 122 147 142 132 127 133 135 134 135 150 114 111 118 150 126 146 154 134 135 118 117 153 110 113 146 153 112 122 147 154 153 115 129 131 110 136 124 116 110 130 150 145 139 119 116 121 139 154 142 146 114 114 140 153 151 147 147 140 118 151 131 125 143 110 130 155 117 145 126 122 134 127 154 117 147 130 127 149 154 138 126 114 111 135 151 150 154 133 110 144 0
0 125 142 155 138 142 131 150 152 157 135 115 151 149 128 114 153 154 158 143 121 119 123 114 130 153 114 152 139 139 149 137 122 131 147 128 139 113 127 157 156 150 152 135 116 130 151 154 147 117 113 147 124 126 150 137 138 141 140 144 115 112 125 150 144 134 129 135 138 136 137 152 116 113 120 152 128 148 158 137 138 120 118 155 112 114 148 155 114 124 150 158 155 118 131 134 113 138 126 118 113 131 152 147 141 121 118 122 142 157 145 149 116 116 142 154 154 150 150 142 120 154 134 127 145 112 131 158 118 147 128 125 136 129 156 119 150 133 130 151 156 139 129 116 113 137 154 153 156 135 113 146 0
0 130 142 126 130 119 137 139 143 123 105 138 135 117 105 139 141 144 130 110 109 112 104 119 140 103 138 127 126 136 125 112 119 134 117 127 103 116 143 142 136 138 123 106 118 138 140 134 106 102 134 113 115 138 125 126 128 127 131 105 102 114 136 131 122 118 123 126 124 125 138 106 103 110 139 117 135 143 125 126 110 108 142 102 105 135 142 103 113 137 143 142 107 119 122 102 126 115 107 102 120 138 134 129 110 107 112 129 143 132 135 106 106 130 141 140 136 136 130 110 140 122 116 132 102 120 144 108 134 117 114 124 118 142 109 136 121 118 138 142 127 118 106 103 125 141 139 142 123 102 133 0
0 123 110 114 104 119 122 125 108 92 120 118 102 91 122 123 126 114 96 95 98 91 104 122 90 121 111 110 118 109 98 104 117 102 111 90 101 125 125 119 121 108 92 103 121 122 117 93 90 117 98 101 120 109 110 112 111 115 92 89 99 119 115 106 102 107 110 108 109 121 93 90 95 122 102 118 125 109 110 95 94 124 89 91 118 123 90 98 119 125 124 94 104 106 90 110 100 94 90 105 121 117 112 96 94 98 113 125 115 118 93 92 114 123 122 119 119 113 95 122 106 101 115 89 105 126 94 118 102 99 109 102 125 94 119 106 103 121 124 111 102 92 90 109 122 122 125 108 90 116 0
0 126 130 118 136 138 142 122 105 137 134 116 104 138 140 143 130 110 108 112 103 118 139 103 138 126 126 135 124 111 118 133 116 126 102 115 142 142 135 138 122 105 118 138 139 133 106 102 133 112 115 137 124 125 127 126 130 105 102 113 135 130 122 117 122 125 123 124 138 106 102 109 138 116 134 142 124 125 109 107 141 102 104 134 141 103 112 136 142 141 106 118 121 102 126 114 107 102 119 138 133 128 110 107 111 128 142 131 134 106 105 130 140 139 135 135 129 109 139 121 115 131 102 119 143 107 134 116 113 123 117 142 108 135 120 118 138 142 126 117 105 102 124 139 138 142 122 102 132 0
0 141 130 148 150 154 134 114 149 146 126 113 150 152 155 141 119 118 122 113 129 151 112 150 138 137 147 135 121 130 145 126 138 111 126 154 154 147 150 134 114 128 150 151 145 115 111 145 122 125 149 135 136 139 138 142 114 110 123 147 142 132 127 133 136 134 135 150 115 111 118 150 126 146 155 135 136 118 117 154 110 113 146 154 112 122 148 155 154 116 130 132 111 137 125 116 111 130 150 145 139 119 116 121 140 154 143 146 115 114 141 153 151 147 147 140 118 151 132 126 143 110 130 155 117 146 126 123 134 127 154 118 147 130 128 150 154 138 127 114 111 135 152 150 154 134 111 144 0
0 115 132 134 138 119 102 133 131 113 101 134 136 139 126 106 106 109 101 115 135 100 134 122 122 131 121 108 115 130 113 122 99 112 138 138 132 134 119 102 114 134 135 130 103 99 130 109 111 133 121 121 124 123 127 102 98 110 132 127 118 114 118 121 119 121 134 102 99 106 134 113 130 138 120 121 106 104 137 98 101 130 137 100 109 132 138 137 103 115 118 99 122 111 104 99 116 134 130 124 106 104 108 125 138 127 131 102 102 126 136 135 132 132 125 106 135 118 112 128 98 116 139 104 130 113 110 120 114 138 105 132 117 114 134 138 122 114 102 99 121 136 134 138 119 99 129 0
0 136 138 142 122 105 137 134 116 104 138 140 143 130 110 108 112 103 118 139 103 138 126 126 135 124 111 118 133 116 126 102 115 142 142 135 138 122 105 118 138 139 133 106 102 133 112 115 137 124 125 127 126 130 105 102 113 135 130 122 117 122 125 123 124 138 106 102 109 138 116 134 142 124 125 109 107 141 102 104 134 141 103 112 136 142 141 106 118 121 102 126 114 107 102 119 138 133 128 110 107 111 128 142 131 134 106 105 130 140 139 135 135 129 109 139 121 115 131 102 119 143 107 134 116 113 123 117 142 108 135 120 118 138 142 126 117 105 102 124 139 138 142 122 102 132 0
0 127 130 113 96 126 124 106 95 127 129 131 119 101 99 102 95 109 128 94 126 116 116 124 114 102 110 122 106 116 94 106 130 130 125 126 113 97 108 126 128 122 98 94 122 103 106 126 114 114 118 117 120 96 94 104 125 120 111 107 112 114 113 114 126 97 94 100 127 106 123 131 114 114 100 98 130 94 95 123 130 94 103 125 131 130 98 110 111 94 115 105 98 94 110 126 122 118 101 98 102 118 130 121 124 97 97 118 129 128 125 125 118 100 128 111 106 121 94 110 131 98 122 106 104 114 107 130 99 125 110 108 126 130 116 107 97 94 114 128 127 130 113 94 122 0
0 150 129 110 144 142 122 110 146 147 150 136 115 114 118 109 125 146 108 145 133 133 142 130 117 125 140 122 133 108 121 150 149 142 145 129 110 123 144 146 140 111 107 140 118 121 143 130 131 134 134 138 110 106 118 142 138 127 123 129 131 130 130 145 111 108 114 145 122 141 150 130 131 114 113 148 106 110 141 148 108 118 143 150 148 112 125 127 107 132 120 112 107 126 145 140 134 115 112 117 135 150 138 142 111 110 136 147 146 142 142 135 114 146 127 121 138 106 126 150 113 140 122 118 130 123 149 114 142 126 123 144 149 133 122 110 108 130 146 146 149 129 107 139 0
0 131 112 146 144 124 111 148 150 153 138 117 116 119 110 126 148 110 147 135 134 144 133 118 127 142 124 135 110 123 152 151 145 147 131 112 126 146 149 142 114 109 142 120 122 146 133 134 136 135 140 112 109 121 145 140 130 125 130 134 131 133 147 113 110 116 148 124 143 152 133 134 116 114 150 109 111 143 150 110 120 145 152 150 114 127 130 109 134 122 114 109 127 147 142 137 118 114 118 138 152 140 144 113 112 138 150 149 145 145 138 116 149 130 123 141 109 127 153 114 142 124 121 132 125 151 115 145 128 126 146 151 135 125 112 110 133 149 148 151 131 109 142 0
0 115 150 148 127 114 152 154 157 142 120 119 123 114 130 153 114 151 139 138 149 137 122 130 146 127 139 113 127 157 156 149 151 135 115 130 151 153 146 117 112 146 123 126 150 137 138 140 139 144 115 112 124 149 144 134 129 134 138 135 137 151 116 113 120 152 127 148 157 136 138 120 118 155 112 114 148 154 114 123 150 157 155 117 130 133 112 138 126 118 112 131 151 146 141 121 118 122 142 157 144 148 116 115 142 154 153 149 149 142 120 153 133 127 145 112 131 157 118 147 128 124 136 129 156 118 149 132 130 151 155 139 128 115 113 137 154 152 156 135 112 146 0
0 130 128 110 98 131 133 136 123 104 103 106 98 112 132 98 130 120 119 128 118 106 113 126 110 120 98 110 135 134 129 130 117 99 111 130 132 126 101 97 126 106 109 130 118 118 121 120 124 99 96 107 129 124 115 111 116 118 117 118 130 100 98 103 131 110 127 135 118 118 103 102 134 96 98 127 134 98 106 129 135 134 101 113 114 97 119 109 102 97 113 130 126 122 104 102 106 122 135 125 128 100 99 122 133 132 129 129 122 103 132 114 110 125 96 113 136 102 126 110 107 117 111 134 102 129 114 111 130 134 120 110 99 98 118 133 131 134 117 97 126 0
0 109 94 84 112 113 115 105 88 87 90 83 96 112 83 111 102 102 109 101 90 96 108 94 102 82 93 115 114 110 111 99 85 95 111 113 108 86 82 108 90 93 110 101 101 103 102 106 85 82 91 110 106 98 94 98 101 99 101 111 85 82 88 112 94 109 115 100 101 88 86 114 82 84 109 114 83 90 110 115 114 86 96 98 82 102 93 86 82 96 111 108 103 89 86 90 104 115 106 109 85 85 105 114 113 110 110 104 88 113 98 93 106 82 96 115 86 108 94 91 100 94 114 87 110 97 95 111 114 102 94 85 82 101 113 112 114 99 82 107 0
0 122 110 146 148 151 138 116 115 118 110 126 147 109 146 134 134 143 132 118 126 141 122 134 109 122 150 150 143 146 130 111 125 146 147 141 112 108 141 119 122 145 132 132 135 134 138 110 107 120 143 138 129 124 130 132 130 132 146 112 109 115 146 122 142 151 131 132 115 114 150 107 110 142 149 109 119 144 151 150 113 126 128 108 133 122 114 108 126 146 141 136 116 114 118 136 150 139 142 112 111 137 149 147 143 143 137 115 147 128 122 139 107 126 151 114 142 123 120 131 124 150 114 143 127 125 146 150 134 123 111 109 132 148 146 150 130 108 140 0
0 108 144 146 149 135 114 113 116 108 123 145 107 143 132 131 141 130 116 124 138 121 132 106 120 148 148 141 143 128 110 122 143 145 138 110 106 138 117 120 142 130 130 133 132 136 109 106 118 141 136 126 122 127 130 128 130 143 110 106 114 144 121 140 149 129 130 114 112 147 106 108 140 146 107 117 142 149 147 111 124 126 106 131 119 111 106 124 143 138 134 114 111 116 134 148 137 141 110 110 134 146 145 141 141 134 114 145 126 120 137 106 124 149 112 139 121 118 129 122 148 113 141 125 122 143 147 132 122 110 106 130 146 144 148 128 106 138 0
0 124 126 128 116 98 97 100 93 106 124 92 123 113 113 121 111 99 106 119 104 113 92 103 127 127 122 123 110 94 105 123 125 119 95 91 119 100 102 122 111 112 114 114 117 94 91 101 122 117 109 105 110 112 110 111 123 94 92 98 124 104 120 128 111 112 98 96 126 91 93 120 126 92 100 122 128 126 95 106 108 91 113 102 96 91 106 123 119 114 98 96 99 115 127 118 121 94 94 116 126 125 122 122 115 98 125 108 103 118 91 106 128 96 119 104 101 110 105 127 97 122 107 105 123 126 113 104 94 92 111 125 124 127 110 91 118 0
0 113 115 104 88 87 90 83 95 112 82 110 102 102 109 100 90 95 107 93 102 82 93 114 114 109 110 98 84 94 110 112 107 85 82 107 90 92 110 100 100 102 102 106 84 82 91 109 106 98 94 98 100 99 100 110 85 82 87 111 93 108 114 100 100 87 86 114 82 84 108 113 82 90 110 114 114 86 95 98 82 101 92 86 82 96 110 107 103 88 86 90 103 114 106 108 85 84 104 113 112 109 109 104 87 112 98 93 106 82 96 115 86 107 94 91 99 94 114 86 109 97 94 110 114 102 94 84 82 100 112 111 114 98 82 106 0
0 153 139 117 116 120 111 127 149 110 147 135 135 145 134 119 127 142 124 135 110 123 152 152 145 147 131 113 126 147 149 142 114 110 142 120 123 146 134 134 137 136 140 112 109 121 145 140 130 126 131 134 132 134 147 113 110 117 148 124 144 153 133 134 117 115 151 109 111 144 150 110 120 146 153 151 114 127 130 110 134 122 114 110 128 147 142 137 118 114 119 138 152 141 144 113 113 138 150 149 145 145 138 117 149 130 123 141 109 128 153 115 143 125 121 132 126 152 115 145 129 126 147 151 135 125 113 110 134 150 149 152 131 110 142 0
0 140 118 118 121 112 128 150 111 149 137 137 146 134 120 129 144 126 137 111 125 154 154 146 149 133 114 127 149 150 144 114 110 144 122 124 148 134 135 138 138 142 113 110 122 146 142 131 126 132 135 134 134 149 114 111 118 150 126 146 154 134 135 118 116 153 110 113 146 152 111 122 147 154 153 115 129 131 110 136 124 116 110 129 149 144 138 119 116 120 139 154 142 146 114 114 140 152 150 146 146 139 118 150 131 125 142 110 129 154 116 145 126 122 134 126 154 117 146 130 127 149 153 137 126 114 111 134 151 150 154 133 110 143 0
0 121 120 123 114 131 154 114 152 140 139 150 138 123 131 147 128 140 114 127 157 157 150 152 136 116 130 152 154 147 117 113 147 124 127 151 138 138 141 140 145 115 112 125 150 145 134 130 135 138 136 138 152 117 114 120 153 128 149 158 137 138 120 118 156 112 115 149 155 114 124 150 158 156 118 131 134 113 139 126 118 113 132 152 147 142 122 118 123 142 157 145 149 117 116 143 155 154 150 150 142 120 154 134 127 146 112 132 158 118 148 129 125 137 130 157 119 150 133 130 152 156 140 129 116 114 138 154 153 157 136 113 146 0
0 109 112 104 118 139 103 138 126 126 135 125 111 119 134 116 126 102 116 142 142 136 138 123 106 118 138 140 134 106 102 134 113 115 137 125 125 128 127 131 105 102 114 136 131 122 118 122 125 123 125 138 106 102 109 138 116 134 143 124 125 109 108 142 102 104 134 141 103 113 136 143 142 106 119 122 102 126 114 107 102 119 138 134 128 110 107 111 129 142 131 135 106 106 130 141 140 136 136 129 109 140 122 116 132 102 119 143 108 134 117 114 124 118 142 108 136 121 118 138 142 126 117 106 102 125 140 139 142 123 102 133 0
0 94 87 100 118 87 117 107 106 114 105 94 101 113 98 107 86 98 120 120 114 117 104 89 99 116 118 113 90 86 113 94 97 115 105 106 108 107 110 88 86 95 114 110 102 99 103 106 104 105 117 89 86 92 117 98 114 121 105 106 92 90 119 86 88 114 119 87 94 115 121 119 90 101 102 86 106 97 90 86 101 117 113 108 93 90 94 109 120 111 114 89 89 110 118 118 114 114 109 92 118 102 98 111 86 101 121 90 113 98 95 105 99 120 91 114 102 99 116 120 107 98 89 86 105 118 117 120 104 86 112 0
0 86 99 117 86 115 106 106 114 104 93 99 112 97 106 86 97 119 119 114 115 103 88 98 115 117 112 89 86 112 94 96 114 104 105 107 106 110 87 85 94 114 110 102 98 102 105 103 104 115 88 86 91 116 97 113 119 104 105 91 90 118 85 87 113 118 86 94 114 119 118 89 99 102 86 106 96 90 86 100 115 112 107 92 90 93 108 119 110 113 88 88 108 118 117 114 114 108 91 117 102 97 110 85 100 120 90 112 98 94 103 98 119 90 114 101 98 115 118 106 98 88 86 104 117 116 119 103 86 111 0
0 102 120 89 119 109 109 117 107 96 102 115 100 109 89 99 123 122 117 119 106 90 102 118 120 115 91 88 115 97 99 118 107 108 110 110 113 90 88 98 117 113 105 101 106 108 106 107 119 91 89 94 119 100 116 123 107 108 94 93 122 88 90 116 122 89 97 118 123 122 92 102 105 88 109 98 92 88 103 119 115 110 94 92 96 111 123 114 116 91 90 112 122 120 117 117 111 94 120 105 99 114 88 103 123 93 115 100 98 106 101 122 93 117 104 102 118 122 109 101 90 89 107 121 120 122 106 88 114 0
0 111 82 110 101 101 108 99 89 95 106 93 101 82 92 114 114 109 110 98 84 94 110 111 106 85 82 106 90 92 110 99 100 102 102 105 83 81 90 109 105 97 94 98 100 98 99 110 84 82 87 110 93 107 114 99 100 87 86 113 81 83 107 113 82 90 109 114 113 85 95 97 82 101 91 86 82 95 110 106 102 88 86 89 102 114 105 108 84 84 103 112 111 109 109 103 87 111 97 92 106 81 95 114 86 107 93 90 99 94 114 86 109 96 94 110 114 101 94 84 82 99 112 111 114 98 82 106 0
0 94 126 116 115 124 114 102 109 122 106 116 94 106 130 130 124 126 112 96 107 126 127 122 97 94 122 102 105 125 114 114 117 116 120 96 93 103 124 120 111 107 112 114 113 114 126 97 94 100 126 106 123 130 114 114 100 98 130 93 95 123 129 94 102 125 130 130 98 109 110 94 115 105 98 94 109 126 122 118 101 98 102 118 130 120 123 97 96 118 129 127 124 124 118 100 127 110 106 121 93 109 131 98 122 106 103 113 107 130 98 124 110 107 126 130 116 106 96 94 114 128 127 130 112 94 122 0
0 148 136 135 145 134 119 128 143 124 136 110 124 153 152 146 148 132 113 126 147 150 143 114 110 143 121 123 146 134 134 137 136 141 112 109 122 146 141 130 126 131 134 132 134 148 114 110 117 148 124 144 153 133 134 117 115 151 109 112 144 151 110 121 146 153 151 114 128 130 110 135 123 115 110 128 148 143 138 118 115 119 138 153 141 145 114 113 139 150 150 146 146 138 117 150 130 124 142 109 128 154 115 143 125 122 133 126 152 116 146 129 126 147 152 136 126 113 110 134 150 149 152 132 110 142 0
0 101 100 108 99 89 94 106 92 101 82 92 114 113 108 110 98 83 94 110 111 106 84 81 106 90 91 109 99 99 102 101 104 83 81 90 108 104 97 94 98 99 98 99 110 84 82 86 110 92 107 114 98 99 86 86 112 81 82 107 112 82 90 108 114 112 85 94 96 81 100 91 85 81 95 110 106 102 87 85 89 102 114 105 107 84 83 103 112 111 108 108 102 86 111 96 92 105 81 95 114 86 106 93 90 98 94 113 86 108 96 94 110 113 101 93 83 82 99 111 110 113 98 81 106 0
0 134 144 133 118 126 142 123 134 109 123 151 151 144 147 130 112 126 146 148 142 113 109 142 119 122 146 133 133 136 135 139 111 108 121 144 139 130 125 130 133 131 133 147 112 109 116 147 123 143 152 132 133 116 114 150 108 110 143 150 110 119 145 152 150 114 126 129 109 134 122 114 109 127 147 142 137 117 114 118 137 151 140 143 112 112 138 150 148 144 144 138 116 148 129 123 140 108 127 152 114 142 124 121 132 125 151 115 144 128 126 146 150 134 124 112 109 133 149 147 151 130 109 141 0
0 132 122 109 116 130 113 124 100 113 139 138 133 134 120 102 115 134 136 130 103 100 130 110 112 134 122 122 125 124 128 102 99 110 133 128 118 114 119 122 120 122 134 103 100 106 135 113 131 139 121 122 106 105 138 99 102 131 138 101 110 133 139 138 104 116 118 100 122 112 105 100 117 134 130 125 107 105 109 126 139 128 132 103 102 126 138 136 133 133 126 106 136 118 113 129 99 117 140 105 130 114 110 121 114 138 106 133 118 115 134 138 124 114 102 100 122 137 135 138 120 100 130 0
0 121 108 116 130 113 123 100 112 138 138 132 134 119 102 114 134 136 130 103 99 130 110 112 133 121 122 124 123 127 102 99 110 132 127 118 114 119 122 120 121 134 102 100 106 134 113 131 139 121 122 106 105 138 99 102 131 137 100 110 133 139 138 104 116 118 99 122 111 104 99 116 134 130 125 107 104 108 125 138 128 131 102 102 126 137 136 132 132 126 106 136 118 112 128 99 116 139 105 130 114 110 120 114 138 105 132 117 114 134 138 123 114 102 100 121 136 135 138 119 99 129 0
0 116 124 139 121 132 107 121 149 148 142 144 128 110 123 143 146 139 110 106 139 117 120 142 130 130 134 133 137 109 106 118 142 137 127 122 128 130 129 130 144 110 107 114 144 121 140 149 130 130 114 112 147 106 109 140 147 108 117 142 149 147 111 124 126 106 131 119 112 106 125 144 139 134 114 112 116 134 149 137 141 110 110 135 146 146 142 142 134 114 146 126 121 138 106 125 150 112 139 122 118 129 122 148 113 142 126 123 143 148 132 122 110 107 130 146 145 148 128 106 138 0
0 114 128 111 122 98 111 137 137 130 133 118 101 113 132 134 128 102 98 128 108 110 131 120 120 122 122 126 101 98 109 130 126 117 113 118 120 118 120 133 102 98 105 133 111 130 137 119 120 105 103 136 98 100 130 135 99 108 130 137 136 102 114 116 98 121 110 103 98 114 133 128 123 106 103 107 123 137 126 130 102 101 124 135 134 130 130 124 105 134 116 111 126 98 114 138 103 129 112 109 118 113 137 104 130 115 113 132 136 122 112 101 98 120 134 134 137 118 98 127 0
0 114 99 109 88 99 122 122 117 118 106 90 101 118 120 114 91 88 114 96 98 118 107 107 110 109 113 90 87 97 117 113 104 101 105 107 106 107 118 90 88 94 118 99 115 122 106 107 94 92 122 87 90 115 121 89 96 117 122 122 91 102 104 88 108 98 92 88 102 118 114 110 94 92 96 110 122 113 116 90 90 111 121 120 117 117 110 94 120 104 99 113 87 102 123 92 115 100 97 106 101 122 93 117 103 101 118 122 109 100 90 88 107 120 119 122 106 88 114 0
0 106 116 94 106 130 130 125 126 113 97 108 126 128 122 98 94 122 103 106 126 114 114 118 117 120 96 94 104 125 120 111 107 112 114 113 114 126 97 94 100 127 106 123 131 114 114 100 98 130 94 95 123 130 94 103 125 131 130 98 110 111 94 115 105 98 94 110 126 122 118 101 98 102 118 130 121 124 97 97 118 129 128 125 125 118 100 128 111 106 121 94 110 131 98 122 106 104 114 107 130 99 125 110 108 126 130 116 107 97 94 114 128 127 130 113 94 122 0
0 130 106 118 146 146 139 142 126 108 121 142 143 138 109 105 138 115 118 141 128 129 131 130 134 108 105 117 139 134 125 121 126 129 127 128 142 109 106 112 142 119 138 147 128 129 112 110 146 105 107 138 145 106 115 140 147 146 110 122 125 105 130 118 110 105 123 142 138 132 113 110 114 132 146 135 138 109 108 133 145 143 139 139 133 112 143 125 118 135 105 123 147 110 138 120 117 127 121 146 111 139 124 121 142 146 130 120 108 106 128 144 142 146 126 105 136 0
0 92 103 127 127 122 123 110 94 105 123 125 119 95 91 119 100 102 122 111 112 114 114 117 94 91 101 122 117 109 105 110 112 110 111 123 94 92 98 124 104 120 128 111 112 98 96 126 91 93 120 126 92 100 122 128 126 95 106 108 91 113 102 96 91 106 123 119 114 98 96 99 115 127 118 121 94 94 116 126 125 122 122 115 98 125 108 103 118 91 106 128 96 119 104 101 110 105 127 97 122 107 105 123 126 113 104 94 92 111 125 124 127 110 91 118 0
0 113 139 138 133 134 120 102 115 134 136 130 103 100 130 110 112 134 122 122 125 124 128 102 99 110 133 128 118 114 119 122 120 122 134 103 100 106 135 113 131 139 121 122 106 105 138 99 102 131 138 101 110 133 139 138 104 116 118 100 122 112 105 100 117 134 130 125 107 105 109 126 139 128 132 103 102 126 138 136 133 133 126 106 136 118 113 129 99 117 140 105 130 114 110 121 114 138 106 133 118 115 134 138 124 114 102 100 122 137 135 138 120 100 130 0
0 113 113 107 109 98 83 93 109 110 106 84 81 106 89 91 108 98 99 101 101 104 82 80 90 107 104 96 93 97 99 98 98 109 83 82 86 110 92 106 113 98 99 86 85 112 80 82 106 111 82 89 108 113 112 84 94 96 81 99 90 85 81 94 109 106 102 87 85 88 102 113 104 106 83 83 102 111 110 107 107 102 86 110 96 91 104 80 94 114 85 106 92 90 98 93 113 86 107 95 93 109 112 100 93 83 82 98 110 110 113 98 81 105 0
0 126 121 123 110 94 105 122 124 118 94 91 118 100 102 122 111 111 114 113 117 93 90 101 121 117 108 104 109 111 110 111 123 94 91 97 123 103 120 127 110 111 97 96 126 90 93 120 126 92 100 121 127 126 95 106 108 91 112 102 95 91 106 123 118 114 98 95 99 114 127 117 120 94 94 115 125 124 121 121 115 97 124 108 103 118 90 106 127 96 119 103 101 110 104 126 96 121 107 105 122 126 113 104 94 91 111 125 123 126 110 91 118 0
0 149 151 135 115 130 151 153 146 117 112 146 123 126 150 137 138 140 139 144 115 112 124 149 144 134 129 134 138 135 137 151 116 113 120 152 127 148 157 136 138 120 118 155 112 114 148 154 114 123 150 157 155 117 130 133 112 138 126 118 112 131 151 146 141 121 118 122 142 157 144 148 116 115 142 154 153 149 149 142 120 153 133 127 145 112 131 157 118 147 128 124 136 129 156 118 149 132 130 151 155 139 128 115 113 137 154 152 156 135 112 146 0
0 151 134 115 129 150 153 146 116 112 146 123 126 150 137 137 140 139 143 114 111 124 149 143 133 129 134 137 135 137 151 116 113 119 151 127 147 156 136 137 119 118 154 111 114 147 154 113 123 149 156 154 117 130 133 112 138 126 118 112 131 151 146 141 121 118 122 141 156 144 148 116 115 142 154 153 149 149 142 119 153 133 126 144 111 131 157 118 146 127 124 135 129 156 118 149 132 129 150 155 138 128 115 113 137 153 152 156 134 112 146 0
0 129 110 123 144 146 139 111 107 139 118 120 143 130 130 134 133 137 110 106 118 142 137 127 122 128 130 129 130 144 110 107 114 145 122 141 150 130 130 114 113 148 106 109 141 147 108 118 142 150 148 111 125 126 107 132 120 112 107 125 144 139 134 115 112 117 134 149 138 141 110 110 135 147 146 142 142 135 114 146 126 121 138 106 125 150 113 140 122 118 130 122 149 113 142 126 123 144 148 133 122 110 107 130 146 145 149 129 107 138 0
0 112 126 146 148 142 113 109 142 119 122 146 133 133 136 135 139 111 108 121 144 139 130 125 130 133 131 133 147 112 109 116 147 123 143 152 132 133 116 114 150 108 110 143 150 110 119 145 152 150 114 126 129 109 134 122 114 109 127 147 142 137 117 114 118 137 151 140 143 112 112 138 150 148 144 144 138 116 148 129 123 140 108 127 152 114 142 124 121 132 125 151 115 144 128 126 146 150 134 124 112 109 133 149 147 151 130 109 141 0
0 111 130 132 126 101 97 126 106 109 130 118 118 121 120 124 99 96 107 129 124 115 111 116 118 117 118 130 100 98 103 131 110 127 135 118 118 103 102 134 96 98 127 134 98 106 129 135 134 101 113 114 97 119 109 102 97 113 130 126 122 104 102 106 122 135 125 128 100 99 122 133 132 129 129 122 103 132 114 110 125 96 113 136 102 126 110 107 117 111 134 102 129 114 111 130 134 120 110 99 98 118 133 131 134 117 97 126 0
0 111 113 108 86 82 108 91 94 111 101 102 104 103 106 85 82 92 110 106 98 95 99 102 100 101 112 86 83 88 112 94 109 116 101 102 88 87 114 82 84 109 114 83 91 110 116 114 86 97 98 82 102 93 86 82 97 112 108 104 89 86 90 104 115 106 110 86 86 105 114 113 110 110 105 88 113 98 94 107 82 97 116 87 109 94 92 100 95 115 87 110 98 95 111 115 102 94 86 83 101 114 113 115 99 82 107 0
0 126 121 96 93 121 102 104 124 113 114 116 115 119 95 92 102 123 119 110 106 111 114 112 113 126 96 93 99 126 105 122 130 113 114 99 98 128 92 94 122 128 94 102 123 130 128 97 108 110 93 114 104 97 93 108 126 121 116 100 97 101 117 130 119 122 96 95 118 127 126 123 123 117 99 126 110 105 120 92 108 130 98 122 106 102 112 106 129 98 123 109 107 125 129 115 106 95 93 113 127 126 129 111 93 120 0
0 142 113 108 142 119 122 145 132 133 136 134 139 111 108 120 144 139 129 125 130 133 131 132 146 112 109 116 146 123 142 151 132 133 116 114 150 108 110 142 150 110 119 144 151 150 113 126 129 108 134 122 114 108 126 146 142 136 117 114 118 137 151 139 143 112 111 138 149 148 144 144 137 116 148 129 122 140 108 126 152 114 142 123 120 131 125 150 114 144 128 125 146 150 134 124 111 109 132 148 147 150 130 108 141 0
0 114 110 143 121 124 147 134 134 138 137 141 113 110 122 146 141 130 126 132 134 133 134 148 114 110 118 149 125 145 154 134 134 118 116 152 110 112 145 151 111 121 146 154 152 114 128 130 110 135 123 115 110 129 148 143 138 118 115 120 138 153 142 145 114 113 139 151 150 146 146 138 118 150 130 124 142 110 129 154 116 144 125 122 133 126 153 116 146 130 126 148 152 136 126 113 110 134 150 149 153 132 110 142 0
0 105 138 115 118 141 128 129 131 130 134 108 105 117 139 134 125 121 126 129 127 128 142 109 106 112 142 119 138 147 128 129 112 110 146 105 107 138 145 106 115 140 147 146 110 122 125 105 130 118 110 105 123 142 138 132 113 110 114 132 146 135 138 109 108 133 145 143 139 139 133 112 143 125 118 135 105 123 147 110 138 120 117 127 121 146 111 139 124 121 142 146 130 120 108 106 128 144 142 146 126 105 136 0
0 109 92 94 112 102 102 105 104 107 86 83 93 111 107 99 96 100 102 101 102 113 86 84 89 114 95 110 117 102 102 89 88 116 83 85 110 115 84 92 111 117 116 87 98 99 83 103 94 87 83 98 113 109 105 90 87 91 106 117 107 110 86 86 106 115 114 111 111 106 89 114 99 94 108 83 98 117 88 110 95 93 102 96 116 88 111 98 96 113 116 103 95 86 84 102 114 114 116 101 83 109 0
0 89 90 108 98 98 101 100 103 82 80 89 107 103 96 92 97 98 97 98 109 83 81 86 109 91 106 113 98 98 86 85 111 80 82 106 111 81 89 107 113 111 84 94 95 81 99 90 84 81 94 109 105 101 86 84 88 102 112 103 106 83 82 102 110 110 107 107 102 86 110 95 91 104 80 94 113 85 106 92 89 98 92 112 85 107 94 93 108 111 100 92 82 81 98 110 110 112 97 81 105 0
0 118 141 128 129 131 130 134 108 105 117 139 134 125 121 126 129 127 128 142 109 106 112 142 119 138 147 128 129 112 110 146 105 107 138 145 106 115 140 147 146 110 122 125 105 130 118 110 105 123 142 138 132 113 110 114 132 146 135 138 109 108 133 145 143 139 139 133 112 143 125 118 135 105 123 147 110 138 120 117 127 121 146 111 139 124 121 142 146 130 120 108 106 128 144 142 146 126 105 136 0
0 118 108 108 110 110 114 90 88 98 118 114 106 102 106 108 106 108 119 91 89 94 120 100 117 124 107 108 94 93 122 88 90 117 122 90 98 118 124 122 92 103 105 89 109 99 93 89 103 119 115 111 95 93 96 111 123 114 117 91 91 112 122 121 118 118 112 94 121 105 100 114 88 103 124 93 116 101 98 107 102 123 94 118 104 102 119 122 110 101 91 89 108 121 120 123 106 89 115 0
0 110 111 114 113 116 93 90 100 120 116 108 104 109 111 110 110 122 94 91 97 122 102 119 126 110 111 97 95 126 90 92 119 125 91 99 121 126 126 94 106 107 90 111 102 95 90 106 122 118 114 98 95 98 114 126 117 120 94 94 115 125 124 120 120 114 97 124 107 102 117 90 106 127 95 118 103 100 110 104 126 96 120 106 104 122 126 112 103 94 91 110 124 123 126 109 90 118 0
0 132 135 134 138 110 107 119 143 138 128 124 130 132 130 131 146 111 108 115 146 122 142 150 131 132 115 114 149 107 110 142 149 109 118 143 150 149 113 126 128 108 133 121 113 108 126 146 141 135 116 113 118 136 150 138 142 111 111 137 148 147 143 143 136 115 147 128 122 139 107 126 151 114 141 122 119 130 124 150 114 143 127 124 145 150 134 123 111 108 131 147 146 150 130 108 140 0
0 122 122 126 101 98 109 130 126 117 113 118 120 118 120 133 102 98 105 133 111 130 137 119 120 105 103 136 98 100 130 135 99 108 130 137 136 102 114 116 98 121 110 103 98 114 133 128 123 106 103 107 123 137 126 130 102 101 124 135 134 130 130 124 105 134 116 111 126 98 114 138 103 129 112 109 118 113 137 104 130 115 113 132 136 122 112 101 98 120 134 134 137 118 98 127 0
0 122 126 101 98 109 130 126 117 113 118 121 118 120 133 102 99 105 134 112 130 138 119 121 105 104 136 98 100 130 136 99 108 131 138 136 102 114 117 98 121 110 103 98 115 133 129 123 106 103 107 124 138 126 130 102 102 125 135 134 130 130 124 105 134 117 111 127 98 115 138 104 129 112 109 119 113 137 104 130 116 114 133 137 122 113 102 99 120 134 134 137 118 98 128 0
0 129 103 100 111 134 129 120 115 121 123 122 122 136 104 101 107 136 114 133 141 122 123 107 106 139 100 102 133 139 102 110 134 141 139 105 118 119 101 124 113 106 101 118 136 131 126 108 106 110 126 140 130 133 104 104 127 138 138 134 134 127 107 138 119 114 130 100 118 141 106 132 114 111 122 115 140 106 134 118 116 136 140 125 115 104 101 122 138 137 140 121 101 130 0
0 102 99 111 133 128 119 115 120 122 121 122 135 103 101 106 135 114 132 140 122 122 106 106 138 99 102 132 138 101 110 134 140 138 104 117 118 100 123 112 105 100 117 135 130 126 108 105 109 126 139 129 132 103 103 126 138 137 133 133 126 106 137 118 113 129 99 117 140 106 131 114 111 121 115 139 106 133 118 115 134 138 124 114 103 101 122 137 136 139 120 100 130 0
0 102 114 137 133 123 118 124 126 125 126 139 106 104 110 140 117 136 144 126 126 110 109 142 102 106 136 142 104 114 138 144 142 108 120 122 103 127 116 108 103 121 139 134 130 111 108 113 130 144 133 136 106 106 130 142 141 137 137 130 110 141 122 117 133 102 121 145 109 135 118 114 125 118 143 109 137 122 119 139 143 128 118 106 104 126 142 140 143 124 103 134 0
0 91 110 106 98 94 98 101 99 101 111 85 82 88 112 94 109 115 100 101 88 86 114 82 84 109 114 83 90 110 115 114 86 96 98 82 102 93 86 82 96 111 108 103 89 86 90 104 115 106 109 85 85 105 114 113 110 110 104 88 113 98 93 106 82 96 115 86 108 94 91 100 94 114 87 110 97 95 111 114 102 94 85 82 101 113 112 114 99 82 107 0
0 106 102 95 92 96 98 97 98 108 82 80 86 109 91 106 112 98 98 86 84 110 80 82 106 110 81 88 106 112 110 83 94 95 80 98 90 84 80 94 108 105 101 86 84 87 101 112 103 106 82 82 102 110 110 106 106 101 86 110 95 90 103 80 94 112 84 105 91 89 97 92 111 85 106 94 92 108 111 99 91 82 80 98 110 109 111 96 80 104 0
0 114 106 102 107 109 108 109 121 92 90 95 121 101 118 125 108 109 95 94 123 89 91 118 123 90 98 118 125 123 93 104 106 89 110 100 94 89 104 121 117 112 96 94 97 112 124 114 118 92 92 113 122 122 118 118 113 95 122 106 101 115 89 104 125 94 117 102 99 108 102 124 94 118 105 102 120 124 110 102 92 90 109 122 121 124 107 89 116 0
0 127 122 128 130 129 130 144 110 107 114 145 122 141 150 130 130 114 113 148 106 109 141 147 108 118 142 150 148 111 125 126 107 132 120 112 107 125 144 139 134 115 112 117 134 149 138 141 110 110 135 147 146 142 142 135 114 146 126 121 138 106 125 150 113 140 122 118 130 122 149 113 142 126 123 144 148 133 122 110 107 130 146 145 149 129 107 138 0
0 118 124 126 125 126 139 106 104 110 140 117 136 144 126 126 110 109 142 102 106 136 142 104 114 138 144 142 108 120 122 103 127 116 108 103 121 139 134 130 111 108 113 130 144 133 136 106 106 130 142 141 137 137 130 110 141 122 117 133 102 121 145 109 135 118 114 125 118 143 109 137 122 119 139 143 128 118 106 104 126 142 140 143 124 103 134 0
0 114 117 115 117 130 99 96 102 130 109 126 134 116 117 102 101 133 95 98 126 132 97 106 127 134 133 100 111 114 96 118 107 100 96 112 130 125 120 103 100 104 121 134 123 126 99 98 122 132 130 127 127 121 102 130 114 108 123 95 112 134 101 126 109 106 116 110 133 102 127 113 110 129 133 118 110 98 96 117 131 130 133 115 96 124 0
0 113 111 113 125 95 93 98 125 105 122 129 112 113 98 98 128 92 94 122 127 94 102 123 129 128 96 107 110 92 114 103 97 92 108 125 121 116 99 97 101 116 129 119 122 95 95 117 127 126 122 122 117 98 126 110 104 119 92 108 130 98 121 105 102 112 106 129 98 122 109 106 125 128 114 106 95 93 113 126 126 129 111 92 120 0
0 116 118 130 100 97 103 130 110 127 135 117 118 103 102 134 96 98 127 133 98 106 129 135 134 101 112 114 97 118 108 101 97 113 130 126 121 104 101 105 122 134 124 127 100 99 122 133 132 128 128 122 103 132 114 109 125 96 113 135 102 126 110 107 117 110 134 102 128 114 111 130 134 119 110 99 97 118 132 131 134 116 97 126 0
0 120 133 102 99 105 134 112 130 138 119 121 105 104 136 98 100 130 136 99 108 131 138 136 102 114 117 98 121 110 103 98 115 133 129 123 106 103 107 124 138 126 130 102 102 125 135 134 130 130 124 105 134 117 111 127 98 115 138 104 129 112 109 119 113 137 104 130 116 114 133 137 122 113 102 99 120 134 134 137 118 98 128 0
0 131 101 98 104 131 110 128 136 118 118 104 102 134 97 99 128 134 98 106 130 136 134 102 113 115 97 119 109 102 97 114 131 127 122 105 102 106 122 135 125 128 101 100 123 134 133 129 129 122 104 133 115 110 126 97 114 136 102 127 110 108 118 111 135 102 129 114 112 131 134 120 111 100 98 118 133 132 135 117 97 126 0
0 102 98 105 133 111 130 137 119 120 105 103 136 98 100 130 135 99 108 130 137 136 102 114 116 98 121 110 103 98 114 133 128 123 106 103 107 123 137 126 130 102 101 124 135 134 130 130 124 105 134 116 111 126 98 114 138 103 129 112 109 118 113 137 104 130 115 113 132 136 122 112 101 98 120 134 134 137 118 98 127 0
0 109 116 147 123 143 152 132 133 116 114 150 108 110 143 150 110 119 145 152 150 114 126 129 109 134 122 114 109 127 147 142 137 117 114 118 137 151 140 143 112 112 138 150 148 144 144 138 116 148 129 123 140 108 127 152 114 142 124 121 132 125 151 115 144 128 126 146 150 134 124 112 109 133 149 147 151 130 109 141 0
0 89 113 94 110 116 101 102 89 87 115 82 85 110 115 84 91 111 116 115 86 97 98 83 102 94 87 83 98 112 109 105 90 87 90 105 116 107 110 86 86 106 114 114 110 110 105 89 114 98 94 107 82 98 117 87 109 94 92 101 95 116 88 110 98 96 112 115 103 95 86 83 102 114 113 116 100 83 108 0
0 110 92 106 113 98 99 86 85 112 80 82 106 111 82 89 108 113 112 84 94 96 81 99 90 85 81 94 109 106 102 87 85 88 102 113 104 106 83 83 102 111 110 107 107 102 86 110 96 91 104 80 94 114 85 106 92 90 98 93 113 86 107 95 93 109 112 100 93 83 82 98 110 110 113 98 81 105 0
0 98 113 120 104 105 92 90 118 86 87 113 118 86 94 114 120 118 90 100 102 86 106 96 90 86 100 116 112 108 92 90 94 108 120 110 114 89 88 109 118 118 114 114 109 92 118 102 97 110 86 100 120 90 113 98 95 104 98 119 90 114 101 99 116 119 106 98 88 86 105 118 117 119 103 86 111 0
0 143 152 133 134 116 114 150 109 111 143 150 110 120 145 152 150 114 127 130 109 134 122 114 109 127 147 142 137 118 114 118 138 152 140 144 113 112 138 150 149 145 145 138 116 149 130 123 141 109 127 153 114 142 124 121 132 125 151 115 145 128 126 146 151 135 125 112 110 133 149 148 151 131 109 142 0
0 128 111 112 98 96 126 91 93 120 126 92 100 122 128 126 95 106 108 91 113 102 96 91 106 123 119 114 98 96 99 115 127 118 121 94 94 116 126 125 122 122 115 98 125 108 103 118 91 106 128 96 119 104 101 110 105 127 97 122 107 105 123 126 113 104 94 92 111 125 124 127 110 91 118 0
0 129 130 113 112 146 106 108 140 146 107 117 141 148 146 110 123 126 106 130 119 111 106 124 143 138 133 114 111 115 134 148 136 140 110 109 134 146 145 141 141 134 113 145 126 120 137 106 124 149 112 138 121 118 128 122 147 112 141 125 122 142 147 131 121 109 106 130 145 144 147 127 106 138 0
0 138 120 118 155 112 114 148 155 114 124 150 158 155 118 131 134 113 138 126 118 113 131 152 147 141 121 118 122 142 157 145 149 116 116 142 154 154 150 150 142 120 154 134 127 145 112 131 158 118 147 128 125 136 129 156 119 150 133 130 151 156 139 129 116 113 137 154 153 156 135 113 146 0
0 104 103 135 98 100 129 135 98 107 130 137 135 102 114 116 98 120 110 102 98 114 132 128 122 106 102 106 123 136 126 129 101 101 124 134 134 130 130 123 104 134 116 110 126 98 114 137 103 128 111 108 118 112 136 103 130 115 113 132 136 121 112 101 98 119 134 133 136 118 98 127 0
0 104 136 98 100 130 136 99 108 131 138 136 102 114 117 98 121 110 103 98 115 133 129 123 106 103 107 124 138 126 130 102 102 125 135 134 130 130 124 105 134 117 111 127 98 115 138 104 129 112 109 119 113 137 104 130 116 114 133 137 122 113 102 99 120 134 134 137 118 98 128 0
0 118 86 87 113 118 86 94 114 120 118 90 100 102 86 106 96 90 86 100 116 112 108 92 90 94 108 120 110 114 89 88 109 118 118 114 114 109 92 118 102 97 110 86 100 120 90 113 98 95 104 98 119 90 114 101 99 116 119 106 98 88 86 105 118 117 119 103 86 111 0
0 84 86 112 117 86 93 113 118 118 88 98 101 85 104 95 89 85 99 114 110 106 91 89 92 106 118 109 112 87 87 107 117 116 113 113 107 90 116 101 96 110 84 99 118 90 111 97 94 102 98 118 90 113 100 98 114 118 105 97 87 85 103 116 115 118 102 85 110 0
0 114 146 154 112 122 148 155 154 116 130 132 111 137 125 117 111 130 150 146 140 120 117 122 140 155 143 147 115 114 141 153 152 148 148 141 118 152 132 126 144 110 130 156 118 146 127 123 135 128 154 118 148 131 128 150 154 138 127 114 112 136 152 151 154 134 111 145 0
0 106 110 81 88 106 112 110 83 94 95 80 98 90 84 80 94 108 105 101 86 84 87 101 112 103 106 82 82 102 110 110 106 106 101 86 110 95 90 103 80 94 112 84 105 91 89 97 92 111 85 106 94 92 108 111 99 91 82 80 98 110 109 111 96 80 104 0
0 113 82 90 110 114 114 86 95 98 82 101 92 86 82 96 110 107 103 88 86 90 103 114 106 108 85 84 104 113 112 109 109 104 87 112 98 93 106 82 96 115 86 107 94 91 99 94 114 86 109 97 94 110 114 102 94 84 82 100 112 111 114 98 82 106 0
0 107 117 141 148 146 110 123 126 106 130 119 111 106 124 143 138 133 114 111 115 134 148 136 140 110 109 134 146 145 141 141 134 113 145 126 120 137 106 124 149 112 138 121 118 128 122 147 112 141 125 122 142 147 131 121 109 106 130 145 144 147 127 106 138 0
0 122 148 155 154 116 130 132 111 137 125 116 111 130 150 145 139 119 116 121 140 154 143 146 115 114 141 153 151 147 147 140 118 151 132 126 143 110 130 155 117 146 126 123 134 127 154 118 147 130 128 150 154 138 127 114 111 135 152 150 154 134 111 144 0
0 108 114 112 85 94 96 81 100 91 85 81 95 110 106 102 87 85 89 102 114 105 107 84 83 103 112 111 108 108 102 86 111 96 92 105 81 95 114 86 106 93 90 98 94 113 86 108 96 94 110 113 101 93 83 82 99 111 110 113 98 81 106 0
0 124 122 92 103 105 89 109 99 93 89 103 119 115 111 95 93 96 111 123 114 117 91 91 112 122 121 118 118 112 94 121 105 100 114 88 103 124 93 116 101 98 107 102 123 94 118 104 102 119 122 110 101 91 89 108 121 120 123 106 89 115 0
0 148 112 125 127 107 132 120 112 107 126 145 140 134 115 112 117 135 150 138 142 111 110 136 147 146 142 142 135 114 146 127 121 138 106 126 150 113 140 122 118 130 123 149 114 142 126 123 144 149 133 122 110 108 130 146 146 149 129 107 139 0
0 118 131 134 113 138 126 118 113 131 152 147 141 121 118 122 142 157 145 149 116 116 142 154 154 150 150 142 120 154 134 127 145 112 131 158 118 147 128 125 136 129 156 119 150 133 130 151 156 139 129 116 113 137 154 153 156 135 113 146 0
0 130 132 111 137 125 117 111 130 150 146 140 120 117 122 140 155 143 147 115 114 141 153 152 148 148 141 118 152 132 126 144 110 130 156 118 146 127 123 135 128 154 118 148 131 128 150 154 138 127 114 112 136 152 151 154 134 111 145 0
0 99 84 103 94 88 84 98 114 110 106 90 88 91 106 117 108 111 86 86 106 115 114 111 111 106 90 114 99 95 108 83 98 118 88 110 96 93 102 96 117 89 111 99 97 113 117 104 96 86 84 102 115 114 117 101 84 109 0
0 94 115 105 98 94 110 126 122 118 101 98 102 118 130 121 124 97 97 118 129 128 125 125 118 100 128 111 106 121 94 110 131 98 122 106 104 114 107 130 99 125 110 108 126 130 116 107 97 94 114 128 127 130 113 94 122 0
0 118 107 100 95 111 129 125 120 102 100 104 120 133 122 126 98 98 121 131 130 126 126 121 102 130 114 108 123 95 111 134 101 125 109 106 115 110 133 101 126 112 110 129 132 118 109 98 96 116 130 130 133 114 95 124 0
0 90 84 81 94 109 105 101 86 84 88 102 112 103 106 83 82 102 110 110 107 107 102 86 110 95 91 104 80 94 113 85 106 92 89 98 92 112 85 107 94 93 108 111 100 92 82 81 98 110 110 112 97 81 105 0
0 104 99 116 134 130 124 106 104 108 125 138 127 131 102 102 126 136 135 132 132 125 106 135 118 112 128 98 116 139 104 130 113 110 120 114 138 105 132 117 114 134 138 122 114 102 99 121 136 134 138 119 99 129 0
0 90 106 122 118 114 97 94 98 114 126 116 119 94 93 114 124 123 120 120 114 96 123 107 102 117 90 106 126 95 118 102 100 110 103 126 95 120 106 104 122 125 112 103 93 90 110 123 122 126 109 90 117 0
0 98 114 110 106 90 89 92 106 118 109 111 87 86 107 116 115 112 112 106 90 115 100 95 109 84 98 118 89 110 96 94 102 97 118 89 112 99 97 114 117 105 97 86 85 103 115 114 118 102 84 110 0
0 109 105 101 86 84 88 102 112 103 106 83 82 102 110 110 107 107 102 86 110 95 91 104 80 94 113 85 106 92 89 98 92 112 85 107 94 93 108 111 100 92 82 81 98 110 110 112 97 81 105 0
0 123 118 102 98 102 118 131 121 124 98 97 119 130 129 125 125 119 100 129 111 106 122 94 110 132 99 123 107 104 114 108 131 99 125 110 108 126 130 117 107 97 94 114 129 128 131 113 94 122 0
0 137 117 114 118 137 151 140 143 112 112 138 150 148 144 144 138 116 148 129 123 140 108 127 152 114 142 124 121 132 125 151 115 144 128 126 146 150 134 124 112 109 133 149 147 151 130 109 141 0
0 113 110 114 132 146 135 138 109 108 133 145 143 139 139 133 112 143 125 118 135 105 123 147 110 138 120 117 127 121 146 111 139 124 121 142 146 130 120 108 106 128 144 142 146 126 105 136 0
0 106 110 127 141 130 134 105 104 128 139 138 134 134 127 108 138 120 114 130 101 118 142 106 132 115 112 122 116 141 107 134 119 116 136 140 125 115 104 102 123 138 137 141 122 101 131 0
0 94 109 121 111 114 90 89 110 119 118 115 115 110 92 118 102 98 112 86 102 122 91 114 98 96 105 99 121 91 115 102 100 117 120 107 99 89 87 106 118 118 121 104 86 113 0
0 106 118 109 111 87 86 107 116 115 112 112 106 90 115 100 95 109 84 98 118 89 110 96 94 102 97 118 89 112 99 97 114 117 105 97 86 85 103 115 114 118 102 84 110 0
0 122 113 116 90 90 111 121 120 117 117 110 94 120 104 99 113 87 102 123 92 115 100 97 106 101 122 93 117 103 101 118 122 109 100 90 88 107 120 119 122 106 88 114 0
0 130 134 105 104 128 139 138 134 134 128 108 138 120 114 130 101 118 142 106 133 115 112 122 116 141 107 134 119 117 137 141 126 116 104 102 123 138 138 141 122 102 131 0
0 148 116 115 142 154 153 149 149 142 120 153 133 127 145 112 131 157 118 147 128 124 136 129 156 118 149 132 130 151 155 139 128 115 113 137 154 152 156 135 112 146 0
0 107 106 131 142 142 138 138 130 110 142 122 117 134 103 121 145 109 135 118 114 126 119 144 110 138 122 119 139 143 128 118 106 104 126 142 141 144 125 103 134 0
0 110 134 146 145 141 141 134 114 145 126 120 137 106 124 149 112 139 121 118 129 122 148 113 141 125 122 143 147 132 122 110 106 130 146 144 148 128 106 138 0
0 106 114 114 110 110 105 89 114 98 94 107 82 98 117 87 109 94 92 101 95 116 88 110 98 96 112 115 103 95 86 83 102 114 113 116 100 83 108 0
0 114 113 110 110 105 88 113 98 94 107 82 97 116 87 109 94 92 100 95 115 87 110 98 95 111 115 102 94 86 83 101 114 113 115 99 82 107 0
0 139 135 135 129 109 139 121 115 131 102 119 143 107 134 116 113 123 117 142 108 135 120 118 138 142 126 117 105 102 124 139 138 142 122 102 132 0
0 147 147 140 118 151 131 125 143 110 130 155 117 145 126 122 134 127 154 117 147 130 127 149 154 138 126 114 111 135 151 150 154 133 110 144 0
0 146 138 118 150 130 124 142 110 129 154 116 144 125 122 133 126 153 116 146 130 126 148 152 136 126 113 110 134 150 149 153 132 110 142 0
0 135 114 146 126 121 138 106 125 150 113 140 122 118 130 122 149 113 142 126 123 144 148 133 122 110 107 130 146 145 149 129 107 138 0
0 114 146 126 121 138 106 125 150 113 140 122 118 130 122 149 113 142 126 123 144 148 133 122 110 107 130 146 145 149 129 107 138 0
0 138 121 115 131 101 119 142 107 133 116 113 123 117 142 107 135 120 117 137 141 126 116 105 102 124 139 138 142 122 102 132 0
0 102 97 110 86 100 120 90 113 98 95 104 98 119 90 114 101 99 116 119 106 98 88 86 105 118 117 119 103 86 111 0
0 124 142 110 129 154 116 144 125 122 133 126 153 116 146 130 126 148 152 136 126 113 110 134 150 149 153 132 110 142 0
0 123 95 111 134 101 125 109 106 115 110 133 101 126 112 110 129 132 118 109 98 96 116 130 130 133 114 95 124 0
0 90 106 127 96 119 103 101 110 104 126 96 121 107 105 122 126 113 104 94 91 111 125 123 126 110 91 118 0
0 122 146 110 136 118 115 126 119 144 110 138 122 120 140 144 129 118 107 104 126 142 141 144 125 104 134 0
0 112 84 105 91 89 97 92 111 85 106 94 92 108 111 99 91 82 80 98 110 109 111 96 80 104 0
0 99 123 107 104 114 108 131 99 125 110 108 126 130 117 107 97 94 114 129 128 131 113 94 122 0
0 148 129 125 137 130 157 119 150 133 130 152 156 140 129 116 114 138 154 153 157 136 113 146 0
0 97 94 102 98 118 90 113 100 98 114 118 105 97 87 85 103 116 115 118 102 85 110 0
0 117 128 121 146 111 140 124 122 142 146 130 121 109 106 129 144 143 146 126 106 137 0
0 111 105 127 97 122 108 106 123 127 114 105 94 92 112 126 125 127 110 92 119 0
0 102 124 94 118 105 102 120 124 110 102 92 90 109 122 121 124 107 89 116 0
0 135 103 130 114 112 131 135 121 111 100 98 118 134 132 135 117 98 126 0
0 98 122 109 106 125 128 114 106 95 93 113 126 126 129 111 92 120 0
0 149 132 129 150 155 138 128 115 113 137 153 152 156 134 112 146 0
0 100 98 114 118 106 98 87 86 104 117 115 118 102 85 110 0
0 123 144 148 133 122 110 107 130 146 145 149 129 107 138 0
0 128 131 118 108 98 95 115 130 129 132 114 94 123 0
0 129 115 106 95 93 113 127 126 129 111 93 120 0
0 134 124 111 109 132 148 147 150 130 108 141 0
0 128 115 112 136 153 151 155 134 111 145 0
0 102 100 122 137 135 138 120 100 130 0
0 93 112 126 125 128 110 92 119 0
0 101 114 113 115 99 82 107 0
0 110 110 113 98 81 105 0
0 134 137 118 98 127 0
0 153 133 110 143 0
0 131 110 142 0
0 112 146 0
0 126 0
0 0
0
0
27948
143 82 152 105 114 157 159 112 98 120 137 118 122 110 128 88 141 106 151 126 112 86 114 102 113 85 120 129 114 100 114 106 99 144 126 157 123 90 152 150 130 95 87 114 91 99 122 134 106 143 106 86 112 141 123 137 86 130 152 110 117 148 116 158 124 148 136 96 143 89 125 88 151 119 156 97 117 117 91 131 81 104 140 130 112 146 154 118 101 150 108 154 98 80 113 100 139 89 108 141 123 143 150 98 136 135 132 110 102 106 138 130 118 138 109 130 88 103 84 96 111 98 155 111 141 131 150 151 86 136 155 146 89 148 126 135 114 122 154 94 94 82 134 112 130 138 153 158 131 100 130 154 122 130 110 143 148 157 117 85 146 141 104 84 149 152 158 130 93 91 97 83 109 150 82 147 124 123 142 120 96 110 138 104 124 82 103 157 156 142 147 117 86 107 146 150 138 87 81 138 98 102 145 120 121 126 125 133 85 80 99 142 133 114 106 116 121 118 120 147 86 82 92 148 104 140 158 119 121 92 90 154 80 84 140 154 82 98 143 158 154 88 110 114 81 122 102 89 81 110 147 138 127 94 89 96 128 157 134 141 86 86 130 153 150 142 142 129 92 150 114 103 134 80 110 158 90 138 105 99 118 106 156 90 142 112 107 146 155 124 106 86 82 120 151 149 156 117 81 136
