300
1500 1018 251 345 1207 424 1667 1420 931 1480 1446 118 325 633 828 1272 331 1581 1145 815 1630 526 1008 513 1505 359 460 761 1008 1340 1275 1463 441 1371 872 1523 1442 757 1336 591 730 1703 1182 1297 1450 1359 1072 1547 860 598 169 1628 459 1252 1343 189 1651 1070 936 1336 1676 1454 69 1196 775 943 1227 316 670 1600 696 708 606 814 384 457 1116 1449 476 1570 1550 298 253 261 1533 531 843 1262 161 941 700 1213 865 1205 534 981 1571 1271 1688 1012 489 901 1079 486 580 1223 752 1216 290 717 978 173 916 1548 899 933 1631 485 1435 1364 708 883 962 447 1705 986 1241 254 337 1503 311 586 934 725 1211 572 636 176 757 901 565 1482 1565 896 291 980 1144 1183 1111 704 1608 837 645 1096 1128 1174 118 1244 1144 794 1280 557 962 268 492 415 86 198 931 1418 444 711 1626 755 397 862 1275 750 1695 1159 217 1484 637 244 170 1111 876 1507 745 1033 886 893 1344 108 992 1296 1177 976 480 1412 145 576 1330 1061 645 807 970 410 469 1363 1478 631 569 753 626 559 1132 1323 252 1194 954 1574 1138 1569 597 655 204 282 1413 476 917 265 482 713 470 285 1653 948 1557 1606 991 1072 275 1191 1657 1589 990 800 330 212 947 137 1598 782 1158 550 1238 542 1025 618 1576 1646 393 147 422 1117 1322 980 1269 630 889 1314 1178 748 492 200 1684 1773 1645 1579 487 330 1407 601 711 1441 408 1128 1580 1438 1367 625 656 1551 181 1546 824 367 275 967
0 0 0 0 0 0 1235 1235 978 0 0 0 398 0 0 0 0 0 0 0 0 0 0 0 0 0 0 0 0 0 0 0 0 0 0 0 0 785 0 0 0 0 0 0 1316 0 0 0 0 0 0 0 0 0 1235 187 1487 0 851 0 0 1235 118 0 711 0 1235 254 0 0 0 0 0 0 397 0 0 924 0 238 0 0 247 0 1235 0 0 1367 176 997 766 0 0 0 0 0 0 0 0 0 482 0 0 524 0 1168 776 0 0 721 0 0 0 0 0 0 1235 0 1235 1235 0 0 0 325 0 940 0 0 0 1235 0 0 0 944 0 0 0 0 0 0 0 0 0 0 325 0 0 0 0 700 0 0 0 0 0 1221 0 1216 0 0 0 0 0 0 0 372 0 0 0 0 0 0 0 0 0 792 1235 0 0 0 0 1235 0 0 127 1190 0 1235 0 0 0 0 0 0 961 0 0 0 0 630 0 0 0 0 0 0 0 476 410 0 0 668 626 0 0 0 0 0 0 0 0 1235 0 1235 0 0 248 0 1235 406 0 305 0 0 499 0 0 0 0 0 0 1083 1189 0 0 0 965 0 0 0 0 0 0 702 1075 0 0 0 0 0 0 1487 321 0 0 0 1235 0 1231 577 942 1235 0 0 459 0 0 0 0 0 0 0 0 0 0 0 0 0 1074 0 0 0 0 0 116 0 0 301 0 0
0 309 0 0 0 1552 0 0 0 0 0 0 712 0 0 0 0 0 0 1552 534 0 0 0 0 503 0 1001 1305 0 0 0 0 0 0 1451 785 0 0 0 0 0 0 1066 0 0 0 0 648 0 0 0 0 1371 187 0 0 0 0 0 0 118 0 0 0 0 0 0 0 0 0 0 0 397 0 0 924 0 0 0 0 247 321 0 0 0 0 0 997 0 0 862 0 0 938 0 0 0 0 0 0 0 0 653 0 0 0 0 721 0 211 922 1473 0 0 0 0 0 1387 0 0 0 325 0 940 0 333 0 0 245 0 0 0 0 0 655 0 777 0 0 0 0 0 0 1066 0 0 0 700 1552 0 772 0 0 0 0 0 0 807 0 0 0 250 0 372 155 0 0 0 0 0 0 0 427 0 0 0 0 0 0 0 616 0 0 0 0 0 724 0 0 869 0 0 0 0 0 1055 428 0 0 538 1389 0 648 0 918 0 0 1401 1417 0 0 0 627 0 0 0 0 0 0 0 0 1552 0 0 0 0 0 0 0 0 1066 0 0 0 1552 0 0 1552 0 0 1066 0 0 0 965 0 0 0 0 0 0 0 0 0 1240 0 0 0 0 0 321 138 574 0 0 0 0 0 0 0 0 0 0 0 0 0 0 0 0 0 0 1066 0 1462 0 1179 1066 0 0 0 0 0 0 1066 0 0 0 968
0 0 406 0 309 0 0 0 0 0 0 0 0 0 0 0 309 309 0 0 0 309 309 0 0 0 309 0 160 0 0 309 309 0 0 0 0 0 309 247 0 0 0 0 0 0 0 309 0 0 0 309 0 309 309 0 406 0 0 0 118 0 0 0 309 309 0 309 0 0 0 309 309 0 309 0 309 238 0 0 0 0 0 0 309 0 245 0 309 0 0 0 309 0 0 0 0 0 0 309 0 0 0 0 0 0 0 0 309 0 0 153 309 0 0 406 0 0 0 0 0 0 0 0 0 309 0 406 0 0 309 0 309 0 406 0 0 0 126 0 0 309 0 309 0 0 0 0 0 0 0 0 0 0 0 0 0 0 309 0 0 0 0 0 0 155 0 0 0 0 0 309 0 0 0 0 176 0 0 0 309 309 0 309 0 0 406 0 0 309 0 0 0 0 0 0 0 309 288 0 0 309 309 0 309 0 0 0 309 309 0 0 0 0 0 0 0 309 0 309 0 309 0 0 0 0 0 0 0 0 0 0 0 0 0 0 0 0 0 0 0 0 0 0 0 0 0 309 0 0 309 309 0 0 0 0 0 0 0 0 0 0 0 0 0 0 0 0 0 0 0 0 0 0 0 0 0 0 0 309 0 0 0 0 0 0 0 0 309 309 0 0 116 0 0 0 0 0
0 772 0 0 0 0 0 0 330 0 712 330 0 0 0 330 0 0 534 0 0 0 330 0 0 0 772 0 0 0 772 0 0 0 0 0 0 0 0 0 0 0 0 0 0 0 0 0 0 0 0 772 0 0 0 0 0 772 0 118 0 711 0 0 0 0 0 0 0 0 0 330 0 0 0 0 0 0 0 330 321 772 0 0 0 0 0 0 0 282 330 330 772 0 0 0 330 0 0 0 0 0 0 0 0 369 0 0 0 0 0 0 0 0 0 330 772 739 772 772 0 0 0 0 0 0 0 0 0 0 330 772 0 0 0 330 0 0 330 330 0 330 0 772 0 0 0 0 0 0 0 0 772 184 0 0 0 772 0 0 0 0 0 155 236 0 0 0 0 0 0 0 0 0 0 0 330 0 330 0 0 0 0 772 0 0 0 0 0 0 0 0 772 0 0 0 0 288 538 0 0 0 330 0 0 410 0 772 668 0 0 0 0 0 330 330 0 772 0 0 0 0 0 248 0 0 0 772 305 0 0 0 0 772 0 0 772 0 0 0 0 0 772 0 0 0 0 0 0 0 0 0 0 0 330 0 330 0 330 330 0 330 0 0 0 0 577 330 0 772 119 330 185 0 0 0 0 0 0 0 330 0 0 0 330 0 0 0 564 0 0 0 0 330 0 0 0
0 1199 0 0 0 0 1179 0 0 1199 0 0 0 0 1083 1199 0 0 0 0 0 1199 0 519 1126 0 0 0 0 1199 0 0 0 0 0 951 0 0 0 0 1199 940 0 0 0 0 0 0 0 0 0 0 0 0 0 0 1199 0 0 1199 0 0 0 0 0 0 0 1199 0 1190 0 0 537 0 0 0 0 0 646 648 0 833 0 0 0 0 780 0 0 1001 0 0 319 0 0 1174 938 0 0 0 0 206 0 0 0 0 330 0 0 0 0 660 1199 0 686 0 1199 1195 0 325 0 0 0 0 0 0 0 0 896 944 791 0 1199 0 0 0 0 0 0 0 0 0 1199 0 985 0 0 0 0 0 0 648 1199 785 145 0 0 0 284 0 0 0 0 0 0 0 0 0 1058 1199 118 0 0 0 176 1199 1199 580 0 0 0 0 0 1199 0 0 0 456 668 0 0 0 0 0 738 0 0 0 0 0 454 1199 0 0 0 0 0 0 427 0 0 0 325 0 0 330 0 0 0 0 0 0 0 0 0 1199 1199 1199 1199 1199 1035 0 0 1199 0 1199 0 101 0 0 0 0 0 0 0 0 0 0 0 0 0 0 0 0 626 0 0 0 1199 577 0 0 0 892 0 0 1083 712 0 0 0 0 0 564 0 0 0 0 564 0 0 321 605 0 0 0 1113 0 0 0 309 1199 0 0 0 0
0 0 0 0 0 1364 0 398 0 0 1248 369 0 0 0 1610 0 0 454 0 0 503 841 0 0 0 0 0 0 789 0 0 0 0 0 0 0 358 1282 0 0 0 0 0 648 101 0 0 0 0 0 0 0 0 0 0 0 0 0 0 985 0 0 746 0 0 358 0 0 0 0 0 0 0 0 0 0 0 0 1610 0 0 0 0 0 0 0 0 0 0 0 0 1270 0 0 0 358 0 524 653 0 0 0 369 358 0 0 0 1473 0 0 1610 0 0 1387 739 936 0 0 1610 0 1195 0 0 0 0 660 0 0 0 0 0 0 0 0 604 0 0 0 0 358 0 0 1176 0 358 898 0 1148 0 0 184 0 0 0 0 0 892 0 454 358 0 0 0 0 0 0 0 782 0 792 0 0 0 0 0 1567 0 0 0 0 838 0 724 0 0 0 0 0 0 0 1218 1055 428 0 288 538 0 0 0 0 0 476 0 1401 0 0 0 697 0 0 1192 358 0 1217 0 0 1081 0 0 0 0 0 0 406 0 0 358 0 0 0 0 0 0 0 0 0 0 0 0 0 0 772 0 0 0 0 0 0 0 0 0 580 955 0 0 0 0 0 358 1129 358 916 0 0 358 0 1113 0 0 0 0 0 1610 1610 0 282 0 0 0 0 0 1179 358 358 0 0 0 0 0 0 358 301 298 0
0 0 934 776 1179 0 0 0 0 1006 0 1462 0 0 0 534 1157 0 0 1664 503 519 0 0 0 0 0 1485 0 0 934 0 0 0 627 0 0 0 1316 940 0 138 0 0 0 934 994 0 0 0 0 1148 0 1535 0 0 118 1411 0 0 372 0 1217 0 0 1312 0 0 0 0 0 924 0 238 934 0 0 0 0 0 0 0 0 0 766 665 0 0 1011 0 0 0 0 0 482 761 0 0 0 0 0 0 0 0 330 942 922 0 0 0 0 0 0 0 0 0 0 0 0 0 0 0 0 0 0 0 0 944 0 0 0 0 0 1661 0 816 0 0 0 0 0 0 0 0 1519 0 0 0 0 0 1668 0 0 0 0 0 0 0 0 0 155 236 1417 0 0 0 0 0 0 0 0 833 176 0 0 0 0 0 0 0 1249 0 0 0 0 0 0 1216 301 0 838 577 0 0 288 0 0 0 454 1525 0 0 0 0 1221 0 0 697 184 0 0 779 0 0 0 1482 0 934 1127 0 0 211 0 0 893 305 0 689 499 0 0 1658 1440 0 934 101 0 0 0 0 0 0 0 1169 906 0 934 0 0 0 934 1248 0 0 0 0 0 0 0 0 616 916 934 0 0 0 0 0 0 1357 934 0 0 0 0 0 0 1487 780 0 403 1567 0 0 1113 369 0 0 0 0 0 1550 0 1514
0 0 0 0 0 0 0 0 0 0 1440 0 0 0 534 0 0 0 1440 0 0 0 0 0 0 0 1440 0 1282 0 785 0 0 0 0 0 1218 1316 0 0 1282 0 0 0 0 994 0 926 0 0 1148 0 0 0 0 0 1411 711 985 372 0 0 0 0 0 0 0 0 0 0 924 0 0 0 245 0 0 0 0 811 1367 0 0 0 0 0 0 0 0 0 0 0 0 482 0 0 0 653 206 0 1276 0 1251 0 942 922 0 0 0 1282 0 0 0 0 0 0 0 0 0 0 0 0 0 187 1440 0 0 0 1404 0 398 0 0 126 0 0 496 0 0 0 1176 0 0 0 0 0 764 0 0 0 0 0 0 0 0 0 0 0 417 0 236 0 0 0 0 1282 0 0 0 0 0 0 0 0 0 0 0 0 0 0 0 0 0 0 0 0 1216 301 0 0 0 0 0 0 538 0 0 0 0 476 0 0 1440 1282 0 0 0 0 0 0 0 0 0 0 0 1081 1282 0 605 0 0 0 0 0 0 0 689 0 0 0 0 0 0 0 0 0 0 0 0 0 1364 0 0 0 256 0 702 0 0 0 0 955 0 0 1440 0 0 0 117 616 0 1231 577 0 0 0 0 0 0 0 564 0 1282 0 0 564 1440 780 0 403 0 0 0 0 0 0 0 0 0 0 1440 0 1440
0 776 0 918 0 0 0 0 978 0 0 0 0 0 0 0 0 0 0 0 0 0 0 0 0 0 0 0 0 0 0 0 627 0 0 0 0 940 978 0 0 0 0 0 0 0 0 0 0 0 0 0 0 0 0 0 0 0 0 321 978 978 0 978 185 978 0 0 0 0 0 0 499 0 0 0 305 833 0 0 0 0 0 0 0 0 0 0 0 0 0 0 0 761 0 0 0 0 961 0 0 0 0 0 0 153 631 660 0 0 0 0 0 0 0 325 0 0 444 0 862 0 0 0 0 944 791 0 444 0 0 0 126 0 0 0 0 978 978 0 978 0 0 0 772 0 0 0 978 0 0 0 978 0 284 978 403 0 0 0 0 0 978 0 0 0 0 978 0 0 0 978 978 0 0 0 0 965 0 0 0 0 0 456 0 0 0 978 0 577 0 630 0 0 544 604 0 0 0 0 0 0 0 0 0 789 0 0 325 0 0 330 0 0 0 0 978 0 0 0 0 0 0 0 978 0 0 685 916 978 978 978 0 0 0 358 0 978 0 0 0 0 0 256 978 0 0 0 0 0 0 0 539 0 0 0 0 0 0 892 0 0 0 712 0 119 0 0 0 0 0 0 0 0 0 0 0 0 0 0 0 0 978 0 978 0 0 0 0 978 0 0
0 0 0 398 0 0 0 0 1462 0 738 776 0 1157 0 841 0 503 519 0 0 0 1482 0 0 0 776 776 0 0 0 0 0 0 0 0 0 0 0 0 0 0 0 0 0 776 0 0 0 776 0 0 1482 118 0 0 0 0 0 746 0 0 0 0 0 0 0 537 0 0 238 0 0 0 0 0 0 0 0 245 0 0 0 0 0 0 776 0 0 0 0 0 0 0 0 0 206 0 0 0 0 330 0 776 776 0 0 0 0 0 776 0 0 776 0 0 0 0 1482 862 0 0 660 0 944 0 0 655 126 0 0 604 0 0 496 0 1092 0 776 0 0 0 0 0 0 702 0 0 776 0 776 0 0 776 0 0 417 0 0 776 0 0 0 0 0 0 776 0 0 0 0 0 0 0 284 0 0 0 1482 0 0 0 0 0 0 301 0 0 577 0 0 288 0 0 0 0 0 476 968 410 0 776 0 0 0 627 0 0 0 0 0 0 0 0 0 0 605 248 0 0 406 0 0 0 0 499 685 0 0 0 0 0 0 1189 0 776 0 0 0 337 0 0 0 0 0 0 0 0 0 0 0 539 0 1482 0 574 0 0 0 776 0 1083 0 0 0 0 0 0 0 0 0 0 0 0 0 0 321 403 0 0 0 0 564 0 1066 0 0 0 0 0 0
0 0 0 0 0 1006 369 0 1083 738 1179 534 0 0 0 0 503 0 0 1179 0 0 444 1179 0 0 0 785 0 0 0 0 0 0 0 0 0 0 0 648 0 0 0 0 0 333 1364 0 0 0 0 0 118 0 0 0 0 254 0 0 1192 0 0 0 0 0 0 0 0 238 0 0 0 0 0 0 0 0 0 0 766 0 0 1001 0 0 0 1179 0 1174 0 0 0 0 653 206 0 0 0 0 0 0 0 0 983 0 1179 0 0 0 739 0 0 0 0 0 1179 0 0 0 0 1364 0 944 0 0 655 0 777 926 0 0 1171 0 1294 0 1179 0 1176 0 0 0 772 0 0 0 0 1179 0 0 0 0 0 0 0 0 0 236 0 0 1364 0 0 0 0 0 0 0 176 0 0 0 1364 0 0 0 0 0 724 0 0 0 1179 0 301 1179 0 0 0 0 0 0 0 0 648 1364 476 0 0 1364 0 668 0 697 0 0 0 0 0 0 0 0 1081 0 0 0 248 211 0 0 0 0 0 0 0 0 0 0 0 0 0 0 0 0 0 0 0 0 0 153 0 0 1179 0 1075 0 0 0 0 0 0 0 0 0 0 117 0 916 0 0 1083 1179 0 119 0 0 0 0 0 1179 0 0 0 1364 0 0 0 0 0 1008 0 0 0 1066 0 0 0 1364 0 0
0 0 0 0 0 0 0 0 738 0 0 119 0 0 0 0 0 0 918 0 0 0 918 789 0 0 785 918 119 0 0 0 0 0 0 0 918 0 0 101 918 0 0 0 0 119 0 0 0 0 0 118 0 0 0 0 0 0 0 0 0 0 853 0 0 0 119 0 0 0 245 0 321 0 544 0 0 0 0 0 0 0 0 0 918 0 0 0 0 482 0 0 0 0 0 776 0 0 119 119 0 0 918 0 918 0 0 0 918 0 0 0 119 0 0 0 0 0 0 0 0 0 0 0 0 0 0 119 918 0 0 0 0 325 119 918 918 0 0 119 898 0 0 0 0 0 0 918 0 0 552 0 0 454 0 155 0 0 0 119 0 0 0 0 792 918 833 0 0 0 0 119 0 0 0 0 0 724 0 0 869 0 0 918 0 0 0 0 119 119 0 0 0 648 0 0 0 0 0 0 668 626 0 0 0 918 119 0 0 0 0 0 918 0 605 248 0 0 406 0 0 119 0 0 0 918 0 0 918 0 918 0 119 918 0 0 0 337 153 906 0 0 0 918 0 0 0 0 646 0 0 0 0 0 117 119 916 0 0 0 918 0 665 0 0 0 0 0 918 471 119 0 119 780 0 0 0 0 0 918 0 0 0 116 0 0 0 0 119
0 0 0 0 369 398 0 0 0 534 398 0 0 0 0 398 0 995 0 398 0 0 0 0 995 0 0 0 0 0 0 0 398 0 0 0 0 0 0 995 0 0 0 0 0 0 851 0 0 398 0 0 0 0 0 0 0 0 0 0 631 0 0 475 398 0 0 0 0 0 0 0 0 0 0 398 0 0 766 0 0 398 0 0 0 0 0 0 0 0 0 0 653 0 0 0 0 398 0 0 0 995 0 0 0 0 0 0 0 0 0 0 0 398 0 0 0 0 0 398 0 0 0 398 0 0 398 0 0 0 0 0 0 398 0 0 0 0 0 0 0 0 0 0 184 995 995 0 0 0 0 0 0 0 0 0 0 0 0 385 0 0 427 0 0 0 0 0 160 0 0 0 127 995 0 398 0 0 0 398 0 145 0 0 995 0 428 0 0 0 0 0 0 0 398 0 0 0 0 0 626 0 0 0 0 0 398 0 960 0 0 995 0 0 0 0 0 0 893 0 0 0 0 0 995 398 0 0 0 0 0 0 0 0 0 0 0 153 0 0 0 702 0 0 0 0 955 398 0 0 398 0 0 117 0 0 995 577 0 0 995 119 0 0 995 0 0 995 0 0 0 0 0 0 0 0 0 398 0 0 0 398 0 398 0 398 0 0
0 712 0 369 712 0 0 1622 0 712 0 0 0 0 0 0 0 0 0 444 0 789 0 0 0 0 0 0 247 0 712 712 0 0 0 712 0 712 0 0 0 0 0 0 0 0 0 0 0 0 0 0 0 0 321 712 712 0 0 185 0 0 0 537 0 0 0 499 0 0 0 0 0 0 0 245 997 0 0 282 0 0 0 0 0 0 0 0 0 712 0 653 0 0 0 0 712 0 712 0 153 0 0 0 443 0 0 0 936 0 0 0 0 0 0 0 0 0 0 712 712 0 0 0 0 0 0 0 0 0 0 0 0 0 0 0 712 712 0 712 0 0 648 0 0 145 0 712 552 0 0 0 0 155 0 0 0 712 0 0 0 427 0 0 833 176 0 0 580 712 0 127 0 0 0 0 0 250 0 0 712 0 0 0 0 428 0 0 0 1389 0 0 0 0 0 0 712 712 0 0 697 0 0 0 0 0 0 0 0 0 0 0 0 0 0 0 0 0 0 712 689 0 0 0 0 0 0 0 0 712 0 0 0 965 0 0 0 0 256 1663 712 0 0 1240 712 955 712 0 0 0 577 0 0 0 0 0 0 0 0 0 0 0 0 0 0 0 0 471 712 0 712 0 0 0 0 712 0 712 0 712 712 0 712 0 0 0 712
0 0 0 0 0 0 0 0 816 0 0 0 0 0 0 0 0 0 0 1288 0 0 0 0 1310 0 0 1612 1203 1282 816 0 0 0 0 0 0 1612 0 0 1371 0 0 0 851 1357 1612 0 0 0 0 985 0 0 0 0 0 0 0 0 0 475 0 816 0 0 0 0 247 321 1612 544 0 0 0 997 0 0 0 0 0 0 1501 0 1612 1083 0 0 0 0 0 0 776 0 0 0 0 211 922 1473 0 0 0 0 1350 1387 0 0 0 0 0 0 1195 0 0 0 0 0 816 0 0 0 655 126 0 0 0 1525 0 0 0 0 1227 0 0 700 1612 0 0 0 0 0 184 0 0 0 0 0 0 0 0 372 0 0 0 0 0 0 0 0 0 792 0 0 0 0 160 0 0 0 0 0 0 0 724 0 0 869 0 0 0 1347 1218 1055 0 630 0 0 0 1006 0 0 0 0 0 1401 0 668 0 0 627 0 1192 1312 0 1217 0 1584 0 0 0 0 248 288 0 0 0 305 0 689 0 0 1603 0 0 0 1058 0 0 0 0 1612 0 0 0 0 906 0 1612 702 0 0 0 0 0 0 0 0 0 0 574 1129 0 0 0 0 0 1323 0 0 0 0 0 0 0 0 471 0 0 0 0 0 403 1179 0 1442 0 0 0 0 0 0 0 301 0 968
0 0 0 0 0 1006 0 0 0 841 0 0 0 0 0 0 0 444 0 0 0 0 0 0 0 0 247 0 1006 0 0 0 1006 1062 648 1055 0 0 0 1006 0 1248 1148 851 1006 0 0 0 0 711 985 372 0 0 0 0 0 0 0 0 0 0 0 0 238 0 0 0 0 1006 0 811 0 0 0 0 0 282 1001 0 0 0 0 0 1174 0 0 0 0 0 0 0 0 0 0 0 0 0 0 0 660 0 0 0 0 0 0 0 0 0 0 1006 0 0 0 187 0 0 0 0 0 0 0 0 926 126 0 0 496 0 0 0 0 0 0 0 0 0 0 0 0 184 0 0 807 0 552 0 0 0 0 0 0 1006 0 0 385 0 0 0 0 0 833 0 0 160 0 0 0 0 0 0 1248 0 0 0 456 0 0 0 1006 0 0 428 0 0 0 0 604 0 0 0 968 410 0 1006 0 626 0 627 0 0 0 0 0 0 0 0 1006 1127 0 248 211 459 0 0 0 1248 0 0 685 0 0 0 0 0 0 0 0 1006 0 0 0 0 0 0 0 0 0 0 0 0 0 955 0 539 0 0 0 0 0 0 0 1006 0 0 0 0 0 0 0 0 564 0 1006 0 1248 0 0 0 321 0 0 1074 0 0 564 0 0 0 0 0 1248 0 0
0 369 0 369 0 0 0 0 0 0 369 369 0 369 0 369 0 0 0 0 0 369 1310 0 0 247 0 369 0 0 0 0 0 0 0 0 0 0 0 0 0 0 851 0 0 0 0 369 0 0 0 0 0 0 0 0 0 0 0 0 369 369 0 0 0 0 369 0 0 0 0 0 0 0 0 369 0 0 369 0 0 0 0 0 0 0 0 0 0 0 0 0 0 0 0 369 0 0 0 0 0 443 369 0 369 0 0 325 0 369 0 0 0 0 0 369 369 369 0 369 0 0 0 0 0 369 0 0 0 0 369 369 0 0 0 0 0 0 0 0 0 0 145 0 369 0 0 0 0 0 0 0 0 0 0 0 0 0 0 792 369 369 0 369 0 369 0 0 0 0 369 0 0 0 0 0 0 369 0 0 0 0 0 0 0 0 0 369 0 0 0 0 0 0 0 0 0 0 0 0 0 0 0 0 0 0 369 0 369 0 369 0 0 0 0 0 0 0 369 0 0 369 369 0 369 0 0 358 0 0 0 0 369 0 0 0 0 0 0 369 0 0 0 0 0 0 0 0 0 0 0 0 0 0 0 0 369 0 0 0 0 369 369 369 0 0 0 0 0 0 0 369 369 0 0 0 0 369 116 0 369 369 0 369
0 0 0 1462 0 0 0 1462 0 0 0 0 0 1316 0 0 1288 0 0 0 0 1310 951 0 0 0 0 0 0 0 0 0 648 0 0 456 0 0 0 1511 0 0 0 0 0 0 0 0 0 1251 0 0 1462 0 1312 0 853 0 0 537 924 0 0 0 0 0 321 0 0 0 0 0 0 0 0 0 0 1011 938 1462 0 1462 1083 482 0 0 0 0 0 0 1276 0 721 0 0 0 0 0 0 0 0 0 0 0 0 1035 0 0 0 0 333 0 0 245 0 0 944 0 0 0 0 0 0 0 0 0 0 0 0 0 0 0 700 0 0 0 0 0 0 0 1216 0 0 0 0 892 0 0 372 0 0 0 0 417 385 0 0 0 0 0 0 0 0 0 0 0 0 0 0 0 0 724 0 0 0 1311 0 961 0 0 0 0 630 0 0 1389 0 0 0 918 476 410 0 1417 668 626 0 0 0 0 0 0 0 0 0 1081 0 577 0 0 0 0 0 0 0 0 0 0 0 1462 0 1462 1462 0 0 0 0 0 1462 0 0 0 153 906 0 1462 0 0 504 0 0 0 646 0 0 0 0 574 0 0 0 0 0 942 1323 1113 0 0 0 0 0 0 0 0 0 0 0 0 0 0 0 1074 1442 0 0 686 0 0 1511 0 0 0 0
0 0 0 534 0 454 0 1171 0 519 0 0 1083 0 0 1083 0 0 0 0 0 0 0 0 0 0 0 1083 0 1083 0 0 0 0 456 1083 1083 0 0 0 851 0 0 0 118 0 0 0 372 254 0 0 0 0 0 853 397 475 0 924 0 0 0 245 0 0 0 544 0 0 0 0 0 0 282 0 0 0 0 0 0 1171 482 0 0 0 0 0 776 1083 0 0 0 0 0 1083 0 0 1083 0 0 1083 739 0 0 325 0 0 1083 0 0 0 0 660 0 944 1083 0 0 0 0 926 0 0 0 0 0 0 1083 1083 0 0 0 0 0 764 0 0 184 0 0 0 0 0 892 0 0 0 155 0 1006 0 0 0 0 0 0 0 0 0 176 0 0 1083 0 0 127 0 0 0 0 0 0 0 0 0 0 0 0 0 0 0 288 0 0 0 0 0 0 0 0 0 0 0 0 0 0 0 0 0 0 1083 0 0 0 0 0 0 0 0 0 0 0 305 0 0 499 685 0 995 0 1083 1058 0 0 0 1083 0 0 0 0 153 906 0 0 702 0 0 0 0 0 646 539 0 0 138 0 0 0 0 0 0 0 0 0 0 0 0 0 0 1083 0 0 0 0 1171 0 321 403 0 1074 0 1083 0 1171 0 0 0 668 0 0 0
0 0 0 0 0 738 0 0 519 0 0 1316 0 0 0 0 0 0 0 0 738 0 0 0 0 738 0 738 0 0 454 0 0 0 0 0 333 0 738 0 0 0 0 0 0 0 0 0 0 0 0 738 0 0 738 0 0 0 0 0 0 0 738 0 648 0 0 0 0 0 0 738 0 0 738 0 938 0 0 0 0 0 738 0 0 653 0 738 0 0 0 0 738 738 0 0 660 1624 0 686 0 0 0 0 0 0 0 0 0 738 0 0 0 738 0 738 0 0 0 0 738 0 738 0 0 0 0 0 0 738 0 0 898 738 738 0 0 0 0 145 0 0 0 892 0 403 0 0 0 0 0 738 0 0 782 0 0 0 0 0 0 0 0 0 0 0 0 738 0 0 0 0 456 0 738 0 0 0 0 0 0 0 0 0 604 0 0 0 0 534 0 0 0 0 0 0 0 325 738 738 0 552 0 0 0 0 475 738 0 0 406 0 305 0 0 0 0 0 0 0 0 0 0 0 0 738 0 0 0 337 0 0 0 0 0 0 0 0 0 0 0 539 738 0 0 0 0 616 0 0 0 0 712 0 0 0 0 0 0 0 0 471 0 0 0 0 321 0 0 0 738 0 369 0 0 116 0 0 0 298 738
0 0 0 0 841 0 0 0 0 0 160 0 0 0 0 0 0 0 697 951 627 0 1622 0 0 0 0 138 1062 454 0 0 0 0 0 0 1563 0 0 0 0 0 0 1411 410 1348 0 321 0 1422 0 0 0 0 397 1231 0 0 0 0 0 0 0 0 0 0 0 0 245 0 0 0 282 1001 0 0 319 0 127 1174 0 0 0 922 0 0 0 766 0 0 0 942 0 0 631 660 0 443 0 0 0 0 254 0 0 0 538 0 0 0 0 0 0 0 791 0 0 0 0 0 0 0 1171 0 0 1092 0 0 985 0 1519 689 0 764 0 0 0 785 0 0 0 1347 0 0 0 0 0 155 0 0 0 385 0 0 0 0 0 0 0 0 0 0 0 0 0 0 0 0 0 0 250 0 0 1216 0 0 0 0 738 630 0 0 0 604 0 1525 476 968 0 0 0 0 0 789 0 0 0 0 0 330 0 0 700 0 0 0 1555 0 0 0 0 0 0 0 0 0 0 0 0 1316 0 101 0 0 0 0 0 0 0 0 0 0 0 0 1622 0 893 1248 0 869 0 1590 0 577 0 0 0 0 0 0 0 0 0 119 0 0 1622 564 0 0 0 0 0 0 0 0 0 1567 0 0 1113 0 0 0 0 1580 0 0 236 0
0 0 0 0 0 503 519 0 534 0 534 0 0 524 245 0 0 0 0 0 0 534 534 0 0 0 0 0 0 0 0 534 0 0 0 0 0 524 0 0 0 0 0 0 0 0 0 0 0 0 0 0 0 0 534 0 0 534 0 0 0 0 534 0 0 0 534 0 0 0 0 0 534 0 524 0 0 0 0 0 0 0 0 0 0 534 0 534 0 0 534 0 0 0 0 524 0 0 0 534 0 254 0 0 0 0 0 0 524 187 0 534 534 0 534 0 0 0 0 0 534 0 0 0 0 0 0 0 0 534 0 0 0 0 0 0 0 0 0 0 0 0 0 0 0 0 0 0 534 0 0 0 0 0 0 0 0 0 0 0 534 0 0 127 0 0 0 0 0 250 456 524 0 301 0 0 0 0 0 0 0 524 0 0 0 476 534 0 0 534 0 0 524 0 0 0 0 0 330 0 0 534 0 0 0 534 211 0 406 0 0 0 0 0 0 0 0 0 0 0 0 0 0 0 0 0 534 0 0 0 0 0 0 0 0 524 0 0 0 0 534 0 0 534 0 0 0 0 0 0 0 0 0 0 0 0 534 0 0 0 534 0 0 0 321 0 0 0 0 0 0 0 534 0 0 0 0 298 0
0 0 0 319 0 0 0 0 0 1157 0 0 789 1157 0 0 1157 951 791 0 0 0 0 0 0 0 0 0 101 0 456 0 0 0 0 0 0 1157 0 1157 0 0 0 985 0 254 0 0 764 0 0 853 0 0 0 0 519 0 0 0 247 0 1157 0 0 0 0 0 0 0 862 0 0 938 0 0 0 1083 0 0 0 0 653 0 776 0 369 0 0 0 922 0 0 0 0 0 0 1157 739 0 0 0 0 0 0 0 0 0 0 0 0 0 1157 0 0 0 0 0 0 0 0 0 325 0 0 0 1157 700 0 898 0 0 0 0 0 0 0 0 0 0 0 250 0 0 0 0 0 0 0 0 0 782 427 0 0 833 0 0 160 1157 0 0 0 0 838 0 0 1011 0 0 0 0 0 1157 0 0 0 0 0 0 0 0 0 0 0 0 0 0 0 0 0 0 0 0 1157 1157 0 0 0 0 0 0 0 0 0 0 0 0 0 0 539 0 0 0 0 995 1157 0 0 0 0 0 0 0 0 0 0 0 0 117 0 0 0 0 0 0 0 0 0 0 0 0 574 0 1157 0 0 577 942 0 0 0 0 0 0 0 0 0 471 282 0 668 0 0 0 0 1157 1157 0 0 0 0 116 0 0 0 0 0
0 0 454 503 0 0 0 702 0 0 0 0 0 0 0 0 0 0 0 0 0 0 0 0 0 454 648 454 0 0 0 0 0 0 0 702 0 454 0 0 454 0 0 0 0 454 0 0 454 0 0 0 475 0 0 0 0 702 0 0 0 702 0 0 0 245 702 0 0 0 0 0 702 0 0 0 0 0 0 0 0 0 0 0 0 0 0 330 454 0 0 0 454 0 443 0 0 0 0 702 0 454 0 702 0 0 0 0 0 454 0 454 454 655 0 0 0 0 0 0 0 0 0 702 0 0 0 0 0 0 0 0 0 0 702 0 702 454 552 0 0 0 0 0 0 0 0 454 0 0 0 427 0 702 0 176 0 0 0 0 0 127 0 0 0 702 0 0 454 0 0 0 0 0 454 0 0 288 0 0 0 0 0 0 454 0 0 0 668 0 0 0 0 325 0 454 0 0 0 0 0 0 0 0 0 0 0 0 0 0 0 499 0 0 0 0 0 0 0 0 0 702 0 0 454 0 0 0 0 0 454 0 0 0 0 0 0 0 0 0 138 0 0 454 0 0 0 0 0 702 0 0 185 702 0 0 702 0 454 0 454 0 0 0 0 0 0 702 0 0 0 0 0 0 0 298 0
0 0 503 0 1126 841 0 0 444 841 0 841 841 0 841 951 791 0 0 841 0 0 0 841 0 0 0 0 0 841 841 0 1514 0 841 0 0 1501 0 0 711 0 0 0 0 0 0 0 0 0 397 475 0 924 0 0 0 0 0 321 841 0 0 0 0 0 0 0 0 1001 0 841 0 841 0 1174 0 0 0 524 653 0 776 0 0 0 0 942 0 0 0 0 841 0 0 841 0 0 0 0 0 0 0 0 0 0 187 0 0 0 841 0 0 0 0 0 604 816 0 0 325 1092 841 0 0 0 0 0 0 0 0 841 0 841 0 0 841 0 0 0 454 0 0 0 0 0 0 0 0 782 427 0 0 0 0 0 0 0 0 0 127 0 0 0 724 722 0 0 0 0 0 841 841 0 0 0 0 0 841 0 0 0 0 476 0 0 0 0 626 0 0 0 841 0 1168 0 0 841 841 0 0 0 0 211 459 406 0 305 0 0 0 685 0 841 0 841 841 0 0 358 0 0 841 0 337 153 0 0 0 0 0 0 0 0 0 646 539 1514 0 0 0 0 616 0 0 0 1083 841 0 0 0 0 0 0 841 0 0 0 841 0 780 0 403 0 0 1008 0 0 0 0 0 0 0 0 0 0
0 503 0 0 0 0 0 0 0 0 0 0 0 0 319 0 1658 0 0 0 0 1138 0 319 0 0 1651 0 0 0 0 0 0 851 1357 0 0 0 0 0 0 0 0 746 0 0 0 0 853 319 0 0 0 0 0 0 0 0 0 0 0 811 319 0 0 0 0 862 0 0 0 0 1270 0 0 0 0 1126 0 0 0 0 0 369 0 0 211 0 0 0 0 0 0 0 1387 0 0 0 319 1664 940 0 0 0 1475 0 0 319 0 0 0 0 126 319 0 0 0 0 319 0 0 0 1176 0 0 319 898 0 0 319 1221 0 1216 0 0 0 0 892 250 454 0 0 0 1006 0 417 0 0 0 0 0 0 0 1610 0 0 1567 0 0 127 0 0 0 0 319 0 0 1311 145 961 0 0 0 0 319 206 0 0 0 0 0 0 0 410 0 1417 0 626 0 627 0 0 319 0 0 960 0 0 0 577 0 248 288 0 0 0 0 319 0 0 0 0 0 0 0 0 0 319 0 0 0 0 0 0 0 906 0 0 0 1075 0 0 0 955 0 319 319 0 138 0 0 0 0 0 0 0 0 1113 665 0 185 1610 0 1664 0 471 0 0 0 0 0 0 0 319 0 0 0 0 0 0 0 319 0 0 0
0 503 503 0 482 0 444 0 0 0 0 0 482 503 503 0 0 503 0 503 503 0 503 0 0 0 0 0 0 0 503 0 0 0 0 0 0 503 0 0 0 0 0 0 0 0 185 0 0 0 0 0 503 238 499 0 0 0 0 0 0 503 0 0 0 0 0 0 0 0 0 503 0 0 0 0 0 503 0 0 0 0 0 0 0 0 0 0 0 0 0 0 0 0 503 0 0 0 503 0 482 503 0 482 187 503 0 0 503 0 482 398 0 0 0 0 0 0 0 0 0 0 0 0 0 0 0 0 0 0 0 482 145 248 0 503 0 0 403 417 0 0 0 0 503 0 482 482 0 0 0 0 0 503 0 503 0 0 0 503 0 0 0 0 0 456 0 0 0 503 503 0 0 0 0 482 0 0 0 0 0 503 0 0 503 482 482 0 184 0 325 0 0 0 0 0 0 0 0 0 0 211 0 0 0 0 0 482 0 503 0 0 503 482 0 0 503 0 503 503 0 0 0 0 0 0 503 0 482 0 482 0 0 0 0 0 0 0 0 117 503 482 0 0 0 0 503 119 0 0 0 503 0 0 0 503 0 0 0 0 0 0 503 0 503 0 0 503 0 503 0 0 0 0
0 841 0 519 0 0 0 0 0 519 0 0 0 0 0 841 0 0 0 0 0 0 0 0 0 0 519 0 333 0 0 0 0 519 0 118 841 0 0 372 254 0 519 0 841 519 519 0 475 0 0 0 0 0 0 0 321 0 0 519 0 0 0 0 519 282 841 0 0 0 0 519 0 482 0 0 0 0 0 0 0 0 841 0 0 519 519 0 0 0 0 0 519 0 0 519 0 0 0 0 841 0 0 0 0 841 0 0 0 0 0 777 0 0 816 0 0 325 841 0 0 0 0 841 0 0 519 0 519 0 0 0 0 0 0 0 0 0 0 0 0 0 0 0 0 0 0 427 0 0 0 176 0 0 519 0 0 0 0 0 841 0 0 0 0 0 145 0 0 519 0 428 0 0 0 0 0 519 0 0 0 410 0 0 0 0 0 0 0 0 0 841 0 0 0 519 519 0 519 0 0 0 406 0 0 0 0 0 0 0 0 0 0 519 0 0 358 0 0 0 0 337 0 519 0 0 519 0 841 519 0 0 0 539 841 0 138 0 0 0 0 519 0 0 0 519 0 0 0 519 0 0 519 0 841 0 0 0 321 0 519 0 841 0 0 841 841 0 841 0 301 0 0
0 0 1126 0 0 0 789 0 0 0 0 951 0 0 1001 1126 0 1126 0 0 0 0 101 0 0 1126 0 187 0 0 0 0 0 1001 118 1001 711 0 372 254 0 1126 0 0 0 0 0 0 0 0 0 0 0 0 0 0 0 0 811 0 176 0 0 0 862 0 0 938 0 0 0 0 0 0 721 524 653 0 0 0 369 0 1008 211 922 0 0 0 0 0 0 0 739 936 1035 0 0 0 0 0 0 0 0 0 0 0 0 1001 0 0 0 0 0 0 0 0 0 0 1126 0 1126 0 0 0 0 0 0 1126 0 0 0 0 0 552 0 0 0 0 155 0 1006 0 1001 0 0 0 0 792 0 0 0 0 0 0 0 0 127 0 838 0 724 0 0 0 1126 0 0 0 0 0 0 630 0 0 0 1006 0 0 918 0 0 0 0 0 0 0 0 0 0 0 0 0 0 0 0 0 0 605 0 0 0 0 0 0 0 0 0 685 0 0 0 0 0 1083 0 1126 0 0 965 0 337 0 0 117 0 702 1075 0 0 580 0 0 0 0 1001 0 574 0 0 0 0 577 942 0 0 0 459 185 0 0 0 0 0 282 0 0 0 321 0 0 1001 1126 0 0 686 0 0 0 0 0 298 968
0 0 0 444 0 789 245 0 0 0 0 0 0 0 0 0 0 0 0 0 0 1055 906 0 906 926 0 0 0 0 0 0 0 0 0 0 1305 372 0 0 0 0 1305 0 853 397 1231 0 0 0 0 499 0 0 0 0 544 739 0 245 0 766 665 0 0 0 906 0 0 0 0 482 0 721 0 0 0 0 0 746 0 0 0 0 0 0 660 906 0 0 1288 0 0 0 325 0 0 0 0 0 906 0 0 896 944 791 0 0 0 777 0 0 816 1171 0 0 0 0 1305 985 0 0 0 0 0 0 648 0 0 145 248 0 0 0 0 0 417 0 0 1305 0 0 0 906 0 427 792 1305 0 0 0 160 0 0 0 127 0 0 0 0 0 0 0 906 0 301 0 0 0 0 0 0 0 0 0 0 0 476 968 0 1305 0 0 0 0 184 0 0 0 0 0 906 1305 0 906 0 0 0 0 0 0 0 305 0 0 0 0 0 1305 0 0 906 0 1189 0 807 0 0 0 0 0 0 0 0 0 906 0 0 1248 0 0 539 1305 0 0 0 0 0 906 0 0 0 0 0 119 0 1305 0 0 0 0 0 0 0 0 780 321 0 0 0 0 0 0 1305 0 0 0 0 1305 0 0
0 0 0 0 0 0 0 0 0 0 0 0 0 0 0 0 0 0 0 0 0 0 0 1227 0 0 0 0 0 0 0 0 0 1316 0 0 0 321 0 0 0 1312 0 1190 397 0 0 0 0 0 0 0 0 0 305 0 739 0 245 160 780 0 0 0 0 0 0 0 160 0 0 0 0 0 0 206 0 0 0 0 0 0 1316 0 0 0 0 0 0 0 0 0 0 0 0 0 0 1316 0 0 0 0 0 0 0 0 0 0 0 0 0 0 0 496 0 1092 0 0 0 1316 1316 0 0 764 0 0 1316 0 145 248 0 0 0 0 0 0 0 160 0 0 0 0 0 0 160 0 0 711 176 1203 1316 0 0 0 0 965 0 0 160 722 0 0 0 1216 0 0 0 577 0 630 288 0 0 0 0 0 0 0 0 1316 0 0 0 160 184 0 0 0 1168 0 0 0 0 0 1127 0 0 211 459 160 0 0 0 0 0 0 0 0 0 0 0 0 0 358 0 0 960 0 0 0 0 0 0 811 0 0 0 0 0 869 0 0 1316 0 0 0 0 0 1081 1176 0 0 983 0 504 0 160 564 0 0 0 0 0 1316 0 0 0 0 1074 0 0 369 0 0 116 0 0 0 160 0
0 0 1288 0 0 0 0 0 0 0 0 0 0 1316 0 0 0 0 0 0 0 0 0 0 333 0 0 851 0 0 0 0 0 0 0 372 254 0 0 0 1312 0 0 0 475 0 0 0 0 0 0 247 321 1615 544 0 0 0 0 0 0 0 1001 0 0 0 0 0 0 0 0 721 0 0 0 0 1276 0 0 0 0 0 1473 983 0 0 0 686 0 739 0 0 325 0 0 0 1462 862 0 0 660 896 0 0 0 0 0 0 926 0 0 1171 0 0 0 0 0 0 700 1462 898 772 0 0 1221 0 0 0 0 1216 0 892 0 0 0 0 236 0 1350 0 0 0 0 0 0 0 0 0 0 0 1567 1442 0 0 0 838 1462 0 722 0 869 0 145 0 0 0 0 0 0 0 538 0 0 0 1462 476 0 0 0 0 668 0 0 0 0 325 0 0 0 960 0 1081 0 0 605 0 0 459 0 893 0 0 689 0 0 0 0 0 0 0 0 1189 358 0 0 0 0 0 153 0 0 1663 0 1075 0 1240 0 0 646 0 0 0 138 0 0 0 0 0 0 1083 0 0 119 504 185 1610 0 0 0 0 0 0 0 0 0 0 0 1074 0 0 0 1374 1066 0 0 0 0 0 0
0 0 0 0 298 0 444 0 444 247 444 444 0 0 0 0 0 0 0 428 0 0 0 0 444 0 0 0 444 0 0 0 0 0 0 0 0 0 0 0 185 0 0 0 0 0 0 0 0 0 0 0 0 0 0 0 245 0 444 0 282 0 444 0 319 0 0 0 0 444 0 0 0 0 444 0 0 0 0 0 0 0 0 0 0 443 444 0 0 936 0 325 0 0 0 0 0 1475 187 0 0 0 0 0 0 398 0 444 0 0 444 0 444 0 0 0 0 0 0 0 444 444 0 0 444 444 0 0 0 0 284 444 0 0 0 155 444 0 0 0 444 0 0 0 0 444 0 0 0 444 0 0 0 0 444 0 724 0 250 0 0 0 0 444 0 0 0 0 288 116 444 0 0 0 0 0 0 0 0 444 626 444 184 0 0 444 0 330 444 0 0 369 0 0 0 211 444 444 0 0 0 0 0 0 444 0 444 0 0 101 0 0 0 0 0 0 444 0 0 256 0 0 0 0 0 0 955 444 0 0 444 0 0 0 0 444 0 0 0 0 444 119 444 444 444 0 0 0 0 0 0 0 0 0 0 0 0 444 0 0 0 444 0 444 0 444 0 0
0 789 0 0 0 0 951 0 247 0 0 0 0 0 0 0 0 0 0 994 0 0 333 1288 0 0 0 0 1288 0 0 0 0 0 0 0 0 0 0 0 0 0 0 0 0 0 0 0 0 0 0 1485 0 0 0 0 0 0 0 0 0 0 938 0 0 0 0 482 0 721 0 0 206 0 1276 0 0 0 0 0 1473 0 660 0 443 686 0 0 936 0 0 1288 1288 1195 1288 0 0 0 0 0 0 0 1288 0 398 777 926 0 816 1171 0 0 1092 0 0 0 0 0 0 0 764 0 1221 184 0 0 807 1216 552 0 250 0 0 0 0 0 0 1288 385 1485 0 0 0 0 0 0 1203 0 0 0 284 0 0 0 0 0 0 0 0 0 0 0 0 0 0 428 0 288 0 1389 604 648 1288 0 0 0 1288 0 0 0 0 0 0 0 0 0 330 960 1288 0 1485 0 0 248 211 0 0 0 0 0 0 0 685 0 0 0 0 1058 101 0 358 1485 0 0 0 0 0 906 0 0 702 0 1288 0 0 0 0 539 1288 0 0 0 0 0 0 0 577 0 0 0 0 0 0 1485 564 1485 0 0 1254 564 1288 0 0 0 0 1074 0 0 0 0 1066 0 0 0 1288 0 0
0 245 0 0 0 0 0 0 0 789 789 0 0 0 0 0 0 0 0 789 0 0 0 0 851 0 789 0 0 789 0 0 372 0 0 0 0 0 0 0 0 0 0 0 0 0 0 789 0 0 0 0 0 789 0 997 780 0 0 0 0 0 0 0 127 0 0 0 0 0 0 0 0 0 0 789 0 0 0 0 631 660 0 0 0 789 0 936 254 0 0 0 0 0 0 0 0 0 789 789 0 0 655 398 777 0 0 0 0 496 0 0 0 789 0 0 0 0 0 764 0 0 0 0 0 0 789 0 0 0 0 417 782 0 0 0 0 0 789 0 0 789 789 711 176 0 789 580 0 0 0 789 0 0 0 0 0 456 0 0 0 0 0 0 738 630 0 0 0 0 0 0 0 0 0 0 0 0 626 0 184 0 0 0 0 0 0 0 0 0 0 0 789 0 0 0 0 0 0 789 789 0 0 0 0 0 0 101 789 0 0 0 0 0 0 0 0 0 789 0 0 0 0 789 0 0 0 0 0 0 0 0 616 0 0 789 0 0 0 119 0 0 789 564 0 0 0 0 0 0 789 321 605 0 0 0 0 369 0 0 0 0 0 0 236 0
0 0 0 0 0 627 0 0 1218 1316 0 0 245 0 0 0 0 0 0 0 0 0 0 0 0 0 0 0 0 0 0 372 0 0 0 0 0 0 245 0 245 0 924 0 0 245 1006 646 245 245 0 0 0 0 245 0 0 0 0 1011 0 0 245 0 0 0 0 0 0 0 0 961 0 0 0 0 0 0 153 245 0 245 0 0 1288 1535 0 0 325 0 1462 0 1483 862 0 187 1535 0 0 0 0 0 0 0 0 0 0 0 0 0 0 0 0 0 0 0 0 772 0 0 0 1535 0 0 245 0 245 245 245 245 0 0 0 1417 1350 1462 0 0 0 0 0 245 0 0 0 0 0 0 0 0 0 0 0 245 0 0 0 0 1216 301 245 0 0 0 630 0 0 0 604 454 0 476 0 245 1535 1221 245 245 0 0 0 0 779 1168 330 0 1482 0 0 0 0 245 211 0 0 0 0 0 0 0 0 0 0 0 0 0 101 0 0 245 0 245 1364 0 0 0 0 0 0 245 0 0 0 0 0 0 0 1519 0 0 0 616 0 245 245 0 245 0 0 0 0 0 0 245 0 245 0 0 0 0 0 0 0 0 0 245 0 0 1066 0 0 0 1535 0 1514
0 0 0 0 0 0 1451 0 0 0 1276 0 0 0 1055 0 0 0 0 333 0 1148 0 0 0 0 0 0 410 0 372 0 0 0 0 1312 0 1190 0 1231 0 0 0 0 0 0 0 648 0 0 0 0 0 298 0 665 0 0 1011 0 319 0 0 0 0 761 721 0 0 0 961 0 0 0 0 942 0 0 0 0 1240 0 0 0 0 0 0 0 0 0 298 0 0 298 0 1451 0 944 0 0 298 0 777 0 126 0 0 0 0 0 0 0 0 0 0 689 0 0 0 0 1451 785 145 0 1371 0 0 0 0 417 782 0 0 0 1451 0 1058 1451 0 0 0 0 0 1203 0 0 0 0 127 965 0 1451 298 722 0 0 0 0 301 1138 0 577 0 0 0 0 0 0 0 0 476 0 534 0 1221 0 0 0 184 0 0 0 0 0 0 1451 0 0 1127 475 0 0 0 0 1451 0 0 0 1035 0 0 0 0 0 0 0 0 0 0 0 0 0 0 0 1176 0 0 0 0 1339 893 0 0 869 0 0 0 577 574 0 0 0 0 0 0 0 0 0 0 0 0 564 0 0 298 0 564 0 0 0 605 0 0 1008 0 0 1374 0 116 0 0 1451 236 0
0 0 785 627 0 0 0 785 0 0 0 0 0 0 0 0 0 0 0 785 0 0 0 0 0 0 0 0 785 0 321 0 0 0 785 0 785 0 0 0 785 0 0 0 0 0 0 0 0 0 0 0 0 0 665 282 0 0 0 319 785 0 0 0 0 0 785 653 206 785 766 0 0 330 0 785 153 0 0 785 0 686 0 785 936 0 325 0 785 0 0 0 0 187 785 785 0 0 0 0 0 0 0 0 0 0 496 0 0 0 0 0 0 0 0 0 764 702 0 0 0 145 0 0 0 892 0 0 0 155 0 785 0 0 0 785 0 427 0 785 0 0 0 0 580 0 0 0 0 0 785 0 0 250 0 1311 785 0 0 0 0 738 0 0 0 0 0 0 0 0 0 0 0 0 668 0 0 0 0 0 779 785 330 0 0 0 0 0 0 0 0 0 0 0 0 785 689 0 0 0 0 0 0 0 0 0 0 785 0 0 785 337 0 785 256 0 0 0 0 785 785 955 0 539 0 0 0 0 117 616 0 785 0 0 712 0 0 504 0 1610 564 503 0 0 0 0 0 0 321 0 785 785 785 785 369 0 0 0 785 0 0 298 0
0 951 0 0 0 0 0 940 1276 0 0 0 0 0 0 0 0 0 0 1148 697 0 0 1310 0 0 0 0 372 0 0 0 0 0 0 1190 397 0 537 0 1129 238 0 0 0 0 305 0 0 0 0 0 0 0 0 0 0 0 0 0 0 0 938 0 0 0 0 0 0 0 0 0 0 0 0 153 631 660 1240 0 0 0 0 0 0 0 0 0 0 1310 0 0 0 0 0 0 0 1310 0 398 0 0 126 0 0 0 1294 0 1305 0 985 0 0 0 772 0 0 0 0 0 0 248 1310 1310 0 1270 0 0 0 0 0 0 0 0 1058 0 0 0 0 711 0 0 1310 0 0 0 792 0 0 1310 0 0 250 0 0 1216 0 0 0 0 738 0 0 0 0 0 0 0 476 0 534 0 0 0 0 0 0 0 0 779 1168 0 0 0 0 369 1127 0 0 0 0 0 1310 1310 0 1216 0 685 0 0 1310 0 0 0 1189 0 0 0 960 0 0 1169 0 256 0 0 1310 0 0 0 697 0 0 1310 1310 577 0 0 0 0 0 0 0 0 983 119 504 1310 1310 564 0 853 0 0 0 0 1310 0 0 1310 0 1008 0 0 1310 1066 0 0 0 0 0 0
0 0 951 0 951 0 951 0 951 0 648 0 0 0 0 0 0 0 0 851 951 951 0 0 0 0 951 951 254 0 0 0 761 0 0 385 0 0 0 0 0 0 0 247 321 0 0 0 0 0 951 0 0 0 0 564 0 0 0 0 0 0 0 0 0 0 0 776 0 0 721 0 0 0 0 0 0 0 443 0 0 0 0 0 0 0 0 951 0 0 0 0 0 0 702 951 0 0 0 0 926 0 0 951 0 0 0 951 951 951 0 0 0 0 0 951 951 0 951 0 0 951 0 0 0 0 0 155 0 951 951 417 0 951 0 0 792 0 833 0 951 160 0 0 284 127 0 0 951 0 951 0 0 0 0 0 0 0 951 0 0 0 538 0 951 0 0 0 0 0 0 0 0 0 0 0 0 0 0 0 951 0 951 951 0 0 0 248 0 0 0 0 0 539 0 0 0 0 0 0 951 0 0 0 0 0 0 0 0 0 153 0 0 951 0 0 0 951 0 0 0 0 0 321 0 0 951 0 916 0 577 0 0 0 0 0 185 0 0 0 951 0 282 0 0 0 0 0 0 0 0 0 0 0 951 0 0 777 301 0 0
0 247 791 0 0 0 0 0 0 0 0 0 0 627 0 333 0 0 0 0 0 0 118 0 0 0 0 0 791 0 0 791 627 0 0 0 0 0 0 0 0 0 0 0 0 0 0 0 245 0 0 0 0 791 0 0 0 0 627 0 0 0 0 0 0 0 0 0 0 0 330 0 0 0 0 0 0 443 686 791 627 627 0 0 0 0 0 0 0 0 187 791 0 0 0 0 0 398 0 0 0 0 0 0 0 791 0 627 0 0 0 0 0 764 702 0 0 0 0 0 0 0 0 0 454 0 155 0 0 0 0 0 627 0 0 0 0 0 0 0 0 0 791 284 0 0 0 0 0 0 0 0 0 0 0 0 0 0 428 0 0 538 0 0 627 791 0 791 0 0 627 0 0 0 0 0 0 0 791 330 0 0 627 0 791 605 248 0 0 0 0 0 0 0 0 685 0 791 627 627 0 0 0 0 0 0 0 791 0 791 0 0 0 0 0 0 0 0 0 0 0 0 0 0 0 0 0 0 627 577 0 0 0 0 0 0 0 0 627 0 0 0 0 0 0 321 0 0 0 0 0 0 0 791 116 0 0 791 0 0
0 0 247 1316 940 0 247 0 0 0 0 994 0 0 0 1563 0 0 0 0 1501 118 0 0 0 0 0 0 0 0 0 0 0 0 0 0 0 1129 0 247 245 0 0 0 0 0 0 245 0 0 0 0 1001 0 0 0 0 0 0 247 0 721 0 0 0 961 0 0 0 0 0 0 247 0 660 0 0 0 0 0 0 0 0 0 0 0 0 0 0 0 0 0 944 0 0 247 126 0 0 247 0 0 0 1294 0 0 0 0 0 0 0 772 0 0 247 0 0 247 0 247 0 247 0 247 417 0 236 0 0 0 385 247 247 0 0 0 0 176 0 0 0 1442 247 0 0 0 0 0 0 247 0 0 0 0 0 0 577 0 0 0 0 247 0 0 0 0 0 0 0 0 0 0 0 0 0 325 0 1168 0 0 0 247 0 0 0 0 0 0 0 0 247 0 0 0 685 0 247 0 0 0 0 0 0 0 0 0 0 0 153 0 0 247 0 247 0 0 247 247 0 0 1590 0 0 0 0 0 0 0 0 1083 0 0 119 0 0 247 0 0 0 0 0 247 1487 247 0 0 0 1074 1008 0 247 0 0 0 0 0 0 0 0
0 0 0 1422 0 0 0 0 0 0 0 1325 0 187 0 1127 0 1357 0 1519 0 0 0 0 0 0 0 0 0 0 0 853 0 475 0 0 519 0 0 0 247 0 1615 0 0 0 176 0 0 1294 0 0 0 0 0 0 0 0 0 0 0 0 0 0 776 0 369 721 0 0 0 0 0 0 1624 443 1350 1387 0 936 0 0 0 0 1195 333 0 0 0 660 0 944 1249 0 655 0 0 0 0 0 0 0 0 0 0 0 0 700 0 0 0 0 0 0 0 0 0 0 1216 552 892 250 0 372 155 0 0 0 0 385 1665 782 0 792 0 833 0 0 0 0 0 0 0 1190 0 0 0 0 0 0 0 0 961 0 0 0 428 0 0 0 0 0 0 0 918 0 410 0 1417 668 0 0 627 0 0 779 0 0 0 0 0 0 0 0 248 0 0 0 0 0 0 0 0 0 0 0 1604 1645 1058 1083 0 0 0 0 965 0 337 0 0 0 0 0 0 0 1240 0 0 646 0 0 0 0 574 1129 0 916 1231 0 0 0 0 0 0 0 1610 1691 0 0 0 0 0 0 0 0 0 0 0 0 0 0 686 0 0 1462 777 0 298 0
0 0 940 0 0 0 0 0 1218 0 0 0 0 0 1148 851 0 0 1282 118 0 0 985 0 0 0 0 1192 1282 0 0 0 0 0 0 0 0 0 245 0 0 0 544 0 0 245 997 0 0 0 0 1011 0 0 1218 0 0 0 761 0 0 0 0 0 0 0 0 0 942 922 0 0 0 0 0 0 1282 0 936 0 0 0 1282 0 1282 0 0 187 1282 896 0 0 0 0 0 777 1282 0 0 0 0 1282 1092 1218 0 1176 0 0 0 0 0 0 0 0 0 0 0 0 552 0 0 0 0 155 0 0 0 0 385 0 0 0 792 1218 0 176 0 160 0 0 0 0 1190 0 0 0 722 0 456 0 0 0 0 0 0 0 0 0 0 0 0 0 0 476 0 0 0 1218 0 0 0 184 0 0 0 0 0 960 1282 0 0 0 0 248 0 459 0 0 0 1282 0 0 0 1218 0 0 0 1058 0 1189 0 0 1282 0 1282 0 0 906 0 1218 702 1075 0 0 0 955 869 0 0 0 0 0 117 0 0 0 0 0 0 0 0 504 0 0 564 0 1218 0 0 0 1282 0 0 0 0 0 0 0 0 0 0 0 1282 0 1282 0 0
0 0 0 1316 0 0 0 1316 0 0 0 0 0 0 0 1316 0 0 0 0 711 0 0 0 0 0 764 0 0 0 0 0 0 0 0 0 0 0 0 0 0 544 0 1367 0 0 766 1294 862 0 0 938 0 1270 0 0 482 0 0 524 653 0 776 0 0 0 0 0 0 0 983 994 0 0 0 0 0 0 0 0 1316 0 0 0 0 1316 0 0 0 0 0 0 0 126 0 0 604 0 1316 496 325 0 0 0 0 0 0 0 0 1148 0 0 184 1216 1169 807 1216 0 0 0 0 372 0 0 1006 0 0 0 0 0 0 792 0 0 0 0 160 0 0 0 0 0 838 0 0 0 0 0 0 0 961 0 0 0 0 0 0 0 0 0 0 0 0 0 0 0 0 0 0 0 627 0 0 1312 0 0 0 0 0 1316 577 0 0 0 0 0 893 305 0 0 0 238 0 0 0 1316 0 0 0 0 0 1316 0 0 337 0 0 0 0 0 0 0 0 0 955 0 0 0 0 0 0 1129 1316 916 0 0 0 0 0 0 0 0 0 0 1316 1316 0 0 0 0 0 0 403 0 0 1316 0 0 0 0 116 1316 0 301 0 968
0 940 0 0 0 1055 940 0 0 940 0 0 0 851 0 0 0 118 1411 711 0 0 0 746 0 0 0 631 853 0 0 0 0 0 0 0 0 0 321 0 0 0 0 0 0 0 665 0 0 1011 0 0 0 0 0 0 0 0 0 0 0 0 940 369 1251 0 0 0 0 0 0 0 0 686 0 0 0 940 0 0 0 0 1422 0 0 0 0 896 0 0 0 0 0 0 0 0 0 1171 0 0 1092 0 0 940 0 1422 0 0 0 0 940 0 0 0 0 0 0 0 0 0 0 0 0 0 1350 0 0 0 0 0 0 0 833 0 0 0 0 0 0 0 940 0 1422 0 0 934 869 0 0 940 0 0 577 0 630 0 538 0 0 648 0 0 968 0 1422 0 0 0 0 0 0 0 0 0 940 0 0 0 0 0 0 0 0 0 406 0 0 1422 689 499 0 0 0 0 0 0 0 0 0 0 940 0 0 0 0 0 0 940 702 0 0 0 0 0 0 0 0 0 0 574 117 616 0 0 0 0 0 940 0 0 0 940 0 0 0 471 0 940 1422 0 0 403 0 0 1008 940 564 0 0 0 0 0 0 298 0
0 0 0 0 0 0 0 1138 0 0 0 1138 851 0 0 0 118 1138 0 0 372 0 0 0 0 1138 0 0 0 0 0 0 1129 0 0 0 0 0 0 544 0 0 245 997 0 665 0 0 0 0 319 1138 1276 1138 0 0 0 524 0 0 961 766 0 0 0 0 0 0 631 660 1276 0 0 0 0 0 254 0 0 0 1195 1138 0 1276 0 1138 0 944 791 1138 0 0 777 0 0 816 0 0 1138 1092 0 0 985 0 1138 898 0 764 0 0 0 0 0 248 0 552 892 0 0 0 155 0 1138 0 0 385 0 782 0 0 0 833 176 0 160 580 0 284 0 0 1138 0 724 0 0 0 0 0 0 0 0 0 428 0 0 0 0 0 0 0 0 0 0 0 0 0 0 0 0 0 325 0 0 330 0 0 0 0 0 0 1138 0 0 0 0 305 0 689 1035 0 0 0 0 1276 0 101 0 0 807 0 0 0 0 0 1138 0 0 0 0 0 0 1138 0 0 0 0 0 0 0 0 616 0 0 0 1083 0 0 0 504 1138 0 0 0 0 0 1138 0 0 0 321 0 0 0 0 1113 0 0 1066 116 0 668 0 0 0
0 0 138 0 138 0 0 926 333 0 0 138 1535 0 0 0 1411 0 0 0 0 0 1422 0 0 0 0 0 138 0 0 1129 238 138 0 646 138 0 0 0 0 245 0 0 0 0 1001 1011 0 0 138 0 0 0 0 0 138 138 0 0 138 0 0 330 0 0 0 0 0 138 0 0 0 0 0 0 0 1401 1462 138 0 862 138 0 0 0 0 0 0 138 0 0 0 0 0 0 496 0 1092 138 0 0 0 0 138 0 0 702 0 0 0 145 138 0 138 0 0 138 417 138 0 1417 1350 0 385 0 138 0 138 138 138 0 1203 0 0 0 0 0 0 0 0 138 0 138 456 0 0 0 0 838 0 0 0 0 0 0 0 0 1525 0 0 0 0 0 0 0 0 0 0 0 0 0 330 0 0 0 138 0 138 138 0 459 0 0 138 1511 138 0 685 0 1630 0 0 0 101 1189 358 0 0 0 0 0 1169 0 0 0 811 138 0 0 0 0 869 0 0 0 0 0 117 0 0 138 0 1083 138 0 119 0 0 0 0 138 0 138 1254 564 1487 0 0 0 0 0 0 0 0 1374 0 0 0 668 0 0 1514
0 0 0 1062 0 1062 0 0 0 0 0 0 0 0 0 0 0 0 1062 254 746 0 0 0 0 0 0 0 0 1062 0 0 1062 0 0 0 0 0 811 0 0 0 766 0 0 0 0 0 0 0 0 0 0 944 0 524 0 0 0 0 0 0 0 0 0 0 0 0 0 0 0 0 739 0 0 397 0 0 0 0 256 1062 0 0 0 0 0 0 0 126 0 0 0 1062 0 0 0 0 0 0 0 0 0 898 0 0 0 1062 184 0 0 0 0 0 0 0 0 372 0 236 1006 0 0 0 0 0 0 0 0 0 0 0 0 0 616 284 0 0 0 1062 0 0 0 869 0 0 0 1062 1062 0 0 0 0 538 0 1006 0 0 0 0 0 0 1062 668 626 0 0 0 0 1062 0 0 0 0 0 0 577 605 248 0 0 406 0 0 0 689 0 0 0 995 1062 0 0 0 325 1062 0 0 0 772 0 153 0 0 1062 0 0 504 0 0 955 0 0 0 0 138 0 0 0 916 0 0 0 0 0 665 0 185 0 0 0 0 0 282 0 0 0 0 0 1062 1062 0 1062 0 0 1062 116 1062 0 0 298 0
0 0 454 0 0 0 0 0 0 0 0 0 0 0 648 0 0 0 0 0 648 648 648 185 0 0 0 537 0 0 0 454 648 0 0 0 0 0 648 0 0 454 648 282 0 648 0 0 648 0 0 0 648 0 0 0 0 0 0 648 648 330 0 0 0 0 648 0 443 648 0 0 0 0 325 0 0 454 0 0 454 0 0 0 0 648 0 0 0 0 0 0 0 648 0 648 0 0 0 0 0 0 0 0 648 0 0 0 0 145 0 0 0 0 0 0 0 0 0 0 648 0 0 0 0 427 0 0 0 0 0 0 0 648 0 0 0 0 0 0 0 0 0 454 648 301 0 648 0 428 0 0 0 0 604 454 0 476 648 0 0 0 0 0 0 0 0 0 0 0 0 454 0 648 0 0 0 0 0 0 406 454 0 0 0 0 648 0 0 0 0 0 0 648 0 0 648 454 0 0 648 0 0 0 648 0 0 0 0 0 0 0 648 648 577 574 117 0 0 0 0 0 0 648 119 0 648 0 564 454 0 0 0 0 0 0 0 605 0 0 0 0 0 0 648 0 0 0 648 0 0
0 0 0 0 1055 0 0 0 0 0 0 0 0 101 0 0 101 0 0 1055 0 101 0 853 101 0 101 101 0 0 0 0 0 0 0 544 0 0 0 0 0 0 101 0 0 0 0 0 1055 0 0 0 0 524 0 0 0 0 0 0 101 101 922 0 0 0 0 443 0 0 0 0 1035 101 1055 0 0 101 0 0 101 0 0 0 0 0 0 0 0 0 0 0 1055 0 0 0 0 0 0 700 0 0 0 0 0 0 0 1055 0 807 0 0 0 250 0 101 0 0 0 0 0 0 1055 782 0 0 0 0 0 0 0 1055 0 0 127 0 0 101 724 0 0 0 1055 0 0 0 1055 0 0 0 101 0 0 1006 0 0 0 101 0 1055 1055 0 0 0 0 0 0 0 0 1055 0 0 0 0 0 605 0 0 0 0 0 305 101 689 0 101 0 995 0 0 1055 0 0 0 0 0 0 0 0 0 906 0 0 0 0 101 0 0 0 0 0 0 101 0 101 101 0 916 0 0 101 1055 0 0 0 0 0 101 0 0 471 101 0 0 0 101 0 0 0 101 1055 0 0 0 0 0 0 301 0 0
0 0 1227 0 0 1563 0 0 1535 1473 0 0 0 0 0 372 321 1217 0 0 1312 0 1190 0 0 0 0 0 0 499 0 0 0 0 0 0 1367 0 0 0 0 0 0 0 0 319 0 0 0 428 761 0 0 0 0 0 766 0 0 330 0 0 153 0 0 0 428 0 0 1604 0 0 325 0 1462 428 0 862 0 187 0 896 0 0 0 0 0 0 0 0 0 0 496 0 0 1305 0 0 0 1519 0 0 764 0 0 0 428 0 248 0 0 428 0 0 0 0 0 0 0 0 0 0 0 0 428 1630 0 0 0 0 0 0 284 0 965 1249 0 0 0 0 0 0 1216 301 0 0 0 0 0 0 0 0 604 0 0 0 0 0 0 0 428 0 0 184 0 325 0 0 0 0 0 0 0 0 475 0 0 459 0 0 0 0 0 0 685 0 1651 0 428 428 0 1189 0 0 1387 0 0 0 0 0 0 1389 811 0 0 0 1248 0 0 0 0 1519 577 574 0 616 0 0 0 0 712 0 0 0 0 0 0 0 0 428 0 0 0 1325 0 0 1567 0 1008 0 369 0 0 116 1580 0 1550 298 1514
0 0 994 0 0 0 0 0 0 0 0 456 0 985 0 0 0 456 0 456 631 0 0 0 0 456 0 0 0 0 0 0 0 0 811 456 0 0 0 0 0 456 0 0 0 994 994 0 482 0 456 0 0 0 0 0 0 0 0 456 922 0 0 0 0 443 0 994 0 0 0 325 0 0 0 456 456 0 0 456 456 0 994 0 0 0 456 0 0 0 0 0 0 0 994 0 0 0 0 0 0 0 0 0 0 0 0 0 0 0 0 0 454 417 155 236 0 456 0 385 0 0 0 792 0 833 0 0 160 0 0 0 127 0 0 456 0 0 0 0 0 0 0 0 994 456 0 0 0 0 0 0 648 0 456 456 0 456 0 0 0 0 0 0 0 456 0 0 960 456 0 0 456 605 0 0 0 0 0 0 0 0 0 0 0 994 0 0 0 0 0 0 994 994 0 0 0 0 0 0 0 702 0 0 994 0 0 0 0 0 0 0 0 0 456 0 0 0 0 0 0 0 456 0 0 0 994 0 0 0 0 0 0 0 0 0 0 456 0 0 0 0 0 0 0 0 0 0
0 0 0 0 0 0 0 0 1325 0 0 0 0 372 321 0 0 0 1312 0 0 0 0 0 924 1129 0 0 0 0 0 0 544 0 1325 0 0 0 0 0 0 0 938 0 0 1227 0 0 0 0 0 0 0 961 0 0 0 0 942 922 0 0 0 0 0 0 1288 0 0 0 0 0 1325 1195 0 0 1227 0 0 0 0 0 1325 0 0 777 0 126 0 0 0 0 0 0 0 985 0 1325 0 0 0 702 0 1325 0 145 0 0 0 892 1270 0 0 0 0 1325 0 0 0 0 0 427 0 1325 0 0 0 0 0 0 284 0 0 0 0 724 0 0 456 0 1216 0 0 0 577 0 0 0 538 1227 0 0 0 0 0 0 0 0 0 0 697 0 0 0 0 0 330 0 0 0 0 0 0 0 0 0 0 0 0 1325 0 1035 0 0 1325 0 0 1058 0 0 0 0 0 0 1325 0 0 0 0 1227 0 0 0 0 0 0 0 0 0 0 0 0 0 0 0 0 0 0 0 0 119 0 0 0 0 0 0 0 0 0 0 780 321 0 0 0 1008 0 369 0 1066 0 0 0 0 0 0
0 333 0 0 851 0 926 0 0 0 0 926 0 0 0 0 0 0 0 0 0 475 0 0 0 0 0 0 0 0 0 0 811 0 0 926 0 0 0 1001 0 926 0 0 0 0 0 0 0 0 0 206 961 926 0 0 330 0 0 0 0 0 0 0 686 0 0 0 0 325 0 1371 0 0 862 926 0 0 896 0 0 0 0 398 0 1371 0 0 0 0 0 1092 926 926 0 700 1371 0 772 0 0 926 0 0 0 0 926 552 0 0 0 0 155 0 0 0 0 0 926 0 427 0 0 0 0 1203 0 0 0 0 127 0 0 0 0 0 0 456 0 0 0 0 0 0 0 630 0 0 0 0 0 0 476 0 0 0 0 0 0 0 0 0 325 0 0 0 0 0 0 0 0 605 0 0 459 0 0 0 0 689 0 0 0 0 0 0 0 0 1189 0 0 0 0 1364 337 153 0 0 926 702 926 1339 926 0 0 869 0 0 1371 0 0 117 0 0 0 0 0 0 0 0 0 0 0 0 0 0 471 0 0 0 0 0 403 0 0 0 0 0 0 0 0 0 0 0 0 0
0 0 333 0 0 0 0 118 187 0 0 187 254 0 333 0 187 0 0 0 333 0 187 0 0 0 245 247 0 333 0 0 187 176 333 333 0 0 0 0 0 0 333 0 0 0 0 0 0 0 0 0 333 333 0 0 0 0 0 0 333 0 0 187 0 0 0 0 0 333 0 0 0 0 0 0 0 187 187 0 0 333 0 0 0 0 0 0 0 0 0 0 0 0 0 0 0 0 0 0 333 0 0 0 0 0 0 0 0 0 0 0 0 0 0 0 0 333 0 333 333 0 0 0 187 160 0 0 0 0 0 0 0 0 0 333 333 0 0 0 0 0 333 0 187 0 0 0 0 0 0 0 0 333 0 0 0 333 0 0 0 0 0 0 0 0 333 0 0 0 333 0 0 0 0 0 0 0 0 0 0 0 0 0 0 0 333 0 0 0 0 0 333 0 0 0 0 0 0 333 0 333 0 333 0 187 0 0 0 0 333 0 0 333 0 0 0 0 0 0 0 0 187 0 0 0 0 0 187 0 187 333 0 187 0 333 0 0 187 116 0 0 0 0 0
0 0 0 0 0 1519 0 0 711 0 0 0 0 0 0 1312 0 0 0 475 0 0 0 238 1555 245 0 321 1563 0 0 0 176 0 766 1294 0 0 0 0 0 0 0 0 0 0 0 0 653 1168 776 0 0 0 0 0 0 0 0 0 0 443 0 1387 0 0 0 0 0 0 1195 333 0 0 0 660 0 0 0 0 0 0 0 0 0 0 0 0 0 1092 0 0 0 0 0 0 0 0 0 0 0 1216 0 0 0 0 0 0 454 0 0 0 0 0 417 0 1563 0 0 0 1243 0 0 0 160 1563 0 0 0 1190 838 0 0 0 934 869 1311 0 0 0 0 0 0 0 0 538 0 0 0 0 918 0 0 0 0 0 0 0 0 0 0 779 0 1217 0 0 0 0 0 0 0 0 0 0 0 0 0 0 0 0 1563 0 0 1563 0 0 0 0 0 0 0 772 0 0 0 0 0 0 0 504 1240 0 0 0 0 0 0 0 0 0 0 0 0 0 942 1323 0 665 459 0 0 1563 1563 0 0 0 0 0 0 0 403 0 1074 0 1348 564 686 1519 0 1462 0 301 0 968
0 851 1148 0 0 0 0 0 985 372 0 0 0 0 1127 0 0 0 0 0 0 0 0 1148 0 0 0 0 544 0 0 245 0 0 0 0 1001 0 0 319 0 0 0 0 0 0 0 0 0 0 1148 0 0 0 0 0 0 0 0 1148 443 0 0 0 0 0 0 0 0 0 0 0 0 0 0 896 0 0 0 655 0 0 926 0 0 0 0 1127 0 1148 0 0 0 0 0 0 0 0 0 0 0 0 0 1148 552 0 0 0 0 0 0 0 0 0 0 0 782 0 0 1148 0 0 0 160 0 0 0 0 1148 0 0 724 722 934 0 0 0 0 0 0 0 0 0 0 0 0 0 0 1127 0 0 0 1148 0 0 0 0 0 0 0 0 0 0 0 0 0 0 0 0 0 0 0 0 893 305 0 0 499 0 0 0 1148 0 1058 0 0 0 0 1148 0 0 0 0 906 0 0 0 0 0 0 0 0 0 539 0 0 0 0 0 0 0 1148 0 0 1148 0 119 504 185 1148 0 1148 1148 0 0 1148 0 0 0 403 1148 0 0 0 0 0 0 0 1127 0 0 298 0
0 851 851 0 0 0 0 851 0 0 851 0 0 0 0 851 0 0 0 0 0 0 0 0 0 0 305 833 0 0 0 0 0 0 0 0 851 851 0 0 127 0 0 0 721 0 0 0 0 766 0 851 0 0 0 0 631 0 0 655 0 851 851 0 0 0 0 0 0 0 0 0 0 0 851 851 0 0 0 398 0 851 0 0 851 0 0 0 0 0 0 0 0 689 772 0 702 0 0 0 0 248 851 851 0 0 0 417 0 0 851 0 0 0 0 851 0 0 0 0 0 0 0 0 0 0 0 0 0 0 0 0 0 0 0 0 0 0 0 0 0 630 0 0 0 0 454 851 0 0 0 851 0 0 0 0 0 0 0 0 0 0 0 851 0 0 0 475 851 0 459 0 0 0 851 0 0 685 0 0 0 0 0 0 0 0 0 0 0 851 0 0 0 0 0 811 0 0 851 0 0 0 539 0 0 0 0 117 0 0 851 0 851 712 0 0 0 0 0 564 0 0 0 0 0 0 0 0 0 851 0 0 851 0 851 0 0 0 668 0 0 0
0 0 0 0 0 0 0 0 254 0 0 0 1312 631 0 0 0 0 0 0 238 0 0 646 0 0 0 0 1357 0 0 0 665 0 0 0 0 0 0 0 1174 0 0 0 0 0 0 0 0 0 0 0 942 0 153 983 0 0 0 0 0 1357 936 0 0 0 0 0 0 0 0 187 0 0 944 791 0 0 0 0 0 0 0 0 0 0 0 0 0 0 0 0 0 0 0 0 648 0 0 145 0 1357 0 0 0 0 0 0 0 0 0 0 0 0 0 0 792 0 833 0 0 0 0 0 0 0 0 1249 1357 0 722 934 0 0 1216 301 0 838 0 0 630 0 0 1389 0 454 0 476 0 0 0 0 0 0 0 184 0 0 0 1168 330 0 1357 0 0 0 0 0 0 0 0 0 0 0 0 499 0 0 0 0 0 0 101 0 0 0 0 0 1357 0 0 0 0 0 0 0 0 0 1248 0 0 539 0 1357 0 0 0 616 0 0 0 1083 0 1113 0 0 0 1535 0 0 0 0 1254 0 0 780 321 403 0 0 0 0 0 0 0 116 0 0 0 298 0
0 1501 0 1411 711 985 0 0 0 0 0 0 0 0 0 0 537 924 0 0 0 0 0 0 0 0 0 0 0 0 0 0 0 0 1011 938 319 0 0 0 482 0 0 0 0 0 961 0 0 0 0 942 0 0 0 660 1473 0 686 1288 0 0 1035 0 0 0 0 0 0 1473 0 0 896 0 1249 1404 655 0 0 0 0 0 0 0 1294 0 0 0 0 0 0 0 0 0 0 1221 184 0 0 807 0 0 892 0 0 417 0 0 0 0 1462 0 0 782 0 0 1243 0 0 0 0 0 1442 284 0 1190 0 0 0 0 0 0 0 0 301 0 0 0 428 0 0 538 0 0 0 0 0 0 0 1587 0 0 626 697 0 0 0 0 1168 330 960 1482 0 1473 1127 0 0 0 459 406 0 305 0 0 0 0 0 0 0 0 0 0 0 358 1473 1387 0 0 0 0 0 0 1473 0 0 0 1240 1248 0 0 539 0 0 138 0 0 0 0 0 0 0 0 0 0 0 0 0 0 0 0 471 0 0 1487 0 0 0 0 0 0 1348 0 1374 0 116 0 0 0 0 0
0 118 0 0 0 0 0 0 0 0 0 0 0 397 0 537 0 0 0 0 0 0 0 1501 0 0 0 0 0 0 0 0 0 1011 938 0 0 0 0 0 761 0 524 0 0 0 0 0 0 0 0 922 0 0 0 0 443 1350 0 739 0 1035 0 0 0 0 0 0 0 245 0 0 0 1249 0 0 0 0 926 0 816 1501 0 325 0 0 0 0 700 0 0 0 0 702 0 184 0 0 807 0 0 0 250 0 0 155 0 1006 0 0 0 1501 0 0 0 0 833 0 0 160 0 0 284 0 0 0 0 724 0 0 0 0 145 0 0 0 0 428 0 0 0 0 0 0 0 0 0 0 0 1417 668 0 0 0 0 0 0 0 0 0 1501 0 0 0 0 0 288 0 0 0 305 0 0 499 0 0 0 0 0 0 0 0 0 0 0 0 0 337 0 0 0 0 0 0 504 0 580 955 0 539 0 0 0 0 0 1339 0 0 577 0 1323 0 0 0 0 1501 564 0 0 0 282 0 0 0 1462 403 0 0 0 0 0 0 0 0 0 0 0 298 968
0 0 0 0 118 0 0 118 0 0 0 0 0 0 0 118 0 0 0 118 0 0 0 118 0 118 0 0 0 0 118 0 0 0 0 0 0 0 0 0 118 0 0 0 0 0 0 118 0 0 0 118 0 0 0 0 118 0 0 0 0 118 118 0 0 0 118 118 0 0 118 118 118 118 118 0 0 0 118 0 0 118 0 118 0 0 118 0 118 0 118 118 118 0 0 0 0 0 0 0 0 0 0 118 118 118 0 0 118 0 0 0 0 118 118 0 0 0 0 0 118 118 0 0 118 0 0 0 0 0 0 0 0 0 0 0 0 0 118 0 0 0 0 0 0 0 0 118 118 0 0 0 118 0 0 0 0 118 0 0 0 118 0 0 0 0 0 118 0 0 0 118 0 118 0 0 0 118 0 0 0 0 0 118 118 118 0 0 0 0 0 0 118 0 0 0 471 0 118 0 0 0 118 0 0 0 0 0 118 118 0 0 0 0 0 0 118 118 118 0 0 0 118 118 0 0 0 118 0 0 0 0 118 0 0 118 118 118
0 711 0 0 0 746 1411 0 0 0 0 0 0 0 0 0 1411 1411 0 0 321 1411 0 811 0 176 997 0 0 862 0 564 0 0 0 0 1083 482 0 1126 0 653 0 776 1276 0 0 0 0 0 0 983 994 0 443 1350 0 0 0 0 0 0 940 0 333 0 0 0 0 0 0 0 0 0 0 772 0 0 1411 0 0 0 0 0 0 1176 0 0 0 722 1148 0 0 184 0 0 0 1216 0 0 250 0 0 0 236 0 0 417 0 1411 0 427 0 0 0 0 0 0 0 0 284 0 0 0 0 0 0 0 0 0 145 0 0 0 0 0 0 206 0 0 1006 648 0 918 0 0 0 0 0 626 697 0 0 1192 0 0 1217 960 0 0 0 577 0 0 288 0 406 0 0 0 689 0 238 1411 0 0 1411 1058 0 325 1254 0 0 965 0 0 0 906 0 0 0 0 0 0 0 0 0 0 0 0 0 0 0 0 0 0 0 0 0 0 0 0 0 0 0 0 0 0 0 0 0 0 1411 0 0 1411 0 0 0 686 0 0 1411 0 0 298 968
0 0 0 0 0 0 0 711 0 711 397 711 0 711 711 238 0 711 0 0 0 0 0 0 0 410 711 0 0 0 0 0 0 0 0 711 410 0 711 0 0 0 711 0 0 0 0 0 0 153 0 0 0 410 0 0 0 0 254 0 0 0 0 711 0 410 0 711 0 0 0 711 0 0 0 0 0 0 0 0 0 0 711 0 0 0 0 0 0 0 0 0 0 0 0 248 0 0 0 0 0 0 0 0 711 0 0 0 0 0 0 0 0 410 0 0 0 0 0 0 0 0 0 711 410 0 0 456 0 711 0 0 0 0 0 0 0 0 0 0 0 711 476 0 0 711 0 410 0 0 0 0 325 711 0 0 552 0 0 0 711 0 0 0 0 406 0 0 0 0 711 685 0 711 0 0 410 0 0 0 0 0 0 0 0 0 0 256 410 711 0 0 0 711 0 711 0 0 0 0 0 0 616 0 711 0 0 0 0 119 504 0 0 564 0 0 410 0 564 0 0 0 605 0 711 0 0 0 0 711 116 0 0 711 298 0
0 372 0 0 985 0 0 0 0 0 0 0 924 0 238 1348 985 0 0 0 0 0 0 0 0 766 0 0 0 985 0 0 0 1348 0 0 761 0 524 0 0 961 0 0 0 0 942 0 153 0 0 0 0 0 0 0 936 1035 0 0 0 0 0 862 0 0 0 0 944 0 0 0 0 0 0 0 0 985 0 0 0 0 0 1176 700 0 0 0 0 0 0 0 1216 0 807 0 0 0 250 454 0 0 0 0 0 985 0 1348 782 0 792 1243 0 176 985 160 0 0 0 0 0 0 0 0 0 0 0 1311 0 0 0 838 0 0 630 0 538 0 0 0 0 476 968 410 0 985 0 0 697 0 0 0 0 0 330 0 0 0 0 0 0 0 0 459 406 893 305 0 689 0 0 0 0 0 0 0 0 0 0 0 0 0 985 0 0 0 0 0 811 1075 985 1240 0 955 869 0 0 985 0 574 0 0 0 0 577 0 1323 0 0 0 0 1348 0 0 0 0 0 0 985 0 0 0 0 0 985 0 0 0 985 116 0 668 0 298 0
0 0 0 372 0 0 0 0 397 0 0 0 372 238 372 0 0 0 0 372 372 0 176 0 0 372 372 0 0 372 0 372 372 0 372 761 0 0 0 0 372 0 0 0 0 0 0 0 0 0 0 0 0 372 0 0 0 0 0 0 372 333 0 0 0 0 896 0 0 0 0 0 0 372 372 816 0 0 0 0 372 0 372 0 0 0 772 0 702 0 0 372 372 0 0 372 0 250 0 0 0 236 0 0 0 0 0 0 372 372 0 0 0 0 0 372 372 0 0 372 0 1251 0 722 0 0 372 145 0 0 0 0 0 0 0 0 372 0 0 0 372 0 0 372 0 0 0 0 0 0 0 0 0 0 0 0 0 372 0 0 0 0 0 0 0 0 1251 0 372 0 0 0 0 372 0 372 0 0 0 372 0 0 337 0 372 0 0 372 0 372 0 0 0 0 0 0 0 0 574 372 0 0 372 372 0 0 0 372 372 0 372 0 0 372 0 282 0 0 0 0 372 372 0 372 0 0 0 0 0 0 668 301 298 372
0 254 0 0 0 185 0 0 0 0 0 0 0 321 0 0 0 0 0 0 0 0 0 321 0 254 254 254 0 0 0 0 254 0 0 0 0 0 206 254 0 0 254 254 0 0 0 0 254 0 0 254 0 0 321 0 0 0 0 0 0 254 0 0 0 0 254 0 0 0 254 0 0 0 0 0 0 0 0 0 321 254 254 0 0 254 0 0 0 0 321 0 321 254 321 0 254 0 0 155 0 254 254 254 0 0 0 0 0 0 0 176 0 160 254 0 0 127 321 254 0 321 0 250 0 0 0 254 0 0 254 0 0 254 321 0 0 0 0 0 0 321 0 0 0 0 321 0 0 254 0 254 0 0 0 254 321 254 0 0 211 0 321 0 0 0 0 0 0 0 0 0 0 0 0 254 0 321 0 0 254 321 0 0 0 0 0 0 0 0 0 0 0 0 0 0 0 0 0 0 321 254 254 254 0 0 119 0 254 0 0 0 321 0 0 0 0 0 0 0 0 0 0 254 254 0 0 0 0 0 254 0 0
0 0 0 746 0 0 0 0 0 746 746 238 1217 245 0 0 1217 0 0 0 0 997 0 0 0 0 0 0 0 0 1217 0 0 0 721 524 0 0 0 0 0 0 0 0 0 0 983 0 0 0 686 0 0 0 0 0 0 0 0 0 0 1217 0 0 746 0 0 0 0 0 0 926 0 0 0 0 0 0 1217 1176 0 0 0 898 0 0 0 0 0 0 1169 0 1216 552 0 0 0 0 0 0 1006 0 746 0 0 782 0 0 0 0 176 0 0 0 0 0 127 0 0 0 0 0 0 0 0 0 301 0 0 0 0 0 0 0 0 604 0 0 476 0 0 0 0 668 0 0 0 0 0 0 0 0 0 0 1081 0 0 605 248 211 459 0 0 305 0 0 499 0 1217 0 0 0 0 0 746 0 0 0 965 746 0 0 0 0 0 0 0 0 0 0 0 0 0 0 746 0 0 117 0 0 1217 0 0 0 0 0 0 0 0 564 0 0 0 0 0 0 780 0 403 0 0 0 0 0 746 0 0 0 0 746 0 746
0 0 0 631 0 0 0 0 0 1129 238 0 245 247 321 0 0 811 0 0 997 766 665 282 1001 0 0 319 0 1422 1174 0 0 0 524 0 0 0 0 0 0 0 0 922 0 0 994 0 0 0 0 0 0 1035 0 0 1462 0 0 0 0 0 0 896 0 0 0 655 0 0 0 0 816 0 0 0 1092 0 1176 1176 0 0 0 772 764 702 0 0 0 0 0 0 552 0 0 0 417 0 0 1006 0 0 385 0 0 0 0 0 833 0 0 160 0 1442 284 0 0 0 0 0 722 0 869 0 0 0 0 0 577 0 0 288 0 0 1006 0 0 0 0 410 1550 0 0 0 0 0 0 0 0 1168 0 0 0 0 1422 0 0 248 211 0 0 893 0 0 689 499 685 0 0 0 0 0 0 0 0 0 0 0 0 337 0 0 0 1422 0 0 0 1240 580 0 0 0 0 0 0 574 117 616 0 0 0 0 0 0 0 0 0 0 564 0 0 471 0 0 0 0 321 0 1179 0 1008 0 564 0 0 0 1550 0 301 0 0
0 0 0 0 0 0 0 764 0 0 1192 245 247 0 1192 0 0 0 0 0 0 665 0 0 764 0 0 1192 1192 0 0 0 0 0 0 0 0 0 369 0 0 0 0 0 0 0 1192 0 0 0 0 0 0 0 0 0 0 0 0 0 0 0 0 0 1192 764 0 0 764 0 604 764 0 0 764 0 0 1176 0 0 0 0 0 1148 0 0 184 1192 1169 0 0 552 0 0 0 417 155 236 1006 764 764 385 0 782 0 0 0 0 0 0 0 0 764 0 0 1190 0 0 0 0 0 0 0 145 0 0 1192 1055 428 0 288 0 0 0 0 0 0 0 0 1192 0 0 0 0 627 0 0 0 0 1192 0 1192 0 1192 0 0 0 0 0 0 893 305 764 689 0 0 0 0 0 0 0 0 0 0 1192 0 0 0 337 0 906 0 0 0 0 0 0 580 0 0 0 0 0 138 0 117 616 0 0 577 0 0 1113 0 0 0 0 564 0 0 471 0 0 0 0 0 0 0 0 0 0 0 764 0 0 0 0 0 0 0
0 0 0 0 0 0 761 0 238 1312 0 0 0 1312 0 0 761 0 0 0 1294 862 0 564 938 1312 1270 1312 0 0 0 0 0 653 0 0 0 0 0 0 0 0 0 983 0 0 443 0 0 0 0 0 0 1312 0 1195 333 0 0 0 0 0 0 0 0 655 0 0 0 0 0 1312 0 325 0 0 0 0 0 1312 0 0 0 1074 1221 184 0 0 807 0 0 0 0 0 0 155 0 0 1312 0 0 0 0 0 0 0 833 0 1235 0 0 0 0 0 0 0 0 724 0 0 869 1311 0 0 0 0 0 428 630 0 538 0 1006 0 0 0 0 410 0 0 668 0 0 0 0 0 761 330 0 0 0 0 0 0 605 0 0 0 406 0 0 539 0 0 0 0 0 0 0 1058 0 761 0 0 0 965 0 337 0 0 0 0 702 0 0 0 580 0 646 1312 1312 0 0 0 1129 0 0 0 0 0 0 0 0 0 0 0 0 0 0 471 0 0 0 0 0 403 0 1312 0 1312 0 686 1312 116 0 777 0 0 0
0 185 397 0 0 0 631 0 0 0 631 185 185 0 0 0 0 185 185 0 0 0 0 185 319 0 185 0 0 631 0 185 0 206 631 185 0 0 0 0 0 0 0 0 0 0 0 0 0 185 0 0 0 631 0 0 0 0 0 631 0 0 0 0 0 0 631 631 0 631 0 0 0 0 0 185 0 185 0 0 0 0 0 0 631 0 0 0 0 0 0 0 0 417 0 0 631 0 0 0 0 0 0 0 185 185 176 0 0 0 0 185 0 0 631 0 0 0 0 0 0 631 0 0 631 577 0 0 0 0 0 0 454 0 0 0 185 0 0 0 185 185 0 0 0 0 0 0 0 0 0 0 631 0 0 0 0 0 0 0 0 0 0 0 0 0 0 0 0 0 0 0 185 0 0 0 0 631 185 0 0 0 0 0 0 0 185 0 0 0 631 138 574 0 616 0 0 0 0 185 0 119 504 0 0 0 0 0 0 0 564 0 0 0 0 0 0 0 185 0 631 0 116 0 0 0 185 0
0 0 0 537 0 853 238 0 853 0 0 1190 544 0 0 0 997 0 665 282 853 0 0 319 0 1190 853 0 761 0 0 653 0 853 0 0 0 0 0 922 0 0 0 0 443 0 0 853 936 0 0 0 853 0 0 0 0 187 0 0 0 0 0 0 0 777 0 0 0 853 496 853 0 0 0 0 853 0 898 0 0 0 648 0 0 0 0 853 853 0 0 0 0 0 236 0 0 0 0 0 0 0 0 0 0 0 853 0 0 0 0 127 853 0 0 724 0 0 456 0 853 301 0 0 0 0 0 0 538 1190 0 0 853 0 0 0 853 0 0 626 0 0 0 0 779 0 0 552 853 700 0 0 475 0 0 0 406 893 0 853 0 0 0 1190 0 0 0 0 101 0 0 0 0 0 0 337 0 0 0 0 0 0 0 0 0 0 0 0 0 0 0 0 117 0 916 0 853 0 712 853 0 0 0 1190 0 0 0 0 0 0 853 0 321 0 0 853 853 853 369 0 0 116 0 0 853 298 0
0 0 0 0 0 397 0 245 0 0 0 0 397 0 0 397 0 0 0 397 0 0 0 0 0 0 0 0 0 0 0 0 397 0 369 0 397 0 0 397 0 0 0 0 0 0 397 397 0 0 397 397 0 0 0 0 245 0 385 397 397 0 397 0 0 0 0 397 0 385 0 0 0 0 397 397 397 397 0 0 0 0 0 0 0 0 397 0 0 250 0 0 0 0 0 0 397 0 397 0 397 0 397 0 397 0 0 0 0 284 0 0 0 0 0 0 0 397 0 0 0 0 0 0 397 0 0 0 0 0 0 397 397 0 0 0 0 0 397 0 397 0 0 0 330 0 0 397 397 0 0 0 248 0 397 0 397 0 0 0 0 0 0 0 0 0 0 397 0 397 0 0 0 397 0 0 0 0 397 0 0 0 0 0 397 0 397 0 0 0 385 397 397 397 0 0 0 0 0 0 0 0 397 0 0 397 0 0 0 397 0 397 0 0 0 397 0 0 0 0 116 0 0 0 0 0
0 0 0 0 0 0 475 0 321 1231 0 475 0 0 0 0 475 0 0 0 0 0 0 0 0 0 0 0 0 0 0 475 0 0 0 0 0 0 0 0 0 0 0 0 0 0 0 0 0 0 0 0 475 0 1231 0 0 0 0 0 0 0 0 0 0 0 475 0 0 0 0 1227 0 0 0 0 0 0 0 0 0 0 0 0 0 0 0 0 0 0 0 0 0 0 0 0 385 1231 0 0 0 0 0 0 0 0 0 0 284 127 0 0 475 724 0 0 456 0 0 301 1231 0 0 0 0 0 0 0 0 0 0 0 0 0 0 0 0 626 0 0 0 325 0 0 330 960 475 0 0 0 0 248 211 0 0 0 305 0 0 0 0 0 0 0 0 1058 0 0 0 0 0 0 0 337 0 0 0 1231 0 0 0 0 0 0 0 475 0 0 0 0 0 0 916 0 0 0 0 0 0 0 0 0 0 0 0 0 0 0 0 780 0 0 0 475 0 475 369 0 0 0 475 0 0 0 0
0 0 519 537 0 0 247 0 537 537 0 0 0 0 0 0 0 0 0 0 0 537 0 0 482 0 0 524 0 0 0 0 0 0 0 0 0 0 537 0 0 0 0 0 537 0 537 397 0 0 0 333 0 0 0 0 0 0 0 0 0 126 0 537 0 537 0 0 0 0 0 0 0 537 0 0 537 0 0 0 0 0 0 537 537 0 0 0 454 0 0 0 537 0 0 537 0 0 0 537 537 537 0 537 160 0 0 0 0 0 0 0 537 0 537 537 0 0 537 0 0 537 0 0 0 0 0 537 0 0 537 0 0 0 0 537 0 0 0 0 0 537 330 0 0 0 537 0 0 0 0 0 0 0 0 305 0 0 0 238 537 0 0 0 0 0 0 0 537 0 0 0 337 0 0 117 537 0 537 504 0 0 0 0 0 0 321 138 574 0 0 0 0 0 0 0 0 537 0 185 0 0 537 537 0 282 0 0 0 537 0 0 0 0 537 537 537 0 0 0 0 301 0 537
0 0 924 924 0 0 0 0 544 811 0 176 0 0 0 0 924 0 0 0 0 924 0 0 0 924 0 0 0 0 924 0 0 0 0 0 924 924 0 0 0 0 0 0 0 0 397 0 0 924 0 0 0 0 0 0 0 0 0 0 0 0 924 0 0 924 496 325 0 0 0 924 700 0 898 722 924 0 0 0 0 0 807 0 0 0 0 0 0 0 0 0 0 0 685 0 782 0 0 0 0 924 0 0 0 0 0 0 0 0 0 0 0 0 0 924 0 0 924 924 0 0 0 0 0 0 0 648 0 918 0 0 0 0 0 0 0 0 0 924 0 0 0 0 0 0 0 0 0 248 0 924 406 0 305 0 0 499 0 924 0 0 0 924 0 0 0 924 0 0 0 0 0 0 0 0 702 0 0 0 580 0 0 0 0 321 0 0 924 924 916 0 0 0 0 0 0 0 0 0 924 0 924 0 0 0 0 0 0 0 0 0 0 0 0 686 0 0 0 0 0 0 0
0 0 0 0 247 321 0 0 0 0 0 997 0 0 0 0 0 0 0 0 0 0 0 0 0 524 0 0 0 1129 369 0 0 519 922 0 983 0 0 0 519 1129 739 0 0 0 0 0 0 0 0 0 187 0 0 0 0 0 0 126 0 0 0 0 0 0 325 0 0 1129 0 0 0 0 0 0 0 0 184 0 1129 0 0 552 0 0 0 0 0 236 0 0 0 385 0 782 0 792 0 0 0 0 0 0 0 0 0 0 0 0 0 0 934 0 0 0 0 0 1129 1055 428 0 0 0 0 0 648 0 0 476 0 1129 1129 0 0 0 0 0 0 519 519 0 960 1129 0 0 0 0 0 0 0 0 0 0 0 0 499 0 1129 995 1129 0 0 0 0 0 0 0 0 0 337 0 0 256 1129 0 0 0 0 580 955 0 519 519 0 0 0 0 0 0 0 577 0 1129 0 665 504 185 0 519 1129 1129 0 0 0 519 780 0 403 0 0 0 0 0 0 0 116 0 0 0 0 0
0 0 238 238 0 238 0 238 0 0 0 238 0 0 0 0 0 238 0 0 0 0 0 0 0 0 0 238 238 0 0 0 0 0 0 0 0 0 0 0 238 0 238 0 0 0 238 238 0 0 238 0 0 0 0 0 1404 0 0 238 0 0 0 0 0 0 0 0 0 0 0 0 0 0 0 0 238 0 238 238 0 0 0 238 238 0 0 0 236 0 238 0 0 0 0 0 0 0 0 0 0 160 0 0 0 0 0 0 238 0 0 0 0 238 0 0 238 0 238 0 0 0 0 0 0 0 0 0 0 0 0 0 0 238 0 238 0 0 238 0 0 238 238 238 0 0 0 0 238 0 0 238 0 0 0 0 685 0 0 0 0 0 0 0 0 0 0 0 238 0 0 0 0 0 0 238 0 0 0 0 0 0 0 0 0 0 238 238 238 238 0 0 0 0 0 0 0 238 0 238 0 238 0 0 0 0 238 0 238 0 238 0 0 238 0 0 0 0 0 0 0
0 0 0 0 499 0 739 0 245 0 0 0 0 1001 0 0 319 0 0 0 0 0 721 0 0 0 0 499 0 1251 330 0 0 153 0 660 0 443 0 0 0 499 254 0 1401 0 0 0 0 0 187 0 896 0 0 1404 0 0 777 0 0 816 0 0 1294 1092 499 499 0 0 0 0 0 0 0 0 0 0 145 499 0 0 0 0 403 0 0 236 0 0 0 0 499 499 427 0 0 499 0 0 0 0 0 0 0 499 0 0 0 0 0 456 0 1216 0 499 0 0 428 0 0 499 499 604 0 1525 0 0 410 0 0 0 499 0 0 0 325 0 0 330 0 0 0 0 1127 0 0 0 0 0 0 305 0 0 0 0 0 0 0 0 0 0 0 0 0 0 0 0 0 0 0 0 0 0 0 0 499 1248 0 0 539 0 0 0 0 117 616 0 0 0 0 499 0 0 0 0 499 0 0 0 0 0 0 0 0 0 0 0 0 0 0 0 0 1066 0 0 668 0 298 1514
0 0 0 0 0 0 0 0 0 0 0 0 0 245 0 0 0 1006 0 0 245 0 0 0 0 0 0 245 0 245 245 0 0 0 0 0 0 245 245 0 0 0 245 0 0 0 0 0 1006 187 0 0 245 245 0 0 245 245 245 0 0 0 0 0 0 1006 0 0 0 0 0 0 0 0 245 0 0 0 807 0 0 0 250 0 0 0 236 0 0 245 0 0 0 0 0 0 0 0 245 0 0 0 0 0 0 245 0 0 0 0 0 0 0 245 0 245 0 0 0 0 0 0 0 0 0 0 0 0 0 0 0 0 697 184 0 0 0 245 245 0 0 0 1006 245 605 248 211 245 406 893 305 245 0 499 0 0 245 0 0 0 101 0 0 0 0 0 245 337 245 0 0 0 0 0 0 0 245 0 0 0 0 0 138 0 117 0 0 0 0 0 0 0 0 0 0 0 245 0 0 471 0 0 245 0 0 0 0 0 0 0 245 245 0 0 0 0 0 298 0
0 0 0 0 0 0 0 0 0 0 0 0 0 646 247 646 0 247 0 0 0 0 0 0 0 0 0 247 0 0 0 0 0 0 0 443 0 0 0 0 0 0 0 247 0 247 0 0 0 0 247 247 0 0 0 0 0 0 0 0 0 0 0 0 0 0 646 0 0 0 247 0 247 0 0 0 0 0 0 0 0 0 0 0 155 0 0 247 0 0 0 0 0 646 646 646 0 0 0 646 247 284 127 0 646 247 646 247 0 0 0 145 0 0 0 247 0 0 0 538 0 0 646 0 0 0 0 0 646 0 0 646 0 0 0 247 247 0 0 0 0 0 0 0 0 211 0 0 0 0 0 0 0 0 646 0 0 0 0 0 247 0 0 0 0 0 0 0 646 0 0 0 646 247 646 0 646 0 0 0 0 0 0 0 0 646 0 0 0 0 0 119 247 0 646 0 0 646 0 0 0 0 0 247 0 0 0 247 646 0 247 0 116 0 0 0 0 247
0 0 0 0 0 245 0 0 0 0 321 321 0 0 0 648 0 0 0 0 0 0 0 321 0 321 321 321 321 0 153 0 0 0 0 0 0 0 0 648 0 0 0 0 0 0 648 0 0 321 0 321 321 0 0 0 0 0 0 0 321 0 0 0 0 321 0 0 0 0 321 0 0 0 0 0 0 0 552 0 0 0 0 155 0 0 321 0 0 0 0 0 0 0 648 176 0 160 321 321 284 127 648 321 0 0 0 0 0 0 0 301 0 0 0 0 0 0 0 0 0 321 0 0 0 410 0 0 648 0 0 184 0 0 0 0 0 0 0 0 648 0 0 248 211 0 0 0 0 0 0 0 321 0 321 0 0 648 0 0 0 0 0 0 0 0 321 0 0 0 321 0 321 648 0 0 0 0 0 321 0 0 0 0 0 321 321 321 0 0 0 0 321 0 0 0 0 0 0 0 0 0 0 0 0 0 0 0 0 321 0 0 321 321 0 0 0
0 0 739 0 0 0 780 0 0 0 0 0 0 0 0 0 305 0 0 0 305 0 961 0 0 0 330 0 0 0 631 660 0 0 0 1288 0 0 0 0 0 1462 0 0 0 0 0 1584 0 944 0 0 0 0 777 0 0 0 1171 0 0 0 1305 0 0 0 0 0 0 0 0 0 0 0 0 248 1371 0 0 0 0 0 0 0 1417 1350 0 385 0 305 305 305 0 0 0 0 0 0 0 0 0 0 1249 0 0 722 0 0 0 0 0 0 838 577 0 630 0 0 544 0 0 1525 0 0 0 0 0 305 0 0 184 0 0 0 0 0 552 0 0 0 1127 0 0 0 0 0 0 1615 0 0 0 0 0 1615 0 0 305 0 1189 0 807 0 960 0 305 0 0 256 1389 0 0 1339 305 0 0 869 539 1590 1519 0 0 0 0 305 1081 0 0 0 0 119 0 1357 0 564 0 0 0 0 564 0 0 0 0 0 1074 0 1113 369 0 0 0 0 668 0 0 0
0 0 544 0 0 544 544 0 0 0 833 319 544 0 0 0 0 0 544 0 0 544 0 0 544 0 0 544 0 0 0 0 0 0 0 0 833 0 325 0 0 0 0 0 0 0 0 0 0 544 0 0 0 0 0 126 0 0 496 0 0 544 0 544 0 544 0 0 0 0 0 544 0 0 248 0 0 833 0 0 0 0 0 544 544 0 385 0 782 427 0 0 544 0 0 0 0 0 0 0 544 0 0 0 0 0 456 0 0 0 0 0 0 0 0 0 538 0 0 0 0 0 544 534 544 0 0 0 0 0 0 0 0 544 330 0 0 0 0 544 0 0 0 459 406 0 305 0 0 544 0 0 0 0 0 0 0 0 358 0 544 0 0 0 544 0 0 0 544 0 0 0 0 833 0 0 0 0 0 0 0 0 0 544 0 544 0 0 0 0 0 0 544 833 0 0 0 0 544 0 321 0 0 544 544 0 369 0 0 0 544 0 0 298 0
0 811 0 0 0 0 0 0 0 0 0 0 0 811 482 761 0 0 0 0 0 0 0 0 0 0 739 0 0 0 0 0 0 811 0 0 0 0 0 0 0 0 0 0 0 0 0 0 0 0 0 398 0 811 0 0 0 0 0 811 739 739 0 700 0 739 772 0 702 0 0 739 0 739 0 0 0 0 454 0 155 236 0 0 0 0 0 0 0 739 0 0 0 811 160 0 0 0 0 0 0 0 0 722 0 0 0 811 301 0 811 0 428 0 0 538 739 0 0 0 476 0 0 0 0 0 0 697 0 0 325 0 0 0 0 0 0 0 811 605 0 0 0 0 0 0 0 689 0 0 739 811 0 0 0 0 0 0 0 0 0 0 0 0 739 256 739 702 739 0 0 0 0 0 0 0 0 0 574 117 0 739 739 0 0 0 0 0 504 185 0 564 0 0 0 0 0 0 739 321 0 811 0 0 739 0 0 0 116 0 0 0 0 811
0 0 0 0 0 0 1174 0 0 1367 1270 0 0 482 0 1126 0 0 0 0 0 0 721 0 0 0 0 0 994 0 443 1350 0 0 936 0 0 0 0 1195 0 0 0 0 660 896 0 0 1316 0 0 772 926 0 0 0 0 0 1092 0 0 0 0 0 898 722 0 0 0 184 0 0 0 0 0 0 0 454 0 0 236 1006 0 0 0 0 0 0 792 0 0 0 0 0 0 0 0 0 0 838 0 0 1011 934 869 1311 0 0 1347 0 0 428 630 0 0 0 0 648 0 0 0 0 0 0 0 0 0 0 0 0 0 330 1217 960 1367 1081 1367 577 0 0 0 1367 406 0 305 0 689 0 0 0 995 0 1367 1058 0 0 0 0 1367 0 772 337 0 0 0 1367 0 0 0 0 580 955 646 0 0 0 0 0 0 1339 0 0 0 0 1323 1113 0 0 0 0 1367 0 0 0 282 0 668 0 0 0 0 0 0 1348 0 0 0 0 1367 0 0 0 0
0 0 0 0 0 0 0 0 0 0 0 176 0 176 0 0 0 176 245 245 245 0 176 176 0 245 245 245 245 0 0 0 245 0 0 0 245 0 0 0 0 0 0 0 0 0 0 0 0 0 0 245 0 0 0 0 245 0 0 0 245 0 0 0 0 0 0 0 0 0 0 0 245 0 0 0 0 0 0 236 245 0 176 0 0 245 0 0 0 245 0 176 0 0 0 0 0 0 0 0 0 0 0 245 245 0 0 0 245 0 0 0 0 245 0 245 0 0 0 0 0 245 0 0 245 245 0 0 0 176 0 0 0 0 0 0 0 0 0 0 176 245 245 0 0 0 245 0 0 245 0 0 245 245 0 245 0 245 0 0 245 0 0 0 0 0 0 176 0 245 0 245 0 176 0 0 0 245 0 0 0 0 0 0 245 0 0 0 0 0 245 245 0 0 245 0 245 0 245 0 0 0 0 245 0 0 0 0 176 0 245 245
0 780 0 0 0 0 0 0 0 0 0 0 0 0 0 0 0 961 766 0 0 0 0 0 0 0 0 0 0 0 0 0 0 0 0 0 997 0 0 0 0 0 997 0 944 0 0 0 0 0 997 0 0 0 496 997 997 0 0 0 997 997 0 772 0 702 0 0 785 0 0 997 0 0 0 0 417 0 0 997 0 0 0 997 0 0 997 0 0 0 0 997 580 0 0 792 0 0 0 0 0 250 0 0 997 301 0 0 0 0 0 288 0 0 0 0 0 0 0 0 0 0 0 0 0 0 0 0 0 0 330 0 0 0 369 0 0 0 0 0 0 0 997 0 0 0 0 916 0 0 0 997 0 0 358 807 0 0 0 0 0 997 0 0 0 0 0 893 997 0 869 539 997 0 0 0 0 0 0 0 0 0 0 0 0 504 0 0 0 503 0 0 0 0 997 0 0 0 0 0 0 0 369 0 0 309 997 0 0 0 997
0 0 282 0 766 0 0 0 0 0 482 0 0 0 653 206 0 0 0 0 330 0 0 153 0 0 0 0 0 0 0 0 0 0 0 766 0 0 0 0 187 0 0 0 766 766 0 398 766 0 0 0 0 0 766 0 0 0 0 0 0 0 766 0 0 0 0 0 145 0 0 0 780 0 403 0 0 0 0 766 0 0 0 0 427 0 766 0 176 0 0 580 766 284 127 780 766 766 0 0 250 0 0 0 301 0 766 0 0 0 0 0 780 604 0 0 0 0 410 0 0 0 0 0 184 0 325 0 0 0 0 0 0 780 0 0 0 0 0 0 0 0 766 0 0 0 0 0 0 780 780 0 0 0 0 0 0 0 337 0 0 0 0 0 0 766 0 0 0 0 0 0 0 0 574 0 0 0 0 0 766 0 0 0 0 766 0 564 780 0 0 0 0 766 0 0 0 0 0 0 0 0 0 0 0 0 0 0 0 0
0 0 0 0 0 0 0 0 0 0 0 0 524 653 206 0 0 369 0 0 0 0 0 0 0 0 0 686 0 0 665 0 325 0 665 665 0 0 0 187 0 0 0 0 0 655 0 0 665 0 816 665 0 0 0 0 0 0 0 0 0 0 0 0 0 184 665 665 0 665 0 665 0 0 0 0 0 0 0 0 385 0 0 427 0 0 665 0 0 0 0 0 0 0 0 0 1294 0 0 0 0 0 145 0 0 0 665 0 630 0 0 0 0 0 0 0 0 410 665 0 0 0 665 0 0 0 779 1168 665 665 0 0 0 0 605 0 0 0 0 0 0 0 0 0 0 0 0 0 0 0 0 1189 0 0 0 0 665 337 0 0 256 665 0 0 1294 0 580 0 646 0 0 0 0 0 0 0 665 665 577 1083 0 0 0 0 0 0 0 0 0 471 0 0 0 0 0 0 0 0 1008 0 0 0 0 0 0 0 0 298 0
0 0 0 0 319 0 0 0 282 0 0 0 0 0 282 0 0 0 0 0 0 282 0 282 0 0 0 0 282 0 282 0 0 0 0 0 0 0 0 0 0 862 282 0 0 126 777 0 0 0 0 0 0 0 282 282 0 0 862 0 772 282 0 0 0 0 0 282 0 0 282 0 282 0 0 0 282 0 0 385 282 282 282 0 0 282 0 862 0 282 862 0 0 0 0 0 0 0 0 0 0 0 282 0 0 282 282 0 288 282 0 0 0 0 0 0 0 0 0 0 282 282 0 0 0 779 0 0 0 0 282 0 282 0 0 0 0 0 0 0 0 0 0 685 0 0 0 282 0 282 0 0 0 0 282 0 282 0 0 0 0 282 282 0 282 0 0 0 539 0 0 0 0 0 0 0 0 0 0 0 0 0 0 0 0 0 0 0 0 0 0 0 0 0 0 0 0 0 0 282 0 862 0 862 0 282 0 0
0 0 0 0 0 1001 1001 0 0 0 0 0 0 0 0 0 1174 0 0 0 0 0 0 0 0 0 0 739 0 1001 0 0 940 0 0 0 0 0 660 0 944 0 0 0 126 0 0 604 0 0 0 0 0 0 0 1001 0 0 0 0 1001 0 0 0 0 1001 0 0 0 0 0 0 0 155 0 0 0 1174 0 0 0 0 0 0 0 0 1174 0 0 616 0 0 0 0 0 724 0 0 869 0 145 0 0 0 0 0 0 206 538 1001 0 0 0 0 0 0 0 1001 0 0 0 627 0 0 0 0 0 960 0 0 0 0 605 248 0 0 0 893 305 0 0 0 685 0 995 1001 0 0 0 1174 0 0 0 0 772 0 0 0 0 0 702 0 0 1001 580 0 0 0 0 0 0 0 0 0 916 0 0 942 1001 0 665 0 0 0 0 0 0 0 282 1001 0 780 321 403 0 0 0 0 564 0 1066 0 0 0 0 298 0
0 0 0 0 0 0 0 0 1011 0 0 0 0 0 0 721 0 211 922 1011 0 0 0 0 0 0 739 0 1011 325 0 0 1011 0 0 1011 0 660 0 0 0 0 0 0 0 926 604 0 0 0 0 0 1011 0 0 0 0 0 0 0 0 0 184 0 1011 0 0 0 0 0 0 0 0 236 1006 0 0 0 0 0 0 0 1011 833 0 564 160 0 0 0 0 0 0 0 0 564 0 0 0 145 0 1011 0 1011 428 564 0 0 0 0 0 0 0 0 0 0 0 0 626 0 0 0 0 564 0 1011 960 0 0 0 0 0 0 0 1011 0 893 0 539 689 0 0 0 995 1011 1011 0 0 0 0 0 1011 0 0 0 153 0 0 0 0 1011 0 0 0 0 0 0 0 321 0 0 0 0 916 0 0 0 0 0 0 0 0 0 1011 1011 0 0 0 1011 0 780 1011 0 0 0 1011 0 0 686 0 0 0 0 0 0 0
0 0 0 0 0 0 0 721 0 0 0 938 0 0 0 0 0 938 153 0 0 0 0 686 0 0 0 254 325 0 0 0 0 0 0 187 0 896 938 0 0 655 0 0 0 0 0 0 496 0 938 938 0 0 0 0 0 772 0 0 0 938 0 0 0 0 0 0 0 403 0 0 0 0 938 938 385 1615 0 0 0 0 0 0 0 0 0 938 0 0 0 0 0 0 0 0 456 0 0 0 0 0 0 0 0 0 0 544 0 0 0 0 0 534 0 0 0 0 0 0 0 325 0 0 330 552 938 0 0 938 0 0 211 459 406 893 0 938 0 938 685 0 0 0 0 0 0 0 0 807 0 938 938 337 0 938 0 938 0 0 0 0 0 0 0 539 938 0 0 0 0 0 0 0 938 0 0 0 0 0 0 1610 0 0 0 0 0 0 0 0 0 0 938 0 0 0 369 0 938 116 0 0 938 0 0
0 319 0 319 0 0 0 319 319 0 319 0 319 0 0 211 0 319 0 319 0 0 0 319 0 0 0 325 0 0 0 0 0 319 0 0 896 944 319 0 0 0 0 319 0 0 0 0 0 1092 0 0 0 0 0 0 772 0 702 0 0 0 319 0 0 0 319 250 0 0 155 0 0 0 0 0 0 0 0 319 0 0 319 0 0 0 0 0 0 319 319 0 0 0 0 0 0 0 0 0 319 0 0 0 0 0 319 319 0 0 319 319 0 319 0 0 0 0 0 0 0 0 0 0 0 0 0 319 319 0 0 0 319 0 0 0 0 0 0 685 0 0 0 319 0 0 0 319 0 319 0 0 0 0 0 117 319 0 319 0 319 0 319 0 0 0 0 138 574 319 0 0 319 0 0 0 319 319 0 185 0 0 319 0 0 0 0 0 0 319 319 0 1074 0 0 0 0 1066 116 0 0 0 0 0
0 1243 0 482 0 721 0 653 0 0 0 0 0 0 0 0 0 0 0 0 0 0 0 1270 0 0 0 0 0 0 0 0 0 0 1270 0 944 0 1270 655 0 0 0 0 0 0 0 0 0 0 0 985 0 0 0 772 764 0 0 1270 0 0 0 0 552 0 0 454 0 0 0 1270 0 1270 0 1243 0 0 0 0 0 0 0 0 0 0 0 0 0 0 1270 724 0 0 0 1243 0 0 1243 0 0 0 0 0 0 0 604 0 1270 0 0 0 0 1221 0 0 0 0 0 0 0 1168 0 0 0 0 0 1127 605 0 211 0 0 0 0 1270 0 0 0 1243 0 1270 0 0 101 1189 358 0 0 0 0 0 0 906 256 0 0 0 0 1240 0 0 0 0 1270 0 577 0 117 0 0 0 1176 0 0 0 0 0 1270 0 0 1243 0 0 0 0 0 0 321 0 0 0 0 1113 369 0 0 0 0 668 0 0 1270
0 0 0 0 0 0 0 0 0 766 0 1251 0 942 0 0 0 660 0 0 0 0 1604 127 254 0 0 0 127 0 0 0 0 0 896 0 0 0 0 0 777 1661 126 0 0 0 0 1092 0 0 985 0 1519 0 0 764 702 0 1672 0 145 0 0 0 0 0 0 0 0 0 1417 0 0 0 0 1599 0 0 1630 0 0 0 0 0 0 0 792 0 0 0 0 722 0 456 0 0 301 0 838 0 738 630 288 0 0 604 0 0 0 0 0 1587 0 0 127 0 184 0 0 0 1168 330 552 0 0 0 1127 0 0 0 0 0 0 1651 0 0 0 0 0 0 0 0 1075 0 1189 0 0 1387 0 1364 898 1169 0 256 0 0 1624 1339 0 0 0 869 539 0 1519 577 574 0 0 0 0 0 0 0 0 119 0 0 0 564 0 853 0 1254 564 0 0 0 605 1567 0 1008 0 0 1374 0 116 1580 0 0 0 0
0 0 0 0 524 653 0 0 1174 0 0 0 0 922 0 983 994 0 0 0 1174 739 936 0 325 0 0 0 0 0 0 245 0 896 0 0 1083 0 0 0 0 0 0 0 0 0 0 0 0 0 0 0 0 0 0 0 0 0 0 0 0 1174 0 0 0 0 417 0 236 0 0 0 0 0 0 427 0 0 0 1174 0 0 0 0 0 0 0 0 1083 0 722 0 0 0 0 0 1174 1174 0 0 630 0 538 1174 0 0 0 918 0 410 0 0 0 626 697 0 0 0 779 0 0 0 0 0 1174 577 0 0 0 0 0 0 0 0 0 499 0 0 0 0 0 0 0 0 0 1174 0 0 0 0 0 0 0 0 0 0 504 0 0 955 0 0 1083 1083 0 0 1129 0 0 0 0 942 1174 0 0 459 0 1174 564 1174 0 471 0 0 0 0 0 0 0 0 0 0 0 0 0 0 1083 0 0 0 0
0 0 0 0 0 0 0 482 482 0 0 482 482 0 482 0 0 443 482 0 0 0 0 0 0 482 0 0 0 938 0 482 0 0 0 0 0 0 0 0 0 0 0 482 0 0 0 0 0 482 0 898 0 0 0 0 0 0 0 0 0 0 892 0 403 0 0 0 0 0 0 385 938 0 0 792 0 0 0 482 0 0 0 0 127 482 0 0 0 0 0 0 0 0 301 0 482 482 0 0 0 538 0 0 454 0 0 0 482 0 0 0 0 0 0 0 0 0 482 330 0 0 0 0 0 475 482 211 0 0 0 0 0 0 482 0 0 0 0 938 0 0 0 0 0 482 0 0 0 0 0 0 0 0 0 0 0 0 938 0 0 0 0 0 0 0 0 0 482 482 482 0 0 119 482 0 0 482 0 0 0 482 0 0 0 0 482 0 0 0 0 0 0 0 116 0 0 482 0 0
0 761 0 0 0 0 761 0 0 0 211 761 0 0 0 0 0 0 0 0 0 0 0 761 0 0 333 0 761 0 0 0 0 0 944 655 0 0 0 604 816 0 0 0 0 0 0 761 700 761 0 722 0 761 0 184 761 761 0 0 0 0 0 454 0 155 236 0 0 0 0 0 761 0 0 761 0 0 761 0 0 0 0 0 0 0 0 0 761 0 0 0 145 0 0 0 0 0 0 206 0 0 0 648 0 0 0 410 0 0 0 0 0 0 0 0 0 0 761 0 0 0 761 0 0 0 0 0 0 0 305 0 689 0 0 0 0 0 0 0 0 0 0 0 0 761 0 337 0 0 0 761 0 0 0 0 580 0 0 0 0 321 0 574 0 0 761 0 0 761 761 0 0 0 0 0 0 761 0 0 0 761 0 761 0 403 0 0 0 761 0 0 761 0 0 0 301 0 761
0 0 0 0 721 0 369 0 721 0 0 0 0 0 0 0 0 721 0 721 0 0 0 0 0 0 256 0 0 0 0 944 721 0 0 0 0 0 0 816 721 0 0 0 0 721 0 0 1126 0 0 0 0 0 0 0 0 721 0 0 721 0 0 0 0 236 0 0 1126 385 0 0 0 721 0 0 0 1126 0 0 0 0 0 0 0 1126 0 0 0 721 0 145 721 0 0 0 0 0 0 0 0 721 0 0 0 0 0 0 0 668 0 0 0 0 0 779 0 721 721 721 721 0 577 0 0 0 721 0 0 305 0 689 0 0 0 721 0 0 721 0 0 721 0 721 0 0 0 0 0 0 0 0 0 0 0 0 721 0 0 0 0 138 0 721 0 0 0 577 0 0 0 0 0 0 0 0 0 0 0 0 0 0 0 0 403 721 0 0 0 0 0 0 0 1126 0 301 0 0
0 653 206 0 0 0 524 0 0 0 0 0 0 0 443 0 0 0 0 0 0 0 0 0 524 0 922 187 0 0 0 0 524 0 0 0 524 0 524 524 496 0 0 0 0 0 524 524 898 0 524 0 0 524 922 145 248 524 0 892 0 0 0 0 0 0 0 524 385 922 0 0 0 524 0 0 0 0 0 0 0 0 0 0 0 0 524 0 456 0 0 0 0 0 0 0 0 288 0 0 0 454 0 0 0 0 0 0 0 0 0 0 0 0 524 0 0 0 524 0 0 0 0 0 211 459 0 0 0 0 0 0 0 0 0 0 0 0 0 524 0 0 0 0 0 0 0 524 256 0 0 0 0 0 0 0 0 0 524 0 0 0 0 0 0 0 0 0 0 524 0 504 0 0 0 922 0 0 0 0 524 0 0 524 524 0 0 0 0 0 0 0 0 0 0 0 0
0 0 0 0 653 0 330 0 0 0 0 0 0 653 0 653 0 653 0 0 0 0 0 0 0 653 0 653 0 0 653 0 653 0 0 0 126 0 0 0 0 653 0 0 653 653 0 653 0 653 0 648 0 0 0 0 653 0 0 0 0 0 653 0 0 0 0 0 0 0 0 0 0 0 176 653 653 0 653 337 0 0 0 0 0 0 0 456 0 0 0 0 0 0 653 0 288 0 544 604 0 0 0 0 0 0 0 0 0 0 184 0 0 0 0 330 552 653 0 0 653 0 0 0 0 653 0 0 0 0 653 0 0 653 0 0 0 0 0 358 0 0 0 0 653 0 0 256 0 0 0 0 0 0 0 0 0 0 0 0 0 0 0 653 0 0 653 0 0 119 504 0 0 0 0 653 0 0 0 0 0 0 605 653 0 0 0 0 0 0 0 653 653 0 0 0
0 0 0 0 0 0 0 0 0 0 206 0 206 206 0 0 0 0 0 0 206 0 206 0 0 0 0 0 0 206 1168 0 126 777 0 0 816 206 496 0 0 206 0 0 0 1168 0 0 0 702 0 0 206 0 206 0 206 0 0 0 0 0 206 0 206 0 385 206 0 0 0 0 0 0 0 0 0 0 206 0 0 206 0 0 0 0 0 0 0 0 0 0 0 206 630 288 0 0 0 0 1168 0 0 0 0 0 0 206 0 206 0 0 0 206 0 0 0 206 0 206 0 0 0 0 0 0 206 0 0 206 0 206 206 0 0 206 0 0 206 0 0 0 0 0 0 0 117 206 206 0 0 0 0 0 0 0 0 0 0 0 0 0 0 206 206 0 206 0 0 0 185 0 564 0 206 0 0 0 1168 0 0 0 0 0 206 0 0 206 0 0 0 0 206 0 0
0 0 0 0 330 0 0 0 961 0 0 0 686 0 0 0 0 0 0 776 961 0 0 0 187 0 0 0 961 776 0 0 0 0 0 776 0 0 776 0 0 0 0 0 0 0 0 764 702 0 0 0 0 0 0 0 0 0 454 0 0 0 961 0 0 0 0 0 0 792 0 0 0 0 160 0 776 284 0 0 0 0 724 0 0 0 961 0 0 0 0 0 0 630 288 0 0 961 0 0 0 0 0 0 0 0 0 0 0 0 0 0 776 961 960 0 961 0 0 0 0 211 459 0 0 0 0 0 0 685 0 0 0 961 0 0 0 0 961 961 0 772 0 153 0 0 0 702 0 0 0 580 0 0 0 0 0 0 0 0 0 0 0 577 0 0 0 119 0 0 0 0 0 0 0 0 961 776 780 0 0 0 0 0 961 0 776 0 0 0 668 776 0 0
0 0 0 330 0 766 153 0 0 0 0 0 0 0 766 0 325 0 0 0 0 862 766 187 0 896 944 0 0 655 0 0 0 0 816 0 0 0 0 0 1276 0 1276 0 0 0 0 0 648 1276 0 0 0 0 0 0 0 0 0 0 236 0 0 0 0 0 0 0 0 0 0 0 0 0 0 0 284 0 766 0 1276 0 0 250 0 0 0 0 0 0 0 0 630 0 0 0 604 0 1276 0 0 0 1276 0 0 0 0 0 0 325 779 0 330 766 0 700 766 1127 0 0 0 0 0 0 0 0 689 0 0 0 1276 1276 0 0 101 1189 0 0 0 0 0 0 1169 0 0 0 0 0 1276 0 0 766 0 0 0 0 0 0 0 0 766 0 1176 0 0 0 0 504 1276 0 0 0 0 0 0 564 0 1276 0 605 0 0 0 0 369 0 1066 116 0 668 0 0 0
0 369 330 369 746 0 746 0 746 443 369 0 0 0 0 325 0 0 0 0 0 0 0 0 369 369 0 369 0 0 0 0 0 0 0 0 0 369 0 746 0 0 369 0 0 0 369 0 0 0 746 0 0 0 0 250 0 0 0 0 0 0 369 369 746 0 0 0 0 0 0 369 0 369 0 284 0 0 0 0 724 369 0 0 0 0 301 0 0 0 0 0 0 0 746 0 648 0 369 0 0 369 0 0 626 0 627 0 0 0 0 0 0 0 0 0 0 0 0 0 369 406 746 305 369 0 0 369 0 0 0 0 0 0 369 0 0 0 746 0 0 153 0 0 0 702 0 0 0 0 0 0 369 0 0 0 0 117 0 0 0 0 369 0 0 0 369 0 746 0 0 0 0 0 0 0 746 0 403 369 369 0 0 0 369 0 0 0 369 369 298 0
0 0 0 0 0 0 0 0 0 1251 0 739 0 0 325 1251 0 0 0 256 0 0 660 721 721 0 0 0 126 0 0 0 0 0 0 325 0 0 0 0 0 721 0 0 0 0 0 184 1216 0 0 0 552 0 0 0 0 155 0 1006 0 0 0 1251 782 0 0 1243 0 0 0 0 1251 0 0 0 0 0 0 0 0 0 0 0 0 0 0 1218 1055 0 0 0 0 0 1006 0 0 0 0 0 0 0 0 0 0 627 0 0 0 0 1217 0 0 0 0 0 0 0 288 0 406 0 0 0 0 499 0 0 0 0 1251 0 0 721 0 0 0 0 0 0 0 0 117 0 0 0 504 0 0 0 646 0 0 0 0 0 0 0 0 0 0 0 1251 1113 0 0 0 0 0 1251 0 0 0 0 0 0 321 0 0 0 0 1251 0 0 0 0 721 0 0 0 0
0 942 330 0 330 0 0 0 0 0 0 0 0 0 0 0 0 0 0 0 0 0 0 0 330 0 0 0 777 0 330 0 0 496 0 1008 330 330 0 0 0 330 772 0 0 330 184 0 330 0 330 0 0 250 0 0 0 236 330 0 0 0 0 0 0 330 330 0 0 1008 0 0 0 284 127 0 0 0 330 0 0 0 330 0 0 0 0 0 330 0 288 0 0 0 0 0 0 330 0 0 0 0 330 0 0 0 0 779 1008 330 0 0 0 0 0 0 0 0 0 0 0 0 1008 0 330 0 0 330 0 0 0 0 0 0 0 0 0 0 0 153 0 0 0 0 0 0 0 0 0 330 0 0 0 138 0 0 0 0 330 0 0 330 0 0 0 0 0 564 330 0 0 0 0 0 0 0 0 0 1008 330 330 330 0 1008 0 0 668 0 0 0
0 0 0 0 0 0 443 0 0 0 0 942 0 0 0 0 0 256 0 245 0 211 0 0 0 0 126 211 926 0 211 0 0 0 211 0 942 0 0 0 898 211 0 0 0 0 0 0 0 0 552 892 0 0 0 0 0 0 942 0 0 0 0 427 792 0 0 0 0 0 942 0 0 0 0 0 0 0 0 0 0 0 145 0 0 0 942 0 211 0 0 0 0 0 211 0 0 0 0 942 668 0 0 0 0 0 0 0 0 942 0 942 0 577 0 0 288 942 0 893 305 0 0 0 0 942 0 942 0 0 0 0 0 0 0 0 0 337 153 0 0 942 0 0 0 0 0 0 646 211 211 211 138 211 0 942 0 942 0 0 0 942 0 0 0 0 0 0 0 0 0 0 0 0 0 403 942 0 0 942 0 0 0 0 0 0 0 0 942
0 0 0 660 0 0 0 922 0 936 254 0 0 0 0 0 0 0 0 0 0 0 0 0 0 0 0 0 0 0 0 0 0 922 922 0 922 922 0 0 772 0 0 648 0 0 0 0 0 0 892 0 403 0 0 0 922 0 0 0 1656 782 0 0 0 0 0 0 0 580 0 284 0 0 0 0 724 0 0 456 1311 0 0 922 0 0 0 0 0 0 0 604 0 0 0 0 0 922 922 668 626 0 184 0 325 779 0 0 0 0 0 0 0 475 0 0 0 0 893 0 0 689 0 685 0 0 922 1645 0 101 0 0 807 922 0 0 337 0 922 0 1656 0 0 0 0 922 955 869 539 0 0 577 0 0 0 0 922 922 922 0 0 0 0 0 0 564 0 0 0 0 0 922 0 0 0 0 0 0 0 0 922 0 116 0 0 0 0 922
0 0 0 153 153 686 1288 0 0 153 0 1401 0 153 0 0 0 0 0 896 0 0 0 0 0 0 1473 0 0 1171 496 0 0 0 153 0 0 0 0 0 0 702 0 0 0 0 0 1371 0 0 0 0 0 0 0 0 1350 0 0 153 0 0 153 153 0 0 0 0 0 1442 0 0 0 0 0 0 722 0 0 0 0 0 153 153 577 0 630 0 0 0 0 0 0 476 0 0 0 0 0 153 0 0 0 325 779 0 0 0 0 0 153 1127 0 0 0 0 0 0 153 0 0 0 0 153 0 0 0 0 0 0 0 0 0 0 0 153 1169 0 0 0 153 153 1339 0 0 153 869 539 1473 0 0 574 0 0 153 0 0 1083 153 0 119 504 0 0 0 153 0 0 0 0 0 0 0 0 1473 0 0 0 0 0 0 0 0 668 1473 0 1473
0 660 0 0 0 0 0 0 0 325 0 0 0 983 0 0 187 0 0 0 0 983 631 0 0 0 0 0 0 0 983 0 631 0 0 0 0 0 0 0 0 0 0 0 0 631 0 552 0 0 0 0 0 0 0 0 0 0 0 0 0 0 631 631 0 0 160 0 0 0 0 0 983 983 631 0 631 0 0 0 0 0 0 0 0 0 0 0 631 0 0 0 0 968 0 0 0 0 626 0 184 0 0 779 0 0 0 0 0 0 0 605 0 0 0 406 631 0 0 0 0 0 0 0 0 0 0 101 0 0 631 0 0 0 0 0 0 0 0 811 0 0 0 0 0 0 0 0 0 0 0 0 0 0 631 0 0 0 0 0 504 0 0 564 631 631 471 0 564 983 0 0 0 0 0 0 0 0 983 0 0 0 0 0 0 983
0 0 0 0 0 0 660 0 0 0 0 660 994 0 660 187 0 896 944 0 0 0 126 0 660 604 0 0 0 0 0 660 0 660 0 0 0 0 0 0 0 0 0 660 0 0 0 0 0 0 0 155 236 0 0 0 0 660 0 427 0 0 0 0 0 160 0 0 0 0 0 0 0 0 0 0 0 0 0 0 0 0 577 428 0 0 0 660 0 648 0 0 0 0 994 660 0 0 660 0 0 0 779 0 0 0 0 0 660 0 0 0 211 459 406 0 305 0 660 0 0 0 0 0 660 0 0 0 0 0 0 0 0 0 0 0 256 0 0 0 0 0 0 660 646 539 994 0 138 0 0 616 0 0 0 0 0 660 0 0 185 0 0 660 660 471 0 0 0 0 321 0 0 0 0 660 564 0 0 0 0 668 0 298 0
0 443 0 1288 1604 0 254 0 0 1462 0 0 0 1240 0 0 896 944 0 0 0 0 0 0 0 0 0 0 0 0 1305 1323 985 1624 1519 0 772 0 0 0 1624 0 0 0 0 1347 0 1270 0 0 155 236 0 0 0 0 0 0 0 0 0 0 0 0 0 0 0 284 0 0 1249 0 724 0 0 0 0 0 0 0 0 577 0 0 288 0 0 0 454 1525 0 0 0 0 0 0 0 0 0 0 0 0 0 0 0 0 700 0 1127 0 0 211 0 406 0 1624 0 0 0 685 1240 0 1440 1240 1058 101 0 0 807 1387 0 0 0 0 0 0 1389 0 1075 1339 0 1248 0 0 0 0 0 0 0 0 0 0 0 0 1083 0 0 0 0 1357 0 0 0 0 471 0 0 0 0 0 0 1567 1074 0 0 369 0 0 0 1580 0 0 0 0
0 0 0 443 0 0 0 0 0 0 0 443 443 187 443 0 0 0 0 0 398 0 0 0 0 0 0 0 0 0 443 0 0 0 0 443 0 0 0 0 0 145 248 0 0 284 443 0 417 0 0 0 0 0 0 0 0 0 0 0 0 0 0 0 443 0 0 443 0 0 443 0 0 0 443 0 0 0 0 443 0 0 0 0 0 0 0 0 0 0 443 0 0 0 443 626 443 184 0 325 0 0 0 443 0 443 0 0 0 443 0 0 443 0 443 0 0 0 0 443 0 0 0 0 0 0 0 0 0 0 0 0 0 0 0 0 0 0 0 0 0 655 0 0 0 0 0 0 0 0 0 443 0 0 443 0 0 0 0 0 0 0 443 0 0 0 0 443 0 0 0 0 0 0 369 443 443 0 0 0 0 0 0
0 686 0 0 0 0 0 0 0 0 0 0 0 0 0 0 0 0 0 0 777 686 0 0 0 496 325 1092 686 0 0 0 0 686 772 0 0 686 0 0 0 0 0 0 686 0 454 0 155 0 0 0 1350 385 0 0 0 0 0 0 686 0 160 0 0 284 0 0 686 0 0 0 0 0 0 145 0 0 686 686 0 630 0 0 686 0 648 0 0 476 0 0 0 0 626 0 627 0 0 0 0 686 0 686 0 0 0 0 0 0 459 0 686 0 1350 0 0 685 0 0 0 0 686 686 0 0 0 0 0 0 0 153 0 0 0 0 0 1339 0 580 0 0 539 0 0 0 0 686 0 0 686 577 0 686 0 665 0 185 686 0 0 0 0 0 0 0 0 0 0 0 0 1008 0 0 0 0 0 0 0 0 0 0
0 0 0 1035 0 1387 1387 0 0 0 1288 0 0 0 944 0 0 0 0 777 0 0 0 1171 0 0 1092 0 0 1176 0 1387 898 0 0 702 1221 0 0 0 0 0 552 892 0 0 0 0 0 1006 0 1387 0 0 782 0 792 0 0 0 0 0 580 0 284 127 0 0 0 0 0 0 0 0 0 0 0 1218 0 0 0 0 0 0 604 648 0 0 0 0 1387 0 668 0 0 0 0 0 0 1168 330 0 0 1081 0 0 0 0 0 0 0 0 0 0 0 499 685 0 0 0 1288 0 0 0 358 0 0 0 0 0 153 0 0 0 0 0 0 1240 0 955 0 0 1387 0 0 0 0 616 0 0 577 0 0 0 0 504 185 1288 0 0 0 471 1254 0 0 0 321 0 0 0 0 0 0 0 0 116 0 0 0 0 0
0 0 0 0 0 0 0 739 0 1475 187 0 0 0 0 0 0 0 0 739 126 0 0 0 0 739 0 1176 0 700 0 898 0 0 0 0 0 0 145 0 0 0 892 0 0 0 155 0 1006 0 0 385 0 782 0 0 0 0 0 0 0 0 0 0 0 0 0 739 724 722 0 0 1311 739 301 0 0 0 0 0 288 0 0 0 648 739 476 0 410 0 1417 0 0 0 0 0 0 0 0 0 0 0 1081 0 739 605 0 211 459 0 0 305 0 0 0 0 1603 0 0 0 0 101 0 0 0 739 0 739 0 0 0 0 1604 0 0 0 0 0 0 0 539 0 0 138 0 0 0 0 1231 0 0 0 1113 0 0 0 0 0 0 0 0 0 0 0 780 0 0 0 739 0 1348 0 0 0 116 739 668 739 0 0
0 254 0 0 0 936 0 0 0 0 0 0 0 791 0 0 398 777 936 126 0 936 0 0 0 0 0 0 0 936 0 0 0 0 0 936 0 0 248 0 936 0 0 0 0 782 0 0 0 936 0 0 0 0 0 0 0 0 0 0 0 0 0 0 0 936 0 724 0 250 0 0 936 301 0 0 577 0 0 0 116 0 0 454 936 0 936 534 0 0 936 0 0 0 0 0 779 0 0 552 0 0 369 0 0 0 0 0 0 936 0 0 936 0 0 0 0 936 0 936 0 0 0 0 0 0 0 0 936 0 0 936 811 936 936 0 936 626 0 0 0 0 0 574 0 0 892 0 0 0 712 0 119 0 0 0 0 0 853 0 0 0 0 0 0 0 0 936 0 0 369 936 0 0 0 0 0 0 0
0 0 0 1035 254 0 0 0 0 0 0 0 0 0 0 0 0 0 0 0 0 0 1035 0 0 254 0 0 0 0 0 764 0 648 0 254 0 254 0 0 0 1035 0 0 0 236 0 0 0 0 0 254 0 0 0 0 0 0 160 580 1035 0 0 0 0 0 0 0 0 0 0 0 0 0 838 0 0 0 0 0 0 604 454 0 0 0 0 0 0 254 0 0 0 0 325 0 1035 330 0 0 0 0 1035 0 0 0 0 254 0 0 0 254 0 0 254 1035 0 0 254 101 1035 0 0 1035 0 0 0 1035 254 0 0 0 0 0 0 0 0 0 0 0 0 0 0 0 616 0 0 0 0 254 0 0 504 0 0 0 0 0 0 0 0 1035 0 321 605 1035 1035 0 0 0 1035 0 116 0 0 0 0 0
0 0 0 0 0 0 0 245 325 0 325 0 0 0 0 0 325 0 0 325 0 0 0 0 0 0 0 0 0 325 0 0 325 0 0 0 325 0 0 0 0 0 0 0 0 325 0 0 0 0 325 0 0 0 0 325 0 0 0 0 0 0 0 0 325 325 325 0 0 325 0 0 0 325 0 0 0 0 325 0 0 0 0 325 0 0 325 0 0 0 0 325 0 0 325 0 0 325 0 0 0 325 0 0 0 325 0 0 0 0 325 0 0 0 0 325 0 0 325 0 325 0 0 0 0 0 0 325 117 0 0 0 0 0 0 0 325 0 325 0 0 397 0 0 0 0 0 0 0 0 0 0 0 0 0 0 325 0 0 0 0 0 325 325 0 0 0 0 325 0 325 0 0 0 0 298 0
0 0 0 0 0 1401 187 0 0 0 1249 0 0 0 0 0 604 0 0 0 0 0 0 0 0 700 0 0 0 0 0 1221 0 1216 0 807 0 552 0 0 0 0 0 0 1006 0 0 385 0 0 0 0 0 0 0 0 160 0 0 0 0 0 838 0 0 722 0 0 1311 145 0 0 1218 577 428 0 0 538 1389 0 0 0 0 0 0 0 0 668 0 697 0 0 0 0 0 0 0 0 0 0 0 0 0 0 459 0 893 0 0 0 0 0 1401 995 0 1401 0 0 0 0 0 0 0 772 0 0 0 0 1401 0 0 1339 0 0 0 0 0 1590 0 138 574 0 0 0 0 0 1083 1323 0 119 0 185 0 0 0 1401 0 1254 0 0 0 0 0 0 0 0 0 0 0 0 0 0 0 0 0 1514
0 0 940 0 1462 0 0 0 940 0 0 655 0 777 0 604 0 0 0 0 0 0 0 0 700 0 0 772 0 0 0 0 1216 0 0 0 0 0 0 0 0 0 236 0 0 0 0 0 0 427 0 0 0 0 940 0 0 0 0 0 0 0 0 724 0 0 0 0 145 0 0 0 0 0 630 0 0 1389 1006 648 0 0 0 0 940 0 0 626 0 0 0 0 779 940 1217 0 0 0 0 0 0 0 0 0 0 0 0 940 0 499 685 0 0 0 0 0 0 0 358 0 0 0 0 0 0 906 256 0 0 0 0 0 580 0 0 0 0 0 0 0 0 0 0 0 0 0 0 0 0 504 0 1462 0 0 0 0 0 0 0 780 0 0 0 0 0 0 0 940 0 0 940 0 0 0 0
0 0 0 0 187 0 0 0 0 0 1195 398 0 0 0 816 0 496 1195 0 0 0 0 1195 1195 0 0 764 0 0 0 0 0 0 1195 0 284 1195 403 0 0 0 0 0 0 0 0 0 0 1195 0 711 0 0 0 580 1195 337 0 965 1195 0 0 0 0 0 0 0 301 1138 838 0 0 0 288 0 0 0 0 0 0 0 0 1195 0 0 0 0 184 0 0 0 0 0 0 0 0 0 1127 0 1195 211 459 0 0 0 0 0 0 685 0 0 0 0 0 0 0 0 807 0 0 1195 898 1169 0 0 0 811 1195 0 893 0 0 0 0 1195 0 0 0 117 0 0 0 1176 1083 0 0 0 0 0 0 564 0 0 0 1195 564 1195 0 321 0 0 0 0 0 0 1195 0 309 0 668 0 0 0
0 0 0 0 0 0 333 0 333 655 0 0 0 604 333 0 333 0 0 0 0 0 0 0 0 0 0 0 0 184 0 0 807 1216 0 0 0 0 333 0 0 0 0 0 0 1483 0 0 0 1243 0 0 0 160 1483 0 0 0 0 838 0 0 0 934 0 1311 0 0 1347 0 0 428 0 288 0 0 0 0 0 0 476 0 1401 1417 668 0 697 0 0 0 0 0 0 0 1483 1081 0 0 0 0 0 0 0 0 0 333 689 0 0 1483 0 1483 0 0 0 0 1254 0 1483 965 772 0 153 906 0 0 702 0 0 0 0 955 0 0 0 0 0 0 0 0 916 0 0 0 0 0 0 0 185 0 0 0 0 0 282 0 333 0 0 403 0 0 0 0 0 0 0 0 0 333 301 0 968
0 862 0 0 0 0 0 0 655 0 0 0 604 256 0 0 0 0 862 0 0 0 0 862 256 0 0 0 0 0 0 0 0 0 862 0 0 0 0 0 862 0 0 0 0 782 0 792 0 0 0 256 160 0 0 0 0 0 0 256 0 256 0 0 0 0 0 0 0 0 0 256 0 0 862 0 0 0 0 0 410 0 0 0 0 0 0 0 0 256 0 0 0 0 0 0 0 0 248 0 0 0 0 0 0 0 0 0 862 862 862 0 0 862 0 256 0 862 0 0 337 0 862 0 0 0 862 0 862 0 0 0 0 0 0 0 0 0 256 0 0 577 0 0 862 0 256 0 0 0 0 0 0 256 0 0 0 0 403 0 0 0 0 0 0 0 0 0 0 0 298 862
0 0 0 0 944 0 0 0 0 0 0 0 0 0 0 0 0 0 1323 0 0 0 689 0 0 0 648 0 0 0 0 0 0 284 0 0 0 0 0 0 1350 0 385 1058 0 0 0 1475 0 176 0 0 0 0 0 0 0 0 0 0 0 0 0 0 0 0 0 0 0 0 0 0 0 544 0 0 1475 0 0 0 0 0 0 0 789 0 0 0 0 0 330 0 1475 0 369 0 0 0 0 0 1310 0 0 0 0 0 0 0 0 0 0 0 0 0 0 0 0 0 1364 0 0 0 0 0 0 0 0 0 0 0 0 0 1475 1475 577 0 0 0 0 0 1176 0 712 983 0 504 1357 0 564 0 0 471 0 0 0 0 321 0 0 0 0 0 0 0 1066 0 1475 0 0 236 0
0 187 0 245 0 0 0 126 0 0 0 0 187 0 187 0 0 0 0 187 0 0 245 187 0 0 0 0 0 0 0 187 187 0 0 0 0 0 0 245 245 0 0 0 187 0 0 0 187 0 0 0 0 0 0 0 187 0 0 0 0 187 0 0 0 0 0 0 0 0 0 0 0 0 0 0 0 0 187 0 187 0 187 187 0 0 0 0 0 187 0 0 0 0 0 0 0 0 245 0 187 187 245 0 0 0 0 187 187 0 0 0 0 0 0 0 0 187 0 153 187 0 187 0 0 0 0 0 0 0 0 0 0 0 0 0 0 0 0 187 0 0 0 0 0 0 187 245 0 0 187 187 187 245 0 0 187 187 0 0 0 0 0 0 0 245 245 0 0 0
0 0 660 0 660 0 0 660 926 604 660 0 0 660 0 0 0 0 0 0 898 0 0 0 0 0 0 0 0 0 0 0 0 454 0 0 236 0 0 0 385 0 0 0 0 0 0 176 0 160 1567 0 0 0 0 838 0 0 0 0 0 0 0 301 0 0 577 0 0 0 0 0 1006 0 0 0 0 0 660 1417 0 0 0 0 0 0 0 0 0 960 660 0 0 0 0 0 0 0 0 893 0 0 689 0 0 0 0 0 0 0 0 0 0 0 1584 965 0 0 0 0 0 0 0 0 0 0 580 955 0 539 0 660 0 0 117 0 0 0 577 0 0 0 0 504 185 0 0 0 1584 471 660 0 0 0 0 0 0 0 0 0 564 0 660 0 660 660 660 0 0
0 0 0 0 655 126 772 896 0 0 0 0 0 0 0 0 0 700 0 0 0 0 896 0 0 896 0 0 0 0 892 0 454 0 0 0 0 0 0 0 0 0 427 0 0 0 0 896 160 0 0 0 127 0 0 0 0 0 896 0 0 0 0 896 0 0 0 630 206 0 896 896 648 779 0 0 410 0 896 0 0 697 627 0 896 0 330 0 896 896 0 896 0 0 0 0 0 0 0 0 0 0 0 238 0 0 0 896 0 896 325 0 0 0 0 0 0 0 0 0 896 702 896 0 896 580 0 0 0 0 0 0 0 0 896 0 0 577 896 0 0 665 0 185 0 0 0 0 0 0 0 0 0 896 403 896 896 0 0 0 0 896 0 0 0 0 298 0
0 944 702 0 0 772 0 604 0 0 0 0 702 944 0 0 0 0 0 0 0 0 0 0 0 944 0 0 0 0 250 454 372 0 0 0 0 417 0 0 782 0 0 0 833 944 0 160 0 0 284 0 0 0 944 0 0 0 0 0 0 0 0 0 0 0 0 206 0 944 0 648 0 0 0 0 944 0 0 626 0 0 0 0 0 0 0 0 0 0 0 0 605 0 0 944 406 893 305 0 689 0 685 944 0 944 944 0 0 702 0 0 0 0 772 0 0 906 117 0 702 0 0 944 0 0 646 0 0 0 0 0 944 0 0 0 0 0 944 0 665 459 0 944 0 0 0 0 0 0 0 0 944 403 0 0 0 0 564 0 0 0 0 0 0 298 944
0 0 0 0 0 0 0 0 0 0 0 0 791 0 0 0 0 0 0 764 0 791 0 0 0 0 0 0 791 250 454 0 0 0 0 1249 0 0 0 782 0 0 0 0 0 0 0 0 0 284 0 0 791 0 0 0 0 456 0 0 0 791 0 0 0 0 0 538 0 604 648 0 0 968 410 0 0 668 626 0 0 0 0 0 0 0 0 0 0 791 1127 0 248 0 0 0 0 305 0 0 0 685 0 0 0 0 0 0 0 0 0 0 791 1249 0 0 0 0 0 0 0 0 0 0 791 0 539 0 1249 138 574 0 0 791 0 0 0 791 0 119 0 0 0 564 0 791 0 0 0 0 780 0 0 0 1074 0 0 369 0 1066 0 0 0 0 298 0
0 0 0 0 0 0 0 0 0 0 1062 0 0 0 0 1404 0 0 0 0 0 0 0 0 807 0 0 0 0 0 0 0 236 1006 1404 0 685 0 0 0 0 1243 833 0 0 0 0 0 0 0 1190 0 1404 0 0 0 0 0 145 0 0 0 0 0 0 0 0 1389 1006 0 0 0 476 410 1401 0 0 0 0 0 0 0 0 0 1217 960 0 0 0 0 0 248 0 0 0 0 0 0 689 499 0 1404 0 0 1404 0 0 0 0 0 0 0 0 0 0 0 0 0 702 0 504 0 0 0 0 0 0 321 0 0 0 1339 916 0 0 0 0 0 665 0 185 0 0 0 0 0 0 1404 0 0 0 0 1179 0 0 0 0 0 0 116 0 0 0 0 0
0 0 655 655 0 0 0 0 0 0 0 655 0 0 0 0 655 0 0 0 0 0 0 0 0 0 0 655 0 417 655 0 0 655 0 385 655 0 0 0 0 0 0 0 0 0 0 337 0 0 655 655 0 0 250 0 655 655 0 655 0 577 0 0 288 0 0 0 0 0 0 0 0 0 655 0 0 0 0 0 325 0 655 330 0 0 0 0 0 0 0 211 0 0 655 0 0 0 655 0 0 0 0 0 655 101 0 0 0 0 0 0 0 0 0 0 655 655 0 0 0 655 0 0 0 0 0 577 0 117 0 655 655 0 655 655 0 119 504 0 0 564 0 655 0 0 564 0 0 0 0 0 0 655 655 0 655 0 0 0 0 655 0 0
0 0 0 398 0 0 0 0 0 0 0 0 0 126 398 0 0 0 0 0 0 0 0 0 0 0 0 398 126 0 0 0 126 0 0 0 0 398 0 398 0 0 0 160 398 0 0 0 0 0 126 0 0 398 0 0 0 0 0 0 0 0 126 126 0 398 0 0 0 126 0 0 0 0 0 398 0 0 0 0 0 0 0 398 0 0 0 0 0 0 0 0 398 0 305 0 0 0 126 0 0 0 0 0 0 0 0 0 0 0 0 0 0 0 0 398 0 0 0 398 398 398 0 0 126 126 138 0 117 0 398 0 0 0 398 0 0 0 0 398 0 0 0 0 126 398 126 0 126 0 0 0 126 0 0 0 0 116 0 0 0 0 0
0 777 0 0 0 496 325 0 0 0 777 700 0 0 0 0 0 0 184 0 0 777 0 0 0 0 454 372 0 0 777 0 0 0 0 0 0 0 0 0 0 0 0 777 0 0 0 0 777 0 0 0 0 0 0 145 0 0 0 0 0 0 0 0 777 0 0 0 0 0 0 0 777 0 0 0 0 0 0 772 0 0 777 777 0 0 0 0 0 0 0 0 0 0 0 689 0 0 0 0 0 0 777 0 0 777 0 0 0 772 0 153 777 0 777 702 0 0 0 0 0 0 0 0 321 0 0 0 0 0 0 577 0 0 0 0 0 0 0 0 777 0 0 0 777 772 0 0 0 0 0 0 0 0 686 0 0 0 0 0 0 0
0 0 816 0 0 926 926 0 0 1176 0 0 898 0 0 0 0 184 0 0 0 0 0 0 0 0 0 0 0 0 0 0 385 1661 0 0 0 0 0 0 0 0 0 0 0 127 0 0 0 0 0 0 0 0 0 301 1347 1218 0 0 0 0 0 1389 0 0 0 476 0 410 0 0 0 626 0 0 0 0 0 926 0 0 0 0 1599 0 0 0 0 0 0 0 0 926 689 499 685 1603 0 1604 0 0 0 0 0 1661 0 0 0 0 0 0 256 1661 0 0 0 0 0 955 869 0 0 0 0 0 0 616 0 0 577 0 1323 0 0 0 185 0 564 0 0 471 926 0 0 780 0 0 0 0 0 0 369 926 0 0 0 0 0 0 0
0 0 0 0 0 0 0 126 0 0 0 0 0 0 604 0 0 126 0 0 0 0 0 126 0 0 126 0 0 0 604 0 126 0 0 0 0 126 0 0 126 0 0 0 0 0 0 604 0 0 0 0 0 0 0 0 0 0 0 0 288 0 0 0 0 604 0 0 126 604 0 0 0 0 0 0 0 0 604 0 126 0 0 0 0 0 0 0 459 0 0 0 0 0 0 0 0 604 0 0 0 101 0 0 0 0 0 0 126 0 126 256 0 0 0 0 0 0 126 0 539 0 0 126 574 0 0 0 0 126 0 0 126 0 0 0 0 564 0 0 0 0 0 0 0 0 126 0 0 0 0 126 0 604 0 604 0 0 0 0
0 0 0 0 1092 0 0 0 0 0 816 0 0 0 0 0 0 0 0 0 552 0 250 0 372 0 236 0 0 0 0 816 782 0 0 0 816 0 816 0 816 0 0 0 0 0 816 0 0 0 0 0 0 816 0 0 0 0 0 0 0 816 0 0 0 0 476 410 816 0 0 626 697 0 0 0 0 0 0 816 0 0 816 0 0 0 0 0 406 0 0 539 0 0 685 816 0 816 0 0 816 0 0 816 0 0 0 337 0 816 117 0 0 0 0 0 0 0 0 0 0 0 0 0 816 0 0 0 577 816 0 0 0 0 0 0 0 0 0 0 282 0 0 0 816 403 0 816 0 0 0 0 0 0 816 0 0 0 0
0 0 0 1092 0 0 1171 0 0 898 772 0 702 0 0 1171 0 0 0 552 892 0 0 0 155 0 1006 0 0 0 1171 0 0 0 0 0 176 0 0 0 0 0 0 0 0 1587 0 0 0 0 1171 0 0 0 0 0 0 630 0 0 0 1006 0 0 476 968 410 0 0 0 0 0 0 0 0 0 1168 0 0 1171 0 0 0 0 0 0 0 406 0 0 0 689 0 685 0 0 1171 0 0 101 1189 0 1171 0 0 0 0 0 906 256 0 0 0 1339 1171 580 0 646 0 1587 0 138 574 117 0 916 0 0 0 1171 0 0 504 185 0 0 0 0 471 0 0 1487 0 321 403 0 1074 0 1171 0 1374 0 0 1580 0 0 0 0
0 325 0 0 0 0 0 496 0 496 0 0 0 0 496 0 0 0 0 0 0 454 0 0 236 0 0 0 0 0 0 0 0 496 0 0 496 0 496 0 0 0 0 0 0 0 0 0 496 0 0 0 0 0 496 428 0 0 0 0 0 0 0 496 0 0 0 0 496 0 0 496 0 0 496 0 0 496 0 0 496 0 496 0 288 0 406 0 0 0 0 0 0 0 0 0 0 0 0 0 0 0 0 0 0 337 0 0 0 0 0 0 0 496 0 0 496 496 496 0 0 0 496 0 496 0 0 0 0 0 0 0 0 0 0 496 0 471 0 0 0 0 0 0 0 0 496 496 496 496 496 116 0 0 0 0 0
0 0 1227 0 0 0 325 0 0 0 0 0 0 0 1169 0 0 0 0 0 0 0 155 0 1006 325 0 0 1294 0 427 0 0 0 0 0 0 1294 0 0 0 0 838 0 724 325 0 869 0 0 961 0 0 0 0 0 288 0 0 1006 0 0 0 0 0 1294 0 668 626 0 627 0 0 0 0 0 0 0 0 1294 0 0 0 211 0 0 893 305 0 0 0 0 1294 0 0 1294 0 0 0 0 1294 0 0 0 0 0 0 256 0 702 1075 0 0 580 0 0 0 0 0 0 0 0 0 0 0 0 0 0 1113 119 0 0 0 325 1294 0 0 0 1294 0 780 0 403 0 0 0 0 0 0 0 0 325 0 0 0 0
0 0 0 1092 0 0 0 0 1092 0 0 0 0 0 0 0 0 0 250 454 0 0 236 1006 1092 417 685 1092 782 0 0 1092 0 1092 0 0 0 0 0 127 0 0 1092 0 1011 0 0 0 0 961 0 0 0 0 0 206 538 0 1006 648 0 0 0 0 0 1092 0 0 0 0 0 0 0 0 0 960 0 1081 0 0 0 248 0 1092 0 893 305 0 0 0 0 0 0 0 0 0 0 0 1092 0 0 0 0 0 0 0 117 1092 0 0 504 1092 0 955 0 0 0 0 0 574 1092 0 0 1092 577 942 0 0 0 459 0 1092 0 0 0 471 282 0 0 780 0 403 0 0 1092 0 564 0 1092 116 1092 0 301 298 0
0 0 0 0 0 0 772 764 0 0 0 0 0 0 0 0 0 0 0 0 0 0 0 0 1227 0 0 782 0 792 0 833 0 0 0 0 0 284 0 0 1227 0 724 0 0 456 1305 0 0 0 0 0 0 630 288 538 0 0 0 1227 0 968 0 0 1221 668 0 0 0 0 0 0 0 0 960 0 700 0 0 0 1227 211 0 406 0 305 1227 689 0 0 1305 0 1227 0 1058 101 1189 0 0 0 0 0 0 0 1176 0 0 0 1075 1227 1240 1227 0 869 0 0 1227 0 574 0 616 916 0 1176 0 712 0 0 504 0 0 0 0 0 0 0 564 1227 0 0 605 0 1074 1008 0 0 0 1066 116 1227 0 0 0 1227
0 0 0 0 898 0 0 0 648 0 0 0 0 0 0 0 0 403 0 0 236 0 0 0 0 1323 0 0 0 0 0 176 0 0 0 1176 0 127 1190 0 0 0 722 0 0 0 0 0 0 838 577 0 630 0 0 1323 604 0 0 0 0 0 0 0 668 0 0 0 0 0 779 0 330 960 0 0 0 1127 0 0 0 0 0 0 305 0 0 0 0 1323 0 0 0 0 0 0 0 0 0 965 1176 0 0 0 0 0 0 0 0 0 1176 0 0 0 0 0 577 0 0 0 0 0 0 1083 712 0 119 0 0 0 0 0 0 0 0 0 0 0 0 0 0 0 0 0 0 0 0 116 0 668 0 298 0
0 0 0 0 0 0 0 648 0 0 0 0 0 0 0 0 454 0 155 0 0 1176 0 0 0 0 0 792 0 0 0 1176 0 0 0 0 127 0 0 0 724 0 0 456 0 1176 0 985 0 577 0 0 288 538 985 0 454 1176 0 968 0 0 1176 0 626 0 0 0 0 779 0 0 960 0 0 0 0 0 0 0 0 406 0 0 0 0 499 0 0 0 1176 985 985 0 0 0 0 1176 965 0 337 0 0 0 0 0 0 0 0 0 0 0 0 0 0 138 0 117 0 0 0 0 1083 0 0 0 0 0 0 564 0 0 0 0 0 0 0 0 403 0 0 0 0 369 0 0 0 1176 0 0 0 0
0 0 898 700 0 0 0 0 1216 0 0 0 552 892 700 454 0 0 236 0 0 0 0 0 782 0 0 0 0 0 0 160 0 0 0 0 0 700 0 0 0 250 0 0 0 0 0 700 0 0 0 0 538 1389 0 454 700 0 0 0 0 0 668 0 0 0 0 0 700 700 0 0 0 0 0 0 0 0 211 0 0 0 0 0 0 0 0 0 700 0 0 0 0 0 0 0 0 0 0 0 0 906 0 0 700 0 700 0 0 0 0 0 0 700 0 0 0 0 916 1231 0 0 1323 0 0 0 0 0 0 0 0 0 0 0 0 780 321 403 700 0 700 0 369 0 0 0 700 668 0 0 700
0 0 0 0 702 0 0 1216 1169 0 0 0 0 250 0 0 155 0 1006 1483 0 0 1519 0 0 792 0 833 1519 0 0 0 0 284 127 1190 0 0 724 0 0 0 1311 0 961 0 1218 0 0 0 0 538 0 0 0 0 0 0 410 1401 0 668 0 0 0 0 1192 0 0 0 0 0 0 0 0 605 0 288 0 0 0 0 1511 0 0 0 0 995 1519 0 0 0 1189 0 0 1519 0 0 0 0 906 0 0 0 0 0 0 0 0 0 0 0 0 0 0 0 1339 0 0 0 942 0 0 0 459 0 0 0 0 0 0 0 0 0 0 0 0 0 0 1442 0 0 686 0 0 0 0 301 0 0
0 0 0 0 0 898 0 0 0 0 898 0 0 403 0 0 236 0 0 0 385 0 689 0 0 0 0 0 0 0 0 898 0 0 898 0 0 689 0 250 0 0 898 0 898 0 577 0 0 0 0 544 0 0 898 0 0 534 0 898 0 0 0 0 0 0 0 0 0 0 0 0 689 898 475 0 0 459 0 0 0 898 0 0 0 689 0 0 0 898 101 0 0 0 898 0 0 0 0 0 0 0 0 898 898 0 898 689 0 0 0 898 0 574 0 0 0 0 0 0 0 0 0 0 0 0 0 0 0 0 0 0 0 0 0 0 898 0 0 0 0 898 0 0 0 0 898 298 0
0 0 0 772 184 772 0 772 0 552 0 0 0 0 0 236 0 0 0 0 0 0 0 772 0 0 0 0 0 0 616 0 0 0 0 0 0 0 0 0 0 0 0 0 0 0 0 630 0 0 0 0 0 0 0 0 410 0 0 0 0 0 627 0 0 0 0 772 0 0 0 0 0 0 0 0 772 0 0 0 0 0 0 0 0 772 0 0 0 772 0 0 0 0 0 0 337 0 772 0 0 702 0 0 772 0 0 646 0 0 0 0 574 0 772 0 772 577 772 0 0 665 459 0 0 0 772 0 471 0 0 0 0 0 0 0 0 0 0 0 0 0 0 0 0 0 0 772
0 0 0 0 0 0 764 0 0 0 0 454 0 0 0 0 1148 0 385 0 0 427 0 0 0 0 0 0 0 1148 0 0 0 0 1148 0 0 0 764 0 0 0 0 0 764 0 0 288 0 764 764 0 0 0 968 0 764 0 0 0 0 0 0 325 0 0 764 764 764 764 0 0 605 0 0 459 0 764 0 0 0 0 0 764 0 764 0 0 764 0 358 764 0 764 0 0 153 0 0 0 0 0 1148 0 0 764 0 0 0 1148 0 0 117 616 0 0 0 0 0 0 0 0 0 0 0 0 0 0 1148 0 1148 0 0 0 764 1074 0 0 0 0 0 0 1148 0 0 0 0
0 0 0 0 0 0 0 552 0 250 0 0 0 0 702 702 417 0 702 702 0 0 0 702 0 0 160 0 0 0 0 702 0 702 0 702 702 0 0 0 702 702 0 0 428 630 0 538 0 702 0 1074 702 0 0 702 0 0 0 0 0 0 0 0 0 0 0 0 0 0 0 0 0 0 0 406 0 0 0 689 0 0 0 702 702 0 0 702 0 0 0 0 702 0 337 153 0 0 702 0 0 0 0 0 0 0 0 0 0 0 0 0 0 0 0 577 0 702 0 0 0 0 702 0 0 702 0 0 0 668 0 702 0 702 0 0 0 0 0 0 0 0 0 301 0 0
0 0 0 0 648 0 0 648 250 0 0 155 0 0 1221 1221 0 648 0 0 648 0 0 176 0 0 0 0 0 127 0 0 0 0 0 0 0 0 1216 0 0 0 0 0 0 0 0 0 604 454 1221 476 968 0 0 0 0 0 648 0 0 0 0 0 330 648 0 0 0 0 0 0 211 0 0 0 0 0 0 0 0 0 0 1221 0 0 0 0 0 0 0 648 0 0 0 648 0 0 0 0 0 0 0 0 0 539 0 1221 138 0 117 616 0 648 577 0 0 0 0 0 185 0 564 0 648 471 0 0 0 0 321 403 0 0 0 648 0 0 1066 0 0 0 0 0 1221
0 0 145 0 0 0 0 0 0 0 0 236 0 0 184 0 1665 0 0 0 1243 0 176 184 0 0 184 0 0 0 0 184 0 0 0 0 1311 184 184 0 1218 0 428 0 0 0 0 0 0 184 184 0 0 184 1417 668 0 0 0 0 0 184 0 184 960 0 1081 0 0 0 0 0 0 0 0 305 184 0 0 0 0 0 0 0 0 101 0 0 0 0 0 184 337 0 0 184 0 702 0 184 0 0 0 0 0 0 184 138 0 0 0 0 1231 577 0 0 0 0 0 0 0 0 0 0 471 0 184 184 780 0 0 0 184 0 0 184 184 0 116 184 0 184 298 0
0 0 0 0 0 0 1216 0 0 0 236 0 0 1216 385 0 782 0 0 0 0 0 0 0 0 0 284 0 0 0 0 0 0 0 0 0 1216 0 1138 0 0 0 0 0 0 0 604 0 0 0 0 0 1216 0 0 0 697 0 0 0 0 0 0 0 1216 0 785 0 0 0 0 0 406 0 0 0 0 1035 0 785 0 0 0 1075 0 0 0 0 0 0 0 0 1169 0 0 0 0 0 0 0 0 0 0 539 0 1216 0 0 117 616 0 0 0 1083 0 0 0 0 0 0 0 0 0 471 1216 0 0 1216 0 0 0 1074 0 0 369 0 0 0 0 0 0 298 0
0 0 0 0 0 0 0 0 0 0 0 0 0 0 0 145 145 0 145 145 0 0 0 0 0 0 0 0 0 0 0 0 0 0 0 1169 0 0 0 577 0 0 288 0 0 0 0 0 0 0 0 0 0 145 0 0 145 0 0 0 0 0 0 0 0 0 0 0 0 0 0 0 0 0 1169 145 145 0 0 1169 0 0 0 0 0 358 0 0 145 0 145 0 0 256 145 0 0 0 0 1169 0 0 0 0 0 0 0 0 0 0 0 145 0 0 0 0 0 145 145 0 0 0 0 0 0 1169 0 321 0 1169 0 0 0 369 0 0 0 1169 0 1169 0 0
0 0 0 0 0 0 417 0 236 0 0 0 0 248 0 0 0 807 0 176 807 0 0 0 0 0 0 0 0 0 0 250 0 0 0 301 0 807 0 0 0 0 0 248 0 0 807 476 0 0 0 0 0 0 0 0 0 0 779 0 0 248 0 0 248 0 0 807 0 459 248 0 0 807 0 0 0 0 0 0 0 0 0 0 0 0 807 0 0 248 0 248 0 248 0 0 0 248 0 0 807 539 0 0 0 0 0 0 248 0 0 0 248 807 0 504 0 248 564 248 0 0 0 564 807 0 0 605 0 0 807 0 0 0 0 0 0 0 0 0 0
0 0 0 0 0 417 155 0 1006 0 0 0 0 0 0 0 1243 0 0 0 0 580 0 0 0 1190 0 0 724 722 0 0 0 0 0 1347 0 577 0 0 0 0 0 0 0 0 0 0 0 0 0 0 626 0 0 0 0 0 1168 0 0 0 0 0 1127 0 0 0 0 0 0 0 0 0 0 0 1371 1216 0 0 1058 0 0 358 0 1216 965 1216 337 0 0 0 0 0 1075 0 0 0 0 869 0 0 0 0 0 0 616 0 0 0 0 0 1113 0 0 0 1371 564 0 0 0 0 564 0 0 0 0 0 1074 0 1348 369 1216 0 0 0 0 0 298 0
0 0 552 403 417 155 0 0 0 0 385 1347 0 427 0 0 0 0 0 0 552 0 0 0 0 0 0 0 552 250 0 1311 0 0 0 552 0 0 0 288 0 0 0 454 552 0 0 0 0 552 0 0 0 184 0 0 552 0 330 960 0 0 1347 0 0 552 211 0 0 0 0 0 0 0 0 0 0 0 1347 0 0 0 0 0 552 965 0 337 0 552 0 0 552 0 0 0 0 0 0 539 0 0 0 552 0 0 916 0 0 0 0 0 119 504 552 0 0 1347 0 0 0 552 0 552 0 0 552 0 552 0 0 0 0 116 0 0 552 0 0
0 0 403 0 155 0 892 0 0 0 892 0 0 0 0 0 176 892 0 0 0 337 0 892 0 892 0 0 0 0 0 0 301 0 0 0 0 0 288 0 0 0 0 0 0 0 0 0 0 0 284 0 0 0 325 0 892 0 552 892 0 0 0 475 0 0 0 0 0 0 0 0 0 0 0 892 0 0 892 101 0 0 0 0 892 0 892 0 892 256 0 0 892 0 0 0 284 0 0 0 0 0 0 0 0 0 0 0 0 0 892 0 0 892 0 0 0 0 0 0 0 0 0 0 0 892 0 0 0 0 0 0 116 0 0 0 0 0
0 0 0 0 0 0 250 0 0 1270 0 0 0 250 0 176 0 160 0 0 0 0 1190 0 0 0 250 0 0 0 0 0 1270 0 0 0 250 250 538 1270 0 0 0 250 0 0 0 250 0 0 697 0 0 250 0 0 250 0 0 0 1270 0 0 0 0 0 0 893 305 250 0 499 0 0 0 0 0 0 101 0 0 0 0 0 0 0 0 0 0 0 0 0 0 0 0 0 250 0 0 0 0 0 0 0 0 0 0 0 0 0 119 0 0 1270 250 0 1270 0 0 0 0 0 0 0 0 0 0 0 250 0 250 0 0 0 0 298 250
0 0 155 0 454 454 0 0 0 0 0 0 454 0 0 454 0 0 0 0 0 0 0 0 0 0 0 0 0 454 0 0 454 0 403 0 288 0 0 0 454 454 0 454 0 0 0 403 0 0 184 0 0 454 0 0 0 454 0 0 0 0 0 0 0 0 0 0 454 0 403 0 0 454 0 0 0 0 454 358 403 0 0 0 337 454 0 256 0 0 0 0 403 0 0 0 0 0 0 0 0 117 0 0 454 454 0 0 0 0 0 454 0 454 0 0 0 0 454 454 0 0 454 0 0 0 0 0 0 0 0 0 0 0 0 0
0 0 0 0 0 0 0 0 417 0 0 0 417 0 0 160 0 0 0 0 0 0 0 0 0 0 0 0 0 417 0 417 0 0 0 0 0 417 0 0 0 0 0 0 417 0 0 0 0 0 0 0 0 330 0 417 0 0 0 0 0 0 0 0 0 0 0 0 0 0 0 0 417 417 0 0 417 0 0 0 0 0 0 0 153 417 0 0 0 417 0 0 0 0 417 0 0 0 0 372 0 0 0 417 0 417 0 417 417 0 0 0 372 0 0 417 0 0 0 0 0 0 0 372 0 0 0 417 0 0 0 0 0 0 417
0 0 155 0 155 0 155 155 0 0 0 155 0 0 0 0 0 155 127 0 0 0 0 0 0 0 155 0 0 0 0 155 0 0 155 538 0 0 0 155 0 0 0 0 0 155 0 0 0 0 155 0 0 0 0 0 0 0 0 155 0 155 0 406 155 0 0 0 0 0 0 0 0 0 0 0 0 0 0 0 155 155 0 0 0 155 0 155 155 0 0 0 0 0 0 155 0 0 0 0 0 0 0 0 0 0 0 0 0 0 0 0 0 155 0 0 0 0 0 0 0 0 0 0 0 155 0 0 0 0 155 0 0 0
0 0 236 0 0 236 0 0 0 236 0 0 0 0 0 236 236 0 0 0 0 0 0 0 236 0 0 0 0 0 0 0 0 0 0 0 0 236 0 0 0 0 0 236 236 0 0 0 0 236 236 0 236 0 0 236 0 236 0 0 211 0 0 0 0 236 236 0 0 0 236 0 0 236 0 0 0 236 0 0 0 0 236 0 0 0 236 0 0 0 236 0 0 236 236 0 236 0 0 0 0 0 236 0 236 0 0 0 236 0 0 0 0 0 0 0 0 0 0 236 0 0 0 0 0 0 0 0 0 0 0 0 0
0 1006 0 385 0 0 0 0 0 0 0 0 0 580 1006 0 0 0 0 0 0 0 0 0 0 1006 301 0 0 0 0 630 0 0 0 0 0 0 0 0 0 0 0 0 0 0 0 0 0 0 0 0 960 1006 0 0 0 0 248 0 459 0 0 305 0 0 0 685 0 0 0 0 0 0 0 0 1417 0 0 0 0 0 0 0 0 0 1075 0 0 1006 0 869 0 1006 0 0 0 0 616 0 1231 577 0 0 0 119 504 0 0 0 0 0 0 0 564 1006 0 0 0 1006 1006 0 0 369 0 0 0 0 668 0 0 0
0 0 0 0 0 427 0 0 833 1350 0 0 0 0 284 0 0 838 1483 724 722 0 0 0 0 961 0 0 0 0 0 288 0 1350 0 0 0 0 0 410 0 0 0 0 0 0 0 1192 0 0 0 0 0 0 1350 0 0 0 0 0 406 0 0 1483 689 0 0 0 0 0 0 1058 0 0 1254 0 0 0 0 0 0 906 117 0 702 0 1339 1240 0 0 0 0 0 0 0 574 1129 0 916 0 0 0 0 0 665 0 0 0 0 1350 1350 0 282 0 0 0 0 0 0 1074 0 0 0 0 0 0 0 0 0 0 968
0 385 0 0 0 0 0 0 0 0 0 1462 616 284 0 0 838 0 0 0 0 0 0 145 0 1347 0 1055 0 0 206 0 0 0 0 417 0 476 0 0 0 0 626 0 0 0 0 417 0 0 0 1462 0 0 577 0 0 0 0 0 893 0 0 0 499 0 0 0 0 0 0 0 417 1254 0 0 0 772 337 0 0 0 1462 0 1075 0 1240 0 0 0 0 0 417 138 0 0 0 0 1231 0 0 0 0 0 0 185 1462 0 0 0 0 0 1462 0 0 0 0 0 0 0 0 564 0 417 116 0 417 0 0 968
0 0 0 385 0 0 385 0 385 0 0 0 284 0 385 385 0 0 0 0 0 385 0 0 0 385 385 0 0 0 0 385 0 0 0 0 0 0 0 0 385 0 0 0 0 385 0 0 385 0 0 0 0 385 385 0 0 0 0 0 0 0 0 0 0 0 0 0 0 0 0 0 0 0 0 0 0 337 0 0 117 385 0 0 0 0 0 0 385 0 0 0 0 0 0 0 0 0 385 0 0 0 0 0 0 0 385 0 0 0 0 385 385 0 385 0 0 0 0 0 0 0 0 0 385 0 0 298 0
0 782 427 792 0 0 176 1203 0 0 0 0 127 965 0 1665 0 722 250 0 1058 1216 0 0 0 577 0 0 0 0 0 0 0 0 476 0 0 0 1221 0 0 697 0 0 0 0 0 0 0 0 0 0 0 0 0 0 0 0 0 0 0 0 0 0 0 0 0 1058 0 101 0 0 0 1387 0 1364 0 0 0 0 0 0 0 0 0 0 0 0 0 0 0 0 0 0 616 0 1081 0 0 0 983 0 0 0 0 0 0 0 0 0 0 0 0 321 0 0 0 0 0 0 0 1066 0 0 0 0 0 1514
0 427 0 0 0 176 0 0 580 0 0 0 782 0 782 0 0 0 0 0 782 0 0 0 0 0 0 288 0 0 604 454 0 0 782 534 0 0 782 0 0 0 0 0 0 0 0 552 0 0 369 0 0 0 0 459 406 0 782 0 0 0 685 0 782 0 0 782 0 0 0 0 0 0 782 0 0 0 0 0 782 0 0 0 782 0 782 0 0 0 0 574 0 616 0 0 0 0 0 0 0 0 0 0 0 503 0 0 0 0 0 0 0 605 0 0 0 0 0 782 0 0 0 0 0 0 0
0 0 427 0 0 427 0 0 0 0 427 427 0 0 118 0 0 0 0 0 0 0 0 0 427 0 0 0 427 427 427 0 0 427 0 0 0 427 0 0 0 0 0 0 0 0 427 0 0 369 427 427 427 0 427 0 0 0 0 427 0 0 0 427 427 427 0 101 0 0 0 0 0 0 0 0 0 0 427 0 427 0 427 0 118 0 427 0 0 0 0 0 0 427 427 0 0 427 0 0 0 0 0 0 0 0 427 0 0 0 0 0 0 0 427 0 0 0 427 427 0 427 0 427 0 0
0 0 0 0 0 792 0 0 337 0 0 0 0 0 0 250 456 0 792 0 792 0 0 0 0 0 0 544 0 0 0 0 792 0 0 0 792 0 0 0 0 0 0 792 0 0 0 0 0 792 0 0 0 0 406 792 0 0 0 792 0 792 0 0 0 792 0 792 0 0 792 0 0 792 0 0 256 0 0 792 0 0 0 955 0 0 792 0 577 574 0 616 0 0 0 0 712 0 0 0 792 0 0 0 0 471 792 0 792 0 0 0 0 792 0 0 0 792 0 116 0 0 792 0 0
0 0 0 0 0 0 0 0 0 0 0 0 0 722 934 0 0 0 0 1347 0 0 0 630 0 0 0 604 0 0 0 0 410 0 0 0 0 0 0 0 325 779 0 0 0 1243 0 1599 0 0 0 211 0 0 0 0 0 0 0 685 0 0 0 0 0 0 0 0 0 0 0 0 0 0 0 0 0 0 1075 1243 0 0 955 0 0 0 0 0 0 0 0 0 0 0 0 0 0 119 504 1243 0 564 0 0 0 1243 0 1243 0 0 0 0 1074 0 0 0 0 0 116 0 0 0 298 0
0 0 833 0 0 0 284 0 0 0 0 711 0 250 0 0 833 0 833 833 0 0 0 288 0 0 0 454 0 0 0 0 0 0 0 0 697 0 0 0 779 0 0 552 0 700 0 0 0 0 211 0 406 0 0 0 689 0 0 0 0 833 0 711 0 0 0 0 833 0 833 0 0 0 256 0 0 0 833 0 0 0 0 539 0 0 577 0 0 0 0 0 0 0 712 833 0 0 833 0 0 711 0 0 833 0 833 0 0 0 0 0 833 833 0 0 0 0 0 0 0 0 0
0 1203 0 176 0 0 0 0 0 0 0 0 0 0 0 0 0 0 0 176 0 630 0 0 0 0 176 0 0 0 176 176 176 176 0 0 176 0 0 0 0 0 0 0 0 0 0 0 0 0 0 0 0 0 0 176 0 0 0 176 0 0 0 0 0 0 0 0 0 0 0 0 0 0 176 176 176 0 0 0 176 176 0 0 0 0 0 0 0 0 0 0 0 0 0 0 0 176 0 0 0 0 0 0 0 0 0 0 0 0 1074 0 0 0 0 0 116 0 668 0 176 176
0 160 0 0 0 0 0 0 1203 0 0 0 0 0 0 0 1203 1203 0 0 0 206 538 0 1006 0 0 0 0 0 1203 0 0 0 0 0 0 0 0 0 0 0 0 1081 1203 0 0 0 0 0 0 0 305 0 0 499 0 1203 0 0 0 1058 1083 0 0 1203 0 0 0 0 0 906 0 0 702 0 504 1203 0 955 0 0 0 321 0 574 0 1203 0 0 577 0 1203 0 0 0 0 0 0 0 0 0 0 0 0 0 0 0 0 0 0 1203 0 686 0 0 0 0 0 0 0
0 160 160 0 127 0 0 160 0 0 160 0 1311 0 0 0 0 160 0 0 0 538 160 0 160 0 160 0 0 0 160 0 0 0 0 0 0 0 0 0 0 160 160 0 0 0 0 160 0 0 0 160 0 0 0 0 0 160 160 1603 0 0 0 0 0 160 0 160 0 0 0 0 0 0 160 160 0 0 0 0 0 0 160 0 0 117 0 160 0 0 0 160 0 0 0 0 0 0 0 0 471 0 0 0 0 0 0 0 0 0 0 0 0 0 116 160 0 0 0 0
0 0 0 127 0 580 0 0 0 580 456 0 0 0 0 0 0 0 0 0 538 580 0 0 0 0 968 410 0 580 0 0 0 0 0 325 779 0 580 580 0 0 0 0 580 0 0 459 0 580 305 1511 580 0 685 0 0 580 580 0 0 0 0 0 0 0 0 0 153 0 0 0 0 0 0 0 0 0 0 539 0 0 138 0 117 0 0 0 0 0 0 580 0 0 0 0 564 580 580 0 0 0 0 0 0 403 0 1074 0 580 0 0 0 0 0 0 0 0 0
0 284 0 0 0 0 0 0 0 0 0 145 0 0 0 0 0 0 288 538 0 0 0 0 0 0 410 0 0 0 0 0 0 0 0 0 0 0 0 0 0 0 0 0 0 0 0 0 0 0 0 0 0 0 0 0 0 0 0 0 0 1254 0 0 0 0 0 0 0 0 0 0 1075 0 1240 0 0 0 0 0 0 0 0 1129 0 0 1231 0 616 0 1113 665 0 185 0 0 0 0 471 0 1442 616 0 0 403 0 0 0 0 0 0 616 0 0 0 301 0 968
0 0 0 284 0 0 284 0 284 0 0 0 0 0 0 0 0 0 0 0 0 0 284 0 284 0 0 0 0 0 0 184 0 284 0 284 0 0 0 0 337 0 284 0 0 0 0 284 0 0 0 0 0 0 0 0 0 0 0 0 0 0 0 0 0 0 0 0 0 0 0 0 0 284 284 337 0 284 0 0 0 0 0 284 0 0 0 0 0 0 0 284 0 0 0 284 0 337 284 0 0 0 0 0 0 0 0 0 0 0 0 0 284 0 0 0 284
0 127 0 0 724 0 0 0 0 0 0 127 0 127 0 127 0 0 0 0 0 127 0 0 0 0 0 0 0 697 0 0 127 0 0 0 0 0 0 0 127 127 127 0 0 0 0 0 0 0 0 0 0 0 0 0 0 0 0 0 0 0 0 127 0 0 0 0 0 0 0 127 127 127 0 0 127 127 0 0 127 0 0 0 0 127 0 127 0 0 0 127 127 0 0 127 471 0 0 0 0 0 0 0 0 127 127 0 0 0 0 0 0 0 0 0
0 0 0 0 722 0 456 0 0 301 0 0 0 0 0 288 0 0 0 0 0 0 0 0 0 1190 0 0 0 0 0 0 779 0 330 552 0 700 0 1127 475 0 0 459 0 0 0 0 689 0 685 0 0 0 0 965 101 0 0 0 1190 0 0 337 0 0 0 0 0 0 0 0 0 0 0 0 1190 0 577 0 0 616 916 1081 0 0 0 0 119 0 0 0 0 0 0 0 0 0 0 0 0 0 0 0 0 0 0 0 0 116 0 668 0 0 0
0 838 0 0 0 0 1249 0 301 0 0 577 0 630 0 538 0 604 648 0 0 0 0 0 1249 0 0 0 0 0 0 0 0 0 960 0 0 0 0 0 0 0 0 0 0 305 0 0 0 0 1249 0 0 0 1058 0 0 358 1249 0 0 0 0 0 906 0 0 0 0 0 0 0 0 0 539 838 838 0 0 117 0 0 0 0 0 1249 0 0 504 185 0 0 0 0 0 0 0 0 0 321 403 0 0 838 0 369 0 0 0 0 0 0 0 838
0 0 0 0 869 0 145 961 1347 1218 1055 0 0 0 0 0 0 0 0 918 0 410 1401 0 0 0 0 0 0 0 0 330 0 0 1584 1081 0 0 0 248 0 0 0 0 0 0 0 0 0 0 0 0 0 0 0 0 1254 1675 0 0 0 0 153 0 0 0 0 0 504 0 0 0 0 0 0 321 0 0 0 0 0 0 0 0 0 0 0 0 185 0 0 0 0 471 0 0 0 0 0 0 0 0 0 0 564 0 0 116 0 0 301 0 968
0 0 0 456 0 0 0 0 0 577 0 0 0 116 544 0 0 724 0 0 0 0 0 0 0 0 0 0 0 0 0 0 552 724 0 0 724 0 0 211 0 0 0 0 0 0 0 0 724 724 0 0 724 0 0 358 0 0 724 0 0 724 724 0 0 0 0 0 724 0 0 0 0 724 0 0 0 117 0 0 0 0 0 712 724 0 0 0 0 0 0 0 0 0 0 0 724 0 605 0 724 0 0 0 0 0 309 0 0 0 0 724
0 0 0 722 0 0 0 0 0 428 0 0 538 0 0 648 1011 722 0 0 722 0 0 0 0 0 0 722 0 0 0 0 0 0 722 0 605 0 288 0 0 0 305 0 0 0 0 0 0 0 0 0 0 0 722 0 0 0 0 337 0 722 0 0 0 0 0 0 580 0 0 0 1011 321 0 574 0 0 0 0 0 0 722 0 0 459 0 0 0 0 0 0 282 0 1011 0 0 0 722 0 0 0 0 0 722 116 722 0 0 0 0
0 0 0 934 0 0 0 0 0 0 0 0 0 0 0 0 0 0 0 0 0 0 0 250 0 0 0 0 0 0 0 0 0 0 0 250 0 211 0 0 0 250 0 0 250 0 250 934 0 0 250 0 0 0 0 0 0 0 250 0 250 0 0 0 0 0 0 0 0 0 0 0 0 0 0 0 616 0 0 0 0 0 0 0 0 0 0 0 250 0 250 0 564 0 0 0 0 934 0 934 934 369 0 0 116 934 0 934 250 934
0 0 0 0 456 0 0 428 0 0 0 0 0 0 0 0 0 410 0 0 0 0 456 456 0 0 779 0 0 456 0 0 456 0 0 0 0 0 0 0 0 0 0 0 0 456 0 0 456 0 101 0 0 456 0 0 0 0 0 456 0 0 456 0 0 0 0 456 0 0 869 0 0 0 0 0 0 456 0 0 456 0 0 0 0 0 0 0 0 456 0 0 0 0 0 0 0 0 0 0 0 869 0 0 0 0 0 298 0
0 0 301 0 0 0 0 630 0 538 0 0 0 0 0 0 0 1311 0 0 0 668 0 0 0 0 0 0 0 0 0 0 0 475 0 0 0 0 0 0 0 0 0 0 0 1311 0 1311 0 0 0 358 0 1311 0 1311 0 0 1176 256 0 0 0 0 893 0 668 869 0 0 1311 0 0 0 0 0 0 1176 0 0 0 119 504 0 1311 0 0 0 0 0 0 0 0 0 0 0 0 0 0 0 0 0 0 0 0 0 0 0
0 145 0 0 0 428 0 145 538 0 0 648 0 0 0 410 0 0 0 0 0 0 0 0 0 145 145 0 0 0 1216 0 0 248 0 145 0 0 0 0 0 0 0 0 145 0 0 0 0 0 0 0 145 0 145 0 0 0 0 0 0 1075 145 1216 0 0 145 145 145 0 138 0 117 145 916 0 0 0 0 1113 119 145 0 0 0 0 0 0 145 0 0 0 0 0 145 145 0 0 145 145 0 0 0 0 0 298 145
0 0 0 577 0 0 0 0 0 0 0 0 0 0 0 961 0 301 301 0 0 0 0 0 0 0 0 301 0 0 0 0 248 211 459 0 301 0 0 0 0 0 301 0 301 0 0 0 0 0 301 0 0 0 0 153 0 256 0 0 0 0 0 0 0 0 539 0 961 0 0 0 0 0 0 0 961 0 301 0 0 185 0 0 301 0 301 0 0 0 0 0 0 301 0 0 0 0 0 0 116 0 0 961 0 0
0 0 0 428 0 0 0 1138 0 0 0 0 968 0 0 0 0 0 697 0 0 0 779 1168 330 960 1347 0 0 1127 0 0 0 0 0 0 0 1347 0 0 0 1138 0 1347 0 0 0 0 0 807 0 965 0 337 0 0 0 1138 811 0 1339 0 1248 0 0 0 0 0 577 0 0 0 0 1081 0 1083 0 0 0 0 0 0 0 1138 1138 0 0 564 1347 0 0 605 0 0 0 0 0 0 0 0 0 0 0 298 0
0 0 428 0 0 0 838 0 648 0 0 968 0 0 0 0 0 697 184 0 0 779 0 0 0 0 838 838 1127 0 0 211 459 0 0 0 0 689 0 685 838 0 0 838 838 0 0 358 0 0 0 0 0 0 0 0 838 702 838 0 0 0 0 0 0 0 1218 0 0 117 616 0 0 577 1083 838 0 119 504 0 0 0 838 0 0 0 564 0 0 0 0 0 1074 0 0 0 0 0 116 1218 0 1218 298 1218
0 428 630 0 538 0 577 0 0 0 0 0 0 0 0 577 577 0 0 0 0 0 0 577 577 577 0 0 0 0 0 459 0 0 0 0 0 499 685 0 0 0 0 577 0 0 358 577 0 0 0 337 0 0 256 0 0 0 0 577 0 0 0 0 0 0 0 0 0 0 0 577 0 0 0 0 0 504 185 577 0 0 0 0 0 0 0 0 321 0 0 0 0 0 0 0 0 0 1055 0 301 0 0
0 0 0 0 0 0 0 0 0 428 0 0 428 0 0 0 184 0 325 0 0 330 0 0 0 0 0 0 0 211 0 406 0 0 428 689 0 428 0 0 428 0 0 0 0 0 428 0 428 428 0 0 0 0 0 428 0 0 0 0 738 0 0 0 0 0 0 0 0 0 0 0 428 428 0 0 428 0 738 0 0 0 0 428 428 0 0 0 0 0 428 0 428 0 428 428 0 428 428 428 298 0
0 206 0 0 0 0 630 0 0 0 0 0 0 0 0 0 0 0 0 0 0 0 0 0 630 0 0 0 288 0 0 0 0 0 0 499 238 0 0 0 0 0 630 0 0 0 0 0 630 337 153 0 0 0 0 0 0 0 0 0 630 0 0 0 0 0 0 0 0 630 0 0 0 0 0 0 0 0 0 0 0 0 0 0 0 630 0 403 0 0 0 0 0 630 0 0 0 0 301 298 0
0 0 0 0 0 206 0 0 0 0 0 0 0 288 288 0 0 0 288 288 0 288 0 0 0 0 0 0 0 0 0 0 0 0 288 0 288 0 0 0 0 288 0 0 0 0 0 288 0 153 0 0 0 288 0 288 0 0 288 0 0 0 0 0 0 0 288 0 0 0 0 0 0 288 0 0 0 0 0 0 0 0 0 0 0 0 288 0 0 0 0 0 288 206 116 0 0 0 0 0
0 0 0 0 0 476 0 534 0 0 0 116 538 184 0 325 538 0 0 0 0 538 0 0 0 0 211 0 0 0 0 538 0 538 0 538 0 0 0 0 0 0 0 0 0 0 0 538 0 0 0 0 0 538 538 0 538 116 0 538 538 0 0 0 117 538 0 0 0 538 0 538 0 0 538 538 0 0 538 0 538 0 0 0 0 0 0 538 0 0 0 0 538 309 0 0 538 236 0
0 0 0 0 0 968 0 0 1221 0 0 544 0 0 0 0 1168 330 0 0 0 0 1127 0 0 211 459 0 0 0 1389 0 0 0 0 0 0 544 0 0 0 0 0 0 0 0 0 0 1176 256 0 0 0 1339 0 1248 0 0 0 1389 0 0 0 117 616 0 0 0 0 0 983 0 0 1357 544 0 544 0 471 0 0 0 0 0 0 1389 0 0 0 0 0 0 116 0 0 0 0 0
0 0 0 0 968 410 0 0 0 0 604 0 0 0 0 0 0 0 0 0 0 0 0 0 211 0 0 0 0 0 604 0 0 0 1006 0 0 0 0 0 0 0 0 604 0 0 0 0 0 0 0 604 0 0 0 0 0 0 1006 0 0 0 117 0 0 0 0 0 0 0 0 0 0 604 0 0 0 0 1006 0 0 0 0 403 0 0 0 0 0 0 0 116 1006 0 0 0 0
0 648 0 0 0 648 0 0 0 0 184 0 0 0 0 330 454 0 0 0 648 0 0 0 0 0 0 0 0 454 0 0 454 0 0 454 0 0 0 0 0 0 0 0 337 0 0 0 454 0 0 0 0 0 0 0 539 0 0 0 574 0 0 0 454 0 0 0 0 0 0 0 0 0 0 0 0 0 0 648 0 0 403 0 0 0 0 0 0 0 0 0 0 0 0 0
0 0 0 0 0 0 0 626 697 627 0 0 0 0 0 0 1525 1081 0 0 0 248 0 0 0 893 0 0 0 0 685 0 0 1525 0 1058 1083 0 0 0 0 0 772 0 153 0 0 0 0 0 504 0 0 0 0 1525 0 0 0 0 0 0 0 0 0 0 0 1113 0 0 0 0 0 0 0 0 282 0 668 0 1462 0 0 0 1442 0 0 0 0 0 0 777 0 298 968
0 918 0 0 476 0 0 0 0 0 0 0 0 476 0 0 476 476 0 0 0 0 0 0 0 0 918 0 0 0 0 476 0 0 0 0 0 358 0 476 476 0 337 0 0 0 0 476 476 918 0 0 476 476 0 918 918 0 574 0 616 476 0 0 0 0 0 0 504 0 0 0 0 0 0 0 476 0 476 0 0 0 0 918 0 0 918 0 0 0 0 0 0 0
0 0 0 968 0 0 0 0 0 0 0 0 968 0 0 0 0 0 0 0 0 459 0 893 305 0 0 0 0 968 968 968 0 0 968 0 0 0 0 0 0 337 0 0 256 0 0 968 0 0 0 0 0 0 0 0 138 0 0 0 916 968 0 0 0 968 0 0 0 0 0 0 968 0 0 0 476 780 0 403 0 476 476 0 0 0 476 0 476 476 0 0 0
0 410 0 534 534 0 0 0 0 0 410 0 0 0 0 534 0 410 0 0 0 406 0 0 0 0 0 0 0 0 0 534 0 101 0 358 410 0 410 0 0 0 0 0 0 410 0 0 0 0 0 0 0 0 0 0 0 0 0 0 410 0 0 0 0 119 0 410 0 410 0 0 0 0 0 0 0 0 410 0 410 0 410 0 0 0 0 0 0 0 0 0
0 1417 668 626 697 0 0 0 0 0 0 960 0 0 1587 1127 0 0 0 0 0 0 0 0 0 0 0 1587 995 0 0 0 0 0 358 0 0 965 0 0 153 0 256 1587 0 0 0 0 0 0 0 0 1401 1401 0 0 0 0 0 0 0 0 1323 0 0 504 0 0 0 0 0 471 0 0 1401 0 321 403 0 1074 1008 1348 0 0 0 0 1401 0 0 298 1401
0 0 0 0 0 0 0 779 0 0 0 1417 1081 0 1127 0 0 0 459 0 0 0 1417 0 0 0 1221 0 0 0 0 0 1189 358 0 0 0 1364 337 1169 0 0 0 0 0 0 1221 0 0 869 539 0 1417 0 0 0 616 0 0 0 0 0 0 119 504 0 1221 0 1221 0 0 0 564 0 0 0 0 0 0 0 1221 0 0 0 0 0 0 1417 0 0
0 0 0 184 0 0 0 0 0 0 0 0 0 0 475 0 211 0 0 0 0 0 0 0 0 0 0 0 0 0 0 0 0 0 0 0 0 0 0 0 0 668 0 0 0 668 0 0 0 0 668 0 0 0 117 0 0 668 0 0 668 668 0 0 0 668 0 0 0 0 668 0 0 0 0 605 0 0 668 0 0 0 0 0 0 0 0 0 0
0 0 0 0 0 0 0 0 0 626 0 0 0 0 0 0 0 0 0 0 0 0 0 0 0 626 0 0 0 0 0 0 0 626 0 0 626 0 0 0 0 0 626 0 0 0 0 0 0 626 626 0 0 0 0 0 0 0 0 0 0 0 0 0 0 0 0 0 0 0 0 0 626 321 0 0 0 0 0 0 0 0 0 0 0 626 0 0
0 184 0 0 0 0 0 552 0 0 369 0 0 0 0 0 406 0 0 0 0 0 0 697 0 0 0 0 0 0 0 0 0 0 697 697 0 0 0 697 0 0 0 0 0 789 0 0 0 697 0 574 0 0 0 697 0 0 0 0 0 0 697 0 0 0 697 0 0 0 0 0 0 605 697 697 0 0 0 697 0 0 0 0 0 0 0
0 0 0 627 0 330 0 0 0 0 627 0 0 211 0 0 0 0 0 0 0 0 0 627 0 0 184 101 0 0 184 0 0 0 0 0 0 0 184 0 0 627 0 0 184 627 0 0 0 138 0 0 616 184 0 0 0 0 0 0 0 0 0 0 0 0 0 0 0 0 0 321 0 627 0 0 0 369 0 627 116 0 0 0 0 0
0 0 0 0 0 0 0 0 0 0 0 0 0 0 0 0 0 0 0 0 0 0 0 0 0 0 0 0 0 0 0 0 0 0 0 0 0 0 0 0 0 0 0 0 0 0 0 0 0 0 0 0 0 0 0 0 0 0 0 0 0 0 0 0 0 0 0 0 0 0 0 0 0 0 0 0 0 0 0 0 0 0 0 0 0
0 0 0 0 325 0 0 0 325 0 0 0 0 325 0 0 0 325 0 0 0 0 0 0 0 0 0 0 0 0 0 0 0 0 0 0 0 0 0 0 0 0 0 0 0 0 0 138 0 0 0 0 0 325 1083 0 0 0 0 0 0 564 0 0 0 0 325 1192 0 0 0 325 1074 1008 325 0 0 0 0 0 668 301 298 1192
0 0 0 0 0 0 779 0 605 248 0 0 0 0 0 539 0 499 0 0 0 0 0 779 0 0 0 0 0 0 0 0 0 0 117 0 0 779 504 0 0 0 0 0 779 321 0 0 0 0 0 779 0 0 0 0 665 0 185 0 0 0 0 471 282 0 0 779 0 0 0 779 0 0 0 0 779 0 0 0 301 0 0
0 0 0 0 0 0 0 0 0 0 1168 406 0 0 0 0 0 0 0 0 0 0 0 0 0 0 0 0 0 0 0 0 0 0 0 702 0 0 0 0 0 646 0 0 330 138 0 0 0 0 0 0 0 0 1113 0 0 0 1168 330 0 0 471 0 0 0 0 0 403 0 0 0 0 0 0 0 0 0 0 301 0 968
0 330 0 330 0 1127 0 248 0 0 0 330 305 0 0 0 0 0 0 330 330 0 0 0 0 330 0 0 0 0 0 0 0 330 330 0 0 0 1217 0 0 0 1217 0 138 0 0 0 330 0 0 0 0 0 119 0 0 0 0 0 330 0 0 330 0 0 321 0 0 0 0 0 0 0 0 0 0 0 0 0 1217
0 960 700 0 0 475 0 0 459 0 0 0 960 552 0 0 552 0 0 552 0 0 960 0 807 0 0 0 337 0 0 256 0 811 0 0 0 0 0 0 0 0 0 577 574 0 0 0 0 0 0 0 0 119 0 0 0 0 0 0 0 960 564 0 0 0 0 0 0 960 0 0 0 960 0 960 0 0 0 960
0 0 0 0 0 248 0 0 0 0 0 0 0 0 0 1482 0 0 0 0 101 0 0 1482 1482 0 0 0 153 0 0 0 0 0 0 1240 0 0 646 0 1584 1519 0 0 0 616 0 0 0 0 0 0 119 0 0 0 0 0 0 0 0 0 0 0 0 0 0 0 1008 0 0 0 0 0 0 668 0 0 0
0 0 0 0 248 0 0 0 0 0 0 689 0 0 0 0 0 700 700 0 0 358 0 0 0 0 0 0 0 0 0 0 0 0 0 0 0 0 0 0 0 577 0 0 0 700 0 0 0 0 0 119 0 0 0 564 0 700 0 0 564 1081 0 0 0 0 1074 0 0 0 0 0 0 0 668 1081 0 0
0 0 475 1555 0 0 369 0 0 0 0 0 0 0 0 0 0 0 0 0 358 0 0 960 0 0 0 0 0 0 811 1599 0 893 0 0 0 0 0 0 577 0 0 616 0 1081 0 0 712 0 0 0 0 0 0 0 0 0 0 0 1487 1325 321 0 0 1074 0 0 0 0 0 0 1580 668 1550 0 1514
0 0 0 0 0 0 0 0 0 0 499 577 0 0 1127 0 1058 0 0 0 0 0 0 772 0 0 0 256 0 702 0 0 1127 0 955 0 0 577 0 0 574 0 0 916 0 0 0 0 0 119 504 0 0 564 0 1127 0 577 1127 0 0 0 0 0 0 577 0 0 577 577 0 0 0 301 298 0
0 0 211 0 406 0 0 0 0 0 0 0 0 0 0 0 0 0 358 0 605 475 0 0 0 0 0 475 0 0 0 0 0 475 0 539 0 0 0 0 117 0 475 0 0 0 475 0 0 0 0 0 0 0 0 0 0 0 0 0 0 403 0 605 0 0 369 605 0 0 0 0 605 0 0
0 211 248 0 0 305 0 0 0 248 0 0 0 0 1058 0 0 0 0 0 965 0 337 0 906 0 0 0 0 248 0 248 0 248 0 0 0 0 0 0 248 0 0 0 0 0 0 0 0 0 0 248 0 1555 0 0 248 248 0 0 0 0 0 0 248 0 0 0 0 0 0 0 0 0
0 211 0 0 0 0 211 0 0 0 0 0 0 0 211 288 0 0 0 211 0 0 0 0 0 0 0 0 0 0 0 0 0 0 0 288 0 0 0 0 211 211 0 0 0 0 0 0 0 0 0 211 0 0 0 0 0 0 0 0 211 0 0 0 211 211 0 0 0 0 211 0 0
0 0 0 305 0 459 459 685 0 0 0 0 0 0 1189 0 459 459 0 459 0 0 0 117 0 0 0 0 459 0 0 459 539 0 0 138 0 0 0 0 459 459 1083 0 0 0 0 0 0 0 0 0 0 0 0 0 459 0 403 0 0 1008 459 0 0 0 116 1374 668 301 0 0
0 406 0 0 0 0 0 406 0 0 406 0 0 0 0 0 406 0 0 406 0 0 256 406 0 406 0 0 406 0 0 0 0 406 0 0 117 0 0 0 406 0 0 0 119 0 0 0 406 0 406 471 0 406 0 406 0 0 0 0 0 0 0 0 406 0 0 0 0 236 0
0 0 0 0 0 0 0 0 0 0 0 101 0 358 807 0 0 0 337 0 0 256 0 0 1075 0 0 0 0 0 0 0 893 577 0 0 0 0 893 0 0 0 893 119 0 0 1610 564 503 0 0 0 0 0 0 0 605 0 893 0 893 0 0 0 0 0 0 0 0 0
0 305 0 0 305 0 0 0 0 0 0 0 305 0 305 0 0 337 305 305 0 0 305 0 305 1240 0 0 0 305 0 305 305 0 0 0 916 0 0 305 0 305 0 0 0 0 0 0 0 0 0 305 0 0 0 0 0 305 305 0 0 0 0 116 0 0 0 298 0
0 689 0 0 1511 995 0 0 0 1083 0 0 1511 1511 0 0 337 0 0 0 0 0 0 504 1240 580 0 0 0 0 0 0 0 0 0 0 1231 0 0 0 0 0 0 0 0 0 0 0 0 0 0 539 0 0 0 0 539 1442 1348 0 0 1511 0 0 0 0 0 0
0 0 685 0 689 0 0 689 101 0 0 689 0 0 0 337 0 0 256 689 0 689 0 0 689 0 0 0 0 0 0 0 0 0 0 0 0 689 689 0 0 0 0 0 0 0 0 471 0 0 0 0 0 0 0 0 0 0 0 689 0 0 689 0 689 0 0
0 499 1035 499 499 0 1035 0 499 358 1035 0 0 499 0 0 0 0 0 0 0 0 0 0 0 0 499 0 0 0 499 117 0 0 0 499 0 1035 0 0 0 0 0 0 0 1035 471 0 0 499 0 0 0 0 0 0 499 369 0 0 0 0 0 0 0 0
0 0 0 0 0 0 685 0 0 0 0 0 0 0 153 0 117 0 685 0 0 685 0 0 0 0 0 321 0 0 0 0 0 0 0 685 0 0 0 459 0 0 0 0 685 471 0 0 668 0 0 0 0 0 0 0 0 0 685 116 0 0 0 0 685
0 0 0 0 0 0 0 0 807 0 960 0 0 1169 1176 0 0 0 1603 0 0 0 0 0 0 1590 0 0 0 0 0 0 0 0 1083 0 0 0 504 0 0 564 0 0 0 1254 0 0 0 0 605 0 0 0 0 369 0 0 0 0 0 1550 298 0
0 0 0 0 0 0 0 0 0 965 0 0 0 0 256 0 0 0 0 0 0 0 0 539 0 995 0 0 117 0 916 0 0 0 0 0 0 0 0 1610 0 0 0 0 0 0 995 780 0 0 0 0 0 0 564 0 0 116 0 0 0 0 995
0 0 0 0 0 358 0 1387 0 1364 337 0 906 0 0 0 1075 0 0 0 955 869 539 0 1519 0 0 117 0 0 0 0 0 0 0 119 0 0 1440 0 0 0 0 0 0 1487 0 0 0 0 0 1008 0 0 1374 0 116 0 0 0 0 0
0 1075 0 1189 358 0 0 0 0 0 0 0 0 0 0 0 0 0 0 955 0 0 1590 0 577 574 0 616 892 0 0 0 0 983 119 0 0 0 0 0 0 0 0 0 0 1325 0 605 0 0 0 1113 0 0 0 0 0 0 1550 0 0
0 0 0 0 0 1058 0 0 0 0 0 0 0 0 0 0 0 0 0 0 0 0 0 0 0 117 616 916 0 0 0 0 983 0 0 0 0 0 0 853 0 0 0 0 0 0 0 0 1058 0 0 0 1058 0 0 0 0 0 0 0
0 0 0 101 0 0 0 0 0 0 0 0 101 0 0 101 101 0 0 0 0 0 0 574 0 0 0 101 0 0 0 101 0 0 101 0 0 0 0 0 0 0 1083 0 0 0 0 0 0 0 101 1083 1066 101 0 668 0 101 0
0 0 0 0 0 772 337 0 906 0 1189 0 0 504 1189 0 955 0 0 1189 0 138 0 0 0 0 0 0 0 0 0 0 0 185 0 0 0 1189 471 0 0 0 780 0 0 0 0 1189 0 0 0 0 116 0 0 0 298 0
0 358 0 0 0 0 0 0 0 358 0 358 0 0 358 0 0 0 0 0 138 0 0 0 0 0 0 0 0 358 358 0 0 0 0 0 0 358 0 0 0 358 0 0 358 0 1008 0 0 1254 0 0 0 0 0 0 0
0 0 0 1364 337 0 0 0 807 0 807 0 0 0 0 0 0 1590 0 0 0 0 0 807 1081 0 0 0 0 0 0 0 0 0 807 807 0 0 0 1487 0 321 605 0 0 0 1113 0 0 0 116 0 0 1550 0 0
0 0 1364 0 0 0 0 0 0 1075 0 0 0 955 869 0 1590 0 0 0 0 0 0 1231 0 0 0 0 0 504 0 0 564 0 0 471 0 564 0 0 0 0 1567 0 0 0 0 0 0 0 0 668 0 298 1514
0 0 0 0 0 0 0 0 0 0 960 965 0 869 539 965 0 0 0 0 0 0 0 965 0 712 965 0 0 0 0 0 960 0 0 965 0 0 0 0 605 0 0 0 965 369 0 0 0 0 0 0 298 965
0 0 0 0 0 0 702 0 772 0 772 0 0 0 0 0 0 0 0 0 0 1231 0 772 0 0 0 0 0 1364 0 1364 1364 0 0 0 0 780 0 0 772 0 0 0 0 0 772 116 0 0 0 0 0
0 0 0 0 0 337 0 337 0 0 0 0 0 0 0 337 0 0 0 0 0 0 0 0 337 0 337 0 0 0 337 337 471 0 337 0 0 0 337 0 0 0 0 0 0 337 0 0 0 0 0 0
0 0 0 0 0 0 0 0 0 955 153 0 0 0 0 0 0 0 0 1169 0 0 0 1113 0 0 0 0 0 0 1169 0 0 0 0 780 0 0 153 153 0 0 0 0 0 0 153 0 0 0 153
0 0 0 0 0 906 1176 906 0 0 0 0 906 577 0 117 0 0 0 0 0 0 0 0 0 0 1176 0 0 0 471 0 0 0 0 0 0 906 0 0 0 0 0 0 0 0 0 0 0 0
0 0 256 0 0 0 256 0 0 0 117 117 0 0 0 0 0 0 0 0 256 0 256 0 185 0 0 0 0 0 0 0 0 0 117 0 0 0 0 0 256 117 0 0 0 0 0 0 0
0 0 0 0 1240 0 0 0 539 0 0 577 0 0 0 0 0 0 0 0 983 0 0 0 0 564 0 0 0 0 0 0 1325 321 0 0 0 0 0 0 0 0 116 0 668 0 0 1514
0 0 702 0 702 0 0 0 0 0 0 574 0 0 0 0 0 0 0 0 0 0 0 0 564 0 0 0 0 0 0 780 321 403 0 702 702 0 0 0 0 116 0 0 0 0 0
0 1075 0 1075 955 0 539 0 0 0 0 0 0 0 0 0 0 0 983 119 504 0 0 0 503 0 471 1075 0 1075 1075 321 0 1075 1074 0 0 0 0 0 0 0 0 0 298 0
0 0 0 955 0 504 0 504 138 0 0 504 0 0 577 0 1323 0 0 0 185 0 504 0 1339 0 282 0 0 0 0 403 1179 504 0 0 0 686 504 0 504 0 0 0 0
0 0 0 0 0 0 0 0 0 0 616 0 0 0 0 0 0 0 0 0 0 564 503 853 0 0 564 0 1240 321 0 0 0 0 0 0 1240 1066 0 0 0 1240 298 0
0 955 580 0 0 0 0 574 117 580 0 0 0 0 0 0 0 0 0 1248 564 1248 1248 0 580 0 0 0 0 403 0 0 0 0 564 0 580 0 0 0 0 0 0
0 869 539 0 955 0 0 0 0 892 0 0 955 712 0 119 0 955 955 0 0 0 443 0 0 0 0 0 0 955 0 0 0 0 0 0 0 0 0 955 0 955
0 539 646 646 0 574 0 616 0 869 0 0 0 0 0 504 0 0 0 0 869 0 646 0 0 0 0 403 869 0 646 0 0 0 0 0 0 646 0 0 646
0 1552 0 0 574 0 0 0 539 0 0 0 0 0 0 185 539 0 539 0 0 0 0 1487 0 0 0 0 0 0 0 539 0 0 116 0 668 0 0 539
0 0 0 0 0 1339 916 0 0 0 0 0 0 0 0 0 0 1590 1590 0 0 0 668 0 1462 0 1179 0 1442 1348 0 686 0 0 1462 0 0 0 0
0 0 0 0 1339 916 0 577 0 0 1113 0 0 0 0 0 0 0 0 0 0 321 780 0 0 0 0 0 0 0 686 0 0 0 321 0 0 0
0 0 0 0 0 577 0 138 577 0 0 0 0 0 0 577 577 0 0 0 0 0 0 0 0 0 0 0 138 0 0 0 138 138 0 0 0
0 0 0 0 0 0 0 0 0 0 459 0 574 0 0 0 471 0 0 0 0 574 0 0 574 574 0 0 0 0 116 0 0 0 0 574
0 0 0 0 0 0 0 0 0 0 0 0 0 0 117 0 1129 0 1129 0 0 0 0 0 0 117 117 0 0 0 0 668 117 0 0
0 0 0 0 0 0 0 616 0 185 616 0 616 0 0 282 0 0 0 0 0 0 0 0 0 0 0 1066 116 0 0 0 0 0
0 0 916 916 0 0 0 0 0 0 0 0 0 0 0 564 0 0 0 0 0 0 916 0 0 0 0 116 0 0 0 0 0
0 1176 0 0 0 0 0 0 0 0 0 0 0 1231 564 0 0 0 0 0 0 0 1113 0 0 0 0 0 0 1231 0 0
0 577 1176 0 0 0 0 1176 0 0 0 471 577 0 577 0 0 0 0 0 0 0 0 577 577 0 0 0 0 0 577
0 1083 0 0 0 0 1083 564 0 0 0 0 0 942 0 0 0 0 0 1083 1083 564 0 0 0 0 668 0 0 0
0 983 0 504 1323 0 0 0 712 471 0 0 0 0 0 0 1323 0 0 0 369 0 1066 116 0 0 0 0 0
0 0 0 0 0 0 983 0 0 0 0 0 0 0 0 0 1074 0 0 0 0 0 0 0 0 0 298 0
0 0 0 0 0 0 0 0 0 0 0 0 0 119 0 0 0 0 119 0 0 0 665 0 0 119 0
0 0 0 0 0 0 0 0 0 459 0 321 0 0 0 0 0 0 0 0 0 0 459 0 0 0
0 0 0 1357 0 0 0 0 0 780 0 0 0 185 185 0 0 0 0 0 185 0 0 0 0
0 0 0 0 0 0 0 0 0 0 0 0 1074 0 0 0 0 0 0 0 0 0 298 1514
0 564 0 0 282 564 1487 564 0 0 564 0 564 0 0 564 564 0 0 0 0 0 0
0 0 0 1254 564 0 0 0 0 0 0 0 0 369 0 0 116 0 668 1550 0 0
0 471 1254 0 0 1325 0 605 0 1074 0 0 0 0 0 116 1580 0 0 0 0
0 471 0 0 0 0 0 0 0 0 471 369 0 0 0 0 471 471 0 0
0 0 0 0 0 0 1179 0 0 0 0 0 0 0 0 0 0 298 0
0 1485 0 0 0 0 0 0 0 0 0 0 116 0 0 0 0 0
0 0 0 0 0 668 0 1348 0 686 0 0 0 0 0 0 0
0 0 0 0 0 0 0 369 0 0 0 0 0 0 298 0
0 321 0 1074 321 0 321 0 0 0 0 0 0 298 0
0 0 0 0 0 0 403 0 116 403 0 403 0 403
0 0 1008 1348 0 0 0 116 0 0 1179 0 1179
0 0 0 0 686 1074 0 0 777 0 298 0
0 1008 0 0 0 0 0 0 0 298 0
0 0 0 1066 116 0 0 0 0 0
0 564 0 116 564 0 0 0 0
0 686 0 0 0 0 298 0
0 0 0 0 0 0 968
0 0 116 0 116 0
0 0 0 0 0
0 301 0 0
0 0 0
0 0
0
0
90741
1487 1066 309 330 1199 358 1668 1440 978 1482 1364 119 398 712 816 1248 369 1511 1171 738 1622 534 1092 454 1514 319 503 841 1001 1305 1316 1462 444 1288 789 1535 1451 785 1310 537 791 1658 1203 1282 1411 1422 1138 1630 896 648 101 1651 456 1325 1371 187 1590 1127 851 1357 1672 1519 118 1189 711 985 1251 254 746 1550 764 761 631 853 385 475 1157 1367 519 1612 1555 245 247 321 1615 544 811 1316 176 997 766 1294 862 1174 564 938 1501 1270 1698 1083 482 944 1126 524 653 1168 776 1276 369 721 1008 211 922 1473 983 994 1624 443 1350 1387 739 936 1035 397 1670 940 1195 333 256 1475 245 660 924 702 1249 574 655 126 772 926 604 1525 1587 951 325 1062 1227 1176 1176 700 1664 898 722 1148 1074 1221 184 1216 1169 807 1216 552 892 250 454 372 155 236 1006 1483 417 685 1665 782 427 792 1243 833 1610 1235 160 1567 616 284 127 1190 838 1580 724 1011 934 869 1311 145 961 1347 1218 1055 428 1404 206 538 1389 1006 648 779 918 476 410 1401 1417 668 626 697 627 630 1192 1312 330 1217 960 1584 1081 1599 577 605 248 288 1374 406 893 305 539 689 499 238 1603 995 1604 1645 1058 1083 325 1254 1675 1661 965 772 337 153 906 117 1663 702 1075 504 1240 580 955 646 1552 1694 321 138 496 1129 1339 916 1231 577 942 1323 1113 665 459 185 1610 1691 1688 1656 471 282 1485 668 780 1462 403 1179 1563 1442 1348 564 686 1519 116 1462 777 301 298 968
