300
205 128 226 160 156 247 218 139 132 149 186 147 179 152 192 115 192 163 179 154 168 110 156 130 138 124 176 171 185 126 150 142 163 180 194 242 170 130 238 211 193 127 130 174 141 135 186 185 152 227 138 139 169 207 184 176 113 197 209 162 183 176 174 240 181 205 178 123 192 144 186 130 213 151 190 151 158 182 128 201 116 164 193 188 164 205 214 186 155 213 175 202 152 133 179 151 177 135 140 216 149 222 193 154 211 162 196 148 152 163 217 200 161 204 150 194 114 150 115 144 155 140 193 166 210 178 183 185 122 211 195 206 131 219 192 161 160 185 217 143 124 125 188 155 178 218 186 218 175 167 194 199 182 200 144 180 208 186 182 121 217 178 139 114 187 183 198 178 136 152 141 123 171 230 123 221 177 175 197 171 124 154 190 139 175 111 131 222 217 186 217 179 138 148 187 179 217 114 131 188 135 150 192 155 184 183 175 158 144 109 131 180 193 185 163 152 191 184 146 195 121 105 138 208 136 186 217 148 183 117 128 205 116 136 183 184 126 151 218 211 189 113 173 160 106 152 164 129 138 155 199 213 154 135 148 152 199 184 199 212 122 127 164 203 206 172 194 155 128 222 170 143 169 134 167 195 143 191 146 129 190 156 194 139 183 148 160 225 183 199 142 141 119 195 209 236 238 150 129 201
0 167 143 163 167 179 163 163 143 154 164 187 153 171 145 162 150 171 156 160 129 172 150 156 133 151 161 154 150 147 143 131 192 179 188 167 143 163 173 176 165 146 140 135 137 183 176 160 185 159 142 156 174 148 190 143 171 200 151 154 189 147 202 180 201 163 136 181 148 175 155 209 151 175 133 161 157 130 175 147 143 186 164 169 183 183 153 155 183 159 202 160 134 180 147 183 133 137 162 154 184 204 148 168 156 167 155 161 145 172 177 159 183 175 184 136 151 137 151 158 152 174 152 184 147 196 185 149 186 195 185 158 194 179 188 140 165 197 143 157 126 159 159 159 167 187 187 183 153 166 190 172 165 142 167 191 179 157 141 172 163 162 134 187 174 189 166 141 137 166 145 166 172 133 182 166 184 192 154 131 155 193 161 156 136 137 191 189 186 165 175 150 161 188 175 196 140 150 176 158 147 188 179 168 159 175 176 125 123 140 192 171 138 147 160 176 145 169 163 144 151 147 174 142 155 200 166 172 145 142 172 119 123 192 177 119 156 195 190 183 131 161 168 130 173 160 152 133 165 200 158 157 150 129 138 158 204 163 176 127 132 163 184 192 194 181 145 134 192 162 163 160 130 157 185 132 163 164 129 180 160 176 131 180 155 161 186 182 163 147 144 136 166 189 199 187 144 130 169 0
0 126 134 146 137 133 115 135 132 130 115 117 127 114 123 109 153 139 116 106 119 112 137 107 134 137 116 116 126 115 107 128 132 150 125 108 155 149 125 126 99 128 101 114 116 130 120 140 107 114 131 130 119 142 101 141 148 109 124 135 124 137 115 144 132 111 146 103 133 99 146 121 140 119 108 117 95 134 88 113 131 133 121 144 133 130 117 131 123 156 115 94 119 112 140 99 129 132 137 129 136 108 137 119 130 125 116 113 123 128 137 127 111 127 115 114 103 107 102 122 146 118 144 125 135 137 102 129 139 133 110 153 125 120 128 129 139 107 112 93 136 114 123 120 141 131 128 107 125 141 121 129 123 145 134 136 121 98 139 139 118 111 127 139 130 128 122 104 107 99 111 136 98 151 120 132 136 126 107 125 125 120 119 100 124 152 144 135 132 119 108 127 146 131 135 96 92 127 100 120 137 134 134 122 134 143 104 114 122 128 132 121 113 111 114 130 124 126 104 109 107 138 119 129 139 121 119 109 112 156 110 106 140 123 102 118 125 155 149 109 119 116 93 129 126 107 101 126 135 132 141 105 113 118 124 133 127 142 102 108 117 150 125 129 135 128 106 133 119 109 142 89 111 145 101 125 120 106 124 108 148 103 122 127 118 143 146 128 115 116 105 122 152 143 148 116 95 129 0
0 153 186 197 165 150 176 167 173 178 158 187 143 180 162 193 168 151 132 167 165 150 142 160 173 173 166 172 166 165 169 175 191 190 145 183 175 169 164 138 153 134 143 177 163 163 168 173 135 158 184 155 186 141 195 180 170 155 194 160 218 163 170 196 154 166 146 166 154 185 161 197 155 171 158 149 164 125 172 181 181 156 170 198 156 146 198 138 175 143 143 183 159 189 129 160 197 169 204 180 133 172 167 187 173 151 163 160 182 161 203 163 191 135 160 151 154 164 146 217 150 206 171 182 182 151 187 192 192 139 192 172 184 167 173 192 139 154 130 199 162 168 176 173 167 167 150 186 213 175 159 151 186 178 200 177 145 173 178 153 142 188 177 203 153 154 130 149 134 174 205 132 182 150 162 198 160 150 165 182 148 167 150 160 180 171 172 179 167 130 169 207 172 169 156 149 163 154 145 210 168 182 158 171 171 153 144 148 186 189 159 167 161 172 170 177 184 152 137 144 204 165 169 194 181 178 138 149 199 145 146 164 210 148 163 175 195 179 153 157 154 145 166 173 130 120 176 184 177 169 158 136 133 174 211 165 181 131 139 170 200 181 186 159 170 157 178 167 145 170 130 164 183 144 168 143 138 170 158 210 152 187 146 166 168 213 178 166 144 134 172 201 182 185 180 138 196 0
0 156 162 143 116 144 158 142 144 128 147 121 150 124 155 135 144 121 139 130 121 121 145 143 142 132 140 117 133 147 140 138 141 118 167 156 160 117 128 146 122 122 151 135 138 144 143 124 138 162 140 136 116 137 153 136 139 169 139 181 151 147 152 126 156 115 131 119 169 154 155 123 145 133 114 154 123 118 154 147 125 147 151 129 132 142 128 142 122 121 142 135 144 122 136 156 140 161 171 119 146 158 145 131 122 126 154 136 150 165 129 134 116 124 115 118 145 119 158 135 139 150 153 161 124 149 164 156 115 165 145 151 123 130 161 130 126 103 161 118 152 139 167 147 148 123 133 147 143 142 135 157 172 143 127 114 143 148 134 116 157 150 157 165 132 138 111 104 132 164 125 151 155 147 152 133 124 122 152 129 140 108 128 155 153 155 150 151 113 133 149 142 157 115 114 149 133 123 157 154 142 138 143 136 108 123 126 143 145 141 122 126 138 120 148 150 130 101 127 149 138 154 155 122 142 111 118 160 111 125 162 154 110 123 150 165 152 116 144 142 107 135 131 117 119 119 141 143 152 124 110 131 134 168 136 142 129 126 159 158 144 143 141 148 115 152 152 128 136 104 137 160 128 155 139 124 140 141 163 106 141 131 142 141 144 135 143 118 106 138 162 147 179 146 118 133 0
0 169 139 127 150 159 139 163 144 160 129 167 141 167 148 143 123 154 135 149 125 149 152 133 143 138 153 132 179 150 180 144 129 150 148 149 117 128 139 121 134 147 163 154 149 137 136 136 149 150 169 128 145 168 145 143 172 154 170 155 172 146 131 146 142 139 126 178 136 162 135 146 127 131 163 119 131 156 163 142 180 176 130 133 163 144 164 135 122 132 139 175 135 149 157 142 142 168 120 142 140 157 133 135 139 147 143 154 158 142 149 123 143 115 140 146 115 185 126 158 146 171 182 128 162 181 172 120 162 142 155 151 143 185 126 120 118 165 142 151 164 144 163 161 145 155 177 149 160 137 169 154 155 148 112 151 156 130 123 161 176 190 155 124 134 136 116 137 151 129 175 157 152 169 144 122 124 142 129 152 105 128 168 172 157 165 146 130 128 161 166 149 118 124 158 115 129 175 145 150 156 148 164 121 131 135 171 152 155 147 129 142 149 159 181 135 113 144 177 137 154 191 152 140 139 120 149 106 113 156 169 115 134 159 183 176 136 126 130 119 154 141 112 121 123 162 161 154 144 121 132 139 154 149 173 120 128 155 169 144 161 148 142 129 169 128 139 145 118 130 177 115 149 143 123 145 136 156 131 157 145 131 153 163 142 131 119 121 142 158 182 177 146 121 160 0
0 173 157 176 180 190 180 155 181 159 199 166 182 161 158 156 176 159 165 130 167 186 177 156 168 156 153 182 176 195 189 165 186 178 177 158 146 159 162 163 173 166 165 195 166 143 155 194 175 172 135 175 167 164 168 188 169 187 188 195 200 161 178 128 166 159 208 155 205 157 156 170 149 181 147 178 180 190 174 190 171 157 146 178 161 174 151 147 158 169 180 144 162 192 179 173 177 175 186 182 168 158 159 174 182 170 183 179 165 169 141 171 142 158 164 141 173 153 179 194 186 208 142 164 198 170 157 172 161 203 146 187 197 144 163 144 158 175 177 175 181 203 175 156 179 194 169 174 172 195 190 208 185 153 198 178 145 134 164 198 182 184 148 162 150 143 152 187 135 181 166 168 193 147 158 154 198 160 186 136 160 203 188 183 180 157 146 157 188 190 188 158 125 177 161 140 188 173 174 198 174 172 148 135 152 201 186 182 163 189 181 163 162 197 145 158 141 207 162 169 200 182 166 151 155 199 143 130 180 194 149 157 193 179 181 160 159 166 130 176 176 164 137 161 179 196 168 136 156 138 183 205 174 191 148 142 190 176 203 204 203 199 145 198 155 168 162 132 167 183 153 203 162 137 172 152 195 143 193 152 169 205 168 168 150 135 140 152 194 180 194 167 141 191 0
0 171 167 189 180 190 169 185 134 192 154 209 181 151 139 176 159 161 129 165 181 177 158 169 167 170 205 158 192 189 146 202 206 183 161 157 151 153 149 157 162 150 206 160 133 158 186 188 192 142 180 189 174 164 196 177 223 177 188 190 156 177 160 164 154 202 182 202 135 146 159 151 196 140 161 187 170 148 180 204 157 143 184 177 185 148 140 178 145 186 159 144 180 153 194 221 144 187 168 193 143 154 163 176 198 168 189 169 186 147 170 134 154 171 167 170 156 183 167 202 200 144 183 204 186 151 175 167 189 174 178 175 162 153 139 187 180 174 170 191 202 164 166 175 181 181 168 145 179 196 200 169 148 171 167 159 137 182 194 184 177 152 150 161 130 170 177 132 196 188 180 209 172 155 147 193 161 159 146 166 198 189 195 207 175 157 165 195 195 175 143 133 190 153 174 185 187 174 176 178 182 141 138 166 202 207 159 162 180 174 193 152 186 149 125 148 193 161 167 214 167 175 152 141 201 138 147 190 198 139 146 163 211 191 140 160 167 138 161 150 147 142 175 191 170 164 167 157 160 175 188 200 196 139 143 185 184 184 192 182 180 146 195 181 146 173 149 165 188 133 191 157 148 170 183 177 128 210 146 149 193 184 193 155 138 141 173 195 216 198 147 148 179 0
0 134 143 158 149 124 141 123 166 131 166 151 144 120 123 127 132 130 146 134 141 113 149 131 143 155 152 164 152 129 174 178 145 113 113 155 130 135 163 158 143 164 136 109 132 134 148 153 127 145 156 153 147 156 157 160 141 150 148 135 153 132 146 130 164 127 170 134 157 137 114 154 122 136 154 165 144 170 152 151 142 176 125 175 145 127 123 133 159 116 143 141 158 172 179 130 169 169 165 150 128 127 170 132 159 171 137 147 127 128 123 131 155 118 169 143 162 144 173 163 122 134 153 150 119 150 143 142 130 143 162 121 127 121 155 141 132 167 165 165 142 140 142 173 163 161 137 158 158 168 134 127 163 166 129 120 158 149 166 165 145 135 143 123 137 146 105 178 142 159 144 143 124 120 149 133 143 121 127 155 158 165 158 141 108 149 168 157 149 136 122 140 127 135 174 145 150 159 147 135 111 114 129 158 139 150 127 123 137 145 146 150 117 120 130 178 126 161 162 140 139 119 120 161 121 117 155 163 133 132 176 159 165 141 137 137 112 140 139 121 121 143 153 158 150 128 128 118 136 169 148 168 108 130 171 174 146 155 169 165 121 160 124 131 146 108 144 161 125 156 137 145 141 132 164 122 161 144 130 177 166 151 137 124 114 131 163 156 178 142 118 145 0
0 140 127 132 138 139 122 156 145 154 140 122 128 133 124 147 119 140 145 130 116 135 125 107 140 127 158 138 124 153 152 124 131 103 128 123 133 122 131 118 155 120 106 130 154 146 145 115 145 158 136 141 163 134 172 142 144 139 135 160 115 140 123 147 118 156 116 136 121 113 134 110 127 154 145 141 143 139 135 112 145 124 154 122 123 130 126 164 122 121 150 127 142 162 119 136 143 136 119 127 135 149 135 131 145 127 156 112 116 119 130 136 123 148 122 153 143 142 146 114 145 140 151 116 140 134 159 134 156 168 107 127 117 134 131 146 140 148 148 140 119 137 156 124 151 119 139 130 148 129 106 135 158 125 106 136 162 174 133 121 129 111 110 134 150 108 139 140 142 142 128 134 131 161 126 155 122 109 176 149 161 166 122 110 123 154 171 140 130 109 155 120 119 133 127 124 135 132 130 104 119 110 133 140 133 120 140 142 133 121 145 108 113 113 154 114 153 150 135 142 129 123 145 105 115 154 147 110 123 153 138 134 124 132 133 106 131 133 116 115 127 143 141 143 127 120 138 139 154 136 148 113 108 143 144 155 151 139 144 131 161 143 125 152 116 127 160 124 142 127 127 131 140 148 121 149 138 130 133 156 139 133 104 101 145 142 152 161 123 123 151 0
0 147 159 159 156 126 173 144 165 151 145 134 154 127 143 120 134 145 141 121 146 125 138 161 170 188 159 128 168 156 148 139 121 151 143 136 141 169 131 168 148 134 141 150 155 161 117 148 152 125 136 168 150 174 149 162 153 152 170 124 152 133 172 143 164 135 146 144 118 153 122 139 143 178 155 179 168 159 139 170 146 182 122 133 145 129 164 129 158 176 151 161 157 117 175 155 160 153 146 139 157 154 139 180 136 144 130 141 134 146 139 140 192 142 158 145 178 180 121 148 177 166 141 157 153 169 144 160 162 131 136 109 162 152 162 161 169 163 145 143 165 185 155 147 139 169 163 182 142 130 174 157 142 121 179 155 160 164 135 136 123 116 136 156 119 159 145 154 142 140 127 148 159 127 154 121 135 163 169 154 174 156 127 132 161 166 157 123 122 158 150 125 166 139 151 138 145 148 129 112 147 165 178 146 133 144 138 146 159 163 124 116 131 163 152 163 160 134 153 129 133 153 133 133 182 162 115 139 178 177 164 128 143 127 132 166 144 129 114 155 155 179 157 135 120 131 147 171 157 171 140 125 139 179 169 150 147 169 128 169 142 153 158 127 130 176 130 175 138 137 161 142 163 138 160 153 143 169 171 149 140 130 134 152 176 170 148 141 125 173 0
0 165 152 159 125 173 160 170 162 167 146 158 146 138 144 140 154 157 142 144 145 130 177 157 186 159 127 198 181 172 145 128 160 124 131 152 152 143 197 169 125 154 160 169 166 121 176 178 155 156 179 165 191 161 192 187 144 173 133 163 134 186 159 202 164 151 154 135 165 148 149 171 166 152 172 174 172 157 197 173 179 135 131 143 163 161 137 144 152 180 189 185 130 161 184 160 151 147 163 167 166 156 182 157 155 126 143 127 136 153 148 180 155 170 166 202 180 135 173 185 170 148 176 161 158 164 175 169 150 145 135 172 135 163 178 188 191 172 140 154 163 162 169 156 161 160 165 149 125 170 163 158 118 163 184 183 165 139 136 134 144 167 178 136 193 162 180 183 143 162 160 159 168 169 120 145 174 175 187 175 146 134 136 161 189 158 130 134 172 151 148 183 170 175 173 170 161 147 143 133 174 167 164 148 162 150 152 164 168 119 127 121 180 160 158 168 172 153 136 152 195 133 142 169 180 130 143 177 175 170 137 170 168 132 151 127 146 127 162 180 165 165 141 135 149 156 170 157 178 127 125 180 189 193 173 185 146 143 180 151 133 169 130 135 194 145 167 146 135 160 149 173 145 156 156 137 197 183 148 168 126 130 176 162 191 189 169 132 179 0
0 136 164 132 158 125 170 158 160 124 142 147 144 122 150 148 137 135 145 138 129 143 164 167 132 138 162 172 168 130 122 133 122 146 147 151 151 161 145 109 143 165 145 157 125 161 153 142 151 179 134 172 150 157 155 127 183 113 148 112 162 127 168 147 131 129 129 135 127 152 171 139 157 171 178 165 143 156 133 174 123 111 151 131 152 135 131 151 144 143 154 137 154 138 152 145 133 144 160 157 163 165 147 152 140 135 110 137 140 141 157 126 160 138 171 164 123 165 166 147 137 166 150 152 146 148 170 138 136 134 159 140 159 156 164 170 147 147 137 167 144 150 135 166 150 157 158 131 165 142 138 126 149 180 181 147 118 123 118 121 131 167 125 163 131 162 146 135 132 136 161 130 167 108 144 168 175 161 168 158 118 141 149 153 147 114 125 151 135 123 162 153 143 131 144 154 117 126 128 161 154 158 137 143 153 140 166 160 132 121 143 171 124 160 177 138 143 128 133 161 117 122 147 171 124 130 151 155 174 119 130 130 122 162 139 123 119 140 167 162 150 123 137 116 146 171 168 161 125 136 166 185 175 159 157 145 129 154 136 142 146 119 157 179 126 179 132 127 151 149 168 128 169 139 149 153 169 147 137 127 131 139 167 168 171 140 126 153 0
0 144 123 169 158 162 155 137 123 141 139 155 129 161 161 138 143 168 140 131 160 145 180 141 131 173 157 151 137 146 158 120 152 156 167 160 152 139 129 138 170 158 163 136 136 151 131 132 174 146 184 142 162 146 132 166 139 161 136 184 150 166 132 159 140 128 157 126 134 166 159 149 180 173 146 129 167 138 172 136 121 134 129 145 121 124 151 155 175 186 135 173 160 156 131 127 134 165 159 148 173 141 163 126 147 126 126 146 128 166 163 168 171 174 159 124 156 151 168 134 157 144 165 138 161 165 134 132 138 174 145 137 154 171 176 139 127 151 166 147 172 137 172 170 186 161 129 176 157 150 128 170 185 176 148 139 123 139 120 147 177 121 175 150 156 171 151 139 148 154 140 137 138 149 171 190 181 162 152 125 135 147 162 145 120 114 164 136 143 165 153 159 134 157 150 122 122 125 167 171 148 146 141 140 151 145 169 129 114 122 168 135 153 174 141 168 137 130 161 126 113 159 148 125 136 177 156 176 124 138 164 120 168 146 140 127 131 166 154 145 130 122 138 153 164 150 160 138 109 164 158 166 168 162 155 137 173 143 131 148 113 158 183 134 167 140 134 163 141 170 142 165 150 148 178 168 151 140 123 118 144 175 162 176 152 121 178 0
0 115 160 148 163 132 148 112 147 137 133 107 137 143 140 131 137 115 133 151 132 173 142 111 149 149 151 126 130 135 108 130 148 133 149 141 131 127 136 158 145 151 116 144 166 125 125 156 147 171 137 171 164 120 149 128 160 129 158 143 174 125 132 142 116 144 122 126 159 160 137 142 170 148 135 174 141 168 120 118 131 126 150 122 127 170 153 147 155 136 151 153 153 139 136 135 163 141 142 157 129 145 124 148 127 116 141 134 164 145 171 149 162 154 129 170 166 164 113 157 144 156 126 147 139 128 122 127 139 154 148 131 170 166 146 116 147 157 147 151 132 158 148 146 143 125 156 157 136 124 157 161 156 133 125 113 139 109 136 170 101 154 150 163 159 148 125 125 170 141 141 124 145 150 157 157 175 130 121 149 173 163 149 105 102 141 126 123 148 137 149 151 148 154 126 131 126 141 162 132 141 147 139 147 124 158 125 121 110 158 148 163 172 140 131 134 122 158 117 131 160 156 113 134 162 145 165 121 124 136 111 143 138 137 118 138 171 148 136 128 129 129 138 176 150 166 118 130 143 163 142 174 144 150 126 160 132 133 157 115 143 175 118 155 121 114 148 148 157 131 169 126 132 164 167 137 139 119 117 143 152 172 150 134 102 151 0
0 145 153 157 147 171 120 147 146 159 132 147 163 154 146 151 149 139 167 155 187 163 125 180 185 175 130 127 138 134 132 140 168 137 179 149 122 149 162 155 156 133 158 170 145 149 185 151 175 154 175 169 125 155 123 143 134 190 158 198 147 152 148 132 156 116 145 158 169 161 174 188 144 135 186 155 177 136 132 153 135 168 147 152 159 155 178 163 136 165 171 151 146 141 154 166 156 157 146 146 169 133 146 136 133 132 131 162 140 163 166 169 176 131 179 176 171 143 170 165 157 153 154 158 144 136 127 170 162 155 179 166 181 149 153 152 178 152 145 128 179 149 181 155 135 166 164 151 135 178 168 182 148 130 128 146 124 144 159 136 159 159 138 163 152 155 149 168 153 174 137 143 199 181 170 182 159 128 157 163 186 167 136 124 176 138 135 181 153 146 151 165 168 131 115 130 167 154 154 163 162 155 157 160 166 142 133 136 155 130 177 173 140 152 128 138 168 136 134 157 170 127 134 169 179 155 125 141 157 136 146 131 143 130 148 155 151 173 142 123 138 152 179 161 151 139 142 171 191 177 174 153 166 152 181 151 148 171 132 158 157 138 161 138 128 154 138 173 144 188 155 138 172 166 155 156 123 136 151 166 175 179 142 124 160 0
0 117 149 136 132 99 137 124 122 113 132 124 116 113 125 117 119 137 140 145 130 121 156 150 136 114 106 123 108 120 136 140 111 152 125 112 121 152 126 133 97 139 147 126 124 134 127 137 135 152 123 102 154 123 139 112 154 136 144 106 132 132 122 134 101 110 151 123 120 156 136 129 112 143 116 152 118 118 123 110 133 103 112 138 132 136 155 118 144 127 137 120 111 119 144 133 132 140 122 138 120 129 108 113 120 109 163 124 138 134 152 148 95 153 160 149 111 143 138 136 124 131 141 115 107 107 135 125 123 148 154 153 124 115 138 157 142 146 122 142 140 160 134 109 149 137 122 117 158 151 151 138 112 106 104 116 120 142 109 153 128 124 141 115 109 117 146 118 123 102 123 132 150 139 143 112 108 109 134 144 137 109 99 137 129 120 144 119 117 127 136 137 116 92 116 141 138 128 108 120 133 138 117 147 122 101 103 151 108 143 154 132 123 116 107 148 102 114 152 161 108 126 142 151 136 112 112 129 108 121 120 107 105 137 133 135 127 115 117 123 133 132 149 135 102 104 135 134 153 141 133 146 105 141 132 107 137 105 116 159 113 146 108 113 121 113 152 114 129 111 115 126 149 135 117 109 101 139 150 138 144 126 97 133 0
0 175 147 150 125 163 159 148 140 151 174 168 132 143 149 138 178 172 167 179 136 187 187 177 134 129 163 124 145 149 168 164 167 173 137 159 166 148 175 139 167 180 150 177 184 179 185 150 196 187 155 183 132 166 132 181 169 180 135 161 149 143 167 130 162 167 179 167 176 197 159 144 192 145 187 143 130 139 136 197 133 140 188 155 166 194 147 159 180 160 156 156 151 179 164 167 179 146 151 148 144 130 151 163 136 173 138 181 185 164 171 135 174 198 173 142 200 164 176 163 162 193 128 144 149 181 166 166 165 173 182 153 132 156 182 154 185 159 189 174 180 159 143 186 177 172 141 184 173 198 169 137 143 136 136 136 195 145 180 171 166 175 157 159 145 166 139 159 122 136 207 187 174 181 150 130 159 167 191 164 147 126 172 158 169 200 162 160 182 158 158 143 141 144 194 160 157 169 156 178 162 166 177 148 117 133 174 154 167 187 153 180 140 130 183 123 124 188 198 122 146 182 183 170 147 147 159 146 159 157 150 125 145 184 188 164 142 131 144 149 187 171 177 136 121 167 174 192 168 193 174 128 180 165 150 176 121 158 196 131 174 151 163 161 149 190 151 172 155 156 156 187 167 133 140 137 180 200 167 200 175 139 185 0
0 140 125 120 144 123 124 112 144 149 123 136 152 127 116 176 131 142 145 118 148 159 137 128 123 128 112 118 144 159 131 161 132 105 134 156 143 144 115 145 161 136 150 144 148 168 132 154 146 125 143 119 137 127 153 128 156 129 127 140 126 147 113 132 154 140 139 167 156 154 123 149 139 178 133 111 143 122 152 122 130 163 140 165 153 121 130 149 154 129 129 142 162 142 149 151 151 150 114 140 123 131 133 135 166 134 153 133 171 143 103 151 163 148 124 156 128 141 143 125 139 125 115 114 143 117 141 151 142 152 131 139 137 154 152 149 137 146 159 142 146 131 162 143 116 127 166 153 148 134 138 109 126 118 136 159 119 155 153 140 166 136 127 135 153 128 130 115 140 162 175 142 157 137 105 126 150 140 155 127 119 157 138 132 152 137 145 131 131 154 120 114 130 151 159 124 127 144 145 152 140 167 118 114 122 154 126 161 172 148 135 131 117 143 115 123 151 150 125 127 151 162 165 113 128 134 120 146 146 116 122 136 149 141 147 110 133 139 153 168 139 162 108 131 146 154 172 159 145 143 135 161 133 124 156 107 131 161 123 150 135 119 150 124 175 123 154 125 123 138 148 150 130 113 116 136 159 157 181 150 110 142 0
0 165 151 177 160 166 141 168 167 176 155 177 156 137 191 163 192 178 142 190 197 189 170 148 166 146 163 170 170 157 202 159 146 180 184 166 193 157 177 176 142 160 174 159 204 180 191 187 149 190 139 176 137 195 160 187 151 173 161 143 164 142 159 183 172 168 177 187 167 173 184 148 169 158 139 174 167 196 151 174 174 177 168 195 169 196 166 198 174 141 170 180 169 145 183 148 186 132 162 134 154 149 162 189 165 172 176 177 206 141 190 199 186 143 198 171 200 163 185 187 156 150 142 192 158 189 179 178 181 194 164 166 193 154 172 151 192 179 186 160 147 169 196 158 130 184 198 192 180 145 149 151 149 158 191 146 185 167 155 197 169 135 157 183 165 182 132 164 217 197 188 187 176 155 151 164 184 159 153 150 159 157 161 173 160 160 171 188 182 139 145 160 193 170 145 153 163 176 180 177 170 142 128 142 174 147 191 192 186 164 144 153 199 136 146 196 190 136 153 194 195 200 138 162 166 133 155 143 135 137 161 163 194 192 147 149 155 174 200 189 182 134 144 172 188 177 199 199 181 140 190 176 150 181 120 157 211 133 193 137 151 191 173 173 143 190 157 161 189 209 171 154 129 132 165 185 197 208 178 149 193 0
0 133 133 152 162 142 168 152 140 154 141 144 140 164 161 188 161 129 172 160 167 142 135 151 137 140 144 177 151 165 140 131 128 170 140 177 137 158 153 150 147 184 162 188 166 177 167 129 151 136 155 136 177 144 162 142 151 148 135 165 114 138 154 155 133 154 153 140 144 171 164 173 141 121 149 146 178 120 141 148 163 162 174 141 155 160 162 154 140 132 153 150 161 147 143 161 128 148 130 134 157 133 175 145 169 169 165 154 117 153 180 154 136 168 162 164 158 156 154 132 140 139 170 130 167 162 191 181 160 143 172 185 157 170 142 186 173 184 150 124 176 159 132 128 154 189 179 144 121 124 130 128 151 161 114 173 167 157 187 157 131 137 158 137 150 136 148 166 183 159 182 151 136 151 175 152 148 136 143 169 143 137 168 162 164 162 158 145 145 130 137 171 181 140 130 153 153 148 162 173 130 112 146 168 154 150 178 162 167 132 129 170 135 135 179 176 138 145 149 173 184 140 136 140 121 150 148 123 116 142 171 180 153 138 130 127 178 170 176 150 125 129 159 179 190 160 167 153 126 169 167 152 152 128 155 178 116 167 147 154 147 142 182 129 150 142 150 183 175 169 132 143 122 173 168 167 169 161 122 150 0
0 130 142 140 136 134 160 127 132 138 145 119 144 146 171 129 142 155 165 168 125 122 144 120 122 135 141 134 148 126 129 143 174 150 161 115 139 141 139 140 161 128 173 145 152 137 125 157 116 157 121 176 124 175 133 140 135 137 157 120 150 154 146 125 156 149 147 137 148 153 162 138 110 148 131 167 136 133 154 144 165 180 130 166 142 146 132 132 127 171 146 153 154 128 148 125 142 124 120 144 133 166 137 166 165 142 156 117 154 185 159 125 158 139 149 158 146 177 127 134 120 142 125 143 172 174 168 155 129 152 164 156 134 129 156 150 150 140 116 164 164 133 113 159 162 177 141 128 131 133 120 147 160 116 153 162 164 139 138 138 134 140 131 139 118 131 145 149 166 161 138 111 124 166 157 173 130 104 163 125 132 157 158 157 156 156 155 127 111 124 159 153 140 139 139 157 145 144 156 122 125 118 161 138 146 174 139 146 125 113 166 113 119 141 158 130 130 157 149 167 136 126 133 110 161 142 124 110 124 166 147 160 120 129 129 166 155 163 163 121 124 156 164 162 171 165 133 121 179 124 137 151 130 154 169 129 161 128 128 136 134 171 133 142 143 146 166 146 132 137 114 123 146 159 169 161 139 113 143 0
0 103 125 96 140 134 121 112 124 108 127 139 129 130 121 110 143 135 125 113 121 119 113 109 126 151 119 143 115 104 132 127 110 122 122 126 145 112 115 149 136 139 142 132 135 114 150 108 136 116 137 143 143 116 125 113 107 140 119 109 120 119 133 141 150 122 113 144 132 129 112 109 127 118 143 109 124 139 136 139 143 118 136 136 132 122 111 122 135 140 126 146 119 119 102 126 108 114 136 103 140 119 135 127 149 142 103 151 146 141 114 141 138 126 112 123 152 110 103 104 128 122 133 138 135 146 138 126 130 163 122 119 117 129 124 134 122 116 136 139 123 97 137 138 137 133 123 113 122 112 117 143 98 154 119 134 152 144 105 111 126 116 127 115 117 149 147 132 154 122 117 108 140 133 123 113 108 137 119 102 140 132 119 138 129 140 112 108 114 133 139 117 123 126 129 136 110 141 109 105 102 134 123 131 159 122 114 119 121 138 110 107 144 134 108 109 142 143 149 108 110 136 105 145 120 99 106 121 135 148 137 117 108 113 142 140 142 135 115 110 130 138 145 134 150 135 108 144 128 120 135 113 135 132 107 138 122 123 140 109 154 120 131 114 128 145 148 112 129 118 90 116 127 137 157 122 106 131 0
0 134 128 156 130 125 134 149 135 131 169 141 179 148 128 158 167 149 136 115 126 130 141 149 151 143 160 138 131 133 159 159 152 119 153 158 141 151 157 149 156 152 142 159 122 172 142 142 116 159 142 180 133 138 136 122 141 133 131 156 139 152 158 153 128 128 173 152 154 142 109 130 120 164 121 142 147 134 159 159 135 140 151 163 148 139 140 145 146 154 166 138 151 135 127 108 116 148 119 185 124 147 151 152 168 131 165 145 153 127 167 142 155 132 159 163 128 130 118 146 123 146 157 166 169 157 130 141 166 146 146 138 155 180 183 149 135 170 157 144 120 172 169 176 166 135 125 142 113 129 159 125 179 139 164 151 134 121 143 160 137 148 114 132 164 167 153 160 148 112 137 152 164 154 132 129 167 146 124 177 137 149 147 143 154 127 122 130 171 170 139 126 147 153 141 153 161 123 129 121 156 151 160 148 154 135 118 128 172 109 110 140 166 109 127 166 179 178 115 134 145 131 157 131 121 114 132 162 159 147 130 123 116 142 167 162 136 127 127 151 175 164 162 162 158 130 147 139 144 168 105 158 172 131 146 133 135 152 146 174 125 163 145 139 163 168 151 141 127 114 137 167 163 154 140 119 165 0
0 124 138 157 144 123 142 137 113 146 141 177 145 129 146 171 147 122 120 135 111 141 138 150 135 153 128 115 139 138 131 139 105 130 150 147 126 156 138 163 127 166 134 121 150 118 147 115 161 150 167 119 133 134 120 147 119 127 142 133 134 158 160 141 132 145 135 167 139 111 132 143 139 120 127 132 154 173 153 139 156 142 135 129 121 133 147 144 147 138 130 146 118 129 117 136 147 113 178 122 146 150 155 145 117 153 166 148 115 146 141 160 128 146 173 123 122 107 145 134 127 144 152 165 163 125 147 163 147 151 118 149 174 153 130 117 145 139 131 117 157 175 155 151 128 123 109 115 123 165 112 153 152 141 156 146 127 132 138 120 141 100 119 172 152 155 147 123 111 132 169 174 151 114 105 145 127 125 152 130 131 153 149 156 125 116 120 148 159 145 129 131 139 128 153 134 119 112 120 159 120 145 159 141 138 125 122 160 120 111 155 150 110 122 160 141 156 109 127 134 113 133 112 107 122 139 156 147 146 115 122 113 158 163 154 153 117 122 160 150 169 157 154 159 130 134 124 118 138 115 127 139 117 131 128 123 149 129 163 120 150 135 122 158 153 135 129 112 116 146 173 163 159 129 121 148 0
0 129 136 154 117 134 150 143 152 144 175 141 115 176 156 145 127 117 130 129 130 149 150 128 173 129 133 144 148 137 164 117 166 183 132 141 156 154 158 149 164 156 121 152 116 148 113 165 127 161 122 140 144 119 144 133 139 148 160 131 176 173 149 127 160 138 177 144 124 122 120 163 131 123 134 147 139 147 136 151 164 155 134 136 135 174 151 142 154 149 157 110 134 128 124 135 121 141 152 151 155 164 158 123 167 174 178 120 163 152 155 140 144 176 133 143 115 154 151 158 161 179 145 147 140 156 176 152 140 139 141 168 159 144 114 171 153 132 120 170 152 178 139 127 117 134 123 145 157 120 162 150 153 158 146 128 136 145 140 141 114 132 174 159 155 170 149 134 151 168 180 165 131 125 159 131 143 167 143 146 145 147 150 123 122 142 163 149 146 136 152 145 135 130 162 132 107 136 162 144 148 177 147 156 123 116 180 125 118 168 169 116 122 158 184 178 110 145 147 119 158 126 123 131 135 159 163 145 134 138 120 159 180 155 175 123 119 156 160 159 168 156 149 123 165 141 138 136 118 145 181 112 158 134 124 138 131 158 137 156 156 137 165 146 141 145 116 129 140 174 146 167 153 121 149 0
0 133 113 107 129 122 126 129 135 138 125 108 131 138 129 117 111 125 112 114 138 140 116 128 116 110 128 143 117 125 98 126 130 121 120 152 114 129 116 132 129 110 138 122 141 103 134 123 158 120 119 117 119 124 98 114 129 134 124 128 137 125 104 138 118 150 119 103 121 113 148 101 118 140 134 143 141 111 128 135 133 120 108 106 116 129 129 125 134 123 102 119 111 114 120 122 143 104 129 134 149 158 112 129 132 145 106 132 123 135 124 124 147 111 113 106 131 126 130 141 143 145 124 115 119 163 126 126 119 147 148 153 119 100 143 128 120 100 141 152 144 137 106 110 118 108 125 148 106 145 111 138 149 118 111 122 122 117 120 100 110 151 130 138 129 140 99 117 150 158 137 99 113 133 118 112 140 132 124 139 114 126 109 108 114 141 135 135 126 135 138 134 120 139 108 107 122 138 116 137 128 126 123 104 104 139 103 108 139 154 113 119 126 144 153 96 122 129 107 128 111 102 107 125 136 119 122 102 117 110 139 145 138 128 105 104 124 144 144 133 132 119 122 134 108 122 128 99 128 145 103 136 131 115 112 104 134 118 119 112 124 144 154 125 116 101 107 135 144 124 134 129 108 117 0
0 136 147 166 131 132 152 149 177 132 125 166 153 164 144 130 141 123 144 152 158 144 177 142 121 144 157 147 141 131 141 148 153 159 169 134 155 136 163 154 128 168 140 140 122 162 152 170 140 134 148 113 141 121 134 159 148 143 164 177 162 136 166 153 184 132 129 147 129 155 126 141 158 138 156 145 143 164 181 155 132 139 142 156 171 151 169 135 166 138 140 131 134 142 134 163 138 154 166 158 170 121 167 162 169 120 167 145 162 135 157 174 133 131 120 164 143 166 145 190 180 153 141 141 170 157 146 138 161 147 174 152 117 183 171 135 129 172 169 155 152 134 129 139 127 149 160 116 172 144 142 176 152 131 148 177 137 157 118 150 157 164 173 153 148 115 136 189 154 154 124 124 174 127 135 166 148 140 143 156 151 138 118 134 174 163 132 128 156 143 146 139 167 111 112 127 175 127 151 189 156 158 123 124 172 122 128 148 164 139 131 153 171 171 116 146 140 118 153 155 121 126 146 179 157 155 119 131 127 142 175 169 163 110 133 152 156 157 176 147 151 129 161 145 149 145 134 154 171 117 173 131 132 164 130 182 114 154 148 141 146 162 141 130 117 118 153 188 175 175 145 121 178 0
0 157 147 138 138 187 152 184 158 135 168 161 155 138 142 148 146 133 151 170 147 156 145 131 156 158 159 157 139 159 185 130 165 168 160 168 171 161 181 129 162 123 157 147 159 134 158 149 155 164 134 159 130 148 161 172 158 171 192 160 148 166 132 193 131 131 133 138 151 144 158 170 161 163 185 145 147 170 165 146 148 132 173 159 151 168 144 149 123 148 130 146 141 135 189 166 160 169 179 184 138 173 173 181 128 176 162 153 149 147 192 139 135 137 173 136 149 157 159 177 149 125 165 174 172 165 162 157 177 197 135 126 175 151 139 136 186 177 163 144 132 128 136 130 154 157 129 183 151 138 154 144 135 147 177 143 168 121 145 192 160 152 184 156 125 143 180 155 168 145 118 168 134 145 184 148 150 156 147 171 117 126 135 163 161 137 138 136 147 141 154 174 128 126 129 159 126 165 171 156 155 131 131 168 128 141 163 162 139 134 167 173 161 137 157 159 123 146 128 140 117 143 168 164 151 123 126 143 160 171 165 186 141 137 156 182 170 182 168 157 137 186 166 137 160 119 156 166 147 163 128 129 161 135 171 137 181 147 157 188 186 151 140 132 133 164 174 174 165 149 128 153 0
0 142 137 129 159 152 177 162 130 147 173 143 132 135 142 127 136 143 165 124 156 144 129 148 159 136 145 122 171 170 137 130 139 157 170 146 149 159 129 163 128 143 111 161 155 159 127 140 142 138 142 108 132 158 148 143 166 169 152 140 177 136 171 146 117 139 141 138 134 124 145 157 179 168 127 146 173 136 122 139 123 161 142 133 164 158 138 125 130 132 122 137 143 183 131 172 148 162 159 121 159 176 171 116 150 154 146 153 134 170 118 127 112 157 140 147 157 159 171 141 126 163 168 158 167 125 165 182 171 140 121 164 158 129 113 156 168 169 167 115 118 127 119 134 161 122 175 138 136 160 150 136 153 150 145 165 122 129 168 149 160 175 141 125 135 159 166 172 125 113 153 133 149 178 142 149 141 137 140 130 119 146 156 146 145 127 154 139 142 148 159 133 110 139 172 133 168 169 140 141 114 137 161 117 117 164 153 133 116 172 159 173 127 137 141 120 151 143 111 107 135 161 174 134 132 125 144 155 155 160 150 124 135 144 162 175 165 166 162 134 167 144 139 135 131 136 165 137 157 132 137 160 145 160 121 172 129 149 146 153 142 130 114 123 138 153 150 179 144 116 149 0
0 129 124 150 137 151 128 115 159 146 145 124 122 125 123 118 131 149 118 147 126 108 130 146 136 149 103 144 140 117 124 157 132 153 131 149 152 125 137 115 135 112 159 141 162 115 137 131 122 139 115 138 144 147 130 159 158 139 124 165 124 156 119 124 123 118 136 105 130 155 136 154 168 126 151 145 147 127 135 143 151 140 142 155 132 135 117 140 113 117 136 130 143 136 145 140 150 142 113 136 158 151 106 152 139 142 124 140 148 129 116 111 130 141 146 148 157 147 142 133 146 145 146 141 143 136 150 139 137 118 129 134 138 110 147 147 151 154 122 119 120 121 136 158 118 158 144 135 131 143 122 136 135 121 148 123 121 165 141 148 139 132 120 127 155 159 154 116 102 150 119 111 152 138 141 143 132 137 116 121 125 146 153 127 131 132 143 125 136 151 112 111 118 144 119 150 159 133 145 120 133 157 114 117 151 162 115 134 150 143 159 116 127 133 117 140 130 110 110 118 160 149 141 123 122 112 147 146 144 145 102 109 132 157 158 159 153 156 117 157 133 110 136 97 119 144 121 161 137 115 135 130 155 116 149 122 125 136 154 126 124 114 116 122 153 144 157 139 117 132 0
0 129 172 156 150 136 118 155 158 152 134 127 160 141 129 127 155 132 149 131 134 132 137 146 147 120 145 173 148 124 156 140 156 136 161 140 148 137 124 161 123 163 147 163 141 146 142 126 153 125 143 142 150 123 165 163 133 137 160 143 153 125 121 137 141 167 115 130 173 144 160 166 137 141 155 158 132 132 122 144 165 141 146 122 146 123 137 124 137 149 118 179 140 147 158 157 153 113 165 167 170 112 173 132 155 132 165 160 114 139 121 145 152 143 165 149 171 160 123 149 161 153 156 129 169 183 162 142 128 158 164 135 115 149 142 186 170 136 119 126 116 141 154 115 147 155 139 153 133 127 132 140 129 143 110 150 174 150 149 151 155 128 137 168 165 169 126 115 153 131 115 160 134 156 144 139 165 119 115 136 171 165 144 120 144 155 140 148 160 121 112 138 169 123 149 180 154 153 142 134 166 115 121 159 158 114 133 150 159 169 120 135 139 118 148 141 112 120 154 162 145 161 126 119 140 153 165 163 144 121 134 163 165 181 160 170 152 129 187 131 134 150 110 138 161 135 136 135 144 142 138 155 112 170 119 132 173 165 157 139 121 118 133 164 163 158 143 119 159 0
0 159 146 157 139 128 165 174 140 116 132 133 120 142 130 155 121 166 132 113 149 144 141 158 114 157 141 126 148 153 135 175 152 145 148 135 154 126 144 109 162 145 181 130 143 130 132 133 116 134 136 143 146 157 182 153 131 155 125 178 137 114 144 124 156 127 114 149 132 151 162 139 153 140 158 124 135 121 143 139 128 154 116 156 114 128 114 109 128 125 152 144 151 127 161 177 114 151 180 155 118 159 138 139 142 154 160 139 135 110 146 126 165 167 150 179 146 130 137 152 142 137 122 151 173 163 124 120 158 155 123 111 152 161 166 166 123 136 117 116 134 142 117 169 146 151 142 126 140 123 145 118 132 126 117 164 160 157 139 132 109 143 164 167 163 122 112 150 122 121 151 141 127 129 130 130 122 125 130 144 142 129 141 127 138 133 140 153 118 125 128 145 117 155 177 150 152 121 127 161 111 112 152 160 132 135 167 160 152 127 129 139 102 149 133 104 124 127 154 163 140 141 122 136 161 161 142 151 106 128 139 156 165 169 158 143 126 158 134 118 150 103 141 176 114 158 132 138 130 139 151 124 133 127 124 158 162 152 121 120 119 127 162 169 178 151 114 147 0
0 142 147 125 128 163 146 140 123 103 130 118 122 135 141 116 148 132 123 132 157 139 149 108 140 141 124 132 154 138 162 150 138 141 108 152 103 137 125 139 142 153 109 141 139 119 140 113 141 147 143 132 146 152 130 128 145 128 133 130 106 130 130 148 112 118 137 129 155 145 124 139 134 147 125 120 127 153 142 147 129 137 145 113 123 114 125 128 112 144 143 155 138 147 148 108 157 156 141 120 152 139 129 116 130 154 120 113 103 134 147 130 142 160 153 136 114 131 147 134 149 132 145 162 148 143 106 152 134 123 112 158 169 150 131 122 116 131 101 121 147 110 150 137 139 146 136 120 131 154 109 140 114 129 169 145 143 148 136 121 134 146 163 129 106 113 152 125 134 150 140 128 131 153 133 127 117 108 152 149 131 127 140 135 150 125 152 113 126 124 141 125 154 170 128 140 116 103 143 114 120 159 144 104 130 152 156 172 111 127 125 102 153 119 128 113 119 133 156 136 119 122 129 151 155 136 158 110 128 147 149 148 147 137 138 118 142 143 129 156 103 143 162 113 151 132 133 148 141 150 121 154 143 125 138 162 143 126 119 110 137 167 144 152 143 125 153 0
0 193 168 159 171 188 174 145 146 155 149 151 169 164 146 190 145 143 159 198 170 177 154 172 180 165 174 200 151 182 171 191 185 159 180 136 169 154 190 170 176 154 160 162 127 169 131 166 179 166 145 183 203 160 154 172 141 166 148 141 154 165 163 126 159 167 182 182 170 136 179 156 164 161 165 156 190 160 146 192 173 173 144 139 131 149 166 141 211 166 188 174 180 187 152 192 202 193 157 171 167 176 162 155 176 137 130 144 187 168 173 177 185 178 165 160 181 184 180 164 146 181 169 180 164 142 180 165 151 148 170 199 200 159 135 132 154 139 159 191 137 173 159 162 180 158 140 145 176 152 152 126 152 188 187 182 158 164 129 153 182 171 200 151 134 162 147 144 174 150 158 164 173 164 137 131 162 186 169 149 161 165 168 167 156 178 145 134 153 185 142 180 183 177 169 146 137 181 130 149 182 187 139 154 175 204 169 135 144 171 128 173 148 155 139 163 177 186 164 136 153 140 172 167 171 185 133 123 168 182 179 168 167 153 148 184 154 151 152 127 164 185 126 170 145 168 159 158 184 156 191 165 149 179 206 173 174 150 134 171 196 190 163 170 136 187 0
0 161 138 174 180 155 138 123 152 129 127 151 166 155 172 140 138 145 170 152 176 140 172 174 131 147 177 164 184 160 162 146 138 163 128 159 132 174 156 175 139 148 149 149 173 124 157 178 176 151 191 167 149 152 177 156 169 146 129 149 143 160 130 149 171 157 175 177 141 166 164 171 141 126 145 162 140 147 152 150 146 142 149 126 122 151 137 176 135 180 150 158 172 124 147 189 183 142 167 156 157 154 145 179 121 151 134 166 162 169 159 170 155 138 134 159 189 164 180 160 171 185 171 147 139 163 164 138 119 182 168 174 173 132 121 121 136 147 179 142 171 143 161 168 165 134 162 172 155 170 123 136 169 189 188 162 142 131 139 180 169 159 135 123 160 148 137 166 162 147 162 153 178 130 135 132 164 155 159 151 169 171 156 167 170 144 132 118 151 149 162 170 157 157 133 132 173 113 138 181 156 112 128 170 173 192 139 151 152 118 163 133 146 127 131 174 166 148 138 127 135 174 169 157 170 123 126 174 179 169 179 176 147 137 174 130 137 160 112 155 198 138 173 142 145 164 136 184 131 184 157 138 166 173 150 143 131 124 138 178 158 158 156 109 168 0
0 145 181 188 176 159 145 160 160 159 163 170 167 171 156 152 142 193 168 159 147 179 196 174 161 201 166 197 172 207 180 144 185 142 176 148 200 157 218 138 184 171 158 186 134 167 207 169 162 173 192 152 164 213 174 203 153 144 155 175 204 136 167 200 177 206 210 160 189 204 176 172 156 155 189 187 167 190 155 176 147 167 134 142 165 171 177 155 189 172 190 192 158 165 193 196 137 188 164 186 161 174 182 144 142 155 177 186 181 169 186 213 179 147 184 168 178 172 170 189 197 200 171 159 184 164 171 157 173 190 192 172 156 145 138 137 163 189 148 177 151 165 193 177 162 167 176 150 181 133 158 194 190 189 205 161 145 167 186 184 174 165 135 187 167 150 197 174 164 172 166 184 137 146 147 189 184 179 152 180 171 163 166 197 148 144 141 173 167 171 211 174 179 150 142 202 141 142 160 179 140 163 192 202 192 145 179 166 135 155 160 158 151 163 181 170 169 149 154 156 163 202 195 166 133 157 182 196 195 187 204 166 149 201 165 166 197 146 142 182 143 196 160 161 147 157 178 157 193 171 144 197 188 162 156 124 138 184 189 207 187 180 135 183 0
0 167 179 164 128 125 158 137 130 159 174 144 154 155 119 162 186 172 174 120 155 183 130 134 162 147 175 176 152 167 117 171 117 162 131 170 158 167 133 135 155 145 159 118 138 147 139 157 172 173 170 140 165 153 172 131 131 153 141 179 134 148 157 165 166 162 145 145 169 166 137 154 140 145 148 138 174 144 164 126 146 126 136 148 131 166 148 154 148 148 176 127 161 154 163 130 167 155 152 160 135 170 140 149 125 154 146 143 161 177 194 154 143 154 174 155 137 157 166 183 162 140 123 165 163 155 129 176 190 182 160 142 128 125 111 142 172 129 186 154 161 171 165 147 153 145 146 147 122 141 155 187 172 168 159 142 153 179 175 154 128 123 160 152 145 156 152 152 150 152 162 122 115 129 163 155 155 150 128 157 150 148 157 124 116 131 177 157 169 177 148 146 123 134 187 123 133 162 169 117 149 165 181 173 135 157 148 124 137 140 130 116 140 157 158 147 144 141 119 140 181 166 152 136 129 151 180 183 154 171 167 116 163 140 130 167 120 144 191 138 180 128 134 143 138 196 139 170 153 160 161 177 169 142 139 127 154 162 162 151 156 127 152 0
0 142 122 121 110 134 104 114 120 122 127 132 124 119 120 157 142 133 111 123 155 135 125 140 142 130 129 135 136 110 139 127 133 115 152 116 157 105 117 121 105 151 106 106 145 143 132 163 148 123 118 145 125 152 127 107 122 119 133 117 140 137 124 140 162 120 146 129 131 139 135 115 128 133 132 140 114 152 111 114 107 113 109 113 155 116 138 152 141 150 115 127 136 136 116 155 137 133 129 128 166 105 113 104 132 134 144 156 152 141 128 124 139 138 122 132 135 140 143 148 134 120 156 131 111 109 137 138 165 131 117 112 114 113 132 137 105 155 128 120 158 136 120 123 137 121 126 95 127 142 144 145 144 139 106 130 149 138 133 102 95 145 111 120 137 126 120 122 128 132 112 107 118 141 140 129 123 141 140 133 135 154 111 103 101 145 125 142 137 125 133 118 107 133 110 112 154 156 107 104 148 132 145 111 125 136 104 138 112 111 108 131 147 146 139 116 115 109 115 127 137 138 112 113 133 139 135 134 137 121 119 137 122 131 151 103 135 130 116 146 121 118 134 117 157 113 142 114 120 151 129 122 120 106 118 129 153 143 151 127 111 145 0
0 176 151 161 169 159 163 158 183 148 191 160 130 154 175 175 185 140 171 211 157 177 175 157 204 161 188 178 161 184 149 162 127 189 165 189 159 152 162 144 165 147 143 183 174 157 171 191 159 156 193 153 184 161 134 169 156 192 128 164 185 171 194 212 156 188 196 182 159 168 150 187 169 175 172 155 172 138 154 139 145 181 152 186 168 190 195 198 203 140 180 203 198 137 202 175 180 156 169 178 146 154 126 186 164 191 182 171 177 185 142 174 204 162 182 173 194 171 192 174 138 183 184 161 139 201 176 170 189 153 146 130 142 148 194 149 192 151 177 166 170 143 154 170 168 179 137 146 194 205 186 200 174 133 168 198 201 191 163 149 181 140 152 171 155 175 156 164 186 143 152 168 192 183 168 154 165 159 173 164 184 136 131 157 192 170 177 178 162 176 150 137 207 139 149 186 200 144 148 176 202 169 149 152 169 132 153 165 137 132 175 184 163 156 145 154 156 176 199 169 194 141 145 164 185 214 177 186 176 144 208 157 150 180 134 172 212 153 163 164 149 171 159 192 149 177 180 153 192 208 188 155 139 129 175 179 181 193 177 135 178 0
0 153 149 167 155 173 163 166 159 185 152 139 142 177 162 184 125 154 171 151 156 200 168 170 163 189 188 154 169 152 184 140 192 178 184 155 164 164 134 172 126 149 162 178 150 197 195 171 161 181 171 179 148 129 173 144 178 151 146 162 169 189 181 144 192 177 163 158 150 156 192 167 145 171 156 173 125 147 148 149 157 154 184 153 163 168 193 190 137 170 176 183 152 184 187 182 142 181 206 142 149 132 179 163 156 200 185 169 175 148 180 180 168 173 144 186 198 210 171 142 194 169 170 130 166 186 202 184 138 143 149 148 173 197 121 177 169 149 180 162 132 160 190 150 153 127 150 193 188 191 202 161 147 145 177 185 182 145 135 165 154 150 194 177 163 179 174 194 134 148 156 176 173 169 145 145 175 153 163 184 141 138 140 182 159 176 188 155 167 158 138 208 131 147 186 166 143 155 163 189 204 131 147 166 140 192 157 146 150 166 200 198 197 142 143 149 176 206 187 184 129 135 181 183 182 179 195 183 144 212 162 140 174 136 152 203 160 188 158 144 144 156 187 162 168 173 157 191 208 167 159 144 128 149 188 164 165 160 118 172 0
0 129 141 141 140 147 173 158 183 128 142 140 165 149 172 139 166 172 150 150 155 140 177 176 184 168 152 195 137 159 117 164 169 186 129 155 165 139 169 125 143 185 171 170 154 177 159 150 178 158 176 139 140 165 132 165 142 155 170 160 162 172 133 157 164 154 168 141 163 167 168 159 157 153 166 144 146 124 147 152 151 162 136 171 160 164 187 124 169 185 158 124 155 158 177 157 154 181 142 157 140 148 138 159 166 183 163 147 148 164 198 159 162 148 169 171 171 171 136 170 169 137 131 170 177 165 176 123 127 145 124 139 159 140 180 167 163 177 163 130 148 176 156 161 139 137 169 176 173 176 132 139 137 179 176 158 143 132 177 132 138 155 139 169 152 165 161 129 140 150 176 174 159 137 154 169 155 171 176 132 124 125 177 163 149 190 168 154 128 134 189 120 135 179 189 132 152 171 199 193 132 146 155 140 165 156 135 118 150 171 175 146 142 128 139 154 169 148 164 145 116 159 179 174 164 156 175 134 174 150 154 154 133 138 170 132 168 161 151 150 139 180 122 175 152 143 184 163 148 133 132 131 144 170 169 174 156 133 160 0
0 118 124 130 147 135 121 143 116 121 127 153 132 149 113 148 149 127 124 163 138 154 140 157 152 135 159 122 131 118 149 127 145 117 132 135 119 135 100 116 130 133 143 135 138 134 120 154 134 150 117 111 119 110 141 109 119 153 125 152 146 110 148 125 134 125 128 116 149 131 127 132 115 136 104 134 107 119 131 125 158 116 143 140 158 139 110 135 148 147 113 146 144 128 132 142 150 124 133 112 148 129 147 154 153 149 146 107 143 163 150 137 120 146 134 142 122 100 148 136 131 115 159 161 146 133 112 124 127 104 129 166 102 140 125 132 155 145 114 141 146 133 147 99 135 159 153 155 135 114 113 126 162 153 136 123 113 153 116 122 150 136 131 131 143 141 105 116 113 126 141 133 117 137 120 147 137 163 99 111 117 148 126 139 138 138 128 119 115 138 100 116 147 156 108 124 157 156 155 125 139 135 99 136 121 120 95 125 149 132 144 112 116 113 146 145 144 156 105 114 142 161 138 160 149 153 117 136 124 138 143 104 132 161 107 146 124 124 130 114 148 118 139 121 122 134 162 149 128 110 110 122 139 159 138 145 94 126 0
0 112 122 136 130 130 129 117 95 121 147 113 143 113 122 149 117 117 160 122 162 136 128 143 107 153 119 140 115 142 127 143 108 126 127 113 122 106 128 148 128 126 141 160 135 123 147 134 146 118 109 112 107 139 113 124 142 138 126 127 113 137 136 140 120 119 129 130 134 126 128 125 121 116 118 116 111 122 127 138 125 126 147 143 141 114 132 149 135 99 127 140 140 109 143 142 107 114 107 123 120 143 127 133 149 124 119 135 144 111 137 117 143 146 141 128 97 150 134 133 106 158 140 141 123 114 109 116 116 126 135 108 151 131 117 129 134 111 125 124 122 142 101 120 133 151 134 131 140 114 124 155 138 136 111 105 137 127 108 121 122 139 134 147 136 99 104 127 147 132 115 118 118 127 120 140 122 103 111 117 134 108 145 137 135 126 120 117 163 108 107 129 146 104 105 150 147 157 99 119 133 103 126 114 111 94 123 143 124 129 108 106 104 145 145 121 134 96 103 139 140 154 130 146 128 105 143 125 123 148 107 129 138 104 128 128 125 133 121 148 110 135 133 115 140 152 132 130 111 105 123 134 142 143 113 110 132 0
0 135 153 169 151 165 122 120 132 148 161 155 111 142 182 129 153 145 135 153 128 152 170 129 159 124 136 137 152 158 165 118 153 144 121 142 126 141 147 156 136 181 150 150 134 153 149 173 118 121 147 128 152 121 141 142 140 153 171 137 160 137 145 134 122 119 162 165 152 162 127 153 126 143 118 132 153 132 182 150 170 157 186 172 119 142 173 156 135 177 149 171 139 147 168 127 129 127 133 141 151 147 170 169 136 138 168 168 143 138 135 160 163 167 152 138 162 174 145 121 166 156 169 163 124 121 137 121 151 168 124 161 157 149 163 133 118 130 161 137 159 117 130 157 171 158 164 134 116 134 162 171 158 127 119 152 132 127 153 131 155 149 153 149 124 113 129 148 168 153 143 151 149 147 144 170 114 120 120 178 140 158 169 145 131 128 136 161 127 118 164 162 112 126 179 176 182 123 135 154 107 141 133 111 133 141 159 162 141 114 130 119 140 144 164 156 131 127 144 169 145 152 151 153 126 152 146 131 161 114 132 164 122 148 149 144 156 148 182 129 152 149 133 154 173 136 145 116 120 133 172 160 164 140 125 160 0
0 121 132 120 137 122 104 127 125 135 144 109 127 140 136 138 137 130 141 147 151 138 117 144 114 147 121 162 129 162 124 130 130 116 150 107 124 135 138 124 142 148 126 118 159 133 147 116 108 128 122 148 113 131 157 123 124 157 114 126 127 131 120 124 122 146 141 118 143 124 135 121 113 110 126 137 126 154 124 153 150 156 146 111 142 132 135 104 140 126 124 127 126 131 105 110 110 128 130 139 132 138 134 132 114 133 152 142 128 130 148 145 161 122 100 142 145 131 108 147 152 155 138 112 111 116 115 136 154 110 165 125 147 138 114 106 116 135 120 139 92 112 133 144 144 145 131 105 122 142 143 135 111 111 147 128 125 140 129 132 118 139 141 107 112 122 138 141 128 118 140 126 134 137 148 118 96 127 140 121 158 137 139 125 131 120 141 107 107 141 152 97 122 137 138 149 99 123 117 102 122 128 112 105 131 146 133 132 113 114 123 142 166 122 136 112 100 140 151 132 131 155 139 120 152 140 116 145 113 117 147 115 136 115 125 124 130 155 116 141 119 133 136 150 141 136 107 103 134 151 139 147 132 119 152 0
0 159 135 128 113 120 129 165 142 144 115 138 167 129 138 164 119 153 134 156 155 107 143 104 135 124 161 144 171 129 141 135 112 145 115 125 138 148 124 141 151 132 126 153 133 150 119 122 142 127 166 113 131 159 140 141 139 128 161 148 132 125 130 132 150 135 132 134 130 128 118 137 101 124 126 120 149 126 155 135 138 142 113 163 152 150 115 138 132 144 129 152 138 121 126 117 145 122 136 161 139 160 142 114 155 139 141 139 115 163 162 154 136 122 155 154 127 114 136 147 142 150 109 129 124 109 129 150 113 170 128 122 137 125 129 143 150 133 138 112 125 146 167 141 147 131 112 131 148 155 146 114 119 161 117 129 143 141 137 144 147 144 120 112 112 157 151 128 119 125 142 117 133 152 111 111 108 164 126 159 169 124 141 111 125 150 110 116 138 145 122 133 150 158 145 127 128 132 122 140 125 112 118 122 151 151 147 111 122 119 128 154 151 164 119 119 144 156 153 155 138 128 116 150 124 111 146 100 133 162 121 152 142 117 145 133 167 105 149 141 115 155 155 137 128 115 114 144 147 162 158 131 111 132 0
0 140 167 141 140 140 165 160 160 131 156 147 155 146 167 140 176 142 151 181 131 163 137 168 128 151 172 165 135 144 138 140 153 112 128 148 149 147 183 179 151 137 188 143 155 135 135 141 137 160 123 149 160 151 165 194 133 159 157 136 139 137 148 159 146 140 163 149 159 146 120 125 136 142 146 177 134 148 161 182 161 121 169 160 171 140 168 161 157 144 149 185 146 125 139 140 161 152 145 168 154 167 117 155 182 140 149 142 157 172 184 151 130 186 142 139 111 170 168 169 152 132 120 141 130 144 159 120 158 156 150 172 153 135 144 174 159 159 116 134 159 174 167 168 151 127 147 178 182 177 126 114 157 135 123 162 138 160 171 150 157 122 113 150 165 158 154 145 148 151 137 144 182 118 122 149 159 131 167 186 155 146 139 137 180 118 113 176 177 134 140 168 174 187 131 152 137 136 150 144 129 129 137 166 174 168 136 142 130 175 181 151 168 138 133 143 161 181 164 173 148 137 163 151 142 160 120 146 172 137 148 139 138 159 160 173 133 167 138 137 166 169 157 137 130 119 149 184 183 178 146 124 173 0
0 154 151 124 152 158 153 182 128 146 179 144 143 184 160 182 178 188 148 149 167 142 165 141 166 145 172 149 167 150 129 151 121 145 171 156 144 182 172 174 137 183 157 176 130 115 149 146 172 129 147 179 169 172 168 149 168 164 158 157 129 152 173 153 174 167 142 152 123 153 124 140 164 134 180 157 168 143 190 171 120 176 160 174 120 175 152 178 148 168 167 135 138 126 161 141 161 172 188 187 157 145 161 178 166 150 148 169 162 200 170 139 169 184 139 130 168 171 173 157 137 142 146 141 146 193 122 163 170 160 179 156 141 155 182 160 162 136 144 177 181 154 175 159 125 157 176 174 167 128 120 161 126 149 152 168 145 175 167 164 134 120 137 159 157 153 157 147 161 175 155 176 142 142 139 169 137 185 168 159 168 149 131 170 134 127 183 179 133 121 192 177 183 140 146 154 131 159 147 154 143 158 160 159 145 122 143 147 149 196 187 156 123 136 167 163 194 172 172 161 123 166 167 135 168 115 151 179 145 187 148 145 144 142 187 144 184 144 155 162 183 155 149 145 141 164 177 186 194 160 126 166 0
0 138 107 137 158 149 167 119 153 156 134 148 153 143 151 133 153 141 138 146 122 133 114 154 137 160 131 141 145 124 156 109 119 159 149 139 146 155 129 142 144 134 154 138 109 155 125 165 127 135 143 148 157 140 126 157 153 161 144 133 136 161 133 132 155 129 164 118 136 116 120 134 114 172 142 156 139 175 161 120 147 175 172 130 146 157 161 133 156 162 133 141 118 142 132 154 147 153 163 151 122 135 172 148 139 134 151 154 153 151 119 161 148 128 115 166 165 155 143 118 121 119 117 121 157 112 148 138 153 147 141 133 123 159 129 128 123 142 173 154 141 149 145 122 140 140 164 166 134 107 160 128 135 148 132 143 146 141 151 119 111 136 150 148 121 134 146 150 132 149 160 108 111 131 161 126 146 165 129 135 136 135 179 111 118 138 146 122 123 135 139 153 125 137 135 118 142 119 120 109 139 157 148 125 131 123 129 150 151 167 156 115 127 161 146 151 151 139 152 115 149 133 124 154 108 126 140 131 153 125 139 154 131 162 117 160 139 134 138 148 140 131 123 124 135 159 171 164 129 102 148 0
0 151 147 198 153 176 133 180 185 156 160 196 155 212 170 179 187 139 179 157 171 144 186 163 191 152 168 173 151 189 127 146 184 182 160 171 185 152 159 174 172 195 145 131 156 149 181 134 164 176 189 186 189 152 150 174 180 151 152 146 156 162 153 173 157 156 156 143 127 134 164 159 191 143 181 177 184 182 133 172 180 175 149 207 170 149 152 182 166 149 138 148 180 155 176 159 208 181 169 145 164 181 180 152 164 182 180 193 162 127 183 154 154 142 184 174 188 175 136 141 132 135 141 175 126 181 164 162 172 157 163 162 170 153 178 136 161 185 168 181 203 145 135 157 166 181 164 140 131 171 161 151 185 150 168 183 178 178 142 138 163 190 176 152 151 151 168 165 183 176 127 133 141 186 154 179 185 155 169 125 139 186 120 125 174 177 130 159 177 188 181 135 157 146 138 171 133 149 147 143 185 184 166 148 141 142 170 203 151 180 135 132 169 193 184 169 169 168 146 178 159 141 150 144 168 203 135 167 149 161 160 151 186 124 192 175 157 183 198 160 152 133 135 174 159 195 184 159 148 163 0
0 140 149 148 158 115 139 156 122 130 137 150 151 135 157 140 127 163 127 158 136 171 149 150 125 132 126 132 130 120 120 155 151 138 149 150 143 121 164 127 154 143 123 135 124 161 120 122 148 133 146 153 127 148 155 161 121 112 143 137 139 140 135 130 137 130 123 125 128 126 112 151 136 162 145 154 148 105 151 163 146 120 156 161 155 140 154 138 124 131 104 147 122 166 151 162 156 136 129 147 179 125 150 135 163 150 153 133 114 159 141 137 121 145 164 152 165 116 124 125 113 137 154 120 147 155 142 142 131 137 144 150 140 141 118 116 145 176 159 154 140 116 135 153 143 133 130 125 146 136 142 155 142 137 147 140 164 117 106 143 149 135 138 130 131 148 144 146 159 117 128 139 160 126 161 158 145 142 136 109 160 108 112 155 137 118 124 163 155 157 118 147 143 102 135 117 116 110 144 169 161 143 112 116 132 164 162 158 159 126 120 161 177 156 155 149 144 119 162 122 126 133 110 126 167 125 161 122 136 128 138 176 129 139 124 136 152 169 137 128 115 106 122 160 146 160 141 124 144 0
0 136 137 138 113 129 155 126 126 127 130 140 140 133 135 113 135 109 137 116 140 127 138 109 134 110 106 136 110 123 151 141 114 120 135 111 112 151 130 133 118 99 112 118 145 102 125 135 142 135 149 116 137 151 137 128 115 105 147 134 130 147 113 116 107 108 104 113 105 113 142 105 133 127 145 142 108 134 141 134 108 128 130 121 124 119 137 109 111 96 133 138 133 133 144 132 129 118 132 144 125 144 107 123 133 148 129 106 126 133 111 101 134 143 148 127 104 109 112 99 106 134 101 150 120 120 141 128 123 118 141 112 136 117 119 133 150 125 131 119 104 113 134 150 142 102 101 129 106 110 137 118 115 127 130 138 105 107 113 138 135 124 104 115 141 133 134 146 106 96 112 121 123 141 149 128 123 99 119 137 105 110 132 135 107 122 145 130 138 116 121 119 98 133 124 105 107 121 145 129 124 98 104 101 137 143 151 131 104 105 121 126 127 146 137 127 111 145 117 108 139 109 126 149 107 143 127 107 134 113 140 103 129 122 112 142 127 119 122 119 113 141 139 142 144 123 112 131 0
0 138 141 125 147 151 133 140 165 144 167 148 147 164 135 163 124 141 117 156 155 173 128 147 154 126 163 129 118 141 148 133 169 158 126 149 153 135 144 132 115 153 141 165 127 142 159 133 163 158 128 162 147 151 156 138 151 134 136 145 147 138 172 139 132 130 137 129 143 179 138 160 135 152 147 128 143 156 170 124 159 147 141 146 148 184 113 121 114 159 140 154 141 155 170 141 135 161 177 140 156 152 157 157 172 136 119 155 162 120 126 176 164 168 147 110 126 120 111 135 176 114 160 167 143 169 134 134 134 168 119 139 115 139 167 171 154 174 157 111 142 164 150 158 134 120 143 137 127 177 158 146 150 147 155 119 133 143 167 146 146 138 156 132 139 144 157 124 109 133 154 147 155 176 140 139 121 121 163 115 118 158 160 131 123 173 181 164 128 141 143 108 145 136 129 113 126 158 143 152 115 125 128 151 161 153 167 132 118 162 170 175 161 139 140 126 156 143 123 141 112 140 165 128 158 149 131 143 121 178 123 145 140 131 146 153 163 141 122 122 162 149 156 164 148 129 175 0
0 173 136 171 175 156 143 183 160 161 168 171 174 147 186 140 161 121 187 152 185 147 171 172 143 167 145 154 182 148 158 177 189 159 137 175 162 183 157 129 152 132 157 149 145 169 149 173 166 150 184 168 171 165 149 147 191 189 157 176 133 185 142 158 134 157 157 135 169 178 175 178 183 193 128 177 197 187 136 195 179 155 175 185 188 144 135 139 159 172 172 165 194 188 181 151 151 198 170 183 152 155 181 175 161 150 193 177 145 126 158 196 176 178 137 129 151 123 141 160 119 181 187 156 175 142 154 158 182 140 146 128 153 189 184 189 173 159 141 139 160 192 196 134 126 162 162 162 168 143 163 184 155 182 127 143 158 165 180 165 164 171 160 168 167 203 132 130 162 189 143 175 185 161 148 143 142 197 134 140 163 158 142 147 164 197 164 142 145 141 120 161 147 136 124 142 176 179 169 140 136 153 162 203 170 190 131 136 156 165 190 183 163 166 137 195 168 135 171 131 148 195 126 175 138 164 158 152 170 133 168 161 150 157 201 157 156 134 135 145 195 180 191 165 122 157 0
0 134 146 183 152 132 173 135 163 152 186 157 132 165 123 161 116 181 157 175 144 131 150 133 161 121 137 150 166 150 177 178 140 140 171 141 151 140 130 143 135 155 135 146 153 149 158 170 133 161 154 165 135 132 147 170 151 147 164 145 152 137 135 113 144 140 147 168 142 144 147 160 166 133 159 164 166 135 175 153 176 140 152 180 138 146 137 156 152 150 155 177 157 154 129 161 193 161 144 132 181 158 166 134 130 173 157 135 137 172 172 169 167 129 125 139 125 150 166 125 178 169 174 165 161 127 144 153 149 154 129 140 157 183 152 169 147 116 138 152 175 151 133 128 169 129 138 168 159 165 156 151 138 144 134 134 178 157 142 153 162 140 135 150 161 133 121 119 180 127 185 173 150 151 147 131 170 132 144 153 177 126 133 154 189 159 121 156 145 114 147 154 118 109 146 172 160 156 119 130 121 155 182 151 163 126 123 171 157 168 160 152 146 129 184 145 151 169 127 151 177 119 154 147 142 145 146 170 133 168 137 126 174 168 159 137 119 123 169 182 175 183 150 127 170 0
0 180 169 146 165 171 147 166 160 175 167 161 184 136 149 143 185 168 182 142 177 146 132 165 129 154 191 163 156 159 196 153 130 192 160 182 159 125 152 138 174 141 171 186 142 174 180 155 168 168 161 157 156 162 180 152 156 181 160 152 143 151 135 146 163 162 184 159 157 157 194 172 127 160 182 192 156 156 177 151 163 157 178 137 127 127 170 150 166 164 167 185 165 132 149 163 160 170 159 154 179 179 159 135 173 157 149 124 170 158 207 172 135 138 158 123 153 166 133 169 161 150 152 166 143 148 165 145 176 125 161 171 183 175 189 172 139 141 183 163 171 123 124 171 142 139 162 145 166 169 157 158 133 130 130 183 161 137 152 162 150 152 159 171 136 139 148 173 132 185 205 143 150 141 137 188 127 127 171 166 136 152 157 165 165 140 158 154 121 176 138 141 127 146 186 157 158 155 132 131 160 192 169 185 150 139 185 184 184 165 176 173 141 180 154 155 158 133 156 186 130 193 137 154 154 155 164 140 174 152 150 164 168 154 150 133 135 146 182 179 166 160 139 165 0
0 140 130 121 157 132 147 139 128 147 114 131 120 120 114 148 122 131 115 135 121 110 128 106 121 145 143 128 145 148 122 114 151 117 129 119 108 126 120 130 108 120 137 128 143 140 111 133 131 130 113 121 121 133 127 126 138 111 138 117 135 105 108 140 98 157 127 121 128 135 139 110 118 161 140 111 135 124 131 133 124 135 123 111 100 145 115 142 135 160 141 138 108 129 139 142 130 116 141 148 146 106 112 146 127 109 100 151 135 131 119 115 110 117 105 134 144 95 142 130 112 139 123 109 124 140 121 122 105 109 131 160 132 140 125 121 133 129 155 128 104 112 128 120 121 148 118 122 144 122 141 111 91 112 140 132 122 116 118 117 134 131 158 110 98 100 148 123 128 145 113 119 107 107 151 94 110 140 153 106 103 140 141 143 114 121 126 97 120 122 119 106 122 144 148 131 118 106 102 146 148 145 123 106 111 128 155 146 145 121 126 109 147 117 116 135 115 109 151 109 153 123 129 124 117 158 102 131 118 126 154 162 122 113 97 91 131 139 140 140 129 94 147 0
0 155 152 177 164 181 162 162 156 131 175 144 153 125 164 142 169 144 166 158 132 180 129 147 163 145 155 155 168 145 137 159 145 198 159 120 159 141 179 142 154 165 164 178 172 143 146 163 149 145 143 139 171 177 136 162 161 155 141 136 131 149 138 159 181 158 173 176 182 162 139 164 189 159 132 192 154 165 170 148 191 131 133 134 168 161 144 160 190 168 141 136 161 187 153 150 145 175 174 172 142 133 165 185 136 115 192 168 174 170 154 136 132 119 163 172 139 160 151 162 190 153 143 156 170 145 166 130 156 199 182 158 186 143 142 152 155 167 145 128 123 164 149 135 189 154 173 159 158 182 122 128 145 179 172 143 142 144 143 161 156 149 132 137 133 179 150 163 175 155 148 136 132 186 129 115 163 189 126 136 169 154 174 144 149 163 136 165 144 137 119 135 191 170 154 151 131 136 157 179 169 172 135 124 165 167 161 182 170 148 129 153 167 130 161 139 146 181 138 166 138 155 173 132 160 138 146 161 136 183 196 154 138 129 125 143 177 179 179 151 134 166 0
0 161 177 156 209 182 179 187 166 170 146 167 157 188 171 188 151 169 161 130 178 142 155 171 182 171 177 192 178 149 191 141 171 146 130 152 151 181 134 156 186 173 176 201 140 159 163 166 159 153 160 179 165 169 180 164 187 154 151 152 157 171 153 200 160 176 178 168 188 144 200 190 192 156 194 163 183 150 173 194 147 141 140 177 166 178 179 212 204 175 153 178 192 170 171 157 169 180 200 151 148 188 177 155 128 193 198 192 180 152 143 148 149 162 196 152 187 165 174 194 175 151 160 183 152 171 156 174 186 186 187 187 174 132 156 183 171 203 139 154 168 146 135 193 155 169 157 158 185 133 144 155 183 166 172 161 179 173 152 176 197 127 139 154 185 173 204 193 153 152 166 130 193 153 147 187 169 138 151 183 187 180 133 164 171 130 161 140 141 145 159 171 176 169 159 143 163 190 188 198 174 160 129 173 171 194 181 169 171 132 176 171 144 195 118 168 180 142 195 134 158 172 161 176 145 188 156 169 205 179 184 180 146 144 174 185 178 206 161 135 179 0
0 157 140 161 154 149 153 131 155 124 147 112 163 133 156 129 150 147 136 168 119 135 151 167 148 141 174 145 138 159 128 152 126 112 130 120 140 129 147 153 135 154 171 120 145 146 145 135 143 128 154 146 148 150 128 164 119 126 103 120 133 119 179 136 153 146 171 151 112 142 178 156 122 160 147 153 121 147 159 120 128 125 138 138 147 135 154 168 154 141 165 158 154 163 135 140 155 182 146 124 141 154 128 122 152 181 168 167 123 125 134 124 129 162 127 162 158 152 143 159 136 140 153 122 136 127 146 150 162 167 173 146 129 142 160 171 142 123 113 152 136 147 149 147 147 160 138 147 120 125 127 155 162 132 118 136 147 147 141 164 115 108 120 165 146 150 144 123 130 123 120 153 122 128 135 162 112 122 151 178 177 124 142 151 123 136 125 130 126 120 158 155 160 135 121 122 145 162 147 148 108 111 145 150 157 154 163 144 126 158 144 131 157 111 146 151 125 153 117 125 140 141 162 140 157 132 135 150 148 157 140 109 133 158 163 179 163 135 108 138 0
0 139 150 156 163 172 128 162 111 134 137 164 132 180 147 153 139 135 148 108 137 144 159 133 166 173 136 132 168 138 144 127 109 142 128 153 126 144 142 152 169 181 142 168 147 146 148 135 141 162 149 153 180 148 133 125 141 117 136 145 140 181 153 163 164 176 174 131 139 165 156 128 162 145 148 143 149 176 131 132 113 145 152 139 152 175 183 142 139 140 181 143 148 123 155 170 152 132 129 155 160 152 122 182 176 154 150 126 129 149 124 137 156 127 146 145 155 154 154 133 144 148 130 155 109 143 181 181 152 173 157 119 140 156 176 176 135 119 149 132 127 158 153 147 156 144 150 132 116 131 141 172 158 133 145 150 146 155 157 119 114 129 158 140 156 177 153 145 115 137 177 113 125 168 173 114 129 144 155 181 143 145 151 127 162 151 135 124 137 168 160 157 122 113 128 151 178 144 152 108 109 173 176 159 159 174 166 125 156 127 142 155 115 137 158 117 169 127 129 144 136 165 122 150 144 142 161 179 159 144 129 126 146 174 163 174 153 133 144 0
0 207 187 189 180 150 175 142 151 158 193 190 189 139 164 171 154 163 126 134 167 162 161 179 177 158 148 196 150 174 165 148 167 157 165 147 147 172 188 170 180 150 163 155 179 168 146 153 182 166 161 183 145 150 159 158 144 131 164 139 199 154 205 186 175 185 129 187 178 177 133 192 164 198 154 168 181 133 156 150 169 162 182 161 206 197 169 145 162 215 178 182 174 190 193 201 162 143 172 183 154 129 174 206 190 180 144 156 134 124 157 183 131 183 156 184 163 144 160 154 162 144 180 123 151 183 194 183 180 177 142 173 193 196 184 143 127 167 150 160 190 178 162 161 179 161 134 139 157 191 176 143 142 180 171 176 147 184 141 145 137 171 153 168 199 171 154 143 142 201 124 148 153 199 137 148 178 188 196 152 150 164 138 159 167 157 143 143 164 177 170 131 133 145 191 184 175 175 131 158 186 202 182 155 196 167 138 188 162 167 174 121 170 188 140 180 176 157 173 150 193 148 173 170 158 187 205 190 143 125 135 151 164 198 192 169 140 154 0
0 137 172 154 141 181 129 170 125 143 166 160 140 134 164 132 158 128 150 175 140 129 168 184 143 132 146 143 153 134 116 129 137 160 122 144 181 140 176 169 131 166 158 142 150 138 153 150 161 147 153 138 173 130 125 130 129 128 117 173 154 147 142 158 170 137 145 183 169 120 148 141 153 149 151 171 134 130 114 156 139 160 157 167 175 157 127 169 176 146 153 134 171 164 172 151 120 164 152 142 139 172 173 185 147 128 144 141 115 150 182 125 162 148 147 164 147 124 140 168 130 155 126 119 162 175 157 179 140 115 147 166 160 172 126 118 163 129 143 161 148 146 145 154 159 109 108 139 145 161 138 122 158 153 150 141 148 111 120 121 155 152 159 167 141 149 144 134 188 115 131 143 170 123 132 146 175 170 126 137 139 116 151 144 115 112 132 177 159 154 133 114 129 147 166 166 158 121 126 152 155 158 155 173 147 127 158 143 132 135 117 153 158 133 154 153 148 151 141 148 112 170 146 141 146 167 141 129 127 137 152 168 181 177 147 127 142 0
0 188 196 155 178 149 176 141 203 181 172 157 173 160 142 170 137 165 177 178 160 191 187 169 139 211 162 195 150 138 161 161 190 133 151 173 172 169 172 150 174 199 163 166 148 165 166 185 190 201 157 189 159 167 138 137 157 147 212 157 171 169 193 177 150 188 213 183 157 180 174 191 154 173 197 169 156 130 194 175 183 166 191 178 162 166 201 216 183 187 153 195 187 195 165 150 163 183 163 143 204 180 183 172 136 157 144 135 160 195 152 202 173 189 181 172 155 158 180 157 169 134 176 202 200 186 196 177 160 159 177 213 171 146 134 172 163 154 169 169 181 177 197 184 143 149 153 180 200 176 178 146 178 158 171 201 133 151 153 167 157 187 190 169 183 147 138 194 138 132 194 195 161 145 182 180 180 164 166 179 149 162 177 146 142 182 208 175 190 140 152 165 177 221 197 177 157 145 173 178 190 178 168 201 157 202 158 166 164 137 151 193 131 196 160 171 182 143 206 145 188 173 158 191 198 180 154 160 135 184 178 192 174 162 150 208 0
0 148 122 177 127 142 124 193 159 170 132 147 167 131 158 128 130 167 169 145 169 148 151 134 160 133 171 147 128 141 129 167 139 133 167 152 176 159 140 183 161 167 138 143 146 168 168 150 152 132 150 128 140 121 142 158 143 156 145 164 158 180 162 124 154 172 160 130 155 139 155 143 155 175 134 133 115 137 144 161 145 157 163 153 142 170 183 143 152 147 155 178 165 131 139 145 174 125 132 176 186 166 158 137 127 148 136 162 166 123 174 176 145 166 137 147 141 175 154 161 134 135 165 187 172 161 156 130 146 157 169 164 132 123 160 143 131 167 154 160 154 170 141 134 113 141 154 150 143 126 143 160 143 158 145 131 131 133 172 138 146 189 160 156 123 138 166 129 133 175 192 125 121 177 164 166 131 144 139 138 157 146 125 140 148 162 141 161 140 140 147 176 174 151 157 128 124 151 183 171 173 156 168 125 165 142 132 158 127 130 172 128 180 146 135 143 147 175 135 152 153 138 164 168 150 146 119 126 135 178 177 168 147 130 160 0
0 134 194 149 169 142 193 186 189 155 175 165 153 174 144 141 184 174 171 185 195 168 143 190 177 197 151 132 174 174 174 139 156 178 181 183 202 161 163 182 182 153 151 151 172 165 159 163 165 182 143 140 135 160 155 146 191 178 168 176 171 207 144 188 197 175 138 193 160 166 160 172 197 139 140 136 170 144 174 200 195 186 153 160 171 203 154 180 149 188 171 187 155 141 184 196 149 142 197 184 183 179 155 136 150 128 159 198 125 174 178 160 193 144 132 147 169 153 170 137 168 165 185 157 185 160 147 160 185 184 162 150 138 174 149 156 187 170 164 190 150 173 141 140 152 182 170 166 178 157 157 176 164 195 151 131 142 200 153 169 193 169 155 146 155 177 143 139 193 191 131 134 180 186 171 128 177 178 126 174 168 159 139 145 206 161 162 166 135 149 173 190 166 184 146 141 170 163 173 182 168 179 151 188 163 150 161 152 164 190 137 182 147 136 165 168 186 133 180 160 146 178 175 164 157 136 148 166 173 178 166 172 138 170 0
0 192 137 156 127 183 157 165 131 174 161 140 174 136 147 162 164 150 178 166 163 157 180 170 189 159 126 154 133 159 123 153 152 169 178 170 137 160 171 163 165 143 158 186 188 175 169 162 159 143 157 135 125 164 151 174 141 181 171 178 171 129 185 190 177 134 174 154 156 164 162 171 145 144 120 158 168 171 179 192 201 167 135 170 180 153 161 159 159 188 183 162 120 172 168 147 135 172 173 206 160 134 157 144 146 155 176 139 176 178 165 156 159 155 156 151 127 167 134 154 197 179 194 174 156 147 153 157 188 165 130 143 167 149 158 155 164 158 162 153 167 123 133 150 182 157 146 150 167 159 156 180 186 129 131 131 175 140 162 179 154 157 145 126 187 135 130 157 179 143 145 179 178 175 124 153 160 126 162 156 148 139 134 178 174 175 138 138 139 168 198 147 163 128 141 161 158 187 196 166 180 136 181 164 149 185 122 131 194 145 166 163 146 169 135 183 153 168 168 150 163 164 175 155 132 120 155 162 182 161 175 137 148 0
0 116 138 107 167 147 147 134 125 121 113 151 111 125 142 134 133 155 154 128 121 155 130 143 117 108 132 113 143 115 138 147 127 150 155 121 154 158 130 139 130 131 143 133 127 158 130 134 108 123 111 125 127 108 141 139 149 142 144 145 112 159 165 147 116 146 134 139 124 147 142 126 106 100 129 114 132 128 157 156 134 137 151 160 121 139 132 161 147 154 129 128 132 144 133 106 144 147 138 139 123 108 126 107 133 152 107 153 133 122 142 139 135 133 125 123 131 104 118 155 154 143 141 137 125 125 133 149 133 111 121 159 125 131 144 144 146 130 134 146 112 122 114 135 156 124 119 139 117 124 126 142 111 107 126 135 112 153 159 132 127 117 100 154 109 103 134 150 103 124 129 139 139 108 118 122 117 134 122 116 120 134 152 147 145 132 128 124 129 161 131 153 114 102 139 144 151 136 154 129 132 165 147 127 134 104 114 149 120 163 126 125 118 130 148 115 148 128 130 153 131 147 118 113 112 123 130 156 144 129 113 123 0
0 177 149 187 159 184 134 140 152 129 157 130 146 164 166 168 205 193 145 142 178 160 204 152 130 145 149 178 149 164 184 161 173 172 139 177 173 170 157 164 140 163 161 167 161 157 163 158 159 128 158 156 156 166 149 193 166 189 197 132 171 201 195 132 181 177 167 162 163 201 130 134 128 176 153 174 187 178 193 171 148 154 201 157 167 154 178 172 185 170 153 175 156 165 134 192 192 196 175 146 133 149 133 138 187 141 175 181 153 157 185 153 157 160 156 160 131 136 188 165 177 180 158 137 160 173 188 177 141 132 156 150 156 187 164 150 155 166 170 155 119 129 173 174 156 167 148 161 166 149 181 123 133 140 182 133 185 198 153 165 137 134 190 140 122 160 185 137 158 162 187 188 153 150 144 131 161 151 130 130 163 201 167 153 138 136 150 182 189 182 182 135 129 164 184 186 185 176 158 148 182 144 134 170 130 151 169 148 168 168 148 150 151 192 142 187 161 153 198 183 165 165 149 152 172 163 183 184 155 142 160 0
0 108 145 115 142 120 132 126 118 135 111 122 132 142 136 136 155 129 126 147 130 150 101 110 117 133 152 113 125 147 139 135 134 107 143 129 138 134 115 114 128 146 134 124 128 135 118 120 115 111 120 129 136 128 141 142 132 136 123 148 156 142 122 148 134 143 122 118 146 111 118 103 132 130 121 143 140 165 132 121 150 131 127 140 125 127 151 152 121 113 139 138 126 109 138 140 150 125 103 107 128 100 117 128 102 152 133 135 145 122 117 118 145 125 134 96 114 158 133 146 150 131 110 113 147 161 128 112 100 148 108 115 141 130 124 146 128 128 114 100 113 140 126 120 119 117 140 112 134 153 115 105 111 135 123 150 157 120 122 111 102 151 109 111 147 153 98 118 148 156 150 112 132 127 93 128 109 98 101 114 152 149 127 107 108 104 133 160 129 135 111 109 125 148 138 134 132 132 111 157 121 123 144 110 110 155 104 137 125 117 121 120 144 122 152 133 109 139 151 135 107 112 105 122 149 147 161 119 103 150 0
0 169 144 182 147 149 149 132 152 135 139 155 144 136 163 182 155 153 178 145 194 130 117 161 138 173 127 147 152 152 174 156 124 176 148 174 149 146 160 160 152 149 180 142 148 142 124 136 142 164 141 166 140 166 153 187 159 134 175 174 153 125 169 145 148 164 154 174 135 135 141 153 147 148 158 162 180 152 149 156 191 172 142 147 158 159 182 153 130 191 165 148 126 169 173 176 162 129 142 136 130 148 167 132 185 158 135 173 161 134 150 174 132 136 120 137 178 186 173 165 156 132 134 153 158 156 132 134 177 125 147 162 161 155 170 155 158 121 129 144 147 165 148 163 152 159 169 161 151 120 116 146 156 140 159 160 154 156 137 126 179 122 126 158 193 128 134 167 185 173 144 152 132 127 161 138 149 115 158 176 158 164 134 128 145 163 168 163 161 139 129 146 175 182 164 173 161 132 152 149 149 155 129 137 177 133 160 142 139 138 126 188 128 146 141 135 187 177 157 150 130 114 151 188 158 195 146 124 179 0
0 135 134 129 127 117 105 128 90 112 131 142 120 147 159 121 119 149 109 144 105 100 135 120 139 118 131 147 115 121 157 110 126 155 130 117 112 125 131 132 120 131 120 122 111 123 102 130 107 108 145 118 137 134 148 137 108 137 140 140 101 140 133 143 123 141 134 102 112 95 140 123 136 122 134 160 129 128 147 133 126 121 109 140 128 144 127 100 149 131 123 105 133 140 135 118 114 111 122 100 114 154 96 142 130 147 131 129 115 112 146 128 130 103 120 149 137 130 144 133 105 121 144 142 146 102 93 138 107 117 153 134 143 123 140 130 97 109 109 136 125 132 115 129 136 121 130 135 100 105 125 144 107 137 148 141 128 111 122 141 105 108 144 145 112 119 159 137 151 101 125 120 99 128 116 110 109 124 131 128 128 112 108 107 123 130 123 145 106 98 135 138 157 138 141 130 116 158 127 107 137 117 126 157 99 137 110 110 117 128 136 114 141 126 125 147 134 146 122 96 105 140 138 150 148 129 104 119 0
0 215 140 165 185 142 157 126 155 194 174 183 186 202 167 156 184 167 186 156 149 173 146 180 145 167 181 163 186 211 165 187 158 173 141 164 141 161 188 162 189 155 194 136 163 137 156 171 154 202 153 175 185 203 195 142 189 180 212 133 188 176 185 165 146 191 160 142 138 185 181 179 203 193 195 189 154 186 171 148 178 141 173 187 192 173 153 211 170 151 150 171 178 193 172 139 144 141 156 160 173 134 206 168 163 172 147 164 172 190 150 176 139 162 178 200 195 189 160 135 159 191 164 174 138 138 171 166 160 191 169 151 158 162 167 142 123 149 170 192 155 159 160 147 163 170 161 139 145 166 193 155 169 171 156 175 162 159 179 147 130 170 195 134 155 188 196 194 154 154 181 138 148 155 145 132 171 177 182 170 132 146 134 154 192 184 162 134 137 182 198 192 201 192 178 146 183 158 141 190 123 139 199 159 183 153 143 163 149 210 166 191 164 159 169 201 155 167 137 121 169 196 189 169 182 136 171 0
0 122 156 134 135 145 133 150 168 166 152 165 174 141 127 163 125 175 126 116 129 123 158 144 127 174 150 168 164 143 158 161 164 149 143 142 158 142 147 166 132 165 130 137 128 118 130 129 151 156 169 162 150 164 128 174 170 159 135 173 153 174 133 149 156 145 134 136 163 139 160 156 165 187 165 134 150 168 145 171 154 141 187 182 150 127 161 162 133 125 154 154 165 166 131 121 143 128 160 161 124 165 145 159 156 154 132 136 161 128 153 133 129 182 153 161 159 144 134 136 164 159 169 134 123 175 139 123 178 141 154 157 149 167 126 114 121 169 169 136 129 148 151 147 134 173 140 119 119 169 124 167 188 146 146 132 128 166 122 127 172 162 123 136 155 187 164 128 124 144 125 154 140 129 122 140 160 158 166 134 122 140 161 162 147 167 116 123 155 164 181 152 166 156 120 177 150 139 160 127 157 185 121 153 130 147 131 151 167 138 165 140 150 172 153 154 141 136 112 144 162 164 169 140 122 154 0
0 155 165 135 179 138 165 197 174 169 199 180 179 149 195 148 194 165 137 175 164 169 144 140 168 155 181 198 162 177 176 157 149 150 148 194 195 183 170 180 181 134 167 152 143 162 160 208 164 207 193 183 193 156 186 193 186 147 161 156 161 156 179 211 147 164 130 168 172 167 176 205 210 184 153 166 177 182 179 157 179 208 191 157 161 180 195 159 145 177 195 193 191 153 156 174 155 161 189 135 206 163 158 187 159 160 164 196 148 185 146 172 190 197 197 217 188 129 169 199 173 182 148 137 169 164 165 193 175 189 161 157 194 142 144 138 190 172 161 143 155 168 155 157 201 130 151 152 202 168 201 172 170 161 147 127 206 139 139 193 206 142 162 192 201 208 144 171 165 145 167 146 151 143 160 194 174 177 134 145 153 169 200 168 181 142 139 172 210 178 203 192 172 138 198 168 144 192 136 145 217 139 176 157 153 176 164 192 158 198 146 171 177 194 168 148 151 132 176 189 203 208 176 124 207 0
0 138 122 136 110 130 142 124 127 135 166 118 135 154 120 168 122 118 122 138 149 119 117 145 141 145 165 122 140 151 153 126 121 134 142 153 134 147 134 139 117 123 101 118 144 121 156 115 140 144 160 165 113 141 167 146 114 148 122 142 129 118 151 117 121 119 144 134 124 150 142 161 134 120 149 142 118 123 126 147 152 151 130 126 165 151 117 111 134 140 154 132 116 114 131 126 120 152 108 155 145 140 151 149 122 128 135 124 139 117 125 142 149 162 142 117 121 125 129 149 140 119 124 138 133 130 152 139 130 137 126 154 104 108 123 141 136 115 113 136 129 149 129 164 121 109 127 136 136 145 153 135 124 130 111 146 110 111 139 156 115 110 154 167 148 123 127 143 100 145 113 106 106 127 140 143 148 110 116 134 149 142 138 155 117 106 138 160 154 153 153 126 106 141 119 123 139 115 117 136 128 140 135 136 129 128 168 120 142 126 126 161 140 147 141 105 111 148 143 140 171 115 108 143 0
0 122 154 109 142 155 152 140 175 159 148 137 166 140 162 130 113 144 129 151 123 157 152 156 179 163 140 151 162 157 145 133 131 174 162 136 157 123 149 117 141 124 120 152 143 164 142 146 151 155 175 131 176 174 154 123 167 141 152 140 139 169 142 130 120 150 129 143 148 152 178 152 131 169 165 129 163 136 157 160 186 151 126 160 146 135 121 163 153 163 152 125 122 134 115 152 152 114 166 160 137 155 143 125 134 162 147 145 126 146 160 164 164 158 155 120 139 155 176 155 139 129 162 145 136 174 163 143 167 170 151 119 129 135 159 141 146 136 146 154 150 135 163 114 128 115 180 140 171 166 149 143 129 119 150 113 115 151 181 128 131 153 157 153 115 136 138 117 146 136 121 105 130 153 157 144 141 121 131 160 171 148 180 118 126 163 175 181 153 157 137 128 172 143 120 163 121 134 163 136 153 124 139 165 150 171 129 172 124 143 169 174 142 145 128 117 156 156 160 179 139 130 149 0
0 157 129 131 156 149 136 158 173 152 125 182 144 159 141 120 139 130 171 136 142 156 161 164 174 151 159 168 164 124 131 145 145 160 154 158 146 142 137 141 134 139 141 131 176 148 152 139 160 161 133 170 183 150 126 149 136 168 148 141 157 126 146 124 141 135 155 178 178 185 144 131 143 148 133 146 144 166 168 169 135 136 158 142 141 127 178 154 177 169 128 124 134 131 143 173 136 169 165 134 161 138 122 146 174 132 150 123 119 166 168 158 159 144 115 150 161 162 165 123 126 143 144 124 154 142 142 149 144 152 133 134 141 150 164 131 148 131 140 135 152 165 123 111 124 164 147 149 162 150 151 117 118 179 126 118 175 158 124 133 162 179 167 127 142 132 112 147 136 115 120 152 158 151 155 139 122 128 148 178 165 164 136 124 147 164 174 151 159 161 127 172 124 150 146 134 132 184 133 147 138 115 148 149 182 131 155 149 146 182 155 139 155 112 114 146 169 178 155 128 126 165 0
0 109 118 142 143 138 138 163 118 120 165 121 137 125 117 130 124 149 109 125 145 133 132 143 108 123 134 129 137 126 138 144 133 135 132 129 132 111 123 119 112 128 123 137 125 157 122 153 126 104 151 145 128 108 151 125 139 125 128 145 114 116 110 137 124 124 139 145 159 132 126 147 151 117 137 136 155 148 156 134 108 156 143 109 107 159 148 157 145 120 111 106 101 132 146 112 129 133 125 138 142 116 121 125 131 137 96 117 158 154 159 154 129 106 114 149 156 126 110 111 151 118 120 132 139 138 144 121 146 99 110 114 137 146 131 118 114 140 134 132 139 97 101 114 151 111 135 144 125 126 116 115 161 106 105 151 152 114 124 150 164 151 118 124 124 106 130 120 118 108 133 149 143 145 117 105 123 135 130 147 156 109 102 133 158 135 143 162 144 106 142 116 120 152 95 124 168 112 143 120 118 123 129 134 114 153 109 122 162 138 138 119 110 104 137 144 148 147 126 103 142 0
0 146 175 173 151 151 177 157 138 175 133 173 150 144 139 146 182 134 153 178 166 160 166 159 153 173 150 144 142 129 160 175 147 186 138 165 121 131 129 129 149 150 165 136 165 178 184 162 145 162 166 162 137 181 149 165 145 168 171 142 132 121 162 148 180 171 172 189 171 142 155 195 161 144 162 159 160 194 157 128 160 184 150 136 159 163 193 170 136 138 148 140 149 164 110 160 150 150 177 163 148 165 179 144 155 127 149 172 171 169 165 156 130 143 182 168 169 127 129 176 143 147 182 161 175 148 159 177 139 134 146 172 154 161 159 159 169 150 145 177 148 131 143 188 133 158 174 152 145 126 135 173 115 128 169 169 144 128 187 184 182 133 131 138 116 159 134 125 133 148 177 170 161 134 134 144 141 173 154 163 133 132 146 176 176 165 180 166 132 161 143 142 161 145 151 181 140 177 153 134 140 139 180 120 176 153 144 166 189 156 143 143 133 165 185 166 182 144 128 149 0
0 133 128 118 133 143 117 122 134 101 132 119 96 114 113 130 103 120 114 124 136 141 96 135 137 148 120 114 127 135 116 116 118 108 133 96 110 94 97 129 110 140 121 144 126 133 151 97 132 135 142 108 135 118 126 121 111 145 96 113 99 124 107 121 133 148 149 129 104 134 133 135 130 106 140 138 156 135 108 140 138 108 99 146 133 138 129 117 104 109 101 114 144 104 135 115 137 135 133 120 123 135 112 119 112 115 139 140 125 138 107 101 109 129 138 139 113 103 132 112 100 136 117 134 135 128 133 93 92 113 141 135 119 107 111 116 124 111 121 108 99 106 134 119 136 123 112 122 107 102 136 106 92 132 149 103 110 127 128 132 97 114 129 98 128 118 111 93 121 137 135 126 106 108 116 114 156 143 129 100 101 132 130 125 132 143 126 108 134 122 119 138 104 127 134 99 129 107 124 126 110 142 110 129 123 121 137 139 133 114 96 102 129 143 138 138 118 101 122 0
0 149 132 146 162 144 132 164 124 165 121 112 134 139 161 110 127 143 150 157 156 114 141 166 155 129 132 139 145 144 131 158 145 152 119 132 110 117 126 134 167 142 144 142 160 153 116 167 168 153 113 151 127 155 125 131 141 123 124 118 138 131 148 145 158 170 137 128 139 148 158 150 133 159 164 174 140 126 135 150 127 120 145 153 158 153 111 126 111 122 144 153 106 146 138 142 150 129 119 115 149 131 130 123 144 156 169 152 158 131 117 135 143 141 150 125 117 142 128 121 151 138 147 125 136 131 130 106 125 132 137 135 119 127 149 130 155 148 109 100 123 157 128 148 166 158 152 117 124 170 124 109 144 159 104 132 157 170 153 125 135 140 112 151 132 107 119 139 154 144 157 116 123 122 153 155 140 152 111 121 129 168 169 155 151 159 123 152 136 122 161 116 132 159 118 146 142 122 144 117 160 118 145 133 141 153 172 153 133 115 113 134 151 166 170 127 115 148 0
0 170 183 173 155 127 179 145 166 147 130 157 160 174 130 145 172 169 184 166 156 157 176 181 153 157 164 172 184 154 175 153 159 153 150 131 143 153 141 178 161 158 156 181 183 141 177 168 169 154 174 145 157 156 169 179 143 134 146 166 172 163 157 178 180 172 161 189 180 165 168 170 173 199 196 139 133 165 180 144 128 185 185 199 174 159 132 144 148 169 183 133 175 146 170 193 149 139 159 172 158 161 133 146 168 179 170 173 170 129 143 162 163 159 125 129 165 155 138 181 167 177 176 172 174 132 131 142 173 178 149 162 151 178 150 170 171 132 126 133 181 149 175 162 167 167 133 142 188 131 119 173 186 116 144 168 166 181 147 154 156 137 160 153 139 125 142 192 187 163 132 147 147 182 179 163 189 131 143 161 190 174 182 178 157 151 169 171 163 174 132 160 196 128 164 144 144 145 162 161 141 163 147 155 189 181 165 155 134 146 175 165 191 197 156 141 173 0
0 173 184 163 130 197 154 179 134 130 140 140 161 136 157 160 151 184 191 124 163 151 163 160 159 154 153 146 157 165 157 161 136 154 128 126 151 144 194 139 173 161 165 168 137 169 190 167 134 167 162 169 144 148 187 146 146 128 148 167 170 184 172 173 172 154 182 184 157 155 144 162 174 175 151 136 158 153 147 130 156 185 175 162 155 135 141 115 139 177 127 160 153 154 161 151 141 150 148 129 144 122 152 172 175 187 194 147 133 162 167 152 158 133 125 167 139 142 184 158 155 144 154 157 149 127 147 172 157 132 154 147 150 166 154 175 139 135 143 183 156 173 184 172 168 147 142 195 123 136 179 167 138 145 159 174 168 131 129 145 122 144 149 118 113 155 178 163 145 150 131 155 155 188 165 175 126 139 174 183 174 171 172 147 132 176 156 153 181 122 151 182 127 152 148 136 165 154 175 132 163 140 140 161 163 144 131 127 123 143 195 177 162 153 126 155 0
0 158 139 122 166 131 169 139 116 150 142 159 136 148 159 157 173 153 122 163 140 152 127 139 149 140 141 138 155 129 144 131 130 115 130 158 143 186 148 143 145 163 179 125 160 165 162 128 171 142 159 131 143 172 117 135 112 152 138 143 160 168 164 158 134 159 167 153 145 128 174 161 149 144 113 154 159 138 120 154 151 145 151 130 131 135 124 136 166 116 153 132 142 138 153 130 138 146 143 136 120 148 181 142 146 159 158 119 146 157 161 154 115 116 133 121 133 177 146 147 146 140 173 111 110 128 156 142 143 133 144 151 147 140 169 118 128 117 149 130 153 173 135 147 134 115 157 118 128 152 155 114 129 144 158 152 126 152 144 126 163 143 111 103 147 145 157 162 133 126 128 153 171 164 160 115 129 154 170 171 155 163 147 118 158 129 145 155 107 138 154 114 168 131 125 146 156 159 132 155 138 133 148 181 154 134 128 122 157 167 139 150 130 105 169 0
0 173 147 197 162 195 155 128 144 140 162 129 175 189 178 177 191 135 165 181 163 154 152 164 182 189 182 188 154 189 144 149 142 135 153 161 192 162 168 157 200 171 144 154 192 176 146 168 163 170 146 182 175 154 152 137 149 158 176 193 187 196 177 143 157 186 159 170 154 195 185 164 147 130 179 179 135 144 170 182 189 175 148 141 164 122 154 185 136 194 155 168 182 168 126 153 184 145 177 145 163 190 193 189 186 157 143 145 185 172 175 158 133 187 128 149 169 166 168 191 169 172 132 130 158 177 170 163 140 180 165 141 161 183 139 132 146 165 156 177 177 169 168 144 161 180 131 132 177 197 122 142 174 200 192 143 151 172 142 149 167 153 145 144 184 163 172 137 139 130 169 201 171 190 138 141 147 190 191 186 162 162 159 176 164 155 187 143 138 195 144 180 153 146 164 152 185 157 171 167 157 161 167 166 167 136 144 163 195 169 173 168 145 177 0
0 145 199 165 186 160 128 165 173 177 138 152 182 161 197 208 143 193 175 186 162 144 175 201 177 166 189 157 182 154 165 133 170 171 142 195 171 174 162 192 199 156 160 202 180 133 196 199 169 157 173 189 158 148 141 189 158 187 164 184 208 157 157 198 194 178 167 174 177 194 187 154 137 175 196 147 138 188 187 191 171 151 138 161 139 170 208 141 179 155 151 182 177 165 167 169 168 181 142 162 201 188 208 164 162 152 157 186 169 178 147 139 196 159 155 191 161 183 162 178 167 132 128 170 175 175 150 149 163 156 157 171 185 139 144 160 179 162 181 179 190 158 165 148 193 149 159 167 205 157 171 194 200 174 127 167 162 129 175 160 144 127 161 177 176 184 131 143 159 167 179 199 184 152 137 190 202 173 185 186 180 135 200 166 144 163 120 155 183 145 177 158 154 178 157 183 134 185 165 156 208 177 170 163 124 132 188 188 179 188 161 132 188 0
0 148 132 167 130 124 147 133 165 132 147 161 149 167 183 121 154 161 165 148 152 143 169 155 135 155 133 152 125 133 129 127 143 125 172 146 158 159 152 150 133 142 162 165 128 153 149 147 135 157 168 121 130 135 167 145 152 168 168 175 148 137 148 165 151 157 157 162 172 170 150 127 146 146 129 121 150 160 179 168 127 128 132 138 138 170 127 161 133 137 158 164 137 145 160 127 151 119 134 176 153 172 155 139 140 140 149 176 156 124 120 165 131 149 152 161 144 169 156 146 140 128 144 163 149 143 158 160 142 149 144 156 120 121 131 149 146 150 170 130 141 131 123 163 118 134 155 159 121 139 155 157 169 139 136 143 129 161 142 118 114 137 178 174 151 130 114 130 156 163 173 174 119 124 157 168 175 176 169 161 140 183 143 150 162 127 131 167 136 164 144 139 153 153 148 139 159 148 151 156 152 145 142 135 118 153 159 150 151 149 124 156 0
0 120 156 127 110 133 126 146 121 121 150 136 162 145 120 146 138 155 128 125 134 147 145 123 141 131 136 115 111 103 113 137 132 147 129 152 131 151 167 115 138 155 150 123 141 125 143 141 133 159 109 122 116 132 136 141 155 157 150 141 124 146 150 123 142 135 138 140 174 137 125 148 155 133 117 144 148 168 142 115 129 125 119 121 145 117 145 142 146 132 129 117 131 155 125 156 104 117 165 157 137 156 129 123 131 167 159 159 109 109 165 134 114 131 141 130 148 140 150 127 115 113 134 155 139 128 130 121 135 140 133 108 112 119 146 145 137 160 144 152 116 116 169 120 128 149 134 107 128 140 152 152 123 140 135 114 135 135 111 112 135 139 141 144 126 123 122 154 155 148 143 121 114 140 147 156 155 151 132 116 150 128 122 146 113 132 152 109 134 118 124 140 128 149 113 152 144 122 138 156 153 122 126 102 131 142 149 165 135 103 130 0
0 211 165 142 156 147 202 157 158 184 155 198 167 163 173 183 181 172 138 167 178 186 159 180 155 173 126 144 151 147 165 139 192 174 194 163 204 177 154 187 201 192 146 190 178 174 149 176 196 151 151 133 164 171 176 190 188 202 162 153 178 197 158 191 164 157 187 173 163 148 197 176 161 145 188 169 195 167 143 149 150 145 153 187 141 191 180 168 178 174 140 145 190 150 173 138 144 187 195 185 184 162 151 151 185 193 175 147 135 189 158 141 188 185 157 189 177 183 152 126 154 197 182 156 153 149 187 169 155 194 142 123 149 191 146 185 200 176 171 159 152 170 121 145 165 189 145 168 187 195 188 137 170 166 137 153 159 146 123 141 180 201 181 153 130 138 158 189 177 163 154 136 169 200 180 176 170 176 158 190 179 150 200 125 158 181 148 187 156 151 169 178 199 144 182 159 154 193 179 159 167 129 147 173 188 205 196 162 133 183 0
0 133 126 143 110 161 125 128 158 143 150 159 138 152 148 147 149 132 124 143 139 154 154 141 158 115 131 118 122 132 136 184 135 151 148 155 172 134 171 178 172 126 150 147 151 149 156 148 125 114 125 154 132 137 148 138 155 142 138 146 159 125 135 138 144 156 142 154 113 157 147 135 120 140 177 173 154 133 117 119 108 149 162 118 159 135 141 145 127 135 123 153 126 142 117 134 173 168 141 167 149 121 149 159 154 150 104 119 156 129 116 154 144 138 168 148 160 128 117 121 156 154 125 144 126 135 155 136 156 126 125 138 148 115 133 163 149 148 124 126 159 114 128 138 153 125 119 166 163 171 111 132 150 124 134 116 123 113 126 154 162 158 116 137 116 129 162 151 168 121 131 143 166 148 143 153 158 117 163 148 121 153 105 141 170 112 157 135 122 140 121 163 129 152 148 134 159 163 129 128 104 130 139 152 169 164 134 117 151 0
0 140 176 141 194 157 152 180 184 181 179 144 178 165 172 185 160 153 162 195 158 194 143 179 158 148 139 145 183 161 209 164 206 161 196 180 159 159 193 189 151 198 158 176 154 170 201 142 142 140 172 159 169 191 178 176 187 149 168 208 175 170 150 189 195 191 150 143 175 187 170 141 201 199 172 162 155 151 141 136 151 192 146 209 177 176 208 161 152 168 161 163 165 155 167 206 204 202 204 171 140 157 175 174 181 140 135 181 175 170 179 168 165 169 186 193 149 140 159 192 187 171 167 158 172 165 165 177 141 133 145 196 148 199 209 178 153 150 145 187 130 143 192 178 149 155 181 198 205 151 163 158 140 177 157 143 137 164 197 188 172 139 154 156 177 189 172 163 138 145 171 205 186 187 163 187 145 192 152 144 165 140 174 194 155 171 160 169 179 154 179 156 184 161 156 180 208 173 177 154 152 175 185 172 217 157 134 180 0
0 143 136 149 110 123 153 151 146 151 118 152 140 130 135 117 127 145 155 142 143 127 154 112 109 118 127 130 122 150 123 131 145 149 151 115 160 155 150 115 168 128 154 130 139 135 117 133 119 152 132 156 133 143 142 157 124 142 149 134 133 126 144 140 147 139 108 151 136 137 108 154 140 150 150 121 125 122 113 134 157 113 159 139 136 129 140 118 125 147 115 135 111 127 143 158 135 137 134 113 126 138 147 150 100 111 126 122 122 148 151 149 149 142 145 120 115 122 153 153 130 130 149 129 132 136 156 126 122 106 149 125 146 155 137 139 110 122 151 119 116 152 136 111 123 155 142 136 105 138 143 108 133 114 123 104 139 147 146 133 112 117 120 131 151 135 163 112 125 132 144 150 142 138 130 117 158 124 122 141 115 130 140 129 135 125 134 116 132 170 107 148 117 134 162 162 141 124 109 119 154 156 141 164 132 108 134 0
0 106 132 102 108 114 130 132 138 106 129 133 125 117 117 117 138 120 126 124 108 125 97 102 107 105 106 111 122 102 121 129 121 129 106 127 143 144 102 136 128 126 126 111 150 109 109 96 131 130 143 125 130 132 116 107 120 147 132 131 118 120 142 146 119 100 142 122 114 103 132 130 130 128 94 104 116 94 108 119 99 130 110 110 133 117 95 106 125 115 122 98 107 147 139 137 134 121 89 114 144 149 137 104 98 136 99 116 133 126 116 117 120 130 99 105 115 145 116 124 108 117 127 120 132 124 92 106 103 133 112 122 139 120 112 99 106 133 99 106 131 155 108 113 147 125 128 111 117 125 102 122 117 105 104 112 124 123 131 108 115 110 123 136 121 128 102 101 128 136 140 124 115 127 101 152 125 109 131 94 109 126 99 143 113 108 122 112 139 116 134 108 123 133 136 126 120 101 106 122 143 146 140 108 102 115 0
0 169 118 127 156 162 163 169 136 147 164 157 151 127 139 140 141 161 157 144 155 122 140 132 131 149 122 172 152 143 143 155 171 111 148 149 141 124 156 144 154 137 149 154 118 125 117 160 151 148 165 167 148 161 125 140 162 133 150 151 159 173 166 137 129 136 154 144 124 162 162 143 151 122 126 137 122 153 158 124 149 144 147 172 155 141 133 136 142 155 118 123 163 174 175 164 138 129 139 164 173 149 127 117 162 131 121 157 139 148 150 135 142 126 108 127 159 149 151 142 140 158 134 137 138 133 120 128 165 149 156 175 157 144 121 126 158 125 116 153 167 136 135 143 170 185 117 155 147 123 133 117 122 123 136 139 164 149 121 134 139 167 166 154 141 132 117 156 165 172 159 164 158 112 159 145 142 149 116 146 177 128 151 140 134 137 131 176 122 155 134 144 175 170 155 128 122 123 144 169 176 184 129 120 172 0
0 116 123 162 123 154 145 116 158 151 137 132 126 139 143 131 148 149 137 146 130 140 121 132 130 119 140 123 140 145 158 161 117 145 141 143 114 137 147 150 119 148 148 132 116 115 141 140 128 156 166 142 142 125 144 173 145 151 132 163 157 157 152 109 157 151 129 112 157 145 164 140 114 108 127 113 129 145 111 148 130 149 137 131 112 145 135 124 137 120 121 166 154 145 163 120 110 126 142 159 146 119 105 146 131 125 160 143 126 131 151 135 128 111 130 146 137 137 124 126 128 139 127 152 121 112 120 153 140 130 137 139 149 132 116 160 108 113 145 161 125 119 164 166 154 111 125 140 100 131 124 113 121 132 147 149 143 125 115 123 143 152 153 137 124 128 147 146 144 156 168 128 124 147 127 122 158 99 127 175 130 159 133 132 126 132 135 127 132 129 126 157 149 155 138 127 98 135 156 162 139 142 108 150 0
0 152 174 166 170 186 144 181 174 177 167 143 141 152 162 159 178 164 173 140 146 126 149 153 142 176 145 154 165 178 168 129 185 185 174 126 180 178 158 171 173 161 143 141 137 155 145 184 161 184 198 175 157 179 167 164 184 137 172 154 207 156 136 173 157 132 130 163 194 179 165 152 128 142 146 149 184 135 176 166 166 181 179 130 146 169 156 173 140 143 159 200 181 180 159 133 170 179 175 168 144 128 189 154 144 167 155 148 152 169 181 136 129 145 196 177 146 157 171 176 163 174 181 129 143 127 202 164 168 192 165 164 145 151 174 123 138 178 175 119 133 192 183 185 135 150 174 128 164 155 125 133 138 194 189 156 141 139 142 153 191 183 188 120 142 158 182 183 167 183 191 130 169 139 145 172 130 155 207 141 167 168 148 159 143 199 141 190 169 152 175 184 167 160 146 138 169 195 158 194 151 140 173 0
0 135 138 131 149 122 118 142 119 125 113 127 145 137 139 122 124 144 113 126 98 112 126 128 150 117 129 141 142 144 94 125 141 142 110 137 127 155 117 138 152 110 100 96 145 136 145 124 150 138 130 108 142 154 135 141 119 146 140 156 128 111 141 121 133 98 145 143 150 127 106 125 126 103 121 140 107 124 136 124 133 123 118 128 136 127 141 106 105 128 145 141 144 128 101 115 130 134 134 120 94 138 118 129 136 124 126 137 129 144 118 98 109 157 142 112 116 134 145 121 136 140 105 112 122 143 126 144 148 125 126 112 109 158 107 103 147 147 98 103 145 159 148 106 118 137 99 139 119 117 102 127 132 126 123 122 109 128 131 146 140 132 109 105 147 128 143 143 144 145 102 134 127 110 145 108 121 156 114 150 132 114 126 108 141 115 138 124 119 154 135 133 126 100 109 120 146 131 151 124 107 152 0
0 136 136 181 131 147 149 140 140 119 136 153 144 148 153 138 159 118 119 114 139 139 125 158 142 134 148 153 179 117 154 159 157 121 166 139 170 135 139 148 124 113 111 144 126 131 165 164 164 156 123 161 168 139 145 136 161 161 158 140 125 143 154 126 110 156 145 167 142 118 134 124 103 129 164 108 158 149 138 138 124 117 129 172 138 140 120 133 146 173 158 138 147 111 133 152 153 156 109 120 159 133 119 140 127 150 148 133 136 114 101 126 150 139 139 123 133 136 136 152 161 131 112 123 161 126 171 166 136 142 138 122 162 127 117 141 165 117 133 163 152 147 134 141 150 122 152 118 121 119 142 160 134 133 138 126 118 136 158 157 149 121 129 135 166 163 174 167 130 123 142 136 127 162 116 139 165 129 164 139 125 144 134 174 134 145 132 143 159 165 139 122 120 118 148 144 177 146 153 105 149 0
0 190 160 145 155 162 174 159 155 149 156 176 176 189 139 172 142 167 134 126 153 137 188 170 184 158 178 177 126 168 187 170 131 178 187 161 153 171 189 147 128 126 181 144 157 164 169 164 165 169 168 169 158 164 152 164 159 203 166 147 184 189 154 131 188 168 190 161 139 134 145 142 134 174 128 188 174 172 188 166 163 176 167 141 145 120 157 202 180 181 206 173 145 151 191 184 183 134 126 168 139 161 180 164 172 177 154 163 129 117 159 168 154 160 149 163 170 144 156 170 141 122 157 175 132 163 172 165 174 136 138 191 129 146 159 174 132 133 193 193 193 129 134 146 129 165 136 145 118 168 176 170 166 140 139 135 185 186 172 171 140 122 165 191 179 178 199 168 156 183 143 146 183 126 148 188 134 190 142 131 149 155 160 148 174 170 148 181 185 178 162 138 141 166 165 195 183 150 122 183 0
0 170 117 167 155 154 144 139 153 154 149 153 174 155 154 142 140 123 133 167 149 178 136 162 168 159 175 146 146 176 163 129 183 174 149 156 143 168 133 130 122 147 152 150 175 175 184 168 132 162 164 132 150 140 189 181 154 140 129 183 179 131 137 159 185 160 151 120 122 138 130 150 190 143 167 157 158 163 151 141 133 163 146 146 122 148 172 174 181 174 149 136 151 163 176 167 119 121 173 132 129 181 142 150 156 156 163 120 117 142 167 163 147 126 156 164 151 153 169 114 138 131 183 134 147 174 148 152 145 131 170 132 120 158 175 116 134 166 181 172 133 156 155 125 158 131 130 130 143 177 156 154 123 123 133 165 180 157 166 128 138 152 175 172 174 162 161 135 191 158 129 155 112 135 182 130 160 139 144 157 139 177 130 176 154 156 153 170 166 142 139 114 151 155 154 174 147 115 151 0
0 147 174 169 163 154 134 157 173 150 162 189 151 170 145 160 141 144 171 153 201 166 179 171 175 184 138 163 205 178 145 186 183 152 151 171 180 142 151 137 163 158 174 157 172 169 183 153 172 196 156 173 157 162 193 210 147 142 187 175 163 144 181 186 185 169 147 149 139 132 148 170 133 158 185 169 173 166 147 144 159 158 166 140 150 169 190 188 188 168 136 152 196 183 170 139 136 169 156 152 160 175 171 151 161 156 145 135 140 189 182 156 163 170 161 160 162 176 133 122 137 159 155 181 178 158 179 138 138 186 130 142 171 193 138 151 167 182 179 136 168 167 142 157 138 139 140 150 174 165 157 143 124 164 184 169 150 155 144 148 177 166 172 194 175 165 157 196 154 146 172 138 149 187 147 192 153 135 180 153 185 136 171 144 171 166 205 174 151 144 137 150 185 191 187 171 133 185 0
0 174 190 163 158 147 152 182 174 169 180 168 180 152 154 146 141 159 154 182 159 193 173 206 184 146 169 179 181 135 206 188 191 160 178 200 149 136 122 189 164 191 176 182 177 173 152 159 201 184 155 162 202 180 192 159 142 162 166 172 150 183 191 183 159 149 146 139 143 137 201 153 190 168 181 182 158 149 155 161 167 161 146 145 181 184 181 180 170 132 174 193 200 178 125 130 186 145 155 207 173 177 181 171 179 140 128 161 192 162 154 162 160 154 159 164 189 135 130 155 176 161 176 192 147 164 143 140 191 122 154 161 185 148 141 181 198 201 152 162 160 149 165 168 134 138 166 195 171 175 157 152 152 177 190 178 172 152 147 173 189 193 192 182 176 147 167 154 161 156 147 173 200 142 196 142 149 155 162 174 141 189 162 165 191 211 171 172 142 143 185 192 166 202 180 140 191 0
0 128 144 121 130 137 154 136 133 145 133 125 109 134 118 112 116 120 167 130 144 142 139 148 113 152 155 155 103 144 141 144 121 128 149 107 116 127 141 122 126 134 167 138 142 137 151 157 131 136 133 151 144 162 137 100 133 137 125 120 138 162 156 137 117 119 123 112 129 166 121 138 142 130 139 138 121 120 163 126 145 108 125 139 155 147 145 134 124 135 158 161 156 114 106 146 137 127 147 136 136 143 128 135 103 98 112 143 130 127 126 122 147 128 133 140 110 107 129 159 135 156 160 119 142 119 109 152 109 115 136 148 107 127 134 159 149 113 121 130 113 144 131 121 119 133 140 156 143 125 107 119 139 149 136 138 105 98 139 147 153 158 135 145 112 163 126 134 126 115 113 155 109 128 124 118 148 118 154 109 145 124 120 147 147 133 129 113 100 150 157 157 159 147 115 128 0
0 146 151 149 153 169 181 151 174 142 185 133 148 120 151 164 158 178 138 184 164 156 176 146 180 185 175 134 172 159 182 151 170 202 148 134 131 182 147 164 162 200 171 166 148 173 188 168 159 163 189 182 173 158 146 170 163 147 144 162 194 166 161 129 135 140 122 158 158 136 157 168 162 171 155 138 165 155 149 165 143 141 176 181 175 172 147 123 148 167 160 181 140 146 188 140 148 174 162 174 167 163 169 121 145 141 172 163 160 159 158 168 145 159 177 136 128 145 166 154 171 176 171 169 151 147 190 125 133 160 177 136 143 182 190 201 135 154 148 136 165 147 117 133 132 177 172 156 154 126 136 162 177 144 177 134 129 151 200 184 188 176 153 145 188 163 145 156 126 146 170 125 175 149 154 151 156 168 124 180 149 154 173 179 170 139 130 136 166 168 180 196 155 143 160 0
0 153 156 153 166 146 171 192 146 167 141 147 137 143 158 136 191 140 179 163 178 193 141 184 204 170 126 154 172 181 163 161 183 145 136 128 177 154 164 168 188 178 153 131 164 175 162 180 152 159 166 172 137 147 171 167 145 121 191 190 183 173 144 146 138 138 160 171 128 201 161 154 157 162 142 161 172 161 140 129 135 200 192 173 180 157 137 146 178 177 176 137 122 166 149 143 173 146 168 146 159 174 143 124 162 188 186 148 161 171 158 159 147 179 137 129 122 164 138 157 199 146 173 133 137 175 137 117 158 157 128 149 166 181 154 142 149 159 144 167 145 135 133 161 178 166 180 147 136 140 160 185 146 185 137 143 145 161 199 170 175 155 137 182 147 150 173 119 160 187 136 166 131 133 154 159 169 131 182 150 154 177 164 145 155 137 115 171 157 174 184 140 126 159 0
0 159 152 152 172 145 153 144 151 138 141 119 136 130 139 172 156 159 151 170 173 117 165 181 152 128 180 157 177 151 158 177 128 145 121 158 155 168 159 161 202 168 158 180 195 175 154 158 164 193 184 146 126 174 177 147 140 182 157 187 177 133 139 147 131 156 175 132 166 157 161 175 162 140 150 156 150 171 135 133 173 174 184 171 172 126 148 172 177 171 129 135 172 149 151 171 162 161 154 176 163 130 138 133 168 163 167 145 149 166 142 151 189 140 143 149 176 150 178 161 173 162 139 121 197 125 133 163 198 126 144 161 199 180 129 170 139 138 172 153 133 144 154 164 165 156 135 135 132 167 173 159 156 138 133 150 170 160 172 164 159 130 175 162 145 164 119 151 194 138 177 136 141 156 140 200 135 187 148 136 171 175 171 148 130 136 145 187 171 182 159 134 152 0
0 127 154 143 137 159 147 134 133 129 113 123 132 134 147 126 164 146 144 164 118 136 179 156 120 173 140 151 132 150 157 132 123 112 142 134 156 172 153 177 167 133 153 154 151 147 125 154 163 158 134 115 147 156 132 118 144 150 149 166 132 130 121 126 134 152 119 160 152 125 170 143 118 130 143 125 142 113 135 157 168 152 155 143 120 125 152 171 156 118 125 146 144 126 144 143 157 153 133 164 129 116 118 161 139 138 135 144 148 134 135 152 124 121 129 168 134 173 160 153 143 120 121 162 109 113 147 159 129 131 163 161 153 111 136 149 126 138 122 127 116 133 148 147 156 127 128 124 132 151 148 165 117 123 161 149 166 148 154 157 135 158 121 132 0 112 156 177 116 149 128 128 139 133 180 109 156 147 130 152 173 133 130 125 125 150 163 172 155 145 114 154 0
0 139 152 136 151 145 141 110 121 102 123 132 126 152 127 159 141 155 163 115 133 157 143 119 150 129 149 128 127 151 116 129 128 155 129 144 131 170 159 130 123 144 163 123 146 139 148 151 163 137 115 141 143 122 104 158 164 163 139 123 111 120 116 143 152 105 139 129 147 141 142 137 119 150 118 139 114 125 154 168 150 161 127 126 130 169 137 136 121 123 141 121 127 145 151 130 152 148 130 124 112 123 144 139 137 127 141 132 138 148 159 118 130 115 161 129 153 174 124 145 107 113 145 107 111 156 157 122 135 143 159 162 132 127 148 105 121 132 124 110 119 148 139 145 118 123 109 138 169 144 156 126 108 131 165 151 149 160 133 131 172 144 126 134 110 147 168 108 163 127 126 128 113 168 124 150 125 121 160 156 146 122 114 107 131 154 168 156 130 111 136 0
0 129 149 149 117 142 117 131 117 116 143 140 160 133 163 143 147 153 115 157 161 149 117 156 153 148 128 149 153 135 127 113 143 144 150 159 148 162 153 140 146 158 129 160 128 170 138 164 145 113 138 150 137 120 157 165 160 136 117 107 123 130 128 154 130 136 152 135 153 132 138 136 163 136 133 115 123 158 178 145 160 126 106 135 159 143 157 124 108 141 120 134 156 142 139 142 124 148 111 116 125 141 139 146 145 138 147 140 144 164 119 120 131 158 136 140 156 136 142 129 121 154 111 124 150 151 118 112 144 180 165 115 121 139 128 143 134 129 112 125 165 157 132 138 116 138 157 152 140 139 126 111 129 159 146 155 144 148 126 139 138 130 149 105 144 164 107 147 125 130 151 120 151 121 138 135 127 146 153 143 130 118 112 136 150 148 160 137 127 137 0
0 158 167 137 154 137 149 128 143 151 145 191 162 195 149 175 188 137 175 194 164 137 163 186 175 148 142 172 144 141 141 155 147 171 176 165 163 174 148 166 179 170 162 150 186 167 197 146 142 174 166 152 135 182 183 201 169 142 140 143 141 158 181 146 162 168 171 169 152 152 134 170 145 171 130 148 186 167 168 195 168 125 169 164 182 184 136 130 188 126 144 176 158 176 166 177 182 136 129 146 170 163 168 160 159 169 153 162 167 138 129 133 158 149 175 180 170 149 148 137 186 147 133 161 203 130 152 179 203 177 131 170 155 146 160 166 142 121 156 183 187 185 141 141 153 155 184 165 182 133 127 163 198 177 170 150 167 146 188 152 140 160 130 149 182 122 167 142 135 151 147 182 135 186 135 158 173 161 162 144 137 148 159 190 180 192 178 132 173 0
0 160 153 143 138 143 139 134 143 140 171 144 171 185 153 187 137 186 164 169 148 166 163 173 163 167 202 150 148 121 146 149 152 150 160 178 157 152 156 177 161 163 138 161 180 179 152 132 154 162 152 125 168 181 174 166 135 125 157 138 142 161 137 177 154 166 163 162 124 152 162 130 154 137 140 200 199 171 178 141 145 147 194 179 157 126 141 160 131 156 172 148 139 161 149 146 145 129 138 175 164 167 155 167 151 143 144 187 133 135 149 187 151 162 188 163 158 132 138 180 126 118 153 180 120 138 172 189 196 124 146 143 144 170 130 119 126 159 172 184 168 145 141 139 166 172 179 178 125 136 167 176 186 175 175 157 125 164 148 141 160 131 168 173 132 174 151 149 143 148 159 136 175 158 154 180 164 142 151 141 137 164 188 150 186 158 131 169 0
0 132 161 120 132 130 148 132 122 170 137 160 155 190 171 131 168 180 172 122 170 143 157 152 146 167 143 130 117 161 142 136 144 175 158 161 149 157 173 147 154 157 153 176 170 136 127 182 164 137 137 149 174 153 148 122 136 123 140 153 166 119 168 159 143 150 138 124 129 162 142 147 106 143 171 179 180 175 133 123 150 176 179 156 131 119 147 141 131 169 135 139 159 151 148 129 126 129 160 166 148 127 164 143 136 138 170 122 131 135 166 128 158 177 147 149 132 123 155 120 124 149 173 109 133 156 167 166 134 128 128 109 156 126 131 109 125 154 158 170 128 119 132 167 159 152 169 134 118 174 164 159 167 149 155 142 181 136 121 151 108 144 152 127 149 142 143 158 139 178 119 157 143 129 160 158 162 132 113 124 141 172 160 180 145 119 151 0
0 170 144 156 144 150 153 138 178 162 177 162 162 186 138 165 176 173 123 182 169 166 158 173 175 147 128 138 172 160 159 167 175 189 187 150 171 173 155 167 154 163 181 183 155 122 173 159 140 122 172 187 166 179 155 133 154 124 152 182 140 180 160 157 163 161 137 146 173 148 178 133 140 203 196 167 185 153 130 159 168 185 160 123 131 190 140 150 172 149 164 161 147 165 136 120 151 191 160 152 129 167 153 173 156 183 127 130 134 171 128 163 200 147 172 146 151 190 140 148 175 183 143 150 178 182 172 140 158 165 121 158 149 139 134 135 179 193 178 133 144 144 145 168 151 152 129 141 170 166 169 192 155 160 128 173 139 158 166 121 160 195 130 172 136 151 168 164 183 143 182 172 162 159 204 181 150 145 138 148 185 167 169 140 126 177 0
0 118 127 119 120 129 134 175 135 164 146 163 167 112 154 163 152 137 162 158 129 134 144 169 127 115 126 139 119 147 160 164 182 144 135 163 181 145 145 132 164 171 167 144 131 167 149 125 106 152 159 175 147 132 124 115 103 129 163 108 160 152 153 153 145 127 140 158 116 145 115 132 159 162 165 154 136 131 127 149 156 159 113 110 168 143 148 138 145 147 142 138 158 122 118 134 166 135 145 152 132 140 139 139 162 118 125 131 171 131 145 178 152 130 119 136 169 116 124 146 160 134 138 157 173 167 117 140 140 119 147 115 118 110 141 170 132 157 126 124 135 138 181 147 165 120 128 157 156 163 151 164 152 129 170 140 132 137 109 134 172 123 168 134 138 151 134 142 129 151 133 134 156 142 128 119 132 127 142 153 142 175 137 125 150 0
0 159 118 136 141 148 179 164 186 152 163 171 140 166 188 171 133 172 164 160 142 139 159 133 139 130 151 140 158 158 165 196 172 137 153 174 152 166 155 177 182 172 158 137 166 176 144 135 179 175 184 142 145 140 149 123 149 183 129 180 172 154 186 165 128 152 181 148 156 138 151 164 195 184 171 172 135 138 156 182 162 128 137 178 142 140 171 157 167 140 149 180 118 123 148 172 157 159 152 154 157 145 170 176 131 127 138 151 155 152 173 166 147 140 132 191 127 115 171 156 138 145 171 203 199 121 158 140 120 164 141 135 122 146 183 155 165 151 134 133 159 178 172 174 132 123 152 177 179 163 157 161 129 177 151 136 184 135 147 166 135 161 141 144 171 146 178 130 185 153 149 164 180 158 151 119 132 147 170 151 191 160 118 160 0
0 93 129 117 106 134 122 143 123 138 141 106 149 143 146 99 153 135 142 139 119 138 111 113 114 139 120 142 136 145 152 133 119 127 150 131 122 121 157 142 147 121 98 147 121 111 104 137 140 148 137 114 96 120 102 106 150 105 135 137 137 143 118 111 117 148 113 130 93 121 147 148 140 127 113 112 112 153 142 125 112 101 131 108 125 146 117 128 150 115 141 108 98 121 137 121 117 117 128 121 120 134 139 117 113 118 137 125 151 134 121 130 106 111 147 110 102 145 149 106 116 125 147 144 104 125 134 106 133 125 97 106 115 152 135 133 118 107 114 137 143 136 148 107 118 136 131 140 134 139 126 111 147 114 121 131 100 128 141 103 143 125 130 125 117 147 108 133 136 116 151 127 128 122 99 104 123 151 150 159 126 113 132 0
0 112 136 114 158 142 149 149 133 150 110 144 157 150 126 143 141 136 142 141 168 106 132 120 154 138 138 142 163 170 157 144 145 158 131 145 123 166 153 159 137 112 151 157 129 124 155 158 153 161 120 119 125 116 132 142 114 152 158 142 139 134 111 141 137 125 150 116 125 164 147 149 143 134 134 134 146 148 148 120 110 159 120 114 147 141 152 154 159 142 114 113 139 147 136 149 126 137 149 150 133 153 127 106 126 152 121 134 156 143 132 135 113 166 104 112 144 150 132 133 136 150 161 134 117 143 123 148 128 108 106 123 138 147 126 108 128 135 138 159 140 151 109 115 143 160 156 148 150 147 108 170 131 123 145 118 122 160 120 147 115 122 130 128 165 117 142 149 117 148 166 140 135 116 115 126 172 155 174 126 117 140 0
0 133 110 150 128 125 137 153 142 105 118 149 152 110 132 114 133 127 126 132 111 111 110 131 132 125 130 137 145 140 114 143 149 116 123 113 145 129 131 109 106 151 138 107 117 147 136 128 147 111 114 115 109 122 147 105 135 132 123 142 117 113 127 132 116 121 116 118 132 140 126 135 125 102 124 147 151 140 96 106 127 126 107 151 136 125 125 112 131 101 112 111 145 134 109 114 125 126 136 131 137 112 105 116 142 112 136 137 134 118 109 105 155 94 102 145 143 110 118 152 142 138 112 117 114 102 123 121 108 89 136 151 131 112 112 105 120 145 155 143 148 114 106 115 129 141 131 141 120 115 152 117 114 127 102 120 133 110 135 121 118 136 107 158 107 146 118 110 147 146 126 111 106 94 110 140 138 147 128 99 134 0
0 122 139 112 145 140 146 158 121 143 152 138 119 152 153 144 136 137 138 132 117 112 141 133 136 142 165 164 140 123 138 157 137 146 126 131 165 151 132 113 162 164 124 118 152 157 172 150 127 116 136 97 130 147 116 157 147 126 141 127 118 132 145 113 134 102 133 152 148 146 135 130 119 128 141 134 145 105 109 144 123 120 161 131 141 143 134 138 116 111 108 144 145 124 132 139 141 131 116 162 112 124 114 147 113 133 156 143 135 129 125 139 116 112 138 144 98 113 140 163 159 105 125 129 105 136 122 107 113 139 144 130 139 115 112 128 139 170 139 146 106 109 137 147 147 139 148 133 119 155 134 139 145 111 123 158 118 155 131 118 145 120 167 111 142 114 120 147 148 149 122 126 124 136 141 146 170 143 106 143 0
0 184 142 147 152 141 145 125 157 157 156 130 161 149 146 136 133 162 126 130 120 163 142 155 161 172 181 153 133 158 160 144 158 149 175 161 145 150 124 177 154 138 110 153 161 170 140 115 129 140 129 134 158 107 160 130 152 160 145 130 143 158 132 137 112 134 174 151 141 157 142 109 129 158 179 155 126 118 151 126 144 140 140 140 159 145 147 115 106 145 157 164 131 131 130 156 136 154 166 123 122 127 161 138 147 174 130 143 127 136 176 122 119 171 168 122 138 174 148 160 123 139 135 124 148 131 122 118 131 162 149 145 125 138 125 138 161 157 169 115 136 143 157 166 158 154 149 140 178 121 135 130 107 141 164 121 162 130 140 153 136 164 124 146 119 126 152 161 139 136 119 116 134 168 164 144 143 115 153 0
0 119 158 145 156 170 111 132 144 160 112 143 142 139 116 143 142 109 116 105 138 134 142 134 162 135 156 139 125 146 141 133 125 156 147 144 135 126 165 139 115 125 170 150 148 131 119 116 116 111 126 152 111 142 136 127 156 140 114 113 145 128 139 113 120 164 146 155 146 140 118 117 158 153 135 115 102 138 122 128 159 119 129 142 121 142 125 112 116 145 142 130 137 135 143 142 136 150 122 121 116 152 128 150 152 127 134 120 132 161 102 111 150 147 116 128 137 140 161 127 141 140 114 125 128 104 113 125 139 140 142 126 106 132 142 162 146 145 123 120 137 163 149 148 143 130 122 152 118 123 138 115 129 148 102 144 116 127 132 132 155 125 133 140 130 155 165 133 123 113 118 125 135 149 166 120 105 138 0
0 185 191 178 186 144 188 186 169 135 209 188 179 170 168 194 161 138 148 195 166 200 188 210 181 169 148 190 204 153 186 160 174 187 187 170 128 167 197 152 139 197 198 207 195 149 157 154 150 176 189 135 208 167 166 191 169 158 163 164 164 158 145 147 188 174 179 195 163 138 169 171 211 200 137 148 186 137 144 179 158 168 176 165 185 133 138 175 201 187 186 153 166 154 144 155 179 154 145 168 202 147 177 192 149 182 141 146 179 131 137 177 207 135 162 184 196 198 155 165 154 130 170 160 159 143 160 193 168 180 145 139 150 196 194 189 192 146 137 193 207 209 203 178 178 145 182 158 149 181 135 150 201 152 200 154 144 176 154 203 164 192 171 163 214 201 154 155 149 138 162 190 199 192 170 135 177 0
0 148 169 156 110 160 171 160 108 173 144 153 152 162 174 133 118 132 138 139 138 148 165 153 158 146 152 174 148 165 133 165 149 153 139 128 178 153 127 115 168 171 159 152 128 122 137 107 137 164 105 178 144 165 163 150 126 146 154 137 139 115 134 182 166 147 156 148 118 130 167 165 151 127 103 164 140 129 150 131 156 155 162 139 116 114 128 161 153 133 124 136 140 157 144 159 125 129 115 149 137 151 154 130 130 118 128 169 127 110 151 150 110 125 160 165 173 127 146 145 110 151 139 111 126 125 153 136 140 114 122 136 154 149 151 154 107 118 163 147 152 167 150 149 123 149 149 134 151 133 138 175 121 149 146 128 146 143 171 131 165 147 126 154 143 140 149 112 107 153 163 154 156 147 130 170 0
0 182 189 142 167 166 191 143 176 166 175 169 151 198 153 142 134 158 165 152 150 188 183 160 149 173 190 178 167 149 188 192 171 162 128 171 179 162 134 184 187 184 161 143 156 145 124 149 184 139 198 158 148 180 175 154 148 186 147 171 133 156 198 196 172 179 156 142 158 161 192 169 151 134 164 144 139 161 142 168 159 171 182 138 125 151 181 165 159 156 166 167 167 166 169 140 137 149 162 166 185 199 165 168 132 149 185 127 131 169 181 118 139 170 193 185 134 147 169 135 154 166 141 124 167 195 161 162 148 132 151 169 178 159 158 133 133 184 186 181 188 197 148 155 177 141 152 155 149 142 184 129 171 164 138 162 148 183 141 185 168 141 169 182 168 151 147 147 157 172 184 199 150 127 158 0
0 167 130 152 165 167 147 185 164 167 141 155 181 132 132 135 161 149 148 166 183 178 155 152 164 173 176 150 134 160 190 191 153 125 169 174 161 124 169 167 179 168 142 131 151 128 154 182 139 166 176 155 181 165 145 151 163 141 143 113 144 192 174 181 161 139 126 150 181 174 169 131 129 163 141 157 161 155 167 166 160 152 122 141 155 174 167 146 141 155 154 156 175 197 151 117 135 165 154 173 188 144 153 138 140 178 138 134 170 172 127 159 154 196 181 139 149 148 116 159 146 141 115 149 161 182 147 138 133 137 168 167 169 191 126 114 169 175 172 179 191 177 134 175 152 160 178 125 160 191 138 157 142 135 157 155 163 131 178 138 136 173 186 152 141 124 137 150 157 169 184 165 127 183 0
0 140 174 183 191 138 202 185 175 163 177 194 165 155 131 186 141 157 172 198 198 174 157 177 198 170 172 166 172 197 194 151 124 185 170 153 130 204 207 187 168 138 154 135 151 177 178 144 187 160 176 178 162 163 172 191 142 158 150 167 211 188 186 198 160 128 145 187 190 168 126 127 181 144 154 182 145 158 176 186 186 123 134 151 164 172 175 168 187 166 170 172 167 141 134 150 189 173 181 197 152 161 130 158 189 149 124 181 196 136 152 166 179 193 151 146 157 141 161 147 138 153 171 195 169 176 156 150 149 172 196 181 173 145 139 174 186 197 179 179 182 149 186 164 164 164 127 172 190 144 160 154 159 186 155 186 158 195 169 157 174 194 169 157 127 145 167 179 162 197 162 141 186 0
0 171 210 194 156 201 182 177 175 185 200 136 147 131 164 149 155 165 208 199 164 143 179 171 164 165 147 177 183 184 179 124 172 197 158 131 178 173 206 180 147 154 166 134 161 195 144 192 157 173 191 166 145 166 195 167 172 139 160 179 187 185 177 165 152 169 185 191 187 150 144 186 137 160 172 174 168 181 172 178 140 130 150 187 187 179 169 167 188 163 169 180 130 146 143 182 148 201 170 169 179 157 134 194 140 145 188 177 126 148 180 194 194 133 152 153 144 169 164 150 121 149 176 201 184 155 150 165 178 195 168 192 135 152 193 183 204 207 177 164 148 195 156 150 187 152 161 180 134 171 157 155 166 157 206 145 201 162 152 194 194 161 138 139 136 153 207 203 191 182 135 189 0
0 155 140 107 145 134 147 122 123 155 103 105 97 141 135 144 147 154 150 118 115 127 148 127 134 119 145 126 132 116 113 142 141 114 96 138 143 144 130 119 106 111 108 120 124 96 132 126 128 130 124 106 121 123 123 129 106 127 149 132 153 136 131 113 127 137 131 133 110 112 152 119 122 143 134 124 135 129 129 117 112 112 127 131 111 117 130 131 140 118 140 99 115 112 157 120 132 142 118 129 125 105 154 101 110 155 149 105 114 131 146 147 107 118 107 111 135 117 109 98 110 142 131 116 107 99 100 128 127 131 136 118 99 117 132 143 142 137 136 110 140 129 116 140 99 128 146 99 153 114 125 127 115 140 108 135 128 109 156 140 143 124 104 109 138 142 146 154 115 103 133 0
0 181 147 175 170 157 176 164 203 157 140 140 184 158 153 184 174 177 155 156 156 181 167 172 158 174 166 171 146 128 199 158 150 133 171 173 179 164 145 137 134 129 140 184 120 164 173 171 149 158 139 165 165 136 149 126 147 205 166 156 172 136 134 162 163 175 169 135 126 152 151 165 182 161 171 154 169 184 144 134 153 177 167 152 152 143 149 150 154 173 122 140 151 180 136 171 193 167 143 136 141 188 125 136 164 200 141 151 158 187 166 128 155 160 126 153 127 140 133 163 183 160 156 138 129 135 162 187 173 162 142 142 170 198 200 176 169 172 131 189 158 138 167 126 156 181 134 161 148 149 154 155 200 127 170 164 141 196 181 152 147 128 139 162 174 162 186 147 128 165 0
0 137 193 186 180 178 189 193 168 162 151 200 160 167 179 180 177 175 163 177 174 167 187 151 202 193 196 160 150 176 164 148 139 188 198 185 168 153 148 144 156 164 200 153 193 159 153 187 153 155 147 186 163 176 147 163 204 197 160 193 169 135 171 181 171 196 144 126 167 150 154 196 165 186 171 172 193 153 129 145 179 174 161 169 187 175 156 166 195 146 134 144 168 156 163 199 184 178 163 150 182 144 143 181 200 145 153 178 207 209 142 161 154 130 182 136 138 135 157 201 168 165 142 143 141 181 205 167 186 135 127 186 188 177 205 188 159 156 199 154 165 178 143 172 207 160 206 174 165 170 169 201 146 187 163 173 186 215 177 163 149 135 177 193 207 178 149 143 197 0
0 175 159 158 159 175 191 147 146 124 172 150 161 193 193 198 169 163 168 185 172 178 145 171 170 189 156 125 171 164 155 128 182 169 193 177 137 133 148 144 158 189 144 192 186 171 191 184 165 157 175 141 149 146 161 198 213 171 179 159 142 156 169 159 180 145 132 191 144 156 173 145 187 176 152 159 126 126 144 193 188 172 156 168 165 150 166 179 146 136 141 177 146 171 189 171 150 146 138 199 132 144 187 192 134 147 188 198 187 160 164 170 116 156 140 144 137 158 174 167 170 146 144 155 168 195 166 180 137 133 152 189 166 187 195 164 158 205 159 148 174 126 175 199 139 183 145 153 152 154 186 141 185 157 159 174 179 147 159 132 135 168 182 185 197 148 138 183 0
0 121 128 129 125 143 100 100 110 133 118 136 139 149 156 147 120 145 137 139 124 115 157 132 134 122 105 142 133 122 103 143 150 163 145 100 119 113 105 114 154 109 144 134 121 149 112 115 132 139 115 127 111 118 158 141 143 152 123 113 124 127 138 132 115 95 119 109 111 124 125 124 140 141 144 111 100 107 146 137 128 120 131 126 127 120 136 114 117 122 142 128 134 137 132 122 106 107 162 100 105 146 148 112 118 126 144 152 117 119 134 105 127 110 113 118 124 141 149 130 124 106 124 126 147 132 133 116 100 125 160 147 153 146 124 111 150 131 106 132 116 124 133 119 145 113 123 119 127 138 125 150 127 120 150 161 122 121 105 107 134 147 129 150 127 101 134 0
0 156 143 158 171 161 134 135 167 165 176 179 172 179 173 160 179 204 158 172 148 178 160 172 180 149 173 171 168 147 191 189 189 157 145 162 146 137 158 194 132 200 162 162 180 169 139 140 165 178 174 134 161 200 194 200 193 161 124 148 180 172 181 130 133 158 134 143 184 175 176 183 183 166 134 143 155 187 186 173 150 165 158 149 165 180 145 137 151 192 152 200 192 150 175 135 123 189 136 121 172 198 141 135 186 194 186 146 151 139 133 168 144 142 143 156 192 173 181 147 158 143 188 188 190 185 122 142 171 202 188 206 191 159 163 190 169 140 190 141 174 199 156 173 162 160 163 170 189 131 158 168 166 182 191 168 159 145 135 170 204 195 204 163 133 166 0
0 150 153 179 143 132 130 171 148 158 146 174 169 152 126 155 182 145 156 153 165 178 183 150 143 176 175 126 138 168 168 187 148 125 133 134 143 146 159 130 167 168 143 159 150 142 160 171 142 163 115 130 169 175 144 179 152 138 138 157 165 155 132 136 164 138 141 153 150 156 147 156 165 116 108 134 163 169 140 142 154 154 143 157 184 147 135 144 184 142 184 155 153 144 137 138 180 124 110 175 168 121 136 170 181 178 131 143 149 129 140 132 117 119 143 157 172 156 135 123 153 161 164 168 174 130 140 151 180 173 180 163 152 122 164 156 149 152 126 143 192 136 168 154 157 156 136 164 124 178 142 148 167 173 155 154 133 118 158 181 175 171 160 118 152 0
0 155 184 131 138 136 161 173 172 170 185 180 164 163 148 175 146 162 173 177 164 191 146 136 177 173 144 147 176 180 188 164 142 140 143 130 149 178 135 183 153 157 155 166 152 141 170 132 165 148 148 188 179 166 173 144 146 144 189 167 188 146 141 160 145 142 175 158 165 153 165 178 135 140 125 169 146 151 147 157 157 170 164 186 135 132 154 185 142 178 186 148 169 128 133 171 148 145 173 178 125 141 181 165 185 144 140 155 138 175 150 129 146 159 185 177 170 139 139 134 157 188 174 177 145 134 160 185 196 193 191 166 135 184 152 144 156 119 163 189 122 183 135 164 147 147 181 148 186 164 140 188 189 171 131 135 135 156 170 159 164 162 138 167 0
0 177 139 137 113 142 129 151 163 160 164 168 123 149 160 155 153 138 165 157 182 155 116 166 159 135 130 146 175 176 155 135 128 127 131 135 151 131 155 134 135 161 155 144 148 146 145 161 134 132 176 157 174 156 145 115 132 176 149 149 123 110 145 119 140 150 157 161 145 138 171 119 124 146 150 152 147 142 149 165 142 146 155 129 131 133 172 135 148 161 142 132 141 134 179 115 121 137 156 110 130 163 160 164 141 141 128 114 130 142 124 131 156 161 165 165 119 112 133 151 172 138 155 125 128 143 170 163 166 162 153 128 145 146 146 138 131 135 164 115 148 129 141 147 132 183 130 154 146 136 174 155 140 140 117 117 158 158 159 171 154 128 135 0
0 129 127 126 162 157 146 165 185 169 172 127 163 183 149 142 142 173 181 176 150 139 178 183 154 129 168 163 175 153 133 128 144 119 160 162 137 161 146 155 157 156 126 139 168 142 153 126 150 173 171 171 187 143 125 142 165 184 166 145 123 163 142 141 185 142 156 149 160 168 134 123 133 147 143 132 140 164 147 148 155 174 131 117 136 171 137 169 161 151 162 125 115 171 126 134 151 182 139 145 173 155 192 129 151 149 136 150 156 132 131 153 179 150 152 139 138 143 173 179 164 160 122 129 169 173 172 162 165 152 140 166 155 137 161 123 150 165 125 177 128 144 145 135 160 123 157 150 146 168 179 156 142 125 112 154 158 186 181 140 116 174 0
0 129 130 201 182 164 167 191 190 166 154 179 205 159 188 159 184 190 196 181 149 193 188 151 145 211 197 214 168 136 158 151 131 168 163 143 205 160 187 194 159 156 147 163 145 178 143 161 199 180 184 190 151 147 170 186 174 177 128 141 167 165 146 180 165 164 197 167 203 150 145 172 190 181 158 167 150 168 150 175 189 141 142 166 161 176 194 217 175 168 137 135 190 137 122 189 186 150 156 180 183 184 134 158 171 129 178 152 163 141 185 193 178 180 160 145 157 175 196 181 175 142 129 170 191 179 190 179 171 159 187 166 143 200 145 144 209 156 192 161 156 159 158 211 143 200 155 156 184 202 178 166 152 140 163 198 195 199 151 140 185 0
0 113 139 142 137 134 130 171 132 129 143 155 125 126 122 152 142 164 130 113 142 153 108 114 163 156 159 139 118 107 117 109 112 143 107 149 127 142 137 132 107 132 144 121 136 114 122 140 172 154 142 132 113 116 146 167 157 115 117 148 119 129 143 135 132 147 147 142 111 103 109 129 130 114 113 131 135 130 139 164 108 120 104 152 130 140 164 138 120 119 112 163 98 119 145 161 109 107 146 147 154 106 134 129 119 127 135 122 94 115 161 128 136 123 112 114 142 152 131 125 125 103 136 170 137 135 131 122 118 129 132 124 137 112 116 140 106 130 138 123 126 128 141 118 146 125 121 136 153 139 135 121 105 124 131 136 144 139 105 144 0
0 144 138 143 143 146 147 135 114 147 147 130 139 122 148 147 167 127 107 141 124 135 115 148 163 144 130 112 116 108 102 139 147 111 145 135 134 141 122 130 121 145 127 129 103 121 142 162 146 138 141 116 117 149 154 143 114 118 151 111 119 154 148 140 125 124 127 108 98 113 146 134 119 128 140 139 136 127 159 111 120 117 154 120 143 146 122 119 101 105 141 117 109 130 150 110 111 139 153 132 110 124 143 103 126 106 110 112 127 146 151 134 123 116 125 132 144 145 149 109 112 137 149 143 156 145 141 118 137 137 125 150 117 116 169 109 137 130 110 121 130 135 120 143 124 127 152 149 140 116 110 109 141 130 147 162 133 109 156 0
0 107 126 135 140 147 129 118 129 149 128 136 119 134 129 140 123 104 145 146 116 102 133 132 156 126 119 98 103 102 107 145 107 150 114 128 127 126 112 119 140 103 132 110 104 143 151 147 144 121 103 122 143 143 130 96 109 131 104 113 134 118 128 114 112 126 106 87 109 143 130 134 115 122 125 119 133 139 104 115 109 149 112 130 137 122 120 95 101 149 95 91 148 151 107 120 148 149 145 97 110 112 108 119 98 96 105 107 133 129 125 98 110 112 124 143 132 133 102 105 110 149 145 134 131 124 108 126 131 106 138 106 120 134 100 136 112 108 116 120 147 103 140 109 103 146 140 134 121 103 93 105 141 140 121 126 90 117 0
0 178 165 158 165 181 137 161 170 150 163 163 169 186 173 166 131 166 180 139 131 161 188 189 154 133 118 137 119 164 182 129 180 147 162 149 168 146 139 160 156 153 135 154 168 173 173 181 140 129 144 173 187 170 147 126 152 139 146 162 154 170 159 160 170 136 137 146 156 172 171 145 165 161 169 161 177 148 127 138 191 157 182 180 162 164 148 135 172 128 119 183 197 145 132 173 193 184 121 153 136 111 165 147 132 115 133 175 170 158 153 137 152 153 176 154 161 144 147 188 169 175 171 175 170 144 193 150 139 180 128 147 182 139 162 165 154 139 165 168 148 181 153 158 172 189 155 141 131 117 166 197 183 156 146 121 151 0
0 157 164 182 137 126 157 158 140 149 152 142 183 163 136 110 158 141 141 124 156 164 159 158 125 134 125 115 153 145 113 171 152 134 171 136 133 131 165 151 136 113 132 161 183 163 151 141 120 139 180 152 158 131 114 148 126 144 161 139 135 147 139 140 135 125 136 164 145 132 132 153 161 155 152 172 132 123 129 167 133 156 176 150 154 125 131 160 108 122 164 168 119 146 149 161 175 119 135 139 110 144 126 127 122 144 152 160 164 115 125 133 140 184 147 158 132 118 141 169 151 167 156 130 132 171 130 139 155 115 145 183 139 164 144 138 141 133 168 130 148 133 137 153 155 147 133 127 124 137 166 170 168 128 113 148 0
0 173 185 156 136 152 166 164 170 151 163 165 189 156 134 161 184 129 127 198 166 193 152 129 134 142 126 153 187 126 173 153 140 167 151 133 135 158 147 157 121 145 174 198 178 169 161 136 143 172 195 161 122 118 159 136 153 164 154 172 153 154 165 133 117 131 175 163 153 140 157 144 159 174 174 129 138 143 178 145 148 197 152 176 130 133 168 128 139 161 182 129 123 155 198 165 139 155 148 140 169 127 128 132 145 157 172 177 139 124 152 165 202 171 167 133 126 158 181 180 149 177 163 147 185 154 145 169 129 140 181 121 179 152 139 139 139 182 138 171 141 150 168 182 152 130 121 129 142 188 191 173 149 121 164 0
0 180 170 145 165 173 157 178 171 183 157 178 160 135 183 168 162 121 193 188 194 162 135 137 133 132 154 187 126 176 158 149 151 167 144 154 172 162 146 124 151 181 182 154 178 150 136 171 173 204 180 135 115 172 156 151 162 147 158 173 183 149 141 132 159 164 175 161 154 168 166 177 163 183 140 143 139 166 152 174 186 144 150 154 131 196 121 133 177 200 139 133 169 175 171 134 151 170 144 169 148 124 124 152 174 184 171 128 145 132 178 191 160 191 143 132 165 177 177 193 186 149 135 188 158 148 161 134 151 177 139 154 150 149 163 172 174 127 161 149 171 179 188 160 156 150 142 165 192 180 187 165 143 183 0
0 188 164 152 179 154 165 153 173 180 193 166 131 183 195 151 135 178 202 182 195 143 144 155 145 158 196 147 161 171 194 206 181 152 143 184 167 168 152 153 184 205 211 190 161 145 140 167 181 188 141 132 162 153 158 179 169 186 180 162 169 139 152 142 185 159 155 178 156 176 168 154 195 160 146 145 195 145 164 192 179 190 161 149 213 142 141 181 204 140 161 201 196 184 141 160 178 139 151 152 149 149 173 198 201 164 143 133 152 156 165 175 196 149 154 161 196 172 160 186 183 141 190 152 155 163 130 160 210 146 174 143 150 157 153 172 147 183 146 177 188 210 181 164 134 146 169 177 203 187 163 138 185 0
0 157 192 182 177 167 149 212 189 183 174 131 185 186 154 147 196 183 195 172 138 144 154 162 151 180 162 199 167 179 205 187 135 174 177 166 161 139 160 181 192 201 183 182 145 159 209 202 168 135 133 167 167 156 209 186 173 159 161 203 137 143 176 173 162 180 169 154 188 160 180 196 141 137 135 207 167 201 181 163 158 150 147 211 138 150 176 211 149 155 183 196 181 140 174 152 136 179 155 153 143 170 177 182 169 159 143 148 186 198 170 195 130 136 180 190 195 208 176 182 145 174 164 171 192 138 173 202 147 193 163 136 172 160 188 147 175 160 167 166 201 180 166 160 125 163 188 192 179 181 140 187 0
0 171 183 152 169 150 174 171 172 145 134 169 162 157 130 161 184 176 175 130 129 141 126 140 175 120 151 155 173 179 148 142 161 161 131 153 140 157 185 163 174 166 147 130 160 177 180 163 125 125 169 141 131 191 149 149 170 157 151 125 135 130 166 178 166 149 171 149 153 150 185 144 131 123 168 146 183 194 173 158 138 129 185 114 133 154 185 137 146 178 158 199 119 153 168 127 154 126 148 129 163 180 173 172 125 122 137 162 177 154 167 130 118 152 184 173 172 178 158 132 175 130 137 185 137 137 192 122 156 133 152 171 168 179 142 186 158 134 172 174 173 152 147 133 138 181 176 162 162 138 149 0
0 167 138 160 118 140 148 158 130 116 149 139 129 129 159 146 152 124 106 126 128 128 143 156 119 152 137 143 147 125 116 129 145 114 131 119 137 163 151 142 141 134 124 133 160 143 159 109 126 152 126 132 155 126 140 140 139 139 114 111 111 131 146 132 120 134 139 125 130 170 132 108 119 134 128 156 158 147 140 116 104 163 102 112 137 154 112 127 165 159 154 105 122 123 121 145 125 119 120 135 169 164 130 117 125 123 131 154 145 156 112 118 140 143 168 143 141 144 120 145 143 128 151 121 123 153 118 150 144 121 141 138 158 113 159 136 131 148 146 141 136 109 106 149 148 140 157 128 112 159 0
0 159 185 144 163 187 187 157 147 169 168 148 121 182 178 186 179 152 132 125 129 135 184 132 156 150 156 164 169 130 140 179 143 159 136 137 161 171 150 170 139 131 141 163 180 170 129 136 158 134 158 165 147 158 161 152 149 140 142 134 185 167 133 142 156 156 137 149 185 132 128 118 179 132 193 196 139 151 146 134 195 135 137 170 183 119 133 166 170 186 139 148 145 127 164 145 145 121 158 178 172 145 146 137 156 149 172 159 173 139 144 169 159 174 158 152 144 131 183 139 145 149 119 156 182 147 173 142 150 150 155 192 149 181 146 132 167 170 165 152 120 134 159 161 166 190 155 114 161 0
0 176 152 182 171 196 154 139 195 177 154 130 207 185 197 157 149 156 160 140 151 199 131 186 173 179 186 148 164 179 198 158 186 138 153 198 182 173 190 171 156 153 201 192 187 129 118 187 155 151 193 167 188 150 164 179 150 137 151 188 163 187 164 185 157 164 167 174 144 133 149 181 171 197 194 164 174 146 146 193 150 143 181 180 127 155 175 181 171 149 179 159 137 172 160 140 148 175 186 183 160 131 141 139 167 201 169 190 156 148 188 174 163 181 192 171 140 191 163 147 156 133 168 176 148 202 159 165 186 157 194 153 172 172 175 169 173 176 138 128 128 166 201 202 204 158 152 185 0
0 133 157 165 169 141 118 164 160 132 138 170 185 168 139 137 118 151 120 150 158 124 160 166 158 162 147 141 152 162 132 163 126 157 179 178 158 167 139 122 144 172 168 176 121 125 161 140 126 151 138 140 161 143 160 128 131 131 163 148 148 146 139 145 148 147 179 125 129 133 178 138 169 166 164 138 139 135 156 115 120 154 188 123 128 166 178 161 112 151 150 122 153 120 134 138 130 153 175 149 134 118 125 154 185 174 172 111 118 151 165 165 149 167 151 132 178 161 131 142 119 141 165 124 151 159 132 165 133 166 144 168 132 133 162 160 152 146 118 132 157 164 159 180 162 127 165 0
0 174 188 188 159 138 159 151 144 146 187 176 190 173 142 139 130 119 147 165 113 168 158 161 167 162 132 146 162 160 175 121 147 194 178 152 181 150 125 138 187 177 163 118 124 166 144 139 191 162 153 162 171 162 137 129 135 169 156 157 139 136 143 149 172 162 129 135 131 178 149 158 177 168 149 124 142 169 135 133 185 176 119 137 174 158 173 117 138 139 126 180 145 144 122 136 170 167 163 129 141 132 158 179 158 158 144 127 157 170 171 184 168 170 136 176 152 155 179 122 145 183 131 167 131 149 152 143 168 129 155 157 149 185 174 153 162 119 128 154 182 182 162 153 120 181 0
0 146 168 156 115 159 164 130 115 163 147 173 161 123 128 125 118 122 164 102 143 144 155 140 146 141 134 147 132 146 104 134 148 157 143 155 141 109 139 157 180 163 111 106 152 133 129 142 153 151 137 134 131 121 121 126 142 142 159 120 143 137 141 130 173 118 104 114 155 126 150 159 129 164 127 129 161 129 114 150 168 117 137 154 169 160 119 133 144 111 128 138 123 116 135 137 153 147 125 127 130 158 180 139 140 111 119 158 162 165 150 165 153 115 172 141 139 162 128 131 146 107 154 135 116 153 116 152 124 173 154 133 176 158 162 121 110 119 139 154 160 174 128 128 158 0
0 200 166 141 179 187 153 156 203 168 192 170 138 146 165 155 153 189 143 164 161 155 165 172 148 142 162 149 174 124 131 176 202 186 190 148 128 139 179 177 163 148 130 191 151 151 159 162 167 150 165 154 126 127 137 177 175 160 171 150 162 172 160 169 137 137 138 176 138 188 201 160 166 162 138 195 125 136 195 169 141 142 191 180 195 138 162 174 122 177 143 158 141 164 167 178 162 138 147 154 179 189 170 157 130 140 183 194 181 173 166 158 148 183 178 159 171 135 171 185 150 176 154 139 158 147 180 140 163 144 174 178 177 162 155 146 132 182 189 188 208 168 139 177 0
0 165 153 165 196 142 133 163 211 184 180 151 145 147 149 162 179 138 188 150 177 176 167 158 170 184 144 175 140 150 189 180 158 208 160 138 161 189 182 164 158 144 179 151 163 184 153 167 158 182 190 146 126 144 203 186 155 147 152 170 173 182 183 150 132 164 181 152 189 177 149 169 149 136 185 138 134 160 195 135 161 185 185 196 148 162 174 129 176 167 161 135 166 181 174 185 150 153 158 158 190 178 173 140 137 168 199 190 196 188 194 128 205 170 142 176 145 152 182 134 177 171 172 179 155 181 139 202 160 166 192 184 180 137 124 138 158 191 178 173 158 131 168 0
0 143 193 163 158 145 179 189 185 167 151 133 164 146 174 190 137 205 190 179 178 157 140 153 183 139 155 158 160 195 209 196 179 183 155 173 193 212 182 146 134 173 151 163 179 158 156 182 172 195 134 143 170 167 195 179 168 172 165 157 173 181 149 149 141 190 158 198 172 154 192 158 168 195 147 145 178 202 162 147 191 205 209 153 160 170 131 167 141 149 127 173 190 164 174 152 149 156 162 205 162 190 129 156 164 196 182 195 184 181 133 192 161 173 168 152 169 189 155 190 152 156 157 149 195 135 198 174 175 208 183 158 154 134 133 176 179 201 169 176 147 171 0
0 167 178 135 132 165 156 176 162 124 129 140 111 123 167 130 150 156 160 160 158 133 133 153 132 158 122 127 161 180 170 179 164 133 140 174 160 160 122 115 140 135 129 176 150 155 165 163 151 138 122 138 168 161 123 138 138 148 155 156 164 128 130 135 165 136 171 165 138 154 128 146 158 125 129 151 175 135 136 163 174 157 130 152 141 107 150 146 123 125 157 157 154 151 133 131 136 156 152 174 173 119 126 150 156 172 160 159 145 119 165 149 152 152 126 155 181 131 141 145 142 148 134 151 118 181 144 146 157 149 154 152 116 114 147 148 186 158 128 111 157 0
0 130 125 102 139 150 145 132 99 107 107 103 124 136 102 139 125 113 129 135 119 128 145 120 137 115 114 130 132 131 134 127 108 125 127 149 138 108 94 121 111 116 146 118 114 133 120 130 106 96 110 122 127 120 113 109 124 128 128 128 109 93 110 144 101 148 140 117 132 99 111 137 108 116 145 151 106 119 133 146 145 103 127 122 105 119 108 104 111 126 148 136 131 109 103 115 130 160 141 132 106 106 119 139 134 126 137 129 112 140 118 119 134 102 115 147 99 130 118 112 119 103 151 108 143 109 125 144 144 125 121 103 112 140 138 145 143 116 101 138 0
0 154 127 162 196 181 181 127 139 144 130 142 188 137 174 173 162 188 170 152 138 177 172 153 128 136 183 165 194 168 164 148 144 178 199 168 138 139 162 154 153 195 173 152 178 157 182 145 121 162 183 163 156 166 164 171 164 168 189 143 128 164 201 162 189 169 174 169 145 131 179 123 136 172 171 136 163 189 197 194 143 164 141 137 185 135 142 122 136 175 172 180 150 132 153 184 186 160 162 131 127 169 183 184 155 181 190 145 181 177 153 153 139 153 199 142 171 169 165 171 161 200 147 178 168 144 182 203 168 162 148 140 172 187 167 186 175 141 173 0
0 143 167 203 184 175 137 145 142 134 138 161 126 186 149 177 151 173 149 149 179 141 151 123 159 199 171 187 167 157 135 137 188 193 180 149 151 155 159 138 169 161 153 163 156 176 135 123 141 177 149 167 151 156 165 143 158 169 133 141 146 163 148 190 212 159 181 149 149 190 131 133 184 168 121 142 167 179 197 133 161 153 143 165 166 136 132 169 182 169 167 139 130 138 155 194 177 165 145 150 168 177 181 190 182 172 145 195 144 141 165 132 157 194 140 168 149 152 162 169 185 134 181 151 163 166 166 164 147 137 141 174 181 180 181 161 135 170 0
0 144 158 157 138 112 118 132 124 136 159 102 154 142 141 148 136 118 137 153 138 146 120 126 165 171 162 139 126 123 132 155 159 139 110 113 164 132 132 144 124 143 151 147 159 123 111 124 152 150 141 133 134 133 152 144 140 113 111 122 149 132 151 162 151 141 129 122 145 121 108 149 170 117 119 160 158 169 124 133 139 127 154 125 116 107 136 141 144 145 132 126 113 145 144 139 161 126 120 143 151 155 156 147 148 114 168 134 121 152 100 121 165 121 139 116 120 152 136 160 124 172 128 135 168 159 140 131 102 112 128 177 175 149 143 111 142 0
0 142 147 142 105 117 107 100 121 139 111 132 111 131 147 130 115 115 137 118 112 99 104 153 150 132 137 137 98 131 135 160 145 113 101 132 112 116 129 119 129 129 120 119 94 114 112 126 132 125 121 126 125 130 126 141 115 112 116 145 107 129 132 138 122 112 115 142 104 104 132 159 107 107 124 144 133 118 116 125 101 128 108 106 92 123 124 138 119 110 108 103 136 150 137 135 113 113 145 145 152 127 145 137 119 138 127 116 139 107 119 153 99 125 111 121 122 115 148 111 145 109 126 136 155 122 121 105 108 120 128 146 146 126 102 121 0
0 184 184 139 148 140 136 162 177 123 171 187 159 184 166 145 147 187 157 155 138 157 181 195 175 163 163 136 146 197 199 178 146 126 177 141 143 183 168 158 168 185 160 146 129 150 165 177 176 156 156 146 150 176 184 138 128 148 185 150 183 195 178 167 141 141 189 142 151 171 198 133 141 163 197 176 145 148 173 137 172 156 159 139 165 158 166 179 142 141 143 173 205 176 187 131 146 180 177 183 199 183 183 144 194 154 157 185 138 174 178 143 165 144 142 157 162 176 157 195 170 167 176 184 173 152 145 138 164 188 185 202 164 131 170 0
0 178 160 157 149 158 161 179 152 181 157 167 192 159 170 176 165 162 184 141 159 213 191 176 198 154 132 177 201 169 170 134 138 176 169 161 198 173 168 190 155 194 140 127 156 197 165 178 150 152 162 162 184 200 148 138 138 203 166 189 211 156 157 133 149 180 119 139 179 197 142 152 173 180 182 134 168 166 155 160 159 152 143 159 194 174 189 138 149 155 163 215 190 189 144 156 163 188 200 169 168 179 153 186 159 150 175 140 143 186 142 187 151 167 174 177 185 160 165 169 157 193 196 171 167 148 123 180 209 169 210 152 123 191 0
0 154 145 152 155 169 193 130 189 168 182 171 169 151 153 182 150 163 149 157 201 199 190 197 183 158 169 202 205 185 139 147 196 162 156 198 150 175 183 189 175 131 141 160 171 175 186 166 146 192 176 191 210 159 134 150 212 154 193 189 174 185 137 151 198 138 144 185 190 136 158 189 185 192 144 184 161 132 160 153 151 136 158 182 188 158 157 140 157 167 198 179 174 130 159 187 211 185 204 201 199 151 180 158 164 199 152 165 210 140 180 146 155 155 164 172 164 194 162 168 180 199 160 150 150 144 173 190 190 216 180 153 172 0
0 148 138 125 155 165 129 186 164 148 182 156 140 167 166 141 160 130 146 180 185 169 174 159 124 155 169 176 171 135 126 163 133 136 159 153 140 155 167 151 131 143 131 188 175 132 140 174 164 158 142 182 134 130 143 174 143 162 166 150 148 134 141 165 123 132 156 178 135 132 162 178 162 152 167 140 111 173 132 137 129 152 174 178 160 144 148 148 146 177 181 157 125 147 149 188 158 167 167 164 134 183 156 140 154 111 152 188 136 176 164 141 153 149 190 142 149 168 161 168 181 173 148 136 122 149 170 172 163 168 130 182 0
0 119 107 112 127 100 150 120 146 144 131 129 124 141 125 126 105 125 158 149 138 135 131 118 119 157 151 141 99 112 154 127 120 135 137 141 142 149 150 109 108 113 141 127 123 121 141 146 124 125 152 121 98 119 144 133 161 160 140 142 104 116 155 114 105 140 152 124 112 149 161 157 98 122 139 112 138 130 113 120 120 134 139 150 105 106 125 135 143 137 132 112 106 134 146 138 141 141 140 128 155 127 122 139 102 115 137 118 138 113 129 145 112 149 117 153 136 119 147 165 131 139 110 120 125 142 135 166 125 111 158 0
0 101 127 142 113 145 118 138 156 126 126 129 158 128 129 113 121 157 142 144 130 134 119 124 146 142 141 103 110 145 116 117 146 136 125 131 128 148 111 111 111 158 138 119 125 118 133 121 125 147 116 111 117 144 124 125 157 126 136 116 111 152 95 101 131 140 98 115 159 135 162 119 124 127 111 125 116 109 108 124 150 125 134 102 115 113 129 132 144 145 107 116 131 150 143 151 157 136 107 153 134 120 127 114 123 138 114 160 123 102 117 129 138 116 134 133 120 144 137 124 126 109 106 130 160 161 138 120 104 159 0
0 120 156 115 145 140 127 148 149 118 126 141 136 148 108 123 166 147 142 157 129 116 121 148 162 143 112 118 136 124 123 164 132 140 130 145 136 120 122 134 131 133 125 123 130 145 145 136 144 121 111 119 141 121 138 168 144 134 114 112 145 98 114 139 146 110 128 139 144 154 109 126 122 116 142 123 116 99 131 140 144 141 126 99 125 131 161 142 134 119 115 141 163 152 139 154 144 117 155 128 132 135 122 141 154 110 132 113 110 142 126 157 116 146 124 139 143 156 140 127 122 112 123 160 130 151 127 118 145 0
0 134 93 146 128 129 125 122 122 124 126 121 116 114 121 134 135 145 129 128 106 114 131 134 137 118 102 135 109 118 143 113 127 131 116 131 94 99 116 132 114 130 111 111 123 132 126 136 98 101 108 130 129 127 153 140 126 120 100 141 91 104 140 145 110 108 139 154 136 109 119 122 96 138 118 105 104 133 156 143 126 122 106 105 132 138 140 143 105 104 126 140 143 140 125 122 99 132 131 119 142 98 113 153 98 138 128 114 127 124 150 110 141 124 113 130 134 134 130 93 106 121 158 138 143 120 99 138 0
0 125 156 142 142 176 141 123 135 142 130 163 117 139 168 161 150 168 149 120 129 138 140 150 121 114 157 125 128 142 151 150 134 141 160 132 128 127 150 155 137 135 125 133 145 142 170 118 117 131 168 134 170 173 144 138 134 110 161 117 107 156 152 126 125 164 166 162 129 131 137 122 153 133 132 111 141 174 150 145 132 121 124 157 156 150 143 122 113 151 176 170 160 145 163 139 160 133 137 154 104 152 145 131 161 127 129 138 134 175 123 167 127 151 150 182 147 133 120 112 126 149 153 163 140 119 165 0
0 198 158 164 193 168 150 164 183 169 184 138 140 184 175 175 186 146 141 143 174 191 181 141 134 175 153 154 191 151 169 188 169 164 144 151 154 160 178 156 143 161 165 169 183 174 148 127 128 189 156 173 209 161 180 131 161 177 128 143 185 173 143 170 174 169 195 144 155 152 123 161 144 151 133 168 178 166 188 148 134 155 166 193 174 184 127 129 183 195 185 169 184 179 133 190 160 161 168 118 169 172 142 163 152 155 157 160 174 146 177 160 156 180 205 178 157 154 143 171 183 206 174 167 134 179 0
0 124 125 132 131 102 116 123 119 115 93 119 141 136 134 155 125 100 125 135 148 113 109 94 134 116 124 139 140 129 129 113 134 100 99 109 139 139 114 106 110 122 122 115 136 106 113 114 133 112 134 131 133 120 112 105 157 110 92 132 143 101 96 131 134 155 104 119 128 90 121 105 101 109 120 137 135 120 109 120 126 129 127 126 140 104 97 122 139 138 130 132 136 100 134 112 113 142 95 120 140 107 131 120 118 116 119 161 112 129 124 113 132 131 140 115 112 111 111 147 133 130 119 92 125 0
0 172 180 186 144 135 178 158 151 130 149 182 200 186 183 179 146 153 182 198 176 152 129 173 156 168 197 176 155 161 165 171 130 127 167 168 189 166 151 175 162 171 162 183 137 141 138 182 143 180 187 163 179 146 132 187 132 123 162 188 135 134 199 184 189 137 150 161 144 165 148 153 137 150 185 202 171 134 143 145 167 191 180 201 154 142 167 197 186 194 196 160 141 193 172 149 184 151 168 191 151 191 163 138 154 173 197 142 165 158 163 172 194 154 140 139 144 154 173 168 182 158 134 154 0
0 174 161 138 143 145 150 139 126 128 173 169 161 156 148 137 145 182 157 160 137 121 145 144 132 159 151 146 154 164 156 131 141 142 156 138 142 157 141 151 145 142 171 142 136 134 174 131 150 167 151 158 125 142 182 134 134 176 186 129 134 162 169 180 139 145 145 133 144 139 129 123 138 168 158 155 126 120 143 158 168 143 171 132 140 150 187 150 178 158 142 139 181 140 158 146 129 143 184 129 170 146 156 132 140 183 134 162 160 149 177 187 168 131 129 135 156 173 159 177 167 129 170 0
0 132 133 147 151 155 141 120 126 180 162 149 169 134 136 159 168 170 154 127 118 146 133 121 169 153 160 159 160 180 122 131 140 171 156 160 143 149 145 138 161 156 132 136 139 156 145 156 188 162 151 139 133 158 125 120 168 157 123 123 165 160 175 136 147 142 122 150 132 140 119 138 180 163 147 126 122 139 176 158 147 184 125 124 155 169 175 173 153 168 142 192 146 144 181 119 160 173 118 174 137 153 145 148 167 141 165 145 149 176 183 139 131 138 130 150 176 179 183 156 138 155 0
0 161 163 183 165 180 151 160 212 188 175 185 175 128 156 171 195 180 130 122 183 140 160 153 156 173 162 161 161 137 130 153 155 165 157 152 165 182 167 170 175 124 131 161 164 145 175 197 142 140 128 144 178 139 135 172 184 134 151 180 179 199 138 153 149 150 162 164 126 141 159 176 178 152 151 148 138 170 165 151 158 148 137 161 168 158 184 173 160 136 162 159 163 166 124 156 176 131 155 157 141 158 165 187 159 171 168 133 180 197 156 165 150 126 153 181 181 172 166 128 176 0
0 145 159 150 160 116 152 172 179 178 176 151 132 134 166 158 158 138 115 140 134 139 157 160 155 161 157 156 136 123 128 170 146 142 128 151 131 133 158 173 121 126 123 159 130 144 186 158 143 138 115 153 121 131 162 161 124 132 168 180 176 135 142 145 129 146 144 129 114 137 175 174 152 136 133 141 140 150 135 162 117 126 158 182 172 162 167 139 129 171 145 139 152 113 136 180 116 165 139 127 159 137 191 132 183 131 126 175 171 161 142 127 132 141 150 171 171 147 125 159 0
0 151 114 131 116 132 174 152 159 146 125 117 108 150 152 137 114 116 141 126 117 160 121 140 140 150 127 119 101 111 150 152 122 131 134 137 141 138 167 123 102 123 142 124 138 137 119 121 128 100 157 104 118 134 144 106 128 151 164 154 115 138 122 99 145 118 124 104 132 139 141 129 116 130 126 134 160 151 164 106 121 141 139 150 154 144 141 113 155 136 120 153 109 134 143 111 129 118 121 114 130 171 119 161 123 125 142 160 143 112 113 109 136 147 134 143 143 117 133 0
0 140 152 111 131 174 149 173 156 141 129 134 162 163 156 128 128 162 134 132 156 138 143 160 133 156 132 120 134 152 138 152 135 143 138 145 124 157 128 122 135 154 134 151 172 157 145 129 110 150 118 120 165 181 119 112 166 184 151 126 134 136 116 155 117 123 123 137 159 141 144 126 122 138 136 179 148 161 114 110 140 151 175 146 154 146 122 147 134 122 149 123 136 157 123 154 135 147 134 137 152 112 169 136 121 164 173 155 132 125 134 132 177 161 171 152 111 154 0
0 162 131 161 182 181 186 168 155 121 155 162 185 183 132 131 182 148 140 170 155 153 182 155 169 139 139 128 174 174 162 167 163 169 144 179 178 131 128 134 159 148 158 194 174 173 152 131 189 134 136 171 192 130 153 172 195 179 136 149 156 122 143 144 132 141 156 188 156 169 142 145 143 171 200 171 156 152 132 151 171 183 168 182 164 141 180 148 138 161 135 139 179 146 154 154 129 163 135 184 142 178 142 158 179 185 166 137 131 134 164 199 171 160 157 134 154 0
0 115 121 160 159 152 150 121 112 124 146 151 148 118 107 150 119 134 155 141 142 136 132 144 116 119 114 139 151 136 132 121 152 139 142 150 127 109 109 146 130 143 160 130 136 121 124 157 119 121 142 160 123 132 144 148 148 124 130 139 115 147 138 121 110 141 169 136 139 117 116 124 128 179 136 165 108 110 130 152 150 155 151 129 118 146 128 121 139 127 141 165 123 161 131 121 120 136 155 121 140 136 142 169 142 135 128 120 113 145 151 145 146 139 110 165 0
0 143 149 178 170 167 169 137 136 169 178 157 130 114 164 131 146 149 153 149 158 154 164 137 125 153 163 160 160 142 147 136 138 154 170 139 109 127 159 138 154 172 149 160 129 137 190 125 111 176 172 131 130 175 162 174 134 125 151 125 150 138 130 111 147 185 166 165 126 131 145 151 168 161 173 130 142 176 169 171 173 174 176 138 154 150 158 162 133 132 172 136 159 140 121 156 136 192 134 149 143 145 177 158 161 129 121 123 153 188 164 170 153 123 145 0
0 156 133 116 133 112 100 111 137 145 131 113 98 124 100 127 135 133 111 136 118 133 97 93 106 135 120 122 119 127 117 132 109 131 111 108 118 122 111 131 147 124 122 118 108 142 106 105 135 145 104 120 136 140 130 105 110 119 98 138 123 107 93 113 135 135 130 113 119 110 130 150 128 142 105 101 124 137 123 137 131 130 103 129 126 125 125 100 108 135 100 125 107 107 117 109 152 107 138 111 119 139 146 116 112 97 105 119 133 130 152 124 103 137 0
0 160 151 156 130 113 126 163 162 146 122 120 147 135 128 147 138 155 143 138 140 108 122 139 151 153 130 138 127 135 137 138 158 109 119 123 150 124 157 150 130 133 135 117 147 107 114 162 158 110 138 152 136 149 114 126 132 117 143 125 112 113 142 140 135 155 114 126 119 139 171 150 157 112 117 160 149 152 160 132 147 126 167 144 120 146 114 134 139 121 144 144 126 149 131 159 110 166 134 132 152 160 132 128 115 120 142 175 157 155 141 99 152 0
0 202 208 166 148 160 195 207 164 136 144 199 132 170 198 152 167 173 178 177 153 146 150 203 160 160 167 169 148 165 176 195 156 144 168 200 153 183 192 160 156 152 136 169 120 143 178 202 151 159 165 183 176 144 170 157 131 175 163 158 140 171 203 199 193 148 147 153 172 184 162 193 150 161 189 195 174 188 168 167 170 181 174 158 184 132 164 208 151 164 159 158 177 176 171 163 188 162 165 175 206 175 168 128 129 176 190 175 179 188 149 175 0
0 186 183 155 164 175 187 184 146 146 191 156 165 190 168 176 186 170 194 141 144 150 164 191 179 168 161 182 169 150 210 154 146 131 192 157 200 179 157 171 146 159 185 136 136 166 207 128 137 167 212 203 152 153 176 136 181 145 155 139 161 185 183 171 166 167 140 182 188 186 169 139 129 190 206 172 181 197 190 160 191 165 147 192 131 167 190 163 182 169 134 171 145 213 149 196 160 174 171 196 153 157 160 151 171 197 185 211 165 142 177 0
0 152 136 160 180 192 153 134 138 164 146 153 167 168 171 155 147 167 129 121 149 167 164 162 143 170 150 147 164 160 142 137 143 163 144 173 172 165 162 140 142 185 133 131 173 170 133 143 175 184 190 130 158 160 137 157 149 147 143 140 185 173 173 144 139 151 165 168 164 200 141 126 161 195 203 182 165 157 148 181 169 148 164 129 165 200 144 163 145 142 167 143 210 127 180 149 154 167 180 182 174 128 135 175 181 188 175 168 142 176 0
0 159 157 185 186 192 134 138 182 136 167 194 149 164 163 148 175 148 127 153 173 167 158 159 172 169 185 164 178 140 131 141 193 143 185 178 170 185 141 135 183 142 128 182 167 135 146 192 169 181 136 152 155 145 190 145 131 132 166 182 167 163 134 129 150 173 190 179 185 137 137 166 175 195 167 186 164 144 169 138 165 166 130 153 188 156 155 145 148 167 136 179 140 194 146 144 185 187 164 140 132 150 171 164 195 203 153 130 167 0
0 143 155 170 161 123 117 173 135 141 153 142 156 131 141 137 131 108 130 157 160 155 137 153 139 148 157 146 139 127 130 182 129 170 167 161 147 116 124 148 125 124 168 176 115 131 149 165 170 113 133 148 116 151 125 132 120 132 167 143 144 142 136 121 153 164 152 157 127 120 166 162 173 158 155 153 125 154 131 149 169 115 122 179 115 172 140 147 157 150 151 129 153 140 136 178 176 156 133 121 121 157 169 160 180 151 113 150 0
0 151 125 139 97 113 125 112 106 143 112 127 131 138 125 104 110 123 139 128 115 121 123 131 134 130 129 119 98 113 145 116 131 134 130 133 117 108 150 105 90 139 140 111 111 143 128 160 102 125 115 99 128 104 106 107 124 134 123 131 110 103 114 127 136 137 140 108 109 118 146 133 136 145 127 117 149 129 118 145 102 128 152 104 144 127 114 125 110 148 107 142 124 106 134 137 118 126 108 99 136 145 157 145 117 99 137 0
0 156 140 109 124 148 122 129 146 138 145 150 153 146 123 114 122 141 150 134 138 134 151 131 143 159 111 119 140 137 149 153 169 133 140 122 130 157 115 112 167 142 112 133 150 174 173 116 142 144 128 137 147 119 119 141 157 149 159 134 129 121 135 162 154 152 125 106 155 170 174 153 168 144 127 156 142 130 132 115 147 177 136 164 142 129 130 135 153 113 158 145 129 151 147 137 124 105 122 130 136 176 156 131 128 140 0
0 173 157 129 188 142 152 172 155 176 156 164 163 143 137 139 170 159 163 161 163 182 169 148 177 138 131 137 181 151 188 185 179 186 141 135 167 142 152 170 187 125 162 170 170 177 122 147 144 126 172 163 150 142 138 170 191 183 147 131 157 162 204 190 172 141 134 164 172 179 176 194 184 134 194 161 149 183 119 151 189 141 186 172 161 169 176 187 139 188 159 151 192 189 159 156 140 145 163 184 179 190 152 135 173 0
0 131 145 196 167 148 179 173 160 176 180 177 149 126 148 183 158 180 143 165 173 179 170 190 130 143 162 196 160 190 188 184 170 141 146 195 139 126 183 215 144 139 201 201 165 161 157 150 133 180 174 152 136 161 175 174 159 144 145 144 186 207 187 175 137 144 189 182 193 166 191 150 155 179 165 166 171 145 150 199 152 180 160 169 173 172 211 148 193 173 151 183 190 172 153 157 135 174 183 189 205 169 128 187 0
0 126 173 137 143 181 142 165 168 158 181 117 118 149 192 159 168 151 143 158 159 165 177 151 139 128 162 145 161 170 161 161 142 124 184 142 145 166 185 135 124 180 192 192 133 157 153 129 157 152 130 147 157 176 179 158 140 121 146 173 179 175 162 131 139 165 188 175 168 190 190 129 194 156 158 181 138 149 170 142 173 135 153 164 138 177 124 185 144 146 201 185 168 148 133 122 160 180 195 191 155 143 162 0
0 139 113 102 145 124 128 133 128 123 106 111 111 139 123 127 119 126 123 134 127 144 108 107 111 156 117 138 139 128 143 117 119 142 110 106 152 132 98 112 139 150 138 101 131 117 97 136 129 111 112 121 140 122 126 118 113 101 136 145 141 121 111 104 141 142 150 133 140 131 105 136 124 112 135 103 108 141 119 142 119 113 130 121 141 122 126 127 120 133 143 115 119 107 94 116 139 156 151 127 104 132 0
0 109 112 146 109 133 121 138 127 111 110 106 116 140 116 108 116 119 127 111 124 112 94 100 143 113 140 134 111 108 113 110 130 94 97 141 137 104 115 135 151 137 109 120 125 94 122 125 102 104 120 136 134 129 102 105 111 142 141 124 137 116 103 109 139 124 131 133 138 100 140 127 124 131 89 114 132 98 130 113 103 111 113 126 96 138 110 110 144 134 130 108 101 98 127 151 133 139 125 105 139 0
0 145 185 150 158 170 141 176 129 131 158 187 174 153 145 156 156 154 158 175 140 137 124 184 135 177 181 161 158 137 150 160 128 143 177 193 131 144 167 187 192 124 159 161 126 166 148 134 135 169 187 168 172 126 148 137 148 187 159 156 134 140 175 176 177 171 179 166 149 159 154 156 158 137 151 168 142 165 157 142 156 165 190 136 151 168 134 169 181 157 144 137 122 170 172 179 179 162 140 182 0
0 160 140 140 129 132 139 111 115 130 149 156 126 131 125 144 134 142 148 108 98 107 150 134 136 152 124 138 123 119 154 118 114 146 168 127 118 137 158 151 126 140 144 115 124 118 116 111 131 153 136 149 124 126 120 143 150 124 136 107 107 147 150 152 139 143 148 120 154 147 119 148 121 114 145 115 147 111 133 131 130 145 116 140 134 135 143 151 138 110 110 111 141 143 151 155 129 111 152 0
0 147 129 145 123 147 130 104 114 146 134 128 130 129 148 126 141 166 121 101 127 150 134 154 153 133 135 115 116 172 110 107 152 170 121 126 158 153 148 103 138 126 116 144 124 107 111 133 168 169 127 121 122 130 145 166 151 136 128 109 157 133 158 137 160 144 132 154 137 129 154 126 123 149 117 148 134 125 149 126 159 136 163 123 126 168 164 133 122 118 121 145 165 154 163 137 107 143 0
0 167 162 177 168 140 142 163 169 152 172 158 148 170 178 172 185 139 135 135 183 165 170 173 176 148 128 134 186 130 125 181 176 130 136 184 193 199 141 155 168 137 158 151 149 145 153 178 158 188 154 138 147 150 199 180 161 142 139 172 176 170 159 195 158 163 164 159 148 169 142 148 194 156 161 155 138 150 153 200 158 185 158 150 171 188 165 136 142 122 158 179 196 184 155 136 189 0
0 133 145 144 116 129 130 164 159 154 155 162 145 140 165 174 134 136 129 180 136 163 175 156 143 131 141 176 117 109 168 169 139 148 158 187 182 125 138 148 139 149 130 142 124 136 158 169 148 117 129 124 151 181 167 172 124 131 157 167 176 160 178 158 137 168 149 136 144 123 146 172 141 147 137 140 135 140 179 144 164 140 142 183 166 147 137 121 115 151 174 171 186 133 113 152 0
0 158 160 132 127 148 152 163 161 153 164 152 147 143 150 133 126 129 151 130 159 160 153 146 132 145 177 130 122 162 174 120 123 161 180 155 116 136 149 117 156 135 129 129 152 150 144 159 134 136 133 154 185 166 175 125 133 152 170 171 142 174 159 142 170 153 137 157 116 135 179 125 169 140 147 143 148 166 145 157 141 124 165 170 136 133 116 117 132 164 167 168 129 131 167 0
0 158 138 111 134 169 159 147 150 153 162 142 157 159 127 140 125 159 154 164 190 137 151 135 139 192 121 131 187 170 116 136 164 172 163 140 140 150 123 158 151 138 130 151 167 169 158 125 129 118 141 179 144 182 130 131 156 182 165 156 168 159 135 161 145 149 161 128 146 175 139 159 144 136 153 148 187 143 148 141 134 166 200 168 144 143 115 155 166 173 178 151 124 164 0
0 126 126 139 178 173 139 142 148 155 170 152 168 122 123 138 179 143 165 196 144 162 121 130 152 125 130 173 186 126 135 171 200 173 127 140 148 125 149 141 141 126 144 156 161 158 132 130 130 156 180 155 171 125 130 157 157 154 167 180 164 138 168 142 141 175 121 157 158 125 159 142 133 154 138 186 125 178 134 155 159 169 173 144 133 130 151 167 158 160 154 113 146 0
0 125 151 169 174 157 142 159 165 153 147 162 141 142 142 174 154 172 160 158 154 131 147 168 132 147 181 182 138 149 173 193 190 134 150 148 130 170 143 129 128 147 182 169 161 122 145 132 176 183 175 189 134 137 166 165 176 153 173 165 152 179 141 160 180 116 140 192 146 152 139 150 171 131 190 139 174 166 148 176 184 159 128 120 139 162 195 188 181 156 134 172 0
0 117 136 125 122 123 124 127 134 120 137 102 104 117 139 115 139 155 121 132 115 114 137 101 104 130 147 110 101 144 131 144 112 131 117 106 130 128 110 103 126 126 132 119 115 112 103 140 138 124 137 104 105 141 133 149 136 136 133 123 144 126 111 130 96 126 152 105 129 121 124 111 112 153 109 143 117 114 155 154 119 107 98 110 129 139 157 133 128 118 145 0
0 130 127 113 118 126 121 112 122 128 108 96 94 128 108 134 139 115 120 96 102 131 109 116 135 145 106 110 146 131 138 106 129 118 106 129 111 118 108 119 148 128 134 100 100 115 127 131 124 117 106 98 137 125 128 144 133 126 120 140 131 105 130 92 133 157 111 127 109 116 120 110 143 97 120 113 112 130 149 130 120 93 96 118 131 139 126 118 107 127 0
0 146 137 128 138 134 141 125 155 112 110 111 150 131 161 175 136 143 131 122 154 114 115 142 158 115 133 156 154 163 116 133 138 114 148 137 118 96 132 157 139 135 138 120 117 126 155 146 134 103 105 144 154 149 136 155 142 130 168 146 119 142 109 129 157 122 139 113 140 116 132 156 118 135 139 129 157 139 147 123 126 125 153 169 155 157 120 102 141 0
0 150 165 159 162 176 170 167 150 137 153 181 136 164 166 162 164 138 138 181 135 131 164 202 133 152 187 200 163 145 164 154 122 163 130 156 148 144 187 186 166 132 124 137 168 191 180 200 135 139 177 171 179 173 193 164 152 178 146 152 181 141 138 197 143 163 153 156 150 149 184 138 193 148 158 172 179 162 147 151 131 164 170 195 182 139 146 172 0
0 147 160 158 166 150 175 138 131 137 164 145 170 179 175 147 142 120 178 135 115 181 186 137 151 170 202 169 116 133 150 122 168 146 147 130 155 195 169 175 138 150 125 170 182 167 178 138 135 146 175 172 172 179 152 132 166 149 134 165 132 158 176 139 147 138 144 142 141 191 143 161 142 140 163 177 147 153 133 114 137 153 167 171 156 112 168 0
0 145 157 145 143 158 114 124 124 169 136 157 162 144 149 129 137 175 108 116 141 168 128 135 143 158 159 122 131 152 111 134 131 122 103 134 159 150 145 139 116 148 152 170 174 157 123 129 154 168 149 147 158 153 132 166 142 135 148 103 159 167 113 150 139 127 141 137 149 127 160 129 141 170 172 141 127 122 123 150 156 175 174 134 117 142 0
0 152 131 160 172 107 131 135 143 128 132 160 124 144 133 123 138 109 128 148 160 126 136 154 158 159 126 142 131 110 151 124 120 114 140 150 153 146 115 123 136 160 167 153 153 119 114 140 145 149 149 152 144 114 165 135 125 156 105 135 161 124 155 132 137 152 146 183 113 161 136 123 158 148 137 125 121 130 137 157 177 159 137 109 152 0
0 143 138 175 135 128 129 165 150 162 157 147 155 133 140 181 111 130 159 190 118 135 141 171 155 119 138 151 114 148 150 135 114 149 148 153 149 136 115 145 156 156 137 166 120 118 141 175 151 161 167 162 135 170 151 140 164 127 140 175 126 137 127 129 158 149 147 129 163 131 144 158 152 139 128 112 129 141 161 166 185 128 113 148 0
0 148 164 125 116 124 172 132 161 183 163 134 136 146 156 129 136 157 162 115 133 159 173 157 119 142 151 113 164 146 127 114 123 172 155 144 122 128 132 155 183 167 176 143 122 148 162 180 146 161 163 129 154 128 159 179 115 161 171 128 175 154 139 155 150 187 139 163 137 145 160 160 137 143 111 126 142 181 161 189 156 124 149 0
0 160 124 128 129 168 144 140 177 146 151 143 134 160 123 131 157 151 128 129 150 173 175 131 157 139 114 145 138 114 121 127 159 156 146 133 120 146 155 162 145 145 130 116 168 169 163 169 155 142 126 149 151 142 168 112 142 171 132 158 134 131 152 143 162 130 156 140 136 168 184 145 131 137 122 154 155 157 182 151 122 159 0
0 139 129 121 159 142 168 180 150 159 137 138 169 120 113 164 149 118 142 155 179 174 129 142 133 117 153 141 119 116 126 151 161 163 115 115 146 155 179 155 175 134 126 167 175 161 181 174 137 132 163 157 137 156 116 149 157 115 140 131 144 154 132 160 141 169 134 130 167 183 151 145 127 129 142 180 171 181 144 122 180 0
0 151 159 183 157 179 195 162 174 157 143 190 153 145 200 194 128 152 196 201 205 129 167 160 134 145 149 138 131 178 192 183 173 142 144 159 157 204 150 172 130 143 162 191 182 197 197 158 159 202 142 151 170 147 149 191 149 173 156 160 165 157 205 144 178 167 170 184 189 187 138 149 120 172 175 187 186 142 125 180 0
0 104 155 116 139 143 119 110 112 103 149 102 109 142 146 106 108 151 145 136 106 117 123 105 138 124 102 110 121 149 129 120 115 119 106 133 144 140 128 101 111 142 131 144 125 136 137 112 153 123 125 126 99 130 133 113 139 104 123 122 112 143 112 156 127 120 144 134 135 117 111 98 128 154 135 134 133 116 127 0
0 145 115 128 140 139 115 110 103 128 108 99 130 152 100 117 149 135 137 117 117 109 114 125 120 94 100 109 127 126 129 105 92 112 132 152 133 148 97 108 134 124 134 133 128 137 118 147 116 111 136 91 122 148 101 147 115 119 113 111 123 107 143 114 115 121 154 129 114 106 104 114 142 135 124 122 100 121 0
0 123 131 144 125 126 112 111 155 109 113 144 140 100 123 132 141 150 125 139 130 106 124 127 115 111 123 148 137 131 121 121 104 132 153 137 148 101 110 129 134 147 158 142 142 101 140 139 132 149 104 116 137 108 157 135 119 123 110 133 112 152 132 132 132 148 135 133 114 118 129 146 144 155 125 105 141 0
0 194 187 173 169 144 143 190 120 150 193 171 141 154 196 197 191 130 148 176 136 163 156 150 125 160 160 177 181 148 151 141 177 190 187 162 131 125 179 197 195 174 174 174 156 177 176 158 182 139 143 206 139 171 166 152 151 155 191 155 167 157 154 187 192 179 160 138 122 168 173 180 202 175 149 191 0
0 153 157 146 120 120 167 109 125 138 165 125 133 161 158 163 116 137 132 108 134 138 109 125 121 153 152 140 126 131 123 143 165 149 156 124 115 132 159 154 138 148 139 126 154 135 123 142 116 133 154 116 146 118 122 152 135 159 133 151 129 130 146 145 140 125 114 121 130 150 147 149 138 128 148 0
0 153 159 134 141 175 150 146 175 184 147 150 174 193 202 137 150 155 118 164 160 126 127 151 175 191 161 151 126 135 160 168 166 160 127 127 163 195 190 171 178 171 126 155 157 146 169 126 156 193 150 159 170 154 156 134 182 143 169 152 162 196 177 174 148 144 141 155 190 196 184 157 123 172 0
0 177 152 130 213 135 141 201 197 145 157 194 172 173 137 142 188 158 165 154 150 129 154 200 186 183 141 156 162 187 201 183 187 149 129 162 204 177 187 197 168 136 186 167 156 196 143 169 199 160 178 147 156 177 171 189 135 186 149 152 176 188 174 161 148 142 169 194 209 191 170 129 185 0
0 142 121 182 124 117 173 178 120 143 150 177 154 127 136 147 136 160 124 118 126 144 165 181 149 131 127 134 140 165 161 158 129 133 158 170 154 157 168 153 128 184 144 133 144 114 134 166 136 147 150 140 160 157 180 122 168 148 139 183 154 152 139 124 111 163 166 164 157 135 125 142 0
0 135 173 124 123 171 176 121 148 154 173 187 123 130 139 115 154 148 134 126 127 171 172 137 135 115 123 163 176 162 173 129 128 152 173 156 176 151 167 128 161 141 146 138 119 148 182 134 144 140 143 152 125 157 134 160 141 141 162 171 151 132 124 111 164 163 156 180 155 124 147 0
0 142 110 104 154 140 111 102 141 144 145 111 115 123 98 141 110 112 106 130 149 131 130 120 110 119 140 151 138 144 121 109 140 130 148 155 137 133 126 152 125 116 153 116 129 157 112 155 128 103 135 136 144 116 164 113 130 136 146 120 113 113 107 134 139 155 150 135 98 145 0
0 111 112 140 135 103 120 138 142 149 115 132 126 100 129 116 108 99 119 155 134 141 121 101 119 139 127 134 129 108 108 132 160 151 153 137 129 126 136 122 118 143 108 111 159 105 125 120 127 129 117 151 103 148 124 122 150 135 137 114 107 105 114 150 145 152 133 99 152 0
0 149 162 185 138 158 171 200 186 149 149 167 134 162 171 139 136 164 192 202 169 150 154 162 186 188 196 184 135 150 178 181 182 186 191 181 135 182 179 154 189 152 152 187 160 161 168 133 170 150 197 148 185 167 152 189 193 154 152 132 145 171 200 189 207 148 137 171 0
0 128 125 105 121 131 132 141 98 109 118 104 126 102 107 113 106 147 129 138 98 101 121 119 137 130 134 103 97 130 126 135 132 122 134 104 143 135 100 113 111 119 145 97 135 109 109 126 109 143 113 136 123 113 144 138 121 118 102 103 126 144 132 143 117 109 143 0
0 151 103 119 132 132 149 115 117 127 109 130 113 119 105 123 146 134 138 113 111 109 131 127 147 135 101 116 121 143 126 146 129 124 111 138 115 103 137 107 114 146 100 122 117 109 128 106 143 109 124 118 114 139 143 122 114 98 101 118 158 147 133 119 99 131 0
0 137 167 184 167 193 147 158 164 131 180 144 140 134 151 181 193 174 144 132 144 167 168 168 173 146 143 157 191 180 168 154 160 160 176 160 152 177 127 158 175 144 170 136 140 161 145 179 136 155 145 160 183 174 158 158 148 127 166 188 193 178 155 138 182 0
0 165 189 177 195 134 176 155 152 180 147 139 149 175 164 169 163 149 157 161 168 186 191 168 140 136 177 202 206 195 178 171 135 207 155 155 163 135 161 197 136 195 139 140 189 145 206 153 191 165 146 213 188 171 171 131 130 183 210 182 201 168 144 180 0
0 132 140 126 104 116 129 102 121 110 104 102 118 136 125 128 99 96 106 135 147 144 138 112 102 111 139 124 132 142 142 108 147 123 130 127 92 121 145 106 134 126 113 124 112 143 98 144 121 129 134 144 125 112 109 107 120 139 138 140 115 112 116 0
0 158 139 115 137 131 101 132 133 125 114 135 141 143 124 106 126 110 124 166 148 146 114 114 138 155 150 149 161 130 120 154 134 120 146 119 116 142 116 157 124 123 127 135 168 111 160 126 123 146 148 134 125 115 114 134 138 133 135 127 99 138 0
0 190 131 162 159 133 148 158 136 138 162 180 177 167 139 142 129 165 166 166 158 142 131 169 195 184 160 177 165 157 183 165 144 165 131 170 177 133 181 157 131 159 139 184 140 195 151 156 183 184 158 156 152 120 153 170 182 180 154 134 183 0
0 127 156 152 140 174 155 162 130 162 212 194 152 153 144 154 200 193 172 180 152 157 157 183 206 192 201 194 161 202 156 164 182 132 167 216 159 206 150 152 152 153 210 158 182 165 178 180 194 184 156 138 146 187 201 211 206 160 161 178 0
0 156 142 137 167 154 153 151 153 204 182 166 144 138 141 192 187 173 177 140 134 184 192 201 201 175 180 134 185 154 155 168 135 182 189 139 180 162 168 185 148 197 148 208 156 161 176 191 154 140 155 145 163 182 176 192 179 147 161 0
0 129 111 134 120 97 111 120 142 150 134 114 117 105 128 144 139 138 114 118 142 159 138 122 145 116 119 144 140 125 136 91 132 152 105 132 117 114 122 120 137 102 144 136 123 144 131 123 116 117 104 116 151 139 148 130 111 143 0
0 131 139 124 123 119 137 152 156 132 112 130 143 157 154 159 158 125 110 160 170 142 145 144 140 121 169 136 131 162 124 147 165 120 155 125 122 159 134 173 127 159 135 139 166 166 158 125 132 124 142 152 152 151 140 102 149 0
0 136 119 126 127 143 155 159 149 131 120 147 149 173 140 161 124 120 143 164 167 157 152 141 129 159 125 142 138 118 135 173 131 157 127 116 155 146 164 119 167 150 140 146 167 141 135 128 116 144 141 164 146 163 113 162 0
0 104 114 100 132 133 139 138 103 105 103 138 136 136 118 112 99 130 143 138 139 146 132 109 128 122 106 131 100 122 160 100 133 117 119 120 127 143 110 125 110 112 147 127 127 101 109 108 136 143 135 153 123 101 129 0
0 139 119 144 148 175 154 146 122 131 163 166 147 148 112 120 155 163 165 165 157 157 141 185 139 128 158 126 151 169 134 177 142 142 139 140 170 139 153 155 146 172 179 163 147 132 115 148 178 177 150 153 126 146 0
0 118 120 148 132 129 119 127 121 158 155 137 148 111 116 147 150 159 149 141 145 116 155 142 129 149 110 115 159 108 140 122 131 138 132 152 126 147 148 125 152 157 133 125 122 106 130 161 162 155 122 116 140 0
0 124 133 128 129 117 113 124 132 148 126 134 104 107 137 148 136 139 146 132 121 147 116 125 135 107 122 142 102 152 120 115 131 119 164 107 125 130 118 149 154 130 127 111 116 133 162 142 139 121 99 132 0
0 136 129 128 96 108 104 127 139 126 144 95 111 116 131 142 133 143 119 107 151 114 124 132 98 115 129 105 141 126 120 114 126 151 96 130 123 129 126 149 133 125 106 104 122 135 132 150 135 96 140 0
0 162 150 123 132 120 149 161 153 136 117 122 158 171 164 152 169 158 129 161 150 131 146 109 139 180 123 169 136 130 136 133 171 123 151 143 145 165 173 149 139 123 119 130 154 174 159 142 110 152 0
0 181 130 144 158 173 210 164 156 141 136 161 204 184 187 177 178 143 191 171 150 177 141 180 170 139 179 155 140 169 168 193 134 167 158 172 170 172 164 167 130 146 167 193 187 196 169 137 167 0
0 137 144 135 172 185 154 188 138 131 170 180 191 193 190 154 143 170 150 140 145 123 145 192 133 167 169 147 142 155 186 138 189 169 156 184 175 145 170 140 131 150 163 188 193 170 129 166 0
0 128 140 159 183 163 182 127 121 158 170 194 186 149 146 129 170 158 147 179 125 157 168 119 150 137 140 162 141 183 136 165 151 146 166 160 140 136 120 122 148 181 176 170 162 125 159 0
0 118 134 158 141 127 114 110 150 154 156 141 135 137 118 160 130 123 155 102 143 152 114 132 128 120 128 128 130 98 126 118 143 142 157 135 126 114 114 127 147 156 137 136 103 155 0
0 151 151 144 157 118 103 133 143 146 139 123 128 107 146 128 118 144 101 136 147 100 137 114 113 123 128 147 115 129 123 118 154 143 135 122 102 95 125 132 136 157 120 101 129 0
0 153 130 143 123 116 136 155 153 136 148 128 120 134 132 121 130 122 144 150 108 161 120 113 130 120 132 112 148 120 138 158 140 138 139 124 103 128 167 153 161 139 101 146 0
0 152 168 132 139 157 179 177 187 189 144 136 173 157 140 149 135 141 159 135 160 157 132 161 130 153 143 162 162 154 172 176 156 148 132 129 157 190 175 176 154 122 168 0
0 166 160 156 198 213 169 185 163 170 155 183 167 142 181 152 150 189 146 185 176 157 161 175 215 154 170 168 163 181 206 150 164 148 149 189 186 189 210 181 143 180 0
0 134 123 153 182 178 174 178 159 137 178 161 160 165 132 140 192 135 171 161 147 165 136 203 146 168 138 153 173 175 168 144 127 126 168 165 190 176 164 129 187 0
0 131 160 163 193 167 165 165 139 178 151 136 167 127 154 201 158 165 152 147 153 145 193 142 179 150 146 194 182 184 143 151 148 155 187 177 170 144 132 189 0
0 131 145 141 132 122 134 108 134 127 130 125 101 134 147 113 124 131 121 130 103 144 99 139 116 133 145 145 122 119 107 113 132 139 144 155 126 111 125 0
0 132 145 131 141 141 123 132 118 116 123 115 118 150 123 146 130 113 125 117 137 112 140 131 105 151 157 127 121 103 105 123 132 157 149 137 94 137 0
0 154 185 175 151 145 171 150 148 157 126 141 165 134 164 152 131 143 144 178 134 175 155 142 181 166 163 150 133 134 160 192 170 176 153 139 159 0
0 200 191 175 160 214 166 162 180 139 174 176 155 169 147 154 145 168 195 144 181 175 176 177 212 184 171 132 134 182 193 197 180 183 129 164 0
0 196 162 158 191 181 167 187 146 141 191 145 180 166 165 170 171 191 132 184 160 138 164 164 186 165 139 141 167 192 182 194 150 144 173 0
0 152 127 181 157 148 172 141 156 184 154 167 166 141 155 152 185 136 165 150 155 165 175 176 152 141 139 166 184 179 200 158 131 169 0
0 139 169 161 161 181 126 168 178 147 163 153 154 155 166 175 133 175 162 160 187 191 148 163 148 143 156 181 192 169 142 132 150 0
0 155 138 150 169 116 163 189 123 172 155 149 150 140 167 123 186 153 140 192 173 173 139 139 138 159 172 159 172 157 119 165 0
0 134 122 152 107 114 140 120 141 119 109 134 122 154 104 148 128 124 141 152 132 115 106 110 119 153 132 132 120 104 121 0
0 162 168 127 163 184 142 173 161 160 162 158 196 156 197 150 146 206 190 181 151 144 139 183 180 179 198 141 130 201 0
0 157 118 130 179 133 165 130 134 149 129 180 128 151 129 157 159 157 149 121 126 130 143 162 167 156 150 123 162 0
0 110 133 157 123 136 132 120 139 128 176 113 137 141 132 145 158 151 126 121 115 143 165 148 163 141 105 162 0
0 144 187 144 169 153 123 151 151 189 125 164 159 140 164 176 159 139 133 144 158 170 162 192 162 124 186 0
0 135 105 120 124 113 130 112 136 109 139 112 117 134 124 130 110 101 101 122 129 140 135 127 96 139 0
0 123 154 121 123 147 131 148 129 164 144 132 153 150 156 127 122 123 149 157 169 169 131 105 162 0
0 190 166 160 184 171 170 142 184 151 153 193 202 156 160 134 139 170 187 182 215 171 152 172 0
0 116 121 132 123 160 102 148 116 119 134 164 129 127 122 107 128 157 150 142 128 113 141 0
0 149 154 154 177 132 178 154 134 174 198 159 143 132 123 149 189 196 172 156 143 162 0
0 146 136 153 119 151 134 136 164 163 151 134 112 118 156 164 150 170 141 115 148 0
0 123 156 116 151 125 121 154 148 140 120 109 113 135 154 144 161 129 121 148 0
0 152 135 175 128 136 163 180 140 132 124 128 161 152 166 176 146 121 139 0
0 113 141 135 141 154 158 141 125 123 117 142 148 148 149 134 112 131 0
0 169 176 151 202 195 188 175 145 154 181 178 172 198 156 136 190 0
0 118 113 129 133 136 130 105 98 135 162 146 134 139 103 134 0
0 139 164 207 172 151 142 136 177 178 167 190 146 133 179 0
0 160 174 138 135 118 114 143 178 157 166 158 113 161 0
0 173 137 136 113 116 133 160 169 160 143 123 152 0
0 148 138 134 133 180 192 180 170 149 146 183 0
0 150 142 143 146 202 191 202 168 137 190 0
0 124 122 149 182 175 169 147 128 162 0
0 119 141 159 163 144 152 117 148 0
0 136 151 149 151 134 114 137 0
0 148 128 142 122 97 130 0
0 165 185 159 128 153 0
0 196 145 138 197 0
0 184 137 155 0
0 151 182 0
0 143 0
0 0
0
0
34935
192 100 169 148 158 180 203 134 125 168 167 155 134 125 161 111 158 138 196 159 157 103 133 136 159 96 132 138 127 142 126 152 115 206 150 197 143 100 196 187 186 132 115 126 119 129 138 160 130 202 145 93 160 159 168 173 95 184 175 154 156 198 159 191 152 203 150 106 184 120 167 95 213 143 170 108 157 134 113 149 87 129 165 155 128 173 217 166 142 207 147 176 133 87 161 130 161 118 149 150 166 204 177 120 184 153 172 147 144 138 180 179 146 148 134 185 112 139 94 118 153 126 222 152 154 168 192 183 116 184 176 161 111 161 134 167 157 159 204 135 105 95 168 145 152 183 218 215 160 140 154 193 161 183 156 156 191 195 143 100 197 164 117 94 172 215 222 180 114 108 137 108 134 208 105 202 152 163 174 148 138 125 170 112 137 112 110 183 205 153 169 130 105 142 159 208 162 118 106 154 119 141 198 146 150 160 164 152 91 98 140 178 143 156 115 124 166 143 172 181 118 90 132 201 111 174 216 169 136 125 128 213 99 114 178 215 94 116 167 218 187 97 144 149 97 149 114 97 111 146 172 191 143 115 97 107 155 174 149 174 101 96 181 181 178 177 173 161 109 213 156 122 176 104 132 198 118 178 142 132 157 142 171 119 189 153 146 183 218 169 135 95 105 151 174 210 184 154 92 152
