300
121 429 454 386 291 433 325 153 349 371 424 147 514 288 128 284 150 324 481 164 194 405 325 387 155 254 426 253 164 211 131 273 506 169 454 173 156 575 351 340 421 364 382 230 207 406 372 480 314 292 119 221 267 233 345 260 150 236 320 143 174 109 116 301 377 310 210 401 325 535 261 225 503 226 284 342 118 267 328 328 297 438 128 447 191 481 126 379 445 360 134 483 260 433 272 418 346 243 349 462 352 137 205 358 234 435 268 153 449 92 194 412 349 182 311 172 161 231 150 163 291 336 434 95 470 321 385 220 422 473 525 472 431 301 371 320 455 255 309 266 260 574 425 430 257 210 177 219 247 236 359 185 172 329 310 521 187 209 448 420 113 227 295 244 106 301 138 175 357 131 361 447 457 426 346 264 455 199 441 353 264 388 430 242 235 429 445 210 221 432 245 275 309 546 246 226 280 298 534 153 257 142 433 214 415 322 271 266 489 191 120 129 358 183 336 381 234 167 472 236 315 429 491 353 341 213 386 471 302 334 128 289 186 437 294 200 409 406 420 414 263 213 251 225 439 181 509 124 332 435 498 301 375 316 239 359 187 83 363 302 153 274 184 279 209 347 472 452 467 186 428 262 261 236 112 253 245 494 458 339 272 234 289 330 464 346 448 319 205 385 221 425 204 199 339 434 221 456 164 155
0 232 204 180 216 0 125 0 225 0 0 256 0 0 188 0 0 0 118 0 0 0 0 0 0 0 0 0 0 0 197 0 131 0 0 126 237 203 0 0 0 0 0 0 0 0 0 196 0 100 171 0 0 0 0 0 0 0 0 0 131 0 0 0 0 151 0 184 0 151 0 0 0 169 208 0 0 0 158 0 0 0 0 0 0 0 0 0 0 112 0 0 225 0 208 0 127 0 0 194 123 147 0 0 0 0 0 0 0 148 0 0 0 0 0 0 0 0 0 0 0 0 0 0 0 221 0 0 228 228 0 0 0 185 0 205 0 0 0 171 0 0 246 0 0 0 0 145 158 0 0 0 0 0 0 0 160 0 210 0 0 188 0 0 153 0 0 189 128 0 0 218 0 0 0 226 0 0 183 0 0 0 0 0 0 0 0 0 0 0 0 0 0 0 0 0 0 0 117 0 123 0 0 0 0 174 0 0 0 0 0 176 0 0 0 0 0 197 0 193 0 0 0 216 0 0 0 0 0 0 0 0 0 0 0 0 0 0 0 0 154 0 0 0 0 247 0 0 0 0 163 0 0 0 196 0 0 0 0 0 182 0 0 146 0 0 218 0 0 0 0 0 154 0 0 0 224 247 0 0 152 0 0 221 0 0 172 0 0 0 0 0 0 0 0 136 230 0 160 0
0 0 0 0 372 0 0 0 422 251 461 346 198 0 0 0 435 0 0 0 0 0 0 0 0 0 253 0 212 0 0 0 394 0 0 446 0 0 0 417 417 0 0 0 0 0 359 0 203 0 0 0 343 0 0 0 373 0 0 0 220 0 0 325 0 0 0 0 0 324 0 0 0 0 0 0 374 343 0 0 0 0 0 0 0 0 443 0 0 0 351 0 0 398 0 0 388 0 0 0 0 399 0 0 0 277 0 202 0 0 384 301 0 293 0 0 0 206 340 454 0 208 0 0 0 0 0 0 0 0 445 0 0 382 0 0 0 333 0 0 457 378 0 0 0 274 0 0 0 0 0 0 397 0 0 0 490 0 0 331 327 0 0 343 0 0 0 245 0 0 0 0 0 0 0 0 0 0 299 0 0 0 0 0 425 286 0 0 0 0 0 472 0 0 0 0 0 0 0 0 0 0 0 0 0 347 0 0 0 0 0 0 337 0 0 0 0 303 0 435 0 0 0 0 0 0 0 0 0 0 271 0 0 0 0 0 0 0 268 0 0 0 0 0 0 257 0 438 0 0 0 0 318 364 0 0 0 0 0 0 0 0 0 0 441 0 466 0 0 0 0 0 0 334 0 0 0 385 0 0 0 0 0 0 375 0 329 0 294 504 0 0 320 0 0 412 249 0 0
0 0 0 0 0 432 0 0 0 0 0 0 337 0 408 0 245 0 403 425 0 0 389 0 0 0 0 0 0 0 0 0 296 287 458 0 0 0 0 0 289 273 460 437 453 0 387 0 0 0 0 384 0 0 341 0 0 0 256 0 0 0 0 0 0 0 0 0 0 0 0 0 0 0 0 0 0 387 0 0 456 0 0 302 0 0 0 0 0 0 477 375 0 0 0 388 0 412 0 0 0 0 0 0 0 0 204 0 448 0 0 0 0 0 0 0 268 310 0 0 0 0 0 477 327 0 0 0 455 0 0 0 0 0 0 0 0 336 0 479 0 0 0 0 0 0 0 0 320 0 400 394 0 0 0 0 0 287 0 0 0 0 0 0 275 0 0 0 0 0 0 0 337 0 289 437 0 0 0 522 340 0 444 0 0 0 0 0 0 0 0 352 325 0 0 0 0 0 0 411 0 423 0 0 0 0 0 0 282 406 0 0 445 0 0 0 0 395 0 0 0 0 329 0 0 0 404 240 0 0 0 0 0 0 0 410 0 0 0 0 300 0 0 0 0 0 474 0 0 0 416 0 0 0 0 0 0 0 0 0 0 0 379 0 0 0 257 0 360 0 0 0 0 0 467 0 0 0 0 387 402 0 0 0 0 0 0 0 473 0 0 381 0 0 0 0 278 0
0 0 0 285 418 0 0 0 0 0 0 0 236 0 0 0 0 0 404 376 0 0 397 0 0 0 235 0 0 0 0 0 242 0 0 0 0 0 431 0 0 0 0 0 0 0 0 0 316 0 0 0 0 262 407 0 0 0 0 328 0 0 0 0 374 0 0 0 0 0 323 0 0 0 0 0 351 0 209 419 0 0 0 0 458 0 219 0 0 0 0 0 0 0 353 0 0 0 0 0 268 0 0 0 0 0 0 0 395 0 0 0 0 0 0 0 0 363 0 0 0 0 0 0 386 427 0 0 0 0 0 0 0 0 0 333 318 0 0 0 0 0 0 236 0 0 0 0 0 370 0 0 286 289 0 381 0 0 0 0 0 0 0 0 0 0 373 0 0 0 0 338 438 0 414 370 0 386 0 337 0 0 0 0 0 0 0 0 331 0 330 0 0 0 423 0 350 0 0 0 0 0 0 0 0 0 0 232 0 0 0 0 0 0 0 281 0 0 437 0 0 0 0 474 0 0 0 0 275 402 0 0 424 0 394 399 0 303 0 256 0 0 0 0 0 421 0 0 0 415 0 338 276 201 0 0 0 0 0 0 0 0 0 0 458 0 412 0 0 0 212 320 0 0 406 0 0 329 0 0 0 0 0 323 0 0 0 0 281 274 0 0 251 0 255 0 0
0 0 0 311 0 0 0 370 0 0 0 0 0 0 0 197 346 0 0 0 0 0 271 0 0 0 285 0 0 0 0 216 0 365 292 0 0 0 0 0 0 0 0 0 0 0 0 278 0 0 273 0 0 0 0 0 0 179 0 0 0 0 0 0 388 237 0 0 0 0 314 0 0 0 0 293 368 0 0 239 342 187 0 0 308 0 0 0 0 0 0 0 0 0 0 0 0 0 318 0 373 0 0 0 148 0 0 0 0 0 218 224 0 0 193 0 0 0 0 0 0 0 0 336 0 0 404 353 0 0 331 0 0 0 0 0 0 0 371 0 0 0 0 0 0 297 0 0 299 0 361 0 0 348 0 0 0 0 0 0 0 190 224 0 0 0 0 0 0 356 0 354 221 0 0 0 321 0 0 268 0 0 258 232 0 0 0 259 0 0 0 0 328 0 0 0 0 0 262 321 0 0 0 0 0 0 213 0 0 0 0 0 0 0 267 0 0 0 0 344 220 0 0 0 0 181 318 0 0 0 0 0 0 0 0 0 0 0 226 0 0 0 230 300 0 0 0 0 0 0 0 218 186 308 271 0 0 190 0 238 0 0 310 0 222 336 294 0 0 0 0 254 0 0 0 0 287 0 313 0 0 0 338 0 0 0 0 253 0 271 0 228 0 0 0 0
0 0 0 0 0 0 0 0 0 0 0 0 0 244 0 400 0 0 0 0 0 0 0 0 0 0 0 297 0 0 0 451 0 418 0 0 0 306 272 0 0 0 0 0 0 311 0 319 0 0 0 292 0 0 0 0 0 0 0 0 257 409 0 0 0 290 0 0 0 0 228 0 0 0 0 0 0 0 0 0 0 0 441 0 0 0 0 0 0 0 0 0 0 0 352 0 345 416 0 433 0 254 0 0 0 0 432 286 334 0 0 0 0 0 0 427 0 0 442 0 0 285 0 0 459 0 0 0 451 375 0 289 0 356 0 0 0 0 0 321 0 0 0 0 0 0 0 0 0 0 0 0 493 411 0 0 0 310 0 0 0 0 0 245 0 0 0 0 0 0 0 288 0 0 0 381 0 0 0 0 0 0 0 0 0 342 322 431 0 266 0 0 467 0 0 0 428 0 0 0 0 351 0 0 0 0 0 0 0 0 0 0 466 316 400 0 0 0 0 305 330 0 0 352 0 378 0 0 349 0 0 0 0 0 297 0 0 293 0 0 440 282 0 0 0 0 403 0 0 0 257 0 0 0 266 0 0 0 0 0 497 0 0 0 0 0 348 0 214 0 302 410 0 345 0 364 343 0 0 0 0 0 338 0 0 0 0 0 355 0 0 429 0 0 0
0 0 0 372 238 0 299 0 0 0 0 382 0 0 0 0 363 0 275 0 0 0 283 203 0 0 0 0 0 0 0 0 0 0 0 314 0 0 0 388 0 0 0 0 0 0 0 0 0 223 289 0 0 0 0 0 323 382 0 0 0 0 403 0 0 0 0 0 0 231 0 0 0 0 0 0 0 0 0 0 0 0 339 204 0 0 0 0 0 365 0 0 399 334 0 0 0 0 409 0 0 372 0 0 0 0 270 346 0 0 0 0 0 0 0 0 0 0 0 0 0 332 0 0 0 0 366 0 0 0 0 0 284 0 0 0 0 0 0 247 0 0 0 0 0 0 0 0 0 0 0 0 363 0 0 313 0 0 291 0 231 0 194 0 0 0 0 337 0 0 250 363 0 0 0 372 0 0 0 374 264 0 366 0 0 0 0 0 0 0 352 0 200 301 214 393 0 397 0 0 0 0 0 0 0 0 0 0 337 291 0 396 0 0 0 387 0 0 258 303 0 0 0 204 0 0 0 0 283 0 0 0 323 0 0 0 0 0 0 406 0 0 0 0 0 0 0 0 0 227 186 0 0 0 0 0 0 0 362 0 0 0 0 0 315 0 0 0 270 314 0 0 327 0 0 0 0 0 288 0 0 0 341 248 0 0 0 294 0 226 0 0 0 0
0 287 0 0 0 0 0 195 161 0 0 164 0 268 242 0 171 0 0 0 0 0 0 0 0 0 0 0 0 0 0 0 0 0 0 200 0 0 0 0 0 0 0 0 203 210 0 0 0 0 0 0 0 146 151 0 249 211 0 0 245 0 0 0 288 206 0 0 0 0 0 207 0 0 0 0 199 0 168 0 272 0 0 0 240 0 0 0 0 0 0 0 244 0 0 0 0 0 0 0 274 135 0 0 0 196 0 0 0 0 0 160 0 245 0 0 293 202 253 194 301 263 0 0 0 0 0 0 0 0 0 217 0 0 0 0 0 0 173 195 0 0 0 0 0 262 230 287 0 0 0 0 180 0 0 0 0 0 0 0 0 168 242 0 0 0 0 0 0 0 0 0 0 0 0 0 203 0 0 0 183 0 0 0 0 0 0 0 225 0 268 146 215 0 237 0 0 0 0 216 245 0 0 168 251 0 0 245 0 0 0 0 255 0 0 0 0 0 0 0 0 0 0 0 0 0 228 0 0 0 0 0 0 0 0 0 0 0 0 161 218 306 0 224 0 231 221 0 0 144 252 0 0 0 0 227 167 0 0 271 295 0 0 0 0 0 0 0 0 248 277 232 223 0 0 0 0 0 293 0 0 0 172 0 0 0 0 0 0 0 0 189 0
0 0 0 0 0 0 0 234 0 0 0 0 0 0 0 0 297 348 327 240 0 0 351 0 275 0 0 247 464 0 0 356 0 0 0 0 369 0 403 0 0 0 0 0 0 0 325 0 0 0 0 243 0 0 0 0 309 0 0 0 0 0 0 391 0 345 345 219 0 310 0 0 0 0 0 0 0 0 0 0 0 0 416 329 381 316 0 0 0 403 0 0 0 0 387 0 0 347 0 0 188 0 0 0 269 0 0 0 304 0 0 0 0 390 0 0 321 0 304 412 401 413 0 0 383 420 332 0 0 0 0 0 0 0 395 0 0 0 0 0 0 0 0 0 0 0 0 0 315 0 378 0 0 0 0 0 0 0 0 0 0 0 0 0 0 0 0 0 0 0 0 311 313 0 365 295 0 0 0 305 0 289 0 0 0 0 0 0 0 432 203 0 0 0 0 0 374 0 0 0 259 0 223 0 254 340 0 0 244 0 0 0 413 422 378 0 250 0 0 0 0 218 0 0 350 0 0 0 0 410 0 0 0 0 0 0 285 0 0 0 0 0 0 0 0 0 0 239 0 0 0 0 0 0 303 0 0 422 0 433 0 0 0 0 0 0 299 0 0 421 0 0 0 0 0 355 342 0 0 333 0 284 0 0 0 0 0 293 0 0 0 0
0 0 0 0 0 0 0 0 0 0 284 448 389 441 0 0 417 0 251 0 0 0 405 0 467 0 0 0 0 0 0 0 364 0 0 446 0 0 0 0 0 337 0 329 378 0 0 0 0 219 260 0 0 0 391 0 0 0 0 0 0 0 0 272 360 415 217 0 0 0 0 0 0 0 0 0 0 0 466 0 0 0 365 0 0 0 0 0 0 0 397 0 0 0 0 0 0 0 0 0 0 0 0 0 0 0 272 0 0 0 350 0 0 214 429 0 0 0 0 0 0 0 0 0 399 0 0 0 0 405 0 464 0 471 0 0 0 0 0 322 0 310 0 0 0 501 278 0 0 0 0 300 0 0 237 307 227 0 0 231 0 0 418 416 0 338 0 0 0 0 0 0 0 0 304 0 0 0 0 0 0 0 0 0 0 286 0 0 442 0 0 273 0 0 417 0 0 0 0 0 247 0 0 0 0 0 302 0 0 309 0 0 0 0 0 0 0 0 325 0 0 353 0 0 0 294 0 0 0 0 0 0 0 0 0 0 426 280 0 0 0 0 0 0 0 0 0 0 0 0 0 0 0 0 261 0 0 0 440 254 0 0 348 334 208 0 0 459 0 0 0 349 0 0 409 347 0 425 0 0 0 425 302 0 387 450 284 0 259 0 0
0 0 0 0 0 0 363 0 0 0 374 0 0 0 0 0 0 0 0 248 0 0 294 0 0 0 0 0 0 0 0 422 0 270 0 0 0 0 0 0 0 0 321 0 0 273 0 0 196 0 0 0 0 0 0 0 0 0 484 334 0 0 0 341 386 257 0 0 0 369 0 0 405 0 0 0 0 400 0 0 0 0 0 0 0 0 0 0 419 0 236 0 0 273 0 0 0 0 0 292 0 0 0 0 0 273 0 273 0 0 0 0 0 446 0 385 0 0 373 0 0 0 0 464 351 0 274 0 353 0 0 419 0 317 0 0 0 0 286 0 0 260 406 358 0 275 0 0 0 243 0 0 0 0 0 0 0 0 0 0 0 434 0 0 0 0 0 0 0 0 0 437 341 302 0 422 281 0 0 322 359 0 430 0 0 0 0 436 0 0 0 0 316 0 0 0 0 0 0 0 0 0 0 0 400 0 0 0 319 0 0 0 427 0 0 0 0 0 354 245 0 0 0 343 0 0 468 0 354 301 0 0 0 0 0 0 0 0 0 0 0 0 0 372 367 0 0 359 0 321 0 0 354 314 0 0 0 0 0 386 0 302 305 0 0 324 0 491 0 356 0 351 0 0 361 0 0 0 0 0 0 0 0 0 0 0 459 231 274 0
0 0 0 0 163 0 0 0 0 0 0 276 0 217 0 0 0 0 142 219 0 0 0 172 0 0 0 232 0 0 0 0 0 0 297 0 0 216 0 0 0 0 0 0 164 185 0 0 0 0 0 217 0 214 0 0 0 0 0 0 303 180 0 0 0 0 0 0 0 0 0 0 0 0 0 243 0 0 136 272 0 0 0 236 213 172 0 0 0 0 0 258 0 258 0 0 0 0 0 235 0 169 0 0 187 215 0 138 0 221 0 0 0 0 245 0 0 0 0 262 257 0 0 0 251 0 0 0 0 0 0 0 0 0 0 0 0 0 0 177 0 0 0 0 0 177 0 0 0 0 0 0 0 0 0 167 0 0 0 0 0 0 0 204 0 0 0 0 0 264 0 0 0 247 0 0 173 271 210 187 185 0 0 0 203 0 0 0 0 0 256 192 0 0 0 0 0 0 0 0 0 0 0 0 0 0 0 0 0 0 0 216 0 0 0 0 196 266 0 0 0 0 186 0 0 0 0 0 0 193 0 0 0 0 0 0 0 0 0 240 227 0 0 0 185 141 0 0 0 0 0 0 0 0 244 0 0 160 0 0 0 0 0 192 0 0 0 209 0 0 223 0 0 0 0 0 0 267 0 288 178 0 0 258 172 0 0 184 0
0 0 394 310 0 0 0 289 0 0 398 0 0 0 0 238 342 0 0 0 0 0 0 0 0 473 0 0 0 0 322 289 0 0 464 0 360 0 0 0 376 398 0 0 328 0 270 0 0 0 366 0 353 0 0 402 0 0 0 0 0 0 459 279 0 0 0 386 0 0 0 357 494 0 443 0 0 0 0 0 0 0 0 0 0 392 499 0 0 0 0 309 444 379 0 0 0 0 444 0 0 0 314 0 0 306 0 0 0 0 237 0 0 0 0 0 0 0 0 0 460 394 0 0 0 0 0 0 0 492 439 365 0 324 0 0 0 0 306 307 417 387 445 266 313 0 453 0 0 0 0 210 0 280 0 0 248 403 0 454 0 421 0 467 0 431 0 0 0 444 0 0 0 438 0 0 0 0 0 339 441 354 0 0 360 0 252 0 0 0 0 0 0 0 0 0 0 0 0 0 325 0 430 338 0 0 0 0 0 0 455 0 0 0 0 0 0 0 0 0 0 0 0 0 0 470 0 0 0 0 318 0 311 488 0 0 0 0 351 0 0 0 0 0 0 0 373 278 405 0 365 0 0 496 0 0 0 0 0 0 0 0 352 0 0 0 0 0 0 0 0 439 0 0 0 0 0 319 0 0 300 387 0 0 0 270 0 0
0 315 0 0 0 0 0 0 0 0 0 0 0 0 0 0 0 301 368 261 0 0 223 0 0 285 0 290 0 0 0 0 362 0 0 0 0 0 290 0 0 0 0 0 0 186 0 195 0 286 0 0 216 354 323 360 0 0 0 0 300 0 0 0 295 286 0 0 0 338 0 344 0 0 0 0 0 0 0 0 0 0 307 0 0 0 0 0 0 350 0 0 0 0 0 0 0 329 0 0 0 0 0 0 0 0 0 0 0 172 0 330 0 0 0 377 0 0 367 329 0 0 334 0 0 337 246 0 0 0 0 0 0 205 0 0 0 0 0 0 0 0 0 267 400 0 0 253 0 0 0 0 0 0 0 0 0 0 0 0 0 0 0 0 0 0 0 0 0 0 0 0 0 228 211 0 0 0 288 0 0 0 330 276 0 194 0 0 0 0 0 0 315 294 0 0 0 0 0 243 0 0 0 0 0 0 0 351 0 0 0 0 0 0 0 0 0 0 0 337 0 0 383 360 0 0 0 0 263 0 0 0 0 218 0 379 0 0 0 0 0 0 0 0 297 0 0 0 0 0 0 0 0 356 350 0 0 0 0 265 0 0 0 0 0 0 0 279 0 0 349 0 338 0 0 0 215 408 0 0 318 378 0 0 0 0 0
0 0 0 0 121 137 0 0 0 141 0 0 0 0 0 113 171 0 0 0 0 0 0 0 0 0 186 0 139 0 0 0 0 0 182 0 0 157 0 0 164 0 0 0 0 0 109 0 0 0 0 0 0 185 0 0 0 0 165 0 173 114 162 0 172 0 0 0 0 0 0 0 0 0 0 0 0 0 196 0 0 0 134 196 218 180 0 0 0 144 0 0 0 0 95 0 0 0 0 0 0 0 0 0 122 0 0 0 0 0 0 0 0 0 0 0 0 220 0 0 0 0 0 0 0 0 0 216 0 0 151 0 0 0 154 0 0 0 0 0 0 0 165 0 0 0 155 169 155 0 149 0 149 0 0 0 0 0 0 0 176 223 125 199 178 0 0 217 0 0 191 222 0 0 0 0 0 0 0 0 0 0 0 0 0 0 0 0 0 0 0 0 0 231 123 120 0 0 146 174 0 0 0 0 0 0 0 250 0 0 138 181 214 0 0 0 175 0 0 0 0 0 0 0 0 162 172 0 0 0 0 0 0 0 0 0 0 200 0 0 0 0 0 162 174 0 191 0 168 0 0 0 184 0 0 0 202 0 0 0 0 0 0 0 0 183 0 0 206 0 0 0 0 0 0 127 0 0 0 0 0 124 0 114 134 0
0 0 0 0 0 0 0 356 0 0 0 0 0 0 0 0 352 237 309 0 0 0 0 0 0 0 321 0 0 0 0 0 0 0 0 265 258 269 0 0 0 0 349 0 0 0 0 0 0 0 0 0 0 0 0 0 0 0 264 312 191 0 309 293 299 359 0 0 267 383 0 319 0 309 0 0 0 0 0 320 0 0 0 345 354 201 242 333 232 328 0 238 0 0 0 337 0 0 0 0 212 0 0 0 0 0 0 187 0 271 0 259 0 361 0 405 0 0 0 316 0 0 0 302 0 0 0 0 255 0 0 0 0 274 0 0 0 302 0 0 0 0 0 319 0 238 0 0 0 0 0 0 0 0 330 352 353 0 0 279 374 218 0 0 0 0 395 0 0 0 0 0 0 0 0 0 0 0 0 0 0 0 0 0 0 0 314 0 0 0 0 0 0 0 193 0 356 0 292 304 0 0 0 0 0 344 342 0 314 0 0 0 0 324 0 290 225 353 306 0 0 332 0 334 0 0 261 244 0 0 390 211 0 0 0 0 0 0 0 0 226 198 0 0 0 0 217 271 0 0 0 0 0 205 313 0 0 0 0 0 0 370 0 0 0 271 0 0 0 278 329 0 0 0 0 0 0 0 0 349 0 412 0 251 0
0 0 0 0 0 0 255 0 0 0 212 158 0 0 188 0 0 0 170 0 0 0 0 0 0 0 0 0 0 0 0 0 0 118 0 233 0 0 0 158 0 0 0 0 0 140 0 0 206 0 254 0 0 0 0 0 188 0 0 0 0 0 0 0 0 0 244 0 0 0 255 0 211 0 288 0 243 0 247 0 0 0 0 0 0 0 255 0 258 213 173 269 0 183 0 0 0 218 0 0 0 0 0 0 0 0 145 0 0 0 0 0 0 0 0 0 0 280 0 0 195 0 0 0 0 0 276 211 0 168 0 177 0 232 0 0 0 0 0 0 210 0 0 0 208 0 0 0 0 0 155 0 0 240 0 0 0 225 0 0 0 0 0 0 0 0 0 0 0 269 199 0 0 0 0 0 266 0 0 0 0 0 0 203 0 0 203 0 0 219 0 0 0 0 0 214 0 0 0 0 0 0 0 0 248 0 0 0 0 0 0 210 0 135 0 0 0 0 0 274 0 0 0 0 0 0 0 246 0 0 0 0 0 0 224 240 247 207 0 0 0 220 0 0 0 0 0 0 246 0 0 272 0 0 0 0 0 0 0 223 271 0 240 0 225 243 0 0 0 0 0 0 0 0 0 0 0 246 0 0 277 0 0 0
0 0 0 0 377 372 248 0 0 0 0 0 215 0 0 0 0 0 229 396 358 341 394 336 0 0 0 376 0 356 337 0 0 0 293 281 0 0 0 297 333 0 209 0 0 317 0 0 0 0 347 0 0 0 382 0 0 368 0 0 0 0 0 0 0 0 334 0 0 0 0 346 0 0 0 0 0 0 0 0 375 375 0 0 304 0 274 0 0 264 0 0 0 0 420 0 0 0 261 0 0 0 292 0 0 0 0 0 0 261 0 0 0 0 432 0 0 0 0 0 336 0 0 378 370 416 0 0 251 251 0 0 324 0 237 313 0 401 0 0 377 345 0 0 0 0 0 314 0 229 333 0 354 0 410 328 0 292 419 0 0 380 282 0 371 0 0 0 0 0 0 0 0 0 329 0 0 0 0 0 0 0 0 0 350 249 360 0 332 0 0 0 0 0 0 0 0 346 0 0 0 250 0 0 0 0 0 0 0 432 0 0 0 311 0 0 0 0 0 0 0 0 248 0 301 0 389 0 0 232 0 389 0 0 0 386 0 0 230 0 0 0 0 366 229 0 0 0 0 425 0 0 0 0 0 0 0 0 0 389 0 0 0 291 0 0 0 0 0 0 0 0 0 0 306 0 0 0 0 0 0 0 0
0 282 0 389 386 240 0 0 0 0 295 0 0 0 307 0 0 233 0 0 0 0 0 423 344 0 0 0 0 0 0 196 0 0 0 364 0 0 333 360 0 0 0 0 0 371 0 270 0 0 432 326 0 0 0 0 0 0 0 0 359 0 0 0 0 313 0 277 0 0 0 0 0 375 0 0 0 0 260 0 0 0 224 0 403 258 0 330 0 0 0 0 421 0 0 0 0 0 329 0 0 292 0 0 0 0 0 462 0 413 0 0 388 430 0 0 318 398 0 0 0 318 0 0 411 351 0 284 300 0 0 0 290 260 362 0 0 272 0 0 364 0 0 0 0 0 0 0 0 0 0 0 413 0 0 0 320 439 0 0 0 0 0 0 0 332 397 0 0 0 0 0 0 316 419 293 266 0 0 0 220 303 0 386 0 350 366 0 0 0 280 0 230 414 0 0 0 0 0 0 275 0 0 0 0 0 309 340 0 0 0 0 0 266 0 0 319 446 0 438 0 0 0 327 0 483 0 442 0 0 0 0 0 0 0 0 395 0 0 0 361 0 0 0 0 0 377 0 418 0 0 0 0 0 0 208 336 331 0 452 0 0 0 0 364 0 0 0 0 0 0 0 0 0 0 319 0 0 0 0 0 0
0 0 0 0 0 0 0 214 144 0 0 0 271 0 269 0 0 0 0 0 0 0 0 196 0 0 0 280 0 0 0 0 0 0 0 0 0 0 0 135 0 140 0 0 0 0 0 0 258 290 199 0 0 0 209 0 0 210 0 0 0 0 0 260 0 0 176 0 271 0 0 0 0 0 0 0 0 159 257 0 0 151 180 277 188 271 0 0 0 0 0 0 0 0 0 199 0 214 0 0 0 0 0 136 269 211 0 195 0 0 0 0 0 0 0 253 258 0 0 0 0 0 0 284 216 0 0 0 0 0 0 0 0 245 0 0 0 199 259 0 0 0 216 0 0 0 0 0 0 143 247 0 0 0 0 0 297 0 0 0 0 0 0 221 0 0 0 186 0 0 0 201 0 0 0 165 217 0 0 0 0 0 0 175 227 0 0 0 0 0 142 0 0 0 0 0 0 0 0 0 0 0 0 0 0 197 0 255 0 250 0 0 0 0 0 0 0 266 0 0 0 218 0 0 0 0 0 0 230 274 247 0 0 0 0 0 163 0 233 0 0 0 0 0 183 0 0 0 0 0 0 0 197 0 123 0 0 0 0 0 244 0 0 0 0 0 0 0 0 0 0 0 0 178 0 0 0 0 166 0 0
0 258 286 158 0 250 249 144 0 0 0 0 0 0 0 0 0 0 0 0 0 0 0 0 0 0 0 0 0 0 0 0 0 0 0 0 0 0 0 164 0 0 243 0 0 0 266 0 0 0 0 0 177 0 225 0 0 0 229 0 0 131 251 0 282 0 0 0 0 0 301 221 280 0 262 0 0 0 305 0 152 0 0 0 0 202 0 0 135 0 0 274 0 251 194 182 0 0 0 0 0 0 0 277 0 0 0 0 0 0 0 0 0 0 0 233 0 0 220 0 0 0 0 0 0 0 0 0 0 248 0 162 0 234 0 0 0 0 0 165 185 0 0 147 226 0 172 0 0 0 0 0 261 0 0 0 0 248 0 209 0 0 211 0 0 0 0 0 281 0 0 0 0 0 192 0 0 300 0 0 0 0 0 263 0 0 0 291 165 0 0 0 0 0 0 217 0 0 0 0 0 0 0 0 198 0 0 0 246 0 0 0 0 0 0 0 0 0 237 0 0 203 0 0 187 274 0 261 0 0 0 0 0 0 0 193 0 0 0 0 247 173 204 180 0 0 0 0 160 0 0 0 0 0 213 218 291 0 229 0 216 0 0 0 223 276 0 208 0 0 278 0 0 0 0 0 0 0 0 0
0 0 0 0 0 0 250 0 0 0 0 273 0 0 261 486 410 367 0 0 406 0 0 444 0 0 0 0 0 299 0 322 0 0 0 0 0 0 0 0 0 335 0 0 292 0 0 0 0 0 0 0 311 0 231 0 377 0 320 402 0 433 344 0 0 0 0 0 0 424 0 0 0 0 0 0 435 0 0 0 317 0 0 0 0 292 0 0 0 0 448 0 0 0 0 0 0 0 331 0 0 0 0 369 0 321 0 0 0 0 448 0 0 357 0 0 0 0 0 0 0 0 296 0 0 300 0 0 353 280 0 0 0 0 278 307 0 0 0 0 340 0 0 332 247 0 0 0 429 0 0 0 0 338 445 0 0 0 0 0 0 0 0 362 0 308 0 0 0 0 0 0 0 0 0 0 0 0 0 0 0 279 0 0 0 0 0 0 247 259 0 0 335 0 0 271 0 0 0 435 436 0 0 315 354 0 0 0 0 0 0 398 0 307 0 0 434 0 282 325 0 0 439 0 0 0 381 0 0 405 0 351 390 0 0 0 0 0 0 0 0 0 0 354 0 0 0 262 401 0 0 0 0 0 0 462 0 0 0 0 0 0 0 0 0 339 337 0 0 0 0 0 0 0 245 0 0 261 0
0 0 0 0 0 211 0 0 333 0 247 0 0 0 0 0 0 387 0 354 0 241 0 0 391 338 0 0 318 0 0 0 0 254 0 317 0 0 226 0 0 0 0 0 0 347 0 0 0 0 0 0 0 0 0 0 0 0 444 0 0 0 0 0 377 0 0 0 0 339 0 0 0 0 0 0 401 0 0 320 371 0 0 0 0 435 183 0 0 375 0 0 0 0 298 0 0 306 0 0 205 0 0 417 0 0 0 0 400 381 361 0 0 0 0 0 0 0 0 0 0 277 0 243 252 0 0 0 0 0 0 0 365 0 0 0 0 0 0 0 266 0 299 0 0 0 0 0 350 0 0 0 351 406 0 0 0 0 326 424 0 302 0 418 0 0 0 269 0 339 393 308 230 335 0 0 0 0 0 0 0 374 0 0 330 0 0 244 0 0 0 0 0 313 0 421 0 0 0 462 0 0 0 0 0 0 0 197 0 256 0 0 0 423 0 386 325 0 0 0 286 0 252 0 0 0 0 0 324 0 0 0 0 0 0 0 0 0 0 0 0 251 340 0 0 0 215 0 0 0 279 0 0 0 0 0 351 296 0 332 0 0 0 0 0 0 418 0 419 0 0 0 0 0 0 0 0 0
0 0 424 339 236 0 0 0 0 262 406 261 268 0 409 0 368 0 388 326 0 0 0 0 388 0 0 0 342 0 0 315 0 0 0 0 0 0 0 303 0 335 0 0 0 0 0 0 0 0 317 364 0 0 0 359 0 458 0 0 315 0 231 416 0 0 0 418 0 0 0 417 393 0 0 0 377 248 0 0 269 0 0 0 0 0 0 0 0 0 0 0 0 0 259 216 322 0 0 0 0 331 0 0 0 0 0 0 425 0 383 0 421 318 0 337 0 455 399 0 0 0 0 0 0 300 339 0 0 0 354 0 0 0 0 0 256 323 0 0 0 0 0 276 377 0 0 0 0 382 0 0 438 0 0 0 0 0 0 0 0 0 0 0 0 0 0 0 0 0 0 0 0 0 0 257 0 232 0 0 0 0 0 332 0 262 0 222 372 0 0 0 326 236 430 306 405 402 0 0 443 0 0 0 0 0 0 0 262 433 0 0 0 0 0 0 0 0 0 0 0 287 0 0 0 0 0 347 0 0 0 0 0 0 0 0 0 0 0 331 0 0 409 0 0 0 0 0 0 308 0 307 0 0 0 368 0 0 0 406 377 0 0 0 0 409 0 0 0 308 0 365 0 0 231 0 0
0 0 0 0 0 0 225 0 0 0 0 0 0 0 0 0 0 0 201 0 0 281 0 0 0 0 202 0 0 0 0 0 0 0 134 0 0 0 0 0 211 0 304 0 0 191 0 266 0 0 240 0 0 233 0 0 0 0 0 0 0 163 0 0 227 0 0 0 0 0 0 0 0 0 0 0 162 0 256 162 0 0 0 0 0 0 285 0 0 252 0 0 0 0 137 0 0 0 0 0 0 269 179 0 278 0 292 0 0 0 0 0 0 0 225 205 0 0 0 214 0 0 177 183 0 250 0 0 0 0 0 157 0 0 242 0 183 0 0 135 0 0 0 0 0 243 0 0 0 240 0 0 0 289 0 0 0 298 0 0 0 245 0 0 273 231 0 206 0 0 0 0 217 256 0 0 145 271 0 0 0 0 0 0 0 0 0 0 0 234 265 0 0 299 0 0 0 0 0 243 0 0 307 0 0 0 237 0 0 0 182 0 0 274 0 0 0 240 166 0 0 0 0 0 0 0 0 0 0 0 0 0 0 0 266 0 0 0 0 0 264 0 0 0 0 0 0 0 0 0 0 214 0 0 0 247 237 246 0 0 0 0 0 0 245 0 288 203 0 243 0 0 0 0 0 0
0 0 0 262 185 0 0 0 0 0 222 0 0 0 0 0 302 0 0 0 339 0 0 0 0 0 0 0 0 0 189 0 293 0 0 0 0 0 342 0 0 373 304 350 0 0 0 0 0 0 0 0 257 272 0 0 155 0 252 334 211 0 342 0 0 0 0 292 0 348 0 0 0 0 0 0 0 0 0 0 0 0 345 0 236 0 298 0 300 0 0 0 203 158 0 0 0 175 351 0 0 0 0 0 0 0 0 0 343 0 0 0 0 0 0 0 0 0 0 0 200 0 0 243 275 0 184 266 0 0 0 0 0 0 0 239 292 0 168 0 0 0 297 0 0 0 0 0 0 0 349 0 308 0 0 272 0 0 228 328 0 0 0 0 0 270 0 0 0 0 0 293 0 0 272 200 324 0 0 0 0 266 362 0 0 0 0 0 264 0 0 0 0 0 338 0 0 0 0 0 0 0 278 0 0 0 0 0 0 0 365 0 0 0 0 269 0 0 0 233 0 0 294 343 0 0 0 317 0 0 0 172 270 0 228 0 0 0 0 0 0 312 0 0 344 293 0 0 147 216 0 0 363 0 271 0 0 0 326 0 0 0 0 342 0 0 0 0 271 0 0 0 169 0 0
0 0 0 217 0 0 0 431 295 0 0 0 0 0 346 393 0 264 0 0 0 393 0 184 0 0 283 0 324 0 0 0 0 0 0 244 0 0 0 0 0 0 0 285 342 0 0 0 0 232 342 385 350 0 0 0 0 0 0 0 396 0 0 0 0 0 0 0 0 0 0 0 0 388 0 325 414 0 0 0 261 0 0 0 0 0 294 366 0 0 0 0 0 355 412 0 238 446 338 0 0 437 0 470 455 486 0 0 0 0 0 390 375 0 0 0 0 0 306 0 0 0 0 349 0 0 0 0 0 295 0 0 0 0 309 0 0 0 0 0 0 390 0 0 460 426 0 0 0 0 0 0 0 355 0 0 0 0 0 0 0 264 0 0 0 0 408 0 0 331 0 446 0 0 248 0 0 0 0 0 0 0 0 0 0 0 306 0 0 308 0 0 0 0 0 0 0 0 0 0 0 312 0 230 0 298 397 307 0 0 0 0 0 0 342 0 263 466 259 0 0 0 463 0 0 0 418 0 0 0 0 0 0 0 0 0 0 0 0 0 0 455 0 0 388 0 0 0 0 0 0 0 0 0 0 0 400 0 0 0 0 0 0 0 412 0 310 382 0 0 0 0 0 0
0 0 0 297 0 0 0 0 211 0 0 0 0 0 303 0 233 0 329 0 0 0 0 0 0 0 0 0 0 0 0 0 0 0 0 0 0 0 0 364 0 0 0 0 0 244 0 0 0 0 0 279 0 0 0 0 0 0 201 0 337 312 0 367 0 347 0 0 0 0 0 324 0 0 288 288 0 0 0 0 0 0 0 0 335 0 0 0 0 265 0 0 303 0 362 204 332 0 340 0 0 356 0 393 0 349 0 0 0 284 303 0 0 0 0 352 0 275 0 0 247 0 333 0 0 0 0 0 0 0 398 0 0 0 0 0 176 0 0 0 0 0 0 0 357 346 0 297 0 0 0 0 0 0 386 296 258 0 0 0 0 0 0 0 0 0 0 0 311 314 0 0 0 178 0 0 0 0 299 288 0 0 0 0 0 0 0 0 0 0 0 235 340 0 0 0 0 0 0 0 0 0 0 0 239 0 0 0 355 0 0 0 0 253 257 0 0 0 0 0 0 0 383 263 293 303 0 0 0 0 299 0 0 0 0 299 0 312 0 0 0 0 0 0 255 0 173 0 0 0 0 0 0 254 297 331 307 0 0 0 0 0 220 0 0 0 0 0 0 0 0 221 0
0 0 0 283 0 246 0 0 0 0 0 0 227 0 0 0 0 0 0 0 0 0 0 207 0 208 172 148 185 235 0 0 0 118 201 0 0 0 231 0 0 0 0 0 0 0 0 0 0 0 206 0 0 127 0 0 0 0 242 0 0 138 253 0 219 197 249 212 153 0 0 0 148 0 0 0 0 0 0 0 0 163 0 0 177 0 0 0 0 0 0 0 0 0 0 0 0 0 0 0 0 0 0 0 0 232 0 239 0 0 0 0 0 0 0 181 185 0 164 0 0 0 0 0 0 0 274 0 0 287 243 147 188 0 0 0 196 0 169 0 0 0 0 0 0 0 177 294 0 0 0 195 0 0 192 0 0 0 0 0 262 0 0 0 0 0 0 0 210 0 0 0 0 0 0 0 0 0 0 0 151 0 137 0 178 0 0 0 0 257 0 0 0 0 0 258 0 0 0 0 0 0 0 0 0 0 0 0 0 0 0 184 181 176 0 0 0 272 0 0 237 0 233 0 233 0 0 167 0 0 0 0 204 0 202 0 0 0 0 0 164 0 224 0 0 125 0 0 256 291 0 0 0 0 0 0 0 0 0 0 0 0 241 0 168 0 0 0 255 0 161 0
0 0 0 0 0 203 0 0 0 278 0 0 0 0 0 321 0 0 262 267 170 225 0 0 0 0 0 0 0 180 0 193 0 0 0 0 0 318 267 319 252 0 0 0 0 0 0 282 0 0 279 0 0 0 0 344 0 0 0 292 0 0 265 0 0 0 268 227 0 0 280 0 0 0 0 0 241 0 0 0 0 0 334 0 0 256 0 0 210 0 271 0 0 0 0 0 0 0 0 0 0 0 0 302 0 0 0 226 0 0 0 349 0 0 0 0 0 0 239 0 0 0 0 0 0 0 0 0 0 335 200 0 0 0 169 0 168 0 0 187 0 0 0 0 279 271 0 0 0 0 0 0 0 0 267 0 312 213 0 0 0 0 0 0 0 0 0 0 378 0 0 185 0 226 0 0 281 0 0 0 0 0 0 0 0 297 235 0 305 0 0 353 0 0 0 0 263 0 0 0 0 0 0 0 290 0 0 321 0 0 0 0 0 0 352 0 0 0 0 0 311 0 309 0 0 283 0 0 0 0 0 281 0 0 0 0 0 0 0 0 0 0 252 0 0 0 0 0 0 293 0 0 0 0 0 0 0 308 235 0 0 0 202 0 0 0 220 320 194 0 0
0 0 0 233 144 0 0 0 203 0 185 0 180 0 0 0 0 196 203 128 187 0 0 183 0 143 0 0 126 0 0 0 0 0 172 154 0 0 0 0 0 0 0 0 0 0 0 183 0 0 0 0 196 0 0 0 0 271 0 0 0 186 0 192 0 0 167 0 230 0 132 0 216 0 0 0 0 0 0 0 0 0 0 0 0 0 172 0 0 0 0 221 0 0 0 245 0 217 235 0 0 264 0 217 213 0 0 207 0 173 235 225 235 174 0 0 146 0 0 0 163 0 0 184 247 148 0 0 245 0 0 0 0 100 0 134 0 212 0 0 0 0 0 213 0 0 0 0 0 0 211 0 0 0 206 0 161 0 0 170 0 0 0 168 0 0 214 0 0 0 0 244 0 0 0 184 0 245 0 128 0 203 0 0 0 169 0 0 0 0 0 0 0 0 0 0 241 0 0 0 0 0 243 0 0 227 0 0 0 167 176 163 152 243 0 221 123 0 0 0 0 0 0 0 220 148 0 216 212 0 178 0 175 0 0 257 0 0 0 0 0 0 0 118 0 0 241 0 0 0 0 0 0 0 0 0 0 0 0 0 247 168 0 0 0 130 251 0 0 0
0 242 0 231 0 0 351 0 0 0 0 285 0 0 0 0 323 0 0 0 0 0 289 263 205 282 0 0 197 0 0 0 0 0 235 0 0 0 250 0 0 0 0 290 0 0 0 0 0 0 0 344 0 0 0 0 0 0 0 393 0 0 0 0 0 0 0 0 0 0 0 300 0 0 0 0 0 0 270 0 0 0 0 0 201 0 0 0 0 0 347 0 0 0 0 0 0 0 0 383 0 333 0 0 0 0 0 0 0 0 0 0 280 0 0 0 0 0 0 0 0 0 268 0 0 0 0 0 0 0 0 255 190 284 180 0 315 0 0 325 0 0 0 0 0 240 0 313 0 337 0 0 0 0 0 0 0 0 0 0 0 0 0 0 0 0 0 0 0 0 0 0 0 0 0 0 0 0 0 0 0 0 0 345 255 0 0 0 0 0 0 0 338 0 0 0 0 0 0 0 0 372 0 230 0 326 325 0 0 282 0 0 0 0 368 0 0 350 0 0 296 0 308 299 0 177 0 0 232 288 0 0 210 0 0 397 0 0 0 0 0 285 0 0 0 0 0 0 0 0 0 0 0 0 0 317 0 0 0 0 0 254 0 0 0 0 0 251 0
0 0 0 281 0 0 421 416 0 0 0 0 0 0 469 413 0 227 0 0 345 0 338 0 293 0 0 0 234 237 0 0 337 0 0 0 445 351 323 0 0 0 0 0 0 0 0 0 482 0 0 0 0 0 0 0 0 232 469 0 0 0 0 0 279 0 0 0 0 0 0 0 0 0 286 0 223 0 0 0 331 0 0 0 0 0 0 0 0 0 0 0 0 0 0 422 0 0 0 463 0 0 379 453 0 0 0 0 0 0 488 0 0 0 0 0 0 0 300 0 0 376 0 0 290 0 0 0 0 0 326 0 0 0 285 381 0 0 0 0 0 0 0 0 305 398 0 0 0 0 0 0 0 0 0 310 0 319 384 376 0 328 0 0 0 459 0 312 0 0 0 0 393 0 340 442 0 0 0 0 0 0 0 0 0 0 0 0 430 0 0 0 0 0 0 0 0 226 0 0 418 0 312 0 437 0 0 0 0 0 306 0 0 0 0 0 421 0 347 0 0 0 0 291 223 0 0 297 0 300 0 0 0 0 0 0 262 0 384 0 292 0 0 0 0 473 0 0 0 380 0 462 0 0 0 0 411 0 0 0 361 421 0 0 474 0 0 0
0 0 0 0 0 0 0 0 0 0 0 306 0 0 0 0 0 0 0 0 0 206 0 0 0 156 0 0 160 0 0 0 0 280 0 0 0 0 0 0 235 0 0 0 0 0 0 0 0 0 0 313 0 0 301 0 0 0 0 0 0 0 0 0 0 326 0 0 0 309 0 0 0 0 0 156 0 0 0 0 245 0 0 0 0 0 0 0 0 0 0 0 0 0 0 0 0 0 0 0 0 0 0 200 0 0 0 311 320 0 0 0 0 0 0 0 0 212 0 265 0 0 0 201 0 0 160 206 0 189 0 0 0 0 0 0 0 0 0 0 0 0 0 0 287 0 0 246 0 0 0 0 0 0 0 0 228 0 252 0 0 191 0 266 0 0 0 0 0 230 0 0 0 0 0 0 0 0 0 0 0 0 0 0 334 0 0 0 0 0 0 0 0 0 0 260 0 0 183 0 0 0 0 271 264 0 0 232 0 0 324 0 0 0 0 0 0 222 0 0 0 0 0 0 0 0 0 226 0 0 0 0 0 0 0 0 0 0 0 0 152 219 0 322 0 0 0 224 239 0 259 0 287 0 0 297 0 0 0 0 0 0 0 274 0 0 0
0 0 0 0 0 0 0 0 0 0 428 0 0 0 0 219 353 0 287 0 334 262 0 0 0 266 218 0 372 0 0 0 0 0 451 327 0 469 0 0 0 0 0 0 0 382 0 221 376 0 393 0 419 0 369 0 395 0 0 367 0 0 0 414 0 0 0 0 419 0 0 0 0 0 0 0 0 0 0 331 0 0 311 0 0 0 0 0 0 0 0 442 0 0 0 0 441 0 0 0 0 0 287 0 0 0 0 421 0 0 0 0 309 284 0 0 0 0 0 342 0 0 0 466 0 0 283 0 323 0 341 0 0 0 0 0 0 0 0 0 371 486 0 462 0 325 389 0 332 347 444 402 0 0 0 0 0 0 0 339 0 0 399 0 0 0 260 0 0 0 0 370 336 0 0 0 242 0 0 0 0 0 0 441 0 0 0 0 0 0 0 0 427 0 0 203 0 0 0 0 0 452 0 0 368 0 0 0 0 0 0 455 275 0 0 0 0 0 0 0 340 0 0 0 397 0 0 0 0 0 0 457 0 0 0 0 0 0 0 0 0 338 0 0 0 362 0 0 0 0 0 0 0 0 0 0 0 322 0 0 446 250 509 0 313 0
0 0 0 0 271 0 0 213 0 0 0 318 0 0 0 0 234 0 0 202 0 0 0 0 0 0 159 0 295 0 0 280 275 0 209 0 276 0 0 0 0 0 0 0 0 331 157 267 0 284 0 0 0 0 0 0 0 290 0 0 261 0 0 0 0 0 0 0 0 0 0 175 276 134 0 0 252 200 236 0 0 0 0 0 0 0 0 132 282 0 0 0 0 0 0 0 0 0 0 0 0 0 242 0 228 0 279 0 0 204 0 195 0 0 0 0 0 0 0 0 0 0 0 0 0 0 0 0 0 0 0 0 0 0 0 0 0 0 0 217 0 0 0 0 0 270 0 246 0 239 0 0 0 0 213 0 234 0 0 166 247 0 289 0 0 0 271 222 0 0 0 0 0 0 0 0 0 0 224 219 0 0 0 0 0 258 0 0 0 0 0 0 0 0 139 0 0 0 0 0 0 265 244 0 0 0 0 0 0 0 279 0 0 0 276 0 0 0 222 0 0 0 0 0 0 239 0 0 0 0 0 0 299 0 0 0 0 0 0 0 0 279 0 256 0 205 246 250 268 223 0 277 223 246 0 262 0 193 0 0 0 0 0 0 0
0 0 227 0 0 272 0 178 281 0 0 0 221 0 0 0 0 0 0 0 0 0 0 150 0 0 0 0 0 0 0 0 0 205 0 283 0 187 0 150 0 0 205 0 0 0 0 0 0 0 0 0 206 143 261 0 0 0 0 0 0 0 0 0 146 203 0 0 0 212 0 0 0 178 0 0 0 0 0 0 184 0 126 0 0 271 0 275 230 0 184 0 0 274 0 0 0 242 219 0 0 0 0 0 300 0 0 0 189 0 0 203 0 0 0 158 0 0 0 179 0 0 0 0 0 214 0 0 0 150 0 230 0 0 0 0 0 0 201 290 0 0 0 0 254 0 208 0 0 0 194 0 0 203 188 210 0 192 0 0 0 0 0 0 0 0 0 0 0 0 0 0 0 0 0 0 0 215 0 0 0 0 199 0 0 271 0 246 0 0 0 0 233 139 210 0 0 0 0 0 0 251 210 0 198 0 0 0 200 0 0 0 0 0 0 0 0 206 0 0 0 224 0 0 226 0 229 0 0 0 0 0 0 0 0 0 0 0 0 0 0 0 0 230 200 0 0 0 0 272 0 0 0 0 0 0 0 206 0 0 0 0 0 0
0 0 0 0 0 0 0 505 0 0 0 0 236 0 399 0 0 0 0 0 0 0 0 0 0 0 474 323 343 0 0 0 0 345 0 0 0 0 0 0 363 0 0 468 0 381 0 426 0 0 515 399 0 0 0 449 0 486 0 303 424 0 0 0 323 0 0 0 0 294 0 216 0 484 471 0 386 0 287 0 262 0 0 0 0 259 0 370 0 0 495 0 502 0 0 0 0 393 0 0 0 394 0 444 0 0 358 343 265 0 0 321 367 0 0 434 0 0 0 0 0 0 0 0 0 0 235 0 268 0 0 250 0 0 0 425 0 0 447 0 0 466 0 0 0 0 0 418 0 0 320 0 0 373 369 0 377 0 0 0 0 235 356 0 0 370 0 423 0 395 0 248 0 0 0 0 0 426 341 0 0 0 0 0 462 0 0 0 0 0 0 387 0 0 0 0 0 0 0 0 385 0 0 0 0 0 441 0 0 293 362 0 0 0 0 0 0 413 0 0 407 408 0 399 273 0 0 0 0 0 451 0 0 0 0 0 0 0 0 0 491 430 345 0 389 0 0 0 0 0 0 0 0 444 0 0 0 0 0 0 0 342 0
0 368 0 0 0 0 0 0 441 0 0 0 280 0 321 0 292 0 0 0 0 0 248 0 291 0 0 0 0 0 0 0 0 0 0 0 0 236 0 0 0 0 0 211 0 0 0 0 0 0 372 0 0 321 0 0 0 0 280 409 426 0 222 0 0 0 0 0 0 0 0 0 0 372 307 0 0 0 0 0 0 0 392 0 0 0 370 387 0 396 0 0 474 0 0 0 367 0 0 392 0 0 424 0 0 0 0 0 0 0 0 0 0 0 0 0 0 0 302 0 0 0 0 0 0 0 0 0 0 0 0 401 0 0 0 0 0 0 255 0 0 0 0 0 0 0 0 0 0 0 0 0 328 0 0 0 0 0 0 444 0 0 0 0 0 0 0 0 307 0 0 0 0 0 0 0 0 0 0 384 276 0 0 0 422 0 0 0 420 0 393 0 0 0 0 0 0 0 410 370 0 0 0 0 0 0 0 0 0 0 381 0 359 389 0 0 0 0 0 0 394 0 0 0 0 257 0 424 478 0 0 0 0 0 0 0 0 318 0 0 346 0 333 0 0 357 0 0 0 345 0 285 0 0 0 0 394 0 450 0 0 0
0 0 0 319 251 0 382 0 0 328 0 253 0 0 0 0 0 269 0 0 0 0 217 0 0 0 0 0 0 0 0 0 413 0 287 0 0 290 0 0 327 395 0 0 0 0 0 0 0 343 0 418 0 0 319 402 354 0 384 374 360 0 308 0 224 0 307 0 0 159 0 0 0 0 333 0 0 0 0 0 0 0 0 0 0 0 415 257 0 0 0 406 0 351 0 281 0 273 0 0 0 0 0 426 267 0 0 0 0 281 0 0 0 0 0 0 0 0 0 0 0 0 0 274 0 0 0 0 0 235 0 0 387 0 360 278 0 241 0 339 0 0 0 0 0 0 0 0 0 0 0 0 0 0 0 0 0 332 0 0 270 0 0 0 0 0 0 313 0 218 210 0 0 274 0 0 0 0 0 0 0 0 0 0 338 0 0 0 0 315 0 0 0 0 0 0 406 0 401 0 0 0 0 0 0 0 0 0 0 413 0 0 0 0 293 0 0 0 0 0 0 335 0 290 246 358 450 0 0 0 0 313 0 0 0 289 0 379 0 0 0 0 0 0 0 0 331 343 0 0 249 0 0 0 0 389 0 0 0 0 0
0 0 290 239 0 0 0 310 0 0 276 0 0 337 316 0 0 0 0 0 0 0 0 0 323 0 0 0 448 301 0 0 292 0 342 226 346 330 332 0 0 188 0 0 0 234 0 0 384 0 424 309 0 363 0 0 0 0 0 0 0 0 400 0 0 330 270 0 0 0 0 404 0 0 0 0 292 0 0 0 0 460 214 417 339 0 0 0 429 0 438 454 0 0 0 0 309 0 0 355 0 365 414 0 0 0 0 0 336 383 0 0 0 0 0 0 0 0 0 0 273 0 297 216 0 0 0 0 0 348 0 0 0 0 0 0 0 403 380 343 0 0 0 0 396 0 0 0 0 294 0 0 0 316 0 0 0 0 231 0 0 408 0 0 388 0 0 0 0 203 0 0 281 311 0 0 0 401 303 0 0 0 0 348 299 370 0 0 0 0 343 0 0 0 0 0 0 0 0 0 0 0 0 0 305 0 0 364 408 0 0 0 0 0 0 0 0 0 0 0 0 0 0 0 0 0 427 0 0 0 0 0 352 195 0 0 0 0 0 0 0 0 0 0 357 441 0 0 416 252 0 0 0 0 0 0 0 279 0 0
0 0 0 360 0 0 346 0 0 0 299 0 0 0 0 0 349 0 0 0 0 298 0 0 0 338 0 416 0 0 0 0 305 380 214 0 0 0 328 0 0 0 273 0 0 307 0 0 0 0 0 0 299 0 0 238 0 0 0 197 0 0 0 0 0 0 395 177 256 0 0 0 0 0 0 0 0 0 0 0 0 0 379 0 356 0 0 357 451 0 361 380 0 0 356 0 0 0 295 0 0 0 254 278 0 223 0 260 0 0 232 0 0 0 0 0 0 0 0 0 279 0 0 0 0 0 0 212 355 0 0 0 0 0 414 0 0 0 0 0 0 325 0 0 370 0 0 0 0 0 301 395 0 0 0 0 401 227 0 232 0 285 0 0 0 0 385 0 0 0 0 0 0 0 0 0 0 0 383 0 0 0 375 0 0 0 0 0 0 0 0 0 0 0 0 0 0 0 0 266 262 0 0 0 0 0 0 0 358 0 369 0 0 322 232 0 0 0 0 0 0 0 255 0 0 394 0 0 0 0 0 0 0 0 0 0 0 0 0 0 0 353 0 0 0 0 306 0 0 401 260 0 0 0 0 0 0 0 0
0 265 0 0 0 0 0 0 0 357 326 0 0 0 0 0 0 0 226 0 0 0 0 0 0 366 414 0 283 0 0 0 0 245 325 383 338 0 0 0 369 0 0 0 0 0 0 0 0 0 387 0 0 0 0 360 0 0 0 332 368 0 0 0 231 0 0 0 453 0 0 0 0 0 0 225 0 0 0 0 0 0 0 0 0 0 0 0 0 0 0 0 0 346 0 0 357 0 0 369 0 0 0 0 0 290 0 0 0 0 0 0 0 0 0 0 0 0 0 0 0 0 0 0 256 0 0 0 397 388 0 0 0 0 0 0 0 0 0 0 0 0 404 403 0 0 0 0 0 0 0 0 0 339 0 0 0 0 253 0 0 0 380 0 0 0 0 0 0 0 0 0 0 0 245 0 0 0 417 393 0 0 0 0 0 0 0 0 0 0 0 0 0 0 393 0 0 306 0 0 268 0 277 0 0 0 0 0 358 0 0 334 0 227 0 0 0 0 322 250 341 0 0 0 0 391 0 0 334 0 0 0 0 0 0 0 0 0 0 0 331 0 0 0 0 0 432 276 428 0 283 0 415 0 0 0 0 0
0 314 332 0 0 0 0 0 0 0 0 0 0 0 0 178 0 0 0 246 0 0 0 324 0 0 0 0 315 0 0 0 0 0 0 0 298 362 0 300 0 0 204 0 0 265 152 355 0 325 0 0 0 0 0 0 0 0 0 0 0 0 0 210 0 0 0 340 301 0 0 0 0 0 0 162 0 0 0 0 0 0 283 0 0 0 0 0 0 0 325 262 0 0 0 0 0 0 0 0 233 0 0 192 0 0 0 0 0 0 0 0 0 221 0 289 0 0 250 188 0 0 0 0 0 0 0 304 0 0 0 276 0 0 0 326 0 0 0 0 0 0 0 0 0 297 0 0 0 0 0 217 0 0 333 156 246 174 0 0 0 314 0 270 0 0 0 0 0 0 0 0 0 0 0 0 292 0 369 0 333 0 0 345 0 0 0 0 0 318 0 0 342 0 0 0 214 0 0 0 0 0 308 0 0 0 0 0 0 0 0 0 0 0 0 0 0 0 192 0 204 0 307 0 0 0 0 0 0 0 0 0 0 0 0 0 0 0 252 0 0 296 305 0 229 315 0 0 0 0 278 0 0 0 0 0 0
0 0 0 0 0 134 202 0 0 0 0 166 0 0 0 154 0 163 227 0 0 0 268 248 0 0 0 0 0 0 0 0 0 233 0 0 0 0 0 0 0 167 0 290 0 0 0 0 295 0 0 0 0 254 0 0 0 0 0 192 300 229 0 283 0 199 0 0 0 0 0 0 222 0 0 201 0 0 0 0 223 292 0 0 0 0 0 0 0 0 0 0 0 0 0 221 0 254 0 0 0 0 0 0 0 237 0 0 246 0 0 0 0 282 0 0 0 0 174 149 0 0 0 0 165 0 0 0 0 0 0 0 0 272 0 215 0 0 0 202 0 296 189 0 0 0 0 0 0 236 0 0 0 0 153 207 0 269 0 0 273 242 0 0 0 149 0 0 0 0 0 0 184 295 0 0 0 0 0 231 0 276 0 0 0 142 0 0 0 0 0 0 0 0 0 0 0 204 0 0 0 299 184 0 0 0 0 0 0 227 0 0 0 0 231 0 0 0 0 194 0 0 281 306 0 0 0 0 0 135 182 0 0 0 0 0 232 0 0 279 248 0 0 0 0 173 0 194 0 0 0 0 0 0 204 0
0 0 0 0 0 345 0 0 0 0 0 0 0 0 0 0 0 359 0 0 0 0 391 0 0 322 0 0 360 348 0 0 364 0 405 0 0 0 0 0 0 0 0 373 0 0 0 0 0 0 0 286 0 0 0 257 0 0 0 0 0 0 501 205 308 473 0 0 0 0 0 0 0 0 0 430 0 0 0 364 0 0 0 0 0 0 0 0 0 0 0 0 0 0 0 486 0 0 306 297 0 277 0 0 0 0 0 387 0 0 278 0 0 404 0 0 0 0 239 338 0 0 390 252 392 459 0 0 0 0 0 0 0 0 335 0 0 385 0 0 447 333 0 441 333 352 0 435 0 0 0 431 0 0 352 268 0 344 0 398 0 0 455 0 232 0 0 0 0 0 304 0 0 0 0 0 0 0 0 0 0 0 0 0 0 0 0 0 0 0 0 0 0 0 0 0 351 302 0 0 0 0 0 507 0 0 0 0 0 343 311 0 0 0 0 0 0 351 0 0 0 0 495 267 0 366 0 0 211 0 0 0 0 0 0 0 0 0 438 0 0 412 334 446 0 0 0 0 0 0 0 467 0 0 0
0 0 0 216 0 0 350 0 0 0 0 0 0 0 227 242 0 0 346 310 0 0 0 306 0 475 269 0 0 225 0 0 0 0 0 0 0 0 394 274 0 0 0 0 0 329 0 398 0 0 0 0 462 366 273 0 0 0 0 0 0 0 0 0 0 0 0 0 0 0 0 0 226 355 432 453 0 0 0 430 297 0 0 0 421 452 0 0 0 375 0 0 340 0 505 411 0 0 0 0 0 0 0 0 319 0 0 365 435 0 0 0 0 0 0 355 0 216 0 242 279 0 0 0 440 0 388 0 0 0 0 0 0 0 0 0 0 0 0 445 326 0 0 0 349 370 495 346 0 0 0 0 0 0 0 0 0 445 0 0 0 0 266 0 0 0 0 0 417 303 0 0 0 0 0 0 0 0 299 0 437 0 371 0 0 276 415 0 0 422 0 0 0 293 304 290 0 0 0 0 0 0 459 0 0 0 434 0 0 0 0 396 356 0 388 248 0 0 431 0 0 0 246 430 0 0 0 212 0 310 0 0 0 0 0 0 0 407 0 0 0 358 0 0 0 0 0 0 0 0 440 0 0 0
0 0 0 0 0 0 0 366 0 0 0 0 269 255 228 0 0 354 338 0 438 0 0 0 446 0 0 388 0 0 0 0 0 0 0 437 0 0 0 0 423 399 240 0 0 0 0 0 0 0 0 423 0 0 0 410 297 0 0 0 0 216 0 444 0 0 0 0 0 0 0 0 0 400 0 228 489 369 439 0 0 0 0 0 0 0 393 386 0 0 360 334 0 0 0 0 0 313 0 0 312 0 0 0 0 338 0 0 0 0 0 431 0 0 0 304 0 0 0 0 0 0 0 0 454 0 0 361 0 0 0 0 0 0 488 0 0 0 0 0 0 0 0 0 324 0 340 288 348 0 436 0 0 0 0 333 0 0 0 0 0 0 258 253 0 0 350 407 0 0 0 0 0 416 0 459 0 314 0 0 0 374 0 0 0 0 0 0 430 0 0 0 0 351 0 260 478 309 0 0 0 0 0 0 0 465 354 0 0 0 0 0 317 440 0 0 266 0 0 0 0 0 0 426 0 0 0 0 0 453 0 0 0 0 352 0 0 0 0 0 0 401 0 0 0 0 0 0 0 0 0 288 0
0 181 268 0 0 0 301 0 0 0 204 227 0 0 273 0 316 0 347 336 415 263 0 414 0 0 0 0 274 322 0 343 0 0 0 0 0 0 0 0 0 189 0 0 0 282 0 359 0 0 414 0 0 0 0 0 0 0 0 0 0 0 0 338 0 314 0 0 304 0 0 0 0 0 0 0 0 0 0 0 0 0 0 0 342 0 0 0 0 0 0 268 376 0 0 0 0 0 0 0 276 0 0 0 0 300 0 0 0 0 0 0 0 0 263 0 0 0 0 0 0 0 0 0 0 0 295 376 0 0 325 258 0 0 0 0 0 0 0 232 0 0 0 0 0 312 238 0 326 0 189 291 0 0 0 328 347 0 0 370 0 0 0 0 0 0 0 0 0 0 252 0 0 0 315 0 0 310 0 0 352 0 0 257 0 0 0 421 0 0 323 0 284 0 257 0 273 381 0 0 0 384 0 0 0 0 0 257 194 0 0 259 0 220 302 0 366 0 0 0 0 0 0 0 0 0 0 0 0 0 0 0 289 0 337 0 0 0 0 0 0 0 377 0 0 344 0 0 0 0 261 0
0 0 0 0 0 0 0 0 366 0 0 0 0 267 0 0 0 0 316 381 0 0 0 0 0 0 212 270 0 0 0 0 0 0 0 0 0 0 386 0 169 0 286 0 0 0 0 0 0 0 0 0 265 0 0 0 296 254 0 0 251 349 0 0 322 0 224 0 0 0 0 0 0 0 0 0 0 0 349 0 0 341 386 0 0 0 0 0 0 0 283 0 0 393 272 0 0 249 0 254 319 261 236 338 300 0 0 0 0 0 0 0 0 0 170 0 0 0 0 202 347 0 0 0 0 0 0 0 0 0 0 285 0 0 297 364 0 0 0 378 0 0 0 0 0 0 0 330 382 0 0 218 0 0 378 339 0 266 0 0 203 0 0 0 0 0 0 214 0 0 0 0 371 0 0 0 0 0 0 0 178 0 0 0 0 275 392 0 0 0 0 0 0 0 370 0 0 196 0 405 0 0 328 0 0 0 0 186 0 0 0 295 0 0 0 326 0 0 0 234 342 0 0 0 0 267 0 0 0 0 320 0 307 0 0 0 0 0 302 0 222 393 0 297 0 388 251 0 0 0 0
0 0 151 0 0 0 0 195 0 0 0 0 180 205 149 0 0 0 0 158 0 0 0 0 0 0 0 179 160 0 0 0 0 0 236 0 0 0 0 0 0 0 197 183 0 179 140 0 0 0 0 0 0 0 0 0 0 0 0 0 0 0 0 0 0 0 0 0 0 0 0 0 0 0 177 215 132 219 0 0 193 0 0 218 0 180 0 0 0 0 219 0 0 0 0 0 0 0 167 203 0 0 190 169 0 0 0 204 0 0 0 0 136 0 0 0 0 0 117 0 0 0 0 184 0 0 135 0 0 0 0 0 171 0 0 0 0 0 0 148 0 0 0 0 149 0 0 225 0 163 116 0 138 189 0 0 152 202 0 0 0 0 0 0 0 151 0 0 0 197 0 217 197 0 0 188 0 0 0 0 0 0 0 0 149 0 187 209 0 0 0 0 0 0 0 0 0 165 217 203 0 0 0 0 0 0 0 0 169 0 161 125 0 0 0 0 220 224 136 182 0 0 0 0 0 0 0 0 0 0 0 164 209 188 0 0 203 0 0 151 0 0 0 185 0 0 0 114 0 0
0 211 0 249 0 207 307 0 0 0 0 0 319 224 0 0 307 0 0 0 0 224 284 0 0 0 0 233 0 0 169 0 0 0 0 0 308 0 0 0 0 0 0 329 0 234 0 0 261 0 0 0 220 0 0 176 0 0 0 334 289 0 0 219 0 239 218 0 0 301 0 0 0 263 0 247 0 0 0 0 0 0 0 0 329 0 0 0 0 0 309 0 214 0 190 0 0 0 0 0 0 0 0 0 0 0 0 0 0 230 264 0 143 0 0 0 0 0 0 0 0 273 269 0 0 200 317 0 0 0 0 0 226 0 302 0 0 0 0 0 0 0 249 198 274 0 0 0 0 0 0 0 288 0 281 0 351 0 0 0 0 0 0 0 0 0 288 0 0 312 354 308 0 0 307 0 274 0 0 0 0 0 0 0 0 0 305 0 0 0 0 0 343 0 376 0 0 334 0 0 286 0 0 0 186 0 0 0 0 0 0 255 0 0 284 293 296 0 304 0 234 0 0 240 0 0 0 0 0 0 0 0 0 0 316 0 227 0 0 0 211 0 0 0 0 323 173 198 0
0 0 275 207 253 0 183 0 0 0 304 370 0 234 0 302 0 0 0 0 0 259 331 0 288 0 0 301 0 180 0 0 0 0 0 0 0 0 0 0 0 0 0 0 0 0 359 0 0 0 0 0 0 0 0 0 0 0 0 0 0 0 0 0 242 236 0 279 0 0 0 0 0 354 0 317 0 0 346 0 303 0 0 0 0 0 298 0 349 0 362 0 233 0 229 0 0 0 0 0 0 0 349 0 0 393 322 0 0 0 0 0 0 0 0 325 0 0 0 0 360 0 0 0 0 374 312 0 298 0 0 0 0 346 0 0 0 253 0 0 0 275 0 290 326 0 0 0 0 0 0 317 0 0 0 392 180 0 0 299 0 0 0 0 0 0 0 0 0 359 0 290 0 0 0 256 0 0 0 0 0 0 0 0 0 0 0 0 0 0 0 0 0 0 212 291 0 0 285 333 341 0 0 0 0 0 0 0 0 0 0 0 299 0 0 0 233 0 0 0 0 0 0 279 0 0 0 0 0 0 0 0 0 345 0 0 0 0 370 0 267 0 0 0 0 0 0 0
0 0 0 0 0 0 199 0 0 0 0 0 0 0 287 0 0 0 0 0 0 0 0 0 0 0 271 0 0 297 0 0 0 0 325 297 0 0 0 0 0 0 0 238 0 0 0 198 0 0 0 316 258 0 0 0 0 0 295 0 0 0 0 236 0 0 0 0 0 0 0 249 0 0 287 0 354 0 0 0 0 0 0 0 0 0 0 0 0 0 0 0 0 0 0 0 0 0 0 0 282 308 0 0 0 0 0 218 0 0 0 0 0 190 0 172 0 0 0 0 0 0 0 0 0 0 268 0 334 0 0 0 357 195 0 0 0 0 0 0 0 196 274 0 0 161 0 189 308 0 0 0 257 267 360 187 0 0 283 214 255 277 209 188 0 0 0 0 0 0 0 223 283 355 0 309 171 0 0 0 0 0 0 0 0 0 0 213 0 0 0 0 0 0 0 0 317 0 0 0 0 0 196 150 265 0 0 261 0 0 212 0 0 0 0 0 0 0 0 0 155 0 0 0 0 291 0 266 279 271 0 248 0 0 0 331 0 335 0 195 0 343 0 369 0 0 0
0 212 0 347 182 193 0 0 0 0 289 0 0 0 0 264 0 0 244 305 0 0 0 0 261 0 0 0 0 256 0 0 322 0 0 204 0 0 0 0 0 0 0 0 412 312 203 0 0 0 0 277 220 0 0 0 0 0 0 0 0 0 0 0 0 0 0 0 184 391 0 360 0 0 0 0 0 366 296 0 333 0 0 0 0 0 0 0 0 0 267 0 0 245 263 0 221 0 0 0 0 0 0 0 322 0 262 0 0 0 0 0 0 0 202 0 351 0 0 0 0 0 205 0 0 0 0 359 0 263 0 0 0 0 0 0 0 0 340 0 0 0 0 0 0 288 210 0 257 337 0 297 0 0 0 0 0 0 0 307 0 0 0 385 0 328 0 0 316 0 0 312 0 0 0 0 0 0 0 0 0 0 0 0 0 0 0 0 0 0 0 362 0 311 368 0 0 0 0 0 301 0 191 0 0 0 0 0 283 233 0 0 0 0 0 0 0 0 0 0 0 0 0 0 319 0 265 0 0 0 0 0 0 0 0 0 0 0 0 0 0 253 0 198 0 0
0 244 0 0 0 198 0 275 0 0 0 0 0 364 0 0 309 0 0 0 165 0 0 0 0 0 0 0 0 0 0 0 0 0 0 0 0 0 0 0 284 0 0 0 0 0 0 0 0 0 0 0 0 161 0 0 0 0 0 226 207 0 0 0 253 0 0 0 362 0 0 0 0 0 355 350 316 0 0 249 0 0 0 272 0 339 0 365 0 244 196 0 219 0 0 0 0 0 281 0 212 0 0 330 0 0 257 202 0 0 0 0 285 0 0 336 0 0 0 0 0 0 0 0 0 0 0 0 0 0 0 0 0 0 0 0 0 0 0 0 0 0 0 182 253 187 0 246 0 0 0 0 316 0 174 180 0 0 275 0 253 0 0 251 331 0 0 297 0 0 0 0 0 280 159 0 0 0 234 0 0 0 0 0 0 0 0 228 320 0 0 0 0 0 0 0 279 285 0 0 0 0 0 0 0 0 0 0 207 0 0 287 0 0 0 0 0 0 0 0 0 0 0 0 0 0 264 0 0 0 0 0 246 0 187 0 0 0 278 0 0 0 204 222 0
0 0 138 0 0 0 0 256 0 0 0 0 0 0 191 0 0 228 0 0 0 0 0 0 283 153 277 183 0 0 0 0 0 0 0 0 0 0 241 204 0 0 0 0 0 0 259 168 0 0 0 0 0 0 0 0 158 0 178 0 0 0 0 195 0 0 0 0 0 0 207 0 0 0 263 0 250 0 0 0 0 0 202 0 274 0 0 0 0 174 0 0 0 0 0 0 0 208 278 162 0 0 0 171 184 0 0 0 0 0 0 0 0 218 0 0 0 228 0 0 163 0 0 190 0 0 0 0 242 270 0 0 0 0 193 216 0 0 0 0 222 255 0 0 155 0 0 0 0 237 0 0 171 0 0 0 190 0 0 170 158 0 0 0 0 0 0 0 179 0 0 215 0 0 0 0 0 0 0 0 0 252 0 0 0 200 0 272 163 0 0 0 0 0 211 0 0 0 234 0 0 238 242 0 232 0 0 169 220 0 0 0 0 0 0 0 0 122 0 0 0 291 0 0 200 222 219 0 0 269 239 0 252 166 283 0 0 0 0 167 0 0 0 0
0 167 172 0 0 0 307 0 209 0 0 0 0 0 0 0 0 0 0 0 0 262 0 303 0 288 0 0 203 0 0 267 161 0 0 0 246 0 284 0 246 0 281 176 0 318 178 0 260 0 297 0 0 0 0 0 0 0 0 0 203 0 0 0 0 0 0 0 0 0 0 0 0 0 0 0 0 271 0 0 0 0 0 0 0 0 0 0 0 212 229 218 0 0 0 278 0 0 184 0 0 258 165 237 0 0 0 0 0 191 0 181 0 0 0 0 0 0 0 217 282 0 0 0 338 0 0 0 0 205 0 297 0 0 0 330 0 0 0 0 0 0 0 0 0 234 0 319 0 237 0 0 0 0 0 0 0 292 0 170 0 0 0 0 0 0 0 0 0 0 0 0 0 231 0 0 0 0 0 272 0 290 0 0 237 222 0 188 0 0 0 0 0 0 0 0 263 0 188 0 0 289 0 0 202 0 0 0 313 0 0 0 0 249 0 0 0 0 0 0 0 0 0 0 0 0 0 0 0 0 0 0 0 0 0 0 0 0 0 0 185 0 0
0 0 244 0 0 0 0 0 0 0 0 278 0 0 0 294 334 0 0 319 0 0 427 214 0 298 0 0 0 381 0 198 0 0 0 0 368 0 300 0 395 0 0 0 0 260 0 0 0 378 170 0 0 393 0 0 0 0 0 0 216 316 0 0 0 438 0 385 0 346 391 407 443 410 343 0 341 0 0 0 0 0 0 0 0 0 0 0 0 0 0 0 0 0 0 0 0 0 280 0 0 246 0 325 0 0 317 0 258 376 0 0 0 0 0 0 0 0 0 0 0 0 0 0 0 0 0 429 0 0 0 313 0 0 0 0 0 0 347 0 0 0 0 432 0 0 363 0 0 0 0 0 0 361 0 0 0 0 251 0 0 0 0 443 393 0 0 326 426 0 369 0 0 0 353 328 270 0 363 0 0 0 0 331 0 405 0 0 247 0 0 0 0 0 0 336 0 213 0 0 0 0 0 0 0 0 0 0 0 0 0 0 0 0 0 0 0 294 0 0 0 0 0 0 0 0 0 0 361 297 0 0 0 0 0 0 347 0 0 0 284 0
0 144 114 175 0 0 177 0 206 0 0 0 236 0 0 200 0 184 0 0 0 0 124 0 0 0 0 209 207 0 0 0 0 0 0 223 0 0 0 0 0 121 174 0 0 0 203 0 243 0 0 231 238 0 0 0 0 0 0 0 0 217 0 0 0 0 0 169 0 0 0 0 0 0 0 0 0 0 0 0 0 0 234 0 0 0 0 0 0 149 203 0 0 0 0 0 0 0 0 0 0 0 0 0 128 0 0 0 0 141 0 0 0 0 0 0 0 0 0 196 176 213 0 0 0 228 0 0 0 0 0 0 0 235 0 0 199 0 0 124 0 0 0 183 222 0 0 0 223 0 0 0 0 0 190 0 0 123 0 166 229 230 0 0 217 0 0 0 0 201 127 0 0 0 182 0 0 0 0 0 0 0 179 151 242 0 0 0 0 240 0 0 0 0 0 0 0 0 209 0 0 0 0 0 0 0 0 0 0 0 0 196 186 0 0 0 0 0 0 0 180 170 0 0 0 0 0 0 0 0 0 238 168 0 0 0 0 0 144 0 0
0 0 0 0 0 0 0 0 0 0 0 243 0 0 0 0 0 221 0 0 0 0 0 195 0 0 0 0 0 0 0 220 0 0 235 0 0 0 0 205 0 0 0 172 277 0 0 0 0 0 238 0 157 0 0 0 0 0 134 0 0 260 121 0 0 0 179 0 0 0 0 0 0 0 0 230 0 0 0 198 266 0 0 0 0 0 0 190 0 0 0 0 0 0 0 0 0 0 248 0 0 210 0 108 0 138 0 0 0 0 0 0 0 253 223 0 0 0 0 0 219 298 0 0 238 0 182 0 0 0 0 0 0 0 0 0 0 0 0 0 138 0 168 0 255 0 0 237 0 0 0 218 0 0 0 0 140 0 0 246 0 284 0 235 0 0 255 0 0 0 0 0 0 0 0 0 0 254 217 0 0 188 0 0 0 263 0 243 0 283 0 0 236 229 212 0 0 0 0 0 0 0 0 0 0 0 0 250 0 0 213 0 0 0 185 0 0 0 0 0 0 0 0 0 211 0 0 0 0 0 267 0 161 222 0 0 234 161 0 0
0 0 0 0 0 239 206 255 0 0 0 0 181 0 0 0 225 0 0 272 0 0 0 0 0 216 0 0 123 0 0 0 0 0 245 0 0 0 0 0 174 0 0 0 0 0 0 0 0 0 0 0 0 0 0 0 0 0 0 0 0 0 0 0 0 0 263 0 0 0 0 0 0 0 0 0 225 0 0 279 0 276 0 0 0 0 171 0 0 152 0 0 0 0 0 0 0 0 0 173 0 176 128 189 0 0 0 154 0 0 221 0 0 0 0 146 0 0 197 0 0 0 0 240 0 0 0 0 0 0 0 0 0 0 0 0 0 0 0 166 0 0 0 233 210 0 256 0 129 0 0 185 0 237 0 138 0 0 0 0 0 0 249 159 237 260 0 220 0 205 149 0 0 0 0 0 245 0 190 182 207 159 0 188 0 140 0 0 292 209 0 240 0 0 0 0 0 0 0 0 137 0 0 0 0 0 0 0 0 0 0 0 0 0 0 0 288 0 0 0 0 220 0 217 0 227 0 0 0 0 0 0 0 0 164 0 0 0 0
0 0 0 0 226 236 0 0 0 0 0 0 214 0 0 202 0 0 0 119 0 0 0 0 0 0 0 0 0 0 214 0 0 0 0 0 0 0 0 0 0 0 0 177 0 0 0 0 221 0 0 0 0 0 0 0 0 0 0 0 123 0 0 0 173 234 0 262 0 0 0 255 0 0 0 0 0 0 250 0 0 0 0 148 0 0 0 0 0 0 188 0 0 0 0 248 0 144 0 0 0 0 0 0 0 191 0 210 241 0 0 0 187 0 0 0 0 0 0 0 0 163 0 0 0 0 223 0 0 0 0 203 0 0 0 0 0 164 0 218 0 194 217 0 193 0 0 136 0 0 0 0 0 0 0 0 177 0 212 258 0 221 0 190 0 180 0 0 0 153 0 0 160 0 0 0 0 0 0 0 145 0 0 0 0 0 249 0 207 0 224 0 202 145 0 0 0 0 0 0 0 0 0 0 0 0 0 234 0 0 0 0 170 0 0 0 0 199 0 0 0 0 0 0 0 0 0 0 0 0 0 0 0 0 0 0 0 0
0 0 247 357 0 0 0 0 0 0 0 0 0 0 0 268 0 0 0 0 0 0 0 290 0 309 0 0 277 0 0 0 0 0 0 0 0 0 0 0 0 0 0 0 0 0 226 0 317 0 0 0 0 0 0 193 300 0 349 0 0 293 0 236 0 0 0 371 363 329 0 0 0 0 0 0 286 0 307 0 0 0 0 0 0 0 323 0 0 0 0 380 0 0 0 330 0 262 0 0 0 269 0 217 0 0 0 0 0 310 0 0 0 229 0 0 0 0 0 0 0 333 0 0 0 0 0 291 0 0 0 0 0 0 385 0 271 0 0 250 0 0 279 0 0 0 0 0 280 232 0 0 259 0 0 234 308 0 0 0 0 0 288 0 0 309 197 0 219 312 0 0 0 0 0 0 0 284 0 0 358 228 0 0 0 0 0 0 0 341 0 0 225 0 298 0 0 0 0 0 234 0 0 0 0 0 0 0 0 273 154 240 0 0 377 0 0 0 0 0 0 0 0 0 0 354 222 351 0 0 315 0 200 0 195 238 0
0 0 0 0 0 0 297 0 263 0 384 237 0 0 0 0 0 0 0 296 0 0 0 0 0 0 0 0 0 0 0 0 298 376 0 0 0 0 0 0 0 0 0 0 0 285 0 392 0 0 281 0 0 0 0 356 0 0 0 0 0 0 0 0 0 0 404 0 0 424 0 0 0 0 0 0 0 0 0 0 0 0 0 324 0 0 0 0 0 0 471 0 307 0 400 0 0 0 0 0 354 0 0 338 0 0 416 0 0 0 0 0 262 0 365 0 0 0 0 302 0 0 0 0 0 0 0 0 0 0 0 335 0 0 0 0 0 0 0 397 432 0 0 0 0 232 0 0 0 0 0 0 258 473 0 0 0 498 0 0 0 341 0 339 0 218 0 0 0 0 279 0 398 0 0 302 0 307 0 0 0 0 266 0 0 0 0 0 0 0 0 257 191 0 0 291 324 240 0 0 0 0 0 0 258 396 0 0 0 210 0 0 0 0 364 0 0 0 383 436 0 0 0 0 371 0 0 0 285 385 416 264 0 0 0 0
0 0 310 0 0 253 0 0 0 0 0 0 0 0 0 0 0 0 284 356 223 305 348 0 0 0 0 0 312 0 316 0 0 345 0 221 250 0 0 335 0 0 362 0 0 0 0 0 274 0 0 0 0 169 0 0 0 189 0 0 0 0 369 0 0 0 0 0 0 0 0 0 0 0 0 0 0 377 0 0 0 0 0 235 0 217 211 311 0 0 0 0 0 0 0 0 0 240 0 0 0 0 0 0 0 352 0 0 0 286 364 228 0 0 0 0 362 267 256 0 0 0 0 326 291 258 263 0 0 244 0 0 0 0 0 0 0 0 0 0 0 0 0 0 0 201 0 0 0 0 0 0 0 0 0 0 0 364 0 250 0 0 0 280 0 0 0 329 0 222 0 0 0 0 0 0 239 0 383 0 0 0 0 0 0 0 313 0 0 0 0 0 0 0 0 296 0 0 0 0 330 0 0 0 0 0 0 0 0 246 262 373 0 0 0 256 291 286 0 270 0 0 254 0 0 0 229 0 287 371 0 0 0 0 0
0 0 0 0 0 324 218 0 0 163 227 0 242 256 0 170 0 0 0 0 0 304 244 0 336 0 0 0 0 0 0 0 0 0 162 210 291 198 0 0 0 0 0 209 0 0 0 243 183 0 0 0 0 0 0 0 0 331 0 262 210 0 0 0 0 0 286 0 265 0 0 0 273 0 351 0 0 215 0 0 0 0 0 271 0 0 0 0 0 0 186 0 0 0 0 0 0 0 0 0 0 0 149 294 0 304 0 0 0 0 0 0 283 0 0 0 0 0 310 283 0 0 0 213 0 0 0 0 181 241 0 353 0 0 179 0 0 0 0 255 0 0 0 0 0 0 0 221 0 0 0 0 0 0 0 0 0 0 0 273 0 0 280 169 237 0 0 0 197 0 0 0 292 205 0 0 0 0 0 0 187 0 0 0 0 0 0 0 0 0 157 0 0 0 0 0 0 0 0 0 328 0 0 0 0 203 0 148 0 0 305 0 0 0 0 0 0 0 0 0 254 0 0 0 0 0 188 0 0 0 0 0 0 0
0 0 0 298 0 320 322 399 0 0 355 0 0 0 0 0 0 414 292 420 0 371 239 0 374 0 0 0 0 0 396 505 0 248 296 0 0 431 324 0 0 0 0 393 0 305 382 0 0 343 0 0 0 399 0 0 0 318 0 299 0 0 0 0 423 0 0 400 0 0 0 0 0 0 445 0 332 0 0 0 0 0 0 0 0 389 0 0 265 0 0 0 0 0 0 0 210 349 0 267 323 0 0 0 0 0 0 0 0 0 0 388 0 407 0 0 339 0 0 0 253 0 0 0 350 411 0 0 0 393 434 240 0 0 402 307 0 389 0 0 422 0 0 0 0 317 0 394 0 265 0 0 0 0 0 0 0 0 0 0 351 0 0 341 0 0 348 0 427 0 0 0 345 324 0 0 0 0 456 272 0 428 0 0 419 375 339 357 0 0 0 330 0 426 251 0 0 0 0 459 420 0 0 390 300 0 0 0 326 0 0 0 0 0 0 0 0 0 382 0 0 444 0 0 0 0 0 0 0 0 0 0 0
0 276 0 0 258 0 0 222 0 0 0 0 412 0 0 0 412 0 0 395 0 0 443 328 0 0 0 344 0 363 0 363 0 323 0 270 0 0 0 0 0 0 374 0 0 0 271 0 287 0 0 0 359 0 0 413 315 387 0 0 394 0 0 0 0 0 303 353 0 0 0 0 0 0 407 0 0 246 0 0 0 368 296 222 0 0 0 0 0 0 335 0 277 342 0 218 302 195 0 386 0 362 0 0 409 0 0 0 0 0 0 323 345 367 0 0 356 0 0 0 421 0 0 0 430 301 259 0 338 379 0 0 0 0 0 382 0 0 328 426 0 0 0 0 0 0 0 0 0 0 0 0 0 0 0 0 0 353 0 344 349 0 0 248 391 0 0 434 0 0 0 0 0 326 281 0 0 0 0 319 0 0 0 0 0 0 0 0 0 0 0 249 0 0 0 0 385 0 0 441 0 366 0 0 0 183 0 0 0 382 0 0 0 0 332 402 356 0 0 0 0 251 434 0 0 0 442 0 426 0 0 0
0 305 0 0 0 0 0 0 0 0 0 523 0 0 0 0 289 420 0 0 220 0 0 0 0 0 0 309 0 0 0 0 0 0 0 0 0 278 0 0 0 0 0 0 0 0 288 0 0 0 0 0 0 0 0 0 0 0 0 0 0 480 0 0 0 0 0 0 0 0 0 456 0 482 0 0 0 0 0 0 0 0 0 361 390 0 253 365 0 0 244 0 0 0 226 0 0 0 0 0 366 0 0 362 398 0 0 0 0 0 0 0 0 379 302 0 0 0 0 0 0 0 0 0 0 0 0 0 0 244 0 0 0 0 433 0 0 0 0 0 257 240 363 0 0 376 0 0 507 0 0 401 0 0 0 0 0 0 361 0 0 0 277 0 0 291 458 473 0 406 0 0 339 0 0 276 0 0 0 0 0 383 0 0 0 362 0 0 0 0 0 373 0 353 299 0 0 0 0 0 0 0 378 0 242 0 0 0 0 0 406 0 0 0 0 0 0 0 0 479 297 0 0 0 0 0 0 0 0 0 0
0 0 0 262 0 0 0 0 0 0 0 0 284 0 0 0 0 0 0 0 303 0 0 235 0 0 211 0 0 285 0 0 0 204 314 0 0 333 144 0 0 0 0 253 0 0 0 0 164 0 0 0 146 308 0 0 0 314 290 0 0 0 308 274 0 0 239 0 0 0 0 306 0 0 0 0 202 0 0 0 0 0 302 0 0 0 197 0 0 182 0 255 0 0 0 158 0 0 0 302 0 0 0 0 0 328 176 0 0 0 0 0 266 0 289 0 228 221 327 0 0 0 0 0 0 0 0 0 0 0 202 0 0 0 0 0 0 0 181 158 0 262 0 0 0 0 0 0 0 0 0 343 0 264 204 0 0 0 296 0 0 0 312 0 221 0 318 0 299 214 214 0 0 0 225 0 0 0 291 296 0 312 0 0 272 0 0 270 0 0 268 201 0 0 282 330 0 0 0 0 0 0 0 155 0 0 300 0 0 0 0 0 284 276 0 0 0 0 0 202 0 0 0 0 329 0 308 0 0 0
0 0 0 274 180 0 0 0 0 314 0 257 0 0 0 0 0 0 0 0 0 0 256 0 0 0 0 0 0 0 0 0 198 0 0 0 0 0 0 0 0 202 0 0 0 0 0 163 247 0 0 168 0 0 0 239 0 0 0 0 0 0 0 0 0 0 0 0 231 0 0 0 224 0 0 0 0 0 280 0 0 0 0 320 183 0 0 0 0 0 0 0 0 0 0 0 0 0 284 0 0 0 0 0 0 0 0 244 0 282 0 0 0 0 303 208 0 0 0 0 0 0 0 0 0 0 0 157 0 0 0 0 0 0 242 256 0 0 0 0 0 235 0 283 0 0 0 243 0 0 342 0 0 0 0 0 0 0 0 0 0 0 0 0 337 0 282 0 203 230 242 0 0 208 347 173 0 0 0 253 0 0 0 0 0 173 255 0 0 0 0 0 0 295 0 0 0 0 0 0 0 0 0 0 247 0 327 271 0 0 256 0 0 0 0 0 0 0 0 0 0 0 0 305 178 0 171 0 0
0 377 0 0 325 0 0 397 524 0 0 0 0 255 0 0 0 240 0 0 0 410 0 0 0 421 493 0 0 365 459 0 0 0 284 0 225 0 0 0 0 0 0 0 0 0 266 0 0 541 0 0 0 0 0 467 442 0 516 0 0 0 0 0 0 437 0 0 0 414 0 0 0 308 277 0 338 0 0 0 0 421 481 0 0 0 0 0 319 0 0 0 0 254 0 366 266 0 447 0 0 0 0 0 0 459 0 340 0 0 0 0 406 0 300 0 477 0 0 0 0 0 0 0 0 502 274 341 0 0 0 0 452 0 0 0 0 0 0 0 0 0 0 0 263 0 0 0 436 0 0 0 0 0 486 0 0 0 0 0 505 396 0 0 0 0 0 0 0 343 0 0 0 0 0 0 496 439 0 0 0 0 0 0 0 0 0 303 0 0 389 0 0 0 0 0 264 0 0 0 0 213 0 0 0 0 424 374 0 373 443 439 399 474 0 343 0 308 0 314 0 0 499 0 528 0 0 0
0 0 0 0 0 0 0 0 162 0 0 320 162 0 313 268 0 344 0 257 0 316 0 0 0 0 0 0 0 0 0 0 221 0 0 160 0 0 0 200 0 0 0 0 219 0 0 0 0 0 0 236 296 0 0 0 0 0 0 0 301 0 311 0 0 0 0 0 0 0 0 0 0 0 0 239 246 0 0 0 0 299 195 218 0 0 0 0 272 0 136 223 0 195 0 0 297 0 0 265 0 237 0 0 0 0 0 283 0 0 0 287 323 0 0 0 0 0 0 0 251 185 0 0 0 0 0 0 0 228 0 0 232 0 0 0 0 0 0 216 0 267 0 182 0 0 0 0 0 0 0 0 0 320 0 0 167 0 0 0 227 0 311 318 0 0 0 0 0 0 0 0 0 0 0 0 0 253 0 0 0 0 0 0 0 0 0 0 0 0 199 0 0 0 0 0 0 0 0 243 0 0 0 0 0 248 0 0 0 289 0 0 0 302 0 330 0 333 0 0 0 0 0 0 0 0 0
0 189 0 0 267 0 0 0 0 0 344 0 0 0 0 0 0 0 0 0 346 0 206 290 342 0 0 0 0 211 0 0 0 0 0 223 0 0 0 0 0 188 0 0 185 271 0 0 173 0 271 0 0 0 0 0 344 0 321 0 292 319 0 0 0 0 0 333 0 0 0 0 217 0 0 0 0 194 308 0 0 0 0 0 0 199 0 0 0 0 0 0 200 320 0 284 0 0 355 327 259 0 0 328 0 0 0 0 0 0 0 0 216 0 322 255 0 301 377 265 0 293 0 0 168 0 207 0 0 0 0 265 261 0 195 0 0 0 0 0 0 0 205 0 0 0 318 0 324 0 259 0 0 241 0 0 0 205 0 0 0 0 0 0 0 0 0 0 211 0 0 0 0 0 0 0 301 0 0 296 280 0 0 0 0 0 0 218 0 0 0 381 0 376 0 0 0 246 0 179 244 0 0 0 303 295 0 258 334 0 0 339 296 0 0 0 0 263 0 0 0 0 0 209 0 0
0 287 332 0 0 392 0 0 0 0 0 384 0 348 0 371 0 0 0 0 0 0 0 0 0 0 0 0 284 0 305 244 0 0 0 0 363 0 0 0 0 0 0 0 278 340 379 0 0 0 0 0 0 0 0 0 431 0 0 0 0 0 0 358 0 0 0 365 0 281 0 0 0 0 0 0 251 0 0 0 0 276 0 0 0 0 0 0 169 0 0 0 0 216 0 0 0 0 0 0 0 0 421 0 0 365 0 0 276 383 0 0 0 407 0 0 0 393 0 0 0 0 0 200 311 0 354 0 0 324 0 0 0 0 0 0 330 0 290 384 281 0 428 0 0 0 0 0 0 0 0 0 0 0 203 0 0 0 0 0 0 0 0 0 0 0 0 0 0 0 421 0 0 413 0 317 0 350 0 336 0 0 0 0 0 0 237 340 240 0 0 397 417 0 0 0 262 332 196 0 0 0 0 328 0 0 0 337 0 332 0 0 0 0 0 0 284 0 0 389 260 432 0 0 0
0 0 0 0 255 126 0 182 0 0 0 281 210 0 269 0 0 0 0 0 0 222 258 251 0 0 0 0 0 0 0 0 114 0 0 0 0 0 0 0 0 0 0 0 235 0 0 0 0 0 0 0 0 0 0 0 0 0 0 0 156 0 0 186 0 0 230 0 183 0 0 163 177 227 158 0 228 0 0 0 0 0 0 0 154 0 0 0 0 140 162 0 0 0 0 0 222 0 187 0 152 0 0 0 0 0 0 0 0 236 0 0 234 0 0 189 0 0 0 0 0 0 0 0 137 247 0 0 0 0 209 255 0 0 0 200 0 183 0 0 0 0 0 0 0 253 0 0 182 0 0 0 0 0 0 162 252 210 0 288 201 226 0 0 181 0 168 0 165 0 0 239 0 0 0 229 196 198 0 162 0 0 0 0 231 0 0 0 0 0 0 0 0 0 0 191 0 121 170 0 0 249 0 194 188 0 0 0 0 0 224 0 0 0 286 0 0 0 266 0 0 0 174 0
0 278 0 353 171 0 0 0 221 0 0 0 0 0 284 0 0 344 0 0 0 0 0 0 0 0 0 0 0 198 0 0 240 0 368 0 0 236 0 259 0 0 0 0 0 0 0 0 0 0 0 0 0 351 0 0 0 0 320 0 302 0 265 0 0 332 0 0 227 0 0 0 0 226 193 0 0 364 0 240 0 0 0 0 0 0 0 0 0 0 295 178 310 381 0 305 0 282 0 0 0 301 0 304 338 0 0 0 333 0 0 0 0 0 0 0 0 219 0 317 0 0 0 0 0 0 0 303 0 285 403 0 186 0 0 0 267 0 0 0 0 0 0 0 0 0 0 0 0 391 0 0 0 0 0 0 0 0 0 0 0 0 0 0 0 0 0 0 370 0 0 0 0 0 312 319 0 0 0 191 0 303 221 0 209 0 0 306 0 0 0 0 0 0 250 0 0 0 0 0 350 0 0 0 0 0 316 0 0 0 239 0 0 339 0 0 0 0 212 369 0 0 0
0 0 0 0 365 286 0 0 331 0 0 0 409 288 0 0 0 0 0 0 0 0 234 0 0 0 0 0 0 0 0 0 0 0 0 330 0 0 0 0 177 0 0 0 0 0 0 0 0 392 0 0 0 0 0 0 315 0 0 0 0 0 0 0 0 274 0 259 0 0 0 0 0 0 0 0 0 227 0 0 0 0 0 0 0 0 276 0 0 0 0 0 0 0 0 357 0 0 248 0 0 0 0 0 0 0 0 0 0 0 0 0 0 0 0 273 0 0 322 0 0 0 211 378 0 0 0 0 301 0 0 0 0 323 0 0 344 0 218 400 0 0 337 351 0 333 0 0 0 0 330 0 0 0 0 0 0 0 0 349 365 0 296 0 232 0 0 0 228 0 0 0 0 313 0 335 0 0 0 0 0 0 0 226 0 0 0 0 0 402 0 0 316 0 269 0 273 0 0 0 296 0 0 0 0 0 0 351 0 0 0 232 0 0 0 319 0 0 0 0 0 0
0 0 0 0 284 0 0 0 0 0 0 0 0 0 0 0 0 0 0 0 0 196 0 0 0 0 0 0 0 0 241 0 312 0 0 0 0 0 0 167 283 0 0 0 0 0 326 0 0 0 0 0 345 0 0 314 0 0 0 0 263 0 0 0 0 0 0 0 0 0 0 0 203 0 320 0 211 246 0 0 0 0 0 0 166 240 0 0 0 0 0 0 0 0 0 0 0 0 337 0 0 291 361 0 251 0 0 0 0 0 0 0 0 0 255 223 0 0 371 0 240 0 0 0 334 0 0 303 0 192 0 0 337 231 252 0 0 0 0 233 0 0 0 351 0 247 0 0 0 0 178 0 0 0 0 0 386 0 0 0 0 0 0 196 0 0 0 0 0 0 0 0 330 317 0 0 193 0 0 285 240 0 0 0 0 0 0 0 0 0 0 0 0 0 146 0 0 298 0 0 0 0 0 0 0 258 334 0 0 0 0 0 235 0 0 0 0 0 0 199 0
0 0 0 304 0 0 0 0 312 0 0 0 0 0 343 0 0 379 410 0 0 0 393 0 0 310 0 0 0 0 0 0 0 0 0 0 250 0 0 293 0 0 0 403 0 343 0 0 0 0 0 346 0 0 0 0 279 0 0 0 0 0 0 0 251 0 0 0 0 0 0 0 0 0 399 0 0 0 0 0 0 0 0 0 0 0 0 0 217 0 0 0 0 0 0 0 237 0 0 0 0 362 0 254 0 0 0 0 0 0 0 0 0 287 0 0 0 404 211 283 216 339 297 0 0 0 0 371 0 0 0 0 276 312 0 0 0 0 0 0 360 0 0 0 0 0 387 0 0 0 0 0 0 295 258 0 350 370 295 0 299 257 222 399 0 0 0 0 0 0 0 369 0 0 356 0 0 0 0 0 331 237 0 0 348 385 0 0 0 344 0 0 249 0 0 306 0 0 326 0 0 0 0 0 0 0 0 296 376 0 342 0 0 0 0 0 0 209 280 0
0 415 381 0 0 0 486 0 0 0 0 0 0 0 0 0 0 0 0 297 356 0 0 490 335 310 0 0 0 0 0 313 0 0 0 322 0 227 397 0 0 0 0 0 0 0 0 0 0 488 0 0 0 352 0 0 0 362 367 0 0 498 365 0 0 0 0 0 0 0 0 0 0 0 281 0 506 430 0 337 382 0 243 0 263 0 0 274 0 440 0 448 0 367 415 0 0 397 347 394 0 0 0 0 0 0 0 510 0 0 0 0 384 271 0 0 536 0 0 288 0 0 425 0 0 362 0 287 235 0 0 293 389 0 0 0 0 0 0 0 492 0 421 0 0 0 0 376 0 0 0 0 0 0 463 0 451 419 0 0 0 0 0 0 0 0 0 0 473 374 387 0 0 0 251 0 0 0 0 0 0 0 0 0 0 0 445 0 0 369 0 0 222 0 0 474 0 0 0 0 0 0 0 0 0 0 353 0 0 0 0 0 428 495 0 457 0 0 0
0 0 0 0 0 0 219 0 239 0 0 0 215 0 161 0 0 198 0 179 0 0 0 0 134 0 104 0 0 0 0 197 0 0 0 0 0 180 205 222 0 247 0 0 0 0 222 0 0 233 0 0 0 0 146 0 0 0 224 229 0 152 0 0 137 0 0 0 0 0 0 0 0 0 0 0 0 0 165 0 0 0 0 0 0 0 137 0 0 0 0 213 0 259 0 0 214 0 202 0 197 0 205 205 0 0 230 0 0 0 0 0 0 0 190 248 116 0 133 0 154 0 0 0 0 245 132 0 124 198 0 0 0 0 0 0 0 0 0 0 0 0 0 176 0 0 0 0 0 0 0 0 0 0 0 0 0 0 0 162 150 0 0 0 0 0 0 0 0 0 0 0 213 0 115 0 0 0 0 0 0 0 0 0 0 0 146 0 181 0 0 105 0 0 0 0 0 179 0 177 0 0 0 0 0 0 0 147 218 0 0 181 0 0 0 0 0 0
0 377 0 387 0 350 0 0 0 378 0 0 0 0 0 0 0 220 0 0 234 0 0 0 0 0 0 458 0 0 0 0 266 0 0 0 296 0 0 0 0 0 0 0 0 0 0 0 467 0 0 0 390 0 381 0 0 0 0 0 0 0 277 265 0 0 0 0 0 0 0 0 282 285 463 383 0 0 0 0 0 0 204 0 0 217 0 416 0 0 0 0 416 0 0 0 0 0 0 0 308 0 0 0 286 0 310 0 0 0 0 0 320 0 461 0 0 210 0 0 0 371 378 352 0 0 0 0 0 0 0 0 0 0 0 0 0 0 430 0 0 0 0 0 0 0 0 0 0 0 0 0 0 0 0 375 0 0 0 268 0 0 0 0 0 0 0 0 0 0 0 0 0 206 348 0 0 0 0 0 0 0 437 455 0 0 414 0 271 0 0 295 0 0 0 0 0 303 0 0 391 0 444 0 0 0 265 0 0 0 358 0 0 471 0 274 0
0 212 300 0 0 0 0 0 0 259 0 0 210 0 0 310 0 0 0 0 0 0 185 0 0 0 0 308 0 0 215 0 0 0 169 0 306 0 0 338 267 311 0 0 0 0 0 330 0 0 0 0 0 287 0 0 0 0 340 0 0 0 0 0 0 0 235 180 0 290 0 192 0 0 0 198 0 0 0 0 0 175 0 0 193 288 338 338 0 0 0 0 0 0 0 0 262 0 287 0 0 0 0 0 0 0 0 0 0 0 230 0 0 0 0 0 182 0 0 0 283 0 0 0 0 204 0 296 0 0 0 0 0 0 0 0 0 0 0 336 0 0 0 0 0 0 0 0 0 266 0 0 318 0 265 223 0 0 195 318 0 0 0 0 315 0 0 0 0 0 0 0 0 0 0 223 0 0 263 0 0 0 340 308 210 0 275 0 0 0 0 268 0 0 270 0 0 255 271 308 0 309 0 217 0 0 0 0 0 274 0 0 0 0 0 0
0 0 455 0 0 0 0 0 0 0 0 0 0 0 391 0 314 0 0 0 0 0 0 217 0 0 0 331 321 0 276 331 296 0 0 0 0 234 0 0 0 0 0 0 463 0 0 0 0 0 400 0 0 0 0 0 0 0 0 321 0 0 0 317 0 311 292 0 0 0 0 0 0 0 0 0 0 0 215 0 0 0 393 0 0 451 0 0 0 0 0 282 0 0 0 0 0 348 0 0 0 332 0 0 0 0 0 431 0 0 0 390 495 219 0 0 404 0 0 409 408 377 0 249 0 0 0 328 362 0 343 0 0 0 0 0 0 0 0 0 0 0 0 0 0 310 0 0 334 0 504 0 0 0 0 0 294 0 452 0 0 0 0 0 0 376 0 0 0 0 280 231 0 0 322 338 0 346 0 370 0 0 0 230 0 0 0 343 0 0 0 457 501 0 0 0 0 0 386 0 408 0 361 419 0 412 0 298 0 0 0 426 0 309 0
0 0 0 0 296 190 0 226 0 0 0 212 0 0 0 0 226 0 242 0 144 0 0 0 296 0 0 0 0 0 0 163 0 0 0 0 0 0 0 278 0 247 0 0 268 285 0 261 224 0 0 0 0 0 0 0 0 169 0 188 0 0 0 0 0 158 242 0 0 162 0 0 0 0 0 230 0 0 0 0 160 0 0 0 0 0 245 0 0 0 0 0 0 207 0 0 193 0 247 235 0 0 0 178 0 0 0 0 172 209 0 0 0 0 0 0 198 0 0 226 0 0 0 0 0 0 206 211 0 0 0 0 0 0 0 0 0 0 0 215 0 0 0 0 224 0 256 0 0 0 0 0 0 0 0 0 196 0 175 0 0 221 297 293 0 0 255 202 221 0 0 0 0 0 0 0 0 0 0 0 0 0 141 0 0 0 0 123 0 0 0 288 0 201 0 212 0 0 238 0 0 196 0 0 0 0 0 230 0 179 0 0 0 0
0 380 0 0 0 0 0 377 317 0 0 0 331 0 0 0 0 0 0 0 0 0 0 0 0 270 376 0 0 0 0 209 0 0 373 0 0 0 0 0 0 0 455 0 0 0 345 0 0 0 0 342 0 0 0 0 314 0 0 0 0 0 0 251 238 0 0 0 0 0 0 0 0 0 0 0 0 0 0 0 0 0 0 0 0 0 0 0 0 0 0 374 0 0 0 0 276 375 0 0 0 0 0 0 0 0 0 0 0 0 437 0 0 242 0 0 0 350 0 0 430 238 0 0 0 0 0 339 0 0 411 0 0 394 0 0 379 295 360 440 309 353 0 0 0 0 321 0 0 0 0 400 0 0 311 0 444 0 427 260 0 0 435 0 345 0 0 0 0 0 0 0 0 0 256 0 275 0 0 412 405 0 0 0 302 0 185 0 0 366 0 0 0 290 351 0 0 333 390 0 0 407 272 0 0 0 0 406 0 0 0 257 0
0 0 0 325 0 0 0 373 0 0 0 413 259 361 432 0 0 0 0 411 0 0 0 443 0 348 299 0 0 0 0 0 0 452 0 0 0 398 0 0 0 510 0 483 0 0 353 0 0 0 0 0 424 0 0 322 0 0 286 0 0 0 0 0 0 380 451 0 0 0 0 0 345 0 0 0 351 0 0 0 0 449 0 0 394 0 0 488 0 0 389 0 0 0 0 313 0 0 294 278 0 0 0 0 0 0 0 0 390 0 0 0 245 420 301 0 0 336 373 0 263 245 226 0 0 0 0 0 0 465 0 0 471 0 0 0 0 376 0 0 379 0 329 284 0 0 0 0 0 0 420 310 0 344 276 0 274 450 279 0 442 0 0 0 0 0 0 0 0 391 0 0 0 273 0 0 368 0 0 474 269 0 0 0 321 0 0 291 427 0 0 0 0 0 0 0 0 459 0 364 0 0 0 0 0 0 0 310 487 0 328 0
0 0 0 0 0 359 0 255 0 402 327 0 298 0 0 0 0 0 352 0 0 0 0 0 0 0 0 280 0 0 0 0 0 0 0 0 367 284 0 0 0 0 0 0 0 316 0 283 0 0 287 0 0 0 0 0 0 0 0 0 0 0 0 0 0 0 0 0 0 0 0 0 0 0 0 0 0 0 0 0 0 0 0 0 0 0 0 215 0 0 305 0 0 303 0 341 366 274 0 0 0 0 0 0 0 259 0 0 0 0 0 0 0 0 386 346 339 0 0 0 217 0 0 284 321 345 0 0 0 0 374 343 0 355 0 0 0 0 0 353 0 0 0 0 0 0 0 361 0 0 0 0 0 256 0 0 0 0 0 0 392 0 0 355 331 0 0 0 308 0 0 0 0 0 0 0 0 0 0 0 351 294 296 0 0 290 0 0 0 344 0 270 0 395 0 340 402 0 0 0 0 406 0 0 0 0 0 0 208 248 0
0 0 0 197 0 0 0 211 0 0 0 174 0 0 0 0 0 0 0 0 203 203 0 190 154 128 189 0 0 0 0 250 110 0 0 0 168 0 0 266 0 212 213 0 189 195 0 0 181 0 0 0 0 0 174 156 128 0 179 0 0 0 173 0 0 142 0 0 0 140 0 0 0 0 189 0 0 173 133 0 0 0 0 0 181 0 0 0 221 0 205 0 0 0 0 218 0 0 0 186 169 190 210 0 0 0 0 0 0 0 0 0 177 0 186 0 0 0 0 0 0 0 152 0 0 175 136 233 0 0 0 0 214 0 182 0 0 0 204 104 0 133 0 0 0 0 0 0 0 152 0 0 0 0 0 0 0 0 0 0 0 0 0 0 0 0 0 0 0 0 0 0 0 135 0 0 235 0 0 211 0 0 0 113 0 0 245 0 0 0 0 175 0 0 182 0 0 0 0 161 0 0 0 0 0 158 229 0 0 0
0 0 0 446 0 0 410 0 405 0 312 0 0 0 0 0 0 0 0 488 476 0 356 0 0 0 302 0 0 0 503 0 0 0 0 0 0 0 0 0 529 0 0 370 0 0 430 0 0 495 0 487 0 312 294 313 286 306 0 0 0 0 405 0 253 0 0 0 282 0 0 0 0 0 0 0 0 0 0 0 0 0 0 0 0 0 431 0 0 418 0 0 361 0 0 0 0 0 0 0 402 0 0 0 0 0 0 0 331 0 0 0 0 0 384 0 0 281 0 250 0 342 379 0 0 0 0 309 0 0 0 0 418 0 0 0 0 0 0 0 0 0 0 0 486 0 407 0 0 0 0 266 0 0 0 0 0 0 426 0 0 0 0 0 0 0 0 0 0 443 0 0 281 378 0 0 0 0 486 0 0 0 0 0 362 0 0 0 376 0 0 0 397 0 0 418 0 0 0 513 0 0 0 0 0 0 0 0 0
0 0 0 320 0 328 0 0 0 0 0 0 0 0 211 0 0 0 0 0 0 0 0 0 262 207 0 0 0 0 0 0 314 0 0 0 0 0 0 384 0 0 0 0 0 0 0 288 0 0 0 0 279 0 0 280 0 0 0 0 0 0 0 223 0 0 0 0 0 0 0 173 0 0 0 0 199 0 0 386 316 0 247 363 0 0 0 249 299 0 0 0 0 355 0 253 0 0 0 0 0 290 251 292 0 0 0 0 204 0 0 0 0 0 0 0 204 193 0 0 232 0 331 0 0 0 250 0 297 0 304 343 0 305 0 0 0 0 0 0 0 0 244 383 0 0 319 0 274 0 226 0 0 0 0 335 0 0 0 0 329 0 0 0 0 297 0 217 0 0 266 0 0 0 0 373 0 0 0 0 0 157 0 0 0 0 273 0 285 284 0 0 0 0 0 254 0 0 0 222 0 0 0 0 0 0 0 0
0 367 356 283 0 0 0 0 0 0 0 0 0 0 0 195 0 0 418 0 329 0 0 0 0 0 0 367 459 0 0 0 0 0 0 0 0 0 0 0 0 320 0 0 349 319 0 434 402 0 0 0 0 0 0 319 0 0 0 0 0 0 245 0 447 382 0 0 0 0 0 0 0 0 0 0 0 404 0 0 333 336 0 268 390 395 0 0 0 0 0 0 0 320 0 0 0 0 312 0 0 0 0 340 0 228 0 0 0 0 0 0 0 0 0 0 0 254 0 0 0 362 0 0 0 0 0 0 0 365 0 0 329 0 322 359 0 0 0 0 291 274 471 0 0 0 278 302 0 282 0 293 0 0 371 0 412 0 337 0 0 0 0 0 0 0 0 0 234 330 0 0 462 403 0 270 0 0 0 309 0 0 295 0 0 0 371 0 353 0 0 0 442 0 0 417 0 0 264 0 343 0 249 0 0 296 0
0 0 0 0 369 0 229 0 0 0 0 275 0 0 0 235 0 0 0 288 0 230 0 0 177 266 0 0 170 0 0 0 0 0 0 0 0 0 0 0 0 314 0 0 0 0 389 0 0 270 0 0 0 0 0 325 0 0 330 0 0 0 0 0 0 184 0 0 0 177 0 0 0 293 0 0 0 323 0 0 0 0 0 0 0 0 0 364 0 281 0 0 0 0 0 0 0 0 0 0 0 298 0 0 174 0 0 0 0 0 0 0 0 0 212 0 0 321 0 0 0 260 0 367 0 0 0 0 0 0 0 313 0 0 0 0 0 0 0 0 0 418 370 0 0 0 0 0 0 0 259 0 0 0 0 0 298 0 0 0 332 0 181 0 0 0 0 246 0 0 0 0 0 359 0 358 309 0 0 0 0 0 0 0 269 0 0 0 0 0 310 0 342 0 0 0 0 0 0 331 355 0 0 241 0 0
0 0 0 441 0 231 0 410 0 457 370 255 0 0 0 439 0 0 378 0 0 300 271 0 0 0 0 0 0 0 0 276 376 0 0 0 0 0 0 0 0 0 0 0 0 0 0 449 0 0 0 304 0 0 325 310 239 0 0 415 0 0 0 0 0 290 0 288 207 0 0 0 0 0 0 457 438 0 0 0 466 0 0 0 0 370 0 0 309 0 0 0 0 0 312 0 0 0 0 246 0 374 0 0 0 0 0 0 0 0 356 0 0 0 0 0 0 0 0 0 0 0 0 305 0 0 0 0 406 0 359 0 0 0 222 0 272 0 0 280 460 0 382 0 0 287 0 0 0 291 445 0 0 410 0 0 0 0 0 0 0 0 0 0 0 341 0 0 304 0 0 0 434 0 0 0 0 0 200 0 329 0 430 0 0 0 324 379 0 0 0 0 0 0 0 0 327 0 340 0 0 450 0 0 0
0 0 0 0 0 0 0 0 0 0 0 0 195 0 0 0 0 317 0 0 288 0 0 0 329 0 0 0 303 0 0 0 0 0 405 0 0 374 0 0 0 0 0 0 0 0 0 313 0 0 256 0 0 0 0 230 0 0 397 0 287 458 0 0 0 0 0 0 0 0 0 0 0 0 0 0 0 0 0 0 263 373 0 277 0 0 0 0 361 0 0 0 357 264 323 0 394 0 0 0 0 0 0 278 0 0 0 0 0 0 0 0 0 0 0 0 0 320 329 0 0 0 0 357 339 0 0 412 256 344 439 0 336 0 0 0 0 0 0 0 0 0 374 264 0 0 0 0 0 0 242 0 0 0 322 0 0 0 0 0 0 0 0 0 375 0 290 0 0 0 0 414 0 0 319 0 0 185 272 0 422 0 0 0 0 0 0 0 0 396 0 0 0 0 0 0 0 0 0 0 0 211 0 0
0 0 0 0 0 0 0 301 0 0 287 0 210 307 254 0 0 0 0 0 193 175 0 0 338 0 0 0 0 0 0 303 0 0 0 0 282 0 285 195 0 0 0 0 0 0 0 0 0 0 211 0 0 210 0 0 0 0 185 211 322 0 0 0 0 0 0 0 173 0 0 0 0 0 0 0 0 0 291 188 302 0 0 0 0 0 0 0 0 0 0 0 0 0 0 0 247 0 0 0 0 0 0 178 0 0 281 0 264 256 0 0 0 0 279 189 0 0 198 0 0 0 0 0 0 0 276 0 0 0 0 0 0 244 0 0 0 0 0 304 0 0 194 0 0 0 0 0 0 0 0 0 0 0 0 0 0 0 175 0 0 0 0 250 0 237 0 0 0 0 0 0 289 0 0 0 0 0 0 321 297 0 0 223 0 0 0 0 304 0 0 0 0 0 0 202 0 289 184 0 0 0 0
0 343 245 0 0 0 0 0 246 0 0 0 0 394 0 0 291 0 0 0 0 0 0 0 200 0 0 0 0 405 395 451 0 0 0 397 0 0 0 0 306 0 0 0 0 0 0 0 277 0 303 0 0 0 0 0 0 0 0 0 425 230 0 0 0 0 0 0 0 0 0 347 0 398 0 336 333 0 0 0 0 295 0 400 331 0 334 0 0 0 0 0 295 0 0 0 234 0 0 442 0 339 0 0 0 0 361 0 0 0 225 0 0 0 0 0 0 293 0 410 0 0 424 0 333 0 0 0 0 0 0 0 0 0 0 0 254 0 0 0 0 267 0 0 0 430 265 0 243 0 0 403 0 0 349 0 0 252 200 372 319 278 335 0 295 252 322 0 0 402 0 374 342 0 300 198 0 0 0 0 0 0 317 0 0 0 0 0 0 0 372 0 418 0 270 349 0 285 457 0 0 0
0 244 0 0 0 0 0 0 0 213 297 0 0 0 0 0 288 0 0 0 0 0 0 231 0 335 0 0 0 467 0 502 0 0 431 0 390 0 0 352 0 477 0 436 0 0 0 0 0 351 0 0 249 0 0 475 260 0 0 0 0 0 356 0 0 0 229 0 0 267 0 0 0 0 0 0 0 0 0 0 0 0 463 362 0 0 444 0 0 473 0 0 0 0 0 0 0 0 0 0 0 0 0 0 0 0 0 374 0 0 0 0 0 0 360 0 0 228 0 0 0 408 499 0 0 0 0 419 0 343 0 0 295 0 0 0 0 0 420 0 0 0 0 0 0 0 469 0 0 462 406 0 0 0 0 404 0 0 0 0 0 0 299 0 0 368 0 0 0 0 410 0 0 0 0 335 346 0 0 382 0 340 0 420 448 0 0 0 0 0 299 0 316 0 0 0 0 0 0 0 0
0 0 0 256 0 0 0 415 185 0 0 343 275 320 271 245 0 271 0 0 0 406 212 366 0 0 0 0 367 388 0 0 0 408 0 0 0 0 0 0 0 0 0 255 284 256 247 0 0 0 0 0 0 341 0 0 0 0 0 0 249 0 239 196 0 0 0 0 218 0 0 0 0 340 0 373 0 0 0 0 0 0 0 0 0 382 0 232 0 0 0 298 445 0 0 0 350 0 0 0 202 0 0 419 349 313 0 0 0 0 0 346 0 0 336 0 233 0 0 0 0 0 391 0 268 0 0 292 0 205 0 0 398 0 0 0 337 0 0 0 0 0 0 0 0 0 0 0 0 0 0 329 0 323 0 238 0 0 0 256 0 244 0 0 0 409 0 430 0 0 0 0 0 0 0 0 0 0 0 0 0 0 0 0 0 0 0 283 0 0 0 0 0 0 0 0 0 222 288 0
0 0 0 0 220 0 0 0 0 260 0 0 0 0 0 0 0 0 0 0 0 135 0 206 0 0 0 0 0 0 0 0 0 222 0 0 0 0 184 265 265 231 0 0 0 0 0 0 0 180 0 227 0 262 0 0 241 0 0 0 0 0 125 216 0 0 0 0 0 0 0 0 218 209 279 0 0 0 0 0 0 0 0 0 0 0 0 239 0 0 214 0 198 0 0 0 271 0 0 0 0 0 0 215 199 0 0 0 0 146 0 0 0 0 0 0 0 0 219 0 0 0 0 202 188 281 0 0 0 0 0 0 0 0 0 0 245 0 0 188 201 171 275 0 269 0 223 248 0 205 0 251 0 0 0 127 0 216 187 0 146 209 0 0 0 0 0 0 0 0 0 0 0 0 0 0 0 224 0 201 0 0 0 0 0 0 0 0 174 267 0 0 214 0 153 246 0 0 0
0 228 344 287 196 0 0 0 324 314 0 0 0 0 0 222 0 0 329 337 170 312 0 0 0 0 0 0 0 315 0 0 0 325 258 0 0 275 304 296 0 0 0 205 206 0 0 280 218 0 282 0 370 0 0 357 0 188 0 0 210 0 0 0 0 0 0 0 0 0 293 0 0 0 0 325 0 0 306 0 0 264 0 312 230 0 0 0 236 0 0 0 196 0 0 0 0 0 0 348 0 330 308 0 255 0 190 0 0 268 228 0 0 0 0 0 0 0 0 360 0 0 0 0 0 0 0 176 0 0 0 256 0 342 0 0 0 0 0 0 0 0 223 0 0 0 292 0 286 320 0 0 0 0 0 0 0 0 266 0 251 0 278 0 0 0 185 0 0 0 0 0 245 247 338 0 0 0 0 0 260 0 0 0 0 0 0 0 0 0 0 239 0 0 317 0 240 0
0 433 332 250 375 0 0 0 0 0 0 0 263 287 0 239 0 0 0 0 0 0 0 0 0 0 0 0 0 0 0 354 0 0 0 0 329 0 0 0 0 292 0 0 305 0 0 0 0 0 0 0 0 0 0 0 0 293 0 308 0 0 0 0 0 266 411 434 0 0 0 338 409 247 381 0 0 0 0 0 295 435 0 0 0 0 297 0 0 0 0 0 0 341 0 0 0 0 0 0 0 0 0 0 0 241 233 0 0 0 0 0 0 0 0 266 421 0 376 353 0 264 0 0 334 0 0 380 0 421 0 0 460 0 392 0 320 0 340 0 439 301 447 241 0 0 0 0 330 0 309 0 0 0 0 0 0 0 0 0 0 381 466 0 0 0 382 311 0 0 201 0 0 0 0 0 0 313 0 0 344 354 416 385 0 0 238 0 285 285 359 0 258 0 0 0 0
0 212 174 0 0 0 0 0 0 0 0 0 0 172 0 0 267 0 0 0 224 0 0 248 0 0 316 0 0 0 0 256 0 262 0 0 0 0 0 232 182 0 0 0 0 0 0 178 0 221 0 0 0 0 0 0 0 0 0 0 0 160 0 228 174 0 0 284 0 0 0 0 0 263 0 0 0 278 0 214 265 267 0 192 0 222 0 0 290 0 0 259 240 0 158 220 0 0 0 0 0 0 0 0 177 0 0 0 0 0 245 0 0 280 0 0 0 282 0 0 0 275 0 0 0 0 237 0 0 194 0 0 0 253 0 0 0 0 201 0 0 0 0 0 0 0 0 0 232 0 0 187 0 0 245 0 230 166 0 192 0 286 0 0 169 0 0 225 207 118 0 226 0 0 0 0 0 0 289 0 0 301 0 0 290 0 0 0 0 0 0 172 267 0 197 0
0 283 0 0 0 406 402 284 0 0 0 320 305 0 360 385 509 0 420 360 0 0 0 0 0 0 478 0 0 360 0 0 0 0 0 475 0 421 0 309 0 0 0 0 0 0 0 0 0 0 0 0 485 0 0 0 0 315 0 0 233 0 369 0 391 0 0 383 0 371 502 268 452 0 0 357 464 356 0 0 0 0 0 0 0 0 0 0 0 0 0 0 0 0 0 264 0 0 0 0 0 323 0 271 0 0 0 0 0 0 318 0 0 0 394 0 415 0 0 314 0 450 0 379 0 0 0 0 344 0 0 429 0 0 347 0 0 0 0 0 0 0 359 0 0 0 409 403 0 406 270 0 0 0 305 0 0 0 0 0 0 0 446 0 0 345 0 0 0 0 342 437 481 375 0 335 0 0 0 0 0 396 0 0 0 0 0 341 0 0 0 0 0 275 0
0 0 0 0 354 0 247 297 0 0 0 0 0 294 349 337 0 0 0 0 0 329 307 0 345 365 0 308 0 0 0 0 0 0 0 340 358 0 0 0 0 0 0 299 0 0 276 0 0 0 260 0 0 0 0 273 249 0 0 215 195 0 0 0 0 385 0 308 0 379 208 0 0 272 0 0 0 0 327 344 0 0 0 0 0 0 323 0 0 0 0 0 0 0 0 0 243 0 0 0 312 0 0 0 0 0 0 0 0 278 0 0 0 0 360 0 0 0 0 0 359 0 0 178 285 204 352 0 252 360 0 0 0 0 0 266 0 369 0 365 0 0 0 0 0 328 0 0 0 0 0 315 0 0 0 0 259 218 0 0 0 0 222 0 0 0 0 0 0 0 0 0 0 294 0 0 0 321 0 0 0 0 0 225 0 0 265 0 330 0 0 0 0 0
0 0 172 0 0 0 0 0 0 197 168 148 0 253 279 0 0 0 280 196 263 0 0 320 0 0 0 0 0 0 0 220 189 0 0 0 0 0 0 177 200 0 251 0 0 0 246 0 0 173 279 0 0 0 0 170 0 0 151 0 0 134 0 0 272 223 0 0 0 0 0 0 205 238 0 227 0 248 0 0 0 232 0 0 0 0 0 0 0 0 0 0 0 0 0 0 0 0 220 0 0 0 0 0 0 0 0 0 0 0 0 204 0 280 0 266 0 193 0 0 0 0 0 221 188 0 0 0 0 0 0 0 0 0 0 0 0 0 0 0 0 0 305 0 247 0 221 0 0 0 0 237 0 0 0 0 0 0 0 0 0 0 0 0 189 0 0 0 0 0 0 0 0 182 0 0 0 232 0 0 0 0 173 0 177 171 0 0 0 0 175 177 0
0 0 0 0 326 0 0 0 0 0 0 372 0 0 0 0 0 0 0 0 0 0 0 0 0 0 0 0 0 0 386 0 0 0 0 0 0 0 316 0 0 0 0 0 398 0 500 0 317 426 0 0 342 0 0 0 0 0 0 413 0 396 0 0 0 466 0 0 0 443 0 340 0 0 375 359 0 0 0 274 0 0 321 0 0 379 0 0 0 0 0 288 0 388 0 0 0 0 0 0 0 250 0 0 329 0 0 0 0 0 0 0 0 0 0 0 0 433 0 375 379 224 391 291 0 0 329 0 461 0 0 0 0 350 306 0 0 0 292 0 0 0 0 0 372 0 0 264 0 365 0 0 0 0 0 0 0 0 0 471 0 0 0 0 0 0 0 0 0 499 0 0 0 0 0 0 0 0 0 0 0 294 0 0 0 0 0 274 451 0 0 0
0 0 207 0 0 0 0 0 0 0 164 210 198 0 0 0 199 147 0 204 0 0 0 0 0 0 0 0 169 0 164 0 0 0 155 171 0 0 0 0 0 138 0 0 0 0 0 0 207 0 0 140 170 0 0 0 0 0 0 0 0 0 0 179 0 181 195 0 0 0 0 0 0 0 152 0 0 0 122 201 148 0 0 0 0 0 189 0 0 0 154 0 0 157 0 0 0 0 0 0 0 0 195 0 153 0 144 0 0 0 0 0 0 201 0 0 0 206 162 0 0 156 133 0 162 0 237 0 0 0 134 165 0 0 0 160 0 0 194 0 0 173 0 171 165 0 0 0 0 0 0 192 0 177 0 203 0 217 0 0 0 182 167 0 0 0 0 197 0 0 0 165 0 0 209 172 0 0 0 0 128 0 0 0 170 0 0 0 0 0 0
0 301 0 0 0 0 0 0 0 230 272 0 0 0 0 0 199 0 0 0 0 275 0 287 0 292 0 0 271 0 0 257 0 0 0 0 173 223 221 0 0 0 0 0 0 0 0 325 0 0 0 0 0 149 225 0 0 0 0 261 287 0 0 268 0 330 189 0 0 0 0 0 0 0 0 0 230 0 0 0 0 0 0 0 0 232 253 276 175 0 167 0 0 0 0 0 0 0 0 161 172 259 198 262 0 0 0 0 0 0 0 0 0 257 0 0 0 0 265 0 0 0 0 0 0 0 245 0 245 0 0 0 0 0 210 0 0 0 0 0 0 0 0 224 0 0 0 258 0 210 279 0 238 0 0 309 0 0 0 0 0 0 0 0 0 0 0 0 0 0 0 0 0 0 0 0 0 0 0 0 0 0 0 246 0 0 0 0 0 0
0 0 0 0 285 0 282 224 0 0 0 0 421 0 0 0 415 0 0 0 0 430 0 0 420 0 0 0 302 0 411 0 302 0 258 307 0 0 356 0 0 0 0 0 253 0 0 399 0 0 395 0 0 312 0 0 0 0 0 0 403 0 0 0 0 0 0 427 0 0 0 0 332 0 0 0 0 0 0 0 0 0 0 273 0 0 0 0 0 0 421 340 429 0 0 376 0 0 0 0 0 0 0 368 0 0 0 0 381 474 0 0 0 321 0 0 360 384 0 0 0 0 0 0 0 0 419 390 0 323 0 0 0 0 0 0 0 0 0 402 0 0 0 0 0 0 383 0 315 0 0 0 0 0 0 0 415 0 0 0 0 350 206 0 0 0 521 0 0 0 346 0 436 0 0 0 0 0 0 0 0 0 0 0 0 0 0 0 0
0 0 0 0 0 0 0 0 0 0 0 0 0 0 0 0 0 0 447 0 0 430 0 394 312 0 346 294 0 0 0 0 0 0 0 0 316 0 325 0 0 0 402 267 0 437 0 0 0 357 295 0 319 237 253 379 0 0 0 414 409 389 0 429 0 0 384 319 0 397 0 0 0 427 0 0 0 298 0 360 0 0 0 0 0 0 0 297 243 0 0 0 375 0 0 0 0 0 0 384 0 0 0 0 0 0 0 0 0 0 0 385 264 0 0 0 0 0 0 271 444 323 0 419 0 0 0 0 0 312 0 0 0 0 227 0 0 0 0 0 0 0 0 0 0 0 0 0 391 0 0 0 0 0 0 410 0 0 0 0 0 199 324 312 0 0 0 0 0 0 401 0 0 0 0 0 0 0 0 0 281 0 423 0 423 0 262 0
0 0 190 218 188 0 0 0 0 0 0 229 0 200 0 0 337 321 268 0 0 0 0 0 0 0 0 0 0 283 0 0 0 0 0 0 0 0 168 0 0 0 0 226 0 0 0 0 211 0 124 199 0 0 0 0 0 0 0 0 0 0 0 0 0 0 0 259 0 0 0 0 276 0 0 0 209 0 230 308 0 0 275 0 0 166 0 0 0 199 288 0 229 0 322 0 158 155 0 0 0 0 0 0 0 0 0 0 0 0 256 194 0 322 205 262 165 239 0 0 0 208 0 0 0 0 219 0 194 190 0 185 0 175 0 0 0 0 0 0 0 0 0 0 0 0 210 0 0 0 0 0 0 0 0 0 288 0 221 231 0 217 0 0 303 0 0 0 253 0 253 0 0 258 219 279 201 0 0 0 0 0 195 0 176 0 0
0 0 0 0 0 301 370 0 0 0 0 0 265 0 0 417 399 0 0 0 324 0 253 0 0 0 357 0 0 289 0 0 250 0 0 334 0 0 0 0 0 233 0 0 0 0 0 0 0 0 0 0 0 0 0 0 0 320 0 344 0 0 0 323 0 0 0 0 0 280 0 0 0 0 359 0 285 0 0 0 0 0 0 0 0 0 218 0 246 330 0 308 292 0 216 0 0 0 0 0 0 0 0 0 288 0 0 397 368 0 0 0 0 0 0 189 0 235 0 299 0 0 0 0 341 272 0 0 0 355 0 0 0 0 0 0 0 0 0 0 0 0 0 0 0 0 0 0 0 0 0 0 0 375 0 0 0 0 261 170 0 303 0 0 0 0 0 0 0 344 0 0 0 284 0 0 421 0 0 0 0 0 0 0 0 0
0 0 211 0 251 0 314 0 332 261 0 0 0 287 0 0 0 0 289 273 0 0 274 0 0 0 302 0 0 0 189 0 0 201 0 0 0 274 0 329 0 218 313 303 0 213 0 0 0 237 0 0 290 0 0 0 0 274 0 0 0 0 0 0 0 281 0 0 208 0 332 0 194 0 252 0 257 294 0 0 0 0 0 0 0 0 0 218 0 290 0 0 0 0 0 0 0 193 0 0 217 0 0 0 0 0 0 281 0 0 0 301 0 0 0 0 0 0 0 0 0 0 277 0 233 0 231 0 0 0 302 0 0 0 0 0 288 0 0 0 0 0 0 246 0 0 201 0 0 244 283 299 0 0 333 233 0 0 148 205 0 0 357 0 0 0 0 0 0 277 0 0 223 296 206 0 0 0 0 0 0 0 202 0 0
0 191 150 0 244 0 0 0 0 0 0 0 0 0 0 0 0 0 0 0 207 267 0 0 0 0 0 0 184 191 198 207 0 241 0 0 0 0 0 0 199 314 273 0 0 0 0 129 0 0 0 0 0 0 0 0 0 233 0 0 0 0 0 0 0 0 0 0 0 0 0 0 0 0 0 227 0 0 177 0 0 0 0 0 0 264 0 0 234 0 0 0 165 0 165 0 0 0 0 0 0 270 0 0 0 0 0 0 198 0 0 0 0 0 0 0 0 224 0 0 0 0 0 0 0 204 0 0 0 0 0 0 0 290 0 0 0 0 0 0 0 0 233 182 0 0 0 0 0 0 297 0 0 0 244 0 0 0 186 0 0 0 265 0 236 0 0 0 0 0 276 0 0 0 0 0 0 0 308 197 0 0 192 0
0 175 0 0 0 0 0 240 0 0 326 0 0 0 308 316 319 0 0 0 0 0 0 0 0 0 0 0 0 0 0 0 286 213 206 0 0 352 0 0 332 298 0 0 0 0 0 0 0 0 284 204 0 0 0 302 288 0 0 0 0 313 0 272 0 280 0 0 0 0 0 0 0 257 0 316 0 0 0 0 331 169 0 0 306 218 280 0 0 277 0 0 172 0 0 0 0 314 0 205 0 0 0 0 0 0 0 0 0 334 0 0 0 0 0 0 0 0 0 0 0 0 0 234 0 0 0 219 309 0 287 0 0 0 0 0 0 0 0 154 0 0 205 0 0 0 217 0 0 350 0 0 0 0 0 0 160 0 0 304 0 0 0 0 0 0 0 0 320 0 0 0 0 0 0 238 301 0 0 0 192 231 0
0 0 0 286 154 315 0 0 0 289 300 0 331 326 0 0 0 0 0 0 226 215 0 0 0 0 0 0 0 0 0 0 0 167 0 0 0 0 0 0 0 151 220 0 208 0 0 169 192 0 0 270 0 0 0 275 0 322 0 0 0 0 264 0 0 0 284 0 208 0 0 0 0 225 0 0 175 0 263 0 0 0 0 250 0 0 259 0 208 0 0 166 0 0 200 238 0 0 0 0 0 0 254 320 0 0 0 0 0 0 0 0 0 0 0 236 0 0 0 0 0 0 0 0 183 0 0 0 0 0 291 307 232 0 0 236 0 175 0 0 251 0 0 0 0 165 0 0 324 307 185 0 0 204 0 0 0 0 287 0 0 0 0 0 0 0 0 0 0 208 0 0 0 190 0 220 0 0 0 0 175 0
0 0 0 126 0 0 0 0 0 0 0 0 0 0 0 0 0 175 0 0 0 0 0 0 0 0 0 148 0 0 224 0 0 0 0 0 0 0 0 0 0 0 0 0 0 0 0 0 197 0 0 240 0 0 0 0 248 0 0 0 0 0 0 0 0 236 0 0 0 0 170 0 0 0 0 164 0 0 0 0 0 0 0 0 0 0 0 0 0 130 0 0 214 0 0 195 0 0 0 0 232 0 0 0 0 167 0 0 0 0 0 175 0 0 0 157 0 0 0 0 168 0 0 162 245 150 0 0 0 229 0 0 0 0 0 0 0 0 205 0 0 0 0 0 0 0 0 239 0 0 0 205 0 0 0 0 0 0 0 0 0 0 184 0 0 0 0 0 0 0 0 0 0 0 0 0 0 0 0 0 0
0 326 0 0 0 0 0 0 0 393 351 0 0 357 298 300 0 0 0 0 0 0 0 0 0 0 0 267 233 297 0 0 0 0 0 0 0 0 0 0 0 0 0 0 0 0 0 318 0 0 354 323 0 0 0 0 0 0 0 0 0 0 0 263 0 0 218 0 0 247 259 0 0 0 0 0 0 0 0 0 0 0 217 0 0 0 0 0 0 0 194 0 0 0 0 0 0 357 0 0 0 0 0 0 0 311 386 0 0 0 0 0 0 0 0 0 0 0 355 0 274 0 0 341 0 0 215 0 332 0 0 334 0 257 0 0 0 0 328 0 0 0 270 0 0 357 0 0 207 0 311 0 0 0 0 0 0 0 0 320 252 287 0 0 0 0 305 0 0 223 324 0 0 0 0 0 0 0 226 0
0 223 429 0 0 0 0 422 0 0 0 0 0 0 0 0 0 341 0 0 0 417 286 0 241 0 286 0 0 0 246 0 0 413 260 0 0 411 0 0 0 0 0 0 0 244 0 0 0 0 0 0 0 0 0 0 0 0 0 0 0 0 0 0 434 0 0 388 0 0 0 0 0 264 0 0 456 237 0 235 0 0 0 338 311 0 0 0 0 0 0 0 0 0 0 0 0 0 0 0 405 364 0 0 0 447 0 0 0 0 0 405 347 0 469 374 0 0 0 0 0 269 0 274 390 0 394 421 0 342 421 0 317 0 0 219 0 326 271 0 0 313 0 0 0 0 0 0 0 0 0 0 0 310 0 0 0 0 0 0 0 0 0 0 0 0 335 0 0 0 0 0 0 0 0 407 224 0 0
0 0 0 0 0 0 0 0 0 0 0 0 0 0 0 0 403 359 0 428 528 0 338 0 0 0 0 0 0 0 0 351 0 0 0 0 0 0 0 0 0 0 0 243 0 0 0 0 0 0 404 0 0 463 0 0 0 0 0 0 0 380 0 499 0 295 472 361 0 372 0 338 0 384 397 0 0 0 0 464 0 0 0 0 378 0 257 0 0 0 337 361 0 0 0 0 302 0 0 0 0 0 0 425 0 0 0 0 0 0 0 0 318 0 0 0 0 306 0 0 313 515 0 452 0 422 484 0 0 0 0 0 0 0 0 404 0 0 0 0 0 0 0 445 473 0 0 436 0 341 0 0 0 0 0 0 0 0 330 0 418 0 0 0 0 0 0 0 0 0 0 0 471 0 0 0 0 0
0 0 213 0 0 0 0 0 0 0 226 217 0 0 0 0 0 0 0 0 187 148 147 0 178 0 0 0 0 0 0 0 0 0 223 0 0 0 0 162 0 0 0 148 0 0 231 0 0 231 0 187 0 0 0 0 164 0 0 0 162 244 0 0 145 228 0 169 0 0 0 0 0 200 0 0 184 0 225 0 0 0 0 198 0 140 0 0 0 0 166 0 150 0 0 0 0 0 0 0 0 0 0 0 180 0 0 0 153 0 173 152 0 0 0 0 0 174 177 0 0 162 260 0 0 0 0 0 0 190 0 193 0 112 0 203 144 203 0 0 0 0 208 0 0 134 0 0 0 0 0 0 0 0 218 0 0 172 0 0 209 0 0 0 0 0 147 0 0 148 0 0 0 0 145 0 0
0 388 0 0 0 0 0 0 0 0 329 0 352 406 383 0 0 0 0 324 0 0 0 0 0 0 0 248 392 0 0 0 0 0 0 287 299 0 0 196 0 0 0 411 286 0 0 0 0 0 0 0 0 0 0 0 0 449 0 0 0 446 350 310 0 0 378 315 0 0 0 356 397 0 0 0 266 442 0 429 0 372 363 0 0 0 0 0 0 0 433 0 0 0 0 0 0 464 0 0 0 357 421 0 355 0 0 289 0 0 0 0 0 0 398 331 350 0 0 448 288 0 0 376 0 0 0 0 0 0 0 242 0 387 0 0 0 0 0 0 0 452 0 0 0 0 340 367 375 0 0 335 457 0 423 0 340 0 0 0 0 0 0 0 486 0 0 0 0 0 0 265 0 0 0 0
0 0 0 0 0 0 0 329 0 321 317 0 0 0 0 0 0 0 0 0 0 0 0 0 0 243 0 0 308 0 0 280 0 0 210 0 265 0 0 0 0 0 0 0 328 0 0 311 0 286 0 0 0 0 0 0 0 0 0 0 0 0 0 341 0 0 307 0 0 0 0 322 0 0 0 228 343 0 0 0 0 294 0 0 0 0 0 0 305 323 267 0 0 0 0 375 0 325 0 0 284 0 0 0 0 0 0 0 0 0 0 339 0 0 0 268 282 0 0 0 0 0 334 0 0 0 0 333 0 0 0 0 0 0 0 0 0 0 0 331 0 0 0 0 0 0 0 0 0 0 306 0 0 0 0 0 0 336 0 0 0 320 0 0 0 356 0 0 291 305 225 0 0 0 0
0 0 0 426 470 0 0 0 0 0 0 412 0 0 0 437 0 0 341 286 0 0 0 0 0 282 0 382 0 278 328 0 0 0 0 351 0 0 0 0 285 332 210 380 0 0 0 401 334 492 284 448 0 370 0 0 0 0 0 0 0 0 0 0 0 334 482 0 280 0 0 0 221 0 289 0 0 0 0 0 345 0 0 0 245 379 291 0 0 295 249 0 323 0 402 0 357 0 0 418 0 0 372 0 0 310 0 0 0 0 0 0 0 0 0 0 0 0 0 0 0 0 0 0 367 0 0 0 395 0 236 368 0 0 0 0 0 0 382 0 0 0 280 0 0 0 0 203 0 0 455 480 0 0 369 403 0 0 375 0 0 0 408 0 0 0 0 0 441 0 0 256 0 0
0 301 0 0 0 288 0 0 0 0 0 0 0 0 0 0 0 0 0 0 225 0 0 0 0 0 0 0 0 0 362 0 167 0 0 207 163 0 0 0 0 0 0 0 0 0 269 244 0 0 0 272 0 0 0 0 221 0 0 0 0 0 0 0 240 0 0 0 0 0 359 145 0 0 0 0 300 0 0 224 291 0 0 0 0 230 0 293 0 170 0 0 309 278 0 312 0 208 0 346 0 261 0 0 0 0 250 0 0 286 0 0 221 0 239 0 0 0 288 0 0 0 0 0 0 280 0 287 0 0 0 0 187 0 0 226 0 0 0 0 0 189 0 233 0 0 0 0 0 0 0 0 249 225 0 0 0 0 0 0 0 298 209 327 0 0 0 0 192 0 0 0 0
0 0 0 0 0 0 0 0 0 0 350 311 0 431 0 0 0 0 0 278 0 0 274 0 405 0 0 286 0 0 394 0 0 0 0 221 0 0 0 0 0 0 377 0 0 0 0 0 0 0 0 0 408 0 357 0 433 408 0 273 412 0 371 0 0 0 280 0 0 0 0 313 0 0 0 0 0 0 0 0 0 0 0 0 0 320 0 0 0 0 0 0 0 0 359 0 0 0 439 0 0 0 0 0 403 0 0 0 0 0 0 0 0 0 0 0 277 0 0 0 0 0 358 428 0 0 0 258 0 0 0 0 0 0 0 0 0 0 0 0 0 0 356 0 0 202 0 0 0 0 0 0 0 350 0 421 0 0 0 319 0 0 442 0 338 349 0 0 0 0 0 0
0 0 0 0 371 0 0 0 0 372 0 0 413 0 0 0 0 243 0 0 0 0 236 0 353 0 0 261 0 0 0 0 322 322 0 0 0 259 0 0 0 0 404 0 0 0 442 0 425 391 0 389 0 0 0 0 437 0 303 0 0 0 329 0 0 0 359 0 0 0 300 0 394 0 396 0 0 322 0 0 244 0 0 0 0 0 322 0 0 0 0 0 0 405 408 0 341 0 0 0 0 376 0 0 0 0 0 396 0 0 0 0 305 0 0 0 452 251 358 462 0 0 0 0 0 386 0 0 0 0 0 0 0 0 287 398 387 0 0 0 379 0 321 0 0 330 0 414 0 0 0 341 321 0 0 354 0 0 0 443 0 418 0 0 0 0 288 0 0 0 0
0 0 0 0 0 0 0 0 0 0 0 447 0 0 0 0 0 0 0 0 0 0 0 0 0 0 369 0 464 0 0 0 294 226 0 0 0 0 0 0 0 475 471 0 0 0 288 0 397 0 0 482 0 0 0 0 0 0 437 366 372 0 0 0 0 0 0 0 0 0 0 0 332 0 447 0 0 0 0 0 0 0 0 0 0 0 0 456 0 461 455 0 0 485 0 0 0 0 0 0 384 0 433 0 300 0 454 0 441 0 0 0 316 525 0 524 258 0 0 0 358 0 411 357 0 0 0 0 0 305 0 0 0 314 0 0 0 0 0 0 0 0 0 0 0 390 475 0 0 380 374 0 442 0 0 0 0 388 0 0 464 0 0 0 0 290 0 0 0 0
0 426 0 0 0 0 0 0 0 0 0 0 0 0 283 0 362 0 413 0 0 369 0 0 0 0 0 0 0 0 0 311 0 344 0 0 389 0 0 0 0 0 0 382 509 0 0 0 0 0 475 374 0 0 0 0 0 0 0 324 0 0 0 0 0 0 471 0 340 0 420 0 0 0 0 0 0 0 0 0 0 0 0 444 0 0 0 0 494 435 490 0 0 0 0 0 380 0 0 0 0 0 0 340 481 419 0 0 340 0 0 0 0 0 0 0 0 0 0 0 0 0 0 0 0 0 0 0 0 407 0 0 284 403 0 0 0 298 0 356 0 0 0 352 0 0 0 377 0 0 373 0 0 0 0 0 0 487 267 488 0 0 0 0 0 495 0 0 0
0 0 386 0 0 0 0 333 0 0 467 0 0 258 0 0 0 382 0 287 0 0 426 0 0 0 0 0 0 0 0 0 0 253 254 411 0 0 0 0 377 0 0 0 282 0 0 356 0 0 388 0 0 481 0 0 454 0 0 384 431 0 277 0 0 0 0 0 0 0 325 0 0 0 370 514 0 0 0 0 0 0 0 0 0 493 0 0 0 0 0 0 0 0 0 0 390 227 0 254 445 366 0 0 0 0 376 0 333 0 300 0 0 0 0 0 0 0 0 0 0 373 0 0 0 0 0 0 349 268 0 0 0 0 0 0 274 0 0 0 0 0 0 0 0 0 402 0 0 0 0 0 0 434 0 0 0 0 0 291 322 0 429 290 0 0 0 0
0 0 367 318 361 340 0 0 0 0 0 283 0 0 0 0 0 280 223 335 379 0 0 0 0 0 235 0 0 0 0 0 0 0 347 0 0 0 398 0 0 333 0 0 0 0 0 0 0 0 292 361 0 0 0 454 0 0 312 0 0 0 0 0 0 0 0 222 425 0 363 0 0 0 0 0 218 0 379 0 0 0 276 0 0 0 0 362 0 0 0 0 0 0 0 0 0 0 0 401 0 0 0 0 0 0 0 0 0 0 0 0 375 253 0 0 0 0 0 0 0 0 0 0 308 0 302 362 0 0 271 0 0 411 421 0 355 0 0 315 0 0 0 0 0 356 0 311 374 0 0 0 0 0 0 0 0 0 0 0 0 0 0 0 0 0 0
0 0 0 0 310 0 0 0 0 0 0 0 0 0 0 334 0 269 345 0 0 0 0 0 403 256 0 0 0 0 0 0 0 387 0 0 398 0 343 0 0 0 0 0 0 0 0 0 330 0 0 0 302 0 0 321 314 0 0 338 0 0 0 451 0 0 0 0 0 0 0 0 0 0 0 215 0 387 0 0 406 0 0 0 0 0 0 388 0 0 274 0 397 0 0 0 363 0 0 0 311 492 0 0 369 330 0 0 0 439 276 0 0 0 0 439 0 0 0 0 0 0 0 0 388 311 0 0 0 0 0 0 0 0 252 0 0 326 308 0 0 0 0 427 0 339 0 0 0 0 0 0 389 0 0 0 480 288 0 0 470 0 0 252 0 0
0 0 0 0 0 402 0 0 0 0 221 221 0 255 0 0 0 340 0 0 234 0 367 0 0 245 0 0 0 0 0 0 0 0 0 0 0 0 0 0 395 0 359 0 0 0 0 307 0 0 0 0 0 412 0 0 0 0 0 229 0 0 0 0 0 0 0 0 0 321 0 0 0 0 0 0 0 0 0 0 0 193 391 269 0 0 406 356 0 0 0 413 0 318 0 0 0 0 0 283 0 0 0 0 0 0 0 0 0 0 370 0 0 359 0 315 0 0 0 330 0 0 0 0 236 315 209 0 236 0 386 0 0 0 0 0 0 284 0 267 0 0 0 0 0 0 0 310 381 289 0 0 0 378 0 0 0 0 0 372 0 0 210 258 0
0 0 0 273 0 403 407 0 0 0 0 0 0 0 0 0 330 341 0 268 0 0 343 0 0 0 0 0 0 0 0 0 0 0 422 444 0 0 0 0 0 393 0 0 0 0 0 0 0 0 0 0 0 0 0 0 0 0 0 0 0 487 0 0 0 0 0 402 0 0 0 400 230 0 0 0 0 0 394 0 0 0 299 382 0 436 0 392 0 0 0 0 0 0 0 281 0 325 287 480 0 0 0 0 0 0 0 0 0 362 0 0 403 405 0 0 384 0 0 0 203 0 0 0 0 254 0 261 357 434 0 466 270 0 353 0 0 0 0 0 0 0 0 0 0 372 0 0 327 0 0 0 0 274 0 0 0 0 428 0 0 0 306 0
0 0 0 350 0 0 0 0 0 0 0 0 0 0 0 0 0 0 0 214 0 0 0 0 0 220 143 0 0 0 0 193 0 0 0 0 0 0 0 201 334 0 0 309 0 260 0 0 0 0 207 306 0 0 0 0 0 0 0 274 0 0 0 0 0 0 310 0 0 0 0 0 0 0 0 0 0 275 0 0 0 0 297 0 0 304 0 0 0 0 239 0 0 0 0 273 252 0 0 0 0 0 0 245 0 0 0 0 309 0 0 0 0 268 0 0 0 272 0 149 0 0 0 0 174 0 203 0 0 0 0 182 290 0 0 0 159 228 0 0 0 265 0 0 0 0 0 0 0 0 0 324 0 0 0 0 0 0 0 0 0 0 0
0 0 0 0 0 0 0 0 0 0 257 0 0 0 0 0 406 0 274 0 0 0 0 297 0 0 288 0 0 0 244 0 370 0 0 358 0 0 0 356 375 0 0 410 0 295 0 0 0 247 0 0 0 0 0 325 0 0 0 0 0 0 0 0 0 0 0 0 0 355 0 0 0 374 0 297 347 0 0 0 0 0 0 0 0 0 280 0 0 0 0 192 0 0 0 0 0 0 339 0 0 0 0 0 0 0 0 421 0 0 0 0 0 0 0 309 0 0 0 0 0 0 0 0 0 237 0 0 0 0 0 0 0 0 0 0 0 313 0 433 358 0 0 0 0 0 326 0 0 0 0 0 0 0 0 0 0 0 0 0 0 0
0 0 317 367 0 267 0 0 0 0 0 0 210 0 0 0 0 0 0 0 216 258 0 0 0 0 0 0 327 183 0 0 0 0 338 0 0 0 342 0 0 0 0 0 0 0 331 0 237 0 262 0 266 0 0 0 316 0 0 201 0 0 0 0 325 335 0 272 0 221 0 0 0 0 0 0 0 196 362 222 0 0 0 357 0 0 0 419 0 0 0 0 0 0 0 0 0 305 0 0 0 0 0 234 358 0 331 221 0 0 351 0 0 0 286 0 0 0 0 0 246 0 224 0 239 0 365 0 0 237 0 320 0 0 0 0 0 385 0 0 0 285 0 0 317 0 0 0 262 405 0 354 0 294 314 0 0 0 0 0 0
0 0 0 0 0 0 0 0 0 0 0 0 0 0 0 0 228 361 0 0 0 0 0 0 254 0 0 0 0 0 343 0 301 0 0 0 0 0 0 0 305 0 0 0 285 0 0 239 0 0 0 0 0 0 204 0 0 0 0 0 0 0 0 0 0 0 0 383 0 0 196 0 0 0 287 0 0 0 0 0 0 397 315 0 0 0 0 0 0 0 0 0 0 0 0 0 0 0 0 242 250 0 0 327 0 351 0 0 0 355 0 0 0 0 262 217 0 0 305 0 300 0 0 0 0 331 321 0 0 328 0 0 0 0 0 249 0 369 319 278 0 0 0 0 0 0 0 0 0 224 0 0 255 0 0 0 0 0 244 0
0 0 0 0 0 0 315 0 444 0 288 0 0 0 0 0 0 0 0 0 0 0 210 0 0 286 0 0 0 444 526 0 0 0 0 0 0 424 0 0 0 388 0 0 435 332 0 470 360 0 0 0 367 308 0 0 514 0 0 0 461 0 0 0 0 0 0 0 0 0 0 355 0 0 0 0 0 0 437 0 0 0 0 325 0 469 0 0 0 0 0 0 0 316 0 0 0 0 0 350 0 0 0 0 0 276 447 0 0 0 0 399 358 371 0 255 414 403 0 411 0 0 284 0 0 0 479 294 0 0 0 0 0 0 0 0 0 0 0 0 376 0 0 0 0 0 371 0 313 0 345 0 0 0 297 0 0 0 0
0 280 0 0 0 0 0 338 0 275 408 0 416 0 0 0 0 254 305 0 271 200 0 0 243 0 0 358 405 0 431 390 0 0 0 0 0 0 0 0 363 0 0 0 320 0 0 0 357 0 409 0 0 0 0 0 0 302 0 0 296 0 0 0 0 0 0 0 0 0 0 0 387 0 242 0 323 0 0 0 0 381 318 0 427 0 363 0 0 0 0 0 0 0 0 0 0 284 277 0 0 0 262 0 0 0 383 0 343 0 0 0 329 0 208 373 0 0 379 0 349 0 329 417 419 0 0 429 0 0 327 0 0 0 409 0 0 0 0 0 0 0 0 0 0 0 0 0 0 0 0 0 0 268 0 0 253 0
0 0 0 260 323 0 369 0 0 0 0 0 298 0 457 0 0 0 367 0 210 297 0 0 430 254 0 0 0 0 0 0 0 263 0 0 0 368 0 0 0 0 0 0 0 457 0 0 0 0 0 0 336 0 0 0 0 241 0 0 0 0 0 0 432 0 0 0 0 0 0 0 0 236 0 0 0 0 0 387 0 309 407 0 0 0 0 351 0 0 0 283 0 396 0 0 0 0 356 0 0 0 498 0 0 0 466 0 370 0 0 377 296 0 0 0 315 391 0 0 0 404 0 0 0 0 0 0 0 0 0 0 0 0 463 384 0 361 0 0 0 0 0 0 0 0 327 448 0 0 0 0 0 0 0 0 0
0 0 0 0 259 249 0 0 0 0 366 0 0 0 0 0 0 0 232 0 0 169 0 288 0 267 0 0 0 0 263 0 0 0 0 0 0 0 0 0 0 307 0 0 0 0 0 0 0 0 0 0 0 0 0 0 179 0 0 0 0 270 0 0 0 0 0 317 0 0 0 0 161 0 0 307 0 0 0 0 0 0 0 250 0 0 0 0 0 0 0 0 0 0 296 242 256 256 0 0 0 343 190 0 0 0 0 0 277 0 0 0 0 0 277 0 274 208 0 0 266 0 0 325 188 0 0 0 0 140 262 0 0 337 0 0 240 0 0 322 267 0 279 264 314 220 0 0 228 0 0 0 0 0 0 0
0 0 0 219 274 0 0 0 270 325 0 0 0 0 0 0 284 200 154 0 0 198 0 0 0 0 0 0 0 240 0 0 0 0 0 275 0 270 0 0 0 0 203 0 0 0 0 0 0 0 0 0 0 0 227 0 288 229 304 293 0 0 323 178 163 186 0 0 222 0 0 177 0 0 0 0 0 0 0 0 0 0 0 0 0 0 0 0 0 0 0 301 0 0 0 258 248 198 0 0 333 0 239 0 296 0 0 318 246 0 182 175 297 0 201 0 0 0 187 0 0 0 364 0 0 0 0 259 0 0 0 0 0 0 0 0 0 0 0 0 0 0 0 0 204 0 0 0 0 0 0 350 0 0 0
0 0 0 0 0 0 0 228 0 0 0 0 0 0 0 242 0 0 0 0 0 221 139 0 0 0 0 0 0 0 185 0 0 216 0 312 0 191 0 0 204 174 0 0 0 230 0 0 0 0 0 289 0 0 0 0 0 0 0 0 0 0 0 0 0 0 0 0 252 0 0 0 0 0 0 287 0 0 208 233 0 0 0 147 0 0 0 0 0 0 0 0 0 0 205 0 0 0 0 0 0 0 0 0 0 0 0 0 0 0 0 0 237 0 0 0 226 167 0 285 0 0 0 0 0 0 0 0 208 232 0 0 0 0 0 0 277 274 0 0 252 0 0 0 0 200 197 236 0 156 0 0 0 0
0 0 255 188 0 243 0 311 0 0 0 0 0 0 242 0 0 232 0 0 218 0 0 0 0 0 242 238 285 166 0 0 0 0 0 0 0 278 0 192 0 0 241 227 0 0 0 0 0 0 0 0 0 0 0 217 0 284 0 0 285 0 175 0 0 0 226 0 0 0 0 0 255 0 276 260 0 183 227 0 237 0 0 0 0 0 0 198 0 0 0 0 0 223 0 178 0 0 0 0 239 298 0 0 0 0 0 0 0 0 0 0 179 0 155 0 0 0 0 0 0 0 0 0 0 0 150 0 0 0 0 0 218 220 246 0 0 237 0 0 0 0 0 0 0 212 0 290 0 0 150 173 0
0 0 0 185 0 0 0 0 0 0 0 0 0 0 0 0 221 166 210 257 0 0 0 0 286 0 0 0 0 276 0 0 0 0 0 0 0 282 0 0 0 0 0 0 313 224 0 0 262 0 161 0 0 0 217 0 0 293 0 311 0 0 0 0 0 0 271 0 174 0 0 311 329 0 0 0 0 0 0 0 0 0 0 202 0 0 0 333 297 0 0 0 251 0 206 0 185 0 0 0 0 0 0 0 299 258 0 0 159 0 281 0 0 0 0 0 0 0 0 0 0 0 0 0 230 159 0 0 0 301 296 0 0 0 253 0 256 0 289 0 337 0 0 216 0 0 0 0 0 0 0 0
0 0 206 309 0 0 0 250 0 309 0 0 0 210 0 0 0 187 0 0 304 0 0 0 0 275 0 206 0 0 0 0 0 0 0 284 0 0 208 0 213 248 0 0 0 193 0 0 0 0 0 0 0 222 0 0 0 0 0 0 0 0 0 207 229 0 0 0 292 0 0 0 339 0 0 0 0 336 0 0 0 0 0 0 237 0 329 0 0 0 0 0 0 0 295 191 0 203 266 318 0 287 0 268 0 0 0 0 0 0 0 0 0 228 214 0 313 0 0 0 0 0 245 0 0 250 0 290 0 0 280 0 270 270 303 269 0 0 0 0 0 0 219 0 0 303 176 0 198 0 0
0 0 302 0 0 0 302 0 348 0 0 290 0 0 294 0 243 334 0 0 0 365 355 0 293 0 0 0 0 0 0 0 0 0 360 0 0 257 0 280 0 0 0 0 0 0 365 0 186 0 0 0 0 0 0 0 0 0 245 0 0 330 297 0 0 267 0 0 272 0 339 0 0 0 0 315 0 0 0 0 0 0 375 0 285 0 0 359 0 0 268 0 0 0 0 424 213 352 0 394 330 0 349 283 322 216 0 0 0 268 0 0 0 217 0 0 0 349 0 0 0 0 0 0 0 0 0 0 0 0 0 316 0 349 335 0 0 300 0 0 0 0 275 323 0 0 0 0 291 0
0 0 0 0 0 0 0 0 183 0 0 0 0 0 173 0 0 175 294 339 0 258 0 268 0 0 290 0 0 277 0 0 211 0 0 0 0 0 0 0 0 273 0 0 274 278 0 0 206 175 0 212 0 0 0 0 0 168 0 0 0 0 0 0 0 0 334 0 0 0 0 0 0 0 0 0 0 0 0 0 0 0 245 0 0 277 286 0 0 209 0 0 290 0 353 0 0 0 0 0 309 0 0 262 0 151 0 251 0 0 0 0 0 252 0 0 0 0 0 0 0 0 0 0 0 0 289 0 0 236 0 0 284 0 0 0 0 0 0 299 0 0 0 0 0 336 0 214 0
0 0 0 0 208 0 237 0 195 223 0 134 0 154 0 0 0 0 0 0 0 0 0 0 0 0 274 214 0 0 227 0 0 253 0 0 0 0 207 0 0 0 0 220 252 0 0 0 0 0 0 272 0 0 0 249 0 143 0 0 0 0 238 0 0 0 0 235 257 0 0 226 0 0 0 0 0 0 210 0 0 0 0 278 0 0 0 0 174 0 161 0 0 284 0 243 0 0 213 0 0 0 226 0 0 0 0 0 0 0 0 0 0 242 0 0 0 0 231 0 192 0 0 202 0 280 248 220 0 0 0 255 0 0 0 0 0 0 0 0 0 0 0 0 0 0 0 0
0 0 0 277 0 0 0 0 0 0 0 0 205 0 0 0 341 400 0 0 0 304 400 260 383 0 0 328 0 0 0 0 0 0 0 395 0 288 297 0 0 0 0 0 0 222 0 0 0 0 398 350 0 0 0 0 0 0 335 0 0 381 283 0 0 0 0 0 0 0 0 0 0 0 0 0 205 324 0 0 0 0 0 0 366 0 0 0 0 264 0 0 0 0 0 0 0 0 0 0 0 334 0 0 0 0 263 326 0 0 0 0 0 401 413 0 0 0 0 278 176 0 0 0 0 0 321 0 0 0 0 0 0 362 0 0 0 0 0 0 0 0 267 386 0 0 0
0 0 293 385 0 0 260 0 0 190 0 182 0 0 0 0 0 0 352 0 0 0 0 0 0 0 0 0 0 0 0 0 0 0 356 0 326 0 395 318 0 0 0 388 0 0 0 334 274 350 0 0 0 0 0 0 223 0 254 0 0 0 0 420 0 0 0 0 0 369 0 0 0 0 0 0 0 0 383 0 251 0 347 339 0 258 0 0 0 412 260 0 0 0 0 388 0 0 346 0 0 0 0 0 332 250 0 0 324 0 0 342 0 0 0 0 339 264 0 0 0 300 0 342 0 315 268 282 0 0 331 0 0 0 0 226 0 248 0 350 0 0 0 0 0 0
0 332 0 0 0 345 362 321 211 0 248 0 411 0 399 0 0 0 475 0 445 0 0 0 0 0 0 0 0 0 0 0 312 0 0 0 355 0 0 0 0 0 0 0 338 0 0 0 462 0 0 394 0 293 0 0 0 336 0 0 313 0 493 0 424 0 0 0 423 0 0 0 0 400 228 0 0 0 0 0 473 0 0 0 343 0 0 261 0 0 478 0 0 470 0 0 423 0 0 0 0 0 0 0 0 0 0 0 0 425 0 0 0 281 0 0 370 321 221 0 374 417 0 0 0 0 0 0 457 0 0 0 0 0 0 0 339 0 0 0 291 0 290 302 0
0 0 249 150 203 0 0 0 0 0 0 250 0 0 0 0 0 233 0 273 178 280 0 0 0 0 202 0 0 276 0 189 0 0 0 0 0 0 0 0 0 0 140 0 156 0 0 0 0 254 0 0 0 0 150 0 0 0 0 0 156 0 0 270 0 0 266 0 0 242 0 0 0 0 234 0 0 0 0 0 282 0 228 0 0 0 193 0 0 0 0 0 0 0 0 0 231 205 0 0 0 244 0 0 239 0 0 0 0 0 290 0 157 0 0 212 0 0 0 218 0 315 0 0 0 218 242 0 209 297 0 0 0 0 0 0 0 0 0 0 0 144 0 0
0 0 0 0 0 0 0 0 161 0 0 159 0 0 0 0 0 0 0 0 0 0 0 277 0 254 0 0 0 235 219 0 0 245 0 0 0 196 0 0 0 0 0 0 0 228 0 0 0 0 0 0 0 0 0 0 251 0 0 0 298 0 0 0 0 0 0 0 0 316 0 0 0 240 0 0 0 0 368 0 0 290 193 0 250 223 0 215 0 0 0 0 293 0 0 0 257 0 0 158 0 0 194 290 191 0 0 0 0 333 0 0 0 298 228 0 0 0 236 305 313 0 0 0 0 0 0 237 0 0 0 0 0 0 223 229 0 0 203 0 0 0 0
0 293 303 0 0 0 0 0 0 355 266 0 520 0 0 0 349 0 295 0 0 0 445 0 0 0 0 0 0 0 412 0 0 0 0 0 322 0 392 0 0 0 0 0 0 0 0 0 384 0 254 270 0 0 0 0 371 364 281 0 0 0 0 0 0 0 0 431 0 0 0 0 0 0 0 0 0 0 403 0 0 0 358 373 0 0 0 454 264 401 0 422 0 0 0 0 0 0 244 404 0 0 0 271 0 307 0 0 0 0 0 0 0 0 0 228 0 0 0 466 0 425 388 383 0 0 372 452 0 357 0 296 0 0 353 0 0 0 0 0 0 0
0 0 0 0 0 0 0 0 0 0 0 0 0 384 0 318 421 263 376 0 0 0 404 0 0 0 0 313 0 460 331 0 0 0 0 251 0 0 0 0 0 0 384 0 0 0 0 0 424 261 0 0 0 0 301 0 0 230 0 0 0 434 0 0 0 0 367 0 0 0 221 0 0 402 302 0 0 360 387 340 282 318 0 0 0 298 0 0 0 0 0 0 0 0 0 0 0 214 0 365 271 0 235 0 242 0 0 388 486 0 0 0 286 0 200 0 0 432 0 0 0 337 336 0 0 0 0 0 0 0 287 0 0 0 0 0 0 471 0 0 0
0 0 178 0 0 0 0 0 155 0 0 0 0 0 211 243 0 0 0 198 229 0 0 174 0 0 0 0 263 177 0 0 0 0 159 207 0 0 0 0 0 246 0 0 0 0 0 250 0 0 0 0 0 0 0 0 132 0 0 0 0 0 0 233 0 0 0 0 0 0 0 0 0 225 0 0 0 0 0 0 0 0 170 0 0 295 0 0 0 0 0 247 0 0 0 0 0 0 0 162 0 0 0 189 0 0 0 279 0 0 201 0 0 0 0 200 0 0 222 222 0 0 0 0 0 0 0 0 0 0 0 164 0 0 0 0 295 142 0 0
0 205 0 0 0 0 262 0 0 329 0 0 303 0 0 186 0 272 0 0 0 0 0 295 0 0 0 0 0 230 0 0 0 0 0 0 0 0 0 0 0 0 0 310 0 259 0 0 0 0 254 0 0 0 0 0 0 0 0 0 344 0 299 236 0 0 238 0 0 254 0 278 0 217 0 0 307 294 0 0 0 0 358 0 0 0 0 308 0 244 0 0 254 0 176 0 0 0 0 0 0 0 192 258 308 314 0 0 0 0 0 0 0 0 210 0 339 0 0 0 0 0 318 0 0 0 222 0 216 304 0 0 0 0 0 359 0 0 0
0 0 0 181 0 0 0 0 360 0 321 332 0 0 0 0 0 297 0 368 319 0 0 0 271 0 0 0 0 0 0 0 0 0 0 0 0 0 227 325 277 359 0 0 0 379 193 0 0 0 239 0 0 269 0 0 0 352 326 0 318 0 0 0 365 291 284 0 0 241 0 256 0 0 0 0 301 0 0 282 252 0 0 333 0 0 0 367 0 0 0 0 0 0 0 0 0 0 0 233 0 0 0 0 0 0 0 332 0 0 0 0 0 0 353 0 304 0 0 0 348 376 0 0 0 0 376 227 0 0 0 284 350 238 388 0 266 0
0 0 162 0 0 0 0 0 0 0 0 0 0 0 0 0 0 263 0 0 216 0 301 0 182 324 0 229 263 0 246 0 0 0 0 168 212 0 277 0 0 0 0 0 0 163 0 0 0 0 0 0 0 0 0 0 283 0 0 0 286 0 0 297 0 0 154 0 0 0 243 0 317 0 0 0 0 226 0 0 0 0 0 190 0 0 0 0 0 0 0 0 0 0 247 0 0 0 199 0 0 256 340 0 0 177 0 0 0 0 148 214 0 0 288 257 265 0 230 0 0 0 0 0 0 0 185 311 0 0 0 0 0 0 0 0 0
0 123 0 0 0 193 0 209 192 225 0 0 0 0 0 0 0 0 183 163 0 211 143 0 194 156 0 0 0 0 144 0 0 0 0 165 0 0 0 196 0 206 0 0 131 0 0 0 136 0 0 0 0 0 0 228 190 0 0 0 0 0 0 182 178 0 0 134 0 0 0 0 0 0 0 0 0 0 0 0 149 0 0 0 198 0 0 186 0 181 0 0 0 0 190 0 0 123 0 0 0 0 215 0 0 0 180 142 0 108 0 0 197 0 0 0 165 0 174 0 0 224 0 153 0 0 240 0 0 190 0 0 0 0 0 0
0 0 0 195 0 0 0 0 0 229 0 0 314 0 0 0 379 0 250 0 323 239 0 0 0 0 0 0 0 201 0 307 342 0 0 0 0 0 303 0 274 0 320 0 0 194 0 214 286 0 0 0 0 0 0 343 0 0 0 0 0 310 0 0 0 0 244 0 0 0 0 0 318 0 0 0 0 220 372 230 0 208 0 324 0 0 0 0 261 0 0 0 0 0 241 0 0 275 0 0 333 0 0 0 0 0 0 0 0 266 0 0 314 0 283 0 0 0 0 0 0 0 0 0 0 346 0 0 0 366 205 0 0 237 0
0 0 0 0 0 228 0 0 0 0 0 0 0 0 0 263 0 0 0 0 0 0 0 0 0 0 271 179 156 199 207 268 0 196 0 227 0 0 221 198 173 0 150 0 0 0 0 193 0 0 0 0 180 0 245 0 0 0 0 0 284 0 0 124 0 0 0 0 0 0 0 0 0 0 0 0 0 0 0 0 0 0 0 0 198 0 200 0 0 0 0 0 0 0 188 0 0 0 0 259 236 0 0 234 206 0 0 0 0 0 241 0 0 0 174 0 206 0 0 223 0 0 249 0 245 0 161 0 259 134 0 0 0 0
0 0 0 0 0 0 0 0 0 0 0 237 0 228 0 0 190 0 0 180 0 250 224 0 0 0 0 0 0 0 0 0 0 0 270 0 269 0 0 225 289 170 0 177 0 0 0 0 0 0 0 0 0 0 0 0 0 194 232 0 0 0 139 0 0 0 0 0 0 245 0 254 0 0 0 0 0 0 0 0 0 0 269 236 0 0 0 0 170 0 242 0 185 258 0 225 0 248 0 0 0 0 285 0 0 0 135 0 217 295 0 0 228 188 0 0 0 0 0 0 227 280 179 0 0 209 0 0 0 0 0 0 0
0 0 0 348 0 0 0 0 0 0 0 0 0 0 0 279 0 0 0 0 0 0 273 0 0 0 0 0 329 423 218 0 0 0 306 0 0 0 0 391 0 0 203 342 258 0 0 0 0 0 244 0 0 0 0 0 282 0 430 0 0 0 289 0 0 0 0 0 0 0 0 0 0 0 260 0 0 0 0 307 0 0 0 0 0 0 340 0 0 0 0 0 0 217 0 0 0 0 0 446 0 0 0 0 0 0 0 273 0 0 0 0 0 0 327 0 312 0 0 332 0 0 0 0 0 326 0 238 0 0 254 0
0 0 0 0 0 205 0 162 0 0 0 0 283 0 184 0 0 0 0 247 0 0 221 261 0 0 214 0 0 0 185 0 0 0 0 0 0 0 271 0 0 148 0 167 182 0 0 138 0 0 0 232 0 0 0 0 0 0 0 210 132 0 0 243 0 0 285 0 0 0 174 0 0 147 0 0 0 0 0 0 0 0 224 232 0 0 0 0 0 0 0 0 147 0 175 0 0 0 0 0 0 0 0 0 0 172 182 0 0 0 0 0 0 0 0 0 0 0 0 0 0 0 0 0 0 0 0 0 0 165 0
0 0 0 390 0 396 237 369 354 0 0 485 0 266 0 0 287 0 437 315 309 0 0 0 281 0 0 0 0 0 0 0 287 416 378 0 328 0 0 228 216 0 299 0 360 0 0 0 0 0 427 435 0 0 0 0 0 355 0 212 0 0 364 0 0 0 0 0 370 0 320 306 0 0 0 0 0 0 0 0 323 0 368 0 0 0 0 0 348 0 368 0 0 0 0 0 0 0 0 0 347 0 274 0 312 329 0 0 0 360 0 0 0 434 0 393 395 284 0 0 0 0 0 367 0 0 434 0 0 0
0 448 0 342 0 309 0 0 0 429 469 0 0 0 0 0 0 450 0 355 0 0 0 0 0 0 490 0 372 0 377 0 454 0 0 0 0 0 0 0 365 0 0 0 333 0 0 0 0 0 519 461 0 0 0 430 0 0 0 0 0 0 0 283 0 0 0 0 0 0 0 0 0 0 0 302 0 0 420 0 0 436 0 0 297 0 0 0 0 0 0 0 0 0 472 0 485 0 0 0 0 0 0 0 355 0 0 431 0 0 0 0 0 357 471 0 322 0 310 0 0 0 0 0 0 0 0 0 0
0 0 0 422 0 0 0 0 0 0 380 0 0 0 0 0 0 356 357 357 0 0 0 0 0 0 265 0 234 463 302 446 0 0 0 0 0 0 0 0 0 348 0 0 231 0 0 403 0 0 443 0 0 375 0 0 0 201 0 285 0 0 0 0 0 0 0 0 328 0 0 0 303 0 0 0 0 0 0 0 0 352 0 0 0 0 0 0 0 257 0 0 0 0 452 485 275 450 0 0 0 0 0 0 420 0 0 0 0 365 0 0 332 451 438 0 0 0 480 0 0 0 0 0 0 0 0 0
0 0 459 0 0 0 0 0 0 0 0 410 0 0 268 0 0 0 0 0 0 0 370 0 0 0 0 0 0 0 0 0 0 0 0 0 0 252 0 0 0 0 0 210 0 0 0 401 0 392 0 0 370 0 0 0 0 0 0 0 0 0 0 0 378 0 0 283 0 249 0 268 0 0 351 0 0 0 0 0 349 0 0 200 379 325 0 0 0 0 0 0 0 0 0 0 0 0 0 0 0 292 321 375 0 0 0 0 0 375 388 0 0 0 0 0 0 0 293 0 358 398 0 0 247 265 0
0 0 0 427 0 0 0 443 0 0 430 0 0 0 0 0 286 0 0 0 247 0 0 0 0 290 0 0 0 410 0 333 303 0 223 0 0 0 270 0 0 269 0 0 0 0 0 0 0 0 0 0 0 0 0 0 0 0 0 346 283 0 391 0 401 0 282 0 268 0 0 0 0 350 0 0 0 0 342 348 360 0 0 0 0 0 0 230 0 259 0 421 0 449 0 0 0 0 0 0 0 0 0 0 0 0 290 0 0 0 304 0 0 0 419 0 459 0 0 328 0 0 0 0 0 0
0 0 314 316 0 296 0 0 223 0 357 0 213 322 0 0 0 401 293 0 257 0 0 0 0 215 0 0 0 0 0 0 0 0 0 0 300 0 0 0 234 0 0 236 0 0 0 292 0 0 0 0 0 303 0 0 0 0 0 0 0 0 0 0 0 0 0 210 383 0 350 0 0 0 349 296 0 0 311 319 229 0 0 0 216 297 0 0 0 0 0 0 0 0 0 338 0 0 0 0 0 0 0 0 0 0 291 0 0 308 0 0 0 0 0 0 0 0 259 0 249 0 0 229 0
0 0 0 0 0 0 0 0 0 0 0 0 0 331 0 412 0 0 0 0 0 0 225 0 0 438 0 0 0 0 0 0 0 0 0 0 0 0 0 0 0 0 0 0 0 0 0 0 0 0 429 0 0 0 341 282 0 0 0 0 0 0 460 0 0 341 0 0 297 454 0 0 0 0 0 0 0 0 394 0 0 0 0 0 0 0 328 301 0 0 0 0 0 0 407 0 0 0 0 0 0 0 0 386 0 400 0 0 0 0 374 0 0 0 0 293 0 0 0 0 0 253 317 0
0 0 0 0 0 0 194 236 0 0 0 286 0 236 218 0 0 196 263 237 0 0 195 0 0 0 0 253 0 0 0 0 0 0 0 0 0 0 194 153 281 0 0 0 269 0 273 0 0 0 210 0 144 217 0 251 0 0 0 0 273 0 0 0 217 0 305 0 0 185 236 268 286 229 0 247 0 0 191 151 254 0 0 0 0 199 0 262 0 0 0 0 268 228 0 0 121 187 0 0 312 0 0 213 0 0 0 0 0 245 0 303 0 0 0 194 0 0 172 269 0 0 0
0 0 0 452 0 0 0 415 0 0 0 350 0 0 0 343 0 0 0 0 0 0 260 439 305 0 0 0 0 0 263 0 222 380 0 340 0 0 0 0 0 437 469 0 0 0 333 0 431 0 0 0 0 0 0 0 0 0 0 0 0 311 0 0 273 441 320 0 0 342 0 0 346 0 0 364 0 0 0 0 0 0 0 0 361 0 0 397 0 457 0 0 0 0 0 0 0 335 0 0 379 353 0 0 0 0 0 0 363 338 0 0 0 0 0 0 411 0 0 0 0 0
0 368 409 0 287 0 0 0 0 0 0 0 0 0 0 265 0 0 0 0 0 0 0 0 381 330 0 0 0 0 0 255 353 0 0 0 0 0 0 0 0 0 0 0 0 0 0 0 314 0 0 0 0 0 0 0 0 405 0 367 0 0 0 262 0 0 0 234 0 397 0 0 0 0 322 0 0 0 0 338 0 345 0 0 0 0 0 0 400 219 0 0 296 0 0 0 0 410 0 0 0 0 372 0 0 0 0 384 0 0 0 0 0 0 0 0 275 0 0 273 0
0 0 0 0 343 359 0 0 0 0 0 0 0 0 200 0 0 0 0 0 0 0 0 308 305 312 0 0 0 0 0 320 0 0 0 0 192 397 0 0 0 0 0 0 0 0 349 243 0 192 0 0 311 0 0 343 326 0 0 0 0 0 0 0 0 0 0 0 0 0 265 0 0 0 0 0 0 296 0 0 0 0 271 0 0 0 0 0 0 0 0 0 0 0 250 0 302 0 0 301 254 270 0 0 0 0 0 251 335 223 0 0 0 292 329 214 0 225 0 0
0 0 0 352 0 270 0 0 289 0 0 0 0 0 329 0 0 0 326 0 381 0 0 0 0 292 385 211 0 231 313 0 0 0 0 233 0 0 375 0 0 386 0 0 309 0 0 0 211 340 0 0 277 255 0 0 0 0 248 0 0 0 0 259 396 0 0 418 0 0 0 341 333 350 0 0 0 0 0 0 0 0 0 354 0 0 0 0 0 0 0 271 0 0 0 0 0 323 0 0 0 352 0 320 0 0 0 409 0 0 274 0 335 0 0 0 0 0 0
0 0 0 501 346 311 0 0 0 0 0 0 0 0 0 534 0 351 288 416 0 0 0 0 0 481 0 0 250 402 331 370 371 0 0 502 325 0 0 499 0 455 0 0 0 0 379 0 0 0 0 0 0 0 0 461 0 0 0 347 312 0 0 442 0 0 0 0 0 0 0 0 0 0 260 385 0 0 0 0 0 0 0 0 0 0 0 0 0 342 0 0 0 0 0 0 0 0 0 0 0 0 0 0 0 0 454 0 0 356 0 0 0 0 512 0 0 0
0 337 388 0 0 0 250 0 0 0 0 0 0 309 372 0 268 234 0 286 0 0 331 0 0 0 0 0 0 252 0 349 248 0 0 0 334 0 0 0 0 0 0 0 258 0 162 0 0 0 0 0 375 0 0 0 250 0 272 0 0 253 0 0 0 399 0 0 0 0 0 0 0 190 0 0 0 0 0 0 0 0 0 0 0 195 0 275 0 0 0 248 0 0 0 0 313 274 0 333 0 0 0 0 0 0 220 0 0 0 0 0 0 406 0 228 0
0 0 0 218 0 0 0 0 0 0 214 0 0 0 0 0 187 314 0 0 0 0 246 0 0 0 0 0 0 0 303 235 0 0 0 0 0 0 0 0 0 0 0 0 0 180 269 0 0 0 0 0 0 0 0 0 0 0 191 322 227 0 0 0 0 0 279 0 0 0 0 0 0 0 0 0 0 206 0 0 0 293 0 0 196 0 0 242 0 0 253 0 0 342 0 0 0 261 274 0 0 0 0 0 0 0 0 0 0 0 0 0 0 0 0 0
0 315 289 0 324 0 0 0 0 0 0 0 0 0 0 0 0 0 0 0 0 351 0 0 216 0 0 289 293 0 0 0 0 0 365 0 0 365 393 0 348 0 0 0 0 0 0 0 351 0 0 432 0 0 318 0 0 288 429 289 0 0 0 0 0 328 0 0 0 0 0 0 0 348 307 0 242 313 0 0 0 0 374 233 0 0 0 0 0 0 0 427 0 0 0 331 0 0 386 0 0 0 0 0 250 0 0 0 0 0 0 0 267 0 0
0 0 0 302 343 0 0 0 0 0 0 450 203 0 0 0 0 0 394 0 0 0 247 0 0 0 0 0 402 350 0 0 0 399 0 446 0 374 0 0 0 0 0 0 0 0 0 0 0 0 0 0 0 0 322 346 0 0 0 438 0 0 401 0 367 0 408 380 0 0 0 0 0 318 367 281 351 280 0 0 0 448 0 0 343 0 364 0 0 0 441 0 0 0 0 0 0 0 378 0 0 0 0 0 0 316 0 0 0 0 502 0 0 0
0 0 0 0 0 0 223 0 0 279 0 0 0 0 0 236 0 0 0 0 333 0 0 0 0 0 0 258 226 190 0 0 0 0 0 0 0 0 0 0 249 0 0 284 0 311 0 0 0 0 0 0 0 217 0 0 0 0 0 0 279 271 316 0 0 0 0 0 200 159 253 0 0 0 0 0 0 0 0 0 0 0 0 0 0 0 134 0 0 327 0 0 0 0 0 0 0 258 288 0 0 0 0 0 0 0 270 0 0 0 0 209 0
0 0 0 0 0 0 0 0 0 0 144 0 0 0 0 0 265 0 0 0 155 0 184 0 0 0 244 209 0 0 0 301 268 0 270 310 0 232 0 0 0 0 236 0 0 0 0 0 0 261 0 0 0 0 0 0 0 0 0 0 315 0 0 0 0 0 0 0 0 252 268 200 0 168 0 0 0 0 0 315 0 0 0 0 0 0 0 0 0 0 270 0 215 0 265 0 238 0 0 0 286 0 0 0 0 0 0 0 289 0 0 0
0 324 0 446 0 0 0 0 0 0 0 0 0 351 453 0 0 0 467 0 0 218 391 306 348 0 321 0 0 0 0 0 0 448 0 0 0 0 0 0 0 373 0 440 0 0 0 0 0 0 0 0 304 272 449 282 0 0 0 0 447 373 0 0 0 0 0 0 0 0 0 383 265 368 0 0 0 0 0 0 0 0 0 0 211 0 335 0 0 0 0 331 0 0 0 386 0 0 0 0 283 0 0 0 0 412 0 0 0 0 0
0 0 0 0 0 0 0 307 0 274 0 0 0 0 0 0 0 0 167 0 0 291 0 0 272 245 0 307 0 0 307 0 0 0 0 0 0 0 0 0 0 0 294 262 225 0 0 302 0 226 0 0 196 318 249 0 0 0 0 326 0 0 0 0 0 0 0 0 0 0 275 0 241 0 0 0 0 0 0 0 0 0 0 141 0 0 0 0 0 0 0 0 0 0 0 343 0 0 0 0 0 0 0 0 0 0 0 0 0 0
0 0 280 217 0 268 0 0 0 0 0 0 0 0 0 0 356 174 0 0 0 0 249 0 232 0 375 257 322 300 0 0 319 257 0 0 0 0 165 292 215 0 0 236 343 0 0 0 0 0 223 0 328 234 375 209 0 0 0 0 0 0 0 0 0 0 0 0 0 0 0 0 228 0 0 0 0 0 305 0 0 0 156 0 294 0 0 329 291 280 271 295 293 0 0 0 285 0 0 336 0 0 290 0 192 0 0 0 0
0 258 0 0 0 0 168 0 198 0 0 0 0 0 0 0 0 0 0 0 0 0 0 0 197 0 235 0 0 352 0 0 233 0 0 298 0 186 0 0 352 0 0 0 0 365 0 243 0 0 230 0 0 395 0 0 0 0 0 0 0 0 0 0 0 0 0 240 0 0 0 0 0 0 0 370 0 337 0 0 0 0 0 0 0 0 0 0 0 0 0 0 0 0 0 0 342 237 372 0 0 289 0 0 0 0 0 0
0 0 0 0 0 0 0 0 0 317 0 0 0 0 451 0 0 0 0 0 0 397 0 0 514 0 0 421 476 0 0 0 0 0 0 0 0 0 277 0 0 0 0 0 0 0 0 0 0 0 0 0 447 263 410 460 455 0 0 419 0 0 0 0 342 0 0 0 0 0 0 0 0 0 0 264 420 0 0 316 0 0 0 491 0 420 0 0 373 397 0 0 388 0 0 0 0 0 0 320 0 0 0 0 252 0 0
0 0 0 342 0 0 0 302 0 0 0 0 0 0 0 0 0 0 0 273 311 0 0 0 0 314 0 0 0 0 0 0 0 0 0 0 0 0 350 0 0 0 0 325 287 0 0 254 0 0 0 0 0 0 337 0 0 0 0 0 320 210 0 264 0 0 0 0 0 0 0 0 315 0 199 0 0 0 0 0 0 254 0 0 0 277 0 0 0 322 0 0 0 0 0 0 0 0 0 0 0 0 0 0 0 0
0 0 291 0 193 175 0 227 0 0 0 0 0 0 0 0 234 0 0 0 0 0 302 0 0 279 292 0 251 0 0 0 244 0 0 206 0 0 0 0 0 265 0 232 0 0 0 0 0 0 317 171 0 0 262 0 0 0 0 268 0 148 0 0 0 0 0 0 0 0 0 0 0 0 0 0 0 211 0 0 0 0 0 0 241 0 258 0 0 245 0 0 0 290 0 0 0 0 0 0 0 0 0 0 0
0 0 192 0 212 0 0 0 347 0 0 414 228 0 0 0 0 0 0 0 0 0 266 0 0 0 0 0 270 0 0 307 337 0 0 0 0 297 0 0 0 0 307 0 0 287 245 0 0 0 0 0 0 0 0 0 0 0 0 0 0 0 0 0 0 0 273 0 335 0 0 0 0 0 271 296 254 0 0 0 371 408 0 316 0 0 0 0 0 0 288 0 372 0 0 0 0 0 332 235 0 0 244 0
0 211 0 0 0 0 0 0 0 0 425 0 0 0 0 0 0 0 258 0 422 0 0 0 0 0 0 0 354 0 0 0 183 0 0 0 0 0 0 0 0 0 0 0 300 0 0 0 0 244 0 0 0 0 318 374 0 341 0 178 0 0 0 0 0 289 0 0 427 0 0 0 0 0 0 0 190 288 0 0 0 0 0 301 0 0 0 0 414 0 0 389 0 387 0 267 0 0 0 414 0 251 0
0 0 0 0 329 410 453 0 0 0 0 245 0 0 0 0 437 381 0 0 346 409 0 480 0 0 311 0 0 0 0 0 359 0 474 391 340 0 419 0 431 0 0 0 0 0 0 0 305 0 0 0 0 0 0 0 0 0 0 0 351 0 0 0 334 0 0 0 0 0 0 407 0 0 0 0 0 0 0 503 0 0 0 396 0 417 0 0 0 0 0 0 0 0 0 0 0 286 0 280 0 0
0 0 0 190 0 211 189 0 225 0 0 0 0 0 0 0 0 0 255 0 0 0 0 0 0 164 0 0 0 0 0 182 0 0 0 161 0 0 0 218 0 158 0 0 0 0 0 0 0 0 233 201 197 221 199 190 0 0 219 0 0 0 0 175 0 197 0 0 0 0 212 0 0 0 0 0 0 0 0 0 0 161 0 0 0 0 0 0 0 0 0 0 174 0 0 0 0 226 132 0 0
0 0 257 0 0 0 0 0 0 0 0 0 0 247 271 0 0 0 0 0 0 0 0 0 216 0 0 0 290 0 270 0 275 250 0 0 0 308 0 0 0 0 202 0 0 0 0 0 335 0 0 296 0 268 0 0 157 0 0 0 0 0 230 0 0 343 0 0 0 0 0 0 229 164 0 0 0 0 0 0 235 0 291 0 282 324 0 0 0 0 382 245 0 0 0 0 375 0 241 0
0 191 0 248 210 200 0 0 0 142 0 0 0 210 0 0 0 0 236 0 0 0 0 185 0 0 0 0 133 0 0 0 208 0 0 0 0 0 0 0 0 0 0 0 0 0 0 0 0 0 237 0 221 0 0 0 0 0 0 0 0 0 0 0 0 0 0 0 240 213 182 0 0 0 0 0 0 0 218 0 0 0 239 0 259 0 0 263 159 0 0 0 0 253 168 303 0 0 0
0 0 0 0 0 0 0 249 0 0 0 0 0 0 0 428 296 405 0 0 0 0 0 388 418 0 316 0 0 0 386 0 291 0 0 0 0 0 0 0 0 0 0 0 0 371 0 0 0 0 367 369 386 0 229 0 0 0 0 0 0 0 0 421 0 392 270 0 396 0 0 219 0 0 0 0 0 0 0 0 0 0 0 0 386 343 0 0 0 0 0 0 0 0 422 0 0 0
0 0 0 0 316 0 192 0 0 0 0 294 0 0 0 0 328 0 0 0 286 0 273 0 0 0 0 232 0 0 0 0 0 293 0 0 0 0 0 0 0 224 0 0 286 0 0 0 0 0 0 0 0 162 0 0 0 0 0 0 206 0 338 359 314 0 0 294 0 0 156 0 0 0 0 0 0 0 242 0 0 0 286 285 0 343 0 0 0 0 252 337 0 302 0 0 0
0 303 0 0 0 0 218 0 0 0 0 307 0 0 0 0 0 0 0 415 0 358 427 0 0 218 319 0 0 0 285 0 0 0 0 0 336 0 306 0 0 427 0 371 0 0 0 0 0 0 0 0 0 369 0 0 0 0 297 266 0 0 0 387 0 0 357 298 0 197 0 0 373 0 361 0 0 0 337 0 0 376 399 0 416 276 396 0 286 0 0 0 0 0 244 0
0 0 0 236 0 229 0 275 0 0 269 221 0 0 0 0 0 384 405 0 0 0 0 0 0 0 0 378 0 0 0 384 0 0 0 0 0 0 0 261 0 238 336 0 0 364 0 344 0 370 0 0 0 0 0 0 230 0 0 0 0 0 0 248 393 0 0 0 0 0 271 0 0 0 0 281 0 0 0 309 0 354 0 402 0 0 305 0 332 428 0 437 0 0 0
0 394 0 0 211 0 0 0 0 0 0 0 277 0 0 0 0 0 0 0 0 0 311 213 0 0 0 0 0 405 352 0 0 0 0 312 245 0 0 0 0 314 0 0 333 0 0 0 0 0 0 0 0 0 0 0 277 0 0 0 0 0 242 0 0 0 0 0 275 0 371 0 0 0 0 0 352 0 0 0 0 0 0 0 429 0 281 0 394 0 0 0 235 0
0 0 208 0 0 0 0 0 0 196 0 0 0 0 0 326 0 0 0 0 0 0 0 0 0 0 0 0 362 0 0 0 0 0 279 245 0 0 339 0 0 0 329 0 0 0 0 0 0 199 0 0 240 0 0 273 0 0 0 0 0 0 0 309 0 293 0 258 277 0 0 329 0 0 0 0 295 0 0 318 261 0 0 0 223 0 0 350 219 0 190 0 0
0 0 0 0 0 0 0 0 272 0 309 0 0 0 0 425 331 366 0 0 0 0 0 0 0 0 0 0 0 0 0 0 0 0 0 0 0 0 0 348 0 0 0 0 0 0 0 0 232 0 0 331 409 0 0 294 0 0 0 0 0 0 376 0 0 0 0 0 0 0 0 0 0 360 0 0 0 0 0 335 477 0 462 303 0 409 0 0 0 264 0 0
0 0 0 0 0 203 0 0 0 0 256 0 279 0 0 0 0 0 0 0 124 0 0 262 224 0 0 0 0 210 0 0 0 0 247 0 241 146 211 0 242 245 260 0 0 0 0 0 0 0 0 0 0 0 169 0 0 282 285 0 232 206 0 0 111 0 0 0 0 0 221 0 0 237 236 0 0 0 201 0 0 0 0 0 0 0 0 0 0 160 0
0 0 0 0 0 0 135 0 0 0 0 0 221 0 0 0 0 0 226 0 0 0 0 0 0 0 0 0 0 0 179 176 151 264 0 0 129 229 0 0 213 0 0 199 0 0 0 0 0 0 0 0 0 0 0 0 0 0 156 233 0 0 0 103 0 0 0 0 0 203 202 0 0 0 0 222 0 195 0 0 0 0 0 0 0 0 264 0 169 0
0 183 0 0 0 147 0 0 226 0 0 242 0 0 0 0 0 0 0 0 0 0 0 166 0 0 223 0 0 0 188 0 0 0 260 0 0 235 229 0 0 0 0 0 0 126 0 0 0 204 154 0 0 231 0 258 248 0 0 0 0 195 130 0 197 0 0 0 0 0 0 0 0 0 0 0 0 0 0 0 0 0 0 0 0 0 156 0 0
0 0 0 285 197 0 296 0 0 0 0 0 274 346 0 297 0 196 0 0 374 0 0 0 0 0 0 0 249 0 0 387 263 0 245 0 0 0 0 0 0 0 0 0 0 353 0 0 0 0 0 0 0 0 396 393 0 0 0 0 312 0 0 0 0 395 0 0 0 0 356 0 357 385 0 0 0 0 0 0 0 0 0 0 409 236 0 0
0 0 210 0 294 0 0 0 352 279 0 0 0 0 245 0 167 0 0 0 0 0 301 0 0 0 0 0 258 0 0 0 0 0 0 0 0 0 0 0 0 0 0 165 0 0 208 249 215 0 0 0 0 334 286 200 0 259 242 0 151 228 258 0 301 0 0 0 0 0 0 0 0 0 252 0 0 0 218 0 231 0 0 322 0 217 0
0 274 0 0 0 0 335 0 0 0 0 0 0 0 0 0 0 0 339 0 217 369 0 0 0 0 0 0 0 0 0 329 0 297 0 0 0 322 0 0 0 235 0 301 0 260 298 0 0 0 0 0 0 368 0 0 0 238 0 156 287 0 331 0 312 0 0 0 305 329 317 310 289 0 0 0 341 233 0 0 0 0 0 0 0 0
0 0 0 0 0 0 0 0 0 0 0 421 0 0 187 0 0 398 0 0 0 0 325 0 253 0 0 0 0 0 0 0 0 0 0 0 0 377 0 0 0 217 356 347 245 339 0 0 0 0 0 0 0 0 377 0 0 296 0 0 0 0 402 0 0 0 0 0 365 0 0 0 0 0 288 0 0 276 0 0 0 0 0 0 0
0 0 0 0 0 349 0 0 0 285 304 253 294 0 249 0 0 242 0 0 287 0 0 0 0 0 0 0 0 0 208 0 330 0 245 0 0 259 0 0 183 0 0 218 0 183 273 0 292 0 0 0 0 0 265 219 0 0 0 0 0 0 0 0 0 0 276 0 0 0 0 268 305 0 0 0 0 0 0 191 0 0 0 0
0 168 0 0 257 0 0 178 0 0 0 0 0 0 0 0 0 0 0 0 0 0 0 177 0 0 0 0 0 150 0 0 0 0 249 0 224 0 0 123 0 0 0 0 154 0 0 0 0 0 0 0 235 0 0 0 0 0 0 0 0 0 0 0 196 0 0 0 231 219 0 0 170 255 0 0 0 0 151 0 0 170 0
0 0 0 0 454 0 0 0 0 0 0 0 0 0 0 0 322 0 0 0 408 0 0 0 0 0 322 0 0 0 0 0 0 430 0 0 0 288 0 0 0 0 0 0 0 0 424 517 0 473 0 0 442 342 0 0 0 339 0 0 0 361 342 0 398 400 0 0 0 349 0 0 0 292 326 0 0 288 0 0 0 0
0 0 0 0 0 231 0 0 0 0 0 0 0 0 0 0 0 0 0 288 228 211 0 0 291 0 0 0 0 323 328 0 0 0 272 0 0 0 266 0 0 0 0 0 0 0 0 0 0 0 0 0 0 0 0 0 0 0 0 0 251 0 0 0 0 0 0 256 0 0 0 0 0 0 0 0 0 0 0 0 0
0 0 0 0 0 0 0 0 0 200 0 267 0 0 286 0 0 0 0 272 0 0 0 0 0 393 0 364 441 0 0 381 0 0 0 245 0 362 0 281 0 234 0 274 0 0 0 0 0 0 0 312 350 0 0 324 0 436 0 0 0 0 0 423 0 0 0 0 0 0 442 0 0 0 0 294 0 0 0 0
0 376 0 0 0 0 0 0 228 0 0 0 0 0 422 0 370 0 0 340 0 0 0 0 0 0 0 0 0 0 0 0 0 0 0 211 346 0 0 0 0 0 0 0 0 0 439 0 0 337 0 0 0 0 0 0 462 379 0 0 0 0 0 0 0 0 354 0 0 454 0 0 0 436 0 455 262 0 0
0 0 306 0 0 357 0 0 0 0 440 0 0 0 0 0 0 0 0 321 283 0 295 464 281 0 417 0 0 421 0 386 0 0 0 0 399 0 0 0 376 0 0 522 0 0 0 491 346 0 0 0 375 0 0 0 0 0 0 0 0 0 0 422 0 0 0 0 0 0 0 0 461 319 0 261 0 0
0 296 0 0 0 0 0 0 0 403 0 305 0 366 0 375 288 0 0 0 0 0 0 242 0 405 0 0 0 0 0 0 0 0 373 0 282 0 277 0 251 0 0 387 0 256 0 0 279 0 0 301 0 0 0 0 0 0 379 0 0 0 0 0 0 0 0 0 0 0 0 0 249 0 0 0 0
0 0 0 0 0 0 344 0 0 0 0 0 0 0 0 0 0 0 0 0 298 0 0 0 0 0 0 399 0 0 0 0 0 0 0 253 0 0 0 0 0 0 0 0 0 435 0 0 0 0 0 0 0 0 0 0 0 335 379 0 326 0 0 0 391 0 0 260 0 372 0 0 0 0 0 0
0 289 0 0 0 242 0 0 243 0 0 327 0 306 203 0 222 0 0 220 0 0 0 0 335 0 0 0 0 255 0 0 0 0 0 0 0 0 0 266 0 0 0 0 0 0 0 0 0 232 0 268 343 275 278 0 278 0 0 0 0 0 0 0 202 299 0 0 0 0 0 0 0 0 0
0 0 0 0 0 255 0 0 0 0 326 0 0 0 0 0 0 0 0 0 0 0 0 0 325 0 343 0 0 0 0 0 306 0 353 0 0 248 0 0 0 0 0 349 0 0 0 0 0 258 391 0 0 0 0 0 0 0 0 369 0 0 368 0 0 0 0 0 0 218 0 233 268 0
0 392 0 0 316 0 0 0 0 0 454 480 0 0 0 0 0 339 0 0 426 519 463 0 0 386 0 0 295 0 0 0 336 0 251 0 0 0 532 0 0 0 0 0 0 351 242 375 0 0 0 0 0 0 0 0 0 0 0 0 0 514 0 0 291 349 0 0 0 541 0 0 0
0 0 295 231 0 0 0 0 0 0 0 0 260 0 0 0 0 345 0 0 0 0 0 0 0 0 0 214 0 0 0 217 0 0 0 0 287 0 0 391 0 323 0 0 263 0 237 282 299 0 288 0 0 0 0 0 0 0 0 0 0 0 0 0 237 0 0 0 365 200 0 0
0 318 0 399 319 290 413 0 394 0 0 0 289 0 362 0 0 0 0 429 396 0 361 397 0 0 0 175 342 297 0 292 0 0 0 0 0 0 0 0 0 0 0 0 0 285 0 397 0 0 0 0 0 0 0 0 323 0 0 0 0 0 0 0 308 0 0 0 0 0 0
0 0 0 184 0 0 0 0 186 0 0 174 0 0 0 217 0 0 0 230 0 0 0 0 0 0 0 0 0 0 189 0 0 0 0 248 0 0 136 0 188 0 0 100 171 0 0 216 0 0 0 0 184 210 178 210 0 184 0 0 223 0 0 0 0 0 252 0 0 0
0 0 0 0 0 0 0 356 250 264 0 0 357 0 0 210 323 0 402 0 0 0 0 0 0 169 0 0 242 0 0 292 0 0 383 0 0 0 0 0 0 0 0 0 245 0 360 0 0 271 0 0 335 0 0 308 0 0 0 0 0 267 302 369 0 0 0 0 0
0 0 0 0 0 0 0 0 214 0 0 0 0 0 0 0 0 0 227 0 0 0 0 0 0 0 0 0 0 158 0 0 0 0 0 0 0 0 0 0 211 128 0 0 275 0 0 213 0 0 0 0 239 0 0 0 0 0 0 0 0 0 0 194 0 168 0 0
0 0 0 0 371 415 0 0 296 0 0 0 0 0 0 0 0 0 404 0 320 0 0 0 363 346 279 0 276 0 0 0 434 0 0 0 0 0 0 0 0 0 0 0 0 375 356 0 0 0 0 0 0 0 0 0 0 0 0 0 0 0 0 0 0 316 0
0 390 0 312 314 0 245 0 205 0 0 0 224 0 355 0 0 333 0 0 0 229 166 0 0 0 0 0 0 231 0 0 0 0 0 346 277 0 0 0 256 0 0 0 0 0 0 0 0 337 0 0 0 0 0 228 0 0 0 0 343 0 0 0 0 0
0 0 260 0 0 0 0 0 291 211 0 0 0 333 0 0 283 0 0 246 201 0 0 240 0 271 180 0 0 0 0 298 0 0 297 268 232 0 133 0 237 0 0 0 0 0 0 0 0 0 0 273 204 0 227 314 229 215 0 0 0 0 0 0 0
0 0 0 0 0 0 0 0 0 502 0 421 0 465 0 0 0 0 446 323 0 367 0 0 0 290 0 0 425 0 0 0 0 453 0 0 327 0 0 0 0 0 355 380 0 0 0 411 0 463 0 360 0 0 467 0 0 0 0 263 0 0 0 0
0 0 0 0 0 0 0 257 0 0 0 0 0 0 0 0 351 0 0 0 396 0 0 0 0 0 0 0 0 0 0 278 385 0 0 283 0 0 0 0 0 0 0 0 343 0 0 0 0 0 0 442 0 0 0 0 0 0 258 0 0 0 0
0 0 311 0 290 416 0 0 271 400 0 0 345 349 420 0 0 0 0 0 0 285 0 0 0 255 0 0 407 385 0 0 0 0 296 181 282 0 0 435 0 0 0 344 378 0 0 380 0 0 437 0 0 0 0 0 0 280 0 0 0 0
0 297 0 241 0 0 0 240 0 0 0 0 359 0 0 0 0 0 363 347 0 0 0 0 239 0 380 0 0 0 371 0 0 0 0 278 0 0 0 0 358 0 0 0 0 0 0 0 0 0 0 0 0 312 0 0 0 0 0 0 0
0 0 215 0 0 0 0 0 0 0 0 278 0 0 0 193 0 0 0 0 0 0 0 0 0 0 286 0 0 0 0 0 0 141 0 251 0 0 0 0 0 0 0 0 283 278 0 0 0 205 0 238 0 0 309 179 0 0 0 0
0 0 329 0 0 0 0 308 0 0 0 0 0 0 0 0 0 0 0 0 203 256 0 309 0 0 0 192 0 280 254 0 0 0 0 315 0 0 249 221 0 0 300 0 307 0 0 335 0 0 0 0 0 328 0 0 0 0 0
0 0 214 0 209 0 375 330 0 0 0 0 0 186 0 0 0 204 0 0 280 196 0 0 0 376 0 0 0 0 247 0 0 261 0 0 0 0 0 289 0 0 0 313 0 0 0 0 380 251 0 0 0 0 0 0 0 0
0 0 0 0 0 0 0 0 0 242 0 0 0 0 249 0 0 0 0 0 0 245 0 0 307 173 0 0 223 235 0 0 228 0 0 0 0 225 0 238 0 0 318 242 0 0 0 260 0 0 0 0 0 307 0 186 0
0 426 0 0 0 446 400 442 410 0 386 299 0 0 0 0 0 0 0 0 408 0 0 0 289 0 0 0 326 0 0 0 0 464 0 0 0 0 0 0 373 0 0 0 0 0 0 309 0 0 0 0 0 255 311 0
0 0 0 0 0 0 0 0 0 0 0 0 0 0 0 258 0 0 192 0 0 0 0 0 0 250 0 0 154 0 0 301 323 0 0 218 0 0 0 0 0 0 202 298 0 317 0 0 224 0 0 0 0 199 0
0 371 0 0 0 411 0 0 0 0 0 0 368 0 0 0 0 0 0 0 437 465 0 435 0 0 363 0 0 0 0 0 0 0 0 0 0 0 0 0 421 0 406 321 437 0 0 0 422 0 486 0 0 0
0 0 291 0 0 237 246 0 0 0 0 0 0 0 171 0 0 0 0 0 0 0 0 0 0 0 0 196 196 0 0 0 0 0 0 0 0 0 0 0 195 0 0 0 0 187 0 282 0 0 0 0 0
0 364 0 371 0 0 0 0 0 0 300 275 0 251 304 0 0 353 422 384 0 0 0 305 0 194 288 0 427 0 0 0 0 292 341 0 0 0 0 0 0 0 0 0 245 0 0 0 0 0 0 0
0 0 0 432 0 0 0 203 395 0 0 402 309 0 0 0 489 420 0 0 0 0 0 356 0 0 0 0 502 0 0 0 0 0 0 328 0 417 357 417 300 0 0 0 0 461 0 447 0 306 0
0 0 0 0 0 0 0 0 0 0 0 0 0 0 0 0 0 508 0 0 0 355 0 0 0 0 0 471 0 374 0 0 415 0 0 0 0 0 472 279 0 0 0 0 0 267 0 269 276 0
0 0 0 280 0 0 0 336 0 0 209 327 243 0 0 0 0 222 332 0 0 272 0 0 274 0 0 0 0 288 282 323 392 0 0 0 0 0 0 370 0 245 302 0 0 0 0 0 0
0 0 327 224 0 359 0 0 0 0 0 274 0 0 0 436 0 0 0 307 339 0 308 285 408 0 0 0 0 0 0 0 0 0 0 0 0 0 0 0 0 0 0 0 0 0 0 0
0 324 0 0 0 319 0 0 0 0 0 0 0 0 0 241 380 0 327 0 0 0 0 0 430 0 0 0 0 0 362 0 0 0 0 0 302 0 289 0 0 0 258 0 0 0 0
0 222 0 0 0 0 0 202 0 205 0 0 343 0 0 0 314 0 0 170 0 0 0 346 314 0 0 318 364 0 335 307 308 295 0 0 334 0 256 0 0 0 416 0 0 0
0 192 0 0 269 0 0 326 0 341 0 0 0 0 0 0 0 0 0 263 284 0 0 0 0 0 0 0 0 0 0 0 0 400 0 375 0 0 339 0 0 0 0 0 0
0 262 0 0 0 170 0 0 0 0 0 0 0 0 0 0 0 126 0 204 0 0 0 0 0 0 0 0 0 269 0 207 0 0 296 0 199 0 0 0 0 0 0 0
0 0 156 192 127 0 0 0 237 0 0 0 0 0 0 0 0 0 0 226 0 0 0 0 0 0 0 0 0 0 0 0 145 245 0 0 0 225 0 0 119 0 0
0 0 0 236 0 0 0 361 0 0 0 387 0 0 0 0 0 0 408 0 0 0 0 300 326 0 0 0 0 0 350 0 373 0 0 0 0 0 0 0 0 0
0 348 0 0 0 0 0 0 0 231 0 0 0 0 0 0 0 0 0 0 0 0 0 0 0 0 0 300 278 0 0 0 0 0 0 0 0 0 214 0 0
0 178 239 0 0 0 0 320 0 0 0 0 0 0 0 0 0 0 0 0 228 0 266 293 0 287 0 0 0 0 0 0 0 0 0 0 0 172 0 0
0 0 0 0 0 0 0 253 0 0 0 0 0 0 0 0 0 306 318 0 332 317 397 314 346 0 0 0 0 0 0 0 326 0 0 0 0 240 0
0 0 0 272 0 0 0 232 0 188 0 0 0 0 0 0 0 0 0 232 228 0 0 0 0 183 0 0 0 0 0 0 0 157 0 154 0 0
0 0 0 0 0 0 0 0 0 0 0 0 0 0 0 274 0 255 0 0 343 0 0 0 0 323 217 0 0 0 0 323 0 394 0 0 0
0 0 0 0 170 0 0 0 0 0 0 0 282 0 0 0 0 0 251 0 0 0 0 0 0 0 282 0 183 0 256 0 0 150 0 0
0 0 0 0 387 0 0 0 0 294 0 402 0 0 0 329 0 0 0 0 0 0 0 0 0 422 0 0 0 0 268 0 236 0 0
0 490 0 0 0 296 324 0 0 0 0 0 379 0 0 0 0 0 0 436 435 0 0 0 0 0 0 0 0 0 0 256 0 0
0 0 0 0 0 0 226 323 0 432 489 0 0 325 0 375 0 0 427 0 0 418 0 0 299 0 0 0 0 0 242 0 0
0 0 414 0 0 0 0 0 0 0 0 409 0 0 0 0 0 0 0 0 0 0 0 311 368 353 0 0 0 0 0 0
0 236 210 0 0 0 213 0 0 0 0 201 0 234 238 0 227 0 0 299 176 0 168 177 0 0 161 0 0 0 0
0 0 0 221 0 304 0 0 0 348 0 353 0 0 0 422 372 0 0 268 0 0 0 0 0 0 0 0 0 0
0 0 184 0 321 0 0 0 291 0 310 307 0 0 370 377 0 0 237 0 0 0 0 369 235 425 0 0 0
0 0 0 0 0 386 0 0 0 0 0 0 0 0 0 238 348 0 347 225 241 247 0 204 349 179 0 0
0 0 0 0 0 292 0 242 0 339 310 0 0 284 0 0 220 0 0 0 0 0 210 0 0 0 0
0 0 0 0 190 0 162 0 0 0 0 0 0 0 202 0 0 0 0 0 0 0 0 0 0 0
0 336 0 0 256 0 241 0 0 276 345 0 0 322 0 0 0 0 288 0 0 0 0 0 0
0 357 0 0 0 0 0 0 0 0 299 0 335 0 331 0 0 0 0 0 365 0 243 0
0 379 0 0 385 413 0 0 433 0 0 0 0 0 0 0 0 0 0 0 0 0 0
0 374 336 374 0 0 0 488 406 0 0 0 0 0 327 0 0 0 0 0 0 0
0 253 0 0 368 0 343 322 0 0 0 0 0 0 0 356 0 0 0 0 0
0 0 0 0 0 0 0 0 0 0 0 268 0 0 0 250 0 0 0 0
0 288 0 0 0 0 0 0 0 0 0 0 0 340 201 0 0 0 0
0 0 0 0 0 0 0 239 0 0 0 0 0 253 0 195 0 0
0 0 402 354 289 0 0 0 0 0 0 408 271 0 0 0 0
0 0 0 0 0 0 0 305 0 0 0 245 0 0 0 0
0 0 307 0 0 0 0 0 0 0 241 0 0 253 0
0 0 0 278 0 0 0 0 0 0 0 0 324 0
0 369 0 0 0 0 0 420 0 0 0 0 0
0 0 0 0 0 0 0 0 372 0 0 0
0 0 0 0 0 0 0 0 0 292 0
0 0 0 0 260 0 0 0 198 0
0 0 0 0 0 0 274 0 0
0 0 310 0 0 0 0 0
0 0 181 338 0 201 0
0 0 405 0 0 0
0 0 0 291 0
0 0 0 0
0 0 0
0 0
0
0
11311
106 478 508 406 287 461 331 172 321 433 441 160 436 307 90 304 171 409 413 179 169 411 306 352 180 220 473 314 136 243 110 271 484 189 460 171 135 475 466 299 409 284 398 248 199 463 387 435 282 331 87 223 269 215 299 246 157 202 385 108 148 155 124 247 371 324 173 389 377 503 252 202 559 224 237 351 139 272 284 248 351 532 129 405 271 375 141 391 482 300 113 550 275 344 286 425 320 173 356 410 372 150 250 380 194 498 311 176 521 91 195 452 354 192 342 227 184 255 208 134 259 423 447 113 482 314 377 212 358 425 494 465 452 345 354 324 370 225 340 282 259 514 424 505 266 224 196 168 240 223 365 225 141 307 328 504 185 243 465 351 169 249 307 195 98 280 142 199 370 157 433 424 475 391 382 306 538 149 401 369 299 335 522 266 243 427 470 250 215 501 238 273 290 497 268 162 334 314 528 106 224 173 439 199 427 325 309 244 528 172 144 142 356 239 313 329 244 139 440 193 330 412 524 418 346 207 345 476 240 361 116 253 180 360 307 189 427 389 367 327 220 231 231 197 503 218 482 141 292 421 410 349 322 398 257 358 173 107 340 348 205 293 162 269 195 380 492 417 551 176 464 360 282 278 99 264 283 502 523 317 312 277 279 377 367 321 446 369 265 409 169 526 241 240 298 465 156 529 167 204
