300
322 150 170 144 131 281 146 219 190 139 135 154 175 134 316 182 253 173 132 319 177 243 222 307 258 210 252 137 173 181 238 266 153 290 201 206 281 201 322 175 224 217 231 217 243 296 252 160 272 321 180 306 193 314 263 312 283 321 312 188 298 300 146 224 244 208 290 316 226 281 130 245 326 135 204 316 221 323 245 323 291 178 152 205 269 284 288 287 222 198 210 293 192 224 248 148 156 305 320 234 316 235 279 203 173 312 259 305 323 250 183 257 139 179 179 219 211 328 151 305 224 275 303 217 168 251 159 257 143 233 272 157 170 316 260 303 176 268 153 210 300 279 270 297 288 195 251 196 292 204 298 145 168 257 247 221 199 312 286 283 181 209 174 171 221 307 266 182 304 213 302 226 241 279 241 314 243 164 287 177 260 320 199 252 252 224 206 208 254 225 295 266 256 234 242 255 298 201 130 259 203 141 291 221 307 276 231 244 285 265 284 139 274 178 246 299 185 209 236 162 157 215 205 219 293 247 270 251 305 299 218 179 139 205 316 279 298 288 320 221 177 145 238 314 167 327 294 236 143 224 248 310 321 306 205 299 199 174 297 196 131 132 164 260 182 266 232 266 255 263 295 253 140 237 257 323 242 297 273 244 325 142 199 236 140 231 279 307 307 232 153 208 317 208 301 289 322 311 257 315
0 205 0 150 0 0 171 153 258 140 294 0 0 262 0 0 0 0 245 0 161 190 0 0 0 145 286 246 0 0 188 0 255 0 170 200 269 0 130 0 0 0 0 0 288 151 0 0 0 109 0 0 0 270 229 122 0 0 176 0 193 158 251 0 215 250 110 0 0 188 0 0 244 0 0 139 160 104 0 0 270 0 228 0 0 0 137 0 0 0 127 137 195 0 172 0 179 231 0 0 264 236 296 118 275 0 252 211 121 0 0 0 0 164 276 0 132 190 231 204 208 299 0 0 109 232 145 0 285 221 164 0 0 206 0 0 253 213 265 0 0 226 0 0 143 203 110 251 0 122 0 0 275 0 262 0 0 282 153 192 237 242 0 222 272 283 0 0 122 101 0 0 0 142 103 132 0 0 111 179 0 0 148 0 0 147 219 0 180 0 226 111 0 188 0 0 0 249 252 0 260 0 0 258 0 169 107 112 0 0 209 0 0 0 0 179 112 187 282 0 0 290 214 0 163 252 0 278 159 0 0 0 0 136 255 113 0 272 0 133 293 245 0 0 214 246 226 0 0 166 0 0 297 0 0 0 123 0 0 0 186 0 164 298 0 260 223 131 0 114 0 0 291 0 0 0 214 0 196 128 0 0 0 0 126 232 0 0 220 152 0 105 190 272 0 153 125 0 211 294
0 167 0 171 0 0 0 184 175 0 266 0 0 0 101 0 0 258 211 0 0 297 227 142 0 0 179 0 203 220 0 242 199 154 196 0 131 105 0 0 201 0 244 123 245 0 218 0 0 226 0 0 217 0 0 105 0 224 195 0 170 287 0 0 0 0 206 216 0 140 173 132 278 206 279 0 0 170 0 0 0 0 284 0 274 0 279 126 261 0 250 0 224 0 290 281 182 271 0 217 262 100 280 121 122 0 0 276 0 0 224 0 188 197 223 136 0 120 250 0 0 235 104 199 207 273 203 0 123 289 0 0 0 0 0 266 0 207 154 204 0 0 251 0 0 0 0 216 183 261 0 0 0 236 188 0 169 0 298 0 0 0 280 0 256 261 0 219 187 201 0 0 204 0 0 0 210 283 0 171 232 0 155 129 132 127 0 131 201 250 253 0 134 0 130 0 0 0 0 274 192 249 0 0 0 115 0 152 263 178 0 0 181 292 231 148 0 143 0 0 135 0 152 247 0 249 0 0 222 0 0 0 131 0 0 114 262 0 234 0 0 138 0 0 0 252 0 266 196 0 0 145 199 0 0 0 120 152 201 0 237 255 0 276 109 0 119 235 0 182 249 273 229 165 0 0 0 0 226 267 272 264 240 0 102 284 0 177 0 0 0 143 210 0 0 161 0 0 0
0 0 233 0 187 244 0 0 170 232 0 0 0 0 181 0 0 136 110 257 296 236 0 0 209 201 0 133 0 233 105 177 157 228 0 194 273 0 0 124 0 298 143 130 292 149 0 291 0 0 0 0 152 0 217 205 181 0 277 0 168 0 0 289 0 191 170 0 0 214 0 144 0 257 298 0 168 0 0 201 159 188 0 0 0 117 294 0 179 252 0 286 241 0 267 0 0 0 0 228 0 149 246 0 256 0 202 0 163 0 209 0 0 156 202 218 0 297 259 227 0 0 0 0 0 290 213 0 0 262 170 250 181 140 0 213 0 290 296 295 142 176 242 0 232 0 112 0 113 0 0 204 259 247 209 0 0 0 228 249 0 0 0 248 209 0 0 143 0 267 0 0 222 140 0 205 133 233 0 261 0 168 221 194 148 0 249 213 217 121 285 160 0 0 0 0 0 210 0 112 263 202 0 184 242 251 0 185 0 0 245 172 255 150 0 102 179 177 218 0 0 173 273 134 0 0 281 155 237 109 0 0 0 241 142 0 0 0 0 0 108 127 145 209 195 211 134 0 188 206 0 211 286 0 154 242 117 0 205 183 188 252 195 0 0 298 0 254 0 0 119 0 263 179 239 161 138 194 0 0 0 0 236 0 187 0 0 269 212 190 0 0 0 236 0 147 0 0
0 158 0 0 0 251 151 0 223 108 0 257 0 207 174 0 284 0 270 103 162 281 283 240 249 0 116 144 0 113 0 160 261 0 0 115 182 261 0 0 0 152 0 0 0 251 163 129 180 0 138 254 0 278 255 117 145 209 188 228 0 0 0 0 207 0 0 0 172 0 0 181 282 0 149 143 0 0 233 294 0 0 0 0 0 237 188 0 198 0 219 110 0 0 0 0 153 0 260 171 215 0 0 0 105 259 0 161 0 0 197 0 294 257 141 0 0 131 126 0 0 168 250 288 0 0 0 0 281 0 0 299 294 123 224 291 149 162 0 0 105 132 0 229 289 239 0 0 0 199 171 241 0 0 244 265 0 0 210 0 0 140 104 0 128 0 0 137 0 168 214 0 151 0 0 133 0 0 0 176 0 134 0 0 230 0 225 0 294 242 144 126 0 0 0 0 277 0 0 0 0 181 0 144 0 242 0 0 0 0 0 155 0 284 0 295 285 254 0 0 154 0 209 129 203 299 187 0 137 0 0 0 0 0 0 0 208 0 0 0 224 0 0 263 0 0 143 0 260 151 202 178 0 279 180 274 0 256 182 190 101 162 0 0 275 285 283 229 0 0 0 0 130 281 100 0 0 264 0 0 294 124 0 280 105 0 0 248 138 231 0 0 0 0 0 0 160
0 0 237 0 211 0 0 0 158 208 0 0 141 0 147 0 0 0 0 0 0 292 0 0 182 0 145 0 0 0 273 219 129 181 239 0 186 0 208 182 100 158 209 247 169 0 194 147 0 0 0 0 254 0 260 198 0 233 0 200 0 0 0 223 253 0 0 0 0 0 204 0 277 0 290 0 172 0 0 226 242 0 164 184 0 158 270 155 0 120 0 258 0 0 0 182 227 141 134 0 203 107 202 0 0 0 0 0 0 0 169 0 0 0 293 0 0 223 239 259 0 0 0 210 0 212 0 0 177 0 0 0 0 167 0 0 0 218 146 0 0 0 0 103 0 240 0 0 0 109 143 0 0 197 0 266 222 0 289 271 0 189 107 171 179 272 197 126 260 277 169 0 0 0 155 255 172 264 178 269 167 203 0 230 0 0 0 0 0 223 109 0 107 0 0 240 125 0 0 120 299 282 0 0 0 0 0 261 0 213 266 174 0 0 0 0 0 0 0 191 106 0 158 0 0 0 230 0 0 136 120 0 168 0 179 229 299 135 0 277 0 122 0 0 152 0 0 0 0 0 235 124 149 255 213 290 0 0 0 0 212 273 0 253 175 0 152 138 0 282 0 0 112 0 294 0 0 264 0 263 0 0 159 126 0 0 0 203 0 210 0 0 0 275 0 0
0 239 0 0 111 133 0 250 213 281 0 0 229 142 0 0 0 0 0 0 232 0 121 0 199 155 245 249 133 279 0 234 0 144 293 0 291 0 210 147 121 201 0 0 119 0 135 0 0 0 0 189 0 193 0 134 220 0 0 0 0 118 0 239 224 0 134 144 0 288 291 253 0 0 0 168 244 260 0 276 0 231 0 299 221 168 0 0 269 218 0 211 0 145 0 0 0 131 187 0 242 243 191 0 0 153 149 0 141 174 268 0 299 138 0 217 234 0 194 132 285 0 247 0 178 150 168 206 0 160 234 0 178 0 162 0 0 0 0 184 0 203 262 295 0 168 185 175 0 228 0 214 170 177 170 0 137 0 0 0 0 0 129 239 0 117 0 225 0 212 235 0 0 290 148 110 288 0 216 0 0 0 191 0 124 228 232 169 144 0 247 0 203 186 182 116 0 134 182 0 0 0 182 0 208 241 113 0 216 264 0 0 130 0 125 0 0 113 0 0 0 0 288 0 0 0 148 263 0 256 0 0 0 210 0 0 0 279 0 175 100 152 288 288 202 0 225 293 0 158 174 0 0 195 107 0 0 0 0 0 0 0 0 0 0 0 213 0 0 0 0 0 257 0 0 109 116 114 0 0 0 274 0 0 0 139 153 0 0 106 0 0 0 0 131
0 0 253 0 0 280 235 115 0 165 0 256 162 107 212 0 0 105 0 225 191 198 108 195 0 166 119 247 229 258 0 203 0 143 220 0 0 214 0 291 151 137 0 239 122 0 227 197 277 231 0 0 190 0 0 134 179 169 119 0 0 254 260 0 0 144 0 257 0 0 242 287 103 0 286 191 208 0 171 125 132 0 0 0 256 0 209 0 142 101 0 173 0 0 204 145 193 0 220 283 188 152 0 0 275 220 0 107 246 0 0 0 291 0 288 0 269 0 0 0 293 108 226 238 224 102 0 229 0 0 0 123 0 110 263 0 0 0 123 0 0 0 0 125 0 0 0 0 295 189 134 0 250 226 275 0 127 0 0 292 0 0 0 0 0 195 0 0 0 235 291 0 0 0 0 187 0 116 213 0 221 153 0 0 198 0 0 174 119 0 144 234 192 136 0 229 295 0 242 0 197 0 183 149 0 0 0 288 136 225 182 185 0 0 0 122 0 0 230 287 283 179 0 0 197 0 0 0 0 0 0 0 0 133 149 0 116 0 151 270 0 0 248 295 0 170 0 156 247 162 256 152 254 0 228 282 291 211 173 0 0 216 127 142 0 0 0 147 288 0 0 0 0 155 0 0 294 145 0 0 214 107 134 0 0 0 119 0 0 0 128 274 0 0
0 208 0 0 171 0 258 122 171 0 185 0 0 166 0 204 130 0 171 106 0 108 0 0 0 153 256 245 0 0 250 272 0 0 0 109 0 0 173 154 0 162 0 184 0 0 299 0 0 0 281 141 0 0 236 273 150 250 266 190 131 0 0 0 0 226 256 0 0 284 199 0 0 259 0 0 174 0 284 140 0 218 0 0 0 203 0 0 117 0 156 0 0 232 206 198 0 110 215 109 0 0 0 0 0 142 0 0 0 0 0 0 0 267 0 178 290 0 0 111 0 108 0 0 148 0 113 202 170 0 221 0 0 0 0 0 0 201 0 0 246 258 0 285 152 0 0 0 151 111 195 107 134 285 152 0 231 0 250 152 0 0 130 292 199 0 259 293 0 273 0 0 0 0 221 0 299 0 0 0 0 0 253 0 202 0 0 0 0 0 119 0 0 0 261 0 0 154 0 0 261 144 0 118 0 0 0 210 128 263 0 186 166 0 217 0 236 267 233 165 0 0 147 0 0 0 277 240 124 184 0 202 0 0 167 0 0 0 242 0 0 255 116 0 0 199 164 0 189 105 257 156 184 105 124 243 0 280 155 0 0 0 193 202 139 186 227 135 0 128 149 138 0 116 152 268 238 0 231 229 244 0 272 241 0 202 113 0 0 0 0 0 242
0 144 0 268 0 0 232 0 0 0 157 262 0 0 0 0 261 0 297 247 0 0 0 105 205 0 0 192 218 0 191 200 257 192 0 122 192 0 0 0 0 139 0 120 143 222 0 0 162 224 0 0 246 212 0 0 0 0 0 191 0 203 0 0 0 158 268 135 0 277 0 0 0 230 156 267 0 108 0 0 0 239 255 0 0 261 0 213 299 0 0 231 0 0 199 0 0 165 0 0 238 0 0 241 0 0 154 0 0 240 0 0 196 119 0 0 107 248 122 180 281 240 0 264 206 221 0 209 0 0 0 281 112 167 255 220 0 296 161 151 241 0 144 0 266 0 128 0 106 182 145 0 0 0 287 0 0 284 111 166 0 0 284 0 191 151 210 271 0 0 0 0 0 236 106 0 265 0 0 109 0 0 167 203 0 0 230 0 0 0 0 244 0 278 0 0 180 0 0 286 194 153 291 0 0 0 223 146 179 183 0 0 298 189 0 0 120 142 233 279 0 0 0 0 0 230 0 0 102 0 207 0 0 0 0 103 265 172 285 204 0 239 252 0 0 0 189 193 0 0 0 297 0 210 0 227 291 134 144 0 0 136 0 0 269 0 216 252 233 0 0 0 240 0 273 103 0 232 150 0 189 0 122 155 0 166 205 100 124 236 206 0
0 0 122 0 0 200 0 270 204 0 0 132 236 0 0 0 281 0 0 190 0 0 0 0 131 0 174 0 0 0 0 0 0 144 0 0 0 262 286 0 0 258 279 0 168 0 290 166 0 0 0 0 247 116 178 0 177 0 128 234 0 0 0 266 0 0 0 0 0 212 0 198 213 0 0 0 0 0 180 256 0 206 176 0 229 283 228 0 0 0 281 0 190 124 0 196 0 0 0 199 0 0 229 197 266 0 136 167 242 0 0 0 0 0 229 164 0 0 0 143 0 166 0 0 0 134 128 162 0 0 185 0 0 0 0 0 224 0 160 177 0 293 276 0 211 272 147 113 0 0 298 155 176 0 127 107 154 0 0 0 0 0 212 0 217 0 0 296 0 0 244 0 224 135 0 170 160 263 289 131 0 0 213 199 0 0 176 0 161 169 162 0 0 0 294 128 0 130 0 291 0 124 0 0 0 0 0 0 0 0 0 255 265 279 201 0 0 0 0 172 205 0 0 111 0 0 110 157 0 206 257 0 0 167 262 130 141 103 0 0 0 261 159 0 0 175 155 0 0 156 282 258 176 177 0 0 0 0 155 130 231 200 258 213 103 277 195 0 0 134 134 104 0 171 255 0 0 0 153 0 140 0 0 0 0 0 0 199 204 0 174
0 166 0 108 0 0 0 161 0 244 0 278 236 288 0 211 0 248 299 0 277 247 0 0 0 296 0 132 233 0 296 157 0 0 0 240 150 0 157 0 150 0 0 0 176 0 0 212 113 180 131 163 0 222 182 225 0 0 271 246 0 282 163 117 0 220 0 156 191 0 0 237 117 0 237 0 0 259 117 0 0 106 275 0 0 0 0 0 0 122 0 278 215 0 157 0 0 0 0 129 113 0 0 288 0 186 155 179 0 0 157 0 184 245 0 0 139 222 107 0 224 0 231 233 0 241 112 114 122 0 112 293 293 265 0 0 0 0 118 0 253 0 143 0 0 141 131 0 0 0 140 296 0 0 0 215 0 161 0 245 121 203 276 0 254 243 0 164 0 0 0 0 0 272 121 270 113 114 0 136 235 135 0 177 123 248 158 0 0 0 0 261 225 0 158 217 0 217 0 173 0 0 0 0 130 278 257 0 0 0 0 131 106 279 0 0 0 124 0 226 238 144 0 272 0 0 0 186 0 0 0 0 0 199 182 0 0 265 0 0 0 267 130 0 282 0 0 0 161 128 0 170 0 141 171 0 0 0 247 0 0 0 231 122 223 0 271 0 268 261 0 0 0 0 0 0 0 0 0 146 0 0 262 213 296 0 209 0 260 0
0 0 0 144 0 294 175 0 0 0 0 0 0 183 202 259 180 144 174 0 144 0 170 0 0 262 283 0 0 0 105 183 203 0 157 0 0 0 191 0 0 162 158 0 175 0 0 0 150 132 0 0 0 0 173 0 212 0 143 157 126 0 172 0 0 123 0 0 0 192 256 0 0 162 0 0 0 0 133 0 164 181 0 0 0 102 0 141 122 280 0 294 291 0 0 0 0 250 0 0 106 207 0 0 282 166 260 268 0 0 0 213 104 245 0 0 0 0 0 0 0 0 118 276 0 0 0 142 0 0 280 126 0 242 262 0 0 225 240 216 122 126 0 237 211 0 170 282 104 0 0 226 0 0 0 0 238 224 0 0 165 185 291 120 262 0 0 216 269 0 0 0 0 235 195 0 151 0 0 0 0 111 0 244 287 170 0 296 0 261 121 0 0 0 107 194 196 0 0 196 188 0 0 0 230 0 216 278 0 259 0 0 0 112 101 283 0 0 0 254 0 263 100 0 266 0 254 0 254 0 102 295 0 142 0 0 0 143 0 0 228 0 0 162 0 103 201 191 248 0 0 155 250 0 260 250 0 252 224 184 128 288 0 124 0 249 0 138 0 0 284 0 0 0 0 155 192 281 0 229 182 0 258 148 217 224 0 0 0
0 0 179 221 0 0 137 0 0 246 0 269 157 0 168 145 246 171 172 0 0 0 219 0 0 149 0 0 169 0 0 0 0 265 0 224 0 0 236 0 0 0 0 0 0 206 139 0 0 0 279 0 209 0 291 0 291 257 0 0 0 0 126 150 0 0 228 0 0 252 159 0 0 0 0 0 237 262 0 0 230 0 0 0 286 0 0 0 0 171 250 158 0 0 0 0 0 156 0 121 194 224 0 209 0 0 0 218 0 284 0 0 205 0 212 118 235 0 0 234 130 0 0 252 165 0 0 127 241 100 183 0 0 0 0 298 0 0 0 125 129 0 101 0 0 133 0 0 0 296 276 0 130 0 0 0 0 182 0 0 0 110 0 250 0 0 0 127 0 0 0 0 212 0 0 0 0 149 0 113 120 220 264 222 287 0 0 246 152 0 259 0 0 201 289 282 0 0 0 0 151 0 133 114 292 0 206 0 126 255 105 203 107 0 0 293 0 129 225 0 239 0 236 161 0 138 236 0 0 0 165 0 0 294 0 0 265 0 0 236 0 134 113 0 0 0 0 112 0 129 0 0 293 0 0 0 179 0 187 244 202 165 122 258 0 0 0 0 114 0 0 0 0 170 0 0 0 144 126 115 114 0 297 257 225 298 0 169
0 124 245 107 0 172 0 193 147 0 0 212 0 276 0 0 0 0 0 0 0 0 0 223 166 213 0 0 217 267 0 0 0 217 118 0 110 0 0 0 148 0 158 102 286 0 0 0 215 0 213 116 202 138 185 135 138 0 183 0 124 275 0 228 0 0 0 177 0 0 0 0 0 0 154 140 0 279 282 106 0 0 0 154 144 0 0 257 153 0 0 254 193 0 0 0 0 297 0 119 0 0 0 183 0 0 148 274 0 144 0 0 110 252 0 0 0 0 0 296 0 250 0 213 272 208 0 240 273 0 268 0 287 136 286 171 0 280 115 152 0 107 0 0 274 0 215 224 214 297 0 240 247 269 265 129 164 0 0 167 183 137 281 285 0 0 123 0 112 0 296 184 0 0 0 0 0 174 156 0 122 0 0 116 252 0 279 182 0 173 0 290 166 0 0 211 0 0 231 137 127 0 161 270 122 0 274 222 0 237 0 146 0 0 0 143 0 234 230 255 0 197 200 0 0 0 290 148 209 241 0 0 266 0 0 0 255 0 130 154 194 0 130 125 197 182 0 127 0 0 186 0 239 0 0 0 0 245 200 276 204 252 149 0 0 121 154 0 0 0 107 0 104 164 284 0 0 171 0 0 109 266 0 0 257 212 0
0 0 0 0 138 0 274 118 0 249 0 170 0 155 0 0 0 0 0 0 126 0 257 249 0 0 0 294 207 0 0 275 224 172 0 149 262 258 0 0 200 233 0 118 0 0 0 178 0 146 171 283 0 0 245 294 0 0 213 0 195 0 0 0 115 0 0 251 0 0 257 0 0 0 108 293 0 0 0 0 0 155 0 181 0 118 0 0 273 114 243 253 278 275 297 124 0 0 101 0 0 0 0 0 0 234 0 105 0 0 197 274 0 130 105 0 229 0 0 165 0 279 0 168 120 0 131 178 0 189 0 278 197 284 0 0 141 192 0 0 247 0 0 269 0 208 285 236 0 263 0 0 262 0 0 233 0 235 0 180 0 0 0 0 0 170 0 0 0 0 0 0 0 0 194 0 0 0 204 150 0 200 153 105 0 278 0 210 0 224 173 0 0 0 0 233 0 174 284 0 0 0 0 271 0 0 0 0 252 0 158 0 0 0 271 0 132 0 190 0 0 0 0 115 187 271 0 0 0 216 0 129 0 0 0 0 0 166 0 0 159 227 120 124 0 0 132 132 163 191 244 0 187 0 269 253 0 121 232 121 0 0 0 0 0 0 115 266 0 0 0 0 214 107 121 0 134 0 0 117 242 242 124 243 0 0
0 0 257 0 0 203 0 0 238 168 125 225 156 0 109 0 201 0 0 0 0 0 113 0 269 259 130 225 0 0 0 0 0 0 119 243 115 0 0 212 0 0 0 181 0 226 151 143 0 193 0 0 0 0 102 0 244 0 0 269 0 261 0 0 0 0 224 166 0 153 192 0 0 0 0 0 0 0 253 140 0 0 0 0 218 160 0 0 0 0 0 229 123 260 0 0 0 0 189 289 153 0 0 0 282 265 244 0 0 0 100 182 0 288 208 184 221 215 140 187 176 267 0 212 178 231 106 256 143 0 0 0 0 124 132 199 0 164 0 267 0 139 201 0 266 0 0 168 0 0 260 231 0 0 118 0 0 229 234 0 0 0 152 0 154 223 289 0 265 0 267 110 254 138 0 129 103 0 0 151 0 0 100 181 246 0 0 257 252 0 0 204 103 0 0 183 108 141 0 0 125 0 0 251 218 0 286 281 0 0 268 0 0 0 0 266 111 0 193 273 0 0 291 168 0 166 172 0 0 147 0 129 242 291 0 223 201 170 0 185 130 0 0 296 0 0 162 0 0 0 259 0 194 248 261 0 0 157 0 0 203 234 0 0 0 0 0 129 207 261 115 0 152 0 0 225 0 284 156 277 0 286 223 0 193
0 126 259 203 124 218 162 0 0 0 0 202 0 0 0 0 0 0 210 0 0 274 165 271 0 0 109 0 0 247 218 0 298 0 0 0 164 180 135 0 266 0 0 178 210 155 0 0 158 256 0 0 137 0 0 124 280 0 136 160 0 0 0 0 106 0 0 0 0 247 174 129 0 0 0 0 124 157 270 0 0 194 0 192 0 190 0 293 140 0 263 201 170 0 152 0 123 240 125 113 0 0 120 0 0 209 0 0 0 108 0 0 0 256 180 0 160 0 100 224 0 260 232 0 235 0 181 0 283 112 215 0 251 141 0 0 0 0 0 0 296 197 115 154 0 0 0 0 121 0 265 0 265 177 208 132 0 151 0 185 0 136 297 0 0 102 266 179 200 0 200 205 0 278 138 245 0 0 136 217 267 253 0 0 0 157 0 117 0 124 0 156 145 0 247 286 149 0 0 109 239 0 152 168 0 207 0 181 0 0 284 185 162 160 0 0 0 0 0 0 0 0 119 249 0 104 0 0 184 0 0 0 166 0 0 215 0 0 0 193 0 187 0 102 0 0 0 263 0 177 0 231 0 0 0 268 0 256 164 140 0 0 0 208 0 0 285 292 0 0 194 0 0 0 0 275 259 263 0 104 201 285 0 121
0 271 0 285 0 0 107 0 277 0 178 234 0 0 0 0 174 131 284 215 165 253 0 0 0 0 139 0 0 0 239 0 0 208 0 0 0 161 0 275 241 0 176 107 173 298 0 0 0 225 0 225 0 150 0 0 214 206 0 0 0 0 0 240 0 263 0 186 0 126 0 128 0 264 0 153 252 0 0 168 0 0 188 0 155 0 0 0 0 0 0 222 109 0 0 0 0 279 212 0 203 0 254 0 103 0 0 0 145 0 162 256 0 299 0 0 0 0 0 110 0 0 240 203 225 142 0 162 0 135 190 178 164 132 116 261 0 0 142 0 252 0 0 0 0 0 197 280 0 0 0 187 0 155 275 0 236 0 0 220 0 0 124 189 161 246 0 0 0 0 251 271 0 0 0 236 0 248 0 0 0 0 0 283 0 0 0 0 181 0 121 162 126 181 0 292 0 0 0 0 0 163 0 0 0 235 0 256 146 0 0 195 141 0 291 0 136 248 0 0 124 141 289 0 246 202 0 110 228 0 0 177 135 0 213 224 0 0 0 172 137 0 250 0 0 138 165 0 213 0 0 0 115 277 0 172 264 0 0 226 140 0 0 154 0 0 232 241 0 0 0 0 0 157 0 228 263 257 212 0 299 0 260
0 0 0 145 0 0 107 111 241 237 0 0 0 0 182 0 138 0 143 222 0 206 0 0 0 223 187 0 0 137 151 140 0 161 0 0 0 115 118 0 276 0 281 0 274 298 0 265 131 283 255 0 0 0 246 106 0 205 164 287 243 0 179 0 0 0 0 239 0 0 0 183 0 260 0 0 0 0 0 170 0 0 0 0 173 0 0 0 0 144 0 130 203 0 292 0 125 0 279 0 101 191 0 0 291 126 281 0 288 0 290 212 163 0 0 253 0 136 199 0 0 0 179 132 0 204 149 196 225 200 159 178 0 271 0 293 294 0 0 0 0 0 181 0 182 196 0 230 0 0 0 113 283 278 102 213 189 0 288 101 0 203 0 0 0 0 0 0 243 0 221 101 0 0 117 234 0 0 0 0 181 0 208 0 127 0 0 144 0 0 240 106 0 0 0 185 206 278 0 0 208 163 143 0 290 0 117 186 116 0 0 165 0 255 0 0 0 141 233 0 124 250 126 170 0 263 110 268 0 110 177 295 227 194 0 0 0 0 297 266 101 294 248 0 0 0 0 224 0 0 293 0 229 243 0 0 171 197 0 0 0 140 0 0 0 101 111 255 0 0 260 0 135 230 176 261 0 0 144 0 0 0
0 231 172 0 0 234 0 0 0 268 0 0 142 184 0 266 102 0 0 0 190 0 117 100 260 221 0 0 0 0 0 0 175 0 0 263 194 0 161 107 0 0 0 149 0 0 0 290 0 0 198 223 0 140 0 0 0 0 155 159 0 0 0 201 232 180 0 287 0 239 0 221 0 0 0 0 0 295 0 0 0 151 0 0 0 275 286 0 174 237 111 0 291 188 240 189 0 232 143 0 187 0 157 126 180 0 0 0 149 246 0 0 0 0 0 0 0 0 231 178 258 196 0 282 110 211 204 258 0 266 0 0 253 278 284 0 0 142 155 285 0 0 192 0 0 132 0 0 0 0 0 0 187 0 237 152 0 212 0 199 113 288 0 220 202 241 162 0 0 120 125 133 274 273 232 277 0 194 0 289 0 234 172 0 164 115 132 219 0 0 205 168 242 0 200 0 272 0 178 181 0 285 164 222 0 0 0 214 0 0 213 104 173 161 0 261 0 0 0 109 209 249 0 0 143 187 0 0 0 222 0 116 150 186 0 0 192 177 253 0 246 0 200 0 0 282 230 106 118 214 203 206 0 255 189 0 0 150 0 0 0 0 142 0 0 268 0 0 209 0 136 179 0 280 114 0 124 178 0 226 0
0 0 272 0 0 105 268 0 290 254 0 192 100 0 136 149 0 103 222 0 172 0 0 0 0 0 0 0 0 276 0 142 102 189 238 242 116 176 105 0 0 0 265 281 0 0 0 192 0 0 0 0 121 149 0 0 116 0 0 0 0 126 119 0 0 0 239 0 230 0 237 252 0 0 0 0 110 160 182 0 276 235 142 232 292 126 158 257 175 161 251 257 172 0 0 140 0 265 208 0 0 0 109 0 282 127 253 0 0 122 0 195 261 0 0 263 283 150 216 0 261 236 0 0 0 222 0 168 0 255 218 163 0 0 280 152 205 143 0 0 0 0 195 133 274 258 270 0 250 0 0 296 148 0 0 0 102 0 0 161 0 0 155 0 0 111 0 133 275 0 0 0 0 132 0 0 278 0 0 105 0 225 253 0 212 0 102 133 284 0 101 102 191 0 265 0 0 0 110 0 171 0 157 241 147 181 156 0 0 0 145 0 0 233 0 0 0 216 277 0 0 206 0 290 113 250 0 141 160 243 108 0 144 156 198 0 297 0 218 167 132 0 0 0 112 239 0 0 149 0 0 0 0 0 227 203 0 248 158 187 145 0 0 0 100 0 0 0 276 282 0 235 0 0 216 0 0 0 193 0
0 0 0 0 0 136 0 169 140 0 242 296 195 0 0 130 186 290 0 0 139 0 273 0 0 0 168 0 0 287 195 0 240 0 209 296 196 0 256 0 0 145 253 0 175 223 0 0 191 0 0 155 263 178 0 289 187 119 0 113 0 0 202 214 242 222 124 219 266 118 123 268 0 221 104 0 0 279 0 0 0 199 238 178 101 237 0 0 121 0 257 0 0 227 0 0 188 224 0 109 192 0 200 0 180 191 157 0 0 224 235 216 0 164 0 221 254 0 144 0 220 132 0 0 267 268 148 230 283 161 0 157 259 213 0 0 0 0 0 157 266 137 0 0 0 0 0 0 0 115 0 281 0 0 155 106 0 137 0 291 295 262 0 0 0 160 182 247 0 299 0 112 0 190 0 0 0 258 0 135 0 0 141 156 269 110 0 0 0 0 0 225 0 173 161 264 271 109 224 154 0 116 114 0 182 0 299 227 288 0 282 189 203 249 287 133 158 0 164 0 234 176 293 0 0 0 0 0 0 145 0 239 0 138 239 0 156 100 0 128 126 0 0 0 0 0 0 223 0 0 0 0 264 249 0 263 236 0 270 0 0 0 0 0 298 0 0 227 0 0 0 0 0 217 173 197 0 234 0
0 210 0 0 298 0 189 246 0 0 189 222 268 0 241 0 0 149 0 188 251 0 0 131 0 0 0 211 299 149 0 0 297 215 0 0 179 289 108 207 0 176 0 0 0 272 249 0 178 0 0 0 0 258 167 177 259 0 0 127 0 147 280 206 180 0 172 0 0 271 0 180 272 211 180 0 188 234 209 0 215 0 232 138 0 200 0 0 286 0 0 108 243 0 218 0 0 105 0 261 109 0 0 0 0 216 169 221 0 271 0 0 115 0 0 118 172 117 150 0 181 151 284 164 148 0 0 0 274 0 165 0 0 260 239 0 0 200 0 0 0 265 185 117 0 283 229 237 0 0 0 129 0 0 262 125 0 135 122 195 0 0 0 0 0 0 162 0 164 0 0 136 0 0 118 250 236 0 0 172 230 208 277 277 0 189 280 0 194 260 193 271 261 266 0 255 100 0 0 260 258 269 116 0 294 0 154 0 0 212 109 0 0 0 248 152 101 0 250 247 224 114 266 0 0 170 293 153 131 199 293 0 173 109 0 0 142 298 0 0 176 243 0 219 100 260 0 0 275 166 216 146 0 0 0 225 0 130 0 223 0 0 0 0 0 0 220 269 242 0 172 0 178 0 176 0 163 141
0 181 104 0 155 213 0 145 0 160 0 252 258 0 0 131 249 0 0 0 196 212 0 0 0 127 0 0 0 175 0 251 0 0 0 112 0 286 204 0 249 0 125 0 0 0 111 240 0 242 237 0 245 256 0 201 0 118 264 249 0 0 0 0 197 0 0 286 0 152 152 0 206 295 0 0 0 0 133 0 0 251 0 0 0 123 115 233 0 0 0 292 250 249 261 200 0 101 0 105 0 272 0 266 0 266 236 178 0 199 0 0 294 0 0 0 130 239 127 180 0 153 0 0 271 126 0 116 265 0 0 0 0 0 0 0 0 243 267 148 0 0 0 0 156 0 0 0 0 285 241 0 0 154 0 0 0 0 251 191 139 0 0 0 0 0 260 0 258 0 178 255 0 0 239 197 0 154 0 0 0 224 126 0 161 0 230 137 0 214 228 0 0 0 291 0 298 291 259 224 0 255 108 0 292 0 205 0 293 226 0 0 175 117 218 180 0 225 138 0 145 138 169 0 0 260 0 0 178 0 228 0 196 186 160 202 0 0 225 0 212 219 269 246 0 267 0 0 0 0 0 197 274 0 0 172 0 0 0 127 222 0 151 228 162 0 216 114 0 167 0 293 171 191 0 204 0
0 263 0 146 226 297 209 0 0 0 152 0 0 273 175 0 288 283 268 0 265 0 0 233 167 0 0 145 194 0 0 107 0 285 0 0 208 197 0 0 0 209 198 0 206 0 294 0 0 245 255 206 0 253 0 0 0 0 0 0 263 0 270 100 0 194 0 0 0 0 103 121 0 0 0 146 271 0 0 101 0 0 0 200 0 123 0 275 287 143 0 0 0 134 110 0 285 242 0 0 139 0 134 179 280 149 0 0 200 150 102 298 248 0 0 153 0 194 174 297 272 196 0 0 225 234 0 0 0 0 164 130 0 0 0 137 0 120 145 298 0 299 0 0 200 0 0 167 287 0 0 130 232 130 0 0 0 287 0 106 280 0 0 0 228 0 0 0 225 0 186 0 226 143 0 0 146 244 172 232 0 145 211 0 213 0 297 0 0 0 270 0 0 172 282 215 0 222 0 113 0 138 269 297 0 137 0 0 110 251 204 0 0 129 192 248 266 0 0 0 0 107 245 108 0 0 210 0 142 271 0 233 0 292 152 143 0 0 225 0 0 0 122 0 164 0 177 129 0 212 226 155 0 194 101 216 283 0 0 158 0 169 0 0 221 0 125 213 0 232 110 179 0 148 0 0
0 0 0 0 259 267 0 0 189 125 195 0 0 0 0 165 245 0 131 0 201 297 131 0 275 259 0 0 137 205 0 131 0 0 136 0 0 0 0 0 178 0 271 162 0 0 0 170 282 164 178 199 0 0 0 268 0 225 0 281 0 191 296 118 202 204 0 0 0 112 238 103 0 133 0 0 261 247 0 198 0 0 0 0 277 0 0 124 0 181 0 0 209 241 0 149 248 0 150 0 0 0 115 0 0 0 0 0 0 186 0 0 0 290 0 0 0 280 185 204 253 0 268 0 0 150 118 163 244 0 117 0 0 0 0 0 230 110 0 0 296 0 143 114 0 0 0 207 0 0 0 161 0 0 0 106 0 0 166 0 0 0 0 0 0 0 0 228 0 0 0 185 111 211 241 0 149 256 171 0 0 254 188 0 0 297 0 0 293 0 0 295 243 0 0 0 0 0 271 201 184 0 221 0 0 0 0 0 0 0 160 271 0 0 0 177 0 0 158 139 133 153 0 172 0 190 0 189 282 120 244 210 0 133 203 0 0 0 141 0 156 281 232 0 0 0 0 0 0 246 258 0 198 212 116 0 0 213 0 206 0 188 0 0 148 0 0 0 237 118 143 0 0 201 0
0 0 262 0 158 203 175 0 0 241 0 101 0 254 110 0 279 0 0 0 0 170 186 0 0 0 0 106 0 0 0 0 126 0 0 143 208 283 170 107 0 159 0 0 0 243 0 160 0 170 0 118 0 0 204 0 132 271 0 0 0 182 0 176 229 0 0 118 0 0 0 0 157 0 129 0 0 118 146 173 284 165 216 105 134 231 0 0 166 294 219 271 103 271 0 0 0 0 108 199 107 0 0 0 0 186 0 212 0 263 0 255 245 0 195 0 161 207 0 132 190 287 123 0 0 0 0 0 0 0 0 265 241 0 132 0 0 249 0 116 0 206 296 263 238 263 0 0 0 122 0 278 0 233 0 0 0 129 140 156 0 0 0 0 293 0 0 0 0 258 195 104 235 252 265 156 298 293 0 0 0 170 0 116 0 266 0 249 0 278 124 0 0 241 0 244 0 0 284 256 0 0 101 100 281 0 0 0 0 0 0 0 0 0 0 0 148 176 294 0 157 0 139 102 0 154 180 0 0 0 207 268 219 0 131 0 124 0 125 257 0 108 0 195 0 144 0 138 0 161 130 0 112 0 231 246 133 0 0 265 129 0 203 134 176 207 254 200 0 224 262 213 0 0
0 0 0 0 205 235 0 199 219 0 231 0 228 150 231 152 178 268 100 0 0 0 264 116 0 0 0 293 153 298 238 281 0 0 0 0 0 0 0 0 282 154 0 0 0 142 206 214 0 0 0 0 0 190 0 0 0 147 0 196 162 0 0 209 294 0 0 0 0 136 0 0 0 0 290 205 268 239 186 0 185 0 175 154 0 156 165 0 0 0 0 0 112 251 0 266 288 0 0 0 0 0 0 133 0 177 187 0 0 173 0 0 0 0 0 0 230 0 146 125 299 146 0 0 0 252 253 0 100 282 0 221 0 0 0 109 0 0 178 0 0 0 0 0 281 297 0 147 202 115 163 130 157 0 0 0 132 0 212 258 257 0 0 195 298 284 0 0 0 0 206 0 0 191 281 271 0 182 146 0 0 0 0 0 0 0 0 0 0 0 112 0 238 198 0 232 130 126 0 0 177 0 226 256 0 289 151 0 146 0 0 284 206 294 0 291 103 0 200 189 133 200 0 273 0 131 205 0 0 246 255 0 210 284 0 297 0 0 0 0 231 0 0 0 0 0 0 191 0 0 208 144 0 191 0 163 242 147 255 0 0 109 187 0 157 256 157 203 0 0 0 298 179
0 134 0 0 153 262 0 223 249 0 220 242 224 265 123 183 166 0 107 0 185 278 0 0 109 0 0 245 258 148 106 179 230 254 0 0 132 0 144 124 195 0 240 239 214 121 115 0 0 220 294 0 0 0 283 0 0 0 0 0 170 111 0 188 285 0 0 0 295 0 0 0 0 0 0 0 146 0 295 208 0 106 0 218 292 258 136 0 195 212 0 233 202 0 106 113 239 131 0 166 197 0 160 0 297 282 0 261 0 254 242 0 0 0 239 217 265 188 0 241 0 0 183 145 247 0 151 164 156 0 0 196 133 0 0 0 154 0 0 166 0 226 0 0 0 0 0 216 0 149 0 0 165 289 0 215 0 0 0 219 0 0 0 0 0 0 0 0 0 0 0 0 0 0 0 254 284 0 0 240 196 180 213 0 0 0 245 236 270 168 224 298 0 0 216 0 173 209 0 0 184 170 0 161 0 0 0 0 250 0 127 192 178 290 154 185 181 0 170 263 0 189 0 107 206 0 256 162 140 196 0 113 145 160 131 0 0 164 180 278 195 196 0 0 172 0 113 146 0 113 0 0 0 231 0 0 0 0 0 0 242 150 0 0 239 219 0 0 0 185 0 0
0 265 0 260 0 0 202 110 141 0 0 0 0 191 102 0 0 0 293 125 170 206 242 0 138 0 0 0 0 200 287 247 123 132 0 164 169 266 215 0 175 224 0 0 0 226 0 115 0 266 0 271 0 276 0 0 298 133 170 166 0 144 208 0 258 206 211 0 164 0 215 206 0 0 273 191 0 174 167 0 0 0 250 248 0 232 184 198 121 0 127 0 229 0 245 0 0 213 154 232 0 0 0 0 275 281 0 225 273 0 0 212 0 280 191 159 100 206 128 133 0 0 0 213 273 281 152 101 0 111 0 175 0 0 0 0 155 186 285 259 177 0 0 0 0 271 264 0 0 0 133 0 0 237 0 0 0 0 298 194 180 203 148 0 0 178 159 140 0 205 0 0 0 185 0 100 0 0 294 244 0 121 0 0 171 0 131 0 146 244 170 0 0 145 0 125 0 278 0 165 0 0 132 290 112 299 0 0 0 0 0 160 0 0 0 0 294 238 219 0 200 143 235 271 207 0 0 276 287 150 272 154 0 0 0 263 166 0 211 0 268 126 0 250 0 164 0 114 107 0 0 296 0 0 229 0 251 0 216 294 0 270 0 166 0 137 0 282 0 0 0
0 0 257 238 0 119 0 116 0 174 0 200 178 0 187 0 0 0 261 262 257 0 0 0 201 169 0 0 168 151 0 110 0 195 287 0 0 0 291 0 0 169 173 114 278 0 290 259 0 0 0 0 0 216 284 190 0 202 171 138 0 0 239 144 0 166 0 203 148 0 107 101 114 0 0 161 0 158 241 0 156 0 253 0 274 170 0 202 144 0 278 0 0 141 0 216 0 156 0 0 0 256 0 188 221 298 233 0 253 0 0 0 0 273 0 0 200 0 0 0 0 110 241 0 270 157 286 243 112 0 0 0 227 0 173 297 270 0 0 0 245 207 0 105 0 0 152 167 0 0 0 0 0 249 0 0 0 0 297 294 117 184 220 114 0 244 0 279 0 134 0 0 264 0 0 193 0 293 0 0 297 0 114 126 0 243 152 264 0 0 0 0 180 209 168 281 164 245 0 286 189 0 270 171 0 131 0 0 0 228 298 216 257 0 0 0 0 0 179 260 0 0 0 238 151 0 0 166 0 267 0 182 119 219 134 201 289 0 183 128 243 0 0 0 214 0 267 0 0 0 0 0 0 0 167 0 233 0 0 170 0 0 174 0 0 0 0 0 0 266
0 127 226 0 265 0 230 0 0 0 0 204 0 0 260 151 115 164 0 0 252 0 277 0 0 291 0 254 233 112 215 0 0 297 211 145 0 286 103 260 166 0 0 144 0 0 0 138 0 274 106 100 284 0 0 0 134 0 0 0 172 0 0 0 0 0 0 0 0 204 0 211 0 177 0 286 232 130 0 131 0 0 228 145 223 174 0 0 252 143 0 171 0 183 183 0 247 0 0 171 179 0 252 267 0 0 0 0 0 267 0 0 0 191 0 104 215 0 146 0 127 117 226 127 188 229 0 183 0 0 289 180 0 233 0 0 0 124 0 208 231 190 183 0 130 0 290 259 166 0 232 194 272 167 103 245 181 117 199 0 144 219 106 276 0 0 183 0 133 0 101 0 0 115 0 0 194 0 0 241 214 268 150 161 0 283 0 0 116 144 187 198 0 0 0 146 0 251 220 168 0 0 0 0 229 0 0 0 0 0 188 0 0 284 0 0 157 255 0 0 0 268 0 260 0 0 264 205 241 0 0 0 141 0 0 266 0 286 0 0 190 171 263 0 0 246 114 0 0 0 0 0 153 271 122 277 0 0 239 191 128 0 203 292 0 0 248 0 0
0 0 0 0 0 0 0 143 0 270 0 0 159 291 128 110 176 115 152 243 166 158 0 194 0 174 0 0 221 151 203 0 0 207 132 292 0 215 0 257 0 279 153 121 0 0 252 0 0 271 122 288 0 0 170 0 0 0 0 0 133 277 207 0 0 190 0 257 0 0 0 195 195 268 183 0 174 254 215 296 169 137 0 0 157 0 290 154 175 293 0 211 109 0 0 288 164 281 0 0 200 147 148 220 0 156 0 118 211 0 234 101 0 292 0 289 147 0 0 0 0 177 0 0 138 0 0 0 0 237 0 0 0 253 0 169 0 168 112 0 0 126 259 280 0 0 0 242 0 202 0 0 178 123 0 0 260 245 175 199 187 0 114 0 0 210 243 0 199 0 0 234 235 201 0 241 259 0 0 0 207 100 118 0 141 263 178 0 192 115 0 257 155 0 224 115 0 0 247 228 150 139 0 188 0 128 0 0 0 161 0 0 218 258 125 154 226 0 0 0 178 152 0 250 256 0 242 146 218 0 0 157 0 196 118 0 211 0 163 110 0 107 0 294 0 0 182 178 139 0 182 0 0 0 0 0 0 0 0 217 295 0 265 0 268 284 0 165
0 0 283 0 0 0 0 0 0 0 197 0 0 0 130 203 0 165 0 0 0 0 229 0 0 112 115 142 0 128 0 260 269 0 0 146 138 0 270 124 0 0 147 0 126 266 0 0 0 0 157 194 139 246 0 0 0 0 285 203 245 131 0 0 209 0 0 236 0 140 287 0 0 0 186 183 0 0 114 0 299 294 112 0 0 0 249 252 266 187 214 0 0 239 146 0 0 292 252 0 169 136 272 0 168 292 268 0 138 137 290 0 154 0 0 0 0 174 0 0 217 0 191 0 231 0 0 0 0 196 240 179 252 225 0 134 0 0 0 115 0 0 117 124 0 299 0 250 0 161 0 242 122 218 0 0 115 0 0 0 277 0 0 195 232 0 283 0 198 0 202 0 0 0 273 258 0 0 194 188 0 0 0 144 292 272 0 0 0 0 154 280 0 217 0 0 0 0 177 106 134 0 0 0 0 0 116 197 126 0 0 197 217 168 0 194 0 250 206 119 184 0 127 145 0 120 0 0 196 258 149 0 0 115 0 179 297 0 201 0 0 0 0 169 183 0 0 0 0 212 116 115 110 275 0 191 149 0 0 0 244 157 0 281 180 240 0
0 0 0 0 273 0 259 0 135 0 149 0 0 121 215 0 0 0 0 0 0 125 294 0 0 288 142 0 0 0 0 0 0 0 254 285 159 0 188 0 0 140 223 106 0 0 0 0 121 108 265 0 0 0 0 252 0 0 161 0 0 244 0 280 124 176 182 0 0 215 0 0 291 243 287 0 0 0 286 103 0 135 124 249 0 265 234 0 0 182 115 185 117 287 0 126 0 183 0 205 0 277 0 241 101 177 0 0 0 0 0 276 0 268 0 125 284 236 167 0 262 117 0 127 0 0 207 0 117 0 0 258 0 0 269 208 289 0 247 207 0 283 0 0 0 258 0 0 151 0 205 232 0 147 0 242 0 0 0 0 0 136 283 268 296 210 280 0 125 0 0 0 0 0 0 0 0 0 0 0 0 0 110 233 0 248 111 192 0 281 0 0 147 248 121 262 0 140 278 0 0 0 119 0 294 153 123 0 169 0 233 0 292 147 0 0 0 0 0 146 0 126 291 0 166 219 125 0 217 291 141 162 219 141 0 240 113 265 0 0 0 253 151 0 266 223 0 295 251 151 0 0 261 277 123 0 169 0 0 236 187 112 237 0 0 0
0 0 135 283 245 229 0 0 0 0 0 271 0 239 129 186 255 185 113 0 244 0 175 0 0 291 204 0 213 195 0 152 0 290 0 0 202 138 257 0 292 0 214 160 0 204 147 0 287 0 0 0 295 161 218 0 0 0 0 0 0 127 200 0 289 0 190 206 0 150 248 0 143 0 0 138 284 0 240 139 207 0 185 0 266 113 251 176 295 0 139 132 0 209 0 0 174 221 0 248 267 185 0 146 144 154 0 0 0 0 192 0 0 279 220 270 0 0 0 187 0 119 0 159 0 0 292 274 141 0 277 176 298 153 0 162 270 279 113 292 242 220 199 0 247 0 122 0 112 150 234 0 121 254 0 216 0 0 0 271 0 0 0 0 138 0 153 0 284 120 259 0 216 143 0 122 0 0 261 0 152 284 0 0 0 0 163 0 0 161 166 0 193 0 0 0 174 122 214 0 0 0 0 117 199 0 264 298 241 0 146 135 0 253 0 220 0 0 0 248 0 0 164 183 164 157 0 259 0 296 0 0 0 246 0 0 0 168 141 197 0 0 258 297 0 255 0 0 267 163 0 264 0 0 269 0 0 280 201 0 290 195 185 243 0
0 0 0 0 0 0 268 0 0 194 0 0 0 233 238 0 0 0 0 0 276 164 180 0 0 0 0 0 278 0 0 272 0 144 284 0 0 0 0 0 0 0 130 0 0 109 0 0 129 233 215 0 143 0 0 0 0 175 248 229 171 0 242 176 0 0 0 0 0 0 130 0 294 164 190 0 160 274 169 0 0 290 0 189 0 0 0 248 0 0 123 0 0 0 0 0 0 0 0 0 145 207 0 0 0 0 267 263 174 249 124 0 157 265 217 298 114 0 0 132 127 206 0 230 128 0 198 220 0 147 0 0 0 0 128 0 214 226 0 0 275 0 144 251 150 0 0 293 0 277 141 269 0 0 0 277 101 230 0 0 0 0 0 0 289 224 143 180 258 0 299 113 0 130 131 0 0 226 0 0 0 288 0 0 261 115 279 0 229 0 188 111 221 198 201 0 0 0 177 206 220 0 298 237 189 177 0 0 0 124 237 191 200 225 0 129 281 0 205 0 0 265 0 187 218 121 159 0 270 158 0 216 159 101 0 0 0 193 0 296 0 166 150 120 171 0 0 0 156 0 0 195 0 0 0 0 268 0 0 0 0 0 187 252
0 112 277 0 0 0 132 122 0 151 242 0 265 211 0 130 0 218 230 133 185 274 0 0 254 119 290 203 115 0 0 164 0 0 135 230 0 0 0 0 151 273 0 0 0 0 0 0 0 127 0 0 0 103 129 0 142 0 268 0 150 291 0 0 0 0 0 0 208 271 295 0 0 0 0 0 213 0 0 0 232 102 0 0 0 0 0 0 137 260 142 0 106 240 258 254 0 257 0 0 0 246 203 224 262 0 151 149 0 278 0 180 0 259 250 0 248 116 194 171 0 290 0 0 0 260 275 212 0 132 0 204 0 266 0 0 0 0 285 233 0 134 0 180 0 0 0 151 0 0 0 0 0 107 282 0 162 102 113 0 0 0 151 0 0 0 158 0 0 109 0 0 143 216 0 0 0 227 0 0 177 0 201 206 0 0 0 211 0 257 0 224 200 0 136 0 0 0 0 127 265 0 0 0 190 268 283 271 0 186 182 0 0 283 0 0 0 231 0 0 0 238 0 0 252 0 257 0 165 133 0 0 127 203 168 146 0 196 0 0 157 163 242 0 173 0 116 264 229 108 271 0 155 0 0 103 0 0 190 0 130 258 250
0 178 190 0 0 0 0 171 134 253 281 0 0 0 233 236 0 276 269 265 0 160 122 0 0 149 0 269 0 257 0 223 0 0 260 0 0 0 0 245 230 0 0 217 201 0 108 142 0 0 0 251 120 0 159 0 0 0 287 225 0 131 0 153 263 130 280 260 0 0 232 0 0 272 0 0 0 0 0 190 0 0 131 0 0 0 171 0 0 270 0 0 0 151 184 0 0 0 258 0 0 0 284 0 180 272 165 0 151 152 127 0 0 199 0 132 0 121 0 167 0 0 0 147 133 160 0 0 206 0 159 115 0 299 223 178 0 0 0 0 218 295 254 295 0 234 0 125 0 0 122 0 214 0 290 243 0 215 0 0 204 131 131 0 279 0 282 268 0 130 299 0 0 177 143 0 183 0 0 0 178 0 211 0 0 164 163 0 0 0 0 165 294 113 111 0 165 0 279 100 106 0 119 132 0 0 147 0 286 116 157 0 0 191 0 271 255 276 144 251 126 0 0 212 120 298 0 0 127 0 0 0 137 281 0 0 0 0 0 111 0 0 224 0 161 0 0 268 116 0 0 0 0 0 0 122 237 0 213 100 0 156
0 247 0 0 150 128 289 248 284 190 296 226 0 103 157 285 0 0 279 0 127 0 0 0 0 0 229 139 0 0 181 0 271 261 207 0 0 118 253 0 0 254 194 288 264 0 256 0 286 186 0 109 180 0 284 166 0 0 149 0 204 0 0 0 137 283 204 208 0 165 152 0 185 223 104 198 143 0 0 0 0 278 0 0 0 0 258 0 104 240 213 163 155 0 214 0 0 193 127 127 207 0 0 138 276 0 209 179 274 226 0 224 296 0 0 0 0 0 194 169 273 0 149 0 292 150 0 0 0 0 0 0 179 295 130 0 133 185 0 0 0 0 118 126 0 0 171 0 205 0 0 190 0 0 158 0 238 0 263 0 112 0 277 0 277 235 0 0 247 0 176 0 224 0 287 0 136 119 0 206 265 297 0 205 202 293 135 115 105 167 206 0 0 0 210 113 0 265 0 131 238 250 111 200 122 0 0 110 0 147 172 164 238 180 0 279 117 0 175 0 270 0 0 213 0 0 183 0 251 257 216 0 0 221 0 130 0 209 0 0 170 0 193 134 133 283 0 0 108 150 236 0 179 234 0 0 0 109 202 0 233
0 0 129 174 298 107 245 222 0 0 129 0 0 0 0 195 251 0 0 0 122 0 0 0 224 0 155 0 175 0 143 0 189 147 242 107 0 130 0 0 0 217 0 126 142 0 0 127 0 0 0 279 104 0 276 187 0 0 223 0 0 0 0 252 112 0 0 0 121 161 264 0 0 248 0 0 0 0 0 0 0 135 131 0 0 271 0 0 0 221 0 281 0 0 231 0 265 0 0 253 0 0 0 130 187 299 0 0 0 205 0 0 0 207 185 0 138 178 100 231 0 0 0 218 192 250 136 235 0 0 260 242 0 211 0 0 0 0 163 0 0 150 255 0 0 0 0 0 0 0 0 131 248 246 191 0 0 203 261 0 134 0 211 0 279 0 0 0 0 0 154 0 0 0 0 122 0 270 0 0 150 281 0 0 251 233 230 159 109 295 0 281 0 0 0 0 0 0 0 0 138 0 259 0 276 0 0 0 111 0 0 0 0 0 0 0 0 0 132 0 115 117 140 268 0 0 170 0 117 0 0 0 223 113 140 0 0 271 0 106 266 0 0 0 0 180 160 269 262 0 153 0 0 201 0 0 237 0 0 216
0 224 191 140 292 283 0 176 294 139 250 144 0 221 0 185 103 195 0 246 0 188 0 278 253 0 193 0 131 0 0 0 0 0 0 0 0 112 0 296 0 0 218 0 0 0 264 290 205 215 0 180 0 0 142 159 238 218 0 0 181 108 195 0 0 125 297 146 291 125 0 231 0 0 298 0 174 138 0 0 0 0 172 247 0 0 0 0 216 180 0 0 0 292 245 0 0 0 0 0 220 0 0 0 263 164 0 0 157 219 0 0 0 0 201 0 0 0 0 196 0 0 272 114 0 0 0 0 0 142 259 170 250 191 0 0 181 193 0 0 0 229 0 0 0 0 0 0 0 133 258 0 0 223 212 0 0 125 101 173 290 0 116 125 153 217 0 0 0 272 0 128 172 264 105 0 0 0 193 0 0 0 0 0 0 222 0 100 0 0 165 126 254 0 179 0 243 0 192 111 296 0 250 188 193 0 192 0 0 185 170 0 271 0 0 0 0 135 184 0 0 262 149 181 0 0 0 262 203 267 0 242 0 226 0 230 221 0 202 147 0 226 0 0 269 0 155 273 159 280 0 0 212 0 0 0 0 238 0
0 0 0 0 0 0 248 0 0 256 225 0 0 0 0 222 0 284 142 0 150 0 0 0 0 0 117 152 218 289 206 206 0 0 0 0 0 0 273 0 0 0 0 0 0 220 114 0 0 238 166 0 0 0 0 0 0 177 0 0 0 155 221 213 0 0 204 197 0 0 244 112 0 182 247 0 0 108 218 0 0 0 0 0 0 0 0 281 111 0 209 0 0 0 297 112 0 0 157 246 0 0 152 237 211 261 132 0 0 0 172 0 141 191 271 0 0 245 239 0 0 0 190 0 106 0 0 0 0 237 0 0 228 0 0 136 164 0 289 130 0 0 0 0 0 149 0 0 0 240 0 145 222 267 144 202 176 175 0 258 0 186 0 0 0 212 0 0 287 291 0 0 216 0 0 0 0 189 204 207 0 152 0 0 100 0 0 274 161 191 0 0 0 240 0 246 185 0 0 0 0 0 141 187 0 0 0 243 233 0 0 0 283 0 0 0 196 0 287 296 178 242 0 265 146 243 0 137 263 0 0 241 264 250 261 0 252 0 108 167 186 289 264 0 231 0 0 234 0 209 243 0 262 296 172 282 228 0
0 169 0 284 199 275 154 0 0 0 118 0 237 212 0 273 152 245 0 293 0 0 287 0 0 0 0 159 148 0 286 0 0 0 0 180 0 174 0 0 0 160 211 171 204 117 266 0 120 0 0 0 157 0 183 0 189 0 247 0 231 0 274 0 0 224 257 207 276 0 226 0 0 0 0 0 0 0 217 173 0 0 0 0 165 107 140 0 0 0 0 0 0 226 135 184 128 0 252 0 217 231 274 188 0 108 243 0 0 267 0 0 217 175 240 0 126 152 259 0 264 275 239 294 243 281 157 0 201 143 0 178 139 0 126 0 146 215 0 271 0 0 0 0 181 201 244 0 168 132 0 0 168 109 297 0 169 273 0 0 0 0 0 173 0 288 212 229 219 0 134 148 271 0 0 0 132 287 0 0 252 250 0 224 0 146 0 198 146 0 214 0 123 192 0 0 260 0 278 276 184 0 0 263 0 0 0 280 184 232 178 0 174 0 216 0 136 108 0 0 0 268 154 0 220 272 286 216 0 0 212 0 0 266 179 190 0 148 0 132 190 0 0 129 0 198 0 199 0 0 0 118 191 0 154 203 280
0 186 288 288 283 283 0 0 0 0 205 0 0 0 0 233 0 0 0 282 0 0 107 244 201 249 125 163 152 285 129 0 229 295 0 0 292 0 0 196 214 112 0 0 0 0 260 295 201 0 241 0 0 141 0 224 0 228 0 0 0 0 204 0 261 0 0 178 220 267 0 110 141 152 192 0 182 0 0 0 253 0 182 0 253 159 0 0 0 211 0 0 0 192 280 114 0 123 232 0 131 251 135 207 0 193 246 283 241 0 206 0 0 262 0 0 272 269 247 226 0 104 0 199 0 0 233 0 156 267 0 150 145 209 0 0 0 0 0 0 191 0 162 0 0 229 205 0 146 196 215 0 0 293 0 240 0 265 288 0 0 0 124 0 0 192 100 296 202 0 0 176 0 114 0 149 291 0 118 0 0 156 0 0 0 213 0 0 0 0 287 0 208 0 0 0 111 0 141 209 237 207 101 162 0 292 170 0 0 0 0 280 156 0 0 0 0 0 0 186 0 0 179 256 0 243 123 254 0 146 0 249 214 276 155 269 0 0 0 147 0 0 0 0 177 179 192 296 0 0 0 0 208 0 0 0
0 0 224 194 0 112 288 0 127 158 223 0 190 0 0 217 0 0 176 282 190 114 117 131 177 0 293 198 0 0 170 186 0 0 0 0 114 0 180 132 145 0 179 102 181 0 284 167 0 153 255 167 0 198 0 214 280 0 0 0 0 105 0 131 106 298 171 0 0 240 298 148 154 283 0 0 250 214 0 288 0 261 118 0 0 262 0 254 243 239 0 203 102 0 0 173 297 0 170 194 0 0 247 0 0 0 0 0 115 138 0 150 0 245 0 140 147 0 0 0 0 0 296 223 195 175 0 153 224 0 149 0 0 119 0 149 121 0 0 170 0 151 0 271 255 0 246 0 0 0 105 172 292 0 289 0 218 0 0 0 0 171 190 0 186 0 0 0 0 232 0 265 159 0 244 238 0 107 0 0 0 0 150 110 0 0 0 280 0 127 272 156 0 0 228 216 0 189 0 197 0 281 0 249 185 0 0 157 230 262 153 0 212 0 0 230 0 176 0 166 125 242 153 0 238 0 179 0 228 271 221 0 0 0 0 233 243 0 0 0 254 260 0 263 0 116 0 0 268 212 292 171 192 0 104
0 113 0 0 132 0 0 150 150 0 0 0 0 118 0 0 0 181 0 237 267 127 165 0 0 0 0 0 233 0 139 193 0 0 108 276 0 257 0 131 276 276 286 156 220 156 0 0 196 0 291 0 129 0 0 0 0 0 0 0 0 0 0 142 0 0 0 187 148 0 0 109 205 0 0 0 0 247 203 0 0 145 0 136 0 182 0 242 0 103 236 0 0 123 0 211 0 0 0 0 0 0 0 182 0 117 291 0 173 168 285 231 0 272 0 181 178 0 179 0 165 298 0 0 105 0 120 0 0 0 228 192 0 245 218 128 0 0 135 0 0 156 277 297 0 0 0 108 0 213 172 261 0 0 0 0 252 0 0 0 0 182 0 104 0 239 0 0 0 102 221 0 229 0 134 231 0 0 0 0 283 0 0 199 274 0 128 0 187 202 0 113 270 0 179 159 191 225 0 0 0 0 117 0 0 122 0 0 272 141 0 0 0 293 297 0 0 152 0 0 0 202 158 245 163 0 0 0 167 0 0 0 298 0 0 191 205 117 198 199 0 0 0 0 0 0 0 107 167 0 0 280 0 194
0 0 227 0 220 0 202 0 0 0 180 205 0 0 121 220 0 127 0 201 185 104 279 212 0 0 0 208 261 0 163 236 0 190 0 0 151 0 0 0 0 197 0 217 0 0 0 215 0 0 0 295 0 0 0 101 0 0 210 219 196 202 143 0 128 108 127 168 0 149 120 183 0 139 0 0 0 150 0 250 298 259 0 0 0 263 0 0 0 155 0 109 194 165 205 0 0 0 226 0 0 0 123 0 0 0 0 0 269 0 0 0 0 0 299 286 180 139 0 136 166 219 0 0 233 0 274 120 221 200 0 184 179 124 0 148 254 107 191 0 256 0 0 0 0 0 0 0 111 121 0 0 147 0 0 223 0 0 270 251 0 0 103 179 107 175 0 0 148 0 0 166 0 127 0 0 298 176 252 225 139 0 0 0 140 0 191 0 264 290 0 0 0 0 191 0 208 0 269 254 0 0 0 0 216 0 203 0 0 112 164 106 0 100 0 182 0 213 0 261 0 224 0 0 0 0 0 247 227 251 211 0 113 0 0 275 0 131 219 0 115 212 153 0 183 257 187 270 271 204 0 191 232
0 0 166 0 231 259 224 0 275 295 0 285 105 176 0 153 146 0 0 271 245 254 0 0 202 205 0 210 0 0 0 0 178 0 0 0 0 0 0 125 0 0 0 241 0 0 206 0 0 0 270 171 159 180 158 0 222 0 0 0 0 132 235 225 0 212 100 186 0 0 0 0 0 253 0 271 0 0 160 186 0 0 121 0 232 0 0 177 110 0 209 240 0 0 0 0 0 0 277 0 149 0 196 0 131 0 0 0 0 206 187 0 289 156 0 103 0 171 0 276 0 0 0 108 195 146 297 0 142 120 102 0 0 0 0 241 0 0 0 0 237 0 299 126 0 267 282 0 0 231 0 0 0 0 202 0 260 0 297 204 105 217 0 188 200 180 227 257 204 190 161 166 0 0 207 0 141 0 221 0 0 0 197 0 294 226 145 164 0 0 0 181 0 0 0 127 0 0 0 0 205 0 135 0 0 280 0 0 225 236 230 261 236 117 213 0 115 180 287 0 234 0 110 0 0 0 0 0 0 0 0 0 240 0 198 0 0 229 0 0 264 152 179 0 0 0 0 0 0 0 0 123
0 0 0 0 208 233 177 142 0 0 0 0 158 0 0 117 274 100 228 0 0 294 0 0 0 0 0 281 282 273 0 0 194 166 171 209 0 196 244 198 0 0 0 0 207 197 145 0 268 0 207 0 279 0 235 0 0 0 0 0 0 226 0 108 0 237 0 0 230 0 0 166 0 233 0 0 0 230 0 0 0 168 0 0 0 0 0 0 0 212 188 153 0 273 0 238 0 0 122 133 0 0 0 289 279 116 164 0 0 141 293 0 280 148 0 0 164 248 184 181 298 0 229 121 154 213 274 0 0 148 223 0 0 242 0 150 200 235 258 0 0 0 0 0 190 269 0 239 144 0 191 0 197 0 0 0 0 123 0 156 166 0 269 266 0 126 0 181 0 113 296 290 187 0 267 288 0 0 127 233 295 0 222 0 230 0 212 0 163 156 0 171 267 0 285 0 0 137 0 271 0 173 0 0 138 0 0 0 125 254 183 263 168 132 194 177 0 228 0 202 0 281 254 209 0 174 0 0 177 0 0 0 0 110 0 0 0 149 0 250 231 278 283 0 0 221 0 0 175 111 0
0 0 210 224 231 241 0 197 0 0 0 0 0 251 236 0 0 108 0 0 0 171 247 0 0 0 271 0 253 0 265 0 0 0 0 0 0 0 158 261 184 170 171 0 225 0 150 211 0 0 0 0 240 0 193 160 0 0 120 0 205 150 276 168 240 152 184 0 108 0 291 0 0 288 0 0 141 286 0 0 0 0 0 0 285 144 0 116 210 248 227 104 0 0 0 134 248 202 264 0 0 225 0 0 0 0 194 0 289 213 0 253 0 0 252 0 217 0 0 177 0 207 0 0 281 165 0 132 275 114 0 175 284 224 282 238 0 243 0 0 0 0 126 0 173 197 247 204 0 0 253 0 207 0 0 175 0 0 243 133 185 221 209 264 0 0 0 190 165 0 145 0 0 0 0 0 0 0 0 152 130 0 176 0 0 0 0 0 0 0 0 246 0 0 220 0 104 0 0 168 174 0 0 150 0 295 130 0 0 287 254 0 0 0 0 0 136 251 235 0 117 279 0 0 183 0 201 0 143 195 295 199 0 0 146 0 0 163 226 0 0 0 151 142 271 127 235 167 0 0
0 0 260 116 0 0 0 0 0 158 0 108 133 0 213 239 273 133 173 0 116 226 130 205 210 276 101 258 0 0 0 0 0 0 202 0 102 0 0 155 0 0 273 272 0 0 201 136 124 159 0 0 0 0 0 0 230 105 187 0 121 0 104 0 0 131 0 0 0 173 126 0 147 258 0 0 227 157 289 0 0 173 263 127 0 0 0 0 247 242 0 0 0 0 0 0 158 0 0 0 0 0 0 131 274 0 102 233 272 209 138 253 0 0 0 264 283 0 277 286 268 0 244 0 0 157 0 266 0 0 198 165 120 278 0 0 0 0 0 0 181 233 278 281 0 163 0 0 0 0 149 274 0 0 0 270 149 289 0 0 0 0 162 122 0 0 171 0 0 0 221 146 291 0 0 149 0 0 0 167 0 124 124 0 152 107 0 114 0 278 149 0 0 0 114 0 113 0 0 209 0 186 152 0 0 0 137 0 0 247 0 154 255 0 0 181 106 220 0 108 204 261 0 271 0 0 138 0 182 114 0 0 0 0 0 254 111 193 0 175 286 0 0 0 275 186 0 0 242
0 229 130 0 246 275 0 0 202 154 0 153 0 0 0 0 166 0 134 0 0 108 297 0 119 261 267 0 0 0 0 0 123 0 0 145 261 0 0 0 109 0 215 253 249 0 109 287 0 0 295 0 272 254 0 133 114 174 0 0 272 0 223 0 0 0 0 0 0 157 0 0 0 123 266 256 255 0 0 260 253 0 0 0 0 0 244 0 271 242 215 125 266 200 0 0 261 0 155 0 0 275 0 0 0 117 0 0 0 118 237 158 0 285 0 0 0 162 0 186 159 236 0 112 120 0 0 296 0 0 102 0 0 142 214 156 113 0 0 0 177 261 274 145 242 230 278 0 114 297 221 230 186 0 133 0 0 147 0 0 208 0 178 160 182 261 267 0 0 241 242 158 0 0 109 0 0 152 200 132 195 147 0 0 0 145 254 187 0 0 0 0 107 0 0 0 144 216 103 123 164 0 0 243 0 129 205 220 145 0 0 0 0 0 0 0 0 0 0 280 174 0 0 182 0 0 261 0 160 0 0 114 0 0 169 190 0 290 139 269 0 0 0 192 0 193 0 0
0 116 0 0 0 0 0 0 0 220 168 178 0 238 154 0 0 136 0 0 180 140 163 203 0 247 0 249 120 243 0 116 0 0 0 245 0 0 102 102 0 116 250 0 220 193 0 0 247 0 0 0 0 0 185 0 287 173 0 0 134 0 142 230 0 107 284 0 0 0 219 0 200 0 212 104 288 156 294 199 0 237 172 0 148 241 0 140 224 217 0 186 169 0 106 270 178 253 0 129 288 212 0 244 114 0 276 215 215 136 240 111 0 0 162 0 219 255 0 164 284 298 0 0 115 104 0 0 0 0 176 160 140 0 0 285 255 0 205 0 285 243 0 220 217 135 0 205 291 185 0 194 0 0 236 193 291 259 294 0 0 251 0 0 120 279 183 0 151 0 0 0 0 247 297 0 0 115 279 0 0 214 0 268 243 0 134 260 0 281 0 158 0 0 0 263 0 0 185 172 260 0 227 128 0 266 0 0 223 250 0 0 0 0 0 296 147 0 0 0 153 0 0 273 0 264 0 146 271 111 129 114 0 0 0 280 299 0 0 0 0 0 250 102 154 0 298
0 0 0 216 235 0 0 0 0 0 0 284 0 246 0 280 0 244 0 0 0 0 0 289 0 0 237 241 0 263 103 247 261 0 144 138 290 0 0 0 160 132 0 283 252 0 175 224 0 256 161 284 0 0 0 291 110 247 0 0 207 0 193 100 0 243 146 169 0 296 248 195 179 157 0 193 116 198 0 0 121 0 0 0 0 0 257 0 250 224 209 0 283 183 120 287 0 205 0 0 0 0 0 0 0 0 0 206 207 0 116 0 280 0 200 245 0 0 151 0 0 0 0 297 250 101 213 0 113 152 0 195 0 276 278 0 0 134 283 0 158 0 0 0 232 288 115 165 106 0 0 222 242 0 211 0 0 199 286 0 234 278 0 0 187 0 0 0 269 0 118 0 133 0 193 0 0 173 0 188 113 260 0 0 202 0 0 0 172 219 162 143 285 0 0 215 189 237 155 0 108 101 0 0 149 288 0 139 232 285 0 281 0 297 123 0 113 0 0 0 224 113 0 161 191 0 0 0 217 295 0 0 0 123 0 0 220 163 211 0 0 0 0 273 0 0
0 150 104 0 0 0 0 0 0 0 279 136 114 0 0 0 0 0 0 0 0 107 228 0 0 0 0 0 175 244 0 0 0 0 0 236 104 0 218 0 0 166 225 101 281 137 0 240 0 0 129 0 198 0 181 0 148 0 0 113 266 154 142 0 115 0 104 0 0 0 0 227 183 0 183 0 0 0 0 295 268 0 0 0 289 183 138 170 0 0 137 230 152 0 0 0 179 0 0 0 227 158 115 116 221 0 218 273 188 0 0 246 0 0 0 0 0 0 109 0 0 0 191 0 0 271 226 0 0 247 0 0 0 0 0 0 198 0 206 100 0 0 128 202 0 213 0 0 276 173 0 157 0 0 246 0 173 248 0 0 0 0 0 0 0 106 0 265 262 0 0 0 242 216 0 0 0 225 0 255 193 0 0 191 0 0 0 0 293 296 0 0 0 0 0 122 289 0 120 0 283 133 0 0 0 0 0 177 253 220 0 250 267 130 173 0 127 0 250 123 240 0 0 0 0 156 0 106 108 0 0 0 0 0 0 0 231 0 0 232 202 0 0 0 0
0 0 165 268 0 0 191 230 0 0 222 285 0 244 173 193 298 0 106 134 0 0 0 0 0 0 110 282 0 0 0 106 0 105 0 144 0 0 0 0 0 111 0 145 0 275 211 0 102 0 0 116 166 0 143 0 0 0 0 192 283 0 203 0 0 191 0 204 107 0 152 0 295 255 128 0 0 0 0 124 0 0 241 0 0 188 234 190 292 277 105 218 153 288 164 231 0 0 0 144 124 0 0 0 220 212 0 0 135 111 264 238 0 193 0 0 0 0 233 131 0 0 298 290 240 0 223 0 273 194 0 293 144 0 183 0 0 0 166 0 289 254 148 0 0 0 216 109 179 0 0 289 157 153 0 0 0 100 233 0 0 103 102 126 0 158 252 178 205 178 109 252 0 139 0 260 144 273 0 0 0 0 0 0 295 0 249 128 225 221 0 292 216 221 245 0 189 0 199 0 280 0 164 114 0 294 0 285 273 0 250 0 0 0 149 0 221 181 0 233 235 188 248 0 0 287 202 146 210 105 0 256 189 203 107 0 204 0 151 144 0 0 262 117
0 180 107 0 0 143 0 0 0 0 203 205 0 0 0 0 0 192 0 152 137 172 0 227 0 232 0 224 0 183 114 253 0 0 0 243 0 281 158 0 272 221 0 0 150 0 0 245 254 0 0 0 0 192 206 168 0 0 288 0 235 0 0 0 0 111 0 278 0 151 177 131 201 0 0 0 105 0 0 281 0 0 249 208 0 0 0 0 157 162 0 0 0 0 244 0 0 0 0 164 0 0 0 232 0 0 286 238 0 0 0 179 0 0 0 295 0 184 0 160 153 297 148 0 0 177 135 124 0 0 0 140 0 0 0 0 139 0 0 136 0 0 0 135 0 132 200 0 212 0 0 0 253 0 0 178 0 0 0 197 283 139 0 0 229 232 0 255 0 286 0 0 143 286 0 0 0 0 0 0 188 0 256 0 0 0 171 125 283 0 0 0 0 0 0 175 199 182 136 0 116 0 189 0 117 293 0 117 0 141 0 188 0 178 0 216 114 0 244 0 105 0 0 0 164 161 223 0 0 203 248 0 0 0 267 0 0 120 0 147 227 0 0
0 288 295 117 219 0 267 0 0 118 297 172 182 254 131 174 0 0 0 0 0 0 227 0 0 0 0 0 0 176 0 0 132 0 169 0 155 108 174 133 0 0 0 0 142 0 0 0 223 0 0 0 0 124 0 166 133 120 0 180 0 211 129 0 209 209 297 0 0 260 0 0 254 251 152 0 181 0 0 0 241 108 244 0 272 0 0 200 0 163 226 0 255 252 0 121 236 0 280 150 224 0 0 0 0 0 0 0 0 0 112 0 0 250 118 140 0 220 0 137 0 0 280 240 0 0 246 0 0 206 283 0 120 0 159 0 176 0 0 0 112 0 151 0 111 158 0 0 0 166 0 0 0 240 0 159 107 0 0 137 247 145 103 187 0 0 0 190 206 0 291 229 130 276 0 0 0 0 272 194 0 160 279 0 0 0 184 0 0 0 275 0 215 138 221 100 139 250 0 0 0 0 243 229 171 0 0 267 0 295 289 0 206 0 270 0 0 0 0 0 0 103 223 211 114 257 105 120 0 250 0 202 0 209 184 147 0 0 0 0 122 163
0 125 120 0 241 135 194 155 0 0 116 0 0 0 295 0 0 191 250 185 0 279 0 0 0 0 280 201 0 0 164 219 264 0 0 100 273 0 203 0 0 0 141 219 163 182 0 0 131 0 204 143 295 181 0 0 0 0 0 259 0 211 0 291 0 236 0 252 0 223 126 288 185 147 0 144 0 163 262 119 226 0 133 226 109 217 229 187 0 0 290 0 195 0 0 0 0 192 280 278 0 170 0 0 227 0 180 203 0 220 0 0 0 0 116 265 164 0 180 0 0 0 247 176 0 278 152 135 258 0 0 0 213 0 0 213 0 228 236 0 242 0 0 274 0 0 0 0 265 0 295 0 211 0 0 217 0 0 0 177 0 182 0 0 246 236 213 118 0 0 0 0 0 284 0 109 187 230 0 266 241 0 295 198 0 190 0 290 138 169 226 0 233 0 104 0 193 0 0 283 177 0 0 0 0 0 158 144 279 0 0 0 207 0 0 187 0 273 0 0 148 0 285 0 163 193 205 172 0 0 120 0 191 0 247 201 0 0 205 0 142
0 0 143 224 0 0 244 0 114 246 0 130 249 0 139 0 241 173 0 0 0 222 0 0 0 292 0 0 159 0 167 0 0 0 0 283 0 146 260 0 135 241 0 0 215 259 0 0 0 148 242 0 207 107 0 0 113 145 123 0 0 0 227 248 0 274 0 257 0 102 105 0 0 150 0 0 0 0 0 285 252 204 0 0 194 0 0 258 150 0 277 0 145 0 291 0 161 165 0 0 0 0 0 294 294 279 156 0 251 246 110 168 0 205 258 0 295 0 186 0 0 173 0 277 269 160 0 145 215 261 126 286 114 258 0 0 0 266 268 157 254 0 103 222 295 150 0 142 0 0 240 0 257 0 170 0 0 293 281 263 0 126 0 197 176 0 211 216 0 261 103 0 0 0 110 287 198 0 0 0 0 0 148 205 175 161 128 0 0 157 0 0 106 188 0 184 0 162 0 280 0 247 0 100 0 143 0 0 0 149 124 0 150 0 222 224 130 229 0 0 0 0 242 260 195 111 163 127 120 0 299 262 0 0 0 111 170 0 0 0
0 0 0 154 202 0 175 103 282 239 0 0 105 228 0 228 106 0 0 105 0 264 0 284 146 0 296 222 260 0 0 108 261 0 172 0 0 0 118 295 255 0 0 161 0 236 0 0 260 0 188 0 193 0 236 0 0 0 173 0 229 0 226 0 0 0 188 103 247 0 285 239 228 209 118 243 103 113 0 250 0 0 251 217 0 246 0 237 0 125 213 155 0 213 262 0 227 108 257 283 0 0 0 121 0 0 0 0 253 0 230 203 133 229 204 0 0 271 148 0 0 0 0 0 186 0 178 0 0 176 0 137 0 132 298 0 0 216 0 194 0 103 174 205 0 0 0 205 256 0 0 122 254 215 299 171 0 0 190 288 0 183 236 0 284 194 0 129 150 0 153 216 117 198 161 0 0 201 126 243 172 0 0 0 0 0 0 109 0 0 215 136 0 0 0 0 280 0 190 245 160 137 116 0 0 143 0 0 170 0 113 0 0 153 0 0 137 269 0 0 0 0 245 0 0 0 0 195 0 0 133 0 158 193 0 113 175 0 0
0 100 160 270 293 239 0 0 0 0 239 0 269 286 0 0 188 0 0 107 126 0 152 0 0 185 167 195 264 0 0 187 0 0 216 255 0 142 141 0 0 0 0 0 190 0 0 200 208 263 204 247 0 0 170 0 213 241 275 0 0 0 183 189 0 241 208 0 0 181 264 0 0 0 166 0 265 112 222 0 0 107 0 0 0 0 0 0 0 223 0 0 0 0 0 0 0 225 0 101 209 146 236 138 235 178 0 0 0 157 221 0 113 0 0 0 140 0 239 290 0 0 0 0 219 0 213 0 0 128 243 168 0 0 270 0 207 170 195 119 150 0 142 0 178 0 197 121 0 118 0 0 0 0 0 0 0 0 140 192 147 0 180 142 0 0 191 214 0 0 0 0 0 184 142 0 0 0 101 255 0 116 280 0 208 0 259 295 0 182 181 0 173 269 0 157 0 162 0 151 259 227 0 112 156 0 274 264 0 279 0 173 0 284 113 0 0 0 197 288 156 0 164 280 0 159 229 116 0 0 112 0 138 215 0 0 274 0
0 174 133 121 240 0 0 0 208 0 261 132 0 0 0 0 0 0 145 0 0 0 0 0 154 191 0 0 0 0 169 244 0 250 180 0 0 248 195 0 148 186 208 207 0 111 220 0 178 230 253 186 121 282 260 128 194 135 0 245 0 0 0 0 211 245 264 110 0 0 0 263 127 299 241 256 203 299 215 0 118 0 0 0 0 199 106 287 0 256 0 160 0 125 0 0 0 230 265 180 197 0 226 0 0 0 0 0 210 0 151 183 0 0 293 0 0 0 268 198 0 180 150 137 284 0 0 0 158 183 0 0 0 0 192 217 184 193 0 261 102 293 0 0 0 0 265 276 265 0 228 0 0 236 0 165 0 0 0 268 150 0 168 186 0 188 0 0 0 0 151 0 0 0 131 0 0 103 0 0 212 0 0 183 156 197 0 207 121 222 0 133 0 225 118 0 0 0 162 0 0 0 0 0 0 205 123 109 0 242 290 106 258 0 0 0 171 0 0 0 144 163 0 0 150 193 0 283 149 263 0 0 0 201 237 256 211
0 0 0 0 0 0 158 0 292 127 268 120 285 271 195 0 0 0 0 256 0 121 0 129 223 209 0 0 128 0 0 0 115 282 255 0 147 179 183 242 0 228 0 247 193 0 268 175 0 0 292 0 265 0 0 0 180 0 0 0 138 144 0 0 0 0 0 0 201 145 299 0 191 0 0 0 222 0 0 130 195 0 120 0 0 110 0 0 119 0 0 0 0 0 0 135 0 267 233 116 141 242 211 120 0 262 0 228 0 163 0 297 256 0 136 0 0 0 135 162 190 0 262 0 225 0 284 0 0 0 0 204 191 284 0 0 0 238 0 230 0 0 0 0 120 0 124 167 202 0 267 187 0 0 0 235 222 253 268 0 0 248 231 0 233 0 0 165 221 0 0 0 0 0 0 0 105 0 108 244 0 192 0 0 159 286 0 0 0 220 0 235 142 0 157 293 0 0 0 238 106 216 0 0 0 0 0 0 0 176 0 199 0 117 0 0 196 136 0 0 253 0 0 0 119 104 232 0 182 211 0 0 214 122 144 0
0 277 0 0 0 0 0 144 131 0 295 0 292 154 0 296 120 111 0 289 221 0 117 0 0 0 137 126 0 0 165 150 0 272 242 229 182 0 0 0 0 143 0 0 231 121 182 0 255 0 277 0 0 271 201 0 272 131 0 0 0 154 0 0 144 150 0 130 274 0 0 200 0 269 185 0 166 203 182 139 0 0 182 240 140 299 0 0 0 0 231 267 0 128 116 125 0 0 178 206 0 0 297 186 222 0 273 0 181 0 287 185 0 0 0 222 0 205 133 191 105 196 0 0 161 142 0 0 138 0 0 0 209 0 0 0 119 244 0 267 0 0 286 160 217 154 248 274 0 0 142 286 0 116 0 0 0 267 0 182 0 203 129 0 113 102 0 0 251 151 0 127 146 0 0 0 177 289 0 0 0 0 0 209 253 299 0 0 288 159 145 0 0 0 129 0 292 236 297 0 0 0 0 0 0 127 284 149 0 0 0 160 288 286 0 0 161 0 0 0 0 0 281 184 0 244 0 0 0 293 123 0 0 0 0
0 276 0 0 0 104 0 106 0 133 0 277 0 0 170 294 0 0 0 0 263 281 0 108 243 0 141 214 210 0 0 155 119 0 0 135 171 241 220 0 0 0 294 0 0 0 260 166 205 0 251 0 0 0 0 0 221 111 0 0 0 0 239 0 0 0 0 102 0 274 0 0 228 245 0 236 288 0 221 208 168 0 0 275 0 0 0 274 0 0 0 163 164 0 165 0 0 254 277 0 0 0 0 0 0 0 0 0 104 0 256 0 160 240 133 0 0 197 0 0 0 251 166 156 141 263 0 0 0 214 0 177 0 254 0 0 0 197 0 257 117 0 172 232 149 159 268 0 233 0 151 113 148 0 0 0 0 145 260 0 0 101 0 0 0 0 0 237 0 159 0 207 0 0 0 0 0 277 219 129 0 129 218 170 134 0 0 126 0 123 0 285 0 230 0 0 0 102 0 0 142 0 116 0 181 0 0 210 0 100 0 218 131 0 0 0 173 0 143 158 0 289 173 114 0 0 122 0 196 202 0 0 0 0
0 153 0 113 183 272 0 0 251 0 0 115 0 211 251 119 124 144 0 288 0 122 298 148 118 111 279 0 270 0 0 0 194 294 0 150 108 0 0 299 187 0 0 0 0 0 0 240 239 120 213 289 0 259 0 0 0 100 126 0 195 231 0 242 124 0 226 127 215 251 0 0 168 216 0 0 0 0 261 0 0 106 0 0 233 181 0 0 0 0 138 0 113 0 0 116 287 290 0 0 0 0 188 0 0 0 0 210 0 0 134 0 0 0 212 0 131 247 286 0 0 0 129 0 197 258 151 139 0 111 188 0 0 0 162 0 0 198 0 204 271 0 0 174 123 0 0 0 0 242 0 0 0 0 298 0 113 0 0 0 0 286 0 0 146 0 110 265 0 0 0 0 0 182 101 0 193 193 112 152 0 0 215 274 147 0 269 0 0 0 216 249 129 0 0 150 0 267 205 0 0 240 0 0 0 0 139 0 249 0 107 0 292 154 200 284 130 0 220 215 0 101 0 0 0 181 139 173 0 0 0 0 172
0 0 0 0 0 0 0 0 231 0 0 0 264 134 0 0 263 166 0 253 0 0 218 182 291 109 137 273 0 0 267 0 178 0 0 0 0 127 100 0 197 0 0 0 194 0 223 298 204 0 148 144 277 190 195 0 216 0 0 0 0 0 0 207 0 0 143 0 0 293 0 112 0 206 0 204 111 0 0 0 0 179 0 0 189 103 279 205 227 0 219 298 0 113 118 156 296 0 226 261 254 148 263 0 0 0 237 0 0 0 0 114 0 119 0 0 0 0 0 121 0 0 0 0 0 0 192 129 253 0 164 166 0 0 145 246 0 219 150 236 0 255 104 152 153 0 213 213 0 127 289 0 0 0 205 0 0 0 229 167 150 193 0 0 0 0 149 288 0 0 0 111 281 149 228 246 0 275 0 102 0 107 249 0 136 110 135 193 209 196 0 229 0 0 196 0 137 174 251 226 187 107 0 0 253 252 0 209 125 199 0 235 259 182 102 194 0 189 0 0 157 107 0 206 0 212 138 178 0 145 120 201
0 266 180 0 0 0 0 282 201 0 0 0 0 128 261 142 0 0 289 264 264 0 286 0 138 0 0 244 0 294 0 252 233 268 207 269 0 294 0 271 163 0 118 0 0 225 0 0 0 298 0 223 189 0 0 243 186 0 166 0 0 0 299 0 0 0 270 287 220 205 186 0 0 0 186 0 0 207 0 0 0 113 0 0 0 251 236 106 0 0 0 272 109 0 185 0 116 0 219 107 0 120 0 0 0 0 116 173 248 105 208 0 167 265 229 0 114 0 0 0 200 0 165 173 0 134 0 160 149 210 174 0 0 141 0 138 119 0 228 0 0 147 232 0 0 0 0 180 297 0 218 0 206 0 0 161 201 0 0 289 219 0 165 0 0 199 239 0 192 0 257 0 0 127 127 201 272 140 0 180 0 242 0 119 252 283 0 103 0 264 146 0 0 118 105 179 195 0 209 151 0 0 247 0 189 0 126 0 0 0 0 0 0 0 153 142 169 0 281 231 0 298 0 0 133 117 0 0 278 238 0
0 0 0 200 225 222 210 0 272 0 0 239 0 0 0 0 0 0 218 0 0 152 0 0 0 231 0 0 0 290 198 256 0 197 283 138 157 153 0 0 0 0 111 0 285 0 179 114 0 0 266 0 0 182 158 108 0 220 270 199 0 174 0 199 284 0 168 0 186 0 0 0 0 174 155 210 272 0 0 136 0 0 0 0 101 0 287 150 234 0 0 0 0 0 0 290 0 201 280 0 121 0 207 0 0 264 0 294 0 247 216 0 212 130 0 208 197 242 276 0 0 115 0 0 195 141 0 0 0 126 252 222 288 235 130 0 0 0 0 133 275 0 0 176 0 0 0 0 152 245 0 0 0 0 0 0 112 0 177 202 124 0 0 233 199 0 0 0 161 0 0 284 0 0 0 0 147 200 0 130 0 0 0 0 251 229 107 140 0 0 0 0 232 198 185 0 0 111 109 0 0 162 0 267 272 0 271 119 0 0 0 0 0 0 233 293 240 241 211 0 0 176 0 0 0 0 0 0 268 281
0 208 290 240 198 132 193 0 0 0 231 0 0 0 225 0 0 208 251 0 0 265 157 247 278 288 0 240 112 270 204 192 286 233 230 216 0 248 135 0 0 0 0 0 0 147 0 134 0 246 128 116 135 0 280 0 0 0 0 112 140 0 160 163 0 223 108 0 0 138 126 0 0 167 119 0 0 0 112 0 0 0 242 258 0 0 0 0 297 0 0 239 264 165 0 285 0 138 0 0 151 0 274 114 111 0 0 0 0 0 0 134 122 282 158 124 0 0 0 0 163 0 0 0 0 255 0 138 0 0 282 0 0 0 169 251 0 218 183 197 0 243 0 0 0 171 138 0 0 266 225 0 256 0 211 148 155 251 0 123 100 0 0 0 251 0 0 0 189 228 0 0 0 0 118 0 254 268 0 145 218 0 145 0 0 149 0 0 0 164 0 0 206 228 143 222 0 0 0 0 0 0 252 0 0 140 0 298 0 0 224 196 0 0 245 172 0 126 0 271 0 130 0 0 0 141 140 255 221
0 215 0 290 243 176 0 0 0 288 0 286 0 0 102 0 0 166 0 0 0 210 264 105 0 137 126 277 0 0 202 0 0 0 148 199 263 0 0 0 0 146 0 168 0 141 217 0 104 0 188 255 270 0 0 271 247 0 0 183 0 0 194 0 0 0 162 0 0 0 0 107 178 0 0 0 0 0 0 152 0 0 109 0 0 0 131 0 264 251 116 0 0 102 138 0 0 127 0 0 0 0 188 115 283 262 219 178 163 219 0 297 123 177 183 258 200 269 256 0 268 242 159 0 208 0 232 0 134 271 254 0 0 0 0 0 0 0 246 189 130 0 0 0 290 0 0 296 0 260 254 0 0 283 144 0 141 0 0 0 0 0 0 132 0 223 0 283 139 207 0 213 0 0 0 124 150 0 218 0 0 151 0 260 0 0 110 0 0 126 0 225 0 0 0 102 148 0 259 231 0 255 0 0 0 0 0 0 0 239 0 0 0 265 148 236 186 268 0 0 0 120 0 0 0 236 0 290
0 0 0 298 0 0 0 100 0 171 138 0 229 218 271 0 138 0 238 261 284 0 244 128 0 0 0 280 219 152 0 0 135 208 0 287 0 0 0 245 116 216 0 0 251 173 273 124 190 0 116 0 0 0 0 212 0 273 0 138 0 113 119 262 0 0 0 0 132 0 0 199 294 0 0 153 187 0 0 189 0 0 0 0 165 0 207 0 0 0 254 0 293 143 116 0 110 0 122 0 0 216 122 0 0 204 0 200 0 126 186 0 0 0 196 240 0 0 163 275 0 0 0 211 267 0 0 0 0 257 0 0 0 0 142 141 189 292 218 0 169 241 237 119 145 0 253 263 139 200 161 227 156 0 0 289 171 185 217 0 231 204 0 147 220 0 0 0 163 0 0 0 0 0 0 257 0 0 0 141 0 0 188 0 0 0 268 0 219 0 145 0 211 0 234 0 266 0 0 173 118 290 271 0 0 261 215 0 252 0 0 229 251 0 0 181 229 235 0 103 233 0 217 0 199 240 251
0 0 175 0 261 0 0 131 111 166 168 0 0 0 0 0 0 167 149 153 0 210 152 0 294 280 0 0 279 0 0 159 0 268 169 132 0 0 113 152 197 245 139 250 156 256 106 284 190 254 188 103 136 262 0 0 138 0 142 0 101 170 148 0 0 248 241 0 161 283 165 128 234 232 247 0 0 183 0 117 112 0 106 0 0 118 171 0 160 0 0 146 130 119 248 0 0 122 0 175 298 126 0 0 194 0 228 0 0 257 0 0 0 0 189 282 123 0 0 0 123 166 0 265 0 280 173 264 0 0 0 135 0 0 263 157 182 202 0 0 193 107 235 134 0 221 0 0 139 0 144 0 234 0 0 137 0 0 242 286 291 177 288 0 249 0 0 0 109 149 265 0 0 265 202 0 142 130 243 0 264 0 177 249 161 0 0 234 207 210 0 0 179 222 0 0 108 104 196 144 238 244 238 130 0 0 291 113 0 0 0 198 203 134 179 125 241 0 292 0 152 115 0 0 0 187
0 0 107 0 0 200 229 0 268 295 222 0 0 187 239 271 0 0 0 0 144 168 162 124 0 0 115 0 0 101 0 0 0 0 236 267 158 0 0 0 112 237 128 117 175 247 140 0 213 0 0 287 218 0 0 0 289 149 0 0 142 0 162 0 183 164 111 0 0 0 0 211 0 0 0 0 0 141 0 182 281 0 297 0 0 145 0 0 0 104 263 0 0 151 245 0 0 296 163 0 160 203 230 0 0 231 0 280 175 237 290 210 0 0 159 0 231 0 0 0 0 0 0 218 0 0 0 0 0 178 232 106 0 0 212 244 0 130 0 287 119 0 113 260 196 0 0 112 176 193 0 201 0 133 124 193 299 0 0 266 0 218 280 0 296 222 156 255 281 0 157 0 0 0 0 0 0 222 247 263 0 113 266 162 168 0 136 0 0 181 161 0 102 247 217 0 170 0 0 0 246 159 0 121 0 270 298 0 228 233 106 261 0 258 0 209 0 110 0 0 0 108 111 0 0
0 218 165 0 283 0 0 0 243 267 0 124 133 0 279 0 154 0 110 0 0 0 156 0 0 290 245 0 0 0 0 118 144 0 0 170 0 136 0 0 0 191 123 238 152 0 0 114 160 109 200 233 198 0 186 0 0 186 154 0 203 119 126 0 270 0 0 202 181 0 172 179 147 0 104 175 0 0 186 221 227 0 0 237 0 160 0 0 237 0 196 0 111 0 195 154 239 191 0 0 293 0 156 0 0 0 0 0 228 0 212 154 0 0 109 137 174 201 0 270 0 0 0 0 209 126 0 0 233 286 0 0 0 0 0 0 0 0 0 201 195 112 0 0 0 272 0 0 160 0 159 0 0 265 0 0 233 268 0 0 287 247 233 0 125 0 0 0 0 0 0 218 0 0 0 266 0 238 171 0 0 0 150 134 0 0 0 0 216 224 0 0 267 0 0 0 129 0 0 222 0 264 0 225 233 0 256 182 176 182 0 0 0 0 113 124 0 225 0 158 0 234 0 209
0 148 0 298 0 137 0 164 234 188 0 175 153 205 0 0 262 0 0 136 0 0 0 0 0 0 0 268 266 0 0 0 215 261 0 153 225 0 220 0 0 132 295 0 0 128 159 0 0 0 123 267 276 174 0 245 282 0 110 145 0 0 0 224 187 102 0 147 0 0 0 252 286 0 175 0 0 288 290 133 0 286 144 0 244 0 0 202 200 218 0 0 222 0 264 0 0 206 287 162 175 0 268 295 125 127 0 199 209 233 0 0 0 0 285 0 149 136 0 210 0 220 0 0 238 0 0 161 0 0 154 0 0 187 181 0 200 0 0 163 245 0 0 0 0 258 0 0 0 261 0 0 107 215 0 0 123 164 139 171 101 0 139 112 0 0 195 219 253 261 120 144 150 0 229 0 0 0 0 171 0 261 156 251 299 187 263 272 126 0 0 0 0 268 0 278 0 246 0 195 143 215 250 128 100 0 0 0 0 0 264 0 0 0 171 0 166 0 101 150 0 0 179
0 0 0 0 0 223 229 128 276 0 117 174 213 0 0 117 230 0 287 0 0 140 241 102 104 196 0 123 251 229 216 115 269 129 0 0 0 210 0 180 0 0 0 109 122 119 0 121 132 0 0 199 249 0 0 0 0 223 0 0 281 130 0 266 217 0 114 202 0 217 0 224 0 0 0 163 102 0 271 116 214 188 288 194 0 205 269 176 0 113 0 0 0 227 284 0 0 0 0 164 261 0 187 215 202 245 270 0 0 0 145 0 0 255 0 0 0 0 159 219 284 165 0 0 0 210 225 120 204 0 275 270 214 0 222 217 195 0 183 133 239 0 269 276 0 0 146 0 0 0 0 0 130 142 0 0 0 116 0 244 295 0 227 0 0 290 0 0 296 168 128 0 284 0 0 170 110 106 0 0 157 155 241 116 0 0 0 0 0 0 0 0 146 125 227 162 155 190 224 0 0 0 189 287 103 103 0 293 140 0 0 239 0 0 150 247 0 0 0 109 251 177
0 0 0 0 0 0 0 0 0 0 0 0 0 0 0 0 0 0 0 0 0 0 0 0 0 0 0 0 0 0 0 0 0 0 0 0 0 0 0 0 0 0 0 0 0 0 0 0 0 0 0 0 0 0 0 0 0 0 0 0 0 0 0 0 0 0 0 0 0 0 0 0 0 0 0 0 0 0 0 0 0 0 0 0 0 0 0 0 0 0 0 0 0 0 0 0 0 0 0 0 0 0 0 0 0 0 0 0 0 0 0 0 0 0 0 0 0 0 0 0 0 0 0 0 0 0 0 0 0 0 0 0 0 0 0 0 0 0 0 0 0 0 0 0 0 0 0 0 0 0 0 0 0 0 0 0 0 0 0 0 0 0 0 0 0 0 0 0 0 0 0 0 0 0 0 0 0 0 0 0 0 0 0 0 0 0 0 0 0 0 0 0 0 0 0 0 0 0 0 0 0 0 0 0 0 0 0 0 0 0 0 0 0 0 0 0 0 0 0 0 0
0 0 249 203 259 0 0 0 106 0 116 0 177 241 0 138 0 0 0 146 246 0 226 299 298 206 132 0 166 0 104 215 0 0 0 226 0 0 130 0 221 0 175 0 0 0 100 121 0 0 0 193 0 0 0 0 117 0 258 181 0 231 0 0 0 202 111 0 0 0 0 0 198 260 0 0 0 0 0 273 141 0 0 0 0 126 165 0 0 0 104 0 0 0 195 0 0 271 170 0 287 0 0 0 0 208 292 0 288 0 170 163 0 134 0 253 250 0 0 115 0 119 253 204 0 261 195 160 179 156 245 297 0 188 238 0 0 163 0 0 239 139 133 196 0 137 0 0 0 244 181 0 0 172 260 0 0 214 0 0 222 244 0 114 247 117 273 166 247 240 0 0 211 101 260 138 0 0 0 0 0 181 189 0 0 0 0 0 211 126 0 131 0 128 148 0 0 239 0 267 0 225 277 0 0 0 287 247 257 0 124 274 0 274 158 0 222 113 201 252
0 279 264 151 213 0 140 0 0 0 0 207 0 199 124 204 0 282 165 135 170 0 0 0 268 229 0 0 299 135 0 0 0 231 0 0 0 0 0 0 0 274 187 0 191 0 0 0 218 0 250 0 0 0 0 0 158 0 176 297 263 0 165 195 159 122 0 0 0 273 125 0 0 0 0 0 103 266 118 0 0 0 208 227 196 0 0 185 0 0 145 0 0 249 266 0 0 0 214 0 0 0 199 146 159 284 155 0 120 0 154 130 0 165 0 0 0 0 0 270 0 189 117 0 0 115 0 190 0 0 133 184 0 255 238 0 0 0 194 125 0 0 135 0 0 0 0 0 159 0 195 171 245 244 128 189 0 268 296 0 0 0 266 0 0 0 0 238 247 0 199 109 0 198 165 0 0 179 0 0 0 0 160 0 0 0 120 228 0 0 101 116 0 191 222 270 249 0 0 204 248 154 0 0 0 210 149 0 272 133 0 216 0 221 170 242 210 0 0
0 132 233 288 193 141 0 219 0 274 0 0 285 0 0 0 0 138 0 137 176 221 257 251 0 117 0 119 113 232 276 287 0 0 121 107 179 0 0 0 136 268 116 236 0 138 182 0 0 278 216 0 0 168 0 0 0 0 115 253 165 190 144 0 154 0 0 102 0 0 125 162 0 216 295 280 0 0 0 0 0 0 235 269 168 189 0 0 0 195 0 134 234 0 216 269 109 0 0 186 0 139 0 0 288 0 108 0 296 0 131 236 261 132 225 139 152 183 262 0 0 129 271 0 0 257 220 0 0 0 130 0 252 123 287 0 217 105 0 0 263 265 113 234 0 0 183 148 0 174 0 0 0 121 234 194 0 279 116 0 0 110 103 268 0 174 0 0 221 0 0 0 0 175 135 185 152 0 0 231 182 161 255 0 287 0 0 183 0 201 169 0 0 0 0 187 0 0 251 154 0 0 0 267 0 110 259 0 118 145 240 0 290 0 0 129 148 0
0 227 230 0 184 127 0 0 203 167 202 277 244 202 234 208 294 0 0 231 0 0 276 199 120 101 0 100 0 0 0 0 0 0 150 105 125 0 0 144 164 0 120 0 0 170 0 284 0 0 289 226 0 0 0 184 0 120 0 0 0 266 176 0 0 0 0 108 0 0 131 184 150 0 114 0 0 0 168 242 127 0 0 268 133 0 111 242 201 0 250 172 273 0 101 0 0 0 0 0 238 0 267 260 228 0 245 0 225 0 216 277 131 157 237 248 0 0 0 178 0 0 297 0 144 225 159 0 242 164 284 106 236 188 228 111 242 0 0 267 214 0 0 215 0 147 0 0 0 133 0 159 0 249 0 218 157 139 0 176 0 162 190 0 0 0 0 182 260 0 256 0 0 0 0 0 0 0 0 0 178 226 226 246 290 273 0 275 0 0 0 0 0 0 0 0 123 214 258 120 186 0 219 224 0 146 0 252 0 215 0 0 246 153 0 216 262
0 184 262 202 0 149 122 0 186 0 257 0 0 219 0 195 246 290 262 111 145 252 0 0 233 0 0 266 0 0 100 0 104 0 0 183 0 208 223 0 246 153 0 0 0 230 175 0 276 109 186 224 0 231 0 286 215 175 102 0 0 287 110 182 171 0 106 200 0 0 264 0 193 170 157 104 226 148 0 0 185 251 0 0 0 173 206 172 0 298 212 251 0 0 190 0 0 0 0 142 0 160 0 0 0 0 192 0 220 0 297 0 0 0 223 0 0 0 0 240 223 0 0 0 205 214 123 292 0 121 145 0 0 0 127 0 0 0 167 143 294 226 0 200 105 248 0 0 193 0 186 219 276 0 220 136 118 0 0 0 0 0 0 135 0 0 121 0 0 0 0 127 222 257 0 0 0 227 289 0 0 192 0 141 0 298 0 0 0 0 0 0 287 287 0 171 0 209 0 248 280 261 0 101 0 117 298 290 0 0 226 0 298 0 0 136
0 0 0 0 126 0 0 0 208 0 128 0 221 285 0 129 0 0 240 0 0 182 186 193 278 220 0 212 276 0 275 0 114 0 137 0 100 237 0 137 296 273 0 0 0 143 0 0 0 254 129 0 112 0 166 0 0 0 0 119 0 0 181 108 0 181 0 290 0 0 0 182 0 0 0 255 0 142 0 0 150 0 264 0 0 209 294 266 140 237 189 252 0 0 0 0 271 0 119 264 0 0 148 190 208 0 0 0 208 0 259 0 0 0 114 0 0 0 0 138 164 145 172 0 0 152 102 0 0 230 0 0 163 0 0 129 151 165 0 0 0 0 0 0 0 0 0 252 0 0 246 0 0 229 124 126 146 223 217 150 232 252 243 0 118 0 133 0 174 160 0 111 184 225 113 183 103 293 154 0 272 228 0 0 0 0 0 245 219 0 251 0 0 0 0 185 0 270 209 204 209 0 0 0 0 108 0 172 0 122 0 0 193 0 297
0 0 102 172 117 0 0 292 271 0 0 0 0 112 167 0 245 0 0 0 152 0 0 110 274 243 0 0 138 285 0 0 0 0 275 0 106 0 0 182 177 0 104 0 0 132 0 0 114 0 268 0 0 0 0 160 225 179 159 0 231 0 236 106 0 0 0 0 0 224 135 260 182 102 141 145 274 0 116 0 205 132 0 0 273 186 108 174 222 0 237 0 0 219 186 297 0 0 103 0 210 0 143 0 0 280 0 234 135 174 288 102 169 124 0 119 273 192 196 230 238 172 211 0 0 0 154 0 0 219 0 0 100 0 0 177 0 283 0 0 282 0 0 0 124 0 297 125 162 181 226 265 119 107 0 0 225 112 110 245 0 205 254 124 0 0 0 289 0 0 0 295 0 231 0 179 0 198 0 214 0 0 0 0 0 267 275 0 0 229 211 0 0 0 290 145 232 0 280 282 265 293 0 289 0 0 0 153 209 278 108 106 273 283
0 293 0 112 259 0 0 0 185 0 175 155 0 250 118 270 241 248 0 270 282 0 141 110 217 263 119 188 227 240 248 0 109 103 244 0 218 0 183 234 171 173 0 197 0 125 179 0 0 217 0 0 161 244 222 148 0 162 0 147 113 0 0 0 171 0 0 0 0 0 198 298 113 290 140 0 0 0 131 0 259 0 0 167 0 0 0 0 0 0 218 270 0 0 0 0 0 0 149 252 131 146 154 122 127 0 0 0 170 238 108 196 0 166 149 284 202 242 155 0 132 242 0 0 256 192 0 278 292 149 254 196 210 0 0 159 0 0 0 275 195 152 0 0 0 0 0 139 0 190 160 164 0 142 159 0 0 153 297 0 0 0 232 0 269 0 0 0 260 0 249 0 0 183 0 0 0 149 0 0 192 0 0 0 0 0 150 0 187 0 0 0 0 0 0 0 0 202 178 217 141 0 100 0 121 0 151 0 224 290 117 121 264
0 0 0 0 0 217 0 130 0 218 0 271 194 0 228 148 0 218 218 214 282 0 0 0 277 0 174 0 0 184 0 0 0 0 163 179 0 0 151 0 0 0 0 0 133 167 0 0 217 0 244 0 132 204 278 0 0 0 160 204 0 0 119 0 0 0 0 0 112 263 272 252 231 232 0 0 187 0 0 295 0 0 0 0 0 0 0 0 209 245 0 0 0 297 0 227 154 0 241 293 0 236 268 0 194 125 0 207 0 254 0 0 0 263 121 0 0 139 0 196 193 117 157 142 245 0 256 0 0 245 183 230 124 253 0 0 0 0 169 0 0 0 0 232 257 0 0 142 0 0 0 0 0 0 138 0 289 199 0 0 0 0 205 209 297 186 0 0 0 125 299 282 164 0 176 0 178 123 0 261 0 125 0 219 0 0 200 0 0 0 0 0 0 185 126 191 0 0 0 0 0 135 104 170 166 124 281 0 0 0 298 0
0 223 111 272 198 0 0 206 159 269 0 122 0 0 283 0 252 229 254 0 0 0 230 0 153 216 290 112 0 248 0 0 188 0 0 0 0 172 0 0 0 0 0 0 252 269 232 163 177 0 290 221 249 137 285 0 0 0 0 292 286 100 172 0 110 0 190 120 0 0 0 296 0 0 219 209 0 0 0 250 0 292 0 119 288 0 153 238 297 0 167 0 291 0 150 285 205 0 222 0 0 282 259 0 0 0 175 0 0 0 0 0 206 0 177 243 0 0 0 252 0 0 0 182 0 294 282 0 0 122 233 144 230 106 276 0 205 118 139 0 203 120 0 238 287 0 189 220 277 0 194 176 0 247 0 256 251 0 0 246 247 236 190 0 296 0 145 0 0 297 0 196 0 0 0 0 198 215 181 296 160 0 0 117 196 0 136 222 0 102 298 296 0 129 0 0 126 0 0 255 119 234 193 298 242 161 234 224 136 0 257
0 264 190 0 249 0 0 158 0 178 161 211 0 0 288 0 195 144 151 126 0 116 130 0 275 0 0 0 0 0 0 143 285 0 103 0 207 0 107 164 189 140 204 0 219 248 0 210 202 133 0 295 157 0 103 0 192 299 112 169 0 0 215 297 159 0 227 242 240 195 157 176 181 0 277 197 238 0 231 0 115 138 0 125 0 133 213 267 0 289 111 239 274 272 0 0 0 0 0 111 237 202 0 173 148 0 0 0 0 266 247 0 0 270 158 0 0 297 220 0 140 299 223 0 193 285 0 0 220 105 0 0 261 173 0 0 0 0 249 252 237 119 237 201 295 140 0 0 0 122 0 0 0 218 276 228 0 0 278 0 162 279 0 0 0 0 263 200 147 271 0 129 188 0 0 0 0 0 0 0 280 283 0 266 0 0 113 211 0 122 0 183 258 192 243 173 0 0 0 180 208 0 290 156 0 0 0 170 271 0
0 167 247 0 256 195 0 0 0 0 224 116 0 0 0 129 0 0 0 0 0 0 178 298 234 0 0 276 0 187 0 0 0 0 235 0 245 0 124 0 134 296 138 0 0 0 257 164 117 141 173 131 0 162 155 0 0 204 277 225 0 122 279 0 0 0 0 0 231 0 0 0 0 263 0 0 206 0 102 196 0 149 0 136 0 210 0 0 0 0 191 0 0 0 297 138 102 0 221 208 0 0 258 0 0 297 0 205 139 0 296 0 253 0 0 0 103 0 114 185 248 298 286 0 113 141 0 164 246 266 231 170 0 170 0 0 231 149 0 0 0 0 0 241 120 0 0 237 0 0 235 121 0 151 239 178 266 268 136 0 194 239 0 0 0 0 136 210 0 118 192 0 0 130 0 226 0 161 0 0 0 161 0 0 223 164 229 202 0 0 0 0 174 0 276 0 0 0 127 158 114 272 0 298 271 0 208 0 0
0 0 0 168 100 0 0 0 0 217 273 0 0 0 0 0 0 0 235 246 0 252 0 0 0 204 298 138 275 0 0 0 205 0 117 241 0 0 0 0 0 0 0 260 0 138 0 0 138 0 258 0 254 184 0 141 0 130 231 0 145 0 118 0 0 180 256 111 172 202 289 298 0 0 0 292 294 117 0 0 0 0 218 107 0 0 0 0 0 205 231 144 283 140 210 0 208 0 288 0 290 113 0 133 0 0 0 159 171 193 190 149 277 0 0 0 106 194 173 134 175 0 164 0 0 242 0 117 134 254 0 0 129 0 112 0 0 126 0 106 204 115 187 0 223 0 0 273 278 0 209 0 125 0 244 276 256 0 0 0 264 0 0 0 289 187 0 0 0 263 196 229 230 0 249 187 0 198 0 0 0 0 0 167 116 280 0 119 279 107 0 162 259 0 0 225 0 0 162 107 193 0 0 202 118 162 257 226
0 134 172 0 0 222 0 171 0 0 0 242 134 204 0 185 150 190 188 0 0 0 0 0 173 0 118 216 132 165 127 206 0 0 232 253 210 0 252 274 0 124 0 0 105 241 0 0 0 230 0 0 0 136 188 0 0 0 0 270 140 263 254 0 0 160 0 0 0 175 129 207 192 0 146 0 175 0 241 0 141 206 286 282 0 0 0 280 0 195 190 0 0 105 161 0 0 110 121 146 105 0 192 178 0 0 0 0 0 140 0 0 106 0 0 120 158 0 213 248 0 112 136 0 294 195 295 257 0 255 194 213 0 150 0 0 0 205 108 0 0 0 0 0 0 0 111 0 0 187 215 223 0 204 0 0 152 0 0 0 278 212 182 0 0 0 0 0 0 226 0 245 194 0 183 160 183 216 273 0 143 0 169 0 0 147 0 0 0 0 0 0 124 297 258 264 186 232 0 0 256 238 0 0 0 180 0
0 0 0 0 206 293 229 274 0 202 296 145 0 0 230 116 220 233 0 228 0 127 0 0 215 122 104 0 157 0 298 269 0 221 285 0 123 0 0 0 173 293 216 259 0 124 0 118 255 229 225 158 212 252 0 286 150 0 0 137 0 0 0 149 0 263 0 0 130 0 147 0 0 0 235 172 0 221 0 295 287 0 0 0 152 295 0 0 0 155 0 271 0 178 142 0 0 0 0 0 0 0 161 0 0 126 0 0 219 0 195 0 129 0 197 0 0 0 287 229 284 265 0 299 0 155 181 198 0 0 199 204 0 277 149 0 292 270 0 0 0 253 0 109 293 0 0 155 0 0 0 204 248 213 263 0 0 218 0 211 195 242 159 0 154 237 0 295 0 141 0 227 0 227 195 174 0 0 282 161 266 281 207 0 111 0 118 171 289 150 169 0 131 0 0 0 213 0 0 183 0 0 0 269 189 0
0 232 0 163 137 257 205 0 0 150 0 0 0 0 197 0 0 282 0 239 0 139 0 201 0 140 0 170 265 0 0 0 127 0 0 172 243 0 296 200 239 0 0 0 0 0 229 234 120 184 0 175 0 124 0 0 275 233 184 242 147 0 277 224 0 0 0 0 258 239 256 190 0 142 0 0 0 105 244 164 218 0 0 0 179 288 214 247 0 197 170 190 0 0 163 161 0 227 181 0 0 0 0 211 0 0 0 171 280 0 0 258 0 211 0 0 102 263 0 102 0 0 232 148 0 0 247 271 143 170 0 147 176 0 107 0 0 0 125 0 267 288 288 100 0 210 0 0 0 0 0 147 265 0 277 231 0 160 0 235 106 200 142 0 0 135 0 0 180 266 0 276 0 217 0 0 0 243 287 260 204 174 0 0 269 0 0 209 107 0 297 0 296 0 0 175 183 185 0 152 160 207 100 0 248
0 244 195 0 109 0 173 193 0 0 0 132 0 0 148 0 0 0 0 185 217 121 0 0 0 119 138 187 0 0 185 124 0 0 290 220 261 0 0 236 230 217 259 269 0 222 273 274 0 286 214 0 0 290 212 297 0 100 151 107 247 169 237 0 159 145 0 0 106 192 0 0 0 0 0 260 0 0 287 186 233 218 0 237 0 0 0 0 257 0 0 0 244 227 0 0 252 0 0 250 184 0 0 0 128 265 0 0 0 148 0 127 0 147 0 174 216 201 0 278 0 0 0 206 245 134 195 0 0 0 0 244 0 0 268 0 0 0 205 0 0 0 0 278 218 0 0 245 271 215 156 193 0 297 0 281 0 278 0 0 0 133 202 0 210 159 270 119 196 0 0 285 296 192 194 209 0 0 155 0 0 128 0 0 153 0 0 128 0 274 140 0 0 0 0 133 222 212 0 0 205 176 0 0
0 0 240 153 0 191 0 235 0 0 0 227 175 210 213 0 0 247 282 0 136 0 113 0 0 0 296 0 0 0 101 180 233 142 103 0 0 143 0 243 288 0 0 269 228 101 140 269 0 192 216 234 258 0 0 214 0 0 243 289 180 0 299 150 119 0 246 103 220 0 0 247 278 273 0 215 0 0 101 0 0 0 129 130 293 0 0 255 0 0 205 224 181 268 0 239 148 0 0 0 293 0 0 256 212 222 228 238 0 0 0 296 0 0 0 0 0 146 127 0 0 0 132 217 0 0 225 0 281 285 163 121 0 0 0 0 0 226 0 271 254 0 227 106 198 0 0 273 269 101 0 0 0 203 209 0 160 133 169 246 0 113 263 0 173 0 0 193 117 239 0 209 257 0 0 0 185 0 145 0 0 138 0 0 292 207 224 0 0 100 282 231 115 124 272 0 0 0 149 0 114 0 110
0 294 0 128 0 272 153 240 0 124 0 0 0 126 160 0 0 219 0 127 280 0 0 243 264 147 0 0 106 0 0 0 230 0 0 276 219 0 0 0 252 0 0 183 202 0 0 147 195 132 0 235 110 0 0 0 0 224 101 114 0 225 0 254 296 247 0 0 0 297 131 0 121 255 185 0 265 0 209 0 0 221 0 176 0 0 0 0 0 0 0 0 253 0 0 0 0 0 130 0 141 240 290 0 0 0 0 0 0 181 216 0 239 0 169 136 158 0 275 105 217 284 0 135 118 0 0 0 211 0 242 0 166 143 0 0 147 0 0 182 122 270 0 0 104 188 136 219 134 0 282 252 0 188 0 126 197 204 133 221 0 239 154 126 218 0 166 124 236 208 139 176 299 197 115 101 199 0 0 199 0 0 0 0 298 195 126 0 182 0 0 0 0 201 0 244 0 282 0 170 119 101
0 219 0 270 0 0 241 0 271 288 255 144 167 223 0 0 0 0 241 0 295 0 0 210 0 250 164 0 257 0 293 109 0 0 263 234 0 0 0 0 165 0 210 0 0 219 0 162 0 299 0 113 121 0 288 264 175 101 0 117 0 105 271 295 138 0 207 0 294 0 0 0 199 270 199 200 251 232 0 0 0 139 197 117 200 290 0 0 280 0 146 232 138 0 118 0 0 0 0 171 197 0 0 0 0 241 0 0 162 0 163 0 0 119 0 0 0 0 251 0 0 0 0 288 213 214 0 197 0 106 293 124 0 0 263 0 0 203 0 181 0 193 0 0 259 0 211 110 0 0 125 108 190 155 0 0 0 154 0 228 126 0 0 0 224 206 0 0 0 0 149 0 267 226 0 125 0 0 0 0 202 0 0 273 252 0 0 0 193 0 224 0 0 0 0 176 164 155 213 0 137
0 0 0 182 0 0 0 0 121 0 0 184 0 0 201 0 188 0 0 0 112 0 0 110 281 0 239 0 0 0 264 130 206 0 181 0 290 0 0 261 216 225 0 278 0 0 122 189 101 281 187 207 120 0 0 0 0 267 0 247 273 173 198 0 0 166 285 0 231 188 0 0 0 227 100 0 0 0 0 104 0 272 206 0 0 294 264 0 0 280 0 260 0 104 157 0 0 0 0 0 145 0 0 268 228 0 0 134 0 165 0 0 168 0 106 204 0 0 213 0 0 175 234 0 0 135 0 0 297 0 141 0 0 248 287 0 206 0 213 0 118 216 171 0 240 0 0 0 0 175 155 132 242 154 0 124 127 294 0 0 133 0 0 0 227 0 0 206 220 0 173 0 139 0 0 190 0 0 187 183 0 0 267 185 187 0 228 0 117 255 0 0 0 0 171 131 120 205 202 122
0 126 0 129 258 115 296 0 189 185 0 192 144 0 0 0 0 161 0 0 191 0 0 0 0 228 226 105 236 187 0 243 0 0 258 0 165 0 0 0 0 124 142 228 0 201 251 269 0 274 0 0 0 128 0 0 0 0 0 0 0 0 232 0 151 0 247 0 0 0 0 0 260 145 0 0 0 244 0 0 0 0 171 0 162 0 0 104 0 194 0 288 0 0 191 0 232 0 0 176 170 0 295 0 273 270 0 299 0 0 0 229 0 0 129 175 177 199 0 231 0 0 228 0 0 0 130 237 228 125 191 0 0 183 231 0 0 0 0 226 256 169 0 141 0 0 261 142 211 184 0 285 115 271 0 0 0 0 0 188 280 290 120 227 0 299 0 287 0 0 109 181 174 0 184 0 0 100 0 271 0 233 0 0 248 124 0 223 0 179 164 0 0 0 245 0 0 0 283
0 0 0 256 0 163 0 209 0 146 0 0 0 205 201 257 0 0 186 0 0 241 0 0 0 0 0 0 0 0 0 0 244 0 0 0 108 0 202 0 0 289 246 226 168 0 0 115 0 109 247 0 145 117 0 265 152 0 0 284 0 0 131 220 148 0 235 104 211 255 271 196 0 0 144 0 0 126 0 0 110 0 259 102 0 0 0 0 0 257 114 0 0 263 170 0 236 158 0 0 137 199 230 0 0 0 0 190 0 0 0 121 0 168 291 0 0 0 229 0 0 172 0 111 0 161 178 267 262 0 0 0 124 0 0 0 0 0 0 0 150 0 136 0 234 0 290 252 286 0 0 0 245 0 175 182 255 108 0 0 260 203 0 0 256 254 200 0 248 0 122 0 0 0 108 0 179 0 0 194 0 0 0 0 227 112 111 0 0 290 0 0 0 0 0 212 275 0
0 175 0 148 220 246 182 0 0 242 230 241 133 0 264 260 285 0 0 0 100 0 0 187 0 157 0 270 298 214 101 0 0 0 233 245 0 0 0 0 211 116 0 0 0 0 116 268 0 0 130 0 0 174 258 0 0 117 0 170 255 225 0 170 132 0 0 247 0 234 214 193 266 0 128 0 0 0 0 151 0 167 0 291 257 0 166 180 223 0 210 0 0 0 196 106 0 158 0 130 0 0 235 0 0 244 0 0 141 0 0 0 0 195 274 0 190 0 0 130 0 145 0 217 0 128 0 156 0 190 134 0 100 223 0 292 253 158 0 0 0 0 244 225 271 0 0 285 292 0 0 133 290 0 149 103 0 0 101 0 147 0 262 0 0 0 0 0 0 0 265 0 287 111 114 265 200 226 0 0 176 230 0 0 141 154 190 0 195 0 171 158 208 250 0 134 0
0 258 217 231 0 0 0 0 277 282 0 272 0 0 0 0 0 0 216 0 0 0 275 0 271 268 0 0 0 0 235 145 265 177 0 0 0 0 0 146 229 145 112 224 0 100 164 105 0 0 298 0 0 0 263 0 250 0 0 0 129 0 107 0 211 0 0 261 0 224 0 268 279 0 166 0 0 279 254 161 0 117 258 0 155 0 120 0 131 104 0 209 252 263 168 0 179 238 133 275 0 106 101 255 226 0 154 0 0 269 0 0 283 296 168 0 0 149 239 245 247 0 0 258 0 0 116 0 109 139 0 0 0 0 261 0 0 0 274 131 133 126 216 285 192 0 147 127 146 256 267 0 229 116 246 113 0 102 121 0 0 197 232 0 256 124 206 149 0 0 0 0 0 192 0 289 186 0 0 0 192 104 228 0 0 243 138 0 0 190 0 0 228 0 248 123
0 128 247 179 0 0 0 216 0 0 129 286 0 214 0 282 0 279 0 281 0 284 180 0 116 247 285 0 0 272 0 222 0 133 283 267 125 294 0 0 230 0 275 250 0 141 165 0 0 152 0 0 0 123 113 239 294 0 0 0 0 126 0 0 130 166 223 119 269 289 236 0 0 0 0 0 137 0 189 0 115 271 126 252 0 0 193 109 281 120 0 172 0 242 0 144 264 0 0 0 0 0 279 0 0 0 0 132 259 130 283 250 0 0 209 297 272 225 0 0 0 221 0 0 0 0 265 173 279 0 0 0 276 282 0 0 0 0 0 0 275 0 114 0 0 165 298 233 0 0 0 0 0 287 0 0 139 114 0 0 0 284 174 0 0 168 291 0 0 0 266 217 0 145 285 0 250 111 0 0 0 0 239 132 200 230 0 0 129 158 286 186 0 139 224
0 229 0 0 0 130 114 0 0 0 159 0 115 0 0 298 0 117 199 0 189 0 0 0 0 238 231 0 201 0 0 217 139 0 233 141 0 121 238 0 0 0 0 175 252 0 0 0 211 259 0 259 289 0 263 0 0 0 270 0 0 0 197 215 106 110 0 0 252 174 0 157 0 122 198 0 129 0 211 0 0 177 161 203 151 0 0 112 259 276 272 272 126 0 155 0 198 228 0 227 286 0 0 0 0 0 272 0 0 188 0 130 222 274 0 0 0 0 0 131 0 0 239 0 0 151 0 277 0 263 0 0 0 179 157 155 0 0 0 254 0 0 109 0 227 284 162 0 0 0 123 0 110 231 0 0 0 135 0 0 0 0 0 0 0 0 196 0 0 0 170 0 179 0 217 0 243 147 232 158 0 0 170 0 0 0 0 143 276 189 155 278 187 0
0 0 0 174 249 153 0 150 201 247 209 145 187 0 0 185 0 0 110 218 0 142 0 164 0 0 0 0 217 0 0 154 258 104 0 0 255 229 0 130 0 0 0 0 0 121 233 0 0 258 298 209 0 236 291 0 212 103 0 0 0 0 0 0 252 0 0 0 247 131 0 198 298 204 0 179 286 255 299 0 0 0 278 128 0 0 265 253 0 234 201 236 125 267 198 0 222 0 154 0 0 0 0 0 0 0 229 0 0 194 206 0 0 0 0 0 0 0 250 257 189 260 164 0 0 228 0 0 215 163 169 295 111 0 135 0 169 160 231 233 101 114 298 0 0 0 187 0 183 0 165 0 146 115 0 0 0 276 297 0 0 0 0 0 0 163 230 105 100 249 0 235 0 101 201 0 265 298 0 0 0 271 243 0 0 0 0 0 0 0 179 0 251
0 0 248 0 0 176 0 108 0 126 121 0 244 233 0 0 237 0 0 144 0 0 0 0 0 156 137 210 0 0 157 0 0 188 153 0 0 225 0 192 179 0 0 0 0 203 147 0 278 238 293 0 114 0 0 289 0 299 263 249 0 0 0 0 0 0 179 164 0 180 0 173 0 0 0 275 293 206 0 0 0 0 231 160 0 248 237 0 146 159 0 122 261 0 125 150 0 178 181 122 0 0 182 0 250 190 0 0 0 0 138 207 174 203 294 289 0 240 250 0 139 296 257 266 0 164 0 173 273 0 0 0 0 229 136 171 0 0 260 238 0 133 132 0 286 0 0 0 278 0 0 0 0 0 0 0 128 119 0 0 0 0 0 0 297 0 203 231 163 0 0 0 0 0 0 171 0 0 0 237 137 0 279 0 0 205 125 134 0 275 0 0
0 194 285 0 208 0 0 0 191 183 118 195 288 266 0 222 174 0 0 0 160 0 0 0 121 0 149 0 134 122 0 238 265 255 151 127 144 0 193 243 0 0 0 101 0 139 104 137 0 0 0 0 200 0 0 118 0 166 134 0 140 0 218 274 213 165 0 0 219 0 208 199 152 0 0 182 0 286 0 0 0 0 0 0 266 0 0 0 287 0 141 0 101 262 0 0 0 216 223 262 242 237 175 165 0 0 0 0 0 0 173 0 0 0 244 283 0 0 0 0 115 244 0 0 0 277 179 0 187 0 247 105 0 0 0 287 243 0 118 158 126 101 0 0 154 194 0 0 250 0 0 111 0 0 0 0 258 0 164 0 0 133 116 221 0 0 246 0 132 0 0 0 0 198 157 297 148 0 202 0 0 295 298 174 0 272 0 0 0 111 150
0 0 0 0 0 0 191 0 0 268 171 155 242 238 0 208 211 0 102 286 0 187 0 0 268 222 0 0 0 266 220 0 0 158 0 251 287 115 0 260 0 0 0 0 0 0 160 198 0 130 281 162 167 0 0 0 0 187 155 170 0 0 227 162 109 0 180 117 0 203 0 243 152 142 0 135 202 108 0 0 0 0 0 132 212 122 0 269 0 0 169 292 0 0 251 0 0 204 153 0 185 182 0 0 0 252 267 136 265 0 218 0 188 0 180 0 136 0 0 188 162 114 0 243 281 0 188 0 0 298 0 0 0 177 0 0 236 108 0 0 124 0 102 124 244 209 178 285 111 208 0 208 0 0 0 259 121 0 0 237 241 267 0 108 181 275 0 0 0 122 168 0 102 131 130 0 0 0 0 253 0 0 0 165 0 0 252 0 0 0
0 178 102 0 222 135 227 105 0 0 0 0 0 0 0 193 195 0 0 0 294 215 219 289 240 219 159 0 181 226 0 149 198 0 0 163 0 130 0 0 258 0 227 233 184 124 100 114 0 230 0 143 0 0 0 0 0 0 254 159 0 0 259 0 102 0 0 241 114 230 0 0 0 265 214 0 124 0 258 286 0 127 195 213 0 127 0 0 124 273 258 0 0 275 231 0 0 106 0 212 0 0 101 0 0 116 282 212 131 0 240 0 0 204 0 0 0 0 0 132 192 0 293 0 0 285 144 189 0 299 201 0 0 108 124 0 259 149 0 0 0 0 0 0 0 182 279 0 0 223 212 150 0 0 0 207 0 0 235 170 193 229 0 0 237 204 204 0 171 189 271 248 0 0 0 166 107 127 251 0 276 0 105 130 220 146 0 0 0
0 194 159 0 0 0 0 0 0 0 169 290 0 227 0 296 160 171 202 153 202 0 0 275 0 119 0 299 234 0 248 0 0 261 191 0 0 0 0 273 258 0 242 0 0 0 288 134 0 194 168 0 0 108 0 144 110 161 0 0 0 207 0 161 202 228 278 0 232 0 278 141 0 0 180 111 0 101 112 253 147 135 0 0 0 202 139 182 0 0 0 170 150 0 283 0 0 0 178 0 0 110 0 0 0 243 245 282 192 232 169 0 283 140 288 187 0 0 203 0 221 145 142 113 165 0 0 129 223 184 108 160 0 0 297 0 0 274 212 285 258 147 255 0 254 221 110 230 0 0 283 0 152 114 263 119 159 139 101 162 188 0 0 0 195 0 0 112 277 286 0 229 0 0 0 219 224 0 110 206 241 114 204 0 281 0 0 124
0 159 257 0 233 0 0 0 110 204 123 113 196 0 0 138 0 0 0 0 0 0 125 0 287 182 213 0 0 0 0 0 143 163 179 211 127 152 0 118 277 290 224 0 237 157 162 0 0 0 0 254 0 126 227 0 0 0 0 0 0 139 219 219 296 0 0 175 253 179 0 0 284 285 278 174 238 0 0 290 220 187 0 274 115 274 169 120 257 0 239 226 0 0 0 136 0 265 0 247 156 126 243 0 0 121 211 0 227 0 279 281 148 230 147 150 0 135 0 0 120 129 0 0 0 280 0 212 0 0 0 0 290 156 0 0 256 152 202 0 149 0 0 0 0 0 283 152 0 0 209 193 0 189 0 0 159 104 0 215 0 114 102 0 237 0 0 0 0 0 0 0 0 0 116 210 0 0 229 162 0 0 0 0 0 0 0
0 0 123 187 114 0 234 207 0 0 0 0 105 266 0 260 0 124 220 237 253 213 216 100 0 0 131 130 0 0 0 298 0 0 214 176 256 0 245 0 290 0 0 263 159 174 248 236 142 0 0 0 0 0 171 0 113 138 154 0 0 222 0 260 273 162 0 0 0 245 145 0 0 0 143 161 142 0 124 212 225 122 0 0 0 109 0 0 0 0 183 186 0 151 226 132 135 102 193 177 181 296 250 0 0 190 119 176 0 0 191 0 0 223 196 244 259 119 0 0 0 0 0 218 0 185 282 133 268 0 107 104 236 0 275 0 0 0 0 0 299 291 246 291 141 0 194 0 0 201 0 0 0 110 253 151 0 226 0 189 0 160 274 262 0 243 0 0 292 220 216 268 200 246 0 123 0 115 256 256 295 0 112 186 0 152
0 125 0 299 294 0 0 213 232 0 119 0 0 0 0 146 0 0 0 0 130 202 0 191 170 279 114 202 0 227 0 0 0 198 0 198 167 0 216 0 0 0 0 250 129 0 0 102 146 0 183 180 264 195 218 159 218 286 0 0 133 126 0 0 157 0 230 0 0 0 254 0 0 297 0 264 151 101 0 0 0 0 202 171 292 244 157 124 0 0 197 0 217 0 0 208 236 173 0 257 0 0 229 197 0 102 0 291 0 0 289 246 0 0 0 0 287 0 0 129 123 140 129 257 0 139 0 0 167 0 205 137 226 0 245 197 0 142 0 169 0 0 136 189 0 0 0 103 139 198 0 281 0 0 293 130 0 298 0 0 0 0 0 0 0 298 273 0 254 101 0 236 212 259 173 0 225 0 281 202 0 0 0 292 113
0 0 0 261 155 0 209 195 0 0 226 0 0 0 111 273 244 203 0 160 0 281 123 248 164 143 0 220 0 0 0 0 0 0 0 155 105 250 0 0 0 0 0 274 299 0 249 0 212 0 259 285 0 0 210 0 0 0 0 186 179 142 279 166 280 147 212 252 0 0 297 207 286 0 0 0 0 0 0 0 0 0 233 0 269 0 287 273 285 198 251 0 0 178 0 168 174 0 225 119 241 189 0 0 192 261 228 0 0 132 120 0 0 177 0 226 0 110 0 245 0 161 199 0 0 0 230 0 0 0 0 109 0 182 194 201 0 0 201 0 153 0 247 146 0 207 120 0 143 0 0 253 0 0 0 0 0 206 139 146 0 287 267 145 0 0 225 231 241 0 124 0 200 179 279 0 0 0 143 0 0 0 251 0
0 122 0 0 0 167 0 270 285 0 141 0 293 0 0 213 298 0 0 0 232 275 211 225 267 0 242 0 0 264 135 240 0 135 100 267 164 0 0 0 0 178 0 0 129 130 107 211 194 230 0 285 285 0 289 291 189 135 0 0 0 0 0 0 282 183 101 0 159 297 0 166 0 103 0 290 269 0 0 133 119 0 175 0 0 0 0 161 299 276 270 135 0 205 261 100 164 0 0 0 0 0 0 265 0 0 252 202 0 0 213 109 0 0 126 121 209 0 0 0 0 0 0 290 0 0 111 0 225 111 0 0 251 0 142 189 0 0 0 0 0 141 0 0 188 0 0 0 260 190 111 275 225 0 103 124 117 0 268 247 0 0 154 0 0 274 163 283 108 282 0 279 0 294 173 0 119 0 0 0 129 0 208
0 112 292 245 0 113 0 0 0 0 0 0 238 0 146 0 164 0 0 0 274 0 176 176 0 257 0 0 249 0 0 0 0 272 171 0 0 0 131 0 0 0 220 0 293 269 126 0 202 299 0 272 0 219 203 179 0 0 265 0 107 0 0 0 219 0 204 273 0 223 216 0 219 0 126 0 0 0 162 165 148 224 263 266 237 226 284 149 0 223 126 242 0 253 143 181 132 198 228 0 0 0 0 204 0 0 157 0 0 0 155 0 0 166 244 188 110 0 0 289 163 169 259 139 223 0 101 0 0 294 0 0 146 0 0 0 0 286 0 139 0 181 0 0 0 218 153 0 0 0 249 103 223 0 215 0 206 221 237 248 0 197 0 0 135 182 299 121 144 141 281 0 0 280 0 0 0 296 0 0 0 154
0 0 0 0 237 227 0 262 0 157 226 240 0 214 111 262 101 0 0 287 0 0 0 0 155 104 254 157 119 0 0 0 110 101 257 0 0 0 0 161 0 0 0 0 0 0 292 0 0 216 0 297 200 0 145 0 0 211 286 0 0 291 0 0 0 0 0 0 194 280 260 158 282 0 130 125 0 0 0 0 186 271 235 0 0 0 0 0 0 0 227 193 136 135 0 156 124 0 0 125 210 0 141 102 0 0 144 284 253 0 244 0 239 0 0 100 0 0 0 241 0 171 0 0 124 0 244 115 0 291 247 165 194 113 163 0 0 0 0 288 259 0 0 216 278 0 0 0 172 0 244 0 139 0 236 185 0 123 279 150 0 0 0 269 264 0 285 0 0 0 104 0 0 288 0 238 155 253 195 0 197
0 0 0 129 175 261 147 0 0 273 0 0 0 182 0 217 0 0 120 0 174 113 0 0 0 266 0 0 107 167 0 274 0 0 0 0 0 0 125 184 0 0 0 0 0 122 161 0 0 0 189 0 246 177 196 255 0 162 128 0 0 173 287 107 0 0 0 0 0 0 0 272 111 0 227 290 189 0 0 265 0 0 0 108 150 0 248 0 0 109 0 199 0 163 100 173 0 251 272 0 202 295 235 0 169 186 0 253 0 261 0 0 0 225 0 287 249 0 100 0 298 161 153 0 0 0 138 0 0 140 168 0 259 0 0 0 170 236 123 0 195 141 235 270 124 0 0 163 174 169 236 0 0 182 0 0 142 217 146 139 223 0 0 0 0 0 0 0 0 0 0 0 0 224 151 0 0 0 247 269
0 0 167 187 0 0 144 206 209 131 264 0 247 170 0 133 216 0 0 296 159 0 112 242 0 0 0 0 258 0 0 0 0 146 0 299 0 0 177 252 0 0 0 0 0 201 115 145 110 246 0 0 0 0 207 188 131 242 0 0 217 0 0 0 218 122 0 153 0 199 0 0 0 145 0 131 150 293 130 0 0 0 142 249 105 234 241 267 0 218 0 145 0 0 186 0 0 127 292 115 244 0 146 249 254 0 0 172 0 0 172 0 279 232 0 268 0 0 0 108 108 269 277 135 129 195 0 0 108 234 164 0 0 262 0 154 0 0 0 252 0 111 296 0 299 164 0 0 0 231 227 216 172 256 0 0 0 0 145 294 0 171 129 0 241 0 259 0 0 0 220 0 260 220 263 0 298 0 0
0 170 0 0 0 0 190 253 158 285 0 0 0 245 0 164 0 0 112 0 0 218 0 198 227 0 0 0 113 0 0 221 175 0 187 0 263 249 0 0 138 0 0 106 0 234 206 0 0 266 0 186 287 250 0 0 0 270 268 0 0 159 0 145 284 137 0 0 0 278 0 212 0 209 0 0 261 0 147 156 0 0 189 203 255 0 0 0 0 0 0 0 0 0 100 0 0 128 0 160 129 0 115 0 0 0 218 0 0 291 264 0 246 0 209 0 0 0 0 222 170 0 192 0 0 156 249 203 250 0 234 270 0 248 119 0 168 176 0 0 0 247 0 217 0 0 262 0 191 276 0 218 0 0 0 241 115 0 0 276 238 0 0 0 0 170 0 256 0 0 0 0 181 199 0 106 0 252
0 0 169 0 259 0 261 244 206 0 0 0 199 0 0 0 0 0 0 289 0 0 0 132 0 0 0 142 211 266 108 105 0 114 0 229 253 210 287 0 0 0 0 182 0 0 228 0 0 0 0 227 0 0 0 216 0 272 0 278 126 229 118 242 0 0 100 226 260 150 195 0 206 0 105 0 228 102 0 0 0 0 250 0 120 0 0 0 0 143 190 0 186 0 166 285 0 128 0 102 0 0 252 0 0 0 123 247 0 0 185 115 251 284 0 0 0 0 150 204 227 169 0 105 0 0 0 156 210 130 0 112 135 0 0 0 0 0 0 0 0 237 0 0 0 184 130 286 115 185 252 0 107 157 204 0 277 247 0 0 0 114 0 0 0 270 0 108 127 210 294 272 0 195 0 0 228
0 180 0 228 0 153 113 0 270 0 0 0 0 176 0 0 0 165 0 101 131 0 0 0 228 155 174 165 0 175 104 210 0 191 0 0 0 244 197 0 0 0 0 0 208 0 225 218 0 0 0 0 0 0 0 222 0 0 102 0 276 280 154 0 0 288 107 246 0 242 0 282 219 276 0 204 125 0 0 165 148 0 0 0 201 283 0 0 0 0 0 0 294 0 0 201 102 0 0 124 0 0 0 0 0 0 0 233 126 0 0 0 0 128 172 160 0 0 244 0 272 247 135 267 0 0 295 124 197 0 0 0 111 203 261 0 299 0 0 161 0 245 0 0 116 0 0 0 0 0 293 283 0 0 0 292 0 106 0 257 228 262 0 0 0 227 163 0 175 0 221 0 0 0 136 0
0 0 0 0 293 147 0 0 0 112 218 242 0 201 219 151 214 0 0 0 183 0 0 201 247 0 151 265 0 100 0 0 101 294 211 238 274 0 183 275 0 272 0 0 262 226 144 240 0 0 0 295 244 0 238 0 0 200 133 254 0 162 0 149 0 116 241 0 0 0 0 263 0 0 223 117 0 0 0 0 0 0 0 126 208 0 135 198 0 0 0 292 0 148 0 295 233 272 0 269 0 0 244 117 210 0 269 0 0 0 161 281 210 0 0 267 0 150 192 190 128 0 0 298 101 223 0 132 150 225 103 0 267 0 237 0 0 0 0 240 140 0 215 132 198 0 0 200 212 270 173 0 219 0 0 139 0 164 142 0 258 0 293 259 0 281 199 116 0 0 0 180 0 0 225
0 192 256 235 218 110 0 161 252 0 0 0 134 221 188 0 0 207 243 0 210 0 0 0 0 106 233 0 0 0 0 0 129 0 161 196 225 0 0 221 0 282 241 0 206 201 0 0 294 0 0 141 256 239 217 0 124 0 203 151 0 0 251 198 268 137 0 0 203 273 0 236 0 0 0 0 0 171 0 0 0 270 219 286 0 0 0 0 208 226 0 0 268 0 144 0 0 272 0 0 0 0 221 0 0 0 0 0 0 181 275 281 219 0 0 0 0 264 177 149 0 169 0 293 186 0 146 0 185 110 0 0 267 0 287 0 149 203 288 280 228 281 111 0 0 143 0 221 0 232 0 0 0 0 124 131 194 0 0 0 0 0 215 0 0 170 258 212 0 172 0 0 269 125
0 0 0 0 126 0 297 0 135 0 0 206 255 297 0 296 0 0 295 263 168 103 0 0 168 0 261 0 106 0 0 0 194 0 0 134 216 0 148 148 0 0 0 0 0 0 267 0 0 0 0 251 150 0 106 0 0 232 240 0 0 238 259 162 200 289 117 0 0 152 112 171 0 0 165 0 0 156 0 217 0 0 139 185 122 128 293 267 0 226 0 0 0 0 227 149 100 278 182 191 0 286 0 0 278 159 153 147 163 273 0 277 150 0 0 201 168 194 243 133 263 0 0 0 0 0 208 283 0 0 119 118 0 0 0 0 220 0 0 0 0 267 100 175 0 157 108 0 253 220 117 0 124 0 212 0 238 0 0 0 0 0 0 286 0 0 0 0 182 0 231 0 196
0 0 234 0 149 0 0 0 0 0 0 133 0 266 121 0 0 0 0 129 0 0 219 284 0 0 0 0 0 0 134 125 269 0 119 105 166 231 0 158 232 102 221 251 0 0 253 0 192 0 217 0 209 140 0 0 197 152 0 135 227 280 0 262 280 235 128 286 0 0 267 187 0 0 0 0 0 161 194 0 0 180 0 248 175 0 299 0 0 203 0 0 259 156 0 256 0 266 255 0 0 0 223 285 225 177 0 0 0 0 138 0 221 0 287 0 0 0 0 0 133 264 294 0 239 0 210 229 0 0 169 0 200 128 0 208 193 0 0 258 0 276 112 0 0 194 164 0 216 261 233 0 205 103 0 0 0 210 0 184 230 0 0 0 275 0 0 0 0 0 229 287
0 152 0 0 242 0 239 0 127 0 179 0 0 0 247 0 284 0 0 132 149 171 212 280 254 0 134 0 283 268 0 0 127 188 0 0 0 193 0 0 0 130 142 140 0 258 287 0 0 0 0 135 0 166 0 0 187 0 119 273 115 113 281 0 0 186 0 260 275 128 176 0 268 0 0 0 155 101 0 0 0 255 288 0 0 0 0 0 269 0 0 190 0 0 258 0 0 0 0 0 216 172 0 193 0 234 0 0 0 155 0 229 0 0 221 127 0 226 245 160 124 0 132 170 179 0 0 131 296 194 0 282 142 0 0 271 0 294 205 0 262 185 0 0 294 0 268 0 101 254 0 0 127 0 0 0 0 0 281 137 0 0 0 298 0 134 216 0 225 161 0
0 0 200 115 184 223 0 0 288 178 230 0 0 0 214 287 0 0 101 111 0 266 0 0 0 0 0 0 271 180 173 167 147 146 102 240 0 0 204 0 0 0 296 155 0 205 179 206 175 253 153 0 0 0 0 203 270 0 0 0 261 270 0 0 0 279 101 0 198 0 110 0 292 0 0 215 0 0 0 0 0 250 0 0 165 0 212 232 108 249 180 0 0 257 0 0 0 182 199 0 178 263 232 108 263 0 157 0 0 0 0 0 115 292 0 241 0 152 0 283 0 236 0 210 214 0 0 236 220 109 0 191 177 285 270 0 0 168 0 114 251 229 0 101 286 0 211 213 0 208 208 0 0 0 0 174 0 0 230 133 235 0 122 0 0 202 0 200 0 0
0 0 0 294 0 199 0 257 144 0 158 248 114 0 0 130 0 127 219 264 278 291 249 169 0 0 0 228 0 170 263 217 0 120 0 200 0 0 181 170 0 182 0 292 163 0 202 298 0 119 194 0 242 288 234 130 294 160 0 261 0 166 128 254 0 0 0 0 239 223 0 114 0 0 0 171 203 0 243 0 279 0 0 0 155 277 287 0 0 119 138 113 266 0 193 272 105 0 202 0 178 205 121 110 0 165 0 239 161 228 146 0 0 220 116 220 210 101 168 0 0 131 0 0 126 0 0 0 272 0 0 142 0 107 0 0 103 0 0 0 286 0 117 0 0 0 172 0 199 0 267 148 0 0 231 287 251 109 259 0 0 0 0 142 142 0 0 240 0
0 201 112 0 0 0 130 0 0 182 0 0 0 243 0 0 0 251 0 0 162 272 0 283 0 0 291 204 0 0 129 0 0 0 0 0 0 0 234 0 163 102 0 0 231 108 194 193 0 273 160 206 0 0 0 0 0 203 0 0 181 124 0 0 259 251 0 271 288 0 0 189 0 183 0 0 133 0 218 261 129 252 0 0 0 0 104 0 114 0 0 0 198 138 0 176 286 232 288 178 264 132 136 189 0 143 162 0 0 0 237 0 0 248 122 297 0 0 159 215 0 0 108 0 0 0 180 0 0 177 0 241 0 283 209 0 257 0 0 282 0 202 0 0 0 185 123 180 201 0 0 0 0 211 0 0 247 280 146 0 0 0 0 0 0 0 0 0
0 139 0 0 256 250 241 255 127 287 0 293 105 0 259 0 0 226 0 137 0 204 0 240 281 236 0 0 172 0 0 177 207 0 211 0 243 0 193 0 295 101 260 287 226 0 207 0 0 0 196 0 0 132 178 0 189 130 0 0 0 0 248 0 191 0 194 281 0 0 193 0 156 0 117 232 0 0 266 158 0 268 202 0 238 294 0 291 115 0 264 148 258 111 184 0 286 0 0 0 270 179 0 196 241 0 0 208 0 218 0 0 171 180 219 0 165 0 109 0 0 254 123 0 0 120 0 137 0 259 0 265 0 0 0 0 144 127 0 267 255 0 112 0 105 0 0 187 0 0 151 150 166 0 0 155 0 289 0 113 0 0 0 0 246 144 223
0 0 0 0 0 191 235 180 0 141 0 257 192 220 212 0 222 0 0 201 256 227 0 105 0 0 266 0 0 0 166 120 0 0 0 0 0 0 0 0 0 297 184 0 122 231 284 196 199 131 234 0 0 274 0 0 0 118 123 0 0 132 0 230 269 218 257 118 184 0 115 0 160 252 0 104 0 0 0 163 135 0 116 0 126 0 0 0 0 0 230 108 0 229 219 0 0 0 0 166 0 247 0 168 285 260 0 0 147 199 0 220 0 176 0 0 285 0 0 0 293 0 182 0 0 0 169 280 140 114 107 0 153 102 0 153 0 0 0 297 0 103 200 252 0 169 0 0 0 0 0 172 229 176 0 0 0 251 270 183 0 185 0 0 257 142
0 0 0 172 0 0 0 231 0 0 293 280 254 0 0 0 228 257 261 0 158 117 0 258 158 0 235 0 243 121 0 0 192 159 0 238 0 164 214 113 219 236 299 0 0 145 191 0 0 103 0 153 0 0 0 171 280 0 155 0 137 199 258 277 229 202 0 0 173 242 0 285 258 0 0 276 0 132 0 0 135 0 0 133 238 251 186 0 0 0 0 158 0 0 0 273 158 135 205 267 256 245 0 0 0 0 139 0 0 240 162 293 230 115 0 0 0 0 202 0 0 221 262 253 0 0 145 283 0 0 144 137 0 141 0 0 155 0 0 271 212 288 0 0 0 276 208 279 0 280 234 146 246 0 295 248 0 0 0 253 0 244 0 0 0
0 0 0 0 0 173 0 0 109 0 259 0 0 286 0 136 141 148 0 203 153 0 0 0 278 0 0 0 0 278 277 140 142 0 0 228 135 0 0 0 0 160 0 248 172 257 145 0 0 0 297 216 175 140 0 0 0 108 0 0 0 0 296 246 0 0 277 158 225 0 157 0 0 248 225 0 0 0 132 212 107 167 0 179 178 111 233 0 275 103 100 0 121 172 0 193 0 0 175 225 194 103 100 236 160 0 0 0 0 286 102 0 174 0 0 0 126 231 0 0 219 0 208 0 0 0 144 0 155 0 252 299 0 180 0 0 0 276 250 0 0 272 227 192 0 142 0 231 258 221 0 0 173 0 0 0 0 156 0 219 161 0 257 0
0 154 281 142 183 178 239 156 291 0 286 0 0 0 0 0 0 105 0 262 0 263 0 267 0 0 161 251 0 104 253 0 265 0 282 231 213 0 289 223 0 0 186 239 291 0 0 0 0 248 0 105 170 0 280 105 279 290 126 169 0 137 0 243 254 161 0 0 283 0 0 266 206 0 0 0 233 220 215 228 0 0 136 0 221 209 249 0 265 0 0 255 0 0 190 0 255 0 0 101 0 0 122 0 0 155 164 153 0 124 105 0 0 0 191 0 190 224 202 0 170 118 288 0 264 0 131 218 0 176 0 0 0 0 296 204 122 296 0 207 226 0 0 244 233 0 279 161 0 0 296 143 0 265 260 0 251 288 295 223 0 121 0
0 0 0 232 0 256 0 0 0 211 0 0 0 0 0 0 172 291 0 298 0 258 0 286 0 288 0 0 165 0 0 0 179 0 0 0 0 195 173 279 168 0 205 0 0 283 207 0 210 150 0 0 137 0 205 0 0 0 0 0 220 291 196 0 0 239 0 0 298 156 0 0 133 0 0 0 234 0 290 139 225 197 211 0 0 150 222 271 125 271 0 0 202 0 0 294 0 0 110 0 0 299 0 0 0 0 227 184 145 0 0 0 0 184 0 0 0 0 0 0 0 174 0 0 0 156 0 295 239 184 0 0 146 0 0 259 0 153 262 256 0 209 255 0 0 228 138 268 0 115 0 0 226 111 130 124 0 0 106 0 108 0
0 0 110 228 298 0 151 0 0 0 0 125 241 0 127 0 0 0 0 128 0 0 0 0 167 0 137 0 0 0 0 153 101 254 287 188 0 0 0 211 109 271 299 178 112 0 292 266 0 149 0 0 245 0 138 291 0 0 242 200 281 0 0 284 0 0 0 0 0 216 0 208 102 183 0 152 0 278 0 0 202 0 0 275 154 199 245 0 264 129 239 0 0 0 274 0 0 0 0 238 0 0 247 0 207 0 0 0 0 108 0 0 0 291 0 121 271 270 0 196 105 0 0 0 284 172 235 0 0 0 172 147 0 0 0 293 0 297 0 0 219 0 279 123 296 211 262 0 267 0 271 0 170 0 0 210 0 0 242 235 0
0 0 0 0 0 202 0 214 104 175 0 0 0 0 0 0 146 0 285 217 0 0 0 266 217 282 0 0 0 0 0 128 0 0 0 0 277 255 0 153 170 0 201 169 107 154 235 0 275 139 0 247 0 115 0 0 0 0 0 0 190 190 219 0 0 0 0 273 193 0 256 0 0 129 0 0 182 184 219 0 111 0 101 0 126 0 0 0 0 0 0 161 0 0 0 155 0 195 0 0 139 0 0 264 286 0 0 116 255 112 0 0 125 0 0 0 0 0 0 125 0 114 135 0 110 0 162 0 0 197 116 0 0 0 0 0 0 205 0 276 125 227 191 276 287 0 0 0 0 148 0 0 0 0 0 114 208 0 155 0
0 0 0 0 0 118 0 0 0 0 0 118 145 177 219 0 106 0 138 207 0 144 0 0 0 146 0 0 0 0 0 0 0 0 0 190 221 299 250 272 0 0 0 0 171 0 0 170 134 0 235 101 285 155 0 185 0 163 0 0 295 233 248 0 254 184 120 0 140 116 0 0 0 0 162 0 0 0 136 0 175 122 246 253 252 188 286 0 269 0 0 0 179 0 0 0 0 216 0 0 0 0 0 142 221 168 0 111 212 124 298 259 202 170 0 181 224 220 0 0 0 0 0 138 0 223 0 0 172 143 240 0 0 120 115 0 129 0 0 170 0 0 0 282 188 0 0 169 280 0 200 0 0 0 287 0 0 145 0
0 237 132 170 239 0 176 0 284 279 184 0 0 0 179 0 0 254 0 259 0 228 114 0 0 252 201 0 0 159 284 0 291 0 146 0 0 291 260 0 0 146 286 0 289 0 160 0 0 295 249 104 0 159 0 225 0 274 0 186 0 0 287 0 197 0 234 139 164 112 111 203 0 0 259 0 232 191 289 137 0 0 133 0 126 168 0 179 0 0 0 0 296 203 0 0 161 0 207 0 123 0 282 0 163 257 109 0 0 156 238 167 162 0 273 236 172 0 0 0 232 210 0 0 0 0 0 199 0 121 0 194 0 155 0 0 0 144 142 157 0 159 199 0 0 0 0 166 0 0 150 121 0 0 0 0 0 0
0 291 0 0 166 185 0 121 250 243 259 0 0 142 0 0 0 0 163 270 118 183 0 0 281 0 261 268 174 0 0 0 0 114 0 0 106 0 158 0 196 283 0 273 120 117 243 239 0 217 100 0 0 0 190 253 236 0 272 145 135 0 0 155 0 0 0 194 234 156 0 0 195 195 0 0 0 0 0 163 239 282 0 234 258 0 0 211 0 0 113 143 209 226 271 275 0 0 165 0 0 235 0 283 268 183 0 231 0 189 290 0 0 0 141 189 272 0 0 0 291 102 0 0 0 0 0 0 118 171 0 0 194 0 0 0 0 0 278 122 0 0 0 0 0 225 277 256 184 0 0 260 0 157 0 233 148
0 126 0 0 264 0 0 203 257 0 0 0 228 182 105 0 119 179 0 0 0 242 249 0 0 0 286 0 191 106 0 0 0 0 0 0 192 0 125 266 288 105 289 267 133 229 0 0 0 0 141 0 0 183 0 127 0 283 0 0 125 166 266 0 195 145 257 0 0 172 296 114 148 160 157 195 207 0 261 208 0 184 135 289 182 191 0 194 143 193 0 0 295 159 0 0 0 0 257 0 0 142 159 0 107 283 285 0 0 0 263 150 0 120 0 0 0 183 0 0 0 0 0 205 0 163 159 189 0 209 0 0 174 0 0 210 190 0 0 0 243 151 0 148 164 0 0 0 0 177 0 0 0 0 0 0
0 0 172 100 230 169 272 152 0 0 0 174 129 0 0 0 133 232 169 192 281 0 107 158 229 0 0 0 122 143 0 137 0 149 0 0 252 143 202 161 226 263 0 0 205 196 0 0 0 234 0 119 167 151 223 166 0 0 0 183 101 0 258 156 0 0 0 0 228 264 112 0 0 0 0 243 229 0 0 0 0 131 230 0 0 288 0 153 0 153 0 0 0 0 0 0 247 161 206 285 0 0 0 0 220 205 139 101 0 0 107 0 256 266 268 269 0 0 139 292 0 0 170 0 0 0 0 169 188 216 0 0 0 0 0 0 192 276 212 0 272 248 0 0 0 0 0 197 0 285 0 0 198 214 0
0 110 0 275 106 252 0 247 204 0 0 0 110 150 232 245 146 0 0 0 196 0 0 164 0 171 0 127 136 244 228 0 0 0 0 121 154 0 108 257 153 131 111 226 290 0 105 0 0 137 126 0 0 150 0 239 124 227 265 0 176 294 0 0 0 216 0 212 197 152 0 0 205 284 280 147 0 235 0 0 0 152 0 0 115 252 0 184 276 0 0 0 0 0 0 168 217 0 132 0 0 285 171 279 215 278 118 174 240 0 256 0 0 262 0 258 242 291 0 184 0 0 213 262 272 114 0 258 0 0 0 0 184 0 0 111 141 0 100 0 0 253 0 0 180 0 0 0 272 208 237 150 212 284
0 173 182 0 253 163 0 218 0 0 215 122 145 0 0 0 0 0 240 0 0 233 257 0 196 0 258 158 282 146 0 0 0 203 270 0 195 283 0 0 189 0 259 0 255 0 0 0 0 157 114 0 289 0 0 0 0 124 272 222 0 0 171 276 0 0 254 138 135 0 164 272 0 168 0 0 0 135 0 200 105 0 0 0 129 205 0 256 178 199 0 0 0 186 0 202 141 0 284 226 0 0 185 0 0 0 0 0 225 0 0 173 0 0 0 145 155 235 0 0 177 0 179 0 0 150 162 0 0 0 0 223 174 0 146 0 0 219 270 263 102 169 102 107 279 0 0 108 0 0 250 0 0
0 238 0 145 0 206 0 0 219 230 0 0 0 189 0 0 0 0 0 0 0 253 0 183 239 0 227 0 196 293 0 0 203 0 0 0 183 270 135 0 0 0 0 201 194 0 0 0 297 0 191 0 162 0 253 264 0 219 212 0 0 0 227 181 0 154 0 0 0 257 267 0 155 0 0 0 157 140 0 139 0 0 214 0 230 117 230 0 0 0 193 0 238 261 101 0 0 0 0 174 174 270 0 222 257 242 203 195 0 133 0 156 0 0 210 126 222 0 109 0 0 185 0 0 0 0 0 0 0 0 0 104 0 166 0 295 130 171 0 0 208 195 0 0 0 0 275 119 0 0 142 147
0 0 0 0 0 122 0 128 0 0 0 0 224 249 235 0 130 0 0 0 151 256 0 248 140 0 0 0 139 0 112 0 170 214 0 138 281 182 264 0 135 0 0 151 194 230 0 0 222 174 0 0 0 126 0 0 145 216 149 114 0 163 0 0 244 0 283 0 0 0 0 0 298 0 205 0 0 227 108 0 0 0 0 191 279 0 210 253 0 285 0 0 0 101 165 0 0 0 167 0 236 211 121 0 0 0 230 0 0 0 0 274 0 266 123 0 222 0 0 0 0 0 203 157 254 0 128 0 0 196 0 296 0 0 0 0 252 0 0 0 0 0 288 0 0 259 0 271 0 265 0
0 202 0 280 128 166 0 0 0 289 0 250 0 255 0 0 0 0 281 201 257 177 0 0 0 157 252 0 0 0 0 115 0 190 105 0 266 0 0 193 0 0 123 0 0 0 0 121 0 0 0 186 0 0 220 108 0 0 0 0 0 272 111 0 0 0 237 0 0 252 0 0 235 0 0 113 0 0 111 103 130 0 0 0 164 180 0 0 252 0 100 0 0 252 0 0 0 180 0 272 0 204 0 0 0 162 269 106 0 0 277 111 0 0 288 209 0 244 0 0 208 221 0 274 0 0 0 0 0 124 0 0 120 0 260 241 0 0 0 117 0 0 172 115 257 212 242 174 160 0
0 188 294 0 169 0 248 0 269 0 0 167 0 232 155 297 273 0 274 0 0 246 0 168 235 152 0 0 0 0 0 192 0 199 227 225 0 0 241 0 0 0 114 0 0 188 0 0 167 0 0 107 0 153 173 266 0 126 0 147 0 0 155 0 0 0 117 117 117 188 164 0 251 271 0 154 261 259 167 0 186 0 0 0 180 261 222 0 163 0 0 289 0 0 133 170 0 0 105 178 0 0 263 0 218 223 170 284 110 0 161 105 252 0 0 283 0 0 0 0 113 177 0 231 243 272 158 0 0 0 0 222 0 0 248 0 0 280 0 198 102 0 188 282 0 0 0 106 0
0 0 0 285 182 136 0 277 254 247 236 0 0 0 0 119 0 0 0 0 0 0 0 0 0 0 0 120 0 286 173 195 0 0 132 0 112 0 0 0 0 254 0 211 0 0 215 195 0 268 0 198 0 0 181 0 0 0 198 0 0 167 216 253 132 0 0 103 0 0 225 205 0 0 289 193 225 261 0 0 0 0 0 143 0 153 201 199 166 0 127 0 100 0 160 211 135 0 0 0 297 0 199 151 0 0 172 0 0 179 102 0 0 0 199 0 131 0 275 275 0 165 216 0 0 282 289 0 248 158 135 290 0 282 155 0 230 224 283 0 0 0 271 176 0 0 0 0
0 0 171 189 219 0 0 0 273 181 0 150 274 205 181 0 0 296 113 0 0 0 287 279 184 0 0 0 0 0 0 178 128 0 222 140 245 0 0 0 0 153 268 249 0 104 0 0 107 0 0 221 0 0 0 194 141 187 287 248 237 0 0 163 134 0 232 0 0 201 132 0 0 0 0 0 0 183 253 298 0 138 0 0 0 175 184 0 247 0 0 231 0 0 188 286 171 0 147 107 0 0 162 101 0 0 209 277 203 156 178 104 0 235 0 0 190 196 281 0 0 0 0 188 0 0 0 0 0 0 0 0 0 0 0 0 146 149 0 0 126 0 153 0 292 0 0
0 0 154 0 250 184 0 0 220 254 0 268 0 0 0 259 0 0 0 160 140 0 0 154 238 180 198 113 298 0 0 0 289 0 0 0 0 0 192 211 289 0 0 0 290 0 0 0 0 0 118 244 284 0 0 0 115 0 118 0 289 156 299 0 0 0 0 0 0 238 0 0 257 275 0 0 0 0 174 187 0 184 113 0 186 0 0 0 156 175 132 196 225 0 224 152 147 181 0 164 0 170 0 213 152 285 0 255 248 0 297 0 0 245 0 0 225 0 0 0 0 0 0 212 0 0 0 102 154 136 0 121 0 155 0 0 219 114 121 234 107 0 193 106 177 278
0 154 100 264 0 0 106 0 0 0 0 257 0 0 0 233 0 210 0 0 153 0 0 233 0 217 0 0 200 0 0 0 0 170 111 151 220 240 233 192 0 0 0 0 0 0 0 142 269 260 0 293 112 0 0 172 144 211 0 0 0 131 215 242 0 170 0 0 0 0 0 274 0 0 0 0 0 0 0 0 113 0 0 159 116 266 0 0 0 139 0 0 0 0 147 268 0 126 188 182 0 0 244 0 0 141 0 245 289 201 0 0 166 0 105 0 113 139 0 132 0 0 131 291 196 0 233 293 0 232 253 0 0 271 0 0 0 0 0 125 0 299 138 265 0
0 115 0 266 0 0 193 0 0 241 202 0 233 206 273 0 0 180 122 0 192 193 0 0 254 0 0 143 0 0 272 0 0 227 204 0 152 150 262 0 0 189 207 0 0 250 0 0 0 0 0 292 0 0 0 0 209 278 200 299 0 0 128 0 0 160 0 0 101 0 278 0 0 174 242 0 235 0 0 169 123 0 0 0 263 219 0 234 163 184 0 0 108 246 0 139 218 0 0 285 0 0 0 0 170 179 217 0 0 203 0 0 0 205 284 284 228 154 159 148 0 0 0 0 183 0 0 136 206 0 0 283 223 0 0 217 197 121 190 0 0 0 0 0
0 192 0 0 108 105 164 110 136 158 0 112 298 0 0 127 113 0 0 0 286 141 173 101 0 259 0 0 162 0 126 133 171 152 0 203 0 211 0 270 191 0 268 267 121 0 231 124 0 0 203 0 0 253 296 272 205 0 108 180 0 254 0 207 281 110 213 0 188 200 218 0 0 0 0 289 0 160 115 0 0 253 0 0 271 236 194 0 272 216 0 0 0 299 0 0 0 167 179 158 0 0 0 0 278 0 136 0 141 0 130 0 197 165 0 113 149 0 259 204 0 103 0 0 0 215 274 0 0 120 126 0 265 191 179 101 281 164 251 0 178 0 180
0 262 283 117 260 0 203 0 290 182 176 168 0 0 0 153 245 0 0 0 0 0 187 260 240 0 0 168 195 234 285 0 0 0 212 0 0 137 234 206 220 130 136 0 0 263 0 0 0 0 0 0 0 288 0 0 241 0 0 210 0 227 0 191 0 197 137 0 287 0 292 0 187 262 0 0 0 148 0 0 0 0 249 0 0 0 155 281 211 201 0 0 213 156 259 100 0 0 0 0 214 0 0 0 0 0 0 0 0 290 225 0 0 227 0 0 0 207 298 0 242 154 159 0 252 253 0 150 223 0 0 284 0 0 201 0 109 242 0 119 274 285
0 0 110 0 0 234 0 273 0 113 0 0 0 0 227 0 0 219 0 0 0 0 234 0 213 130 0 0 201 277 0 191 250 0 0 0 111 251 0 116 270 202 159 0 231 271 0 0 163 175 109 272 137 0 176 251 0 145 0 156 206 144 0 0 202 233 158 288 247 0 194 0 0 162 0 0 229 0 0 203 125 0 207 223 202 243 0 254 122 291 0 0 159 0 131 0 0 221 0 238 169 0 0 214 126 157 178 287 100 138 0 122 206 242 0 0 141 282 0 197 126 0 0 250 205 0 0 0 209 224 107 0 227 0 0 182 0 289 215 154 0
0 209 202 193 0 0 0 0 144 203 0 260 138 0 0 104 0 144 0 191 0 149 0 257 0 182 0 120 0 223 120 277 0 106 0 0 195 0 244 0 130 259 249 106 277 225 0 245 219 294 251 191 271 0 185 0 170 0 286 292 237 264 0 0 215 0 138 273 298 145 141 242 0 0 0 113 121 0 0 155 0 144 0 283 162 0 251 0 0 0 185 0 0 0 170 0 0 110 0 0 168 279 0 0 0 198 279 0 162 147 0 291 0 0 0 0 253 100 135 0 203 0 0 0 273 246 0 0 0 0 284 165 243 266 0 0 0 0 220 188
0 0 0 0 110 0 0 0 0 215 0 134 238 0 204 146 0 200 288 0 109 243 0 203 157 257 0 0 199 0 0 174 121 251 0 285 219 0 0 213 0 0 268 287 268 115 0 283 0 0 134 0 175 283 275 126 0 0 260 161 0 0 198 0 0 0 0 154 218 211 260 210 185 0 273 192 269 149 191 162 199 182 232 198 154 251 0 297 0 282 267 140 0 0 0 0 160 0 172 0 184 0 225 161 191 0 0 265 166 0 113 0 0 0 145 0 0 0 0 0 158 214 271 123 109 0 281 259 0 0 0 284 0 108 0 180 251 0 0
0 129 186 0 229 145 0 0 100 140 0 195 0 276 0 279 0 250 0 186 110 0 0 161 0 266 0 0 270 170 131 234 0 163 289 179 112 133 296 237 135 277 0 0 247 152 245 0 0 0 232 250 0 0 213 0 221 0 0 243 137 100 237 0 0 0 191 105 193 233 163 230 0 0 113 0 128 0 233 0 257 107 226 0 275 134 0 0 0 0 0 0 0 0 0 264 284 0 0 0 0 0 0 0 293 291 282 0 0 0 122 226 0 202 269 0 0 263 248 225 137 0 132 0 0 0 0 274 201 0 0 0 0 0 131 213 281 167
0 0 0 0 135 273 0 153 198 257 0 258 202 0 278 0 0 0 130 187 257 0 122 144 130 236 258 0 0 0 278 0 0 231 0 285 139 0 230 134 175 274 145 0 287 0 188 0 226 184 0 170 0 0 298 197 243 242 232 216 0 138 0 0 0 0 223 259 115 276 0 274 144 280 0 279 0 0 0 0 0 140 0 0 0 249 223 0 0 0 259 0 263 0 0 0 0 0 113 0 0 0 0 153 0 0 0 250 0 130 235 0 0 254 0 0 138 101 0 0 0 0 201 106 0 148 270 0 250 197 0 0 183 0 0 0 281
0 228 0 0 150 265 0 131 211 0 149 0 195 190 134 227 0 0 0 242 0 0 0 0 0 0 0 205 136 296 299 167 220 297 219 196 288 169 0 235 125 0 248 0 285 164 0 0 255 158 0 0 0 0 205 180 146 0 0 225 0 0 283 239 268 205 105 107 0 259 0 0 0 0 289 155 0 0 0 0 219 0 0 202 0 0 229 289 220 197 0 0 103 0 0 0 0 0 0 0 166 202 171 0 201 151 0 194 0 0 0 190 0 0 0 0 0 0 163 109 0 279 0 151 278 161 0 0 0 0 0 172 234 0 0 218
0 0 207 165 0 144 281 241 0 252 0 0 255 0 0 127 0 269 0 0 0 0 0 270 0 0 166 0 0 231 138 0 0 0 0 148 0 292 127 184 0 0 153 289 240 0 0 200 100 0 0 286 283 166 117 104 0 0 0 0 0 0 0 0 292 0 250 0 112 0 0 0 252 0 261 232 111 218 251 0 166 192 162 0 0 0 150 189 0 111 0 136 287 0 102 248 210 278 125 189 192 0 192 0 0 215 272 0 0 0 155 0 0 110 124 0 0 148 0 0 254 0 243 102 267 0 0 0 0 0 0 237 181 272 118
0 0 100 127 149 0 0 124 0 0 105 0 197 0 230 227 0 0 136 0 0 0 0 213 254 0 248 0 0 215 253 0 0 292 0 0 0 134 0 193 230 0 0 0 0 0 113 0 249 229 0 163 219 0 0 296 127 0 256 0 199 244 0 0 0 0 0 190 0 0 0 0 227 0 146 0 0 0 130 0 193 0 0 0 0 0 0 0 0 108 0 0 0 0 0 0 0 0 208 121 0 279 0 171 0 214 196 111 233 0 0 143 0 173 0 0 0 0 226 0 0 0 110 0 0 0 266 143 0 0 0 0 0 0
0 0 0 0 238 0 211 0 105 129 0 0 262 0 243 274 261 187 239 0 0 0 0 212 0 158 0 263 209 0 0 0 0 0 298 161 263 0 184 240 126 0 214 0 0 245 203 0 0 230 0 193 0 281 235 0 122 0 0 0 0 169 196 0 221 134 175 234 118 259 0 0 185 0 207 119 130 0 233 0 0 126 298 0 153 248 298 0 0 0 171 197 161 0 0 0 0 154 0 0 0 0 0 291 0 0 0 0 181 0 0 176 0 195 0 0 0 0 288 0 187 0 0 0 181 288 0 0 0 155 122 102 0
0 0 229 209 0 0 258 239 141 178 126 284 0 0 235 0 0 0 158 0 0 0 0 0 0 0 204 0 209 224 0 136 298 178 244 0 193 0 253 195 0 273 104 186 111 0 0 0 0 253 160 261 0 0 134 289 294 0 0 0 0 208 105 244 102 0 0 275 130 122 0 284 177 0 0 0 0 185 0 0 252 187 243 0 271 0 0 180 149 0 272 132 291 0 208 201 206 239 0 205 0 0 216 0 0 128 0 248 146 113 0 0 0 0 0 0 197 223 0 192 0 0 289 0 230 215 136 174 0 0 241 289
0 135 0 0 0 0 123 198 0 153 222 0 251 0 206 211 293 0 0 141 0 144 229 101 0 0 0 0 0 139 113 0 0 0 272 181 280 0 285 267 0 0 120 0 0 0 116 0 275 0 249 0 293 211 0 0 0 0 0 0 275 162 0 0 161 145 0 0 0 246 125 0 0 0 223 0 208 0 0 0 245 0 108 0 0 0 0 0 288 0 0 0 106 262 163 0 229 0 266 0 0 0 0 270 0 0 136 159 103 0 153 235 197 249 101 225 0 0 215 184 173 284 121 280 218 0 0 266 0 171 278
0 118 0 0 0 208 0 125 160 0 191 0 0 116 0 0 0 299 0 0 283 0 0 0 277 255 0 139 282 0 227 0 227 0 0 218 0 0 0 234 158 0 174 0 0 0 131 0 299 0 286 147 0 0 191 256 0 0 0 250 0 260 254 153 247 212 176 214 159 0 0 0 0 0 251 160 0 0 0 0 226 185 0 200 235 287 0 0 0 123 0 0 0 215 0 0 0 162 0 238 0 0 0 0 187 0 107 186 0 164 0 0 128 0 0 0 0 0 0 0 264 264 180 269 0 109 0 100 0 0
0 0 184 153 0 248 101 236 175 0 199 238 0 112 0 255 0 122 287 0 258 0 0 0 0 137 120 0 0 198 203 0 109 0 178 0 0 123 218 173 0 169 0 152 0 0 202 0 0 0 214 0 170 116 156 0 0 0 0 175 0 291 140 160 299 0 0 0 159 0 190 213 0 0 0 215 225 215 0 204 107 0 164 256 286 192 261 0 158 139 113 0 109 0 113 0 188 0 234 296 0 183 0 0 107 256 247 173 243 0 0 185 273 148 218 163 0 257 176 264 177 0 298 0 107 258 0 0 284
0 0 164 166 233 0 197 0 0 0 0 0 193 0 0 202 0 296 0 119 265 294 216 0 141 193 0 0 0 0 122 200 161 0 273 162 196 292 0 0 272 0 254 0 0 0 0 260 0 0 108 232 292 162 0 169 175 198 0 262 154 229 253 229 0 289 199 0 246 171 0 259 276 272 214 0 0 0 260 159 0 217 0 207 0 222 153 0 150 200 151 126 154 0 0 241 0 0 0 0 134 0 211 134 288 0 0 0 258 0 0 286 0 0 0 183 184 0 131 0 173 0 137 187 0 0 0 203
0 0 0 213 0 271 134 0 284 250 0 279 0 120 0 0 0 210 0 211 265 0 0 0 165 0 136 0 0 171 0 0 262 0 0 110 0 0 0 254 294 0 0 0 0 0 0 0 112 0 153 219 0 242 0 0 0 0 0 102 0 0 175 128 0 0 0 188 246 0 273 0 180 0 0 0 0 150 234 157 284 0 272 0 0 0 267 112 0 0 255 151 181 0 0 274 0 0 0 239 220 131 0 225 0 244 259 173 244 258 236 112 0 0 136 0 0 225 0 0 243 0 0 223 161 296 168
0 0 191 0 234 0 126 0 0 0 248 146 0 105 0 102 0 243 0 0 0 0 0 0 0 0 0 0 159 168 0 299 0 0 140 0 0 175 0 0 187 131 0 133 0 255 199 0 0 108 0 0 242 234 262 0 0 161 234 170 108 0 0 294 0 251 176 228 212 0 0 0 261 0 245 119 0 0 290 0 0 253 0 0 127 0 254 205 121 211 0 157 0 211 0 0 100 137 282 117 236 0 0 157 0 0 144 201 0 196 179 0 172 0 0 275 217 0 0 0 0 0 0 0 0 0
0 145 181 0 0 0 0 111 247 109 0 0 195 0 0 0 296 0 258 0 140 160 140 247 122 141 0 0 293 0 263 152 199 118 0 0 254 192 0 0 0 209 150 0 0 0 200 199 0 150 154 0 142 0 292 0 141 299 293 0 133 0 0 0 240 294 0 0 0 0 273 172 0 208 0 229 0 186 0 106 236 283 276 0 210 0 190 0 0 0 0 0 0 0 140 207 0 0 0 268 0 0 0 214 214 197 0 0 0 184 0 100 200 299 104 0 274 289 123 138 281 0 237 0 0
0 281 227 180 0 0 0 263 0 0 269 267 0 233 0 261 0 0 207 0 206 192 0 155 0 296 290 127 175 0 167 115 136 136 0 128 292 0 0 0 0 0 163 0 144 0 0 280 0 133 0 0 236 0 292 0 0 266 0 257 0 239 285 0 0 196 0 256 285 0 246 0 0 226 0 258 217 140 141 197 0 0 0 0 0 296 122 237 142 122 271 0 0 113 0 0 134 0 0 163 275 0 128 286 297 0 291 0 0 246 142 0 0 0 228 0 0 277 0 0 180 225 173 285
0 218 0 0 112 0 158 0 0 0 208 0 0 203 0 137 125 0 0 0 0 161 212 118 0 162 0 277 161 171 0 0 0 103 0 0 0 101 299 0 0 0 292 0 251 288 297 267 0 158 176 128 0 225 187 296 0 0 0 237 0 0 217 264 0 0 0 248 0 213 167 0 0 124 0 0 0 280 0 265 0 0 121 0 0 0 256 0 0 0 0 266 266 182 0 253 0 0 250 146 0 0 113 294 255 271 0 293 142 0 0 102 0 288 198 0 0 0 203 0 226 261 0
0 0 102 0 0 0 0 0 0 0 167 0 269 0 279 137 0 0 0 132 175 102 214 206 246 151 0 0 0 0 143 0 0 264 221 127 283 0 0 181 0 0 0 0 189 0 0 231 184 0 228 0 0 267 198 263 223 290 0 0 0 0 0 0 176 0 0 225 167 191 0 210 281 266 0 0 0 133 143 0 202 0 229 0 286 0 158 0 257 0 0 282 145 0 287 0 0 0 260 237 0 145 138 0 201 0 108 0 220 285 283 195 175 232 192 101 0 104 0 0 234 0
0 0 228 185 176 0 207 0 0 0 0 0 0 269 190 0 0 0 288 133 0 167 0 102 287 0 0 0 127 170 288 248 0 0 0 196 0 0 234 0 219 233 100 0 244 287 235 0 221 276 295 0 211 0 0 138 189 208 196 293 0 0 164 227 217 0 0 0 0 126 196 118 0 0 0 0 147 198 0 0 0 110 185 0 220 0 0 0 155 0 178 226 136 0 0 0 297 0 172 185 0 247 0 220 0 148 0 106 0 0 267 0 0 175 0 0 220 211 268 0 246
0 198 222 0 0 190 0 212 243 132 227 196 184 0 0 0 0 195 0 141 0 0 0 0 260 114 129 198 0 0 0 299 0 102 0 0 251 0 0 245 130 0 186 143 0 0 0 0 0 0 0 221 0 290 0 0 175 0 165 167 0 185 293 219 136 236 0 201 279 195 0 0 0 0 0 237 0 0 116 204 0 170 0 0 258 0 234 0 149 220 0 262 242 0 178 233 0 117 0 155 0 0 0 0 178 247 0 111 0 179 140 0 0 0 165 0 0 0 253 252
0 243 265 0 0 181 156 263 0 0 294 103 0 0 112 184 238 0 125 0 0 251 0 0 0 292 0 240 0 0 0 0 149 114 237 0 162 0 214 142 156 266 0 0 228 196 0 217 0 0 0 184 0 211 0 219 0 0 0 0 0 0 0 276 0 216 223 225 224 236 0 0 290 0 0 233 141 0 138 0 0 185 100 0 0 0 156 0 0 131 125 207 0 187 0 0 150 0 187 0 0 0 0 0 0 114 145 218 0 0 0 140 115 0 0 124 117 0 0
0 0 0 111 0 111 137 111 0 129 0 0 0 0 0 0 267 0 112 106 126 0 0 0 0 207 0 261 121 0 0 0 0 209 0 166 182 0 208 0 0 230 192 0 168 259 0 106 0 156 0 0 0 246 251 174 202 0 0 262 261 0 0 0 0 163 214 194 233 0 0 137 188 278 248 0 156 170 229 288 156 253 0 0 274 0 118 0 255 0 236 282 0 240 291 0 0 174 290 0 0 0 296 0 0 0 149 290 127 289 107 281 175 0 279 122 0 152
0 273 239 242 202 298 0 222 182 257 0 0 0 0 284 0 112 243 0 0 0 0 0 0 158 191 0 0 0 174 0 293 0 0 250 270 139 261 0 0 0 0 221 199 0 257 258 130 294 284 247 105 0 0 166 295 174 269 239 0 255 0 0 290 210 0 217 0 186 195 0 262 0 0 167 250 124 137 134 0 114 0 0 113 0 274 170 217 0 132 0 149 0 0 0 245 101 0 265 109 229 0 121 113 0 0 133 290 0 0 0 212 0 0 106 0 0
0 168 0 0 298 0 148 0 182 0 176 0 203 191 143 125 0 0 151 0 0 0 103 0 0 152 167 298 292 238 149 0 0 0 0 194 0 0 0 0 208 0 265 0 166 137 231 0 0 185 0 171 0 207 276 0 265 0 161 230 0 118 0 279 289 225 0 202 156 162 214 233 0 0 0 0 0 112 132 0 0 0 0 0 217 0 160 222 178 179 0 0 0 163 190 151 239 251 0 135 0 0 126 158 114 0 0 278 0 239 0 132 0 0 278 0
0 0 0 133 220 234 256 0 0 0 0 0 232 290 115 0 0 133 0 0 102 0 0 289 256 0 0 210 218 0 135 0 0 189 141 250 0 169 137 223 285 0 136 0 0 188 235 249 213 232 0 218 111 169 177 252 0 0 0 168 266 0 0 0 0 0 0 153 0 154 0 299 194 148 273 147 156 147 0 174 0 0 0 0 0 0 0 266 198 0 238 0 0 295 0 121 0 223 140 0 189 127 0 175 106 0 0 284 245 0 298 0 170 0 146
0 0 0 113 0 0 281 0 0 273 0 0 110 296 199 0 256 127 229 259 123 0 0 258 0 219 0 0 0 0 228 104 206 0 0 0 130 0 171 182 245 244 284 0 217 179 0 0 0 236 0 0 291 0 0 107 215 285 0 140 209 0 199 250 233 102 126 166 0 142 296 122 0 281 0 238 0 0 164 255 0 104 257 266 142 219 157 145 0 282 223 162 122 222 296 255 0 197 245 234 0 192 130 0 236 0 0 133 119 296 203 252 0 0
0 0 0 199 118 0 283 137 0 148 0 115 0 239 0 0 0 176 0 0 0 170 125 0 143 0 207 0 0 0 0 203 0 0 0 0 210 0 0 204 0 0 219 122 0 0 0 0 0 0 0 114 209 0 0 279 174 0 0 112 207 0 292 0 0 0 0 0 0 0 0 159 0 0 200 179 118 0 0 0 0 0 270 0 0 0 105 0 122 194 0 0 0 237 214 0 185 0 0 0 249 0 0 0 0 266 0 0 251 246 0 0 0
0 0 0 0 0 191 103 0 293 178 0 0 0 0 0 0 115 0 0 257 0 211 0 0 150 0 276 0 0 0 0 241 187 0 264 105 141 294 0 0 0 0 0 0 0 0 188 0 286 0 0 0 245 217 0 0 115 119 0 119 283 186 0 0 0 0 0 0 0 121 178 156 295 0 186 292 0 279 136 0 0 0 0 159 0 0 120 115 258 287 0 0 0 141 167 0 0 101 198 101 0 0 158 0 0 268 267 252 0 0 236 153
0 0 0 284 126 0 117 0 0 178 0 0 0 0 124 0 270 273 183 218 273 0 100 0 0 0 0 231 221 0 0 285 0 0 176 244 254 0 175 0 294 0 0 267 289 0 0 0 0 0 0 0 0 228 255 108 0 0 118 216 187 0 226 297 0 247 0 204 194 0 238 0 287 138 0 291 294 0 161 294 0 272 236 108 102 210 0 237 0 144 0 283 0 0 257 0 227 200 122 0 107 0 117 0 0 189 0 244 0 0 0
0 0 0 141 0 0 0 257 182 176 115 207 0 0 288 0 245 0 0 0 252 201 0 0 0 0 196 0 268 0 284 0 250 264 0 198 0 0 0 0 0 296 109 294 132 158 215 155 0 0 0 0 209 0 0 0 0 131 138 0 265 116 0 0 193 174 0 262 178 103 219 194 191 142 0 102 0 172 267 0 0 276 171 0 296 281 133 0 170 0 0 147 289 0 0 243 159 264 0 255 111 201 0 295 0 0 222 0 0 113
0 0 249 298 141 178 0 160 147 230 133 106 235 224 297 157 153 0 272 0 0 0 252 273 0 253 123 250 0 0 0 180 264 150 264 0 0 0 0 173 0 127 0 0 284 299 0 203 179 0 179 264 144 281 0 0 104 239 0 231 131 129 117 0 298 0 0 0 229 294 198 212 232 0 177 227 0 0 0 285 178 0 121 126 247 0 0 0 0 0 116 0 0 0 158 267 201 278 113 0 0 0 0 0 217 0 0 117 211
0 288 229 0 162 0 161 252 0 112 0 0 261 0 0 0 240 113 147 0 151 0 239 296 270 0 206 0 156 139 0 119 236 235 0 0 0 287 194 0 128 0 159 0 0 138 0 115 244 237 109 175 0 0 0 0 0 0 0 0 0 122 0 163 253 281 0 116 157 189 250 0 0 0 0 181 0 0 0 277 278 199 0 245 0 283 162 0 0 175 246 0 199 126 0 219 0 0 0 196 0 0 222 0 0 0 0 0
0 0 149 0 0 177 0 0 0 198 299 183 183 0 149 0 0 0 0 220 161 108 0 0 0 0 169 0 0 0 0 270 247 165 0 0 0 0 228 109 220 237 105 0 0 0 298 0 108 104 0 250 205 0 0 0 107 0 152 235 0 0 0 147 0 206 0 0 0 138 256 0 0 146 0 0 0 0 281 0 0 0 280 247 259 244 109 0 0 0 236 243 138 0 0 138 0 259 262 0 182 110 0 0 0 0 162
0 251 268 149 0 263 198 255 164 0 189 204 0 240 149 0 0 0 219 0 0 208 0 219 119 213 237 0 0 291 0 270 189 0 0 0 145 106 0 122 0 156 0 0 251 0 262 272 133 132 0 218 211 0 0 0 0 279 144 0 0 186 0 0 0 0 143 0 254 179 0 0 0 0 103 109 154 117 249 297 0 205 242 0 158 180 0 142 231 234 270 283 0 0 195 150 122 0 0 0 211 0 256 0 256 206
0 170 0 221 0 153 0 0 0 205 0 0 244 262 291 155 224 0 0 206 275 0 281 145 214 0 0 0 0 0 137 0 0 168 0 0 0 137 261 0 0 0 0 209 199 156 142 0 199 266 131 232 0 0 0 133 0 132 266 0 0 178 0 0 0 144 0 0 0 0 0 0 114 0 151 0 281 281 157 248 0 0 0 295 243 156 234 0 198 248 109 0 245 284 149 204 0 170 137 0 0 0 0 0 0
0 296 0 0 206 188 193 0 0 167 0 0 0 0 0 0 286 113 299 209 119 0 234 204 0 0 257 0 0 0 0 0 0 184 0 278 273 0 215 123 0 0 244 0 143 0 230 279 171 235 0 0 0 0 148 168 0 275 253 0 0 143 0 0 106 165 0 264 282 149 0 189 0 0 288 269 0 288 240 230 141 214 0 153 0 0 0 286 260 170 0 0 0 291 245 0 0 0 103 113 167 0 0 228
0 141 0 243 0 229 121 159 134 0 0 0 0 0 0 0 288 127 258 104 0 0 0 0 0 0 0 241 282 283 213 189 0 0 0 201 0 207 0 149 274 0 116 173 0 228 275 0 0 136 188 0 0 275 0 132 157 219 147 146 227 298 217 107 0 123 0 0 130 0 0 241 0 235 186 112 243 0 0 292 0 0 0 261 114 218 126 0 118 0 147 155 149 0 0 221 0 0 188 0 185 279 0
0 167 0 0 0 0 232 0 159 0 0 120 275 255 240 186 0 277 0 0 0 0 295 200 0 0 221 0 0 0 0 0 0 250 256 0 257 146 281 289 134 104 0 0 0 0 0 112 257 203 171 296 224 266 0 0 103 167 273 278 246 286 254 148 0 162 287 0 184 0 0 0 174 207 0 0 239 0 112 0 256 228 260 139 295 299 104 216 0 0 0 138 0 228 238 190 0 248 126 173 0 158
0 227 289 0 0 0 0 255 0 0 0 164 0 0 289 0 0 0 164 0 0 187 195 0 0 121 221 165 0 250 232 0 137 0 0 0 192 0 0 0 232 240 0 0 265 215 143 198 0 0 0 229 0 247 217 255 0 0 0 101 0 124 0 0 173 0 183 134 284 0 109 0 0 126 172 0 0 221 169 0 0 0 0 261 244 0 289 145 160 262 179 0 277 183 258 0 0 0 0 243 166
0 0 0 0 225 222 0 0 0 276 209 296 0 126 0 223 140 133 0 113 150 0 231 0 226 0 0 0 0 207 223 0 267 178 0 0 163 0 253 0 265 0 158 149 0 220 0 0 270 0 0 187 0 0 0 161 0 258 209 229 160 101 0 136 279 0 202 0 0 0 141 0 0 0 0 140 176 240 0 0 0 0 126 209 256 183 132 263 0 128 144 132 218 0 288 0 176 0 0 222
0 0 105 138 0 0 0 0 0 0 212 0 0 151 269 0 242 0 129 0 0 266 0 111 0 211 0 0 136 0 193 133 0 0 281 193 166 280 0 165 141 182 245 0 196 204 0 114 0 279 256 148 0 0 230 0 186 0 0 188 0 0 260 0 0 277 0 0 0 299 116 0 0 243 247 199 111 285 0 0 290 201 272 189 158 0 131 123 0 0 0 0 0 0 156 0 0 0 266
0 0 199 286 194 267 0 0 0 145 0 238 263 127 288 102 257 0 135 233 290 0 0 115 266 0 146 0 127 273 0 168 0 161 182 104 0 228 160 0 124 0 133 245 0 0 241 0 0 0 0 218 189 0 0 211 257 0 175 0 0 120 0 272 121 0 0 184 0 287 0 257 0 0 199 0 170 141 0 0 239 0 0 0 0 0 0 258 173 298 141 0 0 0 255 272 0 251
0 0 247 211 254 249 115 0 126 0 0 299 110 279 0 284 0 140 142 0 0 285 287 226 0 0 149 251 0 182 177 0 108 286 0 114 111 0 286 278 234 0 283 0 0 260 0 142 0 0 271 144 0 214 158 0 134 0 244 251 269 291 227 192 156 232 232 0 140 243 161 0 197 0 120 0 0 270 259 216 227 251 167 221 289 278 273 0 0 168 100 122 211 0 189 118 0
0 0 225 158 239 275 143 0 0 231 0 0 136 0 220 158 0 0 0 0 280 0 0 0 0 258 0 236 215 0 243 0 280 269 276 0 273 0 0 200 0 177 0 0 0 109 173 232 226 203 0 0 0 194 109 0 176 0 0 0 136 104 270 0 0 272 175 223 0 173 249 104 0 0 0 0 0 0 0 265 192 0 177 293 128 0 0 209 208 226 0 114 0 160 0 0
0 0 101 284 255 138 113 0 258 187 260 182 127 186 261 0 0 0 121 205 113 294 242 115 149 211 0 120 206 0 154 0 0 0 164 0 0 258 171 0 162 0 0 296 249 0 0 165 0 0 0 221 0 107 0 0 0 0 185 0 0 0 0 170 174 213 0 266 240 0 293 192 225 0 286 134 0 164 0 0 0 130 142 0 0 104 0 0 187 237 0 248 0 0 189
0 0 0 0 121 173 0 226 0 256 0 0 0 0 120 250 0 0 177 103 119 259 237 295 0 0 0 0 291 228 0 0 0 156 0 189 297 0 0 0 0 0 254 271 244 266 0 146 0 186 106 148 281 295 0 292 125 230 135 113 186 0 0 0 172 0 0 200 0 223 129 0 0 0 0 151 0 0 0 0 272 104 0 130 182 0 0 0 0 0 0 0 0 267
0 0 0 0 172 120 281 230 285 124 145 0 0 116 177 163 131 0 206 0 114 213 133 146 265 0 234 117 244 151 0 0 0 195 0 178 0 256 0 0 0 275 192 255 241 255 0 104 284 241 0 247 184 0 160 0 134 283 0 247 0 0 0 0 271 0 207 0 266 0 0 0 0 184 132 216 0 0 0 115 109 280 0 0 170 0 124 115 0 0 0 100 113
0 0 148 220 0 298 0 0 0 234 106 0 134 0 189 0 161 229 0 289 222 201 285 0 0 244 126 0 0 0 0 0 0 108 0 0 208 207 0 0 0 0 229 188 228 256 289 215 241 268 0 0 261 158 0 0 200 0 170 0 134 0 0 0 296 0 0 264 0 0 264 216 0 0 141 110 0 0 0 0 0 263 0 169 0 0 255 222 181 0 0 103
0 123 293 0 167 228 188 0 118 0 116 279 268 195 0 0 229 0 118 148 0 0 0 221 0 132 0 0 192 0 0 0 0 0 211 274 0 0 0 282 0 0 298 235 109 0 267 0 236 240 0 0 0 142 0 156 246 277 174 165 0 0 0 259 134 279 0 213 171 269 0 214 0 0 188 297 0 0 177 237 0 173 0 163 169 154 0 0 189 255 0
0 261 0 131 0 186 263 0 202 183 156 109 172 0 0 0 228 0 0 243 166 0 0 0 154 270 0 0 131 265 0 228 0 243 289 182 264 0 258 160 130 224 0 0 252 0 102 0 139 0 135 272 0 0 157 0 0 0 0 0 201 0 0 230 144 0 172 0 0 0 0 148 270 0 272 0 232 0 0 292 236 216 220 0 0 253 0 0 246 255
0 206 0 142 168 0 0 0 0 235 0 232 0 0 152 227 171 0 0 258 0 0 0 258 0 0 201 224 0 147 100 0 0 0 0 0 0 279 0 294 0 0 0 0 0 0 192 275 277 0 0 0 259 0 0 0 0 212 0 114 0 123 0 0 294 136 0 241 208 0 274 0 161 294 0 0 0 0 137 253 143 279 193 180 0 197 249 0 0
0 103 197 225 0 109 254 0 0 0 0 297 0 0 0 236 138 0 0 154 0 184 150 0 247 237 0 132 0 0 299 0 0 0 131 0 268 0 280 0 108 0 0 0 251 165 267 0 215 244 232 0 238 186 0 114 204 0 259 253 0 0 0 273 0 180 135 0 165 0 0 0 257 163 235 262 0 201 0 294 0 265 0 0 0 264 212 0
0 255 0 0 121 257 295 0 113 0 153 0 208 0 270 0 0 142 292 0 204 0 192 171 0 0 251 214 0 0 0 250 156 0 127 270 190 0 0 167 0 198 260 0 0 0 142 0 0 132 0 0 184 104 0 136 0 0 0 226 0 0 0 0 285 0 222 0 275 233 0 123 291 152 175 276 259 178 0 162 239 161 0 0 181 159 0
0 0 186 0 186 0 104 161 0 0 0 0 0 174 202 108 205 0 242 0 0 122 139 141 228 0 0 0 0 0 124 146 0 0 230 0 223 0 187 161 0 0 156 0 254 250 155 0 0 151 285 291 0 193 0 0 163 0 0 0 0 203 288 279 296 162 261 216 0 0 152 0 0 0 0 0 219 0 0 0 0 222 0 0 174 201
0 145 248 0 247 146 101 191 0 176 0 0 233 226 155 0 0 138 113 123 120 0 295 0 222 183 234 0 0 0 246 0 0 0 190 0 0 0 0 0 0 0 220 0 124 0 123 0 0 257 130 114 213 0 202 235 0 187 127 0 101 141 260 0 0 0 168 114 133 0 286 223 0 235 218 0 0 0 128 159 101 0 214 205 175
0 168 219 278 170 0 258 0 0 0 0 0 103 292 294 0 0 170 155 0 102 116 0 252 235 0 231 138 0 203 0 0 197 249 0 148 0 0 0 0 0 0 249 137 202 263 179 0 126 227 189 279 205 0 0 0 251 0 0 0 0 0 0 163 0 272 0 160 0 220 0 0 0 293 0 139 150 0 196 118 270 219 101 0
0 265 161 0 200 244 0 199 169 260 148 0 259 0 290 297 167 0 291 0 287 153 0 0 279 268 0 100 0 133 0 236 259 0 134 0 167 178 0 164 169 0 0 274 0 246 0 211 0 0 0 254 0 198 266 0 0 227 0 287 0 104 0 189 189 244 134 290 192 0 0 217 0 0 199 0 133 0 251 0 179 0 0
0 232 196 182 0 165 0 297 0 175 0 0 0 0 253 191 106 233 213 0 0 0 239 171 0 0 169 287 244 289 0 0 134 103 213 189 0 0 260 244 0 252 0 183 267 0 0 0 180 105 257 0 241 250 208 0 0 0 0 271 0 212 290 174 154 0 128 0 274 120 0 0 146 0 287 0 205 224 0 0 245 0
0 0 280 0 0 0 0 176 200 158 0 0 236 0 104 0 252 294 133 0 123 145 0 229 135 0 198 0 200 0 0 0 0 0 279 0 244 0 232 236 276 298 0 159 246 246 265 230 247 224 246 0 257 0 252 0 131 267 0 0 117 0 230 271 0 0 0 266 0 234 244 0 0 0 0 0 296 249 0 0 0
0 0 0 113 267 0 0 0 124 230 0 249 259 281 208 125 0 191 0 0 0 279 0 0 229 0 259 234 210 0 295 0 0 0 0 0 0 0 0 0 0 123 0 0 0 136 0 276 199 0 294 173 203 258 0 170 0 0 0 0 102 0 205 0 240 225 163 0 0 271 0 0 199 130 231 137 0 134 236 295
0 0 0 122 251 0 0 0 233 167 281 0 122 0 133 227 104 236 285 296 0 0 0 298 0 134 0 264 101 127 253 0 242 0 0 283 200 0 179 155 0 202 0 265 0 129 261 0 166 188 249 0 0 0 207 0 0 277 0 0 0 131 160 176 176 262 0 140 0 0 262 0 142 217 0 0 202 0 0
0 142 0 168 0 0 125 0 0 157 0 231 0 0 240 149 0 0 0 220 216 296 247 200 179 217 0 219 0 0 295 258 250 0 0 0 261 0 0 206 255 0 238 0 156 194 157 209 0 0 0 272 0 257 0 160 158 0 178 0 165 296 219 138 104 149 290 146 0 0 0 278 110 295 0 0 290 0
0 180 121 171 0 167 0 0 185 0 0 0 219 214 0 0 0 292 139 234 118 295 0 0 289 0 296 293 115 0 176 0 0 0 0 140 250 198 128 129 0 0 140 140 0 0 0 131 295 201 178 243 0 205 0 105 0 220 184 0 174 274 275 0 200 0 0 0 0 0 278 0 188 161 0 0 184
0 154 0 0 150 252 212 259 0 0 0 0 244 0 0 193 0 0 0 130 0 0 0 156 0 0 143 0 0 265 0 157 169 0 0 261 0 0 0 0 235 0 0 0 0 222 0 270 0 0 0 0 245 0 164 280 217 0 0 0 112 220 243 154 0 0 125 0 278 150 0 0 150 284 124 0
0 193 0 224 180 130 141 0 200 0 0 0 149 140 109 266 0 123 0 0 0 0 127 276 178 0 0 0 185 256 0 165 150 125 0 0 114 243 115 0 0 0 142 153 294 0 0 236 0 0 0 0 248 254 0 0 0 148 179 188 0 134 0 0 0 138 0 125 139 254 146 118 0 0 0
0 188 0 252 158 0 193 0 199 155 164 0 0 0 0 135 0 0 105 0 161 265 0 258 197 0 214 128 210 218 0 0 146 211 297 200 0 0 0 0 230 0 0 0 0 176 126 0 0 151 0 276 104 0 119 296 294 0 164 0 0 0 0 154 217 139 155 163 0 177 0 0 0 197
0 123 241 255 142 0 258 0 0 129 143 0 171 0 0 119 0 0 0 271 124 0 0 0 276 168 210 0 0 0 259 137 0 0 0 0 106 0 157 231 0 199 230 264 0 0 0 0 224 193 0 0 0 0 0 0 0 0 0 0 0 0 159 0 154 122 121 0 0 0 0 0 0
0 0 0 0 278 0 276 265 205 0 234 0 0 0 0 0 0 257 0 224 0 286 0 0 0 232 156 0 173 254 0 134 217 0 164 197 226 108 296 0 185 0 268 0 0 222 134 0 0 262 243 157 0 146 152 206 183 213 0 126 214 200 0 0 101 224 221 0 224 0 0 0
0 0 0 0 102 0 0 125 0 176 177 0 0 0 205 0 282 0 286 0 0 184 0 114 115 0 299 0 0 286 141 0 0 0 202 104 0 0 0 170 273 142 248 135 135 0 181 110 0 0 0 186 106 0 0 0 0 278 0 0 0 0 148 0 269 0 0 248 117 0 0
0 276 183 195 0 0 209 0 268 0 103 0 0 0 212 296 229 0 211 0 149 111 0 0 0 0 0 0 292 0 0 116 241 0 288 265 267 0 0 0 0 119 0 0 255 0 0 163 0 246 259 159 0 207 0 0 0 0 239 296 176 0 264 189 0 264 0 0 0 0
0 296 0 0 0 0 0 228 137 0 188 259 213 174 0 0 264 201 0 165 271 0 267 0 0 0 266 104 224 209 206 267 0 226 0 240 0 0 165 0 175 0 0 217 205 0 0 265 214 113 0 281 166 273 0 202 0 0 0 142 236 0 199 0 176 0 146 0 0
0 0 0 205 0 0 0 0 0 248 0 0 0 291 178 165 0 0 294 270 165 212 0 0 245 198 290 0 0 145 156 295 0 178 214 0 0 0 0 230 0 155 109 0 219 207 242 137 0 0 0 278 242 0 242 190 0 112 142 0 220 237 145 128 268 232 0 0
0 216 0 0 177 0 0 0 0 0 197 0 0 0 253 146 263 0 0 0 0 183 220 121 233 0 0 0 111 244 0 0 0 0 0 0 112 261 181 0 129 154 155 112 0 0 0 215 166 249 0 261 0 172 0 0 0 0 293 104 209 225 0 0 0 136 0
0 211 258 0 183 156 127 0 206 0 232 226 0 298 0 294 237 147 247 0 208 0 263 0 0 0 193 118 0 130 0 0 0 0 238 289 132 247 0 179 259 0 0 142 0 0 0 123 0 253 162 0 242 0 0 108 235 0 0 160 215 0 124 0 257 0
0 0 0 0 149 273 0 143 0 0 175 0 0 208 271 299 247 244 0 166 0 0 226 0 167 170 123 0 0 0 149 0 0 175 0 183 0 0 166 0 0 182 0 152 122 267 229 192 122 120 0 249 0 0 0 0 111 191 0 0 0 0 295 142 0
0 0 0 0 223 193 296 257 0 183 226 144 0 104 130 0 0 113 0 279 0 238 211 0 0 0 0 0 0 121 0 0 0 221 137 0 0 0 276 0 0 0 0 0 0 222 278 0 117 0 0 0 189 0 0 0 279 221 101 0 0 0 235 136
0 217 0 190 105 236 0 0 0 108 217 169 0 225 0 0 0 188 136 0 0 0 0 112 0 0 0 251 102 0 174 0 0 218 0 0 0 0 0 0 0 0 134 0 290 129 256 139 126 204 0 219 109 0 0 0 0 0 193 0 0 0 0
0 0 194 0 117 207 219 128 0 0 233 152 200 0 0 112 0 0 0 0 0 190 0 104 0 252 0 181 188 0 223 243 268 0 0 103 278 0 0 241 166 0 178 219 137 209 0 0 0 0 108 248 117 242 176 0 0 0 0 0 0 0
0 0 0 158 142 294 280 0 172 0 0 0 211 193 230 145 0 279 0 200 0 0 115 207 169 0 0 222 0 268 122 256 186 267 251 196 294 0 164 0 0 0 129 166 269 0 159 0 0 131 0 248 0 0 0 183 245 278 242 258 223
0 173 258 147 252 235 0 0 0 0 233 268 279 0 288 0 0 0 172 200 0 0 266 0 139 266 0 112 228 0 0 151 140 0 274 0 236 0 139 111 264 293 256 0 0 0 114 0 0 0 116 239 231 0 0 100 0 0 0 0
0 0 230 0 171 183 0 253 166 248 0 0 180 131 0 259 182 135 270 139 116 0 155 162 258 239 0 138 0 279 176 254 0 244 0 277 0 0 199 226 0 0 292 297 0 193 123 0 119 0 0 175 0 0 225 0 194 299 0
0 0 271 247 163 0 182 0 176 0 250 298 0 0 0 0 198 247 232 136 0 0 299 0 0 270 226 0 221 0 119 0 0 0 232 0 240 297 0 0 180 0 259 0 108 0 294 0 0 133 0 146 273 209 292 126 0 0
0 128 0 145 0 0 187 0 0 131 291 171 194 263 224 222 165 114 272 186 0 189 0 107 154 102 142 288 0 0 198 0 228 292 0 0 0 0 0 0 0 0 170 0 0 0 102 209 142 111 0 0 175 0 0 141 0
0 121 0 150 0 115 0 0 0 244 0 179 0 110 195 0 152 0 200 193 265 288 208 277 191 120 137 177 292 131 0 266 0 0 0 0 0 0 225 202 0 0 0 0 0 0 155 0 0 213 197 0 0 0 204 0
0 0 184 0 188 227 111 294 0 0 0 273 134 106 149 253 150 206 0 0 118 170 264 0 0 262 0 0 137 0 107 159 113 0 235 250 127 0 0 0 240 132 0 101 0 294 191 209 0 238 227 0 0 0 102
0 0 183 0 0 0 0 0 0 0 150 166 108 0 0 106 236 0 0 0 0 237 0 232 268 0 0 213 229 0 0 0 0 0 0 156 0 0 270 0 286 0 0 261 0 0 172 0 0 0 259 294 238 0
0 142 177 127 0 0 0 236 0 185 212 103 219 0 0 0 181 262 0 137 176 251 0 219 0 185 297 276 166 225 0 0 179 0 208 186 144 0 0 151 209 143 262 255 0 0 0 267 0 177 0 0 0
0 269 234 235 0 0 255 244 0 0 271 0 229 0 0 292 0 283 0 0 191 0 238 272 141 289 124 294 258 0 151 239 158 294 195 0 108 256 0 161 0 0 205 0 263 104 0 0 0 0 292 0
0 145 0 202 200 180 261 288 0 0 180 0 0 0 216 0 0 0 0 172 0 0 214 0 0 133 286 0 109 0 0 0 254 277 121 100 0 0 0 0 162 0 156 0 0 283 127 201 0 0 0
0 107 189 128 0 108 0 0 0 0 228 0 112 114 118 131 0 245 252 0 0 105 0 116 0 290 290 0 0 297 250 178 0 0 104 215 0 0 0 191 194 252 209 243 0 0 0 232 0 0
0 0 0 0 254 0 0 0 275 0 254 188 198 127 167 0 260 189 0 0 135 0 166 0 177 0 172 0 0 252 0 0 281 0 0 0 0 0 284 218 176 251 293 186 0 135 236 291 0
0 0 0 215 0 276 0 0 0 131 0 134 0 123 118 0 0 298 285 134 145 208 0 0 0 285 157 215 213 216 207 133 0 0 258 0 208 0 0 129 0 223 0 197 0 226 0 106
0 0 139 0 150 0 100 0 252 0 0 211 0 235 0 0 116 217 271 0 292 118 0 0 0 151 236 0 118 0 164 121 168 0 0 0 166 0 0 0 0 297 0 271 0 0 0
0 0 0 171 152 181 0 180 138 113 238 0 114 249 0 174 0 236 239 149 273 0 0 0 296 0 199 108 0 193 0 275 157 0 0 0 0 232 113 0 286 0 260 142 211 0
0 0 0 223 196 0 0 103 0 237 195 249 277 0 0 0 118 0 288 254 140 0 0 139 0 0 263 0 237 249 164 166 0 134 0 150 173 286 0 174 282 0 145 0 0
0 268 176 245 0 0 137 132 224 105 0 0 124 127 200 119 0 295 181 0 0 208 0 260 111 134 114 248 0 208 0 0 159 208 268 204 234 274 127 178 0 209 0 0
0 0 299 117 268 278 175 266 0 289 221 0 116 296 240 151 0 113 199 0 0 0 0 299 0 127 0 134 170 0 202 192 107 137 104 0 128 0 295 0 228 156 231
0 149 239 239 0 210 0 115 266 0 203 0 207 0 0 0 117 0 113 0 140 0 0 0 0 182 0 167 259 142 152 258 232 219 202 259 235 0 0 0 0 283
0 245 140 147 0 236 0 213 0 0 0 0 0 113 0 186 0 166 0 0 146 0 219 179 251 0 171 273 0 0 185 0 258 126 0 293 219 222 280 298 0
0 150 0 248 0 0 0 191 0 243 150 274 242 0 0 207 260 0 134 0 216 0 0 0 0 291 283 0 0 266 217 145 0 0 0 0 0 0 202 110
0 0 0 0 0 0 138 0 0 0 0 0 0 0 126 0 138 0 0 0 0 288 187 0 212 293 0 0 0 0 274 0 198 232 244 180 284 0 0
0 282 0 0 150 144 175 204 249 134 126 137 0 237 0 0 289 142 131 0 242 0 252 121 0 0 0 121 0 145 139 146 104 0 168 130 141 284
0 0 0 0 195 0 0 0 0 0 205 0 0 0 219 0 0 0 0 132 197 154 221 286 0 0 247 0 0 0 118 0 265 0 0 0 166
0 0 250 255 0 290 0 241 0 246 0 162 186 0 0 237 167 130 0 153 247 124 0 236 0 291 132 0 133 252 0 0 233 128 0 172
0 0 106 0 277 275 286 0 0 0 0 278 239 232 293 0 123 281 0 0 213 0 0 194 237 209 0 149 153 173 286 0 0 0 217
0 0 0 0 138 278 199 0 254 0 0 0 214 0 0 109 0 242 0 0 0 0 0 273 0 0 0 205 0 0 295 0 0 277
0 135 266 216 0 0 179 0 298 273 0 283 270 0 0 254 109 100 295 282 0 256 119 164 0 0 115 0 0 0 271 0 0
0 278 0 0 251 244 0 220 230 236 0 0 167 0 175 0 140 252 0 155 0 0 264 0 251 159 0 216 0 159 187 0
0 0 0 0 296 0 161 191 0 0 0 0 0 240 282 0 178 110 0 0 0 209 0 0 231 0 0 0 268 0 231
0 100 0 0 138 0 0 233 126 0 235 0 258 152 0 0 0 123 289 110 137 0 0 0 173 0 0 276 107 0
0 0 0 0 162 114 0 0 266 214 294 0 0 181 0 0 152 0 0 0 0 0 269 137 0 0 0 127 0
0 294 0 213 0 103 0 144 111 0 253 0 299 0 0 113 0 172 0 269 0 139 299 0 0 0 0 0
0 286 0 236 151 293 0 0 0 202 154 0 175 221 0 268 0 0 243 0 261 124 0 0 0 0 153
0 0 106 297 170 157 233 0 165 221 152 0 208 0 0 248 145 247 0 0 148 179 181 0 0 0
0 165 180 171 0 273 0 0 266 0 240 0 279 260 299 219 0 218 0 169 168 118 0 246 0
0 0 0 0 245 290 0 115 234 174 187 214 111 0 170 0 198 130 0 0 0 262 239 189
0 0 0 290 287 211 0 0 168 0 0 188 0 0 0 0 285 0 0 262 204 0 0
0 268 294 0 0 0 271 188 0 198 0 0 0 0 0 0 0 257 0 0 0 267
0 285 267 0 147 120 264 0 122 156 293 299 115 225 0 251 0 0 202 208 295
0 223 178 295 0 104 165 0 178 0 156 258 0 0 111 226 0 0 268 0
0 257 126 208 282 0 0 0 276 119 253 0 297 238 227 211 227 0 0
0 111 168 0 0 242 136 285 249 0 130 185 100 0 157 0 224 113
0 114 205 154 0 216 228 281 271 0 0 0 209 220 121 0 0
0 0 0 226 296 149 0 150 179 0 0 0 0 0 0 0
0 119 133 120 185 297 0 0 0 0 142 156 0 179 0
0 112 103 157 0 0 0 126 0 180 203 0 147 0
0 185 211 0 0 137 131 0 0 223 158 159 0
0 149 0 0 0 0 205 0 0 254 0 0
0 265 0 0 0 0 0 0 231 221 0
0 0 210 0 0 148 190 146 0 141
0 0 162 218 144 0 126 134 171
0 254 0 0 121 0 285 216
0 105 0 262 0 0 0
0 127 111 0 0 100
0 0 0 262 136
0 171 141 268
0 0 0
0 0
0
0
53055
292 120 140 114 101 251 116 189 160 109 105 124 145 104 286 152 223 143 102 289 147 213 192 277 228 180 222 107 143 151 208 236 123 260 171 176 251 171 292 145 194 187 201 187 213 266 222 130 242 291 150 276 163 284 233 282 253 291 282 158 268 270 116 194 214 178 260 286 196 251 100 215 296 105 174 286 191 293 215 293 261 148 122 175 239 254 258 257 192 168 180 263 162 194 218 118 126 275 290 204 286 205 249 173 143 282 229 275 293 220 153 227 109 149 149 189 181 298 121 275 194 245 273 187 138 221 129 227 113 203 242 127 140 286 230 273 146 238 123 180 270 249 240 267 258 165 221 166 262 174 268 115 138 227 217 191 169 282 256 253 151 179 144 141 191 277 236 152 274 183 272 196 211 249 211 284 213 134 257 147 230 290 169 222 222 194 176 178 224 195 265 236 226 204 212 225 268 171 100 229 173 111 261 191 277 246 201 214 255 235 254 109 244 148 216 269 155 179 206 132 127 185 175 189 263 217 240 221 275 269 188 149 109 175 286 249 268 258 290 191 147 115 208 284 137 297 264 206 113 194 218 280 291 276 175 269 169 144 267 166 101 102 134 230 152 236 202 236 225 233 265 223 110 207 227 293 212 267 243 214 295 112 169 206 110 201 249 277 277 202 123 178 287 178 271 259 292 281 227 285
