300
136 128 107 111 109 130 117 104 108 104 140 140 133 107 136 123 123 138 122 149 123 134 135 129 114 147 100 139 134 133 118 125 120 144 104 139 146 123 123 108 101 133 117 111 104 149 140 103 117 120 104 137 117 115 103 139 131 131 103 137 101 125 104 128 148 148 120 121 112 102 140 116 102 131 121 147 142 138 128 105 101 121 114 104 127 101 116 108 137 121 136 131 147 122 117 119 124 137 131 116 117 104 103 127 126 135 143 126 139 143 113 146 145 129 140 109 125 138 129 137 123 117 145 103 111 144 140 135 148 147 109 135 133 129 131 110 119 110 126 137 140 148 113 103 124 141 109 104 145 109 108 111 144 128 134 104 144 135 134 135 100 101 143 134 136 110 132 112 139 102 142 149 128 127 138 133 144 144 135 118 134 108 107 138 123 125 111 144 106 132 113 132 128 134 138 124 134 111 106 134 112 109 149 122 128 102 102 103 125 133 123 105 134 106 116 108 123 138 115 148 106 109 135 117 141 120 138 110 125 126 147 147 120 121 106 143 112 128 116 104 126 129 128 110 110 119 117 122 147 124 101 124 119 146 122 130 127 109 107 127 122 103 116 137 104 118 102 140 123 147 113 121 110 137 110 111 138 115 145 127 145 126 130 139 114 135 132 124 148 102 107 123 135 103 118 142 147 125 119 101
0 0 148 135 141 116 101 108 123 141 0 130 0 121 0 0 105 119 0 101 104 136 131 0 123 109 109 116 0 0 145 108 110 106 0 106 112 103 132 0 148 137 106 147 0 0 0 108 0 0 136 0 136 148 0 0 136 0 120 103 112 0 138 105 117 0 0 126 134 0 111 114 0 135 109 131 146 0 128 0 140 120 0 141 0 134 135 0 121 117 133 134 147 0 100 123 100 149 138 130 103 111 116 0 0 122 116 0 0 0 0 105 119 144 106 104 118 142 147 138 107 106 140 133 145 0 101 102 114 148 131 131 141 114 123 0 132 137 127 122 0 120 101 0 112 125 148 142 0 0 0 118 0 134 0 145 131 113 115 0 0 111 107 102 113 142 123 101 0 124 123 106 140 0 0 140 101 0 106 148 0 0 139 134 108 0 121 136 105 0 0 141 133 0 122 119 125 104 129 117 116 100 145 100 115 109 112 147 106 114 0 0 0 106 117 146 117 130 101 135 149 146 0 109 0 0 0 145 148 0 123 112 131 107 131 144 118 122 132 100 108 0 127 106 117 126 127 113 133 147 143 0 121 104 0 120 115 122 0 0 121 131 119 141 136 143 111 127 0 142 118 143 120 0 0 131 0 0 135 109 132 127 0 101 134 133 0 115 103 135 129 0 137 148 107 0 108 102 146 126
0 102 0 126 0 116 0 113 115 0 0 0 106 126 103 131 107 134 142 0 0 102 121 0 119 137 133 0 125 105 0 0 100 0 0 0 142 121 144 108 120 139 0 147 113 148 149 101 129 0 0 138 0 0 0 117 132 146 113 117 148 110 109 0 0 146 0 132 115 0 132 103 116 116 115 120 0 0 143 125 0 114 118 116 139 146 140 0 130 103 143 0 0 0 0 131 144 127 0 112 113 0 101 145 102 127 123 115 129 0 122 0 0 0 120 0 122 118 132 126 0 135 139 120 116 107 116 123 120 137 100 120 139 118 141 109 0 103 0 145 139 0 106 112 121 0 0 149 123 0 143 109 145 0 141 116 131 136 137 106 107 120 138 0 106 106 142 103 120 132 132 111 100 0 102 131 102 0 136 0 120 146 108 136 0 125 130 148 106 119 120 0 106 101 120 141 147 0 0 120 129 117 0 108 0 126 131 113 0 108 105 127 115 123 112 145 135 132 0 141 0 108 101 145 114 147 109 137 149 110 0 0 145 103 107 141 140 149 112 117 126 104 108 111 113 131 108 108 128 0 0 145 0 124 0 129 0 119 0 118 0 0 149 0 0 146 0 121 0 0 130 126 104 122 111 113 0 110 101 146 0 0 148 133 118 118 141 129 0 119 103 0 0 109 104 110 121 141 130
0 139 121 0 144 103 103 108 129 0 129 124 141 0 112 107 125 141 0 127 0 113 139 0 129 144 128 143 105 0 131 0 0 140 145 142 122 121 0 0 109 114 123 0 104 115 148 110 0 101 143 143 131 115 128 104 126 129 115 108 148 0 0 0 138 110 120 124 117 144 120 0 138 0 117 121 114 127 0 141 0 128 0 0 143 101 138 143 141 132 106 110 130 139 111 118 0 147 139 112 133 0 143 121 136 126 133 0 102 0 126 127 0 121 0 146 131 0 137 139 0 0 115 147 0 110 0 119 0 138 0 104 0 101 126 126 0 0 0 120 0 103 127 106 146 127 118 117 136 149 130 126 0 110 0 105 108 127 118 0 119 135 141 120 0 142 106 148 0 127 0 0 108 121 103 107 145 124 0 136 112 122 115 103 130 146 132 0 143 135 127 0 0 0 127 144 0 129 148 0 129 126 145 148 0 129 127 113 0 0 119 137 100 142 108 101 0 113 145 0 137 0 122 131 130 137 122 120 0 0 132 134 146 124 0 121 146 0 123 105 0 110 0 0 129 129 127 0 144 135 105 106 135 146 146 0 123 137 143 132 0 115 0 133 127 124 101 120 137 126 0 0 133 142 139 0 112 144 112 135 136 128 149 123 0 0 0 126 148 140 113 127 134 113 123 0 116 101
0 133 115 116 129 0 139 139 106 115 110 0 0 133 122 111 148 140 0 140 131 0 110 103 0 108 144 129 125 0 149 0 122 127 0 113 109 0 131 139 115 127 0 127 119 126 117 142 0 129 143 131 120 0 129 0 104 0 0 140 105 118 108 0 102 0 0 107 139 118 0 0 131 126 121 145 148 128 149 110 149 115 0 147 108 0 102 0 144 132 144 0 104 133 0 108 128 101 131 110 0 107 121 0 0 149 143 119 0 107 104 121 0 100 0 142 103 136 129 117 0 131 148 112 115 110 146 0 0 148 131 135 140 102 109 101 117 0 103 0 116 0 124 0 103 123 149 123 133 0 0 138 101 107 113 0 121 0 145 140 102 112 103 125 112 139 130 110 0 100 140 124 144 126 136 135 107 109 107 133 144 0 149 0 0 0 136 0 0 136 0 110 146 106 138 136 0 123 144 107 123 0 0 0 112 0 130 0 122 128 102 0 0 102 106 123 125 129 0 0 147 127 136 131 129 112 105 117 0 133 140 0 0 0 138 117 0 104 0 0 121 136 0 124 111 128 139 139 136 0 115 123 0 123 121 0 139 134 120 0 117 0 136 134 0 148 124 138 131 125 0 146 116 148 142 146 119 0 0 123 0 122 120 0 0 140 0 122 0 127 0 141 114 0 110 137 0
0 132 145 0 0 103 110 109 136 126 130 103 0 128 131 101 131 135 135 101 110 123 138 103 0 0 113 107 117 116 0 113 139 102 124 127 100 138 139 112 145 129 139 140 149 117 106 143 142 106 122 0 108 0 135 126 126 107 0 111 132 0 149 137 130 0 0 0 0 149 0 0 116 136 0 0 148 141 104 117 145 0 107 114 107 131 137 132 102 0 111 109 127 118 123 144 115 136 139 113 131 106 0 133 149 131 0 138 119 0 122 101 0 142 0 0 144 105 0 142 103 138 122 138 116 114 0 0 131 121 142 0 113 124 107 109 108 0 0 145 129 114 132 107 115 112 142 121 134 0 0 0 125 0 125 0 0 0 136 130 122 146 138 142 104 111 135 0 0 126 110 135 109 124 101 118 110 124 125 113 139 120 131 104 0 118 141 143 118 137 123 0 134 0 0 113 0 106 134 128 0 133 116 0 149 105 114 120 106 100 110 0 0 113 120 112 0 148 0 113 144 102 130 122 120 138 146 130 147 109 136 121 105 0 117 141 116 126 0 128 134 119 132 114 138 142 136 0 138 134 117 0 132 140 115 113 105 0 130 106 0 101 135 0 115 0 0 102 130 0 0 126 104 141 120 112 131 118 0 141 117 110 104 0 132 0 137 0 102 100 102 123 103 132 111 0
0 111 149 115 123 100 125 111 149 143 147 138 141 134 0 0 100 141 129 138 0 133 114 103 0 111 118 100 105 0 126 113 0 116 0 0 137 102 125 0 138 142 0 0 101 0 134 0 138 138 0 140 148 0 109 138 146 125 0 121 139 0 141 0 0 126 107 107 120 143 110 147 148 144 0 111 0 145 0 145 123 105 0 136 0 149 116 102 146 147 102 0 110 107 136 112 148 108 0 131 135 134 118 0 0 148 132 138 129 0 144 138 0 0 124 0 0 132 146 108 107 0 107 0 0 107 104 0 147 0 126 127 0 0 105 142 0 0 0 135 121 133 137 146 127 134 130 0 110 0 130 0 125 128 128 131 119 0 0 120 131 116 113 101 0 138 123 112 106 0 110 0 0 115 123 132 120 145 125 0 130 0 110 138 0 126 132 0 0 130 129 130 111 128 113 0 143 106 137 144 131 0 142 0 0 130 147 147 128 0 102 0 100 133 0 103 116 101 0 0 121 146 121 142 0 138 116 142 109 146 0 114 0 126 130 0 109 106 101 141 106 139 111 0 137 136 120 101 127 106 129 109 121 0 138 125 120 120 111 0 0 125 0 108 104 146 104 121 113 100 148 115 120 123 104 123 0 0 122 0 138 118 111 138 129 101 0 127 145 135 148 105 143 143 100
0 0 0 0 104 133 0 144 126 109 106 102 130 134 128 105 102 0 112 115 105 0 121 146 131 123 118 128 0 111 133 117 131 110 132 137 0 0 121 101 0 135 121 0 133 0 149 0 106 0 104 106 129 120 146 143 129 124 112 146 136 106 118 104 108 0 128 123 136 141 0 110 125 119 0 113 0 0 140 114 0 119 110 143 114 132 127 118 121 0 128 130 126 0 0 132 120 139 117 140 145 0 0 0 115 0 109 113 109 135 0 0 119 132 0 145 116 110 135 147 0 114 0 0 120 127 0 106 126 137 122 119 0 0 0 0 146 102 106 144 130 0 112 0 111 131 134 126 130 140 138 126 0 118 147 110 112 0 121 115 116 0 125 119 0 0 140 138 117 138 106 129 148 144 128 107 127 130 110 114 0 103 0 128 0 0 126 136 0 104 0 0 107 120 135 113 0 0 139 0 100 102 0 148 105 108 107 0 0 0 125 128 106 111 125 118 0 132 140 109 146 0 125 141 141 110 140 0 132 118 108 106 110 0 120 132 0 104 121 0 0 113 133 114 146 0 0 127 114 129 110 0 138 142 123 106 134 108 148 136 102 131 0 111 148 0 0 0 121 109 142 105 120 108 114 0 100 0 0 126 149 134 147 0 127 0 118 112 149 133 124 139 149 135
0 117 0 139 121 121 140 0 121 0 117 118 109 110 112 107 118 135 144 104 121 0 102 0 0 141 138 0 103 122 137 121 101 148 126 124 125 0 108 0 0 149 148 134 113 120 0 0 145 108 145 149 130 0 0 127 0 101 146 0 103 125 0 105 140 145 0 120 104 0 111 0 108 0 134 134 146 0 111 133 136 129 138 105 105 0 0 149 139 116 0 147 111 128 111 0 0 100 130 148 0 135 142 122 0 108 137 0 126 0 149 131 148 0 0 115 140 103 133 107 104 131 0 146 127 116 0 110 111 103 123 100 136 112 0 147 117 110 107 145 0 134 0 135 0 130 107 117 0 0 116 109 127 103 111 112 121 138 113 111 125 139 0 0 127 138 116 143 0 0 0 101 116 142 0 143 0 0 0 134 100 107 131 121 113 0 112 140 107 122 145 0 0 101 127 138 104 0 134 130 0 137 107 0 135 144 0 128 138 114 130 0 128 143 109 106 0 146 0 136 107 130 123 133 126 110 120 0 115 142 121 125 140 143 103 101 116 133 125 116 117 140 146 130 113 0 121 122 148 115 0 0 0 107 127 111 128 102 123 116 102 114 129 120 102 0 134 132 0 107 0 121 0 111 144 123 0 148 121 136 133 103 140 101 101 102 0 0 0 0 132 107 118
0 124 111 110 0 141 133 135 114 111 0 124 106 129 132 129 0 120 101 117 0 142 122 0 119 145 0 122 120 147 114 0 100 138 0 100 0 111 133 115 0 0 120 111 147 108 0 124 104 142 116 130 130 125 120 102 0 128 109 149 0 114 107 0 110 128 130 103 122 117 133 146 0 130 135 123 138 0 112 128 143 124 102 0 0 139 100 102 0 144 143 0 127 133 143 0 131 119 123 0 0 142 0 0 119 0 126 0 149 125 121 144 145 145 103 138 102 127 123 123 0 121 106 102 0 0 108 130 139 0 130 0 113 147 132 141 0 119 102 0 148 130 122 0 0 138 116 141 0 122 139 113 0 100 136 0 0 0 137 135 122 139 146 101 113 124 138 104 126 111 106 0 131 0 146 141 120 0 146 115 0 0 144 147 100 148 117 127 0 139 124 115 100 108 0 103 0 134 0 100 117 117 139 0 130 0 0 0 0 0 117 104 149 134 102 121 106 125 104 102 0 104 138 109 0 0 112 0 115 133 141 0 0 131 126 103 115 149 0 149 147 144 0 143 100 122 130 112 148 105 130 0 127 102 138 146 126 117 105 107 116 0 123 100 149 143 140 103 0 119 143 0 0 0 103 139 112 123 0 0 0 104 104 0 136 100 121 148 114 110 149 0
0 127 149 138 0 118 133 110 147 107 129 145 0 112 118 0 123 135 137 148 117 110 122 131 0 0 106 109 148 147 103 138 146 141 144 128 148 137 145 0 113 113 145 121 0 125 147 148 100 134 143 0 129 0 0 0 125 0 103 129 143 0 125 142 122 113 0 126 139 108 138 0 0 0 110 100 131 105 100 125 125 0 0 102 0 132 142 125 114 113 129 111 119 141 100 124 120 0 0 114 0 0 101 118 0 110 149 119 116 119 130 108 139 136 106 134 140 145 140 143 149 128 143 149 130 122 126 149 149 130 138 0 104 104 115 131 0 109 102 0 121 146 0 101 109 148 131 129 127 0 0 123 127 140 128 111 123 121 0 100 0 114 131 0 129 149 126 138 139 103 0 103 103 111 103 131 104 0 119 124 127 0 0 103 0 0 0 148 133 115 0 105 134 129 136 110 145 110 120 137 109 100 0 144 110 0 132 120 117 120 0 123 0 103 149 134 138 0 104 115 0 141 101 135 0 0 110 0 107 0 0 0 128 121 141 0 117 137 142 114 126 146 101 107 133 146 124 0 143 127 140 0 112 0 110 147 137 0 141 129 105 137 134 148 138 137 148 0 120 108 140 148 135 105 0 124 0 113 128 130 124 108 110 143 121 107 0 143 116 114 0
0 143 114 139 0 109 135 0 0 114 0 0 0 0 105 146 132 115 108 108 149 122 130 143 0 109 141 131 0 122 122 0 105 116 140 0 0 112 136 133 0 0 121 0 130 126 0 134 0 137 0 123 101 0 0 110 141 102 144 142 0 143 115 0 125 114 0 0 147 125 149 0 0 0 102 0 112 121 111 0 133 110 0 0 0 101 122 0 125 123 132 129 0 102 120 130 122 113 110 140 146 0 119 114 111 146 0 110 137 0 128 137 112 139 0 115 144 0 0 140 115 124 0 131 107 130 131 0 0 135 118 139 130 100 118 118 106 0 109 114 106 0 100 113 0 123 0 111 120 124 118 106 133 119 0 139 114 0 0 117 114 134 107 100 116 145 0 142 144 0 132 120 112 137 136 131 107 110 106 144 0 0 116 0 0 108 0 126 131 117 129 125 0 118 0 117 137 132 105 0 117 115 142 106 110 0 103 135 128 102 0 0 0 139 146 102 0 0 0 100 140 125 112 117 120 0 0 0 148 136 124 122 123 139 101 0 108 0 103 0 0 122 108 112 144 108 109 109 0 135 0 117 143 0 0 101 107 116 127 0 102 0 102 114 0 142 117 112 123 0 149 136 0 118 0 114 131 0 0 131 101 101 116 129 110 138 141 134 102 102
0 144 128 0 149 104 145 138 102 119 124 135 0 0 0 118 0 141 118 144 121 105 0 0 127 0 144 135 101 100 129 113 118 0 129 109 127 140 137 106 126 123 110 103 125 103 129 147 112 0 0 130 113 0 136 0 147 117 113 140 0 106 121 140 110 107 118 113 0 0 131 0 148 106 105 141 128 116 107 0 145 127 0 132 116 143 107 143 135 0 101 103 140 133 118 137 0 138 118 0 118 132 124 141 133 0 132 128 0 105 145 0 0 106 0 122 147 102 126 111 116 102 141 121 0 0 124 130 149 0 0 145 141 0 133 120 149 148 120 132 134 101 0 123 110 0 100 105 128 138 118 106 0 106 134 0 108 0 0 0 107 149 122 140 115 119 123 0 0 139 0 0 127 106 145 0 114 149 127 0 0 149 0 136 140 0 137 149 0 140 113 116 0 100 0 137 129 124 119 0 127 143 0 140 135 0 143 145 0 144 0 107 0 118 118 0 104 134 146 0 148 123 137 123 126 138 111 127 0 135 102 137 112 114 110 142 0 146 0 111 144 0 0 149 129 109 140 116 130 136 133 135 148 0 0 0 122 113 111 0 116 118 132 116 137 130 0 149 118 144 0 0 122 132 0 146 115 120 119 0 0 130 144 0 148 109 139 136 146
0 138 146 147 149 129 114 133 0 110 107 132 122 114 127 126 126 144 135 123 108 135 0 0 0 100 108 0 101 134 0 141 117 111 106 120 103 0 0 149 0 116 0 0 0 114 137 0 114 103 114 136 129 119 107 120 0 107 139 0 113 144 107 0 137 130 0 140 109 0 133 144 145 114 0 133 131 108 113 0 136 0 0 146 140 110 130 121 0 123 106 141 124 141 124 0 119 123 138 138 108 107 149 117 115 0 120 0 144 136 0 137 122 0 132 102 142 104 0 124 141 128 0 124 120 136 123 139 135 0 129 110 122 0 134 102 136 117 128 136 136 146 108 100 129 135 141 149 0 126 123 139 102 144 133 134 147 125 0 105 105 117 134 149 106 135 121 0 135 103 124 103 149 0 0 133 0 133 116 105 0 123 142 146 109 118 124 115 126 113 100 0 106 112 123 106 138 143 136 107 141 143 109 139 138 0 0 0 114 146 144 132 142 118 139 0 0 134 0 105 144 119 147 141 138 0 120 147 116 147 146 106 129 125 102 0 114 149 122 108 0 0 131 128 139 142 0 140 0 130 101 119 146 146 125 0 0 118 130 133 142 143 122 0 141 0 118 119 132 0 0 136 104 0 139 105 141 121 121 105 125 103 110 137 0 142 0 108
0 109 0 105 115 125 0 141 108 134 147 106 103 132 107 108 146 135 118 130 116 0 121 0 119 137 126 129 117 0 126 0 0 0 100 110 135 132 0 0 0 139 101 127 109 0 138 137 143 141 138 0 118 145 118 148 110 0 0 0 0 109 0 0 136 0 101 0 0 0 100 0 125 124 116 138 0 100 139 147 0 0 123 136 0 149 137 0 0 147 0 135 149 142 129 133 0 0 0 101 0 142 106 110 139 123 102 0 0 0 114 100 139 0 127 112 125 134 141 0 136 0 0 115 130 104 0 134 132 0 0 101 110 108 124 112 0 0 0 116 115 0 0 137 140 115 112 139 135 111 0 133 149 147 145 0 112 127 141 137 117 131 0 116 0 140 0 107 140 136 113 0 136 116 0 143 126 144 147 111 122 103 137 131 138 124 119 110 123 123 105 100 131 0 0 145 0 109 106 101 0 146 124 136 127 0 116 129 0 0 125 0 127 125 139 106 133 0 124 102 141 140 0 146 0 114 112 131 128 143 134 142 147 0 0 106 119 144 139 144 119 119 126 115 102 129 131 105 125 0 149 114 0 125 121 0 112 148 143 141 0 122 106 125 109 125 109 139 124 133 0 121 141 149 130 116 105 0 121 149 136 140 104 0 0 141 147
0 143 0 140 0 113 105 141 128 137 124 0 0 114 128 110 138 146 123 116 0 103 143 0 126 140 138 0 124 123 0 138 134 100 116 136 148 0 144 136 118 126 0 0 131 0 122 146 116 0 119 148 146 111 0 103 0 141 0 138 112 0 104 0 143 115 122 142 111 114 146 110 111 111 121 103 124 0 0 111 123 0 138 145 0 108 136 0 109 0 149 109 126 145 106 0 146 136 125 0 109 147 132 0 101 0 0 149 0 111 0 115 139 117 123 117 127 149 0 106 0 111 0 116 138 122 107 114 145 133 0 120 132 0 134 133 144 0 111 0 128 146 121 123 110 0 144 115 138 0 0 120 127 147 124 0 0 140 134 138 124 115 102 125 123 129 0 101 0 149 128 129 137 121 0 115 145 132 108 133 100 128 149 108 106 112 111 113 106 107 139 0 0 101 103 0 130 0 107 0 141 133 0 148 102 130 0 137 0 100 126 0 0 106 114 121 111 125 0 145 0 147 123 114 119 0 0 111 124 113 0 0 122 127 111 0 127 112 0 113 108 149 0 138 121 0 142 148 148 130 103 129 119 118 121 136 127 119 0 112 139 138 0 106 110 148 146 119 112 118 109 0 146 124 121 0 110 133 117 123 120 105 107 0 114 129
0 134 108 143 112 146 120 124 127 119 130 112 108 126 108 109 134 142 115 0 108 102 112 103 140 130 111 115 104 112 0 121 101 139 0 123 0 134 115 110 108 145 0 0 138 117 0 0 101 109 133 105 125 119 134 0 140 112 132 110 103 106 149 0 0 116 143 134 0 119 109 145 129 0 136 0 101 102 129 0 120 0 125 108 148 124 106 144 0 149 109 103 128 0 121 106 138 127 140 148 116 146 134 129 0 118 0 131 146 124 0 143 0 130 131 149 0 109 0 132 145 0 0 115 109 0 107 111 144 115 102 0 137 0 0 136 127 133 149 100 0 142 134 107 135 138 0 0 0 130 110 142 137 145 121 105 119 128 0 146 0 0 142 0 145 0 104 106 102 0 127 0 0 128 100 114 0 0 139 136 101 137 126 135 101 137 114 119 140 141 0 121 124 144 0 0 143 127 127 133 140 0 0 116 142 0 128 117 149 101 142 145 137 0 148 134 124 128 0 0 102 107 138 0 119 113 106 0 121 100 120 101 109 0 134 121 0 0 0 133 132 130 147 111 0 0 0 109 0 149 0 120 138 144 134 120 129 141 134 119 128 147 126 0 0 105 107 0 127 0 0 0 104 0 126 140 114 140 0 0 0 146 0 122 125
0 143 115 117 108 0 140 136 127 148 120 0 132 0 0 111 124 142 0 111 145 113 131 148 103 119 130 131 112 144 118 0 142 115 149 0 137 130 135 115 0 147 0 129 122 0 118 0 131 147 102 136 123 129 0 132 111 129 104 142 123 128 114 124 123 134 144 0 0 0 116 132 113 123 139 107 120 0 131 102 138 0 0 117 145 125 143 107 132 138 120 0 111 141 142 0 0 131 121 0 111 104 0 0 105 104 113 115 100 0 121 144 139 119 119 0 122 149 100 0 142 137 0 0 128 104 115 133 0 115 134 113 146 122 109 139 118 0 0 132 141 145 134 143 109 114 134 120 144 132 107 119 0 0 112 0 126 146 129 0 0 139 148 127 146 139 0 130 0 141 0 0 143 148 147 123 0 119 107 0 113 144 144 0 0 128 0 143 135 0 108 139 0 111 143 0 108 0 129 0 138 0 106 0 135 144 137 0 0 145 108 104 126 129 143 0 126 100 128 114 117 117 134 0 134 124 147 141 145 128 110 0 0 124 103 114 109 120 109 106 0 149 126 0 0 0 0 105 0 119 0 0 111 147 0 129 106 121 128 112 108 109 0 104 0 0 149 145 0 138 115 0 116 121 109 143 146 102 131 119 115 119 144 109
0 141 147 0 149 126 143 0 0 0 0 0 125 145 141 126 134 0 148 144 147 111 135 104 130 110 139 0 108 128 100 0 144 140 141 138 119 0 148 120 126 147 0 122 139 108 116 143 0 0 0 113 127 141 0 122 122 125 0 122 104 0 112 0 117 114 137 104 126 125 148 106 145 0 0 0 129 0 131 132 0 110 144 106 102 103 149 123 145 0 0 145 149 136 148 102 0 102 103 121 114 120 0 134 135 136 144 0 0 146 127 0 143 115 145 0 132 104 124 123 121 138 123 0 111 105 0 146 105 114 144 127 132 109 0 104 120 0 112 113 142 107 128 138 0 0 143 107 134 0 108 140 120 144 106 129 128 145 121 146 148 116 115 103 132 0 0 137 117 148 0 116 117 0 0 121 0 100 0 0 0 102 143 121 121 145 0 142 144 0 0 125 132 0 109 126 132 123 128 0 112 0 127 138 122 139 146 0 139 108 134 134 108 101 119 144 110 111 149 129 139 118 105 0 109 0 0 0 0 0 143 0 0 104 0 114 0 132 119 0 120 141 149 126 103 0 119 102 108 100 0 121 147 102 133 0 104 0 137 142 114 147 113 110 104 124 124 110 123 0 0 143 130 131 138 145 145 124 0 141 140 135 118
0 146 108 0 0 143 104 118 130 128 0 129 132 114 0 130 0 0 137 0 118 119 104 140 148 136 0 110 0 0 0 0 148 138 0 0 0 113 121 106 145 137 0 119 118 0 0 137 0 135 139 148 120 116 111 130 0 119 112 118 124 113 125 144 141 0 130 105 141 130 143 107 116 132 144 147 0 0 135 0 120 111 0 123 102 115 143 103 131 104 125 106 128 138 0 133 100 103 103 0 132 0 135 108 127 134 143 103 120 128 145 108 128 146 127 147 109 102 123 114 0 0 0 135 146 103 128 0 144 148 0 113 142 101 106 120 0 146 142 0 0 103 140 121 119 138 0 0 122 116 149 0 143 0 136 127 108 112 136 138 147 114 131 136 110 139 100 131 140 105 0 134 117 0 116 144 138 117 0 136 0 122 109 125 105 129 131 136 142 109 130 0 107 122 0 0 121 117 0 106 146 114 0 0 144 105 0 140 0 0 0 131 0 147 112 135 133 118 101 135 149 114 106 0 0 135 116 0 0 113 134 116 142 143 143 147 111 123 148 122 146 137 0 0 111 119 126 108 0 117 123 115 144 126 135 101 134 0 114 135 0 0 0 100 125 105 105 0 109 0 130 115 117 123 0 122 0 144 126 100 116 147
0 142 144 0 130 113 124 126 133 132 0 101 106 116 117 0 102 129 126 107 0 0 109 136 145 144 0 107 138 0 138 124 131 130 110 145 116 129 146 136 0 141 0 108 102 112 121 116 142 105 137 111 121 125 0 133 146 106 114 106 124 137 0 119 131 0 103 149 126 134 120 134 139 128 117 114 145 146 108 126 112 128 133 149 128 0 115 134 149 114 111 114 112 127 139 108 0 0 102 140 131 0 108 133 128 146 127 146 0 116 0 112 139 141 123 113 140 111 147 128 0 0 122 117 125 0 134 113 125 100 124 0 110 134 0 0 114 127 127 128 0 137 106 143 101 112 127 116 0 126 115 134 126 128 141 129 134 129 0 135 103 145 149 128 128 109 0 132 0 139 0 145 131 0 119 134 101 0 138 142 138 123 104 132 141 109 146 131 0 139 0 133 102 108 133 147 146 127 132 106 0 145 0 101 0 113 132 122 122 133 101 149 140 109 0 0 112 109 148 132 112 0 111 120 109 124 146 133 138 101 0 132 108 133 123 118 0 125 113 0 146 128 0 122 138 134 0 112 110 132 109 0 114 139 130 140 109 102 125 0 0 0 142 142 109 109 121 0 0 121 145 0 122 130 0 110 115 128 0 108 146
0 104 147 105 0 0 148 140 111 144 0 120 0 147 0 135 0 116 127 123 0 0 0 135 147 0 141 136 132 106 0 0 123 0 113 120 132 123 127 133 102 0 142 145 130 130 125 0 133 111 0 135 0 146 0 0 100 137 0 0 109 115 130 118 0 124 0 0 102 143 124 102 114 144 135 144 143 120 0 100 113 0 140 130 118 103 0 106 106 142 114 113 123 139 147 100 135 109 104 146 114 141 143 131 104 140 128 110 138 0 102 103 123 148 118 0 125 101 131 145 115 0 0 118 0 105 105 115 124 133 100 115 103 0 0 100 134 147 136 0 122 115 0 0 101 136 147 144 110 131 142 131 127 127 133 129 125 117 0 120 111 0 144 135 108 0 111 105 118 147 134 140 126 139 109 146 133 120 131 140 102 0 117 106 106 110 112 110 139 0 102 133 101 134 137 0 0 137 0 117 0 117 0 126 0 141 115 123 101 108 113 0 104 144 113 114 119 130 128 147 106 144 143 110 105 141 0 0 0 123 121 0 108 126 0 100 115 0 135 133 128 0 101 147 131 131 135 119 0 126 0 100 0 119 111 126 138 135 124 0 103 131 139 0 116 134 122 0 135 111 0 107 141 127 104 121 126 119 145 146
0 115 124 108 112 132 0 0 0 136 146 123 0 0 111 122 124 131 137 139 0 134 132 141 105 0 110 139 0 0 105 0 126 113 0 131 0 140 116 0 0 128 143 106 0 0 0 127 114 138 0 108 110 139 140 125 0 0 116 0 107 138 140 115 119 110 0 106 0 140 142 119 146 135 0 131 112 0 0 131 141 141 114 124 117 122 118 0 125 114 112 140 113 0 137 100 100 143 121 149 0 111 0 115 109 125 144 110 115 138 0 0 113 148 116 0 134 147 143 0 114 0 122 0 0 0 110 120 126 139 0 107 0 0 128 120 114 100 0 124 133 147 144 142 123 133 125 0 114 137 135 0 125 109 105 109 147 0 113 110 0 0 123 130 121 126 0 127 135 100 112 0 141 120 105 120 126 139 113 142 0 138 143 131 124 0 0 0 0 115 140 144 110 141 148 148 137 145 140 110 105 124 116 145 127 147 104 116 113 123 118 0 148 118 146 140 0 102 114 133 145 118 106 136 149 104 137 0 0 148 140 146 0 147 137 113 103 108 117 112 144 130 0 106 0 0 0 136 106 149 135 142 137 0 0 117 127 100 137 128 0 113 147 115 0 147 0 148 120 111 147 146 0 0 0 123 0 142 127
0 114 0 107 132 115 104 131 107 136 0 0 0 0 0 127 122 129 129 0 0 0 140 0 135 0 100 126 124 0 124 105 147 119 113 144 141 0 118 128 132 146 0 102 0 132 126 132 0 130 148 130 108 103 133 0 118 0 0 142 0 0 0 115 0 0 129 142 0 133 0 127 142 100 112 0 0 0 110 134 106 126 119 144 135 128 121 0 0 0 133 144 134 0 146 116 0 100 106 0 142 123 127 133 112 0 0 144 121 0 148 0 114 141 110 0 148 104 104 0 0 112 145 0 0 130 135 101 123 142 105 146 109 138 118 128 137 101 145 147 107 103 100 126 103 128 114 133 123 143 102 102 0 111 114 147 137 145 147 130 129 118 0 132 125 106 100 140 144 115 110 147 0 112 0 0 123 100 139 138 0 0 0 130 104 107 149 129 0 0 140 107 139 110 125 139 148 109 149 106 107 136 104 111 133 130 0 115 117 135 121 127 0 0 129 0 121 122 0 108 0 131 124 0 141 102 138 0 137 105 111 140 0 119 104 136 0 0 112 107 109 108 0 137 143 100 120 0 0 119 116 133 0 104 0 0 147 122 0 0 123 121 114 0 131 108 112 0 102 147 0 117 130 132 109 142 140 114
0 0 131 0 146 103 123 111 0 144 105 0 114 124 0 0 138 0 139 132 118 139 112 142 0 147 121 117 0 0 0 0 109 0 0 104 117 141 0 103 135 144 0 148 0 147 147 0 148 141 144 107 105 0 119 0 145 104 124 130 0 110 0 0 0 109 111 126 0 0 144 128 129 108 120 0 143 136 118 122 122 131 122 0 134 118 0 0 127 105 108 100 107 0 0 145 0 138 104 103 130 114 135 140 0 141 149 145 121 113 104 127 149 117 138 107 0 0 127 116 128 114 146 0 140 127 137 0 0 106 106 104 140 142 0 124 134 0 132 106 122 129 115 123 100 148 140 125 0 104 129 117 118 125 125 123 113 123 117 134 117 120 122 103 110 0 110 0 129 128 135 131 0 141 112 0 123 139 116 147 117 0 0 128 0 0 126 0 108 112 102 0 0 0 123 105 0 127 125 139 148 117 108 0 128 141 0 115 0 142 118 0 114 109 133 0 101 118 142 0 142 141 145 146 122 122 104 146 143 119 136 101 134 0 140 0 142 146 103 142 0 110 108 149 111 143 101 0 127 0 140 137 118 141 139 0 115 0 106 130 139 125 112 137 135 102 0 134 138 135 125 0 117 120 0 147 0
0 123 131 129 143 108 124 0 0 0 0 0 0 114 123 129 134 102 0 0 131 0 0 139 117 112 0 134 130 100 112 120 0 132 141 142 145 0 0 132 0 0 100 0 0 141 114 130 113 0 117 127 102 0 138 130 0 137 144 0 144 107 147 142 0 147 0 0 114 0 0 117 149 105 140 106 143 104 123 145 100 122 0 0 102 104 0 115 126 0 148 0 101 122 114 135 129 109 140 123 107 146 131 128 120 104 0 141 108 133 142 129 116 133 113 117 123 130 127 122 0 139 102 149 148 143 149 0 122 133 118 147 115 0 114 122 145 102 149 128 123 108 118 144 136 0 138 125 149 105 0 0 134 124 132 119 0 147 126 140 146 110 100 0 128 145 131 147 138 0 105 127 111 113 107 112 0 136 0 130 105 103 117 109 0 117 121 114 137 101 128 0 115 102 119 103 0 0 144 114 124 138 0 133 0 107 101 0 117 115 106 0 0 116 125 0 138 113 140 0 0 137 0 116 108 0 118 0 111 138 0 135 136 143 135 0 106 123 130 107 132 0 148 144 113 149 0 0 143 146 115 113 132 100 0 0 120 118 0 146 133 0 129 126 114 127 105 143 0 114 104 0 130 0 102 0
0 103 139 0 126 113 120 148 109 0 145 101 0 109 148 119 113 141 121 147 133 139 112 130 112 146 141 113 144 142 0 118 139 115 126 119 137 135 139 133 100 0 128 124 0 148 138 139 139 0 103 101 108 0 131 111 144 131 135 102 128 139 132 120 136 146 0 0 128 137 0 102 139 134 132 0 0 0 107 149 0 135 124 0 0 119 0 117 115 104 115 123 116 139 103 116 143 106 124 122 144 133 115 115 147 108 135 125 116 109 0 128 141 139 112 138 147 106 119 0 114 136 0 124 0 0 100 134 135 0 108 123 138 129 141 0 132 129 0 0 0 149 0 147 130 0 132 136 107 143 114 118 138 134 0 117 138 138 108 114 0 0 102 130 143 127 0 121 102 108 109 0 110 127 0 113 106 0 129 145 0 0 0 109 134 0 142 105 130 106 131 116 148 0 0 130 132 103 135 102 0 126 119 114 0 133 0 116 103 0 140 145 109 128 101 0 108 127 122 133 0 0 101 140 0 0 132 133 132 101 0 104 0 131 136 116 100 128 144 149 117 115 145 0 110 0 130 136 108 115 147 121 0 102 116 115 121 124 141 111 122 100 127 0 0 108 120 110 135 137 122 0 132 0 149
0 0 0 136 103 117 102 141 0 116 133 129 132 0 108 137 124 119 0 116 0 130 0 103 133 139 104 122 123 142 102 128 144 0 105 126 0 115 134 145 0 107 137 0 100 100 0 0 109 147 0 133 0 109 0 138 142 127 0 134 101 141 139 125 141 118 0 0 126 136 0 0 135 131 121 139 130 149 124 141 0 0 147 109 121 0 0 0 0 120 138 129 0 147 0 0 0 126 149 102 142 123 147 110 0 126 103 122 110 100 124 129 101 100 129 0 0 137 0 115 0 0 148 139 0 137 0 142 129 124 109 104 105 131 134 141 101 133 129 0 134 145 0 138 0 122 127 0 134 148 122 109 100 126 112 107 0 133 119 122 0 136 146 117 101 0 117 0 110 0 0 129 116 131 120 0 143 0 143 118 141 101 110 119 0 117 114 105 107 121 0 110 107 131 120 0 101 149 0 101 132 109 133 132 105 119 131 0 142 113 0 149 115 116 0 0 0 112 101 0 0 103 133 100 147 0 0 145 0 113 132 116 121 147 115 0 139 0 0 104 0 109 104 0 0 103 128 108 119 133 119 133 121 147 0 101 0 137 126 148 132 0 110 145 114 0 129 116 0 0 0 125 142 115
0 128 148 108 119 0 112 0 128 0 111 143 125 110 147 0 126 135 0 114 112 114 106 0 101 0 149 141 107 134 118 0 117 118 138 0 126 0 0 0 149 138 145 118 138 131 134 131 143 107 0 0 0 141 116 143 132 0 141 130 141 115 124 115 148 0 101 138 120 122 0 0 148 126 119 118 117 109 110 0 125 101 108 0 125 146 100 0 118 0 107 0 112 0 143 125 143 106 123 0 149 0 133 100 126 136 102 136 148 120 110 148 122 101 0 142 118 104 100 137 147 141 121 0 125 141 128 0 125 0 135 0 148 133 125 127 100 131 0 102 0 100 144 0 112 0 0 141 128 0 0 108 101 109 148 0 113 115 125 0 0 122 135 0 135 115 111 0 104 0 0 149 129 133 141 106 111 134 124 149 130 105 105 128 129 123 0 129 104 0 139 146 118 0 0 126 102 126 137 0 0 131 136 0 127 121 109 140 142 111 117 129 109 106 147 117 108 142 126 120 145 0 0 105 132 0 148 0 120 133 116 102 149 0 140 0 0 0 100 0 128 114 120 0 139 144 0 126 138 110 0 134 112 116 110 132 107 122 132 0 147 146 116 107 0 121 108 116 148 0 134 0 149
0 114 125 131 136 124 0 111 104 138 139 147 0 0 143 136 108 0 0 127 125 140 122 143 103 0 0 123 0 0 135 0 147 147 132 107 128 104 0 142 114 131 0 134 139 138 131 108 0 0 116 129 135 0 144 0 147 101 0 117 115 140 130 145 104 100 127 0 131 135 145 126 140 147 0 144 0 133 0 0 0 106 125 102 110 134 149 138 0 149 144 0 145 125 121 0 127 144 0 0 0 140 144 121 0 127 145 149 128 148 117 125 128 100 102 124 0 127 122 105 0 129 0 117 130 117 0 139 125 135 149 109 109 100 140 127 116 133 126 133 130 103 0 126 0 134 0 118 0 104 102 0 148 111 0 102 117 120 0 120 109 132 108 0 141 122 0 0 0 111 106 114 138 141 0 100 0 129 113 119 133 0 134 130 145 0 106 0 137 0 120 146 138 112 130 129 0 130 147 124 0 0 113 0 142 141 147 128 130 108 0 145 124 131 0 112 114 111 0 124 140 111 106 125 0 0 118 146 138 0 0 118 102 103 108 130 143 123 116 0 103 0 126 0 143 127 103 0 124 0 149 139 112 109 0 0 0 120 0 101 123 133 109 0 0 145 139 0 131 119 114 0
0 142 114 0 127 0 118 112 0 108 106 105 124 108 114 134 108 103 111 131 125 137 0 0 135 111 138 0 111 143 0 0 120 138 110 123 120 120 138 0 0 0 119 138 147 120 107 0 0 0 124 112 108 0 108 0 147 147 0 0 142 143 139 0 118 112 136 137 0 123 0 0 142 128 0 139 0 136 141 135 0 0 117 138 124 100 0 0 114 113 114 116 142 108 122 104 110 0 114 146 0 0 0 138 0 125 0 0 105 137 143 136 121 137 132 116 146 127 135 111 0 109 142 132 0 113 144 144 139 130 111 107 135 0 115 120 109 139 118 142 139 144 0 0 148 141 0 112 130 106 101 125 134 0 0 133 119 144 0 127 143 134 113 134 101 109 132 120 105 101 109 0 136 0 124 0 100 107 0 102 128 126 137 142 0 0 0 128 0 145 123 119 0 102 114 121 0 110 132 128 104 143 113 119 137 120 0 124 123 148 122 100 109 0 104 0 0 0 100 0 105 122 0 106 142 105 105 136 112 0 131 138 117 113 145 0 0 0 0 0 117 145 108 138 113 132 148 141 118 0 105 108 142 0 137 104 0 138 0 119 142 141 110 142 149 102 148 143 133 0 128
0 0 134 104 0 127 114 118 0 148 111 140 103 135 0 103 139 120 111 0 130 139 103 148 114 120 131 149 129 108 124 116 139 0 143 114 0 111 113 102 105 129 0 109 147 0 0 112 131 143 119 116 122 0 131 110 126 135 0 131 144 111 116 147 129 0 0 135 114 111 129 142 0 140 124 0 100 116 143 143 0 0 134 135 131 102 134 0 106 119 0 0 109 0 125 124 0 130 0 148 0 121 121 0 138 132 112 149 0 130 148 119 146 142 147 131 0 100 134 0 135 117 0 128 104 133 0 0 0 0 113 109 107 0 133 121 113 129 110 144 141 133 136 0 115 139 144 0 115 149 118 123 0 137 0 128 0 115 121 148 112 0 107 145 122 148 109 110 0 142 105 115 133 132 141 119 134 0 131 145 101 130 130 110 123 0 108 113 123 0 145 142 101 132 129 145 117 127 108 141 145 102 133 105 112 123 144 0 110 138 137 119 0 114 0 0 106 147 122 0 127 125 134 134 0 149 122 0 0 127 100 0 146 126 121 142 113 142 123 0 138 127 139 133 0 130 109 105 108 120 136 114 143 109 146 105 145 121 0 101 144 121 143 0 149 127 0 137 119 135
0 121 141 0 140 141 122 100 141 105 105 0 102 0 0 136 127 109 144 0 103 136 142 104 0 108 130 127 0 139 0 110 107 0 119 121 118 115 108 105 0 147 136 127 143 141 102 124 114 0 109 148 131 0 145 134 0 149 0 139 119 142 0 108 143 110 131 101 127 143 107 0 123 125 114 130 111 101 118 0 101 148 143 115 0 113 0 104 124 141 109 117 117 139 136 142 121 147 132 142 114 0 0 146 133 0 0 107 145 115 137 130 107 115 141 146 0 120 104 100 121 120 115 107 126 144 0 105 142 111 123 0 111 143 123 0 0 104 117 123 141 137 138 111 132 138 132 131 0 104 146 0 149 109 139 131 104 117 109 0 113 105 135 143 103 0 104 144 124 0 0 0 108 130 0 131 0 116 0 0 149 148 0 135 146 0 129 0 146 0 113 135 147 0 0 0 102 101 117 146 0 119 137 0 140 118 105 0 140 127 129 119 0 133 100 149 131 102 128 120 149 122 103 138 104 0 0 148 101 121 103 110 121 128 0 140 116 140 100 124 135 126 140 125 113 0 0 0 0 143 104 122 140 109 110 140 129 0 132 126 126 149 102 115 126 0 110 141 101
0 0 0 116 128 136 147 126 0 139 109 0 129 107 100 106 100 135 115 131 111 140 148 106 0 146 119 0 112 0 125 0 133 123 137 105 130 122 146 130 138 140 0 103 147 148 109 0 149 0 149 113 138 138 117 0 127 126 143 106 103 102 0 0 128 0 0 142 0 145 110 0 131 111 129 123 0 0 0 107 143 0 149 0 119 128 131 118 148 139 0 125 105 114 120 116 111 110 137 0 111 127 136 139 100 119 0 125 140 109 117 139 0 112 126 118 119 120 0 127 106 147 132 117 112 112 101 143 147 0 109 140 147 133 0 0 146 0 0 106 102 136 0 0 116 105 115 0 125 110 0 0 147 129 130 134 110 111 127 125 107 117 129 108 140 133 0 109 129 114 115 142 146 115 0 125 0 134 125 128 133 148 140 124 148 121 101 124 129 129 138 143 0 126 116 113 0 126 123 103 145 104 114 0 145 0 0 114 124 0 141 139 131 106 138 0 0 118 108 125 0 105 112 124 104 147 134 0 137 123 0 144 125 124 110 106 144 0 149 0 113 0 136 140 109 136 0 135 117 130 120 0 114 0 127 0 145 0 149 0 110 0 117 143 119 110 0 117
0 0 0 0 122 143 124 109 111 109 143 112 112 103 132 133 0 143 141 0 103 110 146 0 0 0 143 124 136 138 127 102 0 130 146 0 120 137 0 124 138 0 0 109 124 139 135 118 0 131 108 131 143 107 133 0 126 120 105 139 146 0 104 112 0 100 133 141 129 128 0 136 108 128 102 119 102 0 0 0 111 112 132 134 140 0 129 105 0 137 145 125 126 131 131 0 106 131 107 113 148 0 138 114 122 145 136 102 133 129 0 117 142 139 122 104 0 137 0 134 0 101 113 0 0 108 132 0 133 102 142 0 110 149 109 131 0 104 0 114 100 111 141 107 148 122 129 100 106 134 130 146 0 105 123 142 117 118 100 107 118 145 103 141 141 138 0 102 123 125 0 113 100 149 102 129 132 143 123 105 146 0 136 0 0 143 0 134 107 105 0 145 0 116 105 114 0 119 131 105 108 139 106 0 148 100 144 104 139 139 126 0 149 141 133 134 0 115 0 143 109 120 147 0 0 144 121 0 103 135 137 119 106 122 108 111 115 0 118 115 132 147 0 141 109 0 0 111 135 130 118 125 0 0 0 141 0 0 144 104 104 130 142 0 131 112 121
0 0 0 0 0 0 0 0 0 0 0 0 0 0 0 0 0 0 0 0 0 0 0 0 0 0 0 0 0 0 0 0 0 0 0 0 0 0 0 0 0 0 0 0 0 0 0 0 0 0 0 0 0 0 0 0 0 0 0 0 0 0 0 0 0 0 0 0 0 0 0 0 0 0 0 0 0 0 0 0 0 0 0 0 0 0 0 0 0 0 0 0 0 0 0 0 0 0 0 0 0 0 0 0 0 0 0 0 0 0 0 0 0 0 0 0 0 0 0 0 0 0 0 0 0 0 0 0 0 0 0 0 0 0 0 0 0 0 0 0 0 0 0 0 0 0 0 0 0 0 0 0 0 0 0 0 0 0 0 0 0 0 0 0 0 0 0 0 0 0 0 0 0 0 0 0 0 0 0 0 0 0 0 0 0 0 0 0 0 0 0 0 0 0 0 0 0 0 0 0 0 0 0 0 0 0 0 0 0 0 0 0 0 0 0 0 0 0 0 0 0 0 0 0 0 0 0 0 0 0 0 0 0 0 0 0 0 0 0 0 0 0 0 0 0 0 0 0 0 0 0 0 0 0 0 0 0 0 0 0 0 0 0 0 0 0
0 137 119 124 139 133 110 0 146 108 116 115 0 142 0 0 128 107 144 119 135 118 0 145 127 148 0 0 134 106 0 132 146 120 131 105 141 0 0 134 101 0 133 125 0 118 141 0 142 129 120 136 133 122 0 122 100 100 138 102 0 137 149 134 119 134 136 133 134 128 106 137 142 125 131 121 126 133 0 0 110 0 140 139 130 145 128 120 123 0 0 148 146 142 107 133 0 103 122 147 141 0 0 100 113 104 126 144 0 107 106 0 121 137 146 103 125 0 0 110 145 121 102 119 0 136 0 106 130 0 104 110 0 0 0 0 0 128 129 106 139 120 103 111 0 148 0 115 129 0 0 140 142 0 140 107 100 0 142 124 114 136 143 140 122 144 114 112 131 116 138 102 127 132 128 121 0 111 104 117 146 0 147 101 121 0 113 113 114 134 119 111 133 124 109 0 124 119 131 131 113 140 0 0 124 127 144 131 107 0 110 122 122 0 129 115 103 0 140 140 130 116 141 109 117 106 128 0 0 0 122 126 115 128 105 125 0 121 114 114 118 0 142 113 117 109 138 122 0 125 105 139 146 107 136 144 130 107 130 138 105 113 125 0 145
0 126 0 143 0 0 114 102 0 111 146 103 127 141 135 114 0 0 127 103 118 147 137 104 105 0 0 125 132 132 109 138 0 128 132 0 0 0 100 123 0 113 112 137 0 148 122 0 0 0 148 125 116 131 102 104 117 144 131 112 121 0 130 111 123 139 0 114 102 138 115 141 126 113 121 109 130 116 121 110 116 102 0 0 0 118 123 0 146 149 147 117 134 108 130 108 0 141 0 0 141 0 132 140 118 140 139 0 146 140 127 148 105 148 116 110 104 0 132 138 140 144 134 136 0 136 145 0 139 120 141 143 148 132 142 101 137 124 140 117 115 101 104 109 107 127 129 111 134 114 0 116 0 111 130 0 117 109 114 113 0 122 131 146 141 0 0 137 123 131 128 117 114 142 0 137 0 0 105 144 121 148 146 146 0 102 0 0 129 149 115 143 0 0 114 127 113 142 113 110 103 107 112 0 106 126 0 117 137 112 121 122 109 0 131 110 0 109 0 0 0 147 0 118 117 123 0 0 0 142 136 125 106 139 0 102 146 131 139 133 0 144 137 104 113 0 121 132 143 135 131 147 124 0 105 136 0 110 0 105 141 123 131 102
0 148 0 108 100 149 144 113 0 0 123 0 0 134 106 149 126 0 0 116 137 104 149 110 132 146 133 0 101 0 115 102 134 112 149 147 124 0 143 0 114 129 141 126 101 120 119 120 0 0 134 0 132 130 138 0 127 0 105 108 105 117 101 116 140 132 102 126 119 118 114 0 106 131 147 110 103 110 0 141 101 110 145 0 104 145 130 144 134 140 137 129 133 117 0 118 0 0 139 0 0 140 0 118 130 130 130 143 106 0 138 141 128 123 116 124 0 134 0 137 108 0 129 135 0 108 115 0 103 127 116 143 102 125 0 0 130 103 104 140 138 0 0 0 138 110 106 0 137 0 0 136 116 0 139 138 144 102 140 111 149 143 113 0 107 0 0 147 105 0 111 112 133 145 112 0 0 118 108 140 0 141 107 112 122 121 143 135 0 138 0 0 121 139 0 111 101 149 141 0 149 123 103 130 108 121 113 0 148 141 148 143 137 0 132 0 130 115 108 130 0 103 0 118 134 121 141 112 146 129 113 0 111 109 105 122 127 0 108 102 106 104 139 0 108 141 126 147 0 121 143 137 115 127 0 130 0 130 126 132 0 0 104
0 141 103 0 146 0 0 103 0 102 123 0 123 129 110 0 133 116 141 100 139 107 0 104 102 121 0 0 104 114 146 112 106 143 0 141 109 112 122 100 112 101 118 0 0 145 145 120 101 113 145 121 0 138 138 0 0 138 0 0 0 0 137 117 119 118 115 142 0 0 127 0 106 111 110 0 120 104 144 0 120 105 0 107 0 147 0 123 0 0 145 0 119 0 139 104 0 106 149 131 147 0 146 111 142 106 0 0 0 112 0 130 109 122 105 122 0 145 141 128 100 130 131 116 0 124 0 0 143 117 113 129 107 105 138 0 132 136 144 111 135 140 113 145 101 107 143 0 149 120 127 109 101 128 0 0 141 128 139 109 103 0 0 140 114 141 122 106 100 100 107 131 101 136 132 142 103 108 143 137 124 0 121 0 0 101 132 103 104 0 138 145 0 111 0 145 108 120 100 102 122 103 107 126 0 101 0 115 0 101 106 111 111 108 128 108 136 124 0 137 102 118 148 115 0 0 119 139 148 133 109 100 126 0 111 119 134 111 125 0 128 0 145 132 102 141 0 139 145 122 0 139 102 121 142 0 0 135 147 115 122 0
0 130 146 110 103 108 110 0 100 106 128 143 113 133 140 135 122 103 137 0 121 144 109 147 0 0 0 0 117 118 100 149 136 115 125 118 139 142 125 111 0 128 0 139 0 119 0 130 102 126 134 113 103 0 141 139 130 0 142 134 0 129 0 144 129 134 0 145 0 0 102 148 116 107 0 125 112 144 117 117 0 139 116 120 0 145 133 0 0 149 122 145 0 127 141 139 147 149 104 135 113 106 106 135 0 127 138 0 136 0 147 141 114 143 0 0 136 0 136 128 131 146 109 120 138 139 127 136 136 130 0 134 110 106 118 117 111 0 0 105 144 140 123 135 0 111 143 102 108 116 105 0 0 108 100 101 127 125 121 0 130 126 107 0 0 110 0 135 0 116 119 0 138 130 0 149 132 139 142 137 142 100 0 118 111 149 0 0 140 119 105 140 107 0 132 0 0 133 137 0 0 0 0 135 146 125 110 0 149 106 108 118 135 129 132 109 0 119 107 128 147 0 147 0 128 135 101 127 148 103 0 117 139 147 143 0 129 0 116 0 125 121 135 0 0 127 137 114 134 148 0 102 129 0 133 133 0 0 129 0 0
0 136 0 123 0 0 0 110 137 144 137 130 131 138 104 103 104 0 0 122 0 121 0 109 134 0 116 102 118 0 144 107 113 135 148 129 132 131 125 120 109 144 128 115 109 0 0 145 105 108 0 100 124 131 117 131 104 111 147 114 105 125 145 140 122 0 128 0 149 0 119 134 109 0 134 149 110 109 110 122 130 141 106 113 125 0 130 109 107 132 122 111 136 0 0 147 129 130 0 124 116 131 104 120 116 124 129 139 143 149 145 139 109 123 141 114 131 113 117 0 0 138 142 108 141 114 100 0 0 122 118 0 115 137 107 128 136 135 105 106 118 100 148 136 125 126 133 123 115 0 0 144 110 132 121 111 0 0 121 113 130 120 138 143 0 134 128 115 108 144 120 0 127 114 0 138 0 116 0 102 149 0 0 120 122 128 102 130 124 135 117 126 122 101 105 116 106 120 136 112 118 144 100 136 103 0 0 103 0 140 116 129 146 146 135 103 117 111 112 141 144 144 0 127 0 0 0 122 117 0 135 117 136 0 148 109 0 0 0 0 0 0 141 138 103 110 144 149 132 0 120 113 101 115 141 128 147 134 111 142
0 106 108 144 117 110 132 134 0 115 135 148 126 0 121 124 107 116 101 0 103 130 118 105 124 0 117 0 149 143 140 143 111 148 0 108 0 0 141 0 120 138 0 113 0 116 123 135 116 116 122 0 0 114 130 0 112 0 101 130 124 0 149 141 0 119 129 114 0 126 115 0 132 115 122 125 121 109 128 106 102 117 144 105 0 109 123 119 139 105 122 134 142 102 125 129 122 109 139 101 123 136 148 142 140 135 0 126 118 130 0 0 103 0 0 0 137 126 0 102 109 115 134 0 118 115 137 0 147 0 0 0 0 111 0 141 148 114 122 109 119 104 116 139 125 116 134 105 0 109 115 0 129 115 101 116 132 142 124 144 0 0 105 0 0 100 120 0 100 117 0 113 143 0 0 119 0 142 0 135 145 0 0 0 134 0 0 145 135 0 140 131 102 125 132 0 146 146 124 119 103 125 0 133 119 110 134 0 103 135 134 101 0 108 0 130 135 109 0 141 106 133 139 124 146 149 102 105 123 147 0 120 113 102 144 0 143 143 135 126 103 118 128 0 142 135 0 131 123 123 0 107 134 0 140 146 143 106 0
0 0 110 0 133 0 118 128 148 146 115 148 101 124 0 104 114 135 118 0 116 101 0 130 123 0 0 142 0 107 110 118 131 0 102 118 136 146 143 104 131 124 145 0 133 125 119 114 140 110 130 125 144 118 113 112 109 0 141 123 126 133 0 148 121 0 102 137 102 120 108 0 112 110 0 145 0 139 109 109 109 119 124 0 104 0 0 108 109 144 128 122 0 109 139 0 133 115 147 113 113 116 141 0 103 145 140 137 0 0 118 0 136 144 124 101 116 0 114 116 117 0 139 139 124 0 0 134 110 0 113 0 113 129 129 0 0 142 142 123 109 0 125 0 0 125 105 141 112 109 105 145 138 146 126 0 132 121 0 117 100 118 106 0 137 108 123 0 130 0 0 134 0 143 134 103 106 138 108 125 138 117 138 127 135 0 126 0 0 0 0 119 0 136 0 0 0 134 128 106 129 0 130 111 112 134 117 133 134 143 109 0 129 0 0 135 100 114 0 146 103 136 0 131 132 105 114 101 148 111 129 101 0 143 127 108 112 137 123 142 0 113 130 120 105 0 123 120 147 123 0 131 110 119 0 0 104 147
0 125 0 144 0 109 139 126 103 123 126 110 0 100 147 110 149 126 0 133 109 129 0 102 137 125 133 112 124 145 122 0 143 125 143 137 146 137 0 108 135 149 114 0 111 0 0 0 128 114 145 149 122 0 111 144 127 0 0 0 0 103 120 102 122 0 135 124 118 143 118 121 0 117 0 0 129 0 0 145 122 141 110 0 126 0 102 0 131 136 131 139 122 149 106 131 0 122 141 133 132 0 122 140 105 115 141 0 112 116 149 112 132 0 117 100 139 123 126 112 139 120 146 133 0 0 117 129 140 113 140 139 112 104 146 137 0 124 0 136 119 0 124 109 147 110 138 107 0 118 137 105 116 0 142 100 102 101 138 112 125 127 108 110 139 146 103 104 102 114 125 104 132 115 137 115 0 118 149 0 0 106 105 0 144 0 114 115 0 101 119 0 103 0 147 0 0 119 146 0 0 148 138 121 111 0 112 117 0 110 140 105 114 102 117 0 110 116 118 134 123 127 127 120 148 0 114 100 0 106 100 107 119 0 0 0 0 142 0 0 142 0 143 117 130 128 123 119 125 124 138 0 0 104 121 141 0
0 120 144 118 133 125 109 112 103 126 115 117 136 0 147 143 115 122 116 0 115 141 112 101 0 0 119 113 146 128 105 106 135 127 0 139 114 0 127 139 0 0 126 104 106 149 112 133 124 131 131 108 104 107 108 0 112 0 128 119 128 0 0 126 129 119 148 118 126 0 120 0 0 117 145 131 0 140 131 149 129 0 132 107 140 142 148 148 128 137 0 102 107 0 0 0 101 0 120 108 111 119 114 139 112 102 107 0 143 140 122 123 140 137 0 135 124 0 111 0 144 130 108 104 109 147 105 143 0 109 110 115 105 101 0 127 118 146 110 141 124 0 122 0 0 105 109 107 136 0 0 136 111 0 133 147 111 106 0 0 0 114 126 105 0 0 127 0 0 149 144 115 0 0 105 103 117 147 102 0 133 100 133 107 135 112 100 109 0 130 108 0 148 109 101 0 103 0 105 0 0 115 135 114 122 123 118 127 101 135 112 104 106 142 0 110 129 105 114 137 106 0 100 125 114 121 122 0 128 0 0 148 104 145 108 0 129 140 113 137 135 132 112 116 115 143 0 121 143 120 147 135 0 103 136 127
0 132 0 134 0 107 135 132 134 0 115 0 140 0 0 107 0 0 139 0 107 105 132 0 134 149 145 0 132 129 105 148 147 113 0 0 113 129 111 123 131 0 0 129 106 120 0 114 137 0 0 0 127 102 142 0 110 0 129 117 111 108 113 141 135 143 108 111 128 130 137 0 0 134 100 0 111 146 127 131 110 102 0 0 149 101 128 110 147 102 148 128 132 117 101 106 0 103 0 0 138 111 0 108 102 0 0 129 127 115 0 117 103 118 0 119 113 112 115 0 0 105 133 0 131 0 141 116 144 120 112 134 102 0 128 0 133 137 0 0 122 0 113 0 125 111 0 112 126 101 118 0 111 149 115 117 101 142 0 119 137 0 0 125 119 149 105 141 104 121 116 133 0 112 145 0 146 116 144 120 136 116 129 118 0 0 112 0 149 142 114 104 104 148 109 120 0 0 0 102 110 103 146 102 0 0 143 0 140 104 0 0 0 115 0 111 127 145 0 136 135 104 149 102 122 0 149 118 131 0 0 127 0 131 108 120 143 125 136 114 121 116 0 0 0 133 142 0 133 109 127 129 127 118 0
0 111 110 0 126 132 130 118 0 149 138 129 0 143 0 0 0 120 106 139 110 131 102 137 118 0 125 0 144 142 114 129 129 106 110 0 129 100 132 119 129 0 116 0 0 128 129 0 114 143 107 141 145 101 126 0 0 101 107 138 0 134 131 0 102 130 113 144 146 140 114 0 146 143 106 0 137 105 129 148 125 102 134 113 137 0 110 0 109 0 0 101 106 0 0 133 140 112 0 135 144 125 137 133 108 0 117 115 114 123 145 100 102 121 0 118 147 0 106 133 108 125 106 103 121 0 147 0 134 113 126 105 145 0 116 143 103 144 148 0 140 140 140 132 105 103 0 108 100 147 120 101 111 101 146 129 139 0 110 141 0 136 137 123 0 111 134 141 0 143 100 135 0 105 130 0 0 0 112 0 139 0 100 0 109 106 111 0 145 102 107 0 0 148 0 148 0 0 143 146 117 139 0 0 121 134 119 0 133 129 108 144 125 110 123 123 0 128 103 115 123 0 0 0 120 126 140 148 112 104 0 139 104 127 106 106 140 140 122 147 140 145 112 0 0 0 123 0 102 104 0 0 129 119
0 120 0 0 0 0 144 107 113 0 105 112 0 137 0 142 102 0 138 101 124 145 0 112 0 124 0 130 136 112 142 120 102 0 124 0 125 117 102 140 127 0 113 0 0 134 126 126 146 127 0 143 139 0 0 118 0 106 135 134 110 124 0 134 123 107 147 0 131 0 100 0 0 149 0 142 119 122 111 149 0 112 104 141 112 0 137 0 101 0 0 104 109 0 133 108 0 111 145 0 123 136 0 104 0 0 0 141 113 138 128 0 132 147 0 0 114 116 0 106 111 143 132 0 127 129 0 147 139 124 132 112 121 132 105 102 137 131 119 129 145 0 0 0 121 100 0 0 0 0 144 140 125 101 106 144 107 0 0 134 143 106 113 111 0 0 120 114 0 140 113 110 111 131 110 0 0 0 107 127 100 0 0 110 138 143 0 124 109 125 107 143 124 105 125 110 146 0 141 130 129 130 148 135 131 139 134 130 148 132 108 113 0 102 0 0 148 0 0 146 129 0 0 118 118 0 125 122 122 127 0 124 0 110 0 128 111 0 127 0 130 149 139 112 140 0 0 128 0 0 112 148 0
0 0 127 112 145 113 139 119 116 100 142 148 121 138 0 120 0 0 146 124 149 138 122 0 146 119 145 112 0 0 131 141 134 149 0 102 103 0 0 146 147 129 0 103 101 132 129 135 0 0 105 149 111 143 0 142 109 114 136 149 131 142 112 148 0 128 138 119 146 141 0 129 120 142 0 123 133 135 116 107 0 0 0 101 118 119 107 0 110 136 103 121 126 134 0 133 119 0 120 141 109 0 104 136 0 0 130 0 0 144 124 105 115 117 0 116 143 145 110 0 138 0 148 133 149 111 110 0 121 0 128 149 117 123 114 0 127 0 101 110 142 110 0 149 0 140 141 126 142 0 147 140 107 117 136 125 141 108 0 128 118 132 0 0 0 103 124 0 0 123 119 112 117 112 111 123 147 0 118 103 130 0 0 124 120 104 126 105 137 120 0 117 0 107 0 125 0 103 128 148 132 0 140 132 129 0 0 115 132 142 103 107 0 124 101 0 113 137 127 131 121 149 0 0 124 0 0 146 147 141 107 109 142 0 126 109 140 109 125 0 121 113 122 0 0 143 135 121 0 0 146 140
0 0 125 118 0 137 131 122 111 0 0 103 0 106 0 0 140 0 120 107 100 138 115 0 146 140 0 127 119 107 133 128 120 142 0 134 0 142 0 134 122 0 102 0 109 113 0 104 119 0 0 149 0 104 0 0 0 0 0 131 144 121 0 116 132 0 108 131 149 113 0 134 0 0 0 0 140 143 133 121 144 100 0 121 0 120 106 107 106 0 0 105 0 143 109 0 149 101 147 114 137 0 140 110 0 143 0 0 104 0 104 114 112 0 116 140 0 0 0 130 124 113 0 118 0 0 128 126 147 107 144 0 0 121 138 142 0 118 104 102 135 129 147 135 0 116 133 0 131 0 103 112 143 125 0 109 143 131 131 128 105 119 125 0 135 126 0 128 0 0 108 147 0 136 138 114 0 0 0 105 141 146 101 0 0 136 135 0 131 104 110 0 0 100 104 127 0 146 103 0 124 135 115 134 139 137 0 130 147 111 107 110 146 145 117 147 139 122 110 129 135 134 0 145 122 135 0 114 0 114 107 132 0 135 114 131 0 146 0 124 128 0 136 0 141 139 138 114 0 146 140
0 134 0 127 116 111 121 108 0 104 127 148 135 126 0 0 0 106 116 0 118 149 109 118 104 145 102 0 146 0 0 127 0 0 0 0 147 106 121 107 119 0 126 112 0 122 0 139 102 138 141 129 0 110 148 0 115 0 127 135 0 103 0 122 122 108 0 0 0 102 140 141 135 125 127 117 127 105 115 0 124 0 113 123 102 0 115 141 104 118 107 147 124 115 111 103 0 0 146 123 107 123 108 125 130 0 101 137 148 123 106 122 0 132 0 139 0 104 112 105 110 115 135 106 144 146 118 149 0 106 124 147 0 0 139 106 0 147 113 124 134 0 0 142 118 144 135 139 128 109 125 132 0 0 135 0 111 105 142 125 116 101 136 107 129 142 0 139 139 111 125 133 129 141 139 102 122 115 147 107 111 144 126 139 125 0 0 123 0 113 148 0 124 110 137 133 138 108 149 0 115 145 119 149 129 118 135 141 0 145 112 0 100 127 144 139 147 121 134 125 104 119 146 139 129 131 0 135 133 100 106 128 0 125 131 114 128 0 146 0 110 103 100 142 0 0 0 137 103 0
0 111 142 0 116 0 116 0 0 128 145 137 130 108 127 118 113 111 0 126 127 100 131 145 133 126 106 126 122 0 140 110 0 134 126 138 148 0 117 0 118 104 132 0 0 0 127 123 118 101 120 105 0 101 0 102 113 138 141 0 106 114 110 114 127 123 106 0 125 0 101 144 145 122 123 0 134 0 113 142 105 116 111 0 106 0 0 102 143 114 125 134 122 130 0 113 148 0 138 0 118 0 0 110 125 0 105 132 133 0 129 131 0 121 0 125 132 118 0 112 114 108 125 135 114 121 132 124 0 129 119 111 128 0 140 129 145 0 145 0 132 137 114 0 145 105 122 143 148 0 0 133 115 0 139 108 0 126 143 133 148 144 141 103 0 143 136 145 142 0 0 0 0 143 112 111 0 142 126 0 0 0 0 143 128 126 128 139 0 139 0 109 140 120 115 129 140 142 107 140 0 137 0 102 137 126 103 110 143 0 0 128 113 115 0 0 100 100 107 143 0 105 0 120 135 107 109 101 0 124 131 108 122 137 143 145 114 113 120 101 129 130 105 127 113 110 120 135 101
0 116 129 0 104 137 148 110 105 0 142 104 134 0 132 0 110 0 111 145 145 117 112 0 0 100 144 147 138 134 109 129 147 146 145 120 120 0 0 143 106 127 109 140 106 0 0 142 132 124 0 132 122 109 102 149 130 0 109 141 141 0 132 0 116 148 121 135 143 100 101 124 144 106 133 142 137 102 0 104 110 149 127 106 121 149 111 110 144 119 0 108 0 0 138 122 145 0 0 107 133 132 105 122 0 119 118 133 109 0 0 129 0 111 105 107 127 101 106 107 137 127 146 0 143 119 116 129 136 130 116 137 125 107 149 102 145 0 149 100 111 0 139 0 100 136 103 0 0 114 101 0 0 0 105 126 118 143 109 112 0 111 132 136 148 112 147 0 100 142 0 129 148 144 149 103 120 0 119 103 141 128 0 136 146 106 116 0 0 118 129 122 130 148 0 0 149 149 145 136 149 114 129 147 0 122 116 146 0 146 112 123 132 107 118 0 115 108 125 127 0 0 114 119 0 0 109 0 0 103 138 0 108 136 0 148 139 141 132 119 107 149 136 119 140 110 0 134
0 115 0 111 100 145 0 0 102 145 0 0 0 109 124 132 131 134 148 0 143 0 135 101 111 0 111 126 0 0 136 118 113 147 117 121 145 144 102 138 0 123 144 133 101 116 134 103 119 101 128 126 135 146 101 114 127 121 0 0 140 131 135 137 104 0 146 128 0 123 115 0 143 111 147 0 145 104 120 149 149 117 146 0 118 138 0 125 140 118 0 100 0 117 125 149 126 122 130 116 0 102 144 136 146 121 0 119 145 135 0 145 108 0 128 0 123 147 140 130 118 107 0 0 0 0 0 124 0 115 144 138 144 129 144 120 109 117 0 147 132 132 149 128 103 0 143 105 142 134 0 130 149 0 113 142 140 138 138 110 140 114 129 104 132 149 138 117 0 108 110 0 110 124 146 143 131 121 0 0 0 0 0 118 113 0 120 127 103 147 107 132 149 135 110 0 101 119 135 113 106 108 0 135 0 0 103 0 139 143 133 139 0 0 0 148 139 147 124 134 149 127 0 0 133 137 117 135 0 107 104 0 148 119 113 0 140 116 106 0 148 147 145 141 122 0 106
0 124 109 112 122 128 104 110 140 0 0 0 119 0 135 132 100 142 0 119 127 104 124 120 0 134 0 125 0 134 0 0 136 123 107 116 0 142 127 107 100 147 107 132 0 0 123 124 148 0 113 115 122 145 127 135 126 128 100 131 140 0 119 136 0 101 101 117 136 124 112 133 130 136 143 127 113 102 112 143 101 115 141 106 137 123 0 133 110 0 132 0 0 0 143 143 140 124 0 139 112 143 0 113 104 127 148 102 104 128 117 0 124 0 137 110 103 119 135 130 138 138 138 144 137 107 147 108 147 146 148 145 0 120 149 0 145 129 148 103 113 144 113 140 134 123 133 0 0 123 0 0 106 137 123 137 148 107 120 144 137 128 100 0 146 103 102 149 121 0 142 0 142 142 100 119 112 102 0 143 124 0 120 136 125 123 140 112 0 122 146 103 119 101 0 0 0 0 136 0 124 147 101 140 137 102 125 120 0 127 117 0 127 109 102 133 0 149 114 122 139 114 0 102 133 0 111 141 146 0 118 121 132 0 0 109 126 0 0 118 106 145 137 128 127 0
0 126 114 109 116 146 145 0 130 146 138 137 123 142 133 119 0 141 0 148 142 110 135 115 105 131 0 128 118 115 0 142 139 121 0 144 106 125 0 0 148 0 0 146 109 124 116 0 0 130 125 0 0 121 102 0 133 0 126 125 0 113 0 0 124 118 0 0 129 107 113 0 135 0 125 147 135 104 138 0 125 0 110 123 109 0 0 149 0 0 125 116 114 125 109 132 123 120 111 0 117 148 104 139 128 0 0 106 0 0 101 117 128 0 0 107 147 147 126 120 128 126 116 117 115 142 125 101 0 116 135 105 113 113 0 139 134 0 100 116 0 125 146 0 135 119 0 144 142 134 103 100 123 116 140 141 147 120 109 105 124 119 117 127 133 126 138 0 140 128 0 139 130 138 117 128 123 106 107 119 113 0 149 0 128 143 110 103 111 143 120 128 0 141 132 139 111 0 122 0 139 122 105 133 0 101 120 108 0 111 132 0 142 0 0 130 138 100 0 131 0 0 107 140 0 108 0 106 136 134 135 113 149 116 0 136 102 124 113 0 0 119 132 109 136
0 149 111 126 107 125 106 140 129 112 0 0 103 100 132 111 148 0 143 130 130 119 0 146 116 113 102 103 113 109 109 121 102 0 0 116 114 0 104 149 116 138 0 117 122 0 145 107 114 124 123 113 119 108 128 0 0 0 140 127 123 136 109 115 133 109 0 138 107 124 119 138 137 130 111 126 144 112 0 124 119 135 130 130 106 108 136 125 118 149 0 109 139 140 125 0 121 0 109 108 109 113 120 0 133 104 115 121 115 116 0 0 129 0 0 0 134 120 106 114 109 132 0 128 102 0 135 0 133 104 128 0 112 138 0 0 130 138 112 142 107 0 100 126 116 115 0 109 100 125 0 133 106 0 131 141 140 107 138 144 134 148 113 103 132 149 149 148 114 148 133 0 112 0 0 0 0 0 146 124 110 132 119 137 0 119 0 0 0 106 141 0 0 107 105 0 113 134 117 137 141 106 111 108 144 116 113 138 0 132 109 119 123 148 0 0 0 102 111 130 128 0 0 122 129 101 133 0 109 140 144 123 0 137 130 138 144 143 146 126 140 147 102 104
0 124 106 138 101 136 129 0 0 0 114 119 0 0 126 115 119 118 102 0 126 0 0 148 132 131 147 118 142 0 142 117 0 149 102 0 117 114 104 114 119 136 121 142 128 0 110 132 136 0 140 131 136 125 0 105 115 115 141 108 116 110 0 116 0 131 125 110 102 0 103 134 114 0 142 130 140 103 108 140 135 0 0 133 0 0 114 138 135 104 143 138 0 145 107 133 0 147 135 130 109 126 117 143 120 126 0 104 122 128 117 113 141 148 121 0 0 135 0 0 109 142 141 101 117 143 111 0 133 100 120 136 149 122 144 110 117 112 124 0 126 113 0 145 131 125 0 109 0 110 0 127 149 105 147 123 110 0 113 0 109 0 0 112 140 129 106 121 129 0 0 0 0 115 117 111 122 141 137 108 142 0 105 114 0 134 126 105 120 0 140 130 145 106 0 109 0 137 145 100 127 0 149 146 114 118 0 144 0 0 0 102 138 126 118 122 117 0 102 112 106 114 125 148 110 110 0 0 0 146 145 0 127 108 100 145 116 143 0 0 138 120 141
0 0 0 143 121 144 123 0 112 130 0 139 0 130 144 128 140 0 140 0 149 140 142 102 146 101 126 113 111 113 133 115 125 136 134 107 109 127 0 0 115 125 125 102 127 125 104 106 125 142 122 112 124 0 126 125 118 106 0 0 142 126 106 0 0 115 125 0 131 140 103 116 128 136 103 0 111 145 116 0 0 104 0 102 135 0 0 111 126 108 0 121 123 119 0 0 107 141 146 110 149 120 112 0 105 0 141 127 136 147 109 131 132 142 148 122 143 148 112 108 122 118 125 138 134 124 142 108 138 117 111 113 116 0 135 108 103 0 0 118 139 119 0 138 143 113 107 119 142 0 134 139 0 0 0 142 137 108 140 134 124 141 0 139 129 126 120 0 145 104 127 120 133 145 130 135 103 114 0 140 143 147 107 0 132 107 111 129 115 114 105 107 129 0 0 135 142 147 140 0 132 0 146 111 0 112 120 122 139 129 106 0 135 0 122 107 122 127 107 145 0 120 113 146 143 0 105 137 134 0 137 0 104 129 0 0 123 140 105 0 135 102
0 133 143 143 113 0 109 148 147 102 120 115 109 108 0 115 134 135 0 136 0 106 126 137 121 0 116 106 149 137 147 132 112 102 119 147 113 107 140 0 106 0 0 149 0 142 112 127 144 116 148 131 0 116 0 0 115 0 110 109 125 136 0 133 146 0 118 0 107 108 132 0 106 106 114 121 137 110 104 103 117 147 0 125 138 128 148 103 147 0 110 136 119 0 103 104 143 121 0 147 125 149 135 113 134 101 101 131 101 104 148 101 116 104 120 101 132 109 134 141 124 133 120 119 105 108 142 0 146 119 147 143 123 144 110 120 0 101 119 104 0 126 104 102 149 0 0 105 146 127 103 0 0 123 120 107 0 0 107 0 120 137 102 122 0 111 149 110 148 112 129 0 0 121 122 0 108 0 144 122 110 114 124 0 109 122 0 0 0 0 148 124 141 137 101 114 146 0 0 127 146 126 0 143 129 100 147 0 108 0 139 107 132 131 141 126 116 146 117 107 143 102 147 0 129 142 126 100 122 109 142 125 100 100 114 118 128 117 142 0 142
0 0 101 119 111 100 0 127 0 0 105 109 110 0 133 107 148 0 129 117 143 132 0 107 133 0 119 0 129 121 138 126 107 108 144 103 132 0 138 0 0 126 143 121 136 100 0 108 129 131 127 110 102 110 133 124 100 124 122 124 0 102 131 141 106 140 0 0 117 112 100 119 112 139 123 0 0 0 123 102 145 134 148 145 125 0 0 132 111 141 131 118 103 0 102 0 0 109 135 0 140 107 103 148 0 0 0 0 120 106 0 143 134 144 0 0 105 136 146 101 109 135 103 144 106 128 112 135 0 132 102 100 129 136 138 124 110 106 0 141 120 139 0 112 0 112 123 145 104 133 126 0 108 118 116 141 129 112 129 140 113 102 123 113 0 132 0 0 119 147 101 102 101 0 104 111 113 0 107 0 126 120 108 0 0 0 108 113 100 114 132 0 109 108 108 110 130 142 103 143 0 0 107 124 105 121 147 134 0 128 0 144 0 126 128 136 130 0 0 110 144 0 149 136 104 0 134 102 119 133 111 0 102 100 0 133 117 137 135 0
0 0 106 149 122 134 103 0 134 0 0 0 124 129 0 135 117 0 0 0 146 143 0 131 134 147 111 114 0 109 0 133 0 100 0 131 102 149 135 0 111 0 0 104 0 0 0 138 117 115 148 105 115 0 120 124 128 104 107 106 0 138 131 0 135 119 0 147 0 119 137 0 0 137 105 124 134 115 103 124 140 117 131 0 116 134 142 116 0 131 129 0 106 0 132 127 0 112 106 0 127 149 147 133 131 0 130 130 124 134 106 110 145 100 146 0 119 105 138 114 0 0 123 113 114 134 123 126 113 0 0 120 116 0 0 0 0 0 141 118 104 118 112 0 134 102 109 138 133 0 0 0 0 104 110 103 122 114 138 0 147 0 116 102 101 115 125 102 132 117 130 141 0 148 110 0 106 100 142 107 126 140 137 0 0 117 134 130 125 0 148 141 130 137 102 148 135 100 126 143 0 123 129 136 0 0 0 119 117 122 143 148 0 0 0 104 132 103 123 128 147 138 124 119 135 107 106 0 0 108 146 0 122 100 134 133 142 0 0
0 0 143 103 125 106 121 105 112 110 121 0 107 133 140 114 126 126 108 141 102 0 0 146 149 120 133 117 0 142 100 122 144 0 101 140 132 125 107 110 105 103 132 113 137 140 0 134 138 146 129 0 107 106 0 122 141 114 125 147 135 0 0 124 142 102 0 0 139 113 104 131 104 124 0 0 0 101 124 0 118 0 132 133 101 146 0 137 110 0 0 0 146 146 140 0 0 124 141 126 0 0 125 142 106 120 110 0 142 146 138 135 108 143 0 123 127 0 108 111 140 109 127 144 132 138 117 0 149 111 0 104 137 127 146 126 0 138 0 115 106 107 144 101 134 122 144 146 134 139 0 0 105 146 116 145 147 110 120 0 0 139 116 0 0 120 124 0 135 115 0 113 102 115 106 134 141 139 125 126 137 148 0 103 0 0 0 101 108 0 0 0 141 134 142 144 0 140 135 132 102 146 104 144 107 136 0 101 141 134 0 137 149 0 0 134 134 148 0 0 0 100 0 121 103 0 121 107 0 112 0 0 146 101 117 0 131 107
0 133 123 100 104 107 148 0 0 147 0 101 114 125 0 119 142 109 145 141 134 138 138 103 0 140 136 101 104 145 0 114 0 0 137 118 142 115 105 143 112 0 142 137 115 129 139 119 104 130 149 109 143 106 121 0 104 113 121 0 0 127 0 126 137 0 135 0 133 122 135 0 0 0 111 104 136 0 0 145 0 129 0 0 144 143 101 136 0 114 133 125 103 0 0 109 136 0 132 115 0 115 117 0 138 108 106 113 110 118 115 109 105 145 115 112 100 125 105 124 0 141 124 134 111 103 127 104 0 0 122 112 131 109 111 112 123 137 131 0 113 0 0 109 117 0 137 127 0 127 138 104 0 113 137 145 141 0 0 0 108 0 121 106 0 0 136 112 105 131 0 127 130 119 0 116 135 0 0 125 0 120 132 126 120 131 138 135 0 102 0 0 147 145 0 135 141 112 149 110 126 138 0 101 138 142 123 0 0 123 108 147 100 0 128 0 0 136 0 101 134 138 145 0 127 0 148 113 0 0 0 119 110 119 0 144 124
0 105 104 0 126 127 0 132 113 0 120 0 146 106 142 0 134 138 126 0 121 102 104 110 140 101 0 114 0 123 148 146 118 121 143 136 122 100 144 149 0 103 138 147 140 126 0 122 141 120 0 0 107 128 0 106 139 124 100 115 112 0 123 113 129 139 0 128 142 0 0 148 145 121 0 141 0 144 142 0 0 105 134 114 129 105 111 0 145 147 144 0 136 0 115 140 126 103 0 0 139 0 108 143 125 128 142 129 139 0 0 113 104 133 106 0 144 0 121 144 110 138 132 0 133 128 113 0 103 0 0 123 133 119 102 134 104 114 120 0 137 128 138 109 132 0 114 0 0 108 0 0 132 0 101 127 0 135 100 112 146 0 105 123 123 123 0 121 0 121 144 135 0 107 114 130 147 109 108 133 0 122 106 0 128 147 124 0 134 123 0 132 113 122 123 148 0 0 144 0 109 144 146 131 148 136 123 108 110 136 0 125 118 123 135 0 105 143 103 0 0 149 133 137 142 143 112 0 141 126 0 0 144 124 147 129
0 147 110 0 109 111 137 127 143 128 141 142 102 121 120 140 0 122 0 0 148 121 0 101 129 115 139 128 143 106 126 0 144 112 0 115 128 126 105 117 132 0 110 143 0 115 137 0 101 0 104 134 130 136 101 119 0 134 0 122 106 130 111 0 129 134 111 0 121 0 123 146 0 0 0 144 145 104 126 120 138 113 0 121 107 132 101 112 148 130 0 0 139 0 145 109 132 0 100 106 0 136 142 0 0 107 118 119 104 120 126 106 105 0 0 132 115 135 115 128 136 0 115 100 112 112 103 0 110 127 137 140 147 104 145 115 104 117 133 128 115 122 120 133 147 0 141 129 0 109 0 0 0 143 118 0 113 111 149 0 132 141 102 0 111 125 109 120 115 149 122 0 0 122 128 105 0 0 119 116 0 140 102 146 120 0 0 0 0 118 0 133 0 131 117 146 0 108 115 132 134 130 126 121 121 0 132 114 136 145 135 148 100 0 130 145 0 0 110 0 0 121 123 0 147 103 126 123 102 0 128 145 0 0 125
0 125 118 102 141 113 0 118 0 148 0 0 0 144 108 135 0 133 0 133 111 0 129 143 102 0 127 114 0 141 129 0 0 133 110 130 139 107 147 133 119 105 0 112 0 107 123 122 143 115 129 0 139 0 114 115 103 105 0 146 110 121 128 141 100 144 100 124 125 103 114 109 140 100 115 145 129 141 132 123 128 0 149 130 128 139 0 133 111 133 104 0 108 0 142 134 128 123 0 138 145 0 134 138 139 0 0 0 117 0 135 125 115 123 129 141 107 112 126 108 139 134 104 137 141 0 145 0 107 0 105 131 0 128 124 141 100 137 0 107 0 109 114 0 127 106 145 104 149 110 104 125 106 0 0 108 103 141 138 134 117 101 139 141 133 113 114 142 0 120 107 126 126 116 132 0 126 0 0 124 139 132 118 102 0 147 127 141 119 109 126 0 0 147 0 127 0 136 101 138 0 110 116 124 0 146 103 116 117 145 0 0 120 126 148 0 144 114 142 115 0 0 110 149 0 134 0 112 132 131 103 117 128 104
0 0 117 0 107 111 0 111 0 115 0 115 127 144 148 0 129 139 143 140 143 124 0 107 149 113 0 0 139 132 0 111 144 149 127 0 148 0 139 145 119 135 101 124 100 120 0 132 0 0 107 146 111 0 118 121 111 125 137 106 120 0 108 128 148 107 0 130 147 130 110 0 149 125 125 124 141 124 138 149 107 124 122 103 132 113 0 103 137 107 0 139 0 147 135 0 0 149 148 114 121 142 104 115 140 103 103 112 142 0 0 0 134 111 129 111 0 0 137 0 0 0 136 0 0 0 111 130 116 128 111 144 0 0 130 111 130 133 116 0 0 122 138 0 127 0 0 138 103 101 100 0 102 100 148 100 111 123 133 149 0 0 105 133 148 122 0 0 0 133 0 0 133 112 132 144 147 133 133 147 124 124 0 141 128 145 148 0 137 0 0 0 108 149 0 149 147 130 0 144 0 0 139 0 136 0 124 129 126 0 101 119 149 105 124 0 119 0 0 109 0 0 139 136 117 110 144 0 112 126 149 117 134
0 145 0 0 110 131 0 120 125 146 0 101 123 149 142 0 0 134 133 0 0 0 108 141 114 141 113 129 0 0 0 107 132 112 0 0 148 0 133 132 116 145 0 141 0 125 112 111 131 149 124 114 102 0 138 121 0 101 129 111 0 137 106 0 132 113 0 117 0 102 119 125 0 130 124 145 131 127 128 111 145 0 104 0 108 0 130 129 109 0 0 147 0 136 122 0 131 108 0 139 125 148 148 0 125 147 100 0 0 112 126 117 127 112 149 0 102 147 128 118 126 108 125 0 111 116 0 107 103 147 119 0 106 111 146 127 114 108 0 0 0 102 123 0 0 109 127 102 135 132 0 146 0 0 107 0 128 126 125 134 129 111 121 124 140 0 133 121 111 119 129 0 0 105 0 129 103 149 108 130 115 100 112 149 135 128 124 124 116 101 105 105 112 130 135 0 0 0 0 105 144 148 139 142 115 122 144 102 104 144 147 123 132 106 129 106 101 128 118 113 0 112 0 132 143 140 0 139 108 115 0 111
0 127 120 0 0 0 133 0 134 122 102 0 0 110 105 119 0 0 149 128 0 138 110 137 124 113 118 142 129 123 113 121 143 130 138 102 133 144 130 141 146 126 141 127 115 109 0 0 119 0 148 0 106 129 143 104 103 0 129 125 107 117 137 137 0 115 105 105 115 0 133 132 115 118 123 125 126 139 0 0 106 141 0 136 0 121 108 120 141 0 121 100 123 144 0 0 140 149 136 0 104 113 0 124 132 0 0 0 136 128 118 103 103 137 120 136 134 126 113 145 141 136 144 0 116 120 147 133 114 143 146 114 143 101 100 112 101 147 107 126 0 0 131 141 0 0 123 120 149 122 146 146 142 130 102 112 0 0 116 105 118 127 126 110 0 101 120 139 0 0 111 139 124 146 119 0 100 130 118 137 147 103 144 147 143 0 0 0 119 105 145 0 0 123 149 149 0 106 0 0 0 0 117 104 133 145 125 0 134 107 143 0 106 108 0 110 0 106 147 0 145 126 0 128 133 110 138 134 107 112 142
0 107 102 145 136 109 130 128 0 141 0 0 117 134 134 118 108 127 105 0 0 0 132 0 123 130 124 122 130 111 139 0 135 136 115 101 0 143 106 129 100 144 146 107 106 0 0 0 111 105 0 103 143 0 147 113 107 0 134 134 0 137 108 0 109 133 146 126 133 144 0 0 133 127 130 110 113 137 0 126 131 145 0 109 131 134 0 0 147 104 108 128 116 0 0 127 107 124 136 113 0 107 121 105 121 0 147 130 149 120 133 105 105 0 118 0 133 0 133 107 123 110 133 106 110 106 0 0 111 0 132 0 0 135 125 0 142 127 114 116 138 110 128 102 107 0 107 113 143 0 112 148 124 134 124 101 100 149 0 102 138 147 0 107 131 144 131 113 117 107 148 143 0 125 130 106 133 129 0 124 137 112 148 0 102 103 119 0 109 102 0 101 122 103 0 108 146 145 133 101 119 105 143 142 0 0 104 142 0 114 122 102 139 137 0 138 133 0 128 0 124 0 147 104 130 100 149 132 111 0
0 149 131 120 0 0 130 105 0 0 0 147 138 134 134 129 117 115 143 0 0 149 0 141 123 103 149 145 110 118 145 0 117 0 105 140 104 117 0 0 134 105 130 104 108 136 131 0 144 120 117 0 102 132 0 0 144 109 0 0 104 141 138 130 0 0 0 132 114 125 111 145 131 129 0 108 149 128 0 120 131 0 0 145 137 116 0 108 100 138 134 137 142 0 123 116 138 108 133 123 0 105 0 111 120 132 147 148 144 0 0 126 116 120 146 111 112 0 136 102 0 100 111 129 125 149 149 142 116 0 0 146 117 0 114 0 129 0 0 146 140 139 109 0 0 133 144 116 104 145 103 147 122 0 130 124 137 108 123 136 146 104 144 109 100 0 0 109 116 0 127 138 133 120 140 118 114 130 132 133 0 131 129 0 0 143 144 131 138 119 125 107 136 134 135 139 0 0 123 112 109 136 100 146 122 0 109 101 0 131 119 113 146 129 141 0 116 137 0 137 135 137 133 0 0 102 0 144 139
0 133 148 104 121 0 0 143 115 132 117 106 129 137 109 116 124 124 0 0 0 0 0 108 109 101 0 135 147 112 121 117 131 118 0 117 0 119 112 100 134 121 120 107 132 149 144 121 141 0 113 100 114 102 0 128 0 115 0 116 125 133 0 0 109 134 0 132 122 136 111 110 131 0 145 0 147 103 144 0 122 112 122 102 0 104 0 0 0 122 126 102 129 100 101 115 100 0 105 128 112 127 146 144 0 107 137 112 105 115 114 120 120 0 121 0 111 126 121 129 147 132 137 116 142 0 131 113 143 122 137 136 108 0 114 143 104 141 136 123 110 149 105 131 0 0 114 116 113 110 114 130 120 118 148 145 138 118 137 129 148 132 127 0 145 134 134 110 0 113 123 140 127 131 117 133 134 0 0 134 105 0 102 120 104 121 0 138 131 0 0 135 127 148 133 123 118 110 110 132 0 142 0 114 133 126 0 148 0 0 106 108 0 105 108 132 137 0 101 0 114 108 129 130 0 116 108 120
0 102 0 128 110 129 0 0 110 124 103 104 143 0 0 108 0 109 135 144 137 108 0 0 145 128 100 135 102 104 0 0 120 119 0 0 116 106 0 0 122 115 133 136 120 142 112 105 0 140 117 0 134 102 0 0 118 140 145 0 114 140 0 0 144 129 134 110 0 136 123 0 110 0 126 123 0 134 143 0 119 148 105 0 0 0 115 125 107 121 115 0 144 122 132 0 140 143 136 0 0 0 0 0 110 115 103 119 0 120 0 127 102 109 116 0 0 0 145 128 126 144 0 120 0 115 130 0 126 113 121 148 125 101 0 0 123 127 0 0 118 0 0 149 135 100 126 0 111 0 117 0 116 0 122 0 0 138 138 0 0 0 0 141 0 142 115 119 105 134 132 121 139 0 124 149 118 0 101 0 0 103 138 0 0 111 131 106 119 130 0 138 135 113 104 128 126 122 149 145 141 130 131 109 137 136 144 145 145 146 107 143 136 144 148 125 111 105 122 137 117 0 125 148 139 0 0
0 128 0 113 0 107 103 108 0 128 104 0 0 138 0 121 0 125 114 0 0 119 0 136 113 127 126 147 135 114 137 142 103 132 0 142 121 0 130 107 125 148 140 132 0 138 103 126 117 0 109 133 0 139 100 113 124 135 0 119 112 111 0 0 103 103 136 143 131 0 138 131 109 124 135 123 137 141 115 115 109 0 104 133 0 0 107 115 115 131 113 100 133 116 147 0 127 103 0 142 113 146 125 114 114 106 137 108 0 119 117 117 0 143 145 0 103 112 104 0 0 104 119 116 133 142 130 134 138 121 120 0 136 115 125 0 125 106 141 120 120 0 142 130 114 126 139 120 0 123 147 122 0 149 149 138 149 102 107 110 105 0 127 0 141 103 139 118 104 109 106 0 138 110 102 100 112 143 136 0 106 0 149 142 119 104 110 0 0 104 0 101 143 0 0 124 0 123 113 128 0 143 102 0 0 0 127 126 0 110 123 134 117 0 149 116 0 102 134 124 0 0 109 120 141 100
0 117 131 118 138 117 110 0 113 105 133 0 104 105 0 139 0 0 105 111 135 109 0 0 112 120 0 121 136 119 119 104 135 142 0 120 131 0 110 0 120 145 113 116 146 144 131 112 111 0 147 0 0 124 0 0 133 103 126 116 130 131 122 139 0 0 119 137 121 0 131 0 0 100 124 141 0 146 124 116 0 0 117 114 0 128 123 129 126 0 101 0 137 103 129 0 146 141 118 142 109 113 146 0 108 113 123 137 141 141 117 140 141 144 116 138 0 127 111 149 108 134 123 124 0 0 127 108 131 0 102 0 0 0 123 108 119 113 142 118 114 103 0 149 114 149 0 108 139 135 133 143 123 107 143 113 130 116 105 130 109 102 123 100 146 120 138 138 0 0 139 138 0 0 122 0 114 141 140 0 113 135 148 126 123 107 133 109 0 141 131 101 120 0 138 148 108 107 113 0 108 0 119 0 0 144 110 124 146 134 134 132 0 0 0 144 106 133 0 136 0 0 103 121 0
0 145 0 131 143 131 148 140 0 135 145 127 0 0 143 0 0 101 146 0 133 145 112 0 0 0 141 109 131 137 116 116 144 102 106 122 120 140 0 0 101 103 101 144 0 131 132 110 123 148 121 120 132 102 128 109 100 101 142 124 0 108 138 143 0 127 101 0 137 0 0 145 141 144 112 142 110 129 136 118 113 128 0 145 138 146 137 0 148 0 139 102 108 107 104 114 111 118 101 145 0 127 0 145 139 100 100 131 119 0 0 149 113 107 134 114 149 0 0 101 134 128 0 101 100 129 115 115 0 0 0 142 133 104 0 106 141 149 121 144 0 120 125 115 112 134 138 0 129 0 0 0 103 149 103 0 106 119 0 103 103 134 109 130 123 127 102 132 137 128 106 132 133 147 109 102 110 119 0 0 134 101 109 139 139 114 109 0 123 123 142 144 144 127 115 0 118 132 145 147 100 114 112 0 130 145 147 117 0 140 115 103 138 118 125 113 134 119 106 130 119 106 0 137
0 0 0 114 118 135 112 115 137 128 0 0 0 146 0 146 108 133 127 109 132 109 110 0 138 118 0 126 116 134 0 145 146 132 145 115 132 101 105 149 141 0 101 113 127 110 125 108 111 137 121 101 119 129 106 118 0 126 143 146 0 0 110 145 111 132 102 148 124 120 130 0 131 119 109 0 0 117 133 132 105 0 127 135 118 140 122 137 135 108 125 0 145 124 102 0 106 105 136 130 119 106 101 109 0 110 138 105 134 149 116 137 122 149 100 110 0 0 148 0 100 145 112 124 122 118 0 109 138 129 143 125 0 115 128 117 124 0 146 117 140 0 125 129 0 103 119 124 127 109 0 0 0 144 114 108 0 147 134 117 148 130 101 137 143 109 145 117 130 142 132 0 101 146 110 101 0 125 101 126 0 0 103 130 133 134 124 0 119 142 123 108 0 137 133 0 0 0 145 106 135 0 139 0 109 118 144 0 113 110 130 126 100 129 128 0 134 103 146 133 132 120 127
0 101 147 140 113 0 113 141 134 136 0 142 136 0 129 130 131 0 105 123 121 140 108 102 0 145 148 103 133 142 145 122 0 0 101 134 0 0 111 0 103 121 110 0 120 143 132 101 139 116 126 147 0 126 100 134 112 100 0 143 134 0 118 0 127 124 142 102 147 129 0 116 144 123 104 131 148 136 117 0 125 0 138 125 0 123 0 0 105 111 0 146 100 121 149 133 110 123 0 0 106 116 122 147 142 119 113 146 0 115 122 125 133 140 111 125 107 136 108 146 101 110 133 143 0 0 116 120 112 0 116 0 107 120 115 121 108 101 146 110 128 136 0 118 122 0 126 0 0 0 144 0 139 0 145 124 118 137 137 0 0 0 0 118 129 149 130 0 109 0 119 145 146 119 100 147 0 127 142 111 0 110 121 110 0 0 126 0 147 146 147 134 129 136 100 143 125 140 108 136 0 129 131 107 0 130 138 149 138 137 138 142 110 131 103 0 138 121 118 105 108 0
0 112 136 149 144 115 0 116 0 0 133 123 0 0 136 122 135 0 0 116 100 0 104 137 111 0 0 142 110 120 148 123 110 139 102 117 144 107 108 0 131 125 0 124 129 116 0 124 100 117 119 124 145 105 137 110 0 107 120 141 106 0 106 0 102 139 0 0 122 142 128 0 136 123 0 105 134 0 105 0 145 132 132 119 125 129 0 112 107 107 135 0 140 142 119 0 0 116 110 0 119 141 102 111 141 0 114 0 0 113 102 104 128 146 141 0 143 0 132 129 135 133 129 127 0 113 0 127 130 0 0 101 142 0 148 149 0 0 120 0 0 133 0 120 148 142 115 0 115 122 111 105 118 107 128 131 127 131 120 127 0 125 125 141 107 0 0 0 0 0 124 107 144 149 112 116 107 127 115 139 141 136 101 116 116 126 141 140 111 104 0 105 115 0 0 0 112 140 140 120 116 0 127 134 0 0 0 139 0 128 0 104 115 121 132 125 148 105 105 101 104
0 141 132 137 0 100 136 101 144 118 0 0 143 121 148 0 101 134 148 139 108 0 121 127 0 100 106 119 0 139 116 105 144 132 135 109 106 0 132 0 129 0 111 129 114 125 135 126 122 114 0 0 142 0 125 123 104 104 106 101 109 0 0 0 131 141 134 0 0 124 124 102 0 122 0 149 146 124 113 0 146 134 0 100 116 130 136 0 0 0 103 111 143 0 126 122 124 0 142 142 139 111 114 102 0 124 0 144 124 0 117 114 108 100 143 0 0 115 147 144 149 0 143 129 116 127 102 0 132 137 113 113 115 0 0 148 138 117 137 0 112 129 106 128 115 113 111 143 102 0 119 0 134 127 136 105 101 112 112 0 147 104 116 110 112 106 0 140 123 0 148 141 0 125 126 0 147 127 101 143 100 114 100 111 147 0 101 113 110 136 143 137 126 129 0 0 133 0 111 146 101 124 100 0 137 113 0 115 107 0 0 133 128 115 102 137 0 0 0 126
0 107 119 148 118 0 135 132 147 146 127 0 0 123 0 113 126 141 0 145 144 149 117 143 0 0 134 131 110 102 103 141 135 101 0 116 129 0 144 115 0 0 0 0 128 102 108 104 0 0 109 131 121 126 134 136 0 145 0 104 112 112 107 101 130 149 0 100 119 0 133 135 114 113 109 0 136 105 108 132 142 130 149 0 137 100 0 124 148 112 104 129 141 0 101 0 102 126 125 147 132 121 136 121 141 125 0 123 122 107 142 134 118 132 0 140 0 100 0 0 103 0 149 0 0 121 101 136 0 133 129 115 103 108 0 0 129 119 143 0 112 141 138 123 137 138 0 122 103 0 122 101 118 100 0 0 147 137 139 0 131 122 100 116 125 0 0 103 137 0 138 120 134 108 137 140 0 0 126 102 117 145 0 116 108 0 139 0 126 109 135 0 0 116 0 118 0 144 0 0 102 133 102 128 0 112 146 149 0 101 0 102 134 120 121 0 0 131 109
0 0 118 0 124 112 0 138 111 101 111 0 143 133 0 124 148 103 141 146 0 109 0 136 0 142 0 111 118 0 101 127 0 104 110 137 115 145 116 125 139 126 106 120 118 120 148 123 123 136 110 103 123 137 131 104 126 129 125 106 0 117 121 121 107 121 139 117 123 113 142 104 133 142 120 104 138 117 134 134 126 0 0 146 137 149 100 132 134 0 134 0 0 140 0 121 0 142 116 136 0 0 0 143 106 124 107 0 137 131 0 115 0 128 111 103 102 138 142 101 135 110 134 0 101 145 118 147 0 113 0 149 139 136 132 130 117 0 116 126 0 140 0 103 105 144 132 133 148 0 0 0 0 0 0 0 0 133 102 100 108 131 0 137 103 0 111 0 148 120 116 0 116 0 110 131 0 134 0 105 107 108 118 0 0 0 141 0 148 109 0 0 0 0 106 107 148 110 130 0 123 0 132 0 128 112 111 146 105 108 138 132 126 148 0 143 0 131
0 102 120 111 149 127 137 0 113 103 133 118 0 116 0 134 144 103 120 0 113 111 0 113 0 110 115 0 127 107 102 105 126 118 143 111 108 136 148 143 134 0 0 121 0 110 0 0 134 125 0 137 136 106 120 139 144 104 130 0 100 108 0 120 142 0 119 115 105 121 142 0 111 100 111 108 111 0 101 137 133 0 143 102 107 0 117 149 0 100 108 103 0 0 0 0 0 133 0 140 0 146 119 136 109 114 112 103 126 104 116 113 0 0 112 129 128 140 136 0 105 100 138 0 126 116 0 0 0 108 141 131 122 100 0 132 0 133 0 0 144 123 116 120 0 0 0 110 113 0 116 124 0 149 121 101 149 142 120 109 104 101 113 147 149 115 110 116 100 132 127 109 117 134 134 142 121 130 101 116 116 0 0 102 141 0 110 106 105 0 110 137 105 107 125 135 0 106 121 139 135 0 122 102 136 108 0 123 119 124 116 102 110 107 0 120 0
0 101 112 147 104 136 126 140 105 0 0 117 0 101 104 110 0 109 125 131 147 0 0 131 121 125 0 118 124 132 145 148 0 141 0 126 130 113 0 108 146 147 112 0 113 0 0 0 104 139 129 142 132 0 124 114 116 0 0 127 138 0 0 107 148 105 135 0 0 0 128 142 118 147 120 102 146 127 0 130 133 102 138 0 120 145 122 0 148 109 0 0 0 144 119 146 102 0 125 107 146 100 125 107 122 123 113 111 100 0 0 143 112 135 140 0 103 0 0 115 108 135 0 128 101 123 113 110 123 144 108 115 117 101 122 0 109 0 145 144 127 140 131 124 140 0 0 132 139 105 0 121 135 117 117 112 137 121 0 113 119 105 0 103 109 0 0 114 144 145 139 107 0 104 119 119 148 119 104 149 103 0 107 0 117 0 0 130 102 113 0 129 136 0 142 0 140 125 0 127 0 121 135 107 137 125 133 133 113 0 117 140 102 0 101 145
0 115 0 112 139 139 126 130 123 137 0 104 123 107 143 0 0 127 135 147 0 119 0 101 143 143 109 114 136 0 109 147 0 122 0 122 145 0 107 132 122 0 116 114 149 0 103 118 122 0 132 0 130 0 128 138 143 0 0 0 125 0 109 105 0 131 123 102 129 108 0 136 110 137 125 120 131 0 117 111 126 142 120 142 0 0 144 139 121 139 136 109 130 110 143 121 102 105 149 143 0 123 128 112 0 108 142 145 117 140 117 149 149 147 0 0 0 145 130 107 141 116 122 118 126 124 105 0 142 123 0 119 114 119 128 113 119 114 109 125 0 0 145 149 124 104 0 107 137 109 132 0 0 121 128 0 110 143 125 133 111 133 114 0 138 129 0 0 0 0 137 0 133 0 130 101 102 130 105 134 148 128 108 101 118 149 105 128 124 0 114 0 0 135 122 115 146 142 132 133 121 133 145 0 0 116 139 142 144 0 0 0 111 0 125
0 114 127 137 146 121 104 145 0 143 102 135 136 126 131 105 141 124 134 129 142 0 0 0 0 106 146 0 0 114 135 126 144 120 123 144 125 148 0 128 120 127 112 132 120 140 123 134 0 146 110 0 104 147 102 110 0 0 118 102 123 112 144 133 0 140 138 147 141 141 116 109 0 148 121 0 112 0 112 143 0 130 125 124 103 138 105 131 110 0 147 107 146 0 149 135 123 119 131 128 107 123 115 126 143 108 0 117 130 129 0 134 0 0 131 132 119 113 137 138 0 117 0 149 117 107 103 130 142 0 113 136 0 125 118 137 111 113 131 140 0 149 138 109 119 0 134 100 139 128 125 113 0 122 116 0 114 106 122 0 122 114 116 0 123 143 137 123 0 0 0 116 145 107 112 100 0 0 103 138 142 148 0 113 148 101 0 113 119 127 0 105 0 0 132 111 129 0 109 134 0 121 0 130 0 0 140 115 0 146 146 119 0 0
0 0 0 100 115 141 0 0 130 116 115 106 134 0 115 0 131 134 143 109 134 142 0 139 103 120 145 130 111 0 106 0 133 134 111 116 133 145 126 103 145 0 114 123 123 134 138 0 137 127 0 0 134 138 141 113 129 135 0 0 123 128 115 104 133 131 117 115 114 140 0 141 0 0 131 0 149 0 0 105 0 136 123 137 0 0 136 0 0 139 134 113 145 121 113 142 114 114 0 0 113 127 130 100 0 0 135 123 0 140 108 145 0 127 0 123 136 141 0 0 0 144 0 115 0 123 112 146 140 112 106 134 0 0 108 107 137 124 121 137 142 109 0 0 0 112 0 138 145 0 102 149 129 133 145 119 146 112 117 109 104 0 117 144 106 0 0 0 111 130 129 0 0 132 0 133 117 119 119 108 100 0 109 0 103 121 107 112 111 119 104 108 142 0 131 0 0 118 106 101 0 108 117 0 0 0 0 100 104 135 135 119 0
0 100 128 112 0 103 149 140 142 108 137 110 0 127 113 133 138 121 117 118 111 110 124 126 142 137 148 142 0 0 0 100 149 0 147 109 0 128 117 130 129 0 0 117 112 0 145 116 122 114 0 143 145 139 117 0 124 0 109 104 113 143 105 141 0 133 123 130 125 148 117 105 146 0 119 142 141 0 114 103 135 0 0 139 138 140 0 102 0 137 0 136 109 130 104 107 121 120 140 141 130 0 101 0 126 121 0 134 132 0 0 129 144 0 0 132 104 134 132 112 112 115 0 106 107 146 126 0 142 123 108 0 0 130 110 109 110 110 106 122 138 0 141 129 140 137 145 139 101 148 109 111 132 0 126 144 0 0 136 0 105 105 139 108 0 0 101 0 117 114 134 117 118 106 0 104 142 0 138 146 124 141 115 114 0 147 0 119 132 128 0 100 104 116 114 0 0 124 120 0 0 110 0 106 0 106 110 0 0 0 135 0
0 112 143 141 106 0 0 0 0 127 131 101 0 128 120 113 125 118 130 113 124 138 123 0 0 108 0 0 136 0 115 0 0 137 133 126 130 142 137 0 146 0 124 124 111 110 122 146 143 125 123 0 125 0 0 118 132 133 106 125 118 149 116 0 0 147 129 104 111 106 0 139 142 102 104 0 125 113 104 115 145 147 120 146 139 0 119 117 144 121 117 0 101 136 115 114 114 149 107 146 101 0 136 107 0 0 107 138 137 138 111 142 0 0 103 0 124 143 124 141 149 0 109 145 109 0 140 126 118 102 103 141 126 117 147 101 114 148 114 0 101 0 110 122 145 139 103 141 131 0 143 111 143 117 129 108 144 133 135 118 102 0 107 0 0 147 125 135 135 125 132 0 117 105 0 106 111 127 125 103 132 0 122 108 0 0 107 126 103 102 109 121 148 111 107 122 137 0 101 107 0 107 105 135 102 126 114 0 103 148 0
0 100 0 0 106 0 106 101 0 106 139 0 143 0 131 105 0 125 133 141 142 112 137 0 124 110 111 140 106 135 0 0 137 113 133 119 108 135 0 114 129 119 147 109 114 0 124 138 0 142 0 102 149 103 0 135 132 101 0 141 136 0 128 138 110 108 0 144 0 0 0 0 149 121 139 0 135 133 147 116 118 144 110 0 135 107 105 134 142 135 100 0 125 117 108 133 119 143 137 144 114 114 146 126 0 127 137 104 119 106 126 148 115 145 140 140 147 120 102 123 145 0 101 128 110 102 134 145 113 128 121 134 0 128 148 123 149 139 106 0 118 114 134 129 147 0 0 148 145 139 116 142 139 113 100 108 108 0 104 129 104 122 142 126 0 121 127 103 118 125 0 0 117 103 100 132 0 126 0 134 112 0 127 112 130 149 146 139 140 120 118 0 0 0 131 139 113 131 0 118 142 105 110 143 112 120 144 148 0 139
0 112 126 100 0 145 0 0 140 0 109 110 113 0 106 139 147 127 0 126 123 106 113 134 134 134 119 128 145 106 114 139 146 112 124 148 139 0 0 112 0 136 0 126 0 102 139 131 129 142 132 116 149 0 0 0 130 125 141 0 110 115 132 101 130 0 132 136 0 0 142 108 127 125 0 149 0 120 142 105 112 100 0 0 147 0 122 114 103 128 0 117 133 0 112 100 0 0 129 118 121 138 110 129 145 102 0 133 0 101 133 122 119 0 0 0 112 100 140 119 105 138 138 0 141 140 0 134 0 142 148 111 122 104 149 122 130 102 137 0 135 147 142 0 139 0 0 0 115 140 117 125 100 0 113 0 133 149 140 110 137 143 0 124 139 0 102 135 126 100 118 148 121 141 104 137 0 139 0 120 147 144 149 121 0 117 111 0 100 0 129 104 133 141 0 0 143 0 133 148 129 111 145 0 116 124 0 148 111
0 104 145 0 119 0 108 128 0 106 108 132 144 119 114 143 111 104 119 118 141 149 0 142 145 131 148 140 135 0 145 0 0 0 0 141 122 132 137 119 0 148 149 129 124 113 115 128 149 104 109 0 0 137 145 148 111 121 0 126 147 0 0 141 105 0 0 107 139 0 105 138 130 127 143 118 112 128 0 0 139 0 0 0 101 136 115 0 119 149 0 118 0 104 125 134 0 0 148 139 107 138 110 106 111 0 146 0 119 124 110 0 139 149 103 129 107 110 0 0 112 112 144 133 112 139 121 108 134 136 143 0 129 135 130 120 140 139 116 133 0 0 0 149 102 0 0 116 0 0 134 114 0 125 135 122 0 132 0 123 117 119 0 149 139 0 135 146 102 0 141 145 0 105 149 122 0 111 148 121 121 119 104 0 137 109 0 0 126 114 116 0 0 130 110 0 134 125 100 122 0 0 0 135 145 125 120 119
0 141 149 0 146 0 107 125 118 117 104 111 0 147 149 0 0 146 126 124 106 101 141 136 0 148 136 140 138 144 128 120 0 112 126 145 0 130 118 137 143 0 112 116 0 144 0 0 105 122 0 0 142 107 120 128 103 128 140 128 113 109 128 0 110 134 106 101 146 117 101 131 0 127 0 105 0 134 0 140 0 131 111 101 107 134 123 123 123 119 138 140 112 121 145 0 125 137 123 129 0 121 108 0 115 0 129 133 119 115 0 116 0 137 112 125 103 105 145 132 133 149 141 115 116 0 141 117 0 0 0 120 119 0 114 113 136 106 0 111 107 0 0 108 135 119 124 0 148 0 127 0 106 102 0 0 145 118 110 0 112 128 102 0 146 132 113 126 131 143 107 108 116 0 130 126 134 0 121 114 0 132 0 0 131 134 137 143 114 149 0 126 130 142 116 112 142 0 146 110 116 140 0 138 0 0 119
0 125 149 101 0 123 125 0 143 0 0 105 141 101 141 138 112 131 114 0 142 0 145 132 0 114 141 0 115 138 141 121 115 129 135 147 0 137 0 119 147 137 120 0 124 142 131 139 100 105 114 141 113 121 103 117 139 138 0 0 142 0 149 123 125 146 121 0 0 124 111 145 149 120 124 108 119 105 111 112 127 118 126 119 139 106 108 104 104 0 115 0 109 0 103 140 125 106 145 104 116 0 103 135 0 139 0 107 148 0 103 105 124 144 124 116 0 139 138 149 105 145 104 124 0 0 0 140 140 0 0 138 0 119 137 133 109 0 114 124 132 0 136 0 0 132 126 0 0 108 116 0 0 118 121 141 129 0 105 0 0 0 118 0 127 0 137 0 0 0 100 116 111 124 0 112 0 131 141 0 116 103 137 146 127 0 122 127 121 121 126 143 113 124 121 0 135 114 149 0 148 110 0 111 0 123
0 0 143 127 149 138 148 133 129 106 130 0 134 134 122 120 115 100 125 134 143 109 143 117 133 0 0 102 0 102 131 112 148 0 116 133 0 135 149 149 144 131 130 109 143 143 0 0 136 149 145 144 140 148 125 143 145 103 123 111 128 109 122 0 0 102 106 0 101 144 104 0 116 117 0 0 143 0 100 128 134 104 122 106 101 0 109 143 106 130 111 0 0 0 103 147 105 138 121 144 105 106 108 101 0 136 0 132 135 145 0 108 140 124 135 105 139 112 102 119 142 128 100 147 101 142 113 143 0 107 138 101 0 123 147 0 118 130 117 140 140 131 137 124 144 136 147 121 0 140 131 130 128 109 104 115 113 103 0 109 142 141 0 126 133 120 116 142 0 111 112 117 139 146 136 103 110 107 122 118 116 111 106 124 113 122 130 105 121 0 0 0 128 116 0 135 0 144 103 138 0 123 112 105 114
0 0 137 142 105 0 0 104 123 107 131 0 0 139 129 104 107 101 141 132 126 111 135 128 148 129 138 135 0 0 127 0 114 0 0 101 106 110 123 140 135 147 117 130 126 0 147 101 0 107 0 0 148 146 145 0 112 109 122 129 145 132 148 0 110 118 143 137 0 127 145 147 118 124 101 140 101 0 144 140 0 0 108 143 0 0 139 130 0 0 146 0 125 125 100 137 127 115 110 0 130 113 119 123 100 0 101 124 143 0 121 126 128 100 0 145 147 103 139 0 132 121 116 131 0 148 144 124 124 103 0 132 103 126 147 141 0 114 140 130 102 120 140 120 144 121 100 141 147 114 0 141 133 128 125 147 135 110 114 0 139 0 118 114 138 128 0 145 102 125 110 102 0 0 147 146 134 118 121 101 136 0 142 136 123 147 125 0 139 0 100 129 141 0 123 144 131 126 101 0 146 138 124 0
0 144 124 0 124 133 124 115 0 146 137 112 119 141 131 110 102 0 130 146 0 117 104 112 146 109 0 115 0 101 112 137 110 136 101 127 143 134 111 107 127 134 144 122 118 0 114 130 140 134 111 101 117 149 0 142 132 117 124 101 0 0 125 139 120 127 142 0 118 137 0 149 143 142 146 103 133 102 143 118 135 106 132 0 128 0 133 124 135 0 125 103 119 129 0 0 142 0 131 0 114 112 122 116 147 104 104 0 143 110 113 135 108 115 140 118 102 100 137 131 131 113 130 148 114 137 0 0 134 100 111 113 144 101 137 144 0 144 139 121 108 0 127 141 0 135 125 104 111 0 108 118 0 124 111 142 106 0 109 0 130 0 102 144 111 140 118 0 0 0 141 119 113 111 0 0 142 0 100 0 0 149 148 122 109 104 112 118 0 134 102 0 100 0 120 129 101 118 141 137 103 126 145
0 149 0 149 128 115 120 0 148 127 118 0 141 141 102 0 121 117 0 140 122 104 0 109 106 132 133 140 0 129 133 143 108 0 139 0 113 118 109 124 122 138 117 145 121 107 139 0 0 144 105 117 133 0 146 133 113 0 0 107 121 101 0 112 130 121 132 0 107 0 110 0 136 137 143 110 0 105 136 101 121 0 125 146 0 0 144 117 149 123 105 0 138 0 0 104 117 147 129 111 0 137 136 112 129 0 0 0 0 125 0 107 0 117 140 0 101 100 105 134 0 0 0 100 108 143 101 126 133 137 137 123 128 128 128 131 143 102 131 0 136 144 139 145 0 145 0 146 140 0 121 128 131 141 115 130 120 110 102 0 0 103 129 149 0 135 110 118 146 0 148 134 112 126 111 110 128 149 0 123 0 147 121 115 108 0 0 138 0 100 119 104 129 125 143 104 105 113 0 139 118 0
0 130 124 122 131 145 123 114 105 116 116 0 138 109 0 145 114 145 0 101 119 119 129 108 117 0 108 0 0 0 110 0 110 148 0 0 146 113 105 125 125 0 100 100 135 138 120 0 137 140 0 138 126 102 115 130 109 106 136 146 111 0 127 145 131 148 101 0 0 0 115 131 101 141 0 0 134 126 125 135 120 145 117 102 102 107 0 126 0 104 114 0 132 0 128 129 129 118 108 144 141 111 142 121 143 132 100 125 0 139 0 0 0 0 144 104 0 143 0 106 114 111 127 135 0 148 0 127 149 145 123 130 137 0 101 108 133 0 124 109 145 111 0 146 119 0 129 124 120 113 0 114 0 145 111 116 143 107 0 0 0 116 136 0 0 104 108 0 128 0 147 106 112 0 0 0 128 110 102 0 104 131 0 114 0 115 119 101 124 143 148 144 0 124 0 121 108 0 131 133 115
0 129 103 0 0 107 0 143 135 110 116 140 0 146 0 0 130 125 145 111 145 0 130 108 138 144 122 128 123 106 0 121 121 140 116 131 0 116 130 125 147 0 125 130 104 123 0 126 133 0 144 128 0 140 0 122 103 141 122 126 128 0 0 107 0 0 121 0 132 140 139 139 116 124 108 133 133 115 149 115 115 0 142 111 143 0 109 142 149 104 0 117 0 0 113 125 0 134 129 121 0 0 0 100 100 0 0 102 133 141 143 105 135 142 102 141 0 127 105 116 116 0 132 0 142 0 130 0 0 140 115 124 107 145 114 0 0 107 144 125 145 119 115 102 103 137 130 0 122 104 0 140 0 123 143 132 115 117 0 104 0 0 108 111 106 128 141 134 139 127 129 142 147 100 107 110 106 141 0 106 130 0 137 131 121 103 134 145 138 124 140 136 101 106 117 132 0 135 119 119
0 119 0 0 127 136 0 105 121 112 0 114 116 103 114 139 0 0 149 111 133 129 107 129 143 139 135 101 143 117 0 106 112 0 136 116 0 109 100 0 135 110 0 149 135 0 0 129 0 134 145 133 0 116 143 120 131 134 0 0 149 133 100 0 144 0 116 121 0 133 105 133 134 137 139 100 0 0 0 144 100 128 104 139 149 143 132 0 111 0 0 138 103 140 100 0 100 149 101 149 143 121 0 109 123 122 0 114 100 0 0 0 122 126 0 0 105 138 140 102 100 106 0 101 142 127 120 0 108 119 120 0 136 0 149 132 131 129 128 115 141 106 128 139 0 0 119 141 0 144 130 105 0 0 129 131 128 111 121 0 112 139 103 117 141 100 143 114 0 119 0 121 120 124 130 0 125 130 138 124 0 106 0 111 134 104 109 108 147 113 142 141 123 127 0 139 0 113 118
0 0 0 137 104 0 0 118 123 130 119 106 0 0 126 141 0 0 0 105 118 0 0 128 148 101 123 144 108 130 104 127 0 120 144 124 149 147 0 134 0 0 131 0 114 109 127 131 147 111 0 0 0 102 105 140 147 119 0 117 135 129 141 110 142 101 107 0 114 111 0 121 0 137 0 136 0 110 123 130 122 142 107 120 0 138 0 123 0 0 143 109 145 136 0 133 105 0 111 148 135 145 128 117 139 0 124 125 107 143 102 106 0 0 134 147 136 145 133 0 108 121 103 129 102 124 102 0 127 0 0 143 139 145 109 0 112 146 112 144 121 0 102 115 0 120 104 129 130 142 106 108 131 0 129 0 115 126 0 137 103 0 0 136 115 108 133 0 0 0 118 123 0 0 145 0 103 142 139 0 112 128 0 105 0 0 128 138 119 0 125 100 0 103 0 122 124 122
0 0 137 127 145 126 146 102 101 139 114 139 113 133 121 126 0 149 141 137 130 145 122 125 102 148 0 138 0 132 117 115 143 106 0 130 0 131 146 103 139 143 100 109 135 100 136 0 113 116 123 110 0 118 130 116 0 104 115 0 121 125 0 0 0 103 0 0 115 0 129 101 128 126 114 131 142 0 0 145 100 109 112 144 0 0 125 136 134 118 0 0 103 116 128 145 113 132 0 0 0 140 129 0 0 141 130 149 108 135 115 142 132 128 0 101 105 130 147 131 125 0 0 134 109 100 101 140 122 113 101 127 142 0 121 130 101 0 0 0 0 141 0 100 100 100 129 142 147 0 112 121 0 122 116 114 125 143 130 101 143 0 0 100 134 0 0 104 147 144 0 100 140 120 118 145 132 129 137 0 110 104 0 142 136 126 135 0 148 144 138 142 0 0 0 148 128
0 0 100 126 106 120 104 0 133 118 0 107 128 123 139 140 144 143 140 120 102 0 119 142 112 118 125 146 142 0 113 116 0 145 136 105 0 140 108 0 103 147 143 115 121 136 101 115 144 143 104 138 103 143 102 0 112 103 115 130 127 0 146 148 136 126 146 118 106 135 143 106 117 138 141 0 139 133 134 0 108 113 136 147 138 0 118 117 121 126 129 139 134 112 142 120 138 125 0 130 146 107 119 0 127 126 131 148 117 0 143 102 110 0 0 132 116 0 120 121 136 106 130 0 119 0 141 110 102 133 112 0 116 132 107 0 140 0 111 0 135 0 0 142 111 144 122 0 0 105 121 105 136 107 141 112 0 107 0 122 131 106 118 0 142 0 105 123 103 102 123 104 128 127 116 123 137 0 140 113 116 119 120 0 119 118 145 139 0 116 122 134 137 140 149 140
0 116 141 107 0 147 0 148 146 149 132 119 0 146 0 129 0 114 0 0 126 114 136 134 114 134 0 134 143 128 133 120 124 120 0 0 142 101 121 139 113 0 112 0 122 0 136 141 0 112 0 0 148 0 119 126 0 128 0 147 136 144 0 112 0 144 138 0 123 0 108 0 111 142 106 102 0 0 144 127 0 131 103 101 120 136 107 0 108 0 141 0 101 134 110 115 0 113 114 107 106 108 128 103 119 137 0 0 131 147 145 100 127 107 106 131 121 148 146 111 125 0 123 0 0 117 117 147 0 115 127 113 129 105 138 0 144 140 132 125 145 130 120 121 112 0 0 0 102 0 130 119 140 106 0 117 126 0 140 0 120 106 122 143 101 101 133 133 137 106 0 102 114 130 0 108 0 125 128 128 0 139 131 107 138 100 131 0 131 128 0 142 136 141 0
0 124 120 0 112 0 101 135 116 141 131 125 0 107 115 137 0 117 104 133 109 118 127 127 110 140 0 0 134 100 101 0 0 0 103 132 0 123 121 121 106 133 0 109 0 149 140 138 133 119 116 103 137 130 135 149 114 0 146 110 108 136 0 136 0 0 100 0 130 0 105 126 0 115 145 0 147 0 135 100 0 106 0 0 0 134 108 113 0 119 115 115 126 141 0 103 108 0 110 0 0 114 114 0 129 108 102 0 0 119 111 126 149 140 137 136 122 0 138 148 109 103 101 0 116 107 137 0 0 0 0 0 143 105 126 101 117 0 118 125 130 0 0 132 0 0 130 140 122 109 139 109 146 121 117 113 133 108 0 0 138 148 0 130 112 0 112 134 116 119 0 130 125 0 147 118 109 144 133 137 145 143 103 147 122 0 117 140 112 0 130 112 141 140
0 118 0 0 111 0 141 102 114 123 0 103 0 0 147 0 131 0 130 137 104 112 124 111 132 123 140 0 0 135 100 140 134 107 140 147 0 0 125 133 103 138 121 143 0 102 123 145 102 0 0 104 134 121 0 145 101 133 109 110 132 128 0 142 127 137 0 114 0 0 147 147 0 121 123 120 111 118 142 0 141 143 147 0 0 113 121 123 127 122 125 130 116 128 101 137 116 131 112 125 0 105 142 140 113 0 109 0 121 0 0 129 113 0 134 129 0 146 144 0 129 149 123 0 110 108 112 126 0 0 146 0 119 121 0 101 106 0 124 0 0 118 120 0 108 116 0 134 144 0 120 146 0 100 0 109 111 0 130 127 106 145 126 0 142 102 100 0 112 103 110 112 0 0 134 128 137 138 149 148 104 131 108 0 146 137 147 101 133 141 125 144 127
0 0 0 140 108 0 134 0 141 0 114 0 149 149 0 0 124 108 143 141 0 0 101 110 140 118 102 122 0 123 116 106 0 0 0 125 118 145 132 116 141 127 100 100 0 130 144 148 116 125 146 100 0 146 0 127 143 104 145 109 103 133 132 145 106 134 118 113 104 0 117 0 141 111 0 111 148 121 136 0 137 0 149 0 141 109 137 0 135 143 145 0 129 144 132 111 144 0 138 106 104 0 134 123 131 127 143 129 149 113 113 134 0 136 142 0 0 106 141 109 114 109 111 100 100 0 0 0 112 126 119 0 134 0 0 143 0 132 114 140 127 100 0 122 128 148 0 100 112 0 113 109 101 115 142 136 0 0 123 0 137 130 108 0 112 0 142 0 137 149 149 104 121 122 137 130 121 122 134 140 0 149 0 0 132 120 137 116 130 114 125 118
0 105 143 0 103 103 133 0 119 0 117 0 114 0 149 113 132 145 133 123 109 101 0 123 120 138 149 0 136 132 149 108 141 137 132 128 146 0 0 140 115 117 126 0 140 0 0 126 0 114 119 138 115 148 0 117 104 149 123 118 106 0 0 140 130 0 147 110 120 141 110 0 0 118 0 0 114 138 144 121 145 0 112 139 120 112 112 118 138 122 101 132 123 116 140 136 116 0 122 113 0 147 122 133 122 123 0 0 108 0 101 116 146 107 0 124 124 112 119 145 0 116 113 144 122 142 101 0 132 119 132 147 128 144 129 104 135 144 133 0 126 108 108 140 138 122 133 0 0 0 135 111 121 137 136 119 0 0 132 143 109 108 106 0 117 0 123 101 0 0 103 124 146 107 0 0 107 145 110 147 0 112 0 0 104 144 0 0 140 138 0
0 148 104 130 144 148 0 134 100 135 116 0 0 116 0 101 117 0 147 130 145 0 121 134 0 0 142 0 122 104 117 0 0 144 103 0 148 105 116 0 0 137 145 127 119 130 114 0 0 109 146 122 0 143 117 0 145 112 0 0 0 121 0 0 148 109 123 147 129 0 142 114 107 100 117 137 0 101 135 101 0 0 116 0 112 114 101 0 125 109 124 0 112 0 127 104 136 136 0 104 0 0 0 149 130 142 116 105 120 0 136 126 108 125 122 103 146 0 0 133 131 119 0 119 119 125 136 0 110 141 0 130 142 118 114 132 101 133 0 106 0 100 110 0 101 139 103 0 0 0 104 124 135 126 107 142 118 100 103 119 149 122 126 119 115 146 0 0 127 133 120 134 107 124 147 0 124 0 112 128 149 129 133 141 136 107 144 147 118 0
0 0 127 143 141 103 131 108 135 138 146 131 142 0 0 0 138 142 0 0 149 107 101 0 106 111 130 139 133 114 0 137 131 127 133 103 138 134 118 143 134 0 0 124 128 144 135 101 0 118 138 0 124 108 126 114 137 133 0 131 0 107 111 0 128 119 0 0 101 0 138 112 128 147 139 145 126 0 109 140 126 104 0 115 0 149 129 141 0 0 114 108 0 107 0 0 101 0 123 118 111 0 101 127 141 101 106 145 0 0 112 131 132 149 0 126 129 106 140 134 109 122 114 0 139 135 124 140 131 109 0 0 146 127 126 141 112 118 0 148 111 132 135 132 146 107 140 113 115 145 139 100 0 136 0 135 137 120 111 129 128 0 0 0 100 0 108 118 119 105 120 119 0 149 0 148 101 124 0 149 0 0 105 0 126 100 104 105 142
0 136 113 146 0 0 127 102 0 126 135 102 124 120 0 117 0 132 132 139 110 0 137 139 0 111 0 137 0 101 135 0 119 143 0 145 138 133 0 141 120 102 148 124 109 113 0 114 122 106 104 109 136 114 0 140 131 134 137 141 107 125 131 121 146 0 0 121 111 0 110 115 0 145 108 0 136 0 140 136 109 130 121 107 115 131 121 109 141 107 0 0 0 0 140 100 123 0 0 135 113 148 142 101 148 113 118 116 0 144 127 102 140 126 0 113 119 144 0 113 103 104 134 103 0 127 0 0 106 123 135 103 105 119 0 133 0 0 121 110 112 133 127 118 114 118 128 132 130 0 128 0 128 120 115 130 114 124 135 0 137 0 135 107 137 0 119 0 109 128 141 130 0 107 0 118 127 114 118 127 0 137 100 143 138 145 116 0
0 146 144 138 112 139 144 0 128 147 102 130 119 102 136 113 106 124 0 126 111 141 129 0 141 148 125 119 105 110 0 0 0 120 111 115 126 149 0 111 112 136 120 0 121 147 0 136 0 132 128 0 0 0 121 0 100 129 125 105 0 146 0 106 139 115 0 144 112 148 0 149 112 136 109 126 105 103 109 125 144 0 145 129 116 0 145 125 140 104 137 121 137 102 0 119 126 136 107 110 122 146 143 0 141 114 0 104 131 141 123 0 148 113 111 0 0 105 134 112 125 107 105 133 139 131 108 121 101 136 0 136 119 0 0 100 0 0 137 106 134 0 137 117 128 105 115 118 0 111 110 108 0 148 0 110 111 130 0 127 131 0 104 126 144 102 138 125 144 0 106 141 0 112 132 129 115 110 0 132 147 118 128 106 128 121 131
0 116 0 0 132 132 0 121 142 0 127 0 137 114 110 0 148 119 0 0 109 144 111 0 0 133 123 136 0 106 116 147 146 113 133 141 113 140 140 0 0 125 0 107 109 149 0 0 133 0 125 111 131 113 135 0 139 0 127 111 128 100 0 110 104 119 138 102 136 101 0 140 127 127 135 142 137 0 136 0 123 128 129 121 149 121 137 120 137 129 107 0 119 135 0 0 0 126 0 102 128 0 105 109 122 147 0 129 142 106 0 0 107 104 117 116 106 117 138 132 0 110 108 141 148 0 143 125 143 129 0 117 0 101 107 113 123 125 105 107 147 0 139 135 119 139 0 148 0 137 149 0 134 0 106 139 134 0 149 148 0 138 104 112 111 120 0 0 125 101 103 141 115 115 0 142 106 103 0 108 107 0 0 141 108 140
0 130 0 101 130 111 103 0 112 0 108 105 123 106 0 121 143 0 111 119 134 132 114 133 125 110 118 116 107 115 0 128 104 140 101 115 118 136 132 134 148 139 143 125 128 106 105 112 0 0 141 109 0 126 131 0 122 131 115 113 0 0 116 148 100 0 102 0 123 0 144 115 101 107 0 116 0 131 134 129 105 0 0 0 126 122 123 124 111 142 121 142 131 134 116 136 0 115 131 115 107 0 0 142 106 140 140 120 116 123 115 0 107 100 111 120 0 103 0 116 114 142 118 0 108 127 139 142 133 132 103 118 137 129 111 116 139 106 0 105 109 123 141 144 0 147 129 102 0 128 0 139 129 124 0 113 0 144 0 0 136 0 134 138 121 102 101 128 142 0 138 146 128 149 120 126 137 116 112 136 126 0 0 138 131
0 112 148 127 116 102 118 0 0 145 131 138 124 149 0 0 145 149 119 147 143 144 118 130 111 0 116 0 144 119 0 105 148 113 0 131 100 120 0 0 129 114 148 0 0 114 0 117 128 126 106 138 121 0 136 100 135 121 135 107 117 141 131 139 103 134 114 123 111 0 126 125 0 125 114 129 140 115 102 124 113 128 0 120 137 111 0 148 127 0 0 140 145 146 0 135 104 108 121 0 148 132 128 141 103 104 128 0 120 126 0 146 119 0 103 132 113 0 122 145 117 139 111 117 119 108 127 108 130 146 138 116 110 0 140 110 142 0 0 133 107 0 113 100 0 144 136 0 0 134 0 141 136 0 125 0 0 148 125 129 0 0 121 138 107 111 138 107 135 129 111 147 0 130 104 111 0 123 0 146 100 147 140 0
0 144 116 102 147 128 126 0 0 0 0 0 101 0 124 112 122 0 137 105 138 121 141 114 127 126 115 135 102 0 105 119 141 130 114 122 106 144 116 110 129 137 136 106 111 106 126 127 135 141 139 104 139 0 148 145 142 0 0 0 116 0 116 0 147 142 0 125 107 0 135 141 126 141 147 114 117 106 106 143 135 140 149 146 108 141 117 143 142 108 101 100 0 106 104 144 125 138 111 0 0 102 142 105 136 119 0 0 0 0 144 143 0 137 112 114 146 115 130 105 0 120 127 117 0 118 124 146 148 137 113 131 108 119 126 0 0 136 125 0 114 0 108 0 0 147 0 0 137 116 149 0 140 129 129 108 147 147 147 0 102 0 124 126 129 125 105 137 146 130 0 140 149 0 133 0 146 122 111 141 140 101 111
0 109 129 109 114 113 135 0 107 134 144 111 138 112 146 121 0 104 0 117 119 147 114 0 0 0 100 0 0 105 110 116 131 0 132 0 0 0 0 100 0 145 127 123 119 102 113 131 0 129 149 124 108 131 124 105 115 0 144 142 0 117 149 149 135 114 102 146 149 140 0 144 126 124 142 107 149 113 0 113 130 0 136 123 100 106 123 144 105 136 135 137 121 0 0 0 137 145 119 136 140 139 131 111 149 123 0 0 114 105 134 144 121 114 124 141 143 101 106 0 124 110 101 134 132 0 142 145 106 0 128 147 132 119 109 119 112 125 130 119 125 143 145 106 142 117 132 0 114 141 135 0 0 130 0 130 0 137 114 113 127 104 137 0 149 0 116 0 115 130 111 126 0 0 0 101 0 119 126 0 148 112
0 0 117 143 0 0 135 102 0 0 117 137 109 0 0 144 0 136 134 126 0 119 135 105 133 130 113 121 113 102 132 100 113 0 146 149 140 0 149 127 140 0 149 142 108 115 126 123 0 0 132 115 0 136 0 0 149 0 118 108 108 106 113 146 108 0 0 149 0 105 103 117 130 137 120 128 136 0 115 145 114 0 126 144 146 113 111 119 125 104 0 131 138 101 106 0 106 142 105 0 106 114 106 146 117 117 117 130 103 148 133 121 149 0 0 124 137 102 123 114 116 0 128 124 0 126 115 103 0 149 134 138 0 130 144 108 147 114 137 120 115 113 104 147 129 0 139 0 114 119 116 118 138 0 0 108 0 124 128 0 135 119 101 109 145 131 135 132 144 143 106 127 140 101 0 0 102 123 136 120 113
0 105 149 0 104 0 125 118 0 149 126 125 0 112 0 140 106 124 112 135 107 144 119 142 0 107 131 105 124 134 0 125 140 121 136 103 146 138 119 0 130 148 133 0 130 0 134 136 132 0 144 117 144 143 100 0 114 124 0 124 0 120 130 124 129 0 109 134 118 134 0 131 142 0 106 114 149 105 0 135 126 0 145 127 147 0 132 135 0 0 135 114 108 145 136 110 126 123 130 149 105 142 0 140 0 0 120 128 144 127 135 146 0 116 148 102 0 146 104 103 108 137 118 128 104 111 147 120 0 137 146 130 111 119 0 105 144 141 0 145 110 105 135 131 121 101 0 0 0 101 134 130 147 109 123 118 131 109 140 120 125 103 134 114 136 107 133 149 130 0 102 114 0 120 122 0 103 0 127 137
0 143 0 119 0 129 121 0 138 114 126 110 0 0 115 125 138 116 145 138 127 132 125 108 0 0 137 113 109 0 123 130 142 0 138 136 100 139 120 144 125 137 0 109 140 106 100 0 143 134 0 0 100 144 0 148 0 132 108 145 120 100 0 0 104 114 0 106 0 129 107 121 133 143 127 133 0 132 106 0 112 128 106 109 106 106 123 137 0 106 128 124 108 147 142 103 131 139 102 134 124 112 142 136 0 127 143 132 0 131 123 111 143 115 0 106 0 116 139 144 133 0 0 125 129 138 124 123 139 112 126 0 0 147 113 147 0 129 117 0 0 101 128 145 0 110 137 0 121 106 0 105 122 0 118 118 0 137 0 122 117 115 0 115 127 137 116 0 114 0 111 102 121 134 113 118 124 147 128
0 0 103 0 143 111 112 138 106 141 111 114 136 148 137 103 133 0 133 137 117 135 143 127 115 126 121 114 101 122 148 110 145 116 137 100 144 116 0 117 118 100 0 0 0 116 130 103 104 144 126 0 0 141 108 0 140 0 112 0 144 0 143 108 0 115 0 131 116 112 125 0 145 0 145 0 106 132 149 130 132 0 137 141 123 142 131 106 147 114 0 0 137 117 125 0 115 0 111 141 0 0 118 0 104 122 0 0 136 102 136 125 120 0 126 131 0 129 149 116 140 103 111 126 0 129 104 130 101 0 143 108 0 0 115 0 104 0 0 144 147 105 140 125 0 0 122 119 104 120 143 104 134 138 141 0 0 116 110 109 107 146 147 110 0 143 107 115 135 103 100 140 144 117 100 141 104 0
0 103 131 0 0 127 121 135 0 117 0 139 120 145 113 0 136 0 0 0 106 106 124 113 145 0 113 149 104 0 142 0 138 130 146 139 111 120 105 120 0 138 0 136 110 107 0 128 117 133 133 0 0 131 107 0 0 0 141 124 113 102 119 105 107 105 113 0 0 0 129 114 126 117 141 0 0 134 0 113 128 139 110 0 128 143 0 125 105 107 127 0 103 0 109 0 115 136 122 139 116 117 112 101 0 0 114 135 140 126 132 131 0 104 0 0 129 133 102 143 103 0 138 0 0 139 116 130 148 0 0 148 100 145 109 125 0 0 144 136 140 126 128 135 143 117 117 117 146 101 0 132 123 127 0 107 0 111 101 105 107 106 113 102 118 0 0 129 125 123 139 107 149 121 146 0 0
0 127 103 0 142 107 0 138 113 0 104 108 123 129 143 118 136 0 114 116 113 115 0 0 117 142 100 0 122 121 103 0 0 131 114 119 0 0 133 0 0 128 0 143 114 0 118 0 141 138 0 109 129 118 0 138 101 104 132 130 104 0 109 135 0 128 121 134 140 107 131 0 0 139 146 148 0 113 142 120 133 144 121 0 116 0 0 102 0 149 129 100 0 0 147 122 0 0 125 0 131 0 120 101 0 139 147 148 147 0 126 123 112 124 111 134 0 112 109 114 125 103 120 138 129 0 145 104 0 0 149 0 144 0 140 0 135 145 124 0 149 107 0 149 135 0 101 131 122 124 136 102 145 126 141 136 116 0 0 121 108 145 146 117 0 0 0 101 105 142 123 0 110 136 0 141
0 0 105 0 107 143 106 128 125 119 116 0 0 129 100 122 0 149 140 0 0 0 132 121 133 133 133 109 115 124 137 104 102 0 120 137 107 108 106 116 116 0 138 136 111 135 110 0 0 111 0 134 144 125 0 127 113 138 0 149 126 140 138 109 133 113 0 127 122 0 106 116 123 0 0 0 105 106 137 104 142 101 0 0 131 110 138 148 0 0 137 142 0 0 0 0 123 114 127 0 137 130 102 144 0 0 132 0 135 0 137 149 144 0 123 142 142 139 108 111 130 144 110 137 104 126 0 0 0 101 107 126 138 0 0 149 0 137 103 143 136 0 126 121 0 0 0 0 0 124 0 137 126 0 135 128 0 0 102 0 146 138 111 120 137 0 0 101 135 0 131 0 128 0 117
0 113 139 104 114 106 0 128 112 106 104 147 103 121 101 131 136 0 111 115 106 127 0 114 137 145 124 105 0 149 125 134 137 108 137 112 102 0 131 145 124 100 143 132 117 0 118 120 131 106 0 148 0 100 0 113 0 135 104 137 0 107 137 138 101 139 120 146 0 0 0 102 120 0 110 110 101 0 133 0 0 0 138 0 149 0 142 100 137 113 0 116 141 101 0 101 134 110 105 110 122 137 120 127 113 147 138 145 142 115 147 131 0 135 134 107 133 103 0 139 141 130 134 102 122 0 0 109 102 135 127 0 116 127 114 0 118 0 126 125 141 146 0 142 0 133 0 105 115 104 138 114 0 0 133 0 0 101 0 103 138 127 121 138 0 0 138 148 106 120 109 107 0 118
0 0 0 101 106 0 0 102 114 139 121 148 138 122 106 103 124 147 130 0 124 0 137 119 146 111 106 0 106 0 139 134 122 106 0 132 137 0 0 0 136 138 133 107 133 112 143 105 133 107 0 131 0 101 0 144 124 107 120 148 0 0 108 131 116 123 112 0 131 105 100 149 0 119 141 0 114 147 0 100 0 0 102 0 100 0 104 100 134 137 139 0 141 0 125 0 0 126 139 125 129 0 136 149 124 115 148 144 145 0 119 148 107 133 101 102 0 113 134 123 101 138 109 104 132 0 136 102 133 149 128 0 103 107 130 125 135 149 0 141 0 0 142 0 101 145 103 126 104 129 0 108 0 108 0 128 109 0 105 0 0 131 0 122 147 142 106 135 104 0 0 139 0
0 127 125 107 132 117 148 132 106 139 106 138 130 119 125 114 129 123 0 0 0 118 132 0 142 121 138 147 0 125 138 0 100 114 137 141 145 118 0 0 135 0 132 140 0 134 147 110 116 131 0 107 148 134 0 122 107 138 127 127 125 0 126 106 102 101 116 110 126 105 0 102 135 0 140 0 138 138 135 0 127 103 113 114 108 110 129 117 149 0 134 136 0 0 111 0 0 0 133 0 129 136 135 0 121 104 121 138 0 133 102 129 0 126 127 147 140 0 100 108 141 107 128 0 135 117 122 124 0 128 149 109 125 0 135 102 138 137 114 112 116 118 120 144 0 104 124 106 0 110 143 104 0 118 139 118 0 116 0 0 0 130 125 117 138 147 147 125 117 110 149 131
0 125 126 147 120 132 123 109 141 105 0 142 140 117 0 131 127 140 0 148 128 138 130 147 0 144 136 136 128 106 0 0 115 0 0 119 110 0 141 0 148 138 121 104 133 111 116 117 135 0 0 146 149 100 114 139 0 0 145 0 0 135 124 119 120 112 113 0 105 0 124 130 132 0 149 104 132 141 142 146 131 105 0 119 130 101 130 106 145 116 141 0 101 140 145 143 117 117 135 0 135 148 0 133 139 127 142 0 144 0 0 0 138 106 129 0 105 127 141 100 128 0 0 122 105 126 149 105 109 129 0 0 132 129 117 0 131 0 103 139 110 147 149 117 139 0 101 0 0 108 141 107 113 0 0 0 135 138 105 141 125 0 140 123 110 0 100 124 0 0 102
0 0 123 111 0 136 100 131 0 101 119 121 111 106 124 129 129 0 0 103 125 0 104 109 0 140 130 110 106 116 105 120 139 129 0 102 105 134 135 148 141 121 0 132 0 122 0 146 129 148 119 0 118 121 121 0 120 0 110 146 107 138 127 0 149 101 0 134 0 108 104 113 0 0 149 137 129 141 0 123 142 128 0 111 145 0 102 0 0 130 0 117 122 103 132 0 112 110 115 127 111 108 139 147 139 109 105 138 136 0 119 0 126 113 0 122 134 109 107 127 119 116 0 0 121 104 0 0 0 116 128 143 111 102 146 108 138 132 126 118 135 0 142 0 0 109 103 100 137 111 139 141 103 146 139 104 125 137 0 136 126 123 0 138 137 116 132 114 125 125
0 0 0 142 137 106 112 118 0 134 116 138 104 129 0 117 0 113 126 109 117 0 0 145 104 142 130 135 125 0 133 131 0 105 119 138 102 123 0 146 119 115 0 106 100 146 117 0 0 0 136 112 131 100 143 148 106 120 103 133 0 143 120 120 0 120 108 0 0 130 129 0 121 111 112 140 128 120 115 0 137 0 115 132 117 0 0 109 112 0 146 0 148 122 128 125 0 143 107 100 116 111 0 112 125 138 116 144 103 133 105 137 0 0 0 0 122 112 147 109 0 131 131 0 128 0 129 111 109 146 0 140 0 118 142 141 139 100 115 102 134 0 123 0 100 106 0 110 115 0 131 121 108 0 108 122 101 141 112 0 0 141 0 121 134 112 0 130 104
0 108 128 0 122 116 135 0 129 121 124 113 146 111 115 129 0 0 127 0 120 111 141 110 104 110 124 148 127 109 0 0 103 101 145 120 0 0 131 0 126 120 133 112 0 149 136 0 111 139 109 0 140 135 142 0 0 146 0 123 110 138 129 0 0 122 128 116 0 0 0 103 0 108 119 137 122 145 143 124 149 113 109 141 146 113 0 0 113 144 120 120 132 127 138 147 149 115 0 137 142 142 0 113 148 130 0 0 128 0 117 0 144 144 104 143 148 124 123 128 0 131 107 0 132 117 102 118 146 138 118 0 131 129 0 120 108 137 109 129 134 138 122 0 126 102 102 113 117 0 114 138 0 148 142 148 120 114 0 111 125 121 101 107 0 0 0 0
0 148 119 0 133 148 100 126 127 133 149 0 0 120 0 109 124 104 148 145 132 119 135 108 0 0 124 103 135 0 0 0 0 125 0 0 101 0 103 136 139 107 123 132 121 113 0 123 115 0 0 120 109 145 0 0 124 114 0 128 121 121 116 126 0 112 135 126 101 0 0 141 0 119 106 128 0 114 0 148 134 108 0 0 149 146 145 122 0 0 109 142 141 0 0 111 140 111 146 101 126 0 129 142 0 108 122 138 126 133 143 113 114 109 127 130 132 127 114 123 139 120 146 130 110 0 126 0 0 127 0 122 118 0 0 118 138 102 108 141 149 142 0 0 116 0 0 122 134 101 131 125 103 123 111 147 102 0 126 0 148 106 112 109 0 0 101
0 0 0 143 0 144 126 110 100 121 124 111 0 122 116 0 110 145 120 0 131 107 103 110 0 138 132 139 114 131 143 135 112 0 108 103 0 105 0 117 138 122 0 142 134 135 125 0 126 102 113 0 133 144 136 110 0 104 120 103 119 142 101 134 0 114 121 0 129 101 0 145 0 0 0 115 113 139 123 144 0 147 132 103 0 0 0 0 103 114 114 121 0 131 0 129 115 125 108 0 0 127 0 119 0 134 0 113 0 116 0 146 101 143 0 134 111 135 144 142 0 0 142 0 108 104 112 141 0 135 123 140 113 115 0 101 145 128 102 109 148 0 120 147 137 113 113 132 0 134 116 114 0 0 134 140 119 132 0 123 0 132 0 136 135 114
0 102 139 110 137 107 144 106 0 102 109 118 123 140 0 0 121 139 0 0 105 143 123 128 136 144 101 143 121 0 0 102 121 129 0 137 134 137 143 121 139 139 123 0 129 131 133 125 0 104 142 0 0 0 128 110 0 0 115 103 109 128 137 127 102 115 143 143 145 111 0 0 116 0 0 119 126 0 141 106 133 102 0 0 104 120 0 135 0 127 139 0 112 0 128 101 0 110 121 100 0 120 0 128 111 136 126 135 113 0 0 144 143 139 129 0 0 143 142 135 123 149 0 112 135 0 130 0 0 117 100 127 0 0 0 110 125 145 141 112 0 0 122 109 0 144 147 101 0 0 105 144 134 146 107 134 136 147 100 147 104 0 101 136 0
0 147 0 0 105 100 0 123 135 134 134 135 144 0 120 144 142 129 0 111 148 0 0 111 121 107 137 142 123 0 119 118 139 131 119 103 146 141 121 148 101 126 141 133 0 126 0 134 100 137 0 101 0 0 0 131 116 131 133 128 143 102 0 0 100 130 124 0 0 0 141 0 0 104 130 0 111 127 0 135 0 121 140 142 126 0 107 0 146 132 0 0 142 142 142 117 114 127 129 134 115 127 0 120 123 0 125 0 111 112 0 143 120 0 125 0 103 105 117 0 142 121 127 142 138 114 134 0 126 114 0 134 0 0 137 120 138 103 133 111 132 142 115 105 0 142 138 111 0 0 132 110 111 0 117 124 128 148 0 141 143 123 136 0
0 0 101 130 104 145 138 139 101 137 137 141 133 127 117 134 101 134 0 0 0 102 139 131 0 0 0 103 114 127 149 0 0 129 0 124 148 136 136 131 127 122 125 0 0 0 108 137 0 138 103 131 0 0 140 0 0 145 0 110 140 132 0 146 113 0 0 130 132 146 111 144 105 111 0 111 103 0 123 0 117 112 104 125 140 103 137 0 134 137 145 117 103 121 142 106 112 124 131 133 143 120 0 136 130 140 0 105 109 0 140 148 121 0 114 136 128 146 123 0 0 143 135 144 113 0 126 0 0 100 100 105 111 123 125 139 132 120 137 136 146 120 113 0 117 137 149 117 139 104 103 147 113 114 143 133 105 107 126 142 0 144 123
0 108 0 0 0 0 146 124 0 115 0 133 101 0 148 135 119 0 102 136 108 0 110 108 0 126 121 119 104 0 0 125 127 0 149 105 131 103 134 119 146 107 106 133 140 109 0 148 112 113 126 119 132 0 130 136 105 0 125 0 141 108 100 130 144 104 146 148 128 0 0 0 116 118 106 0 145 104 124 0 125 144 113 0 123 139 0 127 0 0 0 119 111 128 100 148 108 0 0 108 0 142 0 103 0 0 113 125 149 146 131 0 130 148 118 116 107 100 134 126 127 104 0 130 0 147 143 0 111 110 0 0 104 0 0 100 109 0 137 149 0 0 109 121 0 124 0 141 141 135 110 119 0 0 132 108 103 104 0 149 131 0
0 141 125 113 125 0 149 123 149 141 0 128 114 116 149 137 0 0 145 143 133 146 129 148 0 0 127 120 119 136 0 101 140 126 138 113 141 133 113 119 0 119 144 142 146 0 0 143 140 145 118 111 144 119 105 131 0 104 134 0 116 0 0 114 106 120 133 113 146 103 122 104 120 0 115 149 133 136 123 0 137 132 137 136 144 126 119 105 119 110 113 125 0 112 106 138 123 0 141 114 116 100 106 135 0 0 102 129 128 137 0 117 106 138 145 136 108 0 101 0 148 101 121 148 131 114 148 123 0 133 0 146 111 0 149 144 120 138 112 115 148 144 115 129 0 131 0 105 141 0 118 126 149 142 0 138 0 124 114 118 0
0 0 0 130 130 126 108 109 0 142 115 0 107 125 102 0 137 135 0 136 138 113 0 0 108 0 132 103 131 126 117 0 0 103 0 0 0 0 143 0 129 107 0 119 112 102 124 141 109 109 143 0 0 111 118 138 0 130 122 107 139 137 113 0 139 101 100 0 110 102 100 0 106 140 143 0 0 143 122 0 132 139 129 0 110 121 117 104 103 0 0 0 147 131 114 141 127 0 112 111 130 125 113 0 0 104 122 115 0 119 100 129 112 121 128 0 104 0 0 115 134 119 127 140 115 129 145 136 118 0 0 101 123 0 113 117 0 139 108 132 129 142 108 117 131 0 100 140 0 0 122 110 105 103 135 131 0 0 0 126
0 0 128 0 111 110 0 135 137 137 0 0 124 114 110 119 121 131 124 127 103 119 0 0 131 0 103 146 121 128 144 143 141 0 0 136 130 124 0 0 109 111 109 133 129 127 135 112 127 146 113 127 0 105 126 101 0 145 0 126 127 0 0 0 149 109 147 127 112 133 143 0 119 116 0 108 0 114 0 126 144 117 107 0 119 130 110 144 109 138 118 114 0 126 116 129 127 0 101 106 125 135 113 107 109 0 0 119 119 134 0 143 134 137 148 0 117 136 0 132 113 0 132 128 127 123 122 115 103 149 117 0 134 122 0 148 128 0 147 0 100 109 0 116 0 0 134 104 106 104 122 0 110 146 0 105 144 0 0
0 124 115 121 135 107 136 105 0 148 105 129 115 0 115 115 135 113 0 106 0 149 101 145 141 0 0 120 0 0 0 127 101 125 127 120 115 136 144 144 0 111 105 115 103 127 102 135 117 0 123 142 147 103 131 127 111 0 0 0 112 0 143 0 125 103 0 104 117 110 143 123 143 0 102 139 124 0 0 0 0 0 122 145 109 105 115 149 0 103 140 117 141 140 134 129 0 137 120 141 123 102 139 109 116 147 112 107 134 0 113 0 112 0 103 146 148 137 0 128 119 0 0 129 115 0 117 0 122 100 136 116 104 107 0 142 121 104 108 115 100 126 140 108 126 142 145 119 0 0 131 0 103 0 119 0 116 129
0 102 145 0 106 0 103 102 135 139 145 143 140 0 124 0 118 136 125 0 0 122 147 141 0 124 0 139 144 0 128 138 0 144 101 0 0 0 0 0 122 111 104 111 137 114 126 131 110 0 0 0 100 133 0 0 115 0 129 112 117 109 149 0 0 102 104 101 100 103 0 146 108 0 0 137 124 144 0 104 114 0 0 125 111 142 108 0 0 110 104 142 147 0 0 104 120 102 143 112 0 0 138 142 136 133 142 122 114 0 0 100 0 142 0 117 146 126 143 0 116 126 137 137 0 107 149 114 118 138 0 143 142 131 0 121 131 145 122 141 0 122 0 142 143 124 124 143 0 0 120 0 146 0 136 119 113
0 121 101 118 117 139 134 144 0 118 0 0 0 108 110 0 0 107 0 0 0 143 122 117 101 0 140 135 0 137 123 0 130 103 101 0 117 147 147 109 138 123 101 129 0 135 128 147 0 131 138 102 132 140 0 128 112 0 119 100 0 132 0 133 116 129 0 149 0 0 125 141 101 0 136 133 0 0 119 100 0 133 128 136 136 106 113 106 108 0 120 123 0 145 103 124 114 0 125 103 122 117 0 147 136 135 128 0 100 0 129 141 0 139 143 138 133 121 123 0 0 110 0 0 0 0 103 104 100 137 0 0 125 132 145 149 138 107 0 145 0 134 116 124 136 132 148 125 108 0 133 147 124 0 106 125
0 119 120 0 131 0 0 128 138 145 137 0 141 0 0 113 120 101 113 144 117 132 101 122 148 0 139 135 107 146 103 112 114 0 0 106 0 133 0 109 135 143 114 119 125 130 149 0 109 142 149 0 130 0 143 146 111 142 145 103 140 107 115 149 104 127 148 113 143 134 112 125 135 131 113 148 125 147 121 121 0 0 143 105 0 148 0 0 0 148 102 114 124 132 0 137 149 139 0 0 130 121 116 110 145 100 125 124 119 0 149 141 125 135 115 106 146 0 0 142 102 141 129 103 0 133 0 104 127 0 102 0 135 109 137 106 134 0 147 140 110 0 126 0 0 112 133 149 102 127 0 124 107 128 141
0 126 137 0 121 143 0 134 137 134 121 146 0 128 145 101 126 132 0 130 116 117 137 0 0 109 128 0 134 0 147 100 136 142 107 147 101 0 104 142 112 138 122 0 100 0 142 0 0 126 133 113 0 0 115 0 141 136 124 144 147 0 0 106 147 0 0 121 129 117 126 136 0 0 113 102 104 136 109 132 123 0 0 126 120 136 145 136 118 0 107 135 129 0 142 0 105 0 144 103 0 0 0 0 123 101 0 105 144 109 143 146 132 103 141 115 0 0 114 127 117 129 135 102 142 0 133 139 0 0 126 147 0 0 128 123 116 142 126 102 129 0 135 146 0 133 109 108 0 108 0 0 0 102
0 118 0 103 0 0 132 125 127 101 120 148 0 106 103 122 103 131 130 103 114 129 0 129 101 115 0 123 138 128 126 126 121 0 128 111 110 133 126 0 0 141 0 101 115 0 112 122 148 146 0 0 0 107 141 125 100 133 128 0 0 120 133 114 0 124 100 114 148 114 106 141 113 103 108 0 130 103 123 105 114 112 148 128 148 120 103 113 100 130 105 103 147 0 119 0 136 0 130 127 109 115 126 134 143 104 147 114 0 106 147 101 115 118 143 0 0 119 0 147 137 149 142 0 0 147 113 0 136 135 113 128 119 0 138 0 100 124 115 107 0 124 128 126 124 100 0 148 103 146 120 124 149
0 110 111 0 119 141 101 113 145 121 0 103 131 133 130 108 107 122 116 121 137 123 149 125 135 119 116 140 133 112 149 0 112 0 0 0 104 0 142 139 147 140 126 139 125 121 0 148 131 143 0 123 0 0 104 139 114 111 130 0 0 136 106 148 106 115 148 110 0 144 106 0 129 0 0 0 0 146 106 112 146 129 142 129 120 149 139 0 0 118 137 0 140 142 112 0 0 110 118 149 148 113 147 117 138 123 138 143 120 0 0 102 123 116 130 120 147 114 104 0 130 0 149 112 114 145 101 114 136 0 113 146 0 120 149 108 149 125 0 126 126 0 0 119 0 0 0 0 0 115 0 0
0 0 109 115 0 128 102 114 0 140 110 0 0 105 146 144 118 130 148 139 0 121 109 128 0 0 145 0 107 108 143 106 119 119 127 0 0 0 126 0 0 147 134 113 0 141 117 107 117 117 113 137 0 0 0 136 0 0 104 0 107 101 102 0 0 124 125 134 114 113 0 124 149 130 0 129 147 0 0 135 137 123 136 0 139 112 0 149 108 0 0 102 145 102 104 100 0 135 146 123 0 127 133 102 0 132 0 132 111 0 114 113 0 0 117 121 120 0 124 139 128 0 142 0 105 120 0 134 131 114 128 0 130 112 0 134 0 0 102 121 135 124 0 0 0 142 103 106 0 124 103
0 0 103 106 0 131 133 117 108 0 147 124 0 148 100 143 126 133 105 126 110 0 112 0 0 0 140 135 146 0 109 137 118 147 105 146 0 123 135 0 125 138 112 117 113 117 120 130 0 109 117 0 111 145 140 127 0 141 136 102 140 115 147 0 104 139 105 115 0 145 143 117 101 0 125 144 122 117 135 112 110 122 109 102 122 142 102 126 0 0 123 0 139 0 122 126 107 0 0 0 0 0 105 148 134 139 103 104 0 0 103 0 100 128 117 0 114 127 136 0 146 127 118 0 0 0 103 0 0 125 0 105 132 144 122 141 145 138 108 0 0 0 115 108 0 116 136 0 148 135
0 115 0 140 103 124 0 135 136 0 101 136 0 131 135 0 0 0 0 129 126 135 112 123 106 0 118 115 146 0 0 137 0 103 122 105 105 147 123 124 144 138 115 0 0 0 139 0 0 125 147 0 0 105 139 0 148 147 0 115 0 132 109 108 110 101 144 0 119 0 116 146 112 0 144 125 103 111 146 141 116 132 133 130 0 140 0 122 133 118 0 0 147 114 120 119 104 107 128 114 143 105 0 116 148 140 118 128 139 112 149 145 0 144 125 132 0 132 0 101 141 142 102 113 0 111 119 132 135 103 144 102 0 140 109 0 115 122 115 132 106 107 133 121 116 149 107 114 101
0 115 121 103 0 136 134 104 101 131 112 0 135 100 0 134 121 137 120 0 132 109 109 106 0 110 0 0 125 149 149 131 0 148 0 126 112 139 133 138 0 149 116 0 0 131 111 110 125 0 131 148 124 117 113 144 0 109 107 0 105 144 109 149 126 0 0 109 149 108 139 117 111 117 112 144 130 0 112 136 0 116 135 129 139 0 105 111 122 0 105 126 134 101 135 0 106 0 145 112 133 115 129 146 135 101 139 0 0 139 110 137 126 131 0 0 149 136 135 0 137 140 125 136 107 0 124 101 132 117 0 0 104 0 108 124 0 139 117 142 0 114 124 108 0 144 0 120
0 137 106 120 149 0 124 105 0 0 130 116 0 0 102 104 124 141 0 136 111 113 0 103 117 0 107 127 128 114 112 0 122 0 123 101 149 106 115 116 0 132 118 102 0 0 122 105 0 120 131 141 108 114 140 101 142 0 137 103 131 103 130 120 101 0 107 0 110 0 141 103 101 133 109 131 121 120 0 142 149 129 147 117 109 145 0 139 130 119 115 0 123 131 144 140 101 117 113 120 107 125 131 0 0 111 0 125 110 0 138 123 0 125 114 0 141 138 112 132 0 126 107 120 127 137 139 144 107 129 103 0 119 0 144 145 149 124 120 117 0 0 130 0 147 134 139
0 0 131 107 0 0 101 110 0 0 0 0 107 116 0 124 136 0 100 0 148 101 140 105 0 111 102 101 0 0 138 115 109 0 130 105 144 141 145 127 117 134 147 141 146 0 147 138 0 113 0 115 147 147 136 111 117 0 132 0 134 0 128 0 113 112 122 131 0 113 149 141 144 0 129 107 123 0 100 0 120 0 132 115 143 106 148 106 103 142 134 0 147 143 139 112 125 143 0 104 110 0 122 0 114 139 127 127 116 0 146 0 142 0 129 131 111 132 144 113 102 112 112 145 101 101 149 131 102 148 0 0 135 112 113 129 146 121 102 111 128 124 0 104 132 0
0 101 107 0 117 136 148 121 0 148 129 132 128 114 141 108 129 103 0 103 130 133 0 0 121 120 104 136 125 108 111 112 0 0 122 0 0 0 105 122 116 116 110 103 125 136 123 129 123 140 100 134 100 0 0 136 144 0 0 102 116 112 122 132 149 134 146 116 0 0 145 102 127 0 127 149 111 133 118 127 125 130 131 140 122 134 141 105 100 149 0 137 100 111 0 105 120 135 0 137 0 139 102 107 0 138 143 0 113 0 112 135 123 110 0 117 106 136 147 0 0 105 141 134 112 130 129 0 110 0 121 0 125 149 106 103 111 0 128 0 145 134 148 0 0
0 102 0 147 0 117 114 141 107 138 137 0 119 143 116 0 0 114 0 137 106 0 0 108 148 142 139 123 111 0 0 100 129 121 149 0 127 130 131 131 0 0 104 0 114 119 124 148 142 142 144 0 129 0 113 120 117 134 124 108 0 136 104 143 115 0 0 0 133 137 100 120 105 122 0 0 140 100 124 0 0 0 113 113 125 0 0 113 132 107 122 117 0 129 119 132 132 0 137 147 0 108 0 139 114 129 146 103 112 0 133 0 125 0 112 109 117 0 0 122 0 131 143 133 138 0 0 105 0 101 102 126 104 135 0 0 132 117 140 0 101 0 0 106
0 0 0 0 0 0 112 147 141 148 0 123 143 0 108 139 0 141 141 133 120 110 113 111 0 149 119 132 101 104 0 0 0 107 134 0 147 103 124 0 136 129 129 130 114 119 129 136 0 0 122 0 0 121 100 123 0 115 146 143 104 126 147 105 147 113 128 0 115 0 140 133 134 0 134 148 136 126 134 123 148 127 118 139 0 130 132 142 114 146 143 119 124 0 105 0 107 144 100 118 129 112 112 112 106 146 0 136 0 126 108 100 0 0 0 115 114 141 133 132 149 107 0 0 102 117 112 142 0 126 0 127 119 146 124 100 119 114 139 0 0 136 0
0 136 131 101 134 119 146 124 121 0 113 112 105 0 119 115 142 144 119 112 147 0 143 121 0 143 104 0 0 0 116 139 131 140 126 124 126 123 0 105 140 101 110 122 124 120 142 142 0 0 106 111 0 0 146 0 136 132 148 133 107 116 119 100 147 116 144 0 124 129 113 109 0 112 0 0 143 140 136 131 117 0 0 147 114 104 0 0 0 0 100 100 141 129 123 145 0 119 127 148 132 0 149 123 0 142 113 107 0 143 127 124 133 0 140 107 0 138 130 100 141 0 112 136 140 141 0 107 0 0 113 124 0 0 121 146 107 112 145 138 0 114
0 0 121 145 110 0 102 136 0 0 131 136 100 127 100 0 114 115 0 0 148 146 103 125 138 0 0 135 122 0 0 127 113 0 113 121 0 0 125 107 126 0 0 110 129 103 122 107 118 0 141 145 0 0 127 108 0 104 102 101 135 0 106 103 110 132 0 140 146 103 108 126 111 113 132 0 119 131 144 120 101 0 120 105 109 0 120 132 138 103 137 116 125 112 104 122 126 131 135 134 141 100 105 0 134 121 137 107 123 101 0 122 0 117 113 0 120 111 122 106 132 140 119 119 0 112 108 122 123 109 136 148 113 138 148 0 0 145 127 0 147
0 137 145 101 117 112 140 118 114 100 136 130 107 109 131 0 141 0 107 138 0 127 147 136 0 139 132 145 131 0 120 130 0 122 100 130 100 139 0 114 0 116 0 115 0 0 126 143 106 0 103 101 0 146 113 110 148 126 113 112 139 108 0 112 149 146 128 141 136 100 124 0 102 122 0 0 106 0 133 138 121 0 116 0 0 107 119 113 130 103 132 0 143 126 126 125 111 0 146 141 135 144 120 0 109 136 0 0 149 0 140 0 143 103 136 123 143 114 147 101 124 104 0 138 137 106 0 115 0 125 0 135 128 100 133 125 107 116 143 0
0 144 125 109 120 113 110 0 0 0 116 106 0 142 0 103 104 119 118 0 112 132 129 101 106 128 112 0 141 112 121 147 0 102 104 115 143 122 135 105 0 0 135 132 121 138 137 101 101 0 0 104 107 0 115 0 104 120 0 0 0 132 108 124 0 100 108 102 129 112 0 118 142 0 124 109 115 110 134 0 116 147 125 0 106 107 133 0 133 132 117 128 131 132 137 103 129 103 122 141 138 148 146 145 104 0 139 127 119 118 135 0 132 110 131 112 0 110 0 0 0 115 126 0 115 113 138 100 131 124 136 101 149 111 0 111 106 113 122
0 0 134 104 101 0 119 0 141 137 149 101 0 104 120 125 109 118 0 122 104 126 107 124 101 149 142 137 130 115 0 0 122 107 108 136 110 136 100 0 141 144 125 0 126 0 105 100 0 123 148 141 124 0 105 103 140 0 112 0 142 0 103 0 109 0 130 110 143 0 123 0 124 0 0 126 144 115 110 139 141 131 141 147 147 111 114 133 148 0 106 115 125 117 125 132 107 143 130 108 121 0 0 0 117 136 101 131 0 100 105 0 139 0 107 118 134 123 138 0 0 0 102 0 105 143 122 120 0 139 119 107 134 124 113 116 142 114
0 108 0 143 118 124 113 120 119 136 141 113 0 130 139 127 0 109 149 128 106 133 125 120 0 142 0 0 0 102 109 133 0 137 113 124 0 108 0 122 0 126 125 0 135 110 116 122 132 144 101 0 145 109 116 133 125 116 123 137 135 110 120 127 144 114 131 0 129 129 127 100 0 0 133 115 119 0 137 115 111 0 111 111 0 119 140 0 0 123 0 125 108 0 143 129 138 101 126 0 119 103 130 108 101 117 144 132 115 148 0 0 107 0 109 119 0 101 118 119 119 125 130 136 100 139 148 121 0 0 0 0 148 117 0 129 0
0 0 116 140 125 0 0 0 108 0 104 145 0 105 0 0 0 135 102 113 107 103 0 114 127 116 0 107 124 116 101 134 111 126 148 0 101 101 144 119 139 129 105 121 121 146 101 0 112 0 143 133 0 0 127 143 112 0 107 130 107 0 0 149 103 124 0 117 0 138 149 148 134 110 108 114 134 104 122 139 136 0 108 130 144 0 0 145 113 0 132 0 0 113 108 140 0 109 110 102 142 149 125 123 117 0 128 116 108 0 101 115 111 147 131 127 117 118 116 0 106 113 0 135 0 102 140 138 135 141 0 117 137 127 101 124
0 120 127 111 118 0 111 0 117 108 141 148 136 114 143 0 131 149 138 0 126 0 107 120 131 121 146 120 115 0 113 149 105 118 0 117 0 0 120 117 102 146 146 134 121 125 145 102 109 146 118 140 144 0 0 100 123 129 0 0 0 106 0 0 134 0 112 106 149 0 0 107 143 147 142 113 0 0 0 0 115 104 0 107 0 0 0 129 115 0 131 102 144 120 0 0 0 115 127 0 110 0 114 0 117 146 125 111 136 110 0 0 134 0 129 0 0 145 127 145 142 148 123 138 140 0 133 131 0 0 123 144 139 110 143
0 130 0 127 127 118 111 105 138 148 143 137 0 133 146 0 132 131 147 0 122 0 126 147 121 136 107 0 0 109 0 135 100 135 129 149 0 123 109 121 124 0 149 117 0 105 103 109 0 134 122 103 128 122 102 143 0 131 108 116 139 0 146 0 104 130 124 146 0 113 113 0 119 100 106 124 117 132 117 139 0 105 101 122 136 134 119 148 0 0 0 0 126 143 113 123 114 134 140 121 110 113 0 104 0 104 117 108 101 106 0 0 128 0 113 112 131 111 132 148 148 0 137 102 119 0 130 0 117 140 106 0 149 136
0 140 109 147 112 123 0 110 104 114 0 132 138 0 120 132 145 110 130 122 118 133 0 131 109 121 133 0 137 109 0 111 116 114 146 120 148 0 137 112 0 122 123 132 116 145 101 124 140 145 145 137 110 142 100 114 103 0 0 143 113 0 134 121 135 118 136 0 142 0 143 0 104 124 0 142 133 104 108 138 101 110 0 0 106 124 103 124 0 132 136 143 101 106 108 140 116 138 108 147 114 122 143 125 132 0 123 111 138 116 142 107 107 108 133 138 110 0 100 0 138 114 110 0 145 138 0 0 0 0 142 132 145
0 0 132 149 0 149 131 0 135 147 134 115 0 108 0 115 102 0 125 131 100 0 144 101 0 0 108 144 127 123 114 148 0 129 146 0 126 121 119 132 136 141 113 0 0 137 0 135 101 0 0 107 145 0 143 122 114 137 102 0 132 101 146 119 123 115 0 131 0 128 125 140 116 126 140 121 133 115 101 131 138 113 107 100 0 141 131 149 117 120 106 0 145 0 145 0 111 0 0 0 144 0 0 135 143 142 110 110 133 127 124 111 0 127 133 0 113 0 106 0 126 126 124 0 117 131 145 101 0 135 125 142
0 123 117 0 121 126 0 104 135 0 107 103 0 135 138 131 149 105 105 0 0 106 115 0 144 144 104 100 112 108 117 149 109 101 127 112 0 125 116 103 119 132 117 134 128 110 0 127 0 0 118 138 131 0 143 0 123 120 111 0 0 0 111 139 148 120 122 0 136 117 0 0 149 111 105 110 139 127 124 0 108 0 118 140 118 115 125 149 107 123 106 0 100 125 108 131 113 141 0 114 114 144 105 0 0 111 104 116 142 129 121 142 144 0 108 0 103 114 145 114 0 130 137 0 114 149 134 118 121 141 119
0 130 0 0 137 121 129 149 0 110 107 149 146 144 0 0 113 147 0 144 142 0 146 115 105 0 123 109 0 0 109 107 147 144 132 0 140 0 129 110 113 146 138 134 125 0 101 134 126 138 131 131 0 114 127 105 142 0 145 130 116 101 116 121 0 113 125 132 0 126 143 128 136 113 110 0 113 138 130 110 0 137 105 0 126 114 141 104 123 120 115 121 104 117 0 124 148 0 129 124 111 130 0 124 129 0 0 102 135 116 134 123 122 116 142 0 137 138 0 0 130 0 0 140 133 142 120 127 106 149
0 0 0 137 134 115 0 118 135 101 138 0 112 120 137 139 111 112 0 126 0 0 0 108 0 107 137 107 123 117 106 0 128 0 0 132 122 138 137 116 138 0 137 119 147 136 141 108 126 110 118 0 115 144 0 128 0 0 128 120 131 128 130 0 103 106 119 147 0 127 0 145 111 105 101 103 132 125 142 0 0 0 108 129 125 140 114 129 0 121 0 134 102 0 0 0 147 134 0 0 0 0 110 124 141 103 125 121 127 118 115 136 0 102 0 136 148 0 117 0 0 101 0 0 126 102 122 100 149
0 149 140 138 0 141 0 115 110 103 134 114 117 114 103 0 107 102 0 142 114 147 128 143 140 113 129 102 0 103 105 0 105 101 114 0 136 105 144 123 0 0 111 105 148 105 134 0 125 105 141 115 103 0 0 138 0 129 0 105 135 0 0 101 100 118 129 107 146 117 130 0 101 105 142 103 120 0 114 118 0 128 140 0 125 0 0 149 0 130 104 0 148 142 117 135 114 0 0 132 0 0 147 140 116 121 118 103 103 0 144 138 125 148 128 137 0 134 121 112 106 124 0 127 107 148 105 134
0 106 124 0 0 102 0 0 112 115 108 0 0 101 101 125 118 0 0 0 120 144 143 139 0 116 122 0 0 100 134 148 0 110 0 0 119 120 122 143 0 105 103 106 100 0 104 0 138 110 101 138 148 147 122 0 134 0 101 123 111 0 0 130 112 132 137 0 108 0 113 140 126 100 122 114 0 0 147 142 115 141 108 122 0 0 102 149 134 134 132 113 120 0 137 0 0 127 119 141 0 134 139 128 133 116 145 110 115 122 100 111 143 137 146 147 123 0 107 113 121 135 147 124 136 0 116
0 148 119 0 119 134 132 126 126 107 117 113 120 113 130 0 0 127 130 119 145 101 0 111 147 124 0 139 119 135 125 101 0 127 129 114 0 0 119 0 105 122 108 109 0 109 0 124 128 139 118 121 146 112 0 0 108 0 0 127 110 0 124 118 0 0 137 111 133 140 141 140 0 129 0 0 113 122 115 149 133 105 126 103 139 113 121 121 147 0 123 136 121 0 0 137 117 132 0 0 137 124 148 0 138 115 144 109 0 128 142 125 136 113 115 0 147 141 0 118 139 114 148 0 110 134
0 105 109 106 0 131 108 0 118 0 131 0 103 148 102 0 131 144 123 135 0 123 0 131 149 108 112 0 125 0 109 128 0 138 140 147 130 140 112 149 128 0 117 147 121 134 0 140 101 122 120 146 0 149 103 119 0 133 105 124 111 0 101 117 0 109 121 0 130 0 130 119 124 103 100 143 129 101 103 0 144 120 123 124 128 143 117 143 106 144 134 138 123 109 148 0 124 117 0 125 0 139 126 131 124 105 149 144 142 0 0 141 135 144 145 0 107 133 0 146 108 132 137 121 120
0 0 0 0 101 123 118 107 120 0 113 123 0 110 112 149 0 0 141 124 107 0 0 145 118 0 141 144 0 139 114 0 0 125 135 0 149 133 134 149 123 145 131 111 122 109 103 145 144 129 136 140 113 147 105 107 138 123 0 130 125 0 139 129 0 107 137 126 118 146 129 132 103 112 123 115 0 135 0 135 109 0 0 109 129 0 142 124 142 0 113 131 139 134 125 101 110 0 136 146 0 133 141 124 124 143 138 123 104 0 0 0 106 102 117 115 100 129 0 137 132 0 138 146
0 0 0 125 149 0 129 120 130 116 0 135 105 124 0 0 121 129 121 131 0 131 128 117 0 0 110 143 109 148 116 125 142 129 117 0 100 0 148 141 0 107 108 134 133 135 140 0 0 0 116 139 100 102 128 107 0 121 127 0 108 0 101 114 119 141 134 0 103 100 115 0 0 128 147 108 129 0 140 129 137 126 146 102 105 148 0 136 141 0 109 123 143 134 0 104 120 104 123 131 127 148 110 116 104 139 112 131 0 148 112 0 118 115 142 112 129 115 106 134 133 117 0
0 100 142 139 133 0 137 119 138 107 128 114 0 126 118 129 0 138 125 0 135 0 112 149 127 132 124 111 0 0 0 104 0 0 0 123 131 131 125 148 100 121 0 139 128 103 122 139 146 0 131 127 140 130 109 0 139 137 0 0 0 141 0 0 134 105 137 116 125 120 144 140 138 130 0 119 0 129 114 0 132 127 0 123 138 122 0 110 129 105 0 103 0 100 126 0 0 110 0 0 103 121 119 0 122 132 0 0 139 135 121 111 129 125 127 137 0 0 100 107 0 131
0 120 113 122 128 100 146 135 141 143 130 119 0 113 0 0 119 147 106 0 124 0 142 130 120 117 115 0 142 138 102 105 109 104 102 133 0 118 149 127 134 120 130 0 107 0 132 111 116 0 116 113 0 124 111 124 137 148 137 146 0 106 107 102 146 138 142 0 0 108 100 122 0 124 132 115 134 142 0 149 0 118 0 133 136 0 0 0 126 125 117 131 135 147 120 100 101 101 126 117 111 111 144 138 136 106 112 102 0 125 0 126 0 127 113 120 125 109 148 126 0
0 112 145 134 128 0 0 0 127 119 0 138 100 0 0 102 0 149 143 128 120 0 142 146 110 0 136 106 0 0 125 112 129 118 100 121 0 144 125 133 142 119 116 111 0 0 123 135 139 0 104 112 0 100 125 118 109 106 100 0 143 125 100 0 122 121 104 139 0 132 145 0 135 147 131 0 135 136 143 128 105 126 136 106 114 126 138 142 0 101 134 0 0 112 120 121 123 104 0 103 149 142 143 0 0 125 141 126 145 0 103 146 146 0 128 100 146 119 144 0
0 134 108 0 122 143 142 0 108 0 118 0 139 147 118 148 105 0 104 102 114 108 119 148 110 115 146 134 101 0 122 135 0 0 124 112 147 146 137 119 142 134 115 145 132 0 118 121 142 140 120 133 120 117 122 140 106 140 126 108 109 0 130 127 0 118 111 124 0 108 144 0 137 0 0 0 0 146 113 0 114 101 146 105 132 130 134 0 108 123 116 148 123 0 100 139 0 119 107 135 103 0 133 0 104 0 100 142 111 0 0 100 147 143 144 0 143 135 117
0 135 0 118 118 111 106 107 113 114 112 0 128 0 0 124 0 111 139 0 125 149 146 119 0 149 141 140 113 0 131 142 0 149 123 0 0 107 122 105 121 0 125 147 0 119 105 148 103 0 138 117 141 131 128 0 135 104 0 149 0 133 138 107 146 0 102 124 0 144 114 109 0 127 133 114 147 117 103 125 137 0 0 101 0 0 117 115 104 105 100 131 141 104 105 114 127 112 0 124 140 131 115 133 129 134 0 0 0 105 125 124 101 107 138 107 0 139
0 129 0 104 149 147 123 126 107 137 0 0 0 119 117 138 143 146 140 0 144 146 118 143 0 111 117 103 129 120 0 130 107 0 149 134 127 0 113 120 126 107 0 101 137 139 0 146 138 0 111 0 132 105 118 0 139 134 133 118 145 129 0 120 0 140 138 118 143 117 126 0 100 140 0 0 139 0 146 135 132 103 109 140 145 119 132 0 0 145 109 0 140 106 124 100 124 0 137 126 132 106 0 0 0 0 121 145 117 132 0 145 125 117 0 0 145
0 127 145 133 129 130 0 110 134 124 126 117 124 131 121 122 0 146 126 144 118 122 131 139 0 0 130 102 141 124 126 114 111 107 144 111 145 101 132 145 139 108 101 103 124 0 0 143 106 0 105 0 117 0 102 0 122 143 0 130 142 103 0 102 0 125 107 138 132 112 124 144 136 149 101 119 107 131 0 136 138 144 110 111 145 132 132 100 112 110 128 0 121 117 143 100 117 0 139 0 105 138 114 0 116 0 114 148 124 142 0 121 113 0 0 107
0 143 144 109 0 123 118 113 118 103 126 0 0 140 0 127 111 100 0 103 140 132 109 141 0 129 0 140 0 146 0 141 112 116 0 0 0 130 122 147 111 127 127 141 0 115 136 148 103 115 135 110 149 102 100 108 111 105 138 124 0 0 110 147 116 130 117 0 146 148 127 136 121 0 143 0 0 0 125 135 0 0 0 147 0 0 140 145 129 148 0 131 112 133 0 101 148 119 142 144 118 0 111 141 125 0 114 0 0 101 143 144 116 100 0
0 0 130 113 0 146 0 127 125 114 139 138 135 0 109 122 146 143 126 0 124 0 0 137 126 131 105 124 113 108 144 0 146 0 110 0 133 122 100 128 143 128 126 109 0 128 131 119 148 118 115 0 0 106 138 147 129 139 146 133 142 101 125 104 129 0 0 148 107 145 130 0 137 117 0 124 0 106 143 148 104 126 0 146 147 0 120 147 105 0 146 136 131 119 149 127 110 0 134 136 147 109 141 115 107 120 112 104 136 139 145 149 117 124
0 0 0 116 108 0 102 104 126 0 129 138 130 0 110 107 0 108 137 0 147 126 0 119 127 130 103 140 129 115 123 0 113 107 132 124 123 141 0 133 104 0 131 148 119 0 0 136 133 0 110 106 134 143 144 0 109 120 139 135 148 148 111 132 0 134 109 114 0 138 0 116 0 147 0 107 148 108 127 110 129 126 106 137 0 118 123 118 114 130 113 122 127 117 122 125 110 0 116 111 101 134 115 114 0 122 0 122 105 147 107 146 104
0 125 131 117 0 112 0 107 139 116 133 146 146 131 113 106 134 112 138 122 145 148 113 116 112 125 146 104 0 132 110 133 111 149 0 121 0 0 0 122 133 145 0 114 137 110 122 0 149 124 108 120 104 105 146 138 0 137 132 104 132 113 111 121 140 0 102 102 147 144 113 135 149 109 102 0 117 0 103 120 135 141 106 111 108 141 135 120 144 104 0 134 136 0 136 102 114 142 112 127 0 0 121 105 134 0 146 0 118 132 104 119
0 0 0 144 131 140 126 0 131 149 0 118 0 143 0 120 134 122 0 134 108 103 0 143 131 123 122 111 145 128 131 127 117 130 100 122 108 136 119 0 0 105 139 125 0 122 125 0 0 139 148 102 124 0 149 138 0 0 128 123 120 139 0 131 0 115 125 107 126 138 143 143 0 135 104 127 124 0 110 0 0 146 147 0 113 125 134 101 123 113 132 119 0 128 129 147 103 136 146 0 123 131 148 143 133 101 0 118 129 101 145
0 136 147 129 0 0 115 105 0 0 138 100 129 0 115 138 0 106 0 106 135 109 136 0 121 108 109 132 127 104 127 0 139 0 148 131 112 116 131 145 115 133 141 127 130 120 136 144 113 118 115 146 113 104 142 0 138 129 0 120 127 129 123 107 0 127 138 113 142 117 109 0 124 119 118 145 0 124 133 114 0 141 0 107 133 143 114 122 123 128 102 132 116 143 105 0 140 148 0 105 0 114 0 0 143 0 0 0 112 133
0 103 119 112 0 149 0 0 0 105 113 0 131 133 136 0 105 121 0 107 112 147 103 0 122 131 117 0 124 0 139 124 0 135 118 0 110 108 0 141 114 0 132 0 135 117 140 0 145 106 146 0 117 148 107 129 123 122 136 113 129 140 113 131 127 128 149 123 118 136 105 148 124 149 137 108 0 0 119 0 101 122 108 127 140 118 0 0 147 114 126 111 134 0 110 148 117 0 135 107 130 115 146 138 132 127 0 145 0
0 0 131 0 102 0 0 0 0 103 140 0 136 0 108 116 0 0 149 125 0 110 135 141 135 147 139 0 145 104 115 131 0 112 136 116 140 122 110 116 107 113 121 129 102 128 135 112 146 127 119 0 145 0 114 147 103 112 126 127 137 130 129 114 139 0 0 132 134 0 115 101 0 0 105 112 0 137 125 117 114 141 123 145 0 125 113 0 124 114 125 148 116 118 148 103 129 135 0 147 0 0 0 125 127 103 118 0
0 107 125 148 0 125 142 135 110 109 107 0 127 138 0 118 126 132 110 0 102 0 0 136 139 114 118 128 143 121 0 127 137 102 135 122 124 0 133 0 0 101 116 0 142 126 114 147 0 146 125 146 124 0 0 0 144 139 135 0 121 0 131 121 134 116 115 113 114 0 0 107 117 146 0 106 0 0 126 0 137 0 132 112 102 0 129 144 122 139 138 0 132 138 0 126 114 149 0 0 122 126 104 100 149 0 132
0 104 122 0 128 122 0 0 102 131 129 147 107 0 0 117 112 131 103 143 107 120 0 123 132 0 116 0 0 0 136 0 0 130 123 112 139 119 119 113 149 129 124 121 0 125 115 118 112 101 105 104 100 103 0 108 116 148 139 144 116 112 123 144 126 138 126 126 142 0 122 121 0 125 125 131 120 130 140 130 111 135 106 128 131 138 128 0 0 0 117 0 137 109 114 0 0 143 145 114 142 0 146 149 106 122
0 0 108 133 0 125 145 144 133 0 135 132 133 126 136 118 115 142 106 111 111 118 142 133 116 114 124 0 125 137 128 135 0 121 148 142 0 115 139 146 0 0 120 0 138 118 103 132 132 115 0 130 101 130 102 103 102 132 103 0 139 0 128 106 106 108 105 127 149 0 0 147 138 0 0 0 144 110 116 0 135 119 117 0 132 111 136 114 147 105 0 141 0 0 107 138 148 103 104 105 144 0 0 0 140
0 122 0 107 0 101 144 113 0 142 106 140 110 120 137 126 136 0 142 135 104 130 118 133 115 0 139 105 147 111 149 112 0 0 146 136 139 138 137 102 118 123 105 122 101 146 100 0 139 145 135 141 129 0 0 128 103 123 147 128 0 0 107 0 146 0 115 142 128 0 128 132 118 110 139 0 106 0 115 106 132 143 130 134 110 0 126 149 104 148 115 0 125 129 138 102 132 144 108 0 116 141 0 0
0 109 136 105 0 110 113 115 121 109 133 144 101 112 107 0 0 128 104 117 134 0 0 0 132 112 0 0 140 0 0 0 147 128 0 0 135 0 0 114 0 136 148 0 100 135 108 128 113 138 142 116 135 114 149 0 142 147 0 134 102 0 145 0 0 140 0 0 108 119 122 0 147 0 102 133 0 0 146 103 133 145 0 113 148 116 149 108 136 0 115 109 133 132 123 105 128 0 104 0 108 129 0
0 0 113 0 0 139 122 103 0 114 135 125 112 132 148 113 107 146 0 125 115 106 116 135 147 105 130 105 108 105 111 0 132 133 104 144 125 0 121 148 0 112 107 132 106 0 114 0 101 149 136 136 126 0 134 139 118 113 0 115 111 140 116 124 140 140 111 130 117 123 114 102 125 102 135 141 138 131 142 142 116 0 106 146 104 132 127 107 118 120 148 103 0 135 113 122 123 128 0 140 135 114
0 113 119 134 141 101 129 129 107 143 112 134 0 129 128 134 114 146 130 101 115 104 115 0 134 0 133 139 149 127 123 120 0 113 108 142 114 125 0 119 107 104 146 132 148 120 105 0 111 113 125 126 0 112 100 136 137 0 124 107 111 100 107 0 0 114 117 138 144 144 110 0 148 114 102 113 0 0 125 0 0 0 142 130 134 114 139 0 120 102 146 0 0 118 0 102 124 146 149 124 0
0 134 107 0 102 108 123 137 112 124 130 148 0 118 0 147 113 135 107 108 126 0 0 120 136 114 0 103 114 110 137 118 146 123 106 127 134 119 120 108 0 0 108 105 115 100 107 106 112 137 0 135 0 0 140 124 120 0 123 0 149 0 116 133 139 131 140 0 127 121 147 137 141 0 0 114 0 136 122 135 103 147 129 0 125 127 137 148 135 0 121 128 0 0 127 138 132 107 122 108
0 0 0 103 118 149 122 0 131 138 128 101 110 125 142 119 131 119 137 119 129 0 136 115 116 148 148 103 0 106 0 117 0 117 121 0 0 127 108 128 103 102 137 0 0 129 145 109 136 136 143 139 100 0 140 132 123 0 0 0 103 137 115 0 120 107 0 0 0 149 143 0 117 100 112 0 139 0 0 0 101 124 0 122 132 119 107 0 0 137 0 143 134 103 149 0 0 123 129
0 0 137 0 0 107 135 139 118 138 0 0 142 136 122 125 0 0 129 118 145 110 135 103 0 108 121 117 0 106 102 0 0 117 134 146 125 128 0 123 105 125 107 0 133 105 139 0 104 0 140 122 105 109 100 145 120 0 107 140 131 131 117 133 0 116 145 0 0 141 106 136 100 138 111 0 147 0 134 0 135 0 118 149 128 143 110 114 121 108 104 0 139 141 140 0 119 0
0 139 0 110 122 128 0 114 127 119 138 102 117 0 115 133 0 137 118 0 120 0 129 139 142 0 103 0 103 126 108 127 0 142 0 0 121 0 101 100 0 116 104 142 108 106 0 0 0 0 130 105 109 103 103 134 108 101 0 0 0 103 121 109 118 104 130 0 149 133 100 126 0 138 148 141 107 142 109 101 112 118 0 148 103 120 0 0 110 0 147 142 135 144 145 0 129
0 134 141 147 0 120 128 139 140 141 132 148 0 149 0 0 131 110 124 0 112 135 0 130 102 101 102 0 106 0 0 114 0 107 0 146 111 112 118 139 0 0 138 134 130 131 0 126 118 144 111 136 136 106 114 0 0 135 0 107 127 138 0 121 0 125 131 137 147 129 123 107 114 0 105 0 0 0 142 0 0 0 105 134 110 0 115 139 134 124 135 129 110 126 0 0
0 0 0 120 108 118 0 117 0 145 0 123 116 123 0 105 121 104 0 109 113 112 149 116 0 0 136 118 124 0 0 0 105 0 111 104 142 146 0 147 102 148 121 103 124 134 120 144 0 125 108 102 141 103 139 147 102 141 106 127 131 132 144 140 127 119 131 0 125 0 125 104 122 140 120 145 123 119 131 0 134 130 126 0 0 101 113 0 131 106 102 0 135 141 120
0 0 110 0 123 142 126 132 127 126 103 130 113 107 0 110 119 130 144 129 138 102 122 113 143 127 118 137 0 105 114 109 0 114 0 113 0 0 134 0 0 114 110 117 114 121 114 126 129 0 134 138 107 106 0 100 130 0 100 119 135 143 0 136 142 144 0 119 0 130 123 110 100 0 130 140 130 0 116 0 119 107 0 128 134 143 111 127 115 0 143 146 124 125
0 0 131 0 0 0 105 105 131 100 124 114 122 104 143 133 0 0 0 126 108 130 117 115 111 117 143 120 100 137 112 148 119 149 0 0 0 130 0 0 107 138 135 144 145 118 114 0 133 118 137 107 125 113 138 0 106 0 138 0 0 102 0 138 103 0 0 0 126 135 0 134 109 118 120 121 121 121 104 0 0 102 119 134 131 0 138 100 104 108 0 148 0
0 104 0 108 133 0 0 114 104 131 106 0 140 104 110 0 121 117 138 126 0 128 132 130 102 0 142 106 133 149 0 0 114 107 124 0 117 124 111 103 0 0 114 0 0 0 146 136 0 106 0 128 0 100 120 100 130 146 125 124 0 119 120 0 0 118 0 142 133 118 0 131 120 138 109 142 140 0 0 136 116 145 133 147 132 124 126 106 145 148 121 142
0 0 116 0 135 133 146 0 137 0 100 144 105 111 101 123 123 130 108 147 141 0 101 119 112 106 135 127 136 0 128 127 0 144 129 0 104 126 0 140 131 115 131 0 0 111 0 134 143 149 126 102 132 147 0 141 118 121 101 132 148 118 124 111 109 115 0 0 143 0 137 119 144 122 111 0 0 141 146 0 130 0 126 136 106 0 145 134 0 149 135
0 0 116 115 136 119 102 107 137 112 0 130 0 0 102 137 120 0 128 117 0 106 0 101 116 0 135 123 128 105 146 146 0 0 114 0 114 101 147 0 0 119 143 121 0 0 122 146 111 132 0 127 106 147 0 119 139 129 100 110 135 0 118 143 0 130 141 0 117 113 117 146 101 131 117 131 0 144 0 145 146 0 147 100 148 127 140 127 101 105
0 105 0 133 100 134 125 100 131 0 112 125 109 0 122 112 101 105 110 115 0 124 136 0 100 124 0 0 112 139 123 106 119 0 146 143 0 123 138 109 104 126 0 126 129 141 135 137 135 104 141 0 120 0 104 134 0 118 0 126 0 0 0 126 149 131 0 127 124 0 136 140 130 104 0 134 101 0 138 104 107 139 0 0 148 116 143 135 123
0 118 147 128 143 110 120 144 146 107 141 145 126 136 0 0 105 0 146 120 139 0 0 131 0 141 0 149 103 0 0 146 142 0 131 0 112 115 0 104 0 0 0 142 123 114 0 120 119 116 109 109 121 105 133 119 127 120 142 148 0 124 125 110 142 0 0 135 128 0 113 130 119 127 119 0 0 0 139 0 0 106 102 134 0 141 0 0
0 135 112 101 109 0 126 104 112 131 126 0 119 119 136 117 0 149 103 112 115 126 103 148 122 114 134 107 0 124 109 110 133 0 0 0 131 117 113 126 126 0 131 116 0 124 107 0 136 125 149 128 131 141 142 125 109 0 146 106 140 119 0 147 133 125 134 123 0 130 102 105 149 0 130 140 124 116 115 0 0 0 0 143 140 0 0
0 143 113 123 117 111 128 0 0 149 120 0 133 124 118 120 123 106 129 140 0 0 132 144 0 103 131 145 141 101 148 125 109 108 105 118 134 101 103 123 127 132 0 135 133 122 0 128 101 117 0 117 101 136 127 123 101 108 109 116 104 0 0 0 100 101 115 101 0 102 144 133 134 0 137 132 115 106 147 136 149 102 110 148 112 0
0 0 0 105 0 119 144 132 142 119 113 128 107 114 101 0 143 147 0 112 106 111 0 134 127 120 135 0 114 123 108 0 110 116 141 124 119 127 127 131 135 136 119 122 127 112 0 130 149 121 128 138 0 0 133 144 128 142 139 127 120 134 136 0 102 143 134 101 0 121 116 122 106 146 104 0 0 126 137 0 125 105 127 0 127
0 146 127 0 102 138 116 135 117 0 149 137 119 132 108 107 100 132 126 0 0 108 116 107 0 128 142 0 111 0 0 115 139 140 142 123 0 145 101 0 0 138 126 114 139 133 0 0 119 0 0 104 106 123 140 0 102 126 124 0 128 127 148 0 120 0 144 116 109 0 118 144 116 115 129 121 133 0 121 105 128 140 0 136
0 0 143 132 108 110 128 105 143 130 149 104 135 103 111 120 0 131 130 0 120 108 0 132 109 0 0 114 0 131 141 0 124 116 144 127 116 116 143 116 137 103 0 0 0 140 0 0 0 129 111 101 136 112 122 115 120 112 0 0 114 129 0 0 122 139 132 104 123 0 142 127 116 0 135 125 101 109 117 146 103 104 145
0 107 143 129 106 0 143 115 113 146 0 119 145 101 138 103 109 0 124 103 114 128 0 133 123 0 146 106 149 123 139 0 139 117 143 144 124 125 0 143 144 112 108 118 125 136 138 0 107 104 146 0 148 129 145 120 0 121 0 146 107 0 0 113 126 140 0 135 145 125 108 120 107 130 134 127 121 148 140 148 144 0
0 0 0 119 131 126 131 130 136 0 139 0 0 119 129 133 135 142 0 127 0 0 0 146 148 124 122 125 135 147 139 113 119 126 123 135 123 0 126 121 120 114 0 112 143 107 139 137 139 0 144 110 129 108 123 0 118 105 127 120 103 0 134 114 0 0 106 134 119 118 129 106 0 137 148 0 137 102 147 0 143
0 115 121 0 147 0 128 138 120 0 142 129 0 0 120 0 127 147 121 105 0 105 114 0 102 112 0 118 108 0 104 0 143 120 115 0 101 147 149 119 145 133 0 147 111 133 113 0 0 105 130 126 139 0 102 149 148 123 101 113 116 0 122 141 128 117 130 0 0 0 145 102 144 148 145 131 113 130 102 0
0 103 130 120 0 139 101 122 143 139 138 112 113 0 0 108 126 130 113 113 135 0 0 104 114 142 141 121 145 118 135 0 125 0 117 109 117 0 147 131 0 104 145 0 126 116 118 0 130 0 114 133 137 122 0 0 145 123 111 132 107 143 131 127 107 126 0 148 122 127 0 122 114 0 106 0 106 134 114
0 133 126 105 132 129 111 0 0 0 115 145 0 0 0 0 142 147 130 102 111 0 147 0 141 0 116 0 142 100 147 147 106 116 0 118 125 131 136 138 0 0 105 0 0 120 0 129 127 146 0 0 116 140 132 103 100 0 129 0 101 141 124 0 0 140 123 125 140 0 0 121 0 146 100 140 136 0
0 0 106 0 134 104 128 0 0 115 125 142 112 0 137 131 149 111 126 104 106 109 104 0 0 111 140 137 0 0 110 109 119 129 104 0 0 127 140 111 109 117 108 134 137 0 0 121 126 0 0 137 126 120 112 129 0 101 0 0 122 101 115 103 114 137 100 114 146 0 0 131 107 0 132 137 141
0 140 127 121 128 121 0 133 126 100 123 0 139 130 135 122 134 0 113 104 147 0 145 0 134 108 132 142 107 0 101 118 0 126 104 127 121 0 0 119 113 140 102 134 124 0 147 0 146 109 0 130 101 126 133 141 106 132 0 130 121 113 0 0 116 0 132 0 139 119 147 100 142 148 145 135
0 114 103 101 147 147 117 129 136 124 118 0 0 0 116 148 109 0 124 113 137 110 115 0 0 112 100 107 149 0 0 117 0 147 130 101 107 0 104 131 119 125 140 122 134 111 143 0 109 137 125 106 116 119 106 0 115 0 128 118 146 135 110 136 116 136 0 138 141 137 101 112 140 131 140
0 113 0 142 0 132 0 119 126 116 134 0 144 106 129 113 145 115 121 0 141 139 125 108 144 125 0 122 120 131 145 107 114 135 135 100 102 100 149 0 149 131 136 147 0 0 0 141 144 122 115 134 116 133 140 143 141 137 0 0 0 126 0 0 101 110 137 0 141 142 0 142 118 130
0 148 0 148 120 115 118 0 119 130 142 142 108 0 127 0 115 110 108 104 116 0 105 0 107 118 120 148 0 128 143 143 0 112 126 0 139 129 118 149 110 0 121 113 104 0 0 104 0 140 101 125 128 111 110 100 137 116 0 103 120 0 119 103 128 140 124 113 0 0 101 0 147
0 0 135 148 0 0 149 131 120 137 0 126 0 140 137 149 137 135 135 104 0 131 0 144 146 138 0 114 146 132 119 0 113 120 146 110 0 118 102 0 115 0 128 112 148 111 122 0 133 0 0 123 0 0 0 141 141 121 0 103 143 143 0 0 144 140 124 138 108 131 106 140
0 124 0 111 0 0 116 112 128 119 116 0 108 126 141 114 0 0 0 149 144 100 0 148 116 128 109 0 122 138 0 0 138 124 135 0 143 108 117 103 110 144 108 107 141 141 108 104 0 111 100 121 101 0 141 138 118 0 130 138 129 0 146 149 0 136 0 101 107 0 127
0 129 103 138 104 131 0 0 147 121 101 0 107 0 141 143 117 148 137 118 0 101 148 114 141 0 118 0 140 105 139 116 109 148 0 0 139 120 147 0 107 138 117 105 146 107 145 135 146 147 148 141 125 122 139 110 116 0 143 0 120 0 140 130 0 0 141 138 108 0
0 147 0 0 109 105 137 145 0 115 123 113 123 0 0 142 0 107 134 0 138 125 137 129 135 141 136 112 144 119 145 126 140 140 110 0 132 116 0 0 0 0 102 110 0 134 0 129 148 107 125 128 131 125 131 100 0 121 143 113 145 118 0 102 0 128 0 124 110
0 0 149 106 0 137 107 141 113 0 106 132 105 0 127 108 102 0 106 125 0 0 104 0 120 108 126 101 133 123 138 105 111 109 135 131 117 131 107 147 0 101 130 121 0 128 129 140 105 0 147 132 100 112 148 147 112 113 129 132 105 137 132 145 114 106 0 0
0 113 100 140 0 0 121 135 112 141 148 142 122 117 0 0 100 140 112 122 119 136 123 127 0 124 102 134 0 133 107 0 118 127 0 132 0 120 0 148 0 110 134 120 125 138 114 125 139 0 100 145 113 134 120 138 0 0 142 0 133 123 122 147 144 0 0
0 139 123 0 0 0 123 146 0 124 115 127 120 116 149 112 120 142 123 130 100 0 0 122 128 0 123 0 143 0 115 136 0 143 0 134 109 118 148 125 147 114 121 126 124 146 104 139 130 0 111 124 107 144 105 130 136 114 122 0 117 149 126 103 116 119
0 0 137 138 128 0 143 0 116 0 103 130 105 0 111 0 123 144 0 101 0 128 146 103 0 133 147 118 138 140 0 0 130 116 0 122 0 140 128 127 116 0 0 108 145 119 101 129 143 132 115 146 134 103 0 119 145 108 0 111 0 147 137 0 130
0 100 142 0 102 107 114 0 128 111 106 132 118 141 126 146 123 106 124 127 145 111 112 137 138 133 0 110 130 122 126 149 0 130 140 107 124 122 141 132 118 112 145 121 0 0 145 103 144 105 144 104 113 0 0 130 102 119 126 120 120 110 133 114
0 104 132 145 147 108 0 120 145 105 115 130 124 111 132 142 113 139 0 0 136 146 133 146 125 0 129 120 102 0 125 0 141 102 130 121 119 137 128 112 127 134 0 129 0 107 0 100 130 123 0 0 135 148 100 0 101 148 125 111 0 0 110
0 120 133 114 0 106 117 147 113 101 131 122 116 112 140 104 0 0 0 121 101 134 130 0 0 138 0 101 0 118 0 130 110 109 149 0 127 128 146 103 128 101 101 136 0 127 146 145 108 131 122 119 132 106 144 134 148 149 127 149 0 100
0 146 0 0 137 0 117 0 123 136 141 130 133 146 120 134 0 122 124 0 120 0 111 148 0 144 133 103 148 114 0 0 132 128 134 121 121 134 0 137 147 0 0 138 120 114 129 139 134 0 117 127 132 123 112 128 115 138 0 109 113
0 124 107 136 135 120 0 144 104 106 144 131 146 139 0 103 105 131 122 123 106 0 0 143 133 0 0 149 149 127 0 145 140 0 143 0 110 0 107 102 120 120 125 132 115 0 107 131 115 100 0 130 126 0 149 0 123 102 127 0
0 136 110 112 113 110 121 0 105 123 0 0 122 131 128 125 140 0 107 100 0 125 140 142 109 113 0 0 0 0 124 139 105 0 120 131 115 0 101 135 126 127 0 148 127 108 102 0 100 131 136 0 147 105 119 107 135 0 137
0 0 121 142 127 113 112 0 136 122 128 104 0 136 145 137 100 132 101 110 141 101 0 108 107 0 0 136 117 114 0 142 121 0 0 0 133 145 134 103 138 0 149 107 0 117 131 113 144 148 123 142 0 128 0 0 125 141
0 129 0 0 138 0 120 111 135 111 0 122 109 135 144 121 129 0 0 116 106 0 106 114 119 149 143 124 110 119 107 101 0 107 0 116 0 116 109 139 0 126 137 101 141 142 0 106 131 133 117 124 0 132 116 129 120
0 0 138 0 137 147 138 124 138 149 0 108 117 0 149 0 122 118 118 134 115 110 141 128 102 132 127 100 102 0 102 130 120 146 0 147 101 0 120 129 129 123 132 0 125 135 134 0 127 131 0 109 121 125 149 132
0 102 101 109 139 123 142 111 133 138 111 0 122 107 137 115 0 0 128 0 129 0 121 131 0 0 143 111 126 119 121 0 0 132 115 127 116 146 105 111 149 148 106 133 137 0 115 106 142 0 126 112 141 109 149
0 0 147 104 116 131 112 133 101 0 132 0 128 0 146 0 105 134 0 127 105 0 110 142 107 0 0 131 0 115 137 0 111 112 102 0 122 103 148 146 109 131 100 109 0 130 133 106 139 107 132 0 147 0
0 140 129 0 138 105 123 136 148 137 0 133 136 147 123 139 121 142 0 107 0 127 118 104 130 100 117 147 112 0 122 0 111 0 0 0 129 145 0 122 100 148 0 111 118 0 115 0 143 108 0 130 0
0 141 146 111 100 0 136 127 147 124 128 103 147 124 144 144 0 0 0 125 134 143 0 147 118 142 112 147 119 126 0 132 133 143 127 142 106 131 138 139 143 147 135 124 0 0 0 125 132 144 144 101
0 111 129 120 120 0 123 121 127 0 0 0 104 126 118 101 102 148 126 144 118 0 117 110 0 0 103 0 106 120 0 131 0 141 128 0 119 0 148 139 103 118 146 105 112 141 0 0 0 121 110
0 148 0 110 0 130 0 119 102 133 131 137 146 117 140 140 123 0 126 122 105 134 106 126 126 105 115 127 111 117 145 0 117 110 143 100 139 138 139 113 0 0 126 133 0 0 117 103 0 142
0 0 119 138 135 105 0 137 111 0 0 142 113 0 133 141 0 121 0 0 132 0 117 130 121 117 143 135 148 120 143 0 148 136 111 0 109 144 127 119 0 142 139 116 105 0 142 149 143
0 126 0 119 0 0 0 132 111 132 149 127 0 137 0 124 147 127 114 139 119 110 141 0 0 126 128 121 121 108 0 105 133 123 0 0 121 113 132 115 0 144 0 127 0 116 124 146
0 0 110 148 0 0 143 105 0 0 0 136 0 147 103 123 100 108 142 129 149 136 145 142 107 139 0 125 138 131 135 126 111 127 0 0 0 118 136 127 0 118 126 0 130 118 101
0 134 0 0 0 107 118 0 0 122 0 109 103 117 0 110 103 100 126 0 114 146 107 144 102 133 0 142 111 120 147 136 135 0 100 144 142 102 136 149 126 133 124 0 125 126
0 102 105 125 100 133 109 135 145 110 124 109 0 0 0 0 145 118 0 0 0 100 146 122 119 130 132 102 132 126 127 0 121 114 105 0 123 140 112 147 0 128 107 114 106
0 120 131 108 109 133 112 114 100 139 105 129 126 146 116 145 113 0 122 0 144 126 126 0 103 127 116 137 130 100 115 124 122 132 130 116 0 103 0 125 0 130 127 122
0 110 116 102 148 143 0 0 104 105 123 0 129 111 147 147 145 105 126 134 141 142 111 125 131 134 0 121 134 143 0 129 138 109 129 134 146 0 0 144 104 130 0
0 109 109 129 0 149 100 146 145 117 127 0 148 101 111 0 139 110 0 118 101 149 131 0 0 0 121 111 106 128 131 0 128 106 109 0 128 0 105 100 122 120
0 114 119 0 126 133 0 0 115 0 0 135 109 0 0 0 0 140 149 123 0 0 105 0 134 0 114 129 135 143 128 121 113 105 111 0 113 0 0 121 143
0 0 140 105 135 123 113 148 125 133 103 105 101 138 107 145 108 116 131 139 105 123 0 0 134 133 0 115 124 105 137 0 0 127 140 0 108 122 142 106
0 118 0 105 0 110 0 115 130 117 131 133 135 131 0 117 0 0 101 139 105 135 0 122 148 109 105 112 117 119 0 107 0 0 100 0 129 100 129
0 108 128 118 112 133 149 122 118 125 114 113 138 110 129 117 103 114 145 110 132 0 143 0 118 124 109 149 0 105 139 103 140 117 145 102 110 107
0 105 0 112 0 0 123 103 111 140 116 141 119 0 132 114 134 125 134 0 110 124 106 123 0 0 0 107 106 135 105 139 101 113 101 147 117
0 129 107 0 0 102 122 134 116 120 118 149 118 149 135 131 101 0 132 0 115 139 148 121 103 142 140 0 0 128 140 0 141 144 0 142
0 146 103 134 136 0 121 106 130 135 103 105 0 123 129 125 104 0 0 138 107 113 148 142 141 0 106 114 0 146 0 146 144 139 127
0 139 128 0 130 107 115 0 118 0 146 0 0 101 135 0 125 107 135 0 0 135 126 123 0 144 116 136 120 111 136 129 0 136
0 147 117 149 0 0 106 0 146 0 108 0 148 106 0 0 114 0 0 133 134 0 126 140 113 139 0 148 112 0 147 117 105
0 109 141 115 118 146 105 120 0 119 143 0 0 0 104 0 0 104 102 111 109 140 125 108 148 123 117 0 139 126 114 124
0 0 100 100 136 125 143 149 0 101 0 112 103 112 139 135 0 145 0 107 113 128 134 122 102 146 122 117 128 124 123
0 117 118 142 120 0 0 123 137 136 149 0 0 130 100 0 100 125 115 0 113 134 140 148 0 114 131 106 133 106
0 0 131 148 149 143 104 142 0 0 0 101 0 0 139 0 136 0 0 112 125 130 131 127 130 132 135 100 113
0 148 141 142 104 122 0 107 147 131 116 122 0 134 123 117 116 146 116 0 141 138 121 0 108 132 0 107
0 103 126 107 124 102 146 0 142 141 100 0 0 128 0 115 116 131 102 125 0 114 110 114 0 135 0
0 130 0 102 0 137 112 106 0 0 141 128 136 138 140 149 119 0 142 0 0 119 107 138 0 0
0 141 133 103 0 113 0 126 0 0 112 109 149 0 0 101 140 109 121 149 0 0 132 112 129
0 102 102 125 100 0 0 149 123 137 127 136 146 113 0 120 114 121 0 131 141 0 103 131
0 145 147 0 139 106 105 101 0 108 107 112 0 0 121 104 139 118 143 0 149 114 0
0 133 107 126 0 123 110 144 114 140 0 122 0 140 116 107 0 138 118 100 130 0
0 124 144 118 0 139 104 113 125 133 146 0 143 114 149 0 118 100 109 102 0
0 123 120 116 100 0 115 135 147 143 0 111 109 118 137 0 101 142 0 125
0 103 145 121 0 147 0 100 0 0 107 109 0 0 0 136 109 0 109
0 0 100 142 121 101 137 131 126 111 117 130 110 107 0 147 134 117
0 0 0 141 119 147 145 125 119 0 146 107 139 0 0 121 112
0 130 143 102 124 0 100 0 142 146 0 127 116 120 115 0
0 114 118 0 146 139 103 120 116 100 0 123 0 0 146
0 0 121 107 105 130 122 147 0 0 142 143 131 0
0 0 135 138 137 0 106 101 142 0 135 137 115
0 0 103 0 0 102 134 115 130 0 0 123
0 110 140 135 0 102 103 112 106 139 0
0 149 112 129 143 110 101 147 120 128
0 148 109 109 0 119 144 144 144
0 110 123 148 0 103 140 142
0 141 146 122 134 147 124
0 120 119 144 101 0
0 0 147 123 104
0 132 143 100
0 108 108
0 115
0
0
9883
118 104 111 123 103 148 124 112 129 143 109 114 131 128 104 128 141 141 139 127 139 123 144 132 123 107 129 122 149 138 144 146 124 146 132 101 101 103 107 112 132 122 100 141 105 113 131 133 141 143 128 144 105 125 115 138 116 104 111 123 116 101 136 127 141 109 147 123 148 116 119 142 107 104 109 109 124 110 124 119 126 137 134 120 134 132 149 100 111 127 134 116 144 145 147 142 138 149 107 132 123 100 137 103 122 122 143 144 110 131 113 100 101 119 137 115 116 107 117 117 148 130 144 128 102 110 140 146 103 135 115 142 127 142 140 129 119 100 125 123 133 137 144 147 149 101 138 142 116 119 111 146 114 107 126 103 106 124 106 105 140 108 128 112 133 135 112 143 146 105 127 144 114 105 144 143 145 128 117 130 143 146 127 133 123 146 136 142 103 136 104 115 116 117 111 115 128 149 143 138 115 112 141 139 101 120 115 141 118 137 145 106 105 136 124 129 128 140 128 128 124 131 113 149 105 102 143 149 125 139 123 130 113 109 117 101 135 120 143 102 116 140 122 112 145 111 145 142 121 135 141 108 137 132 102 136 113 133 104 107 144 104 140 116 143 123 117 144 139 109 116 100 107 140 147 120 145 117 110 104 133 107 136 112 107 114 106 126 111 123 133 104 103 110 114 134 111 113 116 149
