300
3138 1299 1846 657 3306 650 1112 1340 2747 3526 3251 451 3229 2438 787 2282 1230 549 1314 2058 2430 2793 2180 3600 2095 1026 1456 1306 1197 2930 2641 3299 2683 3480 1682 3410 896 2777 2391 1273 3659 3469 2680 3137 2151 699 551 2230 3487 846 896 833 1593 1312 1214 592 2760 2001 2190 2757 2898 3323 2747 2322 1367 2592 1216 3154 3268 2822 1677 990 1815 3451 2248 1363 2526 1332 670 1787 876 1642 3547 2655 2515 2178 2046 824 1399 1599 1273 1467 934 3524 912 2655 1311 3072 2179 2048 1902 872 2675 962 2741 2467 2739 439 2753 2263 429 634 1746 2857 995 428 2385 3641 2172 2842 725 917 1099 894 885 2733 2519 2081 2014 2048 520 2085 1572 2180 2532 2540 2781 1898 452 559 1921 988 543 1627 1457 3044 3532 559 1606 939 2611 1337 1320 3020 652 1432 3509 937 2504 2470 2415 1184 2134 1116 2112 900 2727 3254 827 1049 3362 895 2378 2025 3362 3520 2769 1988 3120 1393 3137 2440 2868 3369 1801 1707 1199 2223 735 3522 2823 1084 1825 471 716 1167 1266 2982 2973 1007 936 613 3227 3072 3349 2254 1533 1699 3134 2837 2083 630 1553 1547 2900 3666 769 1159 2980 3016 2311 802 1703 2861 1943 2870 1535 2311 1686 1557 2617 2234 2607 1204 2800 2808 1467 3293 721 2137 566 2954 1588 3634 1839 2535 1834 635 1008 2776 880 2705 671 2404 1237 598 1341 2827 1601 860 1098 1675 451 948 768 2459 1602 809 1169 2788 1384 3008 828 3255 2833 2845 1620 1793 1557 1688 1206 1339 1731 1366 3183 2458 2124 649 3724 2891 686 1001 2033 2395 1473 1396 3128 1142 2008 1960
0 1259 1668 531 1579 3056 738 2867 1660 1795 2214 2820 1428 2006 1777 1781 3233 1273 3138 1663 449 999 524 1568 2097 2436 1047 711 1679 436 2987 659 2022 2895 421 1780 2776 3049 2744 1818 342 1035 790 392 371 804 2575 1874 300 1468 3081 436 2980 150 3395 2217 831 2113 1726 1286 2196 110 1244 199 2058 466 989 613 567 3182 2490 376 1828 249 1343 1581 2366 2268 1363 1354 2018 1302 484 341 2506 1600 3103 1891 1864 1453 1121 2588 201 1470 2956 336 3070 2788 1740 2042 1873 2083 1449 2387 1143 2816 755 1741 900 620 3120 707 2987 470 1458 983 1821 3107 912 2659 758 1245 917 2329 1035 3180 2279 396 602 1158 658 2889 656 2626 1496 3347 2001 213 1307 3023 2972 1397 3117 1358 1601 2535 1815 3102 2250 2149 740 2235 2000 1321 1367 2822 3441 2320 1438 1327 2703 478 1229 3038 2207 2510 159 441 2315 335 1123 491 1795 3311 1708 1464 1424 2927 933 1859 246 2586 313 1830 2643 1743 3018 1575 1333 834 2086 3053 2062 3131 2408 2584 336 2252 1330 1278 1376 1450 905 2044 3014 308 489 876 2841 2140 1524 465 316 1808 3235 228 251 1525 548 509 1594 1972 1266 382 368 255 616 745 923 2378 1238 1314 1636 1861 2705 883 1824 1637 887 2393 179 2371 755 2528 2523 1741 2739 365 3328 2312 2527 979 1830 2943 1758 1471 2330 2728 567 2945 1806 3049 3325 2690 3113 2513 965 611 2356 1334 1720 792 735 1482 424 2501 1268 2051 1147 1919 787 359 752 1924 3198 348 2826 871 122 3193 1802 1313 1224 107 2702 2505 1190 260 1718 0
0 2924 1116 3289 911 2814 655 2469 456 2642 1428 336 415 441 744 2265 1576 2465 1444 2826 1548 2998 180 588 1281 2656 2444 2910 2724 879 112 1458 3243 2377 1104 2379 2993 2482 2066 1366 1491 1224 1267 1476 808 1865 1575 3031 2634 1112 1181 182 3113 2937 2245 2400 2806 2645 851 370 284 1071 1874 1769 1487 3303 474 111 2619 1660 2604 1255 2560 189 1259 465 716 825 3112 1683 1220 1688 2475 1742 3108 2024 564 2499 325 776 1576 2402 512 554 3342 594 1598 1690 130 2878 1480 1558 477 961 1837 2044 2971 1891 1750 1888 1863 2119 3053 2643 2422 1972 768 199 2008 1510 1632 181 3049 801 2267 2280 853 2107 273 795 2251 1177 2828 2275 213 2964 158 1599 2032 1067 2435 1988 809 593 1048 2777 2836 1291 301 269 1941 316 3012 741 155 258 1708 1866 826 1711 1309 1000 1628 1043 1849 813 1424 724 1245 2754 677 1283 339 3267 2460 2929 2686 1434 1873 2849 2881 1714 722 2237 924 861 328 2186 1108 2078 1347 507 855 2556 2965 1544 2632 1921 2132 356 1409 1025 3260 895 2799 2929 2162 2035 1624 545 3004 2457 1954 1258 2021 1731 2447 2656 2254 3084 570 1477 1705 1361 1395 2330 509 1100 191 996 2529 2745 2727 1673 1530 800 1747 3120 2590 210 2035 448 659 2643 2478 1055 607 3004 524 261 1282 3125 3040 1056 3074 2110 1404 925 1649 2596 2471 1100 772 662 180 203 2941 459 1845 1381 3308 2618 293 968 1180 2192 856 2325 2182 444 636 868 2821 3218 1904 2672 3210 563 1868 1587 1579 2938 433 2056 1073 3096 1819 103 0
0 2417 198 239 3221 1263 2269 809 1737 1020 3195 3112 225 2318 2065 1325 1002 532 511 2900 913 2835 2489 2657 755 387 1988 424 1108 418 3270 311 2628 840 1919 3077 335 509 989 1480 976 3143 3093 2093 722 1042 308 1342 957 2446 1124 2628 1520 1036 1338 1978 2027 936 1616 1732 1435 870 3052 1408 3184 1807 2532 2675 576 1183 1104 2616 2886 2307 2029 3027 3019 2354 788 1890 2141 744 1520 2102 1420 2748 2121 430 1641 3252 3186 1555 1028 1375 2148 2277 428 1704 1140 2279 1853 911 848 1942 1455 646 3123 2506 2461 523 2216 2905 2201 2965 2890 825 1433 1034 2193 550 1763 1078 3146 2752 1247 1636 1763 1648 142 1794 1525 246 245 1871 143 1381 1957 2858 2655 2928 1827 1691 1357 3259 1121 359 2539 1196 707 360 3026 2664 3004 657 2570 2846 3187 313 836 3104 2295 1546 1391 598 2327 2102 1599 2646 1894 348 904 1796 504 1380 912 187 3011 3185 1632 2972 1197 613 3171 1953 992 2117 2653 2773 2482 538 1637 1787 2166 2883 765 355 2574 2848 1087 2358 1979 3257 1392 444 2709 1262 2301 1597 1930 2535 2044 2029 860 3147 2027 1704 614 2626 1770 2343 1501 892 2201 1451 2026 2471 2902 925 705 2700 3083 171 1070 2513 1093 3334 1346 2824 2457 3093 3204 1138 1086 171 1808 1834 3267 1155 2962 2335 3092 3061 1239 2053 3096 107 3146 3287 598 2479 513 291 1055 1381 2753 1930 946 445 2092 937 2488 1113 2363 2120 2477 2473 3170 2174 1790 2273 1427 1944 3188 516 3039 1974 2196 2291 2853 3011 107 1365 1113 2151 1425 1814 210 0
0 697 3085 2996 2698 1130 2189 3234 1994 2913 1323 1786 640 294 3395 362 1657 1199 1896 2371 2647 1674 2959 3084 1915 987 2350 887 1283 2151 302 2851 724 1253 165 1520 2018 1357 1879 2815 1228 697 1108 1250 3080 622 1103 1779 2134 3182 2727 3177 2840 1633 844 295 3131 2166 1166 771 2183 1379 813 1862 2802 1846 1149 1596 231 1801 1600 2349 2610 2357 1300 956 2688 565 2226 1440 2016 2583 904 1349 1602 2551 3284 1228 526 3290 1722 2000 2328 3206 2792 2010 2008 1366 1853 1412 1618 2905 1660 392 1641 415 603 2552 2541 1988 2783 1510 150 3165 891 2732 2636 2686 340 278 705 2010 3145 364 2313 1748 2259 1560 2809 1475 1090 1544 2063 883 2002 1319 1037 567 3027 1341 872 743 941 649 2364 2340 1957 1416 2388 2161 2613 2681 1081 536 2699 2807 2848 1415 262 1977 1511 1206 3130 1152 2997 1418 1720 1416 1183 1723 1844 2128 2969 1189 1522 3274 3234 1509 3199 2059 2011 3025 2283 2733 2062 1831 2664 1569 248 2521 1681 2861 2383 3309 3099 2946 3040 3087 845 3051 791 633 340 2909 373 2705 1804 2037 1155 2903 1792 417 298 297 2135 685 2180 387 1249 1398 1020 192 113 2038 131 1009 2913 3153 1319 1847 2437 2297 741 209 1448 1495 2754 2854 1392 1570 2150 592 2528 732 2734 1329 1564 1115 3119 1445 2916 2777 1970 1616 1060 2771 2717 434 2759 1523 3004 2023 2928 1345 2588 1544 2939 187 1001 783 1289 2744 1133 1860 2521 497 2968 1526 1376 910 2823 801 1890 3184 1132 3063 458 2436 1309 1962 2060 1219 2126 2076 1911 2265 0
0 112 1470 1341 526 1552 2161 2555 2233 360 1677 2219 2486 690 1934 3322 1219 855 2038 2361 172 1881 346 2745 3187 709 1034 2324 813 117 2679 1154 3283 2394 2858 2880 130 135 2541 118 692 1530 943 2987 364 338 2145 683 2264 930 2167 194 3317 1788 1108 3249 3094 929 197 3101 563 3203 660 1165 949 2541 2305 2223 3333 2292 3240 1189 452 2126 534 793 1068 2762 1306 1885 684 438 2165 3162 1266 1476 1203 465 205 1653 2106 1361 2075 1516 2899 735 908 1829 2131 1064 1307 3292 2809 150 973 1056 3040 164 1327 370 2276 383 2943 430 2414 2307 3345 2919 3272 1576 1470 821 936 473 2275 810 1234 1030 2549 3130 3229 2378 2880 355 2824 799 2844 2159 2377 2365 1747 3151 2364 3155 2660 1809 1767 1844 2216 2770 2780 232 876 563 1766 600 1211 2541 3235 2323 1993 913 920 340 2568 2000 2823 2638 2902 1853 1510 3322 684 2961 3220 420 546 1086 3032 625 2324 2721 2057 1985 2485 3045 551 2376 763 2260 1761 580 2297 2091 451 2912 2381 1067 687 2783 2165 1276 897 2621 170 3027 1650 1122 650 1437 2194 2184 1489 2694 3321 2423 2266 1131 1240 1659 1556 2655 806 867 2368 3025 3207 1888 2750 2437 1375 2698 530 2501 582 3355 838 1521 750 2769 293 2716 1818 2694 2208 2813 2477 2869 1015 103 827 205 3042 1213 1400 1640 2688 2234 448 404 1927 3157 638 381 2175 2736 1778 1090 1075 3209 600 2769 2545 1757 1422 2151 969 1455 760 2686 780 400 3047 1470 512 3380 1771 2672 1225 2235 2768 2017 3197 455 2852 0
0 1067 405 2586 2753 3214 1504 1811 1012 2712 193 3055 1435 3014 1416 2869 1295 353 990 2970 1627 244 2367 3128 1076 3140 2516 2991 1011 629 2021 2772 2232 937 3180 1205 2696 2119 1236 2887 2689 1859 2068 2045 2507 352 435 1693 2068 1472 1541 538 2421 821 1413 314 1883 532 494 1844 2843 461 3023 2556 2976 681 1002 2558 2081 309 241 2502 2425 287 2421 1944 336 2605 2961 845 1514 2934 3294 2764 2368 1543 2549 315 1698 2876 1436 2196 572 1493 2218 1074 2175 1669 1147 1894 1540 3144 2851 1840 1416 2339 293 1048 480 1583 2125 1414 3011 1802 430 2059 527 2413 278 1565 1378 2884 1019 1353 1017 147 909 3040 1455 1471 2988 2022 1538 1028 2617 536 188 377 1469 143 158 511 3132 2316 879 3185 2444 937 1184 186 2653 1875 323 1760 645 2058 2252 492 880 1374 355 552 2793 1092 1799 2286 3078 2130 2381 2075 1963 253 1030 253 1587 2987 2815 944 532 1107 3110 3269 790 199 2078 163 589 1957 456 718 1628 1807 2805 2211 1947 1723 2919 987 536 701 173 427 593 2488 1520 1405 927 167 2274 3059 1250 223 3166 3069 497 2503 1896 2837 2350 602 1819 163 1740 1823 2456 2341 737 974 463 3112 3354 2069 507 2023 3054 2610 1620 1629 2009 2769 2543 541 3024 2862 1619 353 1988 3072 1811 1594 3084 316 731 2108 2232 2144 802 874 2023 1392 767 2082 1842 2539 1823 1359 3104 180 2186 1179 936 2452 2869 1759 195 1401 2599 1163 383 2305 410 1021 2418 970 2081 1933 260 548 2965 3047 780 2900 1754 663 0
0 2573 842 509 3088 2468 615 693 961 2880 818 2744 688 2312 881 3021 2939 2912 601 2972 3206 3175 2996 2983 2671 2042 1229 1466 442 1317 2437 163 2810 1257 1756 901 2704 2162 208 119 1765 2978 2229 1789 252 2515 1304 1241 2857 2239 224 1107 2347 2006 2913 2256 2878 3168 3333 3055 1335 1386 345 1737 475 784 2090 1595 2705 3239 2539 2946 1691 598 1475 214 3013 207 2866 2140 853 2072 1724 408 3120 1458 3174 991 497 2831 144 2754 1078 2479 939 2583 1622 559 1321 1628 2544 1900 706 1912 2969 2702 1560 709 628 2763 1449 1652 2459 3107 2336 2551 2901 2170 1813 1153 2876 1216 3129 2031 2061 3113 770 2661 3068 973 764 2619 2177 1363 1808 1104 308 3148 802 2694 3120 2566 2450 1062 263 1768 2388 3187 2199 502 2963 2823 847 281 833 1517 2056 831 1960 2008 2016 2315 1110 1754 957 2149 2772 1252 404 1444 1191 2921 1392 1290 1250 569 945 2315 1871 340 2705 2897 2436 1410 1369 1236 670 1932 2582 389 2396 2836 140 917 830 3082 1506 2819 2283 1405 1109 1282 2947 884 2642 3150 408 1671 1172 330 621 2865 2241 560 1405 1230 1856 1881 551 2950 1597 937 726 128 2302 1721 1815 2686 603 301 2453 235 2171 651 2482 1535 3367 652 924 249 2959 1104 2916 2481 3032 1552 2680 1711 1623 2834 1372 1813 2331 2522 1837 2301 2688 1714 1873 996 363 3206 1216 3154 1232 2516 2851 1701 1379 3186 116 166 1048 406 2137 2660 1294 1608 380 2860 1045 220 1072 3062 2254 2713 1194 1818 890 2334 2211 1587 2096 0
0 2048 3058 2116 2046 140 2675 741 3184 447 1788 2806 129 887 2048 433 2531 1173 3266 1475 2313 2104 232 2212 280 884 666 1446 1198 889 1237 3063 1820 1362 3215 501 1193 2831 1403 402 1033 1116 3265 3032 1428 349 2250 1919 1258 1462 508 1190 999 284 1990 1214 1902 1115 1876 1314 1529 124 2952 2447 1348 741 3123 903 3033 1593 1393 1840 3139 2951 2618 1245 1038 462 2964 2053 1971 2071 2360 1883 2501 149 2276 1552 1538 2042 719 164 1079 190 981 3097 412 825 701 2819 445 264 1061 2869 2191 1981 1358 1296 2987 877 2376 1620 415 1963 1463 2907 1053 3177 2076 145 1792 1746 1570 1054 3122 187 2940 1942 948 2897 3037 2453 1918 114 1731 641 3122 1591 2905 606 2151 1049 1835 2759 1959 2461 2995 1327 890 1407 2073 643 888 618 1130 859 2024 136 3070 2118 1211 1649 2453 2382 1174 2048 1763 2349 286 921 1886 1657 181 1596 210 851 3025 896 1253 684 452 1668 3132 2862 855 2337 1591 1390 2274 959 1882 3130 1651 996 2750 532 669 1663 1641 1967 2889 2843 1085 3272 1689 2517 2538 2593 2477 406 2949 3129 1044 1476 631 2720 658 2856 419 2094 575 484 282 1446 2201 2094 2008 2575 2094 2950 2335 459 2444 1429 3256 1022 2770 3181 117 438 1941 2353 960 785 3274 773 2148 375 2419 2101 2045 3080 179 2981 1572 2464 1382 2906 3192 2841 601 190 2549 1753 262 2621 853 1801 1578 2897 3192 2891 2834 3266 2278 1573 1639 1681 1447 451 2060 1828 2215 2199 2990 2529 378 1759 3210 821 1768 3182 0
0 528 1973 1853 1899 1353 634 686 3317 2436 932 2834 2226 2439 241 206 720 108 2891 1919 409 2803 2955 2146 151 507 773 1010 2479 1244 1968 2947 1287 270 2725 2517 243 2624 3047 2394 1111 951 2575 3035 3001 2597 2187 731 2400 2236 1130 3180 3198 1951 1696 2714 2900 3126 1772 347 690 2875 1592 2131 653 1340 504 1935 1850 3059 2061 313 495 2708 882 2815 2335 117 1206 2793 477 2187 829 2164 2208 2045 3099 1472 807 252 1680 2481 858 1554 1876 1540 2687 591 1172 1767 1112 339 2271 1449 327 951 2763 2645 1270 2147 2478 2917 874 1119 3202 609 1051 1486 3111 1835 450 2226 1266 1677 1544 1821 2695 1050 903 2587 2322 1822 1060 2692 680 234 3108 2714 2025 244 1413 2498 2410 762 3197 944 1660 1937 1651 1344 2683 131 2833 2632 251 2109 2364 727 3269 679 1509 658 1847 1897 1997 2771 1971 1374 529 3013 650 468 2680 1745 2610 1226 2040 2763 672 2730 260 3022 2680 2853 2102 2280 2315 593 2630 1879 3206 1487 2768 285 2018 940 2652 602 2018 447 2328 396 325 758 2747 1155 2735 1073 2242 1103 2169 2987 2245 2718 2478 640 1192 2231 1940 1971 511 1528 868 1854 2014 1289 1010 1424 3167 1704 1774 460 2791 300 544 3174 2722 891 2180 3214 1716 210 478 478 1871 381 2615 2283 1028 1465 1861 2573 848 2281 2050 2947 1686 1637 2029 1674 223 222 1313 613 2645 618 2370 2045 1030 2589 1183 2462 226 2149 2331 2410 3097 490 2183 1727 2017 929 465 1723 1940 1341 2840 552 373 3011 1562 0
0 2111 2673 3063 1544 2258 1922 3251 212 1369 2640 1244 1657 2486 2774 2476 2107 2050 1762 3113 143 2723 524 2931 1435 2957 1675 1903 1404 1042 719 581 1336 3324 1245 463 2887 1265 868 2379 3186 2622 884 2439 1476 2841 2183 1381 2545 981 2999 1693 1926 3188 369 2601 545 1833 524 684 580 206 2053 1313 2733 1077 2108 512 1308 1198 1761 918 211 1553 1939 851 895 178 1550 1817 957 468 2456 2422 1297 2279 1950 327 1878 864 2072 1065 821 256 1885 2034 2826 1752 3000 2515 3100 602 2185 390 2471 976 492 2515 192 2917 1777 448 431 2027 3018 2164 947 2791 3347 557 2474 1769 1901 575 2451 722 2299 3178 1787 2121 170 1283 422 1162 911 2595 408 1116 3203 2537 723 2782 2273 1153 1189 1668 2740 2021 2522 3024 1135 149 1723 1468 267 1304 2017 1702 1352 1852 827 534 2894 245 2729 2673 116 2615 3224 579 1961 3234 2787 2882 3105 2834 1658 2846 1532 2849 3267 307 2844 2147 997 2184 2844 1168 968 2834 659 811 3081 1479 542 2298 2053 2115 1700 715 1749 338 2049 2100 3223 215 670 970 1574 2652 2982 1256 338 621 807 647 3209 2839 2566 704 3002 1120 537 2575 3231 3323 2163 1459 1305 2945 2998 2803 1247 2882 1226 1937 1466 806 1116 2842 457 807 2843 429 3333 1617 547 1410 2829 3221 1440 1350 1787 3243 2984 2686 1956 1710 2200 3127 1405 2602 2928 826 1880 246 3135 2730 1635 1020 1338 1205 684 1674 2364 2454 1499 2222 2592 557 2726 788 775 1395 480 635 3087 254 2188 1701 0
0 3029 1831 1296 1670 1246 1199 1053 695 2029 495 3257 3111 1836 2016 319 714 132 892 635 167 2890 1393 612 454 2744 1838 489 430 1321 2509 3096 2719 3141 1138 1537 2682 2762 2178 1234 1258 606 510 2732 157 1803 967 2181 2662 257 3214 1970 2609 1633 512 2358 610 1336 942 2194 1545 2837 2793 2709 2910 721 554 2172 2833 2577 3036 137 3194 1762 1470 2849 1378 1892 2623 815 1939 1833 1088 2264 272 493 2590 3363 1656 836 3075 1355 1868 3211 1777 1739 3181 1142 3281 1573 1382 994 1473 2257 2549 3251 901 3018 242 3054 1126 2042 916 2338 2544 3082 772 2480 2442 2355 262 2649 2756 998 2733 1848 1550 3308 123 3134 2850 323 873 1106 2826 1025 354 2066 3134 391 1730 1748 3094 1891 2883 3234 2605 1755 901 1998 3197 2851 790 830 273 815 481 2694 1752 876 1750 982 2896 500 208 914 1203 3072 1695 388 2931 2055 2789 2114 2975 1799 2893 852 1371 1588 2564 1853 2407 255 2046 2316 1624 2202 2958 2073 650 2937 2446 1087 809 2938 2145 2727 623 958 2248 2669 2348 2572 2516 1271 2102 1879 3314 1748 1271 1714 1442 275 479 1909 1820 1681 623 110 1372 1181 235 2868 3058 1842 1684 665 340 3233 1851 2417 2294 2496 1530 1958 1806 1830 1061 875 237 3038 2210 167 2866 1055 594 2377 2704 989 1196 2663 1010 604 1630 1065 2611 2671 2862 2654 1773 387 510 136 3229 1090 1591 1096 882 1853 214 2122 2755 3157 3044 1726 2200 171 3244 2104 1445 2680 3294 1533 1004 1390 265 1787 3026 0
0 2629 2390 2243 1721 1251 2018 1475 991 246 801 1624 2857 390 1055 872 2510 3302 1286 2903 3190 2088 2446 2793 2900 1358 1271 2509 1130 2528 817 3041 1811 264 393 1311 3141 1927 1057 722 1271 2319 241 2006 1289 2715 761 2337 2270 719 679 1349 2243 2332 2986 653 244 2997 1489 477 3294 1660 2442 1820 1554 1177 1851 2649 2231 3021 3019 2738 1122 620 1716 3013 767 2690 356 413 2639 2255 315 552 701 1634 739 2854 2635 1813 3251 202 495 713 769 1662 2080 1727 2736 265 2935 1418 2283 1316 2885 1342 321 1773 786 2081 3167 951 1557 1178 3161 3057 1495 2041 127 3240 2543 2332 2212 2437 2035 2966 2290 551 2073 2067 3246 1295 2003 193 2944 1356 3245 1138 915 2756 1408 2337 2227 2827 2055 1212 759 1490 2853 2979 365 116 1684 2883 3020 708 1439 3256 1490 2058 1150 1943 1971 842 2107 2003 2217 1468 487 1851 3232 2533 3308 738 1879 374 209 1534 475 3032 1212 2991 2998 1195 1755 2006 1699 1413 451 2191 2135 2190 1838 1028 489 1595 2512 288 757 2145 2272 2628 1086 1160 3163 3281 176 3051 964 1583 606 3257 1620 563 978 1505 1070 2854 1208 2215 2428 2967 1087 1579 2956 3214 2816 1177 373 2446 1193 2055 838 472 882 1912 2018 1962 1404 1876 1954 2008 582 973 588 2168 632 213 159 2311 640 1698 1245 1850 3099 1431 1466 2742 1399 2998 494 1100 2782 660 542 1772 2483 1320 2923 1154 2831 1344 1549 2500 2503 543 2361 2332 1063 3029 2740 1584 1116 1367 1915 1548 2978 2324 0
0 1502 2579 1249 640 456 375 897 1335 3173 2499 2140 1841 1525 515 1169 1625 1485 244 2013 1553 1454 2366 1340 1899 467 556 1092 2175 1541 921 2327 1050 264 633 424 1843 436 783 3250 1195 1618 2536 1348 3010 1157 1342 113 1141 2094 1868 525 1423 1000 2881 271 2506 1355 2752 265 3176 2560 885 1902 1271 452 3157 1636 961 2251 2536 1264 2833 2367 2917 2051 2211 3018 1647 2829 2501 2616 3302 193 2982 507 3035 117 2707 2522 1267 2618 3168 626 195 1892 849 2660 212 1504 1302 1875 2458 1003 1649 2649 3070 1322 183 928 1352 1450 1771 3146 1128 2662 2624 2870 2368 884 2840 2029 2252 622 1071 2095 1518 2378 2267 1222 1352 2839 1819 286 529 2858 270 1171 723 237 2728 603 2066 1919 1249 1924 985 2022 2849 2825 2475 145 406 2586 805 1449 1709 1973 2054 1725 179 2811 2389 2271 1677 582 1786 1608 2763 451 2462 387 2319 1071 201 2332 3131 468 1500 2332 1092 2892 2798 2700 756 1307 1427 2524 1643 2346 1171 1661 1239 1183 2210 2088 1523 1921 2326 766 2318 2752 2511 1302 2424 1164 1168 1503 2581 1719 1626 1365 2595 2868 691 636 3331 2939 437 510 1361 2519 2089 508 2483 984 1296 3249 2161 218 2890 187 287 852 2315 1646 2403 490 2476 3021 2175 3176 102 3283 2949 2034 1196 1621 554 507 2121 740 493 1875 1609 2057 2746 2107 1969 1454 3127 1302 2715 1210 955 312 3305 1816 2894 2227 340 1803 2743 757 419 1398 2516 2182 2858 2783 1988 1811 1604 588 1382 2252 1782 0
0 1432 2428 1071 447 629 1057 1972 1097 2819 971 1268 1530 939 2714 935 1596 2406 2588 200 1871 438 241 2761 2810 1370 2513 1730 227 1807 2225 3158 1941 1761 1689 2573 540 132 3267 1207 1779 2072 1557 866 461 1015 284 1960 1410 1069 168 417 968 1021 2086 182 1265 2939 1608 2404 1404 2618 683 2523 641 3076 2552 3174 2491 185 488 401 2340 1386 1754 3113 1090 1455 1282 1921 3221 674 2426 1365 546 681 1076 2986 1785 410 280 3025 1798 2932 2020 2435 340 2204 304 595 1655 2618 1521 1354 692 1922 1268 2904 2651 2389 2363 3078 530 1882 1330 782 2273 1517 2220 3180 972 1735 1390 1125 3294 2856 1796 1564 1526 1416 2733 2175 157 812 329 796 1320 1244 762 760 2766 1476 555 2718 1329 2578 2503 2023 1721 1287 193 1000 2242 305 1796 3272 1224 562 272 3147 162 1798 1429 3303 2910 2264 2895 1968 1648 634 1675 3353 852 332 702 2821 155 1968 1954 734 418 3054 3308 2362 1403 806 2183 3153 2305 401 1700 2846 989 2914 680 3010 142 533 2016 2298 2824 2657 2669 1188 3051 2227 228 2023 2961 1166 1964 1333 765 1628 2877 2392 1984 1219 838 976 2406 2014 2893 1343 1058 923 2465 3199 3006 3106 1630 2970 1986 3033 1146 944 2581 2045 2766 2318 664 256 358 127 519 466 2202 1520 174 1538 1166 2270 1875 1202 2050 2936 2008 1423 2345 972 2033 2265 2372 2008 1644 2496 2689 1049 601 880 2001 3050 564 608 397 1054 1721 1671 3072 679 1941 1018 2086 300 1978 2633 0
0 887 3095 279 1064 1277 1945 2004 506 532 1170 523 1786 1408 1143 102 3071 1446 1742 1380 631 1356 2974 1110 1353 388 594 1764 1088 3239 2409 988 3285 2395 1341 713 128 426 1895 2819 3288 1966 197 3170 3052 190 3340 1716 1709 821 1275 732 1961 700 2085 2011 1239 2059 1081 811 803 2407 2890 2758 271 293 2512 2670 2186 2533 3399 2608 1666 2029 230 832 3309 3099 1212 1242 2418 2206 2224 2399 1983 1836 2353 2684 2474 2635 2681 1371 1508 1299 1007 1002 1115 830 1862 1797 2916 709 1625 2424 893 1989 1215 3166 586 202 863 1447 1017 3089 1646 1910 2312 679 2892 1783 1231 3081 2326 1775 3051 2054 3222 491 3078 1339 3065 2491 173 1548 433 690 2796 3067 478 166 692 1351 2214 1097 1776 1480 439 598 1783 2553 853 525 140 189 703 3159 1617 1970 2732 2121 783 2993 2165 1405 452 470 210 1585 2758 2965 1194 2648 2360 2719 3202 1978 3174 228 3244 1743 1724 1656 2056 2748 611 2641 1353 2104 905 675 2455 2930 467 1646 1529 1107 1320 975 801 326 179 977 1165 2056 201 381 329 662 2298 892 2114 300 2169 1009 552 1303 955 2617 809 1152 1257 219 821 1030 2753 1611 2289 784 199 2124 2792 2164 2797 1783 508 2887 548 2136 2721 2420 1222 777 1938 2248 672 2186 954 2759 3273 2300 2312 2031 2297 2866 1234 2117 2366 2283 1314 1925 1389 1656 2611 220 1385 2018 2998 2398 2717 3019 854 980 3200 588 2045 606 389 1894 2428 2793 2750 2917 2989 3208 1925 0
0 3243 3052 2714 521 2824 408 3062 3020 3186 1641 1410 1870 2811 1980 1464 1827 2127 2407 1598 1460 2265 627 3008 691 657 457 1920 723 2442 1785 2058 2656 352 695 2074 3023 1798 1149 410 559 179 2266 752 2535 2530 1867 1122 657 1446 2990 2772 605 1779 668 801 1540 2208 2212 2082 2335 620 1191 590 198 2937 883 426 2322 2038 1662 2227 3144 2014 3167 209 2012 3070 602 1552 2071 2653 1381 2645 1498 2294 1546 3125 2969 3117 568 884 2997 2402 1341 3402 2203 1830 2677 1660 538 374 2055 767 1833 3088 1836 702 1853 563 939 578 1790 2819 3155 1883 1373 741 1218 1271 1477 1043 771 1276 1582 906 2587 866 830 2078 1226 243 2546 1020 1150 661 595 2727 2937 624 2583 3152 1435 1381 1286 2095 2465 2281 1279 1650 826 537 2885 481 345 1693 2985 3133 1319 1032 594 1047 3257 1943 2661 780 197 2866 583 1516 1322 1827 3186 647 1917 1820 1794 1547 106 2807 713 2274 1770 2469 1295 2822 2791 2189 728 1601 1041 2959 407 1946 138 479 3166 2808 2021 606 881 1591 1800 3087 2457 2341 2705 1092 1858 1875 3209 323 1900 1820 2470 377 1446 795 2704 1985 3346 1293 1111 1127 588 618 421 1267 598 383 747 2303 2910 2791 880 2455 657 2002 2169 1176 229 1837 2555 2152 1766 828 3160 1833 1656 1867 2342 2428 2174 2208 2661 1745 2576 2866 2609 1956 1960 365 569 381 3219 2990 2939 2349 3231 137 2962 2672 751 465 1866 1530 2060 2160 1546 1897 2724 1890 2965 1944 0
0 1633 2281 727 2333 2390 1991 3259 2732 2467 2479 3157 198 1089 1016 1919 1273 983 902 454 2214 1799 644 1784 487 1172 2903 468 267 2827 1277 2302 2764 1926 2372 1815 900 1059 2149 753 1491 2021 3383 475 3241 831 323 3186 161 2921 731 1936 1081 2578 3037 1703 3238 547 2372 1230 1733 446 3047 2020 1248 470 2611 1592 1995 2574 3112 2387 890 2315 1164 2369 1770 2267 680 1778 3002 3044 2382 2674 1098 1580 1174 339 2085 746 849 481 2058 3082 2334 3142 2273 193 2488 2975 1619 2006 1217 930 2920 1696 1099 2124 352 2982 2013 881 1986 662 1469 1948 1291 2386 3129 3051 1401 1131 2865 222 613 2764 2490 3146 2048 1245 108 1692 3064 3088 286 1145 808 459 3103 2668 511 2353 3209 1327 863 3336 603 1401 1679 2569 818 2083 2392 1681 1573 2657 1318 3161 448 289 1397 130 2175 2385 1726 427 3138 1030 2511 2549 3245 3083 1532 511 1501 1165 1141 462 1548 2730 1132 1120 1500 1571 2603 181 1423 368 1712 3026 1996 927 125 2905 317 470 244 3008 2875 519 2194 1741 1027 1326 2648 3238 642 2060 2278 2501 449 2999 607 3109 1321 2386 765 2938 3062 509 1152 2908 2600 1644 2762 2397 2964 2058 2373 1074 1050 253 867 3065 2606 1491 262 2331 2091 1496 2747 2693 221 2543 2595 2198 2559 2317 465 143 1876 715 3164 1296 2694 2636 2443 1411 740 2436 362 862 1863 152 425 2343 1053 750 574 2989 2169 522 2686 598 2998 1742 1632 248 2397 525 3306 668 455 0
0 2495 428 374 1673 590 2114 2316 2143 1794 2975 1224 2086 2955 2227 996 2447 188 1808 1853 643 1246 320 3228 2589 455 3077 1102 2245 2432 2430 2519 1881 454 2899 951 99 2010 1571 2312 605 814 126 2075 3135 2657 1029 995 1606 1397 2013 438 1518 2091 3205 3159 2297 2464 954 169 2891 1067 182 3024 1583 2691 1537 581 194 1386 1004 2505 799 1699 230 2016 1260 406 311 2227 2697 2254 2941 3076 2445 2025 1092 3000 2743 3004 1877 3021 1172 293 1597 2804 747 2357 2621 2466 1189 2606 836 2408 530 1636 1752 2051 1958 3328 832 869 2296 930 724 839 1536 2558 2681 1778 1802 1865 1151 2527 2800 200 1458 2696 2323 712 1335 966 3082 3169 1123 2284 274 2572 2566 2826 311 1187 1184 1602 1182 3141 718 2390 2889 830 1349 392 1882 991 2876 1453 1539 516 2781 430 318 2491 1969 181 877 3029 3079 1242 3079 1803 2657 1026 3262 3064 1527 690 728 1724 1387 1628 2805 1202 3110 1456 2568 1022 1269 2261 2469 1828 754 3095 1876 1094 1539 1183 1432 3192 2845 199 231 1620 2635 1146 269 2404 2631 2173 1579 2160 802 1992 2392 1327 926 1252 1475 465 811 3089 846 2985 918 1399 3280 3053 2365 1026 382 466 1351 2924 2028 159 420 135 1906 2080 218 2389 639 2331 2847 379 3038 2142 766 721 280 2407 1819 1067 1261 3016 2621 2572 2822 192 167 607 2131 1567 761 1289 940 3224 3057 1212 2978 2904 2777 2748 366 1784 1479 1820 323 623 1572 1146 2212 1772 0
0 1243 764 465 1702 1271 822 1148 2768 632 831 1791 2399 2354 568 1578 1667 2096 2153 1771 3148 641 3059 1250 2790 2770 522 2919 2347 1117 802 2253 466 472 821 2887 2627 2569 1587 872 469 822 391 1047 2010 761 1493 2382 221 841 2349 2822 1136 2686 880 2295 374 2773 3023 1086 2915 3220 2140 486 1982 1743 1373 1947 479 1048 1109 2325 2761 258 1348 1208 352 898 2496 2171 1408 1400 2741 452 2080 1385 111 3112 1781 1768 1360 3108 2976 2630 1314 2585 2045 2045 1234 2376 2739 2892 2000 2539 3043 2152 2213 1000 1379 2961 2111 2797 2438 926 3053 422 448 585 538 679 1748 394 2297 900 1863 212 1498 165 2250 902 1370 458 1782 248 2760 1868 2768 494 724 2121 2437 1230 1839 2094 2839 1852 709 2126 1717 2997 2281 1551 495 665 639 1215 2663 3210 2795 1761 736 2192 2013 2611 566 606 3107 2322 328 1296 1017 3316 1996 610 357 2709 703 2432 1242 3188 2744 2626 548 1430 1906 3064 2062 1263 1727 445 1297 1636 3023 2311 1397 430 2563 2435 1624 1258 2062 521 706 580 971 1163 1706 3200 427 1259 663 351 989 2899 1133 192 553 702 2717 2795 696 1990 2694 3256 107 1504 2380 2980 1338 3289 2273 1534 2933 2186 1267 1144 2063 3287 2556 3014 374 2220 884 568 3260 3152 705 283 169 1313 2011 1934 1805 2075 2698 2218 3234 2918 2609 1600 2035 2059 796 2446 1214 1262 2729 996 1810 1960 219 586 241 1975 1377 618 1192 2189 170 2479 933 0
0 1775 122 176 316 1847 943 1549 1088 173 1428 2792 3169 954 1685 1488 535 1527 774 427 1850 1802 267 3290 375 718 2008 2969 2226 1130 1062 2755 347 2786 3322 2320 2834 2336 2966 2633 770 1620 2788 806 2083 1100 2511 1115 3074 2422 2818 824 2658 2027 2290 2431 421 2302 3018 1727 2030 1375 2604 2051 2508 743 1404 2630 3080 2598 804 1387 1813 227 1767 2397 1209 2730 1170 1420 1577 965 1977 1975 494 2284 240 1601 505 870 909 668 1480 224 2792 2801 2252 838 1686 377 2935 2062 221 549 578 1520 2351 1380 2397 3136 246 1025 3217 616 263 1183 1467 812 512 2145 604 3164 2075 2381 567 207 2104 530 673 2386 287 499 1124 905 1784 1683 2890 1542 1460 2223 190 2147 2538 2525 2820 3231 2887 950 3279 658 178 1586 2465 1602 3165 2044 1983 3247 2165 2532 2783 694 2819 3311 3089 2971 3077 2456 996 715 426 2038 1493 1578 2120 586 682 2774 2931 643 674 3207 2683 139 1139 2041 1404 1721 3207 1808 1858 2834 1672 1122 2751 1637 2532 1375 2801 3082 2217 2721 3303 1532 318 285 2238 3105 1604 1434 1437 2444 503 1629 1919 1732 1443 2910 1116 1127 611 383 1354 1326 1052 778 533 478 2072 2577 1299 1403 2222 3104 534 202 3196 3360 2016 988 1914 487 123 1838 2446 2659 2444 2124 1286 3156 350 1968 385 1759 1292 816 214 854 503 2788 3041 1833 1071 2396 221 111 2459 2719 1156 1886 1779 1427 3053 211 1344 250 374 2818 945 1774 0
0 533 1274 2143 2340 1559 3159 517 763 1862 2191 1271 2795 2456 3227 253 2771 3107 1741 2548 2316 1905 1086 2800 1522 2294 2227 2265 2611 1137 544 2879 2051 880 1318 1439 649 2253 3269 802 2223 2073 890 1479 1818 2592 714 2758 2219 3230 3016 534 1167 1651 2825 1750 2624 640 2817 2273 2706 3063 3335 2863 1440 1561 1363 918 1262 777 2934 497 3024 1053 2377 343 3084 1837 1046 1000 450 1668 154 1586 390 3365 1727 473 1438 1648 2041 131 1662 3117 326 2473 971 1315 3303 2460 269 3049 1485 418 402 2516 2766 249 2559 1462 1944 3019 1669 699 1900 1071 2990 1786 2514 294 3254 948 1672 2902 2070 2866 946 2157 2782 3269 1550 1935 659 1883 808 620 290 1909 1285 3182 2799 1582 3214 2138 3089 1083 577 3162 1346 2599 1611 2510 839 2002 1413 2623 416 1973 1586 833 524 673 2739 2635 3063 2030 1381 2002 3119 1409 3025 1165 559 1541 866 1686 3066 1663 1902 3210 1233 1068 3050 2464 548 2316 109 2002 531 349 2305 1675 2365 2569 2802 978 951 639 2257 3156 3125 1859 119 3183 1807 550 2085 2566 1157 3121 2784 2043 2064 1758 1719 2814 2923 476 1100 2990 2009 2593 1495 2834 2379 1302 1988 3373 1984 2047 2994 1364 2612 982 226 2614 1036 3141 2712 3280 381 2837 3059 2753 821 440 1720 3005 3019 2286 1304 574 1759 2545 3313 2627 2494 2566 930 575 1869 916 718 1277 2505 409 1428 3318 1559 2357 1808 3320 3095 1099 2758 1395 1844 2039 2164 0
0 1797 1291 2431 1867 865 2312 2976 251 2988 2978 2181 613 2281 2242 1613 1645 2195 1793 2490 2494 1148 611 1374 736 508 226 2819 2748 1992 2015 2920 641 524 2294 977 2672 1837 935 2519 2178 727 1318 2381 1882 2331 1220 1011 2942 2824 3332 1303 3299 1605 1762 2924 3361 3254 1679 383 727 1639 2347 386 1064 127 1653 2186 2129 214 1070 3120 1373 1382 2501 758 2033 360 2824 575 2558 2437 2996 3198 875 2802 1865 2224 2043 1404 994 2759 193 688 1990 2688 1707 989 1475 742 747 1169 1018 2982 1906 291 3367 1852 1220 3100 1076 1886 551 115 3180 380 1912 1291 1642 1446 411 2781 307 871 2613 457 2931 793 1673 3181 2449 3188 2245 979 3186 320 1608 2421 1460 693 1826 3290 3241 1024 2415 1234 2266 2314 2793 1633 2901 2655 1512 3279 412 1307 907 2289 430 383 626 2520 2519 1377 890 121 3084 1769 277 2940 2148 2741 3129 1077 1888 489 1708 1415 1649 202 1476 2951 1265 3220 2445 1971 1707 2306 2734 1883 2585 1362 2069 3206 2193 2632 2872 1847 2253 1275 1651 2627 2072 3090 1716 227 2763 532 1505 3337 1685 1666 749 2413 2130 1066 1396 2417 2168 2269 1714 801 2256 520 2411 848 2758 2039 1039 1472 3057 2039 2431 2598 1919 954 967 256 525 1280 1409 115 2893 2834 2313 3167 2721 2884 1136 1203 1307 2500 3025 182 2888 2990 444 489 2855 925 665 2783 2791 2270 2512 2953 2554 1561 2582 1343 2303 3138 2081 2983 2906 1713 3241 1737 0
0 1364 213 3187 1061 1891 215 2529 2177 1206 2945 2152 2692 2699 657 2905 2700 749 585 706 2493 1458 705 1367 393 3063 1154 181 633 2117 2542 1312 2995 866 2368 446 2866 790 1721 3093 1017 3210 861 345 1824 593 889 3024 1508 1262 2450 1189 3262 2537 1395 2129 776 972 1711 1386 910 136 1953 2276 750 617 1264 709 390 306 2125 2056 2217 785 1824 2674 696 2556 2827 1903 2332 1442 753 1518 1759 1423 201 495 1598 2282 1804 1976 1224 523 2340 964 1300 798 1734 173 1411 2344 2567 1396 2467 621 2225 2560 2863 2102 1513 433 1443 1882 2410 2691 1515 2738 2620 2677 524 900 1298 195 647 261 865 1758 1812 991 1340 3196 839 2726 621 2086 954 2771 2411 1286 1293 2966 2903 2736 880 1474 2828 1456 285 1806 2697 787 306 1212 1775 2684 3183 1366 820 2301 1873 549 852 2070 834 1612 2953 831 1404 2432 666 2095 390 1518 1486 2915 150 1755 2689 2472 2875 1529 468 2120 1476 2793 1901 1820 1069 126 2103 2738 877 225 1525 823 2104 917 2126 2504 730 2031 218 1129 1112 2832 457 2105 3022 1098 2602 421 967 419 1521 447 207 2077 632 217 1910 1205 3051 181 2491 3217 161 2289 2106 2866 791 2473 2930 118 757 965 1426 1499 3272 881 2384 2959 881 2151 795 1749 813 2683 818 1238 2712 2340 376 785 2758 2906 1114 2136 1883 109 2742 321 2266 363 2450 2253 727 910 2968 689 1122 1985 2176 1994 1117 2253 2468 0
0 2674 744 2525 2964 404 948 2235 1702 2190 1161 2709 1176 2005 2560 2857 2035 1417 1045 2846 633 1886 682 3274 3132 2897 252 164 879 295 590 3049 640 2526 206 1633 155 897 2022 2066 206 348 818 140 2811 417 773 885 733 1298 2296 633 2177 1563 1929 1345 919 2790 1437 2151 270 960 1410 1542 1788 347 2108 1891 1825 3047 1686 3277 2790 1149 2867 386 1058 2728 464 1726 2218 2623 1565 2845 140 2141 844 1250 2826 950 2869 617 1594 1994 1899 2611 1066 1474 1680 1455 1532 996 1206 2925 1818 1183 1225 1159 2107 1621 2507 1556 1337 3071 3337 2865 1484 709 355 1732 2837 969 1229 3005 299 1150 565 2856 1430 2370 1469 1746 1061 1155 2277 164 449 732 3270 1071 3116 2836 1387 1310 1839 1384 1457 1794 2124 1103 3323 2498 1187 2077 2019 722 1960 1484 2843 772 748 544 1921 2925 240 804 2590 2370 2947 1994 2593 891 783 2573 2069 1989 1747 3223 1291 1030 3059 2058 913 2374 1212 1101 652 2225 2432 1703 1525 2357 3179 2614 428 1443 3140 1689 1141 1113 2130 1300 1002 130 1730 2464 1757 1935 118 2083 1134 2014 247 1849 3065 873 2921 1631 719 1277 2276 2538 3197 289 591 2531 2926 1556 1118 2671 2186 178 2166 297 1094 1729 3258 909 763 2110 1458 2015 2319 2608 609 1678 2057 323 1596 1681 1789 1616 1061 1998 952 1757 303 2929 1754 2584 1689 364 2849 633 3298 3193 1973 2107 2976 1420 961 2150 979 798 1963 375 0
0 2671 3065 1102 401 1563 2087 1599 3206 2732 2383 2198 1517 2646 452 2578 1318 1446 2527 1211 1237 1815 2720 2859 2898 2197 674 252 837 3037 733 2369 2189 697 1621 2963 3217 727 1195 169 386 359 2909 575 800 3108 716 434 3145 603 2911 1689 1576 936 1285 1859 135 2253 1421 376 996 819 777 251 901 104 183 910 1117 821 2569 2689 2417 2389 2998 909 1071 1085 2255 2000 1579 2381 451 332 2165 1170 3060 1425 2745 1927 1735 979 2693 2977 1334 2982 1688 1512 1781 2895 1884 3081 2669 2463 1283 274 2592 2334 114 2574 2892 2309 2202 1474 2172 782 2603 568 1404 1813 2522 961 370 1319 1222 1766 2354 1630 137 153 1380 2902 2504 1496 333 586 1947 1347 2302 2065 1874 734 1364 2365 2341 2625 894 1149 3018 2659 2471 1246 269 2055 480 990 1723 1370 1312 1669 3299 3133 2316 2165 1200 138 1959 3040 1288 1675 2071 1290 1563 1451 128 1766 2881 1441 1184 691 3021 1185 1811 2824 3065 2272 1554 2715 1090 1543 2162 644 128 2792 2039 1952 1692 1397 1153 2327 2850 104 3190 1512 652 1330 3131 943 2056 1961 1406 2501 2328 2759 868 1025 1431 2777 2450 1106 721 2588 1822 1947 1529 420 1233 2011 2710 304 2198 424 2439 2140 3165 3032 170 2480 1120 532 2610 660 2800 2436 250 1967 487 2655 872 3097 646 2148 1113 3274 1620 380 1509 1428 3304 2269 229 1050 1592 664 1862 3149 2234 2228 2894 1152 3074 1059 661 841 710 0
0 1950 1629 597 1849 2042 686 147 1671 2970 106 1462 2482 671 1752 465 2039 2623 898 429 1619 1253 2288 607 450 1826 344 3135 1780 2370 1779 495 375 1483 1574 1717 3087 3075 360 2526 2731 2958 1972 3128 752 595 3008 1777 117 839 1049 554 3044 502 2443 1071 3033 1125 251 2069 1904 2956 1626 1542 136 2870 1175 3139 1237 129 590 1206 2320 591 3066 688 2606 1355 2011 1998 2143 1895 3010 3262 1385 142 703 2041 2405 578 865 988 2844 411 687 1905 383 2653 3017 1105 2782 2090 2614 2054 313 1953 1515 1391 836 650 1775 1800 2340 407 3226 2040 3141 580 182 2201 2266 2524 762 758 2583 1807 1776 912 2046 1035 390 2129 1620 957 2572 131 1525 2924 2974 2828 1899 1460 1243 1846 2189 2355 1921 1360 458 1921 914 3092 2569 2974 2144 2377 327 821 2842 735 342 747 2730 1927 362 1728 2352 373 1112 2057 727 2283 3006 702 317 2929 1279 2199 1948 2348 3232 2362 556 238 2246 2737 1695 1875 2142 2299 1970 2898 274 2264 2476 147 2108 1499 433 2582 2219 478 348 529 1264 1919 2251 1967 1669 1401 1198 1469 2210 2616 2969 3173 295 1379 1746 3088 2219 456 1533 978 215 3339 976 741 1448 275 1011 2024 722 2667 2174 1658 1061 2148 2213 517 2544 3201 2412 879 1107 2638 724 2948 1606 1444 3238 2737 1785 700 2450 1857 2298 2606 2438 203 3126 1568 502 1461 2428 1385 855 2967 573 1387 2247 267 2439 1465 0
0 2394 1368 759 2001 2813 1534 1326 1296 2200 2405 1460 317 98 2372 439 2679 1730 1885 979 2727 1044 2702 1034 523 3087 1912 1107 2470 312 1375 1808 476 2511 190 200 2716 397 771 1694 859 1840 2401 468 1196 1172 3170 2970 2805 227 875 597 577 419 1976 1723 2987 2494 357 1043 1060 436 2216 3077 935 2652 1139 3117 2053 1062 3037 1249 1041 224 2331 1077 751 1141 1994 1526 3006 1217 586 1191 2746 875 217 2231 678 1800 510 2417 140 1818 802 498 2825 1479 2892 543 136 2131 925 1778 2563 1799 1645 459 296 2967 3070 772 532 955 1192 3157 1985 3260 488 2190 1484 1052 1514 352 643 2755 1199 1337 1659 1845 323 1444 1691 404 1512 3129 350 2127 1989 3061 1320 3131 833 3115 857 3007 1944 2529 766 896 654 3032 1075 2704 1247 2349 797 2765 3196 2967 668 459 1033 544 1533 598 1245 2280 1625 217 1696 3146 1287 2765 3051 1705 2385 586 2853 931 3116 845 2666 789 1296 568 461 1055 1293 2378 2357 910 986 1133 2488 938 1069 358 1537 2413 758 1786 3057 647 1301 2820 1936 478 1876 2889 2194 2314 3239 2386 2066 1982 3073 2423 2478 1124 2269 305 1085 2501 1095 895 1107 2229 307 2212 786 2052 2263 2534 2289 1340 3142 2202 2820 654 1919 3382 1344 1748 2454 135 3039 688 2424 633 3083 827 3287 2604 2299 2548 809 617 1738 2529 1792 1880 264 3006 2109 141 2232 2760 2290 813 910 984 2891 0
0 1310 2284 1128 1405 2149 1051 3272 2459 1866 1833 2279 2118 1137 3010 2469 1816 2634 2682 2697 2383 2148 2156 3156 1618 2985 2396 3263 341 1693 1622 3037 2312 1241 1215 170 3150 1582 1507 1709 729 1434 1449 2085 581 853 2157 1157 1371 402 2591 280 1506 540 2611 1997 2474 2448 2853 1724 1964 3122 2929 959 340 942 3231 968 1961 1790 2499 417 118 3093 2003 3135 753 2219 1518 865 2971 143 889 2117 1235 363 1499 760 779 2467 999 2748 1997 3050 1986 892 1757 2669 1846 1794 2895 1266 1350 2799 3301 2244 2243 624 662 2860 1401 2312 1155 960 958 772 1153 3130 2997 2141 2770 1419 328 2889 890 1880 1624 388 131 1214 1464 250 524 1831 3291 1779 2176 1436 1070 1099 1315 3083 2164 3396 1164 1970 1872 3225 1031 1227 1862 857 1815 1916 2299 1678 3096 1764 2011 1381 710 1992 569 2723 325 102 756 2572 1061 2611 1973 1967 958 847 872 3004 1351 2359 563 2252 107 576 1526 2196 1482 697 599 797 2812 1571 815 2348 2717 2977 511 2632 2534 2789 3027 3258 128 2629 2281 1810 1489 2170 2033 1059 1142 1517 2596 798 203 1869 1438 2200 2713 1634 243 2861 1595 2153 2918 2693 636 2764 2622 1231 468 1495 2462 1791 2546 650 1082 774 1658 1910 2998 2627 764 2844 3003 260 1226 110 1154 2901 1700 387 2207 987 2609 2335 1715 145 3035 2848 1313 1906 2921 2889 2715 2862 2259 787 1481 2817 910 709 774 2899 0
0 2969 1079 2064 2470 2718 459 2631 621 1768 2797 2226 1504 1644 1361 2488 1103 1033 1129 1972 629 1148 2895 3163 214 127 3309 534 1884 1643 2084 1059 2927 1347 2216 1888 1330 1697 965 2240 1334 783 226 144 226 2597 362 2862 1635 1112 687 3224 2886 922 2362 3162 3313 3176 1950 2531 1723 3179 834 2256 2850 682 1535 310 1523 2844 1299 2749 2178 989 806 1972 3022 3071 2985 2898 1839 538 1117 2946 2958 2172 1539 2123 2168 2519 782 222 2903 1871 698 269 3316 1193 2614 1714 1245 2197 265 918 3160 1367 3213 1983 189 2597 2118 317 294 2345 2693 3181 1112 3157 1398 752 2558 2753 1420 1260 2214 1189 1795 477 2487 2667 2064 820 2551 286 572 1833 2405 2258 3278 1809 1214 2838 859 2917 336 546 2008 755 2429 740 2438 203 3029 1951 2564 753 813 2316 2000 2044 2864 2801 1682 782 2778 1509 3064 3183 728 3053 3010 2050 2180 1705 1689 2903 772 1906 1017 1630 1234 3181 191 684 2362 1855 3023 2696 1025 3241 3085 207 298 1219 2198 1739 106 146 2215 997 2663 2170 114 1598 3125 2679 191 261 312 1776 2025 2226 235 530 3045 1906 1577 1108 622 977 561 446 2327 2859 1995 2999 693 1071 2858 3284 2790 741 3022 2182 2169 2570 3207 1904 953 3126 678 3007 2592 1392 3302 1083 3322 2989 394 2624 2280 2346 1665 203 515 2451 1905 2562 2961 247 816 2415 2870 324 2208 337 2448 207 525 618 2040 0
0 2282 840 399 939 3258 3139 3043 980 3016 929 2835 315 2924 716 2311 1729 1762 3048 2731 716 2295 827 1130 1495 2244 2297 2454 1863 685 1996 1455 3173 756 2619 2126 916 3047 1696 1297 2067 2895 975 2613 3234 1800 2619 2580 1633 1283 3081 1796 757 1159 1321 2800 1592 2936 1021 2082 3083 763 149 2346 990 2631 2991 1760 2465 1898 419 1870 2153 681 831 3196 208 267 106 1842 1710 1839 3033 2677 3039 2447 2859 2082 2620 1970 2626 1195 1021 2897 388 197 1593 1784 1795 2697 2044 3085 208 3054 974 1153 2831 223 2548 221 2690 1452 1830 1241 2379 1345 3134 2814 1457 747 3176 1104 2291 608 1302 2553 3069 1347 2464 2778 1776 1620 641 815 3295 901 1667 3209 1854 2009 1693 2692 1727 2533 2489 1306 1426 1893 2721 2335 2397 980 2517 3056 2839 1031 810 1717 636 544 199 436 3243 1894 627 3227 2913 1183 183 478 1783 2073 1022 2704 1144 562 1560 1880 1339 2196 3317 112 792 186 438 883 1284 808 190 2281 151 2222 2590 255 1895 1366 1727 1929 935 1440 1663 404 663 1209 2711 2452 3208 3049 916 2294 1609 1110 520 1743 2670 2297 1777 3027 1517 3090 884 2235 1083 1247 422 1722 2567 2926 884 3078 984 2863 2989 2083 691 3011 1614 1747 2765 101 3005 1520 2039 3384 744 1213 1776 1046 2938 1843 1699 794 511 1223 2801 2561 2669 2842 892 1111 1960 2486 2384 1086 1428 1969 178 1747 3205 3165 0
0 2236 361 388 2180 2609 2368 3301 557 1348 132 1731 2126 1217 1488 2329 1361 1965 2643 152 389 2070 1009 1766 292 677 2505 1064 1924 892 3132 3262 3189 3176 1183 1673 538 2338 1231 173 2420 1557 2246 1624 3146 306 2433 3273 1678 1274 2761 1487 2587 3121 2772 772 1335 715 2160 1566 235 1413 215 1771 1617 188 1902 2316 2149 3146 1819 2479 3024 1336 1028 926 1970 2737 843 3273 410 1382 1469 773 238 1710 2771 136 494 572 2500 1916 128 2994 2032 1189 323 2593 171 1867 576 263 1259 1828 2543 531 778 3388 1076 1953 883 1967 3125 1115 101 2242 1985 2723 527 3036 2634 1840 1848 492 2648 2058 2356 2005 1475 3122 2758 2711 2610 2259 2795 237 2295 2993 1364 2939 3142 2890 1203 1922 3068 682 2116 1219 2948 3178 1314 829 2165 338 2585 2098 1667 2852 1243 2704 1402 1928 776 1321 1304 1522 2685 2993 1624 3146 1998 2271 1443 810 2220 1802 732 3161 794 1037 2084 120 2491 1509 787 837 2592 2403 3121 2767 1778 1527 1769 811 517 1266 2214 2087 2803 1601 1316 1128 1696 1935 1314 2236 1546 324 328 2807 1424 1687 2218 2388 2702 287 1705 2540 565 2631 988 436 121 886 1421 2731 2784 2735 2443 1022 2857 813 2587 2523 2960 1124 1695 602 2295 1819 2581 1293 963 2332 1510 198 2684 1516 235 2315 1661 3044 1601 2329 2612 952 3118 2874 639 1965 1642 2096 1153 1414 2046 2834 1208 2914 2788 0
0 1840 1216 2311 855 3269 1825 1605 1102 1481 1337 2145 1397 2663 2278 1528 3169 2472 474 2040 2195 3284 865 2112 548 366 650 209 2860 349 2119 1154 2852 2134 1808 584 589 2802 2818 1147 885 2592 2219 1508 2667 1773 382 2611 1085 2002 2215 2403 856 3095 671 1719 1122 1176 1916 574 2802 612 926 2785 2767 2278 2519 1402 2970 1725 1024 2573 2937 1425 3365 2777 3163 2596 2911 867 2165 1321 2528 884 275 3021 388 2109 1532 2210 2714 1538 983 1232 1735 2367 675 1448 981 364 2462 1116 1724 2510 1182 2850 2660 1544 1997 1164 1853 669 1719 3269 610 1594 1455 156 2701 2989 916 2665 3132 910 2386 1592 1692 689 1947 930 1072 658 565 1374 1647 1085 1602 3163 1866 612 2568 2147 2383 438 2546 992 3016 3119 2818 2353 3164 2731 2053 1273 1608 3112 1248 3120 2461 1692 213 968 1634 1106 2267 1299 2232 2451 1639 2826 2161 1607 1625 2247 2672 2070 2453 2818 515 274 637 668 1246 1744 3140 1678 761 2584 3004 1738 1928 1810 2995 2268 2567 1589 2582 1349 1443 1355 937 2784 469 2082 279 1568 1144 3169 1894 2845 2827 1748 1469 1053 3311 2888 3074 2042 1180 2624 2639 2850 2588 3176 937 329 1898 1514 1773 3129 2781 1290 1445 2352 2617 1137 2317 1291 1603 1731 667 863 840 2333 1015 313 2486 852 2337 2956 1847 2741 2190 924 2081 161 251 563 1218 3305 1862 2970 333 813 299 544 2405 2415 0
0 2248 2544 727 521 2907 2167 1835 2210 2437 1213 2787 3067 1166 1293 2037 1471 2079 2317 2696 2561 1414 925 1871 2059 1647 2044 1010 2681 2180 2155 2697 3202 219 1279 2231 460 3202 1124 2816 2039 302 1321 3202 1508 1761 190 738 593 1514 2673 318 1614 3142 2054 407 1381 835 1888 1010 2992 1297 1306 2158 2562 763 1765 1833 2112 2419 1681 291 3038 1573 774 2313 2287 3134 2533 421 1565 1379 2587 3412 2822 1890 3228 234 368 3050 902 1797 1487 212 1901 843 1168 1256 2632 2971 2190 443 834 1418 3193 1327 2492 2095 1225 1858 1435 396 444 436 2699 1701 875 152 2666 673 914 440 1658 1164 460 2140 2127 2892 2884 3161 1300 3150 505 1748 1477 1226 2660 1212 2372 388 2612 3226 1123 688 1677 2656 1419 1175 2763 408 2083 3182 1906 2172 2155 709 953 3023 3257 1117 2488 1691 2356 1271 653 449 3138 855 1109 1576 2252 3027 1114 1229 1332 3058 2530 3153 1651 3079 2894 3097 312 2642 3219 272 1326 516 1806 2868 2426 1845 220 1381 3200 3128 821 3074 2198 1319 2869 2785 2180 129 1374 2570 2203 2858 2868 2284 1380 1148 266 2203 375 1557 1504 3049 230 450 2509 1649 2338 1481 2530 2702 1576 1956 156 394 1156 1613 2932 419 443 248 964 2322 1367 795 287 577 893 2797 1581 1378 1653 1373 3033 548 1786 3019 1867 1854 2172 140 505 895 955 851 3128 2372 1658 2710 178 1979 267 0
0 659 231 741 1312 1776 2790 2315 796 837 1704 2022 1186 3103 2379 2204 1773 1990 206 3098 1318 1523 2427 3106 185 1458 2777 3068 1278 1099 391 1460 1766 3286 1764 2822 1827 3065 555 1345 1273 2761 341 2642 928 1001 2984 3065 710 306 2034 2882 2111 2173 2341 1666 1509 488 655 3169 1289 1755 1200 2872 2577 328 360 3173 1421 2960 2443 2000 1587 2182 750 1809 145 3132 1061 2490 574 1803 2531 3055 1208 885 1509 2883 1102 200 1413 1409 2519 2695 2167 2827 600 2812 2176 2689 2729 1908 1704 1144 3172 185 1365 3259 404 563 507 1683 1562 1467 1499 2842 2545 215 736 1799 2137 762 2176 1361 385 1121 2698 917 2029 1267 144 724 3149 439 1800 1973 176 1448 3249 1130 1607 360 1430 2749 1799 3059 2016 3167 1463 2707 2282 2458 930 478 773 2117 2921 2608 2832 2190 797 572 188 2541 2446 2990 761 1224 1854 2817 1508 1295 310 2929 272 656 1481 1654 1659 640 2381 1661 2675 2532 1052 2941 1949 1583 1781 1825 1084 931 674 1178 471 3079 287 2298 2250 2061 1258 841 1567 754 120 1188 2274 206 310 188 755 281 3058 2307 1842 1276 1104 836 333 2924 3239 1290 1579 3099 671 713 2737 2583 2549 2384 476 1393 2629 2963 1462 1736 187 1004 2611 3157 782 702 1349 1742 1247 888 3351 1550 1428 1328 2195 1578 2091 2763 2093 2085 1425 474 180 1568 615 2040 993 1156 3070 1544 0
0 225 3135 277 1213 2321 1593 475 1105 2726 3169 3039 984 1875 734 1189 1151 1336 2464 1057 2559 2088 3001 1620 2348 1903 912 3100 1492 918 3017 2314 872 1883 1238 3224 1966 3415 192 2075 109 1679 543 1519 2076 1624 1569 422 884 2748 952 1793 918 2006 2186 3045 2621 364 1218 1542 1493 484 1125 2389 3042 3083 1155 2416 769 2848 1461 3179 1259 2505 1047 3138 560 455 2766 2883 2284 574 2459 904 3388 127 344 2214 2901 436 2747 506 1038 860 617 1693 2642 1487 1822 1162 571 2480 1765 3301 243 3114 709 1711 3193 1254 2524 1053 3021 447 1257 3062 1395 335 2299 1772 1690 1150 1587 416 325 1034 1102 2540 872 1393 532 2314 1987 559 2353 3081 939 2419 2774 2327 2699 1926 1150 1700 3390 1701 2915 2770 1716 2931 480 2451 1255 2133 1636 1596 1063 333 3129 2557 900 345 2971 1788 849 2316 2370 1270 1349 1457 2243 2255 2850 2250 2441 2977 3283 3278 2432 722 248 1685 849 156 1075 236 3256 1915 2288 988 2248 2809 1479 2404 310 1293 1100 2685 2934 1123 1552 555 1480 2473 664 1507 1629 1136 2973 1860 442 3109 1150 1289 1174 2578 1651 1786 2824 2683 1117 2545 2433 2623 2525 1752 2930 2595 2042 3289 882 2691 2286 1411 1319 3080 2331 529 1697 2799 1882 1077 1165 2567 2673 1156 1643 306 1286 3148 1799 2639 1925 346 104 2269 353 1122 3284 2205 811 2332 2354 1948 1085 0
0 2970 1895 2102 1546 2283 1196 219 152 3117 2184 1513 3091 3033 323 2232 2613 1340 1051 1509 366 832 925 1399 2442 1536 1320 2623 1647 989 2781 1900 2650 349 1761 262 3056 361 1997 2932 693 1363 2015 560 3260 763 2522 1271 1827 3340 1418 3254 360 422 2857 2305 2222 519 1806 2071 1026 693 773 1314 422 330 1148 2882 376 177 2471 1297 1556 148 3022 2298 2189 413 323 1771 2351 224 894 441 2902 1677 523 1092 2870 1572 1290 1533 1799 3169 2111 2173 679 2753 2366 3075 1805 3009 2991 1727 931 2216 1705 313 2738 717 215 763 308 2175 3160 886 3061 2539 1715 1957 1893 2204 144 2062 1032 3164 2825 1677 1394 1010 551 1610 1395 561 3170 1382 2573 2401 2823 2714 3173 330 1597 998 286 648 1299 1772 2270 157 2398 1463 3255 396 3244 1717 1835 961 2919 3145 2781 2221 1085 714 266 757 1497 1895 2252 625 482 2844 3000 1152 863 1784 668 1251 796 483 1966 3040 2693 151 2041 2382 625 1127 2681 503 3006 1708 1568 1828 2014 3151 2431 3003 913 1674 1241 1517 2882 557 2950 1585 657 2090 1700 1648 1184 665 307 2572 1278 3100 2676 3088 1984 3171 231 466 1338 630 990 995 1373 1290 2418 2926 1332 3016 458 1223 2477 517 305 1207 465 2553 630 1805 1609 1160 1457 2258 1456 2371 623 2332 654 1568 3235 3081 1533 2944 2356 1215 2830 955 373 2757 3038 878 0
0 1535 2257 1248 118 3013 2816 1570 2799 2827 1535 559 1034 291 1308 1995 2766 1096 753 2116 2455 3132 1929 801 1917 1803 340 1236 1682 1638 2242 1217 2086 2916 875 3390 2064 2391 2311 3128 1655 2324 964 507 395 1087 819 2196 2115 2952 1457 1484 910 2939 1722 1477 1765 1610 2656 535 1585 533 3309 1216 638 399 1787 1418 1550 1315 1953 2668 2005 3165 2595 2230 2164 1458 2548 865 3045 1514 1273 851 2368 941 2457 1314 1273 1476 458 579 3005 799 436 1239 2451 3048 3160 97 2631 2734 2598 896 1041 2126 1587 3341 2440 1685 2574 388 2411 791 2815 144 2598 1352 999 1848 3252 2565 2280 2322 3081 1560 1764 144 2650 1596 3109 1256 1679 2590 372 456 983 2619 1955 279 1467 1343 2206 1706 1010 188 1471 2387 1217 393 828 3112 1025 234 2150 109 2522 2513 1224 1602 2656 1534 662 2955 1885 308 876 2096 2559 2385 1345 2180 2723 2860 462 921 2533 668 207 1650 165 2613 2172 1235 820 3280 359 1528 2509 356 3358 1691 1449 427 1010 2051 774 1344 3205 2821 2536 1639 1990 2077 2296 2040 587 1498 1987 201 2979 1981 2379 2798 1543 3209 2677 2692 2163 1843 3334 2629 2748 1120 1388 1783 825 1224 1941 1731 198 1250 2890 2731 2314 1794 869 2287 1079 2145 1653 2170 1772 1302 786 258 2576 759 1007 3267 2711 238 2549 1550 2936 2059 2066 2991 2760 2646 159 1550 1698 0
0 3384 1652 1302 1894 474 3011 2440 2644 597 195 2379 1152 955 446 442 3191 2653 2193 327 880 1077 2193 1009 1405 3086 2417 1840 3128 2745 1643 918 221 2679 1463 1290 2446 2228 742 375 1259 873 2350 3001 2383 1288 687 1265 630 2708 1696 2235 1303 1319 2963 1450 143 2905 2027 914 197 3314 1354 1948 1053 1481 1055 597 2786 2389 195 1096 1960 774 1245 3290 918 1252 1955 2322 1391 1288 1315 648 3123 1603 2932 2140 1938 2279 3433 1690 2348 1887 288 1260 2824 466 2078 3090 322 2246 663 1499 1438 2711 366 2725 2278 2943 611 1014 993 2965 1614 1026 909 2939 929 2898 1797 2163 775 2624 1328 651 1984 106 2570 3263 514 531 2680 999 2001 1301 2803 2082 2639 2609 1315 2408 2098 2272 1758 2327 841 2561 415 2508 2596 2203 1666 1392 1339 312 1557 1362 273 2909 730 2444 2120 2318 2586 2174 590 2115 3259 2475 418 1024 2414 1631 402 1502 2165 1733 931 2276 3116 2841 1832 216 2907 483 2105 149 1821 698 2988 1559 1866 2911 1982 1051 2404 3115 3148 2944 726 909 1525 3331 1024 439 1912 133 1078 2059 1493 1924 2582 1296 1904 1215 2806 2034 1631 2158 2100 541 368 1415 1599 2242 2531 2798 1702 2725 2477 2343 1932 1402 435 2314 173 1877 2508 2559 764 2125 2423 3141 2575 1242 1135 625 3016 2871 491 445 456 1070 2892 319 643 2274 632 2168 1245 1231 0
0 1736 2818 1219 3223 1255 3086 2904 1112 932 1689 2292 349 2125 288 536 2168 451 3204 831 2986 2121 1117 906 853 1058 742 219 648 3236 195 413 1389 1692 1708 741 2359 1411 151 3173 872 2348 1939 2963 828 1393 2957 2678 2277 180 254 256 1077 2548 1530 502 2828 974 2544 2288 2698 1745 1226 3279 865 1439 1125 798 548 1724 336 2779 2378 142 3118 2727 412 1581 2153 2795 354 1300 181 556 3077 2109 1483 962 220 197 1251 377 1086 1217 2612 1294 1214 710 2055 2697 2417 1019 1107 592 2052 2679 3228 1084 1448 980 183 1338 1985 2975 850 1444 521 2856 330 946 2060 2241 717 2467 491 3217 1870 225 2901 886 1640 1861 2739 1565 2491 2594 2256 2825 1884 2495 1044 2544 1630 1415 104 2138 1613 1376 423 1244 838 620 489 103 2759 2416 393 761 2162 1982 1011 3013 329 670 2619 1633 1839 2637 2627 1532 1320 2962 1045 3299 2107 2894 696 2593 2487 530 1736 629 1929 1761 139 3176 1431 1647 2133 2283 2374 525 2685 3056 1590 1305 1131 1077 897 1814 333 1149 2013 2215 2104 3117 2833 2596 1374 3310 1690 3178 1569 681 358 458 3264 1855 654 2849 2407 2393 631 2375 2422 951 333 3226 1722 2865 594 2979 1795 869 308 2738 771 3043 3040 2224 2496 940 2371 1002 767 1363 2352 1082 2817 3246 1388 2566 2581 230 1546 3307 607 1717 3112 3322 3052 0
0 3039 1834 1583 1965 1513 2761 465 2865 1845 2330 1046 520 2617 395 167 1757 659 3125 776 1460 491 1715 1560 173 2529 490 2575 342 1117 2329 3273 1786 2554 774 1240 627 2629 890 2004 2774 680 2133 1553 1116 1655 2174 2991 3140 3150 2061 3156 2019 2662 1684 224 1314 2400 369 2721 1109 2284 200 1930 2837 2539 1344 1159 1873 2454 1670 2444 2992 169 1309 2902 1702 2392 524 1850 592 2856 2615 2522 2234 1335 104 2572 1057 2698 3131 382 1280 1438 1013 2594 577 259 2086 822 2442 3016 1232 884 463 2973 210 843 275 944 1796 1128 2039 1879 2345 444 2861 3055 2941 460 2501 952 214 2530 1470 256 1217 1730 1343 746 2385 1524 504 1882 1603 2837 1683 720 2150 2608 3216 2663 2357 2239 958 949 1629 1614 1326 639 3082 870 607 487 1642 376 2977 852 1572 2419 813 1767 1605 1647 1906 2485 743 253 2430 2688 858 1134 3084 2472 518 2062 1962 3181 502 621 1924 1735 2667 770 1017 1625 1056 2136 312 1306 2035 2982 2511 3034 715 1523 3042 2903 535 690 324 383 2450 1848 1939 927 3162 241 3244 1791 1793 1905 402 1086 2584 2351 1356 1007 731 324 1479 723 3254 1187 2965 1210 1989 3179 1951 1150 2215 2321 2804 3144 2499 1625 1389 760 995 153 596 885 2085 724 1684 2336 2651 390 2623 520 279 2161 2177 288 2580 1771 448 1449 1230 837 0
0 3205 472 1067 2848 1464 2341 2627 731 1064 1066 747 2114 2770 1889 691 1858 1490 1625 2697 568 461 2625 1519 982 142 335 2718 678 789 105 2104 1633 260 1155 633 2577 3285 1235 2419 134 2143 2870 1683 1567 1739 2217 1567 553 781 2004 2192 3053 660 2435 2875 2728 2293 201 1611 1162 2902 2083 3177 1069 1155 1228 1974 1684 189 285 1851 390 1264 2655 499 784 1154 2057 1416 3250 2069 1031 1961 929 1151 2193 3111 3181 409 1294 403 3169 1764 1347 456 258 1882 683 610 637 398 2061 475 642 273 827 853 1336 2050 1008 518 2301 935 1681 2467 875 150 1250 3178 2137 174 913 259 2288 2083 828 1998 3195 1067 321 2287 551 1497 2874 1797 2275 2761 345 2695 2462 354 731 1238 2700 2953 1356 1236 2299 1045 1733 2249 2778 2858 574 540 1606 1866 1509 736 1621 2129 856 372 649 2006 3257 925 124 2000 283 1472 1921 1741 2901 771 1597 3104 830 1484 780 3019 1828 1177 2552 230 1704 3137 3092 2468 2291 2604 1220 3059 1348 2419 1608 454 2608 2813 2997 2495 3201 2287 882 375 405 1112 3248 2994 1137 1929 1140 2264 2067 1898 436 3048 3068 521 2556 2237 1099 905 1894 3190 2257 2356 551 573 2526 3337 2381 125 1742 1585 1930 1671 2438 1194 3056 649 3266 165 1456 465 1507 2328 2924 1550 2055 1978 2873 2333 2483 2716 1593 2320 2673 0
0 1305 222 678 2701 723 3136 2851 3057 556 649 2144 918 2795 1886 2814 1984 2362 3002 2646 1543 1627 127 1506 1112 613 2688 657 2205 993 1161 2125 2762 1182 2524 3277 1861 2115 655 2758 474 2899 563 702 2354 2663 130 1357 889 2919 2550 2597 734 2932 1145 470 1286 892 2784 1056 198 2626 2783 2182 2737 734 2639 3050 282 878 958 3054 1799 411 1181 683 1156 1499 2352 594 2603 1479 1880 2738 550 636 311 2018 180 993 1998 3153 2609 1757 1486 3135 346 468 1309 683 104 449 1130 2211 816 2684 880 2353 762 2540 2564 1879 1835 1180 512 874 854 170 1813 1020 503 2778 1699 1401 2161 3204 2818 154 2232 1215 443 2812 334 1746 585 1091 436 1865 776 3222 3071 3218 1336 2939 1674 240 1414 1537 192 2765 2489 293 1991 384 266 2619 2085 1864 104 938 3252 2859 325 2739 2314 1984 506 2127 2662 1584 556 1103 1520 763 114 2675 1628 982 2958 881 711 124 2195 1606 922 243 942 3244 1585 1248 2439 725 732 1913 3166 254 2936 1831 770 1946 1918 2404 2177 814 2247 1513 887 139 2390 935 1024 3159 2167 1345 2337 2207 931 1987 845 972 1056 565 656 1535 1231 3260 2561 1674 2902 3153 1809 3047 318 1223 2190 1495 1289 263 2588 2784 1498 3078 2998 799 2436 2535 693 2745 2878 1151 1497 2993 2969 1951 2938 1424 770 705 0
0 1239 1114 1317 2498 2646 1272 1213 1790 2986 2321 916 2940 2810 2785 298 2672 1406 2970 3204 1279 927 1396 3202 2105 1859 616 1998 2260 510 374 1010 2783 735 744 250 544 2369 2584 478 1668 1289 796 3050 2319 2032 350 2031 2474 1730 2523 1778 582 917 1607 2811 2091 1271 2503 786 922 1416 2309 1403 2816 1494 238 2350 963 2586 3050 2635 927 2604 497 3174 210 552 2929 3246 439 1936 1554 2736 192 1934 2496 2061 1262 3254 358 1436 3082 1809 1620 2414 2300 1551 307 1036 805 163 3191 3185 1993 3204 904 1293 505 1637 2799 1633 1610 2601 2519 2376 3045 1730 145 936 1077 1477 1154 3075 1162 576 1595 1193 1041 284 1027 806 2348 1916 1435 2359 795 1730 2869 2309 3152 1376 504 1872 517 2049 3159 709 2585 1451 2659 2723 1490 2747 2070 2628 2315 2282 2142 1492 605 1824 380 304 700 903 1352 1822 3290 2172 1757 1492 1070 3209 3036 1921 3137 1425 2688 1198 2784 992 1927 1658 3180 375 2632 2954 2051 982 202 624 1713 1436 1824 303 1085 309 1229 2924 881 299 2889 2558 1941 1172 656 444 1659 2402 2792 1029 3063 3149 852 1834 3229 808 2538 2429 439 494 3169 2356 2166 1173 1978 1694 1503 1753 896 1761 247 1871 436 1433 1462 1474 1905 2070 2990 1128 238 1719 1465 1297 3026 1831 684 2092 369 369 1052 2142 1474 2518 539 0
0 550 857 2446 1035 2308 2193 1590 3244 859 1223 1648 1511 379 709 1088 2624 2665 1504 2430 1321 1043 2911 337 2258 1164 1530 1478 592 799 1457 2518 3308 1001 1074 1033 1207 1839 944 2197 1464 2384 374 563 1911 2430 1333 1831 1757 2622 562 1519 2175 207 2429 1684 920 2661 2188 3255 2867 731 1095 1396 2665 790 1672 2641 1524 2968 2068 961 709 2601 1104 1170 2775 1339 1708 108 1956 3031 1810 156 332 2097 530 3101 1791 2722 212 641 2875 1021 1465 2942 1348 1130 1120 3185 786 730 502 2079 2698 2858 930 2870 1323 213 2137 1792 3072 2158 152 3275 1021 3093 1120 785 384 618 975 1996 2918 369 220 1873 3303 1586 2002 600 293 1828 1432 199 2590 2988 767 2742 3311 998 1999 562 2702 611 2937 2787 3023 1502 737 353 117 438 2933 2243 3103 582 1422 1243 1605 1229 1680 3119 330 514 1540 1346 2971 2092 2704 1338 1322 529 2731 2675 1906 2403 1472 1195 2779 701 944 651 2907 1744 579 1979 999 1236 2503 939 528 2768 1201 997 1460 2280 2429 2312 2392 1709 2067 1018 2090 1541 1222 1731 2966 387 534 704 2388 2292 619 994 2362 3080 2285 1842 3222 1675 404 601 1785 1861 2975 1778 2583 781 161 1816 2276 2575 2123 1237 823 3319 1809 349 2666 2171 1255 763 843 1848 771 306 1174 2331 1922 1525 2155 672 1172 2754 0
0 1556 1283 269 696 2866 1318 2259 306 910 1757 3174 379 1473 322 1269 1461 869 2418 1199 2617 1821 3102 3283 3265 2847 2761 325 2213 1894 2981 1668 299 1364 3179 2490 1972 1678 1866 3329 2911 2291 528 2093 188 992 3195 3036 2147 2746 230 233 364 3265 361 1676 623 213 282 1241 2198 1108 163 560 1245 2204 1709 1193 497 1029 1462 1864 2337 2505 420 414 1349 1118 3103 1272 1630 3190 348 1585 1771 1650 281 332 1056 1572 869 1920 1581 2763 3212 1967 2258 2163 3025 141 2547 2256 1385 1170 263 509 1139 1180 1839 2048 2415 1631 321 1130 2889 2448 2807 717 2051 2988 2052 377 2278 2217 2285 2905 436 1816 1441 1732 348 2467 1452 2008 2100 2938 637 2513 1395 210 609 1273 1895 1143 1207 2620 522 2526 3014 911 1258 1639 2243 196 265 1083 2112 2456 968 2808 163 2622 1920 133 1924 3170 2366 468 2302 2184 677 500 1456 1976 2381 2885 1811 3228 3089 1955 2324 3322 811 628 2631 2015 2441 1346 687 3110 790 1403 460 767 138 3353 2682 1755 2589 1315 2389 2207 244 1084 321 829 2196 350 1129 663 2615 1021 1494 1235 485 2264 781 1356 2707 1910 2932 1075 3059 1406 1430 1368 2200 782 801 1239 357 2178 710 1898 2888 2308 1917 3132 403 793 3069 2211 2433 122 616 1913 3164 2471 390 3213 2565 260 1184 727 510 0
0 2468 2010 1818 1063 1929 447 1762 3196 2410 2535 405 1784 1683 1410 2493 1012 1033 2077 2187 798 816 1925 939 1683 1470 2897 484 2835 764 2252 1101 3382 336 1442 2092 3215 235 1532 987 1578 2634 2636 2909 192 1583 406 3041 1131 927 1688 2519 2369 707 2971 1616 588 159 207 2950 2337 3404 978 1308 313 1570 2428 1554 2292 1486 1410 2904 1641 3245 2726 344 1541 1036 2875 152 3156 2022 1520 2056 2308 1857 845 1545 642 3171 1622 3111 124 1875 1994 1522 592 1268 2759 1960 1327 2254 848 2970 1661 918 904 2473 3347 2839 148 1693 597 2150 2949 490 745 2232 1150 592 2863 1040 3033 2429 2046 1636 1796 3175 245 1352 1896 2483 1538 3085 993 3080 1255 701 510 327 1047 1666 427 1179 1903 2105 1444 3299 2276 1583 3024 1696 2389 1193 1178 333 1242 569 3125 2161 1372 1055 1169 2096 2979 3073 235 2802 1328 1921 1344 109 667 905 2796 1249 719 2029 2624 3171 263 1753 2959 1966 1666 309 230 2546 2078 760 910 2811 3017 1621 2267 2187 603 1724 276 1068 1957 727 2077 385 2435 1739 3211 1442 491 3252 1723 2454 149 3165 1956 2938 151 1375 2488 1703 2992 3041 1001 2632 3253 710 2478 2394 1891 751 2765 1187 698 1626 1332 1654 1801 2777 2992 1976 2585 2083 2124 942 1132 1728 1616 2995 2881 1474 2055 1444 1310 1865 0
0 1040 3010 2692 2598 567 2621 863 2745 3072 2572 675 823 1832 2025 2514 1173 2675 1763 2660 2431 2969 993 140 451 429 1240 2679 2784 2563 1942 332 3208 2099 2347 2356 1882 2499 325 1287 2667 1681 2562 2387 510 583 3089 3103 3375 2533 2523 1482 3143 1940 1613 1715 2263 1940 1164 1108 1542 3381 1435 2399 1169 1184 844 2046 2833 1728 2725 1998 2538 526 155 829 498 1973 1702 3097 2702 1458 1620 2418 2208 2576 643 198 2617 755 301 2284 1316 1418 2031 1533 413 402 138 1511 2955 1084 2497 487 1998 605 1194 2545 728 802 1389 358 2283 174 1578 140 598 1139 2253 729 621 2750 1501 2112 1493 586 2802 1193 676 773 2638 2227 781 346 2186 1808 1150 3222 530 624 1533 1335 2811 782 1515 2154 3372 118 1951 1936 2945 1437 341 2600 985 393 2861 404 2265 1500 1033 2190 847 2072 381 1266 2925 2001 1209 3135 1173 672 695 550 2633 1424 2120 860 2817 1566 2674 2755 1458 2059 1016 136 2015 210 1482 1996 2159 2945 1063 1263 2847 1575 656 2886 2552 448 2482 251 1035 2005 2963 2528 787 3007 2350 1701 392 969 995 2751 956 412 764 880 1168 338 2522 1686 2563 2507 1083 433 1802 1571 3013 1050 901 2534 490 2428 2413 2574 708 1573 2551 654 2570 1037 3304 3122 561 154 2008 401 2382 2646 2863 1923 1753 0
0 1232 3024 1008 1809 1061 1435 2847 2549 2261 1263 2983 1116 569 1889 534 1795 1904 1310 1688 2730 990 422 485 1597 885 3084 1764 309 1457 586 277 2370 922 355 150 1502 1625 2054 619 3265 1091 2184 2174 2097 336 2827 1757 190 3179 658 762 1683 270 1164 1310 2895 2654 1577 1088 122 2871 1464 3290 1740 3217 710 254 2353 689 1147 277 3117 806 686 1746 855 426 1630 1332 1469 1450 515 2504 2942 3110 1882 2170 1880 2332 544 2229 2180 1206 2698 323 1685 2349 518 1121 2913 1418 1513 2867 2034 507 1049 1017 1730 2786 561 1385 3101 2398 1781 1940 1408 1222 2588 717 1457 720 538 148 255 2214 227 840 312 2549 2176 1845 3270 655 1634 2145 2109 1024 504 2501 1060 2944 2421 1282 715 1306 1238 3081 1543 779 1063 2718 1898 1872 1778 1182 3104 313 1554 3138 2374 2324 2811 2587 625 1972 1540 2528 2957 2878 2058 488 784 158 3045 1824 1465 2465 1561 2357 3167 419 2471 2819 359 1798 2027 255 978 639 1230 730 1701 682 2176 2015 146 3204 728 1967 1907 865 2402 875 904 662 1884 1887 2173 129 2923 642 2041 2478 2087 2036 2017 2142 1190 1042 2109 1416 1665 2320 1714 255 981 2246 3284 3275 1711 367 785 2893 2456 2365 145 545 2047 2866 1945 249 1363 929 999 2857 1982 1308 1852 214 2133 108 0
0 2916 3240 613 2658 2223 2502 753 1825 2921 757 1153 522 1555 3188 2392 3232 1841 907 386 237 310 2497 768 129 2809 1413 1034 407 3096 523 3331 3251 584 1454 1101 1854 2082 3134 1189 1378 1388 3186 2218 2809 2371 2545 1568 2896 2774 1366 2116 1441 1904 3149 828 2702 2445 584 1892 900 1581 2393 2166 2519 891 127 3155 2263 1032 2768 145 2060 3119 2274 2202 2469 2239 139 3110 2310 1997 1365 2908 1795 551 652 1422 715 2794 521 2514 1522 183 2491 3017 1094 1241 1831 872 1106 2594 2660 829 105 152 2245 1770 2736 1107 613 2629 1350 2733 1641 1044 287 1695 493 941 316 1979 2677 2761 596 353 1957 1967 2827 2569 3108 1312 489 2575 1033 3097 2757 2718 2905 1738 484 2269 1896 2902 1072 109 176 942 667 1517 1733 2758 851 1039 667 2472 148 1890 2394 3091 400 317 1195 2453 3285 2519 2096 2056 661 1987 1547 3003 913 894 2641 1444 2241 1817 653 588 2318 3095 1421 1273 3047 2645 2554 1555 869 1868 3042 2992 424 3194 252 267 3098 1655 1816 1723 3212 1375 371 860 2113 2101 684 2130 620 2587 2358 443 1385 1845 2901 2574 2222 3103 2653 694 2225 745 1295 922 2290 797 2615 1056 801 1255 406 651 213 2211 2672 993 2881 2699 1385 1062 2172 576 3139 502 2812 1441 492 653 2420 3031 1350 0
0 2248 1155 1687 2564 241 1592 1825 1401 1566 1806 253 2667 1067 1809 2359 2339 1380 1883 1936 1624 812 1747 750 1704 2955 2923 1362 2947 2467 909 722 3133 3180 459 563 2310 2834 133 899 1376 3017 3315 1635 2347 2499 547 1506 3227 2404 1376 1424 627 3161 1845 1371 2729 2649 3347 1870 2718 2356 1039 1033 804 1181 400 1587 732 167 2218 1844 1349 3181 711 1911 2936 290 432 1464 1417 334 1465 651 1197 1600 2300 2194 1517 1214 3345 3068 2776 477 376 1146 860 2322 846 1366 2207 2332 933 1951 2422 1664 207 2769 2563 3148 602 2552 1083 764 2558 2455 1030 488 1983 1411 1061 358 172 1566 2335 2298 2310 3064 2848 1716 3252 681 2777 2373 2510 2412 1595 1600 415 2804 1473 1630 2981 1643 2782 854 973 2148 1221 1234 212 458 2391 1550 2543 773 1074 2613 1885 2089 2742 510 3021 3032 3154 2032 3018 1985 382 267 3079 2733 2249 2458 2063 1577 2681 1837 1024 1472 1600 2269 1911 1709 1652 1777 1507 110 1981 1794 289 2236 1854 1564 264 2979 1820 3262 616 848 3133 1091 1883 3126 380 2803 366 2192 1654 2976 134 2622 557 473 2701 2468 1940 316 304 403 607 1858 2145 680 2101 954 1034 739 2240 2293 3090 2798 153 262 445 2662 484 931 1468 953 1470 2643 571 1141 633 3097 1748 1518 1064 2951 0
0 455 1901 318 304 314 2285 171 1032 2821 1875 1807 1971 2736 3422 2676 2541 2470 2221 192 2107 1074 2135 1463 1101 3290 1366 3191 123 1213 2497 2953 3051 2485 1054 1596 1057 1929 3251 2218 473 2427 2030 2100 2346 1807 2881 3267 3135 164 690 1476 1412 2979 1033 335 479 2585 1368 2381 2266 1265 145 1990 2503 2233 991 2746 1761 1779 525 2644 2454 2055 1870 2982 1178 190 2445 1348 2423 330 2127 2077 601 3014 385 2130 417 801 3254 1841 2781 943 105 2523 2391 139 1736 2125 973 233 1422 1420 1837 164 2229 2567 1241 1357 1319 377 2240 106 1982 897 1254 178 1469 2580 843 2123 1276 1175 1947 2087 3233 511 2120 2649 679 1135 1767 2338 516 2358 2183 749 2544 2620 987 1042 988 2333 1554 2984 1696 2742 1043 1342 139 1154 793 2365 1424 1004 1120 439 2819 3074 217 710 2762 1923 811 302 779 2069 1714 1807 2000 2623 985 2100 618 3049 3336 1046 2866 1029 2583 2639 2716 2750 1492 1575 2419 2670 964 2828 1375 681 1197 2726 2436 346 484 1299 1588 254 1164 1767 1077 1435 1537 699 2368 778 731 490 3116 2128 925 769 2598 2932 116 3265 487 1324 3252 1365 1185 2199 529 232 1607 1531 2958 377 1593 2094 1579 1461 3092 2923 1622 303 208 851 2499 1825 865 2630 1900 2557 3023 2490 2239 0
0 2396 589 863 405 2477 3031 579 2158 973 1414 1242 943 1060 462 2156 1092 2685 1544 888 1822 144 3075 1920 2987 889 1473 2626 752 445 1293 2514 2491 1342 196 142 1074 156 1254 2459 2272 2554 2802 2552 2068 1779 1780 2717 506 506 2995 1949 1566 1795 2661 539 2613 821 1256 1659 3010 506 1990 1789 2873 1059 2121 1732 3060 2510 1258 1048 1539 1350 750 2568 609 600 3117 142 2425 777 1088 339 2857 1507 976 736 1935 1738 905 2388 1106 1808 2721 1912 2749 1143 2902 3219 2987 2114 1910 194 2620 817 480 396 3307 2216 3305 1986 918 3221 2528 1221 1592 1737 1038 393 166 1475 1816 1363 1637 919 2179 1946 1973 2240 3277 2823 3009 2074 495 401 2121 3026 3171 2101 1150 688 2943 2015 1830 2106 426 3253 2534 343 2444 3099 231 1563 3031 1515 2372 740 1817 613 831 669 1644 3139 2196 611 1239 2176 2901 2196 2400 678 1929 1016 1375 1576 742 3234 2774 1628 599 2235 2810 600 3088 319 1474 1580 1148 2276 146 363 1313 2592 278 2634 2246 3066 3057 236 1029 1515 472 2458 1278 680 1229 1320 243 470 2921 2581 1222 236 3314 1928 116 3211 163 821 1214 2882 3158 638 1020 2067 2687 1513 801 899 2565 988 2196 1459 764 1170 1797 2404 2616 2569 2442 190 1360 2809 1508 3002 2457 1161 0
0 1579 2594 1220 2972 1244 2217 1378 564 1963 400 1268 151 1837 665 1465 1129 2007 2472 1942 1628 1062 192 3099 704 999 1650 3176 488 426 1333 1341 1857 1603 201 1331 1567 1512 1240 2993 1400 1559 2823 1971 951 273 1262 2758 2920 2102 1769 2679 596 2637 1673 2629 1500 1648 588 2119 2809 1185 3029 260 754 2393 2746 1841 1715 1532 1990 1823 885 2738 647 153 1611 304 1040 2696 1845 1069 2501 1713 806 1912 822 2393 2110 3024 3128 3217 950 2436 407 2214 1814 1451 1406 760 837 1508 1168 1439 159 2049 828 106 2062 1652 999 200 2786 156 2481 695 1997 1429 1558 998 1610 352 1949 806 565 2122 969 1731 1196 489 1568 2249 1082 2474 1906 387 2044 1120 478 2014 3207 2917 2663 481 963 2896 2587 2857 3179 1887 421 2609 3039 2464 2380 2563 1739 443 1011 1320 1249 2447 2258 1721 2123 869 1349 2539 1598 1023 746 3013 3070 2865 1110 1950 3062 1563 3238 852 1739 1283 1732 1407 2207 1140 2541 1866 3233 1393 1997 1715 2304 2421 3016 943 782 1014 1545 2310 633 160 347 1199 1233 2746 2761 2361 1468 2671 2800 221 599 249 1829 2174 675 2927 1606 1150 1697 2654 1388 265 2476 2314 2913 2833 3364 226 1325 2273 132 3095 2370 497 1040 2781 319 1582 1633 2201 2460 739 766 658 1260 0
0 2914 3072 2413 1114 1501 2635 695 3179 2067 2214 2198 1058 3340 2241 2442 1404 238 655 198 2960 3175 1332 1177 144 1562 3298 2776 1655 376 2682 1648 674 3239 780 2113 2452 3178 260 2783 2893 1258 2550 1675 941 674 2572 1663 1616 3012 3227 2750 201 563 443 2226 1537 751 2442 1782 1590 3156 1173 2917 1456 689 402 1177 1467 2236 160 1580 3281 3273 2615 1667 858 1801 347 1585 2361 630 1287 1873 2479 247 376 206 1728 1828 624 614 3008 632 1344 3048 2299 1688 426 2360 366 286 2465 1482 3002 1807 2722 294 3256 1971 334 1943 492 2873 2749 3223 1888 2534 2556 109 2553 2350 2703 2741 1684 1617 1873 1620 810 2723 1676 1352 1511 105 1394 985 1483 1972 1092 831 868 2189 238 2950 471 898 2266 2139 3307 1533 1326 1728 1246 2474 3328 162 822 2879 3068 230 3203 3242 2689 2551 2454 2295 512 2588 1629 1901 492 2154 1650 1829 2488 2294 2275 1908 2423 992 1590 1848 1705 1459 1629 3210 2260 2274 189 143 244 2069 2269 3028 878 3055 2669 2991 2659 312 2611 3098 682 1499 1150 1402 219 2788 2054 2944 1216 1051 2433 987 789 350 515 1467 1008 2691 2243 1529 2443 415 549 1712 3036 818 3075 1676 2914 1318 1484 2224 591 1863 1260 2344 415 2433 3145 2890 2342 527 2166 2531 0
0 196 2228 2706 1434 276 2073 3124 1364 1066 2743 2410 3163 1505 423 1531 1791 2550 2127 1987 1701 333 512 1140 2428 1525 1099 805 1821 2793 1270 1955 1556 1344 2218 1825 1865 465 2403 2759 2524 451 986 1630 2431 946 1430 1012 885 423 3060 1982 515 2200 3007 1454 2874 3327 393 3257 2461 222 1494 807 3103 791 962 1791 1461 1836 3049 1441 2418 2665 1687 201 2649 967 2115 398 2181 2206 1971 1499 1665 1487 480 1414 1739 868 2232 1918 2095 2429 406 2423 2276 2398 696 1701 3178 2870 1734 2315 750 1873 1734 1109 2762 1696 2055 961 152 2162 1069 2435 337 2127 2455 1701 2482 1646 242 681 3040 3201 1399 3281 1260 2540 3230 2400 2407 473 402 2655 549 1852 872 3151 1882 2684 864 2118 956 160 707 2168 1426 1276 1066 260 3236 2189 1367 557 2791 3150 2605 2965 2546 1805 2092 247 573 1780 634 2922 1849 558 792 638 1418 1286 2011 3051 899 255 3105 1836 1406 1386 1927 3243 1542 3080 2417 289 2499 1990 3334 2561 2507 3380 2727 236 2778 746 497 2381 1683 1042 428 3037 2698 2495 2152 905 416 386 2938 1416 303 931 431 118 1940 2065 1934 761 1541 470 2700 3047 580 1492 1378 245 659 1896 424 253 1937 2800 2259 495 1049 2213 666 1235 1050 478 1980 962 1155 0
0 1301 1662 2920 2794 366 764 933 2983 3110 1307 472 2668 1414 165 1289 874 2511 750 3335 2797 1660 836 810 3276 1220 3094 400 2845 1868 3160 584 1860 865 1973 236 3016 2727 1145 417 1823 1444 2201 3108 1077 2198 1718 888 2631 3340 2391 1322 1448 2981 1707 2455 582 1004 2988 524 536 2551 1385 130 2082 2882 1908 699 1613 3311 1625 385 1354 420 444 1395 1613 3120 1879 1138 2761 1242 1025 2816 2826 1952 2478 2156 2393 2826 1747 2018 2983 725 2048 2621 152 960 3171 1509 2426 3176 1449 2700 1781 871 3257 3115 1522 348 2903 2901 1317 2084 3025 1455 396 605 573 2223 2530 1997 1571 2041 378 2905 789 2743 549 1160 235 795 2136 480 946 2947 3067 1676 1226 929 1963 2662 2681 2280 2160 2280 2915 979 954 2705 1129 1650 494 1030 1105 473 561 2724 1337 2234 204 2559 1611 488 2348 2255 2718 904 1179 2355 1691 2120 2691 1861 344 3177 2551 2694 3087 1403 2034 1929 1827 3187 2139 683 2462 1226 1583 572 2346 2599 2565 2308 811 1484 3258 2379 2058 2091 1626 2177 3195 755 1160 1191 2380 806 2815 1194 3282 1233 2780 3201 2389 394 852 1656 1623 527 3127 548 1526 712 3279 2448 2921 2640 1098 1028 3176 353 2660 107 1866 3170 2113 116 2105 3090 1682 559 522 438 0
0 97 3014 1444 2048 507 703 1624 2938 544 2280 3241 2694 2497 785 1999 1702 1823 3010 1874 3201 2880 735 1633 1397 2530 1585 819 1715 694 2103 1452 116 1156 180 2071 1561 389 643 2676 2537 1758 2947 2207 1124 793 2528 2907 1495 207 1497 2005 2899 1926 2645 3033 2725 360 128 2799 1075 3127 2082 2241 571 3075 3349 471 1289 876 2596 220 1292 2435 1640 1599 2206 633 619 2713 2008 1923 1491 465 2462 198 671 369 843 474 2673 150 346 1123 1739 2573 1941 694 603 233 862 2199 639 2709 937 268 771 550 2415 1028 2979 1012 3095 2674 3017 2490 585 1581 1952 491 2471 1870 1873 876 1440 2518 2069 347 796 2255 1851 1633 107 496 2004 3083 205 905 2880 2320 2617 252 1278 3131 2865 662 2393 3115 205 1377 902 346 2074 2277 3089 1212 2632 1922 1462 1711 381 2575 1856 210 2487 1294 988 2550 827 3273 1232 2923 2139 2973 1042 2247 679 1996 3298 863 2121 2339 2343 2706 344 484 3003 3248 2628 901 2571 448 2808 1214 837 2317 1690 1136 717 1714 2970 3038 2295 231 2352 1230 1508 1221 1300 978 2632 2688 1974 645 1653 1332 386 1228 2065 907 1642 3269 3306 3188 2822 902 324 2982 1068 2109 2788 2899 1412 510 3312 2380 2205 968 2480 2424 2247 679 1970 0
0 427 1983 1812 1100 1774 2785 848 2499 2424 1930 182 3138 2049 2442 689 1550 3031 664 260 1417 374 3087 1443 376 2676 2558 1317 2653 850 1690 823 1023 108 2754 1711 2999 1222 1392 1390 1550 170 295 2615 1659 429 237 2535 3013 435 1152 1495 550 2575 2835 2449 2701 642 392 527 2473 429 1420 670 2788 1165 2481 1906 2606 2822 2976 2445 1816 2608 853 159 190 2666 1972 3351 2565 2078 1501 1251 2918 2383 2513 611 2692 2485 1180 2536 946 3044 1035 3290 1941 2935 3205 553 1263 437 101 431 751 850 3014 1272 712 1562 2306 162 1937 446 1241 2435 2345 2422 944 2552 868 753 1359 2181 561 619 1655 898 460 832 1429 2643 2941 379 889 2305 2074 3290 594 1098 1534 1287 2143 3278 294 1147 2625 587 1855 1857 1117 3034 2164 2720 2933 2652 1205 3173 2098 2164 2591 2210 3003 3197 208 1829 617 543 1657 1127 393 1223 719 1997 1191 1674 2032 279 887 2754 113 3263 2318 1870 1903 662 598 2247 723 1491 3347 1086 1230 457 740 2488 491 1060 3170 1701 599 2237 2264 2843 454 2008 1129 2208 1517 175 731 3130 2570 2598 2306 1520 3075 3295 1354 1752 212 434 3205 2263 1194 2580 2097 367 1376 834 182 3133 384 2441 1103 1210 1086 1602 1498 3154 2897 462 0
0 2678 2984 291 1818 1987 1541 1350 2626 2690 2937 422 482 261 1242 2083 1784 1101 2138 840 982 2823 3304 980 1630 2173 454 1153 2603 528 1768 361 2180 3136 1705 530 2633 2990 2775 221 985 2144 1412 2766 115 3278 2075 913 2045 2275 1885 2504 3201 2125 2764 221 2729 2029 825 1788 1635 499 2009 1042 945 1619 399 704 770 756 1533 892 359 1962 2094 2217 1504 2598 973 1620 298 2883 2329 452 759 1390 486 214 2436 400 1153 2723 2324 3237 1904 591 2267 505 2069 645 1815 265 2316 279 2837 1123 2181 139 2119 2863 2069 2286 1181 1368 1600 925 297 1632 2451 1695 105 289 417 2495 2941 989 1935 2369 190 377 2044 3180 2551 2419 1970 2086 2649 968 3012 2937 2469 2485 169 3016 495 1032 1699 3137 1791 2964 2435 630 211 470 2709 467 3126 1915 619 781 1389 1961 3278 1899 2797 2162 2925 792 1487 2697 1587 2507 868 1664 1334 891 224 2650 2043 870 2611 908 714 404 3381 343 1850 2295 2007 1615 1179 764 462 1099 508 2639 2465 409 2348 1555 1353 3064 513 2309 428 3175 2975 1869 1262 1905 2366 2603 3167 1929 1507 527 1383 3038 746 1436 2500 708 2049 3282 512 959 1070 3016 3294 1960 1686 1937 565 2725 2824 1651 553 458 2150 2255 557 0
0 3241 252 1317 2009 2944 696 1732 3398 219 1750 2847 2967 2339 2786 1064 569 856 2691 2102 2216 737 2570 2391 517 2081 2593 2438 1986 3407 3022 2974 606 1003 1358 2837 796 1869 1928 232 456 196 101 754 2066 2337 2961 370 3178 688 2155 2865 1584 284 519 2686 709 3317 933 1970 328 1646 3147 3267 476 907 1347 2065 3051 2183 381 1884 1144 2536 1831 2151 2836 761 347 348 1305 2333 2509 1403 111 221 1569 398 2625 1961 2287 2796 3066 2091 3236 999 405 108 372 99 1084 951 2469 3340 417 317 743 1086 1893 1732 2105 2153 3018 2659 835 3423 2423 1881 2126 2449 2738 981 2711 1331 3137 815 928 2403 2719 2805 1740 2701 485 2411 2523 466 3278 1351 3045 1939 1665 527 742 2957 2016 241 1949 490 1347 2050 1870 736 116 107 700 2214 1454 141 275 2931 2697 1679 1710 2286 3138 1459 584 742 323 467 230 3337 835 291 2921 2262 2430 1849 2589 1840 973 501 3245 2827 1117 3313 2672 475 1816 2427 1114 1899 1163 338 1358 115 974 1796 3067 2784 1878 1363 2295 961 1902 836 3180 1935 2631 1703 3236 1641 2955 579 895 2338 521 1101 1235 117 1918 2247 2293 3239 1491 413 2182 2679 1098 2852 241 702 2087 1995 125 2906 327 2475 3004 2431 0
0 2914 1222 2261 2487 2633 2332 665 1649 2396 1723 3232 712 1936 861 1670 2377 2385 1694 1564 1917 2835 1014 1805 1582 1459 1743 1012 555 1212 1974 293 227 950 124 1268 1161 2160 2802 2010 1342 1570 3074 2046 123 2354 2214 2304 1259 600 2626 119 2968 1454 548 2638 2033 1612 730 3433 3249 298 2246 484 2485 385 1965 1935 1886 3049 638 2387 2797 2903 367 447 1749 1173 1758 1358 2597 1555 1963 3252 722 2103 2722 2049 490 709 1344 1612 1567 1767 991 3226 1505 2691 1624 1908 545 2399 530 424 2090 2491 588 3313 3317 203 3203 951 3182 1480 761 576 1664 2271 1936 522 2837 3209 1460 114 523 1123 917 3409 2056 472 1155 2307 1685 1950 908 2305 3172 439 131 369 1543 2879 980 379 3015 562 1859 2197 3080 2592 1642 1310 3020 1201 1021 2786 981 2593 3102 2989 1666 2663 1262 2824 1282 946 1353 3219 680 1763 2765 177 2318 515 2174 264 1174 1196 458 3258 2531 2046 276 1591 2118 3056 1394 528 1069 382 337 684 529 2381 1955 2245 1670 1429 1343 2106 1266 1905 1589 1526 1940 386 2466 2710 2328 902 1630 3074 2241 2124 695 3065 2437 1787 2806 1483 1662 3133 1142 2453 288 2164 1814 2013 668 170 1979 1986 2045 492 939 2769 507 890 1800 0
0 785 917 1536 258 2029 539 623 1697 1833 2307 1844 1884 677 3085 2483 446 2975 1333 150 3106 1828 2445 893 2314 1097 1763 3185 1835 137 1220 1397 514 2271 2185 839 2891 1516 963 479 1867 1650 202 368 1591 475 2160 193 2209 1253 582 1940 1313 880 1915 2136 412 146 2670 1290 2358 666 2091 1650 2741 2957 1378 1833 1826 2373 1704 1001 2096 960 392 425 1733 2254 2514 692 2293 574 1046 678 2808 1333 187 3100 376 2242 2544 2882 2264 1849 227 1350 2847 673 2941 733 1165 372 1728 1987 1609 1689 2120 496 2591 1640 490 304 901 876 2239 778 2996 1485 2058 1507 2922 1770 1591 2829 1936 2153 2149 319 2817 2349 865 3292 2524 746 2724 2010 2125 1176 1133 1259 2579 1817 2494 2092 1847 1242 2112 1395 2685 1599 1681 298 1852 1519 3098 2786 951 2114 2180 2883 1718 1801 3010 2346 3009 564 990 2226 1369 2496 1906 691 2431 897 2316 1247 1368 2807 3367 2909 184 2827 2891 1358 764 2747 291 3269 910 2195 3085 168 1157 1676 1672 2765 1055 2269 1320 177 2289 1906 135 2577 2929 3164 1136 1053 2474 2044 282 1412 987 1511 1553 2226 2288 1686 1676 2234 2432 1090 1458 1384 2603 673 1638 871 1356 1733 2262 1264 445 1930 2771 354 2852 2571 0
0 2891 1701 1390 880 1027 2026 1809 2459 2924 2262 2793 568 2640 663 1146 1038 1314 639 896 3153 1268 1579 380 1866 3014 3018 1124 3220 1131 954 1283 1638 1910 3264 904 803 1181 2304 2479 1561 2994 1489 2062 683 1960 1281 1845 737 2619 1090 1385 1872 766 2672 1389 1559 1365 1659 1273 1332 956 1965 297 946 3133 139 1934 1524 1842 2519 2102 2344 1377 1595 2328 3039 1641 1805 3292 574 136 2426 2634 2208 2817 2655 2901 1315 1901 1574 2631 1716 3347 1279 640 1095 163 3195 2831 1859 2588 392 995 2173 1197 1236 591 2467 2492 1658 1980 1689 1663 2763 162 589 1406 1404 302 604 484 2699 2887 2378 3139 472 1216 209 994 1336 2935 577 2296 404 1279 3070 1593 546 1109 1641 1018 503 936 2469 2968 3151 2161 528 3317 171 1817 1994 2981 1234 288 2061 871 703 1324 827 2245 2539 466 1293 1970 1500 2827 216 1636 434 2251 950 389 1904 2873 2095 737 2537 2896 3278 461 780 2205 2938 1697 3114 866 3228 2259 1376 1124 3107 1356 2503 1587 657 2156 2868 587 291 2528 2131 984 3023 1212 981 1707 1171 1692 1473 1345 1659 1095 198 2530 398 365 774 1723 1017 2896 2904 103 355 1433 1374 2895 3329 2469 1197 3358 3116 886 1588 786 1679 0
0 2742 1911 813 1396 2948 530 927 2187 2871 2145 131 3302 1274 385 1561 1307 2793 792 1935 883 709 458 1926 200 1766 2008 600 1467 355 2853 1673 2734 2934 576 3181 2149 2978 2977 3245 1252 1355 289 2011 2561 2797 2207 1303 2938 1873 1932 1310 948 1025 930 1281 2207 2107 728 1770 1011 3201 2769 2010 2035 560 2806 2457 2835 2623 2709 399 2077 2989 782 1727 543 1729 1561 642 1682 829 3004 1785 593 1740 2847 623 2086 2519 909 2242 2525 116 2262 144 1875 463 2108 2060 2206 2033 561 2398 2572 1587 1386 121 357 1361 2953 2560 585 2171 163 2378 2341 3056 330 2367 3049 2282 387 2491 1817 2603 3275 2064 851 2773 3163 2219 1803 2920 1673 3163 2408 2798 2660 2234 475 1671 328 2870 1754 1591 605 302 3362 1957 3160 850 231 1879 1199 3328 1623 262 695 2000 1678 2631 2644 856 1539 814 2961 3109 633 406 3229 1752 2668 217 2095 330 866 748 796 2460 937 1886 946 1010 1814 1168 2016 3217 602 1792 350 1059 2177 619 738 1095 1210 2768 356 1007 798 799 2948 2875 2044 324 1508 2229 3047 3011 1315 3007 2832 422 3269 1893 626 1762 1212 427 896 3098 2697 1017 2226 1061 2866 965 2723 981 2447 1406 2552 1893 1650 196 0
0 1306 2186 413 3114 2060 190 3031 527 2647 1607 686 682 2172 2671 2819 414 3168 2299 3218 348 850 847 3239 732 2610 1544 1129 662 1961 594 3064 2036 2020 1772 2680 1688 2965 699 959 2963 2938 640 1707 1629 2261 427 665 484 1762 3239 1432 1726 673 3254 387 578 2399 3029 508 634 1235 1259 703 2153 1985 1961 1895 2663 141 1201 738 2648 305 337 706 2360 1233 412 1783 1150 940 732 2236 957 1279 197 318 2265 286 991 2518 3277 2300 396 616 671 2116 1720 3065 2508 1747 1428 423 2630 2451 2085 1528 2578 1373 162 1439 950 1305 1477 1786 589 1092 3063 2965 632 588 2955 1302 1305 861 2737 2486 2055 3014 2155 376 1734 2737 1423 2655 1671 2423 1793 574 2459 1893 3166 2839 2342 2936 594 892 901 1800 128 1680 2312 1966 2530 837 2106 199 2429 742 1852 2916 1651 2877 2481 3104 1829 1520 3089 2153 224 304 1501 1374 631 2033 722 2301 1172 547 343 2015 1699 288 3007 637 1313 3065 339 2717 2734 1576 103 3082 852 1642 361 495 610 2476 3177 2343 1008 916 563 2030 2359 3222 274 2605 215 1866 1171 851 495 3180 178 324 3025 1851 1859 896 108 2584 1560 747 301 1684 644 1051 1733 2416 1746 1972 2688 0
0 3047 862 3093 3089 513 265 2940 3075 1512 958 2650 2612 2713 981 1655 2183 2699 1976 2768 2344 2469 1665 1436 3056 630 790 1500 1384 992 3138 2350 2557 289 2433 172 2542 639 2093 352 562 1278 2399 3346 721 299 1016 996 2878 2816 1767 1821 3141 1333 403 991 1494 1537 3131 2734 1869 917 484 2189 465 1906 134 1208 2356 882 1161 1632 681 589 1140 3283 2155 551 885 1789 2942 1869 1867 1882 1383 276 1439 1272 2102 1612 802 1167 716 2816 1734 1844 949 341 1791 2054 259 2072 1868 2165 489 160 1244 2559 2284 457 2238 3221 777 330 1919 2114 2306 1840 2896 2263 2614 2147 1297 894 2247 165 1011 1139 2130 1482 2377 1891 901 2051 481 3161 135 3010 397 1347 2342 1017 1058 1718 2809 947 2521 2636 3090 1739 2676 1222 2888 1557 1664 1431 2899 3083 3299 424 2406 173 522 3128 225 2487 1147 863 3237 2128 915 1607 390 1659 3235 493 3264 2916 1477 253 3101 617 248 2525 1970 3338 1270 1462 502 2283 2432 2333 3028 3253 1068 1138 645 128 402 2489 1917 1729 2727 1034 3018 1213 3014 3385 1634 3207 334 3246 1775 1895 2733 761 2045 176 1117 250 124 1903 470 854 1968 1924 687 398 2727 1125 3039 2032 1428 2257 0
0 1335 1231 2456 2758 2957 2459 1266 3182 2606 1002 2476 668 1164 2662 410 1188 538 2268 242 1261 2250 200 735 1185 1244 2771 2756 2693 2696 2324 1507 719 2763 2439 310 2871 2889 728 295 3117 2128 2026 3327 2042 1656 170 2826 1035 2389 2127 2747 3184 153 1182 1561 1316 2573 265 475 371 2985 723 571 403 2656 647 3362 924 1332 866 1639 3070 986 332 1313 320 2310 856 2722 3192 2149 661 2459 2679 2819 642 671 1584 2979 2317 2313 1533 2388 2056 350 329 1520 3059 2648 3243 2176 848 1863 1641 584 2901 1040 3105 2015 1307 1157 705 775 547 471 1276 473 3284 3008 1007 3249 1779 3238 1130 606 2230 797 1036 2135 3079 2171 1498 1460 1694 3186 171 926 874 2204 2096 1837 2849 1761 1856 130 656 855 791 521 1201 3224 431 153 1772 3381 534 964 2782 3175 456 2215 2142 3182 1154 2611 3027 2617 1195 2841 423 2416 2917 1124 3015 1393 2542 2220 1418 1147 3289 1532 2098 625 1029 3186 601 1423 1822 618 2747 2562 1370 3000 730 3223 2982 1974 657 1510 443 287 1799 1379 219 891 2386 1440 2506 2482 2895 471 1637 1783 3246 1091 146 1632 2170 1259 841 521 2770 2710 140 3239 1193 2086 2625 3124 1680 689 1605 0
0 2722 1939 1865 2963 2432 2306 2987 2394 2218 2632 1019 1171 929 1645 3040 1769 3077 248 3173 2737 699 2060 2860 1239 1338 286 1890 2470 1084 1504 2988 2326 2120 2854 1126 330 2587 2567 2448 1978 432 522 1532 323 1843 1121 1208 2747 2402 861 158 1610 946 2221 292 843 2332 629 1734 1264 565 574 359 2817 1785 1976 2300 1326 2707 1585 2401 659 3200 3111 1294 2354 2635 2633 2726 2320 1185 2291 2300 265 1448 1483 316 3149 1518 438 1252 926 2939 101 1599 3188 260 1973 695 1935 2061 3311 2331 847 557 1636 535 3046 3165 1272 366 1814 1155 2688 2164 312 469 189 399 356 621 1336 3089 2377 433 1664 3149 3287 505 1406 2258 713 863 2886 2418 1225 227 1514 3000 2016 3173 2493 2203 2530 181 1564 3220 2420 3126 1442 1603 165 558 452 1480 2723 242 2035 531 2272 1885 590 1522 718 2284 1794 1146 335 283 1065 199 1176 2555 599 2582 211 2426 2764 2242 1065 686 756 2105 2363 3030 2154 278 513 458 1827 3093 300 1052 2849 177 2619 3100 1596 232 548 481 1758 2213 2351 127 581 2954 3283 3105 204 501 809 3145 1628 532 3271 1787 2500 937 2328 1588 2694 1964 670 3239 2084 189 2940 2620 3328 426 0
0 1460 662 672 1103 1789 1929 1274 2607 2428 2478 595 348 1333 2462 2609 2736 2446 224 930 755 2860 1126 2261 3111 1820 511 1205 1373 506 119 2852 2052 3101 2872 2566 2521 3116 1645 1502 2014 161 1625 3108 1339 2342 1793 2646 860 1596 2799 2693 2370 2564 1862 227 403 1759 932 2557 261 858 3242 2212 2403 2946 703 558 1771 3109 134 1820 3002 839 1096 671 1262 136 3049 2960 176 1299 440 1907 3012 2873 2363 2895 195 1577 1156 2833 2210 2274 1388 1213 2328 2712 815 633 1657 156 821 3002 427 3135 2811 1752 328 114 2211 2321 879 153 1317 1120 2605 206 1261 1830 2612 3106 2587 299 937 500 2794 2916 2722 3077 1559 701 1446 1318 1348 2137 537 2798 1592 2080 2092 838 1541 191 1495 2024 1037 1102 3053 2360 814 2245 377 1215 1374 679 937 2635 2207 3291 420 2288 1040 2524 1758 469 3127 2819 990 2507 688 3112 1894 2588 2978 1791 1712 2429 900 2307 1661 711 2894 2571 1292 1557 416 315 3178 727 1285 3341 616 481 1645 1939 1928 2279 542 1175 1065 1436 186 816 650 958 425 1075 1572 1801 2313 1743 1919 2094 551 1929 2519 631 184 2369 146 2997 2917 349 1226 780 2665 392 3080 3158 1981 0
0 817 3100 1268 269 618 1105 2074 431 1229 1464 951 440 1703 2744 271 647 3294 1934 1635 286 1066 1457 3232 289 1872 2017 2838 3182 450 2189 205 488 3041 2774 3239 2218 938 412 1343 1446 1897 3053 1336 836 940 1387 722 560 2556 957 2529 3230 1713 666 625 2643 1921 3103 1776 774 1546 985 2147 1189 1378 557 2712 2236 1886 1456 1804 1729 672 154 1685 156 214 2426 2731 2553 1348 1181 633 2708 1799 2334 2049 2596 1153 531 2311 3208 1907 2711 2100 3163 2998 2270 2746 466 833 1805 1956 172 1312 861 2729 502 2225 2620 2525 1664 2622 1296 2757 451 471 2649 1536 1210 660 328 1185 263 2338 763 3038 1312 210 791 394 3246 2951 2333 688 2805 1331 2521 416 1003 3010 1656 351 708 1243 2909 684 2818 3280 1704 2602 2529 2934 1664 1924 608 769 707 1055 648 3131 341 2436 384 2356 1466 2005 408 2718 3323 1241 1161 2373 2745 387 2299 3317 2660 2259 1701 200 388 129 1734 1490 3189 517 1464 448 173 982 738 498 3144 1170 1534 1299 2147 551 3082 963 2315 2131 152 2686 409 2390 2266 205 1769 648 343 1756 2716 2706 1748 2389 757 2150 1315 1010 581 3325 2650 1232 2643 2884 2643 1685 0
0 1072 3193 2168 2562 877 1084 367 3294 1257 3203 2886 374 205 823 2852 745 2344 1188 589 1608 1301 663 3183 2677 2233 2425 1303 2783 1106 2219 848 3121 772 2459 811 2690 358 2577 709 461 1330 2400 1643 1152 442 2836 2505 2516 3209 2546 408 653 2080 2087 1804 2571 192 1714 420 524 1900 951 2331 2352 2478 3215 2870 998 2193 2254 2452 1935 2560 2268 375 2326 2273 990 1072 1542 2107 2109 1725 1778 676 2308 3101 1975 2988 367 2546 1948 2219 2318 1788 2670 2281 2470 2042 526 3226 1742 2490 2929 2222 601 206 3206 712 1627 403 2522 754 1036 1721 1955 1359 2613 681 199 2219 3036 221 1846 2915 735 3098 374 491 1038 2178 2892 2328 629 1564 550 2906 2055 1701 185 1067 3331 1341 214 2080 187 104 3231 721 2002 187 3001 1997 733 439 2377 389 645 130 451 2872 3154 1583 1789 1540 693 2283 2271 2670 1270 2335 2651 3119 2746 2367 1102 1811 2137 2002 2882 715 3058 1845 1779 2984 2531 3059 463 2407 1450 2358 1149 804 200 2758 3366 1717 1700 1847 1483 3154 3329 2803 2734 1839 821 2002 1492 1666 1522 581 391 2018 515 2991 3087 1452 3184 2065 2368 3003 1907 3259 1365 1114 1263 1971 1801 0
0 1219 2690 216 341 2570 2919 2830 2447 1172 3157 2317 660 1721 2143 3149 1014 868 2478 388 455 1854 774 799 3011 1633 791 144 126 1472 582 2681 1012 2321 491 2630 2113 2489 142 1516 2831 286 2509 2460 3327 1862 1775 139 2006 2260 2505 322 898 534 1471 294 535 1942 572 779 1900 1856 1676 3176 2697 2529 261 491 1282 1658 1031 628 827 3007 2830 2261 2624 513 804 3120 3220 2770 273 1216 2220 367 1904 561 2960 2304 2081 299 2067 1492 2895 1106 1890 1546 3023 813 590 254 2167 454 1289 1972 2826 3285 3031 2446 1025 2184 3145 2664 2977 1304 495 601 978 2394 2756 2920 2791 1113 2764 831 1873 1505 171 1901 538 3017 841 2146 2682 3113 765 3192 3233 2436 870 890 3021 680 243 2104 2381 2587 738 689 693 244 2797 634 189 917 764 3101 2846 2611 139 274 2985 1209 1982 1156 291 1252 106 3168 592 2675 705 609 529 1883 2166 1051 988 2967 612 1409 836 1610 1272 2454 2589 303 1970 1978 1310 2939 300 2736 2484 2791 1079 637 2048 2386 1865 1309 2621 2946 180 131 2833 1006 2222 1572 848 1874 2198 2101 2143 873 2635 448 3293 1748 707 3227 2476 1509 808 2995 2547 1335 0
0 1100 959 1729 2345 751 1113 2662 2076 3197 398 3149 1738 503 1380 617 3094 2795 864 298 2683 1710 2168 2818 684 2537 1769 1942 977 1169 2220 525 3048 1567 840 3362 2743 2441 1658 383 1063 1650 861 2722 2207 2173 2123 2387 874 1925 389 249 2184 1147 806 1899 1132 324 3038 1951 2269 2539 602 1001 3120 3083 2437 314 2937 208 3220 874 3250 2569 2492 1122 950 2659 707 1762 514 1519 3058 2331 2952 912 1693 1906 855 1200 2283 1306 1452 2835 1340 1903 3143 2120 1783 2313 1795 1785 2755 2758 796 1705 2389 1734 1977 1826 3124 580 2954 299 1590 896 1593 405 156 2395 1633 646 1595 686 1202 897 1564 404 1356 755 3286 1002 2993 570 2141 820 2083 403 1608 1353 696 2086 2167 1183 234 641 1746 104 259 562 2439 1762 1935 2678 734 173 2369 939 579 2092 2307 2131 449 1263 665 2144 892 1293 351 2847 2024 1248 2044 895 620 1742 1857 2651 2648 662 2472 1550 2266 906 398 486 2321 418 3159 2020 1666 3235 2023 1757 2477 1932 1764 2944 2683 1378 1916 2639 1936 572 602 1305 2968 3192 1025 1134 1649 1966 486 3151 2960 791 1911 2823 1013 298 3115 547 285 1686 1411 979 1361 0
0 1773 1976 2141 1038 2056 1357 898 3226 1890 1768 2376 1234 831 1232 1570 2160 478 1841 2787 883 2040 1772 2097 2193 1981 2431 396 1491 1293 342 2449 2996 3324 2687 401 1231 1108 2762 1974 1314 1262 1940 2232 195 2566 1987 1584 847 1139 1504 1255 1670 1381 2677 541 159 3090 129 1142 3053 1066 1524 1971 416 1379 2822 1249 1566 2986 2538 3261 3007 1988 560 1778 2245 2653 2180 1738 225 915 1734 453 1886 2344 1003 507 2710 985 323 1420 1068 1753 2396 337 3054 3256 835 923 3019 723 208 1168 760 1602 376 1744 873 2962 1591 759 3115 480 992 976 1520 1267 2235 1364 508 1243 1901 2688 2673 3211 2240 1427 2935 2357 2141 1115 860 111 2059 2826 2858 578 1847 375 904 1363 2853 1879 2708 2950 1592 2765 830 1454 2102 1763 1200 2777 2647 1921 2122 838 576 2913 2684 2309 2110 1828 983 2647 1972 1948 1687 1487 270 996 1563 1922 2522 2366 1580 2157 2148 3111 1761 1580 2805 1522 2439 390 3178 1417 2926 314 774 2101 107 2262 950 800 2578 3356 1039 2225 2940 1762 1095 2637 161 1132 2487 1435 2404 279 2414 2129 869 2803 3362 108 1671 646 1495 2731 2835 722 2374 1441 2916 1480 0
0 2645 1102 1935 1963 439 3386 2056 227 117 603 195 1499 1332 127 691 1204 2687 3359 722 1391 2726 1163 3002 1168 2077 1814 1620 2702 2335 2751 2994 1891 869 237 3103 483 500 1553 2119 2257 951 2640 3321 2835 452 1283 2358 1515 1046 1573 2973 369 2299 186 492 1518 260 2790 3068 747 1756 2528 1091 774 925 1584 2747 1240 318 2363 821 3236 1290 665 2517 2262 3183 230 813 2851 2950 2263 1813 2918 2931 1490 1768 807 1929 1575 312 2990 593 285 583 1657 1566 1483 833 2131 1808 3263 1290 798 2872 1932 2428 499 2916 1645 461 138 2107 2453 1162 1662 879 413 1018 2722 3077 2173 2633 2008 2091 3268 2820 3062 172 1036 685 762 1504 804 1164 1877 3059 3131 3326 1218 1280 224 3238 344 132 2275 1008 262 2370 1170 877 144 463 1386 1213 1891 627 2721 837 2009 1240 2551 451 2010 3130 1822 785 207 1321 2562 1772 2968 490 3127 394 1825 2230 1217 814 1966 2272 1421 805 2321 2286 2707 408 221 3039 1497 1294 624 1284 210 2082 2002 3150 3176 2677 1671 1674 878 1067 3187 2664 3202 2930 610 1083 2564 2928 1505 743 1019 2953 3006 686 256 3087 513 1525 636 570 3216 0
0 149 1868 385 1140 532 910 1179 1917 2482 372 1489 2516 1031 3101 2397 3029 3138 1219 369 720 1889 3182 2411 2591 1174 302 1778 210 1057 207 1117 428 1182 1736 1450 1490 2649 2732 2691 748 664 1783 389 787 1620 2704 2970 583 2840 793 1660 1486 306 1453 1648 2405 1551 3294 2118 2389 2470 1062 2979 2383 1351 3156 1469 2597 523 3045 436 2518 1927 1813 147 2358 1756 1642 1096 565 661 147 2534 332 1850 2998 225 1927 2188 1215 3243 1723 2700 2390 1566 1728 2006 1296 1545 552 1384 453 158 3336 446 1325 1786 669 1342 1596 713 3325 2150 519 1821 1218 1724 2887 681 1695 3120 1686 2559 1413 3203 953 1862 1510 276 538 416 489 2269 2733 1377 2239 3425 1577 2115 2668 3181 1770 2656 693 611 3254 2821 2268 715 2521 130 2555 2787 3191 2741 1812 1163 2038 2101 2750 1664 403 2464 936 1251 2314 3088 1649 1319 2727 1215 2253 2933 204 592 299 2211 1975 2945 3225 1394 2874 851 1061 2616 1273 2959 2502 2006 2932 1286 177 2623 2502 1061 3019 2505 787 1603 1518 2358 3216 3240 3156 1402 1122 1615 2681 1503 2502 2881 2395 2385 2363 1511 879 1704 1583 1644 104 2659 2839 1829 0
0 1640 3217 2904 2575 1214 937 1091 1587 2660 1452 2841 280 2929 3008 2966 1539 1714 473 1097 2638 3357 2148 1007 2487 1174 323 222 3041 2404 1576 1063 1718 1610 376 1768 320 383 2404 382 2687 471 1423 2021 2981 1502 130 3337 1994 1941 207 555 2120 1859 2314 1859 1671 2221 2484 279 997 865 172 1282 3226 2539 208 840 1500 1296 2839 101 2614 2298 544 2269 1864 2275 129 3169 3135 2351 289 1334 2300 1110 2097 3252 2555 1809 2158 225 1113 1142 1522 1983 2458 2249 2098 620 223 2597 653 919 2484 2211 1274 2049 214 203 3237 2756 1085 2730 2507 1880 2717 2252 2306 2185 2638 302 1614 3001 1216 1465 2325 355 2946 1901 2030 1790 256 2784 1912 686 675 2600 2041 2225 1975 114 1932 2314 1917 2864 1333 644 867 2914 1400 2488 2137 2026 189 3275 3102 946 1900 3071 3324 1016 2484 434 313 406 2492 1556 2980 1862 223 2157 155 171 2344 2458 499 2651 1225 1635 2290 587 1630 2107 648 1768 1842 306 1525 853 851 1848 895 1137 1029 993 885 443 986 451 329 3103 3033 2331 1637 1365 2359 1992 2995 942 1647 2665 3035 316 908 1689 1594 2534 3086 673 742 1177 2185 0
0 1052 1679 1440 2338 1248 1451 1818 2162 512 3020 274 1389 804 1443 696 1429 2752 3033 581 733 2465 324 2239 2688 2384 1574 1631 1650 679 2573 3000 1275 3172 1018 1377 3198 3346 2149 899 1636 1317 2678 1193 171 2111 1711 942 214 778 1749 1256 956 729 1465 1837 2828 1715 1908 2099 1843 1987 245 1604 168 3184 2326 1658 2042 2244 2780 346 2638 1127 2164 1555 1863 1354 2059 2629 732 741 1541 3023 1036 1335 966 644 1681 1280 641 511 1373 137 2376 3129 1173 3288 1087 2226 3120 162 2239 119 1303 328 684 2037 664 3235 2173 1644 2849 1453 1525 1188 2621 533 2682 2158 1221 557 3187 2881 1721 1204 2145 2709 2089 2486 2519 1922 322 1963 1640 2833 652 1463 1735 867 2709 2199 2217 1773 1266 2335 885 2157 847 3330 2511 741 663 1096 1206 2772 226 1535 1767 2217 1451 1280 3360 1548 2800 410 1433 3031 1874 2040 2702 3288 2071 1896 1505 2248 588 1565 583 1591 424 2194 2034 958 1972 1967 1305 1345 842 2197 2515 1347 3078 1658 2774 1636 2277 2590 1169 933 2958 2988 265 2070 629 1422 1883 825 2963 2172 1092 2031 1001 2237 1941 1289 2734 1190 2900 945 2398 2273 0
0 3010 1546 1542 321 2546 2438 3191 3327 3331 2484 2909 1840 2629 954 3299 470 2720 2093 2635 1745 763 3189 771 365 863 3135 370 2284 3185 3236 260 666 3007 2800 513 2623 2417 1212 2686 1597 1828 2200 3179 1560 199 2596 1416 2456 2686 2898 2376 1003 2018 523 1710 1870 929 110 1560 1656 2344 1070 2197 190 2441 1230 1147 3071 517 2673 1359 468 2751 1112 2028 1782 182 1389 268 497 1750 3223 2799 413 3001 1451 822 2500 1345 1947 1847 1205 1739 3149 2553 893 2267 1886 1257 1075 1497 547 2075 2192 1680 1971 1468 1004 617 2119 732 1716 3257 1267 3265 1221 1572 1820 466 1071 551 1936 678 2018 1046 2261 1990 2923 1786 1244 1613 390 2212 1344 2233 138 1187 2834 965 1207 3249 3139 818 2491 102 152 1409 647 2107 350 2699 575 1520 298 647 1710 3253 2248 1265 1534 2064 782 2577 2682 2614 419 1693 1914 2293 3116 2213 854 3019 1423 1117 730 1236 1503 811 3047 983 342 2923 378 1955 1160 977 2044 2728 2548 284 1066 1735 2781 1251 1442 2784 317 2121 3109 646 1583 1634 2199 343 809 824 2277 2433 3301 631 618 1563 351 2509 1777 1150 2249 842 1493 0
0 2848 1194 1743 1787 1200 2432 2319 260 3019 129 3017 1543 1150 2475 2667 1998 796 2170 3326 447 844 1759 2989 2154 1815 2783 292 249 2764 2425 2734 2730 713 325 1042 512 2060 2575 2407 507 581 2181 2802 1987 848 1236 2618 1160 3170 1948 423 163 2957 1141 2944 129 380 1820 118 1634 1048 2225 789 2854 2764 2398 896 847 372 1127 2211 422 1875 2838 2007 1936 2256 3060 1363 2714 2335 2495 338 3010 2061 2555 3294 2960 2762 987 2316 298 2412 900 2712 450 253 2083 1357 606 420 1866 3045 1017 3029 2215 489 2189 1261 3077 3177 2761 499 2847 1425 2022 2030 1168 2812 2284 1349 193 264 2583 1052 1899 1201 977 235 1635 1857 2278 717 2904 2399 575 1670 1496 3195 2099 2199 3130 564 1920 3122 3000 1865 1899 1549 2932 1649 2426 1543 2358 2579 2273 536 403 106 3258 1076 1630 2042 2962 1245 2966 892 864 401 1014 2530 651 176 804 272 322 1821 1680 2729 1389 126 1464 1557 2693 3230 1642 884 1760 2581 2201 2195 1264 1475 1936 1128 2651 3270 959 734 2304 1006 3178 458 664 557 3096 1161 795 1000 1222 2698 2185 2887 862 3397 1833 233 2697 2978 0
0 2310 1313 481 1571 1015 130 1324 1498 1887 2915 2440 893 3093 608 511 2203 3140 986 1058 2091 588 2208 820 1465 1646 127 446 2765 869 1555 2521 650 1297 1083 2073 1750 2910 2220 2876 2531 1876 1808 1064 177 872 1896 1242 2544 432 1095 766 1398 1707 2881 1287 2158 584 2210 2092 3040 1813 757 2729 412 502 1774 1673 2150 605 865 1571 3052 1276 608 327 882 1242 2863 2649 2966 1027 1255 2493 3128 2926 3280 1029 515 3138 2026 151 647 307 2136 3006 137 2423 780 1896 2389 2376 2414 1962 1746 1710 3153 209 3325 2649 2602 1050 3115 1688 2393 1998 672 1616 2922 2846 515 2852 141 1134 654 2809 965 2743 2378 1068 2265 631 2642 3135 454 2861 1988 2594 747 297 3139 3159 1056 1109 2636 1112 335 1092 1230 192 2372 1791 2715 1242 1458 1514 1169 199 281 1007 864 415 1046 2350 2538 860 650 2189 1423 1816 2297 1386 3080 1610 3146 641 808 2280 1771 2855 2590 3136 1664 2341 851 667 1153 1412 1851 2175 556 1857 1191 1905 2658 1572 1035 2012 765 797 2617 364 1844 1675 104 935 868 1294 293 878 2939 2105 594 2754 548 1016 2098 2016 424 0
0 3042 1392 393 2489 1293 480 2385 3335 948 446 1735 2102 1660 3005 339 2284 240 2214 1239 3236 3036 3140 3249 3165 1499 1748 212 1763 1488 1903 2842 2449 1628 958 1130 214 2100 2629 400 3026 717 2831 2404 3085 2453 2781 2623 802 2441 1493 2914 2024 3043 510 2214 1926 1342 624 3198 2930 2410 2855 1945 1266 880 1454 552 2781 2038 224 2404 2893 1841 1577 1460 2362 3034 233 651 687 1179 2748 2487 2066 2195 2974 2756 1245 2004 1363 2177 1563 1602 816 2579 3255 1095 1323 1176 1108 2473 1964 871 1281 1288 2076 221 1454 1232 3145 2268 3186 3329 1450 645 2964 399 1975 2292 3287 982 2583 875 2813 196 884 242 1170 1061 1494 3294 1679 2352 1732 1606 1350 786 171 1005 2310 2794 1292 2178 2147 2421 2268 466 233 2252 2963 2918 2512 1113 1266 2225 3112 1199 218 1129 2462 828 1166 2564 3013 2044 683 2955 472 3349 1429 1186 346 3105 3247 518 2870 2452 836 552 1286 2562 119 1071 1393 667 923 2791 1150 2766 526 2418 2720 2349 636 422 639 2008 2499 2205 616 1252 3366 2275 3037 753 2647 1488 1173 2774 1520 823 444 2954 2011 3244 820 229 0
0 1320 1235 1356 2020 3103 1683 2339 597 174 2685 2967 1964 1000 2078 762 2141 128 2530 3164 1278 733 1186 2654 496 443 1349 1913 1996 3107 2436 736 1729 517 857 1275 1122 2669 1418 319 827 759 2289 1483 2152 1472 972 2614 792 1802 3128 839 723 3042 2282 2660 2176 623 2981 1592 1829 3128 2492 857 3085 830 160 1641 239 913 1801 1608 2023 2319 2387 2655 1663 3139 656 2315 1651 844 3278 2286 3420 1719 103 2011 414 1485 1174 574 2859 1869 616 3113 431 1552 567 281 1419 1455 2506 3165 2198 408 2143 495 798 1740 1023 2511 3316 761 2170 3208 2060 2366 2846 1454 828 309 123 2034 1899 1334 1908 2349 705 1428 1179 2330 2541 2606 3050 198 466 138 223 1855 1799 1816 1323 1988 2606 2016 2694 2335 1866 727 1168 205 818 1279 1600 3184 1537 533 226 3058 1771 2042 3091 1467 2642 873 2026 2791 3149 2032 2798 789 2266 1171 3047 1256 2223 1475 1665 3196 2029 2829 456 2166 2348 1120 1535 280 1070 3049 2045 2049 2076 2544 2222 1798 849 1956 1419 1778 2146 1901 1466 1991 1236 467 1249 1819 1559 2565 3167 2301 2262 346 1075 2218 1693 0
0 1229 1709 2583 1858 1865 3253 176 2876 2156 1772 2243 108 527 376 2055 1933 3212 2204 379 631 1014 2086 1984 1983 2089 710 2159 1938 3064 1756 424 2106 2296 981 2892 1900 2586 297 165 330 1901 506 553 1660 2706 360 2050 3009 2314 367 2452 2255 1909 1152 1070 2538 1851 2767 1919 1257 1281 1520 2980 2451 1430 2415 1106 2750 2771 2465 2644 3006 978 150 906 614 448 430 2425 1774 757 2565 1896 2921 1475 1457 260 1273 2082 570 116 3115 458 2244 1195 2457 790 1455 250 2734 2586 2575 2289 1988 2909 2712 246 741 2477 552 983 1560 2496 277 2672 2118 1805 224 3156 2089 2099 1972 2784 2264 2414 2963 1534 2013 1104 1653 1886 2286 2391 3031 1401 1487 2479 1987 2052 2115 197 1599 997 526 2939 699 2786 2280 2813 2484 785 668 504 263 2622 2800 1884 3291 3024 183 153 1432 1789 828 717 808 1364 1568 2144 1277 1785 3131 361 1126 872 2577 3091 2310 1552 601 2412 1320 2492 1935 3132 1396 1884 2234 2602 1845 1720 2481 2364 775 874 1994 2096 298 1948 1018 2643 3365 208 464 789 947 398 1515 2740 104 1862 2698 623 1297 1134 0
0 2173 3137 3212 2702 2222 2512 1145 2560 1713 2546 2886 1709 364 2130 2903 2895 2523 650 1232 1216 3259 1045 107 2187 1100 2486 1608 2527 2063 2226 851 1171 2944 885 1965 2156 2503 1453 969 298 2140 3221 2167 1521 172 843 1245 2643 2696 2363 2317 2173 166 2017 967 1261 1987 3094 1600 2874 2946 1903 420 2708 682 1869 916 1614 2357 725 2487 1274 2923 3044 2268 280 2270 1898 920 2336 200 1089 3224 3071 3195 2029 3110 976 3116 796 2265 1542 1916 144 591 2396 2820 1453 919 1599 2000 2860 462 2125 1959 1157 2477 2355 2956 803 2264 203 2248 2571 2868 850 1966 606 2800 810 857 3231 580 462 1760 3049 1391 1750 2582 2012 2984 2888 1032 2739 428 540 708 3326 131 2110 1743 2835 121 1368 1760 2187 2658 2743 573 1897 533 1078 1974 2283 837 1063 1308 3377 2559 969 1939 2881 3034 3131 3232 1535 1244 1705 2263 2479 228 914 2568 743 2437 182 2031 1363 2003 2830 614 758 1244 2861 409 731 1068 2077 1976 1493 1400 2849 2908 2518 2483 950 3025 2295 1371 2379 2994 3128 696 1450 1761 2983 1843 147 1944 2771 2378 2164 1417 3103 0
0 3369 1637 443 2834 1475 571 1313 3059 2762 3093 2821 160 284 473 451 470 1840 112 1724 1872 2932 208 3214 3164 2826 2301 3022 2397 1323 2528 1479 1461 3199 895 1386 2609 1495 2798 2029 754 1869 2206 3305 340 2220 2913 448 1760 1575 1218 2590 2101 1774 1275 893 3135 656 2624 2126 2526 764 1113 1834 454 1869 270 2404 2656 1245 3300 1152 2429 1338 3271 3203 3025 2387 2898 2996 2125 802 193 871 2275 3118 2625 3011 858 110 1492 873 2170 2628 2877 3344 2966 383 2883 1737 2158 2705 1034 2733 493 195 2285 2850 781 128 117 2965 1025 1633 2179 674 2795 2335 1746 657 1432 2668 441 1537 3002 2394 2261 1916 1798 3175 2484 1488 2720 155 1093 2861 1850 2747 519 2150 2933 1897 2359 813 3300 1766 3224 2666 2617 1126 605 2689 1853 1166 2566 1630 1181 2860 2900 1309 116 473 1211 885 906 752 351 2911 709 2774 982 3177 1950 1796 1037 2821 352 2930 1580 1363 1391 2943 1515 2709 1487 3224 2816 1639 940 1566 527 2387 2077 2553 949 2523 2820 423 3210 1453 406 2286 2028 3052 2377 722 815 2309 302 3012 1315 417 259 1563 0
0 551 1084 1813 1429 3076 1221 857 2051 1241 2256 1897 3218 1640 2951 1720 1993 2116 3000 173 3108 2279 887 1709 2667 943 1237 2861 1488 3334 317 2323 984 551 467 487 404 1224 2271 2318 344 2935 2363 3060 987 462 2801 2452 1369 701 1129 1470 2797 183 691 1936 2916 1621 1313 2770 1928 594 2704 2182 1054 2258 3160 1614 112 2557 260 953 3018 804 1976 386 3256 3098 784 2232 1432 2144 281 2769 2274 989 1596 920 1967 1903 852 995 1986 1694 2462 1913 2244 2466 912 917 2705 1227 1341 2106 2554 2375 1689 2105 360 373 808 1894 899 1295 1433 2070 2511 3252 3247 123 2670 2314 1716 1569 700 2556 1099 426 492 171 1477 3068 1305 2025 1672 2218 859 313 2310 2077 2695 2726 2739 623 3216 2218 2211 2838 344 544 1605 1122 2351 872 1505 478 1669 2006 1554 110 191 185 550 286 2156 1079 2775 2157 2865 1253 1268 1075 2824 110 2827 3076 2942 3250 1596 1704 2510 1569 173 3274 687 2356 2680 507 665 1289 2868 1049 2058 1225 831 2596 1223 1314 1726 1164 1674 120 3216 1260 1438 2686 382 2509 1342 426 904 581 460 0
0 879 1925 2165 599 2909 1938 452 2372 1584 1793 621 295 2360 619 1391 333 892 495 1616 2683 120 2509 403 2218 1925 193 1027 2485 1310 2312 2503 2369 2704 250 464 2047 2585 754 1763 1892 2947 2690 1725 1528 2787 1235 463 1948 1093 3192 1630 2572 2165 1216 1925 1685 1689 2125 835 2772 1000 1215 3143 1446 1451 1655 2914 987 272 2659 3085 254 2037 1780 1908 722 2894 2103 2842 795 1780 1245 1504 1467 2939 2137 2204 1651 1570 2051 2639 591 2098 1120 998 1651 1768 2506 2288 3275 494 2743 1754 1848 137 1535 642 2518 1464 1310 983 1669 2505 136 3031 1918 1896 1810 659 1472 2624 165 2647 318 2133 2718 297 3114 905 2347 1142 399 2108 1785 2438 2412 2873 3133 1417 1491 1547 1803 2364 2404 1197 2985 199 1981 1421 1272 3076 3137 1982 2896 652 2364 2212 342 2873 2971 1316 3020 1708 2427 2289 658 2925 2901 3030 783 2332 2164 540 1319 3172 3117 1092 2396 2399 1171 1404 1580 1715 1754 2470 1271 563 2433 1235 2036 224 1481 163 711 288 685 289 3354 243 702 305 546 1196 2744 2193 3124 2660 2703 2917 961 1475 0
0 3198 720 1539 3060 1426 2028 3083 3069 2236 557 1862 1038 642 3079 2136 1928 1140 1474 1590 1163 2268 1775 3156 2911 2544 1078 1694 1683 1769 1051 1638 342 706 1492 294 1600 2494 527 2557 1595 2245 2456 585 3016 2000 213 2199 2385 3048 2912 635 445 1432 439 1950 1599 1001 727 2658 2472 2450 506 1482 1242 1084 447 2406 2470 1745 606 2885 707 2199 179 1106 1957 135 2101 1091 2397 2140 2583 708 2124 2541 1262 1011 402 1660 1969 683 634 3292 219 1298 652 957 2564 2055 502 3209 3021 796 2526 2301 2124 376 1393 1475 2155 407 1029 2810 2338 437 3026 3161 2671 865 2028 2652 2244 2919 3007 2044 1174 2900 2153 1060 2666 1128 830 139 2718 1507 1167 1967 282 2055 628 3067 3023 1037 1672 551 2940 996 916 1935 319 867 1602 1813 215 1097 997 2298 1057 621 1182 1356 1604 2589 1022 1141 2937 3066 2364 3163 1392 1322 1783 2779 330 1058 1901 3217 1390 1428 2426 260 2066 2380 2810 700 1654 1099 2010 1727 601 2228 964 2944 1023 1424 1480 2620 2128 2660 928 2058 1949 3223 616 2356 2294 1004 1635 1300 1330 0
0 1032 1764 375 3112 2578 1471 1775 2532 1642 760 1059 688 2486 2466 409 952 1816 1026 1700 2557 103 829 2700 451 456 2116 1767 597 1589 785 2820 3002 2502 2848 3425 1333 2693 104 2089 157 963 2952 1189 300 1102 1295 716 1406 2013 365 1309 2678 2954 2026 3055 349 2451 3244 2728 564 2995 1257 1033 911 1271 321 299 1761 1399 1167 1563 1826 2227 1581 608 476 1775 2462 2564 2488 346 2583 686 192 1656 2149 105 2809 3265 2948 1090 1555 2752 1651 2430 2842 867 377 2331 866 3078 1132 2194 3011 2092 1569 2697 241 1548 1513 739 3314 666 2433 2324 2549 2610 3011 1385 1272 2395 890 1880 539 2324 2087 1252 677 1243 956 2923 1526 244 770 2447 1454 2591 1006 1392 2181 2873 2016 1309 1802 2403 1187 981 465 1447 2039 370 1236 1127 3329 630 2358 2506 1664 2801 2061 450 910 2262 641 1888 1394 3145 2059 2037 3098 202 1718 1677 2568 603 2565 1825 2203 1407 1206 3338 864 2572 2584 2778 671 490 2498 190 283 2144 951 313 1416 1825 842 3004 720 2017 1138 1378 2270 1719 1694 1942 1808 1736 702 1514 0
0 2697 2461 2437 1738 987 2972 1619 1807 3257 196 3027 2857 803 1809 943 1418 407 2335 778 3044 2723 1159 322 401 2000 1093 1215 3069 2713 963 1106 1912 3120 2077 884 2048 633 692 515 2155 2424 119 810 1947 252 717 372 3195 786 2587 440 2523 3200 1806 864 1688 2216 2127 3215 3247 621 729 2297 1194 1230 3252 3120 2176 3067 2240 3000 1870 1914 730 626 1589 2426 524 2262 187 2870 1309 2315 254 638 1824 2098 211 1295 2388 1990 1837 851 2688 1755 728 1045 2797 2949 2409 959 1631 2272 672 1928 714 805 2623 1237 1395 1326 1709 2016 1866 2464 1505 1727 1086 2778 2793 1226 1759 2858 693 2479 1212 1105 1410 2354 2056 613 2912 984 2097 2606 1351 2268 670 516 1988 1107 1697 2310 3141 1258 333 1991 1138 290 2374 2237 2163 2228 188 1281 1275 814 551 361 778 2929 1460 2369 1394 2830 562 2948 2115 2621 3203 1334 3164 640 772 1743 1746 2869 3162 2807 2274 1395 2080 3257 2135 3052 652 693 2840 904 141 2638 680 2436 1909 2471 1740 2600 3065 2432 2863 2746 1972 1844 2380 3222 1301 1650 1622 0
0 1612 645 1009 1141 1479 2712 944 1592 2386 458 1228 3143 3202 1253 2582 624 749 2803 845 459 2218 1228 1840 2784 1972 2745 1472 389 3010 1073 1777 2332 1185 1307 1361 1626 639 1726 1066 2538 1618 273 2290 1590 102 2977 2949 846 2511 1834 2490 532 2937 118 1642 2486 2127 363 1182 838 1304 650 673 287 1891 2258 864 931 3197 3124 2110 1189 1853 1547 2170 2049 2145 460 2787 2365 3260 726 3146 1243 1893 220 2713 1220 1771 914 2789 410 600 2411 219 1051 2959 2200 2810 1155 1066 892 925 1555 1877 1447 1953 272 119 3016 535 1781 818 2111 958 659 2684 1526 1774 1786 1621 3040 2382 1242 2402 1830 714 1581 307 1108 2436 2138 2913 576 232 2417 1905 1764 1545 2579 393 1349 3246 2039 2575 1172 1796 594 1484 2800 1610 299 2564 1196 1709 1398 1785 1825 1190 210 2892 446 2125 1122 661 531 1006 2451 870 1855 910 2955 2125 1369 380 368 1827 442 854 1285 2239 2226 2209 2762 2802 1022 2894 1743 2198 2155 727 159 2734 1412 1876 3211 1476 1073 386 933 328 2592 2995 2935 1980 714 266 0
0 2945 1412 1718 267 3152 3179 127 716 325 2671 1588 1784 963 1332 2338 2015 1226 2889 423 894 1710 2471 1068 2931 2206 3187 1119 2903 2528 2703 808 2138 3026 1669 1004 884 2548 2614 338 2772 1309 1189 2957 2047 2788 844 3278 1098 2439 3189 1822 1299 415 2662 660 578 2384 888 1373 3180 2291 2610 351 1049 737 1542 2067 2596 436 1613 1618 792 2613 2944 1674 550 2740 1106 248 1423 2118 2153 579 1442 2951 1665 1905 2423 3074 522 557 1889 1345 2577 2593 960 3115 902 1458 181 2106 2852 771 3086 1763 3236 1970 2761 3314 222 1110 1407 722 2145 3284 2360 2049 1024 257 2295 3034 1806 1644 2024 3054 3154 2792 233 372 808 2955 789 3034 2205 1609 1431 1482 2895 3055 2988 1804 2364 2485 3126 2787 2489 3272 1397 1423 492 1044 1992 2706 1158 520 2288 1282 896 3120 1994 2606 1797 2553 2576 2589 2391 578 656 670 789 982 2508 1220 558 2623 678 2656 1934 2641 2894 1953 1495 972 1970 1988 977 123 719 1825 2532 220 622 3225 3334 2570 3263 3092 2188 2506 2505 1888 2663 827 755 2870 1917 0
0 2402 1826 3172 3070 2687 406 2294 3274 1252 2960 2693 2604 1737 1266 2069 997 303 630 436 2668 1273 1260 1652 822 2568 1534 2358 1124 1478 752 2403 2513 2239 132 1085 2305 1995 2788 893 2369 2838 120 279 2403 2756 2781 2821 1258 1998 1773 2642 171 1351 2559 1769 3221 2247 1282 2594 3298 190 213 758 581 727 2300 2690 605 2383 1843 1179 856 2995 206 1840 3253 1050 1360 296 3192 892 1219 1197 2914 216 2315 159 2962 1590 1084 3166 2862 2412 3000 1129 1610 1457 1830 1765 506 149 2261 972 241 2758 1841 386 1177 787 731 2230 3156 1044 2672 2433 2348 2387 1074 456 598 1085 2995 2337 1385 1973 1670 647 187 2292 2436 1843 1382 2845 3113 2053 1845 302 1062 385 1606 2024 2258 1057 3079 964 2394 1892 3055 2662 2109 2613 550 1438 1271 1606 2395 2148 1835 479 1237 183 2380 982 606 2075 981 211 1298 2842 2716 921 200 788 979 706 2156 916 1388 512 2934 3128 3151 2775 303 1921 271 2001 618 467 2906 3051 1751 657 2424 402 1768 1343 2635 2993 108 1111 2795 313 2200 190 0
0 1867 2634 648 2835 1618 2883 227 3073 307 2572 2798 796 878 837 1048 2941 2893 3207 3070 2340 2906 1677 2740 1052 843 461 1658 2590 1726 2411 2903 2790 207 607 542 1564 3215 946 147 2218 540 2998 1102 3277 2356 687 689 1139 2409 1547 1884 350 2356 3168 1885 355 1999 1716 2109 135 1280 1003 1262 1184 3072 2139 2760 345 399 1653 1800 932 2017 990 1935 1957 627 2846 2103 2238 1904 2574 286 2387 2688 2459 550 375 911 266 1670 1628 2232 118 967 1722 609 2085 307 2256 131 2438 850 2823 1889 3180 459 1470 137 1992 3074 2494 1874 1937 402 1871 2843 1042 683 544 1780 2406 2678 238 2034 295 2030 2064 2108 2401 1496 699 1451 3050 2243 2593 751 2635 674 1676 1000 2433 2360 1075 2640 1341 1889 338 1904 1203 2138 2826 1525 3139 2655 3018 3143 736 887 528 1199 1735 1489 3098 637 2446 1179 2136 1832 1040 118 214 476 1175 1621 2611 182 590 3001 2872 1694 627 2235 1031 335 1931 2508 1719 2492 2602 1691 2242 1916 196 539 1506 2891 2608 526 232 276 3105 1835 3007 0
0 892 1288 2457 318 174 2923 1424 3000 172 2188 666 2716 620 1709 2096 2178 1621 1805 1503 2568 1224 439 2396 686 2396 1867 2912 173 2895 1556 779 1016 1481 3205 1640 2749 3393 344 2415 2877 419 2489 1870 1337 2104 2155 2362 3041 618 250 2053 229 2480 468 2043 529 2120 750 1258 471 2067 1324 294 729 331 1859 154 2854 2188 2630 2242 1291 1567 1890 2339 921 1981 1171 1996 379 1503 3218 1640 2735 2716 2744 1839 3122 3286 1185 2692 1472 2345 1944 2876 1249 1091 3156 3222 2278 1954 1753 2915 1193 241 2896 1988 2682 1412 120 804 3281 2016 1016 1088 2268 1864 2919 3231 2906 100 2294 2940 1119 2177 796 2196 2782 2329 3273 3067 797 152 1746 502 1921 2374 575 2580 2106 775 1252 640 1988 2534 2837 1577 319 3114 747 2682 1470 3308 303 2384 1831 2062 1977 1193 1620 705 1358 514 1522 267 2166 1990 407 2663 1365 1929 169 421 3361 1118 2080 661 3187 746 2629 1400 898 1897 502 2708 603 816 3171 2612 1928 2960 517 1549 3054 383 2829 2891 2425 687 2680 2972 1248 975 0
0 859 1456 3269 2207 1296 2350 131 1147 163 1750 347 3197 2834 2222 2100 2928 1370 956 947 2818 1511 438 2039 2598 2857 1712 2645 1486 2555 310 1906 2218 2086 118 2921 163 677 1932 1921 2447 1920 856 467 2990 2841 2605 3218 2835 2459 1003 1246 957 400 1473 439 2561 2747 2690 2539 2908 3150 737 1986 1971 2085 241 1189 1608 2518 883 1246 1592 2355 584 971 2712 3239 2259 3082 2569 1749 1851 1236 459 2362 1013 2000 722 1840 2395 649 107 2830 1239 2635 131 2169 628 3089 2813 1510 612 2467 1575 1877 1788 1978 1977 2543 956 2627 656 2897 3188 3402 288 2705 431 2991 1172 435 563 3157 144 373 1242 2103 3190 3238 909 2633 2832 1340 458 3195 1262 2558 2942 1819 2546 2428 2204 238 1001 3227 2149 2522 2898 1236 2510 2686 1888 2999 837 1241 3083 2816 2466 190 793 3156 877 1918 1780 416 2029 1438 2575 2179 2141 1034 3274 1915 395 2179 1543 422 1031 279 1481 840 2536 2122 856 448 908 1882 2583 1345 2245 529 2224 1680 3108 1814 390 281 613 646 3341 2802 3196 0
0 1316 1557 2648 2057 1556 2007 1852 2789 1867 1143 1984 2074 648 940 3398 1410 1612 2267 963 173 2114 1666 1000 525 926 1906 707 1360 3092 2527 2300 817 2890 1876 829 2643 3193 2118 2410 786 1715 2778 2007 3130 1894 1167 1228 2667 287 1345 2350 3168 887 3249 2881 2895 2787 1095 1341 2840 210 539 2891 1562 945 1219 1273 919 211 2821 1624 2869 1929 244 624 2600 3151 3121 832 1870 817 1339 1219 716 331 2454 2099 3158 1151 1171 2067 857 2980 2894 680 3236 2034 2459 1178 709 2107 2364 1481 2765 2970 1569 186 706 2665 287 2023 2933 415 1520 2170 1037 2638 1183 134 1787 1242 1460 3040 2303 913 2855 2092 2340 1697 2691 770 2604 913 2324 2049 508 1980 582 1039 1994 1249 374 638 1014 1315 2487 583 1553 2798 1717 733 2983 2533 2822 2880 680 1626 2355 763 2200 1691 1152 2274 2029 1684 2783 922 279 1686 609 1182 1034 232 1438 606 926 2981 977 3230 1727 1298 595 2743 2044 2153 3111 237 1488 2691 1449 2244 2758 3109 989 2502 198 1351 732 1518 725 480 0
0 2011 1196 2694 1757 1692 1217 1022 743 3035 730 1384 2360 1016 1259 528 2364 2033 648 2516 2616 2768 343 1720 1563 1185 2543 1135 2563 1702 1178 1603 1395 1383 1036 1872 1646 2709 393 1636 2400 2600 982 501 482 437 890 108 1333 2959 2283 1999 918 1488 1093 856 624 1651 1266 2793 2322 2198 642 2264 1989 1242 2083 3042 2051 2669 1044 3088 1747 2409 2303 2282 791 3178 132 100 432 2481 3172 2963 2737 2565 835 3230 411 255 222 3290 346 2991 2462 2253 2085 1970 1774 2495 447 3243 135 1957 872 2661 2366 727 1256 933 2188 753 508 3155 2362 2040 2374 3052 2911 1644 2423 2246 2726 1896 1379 1058 1631 959 3152 186 318 984 1509 881 2832 2587 2553 1317 2049 2255 298 172 996 1688 192 1600 1726 2395 687 2696 3232 1132 2343 2330 2138 434 2632 1490 2785 1980 3036 341 2999 1121 724 1284 2513 1801 441 3032 2877 3170 1056 2846 273 2398 1313 1225 691 1886 1484 2454 346 564 2262 2492 1918 1288 788 1443 2158 3171 745 224 2451 2051 2604 2003 3066 2191 2321 0
0 880 908 3195 2187 2139 2818 2198 3095 2344 1544 2782 2962 2714 684 103 2520 998 1518 2657 227 1114 2270 3159 1694 2514 3075 2502 1505 2016 2653 1501 1894 2792 2738 557 2598 693 2237 2454 1264 2461 1098 1228 769 383 1085 2834 1939 940 149 3108 1635 2807 1035 1037 1887 1096 386 2955 2506 2558 2787 3197 1919 2171 1220 160 3226 2245 677 1918 885 2505 278 1060 109 3291 1297 1511 385 189 646 2654 1998 1707 2029 2160 810 556 1937 580 2538 2625 3170 2127 1784 113 2614 737 1386 3106 2880 1846 352 356 1130 1253 1562 3281 1064 911 1991 1095 1479 1289 804 200 1201 2330 244 2228 2596 1629 441 2240 1625 1671 2653 1552 1412 2130 631 2610 2270 622 2634 2062 2407 604 644 821 2958 2811 2897 1111 1858 1463 3241 816 190 1722 2166 2500 611 2380 2568 259 311 254 865 1718 2005 161 798 1045 2431 2494 995 988 1977 2044 3164 2692 1867 1619 1493 1945 2124 2680 429 272 1672 1848 251 1821 2033 1503 1051 3123 197 1230 1921 1146 1802 1060 970 2788 1047 708 0
0 2749 2653 2320 915 1466 726 2818 2780 1154 3053 2734 1513 977 3082 696 160 186 2125 1084 2218 992 432 1139 2952 2901 2249 2124 3054 2776 708 2063 1008 387 699 1080 899 2526 3132 2113 1231 2738 848 1996 2222 2835 3084 985 143 1239 1016 907 2805 2064 1667 3245 1199 1631 1626 1342 1391 1881 1873 3229 571 3137 1887 3155 2491 2145 1845 2868 2351 2155 3189 1783 2342 562 1053 2388 1972 1380 916 714 1999 1952 2499 1073 2013 869 2015 2699 3112 736 773 1409 2931 909 408 2428 996 2049 1813 1281 2702 217 647 2962 2128 2011 2970 2740 2594 2635 1533 2145 3292 1311 212 1983 789 922 189 540 2301 2588 1990 609 1445 1853 1052 353 2294 1903 1440 2118 2847 2903 1289 715 1427 1734 2136 2148 3098 1450 2046 595 2475 737 391 1698 2804 1787 526 2140 781 268 1171 2240 1580 2204 1646 2496 3176 1580 562 829 1267 1624 2803 383 2079 2870 2696 2491 2000 1404 2786 898 2563 1520 1476 2796 405 2594 812 2581 393 1414 198 2611 710 1199 2372 1348 2215 1745 1160 0
0 1031 1333 2669 3076 1327 2158 1819 2126 2352 1436 238 2762 2801 2497 2834 2134 2976 2126 1108 612 848 3224 2575 3223 438 2229 1910 2997 481 289 2368 2410 2390 1117 3230 189 2080 601 467 1556 958 799 385 2291 3375 783 1838 400 1534 2469 1749 264 2826 646 3073 1063 2060 2704 1494 1213 427 888 1744 1038 1248 3089 428 1955 2569 1662 178 1217 565 2783 1730 154 1792 2468 1994 2960 539 394 1547 1402 1889 2194 2755 705 234 2214 1341 2596 2513 2522 3302 2222 2252 2662 1170 2335 2494 2110 1185 1959 2304 2689 2914 2114 1025 2886 1402 1771 2808 675 783 2215 1392 2483 1343 2354 430 1839 626 418 429 835 2158 1376 1768 2822 3192 2385 1429 1938 558 636 2508 1681 2415 2486 2443 2902 1917 591 2846 1732 1905 704 712 1169 2962 1975 249 919 1985 2734 1495 2863 1634 428 2621 600 2633 1400 1908 2219 540 3195 248 2222 1754 2873 261 2104 3267 2883 2155 147 796 878 1089 1612 2850 661 1995 1302 1129 2738 3326 3055 2474 2862 123 909 1990 783 353 0
0 816 755 1238 2075 2509 1743 2656 3222 598 309 956 1107 2889 1475 2262 914 2660 1208 1193 1896 2739 651 3335 3222 2007 443 3176 1029 2851 2572 2221 2526 2812 1726 1472 150 2816 2387 1101 1120 178 938 2927 2964 1764 1087 2480 3098 800 1344 1531 911 1717 527 1100 2270 2884 159 2152 2234 716 576 385 1290 263 1719 1660 1104 2149 2175 129 2545 2297 126 1862 689 1118 2377 1532 2966 1260 2153 292 566 3132 1365 3003 2314 688 2356 2673 1704 263 2245 2545 1708 676 568 2896 198 2746 292 1111 1991 1286 1274 1977 1721 1945 2547 172 2661 1903 1245 1109 1924 380 3060 1371 2164 856 2663 2605 1807 1675 1791 1088 2222 873 2327 132 648 2986 311 441 3142 1190 1572 2520 881 2740 1358 2551 237 1187 129 1924 2407 1136 831 1477 840 2577 2894 1489 109 2943 1418 2584 1775 2330 1887 2933 1738 2516 2918 1949 537 908 1301 2879 2009 693 2591 2806 2767 2316 2367 674 1575 3089 2140 3257 149 945 2538 253 167 2076 2451 2172 2914 1289 2914 709 2987 0
0 885 970 547 368 399 1597 3085 107 2706 248 2048 3211 1851 1081 655 2907 964 2051 311 1953 3077 3013 3186 1574 1875 1673 542 1250 3009 3020 3078 830 3215 1357 441 430 2381 1377 1556 641 208 2266 1535 1292 1484 2267 332 360 482 2287 387 966 516 1089 780 3236 1045 2342 681 1926 3255 828 295 1919 2402 1377 2177 2705 2803 331 668 1758 2574 1806 684 2971 1566 899 137 3000 303 2258 899 2988 1537 2254 2345 1073 2727 516 2813 121 742 2757 808 1489 1982 1830 2184 2258 2205 2985 872 237 1699 1885 517 1989 2520 3181 1737 196 1088 1077 634 2976 3268 2642 444 242 1068 1311 2187 2398 898 2601 1067 1884 3136 2481 1079 1953 2080 3137 2865 662 1513 752 1332 2991 742 526 1791 2772 2075 2629 2323 3121 2361 3066 1564 1434 1436 866 1359 978 2864 624 2704 1239 3029 795 1045 2203 1119 1977 1414 3420 337 2059 400 1408 1451 833 2750 2648 1582 2748 371 432 471 1331 2834 2121 972 2856 524 169 1859 852 3033 955 1391 2225 2070 0
0 2717 1675 650 2230 1310 1154 1592 2431 1697 2238 2185 2825 1398 875 2681 380 372 1165 2996 1705 1244 1017 1367 1580 433 200 1456 2755 2336 2719 2159 1352 833 2751 3138 2137 922 296 2325 1400 3121 2521 2516 790 2937 3035 963 3265 394 2755 2848 362 1442 2649 3074 724 493 2494 1937 3262 3043 1022 110 2292 193 895 2050 687 1010 2786 1619 187 866 1573 1968 839 597 2592 817 655 1420 387 1290 1760 3237 1933 2053 461 1996 1401 1667 1838 519 2496 1754 992 2565 387 744 2075 1091 367 1142 956 1278 2592 2715 3175 738 1046 246 3125 1741 1438 804 1528 1829 533 1148 393 1037 519 1986 1807 1215 1932 1836 527 2039 3076 1537 2301 2089 875 1676 1139 2551 472 526 2609 2499 960 3013 3050 1217 643 166 2425 645 2274 1274 964 1334 2435 3215 2739 533 1527 1978 1480 984 1226 1273 3020 2778 3214 3164 2895 1879 1807 2288 1447 108 1865 1237 140 795 1031 669 2691 1948 1534 3172 3102 701 668 3096 1724 967 1112 2882 3294 1874 1190 0
0 223 2970 2216 372 123 2703 2531 2759 976 3298 3239 3089 2907 1331 3221 2013 2747 951 1383 2900 1554 123 443 1193 1095 2214 1646 2191 2855 1165 2428 1759 2230 3245 3310 2536 758 2857 2762 3185 1549 921 1165 1875 908 944 398 489 3023 2351 3358 1143 2625 406 2326 196 1441 3118 1377 3178 1156 441 2005 3198 2939 1518 2921 2890 302 2755 195 2031 413 1458 1503 721 2252 1847 399 243 1885 127 1191 621 1245 244 1277 1937 2985 3083 1227 957 1496 1637 1050 3289 1099 1373 1135 2743 139 2908 277 2508 1133 115 868 1277 2304 1731 3272 2887 1683 1274 1386 1112 2579 1495 849 2893 2341 1164 2003 2592 1695 2521 734 923 463 428 1790 977 2940 959 203 1209 3121 867 2789 3214 1470 3322 1864 1398 3222 475 1531 2446 330 3308 777 2840 2714 1680 525 1162 925 3161 925 1920 2795 2128 3113 721 2082 2369 3220 788 1163 2248 143 619 2018 2957 214 1183 1418 2759 2810 1293 3187 500 2759 519 3039 1089 395 1352 556 1203 376 2158 3295 0
0 642 1637 2342 1231 1465 757 470 830 1275 1314 2033 2344 959 1907 385 1500 2982 272 2375 1736 1972 1126 2638 2535 3107 1130 990 2052 2377 3369 1970 1214 2761 1088 2374 1966 936 2265 1433 2196 3053 2515 2574 1496 641 2902 232 596 3165 1168 267 2272 1995 475 1167 2798 2257 1916 276 420 1959 1686 623 1280 2695 893 2819 2025 2769 1771 590 2961 2042 443 885 1753 790 3240 865 336 951 2505 1064 1251 1958 1892 1412 2446 3355 2935 1815 1194 963 3255 2358 1347 784 1340 2206 3078 122 375 1054 1484 700 674 264 1605 1700 1571 981 2227 1203 3256 2846 1496 751 2576 2649 2895 1536 567 2008 3381 2119 1601 893 996 249 2959 3088 2751 3239 3211 2391 2746 1580 1763 2799 225 580 2048 2888 668 881 2756 97 1046 590 2888 689 1402 2027 1434 398 2840 535 1076 2645 2450 3232 2526 282 2140 625 378 1246 128 948 2135 3306 1156 2045 1306 2365 2861 3110 1395 1305 2599 456 3115 2503 2697 1090 1731 782 1799 2874 1736 2339 585 0
0 407 400 1272 675 2699 174 2714 1667 3240 2289 1732 2857 2867 1481 2714 2481 838 1855 2408 1862 2221 891 2086 2173 2863 3078 2143 2859 2726 2647 1429 3126 1590 943 1832 3206 1117 1150 2469 183 889 3228 2548 3010 945 3011 1536 2517 118 1557 1025 3100 2060 867 2317 1674 367 1340 1019 2870 182 2886 2279 2778 947 756 1368 872 2946 3142 1331 3067 2648 1170 1055 1249 501 2402 1285 3326 492 1853 2957 133 1663 1639 3266 2937 1853 222 2814 1953 215 2883 116 1166 991 2985 2258 2405 1739 805 2770 2500 2369 1337 2481 3024 3075 3200 109 1222 2245 3083 1352 502 2383 1005 1187 2717 861 540 2299 1655 312 1563 1698 2045 1165 3188 396 793 375 1072 1469 2969 2289 2689 3023 485 1196 2358 3066 801 219 516 1832 2330 408 1823 1015 3222 756 2883 1608 161 1779 3324 2237 917 1751 631 1987 2009 2828 1434 968 1210 1719 1733 1502 1923 1204 819 346 689 2728 1563 1595 1940 1838 2559 1677 2638 2331 2454 2132 2867 1668 327 1234 0
0 2477 2400 851 677 385 1220 3166 885 2929 752 2761 2042 2464 1305 2153 3209 1478 1015 725 339 1794 369 1179 2462 2180 1470 2998 554 1448 274 1795 1546 570 2359 2559 954 2118 3074 372 1569 516 2825 2307 1235 2001 1829 2360 3153 424 1102 1466 693 1782 2960 2661 2282 108 1768 1673 1069 337 1647 1599 1530 1118 1394 1560 194 1979 142 107 628 716 2437 1923 1057 138 118 585 2595 2401 2069 2304 2554 2184 1205 1926 2958 1742 2508 934 440 1396 1470 199 1033 192 910 2204 2665 370 2231 1247 387 1091 2934 3329 2645 1184 656 2224 2212 130 1242 1966 414 2645 1252 2736 3186 2905 854 635 1664 1304 2975 2531 1448 1167 3087 956 2562 1186 3235 1144 224 904 806 1456 1247 1194 1431 628 1142 356 990 2445 2347 2771 3155 1708 1064 352 2305 3186 1652 611 1779 1199 248 567 754 1522 1406 2994 2960 1023 206 2287 1859 1603 782 2969 1599 905 298 305 2849 1394 2523 2704 2392 1987 259 319 2052 1131 1008 135 2838 0
0 2447 2923 228 2714 590 3341 2556 1430 624 3308 2363 2190 3058 383 3051 1374 2059 325 1804 1520 3172 2616 825 864 1499 957 187 3174 3012 859 2148 172 2741 2339 2615 1150 1760 903 446 341 3172 1383 848 2528 2351 2306 1088 3197 578 785 1172 797 432 200 1923 2025 1067 2600 1423 1768 2055 1429 515 1848 3228 1110 1590 956 3086 810 2978 1339 2009 468 516 1871 1818 1563 577 1306 3115 316 2756 1259 3038 1493 1895 2651 469 2594 255 1280 1581 1992 1640 1855 3083 2283 1532 286 3032 222 2148 1922 3199 1993 926 2058 3059 2158 347 1673 1043 2298 728 1802 1987 2564 982 1917 2535 2155 549 698 664 611 1925 142 2235 2030 1029 2866 2258 2427 514 3063 357 3004 181 3304 2563 3103 2912 453 2348 1842 308 2577 213 3185 2033 545 217 2847 1032 2971 1800 1506 1299 2766 229 925 3245 3273 1230 807 2693 729 1871 943 393 2162 1354 3163 1367 2785 2465 2166 463 2068 406 2557 2032 2261 3229 540 1543 1408 1436 0
0 229 2207 1823 746 3066 1846 3087 1983 2517 1662 1384 1706 2898 1471 1724 3218 2427 2412 1665 1583 609 2860 1120 2640 2339 2969 975 3140 3181 2918 1385 249 2557 1102 795 1551 2531 2759 2308 1708 3006 2617 2989 923 2856 831 1867 2769 725 2260 1337 1296 1892 2158 2463 648 3035 2476 474 106 2991 2086 1940 1867 360 1277 2535 1891 764 2204 2731 1949 2169 3242 1795 103 2050 2311 1861 1670 160 1549 2536 3142 1703 2314 488 2594 842 204 549 151 1212 2282 864 3075 738 176 677 524 507 3207 943 547 2852 1529 1226 1879 2391 1254 862 871 2695 2079 2114 1549 2945 2128 256 287 2966 2020 3214 678 715 2551 2826 3308 1355 963 2672 765 624 1518 103 247 2737 929 2411 2206 1144 707 2435 2919 1489 3031 692 2372 296 2626 214 1912 3115 463 933 1906 2149 356 1922 357 1906 1261 681 1496 1885 2356 2408 1398 2141 777 2078 889 1871 150 1285 1129 1664 442 2488 1052 2133 629 1876 897 902 2864 797 272 0
0 1533 1444 2475 1058 2247 461 1969 154 1094 3196 1364 2611 1488 2322 2790 2637 1432 2180 3250 1318 2015 2285 1790 1143 1048 466 1390 2656 1849 2729 1182 1525 2193 907 2689 2607 2895 3150 1821 3092 1489 1056 2890 645 3262 479 2707 346 1238 464 2764 858 961 1072 751 1365 1783 1502 166 1816 1184 2579 448 1739 923 3105 2601 647 3022 246 3066 1698 409 2303 2037 3047 2858 121 3108 2686 1019 1160 1503 345 2221 394 2735 1221 228 1383 3114 1510 1951 137 755 2108 2743 3281 2983 2391 1127 2202 642 3181 734 1189 2621 767 1207 2993 1866 1771 395 2813 3000 180 1198 186 2888 2716 2587 1479 531 559 517 1572 1957 2367 540 3294 2532 1778 412 1023 1601 1024 2549 577 2836 2973 1085 2076 129 2565 1698 1410 3365 1203 2551 659 996 2627 483 2461 1872 2920 1687 2343 2818 1340 2596 2343 353 110 2676 251 299 2715 1234 2146 2989 2666 2577 1888 1634 585 331 123 1023 2416 462 2746 3098 3165 1202 1906 167 0
0 1254 2135 2557 487 3294 556 636 950 1764 2129 2038 1473 3259 734 2124 567 3115 363 132 1914 928 1456 1530 557 181 425 2948 3077 2520 2415 2209 775 2274 2443 340 2448 1648 2522 2772 1031 233 2951 2129 1465 1345 2684 1277 3031 2873 2724 166 917 1889 1526 1277 1950 2676 927 416 2793 833 900 660 1467 3178 1416 2599 3152 2523 2953 1064 715 794 1276 615 255 1544 2255 1397 698 2358 3175 2311 3077 2509 276 980 2763 1228 1630 3105 813 2128 124 272 2698 2256 753 1517 101 2245 422 2698 3314 568 2782 226 770 1073 3214 628 633 1762 1857 2652 2884 720 910 2301 1894 2552 1876 1936 958 3268 363 667 779 3064 1235 1313 852 767 1296 543 972 737 2457 1415 2857 150 290 1839 187 1096 1358 1165 2425 2821 658 883 317 571 1755 2916 436 1766 571 102 326 1038 1653 3060 2015 2038 1908 3074 552 1411 1716 2327 1630 2913 1406 751 2286 2307 1903 3139 764 1336 1516 3125 2556 2501 1028 0
0 1171 1673 2205 2549 2381 2466 3232 2075 683 569 3236 329 1331 1545 752 3159 1247 1703 2642 775 2327 1172 688 296 2048 697 2706 1111 1721 1689 2678 2647 1052 1590 943 2148 1303 2464 2047 2398 1731 2650 2131 1871 2494 462 764 1356 679 1540 2080 924 3197 355 3273 2092 3191 2016 2594 1731 3051 2165 2533 2327 100 2581 2570 3046 710 1919 868 850 1797 279 1182 1866 1116 2153 3173 1695 2055 263 2521 2244 1762 1784 1748 2887 513 881 1084 2563 2055 433 1493 2839 2390 3261 707 2030 3243 1028 722 1975 2825 135 2465 1858 1321 388 1170 1119 972 980 1738 1786 1765 2299 2640 1591 2996 1876 1455 1982 2955 433 2089 312 887 1594 2736 1159 361 170 614 3232 2808 2743 2753 1726 2687 3109 1570 219 2902 2102 1682 1275 795 3007 3388 2253 2745 2337 2293 333 3040 877 2311 1387 1406 1057 1045 3069 964 120 2860 2933 2612 1842 1106 1238 2875 1015 1076 3258 339 1285 1171 3085 2037 910 1649 3238 455 0
0 637 1279 1159 2448 346 910 397 300 484 544 2082 1812 1469 1817 2525 881 884 2125 892 2198 1529 1783 238 1209 3259 1725 3096 1453 2736 2569 1508 3125 1534 1610 2865 1744 676 187 489 289 2900 2574 610 2749 1160 1848 2019 2704 663 1280 2148 1544 2404 1638 109 2087 3085 111 1309 1957 1195 2181 2982 3197 2355 1107 2370 3171 2337 2854 2422 2961 1785 753 1340 2111 123 2817 2128 1560 1833 2583 3017 339 2550 3344 3011 3212 434 2772 716 704 1038 1920 1264 916 1815 692 501 2268 1551 2217 2506 3055 1023 2614 3032 1782 2399 1318 981 2529 3241 3077 2211 792 1330 2794 2791 2496 285 1303 2780 2771 2278 630 1957 2029 1662 508 2418 2680 1365 2208 2174 2991 149 3107 1406 3188 2269 1265 2925 1272 1971 440 691 1348 2918 579 1730 2323 1184 1420 828 2293 1593 1798 945 506 798 1116 246 2062 2123 1580 1227 3280 2983 1411 2843 1510 264 1726 2240 2190 492 457 2986 753 3237 691 1318 3138 0
0 2263 1557 3279 286 1937 358 484 1088 1038 2580 1206 1190 1080 2487 2533 2596 2901 509 1669 3093 261 2190 1656 1334 1844 824 1233 2089 306 2700 201 1944 2305 3210 2095 3134 3255 1899 1012 3221 1266 2535 1357 1353 1076 3308 2724 134 2723 362 443 2402 2972 2257 843 192 2079 929 1774 168 2527 1656 955 1684 2430 1377 2089 1239 551 2618 1435 3007 2679 568 1994 3009 3001 2467 307 721 1337 1170 1630 2113 1171 3209 1168 2392 2331 759 121 2411 230 3060 833 1751 1756 3112 2133 2998 1321 1585 2902 119 1155 659 2896 2442 305 3227 2639 1667 719 3272 2080 1361 137 2168 2627 2446 2423 1775 903 1889 2604 2277 2921 1963 1853 2400 1451 3328 450 621 2776 3099 428 461 3270 637 2523 1950 1024 1488 1442 584 1908 2415 1052 2799 559 2808 2574 2899 2829 1659 2827 3153 845 2183 961 3100 2774 1235 1770 1586 1283 2297 600 1198 3035 2834 1165 977 2107 496 885 1639 548 999 477 2662 960 0
0 769 716 2708 858 3165 3203 2424 607 2920 1036 2854 1485 1363 3155 2999 2139 1341 1812 1957 2098 1831 897 663 1657 2962 1207 919 1301 2722 2037 1715 371 2298 2549 2512 3126 880 594 1174 2791 2215 2597 2206 188 1247 794 1304 3057 1909 582 1778 884 3030 2243 2668 3247 2231 1225 3340 2159 1226 1163 3319 3121 2567 1470 2447 2083 655 1897 207 883 2824 1243 3061 2529 1994 553 491 1047 3217 1094 1526 2238 384 3015 656 2165 1940 2760 3171 2826 2681 2342 516 3166 1519 1266 883 1925 469 2436 1375 2170 2553 956 1406 1898 2439 2296 138 1785 812 2333 2285 228 1732 1154 2822 1740 990 2450 2231 1191 973 600 363 547 2882 2217 1110 2928 1812 729 2701 2842 1879 2663 1841 1549 1761 2117 3283 1789 1476 1505 976 383 190 378 301 473 667 1270 3045 1275 2430 281 1302 838 2684 974 1045 2308 1391 2621 3208 2298 1801 1559 1720 2464 1359 159 3391 2130 2533 2707 1876 2805 2925 3364 0
0 2626 2020 752 2323 2652 941 1526 2715 481 397 3038 2146 880 3260 968 506 1018 1572 902 1818 804 2015 3263 1231 2599 148 1101 2075 2952 535 1741 1266 2847 613 1731 349 724 394 2764 1364 2491 992 179 2089 421 1338 2500 2106 590 2326 986 1304 903 366 618 2698 871 1665 1876 1467 2055 2749 2964 3371 1972 838 1546 2400 1613 2637 2986 2762 1016 1664 1525 3162 1934 1346 903 1401 908 2149 381 2810 2796 483 463 1314 2137 1121 2785 1223 1871 156 1622 3024 136 2229 2262 1737 1912 2216 2792 1140 2574 280 2481 1438 950 824 1012 1765 907 2528 659 3109 1327 2313 403 1541 446 294 361 2555 115 829 3011 977 155 1899 1975 1693 2296 1354 2745 774 1650 2546 380 1563 166 2277 2571 1411 2186 1142 2503 1336 1622 1798 566 1092 1924 804 1392 1741 2109 200 3020 653 464 462 1340 1206 953 2528 2730 2852 3111 3273 1539 2105 2096 2198 327 1441 3177 2191 2662 2244 556 0
0 2693 488 1441 947 1913 460 3360 3080 847 1458 1562 1931 1145 2990 3217 280 2643 2962 549 2875 1579 1706 2385 650 1170 3091 2611 2119 756 3170 2884 971 209 1905 1105 2979 3114 152 2788 1168 2858 2204 1301 140 578 2383 3041 611 448 1787 2853 2957 739 3074 2499 3103 1359 877 1925 2078 1195 3395 2508 992 1855 2809 1818 2597 2001 176 508 1364 270 2561 3135 1554 2583 2324 2234 2225 2166 2187 1815 2194 369 2157 322 2530 1663 173 567 1181 413 2838 140 1768 2823 2367 453 3206 2687 669 728 2415 231 448 2671 205 3083 2968 2738 1202 797 2995 1964 1198 507 2393 749 1765 2630 2556 3010 1988 1772 1468 1035 2698 2665 431 1882 243 883 2410 1625 482 312 2525 999 3239 2884 2257 1618 768 2843 2720 465 748 993 1071 1352 2678 1761 1947 2724 222 945 2124 2792 2056 2675 2193 887 1596 1171 2521 2430 1702 254 1692 3069 1193 1519 810 1123 409 2972 1189 1157 2382 0
0 2435 1939 451 2336 1353 597 2220 1807 411 2758 1510 2000 2324 667 2854 1506 130 2818 2429 2390 2054 2637 1466 1339 2325 1364 1104 2988 2373 449 1907 2949 532 3102 2299 397 2546 2570 3031 873 393 2115 2009 926 440 2415 2541 222 1687 2272 2993 1643 2040 2133 2367 2053 2632 2438 2141 2208 2676 1367 2666 3231 3118 624 370 1260 501 1322 1038 3005 1926 580 908 3289 734 2643 3113 3231 2035 3013 1465 2331 2757 324 1147 539 827 2532 1136 313 2472 3051 233 2347 1618 869 1063 3026 1095 177 1820 2487 142 2220 1756 369 216 1233 1330 2030 1387 2312 212 3150 3189 395 2651 2908 2822 3071 564 1309 286 824 490 2193 2503 1825 1686 2063 1689 3290 1020 1989 1260 1034 2293 594 666 2891 2453 1758 3220 2388 1074 326 1797 463 1352 1330 358 258 2486 1284 1686 657 2301 1523 1848 2927 3289 1678 2815 2594 2592 1407 276 1526 798 1087 267 2185 1204 3184 2728 2116 188 0
0 3080 259 2533 2100 603 2615 618 393 2964 1822 2389 677 2042 881 911 1037 1853 868 1043 743 1979 1790 2146 382 2871 324 3227 1481 2255 2470 1781 2949 2552 1167 579 1687 2565 1202 1241 2326 2076 2261 1856 587 1240 202 1245 2732 245 330 338 908 1158 1566 246 1372 1330 2303 1348 2402 2683 1319 1358 2558 171 2845 221 3002 2559 2572 1827 658 2901 829 1937 3048 3230 581 1257 1756 1275 643 156 937 2374 3121 1875 1149 1028 2495 2401 2362 2029 953 2987 2904 2959 1420 502 566 3259 1527 248 3037 1737 3005 1217 2330 3025 2627 1423 2856 1051 3008 1254 2171 1242 547 241 445 1060 2397 2070 102 2130 1691 747 933 3193 1182 143 776 2268 2815 1717 3007 2440 2350 1352 2755 781 1535 377 625 1204 1745 1357 2546 3013 2883 1773 2590 1308 2247 2846 972 2712 2216 3155 2220 1136 2369 1301 670 2431 2745 775 331 3286 302 1843 971 1364 855 1855 2775 961 354 0
0 2542 464 460 1229 2495 2692 2872 2694 143 181 807 417 325 2501 2462 490 1634 2328 1819 1423 583 1075 3181 2439 1709 1205 2944 1220 549 484 135 2227 1359 190 2668 1878 770 1256 979 104 1718 124 2728 264 1359 3238 1562 1761 1144 2475 282 2551 1277 2159 581 1581 2798 1231 1662 1406 3121 1794 2334 1803 2186 1986 1276 2373 1941 2689 1890 2510 350 1839 3079 537 445 2949 3178 625 2974 1257 2362 173 2430 872 3047 2372 2915 1278 1319 2833 1713 2944 306 2108 1092 1043 227 2840 2035 2616 1922 1683 760 3161 1133 2630 1382 169 3312 1795 178 3302 1716 754 2814 1056 1556 1372 1011 991 2599 2802 325 2319 861 740 1638 3096 1544 2567 1684 615 1862 505 1440 658 2705 2584 1941 492 3150 1692 1304 1638 1524 1840 1285 1640 2619 2207 1658 2150 651 3133 2058 2399 350 621 2339 2609 1202 1552 735 2785 272 2751 1398 1288 2573 2224 1746 2400 1599 671 3058 0
0 1583 1996 827 1243 2857 2189 560 2736 1178 2809 2132 815 642 2325 429 1060 2393 2635 2617 1697 1019 1889 1455 1993 2519 2077 1247 2617 2643 1330 2585 3322 2194 2135 876 462 1957 3235 3120 1212 3163 1351 1704 2752 2996 2730 2883 316 1848 760 2212 2253 1389 1540 2265 3177 2702 961 1933 2684 2907 147 165 1980 360 2109 797 640 411 2097 1224 2394 2827 348 675 2935 2339 2021 1184 3101 2608 1060 763 1931 1338 2530 2096 746 3233 1131 999 1067 1393 2493 374 1949 136 1896 1344 952 943 2182 2040 3074 1649 2953 2780 3183 2962 2574 2977 2896 3053 1048 290 2106 2662 1501 2732 3131 2118 120 786 2547 3348 252 3250 2555 2045 847 1806 605 2814 377 2224 2567 2296 945 2455 417 3037 1053 3150 704 1582 198 1346 2474 1108 1625 2698 1969 1211 264 939 872 1626 1656 1913 364 3063 2298 1160 2259 2916 1201 247 1580 2121 3116 1897 649 1241 2467 252 1188 0
0 2174 1101 1947 2230 2941 453 609 380 2067 2764 1441 1595 1480 965 2805 2265 1036 521 3041 3340 923 3189 2447 3235 1902 509 1251 1812 2105 858 2022 106 3047 640 1541 607 2129 1484 2468 1862 619 830 2951 1723 954 2173 696 2255 1248 1700 2434 883 571 158 443 1191 750 2023 427 2476 2514 935 1588 1297 2928 1514 1925 2899 1594 2377 2324 2859 218 1199 2661 175 2187 854 1272 1904 1969 1108 649 2605 650 114 1673 2829 2367 2452 2024 166 3128 104 1480 1896 1312 1880 1149 1613 272 2972 2757 2357 2635 1588 2758 2809 2737 356 2234 3344 2947 685 2660 1512 2458 2402 733 2769 3056 1204 748 2408 370 1048 1825 207 1854 3038 2076 479 2950 1745 570 2283 1577 1625 3167 1188 2579 1070 2268 917 284 2151 2510 2580 781 102 1572 2169 1202 466 1874 1196 2398 442 879 530 1899 2689 991 3123 1516 788 2292 98 2268 2530 2002 900 2577 1642 2183 0
0 2334 1968 1118 1524 1795 2550 2737 1852 377 2043 2543 1492 3403 2696 1946 1325 2761 1609 1404 3332 220 2461 2694 2799 1974 2507 2457 360 213 767 2970 1719 1429 987 2302 2539 1465 2574 2012 2663 2061 1285 1648 1571 1526 902 107 2938 655 876 1379 3133 292 1216 2918 3172 1374 1570 1743 2543 233 2479 570 2799 2482 879 2196 1267 2558 2597 1975 342 3021 2207 112 1074 2825 1307 1403 3141 1425 1708 2963 2673 1638 1996 1530 2398 268 2465 1324 3216 2912 2657 2558 2970 841 932 1279 2780 839 1016 2482 1303 1096 1075 2308 272 1161 723 2399 155 276 793 136 718 2874 1184 1441 2735 1473 3177 1124 271 278 2097 673 298 1769 2598 298 857 157 725 2380 503 2504 1776 498 579 2912 205 1364 1685 2104 1303 1869 1130 1596 752 208 1706 2692 717 1458 1059 3065 2303 3051 2443 516 2174 607 730 552 507 2218 2946 1633 2896 1545 3169 821 3021 0
0 1384 615 1631 1474 2203 242 1717 941 3179 2429 672 1369 1562 1413 1424 637 2249 746 1406 166 805 1686 717 1164 529 1308 2314 1532 1811 2505 2443 1072 2029 3010 2244 2600 514 3010 3095 2240 958 190 2807 1621 1988 2478 687 342 416 2371 1413 2472 1595 2861 2398 2875 3148 2556 2942 1113 3260 230 2296 798 2216 1702 1560 689 2524 937 2236 2596 3167 2512 2621 2836 1152 1265 2423 1402 2675 934 1281 2898 1253 3212 1625 2391 828 2570 1559 1252 3152 2050 1085 838 1150 2012 1575 2483 1036 2156 1076 1672 210 2133 1521 2297 528 2830 716 872 178 1765 512 1274 1115 1662 1702 1154 2163 1284 3027 2158 2656 3173 1383 3222 340 623 569 1333 3039 2169 449 699 3163 3036 2769 2458 1774 2492 1941 1283 2053 2760 1178 1636 1589 1948 1884 1648 2412 2607 2447 1874 2239 1043 1099 2386 2863 504 988 2031 1205 1546 1164 171 265 3059 1380 1433 2275 0
0 2837 2987 2632 2010 270 1977 2028 3164 1621 1662 2029 2172 1043 2645 3144 737 526 2219 811 2540 1644 1330 555 2037 2213 2542 549 3275 316 1760 645 513 2658 3264 3169 1570 2576 483 2912 2389 400 3074 977 2500 107 2327 2704 1877 369 2727 1566 1392 2789 2002 3022 1568 2474 2853 1785 985 385 1071 1708 1991 1125 494 1614 1181 1693 484 1585 152 1476 1702 2147 1802 2456 114 1966 3232 2165 1997 2799 762 370 1487 3019 3072 2150 1663 1208 1814 1944 2089 964 1447 372 2347 1511 1744 2763 1608 2442 3226 1430 1504 2024 1201 1975 1459 2384 2471 906 770 2100 1804 341 1049 1711 1806 756 786 2385 3289 1338 1965 370 2546 836 2788 1505 244 1895 350 460 626 1640 3046 2674 1034 1552 1904 1132 2862 2573 2068 965 1199 3146 1418 1250 1505 2640 1906 1067 1058 1387 2477 779 1606 3236 1517 2526 2394 3161 1110 2754 2584 2460 477 2306 655 0
0 809 390 1036 2855 1664 2849 1429 1048 2444 2812 1652 1679 2241 2877 3159 1453 2822 1394 2522 1195 3184 1041 2122 1486 916 2945 352 2598 446 901 1732 2391 710 1988 2025 1604 2250 227 2984 1670 2606 2813 3014 2150 1072 2782 1191 1487 1674 231 3103 2373 3068 1573 585 1918 400 1706 968 2032 2634 1040 2701 482 1133 2514 1074 2313 988 1735 2483 1455 1623 2896 1902 518 222 3212 542 1416 711 2110 3144 2284 1154 2521 1532 1260 381 2253 153 595 1361 3067 1146 528 2193 2518 3020 679 1733 1000 2748 3275 1041 534 2761 2285 2998 145 1846 2469 97 2817 322 670 3371 2443 1453 1970 3248 2078 911 898 516 1999 119 770 793 304 501 945 2271 3211 1727 3091 1588 3095 1453 713 1902 2510 1502 328 2511 3054 2605 1881 1695 585 2601 1798 3321 1237 2802 3066 2237 724 1631 2251 526 1053 382 2749 3004 956 220 213 1204 590 1240 0
0 1220 851 2193 764 605 693 1631 2888 1472 374 2408 332 3076 831 2894 3278 2576 2011 3032 2992 379 1282 295 2983 1088 2067 2760 1669 2978 1387 784 1226 2694 2498 738 2528 2335 951 2564 1641 2459 1005 2853 2266 2068 166 1895 2289 136 2375 3050 1399 2931 382 2080 3087 2655 2632 1813 734 1273 2030 3250 251 2760 3397 2941 718 2238 575 937 495 2696 1465 703 1584 545 1342 3141 1062 2229 2708 545 2717 492 1572 1567 1243 2538 833 1950 2980 2418 766 465 471 1048 2725 1523 1974 2380 1250 2113 2806 1515 1445 1891 1570 2966 2733 1601 1514 1688 890 1774 731 1692 2737 1952 1407 699 1876 332 1517 1941 1238 1323 899 1132 2432 604 1092 1870 1125 668 1126 2733 983 1363 2366 1815 2143 1449 2154 1448 2617 245 1748 2235 1852 2154 1705 990 2198 279 664 3050 2660 1014 2321 277 3267 598 2730 2093 2584 1747 2792 2299 2835 0
0 750 275 2839 1846 1929 2654 402 223 1527 3187 2998 1981 1407 357 1069 237 2876 3104 109 1334 3306 3279 1110 990 1882 1603 861 3201 2079 939 806 2695 1647 664 277 378 197 2617 1683 267 1624 2611 1768 2523 671 226 1331 1355 3302 2407 2115 3006 1160 1610 195 2912 2415 909 3268 2413 1743 441 317 706 2541 2422 377 2950 2188 730 2168 2450 1433 1940 1873 2681 469 728 395 611 374 1605 2155 1682 937 3151 434 154 541 708 1199 2656 2651 2555 1813 1286 1241 3185 183 430 3167 551 1295 2469 2511 2970 610 2534 3075 715 2506 732 588 2786 2076 2294 1537 2003 3023 1432 2107 315 2433 1583 1682 2894 1952 2081 321 2794 513 2726 616 3283 2818 1975 412 1729 2520 1265 1477 108 2492 2020 333 583 985 2116 2617 1573 2998 2569 206 2017 534 3046 250 1848 979 1677 3284 1685 2286 2535 277 1985 2309 2633 2074 0
0 1993 1991 1560 1952 2209 2034 3185 584 1405 1212 862 3091 1702 872 3034 3335 2684 1913 1734 3099 636 741 876 2896 166 3042 1172 105 1809 1603 491 1600 160 348 2790 3051 3298 1557 2003 1789 1906 3006 512 1870 950 264 140 332 1644 2443 1590 446 1023 1099 1814 1368 1208 1849 686 2460 2938 1960 928 1934 828 2527 2959 305 1292 3142 2149 3042 2095 3206 192 3017 2466 1178 2150 3153 1786 3078 1749 2595 2200 2254 2610 1230 1953 463 896 1422 3136 2833 902 3181 2168 1874 1130 505 578 3219 2313 572 2468 569 1660 1159 3047 885 1138 162 3095 810 2814 188 322 1537 1839 784 2061 741 1716 3063 2461 855 209 1479 1308 296 922 551 2165 548 2726 1983 2835 188 2456 635 703 1528 345 3110 2570 2904 1607 2255 2117 772 1783 2790 2264 509 1726 2089 363 2674 1526 1719 456 2307 2050 1746 2082 680 1355 1505 0
0 947 2762 2282 1202 117 2232 2600 468 1936 484 1663 1375 3227 2679 2569 1819 333 444 1792 2085 2858 567 234 2069 2951 2236 1602 2913 815 1130 837 1618 2188 1071 146 1297 2878 504 2176 400 1239 1686 1762 1073 2004 376 525 3026 1588 3176 710 344 1742 2654 689 2532 1481 358 424 3241 691 3053 1776 2942 1707 2200 1259 1161 1377 1409 2217 3073 1526 292 3091 1322 2181 2463 2155 2598 1896 1905 313 2935 2496 2710 2079 2828 449 939 3157 1399 2284 1229 1880 1499 1911 960 1435 1934 1214 2671 552 192 1087 889 2133 400 1794 1518 468 2378 360 3125 1341 2078 1681 2125 457 1302 215 1787 2923 2575 1576 2856 2938 2385 1729 1617 2682 1248 3163 274 1533 2505 376 2306 1935 622 648 588 3120 2215 557 964 1152 2386 2040 3126 2044 1993 2649 2390 1897 1686 1996 3197 1945 1420 1206 1861 1951 355 1027 1375 1346 0
0 1641 2116 600 2733 2317 1959 726 1759 1887 711 2121 761 709 674 428 765 2809 2730 802 2901 578 3179 2783 2420 448 663 2819 2044 795 1725 155 1361 1791 1113 2904 3230 1473 2510 1729 777 1718 2188 1953 175 1225 1302 2884 606 1605 1277 796 308 2778 1731 1802 718 1565 1407 1218 1774 2493 830 3083 2279 2726 908 1164 1819 3260 2541 2645 2391 1208 108 123 475 143 2629 1424 2535 3057 2238 606 2745 1059 3114 774 2127 2647 2286 1807 128 319 3177 365 3006 2357 1797 2872 2452 2315 3074 2855 1158 2034 447 2435 2724 548 261 2698 2212 2202 939 747 2417 333 2627 1319 2925 2314 2315 2437 2943 841 1465 1047 3188 1892 2391 1391 478 2004 1093 269 3335 1499 1580 846 2817 2798 1345 1712 1292 1671 1718 3281 2732 1545 1209 2886 1978 624 3311 311 2158 2851 1899 419 2859 1543 1354 3073 1403 2129 1142 0
0 1237 705 763 1055 2063 1775 1803 123 963 2690 154 1301 1274 1466 1617 1882 820 2882 1525 3112 887 876 280 2573 1717 1257 1378 181 1703 551 384 2379 2750 1493 1044 2097 856 2310 2951 316 960 3082 1464 1576 1638 730 1286 278 3143 1641 2313 705 2747 1253 1571 409 2700 278 1500 858 2480 593 1802 2621 2475 1011 1877 3034 507 2866 1142 651 2069 1310 2292 992 1545 830 3056 1021 3336 3235 2345 2095 1604 1766 3070 1541 3342 689 1619 2814 901 2174 3153 2457 377 2188 2406 729 2108 420 2975 397 609 601 795 423 2240 2729 2107 732 2470 549 2979 1454 371 1720 1078 714 228 2581 3144 1936 198 1692 3011 3117 328 1955 719 2488 1671 2527 1020 1734 297 2036 1670 1096 3230 1537 2569 2609 1772 1045 2371 438 1418 661 1020 1888 128 649 2722 1669 2659 3235 2304 1080 870 981 185 2420 2029 0
0 1136 3314 1699 1297 1215 1659 231 3443 2917 2016 3419 2583 220 2547 1519 2607 719 2879 3068 965 1397 3180 2131 2613 1262 2450 3011 2673 2336 2265 1373 2308 669 2243 2004 1213 972 165 2817 2815 592 141 1038 649 599 174 3284 3143 2887 373 301 2534 2593 3183 450 135 1315 1147 2289 952 1851 832 3074 2761 799 1039 2083 132 2662 2433 652 2699 286 2560 518 1354 2233 1415 990 1155 2610 1959 1944 936 944 965 1912 697 1862 801 3217 1961 1191 767 898 1930 2471 352 2081 1716 270 1923 615 2736 2992 3015 2500 2156 1669 2462 1160 3269 2344 1158 1731 2032 2208 1069 2077 2009 1361 1400 1552 780 1298 852 1643 1728 1670 1877 1125 864 1624 2679 3027 2842 1517 1473 1202 147 1854 2983 1180 2748 1806 160 2989 2153 2256 2107 3164 1366 1679 2235 2455 2123 512 2074 265 1093 1404 2852 589 3086 0
0 413 514 2978 286 1149 2800 2945 3337 808 214 1673 2419 898 2373 1226 1184 1529 2600 2873 2160 3105 1318 2558 2350 3050 2246 2828 142 2280 2072 1141 2521 1329 1536 1462 1841 2155 2091 116 1560 2359 312 942 940 888 3065 1737 2943 2266 3183 2106 302 986 3114 495 1211 1129 699 2620 2122 3259 2830 3104 949 2372 2457 1167 2697 3001 2753 2401 2920 1447 240 1912 1710 516 664 406 121 2635 3146 1161 2297 3231 2955 431 363 1181 372 740 368 1580 1256 1600 2902 2495 128 1844 549 796 2367 2093 2736 939 2557 985 2908 1353 906 729 2747 2543 2539 1518 2231 569 892 938 1570 979 2983 521 2661 980 940 182 320 1990 2326 1279 490 2104 3099 1442 448 3130 1646 297 856 921 800 2309 2326 1781 1395 3380 2264 2968 1418 1265 1761 2461 2512 2761 1215 782 2742 741 165 1285 746 3163 0
0 1798 364 2663 2650 3192 3135 1404 2176 2751 165 2740 268 710 336 3103 2936 2921 1194 2653 591 3258 2911 1318 2966 427 396 2971 448 3103 223 1665 2324 3076 116 2658 1497 852 756 2313 1893 2270 2278 1101 1329 1858 1516 2602 2594 1783 1122 2522 2275 210 2663 1200 2284 2350 3030 2345 1832 412 1030 1363 2651 594 2596 2579 681 912 1779 1027 2345 2129 933 1650 3038 1849 2185 3399 1025 1031 2552 1996 1959 3146 1528 2256 516 1013 571 2404 1150 641 2620 1584 167 3146 1769 769 1411 2264 2034 1802 177 2273 277 280 2564 1099 344 486 312 1868 1326 874 3256 1179 2626 1748 1184 463 2176 1758 2528 1390 3069 649 1575 2707 429 3303 158 336 1960 958 1151 807 1903 1851 2912 1397 1840 2765 754 202 2265 1343 2615 1935 388 2275 591 2292 1725 3205 173 349 1381 865 1271 1788 844 0
0 750 433 2392 2110 1988 2460 1894 2499 2557 853 939 3001 1991 2726 1138 2474 2557 735 1411 3027 1222 1436 1584 3307 739 995 870 905 1607 3167 2919 3250 2696 1897 907 2457 3040 2278 2625 2225 2173 1152 1812 1837 214 1969 1275 730 2463 2166 546 549 441 1175 908 1518 971 2524 313 3315 1794 3116 3142 2647 192 953 480 2138 755 834 1498 2342 1444 2483 887 2248 1708 1792 2030 2140 3056 2309 1658 1495 2763 2298 2871 1607 1128 1592 441 2789 2048 1483 2623 1154 1343 2416 1757 2471 1550 2367 3237 603 2901 290 1294 3246 408 759 3077 1358 2608 1515 243 1647 397 527 2071 1171 213 1075 1141 1378 2545 909 455 3325 2206 1882 972 2491 109 2875 685 793 2288 1177 721 1447 1139 1888 1306 2516 1800 2366 215 639 259 967 880 2907 2445 748 1246 2705 166 2070 1358 941 3133 0
0 3282 1969 3161 2660 1332 3166 3011 2735 1479 2543 3073 819 2208 1685 3059 1929 1713 205 779 3139 1905 1311 1080 1329 146 1458 491 153 2792 369 1984 1925 1600 3159 737 2669 1578 2518 1198 2361 2954 803 1612 533 1924 627 760 2844 2873 1555 2506 1272 276 2157 1661 848 3022 796 1396 1936 1563 2962 3120 1282 2700 122 2504 2357 3154 488 2550 1328 1096 480 159 1201 3013 2670 1424 1665 864 922 551 187 3189 786 1744 1513 447 2053 1813 870 3208 2465 982 2191 3032 2482 3203 1944 1351 513 1931 1375 2250 1363 2230 1939 2206 2557 1107 448 2722 3125 3283 2904 1327 2044 211 843 492 1226 861 3070 2013 1824 288 1875 2777 3197 420 2698 2701 1532 2425 2517 1189 1286 3257 1958 1886 3243 1495 1196 1085 1449 359 188 1502 278 1007 1016 2429 1267 442 278 1823 2032 2740 622 0
0 2592 1284 2142 1077 532 3143 3140 2777 2830 612 3346 2153 1552 2270 667 2908 3088 1049 2662 361 197 457 2722 2368 2698 399 446 1261 2254 823 2301 784 2721 933 2542 845 1496 2229 655 594 442 2702 821 1828 3163 2189 3015 2279 1930 2666 2107 3126 2187 367 1960 1051 1862 3064 1663 2262 1478 922 2627 2094 1499 1470 1482 2815 1921 3037 474 887 2637 2174 2094 736 2949 2965 1429 655 2808 1521 1525 1837 1981 1394 1874 1253 1176 1677 1108 502 635 1670 1170 1673 2201 791 2462 1675 2731 332 453 917 2229 1327 2828 3382 459 1263 1394 1002 1773 3308 1692 135 2668 3093 227 2272 2840 2390 1715 348 964 2112 2303 1030 3122 496 604 1116 680 1849 1103 2460 1167 2656 2911 764 812 751 974 2095 2489 215 2052 2834 2107 1157 2293 1442 693 250 2219 2664 764 2173 3244 0
0 1157 1833 2289 2072 765 388 417 1957 2130 2455 2339 2277 2199 2709 384 1067 1545 1796 3247 820 146 2837 2231 2074 1581 1362 2554 2540 1893 1858 758 1050 2661 690 1758 2366 1793 2153 1338 2178 1902 2162 2761 2966 2174 170 1368 3219 1977 1194 3220 2268 1110 1435 1080 438 1783 2380 660 1612 3103 3089 2270 441 633 184 1579 552 3075 242 1429 2680 2725 1240 1057 107 106 2399 3160 1472 115 1437 685 791 781 658 2086 1392 2833 1512 610 1515 394 3186 1079 2077 3256 2474 1304 950 687 2886 289 731 1941 596 2924 3148 2480 1052 439 2694 2512 2524 1569 726 2601 1576 2917 2173 1371 2361 924 586 2938 2125 1322 1706 245 2221 200 952 138 2326 2902 2535 1224 2128 2217 2422 1025 2181 2215 758 1073 159 2346 1134 1654 2570 1614 1725 1714 2395 2814 1648 2045 1843 0
0 1961 2570 180 1818 2379 991 1614 2669 2174 2987 2382 2816 2655 1524 2647 3140 1260 281 2401 2750 1756 3018 191 134 2954 2781 635 1359 3021 1646 244 2541 1583 1097 2310 2938 970 2595 1978 3075 1529 868 2292 1534 2624 1902 2195 2318 2226 1393 479 269 1849 1202 1495 2241 1400 147 975 1781 2491 380 1656 672 1642 1921 207 496 2530 1890 2298 2080 1640 2579 133 980 2853 1983 2878 145 674 1673 2519 1803 1273 3390 768 2451 3021 2218 642 928 522 2341 2813 171 2483 1719 2064 773 1806 1851 1886 2441 1152 568 1888 1555 1147 624 2687 2796 2721 898 1202 843 1214 3175 1541 1637 3284 3028 2908 2471 1398 1546 1588 1502 1942 3158 1756 3277 1940 2283 1667 979 1942 2093 2836 2837 307 1341 1395 2294 2757 1210 440 2877 1253 1984 2210 2570 320 574 2812 855 1080 0
0 1280 2871 2152 526 1732 3324 2177 1693 2839 2624 1322 2377 993 1218 2679 780 297 883 602 620 3108 2346 3220 851 351 3151 3004 2498 3032 1579 1537 2935 3063 2722 998 2102 748 3077 2947 307 269 3227 400 3240 526 1000 1124 3213 2143 1646 2391 2166 2350 558 1696 1074 1828 326 266 1883 217 3040 1894 1484 3325 591 2621 521 363 2591 191 517 1276 2332 2407 2010 822 2157 430 1522 2144 3228 2495 1495 1275 2748 2693 2651 3162 2033 325 2521 3041 3191 188 530 206 1035 2166 2082 1770 2798 1790 1544 417 848 2969 2098 210 1772 2410 1759 3284 912 3078 2379 2609 578 353 616 1224 1986 2824 458 2602 961 923 208 2314 2011 759 3019 2144 480 2965 1570 409 3231 3204 2620 2999 2616 1436 1313 3067 679 1501 951 2377 1161 1139 3017 822 1624 996 1998 0
0 1390 2308 1676 3235 1710 3095 292 3271 2494 1776 2858 1293 337 874 1758 2779 3130 2895 699 638 1542 775 773 2658 2144 1207 3243 1022 1115 1215 619 1685 3111 2793 2294 834 528 2682 309 1704 1241 224 2551 1055 826 2996 2019 2467 1596 2411 3053 924 385 1507 2690 740 519 2238 117 641 3098 2604 2245 298 1188 1292 256 883 1864 2982 1119 657 2714 1224 1536 1466 386 1861 839 2424 2264 3073 1551 925 1536 1866 185 1820 2343 1645 2504 1634 2460 1759 1773 779 166 2357 3257 2895 2867 178 646 692 1349 2333 1533 2432 2086 160 2528 2017 1442 1048 1501 2267 3106 229 1986 2616 3265 603 765 361 2755 2788 268 2974 1514 2979 228 1329 1927 151 1772 1177 2505 3057 2927 1287 2534 992 2997 1020 1250 543 2207 1645 346 1688 931 3145 2449 2642 2952 0
0 1596 373 3373 648 2201 1849 3078 1320 3356 1280 131 250 1446 546 3186 2230 2694 876 329 1206 855 1802 1230 2265 2585 1907 2790 2134 2108 293 2104 1522 592 2553 1710 2192 1917 2334 2315 736 3215 721 1133 3269 533 997 2249 3162 1871 812 2637 1646 2411 577 405 1866 1237 1099 141 2506 1201 3187 2583 1881 1307 781 2911 2117 976 987 2499 454 714 1740 1276 2246 779 1260 697 1739 1729 2887 287 228 905 2648 1327 2178 1216 1995 2994 886 1090 2049 1647 169 1535 2548 1011 1839 1333 328 1103 3078 1628 1162 3090 751 2658 1460 1192 131 2587 1655 850 1594 1839 1220 1055 1888 1603 3006 3193 1164 3150 1735 2583 1936 2239 1202 863 1551 2441 2068 2646 387 787 2619 1853 3123 2679 643 2787 3171 846 3181 468 2734 1239 207 472 2382 1565 2341 0
0 466 2706 2123 1981 2010 1825 1190 703 1531 2779 2945 3006 579 1240 2551 2890 2604 2616 201 2404 1042 309 3286 408 273 191 2026 2861 2031 2873 526 2107 149 1820 2246 1094 864 2845 2030 137 567 2125 1313 2572 3353 3236 3100 498 2000 2609 1272 3134 313 3263 1520 2319 2643 1840 1790 1977 1928 451 1885 858 2240 2968 1925 2020 1131 1653 1047 1805 2766 165 800 1144 2196 2945 2426 2352 288 1597 1007 1590 1726 2734 1937 211 2472 3093 579 2359 1175 113 1515 2311 249 2728 386 396 1479 1177 1493 433 1659 2701 500 2236 1415 2416 171 1815 1479 2768 1781 397 2750 420 1279 1687 3076 631 1824 1261 3314 2002 2774 1546 2018 728 3031 1758 1484 2192 911 1195 2344 2689 2023 2347 2266 1808 956 2005 1957 792 3074 1705 1678 3326 2832 3186 1441 0
0 2604 2986 1542 2394 2502 2997 2059 1027 414 776 2766 1703 2632 2473 715 2734 270 2173 509 2427 1512 338 1766 3056 2555 1345 1021 1100 3286 914 1192 3095 2472 2910 1746 1211 2926 2046 286 2448 257 1288 1416 307 2643 361 385 2700 3114 2155 3065 2809 2757 2422 2544 1239 204 581 3324 1345 858 3139 1127 2807 1682 1798 1414 3023 2794 2866 1876 410 1982 250 1056 327 2111 421 2738 2280 3067 507 103 1206 3324 508 2497 172 2360 2744 3126 1382 924 1063 457 2507 2418 827 1868 2863 1135 571 3155 492 2480 1577 956 1410 300 2377 2262 1943 1251 1048 1512 2563 1952 2077 1751 171 2518 1386 2941 2364 2947 2600 1673 931 1971 633 3356 281 1815 2989 3188 1477 711 3017 840 596 2829 3259 3082 108 494 169 237 3223 2922 1176 711 388 0
0 682 549 3119 2915 2952 829 3056 3092 2131 2753 1836 1226 1018 211 1443 1051 2192 1919 2258 1415 1220 606 1370 1492 1739 1984 1755 2449 1726 171 830 3172 3102 2298 1266 1421 325 637 1139 2249 1009 689 2747 621 326 2133 2769 3299 2060 2277 861 1445 1667 1171 144 133 2516 1648 226 1036 1230 716 438 2046 870 1806 341 2015 1097 2198 2889 461 2829 2355 2548 2688 3159 2955 3288 2792 1351 1794 2518 1638 2534 1589 1612 789 1139 1234 1149 770 511 193 3000 322 2435 859 3069 1778 822 894 1107 2194 1521 528 1869 1578 733 775 2334 2875 543 705 1834 2760 295 958 2777 2602 2341 2801 2955 3164 3173 2201 3229 2838 1390 2328 2459 1215 3087 1680 2168 552 2782 558 241 988 3076 2186 2057 437 1040 1637 2355 1981 494 327 2223 0
0 1377 457 1515 3342 3184 1286 1143 2731 598 1136 2414 1732 458 1233 2942 2282 743 1423 2168 3141 763 740 1759 2351 2887 2649 1062 1660 2013 237 1267 3197 237 976 3163 1606 2225 987 2706 1664 1566 3016 489 1985 3245 509 3340 3093 1963 263 141 2413 1513 2448 2931 667 866 2617 520 630 2253 2794 776 2530 1952 2437 461 1721 153 218 2146 3124 855 2656 1567 3201 2445 3121 2369 2539 2703 1274 1779 686 2261 996 1746 1074 1339 1485 948 2818 530 2147 2565 831 2349 121 2140 2957 2217 550 1834 1755 228 343 1718 976 987 3044 368 1035 2366 190 1237 1156 3128 2235 353 3009 2850 2580 450 799 1456 2626 2779 1966 3264 2845 2949 1279 3141 1617 2428 1099 1518 121 2561 1958 2721 2957 200 383 1197 2075 2675 2516 3089 444 0
0 2245 3032 1113 2303 2905 2276 3222 2592 3034 947 3001 987 263 2275 2348 3203 693 1014 2238 1743 1939 2920 1725 580 3133 2581 2253 2852 2638 3032 2390 1021 1852 762 831 1479 2031 1546 2933 973 412 869 1694 1130 1706 2100 2004 1458 937 2035 972 1565 858 1947 1154 2645 336 638 2441 2425 148 475 3343 3169 767 2083 1337 1672 1556 3040 1274 1290 1455 279 1525 1213 217 618 956 1171 2746 890 883 2672 1030 923 236 3043 2830 378 105 359 2418 2686 910 3273 970 1807 460 2930 2888 2601 2017 1210 2844 2872 212 2734 2595 2117 2500 3009 1750 190 1897 1396 1703 2694 1167 2108 1909 1518 2052 118 2965 3046 2125 869 2699 1575 379 595 260 1271 1614 142 1042 3062 1860 1339 789 2933 2614 2929 1179 2361 1859 1231 2968 0
0 467 425 2743 568 1083 313 663 1941 275 3066 955 1532 2175 1156 1782 820 2781 630 1894 1836 460 868 3060 3013 187 1305 930 1156 2139 2712 1367 3156 1284 3162 3208 2114 1178 1900 301 281 2699 2424 2961 2103 528 2630 2741 483 1234 2574 2870 136 2634 1225 1351 2993 796 2932 503 2015 2600 1616 1910 798 1884 3176 341 2465 1234 2967 2913 3091 428 1716 1253 264 1324 3007 1555 889 691 2638 3136 1802 2010 165 531 2132 757 379 250 403 1434 452 887 3233 2567 954 219 2771 1187 403 2467 1535 2935 1854 2990 1046 2042 1153 542 3060 1494 2969 1398 2120 1679 2233 903 647 2710 292 1702 996 1692 2552 1838 2154 883 1322 3021 2458 3022 938 1809 379 226 707 2204 2361 2613 1599 186 2949 1946 498 2174 642 0
0 863 506 437 2192 1731 3243 1006 764 1572 3034 399 149 2933 270 3016 270 212 220 2656 1191 3137 2065 3160 128 1859 1417 3225 217 2173 1208 188 497 110 3048 2180 2947 2666 376 181 966 2828 1729 1903 896 768 2263 1652 1451 2577 2770 704 349 1696 2776 1329 2103 640 2435 372 349 2124 883 1909 2567 1828 3306 2217 3219 255 137 2960 3230 2168 1711 439 381 222 2376 1577 1772 1933 739 3070 2880 2653 3069 932 687 753 175 2432 347 2150 3175 952 2139 3081 1551 2322 878 2219 609 1274 1416 3102 860 316 3259 2403 1010 806 1591 3050 1844 591 394 3306 2379 2072 866 1157 1590 2442 172 1059 1550 1113 2304 2906 433 536 844 2106 783 1780 1427 2733 562 1804 1827 1748 1097 408 3002 1513 3044 2547 0
0 1471 2618 2176 770 1567 458 2896 709 1424 3296 447 501 1949 1217 2375 917 2560 3299 1600 2509 2262 2501 3097 2800 2873 346 1227 230 160 2824 808 215 1029 799 2993 368 1542 3096 1405 597 1146 1188 2064 2840 232 1380 2010 623 860 2810 2568 1544 1429 2278 313 2235 1837 2681 138 1331 2589 1658 643 1890 2561 2373 1582 1190 1480 2093 2694 2895 783 1106 1390 1138 2510 355 1488 362 413 682 1554 666 2439 1403 2133 2000 2585 2910 711 2115 1872 170 1354 1603 2712 340 2289 3200 1926 933 1334 2124 2187 2900 841 501 1061 2462 1934 1547 157 1881 3011 818 226 3269 1734 3359 419 2918 756 762 1497 629 1123 2801 1876 3029 679 2275 1322 1638 1752 2710 1520 1655 528 2599 697 1661 2952 311 1047 2442 0
0 2124 409 2750 331 2663 801 1184 1661 2202 2423 649 700 1716 804 187 756 173 703 3030 2410 1898 268 2471 2540 725 1654 2286 2720 2075 1988 2581 2968 1208 1811 1227 2444 2522 1755 1302 390 2338 1989 1556 559 1038 1046 2097 816 2644 2958 1775 2887 156 2155 2275 781 138 2230 2872 1117 1783 1816 2873 2372 3063 2953 1664 2051 2954 974 403 1783 1617 1576 2231 1993 1946 2034 1698 3090 1700 1629 2167 1199 2342 1848 1827 2324 1639 506 1312 2381 2099 257 1917 574 2384 2547 817 192 1587 2208 1164 1825 2670 135 258 717 2056 429 2099 1458 666 3152 1499 254 1811 680 2203 151 3317 2542 488 1399 1823 116 3003 1415 3017 1832 3007 2827 1222 438 352 2764 2685 524 1776 2342 1682 1205 2459 1313 1687 0
0 1874 992 1986 611 2067 679 2405 737 208 1137 680 1914 3192 1548 421 2158 3042 317 2927 2686 326 2358 1799 944 2872 1339 1114 3293 1756 2216 235 2499 2881 926 1530 957 1540 2460 2924 1215 2592 590 325 1354 1034 828 2700 290 829 1725 218 2213 595 2348 2899 2778 1350 3197 905 2929 1706 1255 1131 167 984 1437 1099 1225 2081 2759 2686 697 2633 597 2195 3058 953 563 3022 1054 854 867 1370 2190 897 1302 869 607 155 2042 1732 1681 501 2253 2785 273 1591 2267 2477 1661 1949 1575 253 1392 2226 1581 1783 2116 2504 3146 784 861 169 1982 2181 944 3127 2222 2606 2956 752 520 3276 239 3139 1210 2405 473 1055 802 383 855 214 390 2438 2603 2769 112 3167 1429 1703 854 327 313 0
0 985 389 1772 228 762 372 1556 2919 2885 1047 1478 462 2131 1476 3177 1453 1357 1150 572 1689 2095 2877 3077 2755 2784 348 2004 2322 3189 228 2020 2297 2987 3271 2227 888 678 332 2529 536 2178 1103 715 1467 3149 1092 2793 1903 2117 3203 476 2925 3058 735 1459 349 2753 1054 2738 543 465 2496 2932 1502 2375 1302 2743 2108 1435 2420 906 3220 1923 159 2884 1030 1017 1688 1944 693 885 236 2141 2185 3086 2289 2605 1215 778 859 383 2865 3026 2027 2176 1821 228 2546 2437 758 1612 623 2626 3066 1300 2593 1114 1800 1189 551 1503 1092 1355 2167 2989 2414 2370 3051 592 121 1925 1624 366 662 2159 1312 338 2140 1256 3205 2895 1835 1417 3365 2350 372 923 2453 917 2644 1289 2929 2178 0
0 1519 1463 490 2912 2355 1996 1536 2538 846 2469 2159 2227 2503 954 3129 121 2354 1177 665 1316 2885 2877 1806 1343 3169 2753 1590 3199 2203 1300 929 1134 1575 154 2422 2827 904 2801 2985 1474 564 491 3203 2370 1208 2333 3261 3373 1527 2999 2372 2284 2335 988 669 729 1838 1287 3065 0 497 1601 459 1712 400 3301 693 2353 1792 2504 2447 1712 1460 2535 848 2661 1978 2737 2309 935 1493 1659 709 1360 1136 1992 1987 662 1639 663 1119 1828 3072 3233 1048 1106 112 1523 2096 1381 1722 1020 370 2285 560 689 987 3159 251 1460 2004 2348 2280 2135 1580 2131 2930 1232 710 595 3204 118 2897 1248 1442 809 1897 282 1671 1918 2507 597 2823 998 1414 2535 232 1674 901 465 1058 2200 0
0 322 805 913 2736 955 1713 1057 1437 1010 3004 400 235 1767 1497 2433 2914 1978 901 2887 467 1667 2243 376 1605 218 2863 1135 833 296 2531 2382 2836 3192 2880 2663 2709 2649 1219 3034 1793 2655 2640 481 3038 1422 898 3065 1294 1087 793 1166 1724 360 703 946 296 528 1361 1561 1337 2828 336 3263 1847 689 857 2389 978 936 3105 414 731 1124 3293 1041 1286 1791 666 329 1496 2201 3061 3122 1634 306 2784 2686 1481 2063 1290 2158 288 1863 787 2292 2468 1511 819 1248 653 669 927 2544 1290 453 493 726 443 2914 1884 1792 3208 1162 2183 1291 2972 2599 1730 456 1165 419 3040 2202 2898 3059 2245 2097 2520 1062 1968 1919 3062 1574 1766 852 174 2788 1774 1289 3152 2228 0
0 1870 2325 2816 2461 1255 1840 2724 2603 1959 3030 447 228 370 3031 2021 2763 408 316 1603 412 1570 3129 2038 2019 600 2669 1437 3194 2441 925 2512 636 2344 1446 1240 3239 268 793 1115 2582 3017 1747 3113 2159 2766 232 1503 3259 1485 3301 390 3181 429 714 2828 823 2426 3053 706 767 453 1693 2352 3221 2707 1985 1243 1085 1901 935 2656 1834 2456 1305 722 3181 3252 3284 2480 448 1216 1483 740 1325 2667 2780 2380 494 1900 2577 3055 2649 172 2574 2191 255 1517 2198 1559 2972 2210 2623 342 642 600 1896 2847 2460 2126 1885 883 1244 515 2475 2936 2196 3039 1192 2747 107 2893 2814 1275 2533 3364 2153 538 2115 2342 2660 1692 3303 1767 1733 329 769 129 195 2794 872 0
0 3158 1648 2143 637 1833 1105 3153 3091 3211 436 493 1598 1568 196 2770 271 1069 2655 600 290 808 2166 2796 326 3091 2857 2169 2187 994 1118 1841 455 1911 214 1786 1380 2433 859 1552 3117 2779 2401 2575 2348 136 519 255 1625 980 2613 1165 832 1129 2768 1327 1152 993 754 903 2267 2380 1013 2087 1047 740 2111 3050 1440 539 1449 1177 361 1137 748 2911 524 1821 658 2272 1479 1577 2724 174 497 2092 1177 1450 1308 1032 755 2467 601 2041 2636 911 1822 383 441 475 110 753 1984 1166 2843 1576 911 2900 543 3256 2946 1519 437 606 1577 2796 2924 953 568 1141 2845 842 661 2708 1989 1078 2746 438 674 1941 1114 229 289 270 1150 824 2826 1558 648 2285 0
0 392 3085 1482 179 2514 1029 3349 550 2008 1237 966 1963 2627 2954 2513 181 1542 1342 683 1029 560 1223 737 1055 2856 188 270 1556 860 2252 383 424 1667 1137 1474 1107 1392 1371 2758 2159 2583 2021 862 790 205 1547 1071 2613 1898 2846 1269 2348 2152 107 2828 2571 1269 2580 631 1277 814 667 1752 2992 3013 2628 2442 325 431 1558 940 2340 1980 617 1638 677 2519 3319 932 206 1309 2889 2927 266 992 207 429 1637 1596 2282 1940 2114 839 354 1483 2128 300 1132 1125 2834 1294 2824 2246 441 1931 1140 446 455 1797 1076 2163 1395 1749 2545 3299 3193 1016 506 2080 1721 2390 864 1950 1399 1699 2218 1554 1762 2367 1675 477 1381 1027 1368 2196 586 713 1437 0
0 2061 2935 3248 3217 2625 2256 2738 2481 428 2333 394 1190 1966 1125 1539 546 538 981 3023 939 3023 1628 928 1278 2310 722 830 2481 489 477 1590 2553 1795 2180 2162 1970 2418 971 2555 2503 1019 1842 1279 1462 1038 549 673 2423 1656 2976 604 2951 3109 624 772 509 1086 962 1018 2097 355 2566 2148 2069 903 1070 1573 3137 2242 2786 305 1691 1717 649 2022 1279 498 2781 2431 653 2126 1771 833 2839 1994 851 1751 1267 1471 1815 1049 412 3297 2639 1077 648 1861 1291 2618 3190 2356 887 2315 2237 2904 2198 1332 2487 767 2768 2093 427 1813 2448 3172 2005 1882 2490 2228 2152 1542 430 1785 527 690 3181 1759 1231 1727 1497 1510 2524 2390 1366 1627 1440 1545 0
0 169 3026 1638 2571 2614 811 2854 2790 781 2882 2754 2407 965 2714 1187 2636 1822 796 1269 1898 444 1747 2665 235 3061 2656 235 1837 1446 499 968 708 2548 1168 1302 2526 700 1168 3197 3090 831 1253 2459 2134 1811 2570 2678 982 1383 1868 1704 3078 2366 2922 2506 615 571 1495 1703 142 694 127 1433 386 886 971 3150 3254 1437 2070 2022 2821 2922 1562 1190 2562 2492 548 615 478 3233 2647 502 1746 856 1237 606 2969 1974 2786 2019 1361 1608 3140 2514 2968 3118 1095 223 3060 2780 2766 2681 1493 2072 1085 2185 868 680 2088 1421 2233 3024 1358 187 270 1792 1871 2817 2956 2439 2305 127 807 159 771 1319 3230 1199 441 2701 351 419 914 1110 2630 0
0 1145 1844 1890 1192 3042 1207 1955 1600 1892 438 337 1854 1130 1206 227 1619 554 558 2532 1598 2071 1453 1355 3119 2303 1765 351 2722 3169 1858 2294 2358 2861 450 2727 2068 1039 684 2875 3363 272 1410 394 2395 3165 188 207 2492 1397 2054 3024 451 713 1140 3192 3053 619 948 2103 1395 937 1457 478 115 362 3231 2391 2874 603 1422 668 2041 3206 2575 284 2840 1122 1009 3235 1067 1660 1107 1472 102 925 1939 1776 748 535 2916 1631 2190 682 1529 1313 2097 1082 2387 2178 3187 3201 2788 882 2165 1465 3269 2775 1525 3061 502 831 1638 963 1091 1868 3088 123 2524 1335 607 1514 467 2401 2943 3066 560 271 1683 190 1435 1817 882 2156 172 3253 0
0 2464 1357 1834 986 2475 2413 1079 151 2327 1999 1390 2906 1789 1445 949 699 3298 522 620 2899 2484 3401 2406 1087 1854 3090 1383 1587 813 3352 2855 896 3211 2859 826 897 721 468 243 2359 2651 2340 776 3179 2571 714 3206 882 2744 127 2869 607 1645 433 1849 1294 2304 902 1201 2814 3142 2772 1545 1140 1370 2515 1784 1083 696 177 3256 2921 2427 1579 2327 2230 2513 2487 722 1306 2125 590 1163 2847 2507 1173 1300 2958 3108 1684 1792 3018 2554 828 1252 3242 3056 1844 1857 1990 1135 1039 292 2623 155 208 1537 230 243 1820 1979 3033 2381 3228 2837 2809 573 832 1973 317 1413 2107 1257 1132 1644 2354 404 1719 2597 2377 2635 2781 712 1958 0
0 1111 2405 1956 1610 1131 2988 1190 2776 294 2966 2076 852 1591 110 1707 1578 2229 3134 509 727 2285 3023 1349 3111 1120 3065 3046 1018 3281 2388 1288 1328 2390 882 1799 2528 2020 2595 2974 2705 2397 1525 3080 1363 2875 1593 1045 553 2821 863 502 2986 2359 1374 2178 191 1199 965 528 1363 3238 275 1751 3227 694 2859 475 744 445 1371 1747 2931 2387 1126 516 926 2159 3200 296 1742 2283 1484 236 2372 1983 1572 2223 3151 809 587 1377 3238 946 1746 2801 2152 1818 2029 2714 2165 3200 2453 2297 493 1308 2947 2816 181 2973 1399 1429 1333 735 2175 1332 681 2227 2684 1265 2494 2748 2620 3205 3063 115 658 938 2697 480 1695 1182 2174 2600 0
0 619 1855 2435 1926 3215 1249 854 2159 2474 2718 2552 190 2658 2157 2504 2226 2096 1387 850 2452 2762 2760 2498 2428 476 2773 2110 2299 2938 1508 2300 1321 855 2607 488 2755 1480 2542 2882 2145 1729 623 260 2754 2783 3350 1408 2065 361 1554 2901 2035 1464 2262 777 1076 2768 2211 1503 2589 2436 780 1352 1039 2506 1300 1465 3332 1736 3142 836 1791 1901 1939 817 2202 2642 1897 1771 568 1521 2290 1927 368 1914 2441 2012 763 1905 2819 2082 1414 1064 2417 1986 1072 1362 1396 2397 1672 679 205 397 2579 842 1097 236 2874 1466 668 546 982 2629 1050 1115 2371 987 3149 2325 3249 1421 772 1470 1152 1050 1546 855 2841 2112 3018 3050 1396 0
0 253 3124 296 1926 1497 2789 2887 2399 2470 2558 211 1120 1287 922 2079 186 2878 2276 428 2348 2614 2395 2004 2048 1320 1615 1406 319 2841 786 1663 3087 2472 1588 2484 1198 3019 571 2765 390 1496 2912 2200 313 205 183 3118 775 899 1570 2473 3029 2635 1166 2280 3284 3330 411 2629 2075 1547 2759 1765 1782 1021 2583 1961 1822 1706 3116 524 1261 2970 132 3078 1785 236 712 1929 1238 1764 694 1532 1269 1556 897 367 235 2617 1368 1221 1535 3219 2917 2115 890 3185 2551 2565 3082 376 242 1146 3165 1166 248 214 2645 342 2650 3124 1465 1886 1476 435 2969 1249 657 383 2274 2401 676 2556 516 2012 1188 1310 2163 149 2170 1843 0
0 240 1131 2983 441 1685 599 195 1420 2817 3047 1967 2049 1548 3119 2970 655 1348 1325 2924 2614 2214 2569 744 1889 993 746 1348 3237 1030 172 1413 1391 897 2261 198 835 646 2121 1359 2913 2523 2286 2614 1448 1898 2687 2229 2188 362 2858 3102 2163 2712 1213 819 3090 2527 3190 2756 1075 2654 230 2442 2755 1689 713 1255 2539 1822 2204 2132 2471 2085 2250 2290 3235 2986 2590 3204 1654 1743 2462 1928 327 2416 1444 928 1889 323 2361 449 2669 2636 350 341 2491 1943 3185 1851 160 305 1849 2509 1346 2906 612 2207 571 2215 2910 3328 3235 142 1157 1568 2370 530 1139 2398 2364 1914 2677 1179 2619 747 2673 3042 1789 1876 3055 0
0 3109 2816 3134 298 2094 3248 2555 2827 2002 2645 440 2888 688 2409 594 2621 414 925 155 935 2958 2995 2917 373 2925 719 2006 725 220 2802 2449 1981 1333 1559 2290 2508 249 3053 1640 2455 1170 1560 508 1881 1605 3242 2749 284 2342 2156 1598 3129 697 1105 553 330 3068 1755 686 262 135 1985 1528 1311 2281 1764 430 2337 2403 1382 2576 665 1424 1019 2944 1537 2590 3156 2035 3184 1337 1831 544 1285 1210 1513 202 387 3101 888 2640 664 2484 1516 2488 1382 2202 1321 2825 1968 2887 408 3195 1075 3000 1118 1648 2920 228 1209 3117 2135 2859 3050 2178 454 382 369 171 2922 528 2120 1290 1692 888 832 377 3257 1905 0
0 2531 140 501 2245 301 3058 1909 1681 382 2237 3069 501 2370 855 995 609 907 1610 2530 904 3098 805 1314 1998 361 2753 2358 1706 272 1171 2799 612 1209 2929 1968 3136 1691 2917 2763 1319 710 2033 3360 3278 2037 132 3264 2579 2723 388 3123 1985 731 3136 2797 706 2143 586 858 2739 793 284 1463 2497 1609 2606 2608 2672 2170 3247 1062 238 981 221 2324 1138 820 210 201 346 1769 2021 1055 2118 150 891 3145 200 2172 208 3041 1205 2063 1997 2630 529 2717 2890 1742 2627 2817 2681 464 1706 1430 2972 3229 2722 2968 1753 3227 903 2471 2723 3275 938 2490 2744 1373 780 2729 1367 2651 937 282 3147 259 2182 0
0 1866 1606 3249 1773 2859 758 2409 1592 1599 2749 429 1002 2641 573 495 317 2271 811 1657 970 692 1288 138 1657 1044 3307 459 2199 2776 1509 1676 2857 1054 1913 1141 234 3127 2394 1863 1979 938 2646 3123 2229 997 3069 2165 891 2130 2781 158 2429 819 202 2314 706 472 585 826 2754 2365 2324 2182 2251 1199 2980 3124 781 2848 2497 423 1927 1149 2864 2210 1396 332 120 762 126 3299 1682 137 2098 1430 2455 1021 3088 1839 521 1919 1557 1759 2247 1682 1895 591 1016 1041 216 2037 1468 1498 1896 2531 1517 211 1204 175 1079 2510 454 3216 2909 2900 861 2284 2151 866 2005 2085 2290 1114 1129 596 2163 388 0
0 168 2356 907 1472 2273 660 1428 1770 294 367 2930 2036 1206 1940 1760 859 162 404 622 2185 1464 885 3019 545 258 1229 330 2884 2542 2557 1418 465 1187 1308 3180 3210 239 3122 257 2515 1498 3218 2672 871 2624 909 2996 226 684 365 1041 2268 430 1549 2924 2521 2761 2560 1291 3142 2461 634 1434 3101 2315 1364 1020 3277 900 805 2874 2284 254 1414 2785 1520 332 1017 152 1517 1654 207 1174 2239 1558 1221 138 2864 554 719 497 3116 1975 2446 2161 2948 1954 2905 1852 3218 3177 1857 1484 2081 2958 938 2203 1191 917 1495 2320 622 2510 3077 1729 2402 2745 1312 1656 3242 1357 1366 2714 247 2454 3092 0
0 1190 1281 3181 1699 2805 2578 2192 1580 1922 820 2431 1457 2848 1166 1126 974 1249 533 3055 2709 2184 2795 3200 337 2658 1271 749 858 760 2411 197 1756 3262 699 1087 1985 3166 3075 1659 1427 318 462 3062 485 2439 3164 1102 1008 372 2517 482 1905 2550 2257 1456 527 1446 2880 1102 1627 652 308 3032 1652 2771 2891 1452 2138 121 1260 1072 1412 2089 1892 2615 736 3006 1620 3203 2913 2336 3117 594 1516 2067 463 2512 1010 1412 2712 2735 472 931 2227 2839 2237 795 351 970 2925 559 2309 1063 1275 1623 1163 3118 2903 1928 826 830 3309 1701 1397 2641 971 1894 385 1744 1315 526 2527 2906 694 1940 0
0 683 3205 1071 2637 2087 1562 2815 462 1364 2177 938 2609 3228 1015 717 1746 1313 707 1952 2804 879 1581 1767 2053 2499 2617 1929 1904 2438 1209 1441 2478 2697 979 2594 3138 1875 2651 875 1449 2535 1418 2346 451 2222 2550 412 2974 664 960 1474 2283 862 2455 1943 1193 369 1136 2265 2794 1786 1009 1288 155 856 628 2156 2386 1677 863 2946 1913 2000 2655 2497 2825 2555 1407 3226 3117 1099 1085 158 479 1924 1372 1720 356 1097 378 1759 2994 2608 200 1667 1591 175 2206 2824 468 501 1289 1415 3195 3148 1699 412 1394 2190 2371 1878 2250 3085 2302 682 861 2957 2967 331 1677 2205 1876 244 216 0
0 178 1536 722 3161 935 1657 2527 1819 2937 1638 3066 1804 406 552 2513 1041 433 360 2003 605 2798 1968 322 2816 898 696 2486 864 187 437 1952 1104 1235 693 1953 249 1856 376 1304 3054 1513 2587 430 2780 912 1225 2772 1361 3208 2745 1808 442 371 1816 1843 1552 1242 1183 2352 329 2359 1717 563 2479 2854 2023 639 2972 703 2295 2431 2258 2321 2345 1200 2427 454 2857 2042 1787 111 138 2965 2734 769 476 2936 1609 2163 546 1088 2742 137 1095 2767 3045 2138 1204 1974 973 734 2920 2811 1043 395 1762 1375 1336 2663 1655 3312 1685 2573 670 2322 1184 2089 3256 697 2727 1283 1137 2996 0
0 1304 1910 2167 246 1728 1400 346 2517 3118 3269 3191 355 2582 2017 2420 1145 1196 1699 1119 599 622 1470 2468 2772 2028 1631 1112 1038 2592 2669 3025 1756 2201 2692 1809 690 2854 3259 2974 1386 1386 2881 868 2604 2855 928 641 2137 800 1682 349 2975 2235 2478 1786 1922 1598 2733 1511 2237 440 1407 2039 471 300 433 1475 128 2390 757 1560 3289 2023 3144 1309 1099 736 3065 2164 3263 1120 1090 367 1037 1257 2132 2950 1866 981 3262 1221 296 1855 2830 2982 3170 2960 499 2411 2355 2817 644 3036 2229 257 2385 939 2437 3166 792 1319 1662 629 1624 1219 2705 3147 1065 2606 251 827 1694 0
0 1331 1636 190 1573 1393 2080 1422 315 363 907 1881 2508 2623 211 326 2847 994 1317 2753 1921 2312 2079 2929 2954 2306 536 553 2126 1973 1252 1048 521 1237 1403 664 678 2248 3012 1674 2376 1979 584 2953 863 876 1292 741 1370 2892 277 497 2188 270 3034 1154 2618 1975 513 2440 981 1752 2520 527 2377 1921 1452 1427 1289 2922 2978 2823 144 3001 414 2033 1893 1132 930 2177 1144 3168 2429 1364 600 2882 2163 356 1429 2480 1440 795 1748 529 769 806 1636 2237 785 1097 1521 1946 2691 1779 157 717 2529 1366 2004 3136 2532 415 3327 1620 328 1201 1336 3263 2064 1619 1907 3245 0
0 990 393 1096 1166 2952 1183 3005 2527 1797 2485 3195 2771 1276 2613 763 1341 3247 570 2969 477 458 3018 3093 861 2314 2331 2871 1565 555 2275 2535 1311 1558 1970 634 377 2362 1646 2851 291 2394 2765 2972 3270 180 2226 2371 753 647 1954 2263 3179 2257 2881 1690 1306 565 2330 2147 2711 1545 1465 968 1582 3288 776 1334 2574 2063 530 1096 1613 956 2812 1415 1030 2180 1977 800 234 122 2188 1021 1800 210 1377 2327 854 2468 1507 3050 149 2781 2353 834 3067 719 364 111 1505 3038 3038 860 2368 1095 2671 2416 1629 429 865 2316 722 486 918 1511 2733 479 2393 1479 765 0
0 2522 2231 595 722 1051 2158 741 2036 438 2490 767 1929 1389 2467 321 303 897 2909 2845 2387 765 2638 1737 2406 2440 1799 787 978 358 2745 439 2129 1420 981 499 966 373 1733 2165 642 554 2828 3377 546 602 946 2303 477 1322 1284 1683 2906 1931 505 3193 2197 2695 1447 1536 2439 327 3048 626 1009 2060 1912 612 537 2238 2557 3270 1324 2795 1183 2041 3237 2504 3234 795 480 1627 2411 2946 1169 1135 892 2413 3091 1100 442 428 1059 234 3015 2448 769 2398 2353 1769 865 417 1882 1659 1966 1308 2496 2284 2839 1794 2191 1710 2645 2757 3177 2974 1205 2244 1595 2042 0
0 1639 2884 1566 674 1172 1133 1255 3023 858 189 854 360 1639 2134 150 2928 2995 3115 3162 809 1877 2816 1383 1136 822 1028 1556 298 2079 1407 642 961 2503 530 1381 888 2462 1061 2887 2362 1316 1348 968 1723 1394 1449 3134 2749 3172 210 338 2322 491 1336 1571 2217 1634 482 2003 253 2798 3010 2995 2697 1685 3136 1230 3190 827 2505 2546 2047 371 2903 1583 2805 1885 1798 3067 2650 3197 902 447 1975 3103 1619 2538 3151 2309 2583 2619 2107 1227 1621 2784 382 356 356 2133 332 2479 2133 2053 688 2924 1584 940 2783 3154 925 2403 1930 2727 1406 404 928 2673 1228 0
0 221 2799 103 1007 459 3170 504 2901 2082 363 149 2539 494 2881 1729 2436 1078 907 2941 1173 1771 733 1872 284 1566 2219 2834 1523 3132 1306 781 912 1255 785 2159 2983 2385 109 1705 770 2600 766 1063 2517 1836 514 2098 2397 1084 1150 1485 3383 2980 157 1256 1625 951 3104 2719 347 2596 2259 3109 872 2876 2556 177 3092 908 937 3263 3106 2483 1229 678 3170 1925 2625 1783 3166 297 546 2629 883 1983 782 3363 3285 2790 2651 2131 1493 654 330 366 496 936 267 3043 1533 440 2357 1608 2383 1159 1655 2910 761 1643 320 3052 1579 312 2900 167 2055 1732 0
0 1021 1005 2452 2213 2331 407 929 782 2550 2263 914 303 1067 1714 1815 2478 1696 1279 2147 2471 1807 403 1124 1460 605 1397 2940 576 98 3025 2301 1555 938 1961 1356 905 2238 331 2188 164 335 2510 1218 2753 3028 1399 2500 295 2025 1211 160 2199 3180 1468 2563 742 3154 3254 583 952 818 451 2860 1602 2126 2707 2714 2441 2446 951 266 1456 1198 1028 1056 2611 1250 441 1674 2406 2159 1487 750 2173 3041 198 1677 1620 1486 741 3041 1180 1920 1260 1488 3184 1851 2924 2866 538 839 2236 1091 1110 3093 846 3126 1111 2670 3113 1600 1724 1651 1309 914 2634 0
0 715 1923 1957 3123 3281 3110 713 3343 2397 2811 2160 2814 1153 2835 1728 2797 1237 650 2027 2563 1691 2464 1127 2431 720 1187 1603 2431 267 2846 634 2410 1007 2392 1252 3088 1060 2709 865 2540 469 1148 861 1246 3173 415 1552 2492 3212 2141 2561 2864 1005 131 173 424 837 1653 2554 1034 459 1606 1996 1580 1188 3053 732 2122 1821 631 1847 631 3103 2917 1045 702 1667 1958 1497 2474 2959 2449 1358 1379 2569 1061 1583 982 2283 947 2436 2745 325 1980 972 2139 1375 1398 2252 297 2865 2692 812 1536 2333 2024 1956 1464 1227 1636 1999 2185 2364 2204 231 0
0 2360 2716 2383 231 317 2996 2008 931 1430 1325 407 3069 2036 2247 2496 2456 1931 1245 2684 289 1727 1993 1157 571 1247 2388 1902 2762 1077 2484 2456 224 1870 2953 1916 841 2220 2143 2113 2095 3003 1987 215 1205 572 2162 1554 1166 2319 1678 2533 1220 2815 2082 1816 2473 512 777 2390 1340 3245 2455 1930 1110 1021 270 1391 2424 379 708 284 3066 1205 2871 683 1860 1814 3142 2159 2396 2947 2950 2649 2581 2241 1339 2719 1864 123 1485 410 476 1983 961 2139 2588 3191 1282 2239 384 2797 2405 903 1744 1531 2703 107 109 1566 3323 823 632 1936 3115 0
0 2584 1978 1524 1036 2934 2733 2838 2357 1043 420 3142 3256 2535 2795 1435 1898 2634 956 730 1665 585 2070 1069 1247 2829 1344 2758 544 235 754 3118 711 1992 529 1764 2756 719 310 1500 2920 238 174 3138 1374 1641 2679 3084 2747 2301 222 237 1850 106 536 2133 507 1017 369 1573 1751 197 1139 1098 2346 627 1302 1344 833 1109 748 132 2557 1606 1132 350 2565 1043 2961 2820 2274 449 2285 378 2230 624 230 734 434 584 1381 1832 439 920 2994 2830 1233 1229 2789 2920 2502 1442 1144 1654 1574 189 3007 2345 2299 289 2784 1583 229 824 0
0 260 1268 855 2158 1950 2516 730 2973 379 1820 1098 1801 1739 1836 537 2387 1382 1436 2155 2489 836 1445 645 877 913 2991 1177 603 228 999 1837 1696 2985 1733 1705 1614 2534 1185 1046 477 1915 539 820 1975 2697 499 1402 565 692 1197 1587 225 1326 492 652 2022 708 3267 1363 1084 1438 2256 2876 1502 2134 2767 2173 2212 2397 2157 2099 2383 516 636 2830 407 2850 859 363 2572 1573 690 2115 1232 2863 1848 2463 1399 1112 2944 1041 2500 3099 2070 2320 2956 2939 1462 1990 3293 1626 1357 405 1809 2461 1347 3020 2771 1051 346 1290 1988 0
0 947 2797 2834 2383 725 1954 396 2318 3045 1171 2728 1252 1589 1387 1739 1624 3170 2833 1473 1003 364 1094 352 2540 390 2017 365 2125 2886 422 870 529 1223 835 2298 1396 1599 2812 1201 2688 1746 3071 770 2238 1026 2764 2923 111 191 215 3288 2924 3196 1124 1551 3185 2478 554 2090 823 1706 1599 1582 2557 452 1097 160 842 2334 2584 2098 2569 1703 1984 1433 2665 2409 218 1519 3185 2308 361 849 2750 2516 110 667 2248 1425 1245 2148 1130 2920 2474 3199 258 447 1405 794 3268 2626 2388 3140 1000 215 869 154 1267 1925 1090 2899 0
0 1148 2311 1801 350 2899 2077 2280 2504 2586 3139 1553 3370 455 1101 2983 1368 992 1245 1146 1126 1499 1536 2526 2105 2711 2005 1500 1658 3243 2710 467 2488 1671 1867 2171 705 2943 1786 2814 519 1199 1615 2849 2623 2936 3003 2701 2458 1253 2139 328 2789 3176 702 3077 2798 2934 2981 1022 3036 649 705 2518 3147 1738 1218 1771 760 2222 1186 589 1414 655 2772 3150 3189 926 2056 1476 2858 2718 2445 529 1157 2586 2889 2651 3016 2045 1455 1027 3234 819 1899 3167 2805 1244 3111 3048 597 272 2043 277 2260 495 1061 1065 2501 853 1881 0
0 2966 499 1478 460 1500 238 1368 734 2116 1979 839 811 2894 257 711 2643 2016 2975 2610 2146 1205 1196 900 1528 2714 2300 474 810 380 915 3204 2299 2297 2657 3249 2789 2592 1499 616 2461 3092 1239 1072 2026 1542 150 2537 925 1881 1669 2333 1854 399 3041 3079 837 2893 2182 981 2589 1944 695 468 119 826 1894 1741 2603 268 3193 151 2757 2341 2224 1132 2200 220 1127 3267 2656 1835 2895 1071 1923 719 1532 2057 2442 2868 1412 3167 2625 595 1403 707 1332 835 3102 3106 3074 1695 206 756 1955 435 2974 2647 327 956 0
0 719 672 2186 475 2858 1252 2976 1811 2599 2576 1943 2501 2900 1009 2179 776 2232 3266 1568 3090 257 2458 3333 2428 3300 1682 2128 1256 522 1103 2026 584 480 1993 2870 2632 608 2264 623 1641 1775 2409 487 723 3255 2349 596 1957 1890 2996 2808 1777 2104 1217 2875 1583 2819 1963 2706 1341 2342 620 188 530 640 1585 1089 3056 1470 2767 2368 3279 2648 2088 270 3324 930 2529 2569 944 1161 382 1616 825 441 2500 1841 1434 1324 259 1923 1932 1798 1401 2657 3292 2316 3206 2266 1661 242 2938 2542 2281 2893 2941 2342 2170 0
0 1711 730 326 1588 628 270 925 1246 1440 2239 310 1824 3021 1963 128 1009 430 362 154 1623 2338 1073 909 2470 909 766 1590 3041 2585 208 832 143 3044 503 2797 2732 1680 2518 109 1267 585 1004 2937 3193 886 2054 619 3149 2539 1383 1312 1481 1228 2605 2871 804 3040 3194 701 3116 1935 1093 1981 1413 1518 266 2112 1355 1211 606 1342 1162 356 2187 1211 325 293 3212 518 1029 274 608 2671 1263 1021 1459 2183 2593 3071 974 3075 660 1897 221 1430 1605 2241 1617 1710 716 3373 1414 1921 2095 2251 231 1194 0
0 1477 2575 2691 2089 1628 1806 1861 1469 596 2819 2412 2278 188 2651 568 2329 2943 815 2512 2273 873 1757 1288 1893 1558 2007 1084 1047 770 708 2446 911 2490 3242 3236 437 1609 3053 1159 2195 514 3242 1130 2706 2472 1666 643 2607 890 1693 1373 311 1013 1099 416 3013 293 790 676 1832 2927 2897 2821 3144 2645 1604 1930 2361 1585 2275 903 3030 1786 2358 1858 2881 705 662 2833 2064 1364 542 261 2364 1583 961 1988 292 2888 2359 2367 2912 1335 1445 2588 2903 2483 117 2264 912 1891 468 3129 812 3001 1546 0
0 1869 2539 2796 2543 2921 1333 2011 600 1308 2801 2711 584 1710 1808 1738 2752 2586 2091 3258 675 2628 3199 1090 485 2726 461 809 2263 996 677 1639 1515 123 2487 2240 1075 2272 3192 2792 1687 2780 945 252 222 3122 1688 695 1301 263 3056 734 851 1761 3003 1487 2133 337 2462 3088 1430 2747 2974 1683 749 149 3288 559 1372 1629 2760 2511 2613 2758 1709 1215 1733 1797 984 553 3306 3021 2821 930 1305 2057 2861 3071 440 1131 274 2822 3164 2312 190 1213 1949 2600 1653 2127 2172 1262 2720 1850 766 594 0
0 1470 227 681 2986 2530 1471 1917 2013 1705 1997 977 571 799 2647 297 2295 318 1415 2082 2815 2509 1481 2629 1534 1329 2312 2058 541 879 2582 1087 306 2833 792 1431 1735 1985 217 1019 1504 131 387 1784 2615 3067 2146 3069 2819 798 1097 1293 488 835 1129 2165 139 2858 1265 724 2385 2598 360 3307 1336 1011 760 3075 3287 1306 671 2457 2253 2599 679 1581 2146 1753 239 1777 2408 2541 1407 2972 1992 1348 2686 1577 1758 1839 1405 2053 717 2772 807 920 3134 2430 570 434 2324 1177 3034 509 221 0
0 1179 3235 2262 1711 115 493 2853 2881 396 3073 308 613 265 110 394 1347 223 1497 2023 1803 1949 2746 1832 3084 642 1848 1344 2008 1582 278 1696 988 2947 1314 2309 2786 2654 2280 1890 3058 1482 3313 1355 965 2760 1447 1158 526 2237 3266 1042 1543 657 530 2164 1798 1532 2468 1173 390 1220 2959 241 2237 397 2535 1008 2228 3192 964 1971 118 2861 2303 2419 2086 1511 2954 436 2432 2873 888 1964 1643 2606 187 2476 1399 2584 582 146 248 1156 418 1961 674 1855 1235 2690 2365 546 2299 2701 0
0 170 3192 802 1682 184 2215 2462 683 972 1964 819 442 3279 1898 3001 297 271 1701 3006 2676 3053 1816 1051 1465 2474 818 227 326 371 310 943 748 359 664 1543 2661 1465 2927 126 2442 336 2770 1438 2585 2896 1582 754 106 378 2476 2125 930 1376 108 540 486 961 2659 2569 2756 2051 1064 2415 2790 3068 202 2293 2679 401 2422 956 662 1706 684 1293 316 519 1779 1833 949 159 2260 2048 1150 1495 111 1540 356 239 3232 772 2121 454 748 434 2568 2364 711 2906 2903 1544 1399 0
0 1324 544 370 2536 804 950 331 3309 2572 882 568 1452 2006 2189 1499 1402 3157 821 787 1353 2517 1751 938 2285 3088 2364 1909 3270 3093 1058 1151 1581 2107 2600 891 2751 3201 2883 2852 1573 3252 3321 395 1315 1987 2552 611 470 1078 2583 1943 897 801 2165 2563 1707 1737 1304 2644 591 2357 2416 251 1544 1801 1143 1582 1554 275 844 261 246 134 1430 1453 2527 1464 2909 2418 2633 1840 466 2288 2550 1403 370 835 3203 3248 2611 2971 2038 374 2414 2472 888 2058 2248 1610 988 3123 0
0 2316 2364 1289 1717 893 1577 2941 2211 373 2214 1032 2049 1952 765 2341 2934 2221 459 2500 1702 1598 1027 1038 365 1951 1064 2128 649 663 1351 220 1492 2852 2771 275 3207 1461 3062 2762 2500 2375 1183 1077 986 1045 447 482 770 708 2262 3294 1230 715 1622 2869 1384 1389 3076 1932 2022 1594 2382 1582 1129 922 1739 2468 1336 594 2355 1525 2559 920 3234 1422 2573 2149 2188 2579 1672 685 1460 2178 476 1405 2292 2917 1394 3113 2196 1945 545 3198 2986 3199 188 2842 3290 177 1512 0
0 1231 294 1582 878 2825 2432 782 2266 2607 2612 1353 552 322 1365 230 2454 3201 2965 819 942 1213 1499 1632 2756 3182 2656 1262 2201 1366 3042 2152 2089 3305 530 1593 1204 588 2824 748 3180 2194 1181 2729 1794 2705 2132 1853 542 1827 3142 1756 2448 1533 588 2051 3105 1899 1143 3159 271 1271 707 3118 2851 490 2662 565 3169 3095 2296 731 514 1169 982 2066 2202 2103 2066 2103 3039 2828 2986 519 311 216 1867 2748 1653 581 1976 2708 1620 1969 2700 1896 443 231 2056 238 0
0 1687 2106 737 2803 2620 1280 1344 623 1867 3346 2946 1970 2240 3270 663 507 300 2903 1653 1930 3096 1091 2671 132 2971 1252 1930 1812 1210 539 899 2340 727 901 1565 916 1098 2871 1067 2229 606 1048 3060 2709 1043 2713 2726 1953 1999 406 265 596 468 1622 374 640 2756 2717 2002 282 2721 1661 1631 1422 1241 779 274 304 1805 3081 1530 2626 802 1517 1442 1043 176 2076 2418 2377 1835 2219 1866 3008 2435 2508 760 2486 619 2993 1483 1698 1089 869 2946 1055 1593 1741 0
0 351 2506 2507 225 2302 1024 2933 3199 2242 286 2588 2643 2938 457 2934 1815 2690 2967 1950 1137 1029 2210 1155 1812 861 1602 3233 1683 3228 836 446 1553 1795 686 2066 3158 1433 2019 2763 869 1628 2559 1933 1133 1228 2683 776 1277 285 2405 235 1280 2882 2659 2661 357 326 2799 1505 820 1145 1358 3256 313 3068 3197 989 2210 488 2006 2506 757 2327 3221 1703 1645 407 2207 707 394 3096 1955 333 928 736 2488 1982 1138 1369 1918 2890 1838 2732 2144 3060 317 2708 0
0 1273 192 1770 1826 2999 508 2111 2694 1070 2979 3256 3098 3236 262 1102 1240 3122 1228 3194 1306 1744 767 1333 2032 3123 1909 2247 715 254 368 2302 1458 2255 926 1054 2587 1971 1368 2368 1918 988 1227 341 1136 1253 448 773 1583 2941 1565 1208 795 2521 346 2045 567 2151 2975 908 3151 1535 1417 1526 788 2738 651 3004 1335 2609 1718 1375 1855 2200 1295 377 626 2509 2382 2941 2682 3353 778 3033 2055 1293 1599 2331 2046 2123 2514 598 2293 529 1366 551 1742 0
0 2825 479 2792 3004 2800 1208 1402 2310 2651 768 127 2027 1533 98 3126 2355 1484 2060 2936 1650 1596 1593 1322 1655 884 1344 3174 1212 2575 1427 911 2929 1996 2856 3087 840 212 1964 595 2824 1698 1976 876 3038 1124 2090 695 1477 2895 2065 1197 1404 2953 147 446 176 1340 1178 2105 388 1321 2292 1903 1255 3147 2701 271 827 308 1191 2242 1721 1614 164 2038 2894 2810 1620 2693 2133 737 666 473 594 2483 1681 3071 768 2523 1861 2728 1232 3260 2362 465 0
0 123 2910 1916 661 788 3190 1272 1798 3093 1624 3108 2900 1407 801 586 2975 1730 2217 3049 713 1973 1449 986 1527 2734 2871 439 1790 1683 3099 1916 1393 1906 2618 2950 3316 2843 989 229 882 1546 770 2804 2963 791 2453 2548 1812 1367 3165 2796 3157 2749 2984 2944 826 894 582 1230 1250 1665 1647 246 2074 3001 620 3224 947 1176 2742 184 856 886 2139 1307 1298 1885 1318 3006 2414 282 1894 498 1803 538 2065 2074 2062 3016 1028 1281 1310 2997 2265 0
0 2079 2693 2970 139 274 2520 642 2861 835 3009 841 1164 2658 681 583 2315 2920 3131 900 1073 3097 1286 1680 1654 1004 705 3191 1272 2218 1433 1024 1129 1930 3096 1341 720 1114 3420 2740 114 1807 1280 1851 988 1849 3118 1537 359 1318 2162 1659 1557 1038 1255 1641 970 1134 1400 2538 1664 1331 1473 565 1559 951 3060 2510 2873 1566 3184 3167 1805 2387 2855 1479 757 1585 2958 1941 3204 2431 1783 2031 2384 3144 2833 2212 768 346 466 2853 1835 872 0
0 926 2423 810 391 119 2170 2684 1951 2117 1450 2126 2032 1235 230 1933 975 1471 405 2807 1385 2549 1597 1578 342 1812 1527 890 1833 1508 1167 2354 1446 3051 1458 2192 1178 3241 1237 2804 1931 620 2652 2997 718 338 3105 380 931 967 2716 2243 1477 1205 2795 1866 1429 2896 2582 760 721 1406 920 2668 1029 1258 2898 1182 2016 1383 2903 1050 2425 861 992 872 2117 1929 952 2197 828 3349 2064 3026 2084 1078 1010 2348 361 1798 2825 312 2726 0
0 2211 637 1782 205 2057 2669 856 956 1681 2838 1297 589 1935 692 264 2058 3039 2823 2203 583 2027 2765 1423 3328 2582 2175 351 483 929 2282 670 1596 1648 1852 2040 2436 1201 1949 3236 1560 1394 3244 1644 1437 1837 515 2408 2500 1134 1616 1964 155 1507 1102 663 1591 1300 1959 3061 3135 2542 2531 135 1476 1125 1931 2248 2159 2126 1051 3018 1187 2986 736 1361 2255 1248 2124 1523 2205 1807 3233 1557 2548 528 618 209 2582 1323 2565 1268 0
0 1104 2176 2378 1069 1987 328 381 3322 388 2363 509 172 817 847 525 2872 3063 607 462 1375 2636 971 291 1373 1096 907 1050 604 664 2793 1044 1624 3049 513 2289 3018 1696 2380 2461 978 1890 1492 682 1662 2878 310 692 1868 175 617 1739 2931 2229 2011 2047 263 1961 3163 108 1224 1468 1915 2751 2930 1430 1012 421 2410 1937 2994 1295 2816 366 2846 1555 1167 2422 844 1799 2998 2346 1346 523 142 1229 1444 2800 3241 1726 954 0
0 788 2360 1279 1603 3224 984 3093 260 786 2090 1503 3345 2516 1415 2161 1489 2754 2664 2988 1184 1224 177 2547 2140 210 345 1553 1764 2182 1586 635 850 3109 3107 2806 603 2395 3276 1631 2332 2440 2700 3090 2887 890 1390 1306 861 1168 2165 2122 606 730 3093 1984 2655 1961 2465 384 1876 2732 404 275 2449 1514 786 2306 2751 898 532 2407 1640 1052 2907 849 685 2294 1655 1343 919 2353 753 2686 3221 1591 106 2319 153 170 0
0 812 3289 2937 3168 2785 1046 1382 791 442 212 2426 1980 2088 754 3156 640 1691 3273 1119 196 491 2404 1125 2697 1630 978 3061 284 1014 1479 1808 2319 1414 2116 1911 1227 1865 1282 3291 3026 1477 1589 184 1255 711 548 757 1955 2358 1020 531 1171 1172 2116 1721 1701 2302 2403 383 911 3281 1181 2998 2157 523 255 2625 185 1021 853 885 549 3066 1293 2055 994 1175 3221 980 1164 256 3301 3283 2170 1052 2812 3290 1494 0
0 308 2205 1673 2965 1271 2016 384 1791 1237 2962 526 3386 2699 1105 460 2290 2080 129 3181 193 816 2544 1234 1527 1368 778 2290 3397 3000 110 3052 2429 106 1012 2951 661 1403 2844 854 1431 1736 2490 3375 377 555 1177 2829 2252 1729 3242 2221 2718 129 1361 1722 981 3148 215 1842 632 2959 2475 1011 1240 1937 287 2124 1869 366 1987 2961 1388 1412 685 1780 530 2739 926 3211 2305 3233 3236 441 3164 3289 455 2415 0
0 2560 804 2872 1297 1193 288 1691 2511 380 926 584 2315 1221 1122 817 3091 2398 869 1373 1567 2812 148 1611 2316 2377 1591 2710 2025 978 1212 144 456 1283 2204 1435 2710 1334 1752 352 3408 2337 1306 2395 687 2517 832 1143 1095 1308 606 2764 2432 2381 2930 2476 2512 2618 500 1061 1748 2943 1737 505 2422 898 237 123 1199 1922 1311 761 739 618 286 1322 494 3162 2969 1996 1701 592 1792 754 2516 495 972 0
0 1604 3158 2223 2470 904 2838 802 456 706 946 3102 3106 2397 822 2083 2457 150 3046 2207 1992 2145 521 884 1445 1655 1804 2743 3215 1248 1114 142 2077 3182 945 1763 1355 1805 993 2123 3083 1970 1973 733 1708 147 3113 1866 2943 1799 2578 2716 2696 1558 1141 2618 3311 2321 771 2921 1274 313 919 1416 2799 867 1151 3205 373 2298 2897 2782 1310 3181 1203 2168 2336 3047 1314 1432 1819 2052 1790 440 1983 522 0
0 2681 1018 1642 729 1277 1214 1374 882 2982 1118 702 3274 912 2286 116 411 787 976 2026 1498 1657 2563 1135 2516 2330 3032 2532 1211 1336 669 2601 2788 2449 236 640 1104 2020 522 1830 468 3195 2534 1474 1117 1744 2049 498 1301 638 1763 1044 2704 2129 1101 1252 2281 2007 1377 1663 1430 1955 2287 1632 1275 1800 104 852 820 589 1120 1728 2460 2561 1600 1701 2426 1066 112 806 2557 2838 230 2617 2963 0
0 3239 629 307 1126 498 2406 2802 2062 2552 695 2932 3043 2406 2493 587 1231 1831 2868 2862 2158 1920 2383 670 1531 2125 1285 2012 645 1381 1959 1813 1781 852 1636 881 2671 2676 1784 219 2012 2131 439 3219 3071 1987 1520 794 2858 2347 1394 3099 2615 3229 813 3080 2907 3222 2083 2268 2508 2607 1164 2891 659 2169 145 2233 890 633 1135 1793 2149 2743 2731 2255 458 2434 2874 2679 2827 2634 1266 402 0
0 1055 2411 1759 146 696 1297 2768 792 2884 3089 1707 3268 2969 1513 983 854 2645 3333 2392 204 2889 1020 2187 2570 753 2744 559 2446 1324 2881 3129 185 2895 2907 2875 3134 509 1085 2348 2688 1675 3056 2526 2934 3251 1120 851 3084 2078 868 291 2623 2173 2352 2594 2249 322 1302 2621 1220 2911 2389 1542 220 3181 486 397 2189 2023 1157 2378 468 3145 1784 1816 1764 1721 1338 1456 1850 843 803 0
0 598 1354 2670 1280 2671 382 2862 1755 2512 1695 1213 1972 1353 1741 2415 3066 2949 848 853 1220 988 567 1979 2895 2503 641 851 574 1173 3113 3013 2579 2108 2058 1033 933 2642 2544 3130 1893 1298 1624 101 2049 802 3234 519 193 1386 1577 1856 3015 2169 2888 1740 2132 1637 3069 876 2122 1630 2286 672 1457 1926 1934 2035 2715 775 428 480 2481 2981 2230 2001 2613 592 3237 1117 2737 201 0
0 1309 2825 254 2170 2584 2573 2432 1026 1480 1806 563 1012 2485 2198 3091 798 254 2212 114 3176 1555 1110 1138 2640 3300 3245 3063 2327 1734 1703 876 1510 2018 969 3232 1131 1304 1950 1600 2764 2402 1925 2234 795 895 2212 1994 2056 1745 1863 3054 2284 2642 2327 1360 304 1853 901 2291 1439 1661 145 2751 3261 3125 2330 2222 1485 2361 2067 2859 483 2645 2685 849 2974 2234 2615 689 3339 0
0 1107 786 2929 782 1891 2093 1789 1739 3035 2564 2486 3033 2187 117 2363 1342 2403 3087 1864 3082 548 1778 2772 1255 1537 1682 2146 476 1643 1440 1371 340 1149 1435 2613 2625 3005 1286 1308 2435 2685 1997 2614 2797 2411 732 2521 2632 1797 605 2998 1621 1002 108 2905 2535 1275 786 1426 2361 3248 1451 187 1700 124 2281 819 892 2886 1887 1692 3273 1892 1574 2676 777 2520 2271 945 0
0 2434 1630 843 3179 510 1923 1461 1146 706 157 1529 2223 2000 1098 2437 1279 1859 1052 1565 305 2098 595 1981 2043 2124 1958 1944 2763 2817 2207 2151 1177 1943 691 3182 598 2777 2441 103 308 869 1856 353 1665 498 2842 1403 891 1299 1566 1058 1568 690 734 937 787 2994 2128 1083 1872 2172 867 1657 600 1222 2369 2406 252 3199 1900 677 1662 1049 242 1547 306 342 2506 0
0 2658 2793 1065 437 145 3249 723 2575 181 1874 2438 925 772 1363 373 219 2203 255 1853 465 1354 2639 3254 3068 2599 3066 2756 641 2625 1313 747 2652 2643 521 630 1373 1259 540 503 2658 2564 3130 1139 1751 827 3093 3221 2416 2803 2183 2614 2224 618 1012 2490 2191 2679 1308 3210 2425 669 155 2103 2164 1240 2075 1682 358 827 1181 2260 1771 1911 1309 1063 312 427 0
0 1142 2882 3063 2460 3255 516 1856 681 895 516 191 1712 1914 2104 2774 1294 2140 1511 3186 2295 563 2025 1629 2842 1704 573 3210 1040 423 2536 3214 2285 731 3116 272 447 2757 1564 2283 1730 332 2682 108 3253 2362 2466 2504 2253 1159 662 2419 1717 454 1414 3272 2381 104 2289 3022 2710 578 988 371 1616 2666 1229 3106 972 1945 1240 796 2772 2422 1478 2008 3322 0
0 508 2880 2621 1326 3148 2078 1879 2209 384 788 2528 3141 3099 450 2480 751 2893 1233 1452 1311 1755 2768 1188 1351 526 2382 3293 2081 1903 2563 2294 2718 146 437 1721 2849 436 358 2804 1055 1785 1611 1200 2540 2782 1119 896 879 1595 2133 1741 2335 2670 899 2488 3061 1717 137 868 2831 1034 2017 2329 1077 1789 1944 2018 2822 856 2949 2460 2543 613 526 2769 0
0 1621 745 750 1566 534 2452 525 3209 944 2079 3272 1405 189 1928 1231 413 2790 115 149 1919 2415 253 866 844 1303 1362 2108 1917 1856 1334 1900 2202 303 134 1578 3124 1550 1515 1161 1847 1566 2644 208 1941 1969 718 1637 2225 1810 2153 1936 2657 2560 927 3171 325 3060 3285 2397 2514 2402 674 1381 1772 2395 3128 3228 152 2593 238 975 1317 2266 1562 0
0 1906 128 2228 965 2765 1827 3298 230 1819 1470 2646 1913 2685 196 183 3264 493 1192 838 1624 2959 171 557 1774 1030 769 1576 1833 535 1225 739 499 1040 575 225 302 2917 2303 1906 775 2429 525 1744 2521 3143 1277 2572 2173 1314 264 624 2313 331 3265 2719 1863 1700 2681 2163 1940 2444 392 3108 734 798 940 3008 2218 3347 3189 2372 1484 1372 0
0 1347 2543 619 186 1947 3064 274 2768 621 391 680 1760 271 1153 3078 1620 723 475 331 3201 485 2078 839 1072 1747 2250 471 585 2058 262 3224 1309 1032 2318 800 207 221 468 787 1205 659 3031 3086 1585 139 2458 808 1949 1148 593 1394 864 3225 1559 1777 2472 1909 1682 1653 1844 1519 1845 2749 2566 2524 1500 784 3364 2480 3052 361 2315 0
0 1268 1474 873 2350 1458 1014 2727 1565 625 2774 488 2187 1304 205 1618 632 1569 1711 660 2081 1054 3133 941 2331 2687 1182 793 588 2785 2748 1354 329 1160 1146 2186 2126 3062 263 2511 704 2249 413 2883 2428 1319 437 116 239 1305 2750 3065 395 3005 406 1995 1485 2653 1808 1789 2352 2390 1080 831 1130 320 256 3223 272 1387 2878 2982 0
0 1192 3331 1958 2756 2176 1861 3143 2323 1191 660 2556 196 2009 3214 650 835 2476 689 2885 1365 596 280 483 152 1734 1980 2258 1107 585 3178 968 1815 1948 564 2581 1827 1668 1423 1574 911 792 1539 1250 716 617 764 1357 2569 1703 2388 1164 2813 2086 1679 2983 1070 1743 753 3204 2295 1755 1041 1921 192 1780 911 341 304 769 913 0
0 3133 1286 838 2813 1108 1114 2986 2905 1062 2854 1733 1499 312 2057 1391 1790 2557 880 371 284 3026 318 2485 1297 1878 3050 3166 1095 3110 2540 3165 1898 916 3155 145 533 1333 2111 785 3324 1910 1241 2295 2735 3161 2748 509 1378 509 2408 1123 2658 2581 2834 1447 2908 1952 2891 2950 1448 3233 978 1941 663 1787 2114 655 317 860 0
0 622 438 2266 442 1628 894 1362 1897 1265 2369 1462 1931 669 856 1485 541 1508 364 791 508 1796 1790 1375 2649 2089 3155 2555 551 3185 192 2176 297 670 2885 634 2854 578 2244 1197 2756 522 224 477 2674 3196 1368 2443 3267 2469 1392 2696 2331 1664 2517 1290 914 1261 1719 1606 649 1552 2909 968 3206 247 1224 236 3170 0
0 847 2155 2580 2500 1363 2223 536 282 1953 2689 2889 826 1497 1403 1831 2926 3158 767 276 1658 3016 1713 1003 2763 2772 1251 867 1457 2597 2633 1000 98 1409 994 473 2516 2145 2176 345 487 2841 756 2652 2322 812 3077 2241 459 2374 2474 429 2582 3168 1660 2667 2419 3320 3109 3010 2316 251 2410 2962 1558 616 1720 1532 0
0 1078 2657 717 3189 531 3068 807 1149 2477 1928 2057 2872 1166 485 2359 114 2277 1702 161 3105 485 1303 1462 2327 2416 220 2367 641 2993 3170 1813 1149 542 566 2619 1952 1989 2697 2231 229 3046 430 3322 1417 3222 2322 3167 2945 184 3073 2614 2281 1741 1832 228 1957 137 444 782 2407 2793 246 1424 1447 2119 3082 0
0 754 3142 2579 315 1717 1679 3161 2203 2184 1359 3159 2479 2337 2247 2605 2593 3341 629 3038 2773 928 447 2905 743 1615 2082 1872 2729 2891 2340 785 1417 257 3167 2613 2058 959 2789 978 2749 637 2917 187 675 191 1183 651 2306 372 968 275 933 2421 372 441 2505 2459 749 828 1814 3090 644 1433 3082 2799 0
0 2363 2441 1877 2688 1748 572 1848 463 1072 147 338 2350 667 508 1477 1659 1277 1960 1029 2063 2253 1981 1700 274 1767 2343 990 1276 1648 124 400 2409 3300 1604 1013 445 2526 943 1329 3017 1313 979 1431 2489 1022 150 193 414 528 1503 1521 2706 1133 2880 1763 2520 2914 1673 3062 1555 3014 621 973 3093 0
0 108 2351 1217 1636 1132 1280 401 2877 1238 796 283 2694 1430 1369 1722 2250 2751 878 253 1954 1040 198 2601 3033 1816 3009 965 3330 2993 223 753 120 1646 2671 1051 3063 1110 874 2764 2312 3267 2040 3205 2200 428 1876 1469 2475 315 1490 2323 3070 799 1256 954 2069 3175 230 3079 275 2403 2515 2007 0
0 175 250 1169 872 422 1931 1225 1873 1442 3319 829 1164 2385 2553 1593 3238 1601 687 2986 1629 1164 3106 1455 2541 1842 1137 3236 3096 997 1366 2005 799 2032 3213 2120 280 2817 2724 2173 1741 379 2577 1622 3024 2634 1933 2947 2670 1879 2191 1916 1837 2890 500 2047 2553 952 1931 2373 2553 1985 318 0
0 2189 1202 141 1225 2486 473 1437 2514 2124 1812 1370 1405 679 1382 1782 3216 1998 297 2628 1237 973 2723 339 1260 1675 1206 2969 1450 1062 2563 1683 3179 2132 2924 1566 1819 2479 821 2782 2353 528 2926 1996 2206 1593 2503 395 3066 2380 819 2458 1255 1393 2303 1014 1739 3034 2158 2739 1248 2905 0
0 1550 1780 192 401 1309 1068 3246 2141 817 1306 864 340 798 1350 2734 284 3083 1398 2879 1924 1220 2423 2191 2583 644 3100 810 2039 999 2551 126 1635 1571 576 1482 353 2120 114 1202 2610 139 309 126 1234 479 3266 519 2952 1031 2949 2452 1573 1562 1099 3037 1390 1680 2902 3095 1522 0
0 3318 153 472 131 2627 1995 2360 3138 2623 1481 2861 272 2630 1812 1011 2387 1017 2242 735 1520 1174 3084 1448 3186 1889 120 651 2830 2317 809 2468 357 1848 224 183 2294 1813 3164 1193 1290 266 1967 1765 301 2871 200 1102 1353 2059 1197 758 2783 1222 2081 1405 2216 2026 2590 1536 0
0 309 2807 2953 1855 1153 1561 543 2403 1771 885 2662 2993 1110 1652 215 1339 1474 3191 475 633 1139 1472 3010 3440 2215 1715 1232 3060 2119 1256 392 2635 1931 1940 3175 778 2241 1966 2472 292 2841 2000 2890 3293 1803 934 1793 1788 2017 2208 2797 887 2183 3055 390 1037 1885 1793 0
0 2565 383 2824 418 617 594 206 1377 2466 619 2623 2356 2935 921 273 2961 2393 656 1937 1567 1354 102 1555 3249 2098 574 2765 2491 954 479 1052 1065 2621 2349 1972 2009 2261 532 2367 2728 1702 2934 2624 1268 2557 3094 120 2088 890 2248 109 2572 2187 324 1700 1485 2114 0
0 497 2152 3151 3138 2526 980 1749 609 1818 584 1050 357 892 835 1575 2337 3188 1793 842 373 703 2193 536 789 1706 892 2595 682 1053 1222 774 569 3211 2603 138 282 1788 796 2562 503 1733 920 208 1693 3192 2712 1375 2582 1020 3063 406 2105 764 633 1235 1585 0
0 2458 1390 601 638 3238 1624 2823 2998 581 379 520 814 1380 2870 1345 1389 2475 1980 1849 2100 1021 2853 1245 2856 3163 2978 1352 951 851 1933 1562 1427 1907 1806 2625 2670 862 2020 742 2521 2741 1884 1537 2250 956 1865 2868 394 2385 824 1556 1985 1462 1622 2977 0
0 213 1084 686 286 2543 2014 1251 1949 2146 1272 1095 1694 219 780 2682 2679 148 2578 1476 2399 388 1021 1998 351 2131 1065 1853 123 2532 1648 2156 2367 2269 3232 2585 3158 1378 2624 2243 3022 2712 2820 345 1864 2841 1256 264 548 265 1067 785 2172 218 2625 0
0 1318 2278 2523 1331 1528 155 1239 1479 2665 1294 1883 2659 385 1505 2866 1319 864 2573 1732 1690 745 792 2319 722 980 840 301 2039 1599 3059 3267 2315 1858 677 230 863 1055 1373 837 2999 568 366 3259 2690 3005 737 3149 1203 693 3009 3263 1712 582 0
0 712 639 2188 1897 2589 753 1961 2494 3258 1644 1367 2828 991 1762 1390 962 2427 2775 1794 970 114 2477 2988 2874 3004 2371 953 2466 1401 660 3038 451 708 2953 3276 3016 810 2625 1008 165 1045 1358 507 1571 316 255 2981 278 3184 1927 844 558 0
0 2980 3148 1459 2931 2649 2180 2158 3010 2793 3163 2654 1941 2970 2400 185 1851 1807 266 1931 744 572 3301 2011 2204 1632 1507 1709 2746 2909 1404 2888 2003 2697 2546 3081 3246 1878 2062 1476 496 2015 2400 312 278 1217 1842 592 1228 3037 573 337 0
0 975 1918 1612 1826 1123 2628 314 3264 2535 2748 2344 452 534 2728 1398 2631 1380 237 3271 1783 983 1562 1986 1502 1938 712 3181 1934 1016 593 3025 1263 1152 1165 1100 2746 3092 307 1120 2553 753 301 1138 1389 201 3248 2991 1697 509 3237 0
0 2878 588 682 2931 1570 3350 257 3200 2513 1656 553 2411 1006 3061 3260 2646 2583 658 1876 2845 3259 1245 772 1153 2870 515 2818 202 853 932 1525 1503 1046 749 2408 738 2618 456 1679 1810 1764 408 767 2982 2330 1229 2234 1599 264 0
0 2546 3292 796 475 2099 465 1960 2832 2285 1157 552 161 1286 1670 2345 2393 1435 368 2725 1446 2118 1102 2286 2222 3238 1727 2667 3049 1015 1733 1580 3204 2131 299 487 1642 775 669 810 872 922 1858 338 620 157 1700 1301 2384 0
0 3289 3171 853 2057 974 661 454 1006 764 2543 413 1088 2253 1949 678 2909 572 227 1115 1308 728 1613 851 2902 883 2619 330 817 606 2138 1645 2645 394 2263 3050 672 2839 132 3217 1795 2190 790 2154 273 520 3080 1951 0
0 1773 3029 2896 406 311 3343 212 1692 1179 167 1329 1542 2582 2975 2444 1874 941 3080 2935 2022 2197 2204 2360 2544 2332 1474 1254 3202 1589 2680 2397 3308 2848 357 1207 892 1420 213 2436 2368 2180 320 1578 1546 2096 1830 0
0 1443 405 2507 1478 2773 2347 3242 3206 2984 2827 2413 266 1004 2104 235 2170 1839 1059 287 902 2354 1874 1721 549 2898 847 509 3148 801 655 2942 554 583 176 1862 1835 2503 186 1937 948 2806 376 1498 114 1116 0
0 358 452 944 247 3096 680 1911 3081 2471 2883 1981 2003 1813 1951 1921 2300 2625 2383 2228 1920 2926 935 2229 557 3046 584 1286 2688 1302 798 386 572 1531 2978 2510 2226 2267 2630 2929 2319 1925 3051 3182 2362 0
0 2573 1610 3135 1130 751 1146 2344 3165 1277 2478 1538 1387 2487 469 2566 1454 1351 1870 1755 1508 398 2639 1034 1490 1815 3189 2023 1694 3106 144 2144 1150 2134 1966 593 1096 1342 450 2662 2985 1321 610 341 0
0 3201 914 1996 2258 2469 880 2575 3316 1489 3064 503 2078 640 601 2521 2864 1280 2917 132 109 350 548 1495 668 3253 1599 220 1087 1268 882 285 3041 2408 527 483 1115 1337 3003 2544 2413 778 2145 0
0 2399 347 694 2582 847 3284 3224 698 1699 570 2374 2372 2716 2821 234 2385 951 2892 576 951 2776 1671 736 3066 226 2257 1612 1596 1574 476 3161 2663 280 2898 1180 440 1426 1167 2595 1181 1368 0
0 1840 2557 114 269 1032 513 3246 666 1611 1819 314 200 2346 2966 2919 1010 2524 774 1741 481 2417 1337 2859 1903 1054 1931 485 3011 3169 1969 259 2732 2948 2616 3022 274 1788 2059 1304 3220 0
0 3072 917 1404 2541 182 747 1549 851 548 1965 840 1568 1005 3196 646 2939 361 1337 1282 155 240 2879 3070 480 904 587 2877 1950 1588 1338 2477 2732 664 2092 1621 2452 479 2792 1001 0
0 993 2352 1523 2098 2769 118 1974 1627 1369 2576 394 878 2187 3283 394 2290 1246 3035 1635 1715 3127 1731 1378 1360 1626 199 3037 1010 471 1399 2621 917 388 2166 1274 3149 252 2985 0
0 2977 1875 277 647 2263 3035 1722 725 783 644 1413 236 2864 1191 1389 1470 2514 3096 295 2582 1529 2444 3184 1269 125 3188 2718 589 2070 789 2457 2126 376 2024 920 3079 1719 0
0 2339 1527 3219 2764 2340 2503 1195 3363 2015 2916 1153 818 2188 2205 3179 485 1656 611 810 2263 2653 1220 437 1245 785 3360 269 2610 3132 2819 2532 1580 1879 164 837 2018 0
0 2035 168 2871 2132 132 148 1812 1609 223 1934 2372 1081 3194 566 403 1319 1594 1933 102 3365 946 985 1202 1192 798 214 2570 2639 2947 2196 917 1459 1314 1037 1773 0
0 151 192 2717 1224 1819 1764 2725 1355 3201 1554 2123 2375 2151 2312 2449 1542 844 901 741 3336 1145 1733 358 2072 902 1328 2047 1240 3302 1101 1979 2196 902 3027 0
0 1516 1440 2227 400 1288 402 3126 1322 2512 232 2201 672 564 2124 2612 2765 2600 386 733 406 1689 1925 2768 2410 2669 2990 1632 258 1026 1810 3121 423 1184 0
0 908 2226 2004 592 1606 2826 1330 534 1121 754 818 755 1496 2511 717 1629 1453 836 2325 1687 1653 1737 880 1920 1034 1642 2102 3002 2391 2790 350 1973 0
0 1458 115 2534 3047 2061 903 1116 2369 1279 993 2057 513 1957 1585 2485 1683 2676 427 1282 241 2654 2779 1386 307 2114 2911 106 2962 483 227 389 0
0 2200 1288 2178 1273 1461 799 2744 3128 1328 1460 2466 2814 2085 395 1136 2105 3123 246 1882 2631 1203 667 2219 1926 911 1237 986 2586 940 322 0
0 3083 661 468 1638 2880 2682 115 293 857 973 1380 2222 229 2454 1797 310 660 668 3275 3315 345 465 3084 2619 1580 2220 2433 2495 2419 0
0 2351 1243 3174 2699 1561 2222 1843 2016 1511 2749 1908 3317 1166 1673 1984 621 932 1629 2396 3037 2475 2047 932 413 1834 1701 2871 1128 0
0 2669 2283 2923 3296 1025 797 225 2348 778 1028 1556 1859 1903 1307 548 318 2370 2611 1591 2795 3170 1467 935 205 1533 761 475 0
0 2864 1030 2026 2845 2730 2051 1998 623 2118 2175 2203 2928 688 399 216 717 2983 1270 672 2761 506 2270 1543 2501 170 1651 0
0 283 314 2794 1704 391 431 3136 2795 1862 1234 2109 2413 2125 2553 3266 1397 332 2564 763 1043 1676 1287 348 2559 362 0
0 2997 2106 2755 2886 2888 1581 1157 2906 681 2370 1483 551 1962 2659 2873 892 457 1571 1003 1028 742 320 611 3018 0
0 2044 1548 2925 2802 2313 3324 376 332 272 728 1167 2252 2319 505 2635 1337 2456 830 2810 2095 3099 2655 1397 0
0 866 962 870 520 2566 1594 1676 408 1937 1693 904 2176 452 2211 602 1371 1252 322 1771 2033 1862 804 0
0 3222 480 3054 486 1580 3100 1032 338 1515 248 2651 2002 1351 2448 1969 995 808 1179 2929 2344 793 0
0 588 2938 2294 2422 1679 2991 1733 962 2676 1649 2254 891 2875 144 1817 3269 2161 671 1031 286 0
0 2031 1083 393 2648 2055 2520 1464 3012 2923 1143 519 1564 519 3080 3253 1564 1381 1538 196 0
0 2672 2847 3131 1950 2732 1726 1982 1395 860 1191 2320 417 617 1494 1843 1993 833 1941 0
0 555 342 1092 2916 2637 629 1501 2433 2263 1808 1803 2918 2460 899 1653 899 1182 0
0 1688 2065 2425 671 177 2345 737 2103 2283 1007 1233 1414 1355 2902 1591 1916 0
0 543 1738 3253 658 252 1222 2538 1820 2824 2344 1593 3098 2777 1124 2624 0
0 949 2405 3286 2444 3320 2204 2026 1248 553 535 512 235 1000 554 0
0 293 2718 1240 1188 1311 1240 2646 444 891 2151 989 2616 186 0
0 2337 2826 2098 717 783 2586 601 1678 2752 3038 404 3118 0
0 194 1882 2882 1246 3004 2469 167 223 2499 1724 3107 0
0 1610 1603 886 1250 2578 1161 2921 771 1985 1485 0
0 589 1738 333 154 578 790 142 357 2872 0
0 2517 2650 1845 1303 985 1334 2363 2188 0
0 2039 3203 2121 545 1242 3239 1909 0
0 2290 809 699 1175 2205 849 0
0 1228 2929 2735 2453 1733 0
0 2496 240 348 1852 0
0 2381 2302 2032 0
0 1915 2762 0
0 3050 0
0 0
0
0
54874
2749 925 1526 358 2857 336 730 1012 2386 3442 2850 111 2703 2114 416 1960 908 208 973 1651 2152 2518 1857 3306 1818 733 1018 941 835 2487 2193 3017 2579 3180 1310 3107 561 2298 2146 1041 3172 3109 2472 2836 1878 327 234 1842 3012 564 535 530 1273 956 879 234 2306 1646 1971 2336 2677 3049 2436 1864 1151 2087 970 3120 2840 2427 1369 633 1492 3184 1746 1037 2186 1019 330 1497 567 1417 3223 2391 2232 1862 1864 472 1138 1214 952 1146 585 2949 570 2174 913 2635 1984 1819 1488 545 2268 632 2309 1936 2453 129 2384 2043 121 282 1347 2585 684 111 2104 3225 1905 2456 447 577 811 559 562 2520 2139 1680 1534 1700 209 1708 1321 1818 2055 2086 2364 1479 117 236 1656 640 205 1282 1154 2924 3132 239 1303 555 2410 993 939 2774 322 1025 3119 640 2124 2114 2067 849 1866 769 1926 598 2220 2742 480 673 3076 592 1977 1718 3156 3154 2592 1700 2566 1080 2581 2008 2475 3193 1605 1267 854 1936 437 3224 2384 694 1526 150 393 849 913 2818 2629 723 573 306 3174 2740 2794 1918 1198 1458 2697 2547 1887 276 1242 1267 2772 3343 439 820 2467 2850 1952 443 1436 2633 1577 2545 1260 2055 1443 1139 2164 1902 2300 874 2718 2515 1140 2975 392 1745 268 2775 1213 3097 1414 2302 1640 297 736 2617 532 2368 337 2197 998 244 1063 2596 1388 567 761 1351 105 561 424 2064 1283 452 771 2324 1051 2762 531 2805 2637 2524 1350 1519 1256 1503 924 1084 1308 1012 2871 2148 1693 324 3287 2411 403 750 1751 2058 1214 1036 2665 757 1742 1524
