300
227 105 242 302 235 166 115 214 264 202 284 102 247 191 181 259 195 319 290 256 269 98 132 213 264 239 120 269 188 281 247 308 250 228 193 215 173 184 250 101 277 227 210 208 187 118 156 225 206 194 254 267 176 233 169 231 142 171 123 93 212 174 143 111 96 302 159 96 279 259 223 102 153 134 106 115 163 216 131 280 238 183 182 277 118 285 201 207 202 287 155 173 144 294 202 193 220 226 234 244 284 143 259 256 139 272 258 207 207 199 191 251 209 189 222 201 111 180 161 128 227 116 239 151 227 193 263 199 278 248 211 102 107 217 122 181 242 295 283 117 158 119 131 286 238 234 110 302 152 166 244 202 229 234 312 83 237 250 114 273 178 184 227 289 306 207 275 277 235 167 237 129 238 133 295 264 279 242 199 311 224 259 125 257 145 172 235 164 220 165 240 138 270 167 312 110 187 149 158 139 102 116 220 159 230 202 247 179 229 193 120 120 155 167 170 203 139 134 283 289 95 247 210 153 206 221 202 223 109 159 175 295 249 170 135 223 203 142 155 218 205 146 223 145 203 270 97 263 123 253 282 206 190 204 192 140 219 147 215 129 99 202 198 225 144 161 169 284 150 269 110 128 285 177 185 258 113 239 122 249 214 265 258 222 144 268 205 165 148 294 130 182 220 114 260 97 117 313 277 116
0 161 107 262 177 147 291 211 157 268 288 172 303 116 224 177 152 203 210 180 235 194 149 289 291 123 247 276 133 274 190 144 175 265 130 120 190 136 230 198 153 297 101 283 110 179 147 247 150 175 282 301 292 259 122 206 103 119 126 163 244 160 225 178 177 235 137 137 126 244 126 159 130 118 120 234 223 208 129 200 273 104 218 106 296 233 200 215 283 211 119 179 118 169 103 102 225 228 204 166 195 160 274 259 144 255 123 275 243 190 127 246 288 259 189 238 236 264 236 272 195 228 154 266 229 103 147 105 158 169 166 107 303 110 105 270 183 248 261 123 263 274 115 248 182 176 236 188 274 176 152 299 132 265 112 122 98 157 177 197 275 111 211 225 159 127 247 118 108 267 201 144 0 204 164 268 202 262 188 200 204 102 135 297 114 173 117 173 142 295 262 182 220 218 200 258 159 245 183 167 224 215 185 102 117 153 291 230 214 197 211 189 267 263 128 265 124 276 252 285 153 224 123 122 106 123 219 181 109 258 256 109 176 118 287 296 219 134 114 257 183 194 252 236 216 228 254 245 237 240 239 240 296 245 108 151 247 209 138 307 287 248 268 102 303 205 111 245 139 132 194 303 262 99 209 99 114 177 207 191 212 271 103 173 132 104 126 266 108 277 204 115 141 116 276 273 276 265 310 0
0 247 103 260 208 184 288 290 130 143 156 139 161 150 248 228 156 247 187 271 297 173 143 237 213 275 182 106 287 166 274 164 155 187 187 280 254 173 205 136 194 163 147 272 295 246 139 109 183 187 272 129 182 132 146 277 211 161 144 280 104 116 106 107 166 137 129 129 267 266 112 275 191 161 229 231 137 207 293 265 230 229 225 198 203 243 284 170 129 257 171 200 125 223 182 230 164 175 203 253 261 153 194 216 224 279 290 123 214 267 240 149 221 179 144 225 193 248 200 267 157 103 300 106 240 217 260 258 125 143 175 103 104 132 145 231 130 105 124 218 260 266 109 212 109 172 122 285 187 255 130 255 280 233 258 265 159 183 121 103 174 119 145 164 191 289 192 190 137 255 200 234 278 143 166 247 130 183 101 180 254 119 174 178 164 264 130 170 228 180 209 302 286 124 183 228 253 253 167 165 120 226 252 275 204 192 125 276 212 150 273 271 185 244 199 158 283 265 143 276 257 122 109 244 155 248 257 248 258 226 290 192 165 295 197 115 212 204 120 268 227 144 99 223 209 240 205 143 223 167 306 300 258 178 248 303 276 307 260 100 284 179 168 137 169 233 200 237 192 198 240 180 290 178 203 274 168 233 148 265 141 215 173 228 237 133 283 132 139 200 198 256 296 121 124 142 124 254 0
0 116 135 118 297 177 236 266 105 181 130 274 271 140 253 101 108 190 151 238 202 135 106 218 199 284 105 122 184 120 205 152 291 204 168 176 230 116 258 102 300 112 176 205 101 166 269 155 154 140 161 237 297 188 206 170 163 255 265 158 180 259 177 133 288 128 146 218 107 178 169 296 261 203 246 197 102 203 215 130 153 248 114 189 261 245 159 197 144 152 121 115 190 206 225 193 274 139 220 130 168 219 195 280 272 174 116 245 245 111 165 105 142 243 305 216 289 128 172 175 261 284 174 103 156 208 250 168 267 199 261 260 284 235 107 294 216 131 271 247 279 220 107 139 283 165 262 246 265 108 207 291 267 200 161 177 133 225 232 167 271 253 118 150 194 207 120 248 276 143 161 254 151 292 192 189 287 187 125 141 227 299 254 266 297 285 137 182 182 235 257 128 245 227 274 174 241 261 242 179 139 170 119 212 103 288 242 285 149 113 237 253 206 229 234 271 157 208 147 205 214 292 173 150 183 176 109 276 154 169 291 176 237 289 104 204 281 187 107 149 184 149 125 211 137 104 220 159 288 141 119 145 210 137 105 192 102 111 131 220 279 102 268 136 167 162 171 213 238 176 134 262 196 145 164 166 271 103 158 189 256 303 297 114 152 258 266 240 125 202 249 114 158 174 168 238 172 0
0 204 265 277 158 226 267 154 196 288 163 122 243 273 103 102 236 279 132 107 256 131 196 252 285 235 129 266 115 259 160 121 275 135 229 248 183 250 237 179 125 111 101 118 207 224 230 268 239 157 275 215 195 221 225 148 299 179 155 208 246 144 132 241 230 181 138 253 152 195 208 133 175 104 283 290 136 234 138 144 157 209 119 104 288 253 285 202 210 225 257 156 209 176 269 136 124 157 181 113 237 281 270 145 251 232 178 183 231 284 118 205 126 150 222 141 123 132 255 272 258 282 138 277 245 213 282 151 182 299 266 121 195 125 216 179 229 285 203 206 221 204 264 241 205 197 126 139 263 238 115 284 208 215 212 263 281 141 243 142 99 174 153 301 158 141 105 300 245 189 250 141 277 209 203 210 114 243 161 153 177 229 183 281 287 272 267 286 268 308 242 237 185 170 196 189 189 125 239 215 192 182 193 223 278 278 167 303 108 298 239 138 276 196 105 216 302 219 109 171 222 163 129 294 241 108 254 198 148 156 162 130 162 289 111 149 137 256 109 153 260 268 267 119 147 209 120 131 207 137 196 118 160 161 286 172 193 208 288 113 112 110 299 101 267 261 125 284 189 109 180 142 204 103 219 246 188 148 293 181 290 268 294 165 255 150 120 295 103 232 247 227 120 137 136 297 0
0 122 143 191 233 188 240 245 255 152 210 149 295 151 294 139 268 254 124 182 110 228 134 226 243 127 276 284 155 253 171 213 266 278 268 215 107 196 240 243 125 147 205 250 278 273 162 101 245 259 109 158 119 257 282 195 288 205 252 210 217 295 245 103 136 303 246 114 217 207 134 168 157 171 201 260 172 217 284 121 112 117 151 205 292 161 197 152 130 219 221 244 247 141 185 130 257 200 229 290 171 188 176 136 220 234 144 248 151 125 131 215 261 274 234 245 99 136 165 126 241 179 270 101 136 236 230 128 134 214 142 269 99 111 290 266 233 109 130 144 172 261 106 157 200 162 277 115 191 232 180 216 188 255 184 302 201 219 153 284 158 118 263 287 281 217 211 266 129 113 162 286 156 156 106 298 225 268 204 117 262 262 236 249 142 267 223 209 257 101 168 106 109 147 140 149 142 130 171 121 254 167 289 228 212 231 210 126 294 238 224 228 117 178 167 209 183 156 230 154 298 150 137 166 259 158 134 110 130 260 261 192 251 225 159 236 274 151 136 262 168 195 221 130 180 240 131 230 124 238 117 130 194 113 177 244 179 266 263 211 195 241 140 187 293 178 126 245 154 272 229 128 131 121 289 246 295 107 299 123 177 205 302 238 236 273 98 236 149 266 206 160 186 280 161 0
0 194 134 147 147 255 187 218 188 104 287 103 218 179 231 106 169 258 294 126 145 251 206 247 152 222 229 195 195 171 227 287 195 257 116 154 251 262 294 213 298 134 253 232 103 112 184 160 263 102 141 187 237 244 162 167 292 233 137 279 118 294 121 119 220 132 252 290 166 216 155 209 128 182 140 105 98 120 284 184 135 183 274 245 174 187 165 248 208 283 172 128 270 159 195 142 153 286 163 278 212 252 138 146 249 240 208 147 207 198 171 115 241 249 237 281 121 180 237 138 274 102 189 214 156 171 278 261 287 152 297 164 257 124 127 193 195 230 137 249 118 156 144 142 230 191 193 122 218 267 117 275 142 113 147 211 194 217 133 221 249 254 168 207 212 143 206 209 269 207 191 197 189 140 168 259 258 144 303 100 287 112 143 168 173 122 179 233 131 214 297 272 241 256 137 178 287 283 289 227 297 125 146 161 177 232 224 139 297 180 249 198 270 130 291 291 207 144 172 230 271 257 233 165 206 270 292 262 151 141 271 115 162 216 108 104 106 130 298 239 238 195 284 237 253 194 153 213 285 145 268 297 258 198 261 183 195 282 256 251 279 102 284 100 259 291 137 192 173 119 283 219 145 225 148 225 119 282 212 115 274 188 296 102 176 128 168 109 261 272 218 130 173 194 0
0 234 201 295 129 120 208 106 184 104 171 144 247 122 150 183 165 201 218 290 132 202 155 135 235 230 217 173 231 201 204 289 199 302 278 227 123 131 109 233 257 103 146 294 230 128 246 194 250 186 207 114 251 182 167 269 228 172 200 243 205 128 174 279 198 218 298 248 191 281 206 174 239 281 136 167 197 162 247 261 288 160 224 185 145 248 188 121 240 108 148 254 273 164 119 227 233 168 196 108 185 139 289 129 131 173 216 252 193 141 165 153 229 239 256 143 263 136 285 101 127 268 114 193 274 256 242 177 271 201 238 170 259 235 170 283 213 235 164 268 119 227 269 245 298 296 172 130 243 120 116 242 191 188 287 210 134 213 151 223 280 141 138 295 244 135 239 139 221 106 283 128 271 154 127 239 154 211 239 125 188 217 280 305 236 287 283 219 297 112 255 96 171 236 133 124 239 285 134 259 155 170 250 249 141 133 270 176 211 185 161 262 113 173 145 165 212 149 195 254 159 161 142 222 151 123 256 137 126 100 109 162 188 136 274 148 110 127 247 202 128 239 105 215 244 152 136 141 247 116 214 190 239 165 192 143 129 131 250 161 177 235 160 213 183 141 167 287 200 294 199 179 233 305 240 224 163 284 119 141 146 267 247 152 231 269 273 164 241 223 160 282 241 0
0 164 190 232 201 128 248 283 159 227 240 264 188 107 230 232 259 127 150 118 203 168 217 120 152 117 265 163 153 176 121 222 224 296 298 216 184 135 255 257 214 156 286 170 156 225 199 254 139 229 277 254 162 114 132 223 99 216 171 226 167 181 221 273 256 114 145 188 157 155 196 286 169 199 251 140 187 183 271 265 260 152 122 269 206 173 215 265 106 222 272 275 263 182 236 130 285 109 270 184 187 116 256 135 138 142 175 266 165 283 134 274 298 246 259 155 161 107 228 191 198 240 220 224 229 221 118 287 109 217 211 172 219 233 186 302 205 142 235 207 287 295 201 118 188 109 131 160 221 179 269 273 224 226 276 253 240 124 191 215 118 182 297 295 183 108 146 202 162 108 246 162 178 171 194 258 179 206 196 223 245 105 224 283 239 280 253 132 257 236 156 235 247 123 185 208 305 207 289 176 111 271 98 249 228 253 200 205 134 172 225 139 282 120 120 172 109 116 148 237 153 107 243 224 242 159 225 195 278 299 267 283 266 115 252 118 99 281 151 289 190 206 157 230 166 161 261 267 143 162 188 126 153 134 122 101 122 220 100 220 184 143 218 181 197 285 216 110 160 145 212 185 111 204 210 99 104 157 226 236 249 242 205 279 205 283 236 238 289 259 293 182 0
0 289 212 140 288 124 139 177 252 310 218 293 308 158 115 287 271 164 293 260 155 221 278 281 287 283 278 271 206 286 119 197 195 130 214 176 104 163 165 131 172 188 289 250 133 210 125 193 268 245 285 268 112 132 179 208 101 270 152 107 138 212 277 103 286 166 232 265 247 279 284 221 107 110 236 99 237 180 256 181 102 222 304 114 148 192 236 168 250 157 179 174 109 194 299 259 221 130 112 116 116 161 254 136 247 177 109 101 241 217 268 272 124 120 154 263 266 105 103 237 229 218 166 230 208 253 254 257 121 286 188 250 169 280 218 226 125 267 165 267 239 232 224 172 186 259 160 133 140 182 138 258 127 227 185 187 150 165 235 137 258 147 125 266 192 172 203 141 208 228 271 291 301 133 295 303 302 135 150 244 199 225 223 242 283 270 214 291 182 120 226 268 136 169 146 189 250 258 287 161 195 112 223 222 240 146 116 286 240 189 251 162 166 291 242 136 278 184 128 258 252 216 250 227 134 121 272 271 134 245 189 182 147 295 202 226 103 146 282 237 305 233 151 298 222 221 238 193 286 106 263 159 281 173 261 276 206 135 230 291 178 153 106 136 149 211 115 190 239 155 137 233 245 192 112 125 223 255 116 268 180 221 283 130 290 130 206 280 173 279 128 0
0 204 153 154 243 272 164 297 155 206 151 260 228 114 126 262 231 195 226 204 244 119 277 207 110 206 274 139 117 106 133 159 269 128 160 122 193 133 219 203 159 117 106 156 167 255 211 159 109 213 120 221 298 203 235 100 281 289 194 185 292 169 278 148 179 133 291 242 251 104 169 190 143 132 142 229 156 252 181 159 290 262 179 250 136 247 232 202 192 206 180 258 247 133 199 129 137 247 133 127 260 265 200 113 156 234 185 247 168 113 238 127 210 132 187 183 143 181 173 220 260 235 202 186 221 266 287 113 225 155 235 198 274 157 195 173 155 162 192 206 221 120 184 177 273 200 143 217 292 177 134 264 251 217 215 175 215 167 185 192 268 218 128 102 221 149 199 153 297 105 127 277 125 265 139 305 152 110 261 163 266 185 116 209 171 273 105 160 280 125 102 140 267 106 275 147 282 181 114 225 102 280 279 128 147 161 276 282 175 220 160 204 246 183 257 209 210 262 297 253 199 140 212 264 102 137 156 120 289 148 300 279 151 149 197 287 191 136 159 111 146 127 124 161 106 254 237 245 150 169 247 171 236 163 165 265 209 157 131 163 149 257 300 130 275 184 206 211 120 273 148 220 253 268 247 167 167 155 257 200 204 214 120 212 242 277 183 299 120 248 0
0 189 106 102 103 196 136 291 233 266 144 132 260 176 164 178 261 256 214 109 241 161 207 228 260 236 287 223 237 100 296 214 223 181 184 262 208 258 119 156 134 224 272 282 196 218 290 243 190 176 155 230 214 116 141 209 126 172 146 156 260 261 160 240 118 224 244 181 142 249 104 106 284 165 265 132 229 214 169 192 246 141 128 209 291 166 139 210 140 119 284 141 212 270 248 223 157 128 117 272 264 259 193 280 208 142 243 159 196 110 274 220 107 283 209 213 274 102 247 251 241 136 142 172 278 265 195 173 258 189 122 203 192 238 227 149 296 194 141 300 267 128 163 184 140 166 127 261 155 124 295 197 235 209 133 226 209 116 108 239 246 215 235 148 132 174 122 169 163 207 254 182 106 290 288 258 117 106 183 201 233 274 166 234 196 224 120 127 247 150 290 286 225 193 150 198 236 164 190 256 199 255 249 298 212 216 241 247 235 224 261 208 280 211 151 125 154 295 250 209 203 141 269 123 213 280 254 225 295 232 168 103 253 215 161 277 128 211 134 126 133 215 183 130 179 181 292 174 135 124 143 245 210 282 209 196 145 224 190 230 258 114 260 160 200 265 301 221 146 183 141 298 261 277 172 283 249 291 284 133 133 240 237 114 223 230 201 269 104 0
0 279 195 128 256 158 118 265 177 274 232 240 225 127 262 289 155 287 268 210 227 241 213 299 145 239 177 239 299 230 281 202 133 213 181 248 244 107 148 215 202 170 178 113 165 254 218 246 274 172 171 289 235 155 183 129 222 247 280 123 283 237 121 261 145 169 198 113 253 158 136 190 237 152 163 203 164 196 282 246 168 282 102 259 211 299 270 128 138 145 174 141 126 177 280 117 149 273 121 300 150 198 308 225 143 265 148 182 142 117 120 123 274 174 293 149 226 199 147 147 240 213 131 201 118 300 227 212 218 182 194 224 229 289 191 277 271 177 214 227 300 192 287 160 172 153 161 251 219 227 189 256 226 264 202 241 215 198 249 146 208 240 115 256 224 189 239 132 293 125 221 210 130 258 161 192 225 269 129 112 230 271 142 135 153 247 107 264 230 257 158 178 271 175 128 155 230 181 239 137 209 180 265 196 110 131 260 114 208 108 110 291 214 244 256 282 249 285 246 122 178 280 205 174 119 135 233 247 243 155 265 198 132 134 200 194 108 237 117 121 278 144 160 225 249 199 113 135 249 193 249 240 285 259 264 286 123 224 218 120 202 174 173 200 180 261 267 179 189 171 269 104 257 226 142 144 228 279 222 209 169 192 293 191 197 127 265 156 0
0 213 173 229 172 154 277 249 116 252 191 137 229 229 236 186 232 257 131 145 281 268 157 139 154 110 255 103 165 287 151 165 308 210 297 129 148 189 233 259 109 237 126 267 241 189 279 233 104 262 274 292 141 217 238 270 215 169 172 203 246 267 181 139 251 130 142 182 240 251 183 181 121 217 187 148 240 180 259 107 134 113 152 259 162 154 159 232 279 180 258 281 153 166 112 141 147 131 109 203 156 250 299 140 173 223 265 266 171 188 172 124 217 217 220 238 218 269 120 242 113 261 192 198 140 214 128 298 205 150 142 201 213 194 249 186 114 161 186 227 239 186 152 191 113 245 202 235 257 232 272 177 109 212 202 239 151 236 100 110 195 113 219 127 198 259 201 174 108 132 258 154 238 234 109 261 202 154 243 193 158 247 148 278 173 273 252 104 146 121 184 221 201 171 133 260 124 130 143 157 142 172 280 260 112 211 288 213 243 277 138 140 102 204 106 106 273 229 244 221 158 247 187 288 290 140 104 221 205 187 239 177 153 187 151 294 268 234 114 113 124 136 199 165 129 193 221 303 163 135 303 233 177 216 145 246 136 296 117 285 258 224 113 163 141 263 130 267 154 122 188 196 224 288 253 123 191 119 108 242 217 156 152 175 187 142 137 0
0 192 253 297 121 244 188 158 254 123 141 167 166 166 304 249 191 281 263 173 204 268 115 199 168 131 176 150 197 159 287 117 144 277 186 227 250 172 213 278 183 273 139 150 147 244 249 175 273 202 260 230 280 284 251 122 173 210 284 284 173 128 253 198 180 169 128 251 124 174 141 124 219 112 280 273 277 113 154 202 188 141 229 150 205 202 131 171 181 216 151 141 180 230 259 207 118 284 269 123 276 139 161 196 213 285 108 116 134 257 134 197 202 222 215 131 196 251 285 131 137 260 220 251 162 102 297 146 202 234 101 136 146 118 281 185 134 139 243 274 195 157 181 218 171 101 283 110 107 229 103 168 108 293 285 113 276 247 165 247 279 262 260 195 268 154 202 181 286 174 145 167 156 111 234 122 226 103 229 218 117 287 143 279 290 281 125 158 180 263 264 237 114 134 131 229 196 134 303 128 196 261 171 239 238 244 155 139 202 270 237 121 128 250 226 109 231 285 271 126 160 144 146 111 256 249 151 172 127 102 225 183 103 234 116 214 259 241 186 141 275 300 108 215 181 243 202 150 197 117 153 250 167 115 270 209 209 211 133 279 235 127 153 191 188 157 112 242 290 160 206 122 254 273 165 177 137 277 230 109 147 292 269 108 299 111 0
0 144 274 200 100 186 212 204 246 281 279 260 174 171 287 275 206 188 218 130 303 228 243 225 175 275 291 124 273 254 165 150 238 180 127 117 102 183 163 154 206 155 140 234 196 228 245 206 171 172 225 230 184 115 114 187 198 154 131 167 259 231 264 292 264 235 162 303 141 278 115 124 124 209 225 304 247 162 124 102 173 168 297 200 116 240 250 273 156 234 224 242 147 292 249 111 184 186 119 264 159 252 208 213 208 202 208 129 187 171 285 177 165 174 141 189 243 224 279 125 117 234 241 199 145 169 288 166 106 216 222 163 191 162 238 219 260 187 285 268 179 282 192 142 249 194 239 114 113 161 170 99 204 135 304 271 121 108 167 142 229 185 175 281 247 226 131 105 241 212 221 205 239 161 102 192 145 229 249 306 285 117 156 244 144 270 106 203 209 115 256 300 126 286 139 293 207 210 190 131 194 269 221 240 240 115 165 141 133 251 236 235 170 219 210 252 123 280 284 134 273 282 246 280 260 276 171 240 124 113 289 286 151 250 194 109 200 258 110 178 197 104 156 265 187 161 222 261 227 226 271 284 265 153 204 267 127 294 282 110 228 220 121 166 266 292 186 255 121 194 212 208 269 203 284 107 268 276 231 237 200 267 155 227 152 0
0 114 137 144 284 288 242 123 102 241 263 280 290 300 198 286 264 226 133 177 207 110 167 227 250 141 186 208 143 264 111 220 239 121 300 277 193 248 198 213 261 224 263 106 156 123 283 295 140 101 227 133 121 198 279 101 294 223 202 289 245 141 295 194 239 197 189 111 140 211 238 169 187 270 216 274 188 213 208 238 162 203 165 184 131 123 201 142 136 305 136 277 155 212 273 228 240 223 172 255 273 109 298 229 153 153 253 195 134 160 254 183 160 117 216 143 120 251 163 264 150 153 285 190 223 271 163 119 291 294 199 124 177 255 103 197 261 244 123 132 177 311 109 126 146 251 268 139 155 269 248 131 155 215 255 222 132 200 153 180 129 268 250 184 110 276 152 256 155 112 233 180 228 178 182 154 142 101 146 275 166 133 263 166 143 155 271 267 300 173 221 165 190 288 98 246 187 269 162 227 253 153 121 141 193 167 200 271 174 249 183 168 155 175 122 143 104 235 146 251 309 229 263 127 238 167 301 300 183 288 109 224 246 280 170 160 106 230 272 121 105 141 195 200 298 189 160 154 269 290 250 114 266 256 226 123 194 145 264 173 164 243 195 244 231 102 238 234 152 265 147 173 250 174 241 302 135 153 127 145 153 301 129 224 0
0 137 103 126 146 211 112 107 128 251 259 161 258 101 256 291 109 238 153 107 100 178 166 192 113 271 132 142 115 263 176 182 220 112 212 242 148 208 175 290 283 187 186 111 275 189 149 176 202 189 183 213 276 166 223 249 278 210 161 170 167 270 288 168 225 174 300 282 186 156 243 197 153 216 114 267 285 199 274 227 282 106 296 280 177 258 202 192 186 104 122 227 194 150 226 170 189 130 202 195 253 156 303 180 231 128 162 222 158 114 278 174 303 231 247 211 118 111 132 102 272 192 249 229 180 165 109 148 278 285 164 103 153 210 279 210 116 215 195 205 248 124 188 182 144 252 282 253 199 119 195 192 144 243 215 202 259 169 141 219 112 113 240 216 247 110 180 174 249 135 201 208 262 279 204 102 157 162 230 245 178 155 236 115 198 126 273 212 100 234 250 252 214 283 183 235 184 116 269 131 219 205 116 213 221 291 230 210 181 216 144 247 278 199 127 267 162 259 115 274 149 269 225 161 191 291 142 280 193 269 258 187 246 202 167 268 138 170 198 208 203 204 175 181 199 147 119 110 294 266 172 213 103 103 128 260 143 101 173 261 304 295 158 228 96 97 154 232 179 212 227 133 173 217 222 292 243 138 258 193 279 171 133 0
0 235 146 182 229 210 259 229 184 151 278 255 213 187 291 238 244 129 236 230 193 138 147 197 234 230 141 118 148 185 278 285 225 268 230 303 266 256 238 105 270 273 195 128 240 257 112 202 284 241 175 213 193 292 294 235 184 304 305 145 182 250 223 141 171 288 134 289 273 299 276 124 202 227 274 205 247 160 106 289 217 235 176 195 157 217 245 277 122 134 211 262 262 184 268 164 142 192 265 237 227 161 288 280 275 143 114 268 113 179 288 173 145 166 276 252 165 131 129 254 163 194 117 285 189 170 167 120 105 247 210 198 197 161 153 208 294 228 282 114 253 120 116 236 142 190 209 252 253 119 142 119 210 152 182 189 147 103 194 247 132 295 252 213 112 236 119 116 120 167 243 283 201 113 149 190 224 180 237 156 251 225 151 275 265 200 304 194 139 273 150 143 125 176 288 251 162 253 271 253 213 240 234 190 223 204 270 185 111 138 106 121 171 200 288 204 283 294 242 283 249 285 283 194 165 260 258 128 174 235 132 267 205 127 289 114 140 113 204 218 231 250 179 145 106 132 116 268 183 229 126 227 123 155 160 282 256 181 176 258 237 236 167 221 110 142 214 191 219 278 226 270 187 168 142 293 241 291 232 130 289 269 0
0 301 248 257 277 205 274 141 162 101 243 252 282 286 229 263 131 269 272 229 215 250 154 160 139 266 103 158 142 257 248 193 117 102 287 211 115 206 206 163 213 219 214 215 174 226 237 161 221 293 100 271 213 161 219 147 252 206 207 128 195 255 102 195 155 197 279 117 146 160 249 230 200 241 168 141 130 234 273 213 172 288 244 202 114 126 290 109 191 287 276 205 277 182 266 260 216 167 209 276 288 230 160 201 187 171 206 103 292 230 159 158 268 144 105 242 113 242 229 122 211 279 233 151 196 140 292 124 296 250 227 116 119 102 224 238 240 189 123 241 221 127 165 100 228 208 294 275 227 119 285 124 240 182 163 161 132 101 113 147 227 181 116 183 153 196 141 280 273 159 104 285 223 297 252 232 254 282 262 132 144 158 247 108 268 248 169 283 290 155 257 276 177 124 167 181 147 129 291 144 215 173 104 162 155 156 202 307 267 277 262 161 175 127 149 169 291 108 215 212 167 198 129 224 198 168 210 249 222 181 182 224 129 225 267 275 151 181 293 245 149 220 154 109 245 238 255 194 290 289 249 141 208 187 120 156 192 237 259 299 261 112 171 198 236 129 132 248 213 168 167 203 161 286 204 242 153 115 120 108 258 0
0 256 280 294 139 166 287 262 255 194 227 226 100 132 134 194 259 176 217 210 110 123 271 284 146 133 270 276 172 103 178 253 292 194 251 201 240 256 191 114 182 137 259 279 237 113 200 303 233 204 231 240 209 254 237 136 135 101 288 155 194 162 185 300 123 117 275 218 178 290 102 145 123 254 159 122 164 299 140 174 222 129 152 275 157 285 156 191 294 210 153 239 268 145 214 130 239 109 246 269 132 285 220 243 244 247 256 289 184 230 122 145 269 212 219 201 113 214 240 190 270 229 272 116 229 167 176 128 130 132 176 152 149 214 143 274 260 259 167 275 124 203 103 166 200 109 266 204 211 164 159 177 220 158 107 239 166 212 111 231 171 285 263 205 193 107 299 194 212 295 256 209 190 112 214 154 270 215 211 211 230 119 206 269 130 140 238 283 253 247 262 153 241 289 204 187 249 208 111 228 114 220 138 273 213 296 276 250 290 252 113 258 141 259 138 196 163 283 222 164 175 158 242 278 176 240 121 251 216 117 264 178 246 273 198 121 130 283 198 180 201 138 300 105 224 102 119 134 290 111 180 253 136 302 203 113 276 159 187 119 280 174 138 120 137 300 157 151 153 121 210 224 244 145 103 181 153 284 196 225 0
0 130 105 204 291 107 132 294 225 229 181 117 197 229 206 121 103 118 115 297 241 115 278 263 255 250 165 292 297 179 97 145 277 114 194 283 168 286 183 132 103 211 269 209 294 249 128 153 287 289 174 182 265 253 292 257 147 131 299 130 292 147 105 180 235 190 142 182 140 219 248 167 227 284 137 182 181 166 135 160 274 106 146 161 109 216 173 168 178 289 289 192 285 204 175 252 207 189 126 191 197 244 113 223 126 110 250 129 260 206 222 283 291 293 157 292 145 254 174 119 113 277 143 196 225 216 174 177 207 174 264 288 188 244 261 113 288 226 178 146 110 189 259 275 206 157 203 149 143 244 251 265 113 104 231 220 259 262 97 217 220 218 221 184 231 238 189 197 124 191 99 220 216 182 157 228 168 169 139 214 159 180 130 117 273 106 122 216 160 143 198 173 281 257 225 190 115 218 136 126 111 152 130 289 240 137 194 232 257 110 200 186 263 233 213 198 233 202 256 271 206 275 139 122 140 269 246 107 105 112 245 304 141 169 244 104 144 178 237 233 264 237 127 154 251 114 260 184 144 166 102 224 102 204 223 146 112 153 255 114 194 180 275 286 158 253 197 254 284 211 148 149 117 133 113 118 300 136 179 0
0 110 205 263 245 115 138 140 225 247 217 145 140 226 216 129 235 253 142 304 145 225 163 204 239 120 245 240 272 245 196 149 129 276 236 102 144 208 140 274 161 252 268 289 181 206 163 266 204 105 216 158 251 136 181 242 299 298 177 266 171 230 182 133 147 202 163 163 289 268 125 129 264 174 270 236 303 171 131 180 110 124 148 105 174 204 245 140 252 129 114 150 171 228 244 230 177 282 251 118 186 288 292 286 285 192 227 178 158 231 256 265 265 151 99 189 193 160 262 301 103 175 269 256 250 272 100 147 278 147 166 117 232 161 301 118 139 203 133 127 268 170 281 115 178 191 235 171 270 197 183 110 119 294 156 165 177 127 181 101 190 228 258 111 166 284 154 247 153 129 151 295 184 278 178 237 186 250 229 162 183 281 225 218 112 200 144 283 103 271 235 155 162 125 230 144 218 114 298 235 175 289 116 285 196 188 281 189 210 222 264 274 244 165 269 266 102 129 150 106 252 176 291 174 239 140 277 150 199 132 168 229 256 279 287 245 250 286 170 218 230 102 195 183 109 258 208 145 221 115 187 234 115 280 288 108 141 294 146 156 215 261 277 229 204 196 167 253 174 110 110 160 110 222 224 282 117 212 0
0 270 220 273 248 225 295 233 195 108 295 280 251 112 243 113 118 107 116 272 270 250 232 270 279 208 104 123 220 197 208 157 141 234 226 221 280 288 133 199 231 264 293 154 113 195 200 152 222 287 258 223 120 144 281 262 186 110 97 175 228 275 150 154 199 288 288 167 183 178 181 178 120 219 180 103 251 176 294 226 143 251 198 275 298 131 192 301 246 105 127 274 282 283 127 271 262 295 103 124 212 188 102 199 268 173 246 209 114 275 147 158 119 229 139 119 216 173 208 217 234 297 217 225 144 203 244 134 225 211 183 117 185 273 110 115 288 148 165 224 191 278 126 127 103 122 100 153 262 113 193 196 231 226 234 263 252 220 160 156 263 221 129 195 189 183 265 193 211 170 165 164 158 287 124 263 283 202 231 159 260 185 208 217 114 279 194 288 185 154 150 175 289 108 101 264 104 275 231 264 152 248 241 233 298 129 146 244 212 113 280 221 290 138 204 232 143 199 190 251 300 275 104 154 117 290 219 195 128 160 263 157 260 112 118 153 241 277 261 278 243 253 239 172 216 279 232 260 209 221 262 249 175 131 269 179 247 192 210 103 268 296 265 150 154 282 251 275 125 199 287 171 293 207 114 150 183 0
0 280 186 211 258 286 254 227 164 275 226 191 233 253 151 195 264 163 241 136 190 168 237 132 262 278 161 235 204 103 262 164 263 140 104 255 186 237 99 160 146 211 140 102 122 224 179 234 281 120 120 195 169 157 290 221 198 151 246 123 276 122 177 211 152 220 215 252 289 258 118 127 211 225 293 291 129 247 161 171 194 222 102 176 289 232 294 216 148 183 155 182 284 275 191 163 179 262 251 213 111 291 299 125 142 298 128 300 161 163 242 255 137 228 227 203 165 296 223 274 266 103 197 258 199 271 135 225 138 260 192 211 132 248 155 272 219 115 189 100 206 146 207 141 236 236 187 203 159 136 107 230 151 122 280 111 195 182 238 206 255 194 251 235 252 188 275 181 227 106 279 189 211 218 175 273 249 208 118 290 190 291 169 147 255 119 155 111 120 139 162 179 186 124 152 142 192 263 227 214 286 101 127 195 211 266 113 229 248 115 158 136 203 245 118 118 173 219 262 289 132 255 215 181 281 245 111 234 173 181 169 127 120 221 118 238 100 114 282 159 107 215 164 301 283 177 125 239 106 179 110 127 305 235 226 165 236 250 266 256 242 225 156 222 285 185 112 285 268 230 120 162 278 265 286 249 0
0 281 192 206 258 222 273 137 215 206 121 178 142 306 109 159 201 122 221 225 163 256 158 241 169 130 102 223 210 248 152 189 264 265 224 103 194 155 147 164 288 172 149 186 208 273 257 288 212 257 102 298 189 194 190 289 214 104 130 239 216 195 269 271 189 294 217 167 166 155 107 145 257 143 282 284 249 121 185 229 216 118 109 240 288 155 290 221 233 289 188 200 177 256 252 202 259 182 138 220 215 196 270 157 102 249 133 148 266 201 145 236 280 239 162 245 182 116 115 137 298 153 276 181 112 208 129 153 202 180 185 212 120 255 168 117 205 266 244 139 174 248 247 139 283 246 268 270 198 149 167 235 161 105 230 158 269 184 186 199 278 124 299 239 164 273 258 154 176 188 147 228 171 121 109 193 253 241 249 167 284 199 256 154 106 234 155 113 131 104 150 110 209 195 206 201 289 111 124 108 128 266 201 156 301 238 211 135 151 185 262 178 239 174 262 226 162 245 234 268 221 100 123 221 139 143 154 115 266 249 188 232 204 237 136 120 111 206 147 218 178 169 108 295 138 272 213 193 241 283 131 150 193 208 239 170 297 278 157 262 191 195 216 240 292 125 263 109 137 252 222 268 198 152 189 0
0 301 173 219 164 282 118 185 277 227 142 195 146 146 107 176 181 191 245 130 270 248 211 103 118 151 210 205 288 215 210 105 132 116 187 176 211 198 302 134 209 111 233 119 247 276 267 117 129 224 191 184 99 174 250 254 234 169 204 158 209 257 196 210 163 183 159 177 253 235 259 284 247 216 209 266 113 194 159 185 222 194 178 213 135 130 155 105 161 236 255 192 145 276 220 104 259 173 111 209 260 189 198 197 257 258 297 189 264 296 281 176 109 169 272 174 186 279 172 133 183 155 110 124 119 208 289 269 140 203 151 292 182 301 238 129 135 273 104 226 140 261 196 167 104 225 186 271 148 196 253 284 149 124 177 200 235 180 235 208 256 174 193 153 297 140 289 172 240 258 175 223 115 243 142 226 280 237 161 192 125 109 257 237 299 204 243 209 214 129 197 257 187 246 262 109 216 138 218 114 239 115 198 191 164 149 286 196 135 106 228 141 120 142 173 102 212 261 214 238 197 231 249 206 143 216 168 212 283 122 107 273 127 153 291 156 207 215 229 254 224 186 217 262 248 215 254 146 220 104 245 250 267 126 263 159 165 289 150 250 120 210 216 112 304 295 112 113 198 120 190 148 180 263 0
0 110 117 149 104 293 260 125 287 119 234 162 114 141 227 232 288 225 166 275 275 160 269 253 103 247 197 262 283 199 210 256 219 161 169 258 139 163 132 221 127 139 224 189 230 242 126 121 192 103 180 260 282 205 127 235 138 215 140 197 187 144 180 228 254 124 280 301 278 276 198 270 232 285 293 249 297 175 127 201 216 223 193 292 167 257 266 117 178 219 216 236 118 286 131 136 251 134 289 199 111 179 152 198 203 265 165 130 256 182 102 105 187 282 282 111 252 186 204 137 152 254 217 195 211 115 243 102 269 112 289 263 242 267 195 185 175 136 237 214 193 303 170 293 277 266 191 129 107 124 178 213 213 302 188 156 273 98 145 189 106 168 158 302 206 139 168 252 197 189 235 222 247 287 250 209 191 265 269 249 222 212 299 246 236 211 195 239 235 181 264 220 279 148 213 130 234 173 186 231 198 235 283 220 189 252 270 260 193 272 107 287 169 254 110 227 162 210 208 130 288 276 175 160 275 167 284 198 187 213 128 118 175 151 147 134 291 229 160 278 253 278 193 259 177 270 147 134 189 123 115 176 108 166 242 267 153 224 102 173 127 212 185 122 291 282 278 127 202 279 98 278 153 0
0 216 175 225 265 301 142 162 240 112 201 249 261 158 109 208 216 278 205 269 137 245 193 229 176 106 230 148 167 241 248 168 123 120 126 298 207 195 241 225 262 159 179 204 275 205 135 235 255 211 126 107 247 165 119 136 187 293 149 265 217 142 297 106 200 186 233 280 131 169 150 119 182 283 111 120 161 281 261 107 267 288 239 260 263 253 275 268 109 277 191 261 154 281 172 265 165 220 286 192 279 158 198 188 215 105 260 264 205 299 273 207 128 141 296 220 260 137 194 252 254 120 271 186 276 191 264 207 260 150 109 288 145 213 178 210 186 155 181 247 128 119 218 166 120 142 287 160 289 244 155 121 128 132 284 257 229 161 259 176 135 201 155 142 126 295 202 273 260 230 178 202 103 274 266 288 258 261 173 276 203 268 229 111 137 280 105 107 215 264 131 127 248 108 218 228 263 165 129 133 235 163 255 198 219 264 124 196 156 111 148 267 135 121 263 214 134 187 153 146 123 193 149 145 197 147 100 282 169 192 119 246 231 137 136 191 114 117 184 173 253 205 247 252 265 166 138 265 185 103 247 222 106 126 153 143 159 246 150 221 109 179 129 111 140 200 142 292 283 229 211 109 0
0 289 189 274 300 231 179 139 105 172 256 212 255 247 229 252 134 284 177 219 263 120 214 227 187 274 215 165 123 186 293 269 196 235 216 127 233 194 208 265 168 161 218 229 227 266 166 249 119 230 264 292 196 291 186 130 215 275 188 108 121 162 109 265 185 292 117 161 116 204 114 239 200 258 192 255 207 282 277 269 260 118 144 245 226 305 205 254 199 238 261 265 153 237 240 113 151 302 143 305 103 154 225 216 223 170 195 245 250 226 221 233 274 228 196 110 107 169 187 243 177 166 271 225 295 146 189 303 118 226 255 248 294 136 263 213 189 239 127 210 205 118 147 268 109 127 283 230 199 239 102 294 213 242 221 228 186 149 260 175 282 237 274 169 125 284 287 294 112 277 207 169 190 129 136 204 165 292 218 261 153 98 237 175 222 261 136 189 223 118 179 192 123 263 222 106 140 268 300 135 177 151 262 228 117 232 236 235 215 157 172 178 274 140 163 125 301 193 248 199 284 253 171 290 197 165 196 239 196 173 167 194 158 181 236 154 131 125 152 279 122 196 291 212 291 144 265 130 242 242 108 304 161 239 184 278 125 124 125 98 193 152 177 171 284 275 179 202 210 108 285 0
0 132 119 182 191 256 260 139 198 261 199 294 257 172 216 168 259 305 241 168 152 297 211 239 118 166 210 269 117 112 167 228 277 102 130 256 151 158 142 127 167 283 276 192 299 163 272 156 206 265 209 198 103 287 240 284 282 221 163 178 200 130 176 235 199 124 166 254 137 254 164 204 109 271 106 156 178 157 256 104 182 200 151 201 209 269 265 295 155 199 129 277 145 102 283 133 269 141 102 115 140 121 109 257 236 144 236 135 121 228 251 217 277 210 296 289 273 115 175 265 152 213 246 287 269 189 170 152 297 275 240 132 211 242 256 165 189 256 114 155 190 240 121 266 254 225 109 235 111 295 201 308 114 131 111 269 234 173 281 143 285 181 138 152 283 228 155 178 247 223 254 173 101 116 233 269 193 267 135 195 225 287 142 160 212 241 111 175 283 141 294 159 262 277 211 312 201 264 278 121 162 228 139 240 186 137 298 144 242 144 181 110 146 232 258 152 145 131 298 193 222 124 258 202 287 187 215 175 248 230 168 233 130 110 178 104 238 240 266 177 284 115 228 230 103 120 119 163 154 172 247 209 120 243 260 139 122 233 242 106 268 266 245 157 125 250 270 129 153 101 0
0 246 212 215 248 244 232 126 196 104 207 150 165 184 124 102 202 238 209 133 296 107 293 262 212 127 220 228 208 198 146 291 109 154 258 159 158 256 143 114 198 140 128 296 243 214 198 156 173 163 145 199 278 173 162 260 243 236 108 212 123 159 214 146 260 268 141 115 221 271 293 100 226 235 233 286 281 109 174 99 276 161 148 190 158 246 167 284 134 153 214 260 241 230 291 194 229 134 127 279 210 234 238 199 221 197 113 198 230 168 281 238 167 103 290 105 112 171 141 158 197 158 277 226 219 172 164 282 242 196 205 285 126 200 233 141 275 302 109 113 239 118 193 106 218 263 202 290 294 134 223 145 288 117 177 157 295 158 288 199 128 166 255 142 110 280 254 270 220 246 169 114 211 175 229 233 112 117 295 239 271 227 298 210 115 162 101 109 156 230 196 218 160 227 276 208 170 157 101 277 109 276 218 161 102 216 243 257 186 302 195 134 159 141 229 203 218 144 173 247 289 297 258 288 198 251 107 280 195 163 215 260 115 160 284 294 154 244 255 199 219 185 256 224 140 217 156 113 287 166 290 120 132 156 102 156 177 212 112 200 205 105 213 175 185 289 117 153 206 0
0 203 282 236 263 126 246 135 187 102 129 201 135 279 131 176 178 264 270 157 219 272 276 279 206 145 269 280 246 127 197 188 156 202 171 118 155 236 162 170 206 126 129 208 286 293 223 107 231 103 147 153 155 134 134 108 263 153 174 261 212 273 241 152 239 286 193 237 223 156 161 246 206 228 248 202 276 162 301 220 228 298 197 241 276 195 186 123 217 204 190 103 197 195 254 250 176 278 118 141 197 276 198 173 240 207 245 228 177 226 128 193 158 272 145 262 218 160 174 193 195 170 105 164 108 171 192 169 118 159 119 154 192 101 160 286 201 124 101 231 250 266 284 138 227 100 246 285 146 143 169 173 194 266 243 133 282 182 217 166 158 229 248 118 209 120 101 198 205 202 149 193 150 101 238 280 193 122 273 101 221 209 122 271 136 291 248 279 158 133 110 181 258 240 222 168 112 112 227 206 146 194 176 291 293 269 165 246 117 101 287 105 242 260 298 242 196 276 129 279 215 177 146 225 235 131 283 219 239 179 277 225 251 170 253 175 176 137 132 167 221 116 255 198 192 148 230 102 289 265 277 136 277 251 291 274 147 103 191 261 288 247 157 257 125 165 159 178 0
0 217 204 163 296 275 157 208 272 288 174 185 202 133 237 267 236 243 277 140 167 130 125 184 294 168 220 112 98 105 229 170 140 193 101 220 208 212 143 153 194 247 144 215 224 108 213 109 168 248 150 176 180 115 109 111 227 126 219 272 191 179 254 272 150 153 193 151 129 162 150 123 249 286 295 278 135 206 107 285 259 251 242 209 286 152 301 120 193 135 133 226 143 171 107 108 141 223 207 216 254 171 280 154 231 171 267 250 170 177 125 124 162 226 114 249 292 143 117 149 154 220 257 140 185 225 271 183 118 282 277 263 156 191 170 234 283 236 121 234 222 195 247 159 154 103 215 220 154 170 164 290 205 202 215 137 265 286 121 108 183 250 273 234 244 207 117 270 209 233 118 149 173 193 226 103 271 197 127 178 116 217 119 246 270 275 156 101 271 189 119 132 265 111 136 278 215 161 269 296 136 244 155 273 195 122 278 108 271 207 164 167 264 238 289 126 279 132 258 257 159 115 135 126 260 286 231 164 209 109 184 270 230 191 185 175 155 147 191 305 152 143 181 177 122 247 173 128 121 110 148 237 198 150 220 113 248 134 167 211 186 210 247 112 115 212 244 0
0 203 215 258 226 241 116 255 159 285 268 159 108 261 251 185 197 247 102 167 222 262 169 278 175 132 135 252 295 192 167 160 212 154 257 269 198 190 237 303 222 203 167 183 278 126 158 98 292 167 205 155 160 190 168 261 121 279 233 231 253 211 110 265 207 190 241 104 108 275 293 149 126 156 252 120 238 144 296 202 288 174 272 274 135 158 152 178 128 142 255 267 257 148 149 157 239 258 272 227 179 197 139 104 179 207 184 108 246 148 173 283 286 192 254 216 242 186 234 187 150 205 266 119 127 122 191 273 102 235 185 287 219 207 160 188 186 270 192 272 126 188 283 286 266 268 271 212 228 279 263 198 170 235 182 268 266 129 121 203 113 201 105 161 258 223 210 222 178 172 135 264 292 248 205 107 279 284 155 203 144 279 193 127 258 135 260 138 127 181 250 161 287 140 112 220 181 206 171 174 210 205 183 210 277 282 197 213 115 222 144 295 118 270 155 135 168 279 197 270 265 225 232 302 226 119 274 106 292 284 227 161 268 121 101 282 233 266 173 118 241 151 121 259 138 104 142 172 122 266 162 209 160 245 214 272 116 197 288 281 117 250 228 171 294 121 0
0 146 267 178 257 187 243 227 136 260 247 136 292 272 277 248 124 147 225 123 109 164 199 169 118 138 136 262 103 132 260 291 251 168 271 137 259 247 127 127 107 283 221 104 132 127 242 162 296 210 224 182 247 117 116 117 249 200 202 250 185 299 279 146 293 295 222 271 103 284 289 217 168 242 162 167 250 238 137 137 243 279 270 192 210 190 188 243 151 244 244 210 188 227 243 117 157 160 113 180 263 261 210 148 225 153 153 110 288 245 166 107 157 215 108 265 167 180 244 257 254 267 219 205 145 230 171 291 146 147 162 233 282 103 219 284 221 262 118 203 128 183 288 250 172 229 152 123 219 121 292 124 223 157 279 286 191 109 104 133 131 211 258 246 177 289 176 202 290 170 141 247 164 186 223 170 270 116 125 216 232 154 220 171 207 184 104 217 125 234 234 216 265 292 213 257 280 190 172 184 196 239 122 195 279 149 263 189 234 198 157 167 124 187 243 277 139 219 194 139 125 258 178 207 236 278 130 223 109 111 246 237 295 239 115 287 172 123 199 156 280 222 295 263 176 211 232 176 195 254 229 145 283 130 210 291 212 216 267 155 158 142 236 283 106 0
0 171 188 224 256 201 118 137 141 166 216 262 260 132 115 139 264 122 161 189 202 245 260 172 172 224 105 167 187 301 226 137 160 264 109 137 200 105 243 192 251 113 99 105 102 112 252 187 281 113 200 174 226 183 214 126 217 112 145 173 239 263 289 150 245 222 260 106 171 124 300 297 178 267 286 233 288 106 173 207 280 220 220 232 185 214 220 287 190 127 221 190 269 224 241 289 174 249 164 231 165 302 116 254 172 256 287 254 240 271 135 248 236 291 202 126 135 157 259 180 101 124 259 178 192 211 183 110 172 105 162 135 291 281 141 128 194 109 164 279 261 120 140 218 287 131 298 277 114 281 250 113 284 134 226 186 180 274 220 100 217 293 226 233 211 100 105 109 290 227 222 181 139 127 212 127 282 138 186 164 274 213 137 197 154 198 181 257 156 263 306 270 191 204 201 292 197 251 99 142 172 291 126 247 146 220 119 110 234 208 250 142 188 147 129 111 289 128 221 168 258 145 262 141 224 101 142 236 222 258 279 184 193 192 144 281 185 194 198 276 179 179 177 298 155 302 223 138 178 204 148 172 124 235 188 158 132 133 123 186 183 219 243 112 0
0 164 104 103 153 184 217 192 278 247 307 186 279 103 273 266 178 99 156 120 227 199 153 261 104 288 271 190 218 158 205 302 288 214 173 292 283 217 134 142 277 249 250 177 273 156 184 174 149 195 115 226 163 228 191 168 156 196 300 167 217 173 128 261 190 303 252 209 281 290 285 108 115 160 140 279 294 281 277 100 238 231 187 130 148 280 276 161 125 294 260 251 273 263 215 259 272 149 144 280 203 125 235 160 211 163 263 152 225 214 227 178 217 306 279 134 279 291 222 210 171 241 185 281 170 177 141 146 238 185 145 296 293 145 243 217 100 178 210 132 164 226 235 262 213 236 182 270 134 230 122 274 226 238 210 120 289 281 126 178 122 212 203 139 215 229 199 169 210 171 132 245 217 185 134 245 102 272 169 296 303 213 164 111 216 173 160 179 234 228 268 154 157 139 113 104 118 244 144 290 126 110 173 266 207 179 204 202 204 268 165 166 215 139 176 201 149 234 266 192 217 162 287 276 255 123 191 183 160 182 269 215 230 187 259 140 151 204 257 182 112 115 290 112 210 247 289 154 264 212 255 228 267 310 220 112 169 184 162 231 292 126 139 0
0 141 257 226 127 241 194 203 241 125 192 187 244 172 272 212 145 185 178 225 100 217 142 242 268 117 293 117 107 186 127 191 284 284 263 269 254 115 260 284 215 157 160 246 212 220 274 239 200 125 157 198 252 203 182 245 150 151 97 110 234 173 244 200 292 156 246 263 211 104 250 131 231 258 161 253 217 189 184 162 188 158 283 294 128 245 233 181 260 121 278 260 118 254 137 189 265 256 108 159 128 109 167 190 174 128 270 153 184 233 176 257 117 237 269 173 202 254 179 152 223 151 117 192 129 295 114 121 212 274 293 258 231 121 188 172 138 180 216 104 114 231 103 162 252 168 291 227 286 265 297 148 224 258 245 123 287 278 158 212 162 251 227 260 245 254 122 284 202 196 182 151 147 221 176 275 144 98 292 105 156 247 131 99 124 281 185 121 227 207 223 210 126 137 303 164 146 184 208 132 151 142 124 235 233 288 105 106 227 256 277 147 135 197 167 223 271 277 234 259 223 143 170 137 109 113 124 148 224 123 286 250 186 263 108 148 254 236 220 144 122 188 217 264 238 240 230 280 115 175 239 214 254 243 213 110 289 285 284 220 298 98 0
0 199 124 120 250 177 246 174 115 119 210 232 290 177 286 247 243 178 238 150 184 162 219 171 102 295 186 102 163 267 112 298 192 172 110 164 238 216 126 156 191 241 212 222 158 166 306 178 175 139 193 206 135 254 267 163 116 259 120 258 299 243 105 152 157 208 147 225 169 218 110 124 194 177 268 242 256 103 153 290 305 106 262 176 207 258 109 244 248 103 147 131 213 166 211 308 285 195 215 248 124 168 118 258 179 218 155 260 129 124 203 108 255 175 115 131 114 263 285 192 249 242 121 218 165 122 218 132 114 118 251 204 183 215 272 224 143 111 151 134 200 164 273 229 200 186 178 171 196 231 281 165 266 115 154 223 194 195 188 157 106 120 290 113 169 101 266 138 209 192 294 143 267 101 146 227 122 192 166 130 240 191 282 239 175 236 288 176 203 178 179 235 220 106 132 231 224 250 160 191 222 192 253 155 242 281 250 103 122 218 247 108 187 210 209 256 174 149 269 232 166 187 229 183 157 205 219 271 275 206 104 167 176 269 267 199 239 277 151 207 130 287 150 296 277 176 153 168 188 224 202 185 131 231 176 130 106 179 290 129 157 0
0 132 252 255 188 275 260 290 160 123 205 137 177 240 176 191 248 248 293 198 197 170 192 110 226 142 258 182 222 192 157 291 170 137 199 301 234 172 193 190 194 215 137 252 104 178 252 132 104 302 161 268 155 239 105 278 292 258 135 143 178 169 175 111 264 262 117 136 158 221 283 177 161 234 303 292 130 243 149 186 224 228 233 236 176 230 269 228 176 275 108 284 186 149 128 128 140 178 129 191 212 210 124 181 156 289 216 229 286 169 233 141 245 255 266 291 290 292 232 135 134 189 106 222 217 110 144 159 215 279 279 262 258 108 278 113 249 151 228 199 123 151 290 161 132 116 178 237 179 169 188 200 279 284 159 123 253 198 110 135 291 197 157 110 223 128 182 296 279 251 146 229 154 184 169 281 241 286 239 241 267 254 286 139 232 192 112 115 253 294 193 199 190 185 215 282 143 292 277 147 247 234 268 232 174 107 143 202 223 217 180 264 101 165 202 174 210 126 180 139 122 201 145 123 203 291 143 117 261 243 284 250 164 196 153 144 298 160 106 221 147 253 190 176 206 278 199 173 282 176 159 117 260 239 126 129 194 232 170 187 0
0 170 244 135 244 223 211 203 163 164 184 153 158 301 302 213 114 120 217 266 193 121 145 237 189 114 156 274 163 117 108 157 130 217 261 118 118 162 244 290 174 295 102 215 301 155 106 102 237 259 122 165 168 246 140 294 137 147 295 269 212 275 186 198 208 182 169 240 135 123 187 105 181 271 187 200 119 286 251 181 111 201 132 200 293 226 134 233 223 122 129 263 212 113 211 202 255 252 149 256 284 169 272 266 180 154 283 192 150 246 118 200 242 215 267 115 294 292 187 271 149 279 154 158 142 213 199 213 201 140 293 203 276 140 187 286 238 229 168 248 276 236 179 135 295 228 174 284 142 211 207 107 164 180 206 148 105 254 254 261 260 226 135 108 255 253 231 209 172 125 232 216 269 105 131 210 202 177 167 215 142 263 165 298 227 132 150 189 229 188 290 271 252 220 269 218 242 225 168 187 286 118 267 168 126 141 188 215 202 296 103 283 239 141 207 146 159 191 217 270 229 194 123 130 134 243 252 149 122 266 118 122 108 270 223 181 147 104 113 234 306 239 131 271 243 160 185 261 117 266 149 201 150 207 252 258 289 235 171 0
0 196 141 239 234 286 281 271 260 263 129 157 158 221 281 115 124 158 192 235 128 205 131 175 194 214 260 119 254 121 274 227 211 267 186 149 254 152 210 99 265 193 224 295 291 226 295 124 167 236 285 186 260 146 193 121 202 105 190 121 163 111 170 244 290 244 242 228 133 272 149 288 101 227 279 244 276 136 181 268 266 294 307 106 188 175 272 207 228 170 249 100 111 182 234 306 160 278 102 133 277 164 287 188 189 144 234 170 164 262 179 163 214 257 195 222 162 165 213 258 132 188 150 253 137 145 111 216 293 133 226 145 131 152 281 214 105 210 271 172 300 242 147 273 130 184 236 196 148 174 273 100 177 183 146 244 159 169 195 136 137 122 167 140 185 137 134 170 282 278 207 245 242 182 280 188 141 175 234 251 270 278 220 228 206 216 272 290 156 196 150 238 165 229 141 258 169 109 246 146 197 172 205 164 265 136 216 151 215 104 196 132 284 242 179 166 247 293 281 273 166 186 157 224 281 119 226 108 133 155 122 181 244 190 201 185 202 159 108 211 111 263 181 150 146 125 254 216 153 271 122 220 175 262 271 117 163 130 0
0 287 203 251 159 202 287 167 230 195 137 280 109 184 144 230 106 243 142 101 232 249 163 170 260 162 135 251 110 275 265 228 178 175 272 114 113 160 213 297 225 136 235 203 172 167 264 224 228 296 112 126 118 159 253 136 216 174 144 99 158 135 151 265 284 250 263 287 270 132 212 246 143 151 225 233 157 115 102 185 199 263 131 163 109 231 271 173 268 285 187 292 158 251 279 184 290 265 218 267 260 125 266 242 228 154 301 260 263 114 274 258 172 247 199 256 148 126 102 141 133 198 116 124 253 215 244 229 236 143 273 183 202 180 235 174 292 238 225 301 294 105 232 247 113 274 224 252 151 170 185 289 273 218 247 211 154 280 303 111 264 159 189 231 197 239 162 137 115 175 251 220 195 155 157 120 105 161 165 113 104 273 225 155 104 108 213 130 240 172 162 111 280 216 128 224 224 153 202 177 217 235 242 121 209 278 208 264 154 211 253 291 276 284 111 281 286 127 226 184 118 180 191 248 113 299 277 273 124 271 199 253 271 286 238 216 146 193 286 136 253 105 258 133 277 169 186 106 213 187 238 247 224 163 218 147 129 0
0 113 263 136 230 279 238 117 105 183 284 196 233 245 229 190 233 274 156 205 163 121 299 213 274 151 276 129 101 170 242 173 186 244 211 190 165 295 131 170 184 165 110 129 213 206 133 249 172 205 138 233 152 241 254 117 166 160 212 172 288 213 160 226 292 203 150 135 184 135 120 234 248 135 174 148 109 104 96 207 169 186 252 253 174 155 171 256 282 189 174 105 231 260 176 267 106 177 148 106 206 147 161 177 177 208 278 163 204 210 101 201 206 155 143 259 254 203 210 226 180 196 149 141 110 156 145 280 255 204 144 274 254 96 293 172 124 239 202 263 168 105 186 166 189 270 197 226 272 264 120 241 268 266 224 115 298 161 172 122 205 113 205 111 223 181 296 209 150 119 225 122 101 294 199 215 106 133 246 137 261 276 165 140 230 240 105 136 175 289 181 270 215 225 203 161 249 233 305 160 121 291 172 250 142 102 237 127 164 146 158 269 261 180 163 291 295 167 223 281 165 268 175 161 239 110 246 210 230 155 119 226 190 246 123 260 204 210 149 223 105 127 277 173 290 268 153 135 172 270 209 180 291 121 293 154 0
0 153 152 127 189 123 242 161 178 225 214 163 154 198 179 183 162 146 119 186 140 298 185 116 110 264 195 255 242 233 238 221 263 265 306 193 210 121 188 277 231 215 101 155 150 300 284 261 193 122 120 291 105 240 167 118 269 139 170 222 279 281 213 238 297 146 243 191 209 131 118 183 122 131 263 234 137 178 263 120 284 227 212 266 213 284 200 123 254 121 235 223 265 248 154 293 143 151 200 152 200 191 208 166 296 282 119 120 127 243 288 228 174 195 239 194 212 299 131 164 240 216 282 178 210 253 224 166 280 111 233 281 273 267 219 186 125 152 271 280 252 192 140 116 193 154 147 211 120 270 219 187 168 141 209 124 252 129 112 188 201 266 140 114 147 140 259 272 125 193 172 176 129 214 255 193 221 273 135 190 249 128 195 156 234 199 258 284 151 246 280 146 183 216 174 143 156 126 114 150 243 181 237 265 242 147 166 260 195 164 192 130 294 210 293 171 224 128 223 289 218 259 262 229 271 173 136 256 132 246 197 192 105 125 255 168 250 222 217 246 137 302 191 284 154 256 148 286 230 147 228 124 253 118 278 0
0 260 108 153 222 107 245 233 280 107 147 169 114 105 269 226 283 202 276 261 223 182 273 174 111 118 200 119 132 121 167 289 291 144 281 202 235 216 145 235 221 161 256 129 148 230 181 122 108 216 292 219 265 161 155 239 142 233 201 192 259 223 198 114 247 200 176 259 125 166 296 226 204 199 184 202 271 250 165 176 274 229 114 253 189 238 133 230 138 180 199 98 165 253 269 297 276 242 186 261 147 220 292 292 220 164 164 215 117 250 112 196 220 115 253 175 262 287 221 142 177 287 264 237 275 290 152 264 276 231 228 134 164 213 126 216 236 176 139 122 235 259 262 195 221 163 232 146 135 196 173 124 163 186 240 199 247 205 119 221 158 264 248 185 161 262 127 105 291 191 283 189 233 251 257 264 177 184 174 257 168 102 224 165 202 254 120 123 118 269 274 127 153 226 116 121 101 180 185 243 128 275 152 289 257 282 186 268 275 273 173 216 130 209 207 156 125 229 129 205 288 154 275 179 226 259 186 165 229 247 104 106 146 275 226 238 244 289 267 264 215 213 152 199 235 203 140 284 163 105 288 172 190 283 0
0 123 135 125 162 285 209 169 125 135 264 165 220 203 286 263 221 143 267 173 144 223 105 184 271 175 286 236 105 283 254 232 260 177 126 240 203 260 271 125 151 191 186 156 277 183 133 286 100 202 199 296 245 125 282 161 118 99 158 286 106 119 168 193 190 143 250 146 179 192 213 249 179 295 166 257 141 292 259 238 183 141 290 203 182 98 127 273 199 116 225 251 210 120 121 176 125 130 269 229 274 284 197 216 145 301 265 251 257 180 113 179 201 273 209 109 187 108 114 234 112 260 288 209 112 105 141 201 122 139 230 115 120 111 265 253 286 161 200 234 184 224 133 119 104 149 152 295 212 106 299 164 165 182 278 109 288 285 204 144 249 171 279 260 252 101 208 229 150 104 178 119 256 227 202 237 277 279 263 105 244 187 283 116 143 210 291 236 143 249 263 292 107 153 284 111 247 168 205 98 297 280 253 206 275 129 206 239 127 189 171 156 173 251 249 164 235 106 233 146 104 275 196 191 189 184 153 202 294 238 285 222 212 267 119 277 241 175 130 163 146 209 242 254 236 243 262 159 254 220 179 282 284 0
0 295 160 230 211 163 201 117 113 286 242 254 253 246 227 229 278 268 158 272 207 156 252 129 233 249 244 265 103 279 165 156 293 282 143 253 97 182 177 158 289 150 131 245 154 154 130 106 139 266 143 308 167 163 180 165 184 133 102 290 215 277 159 176 229 237 245 121 245 103 233 189 237 141 282 163 171 158 118 236 284 285 229 131 297 225 283 292 204 133 184 110 225 186 245 149 135 258 121 261 197 159 213 184 141 253 208 164 180 159 308 180 166 225 158 283 147 127 237 149 247 116 221 207 213 272 104 144 210 301 175 260 175 203 127 217 178 195 144 139 111 271 200 193 142 151 254 156 179 110 136 163 162 273 121 182 244 107 108 165 283 165 273 197 127 188 146 99 184 229 200 107 291 199 142 281 254 168 170 173 112 245 263 234 294 115 190 208 185 286 136 213 181 265 140 299 297 112 210 300 152 306 123 292 201 132 172 278 242 177 281 225 227 244 148 195 258 180 238 117 297 247 256 245 244 141 227 154 203 187 132 244 106 213 177 170 271 114 127 261 299 269 112 109 115 214 286 292 228 285 196 213 0
0 192 306 199 194 219 155 222 243 171 164 144 188 173 246 166 172 128 235 230 204 275 177 182 283 245 233 127 196 235 224 209 152 218 128 211 228 123 133 188 254 201 157 226 196 271 257 275 107 215 224 244 198 258 156 271 167 256 263 236 283 176 160 114 296 300 293 262 152 147 242 187 149 146 275 293 274 257 288 111 286 298 178 285 158 137 163 235 214 193 191 103 209 202 200 237 187 140 287 259 268 107 234 267 127 135 193 153 276 164 305 220 134 252 296 141 148 190 101 258 221 196 196 102 299 290 128 295 246 175 205 244 122 173 184 278 167 215 102 128 243 168 250 152 200 276 266 104 197 206 196 159 189 127 169 167 263 224 253 137 146 202 206 194 260 154 185 305 164 119 278 226 229 269 121 161 294 181 199 162 113 171 204 195 284 200 197 297 150 115 159 238 250 259 120 135 112 157 196 141 183 117 240 175 230 267 227 258 104 108 225 177 183 237 126 121 144 107 257 207 106 246 291 191 103 139 122 264 105 274 195 244 280 155 272 286 229 168 256 119 123 234 287 150 194 287 216 158 249 301 136 0
0 248 141 178 289 175 188 221 244 291 270 247 126 215 136 187 118 112 172 188 268 189 232 192 165 250 244 297 168 223 111 173 103 249 243 286 293 124 294 230 190 255 165 180 154 137 265 283 212 185 237 147 216 263 216 221 153 242 123 183 267 198 198 116 136 239 307 188 121 147 239 286 176 257 101 116 171 163 178 183 296 263 184 266 140 260 251 200 177 120 235 142 153 251 289 293 203 156 137 216 181 182 110 219 245 251 122 109 101 203 195 287 214 238 195 152 163 229 274 222 136 243 167 99 219 256 303 220 115 114 263 116 158 260 139 206 108 120 136 242 284 293 194 114 225 282 268 247 198 234 282 277 182 277 234 227 162 106 104 133 100 201 286 292 242 191 280 269 210 300 146 186 243 185 234 137 161 151 181 279 292 133 183 178 135 272 281 195 131 213 199 151 116 100 247 176 297 248 169 191 107 102 145 204 228 230 192 298 135 232 222 162 231 127 148 255 175 273 253 117 244 183 286 99 252 147 173 245 287 209 184 220 282 136 267 132 285 112 291 249 178 290 204 239 286 124 215 140 254 120 0
0 181 292 192 235 260 125 197 104 189 217 109 153 235 195 107 226 197 160 165 288 204 132 151 277 105 133 144 118 222 221 176 281 117 206 113 265 225 187 145 109 240 111 184 181 229 248 269 189 125 231 126 284 235 138 251 188 297 269 282 292 122 177 187 110 139 127 179 175 187 194 112 143 164 160 145 195 239 269 157 202 160 104 139 135 197 237 143 284 262 270 258 106 258 199 125 208 270 228 141 201 164 240 101 232 233 125 275 230 294 198 250 176 214 176 226 122 140 200 210 237 132 255 218 226 226 149 183 255 128 290 227 164 223 107 142 201 105 255 203 175 117 259 134 212 168 237 237 178 280 107 161 222 112 253 209 264 173 227 106 219 285 118 198 154 124 178 251 202 192 167 166 231 289 138 270 166 253 154 197 293 258 156 284 126 219 148 156 123 235 210 178 220 238 291 233 98 172 286 185 283 129 147 136 253 276 278 225 118 281 145 158 175 134 173 118 283 195 170 230 279 134 273 113 275 134 247 136 159 205 124 148 269 267 256 300 212 121 119 190 287 268 175 150 188 193 111 229 220 0
0 101 251 289 145 253 262 210 176 162 266 141 244 214 208 295 152 186 195 176 178 209 252 155 120 290 155 294 214 260 173 122 159 273 137 238 156 156 221 166 137 189 170 263 203 158 149 146 104 212 144 163 264 150 139 253 198 250 121 211 192 109 132 261 294 289 281 127 220 113 234 138 260 177 193 143 179 100 260 272 239 150 134 159 229 150 160 152 265 183 211 261 132 167 114 129 198 255 267 267 230 170 261 284 278 150 205 185 252 145 179 189 285 190 272 186 110 277 133 283 236 274 206 155 255 117 103 239 213 158 233 267 182 138 190 227 187 151 183 216 302 116 184 279 104 108 124 281 245 224 163 224 222 130 181 258 108 250 176 110 141 115 125 257 215 257 161 294 108 147 101 266 245 265 281 260 230 235 143 249 298 170 298 283 299 105 181 150 114 223 250 272 284 220 184 282 289 279 167 199 292 171 279 199 270 201 138 267 140 268 182 184 266 230 113 266 117 135 268 249 226 114 281 188 236 174 138 124 210 152 273 252 212 247 253 272 248 246 166 230 268 247 153 194 192 221 107 151 0
0 210 113 257 163 255 270 131 187 185 109 194 218 164 154 130 291 237 118 116 124 204 169 219 117 126 283 113 106 234 143 113 169 281 219 104 140 111 225 307 292 268 176 156 232 124 131 257 208 115 196 253 240 143 184 151 142 229 281 135 279 99 121 254 187 100 116 275 246 195 302 283 158 129 134 155 169 154 300 281 146 172 260 288 193 192 213 180 207 208 267 251 134 190 122 126 301 222 117 221 110 191 153 115 125 212 250 225 102 171 133 131 254 285 141 249 191 131 220 103 187 282 169 133 234 188 297 105 154 153 206 240 197 216 137 247 124 253 274 267 290 146 166 181 227 233 148 190 199 221 230 255 159 110 147 170 180 120 216 289 264 230 206 101 263 187 285 199 101 196 222 292 164 241 163 198 211 289 197 99 187 209 205 232 218 241 187 189 161 265 220 151 160 133 108 148 276 172 223 138 282 256 183 148 150 286 203 213 309 298 297 186 264 221 240 158 180 274 231 166 142 207 168 183 270 212 267 180 266 110 214 146 169 166 158 230 172 202 229 238 197 119 227 160 116 128 229 0
0 236 304 118 292 299 195 143 187 234 147 180 232 158 175 287 272 181 258 171 199 164 108 141 278 199 300 116 174 122 107 220 291 126 134 271 273 141 233 193 118 170 265 107 171 181 280 169 122 127 283 270 164 110 134 183 240 255 196 231 296 236 113 211 266 229 182 267 171 233 110 287 102 198 200 175 240 146 274 203 209 260 292 145 178 124 159 139 293 246 136 121 251 139 203 182 156 204 186 234 103 177 146 228 123 103 127 267 266 114 298 238 138 303 168 180 241 272 189 244 225 193 116 236 198 287 141 266 297 121 111 136 245 128 192 174 222 218 163 173 149 195 188 274 109 249 126 110 286 176 237 231 165 243 164 261 201 276 130 192 117 172 115 233 154 303 286 109 253 128 103 179 255 155 246 127 108 149 266 103 251 173 123 274 187 229 118 106 112 277 125 296 187 287 154 273 222 293 264 157 270 171 210 299 223 203 278 153 152 179 258 162 101 178 236 284 194 144 190 277 281 275 291 264 107 101 305 281 104 120 207 157 227 246 140 233 115 131 193 127 238 257 104 227 123 253 0
0 156 198 174 177 180 193 294 186 134 174 247 290 218 206 111 152 188 274 248 238 200 141 305 119 221 288 215 136 105 123 164 293 204 158 299 175 229 243 130 109 233 215 152 213 160 139 289 232 237 262 274 108 229 131 245 120 233 197 112 225 136 251 178 113 104 262 231 205 212 270 226 289 294 294 139 134 127 247 261 174 115 277 247 193 156 212 209 172 258 118 289 169 235 254 272 125 137 137 202 257 195 224 113 107 135 291 152 291 134 206 289 101 254 232 205 158 151 281 106 194 193 167 249 244 281 202 157 145 109 116 294 137 140 143 119 201 257 242 211 173 199 256 184 148 132 286 216 300 137 268 273 213 183 106 157 181 127 222 171 237 269 116 277 116 263 245 268 244 250 116 188 218 213 237 143 279 129 229 216 298 277 160 159 149 179 184 103 184 295 227 223 196 218 278 245 232 290 160 194 178 120 124 184 116 169 157 138 291 108 221 153 181 107 176 249 218 106 227 287 178 308 229 247 120 241 144 148 242 291 255 142 119 152 131 272 106 121 132 128 123 195 156 221 179 0
0 135 191 188 126 129 266 165 179 164 223 243 166 156 213 177 159 192 103 200 225 176 174 274 198 288 245 265 248 107 125 299 162 167 238 219 250 110 214 267 270 285 228 137 244 176 235 254 271 301 109 110 148 115 111 156 293 218 290 185 220 102 200 220 140 235 183 99 261 101 233 199 120 136 218 235 284 195 170 118 146 127 103 111 99 152 242 132 208 182 264 127 119 176 187 123 222 114 283 116 294 279 143 259 155 253 130 117 250 171 215 243 201 265 172 208 149 201 226 130 307 199 239 225 190 195 174 295 295 235 165 269 204 149 126 215 131 191 301 192 122 265 195 136 280 110 233 148 101 274 118 122 205 105 115 242 142 262 180 261 179 137 167 148 154 227 144 194 286 266 212 266 244 172 106 174 110 256 246 172 121 125 297 112 215 141 219 240 133 185 170 220 106 134 163 131 249 183 272 141 110 174 207 191 216 152 172 172 96 288 274 238 109 101 288 152 185 156 223 160 152 207 204 208 222 152 105 270 118 122 277 213 266 206 207 295 260 255 265 214 122 206 287 147 0
0 287 200 99 151 110 248 190 260 265 135 209 278 145 104 166 146 249 153 126 112 159 116 205 229 137 233 296 241 169 186 255 252 157 254 291 296 151 216 155 182 229 110 146 170 108 118 223 99 241 167 173 141 262 184 188 271 110 167 157 180 105 257 240 230 221 293 224 196 103 173 141 184 147 247 236 196 270 174 276 124 153 129 147 302 111 208 303 127 203 127 275 292 158 264 226 269 223 256 284 169 197 173 293 164 129 134 148 159 297 135 149 273 238 136 165 271 247 250 222 119 292 233 125 125 245 190 129 173 167 264 278 160 182 212 280 133 184 128 276 280 160 281 188 175 119 147 211 167 246 249 172 276 133 120 222 115 141 265 273 280 158 121 128 174 157 279 247 126 215 133 238 271 280 253 253 109 201 258 154 195 135 254 224 212 187 109 169 203 139 305 290 213 154 302 263 194 244 113 120 128 247 180 108 222 119 245 104 181 167 212 218 231 216 193 296 200 196 216 275 152 275 140 283 219 192 166 214 122 130 203 200 193 241 167 286 258 295 297 194 229 150 282 0
0 272 178 197 104 108 156 162 293 140 175 111 211 214 236 190 172 100 192 128 155 109 112 138 286 186 243 179 253 249 162 150 153 293 147 120 179 138 169 256 265 119 201 157 151 282 276 175 169 246 274 251 186 121 286 174 262 140 202 259 197 133 217 194 125 129 258 217 222 224 155 180 284 280 215 180 193 293 126 165 225 185 106 149 134 253 105 174 153 121 203 136 239 260 144 274 213 163 131 128 172 193 100 285 198 179 109 251 244 247 264 102 163 181 138 172 130 210 203 213 166 179 213 201 157 168 241 127 230 273 269 184 113 290 103 170 176 160 260 248 234 152 283 261 197 246 268 205 268 126 257 299 102 261 119 279 278 206 286 169 235 278 119 280 255 185 296 173 174 269 283 114 300 248 280 112 208 296 149 209 194 185 220 204 124 279 230 155 130 121 243 282 219 186 119 104 184 287 102 107 253 251 124 297 185 299 152 154 268 156 230 135 150 177 125 200 170 258 101 282 106 234 187 212 179 146 190 253 288 121 268 251 142 191 102 283 201 267 172 174 279 165 0
0 272 228 245 231 193 167 276 234 223 144 127 293 112 163 262 257 143 202 195 227 307 219 123 134 110 172 182 299 242 197 265 144 280 159 218 274 272 233 137 233 116 183 156 208 111 245 140 219 242 113 128 275 187 253 268 196 254 262 269 171 273 282 300 179 178 135 119 254 251 280 282 207 200 108 252 221 176 209 124 217 135 113 153 230 156 293 256 181 182 157 163 155 110 266 259 187 225 115 130 127 226 181 275 306 170 258 175 213 137 206 130 187 243 185 131 116 220 172 127 190 174 283 218 246 272 270 260 234 201 170 124 202 185 144 303 254 144 205 192 244 257 187 143 128 134 269 219 268 284 236 274 158 287 232 255 241 114 173 127 194 115 238 123 277 229 226 107 239 201 216 114 124 278 186 274 141 273 186 260 151 162 296 103 262 249 268 266 241 200 208 240 126 217 105 230 127 163 214 244 203 260 123 209 158 281 288 186 206 112 206 106 284 207 118 174 169 239 158 165 256 104 202 139 299 283 293 196 118 252 240 117 214 288 156 183 138 228 238 134 111 0
0 164 231 135 231 113 207 245 277 203 181 102 157 126 246 201 138 219 224 285 182 217 281 172 247 233 128 203 230 150 305 295 170 197 140 292 273 159 207 126 236 302 144 198 157 110 158 267 254 125 145 101 175 206 270 162 223 216 190 150 121 157 118 222 245 187 289 102 290 264 225 127 118 235 201 193 172 194 111 223 186 167 298 253 145 293 259 111 280 123 214 208 267 199 140 216 286 211 253 268 178 152 268 295 201 174 285 285 107 180 292 128 203 112 271 255 210 165 227 101 283 265 175 114 182 166 201 262 188 130 259 296 278 145 158 125 196 306 194 120 113 133 100 200 129 240 110 257 274 194 100 214 135 102 134 249 129 303 258 190 118 175 191 121 265 140 139 160 105 248 150 210 116 245 289 283 119 268 127 285 159 238 288 145 132 129 256 292 160 252 141 257 178 111 149 236 245 283 260 136 209 298 98 134 144 178 260 184 108 151 229 157 111 284 166 176 176 187 140 237 173 151 142 198 209 256 180 298 202 144 135 132 143 293 214 164 297 106 102 249 0
0 177 120 107 115 132 284 192 293 282 167 207 293 134 107 155 298 200 269 235 148 105 126 265 157 236 159 122 212 109 230 225 183 228 213 103 189 139 225 176 106 136 107 279 126 280 184 119 131 164 219 193 130 206 201 224 197 156 293 179 113 260 278 129 195 289 170 210 261 101 265 250 118 202 287 157 299 156 279 237 157 143 284 203 194 140 234 280 131 150 209 171 184 148 207 141 159 121 169 175 218 129 157 174 243 102 175 274 263 184 211 146 174 207 121 269 126 236 281 163 158 184 222 260 250 194 219 109 135 235 108 127 130 248 120 169 126 259 255 245 111 104 155 242 229 153 151 279 130 243 113 272 183 105 127 160 197 247 221 153 231 157 294 137 231 239 158 223 248 301 282 160 272 187 192 199 138 277 178 185 191 235 133 192 228 179 279 123 283 256 255 171 138 248 103 296 113 175 164 140 150 236 181 126 286 298 103 296 255 226 174 272 227 184 262 107 127 195 203 146 260 139 306 284 135 226 134 116 187 243 183 112 259 185 187 106 150 105 202 0
0 221 292 168 191 234 146 302 101 137 147 277 228 269 155 181 119 275 235 149 170 258 269 269 146 133 159 107 147 291 286 302 173 129 227 278 119 107 256 212 299 216 175 125 135 289 271 152 253 145 221 178 213 108 136 157 235 124 126 170 174 135 261 102 141 146 204 233 146 188 167 99 171 185 155 252 198 260 274 171 165 107 201 145 222 221 186 214 100 211 127 142 288 181 143 106 112 173 282 278 233 181 153 169 283 210 145 172 249 177 278 283 195 257 143 161 274 214 222 272 107 129 281 263 200 171 157 290 139 199 304 171 275 286 271 138 294 179 216 108 220 114 258 219 283 142 246 133 187 273 173 202 288 162 128 199 201 185 109 270 204 147 135 158 230 210 117 261 270 116 216 202 148 213 138 293 167 160 279 164 233 124 261 205 174 237 223 264 253 227 234 214 169 236 254 177 285 246 137 189 124 134 211 173 217 273 147 181 119 140 132 188 202 237 135 222 242 261 287 295 127 198 100 146 227 99 136 249 115 112 154 260 174 244 145 238 210 195 0
0 250 228 147 236 219 249 187 117 268 212 131 288 157 271 179 163 267 139 163 281 257 228 240 218 157 127 161 115 100 207 243 104 146 272 187 205 128 278 219 253 185 292 216 146 279 126 300 159 127 236 238 198 204 242 187 158 289 238 239 230 182 177 167 217 106 176 286 196 224 292 133 289 267 212 261 272 111 232 281 132 133 154 133 218 261 146 202 195 178 121 207 194 137 281 162 109 223 152 131 206 182 249 231 153 204 235 285 287 135 267 155 199 103 248 204 177 146 289 237 266 282 187 112 194 220 247 101 274 198 245 196 108 214 182 239 236 222 135 125 184 202 263 202 256 117 151 237 229 228 132 117 232 247 226 269 138 234 178 265 245 271 127 230 248 171 190 139 220 152 118 258 158 113 158 168 164 129 198 180 218 150 171 192 174 263 256 206 288 214 197 105 191 216 213 206 166 127 256 194 228 161 160 229 205 219 250 265 192 151 249 158 177 103 144 261 209 280 214 115 262 133 143 115 261 122 229 288 244 102 298 188 161 107 298 211 287 0
0 294 296 112 147 108 244 286 190 274 177 171 270 141 235 205 294 291 241 111 142 266 232 286 119 169 239 190 212 143 204 152 284 255 228 295 220 100 253 125 203 120 213 199 144 283 289 262 215 278 174 122 159 197 290 117 201 299 294 273 214 198 229 188 220 123 187 151 217 287 294 282 180 266 207 130 204 185 250 190 232 276 131 255 257 177 150 184 121 194 236 278 159 277 213 155 237 160 284 167 191 273 144 231 266 176 243 188 294 104 262 167 139 247 193 278 204 126 220 128 125 300 134 170 193 174 282 244 146 204 231 185 200 230 153 253 236 207 122 225 229 242 248 113 292 173 215 247 231 277 249 278 248 245 140 190 258 123 179 196 252 153 195 186 179 166 116 263 241 238 147 148 103 145 246 214 207 165 171 120 100 174 162 222 100 106 302 248 227 260 151 263 122 220 281 232 213 152 273 267 205 263 114 297 270 242 270 249 152 285 134 229 249 218 251 176 152 286 231 222 227 160 165 286 238 190 136 229 162 115 111 202 186 260 203 140 0
0 164 237 212 134 148 189 253 266 217 114 244 112 254 184 225 225 162 186 144 243 185 158 192 205 134 231 142 275 295 152 131 107 216 168 275 149 168 183 174 121 210 152 174 217 195 256 263 274 232 272 164 214 212 197 125 153 187 120 148 267 153 144 278 202 272 283 200 183 251 181 207 273 112 174 180 129 129 118 112 231 267 202 177 123 134 256 200 110 141 221 298 148 177 264 268 213 163 113 242 250 149 186 190 161 208 181 210 139 164 309 172 173 152 220 300 250 260 115 173 163 193 244 190 119 233 163 239 204 204 273 268 170 220 213 226 239 163 117 252 261 201 199 256 146 198 276 142 116 258 120 244 191 236 173 158 258 144 212 274 148 269 108 303 202 129 155 252 285 139 204 225 248 208 270 103 135 279 141 230 263 166 283 290 178 174 224 243 149 163 115 187 105 185 210 125 197 261 144 167 198 123 155 122 150 239 284 286 272 221 161 263 144 282 117 278 138 168 207 177 262 223 245 235 119 161 219 209 288 283 249 182 245 126 167 0
0 158 108 276 288 217 229 106 275 294 143 187 157 221 278 132 130 141 115 205 278 217 233 289 139 118 226 139 139 109 286 173 175 214 176 257 133 228 284 104 130 260 113 296 120 276 206 133 171 257 212 147 228 220 242 168 245 110 293 259 284 249 282 263 158 283 169 243 136 104 295 251 208 161 227 163 249 285 269 171 210 255 112 173 240 242 244 106 126 164 178 123 235 123 116 236 134 144 229 145 200 115 99 171 107 271 285 215 286 186 212 252 181 227 155 185 231 203 183 228 182 204 221 270 269 274 111 185 142 140 129 256 154 270 263 230 238 296 168 109 102 130 121 233 300 226 286 164 113 237 104 233 108 103 109 140 246 166 203 188 248 197 221 287 154 109 197 250 243 269 294 290 128 180 269 152 236 267 284 193 275 287 227 263 136 244 253 201 275 277 292 173 232 136 152 200 257 169 185 133 130 177 255 192 237 160 203 239 184 244 258 115 186 111 252 112 128 255 251 256 157 145 279 280 280 257 203 138 161 164 199 160 197 293 0
0 194 184 167 119 124 133 165 111 119 158 116 298 227 229 191 228 285 210 283 286 128 246 283 222 120 101 215 210 120 193 202 223 226 246 144 239 102 289 276 222 137 125 263 264 110 265 275 244 284 283 253 290 222 120 179 300 237 250 293 121 257 260 141 265 254 190 206 276 196 261 266 155 232 185 283 102 282 121 254 151 120 258 228 130 257 259 108 213 222 158 145 152 297 261 267 187 129 140 157 226 216 103 161 173 172 239 166 171 179 226 146 213 147 294 152 303 176 107 123 156 227 296 206 177 210 214 167 113 233 201 116 98 108 139 234 118 251 156 111 151 179 240 181 144 151 231 105 157 270 278 149 126 115 103 133 267 239 131 259 256 185 201 282 276 247 150 244 160 192 122 197 114 139 122 117 299 211 213 131 279 265 158 194 249 195 280 131 104 147 269 228 275 239 166 271 132 284 195 240 110 126 278 255 244 239 139 290 306 136 189 196 173 106 131 289 170 104 143 226 254 161 281 111 227 245 222 231 274 150 285 103 122 0
0 121 105 119 205 258 116 153 105 134 122 107 215 150 260 205 180 234 126 250 107 285 251 184 288 178 139 114 264 116 291 147 184 178 209 136 124 117 268 183 169 184 245 182 281 153 106 196 308 118 228 213 260 202 165 133 217 282 136 123 256 107 243 286 137 274 253 197 304 290 236 207 112 280 223 224 132 170 206 227 210 256 156 239 222 236 193 286 112 177 211 201 279 247 268 166 239 116 181 104 239 258 245 112 236 177 246 117 138 227 296 154 167 262 263 113 296 148 161 249 168 276 172 207 171 178 225 161 165 191 135 163 129 215 132 251 157 194 154 184 143 230 293 222 176 206 141 176 139 106 178 240 250 273 269 258 193 126 291 202 254 178 102 244 238 280 117 102 226 111 248 245 295 114 254 294 286 258 146 268 141 196 178 159 112 200 214 147 275 177 205 128 195 99 289 272 219 151 130 236 193 181 299 121 156 280 291 279 171 269 114 244 278 119 163 204 157 241 266 144 172 271 124 146 257 215 146 139 130 280 171 238 0
0 242 227 254 197 193 156 136 255 281 121 145 193 265 191 221 236 215 205 130 182 286 178 215 200 238 163 230 294 247 253 187 203 190 116 188 246 198 112 104 242 281 239 184 296 122 302 296 177 219 194 248 229 194 197 130 166 105 201 284 128 212 154 102 129 282 243 163 294 105 132 187 212 251 198 250 148 141 281 226 286 172 201 211 204 144 114 115 128 283 174 236 114 164 132 116 231 280 160 114 182 280 149 218 196 165 146 113 145 260 281 167 126 108 296 261 162 291 256 139 111 272 136 102 280 195 173 190 276 221 124 221 280 268 152 166 166 132 124 137 293 147 113 176 149 105 266 151 176 175 104 280 172 169 145 218 245 146 244 313 140 302 144 220 265 156 233 160 265 277 238 175 269 217 191 269 261 102 98 284 290 118 171 202 212 190 195 265 216 274 215 121 190 172 135 307 102 186 247 286 216 196 200 190 281 277 112 253 270 230 107 289 185 113 166 124 277 297 149 239 119 113 248 125 164 220 285 253 177 187 105 0
0 201 107 157 186 261 270 268 294 227 237 285 138 127 256 294 221 103 157 169 170 197 172 118 254 297 217 127 170 278 157 226 191 216 192 251 228 259 280 203 307 158 152 101 182 125 258 149 250 285 205 301 172 122 288 122 185 138 254 243 203 254 211 157 161 150 201 256 238 162 210 258 171 250 224 154 180 157 236 283 174 170 221 240 171 220 165 167 288 211 167 183 112 179 151 201 261 288 273 178 228 98 248 189 214 298 259 223 256 289 283 162 201 114 208 133 174 271 141 294 297 176 275 160 284 123 246 301 252 124 190 204 233 199 158 178 266 137 167 168 107 292 219 304 239 153 128 146 119 115 170 137 298 289 182 191 173 234 241 199 146 280 269 227 247 184 236 137 265 136 221 142 191 271 145 102 269 131 232 234 290 253 124 277 100 154 245 239 130 109 157 121 238 277 167 131 178 289 199 140 216 136 231 279 192 125 244 125 245 227 232 145 110 298 194 235 285 125 224 195 284 136 112 255 122 197 195 232 239 152 0
0 280 232 192 124 102 119 145 188 122 248 268 105 254 181 118 170 304 223 273 184 146 156 152 206 224 123 282 105 154 227 120 223 224 245 300 252 262 263 245 228 250 302 257 233 173 128 209 168 149 178 246 152 277 270 224 212 224 139 234 131 138 184 130 192 238 139 221 97 181 162 254 124 123 141 227 204 258 214 178 252 258 211 242 292 128 109 258 258 120 228 179 218 178 200 193 200 264 218 143 124 249 204 128 289 263 219 174 272 196 169 258 107 269 137 170 271 239 203 147 273 239 267 129 110 131 128 296 214 268 122 280 146 216 204 148 196 235 105 111 206 232 117 212 294 257 171 111 202 130 273 117 159 158 174 177 291 230 124 258 280 278 105 124 165 216 272 233 200 286 133 137 232 232 280 135 272 150 129 188 302 173 240 182 286 148 240 135 145 173 156 259 253 195 123 276 267 279 146 225 146 294 203 201 105 273 183 274 209 179 198 242 202 274 256 263 138 223 184 165 294 241 197 183 290 162 182 194 218 0
0 205 132 110 256 149 159 277 185 170 119 274 262 263 107 262 209 223 281 227 204 274 163 262 123 233 206 194 166 224 249 187 141 212 192 263 211 235 282 236 248 143 102 189 165 193 129 113 231 209 221 279 264 265 108 189 194 217 132 134 291 112 205 104 219 261 238 200 172 130 151 278 274 185 124 210 120 263 243 222 199 195 105 101 149 108 275 217 199 150 228 144 242 253 289 290 250 147 258 184 106 277 283 200 161 248 149 170 243 232 208 234 123 204 285 193 152 242 258 272 299 155 153 124 251 156 139 129 196 184 257 120 153 148 267 272 248 204 247 203 261 210 271 256 284 143 163 145 127 245 236 146 191 149 251 296 224 268 281 144 205 168 129 205 124 237 230 120 269 147 243 248 102 146 111 192 176 240 186 266 142 151 158 286 249 213 225 105 209 117 144 142 272 244 147 238 222 177 237 148 206 146 207 117 104 130 143 141 186 146 220 134 185 132 109 213 111 192 105 199 105 217 216 109 101 240 134 206 0
0 168 116 149 100 180 148 299 230 181 280 265 176 243 271 216 247 166 99 224 245 244 229 182 209 131 194 287 290 201 116 201 294 235 288 127 175 172 180 149 128 114 264 280 251 184 129 211 105 143 211 277 307 249 113 200 224 276 241 275 131 207 154 140 165 174 274 283 250 248 136 164 130 250 248 230 124 107 231 172 105 288 290 283 129 179 253 189 277 195 188 236 295 213 171 271 98 223 254 176 215 199 255 207 111 143 99 141 106 181 232 279 159 213 274 145 219 175 153 288 218 189 102 150 200 243 221 218 233 120 231 193 143 147 267 263 125 222 278 282 229 268 221 180 114 224 184 184 310 125 203 284 221 276 108 167 192 262 152 216 269 183 206 131 111 178 268 109 245 149 118 302 239 175 200 255 104 275 184 295 158 150 268 211 263 293 117 217 186 227 179 216 212 214 159 151 208 206 219 288 285 232 293 244 156 207 184 194 183 149 177 265 227 168 155 266 264 307 212 121 219 211 213 104 125 204 192 0
0 116 194 208 245 148 255 101 235 163 126 208 164 250 214 129 142 166 205 147 144 170 193 189 245 283 248 163 221 108 275 261 257 162 177 182 130 298 262 269 109 222 218 212 277 200 181 214 294 190 222 248 263 200 152 100 280 111 105 244 255 193 183 266 184 211 237 152 232 193 288 197 234 235 133 260 242 121 248 154 255 176 217 133 227 135 139 154 110 212 249 119 121 121 160 258 132 303 120 171 293 179 132 247 247 164 146 130 222 227 157 250 208 255 143 212 282 161 184 201 171 199 191 154 288 280 176 223 233 212 237 288 102 172 149 234 200 109 239 213 137 116 286 180 156 303 252 160 118 295 288 117 257 275 156 197 294 267 267 271 290 269 198 101 139 212 297 138 260 220 164 123 273 116 171 150 214 108 100 291 113 155 200 287 240 258 186 134 169 246 243 212 154 251 211 170 270 131 183 293 101 218 269 199 267 114 148 276 260 99 139 122 118 109 101 240 169 265 170 227 184 104 114 106 130 251 0
0 163 201 289 242 240 260 164 139 202 251 299 154 274 209 189 233 222 256 264 203 185 106 131 143 98 255 109 213 141 257 304 219 121 194 131 183 259 170 206 206 105 123 199 130 173 250 248 112 281 171 247 141 215 189 238 151 214 104 271 121 250 259 292 301 244 220 181 183 177 154 122 147 207 158 249 216 212 298 257 142 114 284 266 268 149 254 110 229 102 285 116 261 226 237 250 152 125 256 183 108 221 209 238 299 196 192 289 165 247 117 250 224 136 240 148 108 290 163 293 140 203 249 221 245 134 168 266 120 248 201 179 287 211 109 267 256 204 115 224 263 117 293 284 283 135 189 278 290 178 296 146 109 272 185 197 268 286 143 300 175 262 115 265 194 232 101 159 172 276 194 200 126 293 124 122 256 286 289 196 248 252 276 236 292 154 235 119 119 267 104 111 161 164 139 286 143 129 232 149 180 180 197 119 125 187 176 113 103 215 238 139 292 298 152 238 287 221 270 147 157 280 139 211 109 0
0 191 105 261 177 126 240 139 304 123 170 142 103 265 204 125 215 167 260 177 112 119 214 111 241 153 283 158 236 132 243 185 136 162 185 99 213 197 269 234 102 298 289 270 283 240 131 110 206 165 251 220 183 184 288 234 114 300 155 125 154 228 253 117 225 123 153 243 185 257 258 155 226 172 215 115 169 259 173 108 170 107 102 223 188 123 100 240 160 255 133 219 184 250 173 224 195 124 184 257 177 181 229 296 207 227 129 157 124 131 206 160 260 150 103 191 216 134 225 251 172 220 229 269 226 139 283 131 284 291 275 187 225 223 279 295 177 157 120 103 139 237 271 182 159 272 104 141 244 130 106 151 199 286 241 266 98 264 169 212 250 102 218 134 157 152 288 151 215 117 113 172 165 289 210 285 290 152 246 250 139 272 182 105 125 269 294 285 124 102 128 261 129 203 186 136 170 235 123 104 135 299 273 281 126 287 287 210 170 252 289 252 159 221 173 279 267 213 170 228 203 146 128 271 0
0 198 184 264 181 226 201 207 173 241 269 189 114 247 281 131 286 179 263 169 120 226 196 211 129 224 214 253 216 186 237 284 270 142 247 265 260 125 184 288 198 233 175 262 102 130 252 121 279 132 99 127 235 99 257 250 150 273 225 264 118 294 285 132 152 274 262 110 103 157 218 263 142 279 115 193 144 289 255 150 253 195 128 182 181 254 198 272 206 130 221 284 235 215 274 197 232 144 210 126 171 304 170 211 262 191 281 262 280 149 214 163 165 221 157 222 263 254 239 247 228 293 205 266 237 291 170 223 149 215 267 293 183 229 280 108 169 266 266 138 274 276 134 199 273 167 210 114 218 194 231 126 250 104 245 215 187 201 274 271 133 163 263 165 193 221 129 239 244 152 206 154 290 238 124 233 107 154 153 174 180 152 169 283 275 285 184 221 130 208 217 278 285 300 107 212 118 271 105 145 178 270 206 160 287 225 127 114 129 107 217 132 195 214 192 127 141 122 180 251 135 252 253 0
0 237 223 230 298 280 207 264 139 189 106 135 250 290 105 100 211 251 223 236 166 136 224 227 224 205 279 172 149 185 192 108 285 164 167 226 210 100 181 180 233 185 176 299 233 217 293 186 139 160 121 143 255 108 231 151 154 298 289 237 290 129 226 98 146 286 151 213 210 220 185 258 219 141 116 281 255 236 145 110 265 254 185 133 217 151 186 280 243 167 226 222 109 242 188 196 261 230 284 250 168 227 268 260 279 166 224 228 134 257 249 265 106 140 133 143 293 240 228 277 253 177 277 150 100 266 249 285 258 270 163 127 231 191 289 141 291 228 163 144 277 268 287 288 271 102 255 115 248 189 215 176 136 159 137 286 283 268 265 152 254 286 258 219 229 213 131 255 155 303 166 166 175 194 107 284 239 293 220 146 157 235 128 221 161 136 146 226 153 277 199 160 114 147 186 305 102 218 202 168 267 153 258 105 129 189 308 258 150 196 212 284 143 206 157 178 246 195 205 243 164 251 0
0 216 236 142 209 173 153 157 132 169 196 198 231 292 275 175 248 125 190 234 167 106 233 209 167 200 146 155 155 255 105 99 102 162 252 192 158 285 284 220 237 145 164 139 194 290 131 150 208 214 243 184 209 282 180 245 142 133 124 111 182 100 103 235 167 239 193 163 196 224 112 261 140 262 290 171 243 186 115 221 206 279 250 272 108 275 230 133 268 116 152 119 104 130 142 247 142 231 116 307 202 262 266 117 207 301 196 251 280 162 293 297 176 254 251 196 202 174 280 249 156 167 193 180 168 141 103 114 219 208 181 111 215 164 122 235 169 229 167 116 180 288 197 260 172 207 298 198 215 240 200 270 116 182 233 183 177 180 299 216 136 235 130 216 131 282 183 103 228 113 172 112 297 257 211 221 110 271 155 272 150 200 237 282 157 214 154 139 262 277 152 292 240 112 287 291 261 283 276 200 127 142 123 256 223 231 272 201 115 171 171 253 182 180 163 284 289 144 217 228 271 0
0 181 292 260 225 170 139 119 258 253 140 296 293 237 152 218 120 215 283 232 253 175 245 216 207 210 208 293 294 103 217 221 157 234 290 264 136 100 133 155 292 182 191 205 132 113 232 286 114 207 114 276 239 141 131 169 283 171 157 117 111 136 129 108 146 265 227 170 106 199 195 120 228 216 252 209 118 136 195 245 127 267 281 235 284 283 282 163 192 261 123 113 252 112 198 247 203 191 166 207 177 211 286 214 160 295 142 162 202 271 205 250 278 265 290 183 201 201 123 213 294 176 274 141 220 173 167 209 172 142 155 234 277 292 168 269 297 200 218 290 244 260 110 275 199 224 142 134 161 158 188 107 224 101 275 100 232 236 152 292 273 277 136 195 269 271 266 283 192 171 251 100 125 173 272 169 202 144 287 306 138 190 196 110 258 147 115 119 167 166 139 157 154 286 163 106 269 259 111 250 258 190 287 289 254 237 289 181 131 246 247 222 299 157 247 190 181 129 242 217 0
0 249 239 127 135 190 250 195 115 109 252 291 130 200 148 290 195 213 196 171 212 281 131 262 272 261 208 147 130 271 226 239 123 246 292 138 257 249 294 172 294 234 169 127 150 98 193 195 102 267 141 267 235 229 148 118 264 120 201 193 119 247 169 197 180 101 110 228 255 154 175 235 259 170 169 281 259 106 268 120 205 110 147 213 272 103 158 201 202 110 214 248 210 210 148 148 207 119 287 151 293 266 293 299 189 201 110 202 150 170 169 265 158 184 287 160 252 256 254 221 241 269 189 286 295 221 128 200 126 119 222 283 165 216 125 231 177 146 118 164 291 101 150 129 248 259 242 126 228 138 253 254 167 161 250 171 225 139 157 122 179 256 173 126 258 239 199 290 203 150 278 200 290 192 275 286 218 166 146 136 125 146 279 282 223 120 208 153 112 258 159 178 137 147 289 132 227 124 180 152 154 292 265 181 149 205 264 272 175 265 97 202 298 124 141 174 132 187 257 0
0 122 187 282 238 134 264 162 299 242 296 202 242 300 293 279 180 191 192 227 125 168 244 269 152 107 304 175 168 150 215 98 132 167 237 129 117 118 181 185 242 136 113 178 224 201 159 215 106 135 272 136 283 254 228 212 195 208 271 227 185 180 147 293 131 287 168 173 182 257 113 200 152 113 142 136 205 207 193 297 250 175 170 122 178 226 117 185 279 133 299 202 183 250 144 161 288 166 145 231 125 134 177 141 180 199 281 273 258 247 157 135 162 277 275 114 164 167 206 247 283 138 232 153 117 254 171 199 116 287 141 124 162 116 116 273 137 121 296 280 246 189 276 139 123 256 138 212 113 171 151 261 259 241 251 277 241 124 171 211 181 228 99 128 194 134 267 189 257 158 267 139 177 224 106 233 207 200 178 164 215 266 245 239 238 184 167 261 162 123 135 116 294 181 251 169 193 285 279 289 130 292 301 258 258 159 242 139 241 116 220 186 306 116 140 263 130 161 0
0 118 278 115 135 240 126 258 138 134 129 281 187 229 205 200 181 225 114 290 138 169 283 175 169 191 243 301 124 133 133 123 143 127 194 261 117 110 259 162 279 285 172 248 153 250 285 300 282 250 277 265 246 137 176 126 184 245 302 277 132 177 237 151 106 150 255 161 181 293 179 163 258 107 159 190 143 177 115 271 258 254 112 218 207 208 169 146 102 167 184 161 158 125 129 187 154 173 246 155 99 213 258 274 158 208 100 297 129 285 126 147 288 126 166 225 222 159 288 180 274 247 157 111 211 114 106 287 287 110 133 117 229 108 113 159 136 126 156 297 215 182 119 118 192 173 231 191 112 252 279 140 231 206 179 159 156 251 226 149 199 159 159 161 100 157 229 123 161 156 191 193 99 292 277 245 224 141 229 129 222 260 123 125 132 282 182 170 228 260 99 188 242 109 199 200 165 110 164 179 263 257 122 104 156 235 139 239 243 290 230 168 174 189 279 273 184 0
0 126 112 258 199 185 212 143 157 277 140 247 216 186 218 119 202 228 260 295 165 116 246 304 295 220 244 122 293 168 209 198 266 162 125 289 152 263 197 179 216 256 106 255 151 152 179 203 110 142 273 118 102 288 172 166 221 162 271 126 236 185 200 140 229 291 273 196 153 228 277 242 134 244 174 198 110 109 303 251 196 196 109 238 188 180 189 275 294 104 216 134 289 172 281 132 208 116 155 198 168 279 185 225 223 144 286 209 261 269 160 262 223 122 228 186 181 272 302 148 208 147 207 157 176 236 307 107 249 145 152 144 298 193 228 219 149 227 178 149 244 289 115 176 294 239 261 264 291 186 304 275 169 111 295 123 221 134 152 285 187 122 261 227 265 164 259 130 242 155 195 245 192 247 235 266 137 175 218 223 274 134 125 217 193 167 131 294 246 205 141 114 227 232 252 278 134 194 227 227 293 271 170 272 145 150 239 220 218 164 283 190 231 233 115 203 0
0 193 175 191 184 134 183 135 163 183 167 263 136 273 231 288 247 125 243 143 112 202 216 184 266 213 218 212 215 237 228 285 221 206 274 289 169 123 153 293 197 131 244 277 275 283 170 237 222 136 244 253 286 272 196 200 117 283 268 275 216 111 254 223 284 180 140 237 103 252 225 275 272 241 254 274 293 252 216 139 140 285 302 181 145 137 153 99 107 210 119 176 197 234 227 232 220 133 128 244 238 280 231 282 267 110 272 151 107 260 256 170 228 228 221 230 113 175 220 241 180 189 237 238 273 186 174 196 160 172 206 262 264 124 250 204 156 166 272 138 172 102 279 191 259 248 109 274 109 297 268 188 260 183 162 152 197 142 143 217 236 219 132 284 198 96 205 201 134 166 226 104 212 186 171 184 247 145 285 136 182 255 180 207 258 121 144 182 273 249 156 167 115 189 248 99 116 102 136 100 182 214 235 279 216 271 266 181 104 128 209 153 154 113 140 0
0 184 213 138 188 256 133 279 243 153 161 292 176 275 218 209 249 159 284 303 266 113 238 304 295 147 266 168 276 133 102 112 147 189 255 215 199 267 247 147 151 272 144 246 158 118 243 236 234 262 255 101 173 167 172 119 241 263 196 131 129 257 98 199 149 191 294 293 170 108 111 276 252 285 251 147 119 107 285 127 266 180 284 170 179 148 250 278 127 281 126 280 220 219 162 197 279 239 228 108 125 257 218 234 242 118 158 232 213 174 151 226 282 165 221 101 122 277 175 100 258 108 108 233 127 175 162 128 232 196 171 169 219 283 147 103 258 210 208 205 300 154 216 297 280 192 292 201 147 206 217 144 214 225 200 163 285 119 200 181 270 175 152 116 148 276 160 150 173 264 139 210 164 117 111 252 195 158 107 235 231 110 126 170 122 182 111 306 230 289 164 281 104 185 305 265 102 239 301 305 133 297 182 187 165 112 277 241 224 247 267 230 163 118 0
0 255 157 282 133 266 112 196 218 196 204 146 207 124 167 193 249 284 211 102 198 236 237 232 107 113 199 214 182 266 112 228 285 142 193 138 259 120 199 129 282 274 219 133 279 119 211 255 226 166 157 124 174 153 216 157 169 212 116 120 217 258 129 245 186 122 216 206 286 128 231 212 187 228 127 268 164 247 260 283 260 256 298 112 264 138 155 268 257 131 121 139 148 228 217 183 295 281 253 111 249 145 114 200 232 235 230 300 137 303 141 219 270 126 225 257 264 119 274 148 259 105 241 255 150 239 221 99 110 287 276 193 141 283 147 207 233 241 221 135 247 211 230 114 133 199 177 123 111 249 225 275 302 200 147 298 195 203 147 135 171 234 294 146 119 250 228 120 291 109 166 126 249 293 257 205 178 277 268 265 172 186 139 160 222 139 192 241 281 208 172 178 203 188 263 154 220 185 138 178 110 201 184 102 238 207 180 158 303 248 252 262 251 0
0 104 118 189 239 283 131 164 292 187 228 296 290 219 157 122 197 277 293 292 186 299 118 163 141 276 117 267 130 256 135 302 208 230 159 231 285 256 138 252 156 114 159 114 246 109 301 266 120 175 236 119 262 274 163 229 292 106 157 105 110 169 134 148 202 276 190 158 221 292 136 295 279 185 275 176 234 106 204 177 126 142 295 102 158 110 131 229 210 222 238 287 202 138 258 296 130 115 253 123 220 237 162 183 144 252 184 175 153 287 111 129 202 129 120 264 172 177 136 199 247 264 290 139 148 193 192 252 241 290 198 262 152 181 257 192 275 272 255 218 274 293 222 233 210 245 193 171 163 133 269 251 282 214 227 106 237 172 130 294 195 230 244 210 233 147 277 165 211 231 294 250 215 225 223 305 186 206 230 248 107 165 243 246 171 253 126 274 109 285 238 266 234 112 158 193 145 115 309 166 107 173 101 230 148 107 186 168 303 268 217 181 0
0 223 139 184 142 290 191 287 170 157 154 283 124 167 118 255 208 176 242 225 206 166 239 243 158 110 244 163 211 267 282 185 210 207 276 151 275 125 150 152 274 164 144 253 163 176 238 273 128 236 102 274 126 151 285 217 296 251 127 128 146 128 229 202 169 270 195 270 246 117 118 230 132 234 249 194 174 129 173 132 215 123 129 267 112 163 200 221 221 196 161 177 290 173 112 247 233 231 236 193 284 125 177 166 264 165 239 193 191 242 192 109 178 282 253 172 97 250 251 148 214 136 189 197 256 250 243 110 231 159 266 230 191 126 148 242 287 110 112 241 234 116 115 279 111 157 301 148 263 285 239 271 135 233 278 293 231 139 202 107 285 279 106 144 122 108 256 209 243 110 181 135 236 104 229 245 117 202 178 197 106 232 190 295 249 279 245 120 145 211 112 100 239 102 113 305 156 120 106 151 244 240 209 243 195 259 182 124 287 177 117 0
0 254 115 150 181 226 110 236 145 156 244 150 179 100 232 194 292 300 281 252 100 250 177 253 163 127 245 240 106 243 221 120 273 195 281 192 282 298 285 161 140 234 115 291 159 178 182 241 109 166 250 133 121 282 117 226 208 162 134 153 278 211 220 205 229 208 225 124 158 140 251 299 165 209 203 214 276 198 245 133 284 104 234 278 134 240 149 154 174 165 126 222 108 275 222 274 104 216 196 228 108 204 235 281 254 247 120 264 217 250 283 125 257 103 204 124 274 291 209 147 217 172 242 135 152 137 138 189 128 222 209 214 141 160 124 247 215 106 135 231 213 239 274 262 176 103 116 99 213 259 106 171 307 148 113 231 245 244 220 223 223 219 241 102 141 226 296 246 128 264 259 113 241 284 289 130 256 129 268 202 172 182 120 222 265 134 220 140 141 244 293 279 186 207 150 285 102 276 235 286 113 170 279 256 144 282 278 152 217 137 0
0 270 124 171 205 143 214 154 139 146 162 294 193 240 261 295 277 135 291 289 176 278 194 121 183 305 206 220 227 273 209 208 228 110 216 171 282 160 153 103 187 280 228 224 228 124 277 180 290 151 152 225 172 222 108 141 170 100 280 203 230 141 278 222 245 302 159 233 121 247 305 214 128 286 211 185 150 115 190 166 124 130 226 162 260 124 142 167 150 225 298 302 188 299 221 190 153 154 133 287 109 184 205 134 157 240 201 187 142 232 282 209 207 223 181 207 211 207 109 214 264 142 183 200 246 298 180 124 206 172 172 145 119 258 201 280 269 198 107 120 218 238 121 281 228 236 180 115 264 116 276 235 200 221 131 268 155 106 228 211 215 229 298 119 143 292 196 100 118 243 284 112 209 285 136 164 123 199 275 152 216 212 213 235 198 289 241 240 274 291 221 257 105 246 254 140 101 159 264 283 186 230 295 122 132 265 129 260 194 0
0 244 245 130 233 296 150 114 202 215 158 141 101 130 182 124 170 152 111 127 296 159 274 273 128 273 134 213 195 211 237 263 132 148 105 143 266 234 220 308 251 181 248 283 225 248 187 254 217 298 108 266 163 236 243 249 270 121 147 261 258 238 229 300 293 241 150 106 116 139 150 246 231 114 212 267 253 136 207 190 223 231 100 192 206 121 191 244 202 198 176 296 179 111 130 121 251 265 284 277 226 225 218 216 256 207 128 199 117 125 298 272 218 266 125 177 234 131 184 123 193 267 200 266 257 197 162 274 287 200 112 301 195 226 106 100 112 224 248 137 135 291 218 218 199 243 184 271 297 264 238 271 222 118 230 118 173 255 258 200 144 161 219 217 156 108 244 136 293 167 223 158 181 146 128 195 139 272 165 175 115 245 124 136 109 147 202 230 299 137 228 201 271 186 148 276 230 100 221 195 145 190 119 264 177 184 231 182 0
0 174 284 196 197 223 225 243 179 174 226 106 255 113 143 109 246 121 179 147 153 149 266 129 202 259 126 223 234 170 284 286 269 174 236 270 154 185 102 187 265 199 193 155 233 207 284 135 153 162 112 166 141 180 134 271 214 299 130 227 244 109 123 110 238 289 145 185 210 221 254 209 163 146 192 254 252 254 257 100 124 298 163 204 206 226 240 194 187 268 142 157 151 178 236 255 222 198 220 235 208 260 223 279 202 242 145 282 292 175 124 115 195 175 262 265 238 215 251 150 154 260 134 290 181 202 169 139 209 228 176 215 130 111 234 161 171 237 159 269 174 293 239 114 249 176 109 117 214 126 158 153 281 177 234 261 229 273 198 298 173 108 185 214 139 257 276 188 237 199 186 151 154 128 266 215 156 128 159 148 245 199 268 181 212 128 270 248 217 129 241 248 179 208 239 226 206 131 125 129 193 267 184 121 289 115 102 0
0 208 128 206 251 269 162 200 119 181 163 297 109 135 140 113 249 106 242 112 302 193 190 105 124 151 122 288 118 107 249 229 209 176 118 147 194 233 135 282 123 147 214 137 192 182 115 284 156 103 280 152 151 147 107 212 112 163 170 246 250 161 233 158 270 270 191 281 166 134 226 123 277 109 284 298 124 204 264 281 138 176 281 168 124 245 179 207 177 212 133 174 203 235 182 260 220 208 225 262 105 185 279 162 182 265 190 196 199 110 189 254 194 238 213 219 219 158 132 120 192 132 212 248 106 191 268 180 216 139 173 222 134 139 274 106 195 218 285 160 169 297 103 201 177 224 275 108 127 261 138 156 167 201 173 125 263 126 212 136 139 152 280 165 237 268 227 212 257 206 125 143 216 269 303 252 131 154 220 182 219 108 154 106 98 114 199 278 276 107 134 222 164 103 177 171 118 275 260 217 110 163 149 260 294 136 0
0 241 207 265 297 268 254 130 205 172 143 116 167 233 216 282 242 97 209 242 275 215 247 280 240 190 228 161 164 164 106 220 114 104 173 250 168 151 111 217 280 137 239 146 123 150 215 140 303 176 258 145 156 179 164 169 150 277 123 243 136 222 115 149 167 272 143 207 206 257 202 192 137 296 273 296 119 188 249 242 118 186 169 301 237 253 173 271 243 309 250 252 179 193 181 206 169 191 274 206 103 111 238 138 111 182 157 214 208 227 187 266 168 231 237 283 154 119 214 254 189 164 109 254 154 111 158 241 208 167 262 233 268 150 244 109 257 182 129 199 238 262 171 123 197 140 228 289 273 248 182 151 127 159 164 290 146 133 126 143 167 220 146 181 107 271 296 116 304 278 145 137 136 156 167 260 290 280 147 124 235 224 127 264 137 210 245 255 134 297 262 259 144 128 180 128 275 129 166 285 138 209 293 296 256 0
0 167 275 140 247 286 156 133 103 213 245 235 184 194 198 162 188 282 142 112 178 283 157 126 134 99 115 225 213 281 121 235 128 158 292 202 117 253 229 114 242 271 148 217 236 241 186 244 119 263 298 262 239 132 171 217 104 263 102 241 269 295 215 163 238 157 264 172 250 299 148 269 197 178 215 240 235 240 241 249 213 185 203 287 138 194 291 147 279 165 200 164 272 149 142 258 160 128 268 217 278 168 131 171 224 126 177 219 209 270 117 210 163 202 123 194 184 282 126 192 168 256 245 191 192 128 102 186 138 250 193 211 125 166 271 206 200 170 167 104 117 175 237 108 201 135 101 204 124 289 221 225 146 224 148 170 221 301 274 194 126 138 227 262 236 207 186 145 224 218 142 104 217 122 169 104 133 267 134 213 125 235 163 141 180 110 208 194 119 207 118 256 256 270 122 287 302 267 175 140 247 100 290 193 0
0 260 104 125 146 199 133 103 253 226 213 227 264 182 220 269 295 282 177 129 258 222 156 246 153 196 150 206 196 139 257 166 105 119 234 210 108 242 197 229 207 162 303 173 209 234 162 214 142 257 145 110 220 256 281 171 207 212 278 260 193 275 200 271 253 192 230 297 284 117 103 208 244 253 257 246 233 129 193 258 175 222 160 290 288 240 251 156 182 170 152 198 258 293 174 240 268 130 216 111 108 175 226 173 102 245 219 116 144 149 232 168 157 170 179 260 263 206 274 117 300 217 263 265 112 204 300 301 225 121 276 207 210 189 307 155 141 135 138 158 166 224 158 128 231 273 194 239 213 222 121 154 195 192 160 188 264 267 158 198 292 232 239 119 172 126 105 280 167 172 274 225 212 226 251 175 167 218 124 136 115 194 186 108 150 220 153 120 127 214 247 169 274 248 203 232 119 181 269 259 115 214 174 0
0 293 200 289 283 249 133 120 121 288 171 233 256 196 288 120 258 282 281 293 250 269 208 289 122 171 114 149 135 263 213 164 201 123 141 119 248 265 217 230 143 192 225 219 255 151 259 196 191 157 110 274 180 259 209 207 232 251 115 213 230 281 285 158 242 110 169 282 151 258 168 125 199 197 99 170 143 140 144 110 211 276 111 116 253 270 124 254 217 278 194 290 102 106 297 168 206 160 119 247 269 126 193 215 302 132 188 290 101 137 163 231 218 146 148 103 110 113 208 263 125 228 163 170 223 224 121 192 214 235 102 128 165 238 128 186 184 193 129 228 190 152 289 221 207 109 234 102 107 297 204 199 268 168 217 197 117 125 143 225 157 280 222 213 195 185 162 127 114 254 266 258 134 268 205 120 277 281 256 212 279 116 243 257 188 200 171 292 113 230 218 167 148 208 212 215 277 238 131 174 239 252 0
0 144 173 241 160 287 104 205 269 175 210 275 281 179 151 260 126 136 164 167 109 221 185 204 213 281 203 99 191 197 254 230 271 187 129 241 183 255 132 183 142 259 112 201 299 231 281 185 206 111 201 298 157 166 240 208 108 117 179 246 219 102 153 175 215 291 302 195 154 262 171 181 148 281 176 193 223 141 213 295 142 169 238 224 285 268 177 213 238 268 229 210 219 196 260 136 202 234 276 111 268 183 170 238 232 128 295 182 148 200 284 122 212 179 199 149 210 231 233 248 216 189 258 197 180 264 107 247 112 134 295 139 158 194 167 251 156 142 291 262 112 142 208 181 126 257 145 138 141 260 278 274 145 176 204 228 265 270 165 269 170 192 163 154 255 294 266 110 168 249 102 203 285 277 292 214 124 230 208 228 264 262 217 207 161 114 136 127 150 273 131 227 281 124 242 263 269 157 283 184 296 0
0 115 209 260 170 145 181 188 125 202 185 216 273 152 192 268 255 301 237 265 275 108 239 259 223 264 106 121 157 237 255 259 167 288 175 261 162 103 137 120 257 240 121 180 278 118 157 260 154 104 132 167 133 218 162 232 230 300 130 249 184 202 177 194 282 245 191 295 130 292 216 294 107 267 150 140 284 145 113 263 250 141 273 151 207 245 258 243 221 287 173 171 273 182 278 196 163 282 197 149 265 158 278 221 189 183 157 219 178 124 231 187 127 222 102 146 243 167 293 139 284 237 230 134 214 145 168 267 134 101 117 159 303 270 296 251 157 198 260 179 187 149 158 249 210 278 190 156 181 225 249 143 290 166 184 128 269 293 296 204 106 239 223 232 156 170 235 159 236 207 138 187 267 254 303 274 175 282 269 286 106 120 197 252 143 275 212 240 186 262 110 197 201 206 176 252 270 283 198 130 0
0 172 213 124 196 211 187 133 208 250 247 296 163 174 233 132 190 132 175 172 105 140 268 123 240 228 287 189 186 147 105 236 247 248 209 235 206 176 153 235 230 187 133 218 113 164 188 178 119 188 213 281 211 116 123 162 182 230 230 111 265 140 290 156 100 148 156 206 250 104 222 111 282 293 290 274 108 152 116 225 196 255 226 105 285 118 179 224 229 150 193 119 305 191 110 208 188 119 268 107 105 277 226 110 111 199 107 228 176 202 203 141 274 152 216 119 265 288 226 136 272 228 283 243 261 246 156 227 268 180 177 141 219 103 214 216 179 208 137 229 114 249 185 167 298 155 152 296 270 288 292 206 246 297 130 170 143 269 200 207 144 221 254 296 171 206 257 258 246 104 285 188 101 106 119 172 199 215 262 199 195 171 259 135 236 269 251 281 272 134 228 198 113 283 175 238 298 234 140 0
0 236 185 199 271 100 211 245 235 281 105 289 226 122 146 113 123 268 266 161 207 257 125 140 199 238 243 175 173 270 233 181 102 216 167 99 155 120 128 132 135 169 116 105 118 153 285 173 115 106 211 276 128 172 291 275 266 197 294 196 210 187 176 115 189 237 132 111 104 195 100 108 281 240 137 186 240 126 115 161 246 159 157 216 163 262 150 230 285 234 136 262 175 246 269 296 291 150 220 192 160 280 221 270 105 256 138 227 188 196 144 229 220 243 246 147 123 109 253 230 176 212 189 216 151 133 280 133 122 181 231 235 266 226 140 268 283 230 204 260 261 274 177 177 195 250 179 226 304 232 268 285 239 131 161 254 243 155 271 260 272 99 203 105 114 250 124 95 246 129 145 253 239 293 108 197 174 105 123 248 102 146 145 199 221 249 142 269 204 186 172 290 111 237 288 268 167 173 0
0 285 272 188 293 110 179 173 182 240 120 262 228 234 130 117 261 229 247 150 236 155 270 196 199 154 107 214 282 106 110 147 138 104 235 188 275 220 204 181 124 194 224 191 251 291 105 233 262 296 273 203 154 156 281 160 173 228 134 279 149 112 193 218 237 125 224 223 100 293 194 193 174 225 127 149 275 176 295 243 197 181 254 287 124 243 293 125 171 223 116 196 230 223 133 163 298 145 295 230 163 231 234 116 243 241 140 235 174 234 175 284 219 182 181 118 164 206 193 291 135 253 159 228 274 288 262 247 191 271 154 283 232 169 182 256 244 273 181 198 249 154 261 234 136 170 265 148 137 160 146 231 257 299 187 261 178 108 138 264 118 184 191 252 232 249 207 204 152 269 166 233 181 297 148 275 299 218 237 260 114 229 260 178 267 263 129 240 124 227 184 248 235 219 231 210 117 0
0 148 188 251 226 146 216 135 206 204 107 247 203 271 107 219 229 303 201 267 115 282 257 281 282 224 221 180 230 294 265 174 274 276 148 174 149 99 195 177 143 140 168 208 167 127 228 106 226 161 154 271 122 296 284 122 183 267 114 140 260 178 201 259 244 232 121 227 254 233 176 279 194 128 225 276 255 215 249 250 153 270 99 166 229 286 146 275 125 132 282 229 276 205 251 106 284 203 260 230 154 276 150 295 130 224 171 297 168 121 216 112 168 160 138 108 182 136 132 102 190 137 260 270 291 245 303 145 218 261 141 156 300 121 261 166 208 148 188 156 267 189 212 286 216 126 214 269 209 281 227 264 219 107 140 121 121 161 163 180 227 171 227 260 128 157 165 146 256 270 191 171 294 264 137 138 219 113 219 263 192 169 235 222 134 233 272 133 287 232 149 195 138 150 233 242 0
0 103 271 161 103 168 164 235 202 189 107 246 269 150 235 104 302 196 304 203 241 101 269 247 170 125 210 124 216 141 180 247 143 239 220 280 140 145 105 159 151 287 167 238 214 186 166 273 150 184 202 244 151 175 295 268 187 164 291 267 254 147 169 165 166 164 213 117 228 110 263 288 195 291 195 256 288 127 121 135 105 237 119 176 278 242 238 121 246 293 233 120 163 169 195 101 268 151 237 209 127 153 158 187 223 206 197 211 264 185 134 159 191 99 276 177 171 285 226 218 218 179 171 280 167 293 291 166 183 245 284 271 199 223 158 253 182 282 99 179 186 126 207 208 111 192 232 154 202 160 288 272 229 152 286 243 125 234 119 241 261 129 186 168 202 211 107 115 279 163 107 198 139 147 140 189 126 111 111 125 210 225 270 113 115 117 150 192 232 215 262 301 104 163 227 0
0 287 144 151 253 229 267 207 136 212 176 287 173 110 184 212 121 267 146 173 175 209 170 184 185 203 214 171 181 236 159 232 279 281 134 253 300 255 214 200 253 123 236 255 282 177 274 244 161 145 251 180 110 134 143 297 272 308 255 195 117 184 180 253 154 240 107 242 278 282 232 214 153 252 226 208 283 206 203 162 219 116 119 183 135 124 279 284 229 192 125 142 146 166 220 203 249 280 192 199 178 127 268 228 222 188 127 160 248 285 112 159 191 201 262 300 221 151 249 168 265 169 165 229 304 232 171 135 126 175 255 299 162 155 133 248 209 232 273 245 98 221 183 248 181 270 243 232 252 277 279 247 173 174 240 100 111 132 234 272 117 289 182 172 176 116 101 139 210 121 189 127 181 108 182 137 135 228 204 124 132 269 241 199 205 160 274 133 259 133 227 225 298 124 0
0 167 189 107 209 206 261 218 129 218 187 294 159 158 102 233 109 230 277 204 250 187 189 133 116 170 142 117 223 221 183 113 134 211 175 163 256 173 161 149 158 271 256 118 157 209 303 204 182 132 166 147 311 192 175 250 268 199 143 189 157 102 294 254 139 170 108 108 134 237 130 237 229 233 157 125 232 174 269 212 170 236 275 237 201 188 114 241 122 235 242 209 134 267 280 203 275 156 124 280 248 136 226 240 143 227 260 165 181 157 162 230 228 226 113 227 122 160 188 297 151 206 289 199 145 236 263 243 244 106 196 171 196 124 124 139 157 141 232 268 230 290 219 272 213 106 274 267 112 200 222 211 109 133 229 174 152 119 234 212 127 162 221 176 109 302 191 237 247 271 164 288 278 223 220 215 292 119 150 146 102 141 284 188 227 270 155 165 198 249 132 148 209 0
0 288 165 166 139 112 213 261 174 113 132 134 257 297 240 256 125 185 133 265 245 260 125 223 184 296 177 239 123 144 101 278 121 232 255 267 157 187 248 156 287 226 279 130 252 148 119 286 261 255 227 199 101 219 101 211 120 283 132 144 293 266 242 127 110 152 115 133 144 112 215 281 231 123 137 165 141 297 285 131 117 183 273 222 282 253 130 256 215 190 256 212 160 255 210 109 287 247 172 195 130 287 277 98 145 243 275 127 186 238 213 120 114 100 171 201 306 168 196 157 167 168 208 105 158 138 213 128 214 131 228 201 269 178 141 179 239 120 169 179 273 109 201 136 120 280 205 209 178 113 158 266 177 110 174 269 187 283 282 104 127 292 216 159 148 117 193 235 104 292 119 121 298 180 223 213 115 217 134 219 241 156 247 196 112 107 156 257 149 180 136 256 0
0 163 148 136 188 150 277 111 186 265 254 186 140 144 270 164 226 116 301 263 100 206 166 266 135 174 191 185 100 226 225 223 107 207 277 229 121 194 111 104 285 123 130 263 253 217 197 277 143 152 199 183 222 182 250 263 153 180 148 162 108 246 153 258 191 127 216 233 199 183 136 178 101 293 119 282 182 198 159 276 271 213 145 292 180 156 140 273 263 116 226 247 140 300 291 198 117 170 230 275 290 260 210 105 117 155 216 244 193 119 194 246 170 232 190 233 186 210 233 182 128 246 129 187 249 244 143 156 144 262 110 147 116 229 274 107 102 185 284 124 269 213 176 283 274 125 174 218 188 214 114 249 244 147 245 190 277 179 154 174 114 168 235 233 149 183 240 288 299 186 229 103 230 199 211 217 226 186 252 264 164 220 256 243 263 157 205 115 290 233 184 0
0 126 250 119 201 267 244 293 185 232 235 266 112 276 153 173 143 237 127 279 244 222 231 161 237 256 99 117 291 129 212 143 204 156 110 121 283 226 157 103 277 208 222 174 279 109 303 261 212 126 159 178 256 269 242 152 232 239 222 303 269 282 295 158 121 190 210 266 112 179 203 256 235 166 141 130 151 204 179 273 107 185 212 273 121 187 241 282 214 270 228 176 108 206 136 103 264 163 149 189 241 136 103 177 259 200 298 185 223 244 135 127 157 97 132 222 164 160 183 283 102 218 151 190 287 127 291 168 187 136 217 140 160 296 165 276 239 132 104 256 241 143 212 106 282 204 169 154 175 213 295 247 280 211 234 140 294 218 236 298 215 275 149 186 191 106 273 164 284 170 136 125 161 269 145 103 146 189 220 189 266 276 305 273 194 266 197 292 208 129 0
0 127 238 165 151 101 296 127 251 267 235 299 220 153 213 105 245 109 168 283 298 209 300 145 130 271 294 182 135 229 255 128 113 254 198 119 221 288 270 192 113 170 234 312 100 107 171 233 213 238 167 191 221 226 184 216 127 196 136 177 123 211 138 170 169 258 286 274 114 198 174 254 182 276 106 264 124 141 188 172 207 190 119 194 160 203 265 191 168 262 132 140 260 249 212 205 128 193 228 194 126 243 263 108 163 265 111 243 275 273 237 140 100 118 268 267 251 244 107 111 142 231 203 140 212 143 285 288 210 246 230 238 205 146 138 108 228 153 183 196 193 109 224 251 177 140 181 290 118 285 105 236 188 261 201 231 141 271 243 126 131 169 181 167 124 108 230 247 121 260 146 190 159 255 218 137 117 101 266 225 109 140 274 220 251 145 137 289 306 0
0 117 255 264 209 217 160 219 204 262 178 205 230 257 169 243 214 179 273 185 158 264 139 115 119 118 284 199 110 209 117 256 233 101 219 246 235 278 288 143 201 254 263 127 233 109 224 181 258 277 172 270 220 249 280 282 279 246 234 188 227 272 278 289 302 204 122 281 193 265 149 225 186 280 122 264 107 151 229 164 251 254 291 134 186 151 202 135 167 239 108 106 190 267 208 229 295 267 186 120 137 295 283 290 234 237 237 285 269 178 281 278 147 176 245 129 118 236 203 237 162 281 218 262 107 185 176 222 168 188 272 141 269 261 169 292 109 109 246 244 218 262 204 126 262 140 248 173 160 228 266 191 204 238 105 152 175 128 124 190 210 115 212 184 208 288 144 246 151 241 116 112 133 107 178 201 222 238 158 272 217 159 201 270 283 179 288 137 0
0 119 273 276 285 206 134 250 193 127 225 117 139 156 129 221 217 257 215 203 211 203 234 241 127 208 264 197 249 231 210 178 103 111 303 123 125 177 176 262 262 274 159 212 161 140 264 213 128 298 211 171 115 226 267 198 193 127 245 228 290 283 284 253 215 191 166 181 167 139 228 132 217 292 280 293 146 121 187 282 271 147 218 257 164 188 168 214 144 245 239 290 235 247 117 137 278 256 138 121 125 200 192 289 163 173 242 166 105 277 153 222 249 121 105 242 172 134 183 128 118 290 133 219 206 280 255 271 117 238 156 241 136 214 266 179 101 215 245 295 240 145 219 163 255 161 152 248 296 179 274 239 165 108 157 189 200 268 234 221 267 119 155 164 272 258 181 184 159 277 279 299 235 231 235 268 175 275 124 190 226 104 138 241 120 215 184 0
0 196 219 278 127 144 115 169 266 136 203 205 150 124 115 197 160 187 119 143 282 217 190 162 222 254 129 140 268 133 224 193 196 163 104 283 240 298 265 255 276 166 266 271 265 174 125 217 268 205 118 150 101 223 248 115 113 202 193 225 110 290 206 285 227 157 150 273 118 126 301 164 259 162 173 205 256 253 196 196 278 272 224 156 164 163 192 117 256 145 269 188 254 181 284 292 108 283 204 262 171 150 195 249 257 250 235 281 148 153 166 205 108 294 299 193 206 149 265 163 270 136 164 124 150 205 254 233 226 233 251 272 158 284 134 225 162 275 239 207 271 204 117 225 279 208 179 255 229 188 185 267 156 141 291 140 139 218 190 202 306 140 194 214 257 192 148 166 111 219 140 234 250 170 226 207 172 279 189 284 121 295 148 142 149 287 0
0 163 290 139 178 284 240 139 212 292 160 198 256 177 170 156 105 105 152 259 102 292 257 223 266 155 171 205 176 107 293 154 221 113 297 130 178 275 139 191 146 217 251 291 153 119 169 114 275 115 131 149 138 253 274 264 199 207 169 140 267 127 105 196 103 148 128 107 196 134 140 138 118 104 208 228 131 131 181 255 126 162 292 210 124 295 160 269 122 124 232 258 246 105 278 158 256 154 123 148 139 163 225 268 283 294 128 179 140 207 272 227 129 217 105 198 148 187 225 114 136 159 284 212 205 167 240 162 117 145 272 285 102 175 267 114 230 158 246 131 113 282 273 274 193 108 282 117 295 175 155 168 281 115 112 125 225 152 166 258 200 111 165 290 223 102 222 243 102 136 107 135 103 250 149 155 171 161 176 251 196 264 166 288 135 0
0 148 289 217 235 189 248 136 289 228 300 261 135 142 191 183 124 119 267 218 116 206 177 109 108 254 163 274 258 147 279 247 168 249 279 102 280 189 169 301 167 150 113 113 153 188 180 115 279 172 223 263 263 209 169 185 260 127 200 133 124 260 223 292 106 197 238 201 164 237 253 235 295 107 150 118 203 212 104 274 169 188 136 196 282 120 134 106 175 252 136 262 130 181 273 250 264 169 105 260 304 136 265 192 219 291 105 238 159 194 284 201 125 292 269 283 270 130 111 285 205 230 121 267 200 143 243 209 136 241 148 169 195 152 276 185 241 234 127 286 165 185 249 126 110 234 235 158 261 143 281 283 165 165 186 160 118 138 106 216 139 182 250 255 145 247 158 113 108 190 136 135 154 168 225 168 130 135 103 116 202 234 107 142 0
0 224 111 177 110 265 162 252 280 211 246 278 288 296 273 151 223 268 146 173 109 99 232 143 234 163 133 135 171 139 155 253 238 212 146 275 242 125 146 194 121 227 193 241 227 99 229 144 156 255 254 250 187 273 133 267 298 110 236 260 224 178 186 302 198 148 182 171 288 146 221 231 266 105 149 237 247 132 261 283 263 134 117 237 243 213 198 245 181 176 280 276 189 205 258 284 141 254 182 219 213 164 201 110 137 108 270 193 233 254 158 109 146 285 126 248 157 258 153 282 235 239 302 259 160 235 142 212 194 208 233 284 240 142 178 203 282 114 183 233 288 116 179 278 125 122 231 210 175 117 248 191 200 248 272 121 167 245 243 245 116 208 136 167 158 215 165 144 260 216 111 193 157 276 141 270 200 161 281 189 102 242 136 0
0 258 137 237 146 220 204 183 144 177 286 216 183 278 109 274 266 259 243 288 102 154 201 133 228 202 156 227 157 111 190 250 179 204 109 255 120 272 124 270 157 185 123 114 221 210 270 293 239 240 119 241 160 249 139 132 219 108 118 285 159 289 127 130 130 187 187 271 116 159 239 301 286 112 222 276 175 187 254 168 228 212 124 256 287 257 182 226 172 272 134 116 250 173 213 228 160 289 130 127 124 285 123 186 110 166 102 152 168 216 101 183 191 101 155 302 106 218 183 180 107 259 246 140 174 222 145 252 243 165 220 186 166 240 137 282 224 252 245 282 103 135 201 256 125 100 272 297 117 264 267 237 255 296 161 212 192 276 156 186 115 150 256 112 101 247 116 294 261 220 218 155 119 199 170 129 153 298 169 174 294 196 0
0 129 244 274 282 212 228 219 190 259 235 156 269 298 232 245 98 209 131 281 132 250 197 249 258 160 233 181 206 246 260 133 242 210 262 273 213 120 274 211 221 178 124 256 223 259 291 220 255 257 135 250 186 117 216 280 223 295 172 221 135 141 168 289 299 245 266 144 132 259 135 282 233 215 197 254 220 252 127 146 204 104 278 252 206 110 298 224 155 289 153 225 107 152 178 173 109 187 109 122 145 240 183 103 271 207 165 249 266 254 155 116 107 158 158 132 224 221 178 280 104 146 137 199 190 200 270 182 202 178 294 181 246 106 108 117 253 274 115 147 279 128 107 241 214 182 262 298 140 195 260 239 112 167 171 292 205 141 212 165 237 285 210 182 113 128 165 151 160 192 223 240 246 174 144 269 182 247 274 153 293 0
0 190 111 224 208 222 232 297 160 205 218 168 298 268 103 266 221 230 247 119 205 230 291 265 118 130 297 118 232 241 120 162 156 228 195 248 192 109 216 254 287 209 144 288 100 176 253 208 147 288 271 110 187 178 189 199 248 194 211 217 237 212 146 214 238 206 155 221 167 165 236 262 121 136 131 137 185 105 262 234 164 186 118 244 278 111 130 125 130 146 143 144 207 137 115 179 168 238 147 239 173 190 182 135 221 154 288 143 147 152 164 237 232 111 189 149 241 249 268 276 176 126 181 173 110 241 200 292 117 290 119 294 105 117 167 299 154 290 170 270 117 280 280 287 125 249 212 248 274 273 283 219 115 226 214 189 146 152 116 274 261 110 176 194 182 163 240 207 244 215 145 243 220 295 254 238 198 245 199 205 0
0 106 142 194 148 191 279 232 257 125 295 287 118 195 116 113 270 221 208 256 127 110 299 222 234 149 155 112 270 282 298 252 106 258 269 301 107 122 197 289 185 148 104 225 270 189 276 124 124 254 122 120 138 246 178 152 105 270 255 145 187 117 258 269 128 181 138 199 223 116 149 284 128 256 172 127 159 225 248 183 174 127 291 120 101 126 210 167 193 268 135 184 202 199 242 207 225 128 187 241 153 225 252 107 246 178 287 216 222 190 147 173 120 189 268 160 133 249 120 105 270 270 116 248 130 259 231 279 121 254 203 122 190 114 177 107 166 124 178 259 185 142 243 135 258 261 211 120 224 174 238 276 161 182 112 178 249 286 122 127 104 112 207 256 299 171 138 109 148 113 139 148 174 161 267 233 165 280 130 0
0 198 213 149 238 172 260 255 110 157 300 204 174 109 197 102 174 235 300 192 246 213 206 113 261 185 185 213 103 259 177 169 277 111 246 268 200 112 262 222 133 206 179 298 161 262 276 142 124 205 200 294 168 225 232 107 144 206 243 207 291 154 108 194 285 233 224 215 201 268 207 209 127 214 160 143 185 246 251 145 259 196 232 210 161 234 140 193 178 246 233 144 216 202 232 126 249 128 119 277 127 150 228 211 141 143 114 294 173 193 262 192 243 199 300 254 264 198 135 202 242 178 139 118 137 163 299 225 133 182 249 161 237 126 114 205 255 132 215 171 211 145 116 132 125 197 197 126 252 279 214 143 146 231 133 246 120 264 210 273 150 177 106 141 256 200 298 209 221 192 144 228 289 111 285 194 216 151 0
0 292 275 104 125 159 108 241 157 114 147 166 227 293 264 244 115 131 180 124 190 214 194 132 240 211 272 290 191 127 293 239 178 267 268 277 148 196 203 243 173 143 138 288 214 157 297 154 257 185 293 287 114 185 110 178 187 287 163 209 223 126 154 128 169 215 141 266 165 144 254 214 225 278 100 143 223 247 214 193 267 227 169 109 135 143 275 288 102 251 179 165 176 290 181 141 290 112 212 106 161 128 142 218 234 223 164 184 229 261 299 235 159 271 103 287 105 149 292 175 288 160 110 224 260 184 185 240 238 253 160 218 138 215 171 236 236 247 215 255 273 196 198 139 242 292 138 204 138 188 193 245 160 201 168 104 167 217 108 152 181 225 286 132 205 227 242 258 255 214 208 154 274 193 193 198 106 0
0 126 115 197 296 244 153 173 270 197 285 192 167 204 115 280 170 170 195 255 163 275 157 145 190 101 261 276 136 111 276 105 270 136 196 238 286 101 195 291 233 271 284 191 262 202 176 111 185 218 264 120 287 306 241 133 119 273 159 276 123 181 137 296 221 286 268 176 112 236 152 202 279 252 115 212 290 119 234 128 259 253 233 277 157 256 156 273 244 203 263 117 250 217 257 150 281 143 267 269 280 159 147 103 203 197 148 188 271 139 135 296 187 137 159 214 280 206 245 103 280 102 221 199 116 170 266 155 305 114 274 102 160 246 186 256 263 246 207 106 263 267 139 205 222 263 235 211 194 193 212 219 202 103 158 282 221 236 285 186 230 298 201 103 206 133 292 242 294 251 255 151 142 286 135 108 0
0 163 126 183 233 155 107 246 254 153 213 199 251 199 130 122 251 122 177 267 213 129 148 192 127 102 271 246 248 165 224 254 262 149 172 210 221 235 291 228 135 100 206 157 275 185 138 243 266 228 187 118 214 210 234 232 171 284 207 229 228 207 286 181 284 291 290 237 182 261 250 157 172 245 297 227 271 285 269 248 108 133 123 117 282 204 150 156 216 237 150 285 176 165 136 227 110 123 180 268 247 193 206 117 126 179 248 100 269 116 103 185 166 269 269 203 187 120 241 175 302 231 180 240 218 281 271 159 262 164 261 256 213 299 143 212 284 108 292 192 104 198 233 193 229 115 260 220 243 243 194 140 223 145 120 117 165 260 243 210 244 240 140 207 204 156 277 172 266 156 216 178 122 150 223 0
0 298 280 108 206 112 156 270 111 279 264 177 218 275 120 147 167 208 240 285 165 150 124 137 232 139 196 98 185 176 112 116 208 222 221 128 240 253 143 193 190 120 131 236 292 117 152 192 255 154 144 121 239 156 201 188 117 294 217 158 270 200 177 280 102 244 112 143 200 288 266 261 208 152 245 140 171 182 146 212 136 312 160 170 138 147 218 150 168 181 157 252 117 287 275 288 236 201 280 186 148 166 145 299 197 215 249 191 244 155 170 235 242 169 166 272 198 145 242 253 120 260 271 113 281 114 291 225 225 110 209 268 255 99 206 270 108 206 290 263 232 145 246 161 159 277 152 105 217 144 235 238 270 172 173 188 233 168 165 221 277 126 107 234 247 200 125 239 103 238 266 135 216 117 0
0 277 169 260 249 154 109 286 162 178 172 111 290 221 281 125 182 279 190 153 135 218 181 99 204 289 254 220 156 268 181 242 181 301 117 190 168 294 210 107 225 291 118 234 171 299 211 252 106 282 199 132 258 156 133 245 244 156 152 111 203 252 277 193 134 282 291 142 210 186 248 203 176 180 284 146 251 247 226 266 181 152 201 177 160 158 284 126 114 211 275 159 280 199 261 117 110 284 242 244 100 216 197 259 173 157 110 219 167 289 145 150 230 177 279 193 188 257 122 135 129 261 176 140 258 243 267 118 229 123 134 267 104 137 260 115 261 239 296 155 192 176 264 132 171 244 222 208 268 162 227 148 256 264 205 192 191 149 153 276 242 137 299 199 238 175 142 249 268 269 238 306 105 0
0 235 252 105 150 273 117 118 154 148 214 200 134 117 192 224 224 222 249 187 118 220 205 222 211 179 292 237 124 291 114 271 280 190 134 118 105 184 138 182 188 109 183 284 232 146 255 159 248 127 137 174 124 203 282 154 184 173 243 269 122 165 144 203 137 287 223 248 133 223 260 142 234 169 161 152 174 220 296 209 267 237 102 294 254 279 255 216 250 284 237 226 283 213 206 110 262 285 265 285 229 164 176 168 211 138 234 287 202 236 129 118 173 170 140 182 218 150 282 199 134 146 298 197 286 129 154 179 260 146 237 186 251 147 130 217 203 286 236 272 152 103 125 173 258 265 199 253 169 178 241 266 145 206 102 181 170 281 176 175 287 210 172 154 143 282 171 171 193 242 118 228 0
0 159 148 182 122 269 283 166 278 246 107 235 191 278 146 187 201 253 183 274 207 202 288 248 272 115 179 273 206 136 226 228 193 117 153 136 165 219 159 261 299 154 252 190 251 241 102 163 231 116 126 237 203 190 169 167 172 198 213 152 237 115 260 247 116 217 180 235 219 161 131 268 248 222 283 197 250 243 141 131 153 113 180 228 157 134 130 109 299 135 257 249 162 109 124 124 187 154 168 175 203 178 237 182 288 151 286 274 208 258 263 287 211 227 137 228 279 175 183 135 186 175 234 237 252 171 255 234 243 260 158 187 214 114 281 279 184 286 240 109 139 196 252 126 202 130 202 233 116 247 187 116 114 190 301 171 293 146 283 218 241 207 173 290 254 177 204 199 287 206 190 0
0 229 184 135 131 285 196 187 212 269 117 208 105 230 136 222 183 118 260 283 179 112 124 220 234 135 252 217 131 279 157 305 256 205 204 234 288 144 107 198 198 108 174 105 221 290 165 166 272 255 180 172 178 227 112 274 206 256 209 292 109 136 155 295 251 162 102 237 124 218 277 130 160 155 198 167 243 170 289 251 264 251 291 221 232 133 259 140 193 222 116 130 296 111 245 204 256 241 148 209 292 231 138 154 119 160 110 180 173 242 139 143 119 254 183 207 189 282 208 223 252 115 198 237 244 108 134 153 213 139 247 143 122 183 106 139 216 231 241 176 123 236 106 242 186 269 106 182 288 176 155 138 174 259 104 125 175 240 211 121 168 105 258 147 139 140 171 242 103 144 0
0 260 175 130 252 113 151 289 160 269 302 100 221 182 291 275 279 196 231 280 114 277 173 222 110 158 273 256 211 190 255 213 226 238 168 241 261 146 118 285 264 185 229 239 169 210 228 170 202 210 170 265 163 119 170 180 234 301 121 233 193 252 221 266 168 215 178 283 160 142 108 221 183 234 165 267 174 227 207 239 240 249 158 299 134 294 158 198 202 293 146 111 177 227 242 167 111 273 222 245 139 253 158 167 258 240 177 232 103 248 100 113 192 222 99 288 189 217 274 180 160 121 184 164 137 305 189 254 295 292 266 205 150 261 199 294 179 138 179 239 214 244 234 108 294 134 222 249 278 105 286 218 147 152 236 164 212 291 170 106 146 224 227 106 287 196 106 278 127 0
0 202 193 140 171 260 218 176 216 169 104 177 294 125 133 114 187 200 104 125 182 222 189 267 231 196 129 105 233 176 195 170 286 213 261 201 239 190 280 180 119 270 136 273 171 229 201 245 256 141 252 149 98 254 297 186 111 221 210 131 274 211 251 157 277 281 240 182 166 237 219 298 233 264 149 201 240 273 250 147 102 198 202 241 280 203 177 137 226 173 237 113 280 299 204 255 129 293 294 193 139 113 178 122 218 251 216 175 259 237 285 184 124 214 129 181 115 156 229 189 236 203 257 289 141 222 115 232 158 195 180 250 276 152 102 132 168 175 124 122 130 303 239 134 221 142 129 217 112 126 243 122 155 247 289 240 151 175 125 151 279 286 163 155 156 137 256 275 0
0 139 159 294 134 245 201 245 109 280 227 291 185 256 273 143 104 208 250 174 201 157 273 133 203 122 199 192 286 182 133 177 246 197 103 119 109 108 286 216 146 158 280 226 255 129 265 126 156 119 205 300 245 174 175 205 200 174 237 162 191 153 253 222 297 184 199 126 278 291 125 145 215 137 128 152 217 199 183 170 147 163 134 111 126 147 224 176 129 203 263 280 171 267 161 141 196 150 295 226 271 281 193 166 299 152 166 207 187 121 278 107 293 167 111 184 115 296 248 249 254 131 299 186 139 185 272 256 112 298 99 159 217 111 187 212 267 119 113 286 288 164 295 157 269 248 141 153 106 290 170 249 266 139 274 292 142 147 118 257 217 252 253 185 176 263 235 0
0 122 248 257 146 274 259 276 234 142 275 259 231 192 269 285 122 265 201 253 181 192 252 166 226 100 205 203 168 226 198 281 150 168 156 133 160 185 123 261 296 218 176 247 201 227 225 167 249 123 225 269 119 173 148 229 209 191 117 196 171 204 195 107 246 102 261 230 133 238 231 245 249 234 251 103 118 110 113 143 178 140 262 146 99 275 259 276 112 217 259 121 213 285 193 234 127 169 296 197 115 103 175 303 229 130 124 228 216 199 229 205 221 259 114 140 249 147 110 119 181 280 212 252 132 269 158 282 148 115 266 297 111 278 178 217 106 270 266 118 256 184 219 266 102 163 207 254 105 152 295 124 156 131 149 186 199 266 111 116 270 198 181 253 223 265 0
0 289 234 191 128 283 229 141 167 106 163 226 252 117 153 246 106 293 118 291 234 279 212 296 120 186 293 302 206 203 150 263 208 175 273 257 125 206 181 159 234 165 102 153 118 117 156 294 263 114 245 193 219 271 130 248 173 249 230 280 130 234 230 116 309 199 177 179 188 195 280 205 255 107 163 178 133 221 118 150 181 108 129 190 105 256 193 245 143 122 236 176 127 193 132 302 285 278 147 222 224 283 251 209 175 139 233 216 204 251 222 249 262 180 257 125 215 148 157 147 164 292 131 169 281 204 168 211 120 157 240 139 164 248 226 204 205 277 159 270 174 272 135 187 209 282 257 248 293 152 231 226 283 163 160 235 244 193 234 276 110 170 247 183 118 0
0 244 123 254 145 270 285 297 184 117 199 107 253 251 284 293 279 219 259 270 168 158 153 186 288 109 113 148 235 106 146 159 291 220 128 177 282 291 289 189 261 238 192 184 105 284 304 284 239 269 138 253 285 224 288 158 238 242 277 137 108 235 192 229 278 139 115 172 271 255 167 280 269 221 117 231 276 273 218 151 111 128 214 257 270 252 174 174 227 118 286 140 117 246 226 128 187 105 220 271 258 217 104 118 251 151 277 201 205 214 195 265 163 269 130 277 160 235 109 167 109 291 302 262 113 168 118 118 150 280 138 112 145 250 178 179 178 253 108 217 269 115 113 110 223 135 279 139 233 245 109 110 287 202 109 132 278 187 105 237 179 262 195 215 0
0 177 221 246 237 290 245 254 217 243 197 293 264 292 182 282 185 276 192 212 121 179 165 279 292 148 252 140 248 224 137 110 267 193 280 189 213 178 243 280 150 195 190 198 109 117 202 286 105 122 199 246 214 305 247 143 165 234 271 247 135 256 112 146 196 227 169 215 147 286 205 153 184 247 205 269 136 258 128 268 279 107 131 217 170 233 232 117 254 286 187 291 213 146 293 188 180 188 103 224 255 278 283 170 257 193 210 264 194 133 158 208 250 101 262 180 278 248 283 114 279 206 272 199 254 230 246 149 262 154 187 244 245 250 168 105 116 111 260 124 137 272 219 270 272 275 185 208 192 215 269 226 215 130 232 192 116 231 217 185 244 160 288 0
0 285 215 253 146 284 293 159 114 302 101 268 106 139 147 231 282 194 146 100 148 189 246 177 259 119 127 289 234 198 223 176 134 293 119 131 179 180 148 273 196 197 251 239 214 197 218 190 120 102 243 145 200 148 302 100 140 128 131 162 104 104 278 212 220 264 296 119 117 167 198 247 141 215 197 307 240 108 266 208 189 228 116 289 106 177 273 286 136 164 282 143 189 122 274 245 272 190 119 284 206 205 181 112 246 285 301 133 295 307 164 128 216 216 280 170 131 101 215 204 283 161 130 291 172 164 150 174 245 111 174 201 304 120 100 294 189 159 128 107 225 296 130 187 101 105 273 272 148 240 244 276 274 253 141 191 230 229 233 192 257 225 0
0 290 234 119 187 188 259 136 128 280 122 250 289 157 138 245 289 209 185 213 120 147 163 259 219 133 122 215 164 271 229 276 158 288 189 151 267 278 275 184 168 164 217 268 305 160 282 298 195 130 249 168 159 175 263 190 272 115 239 146 216 148 275 212 209 140 187 135 103 144 131 148 284 101 206 102 283 193 106 162 152 132 165 186 112 148 222 119 177 142 220 300 201 220 114 109 245 158 216 258 117 292 133 162 146 252 226 146 133 265 275 178 165 166 299 229 286 192 195 158 260 220 105 271 216 136 237 170 137 185 210 214 124 201 192 204 288 102 174 173 281 227 294 223 224 183 274 178 272 226 123 143 261 150 135 249 134 171 291 119 147 0
0 112 294 196 145 162 113 123 188 238 137 157 171 194 141 227 178 200 179 207 211 246 247 165 160 271 273 162 247 224 272 156 208 126 253 254 145 178 167 129 257 153 181 148 141 130 229 117 307 117 261 120 203 209 291 266 160 240 137 172 236 252 176 118 103 282 267 154 267 234 232 151 123 152 247 158 164 267 172 179 181 104 217 227 112 250 244 101 187 292 195 200 145 287 249 148 126 208 138 161 172 228 135 213 227 197 101 156 250 226 245 206 161 246 138 226 195 251 108 146 130 254 263 126 147 127 112 180 254 252 183 254 220 118 149 261 109 107 151 218 100 185 192 270 147 280 196 238 258 161 104 185 207 136 130 223 269 106 211 207 0
0 229 251 158 192 303 138 152 251 223 265 189 257 235 144 231 205 298 287 156 284 225 228 247 235 293 201 174 288 238 143 104 241 236 124 176 291 140 211 211 299 151 282 175 196 273 246 111 141 197 111 120 175 157 279 112 137 158 267 206 224 262 162 123 231 106 103 161 204 115 101 220 223 225 198 227 245 150 146 117 204 200 182 184 265 126 226 217 252 163 187 269 173 115 276 130 278 106 304 236 266 224 195 174 232 196 198 102 251 149 177 291 116 295 145 131 179 290 201 203 184 174 202 205 275 181 137 255 252 181 300 281 156 248 147 281 148 159 288 167 264 272 272 253 283 194 251 233 277 289 298 287 206 236 153 197 175 300 253 0
0 201 247 152 178 207 237 244 222 248 171 287 134 143 184 232 207 257 251 254 189 227 252 129 272 227 151 231 266 191 247 245 152 258 231 107 122 220 199 197 150 261 183 125 214 304 274 242 119 140 243 284 214 191 157 124 247 274 237 295 197 107 124 123 293 251 296 172 261 215 211 138 156 198 201 270 142 228 229 112 266 201 206 264 236 111 128 110 235 205 164 212 134 204 149 189 229 211 133 244 160 189 132 244 225 247 239 171 294 176 294 158 136 224 183 148 244 195 179 127 233 126 280 158 204 158 107 236 205 158 196 225 248 285 103 172 170 259 135 142 177 103 121 206 266 152 168 209 166 153 243 174 133 105 107 128 252 126 0
0 213 293 139 272 263 131 205 205 153 267 117 282 134 170 175 101 284 150 227 233 152 297 200 220 205 212 169 193 289 123 278 248 189 166 269 145 130 149 143 176 213 244 114 281 147 171 252 104 106 105 179 118 184 182 142 229 190 217 207 161 110 111 260 190 142 217 230 270 258 130 119 271 106 150 181 265 278 263 177 129 106 167 230 272 243 255 226 103 180 131 249 200 244 133 222 199 119 278 258 287 279 126 155 267 138 248 115 134 152 230 259 265 193 171 197 233 176 291 239 191 139 236 197 222 173 213 139 121 230 273 277 148 108 237 192 280 166 262 303 141 239 185 249 249 176 129 158 176 231 124 162 141 133 166 241 153 0
0 233 202 263 212 137 252 220 293 199 274 253 120 222 222 255 132 244 254 98 131 250 197 193 153 257 189 253 223 240 161 286 140 188 191 244 169 179 235 249 286 139 302 270 161 208 199 151 191 248 155 237 272 280 119 274 187 152 219 307 258 291 139 157 197 123 258 276 136 286 187 260 118 150 116 303 106 217 180 247 215 143 164 120 194 263 167 151 171 202 157 162 272 279 282 289 144 290 218 188 296 269 120 255 145 196 273 222 282 169 124 103 120 263 228 206 236 109 270 277 106 215 223 230 275 133 146 190 155 123 309 115 100 139 113 245 120 242 123 144 310 250 179 133 223 189 194 147 140 175 209 177 119 236 187 170 0
0 246 284 114 208 176 208 288 186 107 105 127 253 297 246 130 135 274 276 205 181 235 138 224 284 288 148 276 261 218 150 160 264 284 242 216 255 105 243 273 132 232 257 268 190 209 189 142 277 172 198 148 112 117 141 207 214 201 181 203 172 222 134 108 256 233 169 116 143 126 175 135 181 155 173 241 129 216 127 218 250 104 293 186 178 145 193 228 293 177 108 205 228 133 196 250 243 294 106 249 137 226 100 104 155 156 115 252 289 188 240 141 171 298 104 172 243 256 233 257 189 283 170 111 112 110 258 147 264 219 153 174 267 227 188 126 101 137 175 169 134 250 247 243 293 263 132 286 128 162 113 294 160 136 207 0
0 200 142 136 147 202 274 135 172 148 155 231 287 253 129 166 241 179 215 237 245 135 270 168 145 127 121 116 199 255 149 122 220 109 136 267 110 146 127 257 208 257 223 205 243 186 134 122 146 145 163 227 286 209 114 155 285 270 283 174 225 303 235 255 144 191 159 289 227 156 163 205 197 249 161 291 276 172 280 99 135 103 276 205 201 226 131 153 142 280 138 137 153 106 132 266 123 111 152 150 182 144 249 138 293 253 172 131 143 132 240 206 140 135 179 271 128 137 156 223 152 96 305 242 175 169 202 244 281 252 265 104 112 224 270 288 206 272 274 237 201 158 117 160 189 272 142 166 234 213 233 136 258 292 0
0 179 204 101 119 265 206 293 196 246 163 271 198 259 219 226 218 208 218 217 160 153 130 284 205 241 126 133 104 165 121 280 152 175 237 182 254 201 102 152 175 222 251 225 289 223 190 190 287 148 145 172 216 183 281 300 195 219 199 225 236 223 127 137 213 236 267 163 169 129 284 109 200 169 190 244 204 214 136 301 154 282 140 98 161 296 165 265 192 227 141 132 155 213 266 251 249 248 155 159 287 160 162 108 170 188 258 190 144 141 246 300 227 208 176 253 186 173 127 220 165 103 274 238 303 98 98 125 252 245 147 288 197 284 146 131 214 182 234 127 128 125 265 205 287 193 202 253 140 109 161 203 223 0
0 135 300 191 234 117 217 185 246 238 194 289 298 191 291 209 189 173 157 246 144 251 149 173 171 288 234 194 206 135 241 196 288 170 114 253 153 247 285 162 123 249 186 193 185 251 151 164 212 139 294 274 146 263 184 145 287 269 151 299 229 121 133 247 146 103 105 224 172 193 163 238 187 303 271 251 150 255 297 271 282 178 281 168 136 110 191 166 135 121 260 233 234 290 236 98 212 290 192 218 260 221 287 164 278 158 196 197 102 277 135 125 270 186 154 194 189 111 206 182 259 291 192 199 226 266 144 188 156 267 132 164 218 220 157 158 185 248 186 290 213 297 157 201 129 236 270 153 299 182 266 250 0
0 161 271 269 136 236 242 154 153 105 141 186 245 267 255 188 133 142 111 223 225 213 274 261 231 137 212 280 144 296 245 278 151 235 279 211 247 190 126 300 117 180 287 253 295 124 246 159 128 227 120 303 218 130 119 276 227 152 143 294 184 299 163 200 159 163 135 160 294 186 249 298 119 124 210 195 278 111 116 255 234 140 109 219 282 295 212 120 207 111 276 240 183 120 252 162 164 181 200 239 294 235 172 282 284 167 285 246 225 220 132 221 139 246 213 147 282 249 218 210 105 169 247 127 213 145 202 296 216 205 182 194 214 183 259 296 266 118 273 209 114 111 194 293 126 208 206 280 214 221 172 0
0 111 132 276 268 269 192 220 295 108 134 123 168 193 238 102 106 288 217 181 117 255 108 200 131 273 121 105 100 240 275 181 151 126 265 239 232 210 132 166 218 245 127 257 131 294 171 247 240 196 251 138 301 143 194 106 105 232 277 302 256 193 220 159 140 257 123 142 232 155 220 196 255 195 307 176 277 154 209 154 258 179 212 246 135 277 181 107 270 101 231 142 260 181 215 129 125 117 264 171 261 132 114 197 128 148 187 251 189 125 171 297 117 235 155 222 133 268 130 165 171 163 211 265 214 173 288 172 268 277 146 115 241 144 190 255 206 122 264 135 186 270 226 254 234 270 178 173 132 142 0
0 209 291 191 145 236 263 142 113 249 171 111 123 267 274 198 150 273 153 236 111 110 143 136 285 247 241 270 140 283 147 243 144 239 226 294 130 160 142 301 302 172 152 166 269 177 259 101 259 172 223 207 131 240 136 186 209 297 212 207 150 297 103 169 197 272 262 182 146 289 169 137 274 198 241 298 251 122 179 246 284 281 110 109 161 286 211 248 203 183 228 178 235 240 290 150 157 132 258 301 252 169 251 113 152 186 274 281 103 189 234 238 225 111 263 165 286 148 105 253 207 157 121 109 173 311 194 126 253 192 236 282 160 180 291 271 128 146 255 286 115 289 253 114 255 135 264 244 134 0
0 161 115 125 104 232 213 194 296 232 147 138 295 123 215 107 261 172 190 114 300 191 289 235 120 294 221 201 114 214 200 139 261 297 181 166 209 236 200 240 230 174 177 263 264 296 166 260 131 145 285 104 218 262 146 145 225 238 150 106 112 145 181 238 139 105 186 291 288 197 204 174 274 254 225 212 110 128 274 123 236 113 170 262 220 181 274 135 253 140 244 120 225 199 266 179 142 284 214 261 273 215 114 286 282 260 178 103 135 222 179 251 262 128 222 150 273 215 106 292 184 188 139 249 298 226 233 172 280 154 221 169 245 167 214 156 104 239 115 269 152 267 100 134 112 149 160 204 0
0 225 246 224 276 229 216 219 174 165 282 204 173 112 121 278 152 154 141 251 216 165 189 139 243 198 298 253 185 157 288 292 170 135 194 213 248 147 196 128 290 136 127 285 290 205 233 140 256 158 135 108 108 218 131 250 175 210 273 241 274 118 182 165 172 142 144 136 252 252 195 152 266 162 106 174 182 255 198 189 294 250 108 121 121 133 282 255 147 248 181 135 167 108 145 271 104 108 217 242 161 253 230 138 273 137 147 291 262 252 226 272 106 235 229 131 112 164 143 190 155 189 286 111 172 158 280 297 110 130 233 173 149 257 134 188 171 260 188 130 128 293 142 244 118 250 121 0
0 173 126 260 292 112 115 231 256 272 221 272 272 163 149 129 223 176 200 225 197 198 199 106 144 262 113 205 209 195 144 138 264 139 291 262 132 181 231 204 128 168 169 206 247 159 274 281 285 113 216 216 267 138 272 187 276 123 256 127 97 257 179 205 239 225 301 233 171 229 136 146 243 294 198 138 127 138 200 137 141 139 222 199 285 281 221 268 164 213 301 119 257 207 198 169 143 116 282 180 157 151 204 156 120 163 262 277 279 283 199 279 272 225 138 254 171 274 209 288 109 167 159 252 224 119 236 182 240 127 142 157 151 128 284 284 279 230 226 221 113 248 295 225 156 164 0
0 149 223 293 147 215 206 134 163 135 135 251 223 98 284 230 175 260 293 191 222 242 237 142 127 257 194 141 282 158 177 276 253 220 264 191 263 256 275 271 256 162 263 311 106 123 103 219 276 221 221 118 292 113 234 204 200 224 261 247 117 211 150 156 243 152 157 161 128 257 263 222 132 166 240 203 123 288 131 152 257 279 212 199 292 211 294 224 269 166 290 182 144 185 248 143 114 248 195 256 266 290 251 174 249 158 141 258 179 125 222 256 195 259 308 193 149 293 174 185 165 221 187 264 267 195 210 297 257 194 238 168 246 179 180 104 184 182 247 221 169 179 198 250 274 0
0 292 188 187 168 137 164 176 155 187 143 208 279 212 178 234 195 149 280 234 205 174 158 170 138 163 111 157 249 120 132 170 226 126 249 192 126 208 201 201 221 301 232 283 186 196 197 278 214 139 119 175 228 165 220 292 276 124 193 109 173 114 232 134 206 127 278 251 262 277 207 295 241 225 164 214 277 173 131 239 251 137 287 265 144 253 237 213 251 258 268 149 162 198 177 203 217 207 175 152 264 295 113 236 235 136 267 156 143 110 155 246 130 304 200 135 179 119 136 302 198 160 149 148 164 204 259 152 190 261 99 183 306 274 124 114 172 149 180 106 277 220 212 240 0
0 115 121 164 142 145 127 245 212 235 108 190 255 116 167 116 220 218 124 179 163 114 259 146 122 187 107 121 228 129 111 262 283 207 197 147 186 216 164 139 292 208 276 212 124 271 159 150 131 163 233 225 247 188 230 280 158 119 185 256 179 158 100 177 222 183 196 140 218 122 277 102 198 290 188 253 141 187 176 152 127 248 143 224 234 239 163 201 128 253 134 218 124 204 256 270 253 198 303 284 165 120 283 106 231 234 121 275 101 283 233 127 302 133 234 232 115 174 307 277 125 293 155 262 139 160 286 144 125 266 144 243 185 237 130 155 120 190 142 140 220 185 199 0
0 168 104 223 136 269 118 256 179 254 113 266 172 110 124 271 164 246 121 242 189 287 138 244 204 159 221 256 281 137 100 166 278 236 300 238 188 247 297 177 160 288 266 105 165 276 108 139 302 260 122 182 240 244 162 226 173 219 174 275 143 198 127 193 301 102 286 272 115 229 224 227 260 302 232 198 165 145 179 221 149 183 120 109 154 219 263 136 184 209 215 116 222 120 123 256 109 212 160 223 294 178 184 207 189 259 225 291 157 113 171 184 139 276 232 110 235 122 180 221 137 285 242 204 117 217 148 236 276 265 234 247 282 108 231 113 154 196 269 209 300 119 0
0 173 141 178 129 281 241 167 168 292 190 275 227 165 237 125 193 266 247 285 129 181 229 289 196 125 159 258 303 129 202 259 233 165 109 167 149 287 223 164 148 248 201 240 197 145 230 221 181 131 105 144 106 146 284 208 280 212 286 101 222 278 209 192 225 213 144 163 155 216 275 210 142 187 238 172 121 279 182 145 255 288 179 280 162 167 257 229 177 207 223 249 104 270 296 216 178 155 166 276 148 160 168 109 157 201 104 272 200 259 226 112 171 280 153 286 237 288 172 174 262 259 131 297 131 181 253 164 242 174 148 115 255 217 144 230 218 179 216 265 160 0
0 127 265 134 227 217 163 274 107 267 243 131 98 112 190 132 220 277 122 297 232 169 139 208 264 155 264 299 234 212 159 170 206 110 270 225 215 107 206 254 198 243 241 236 248 278 103 246 238 243 147 253 193 262 271 107 136 149 180 212 99 210 199 244 218 162 236 291 193 110 265 211 166 162 211 141 231 252 259 284 196 156 144 130 165 254 273 286 189 112 234 161 239 145 111 128 192 147 165 235 201 160 167 282 117 245 187 182 212 232 168 228 192 201 167 249 170 169 179 269 176 282 203 172 216 211 119 172 149 177 249 189 183 165 224 133 284 206 113 278 0
0 244 226 253 246 103 270 139 120 210 101 135 114 204 149 264 250 300 206 203 265 159 131 125 126 124 148 171 122 133 285 263 196 207 200 232 199 286 278 216 250 287 149 280 220 269 224 139 163 260 234 105 141 203 161 211 256 199 284 259 104 242 116 143 269 138 279 213 148 217 214 106 156 99 117 263 113 144 199 163 252 156 108 158 199 285 266 299 198 293 273 299 119 120 249 144 272 108 158 233 295 117 275 253 192 274 290 140 246 185 192 258 146 215 154 254 239 299 243 283 170 129 158 165 273 218 285 140 199 262 144 101 126 106 218 231 166 204 122 0
0 130 280 157 151 194 177 242 194 113 111 212 124 169 182 172 104 110 269 120 265 287 260 281 262 184 192 281 182 140 223 224 172 276 106 303 234 117 104 265 205 114 243 165 186 203 122 241 251 251 258 273 257 232 142 152 171 139 194 269 103 251 209 212 189 186 177 154 208 236 289 277 106 299 220 109 174 182 204 212 171 106 121 251 232 257 123 244 274 296 265 238 277 142 269 260 202 130 291 142 132 268 168 168 107 271 111 297 120 180 267 282 280 283 245 148 217 266 130 237 215 237 212 215 113 190 153 263 130 101 203 144 254 152 219 202 226 105 0
0 282 282 161 270 243 125 283 253 308 233 269 147 274 146 156 233 199 193 259 199 206 223 141 260 118 272 266 185 233 206 146 264 254 134 186 279 202 105 122 230 127 237 201 132 213 259 283 146 201 286 120 149 133 265 172 156 245 203 249 271 205 204 175 191 243 110 235 310 267 218 181 239 171 157 172 120 129 161 211 167 148 222 124 245 240 298 272 287 258 132 144 96 199 156 188 228 175 109 240 197 175 119 181 287 200 180 125 122 234 205 185 225 286 185 267 276 235 214 109 253 184 239 139 290 212 175 183 114 275 243 248 158 223 153 136 123 0
0 136 200 151 119 243 205 204 301 209 111 118 238 199 139 262 151 133 111 274 286 248 233 123 140 107 156 291 245 114 147 290 195 245 284 245 163 309 232 231 177 289 132 103 168 162 226 218 261 146 157 193 147 206 141 233 202 183 112 158 241 220 295 278 207 179 270 294 203 202 232 153 206 176 251 141 215 221 105 127 181 235 174 265 100 256 236 130 253 158 133 277 296 173 292 260 292 194 238 132 240 281 118 159 203 105 139 265 109 142 116 294 222 134 268 153 142 183 281 253 238 239 187 192 215 253 220 132 227 282 146 164 131 274 178 252 0
0 167 161 143 264 118 162 195 195 147 206 245 246 286 217 257 217 262 203 108 232 262 294 300 188 299 194 126 295 249 297 258 101 176 288 117 122 282 149 263 221 289 301 158 187 263 245 227 214 246 290 165 226 178 110 242 228 219 253 111 228 134 260 249 153 260 101 171 151 205 236 284 278 233 225 250 118 236 246 275 159 257 260 207 285 284 181 235 157 134 237 253 123 137 186 190 180 143 115 227 111 218 224 112 297 114 187 292 286 159 276 140 103 138 249 256 214 152 105 218 233 170 111 113 111 131 252 230 195 149 222 290 213 124 111 0
0 181 250 262 269 235 203 238 102 210 256 299 132 236 229 114 127 190 240 100 236 205 247 294 260 156 251 237 295 294 294 219 282 169 157 228 109 244 177 122 123 236 106 206 202 137 279 150 261 130 239 252 125 122 166 179 282 255 286 227 294 113 306 155 221 141 168 113 221 156 155 181 109 276 122 104 254 158 244 278 227 210 277 261 149 197 238 249 293 272 245 148 102 265 132 113 283 295 136 210 109 104 285 206 128 157 238 151 154 217 237 217 160 110 304 192 188 136 112 162 244 266 115 236 204 99 183 148 244 110 118 245 167 190 0
0 215 280 217 235 144 107 187 197 184 146 177 297 288 113 295 277 246 297 257 267 183 285 176 295 128 277 195 219 143 193 132 201 122 198 168 254 120 194 113 162 164 174 288 200 181 155 190 187 286 183 213 108 199 227 185 276 195 217 252 167 221 276 198 277 152 271 267 237 237 184 292 144 280 250 241 156 118 127 209 114 175 108 264 101 128 126 148 238 114 242 168 214 289 288 290 186 116 299 153 257 176 96 292 264 193 167 136 295 288 166 255 210 294 248 301 262 165 201 255 177 282 189 222 291 114 188 195 131 272 158 146 125 0
0 110 222 230 118 103 207 112 134 207 244 243 293 254 210 152 139 182 128 216 187 120 127 145 170 145 260 105 111 111 122 229 120 235 236 142 107 175 232 201 144 251 148 216 245 126 297 202 124 151 135 235 174 282 278 107 124 226 152 120 146 198 145 126 186 153 224 218 113 212 189 271 239 271 221 228 267 251 210 189 144 196 127 254 122 187 222 193 235 234 164 219 171 229 150 233 247 159 132 234 209 235 185 205 109 218 145 204 164 206 173 216 135 105 123 98 170 194 110 141 248 189 278 175 212 271 258 165 261 281 130 212 0
0 121 133 266 105 281 288 251 194 116 122 178 213 239 187 156 248 154 216 169 153 136 297 119 105 113 143 137 267 126 280 196 164 110 275 155 122 196 142 240 233 198 251 230 166 184 117 263 235 181 220 204 200 266 148 242 119 115 266 295 247 114 272 222 129 236 114 196 112 172 175 199 162 276 270 98 192 213 103 210 149 176 260 240 211 218 130 257 265 150 191 155 237 188 97 263 274 177 196 224 181 230 104 160 153 160 192 283 138 205 201 252 110 199 295 166 162 195 154 250 255 203 282 265 131 173 256 263 272 103 170 0
0 111 184 132 231 222 191 220 142 121 202 215 166 103 224 143 185 191 240 219 185 184 241 123 269 277 144 173 281 260 225 101 139 175 139 232 284 167 216 290 115 273 108 276 198 133 264 263 200 175 227 221 133 237 286 126 168 203 203 280 176 120 238 232 184 197 176 138 259 142 166 121 121 290 236 253 170 115 230 285 174 184 123 247 131 162 264 242 229 160 217 218 106 284 212 103 176 172 197 145 258 223 141 203 105 203 199 187 148 131 257 158 273 225 211 305 144 286 254 175 232 290 211 196 228 292 157 191 177 242 0
0 105 266 237 123 257 193 259 289 229 113 225 192 198 257 163 236 180 165 218 112 192 252 174 200 119 159 246 276 119 196 150 118 263 300 249 239 194 203 111 265 172 140 132 207 163 190 160 304 163 195 273 171 109 278 137 152 191 173 148 246 295 289 281 176 261 197 275 250 110 271 203 135 159 109 237 145 275 109 150 221 101 257 272 288 226 288 163 140 265 242 142 128 197 211 261 238 214 255 247 254 264 263 282 241 299 295 113 284 139 285 228 234 129 213 234 149 163 298 102 120 191 297 289 224 230 180 230 231 0
0 148 280 122 207 233 112 194 106 121 288 231 278 165 99 272 170 251 152 117 133 260 169 282 291 279 168 113 252 214 169 255 199 218 249 282 147 208 182 241 266 185 190 191 103 172 146 121 291 117 196 272 170 262 258 238 125 112 178 283 158 151 235 191 106 180 181 199 261 164 276 258 213 208 172 233 170 122 266 216 241 151 128 298 170 192 189 289 112 105 111 141 133 263 173 257 302 144 233 231 142 239 209 281 193 235 211 270 199 114 219 101 188 301 137 110 116 241 124 215 305 191 240 260 147 238 270 274 0
0 255 292 169 245 150 174 147 297 144 248 276 130 212 182 291 243 109 301 177 268 216 238 162 119 123 222 253 139 239 233 265 250 238 233 284 165 185 207 144 225 286 159 272 137 148 235 226 150 256 167 186 244 243 153 101 113 235 146 209 231 275 145 205 216 296 166 196 127 247 270 144 204 244 109 267 153 267 161 122 238 156 239 202 174 200 117 166 189 278 270 234 144 147 276 284 287 111 156 196 131 129 192 205 117 124 276 132 288 218 241 191 217 165 273 171 126 245 127 166 273 296 105 186 117 131 146 0
0 134 118 277 201 207 281 311 267 105 139 221 145 205 135 230 108 186 184 181 119 179 201 267 188 281 136 277 128 118 150 175 283 118 234 99 274 257 158 276 242 165 158 195 277 133 286 103 237 220 150 155 236 258 133 121 279 198 239 254 232 150 273 251 256 108 283 126 277 177 113 156 129 243 292 254 121 148 266 202 300 175 131 257 121 138 284 133 295 201 171 164 155 253 194 182 245 202 238 125 192 257 128 213 238 285 130 137 124 234 102 235 267 187 260 160 126 113 275 277 120 259 181 215 108 244 0
0 218 155 199 100 262 203 254 97 185 149 256 155 125 110 250 158 206 203 228 240 121 290 137 209 239 278 272 104 246 217 270 202 101 293 201 301 224 228 200 131 121 183 220 107 166 102 248 264 229 207 285 113 169 154 172 245 153 143 210 283 293 252 198 262 228 159 200 179 251 249 275 272 112 197 224 236 220 136 140 234 134 100 215 191 252 256 184 248 211 258 295 216 166 270 194 163 131 246 234 153 247 211 159 268 234 151 103 265 282 245 126 123 107 279 287 290 175 107 129 284 127 249 268 278 0
0 201 260 193 168 162 251 123 251 133 122 223 275 256 268 242 306 210 119 112 286 110 221 182 276 205 131 121 265 242 133 148 292 229 152 169 201 208 254 223 101 155 226 126 101 171 151 271 178 191 122 262 222 249 150 112 118 222 211 248 171 266 196 299 149 276 262 206 256 202 146 193 250 248 115 226 233 195 180 253 208 208 237 177 226 167 213 148 216 136 206 115 304 305 144 132 99 219 123 126 206 280 120 288 188 234 104 272 278 224 228 222 141 106 153 107 178 173 220 277 210 272 290 208 0
0 180 192 275 258 136 220 105 218 200 152 255 197 262 293 138 166 292 167 291 256 125 118 280 245 187 102 288 156 140 263 291 288 256 289 106 180 192 165 299 140 220 99 249 104 244 258 223 167 236 257 217 195 147 243 163 159 209 120 219 121 289 102 225 281 172 113 229 106 286 312 130 221 220 248 145 128 173 126 154 223 225 261 274 231 148 193 246 110 286 244 260 171 307 260 195 253 171 111 285 278 124 262 182 236 235 145 283 203 195 134 127 233 112 302 235 131 186 132 227 123 164 232 0
0 146 130 108 228 309 199 231 249 167 184 184 207 267 235 135 293 105 220 148 198 249 259 119 160 149 176 171 173 188 187 254 245 242 242 133 248 281 219 129 104 113 184 266 196 226 201 271 242 197 143 222 208 113 123 228 226 152 245 227 226 177 220 163 130 224 275 108 171 187 236 163 234 235 147 231 151 141 263 230 257 245 218 107 193 112 200 239 258 112 206 197 127 101 253 280 239 174 285 123 288 232 242 156 122 266 139 124 267 184 217 231 233 164 109 130 253 204 117 119 124 186 0
0 157 138 145 139 232 134 224 138 128 147 245 284 124 281 212 133 273 276 221 270 174 244 116 99 113 139 222 123 146 159 277 106 245 184 243 167 274 233 211 289 197 180 184 184 289 172 293 137 190 218 197 199 203 220 116 206 126 141 165 241 207 196 148 269 221 238 147 276 196 145 155 135 205 230 215 133 207 273 152 245 146 187 271 276 117 228 253 160 164 182 197 303 224 124 233 109 194 211 117 153 126 158 300 198 159 156 282 125 116 130 108 200 133 218 185 128 250 159 260 293 0
0 127 201 161 102 158 211 179 143 205 282 294 263 285 213 145 238 232 222 260 235 213 154 191 169 136 104 303 286 203 199 128 246 115 165 148 250 280 241 139 279 207 281 262 187 161 235 182 158 151 237 175 287 104 157 224 118 164 292 103 207 276 247 235 106 265 144 277 232 215 236 267 136 233 121 130 283 244 101 154 199 268 286 231 269 168 191 245 103 242 125 171 283 225 230 166 104 150 252 227 112 288 239 241 255 268 177 199 132 135 267 222 169 265 213 280 296 155 105 231 0
0 190 291 301 233 169 117 212 103 108 171 241 287 172 191 258 120 187 128 158 136 292 267 270 114 251 150 158 174 296 169 286 188 122 160 209 104 253 153 228 99 265 186 128 110 133 236 140 237 290 266 255 127 244 227 228 271 159 124 133 155 108 135 161 230 214 198 109 169 276 250 209 134 248 160 175 249 286 265 277 106 118 218 221 121 267 269 245 236 232 281 244 272 169 175 137 288 180 192 238 271 284 274 260 145 212 217 235 233 161 123 291 243 147 127 141 176 200 137 0
0 263 262 176 242 131 146 241 112 176 111 229 219 199 184 148 137 199 260 230 222 202 176 147 172 260 284 151 230 137 179 103 175 144 219 272 169 239 136 280 102 271 197 154 228 275 211 245 157 99 139 298 221 132 226 215 235 255 153 132 143 303 102 129 149 157 161 172 265 206 123 240 164 132 224 294 99 123 212 244 139 180 141 279 147 219 184 191 220 106 185 249 238 144 241 107 266 223 158 171 260 143 277 262 123 198 231 233 203 268 248 219 144 209 282 110 103 171 0
0 271 121 273 299 259 175 212 150 117 242 216 133 182 107 147 124 100 200 191 240 244 281 241 284 256 195 127 210 122 162 215 158 235 234 240 197 294 193 130 223 260 187 217 140 293 272 184 204 305 227 137 268 212 272 178 277 172 137 136 208 142 98 186 110 124 207 199 240 207 300 168 261 169 109 135 206 173 257 138 119 119 220 224 185 164 270 236 257 205 263 127 261 156 280 177 259 151 257 108 226 183 235 142 145 209 233 242 251 297 122 237 261 150 156 184 235 0
0 310 288 207 274 289 181 245 267 207 197 183 280 170 147 221 301 207 248 230 222 219 118 274 166 137 127 234 116 215 271 299 194 249 221 209 108 258 259 247 202 195 174 301 135 156 280 204 276 127 261 251 282 105 150 107 275 163 140 287 257 251 277 215 243 204 312 135 103 289 247 144 252 289 125 168 200 124 247 118 164 217 254 291 242 163 178 236 233 268 220 252 214 121 143 254 270 259 193 233 153 241 242 123 211 259 292 285 278 127 208 252 221 166 212 140 0
0 285 249 188 167 214 248 130 167 108 273 272 292 175 209 238 223 160 252 225 263 287 219 137 180 233 106 251 155 269 178 200 203 104 109 124 153 110 214 294 145 226 263 213 277 166 277 190 230 123 121 209 199 292 172 105 181 260 156 274 203 133 126 194 274 234 174 143 211 223 182 268 238 266 235 147 164 141 204 162 256 206 133 131 102 117 294 215 221 104 246 240 301 285 223 115 237 172 297 205 296 289 275 290 245 192 270 228 162 124 273 182 163 303 161 0
0 143 97 231 250 286 266 215 250 137 291 272 114 191 272 250 295 156 99 208 278 264 143 232 208 151 168 145 207 167 162 169 146 270 230 111 241 289 129 259 130 210 162 101 252 269 100 133 244 218 283 179 201 237 185 174 111 171 166 253 220 210 109 240 123 276 283 202 104 305 121 152 170 194 232 163 254 179 270 291 201 126 246 142 195 138 104 252 174 213 103 165 259 224 136 213 205 290 129 131 134 252 179 296 189 270 103 122 107 125 261 271 249 176 0
0 195 111 269 191 282 264 118 122 239 282 257 243 282 149 111 260 268 152 288 306 282 291 307 238 219 125 136 253 153 248 181 258 185 175 297 199 294 184 142 180 117 240 241 99 281 136 165 267 136 168 283 254 268 235 158 204 115 175 267 108 265 205 271 290 257 299 192 217 202 215 120 231 117 203 126 164 156 142 109 224 113 153 263 127 119 274 291 264 114 194 232 206 274 181 197 211 100 259 183 274 295 304 217 228 149 195 237 212 247 143 152 123 0
0 180 140 256 303 293 120 130 150 227 203 104 125 246 271 243 161 218 213 196 97 122 230 112 289 189 280 222 142 237 168 116 145 205 148 230 187 272 270 111 279 151 275 211 196 220 208 238 274 287 187 127 230 240 172 181 248 129 278 210 171 192 289 220 166 189 259 260 211 141 199 183 106 205 264 239 192 170 265 214 269 133 303 187 188 132 226 192 141 117 128 206 290 145 284 193 209 209 152 101 259 237 184 233 246 110 170 136 133 280 284 219 0
0 219 278 133 187 253 130 177 115 203 277 190 157 290 232 252 217 165 181 119 127 264 240 186 294 220 292 212 259 180 215 171 181 213 154 211 223 305 140 255 178 118 131 205 118 101 223 258 230 267 265 264 236 118 192 227 285 195 192 128 105 249 218 271 288 208 160 244 279 157 194 260 169 220 290 159 276 192 170 294 280 142 138 142 263 245 287 212 115 271 241 118 261 113 98 226 246 161 215 264 243 273 110 170 216 111 229 166 125 185 245 0
0 131 194 147 258 216 171 161 145 227 298 244 118 218 164 110 209 222 155 269 228 279 253 199 112 181 273 260 247 160 266 180 282 120 158 141 206 269 138 108 170 142 160 137 289 184 291 251 157 100 172 242 118 226 168 242 209 151 176 223 288 258 210 127 105 266 269 138 212 181 243 232 182 145 189 185 219 246 193 262 188 117 207 253 134 130 156 150 105 198 268 205 245 261 167 260 242 190 145 133 225 104 187 128 201 243 156 118 139 274 0
0 270 250 202 136 275 153 103 291 284 250 209 140 104 256 181 143 270 281 277 291 170 221 166 200 231 274 182 194 197 123 136 157 118 224 106 263 182 275 184 203 284 200 208 233 110 268 187 211 173 263 235 137 210 137 102 192 179 112 203 146 268 258 253 100 210 201 168 239 256 223 103 295 197 167 118 287 151 223 229 270 240 269 126 281 182 148 244 289 219 221 242 174 173 185 281 160 296 219 173 214 238 257 265 254 247 283 246 145 0
0 172 188 245 227 275 210 112 240 263 258 206 262 177 166 184 131 280 227 165 233 104 284 222 204 123 173 132 136 210 139 243 209 239 282 195 123 286 241 233 121 271 231 185 254 109 253 168 249 239 270 122 157 221 252 158 192 271 191 205 212 228 116 166 225 108 153 159 206 272 162 155 130 300 193 263 175 254 125 193 225 99 191 213 246 119 236 279 302 258 102 213 230 143 171 185 252 200 253 245 104 230 108 273 213 213 138 161 0
0 274 127 282 278 304 123 210 148 253 217 210 222 171 164 295 267 102 266 292 263 109 166 282 298 185 241 137 142 210 99 138 130 173 201 152 216 164 221 237 159 266 136 143 133 143 124 233 162 110 105 253 285 144 201 215 269 159 142 245 159 131 165 223 249 232 228 196 107 155 171 249 182 132 272 101 115 117 296 259 167 157 280 126 259 185 145 284 269 138 248 167 173 270 230 134 189 208 256 207 261 268 220 154 278 204 185 0
0 221 252 249 242 222 186 232 157 202 143 120 161 184 246 278 118 224 99 229 252 265 293 244 208 215 190 294 193 228 278 180 158 153 201 213 170 243 301 293 286 184 212 278 145 182 182 161 120 135 254 231 294 274 286 133 286 299 146 131 132 186 144 224 215 252 112 157 286 182 216 222 276 150 233 173 198 105 207 115 177 127 270 211 122 184 243 191 224 161 226 174 199 261 117 194 190 283 156 183 228 177 220 290 223 177 0
0 285 140 214 276 272 234 131 301 106 267 224 254 182 169 222 279 231 250 144 133 104 139 180 125 214 257 115 235 104 267 139 130 240 221 99 188 118 225 109 281 206 273 108 292 261 186 121 164 150 243 135 178 179 183 107 252 112 223 178 122 217 240 301 197 220 234 104 114 173 137 261 109 300 206 214 137 179 192 172 178 270 301 191 205 222 109 251 199 248 194 183 241 148 277 213 120 120 263 165 158 173 156 305 114 0
0 129 178 127 265 269 222 220 159 149 195 222 149 227 283 257 297 208 151 119 104 172 102 106 142 244 164 207 177 157 292 267 106 233 232 240 230 269 279 133 276 105 178 149 244 296 115 182 284 201 165 118 100 123 154 248 124 228 292 124 205 105 196 105 155 227 266 277 304 128 186 168 240 166 148 138 294 103 219 151 283 273 267 267 131 133 111 125 224 131 220 295 274 104 237 115 215 232 307 104 170 187 229 255 0
0 152 184 230 275 112 262 166 151 279 189 230 177 269 125 128 263 246 156 262 265 188 185 285 284 177 230 224 105 215 139 231 189 125 196 131 306 184 188 205 217 201 286 155 200 108 284 283 248 116 144 217 136 268 137 290 251 204 247 203 229 146 205 238 245 247 189 209 175 278 186 188 197 296 152 168 190 180 174 280 246 284 119 298 172 259 263 229 288 214 167 188 237 296 272 236 139 205 267 103 277 215 267 0
0 282 102 135 137 222 118 244 228 185 118 110 303 128 222 161 278 148 255 218 262 225 288 250 251 177 281 176 129 217 211 153 178 158 207 151 210 229 266 106 118 127 281 156 260 289 121 202 220 186 267 253 110 303 111 137 296 148 227 257 283 244 271 116 273 259 238 269 256 162 242 211 234 105 253 272 285 292 142 265 148 210 243 225 291 100 142 217 152 174 212 214 138 109 156 172 211 110 184 298 145 193 0
0 209 256 217 181 154 141 175 198 102 104 258 207 170 302 122 169 115 232 163 219 186 246 179 167 267 242 188 170 119 256 154 219 106 278 190 130 230 225 138 173 123 123 246 213 226 202 286 174 235 241 216 213 289 266 142 257 218 145 257 213 106 110 223 159 298 145 242 188 211 291 247 197 239 135 189 213 145 272 301 167 263 110 285 172 194 287 231 189 232 269 256 180 118 231 216 161 198 198 252 185 0
0 234 111 236 144 116 282 102 171 269 203 243 153 180 98 104 121 198 118 157 209 162 253 276 124 162 174 118 261 175 122 101 164 260 214 165 145 188 180 167 115 267 113 113 165 121 163 286 278 218 178 151 185 202 261 237 284 127 215 267 246 266 141 145 240 257 233 256 264 245 250 228 115 247 142 235 198 292 218 100 139 250 183 150 294 263 220 107 293 272 219 165 276 195 288 199 294 257 207 215 0
0 217 116 132 105 247 139 287 157 135 189 137 216 220 289 143 212 280 199 273 181 270 275 141 157 239 111 265 116 287 304 235 180 103 215 221 223 162 143 189 232 294 254 244 234 243 258 207 272 283 292 100 220 238 172 108 108 117 123 208 284 230 256 166 189 103 263 213 155 153 221 157 238 148 187 233 115 107 211 275 296 253 292 195 148 138 108 295 271 191 258 246 138 274 208 150 118 179 214 0
0 278 149 145 263 151 281 157 218 185 235 139 289 212 200 224 168 250 218 173 189 291 105 279 266 189 272 118 113 234 142 276 244 240 288 291 300 219 171 129 168 282 193 213 140 201 121 189 289 154 187 211 239 153 164 274 119 203 188 182 189 257 196 132 141 117 197 150 229 206 274 256 180 192 109 207 198 198 240 201 209 225 181 254 199 283 128 227 226 286 118 178 174 135 235 248 231 216 0
0 124 148 275 255 177 172 230 131 146 147 256 230 235 271 140 268 113 167 237 286 200 285 123 269 278 224 240 229 181 256 159 133 137 115 212 197 284 107 113 232 258 256 131 182 269 216 198 265 182 222 283 186 138 280 130 144 179 100 287 289 274 150 298 194 128 278 191 213 154 232 127 106 201 162 119 242 101 235 102 160 133 280 187 113 126 116 137 202 283 171 175 292 124 160 258 253 0
0 230 202 138 118 279 216 243 184 276 126 122 259 228 186 230 148 254 263 101 255 290 207 115 288 144 272 275 209 148 283 143 206 204 239 212 184 119 193 153 215 288 215 153 302 108 234 197 131 228 274 221 206 247 286 120 172 181 197 275 152 224 180 188 303 282 220 153 296 279 199 129 221 211 234 127 205 157 164 271 259 180 100 277 212 216 248 265 268 213 188 142 265 219 146 305 0
0 178 212 152 244 227 202 159 190 249 144 142 103 110 262 114 168 211 166 123 263 207 271 231 139 242 225 241 238 196 213 287 213 284 223 123 293 153 189 130 124 243 182 261 169 253 108 268 249 172 124 153 153 120 171 143 211 283 114 292 290 121 278 135 189 202 227 164 194 248 166 120 174 133 97 129 126 113 172 239 281 278 280 165 182 213 232 193 261 209 267 116 141 193 134 0
0 111 194 234 113 126 251 224 155 143 105 270 118 168 146 118 207 209 223 109 176 185 220 255 115 272 132 249 122 129 156 125 293 105 147 114 281 231 203 218 144 195 276 158 216 240 257 173 225 205 144 261 262 232 107 271 249 239 249 194 295 133 240 124 137 282 133 125 127 131 184 128 152 110 265 122 217 151 182 219 104 111 136 226 126 198 164 204 143 186 214 193 116 154 0
0 148 253 245 122 249 213 241 147 192 163 175 247 254 260 131 143 197 191 188 192 129 297 119 146 244 265 227 124 288 267 303 107 140 247 253 158 130 178 240 111 214 267 297 208 247 287 211 285 161 141 117 153 274 269 187 156 289 238 230 128 122 206 157 221 170 161 254 159 113 265 158 166 250 172 285 169 148 216 196 99 156 299 113 292 247 290 178 169 154 201 177 196 0
0 219 128 105 200 178 136 230 173 204 118 192 293 297 205 199 295 170 153 225 189 219 277 125 256 216 266 238 277 182 155 202 237 111 206 172 188 121 261 265 178 254 268 295 129 226 105 292 227 118 228 282 141 245 107 180 283 102 204 133 256 239 297 292 200 213 248 121 238 183 113 113 198 233 141 268 103 130 147 122 250 124 111 264 102 165 199 286 105 138 174 236 0
0 276 165 247 106 123 192 220 127 129 209 186 153 215 234 264 267 172 180 264 252 182 181 234 278 129 291 130 106 107 123 196 110 223 192 227 220 203 278 124 236 235 143 231 254 275 268 226 232 296 173 241 262 257 266 143 211 233 101 277 131 169 211 120 157 111 231 216 164 111 141 153 197 200 132 125 189 289 117 118 211 212 251 159 278 188 227 159 103 158 118 0
0 205 145 285 173 125 159 229 252 137 144 157 264 244 114 137 215 224 242 299 264 262 129 160 269 270 187 187 273 177 171 278 112 292 145 261 156 259 113 155 170 159 170 125 169 142 121 258 261 151 163 223 148 205 163 175 211 124 165 208 272 273 258 225 121 219 197 283 198 205 283 265 253 246 265 251 188 105 297 221 287 227 235 261 113 240 213 250 234 122 0
0 180 184 207 180 190 200 296 108 291 310 145 162 197 169 200 128 266 242 256 131 216 126 243 268 141 194 142 202 178 108 244 149 225 172 257 227 191 159 181 146 192 153 150 270 289 228 124 190 212 268 100 116 118 286 225 199 279 292 139 102 154 195 269 282 154 306 290 186 283 127 227 202 167 214 245 209 126 277 272 272 166 282 135 219 154 266 179 284 0
0 194 244 247 167 217 134 147 178 208 265 287 278 294 278 189 182 199 247 203 155 163 228 163 125 173 239 203 209 207 231 226 257 100 242 170 242 134 170 297 232 244 181 223 109 128 129 219 126 256 182 101 123 271 237 217 120 181 274 106 286 222 235 270 273 186 126 278 153 191 102 154 175 107 120 259 291 291 149 292 181 165 186 105 122 276 251 138 0
0 167 205 157 168 176 164 107 305 196 308 263 159 196 165 270 305 139 222 115 263 272 234 169 124 128 265 204 188 277 263 288 287 129 176 135 302 246 136 300 291 157 104 196 297 235 280 282 154 208 147 138 155 226 185 285 242 177 134 184 253 254 220 157 240 158 290 123 182 128 285 155 149 281 165 245 108 184 169 196 146 277 202 284 242 269 242 0
0 291 179 243 261 205 250 153 141 228 244 292 280 294 246 199 129 278 300 132 215 219 242 124 206 107 243 140 255 152 250 218 121 214 234 182 301 226 166 290 253 226 119 120 164 237 226 250 228 232 222 150 286 288 168 286 159 194 142 250 259 209 230 297 290 133 270 170 165 167 255 196 204 143 233 135 196 211 267 111 232 148 264 181 281 246 0
0 125 203 295 126 245 230 269 133 138 136 129 182 172 259 152 222 158 277 127 252 238 205 168 234 239 285 181 129 252 305 159 162 183 198 255 116 206 148 162 112 291 113 196 105 168 185 251 159 221 271 190 194 250 292 143 277 174 173 220 264 157 244 224 143 280 110 146 120 108 143 121 109 258 160 113 274 116 168 156 209 190 114 260 130 0
0 116 223 196 151 124 282 142 266 194 250 151 229 148 186 158 188 221 198 174 247 184 275 233 126 215 257 157 150 127 227 143 119 242 235 104 242 248 113 135 205 120 138 167 266 264 141 112 284 108 115 256 266 190 176 177 182 126 167 236 165 235 287 288 113 213 126 286 212 222 256 234 248 211 258 227 142 204 277 209 225 287 166 152 0
0 269 226 279 157 213 219 256 238 185 275 279 134 195 198 150 239 201 199 166 197 236 113 193 269 290 133 126 149 104 142 173 215 285 270 199 136 181 270 145 99 293 146 213 243 292 244 287 105 279 268 134 234 107 99 217 240 172 116 223 190 239 266 271 191 195 216 197 273 144 111 160 224 153 202 203 238 246 255 262 144 183 122 0
0 149 121 288 206 132 157 260 110 177 205 265 158 178 231 126 190 227 197 168 105 114 247 257 225 245 199 141 145 213 182 176 145 270 190 226 214 274 158 164 211 235 151 281 166 245 155 159 104 273 215 186 300 118 164 196 239 166 145 104 229 120 215 202 131 133 215 233 138 291 210 217 175 143 260 224 117 278 189 137 187 196 0
0 228 141 150 228 171 257 131 140 153 216 202 282 185 122 247 290 186 119 222 120 161 151 301 109 300 207 243 231 274 122 155 220 183 136 137 152 283 260 203 128 103 264 169 298 123 210 215 204 161 117 145 119 268 165 119 171 198 180 275 109 105 251 219 175 216 285 185 212 287 240 110 229 267 252 164 204 132 290 287 190 0
0 198 171 244 274 189 255 170 156 103 101 248 125 233 164 204 197 299 235 185 122 103 257 271 155 209 187 158 99 219 181 199 193 187 276 261 178 273 238 176 172 169 193 129 237 168 255 145 229 113 113 150 214 260 164 141 228 258 238 166 296 199 167 233 270 253 151 241 257 251 169 269 196 209 108 106 262 286 129 286 0
0 146 232 138 198 186 283 285 123 277 120 238 128 174 183 286 141 254 156 128 167 120 232 121 288 144 256 109 252 207 179 110 267 102 204 241 113 128 192 189 273 167 256 268 277 233 280 179 175 171 108 143 226 143 217 292 263 255 199 152 245 122 193 268 254 108 104 132 277 280 116 112 223 271 154 100 199 270 185 0
0 200 219 285 229 194 181 232 228 225 248 291 157 242 125 299 290 123 301 169 272 272 108 206 197 156 293 263 249 273 220 190 104 223 187 102 165 141 268 161 158 177 179 245 168 293 106 217 196 123 220 131 256 187 213 219 242 122 195 171 246 213 133 250 102 167 133 248 149 164 233 255 194 227 109 236 198 164 0
0 241 195 181 187 220 214 232 272 207 139 270 162 142 96 206 270 281 140 229 293 151 112 158 165 166 231 109 288 128 233 268 169 187 131 235 115 169 135 253 187 167 175 229 240 243 110 195 252 285 104 162 255 271 206 135 293 134 162 163 145 207 104 103 134 222 238 125 154 160 228 198 248 229 187 227 269 0
0 252 269 202 136 150 103 124 163 169 197 117 148 104 289 156 122 257 120 153 217 195 175 112 129 189 242 198 199 204 166 225 276 205 191 227 187 101 108 158 107 126 259 153 184 103 146 153 264 205 224 273 210 180 198 140 183 108 216 248 257 261 226 99 155 122 142 286 210 158 261 167 242 267 149 199 0
0 118 280 126 185 189 285 154 274 190 159 194 115 154 138 234 178 200 250 205 206 106 152 156 270 159 239 198 238 215 129 247 120 293 267 205 172 195 164 166 120 216 116 260 106 287 275 205 172 177 282 194 121 100 133 224 267 232 164 123 247 189 211 219 161 213 181 175 235 278 157 132 141 225 228 0
0 136 229 194 132 241 185 173 196 270 288 282 166 100 145 241 304 136 142 233 233 139 202 198 200 207 212 276 189 118 283 148 196 176 101 179 177 129 172 231 152 151 113 282 223 231 160 220 187 128 208 98 141 142 298 150 247 135 290 283 182 271 280 181 270 246 231 297 103 109 217 274 111 265 0
0 213 120 248 125 116 190 130 213 216 256 287 140 201 220 97 240 177 181 238 159 225 170 281 119 287 146 167 214 232 259 283 289 191 261 227 171 132 118 125 224 196 150 205 278 130 239 176 219 146 170 181 225 222 210 246 190 189 287 186 111 117 213 139 247 120 152 255 246 152 282 255 162 0
0 107 106 222 264 109 278 139 131 108 217 157 233 155 224 284 121 131 293 149 285 119 205 272 169 260 285 126 294 231 210 212 265 115 175 204 197 166 232 174 297 140 131 162 311 125 170 260 279 272 219 113 302 210 175 182 243 170 213 296 168 110 204 203 237 151 241 218 130 113 241 297 0
0 254 203 296 132 195 289 182 242 182 187 126 107 203 267 159 286 283 112 176 111 274 157 287 276 234 282 102 175 105 232 262 171 275 202 138 155 234 158 143 194 112 207 289 253 179 238 142 174 188 274 145 157 165 287 283 200 205 154 243 277 126 114 276 274 228 252 179 293 243 102 0
0 271 258 121 308 166 208 183 201 307 224 218 134 139 192 252 146 299 271 288 300 226 209 231 169 143 235 145 195 222 206 145 291 179 215 208 199 147 127 223 137 173 259 244 137 204 116 242 241 258 241 177 175 96 152 271 171 133 259 254 230 159 284 275 243 183 292 266 223 287 0
0 308 272 160 246 221 276 256 226 121 179 134 267 228 277 129 117 285 127 280 136 160 245 186 270 123 185 119 152 246 209 153 165 258 190 298 219 116 206 229 105 215 248 235 220 247 253 208 101 221 220 104 241 282 242 157 150 232 181 264 180 298 241 278 261 121 121 297 140 0
0 260 146 233 242 280 281 253 114 111 174 184 280 120 232 194 211 269 176 112 186 248 121 242 238 197 156 113 280 130 199 277 257 167 126 106 169 221 143 102 127 190 187 227 151 187 253 279 158 192 143 196 228 131 250 230 223 213 288 140 230 250 280 283 253 190 273 201 0
0 230 118 139 229 183 302 139 205 209 221 207 290 225 255 236 287 101 182 218 272 238 220 105 235 102 218 167 199 204 108 268 253 146 271 243 168 144 119 155 187 260 120 129 135 235 187 144 156 215 144 253 154 149 289 255 147 162 204 266 103 238 235 106 243 264 298 0
0 256 152 172 292 134 133 185 107 225 195 122 147 205 176 161 139 205 202 217 208 162 170 234 142 232 191 156 255 173 157 237 175 292 290 241 150 196 150 221 165 263 284 129 249 191 218 165 279 168 246 250 141 145 190 192 226 254 119 193 295 125 275 281 220 112 0
0 164 262 289 147 99 209 280 198 234 231 130 289 255 176 121 180 183 279 205 189 127 256 201 105 191 163 299 268 135 145 138 262 302 99 149 195 140 169 288 200 203 286 257 109 237 266 215 122 261 243 194 165 101 214 218 264 173 278 249 233 197 157 219 249 0
0 172 101 294 121 233 187 158 125 160 138 190 309 243 206 270 302 267 106 227 246 273 112 173 191 199 176 155 212 156 296 153 221 155 215 179 271 261 147 201 164 171 183 248 227 167 108 275 215 139 278 287 200 290 280 262 155 282 266 234 202 171 246 269 0
0 282 124 292 175 127 100 129 216 260 164 172 190 211 244 129 225 237 290 229 180 112 104 229 163 244 170 145 114 224 288 134 274 213 176 284 188 169 202 187 181 240 162 280 221 216 172 283 129 237 146 105 187 172 193 197 274 191 230 232 251 262 166 0
0 274 182 242 284 182 293 278 198 140 209 139 280 300 169 113 234 171 232 159 229 220 136 245 193 167 271 121 101 247 269 259 212 223 168 123 188 124 185 251 129 246 298 258 120 135 273 201 253 223 133 206 181 207 228 275 227 222 190 262 213 125 0
0 106 170 284 272 149 274 150 221 271 297 128 179 268 233 226 270 167 211 219 159 230 213 210 191 162 139 190 197 111 234 217 133 156 280 131 179 183 214 222 262 208 107 162 225 191 170 273 143 153 249 132 214 142 256 250 188 121 200 202 147 0
0 305 212 129 169 286 124 145 251 140 195 240 282 236 250 211 149 136 294 300 178 140 151 162 196 165 143 230 180 242 216 303 120 216 174 252 203 185 150 252 145 226 251 152 157 189 222 204 117 130 141 280 194 204 279 200 247 145 233 150 0
0 245 111 106 240 244 221 220 202 130 167 109 137 189 294 249 239 145 152 159 286 283 271 196 242 270 193 262 239 128 163 152 256 139 103 243 260 242 210 253 258 149 149 140 120 127 291 157 254 129 260 203 140 222 216 114 128 222 163 0
0 163 118 285 226 270 115 214 147 187 147 298 144 280 193 195 225 289 268 178 270 288 187 100 245 171 102 161 119 212 139 271 184 180 211 198 290 220 271 164 105 256 297 268 253 139 272 271 244 188 292 181 151 192 244 158 117 156 0
0 151 113 101 197 225 149 222 250 263 165 154 242 119 157 216 166 98 101 214 143 221 247 128 213 239 268 115 221 288 239 214 221 236 185 222 154 148 161 207 277 195 239 101 246 237 284 274 158 280 122 289 152 261 124 269 200 0
0 236 110 101 174 286 265 133 250 229 113 277 243 155 171 286 235 275 103 124 256 232 278 286 300 299 277 121 298 156 114 205 224 184 180 263 191 251 199 198 267 121 302 164 128 143 232 231 248 105 254 280 117 295 295 206 0
0 169 101 174 163 299 179 204 254 201 165 160 121 204 232 136 180 259 193 282 236 262 258 256 174 196 174 130 257 137 199 275 245 122 292 173 256 123 178 130 278 197 203 229 285 167 262 134 229 205 250 208 235 105 121 0
0 206 196 154 272 218 148 248 222 152 225 265 110 262 200 193 151 177 162 147 133 149 174 116 113 239 181 202 135 233 289 142 241 306 286 109 195 120 208 214 226 281 298 175 200 242 249 229 121 167 189 175 174 110 0
0 104 136 175 138 181 189 238 216 136 159 189 186 109 120 243 139 178 274 290 210 190 216 151 213 214 132 261 188 111 188 256 106 224 163 279 263 116 281 165 178 276 183 254 153 165 163 237 255 216 139 115 200 0
0 243 193 246 298 117 274 151 225 207 252 103 258 185 100 302 126 290 173 256 253 231 258 159 265 137 188 195 242 152 115 126 163 159 219 133 252 187 277 142 109 123 278 237 231 285 211 273 209 242 222 295 0
0 210 292 101 280 190 292 298 220 224 256 223 185 221 244 180 103 272 127 283 303 120 233 234 277 137 225 264 227 265 284 300 231 124 114 308 221 226 148 227 202 127 215 236 209 170 143 112 163 170 286 0
0 255 231 143 291 124 159 169 297 259 127 216 271 236 104 293 204 205 295 110 228 264 214 234 118 260 308 160 212 137 215 263 213 137 149 139 286 289 171 268 202 150 208 106 183 209 252 105 205 179 0
0 201 168 206 142 117 151 158 176 179 128 302 263 260 146 218 151 286 175 267 101 229 197 157 207 224 158 258 149 201 103 288 249 129 192 114 189 143 283 175 143 277 253 122 292 204 193 251 258 0
0 202 114 279 304 229 108 155 167 112 274 262 240 158 262 187 183 191 280 161 175 176 158 141 151 263 163 113 170 161 139 131 196 138 186 142 132 164 100 249 188 104 123 181 113 208 191 266 0
0 237 206 167 256 202 225 280 156 286 229 134 167 145 136 98 263 241 205 209 120 282 193 115 186 138 123 172 160 123 122 274 170 242 174 220 299 125 226 110 207 194 277 153 244 116 184 0
0 111 121 211 213 158 139 251 157 191 190 269 265 224 146 223 180 107 298 263 266 122 208 152 247 169 197 297 222 304 198 231 179 247 276 207 144 209 252 280 182 295 114 192 198 151 0
0 236 212 124 251 145 297 148 267 218 214 115 267 158 257 141 176 163 133 116 195 117 287 236 226 113 207 111 183 122 107 127 302 252 217 107 224 249 185 158 238 183 127 171 109 0
0 241 233 115 183 213 306 198 191 256 284 245 278 201 252 291 277 262 281 207 180 113 164 245 290 201 279 126 283 222 163 284 228 222 148 173 110 141 146 206 154 289 261 297 0
0 157 256 146 232 220 293 219 184 101 279 157 184 292 118 132 244 278 223 106 190 276 170 186 151 179 125 284 265 182 197 250 215 170 110 281 253 269 251 211 288 291 256 0
0 105 138 137 113 129 160 262 232 210 295 209 301 138 209 102 161 201 111 101 146 200 122 287 155 136 172 191 118 129 106 135 240 176 194 183 153 201 107 254 207 216 0
0 187 265 273 120 302 176 114 234 108 253 281 251 165 292 142 128 279 248 110 291 196 209 261 98 209 234 134 248 256 239 206 191 228 237 280 139 178 110 229 124 0
0 249 142 210 259 261 139 198 116 210 134 155 253 263 264 127 145 115 257 167 133 165 274 232 217 254 140 290 146 151 245 264 167 304 299 262 168 150 144 287 0
0 283 236 143 198 203 254 285 264 101 143 161 197 166 278 281 110 218 149 162 222 209 193 114 118 166 297 250 274 304 266 283 122 259 115 189 234 220 167 0
0 101 191 106 150 111 178 212 99 109 120 305 300 142 134 217 133 196 208 175 137 214 288 121 116 182 152 192 291 195 236 143 188 198 300 161 139 203 0
0 151 253 296 127 286 249 101 277 286 298 190 283 151 165 156 132 248 152 168 134 114 105 134 279 255 221 131 266 196 154 281 176 270 148 209 271 0
0 232 152 207 161 209 203 203 198 228 231 117 133 169 147 152 128 174 169 190 254 179 183 165 273 187 175 236 166 156 147 102 260 227 296 154 0
0 98 114 256 196 224 166 171 142 101 217 123 105 277 154 214 116 158 172 114 140 136 230 128 133 272 189 198 172 276 165 257 226 135 163 0
0 200 280 290 125 106 159 165 273 267 154 280 191 107 289 284 246 147 121 162 106 215 283 222 290 140 128 105 228 295 254 241 117 264 0
0 105 199 162 141 110 142 263 264 162 278 137 150 187 229 138 216 259 207 119 150 248 216 153 163 136 127 199 297 128 156 212 263 0
0 276 273 184 226 160 148 171 136 267 269 236 286 294 277 218 237 170 153 174 140 249 213 185 187 145 105 281 239 123 236 110 0
0 172 263 215 242 240 134 245 207 289 115 289 238 269 224 183 191 130 211 98 143 184 261 119 210 192 148 189 153 173 226 0
0 131 116 163 215 185 175 256 288 144 214 112 151 244 224 240 278 264 267 238 263 265 270 107 135 201 239 151 201 238 0
0 238 136 210 101 256 271 196 99 107 155 215 214 270 236 169 268 224 288 256 179 262 185 275 273 207 204 150 178 0
0 242 129 162 144 251 120 279 277 288 259 117 185 262 109 235 195 135 160 175 257 281 152 168 252 178 275 151 0
0 236 203 209 269 108 292 170 120 144 221 112 211 240 278 305 168 271 294 144 226 151 230 165 142 278 222 0
0 224 117 205 279 261 112 214 197 181 201 160 223 128 232 205 199 265 155 264 168 156 200 146 127 234 0
0 282 145 152 135 179 138 238 208 296 106 234 242 147 252 124 170 212 119 207 221 158 289 304 139 0
0 137 110 200 167 123 278 225 194 126 142 170 149 145 126 160 281 226 289 201 260 166 102 115 0
0 287 282 170 204 114 274 277 203 113 241 185 136 141 142 266 180 166 157 175 253 105 162 0
0 296 208 234 229 138 196 229 173 134 137 160 218 122 264 112 231 204 153 111 180 216 0
0 129 298 218 126 176 235 116 275 212 185 268 230 173 160 177 186 282 154 238 208 0
0 147 283 277 241 214 149 268 278 193 134 281 105 156 173 293 161 155 121 292 0
0 208 219 116 303 240 180 302 190 156 210 103 249 159 289 123 108 256 183 0
0 192 139 102 160 194 283 265 171 280 191 132 294 132 255 294 254 216 0
0 119 141 135 150 239 255 286 126 180 294 172 149 130 200 268 166 0
0 182 247 213 261 153 126 111 161 104 132 217 277 149 162 132 0
0 141 297 191 278 188 243 140 171 169 260 129 290 234 208 0
0 167 110 152 207 150 160 154 267 167 123 132 240 229 0
0 200 123 226 189 240 291 218 214 193 151 228 208 0
0 233 229 300 162 228 252 204 210 108 284 109 0
0 237 288 123 123 249 154 161 215 108 117 0
0 248 254 139 208 154 241 218 151 129 0
0 121 267 180 173 104 208 136 171 0
0 195 178 209 221 150 148 245 0
0 249 148 219 293 169 264 0
0 185 211 235 136 160 0
0 198 298 128 163 0
0 165 240 248 0
0 250 129 0
0 161 0
0 0
0
0
50765
221 119 252 303 254 168 114 217 246 210 284 112 252 183 165 251 191 282 286 252 269 103 124 217 267 251 106 276 174 289 242 292 251 250 199 225 201 193 249 112 309 252 241 209 195 122 162 242 197 193 265 265 186 214 180 230 143 173 138 103 212 188 134 123 111 292 156 108 269 252 222 115 142 131 109 116 169 210 122 271 220 171 178 268 121 297 204 192 215 273 176 166 142 291 198 219 218 205 247 258 255 158 262 237 124 298 254 211 211 215 202 245 199 203 238 187 110 166 140 121 262 108 254 149 221 206 258 193 279 247 203 103 102 216 119 169 265 266 303 126 180 139 140 290 232 235 110 298 169 167 245 190 210 234 310 103 209 269 118 290 184 170 246 299 286 196 292 284 241 171 218 132 228 112 300 265 289 258 216 292 234 264 129 242 147 165 228 169 215 169 238 152 275 153 289 109 203 135 147 126 106 132 211 145 238 220 259 191 244 188 119 112 139 169 182 200 132 131 287 276 107 263 210 169 229 230 213 220 118 137 169 282 255 188 137 212 207 147 150 218 205 143 230 143 180 296 104 249 112 246 274 215 189 212 179 142 208 148 207 126 105 190 171 231 156 172 161 258 137 288 112 142 284 169 171 251 120 223 134 239 217 279 250 232 165 256 211 170 148 296 142 202 218 131 258 107 108 290 278 107
